g 02_Cloth_16
v -0 1.7590954 0.3876204
v 0.12114128 1.7020701 0.3355614
v -0 1.6239883 0.3787016
v -0.12109512 1.7020534 0.33556938
v -0 1.7590954 0.3876204
v -0 1.6239883 0.3787016
v -0.8225249 1.266386 -0.06736607
v -0.8207257 1.2345166 -0.06553217
v -0.7981895 1.2338215 -0.06347468
v -0.8004621 1.2712556 -0.064368114
v -0.823297 1.2854294 -0.043239996
v -0.7786975 1.2879499 -0.043126855
v -0.8236301 1.2868983 0.010915844
v -0.76787496 1.2370744 -0.062733956
v -0.7696477 1.2694182 -0.063462384
v -0.7798412 1.2182003 -0.043127373
v -0.8139794 1.2179333 -0.04828551
v -0.7777592 1.2086788 -0.016247269
v -0.8154839 1.2100266 -0.019232038
v -0.8132659 1.2206619 0.012524986
v -0.69836867 1.2370954 -0.061217297
v -0.69698906 1.2143251 -0.03964011
v -0.78044355 1.2893867 0.01061965
v -0.701022 1.2950914 -0.035100624
v -0.6999812 1.2721717 -0.06068715
v -0.61097276 1.2374747 -0.061341878
v -0.6124723 1.2756056 -0.059755083
v -0.6133693 1.2989333 -0.03368771
v -0.6101281 1.213345 -0.039540764
v -0.7012228 1.2961701 0.0049821227
v -0.6136138 1.2999318 0.0032676314
v -0.6970074 1.2061108 -0.01270307
v -0.61044747 1.205009 -0.012583857
v -0.6107507 1.2145703 0.013667777
v -0.6974335 1.2156068 0.01345254
v -0.61218965 1.2401098 0.034144618
v -0.7010535 1.2747328 0.03173306
v -0.61350477 1.278117 0.030533712
v -0.7704642 1.2721102 0.03354949
v -0.69935894 1.2396861 0.03397613
v -0.7787241 1.2201487 0.012159227
v -0.80162966 1.2738543 0.033497747
v -0.8233125 1.268719 0.035953984
v -0.7687733 1.2398202 0.03456835
v -0.7991762 1.2362169 0.034491938
v -0.8203187 1.2351993 0.03657275
v -0 1.6239883 0.3787016
v -0.110913165 1.6832707 0.32597673
v -0.12109512 1.7020534 0.33556938
v 0.0012897251 1.6057259 0.36756706
v 0.12114128 1.7020701 0.3355614
v 0.11358393 1.6833056 0.3259609
v -2.0454789E-20 1.552008 -0.3211819
v -1.8958437E-20 1.488011 -0.29768613
v 0.07621845 1.488011 -0.29768613
v -1.1202832E-20 1.4185102 -0.1759074
v -0.07621845 1.488011 -0.29768613
v -2.0454789E-20 1.552008 -0.3211819
v 0.1584277 1.5123473 -0.29261544
v 0.13178653 1.4217653 -0.124198414
v 0.21821845 1.4509836 -0.17249155
v 0.10012125 1.4034811 -0.08071529
v -5.9970582E-21 1.4062356 -0.094166204
v 0.13111368 1.3958784 -0.0034510496
v -0.10012125 1.4034811 -0.08071529
v 0.16071966 1.402189 -0.006244195
v 0.080574594 1.3978405 0.059388906
v -0.13178653 1.4217653 -0.124198414
v -0.13111368 1.3958784 -0.0034510496
v 0.10326975 1.4103911 0.07788528
v 5.1292133E-21 1.3994982 0.08053882
v -0 1.4056872 0.07604268
v -0.10326975 1.4103911 0.07788528
v -0.080574594 1.3978405 0.059388906
v -0.16071966 1.402189 -0.006244195
v 0.27510422 1.4362355 -0.03757796
v 0.22386308 1.4716028 0.086243436
v 0.28520054 1.5964816 0.14599824
v -0.21821845 1.4509836 -0.17249155
v -0.27510422 1.4362355 -0.03757796
v -0.22386308 1.4716028 0.086243436
v -0.28520054 1.5964816 0.14599824
v 0.2822111 1.5754365 -0.1506298
v -0.1584277 1.5123473 -0.29261544
v -0.2822111 1.5754365 -0.1506298
v -0.3338533 1.5428959 0.00039830114
v 0.3338533 1.5428959 0.00039830114
v 0.22309706 1.6085484 -0.24869801
v 0.05388598 1.5676386 -0.31792516
v 0.28062043 1.7803826 -0.13964257
v -0.22309706 1.6085484 -0.24869801
v -0.05388598 1.5676386 -0.31792516
v -0.28062043 1.7803826 -0.13964257
v -2.0618624E-20 1.656002 -0.32375446
v 0.31035432 1.7110118 0.0868182
v 0.31366816 1.7750379 -0.002986465
v 0.24236615 1.7354805 0.25454304
v 0.25349703 1.6599789 0.2502545
v 0.13826336 1.7077118 0.32850233
v 0.13233168 1.7516241 0.33049506
v 0.10558312 1.7515615 0.3370723
v 0.14028016 1.8415023 0.28399158
v -5.8556907E-06 1.8636646 0.30924717
v 0.25996897 1.8305355 0.19704121
v 0.14538687 1.916882 0.21409234
v 0.26705924 1.9007399 0.092303775
v 0.24761882 1.949385 -0.021575246
v 0.20701866 1.9069617 -0.1649204
v 0.19991311 1.71992 -0.24569447
v 0.083374925 1.6118916 -0.3100561
v 0.08057497 1.6666662 -0.3120792
v -2.0782457E-20 1.7599959 -0.326327
v 0.11482543 1.8527582 -0.26476854
v 0.0919551 1.9810172 -0.17200223
v 0.100653484 2.0376766 -0.014534326
v -1.0322859E-20 2.0119414 -0.16209014
v 0.038798563 1.8952788 -0.28073752
v 0.12375924 1.9935822 0.10309841
v -0.08057497 1.6666662 -0.3120792
v -1.2343681E-21 2.0537848 -0.019382417
v 1.495646E-20 1.9489275 0.23484641
v -0.083374925 1.6118916 -0.3100561
v -0.19991311 1.71992 -0.24569447
v -0.11482543 1.8527582 -0.26476854
v -0.20701866 1.9069617 -0.1649204
v 6.6471693E-21 2.0248227 0.10437371
v -0.12375924 1.9935822 0.10309841
v -0.14538687 1.916882 0.21409234
v -0.100653484 2.0376766 -0.014534326
v -0.31366816 1.7750379 -0.002986465
v -0.31035432 1.7110118 0.0868182
v -0.24761882 1.949385 -0.021575246
v -0.14028016 1.8415023 0.28399158
v -0.10551359 1.7515614 0.33708942
v -0.26705924 1.9007399 0.092303775
v -0.0919551 1.9810172 -0.17200223
v -0.25996897 1.8305355 0.19704121
v -0.038798563 1.8952788 -0.28073752
v -0.24236615 1.7354805 0.25454304
v -0.25349703 1.6599789 0.2502545
v -0.13856606 1.7073115 0.3283099
v -0.13233168 1.7516241 0.33049506
v -1.7802696E-20 1.904146 -0.27953872
v -1.9292576E-20 1.832071 -0.30293286
v -0.13856606 1.7073115 0.3283099
v -0.1279889 1.6840411 0.31925592
v -0.2351499 1.641622 0.24627353
v -0.25349703 1.6599789 0.2502545
v -0.2647201 1.5823973 0.1490325
v -0.28520054 1.5964816 0.14599824
v -0.20750996 1.4659214 0.09329851
v -0.22386308 1.4716028 0.086243436
v -0.095031165 1.4088286 0.08550276
v -0.10326975 1.4103911 0.07788528
v 0.0012897251 1.4044412 0.083784156
v -0 1.4056872 0.07604268
v 0.097610615 1.4088286 0.08550276
v 0.10326975 1.4103911 0.07788528
v 0.21008942 1.4659214 0.09329851
v 0.22386308 1.4716028 0.086243436
v 0.26729956 1.5823973 0.1490325
v 0.28520054 1.5964816 0.14599824
v 0.23772936 1.641622 0.24627353
v 0.25349703 1.6599789 0.2502545
v 0.13070157 1.6839883 0.3191652
v 0.13826336 1.7077118 0.32850233
v 2.0462935E-20 1.8387014 0.32130927
v 0.082062006 1.7515066 0.34285596
v -0 1.7590954 0.3876204
v 0.12114128 1.7020701 0.3355614
v -0.110913165 1.6832707 0.32597673
v -0.1279889 1.6840411 0.31925592
v -0.13856606 1.7073115 0.3283099
v -0.12109512 1.7020534 0.33556938
v -0.10551359 1.7515614 0.33708942
v -0.081964225 1.7515064 0.34288
v -5.8556907E-06 1.8636646 0.30924717
v 2.0462935E-20 1.8387014 0.32130927
v 0.10558312 1.7515615 0.3370723
v 0.082062006 1.7515066 0.34285596
v 0.13826336 1.7077118 0.32850233
v 0.12114128 1.7020701 0.3355614
v 0.13070157 1.6839883 0.3191652
v 0.11358393 1.6833056 0.3259609
v 2.0462935E-20 1.8387014 0.32130927
v -0 1.7590954 0.3876204
v -0.081964225 1.7515064 0.34288
v -0.12109512 1.7020534 0.33556938
v 0.081748344 1.355703 0.04301392
v 0.07616547 1.3603332 0.036963552
v 0.08641962 1.3611388 0.025852067
v 0.07574989 1.3457159 0.06272348
v 0.066002026 1.3458575 0.066073775
v 0.06994421 1.3374236 0.07379204
v 0.059801973 1.3215185 0.09099922
v 0.04936288 1.3198301 0.09423853
v 0.036719352 1.2923619 0.10908051
v 0.019721122 1.2946653 0.110466726
v -0 1.2455661 0.12170775
v -0.036719352 1.2923619 0.10908051
v -0.019409189 1.2946409 0.11049216
v -0.04936288 1.3198301 0.09423853
v -0.056365676 1.3209628 0.09206552
v -0.066002026 1.3458575 0.066073775
v -0.06984166 1.3376429 0.07359127
v -0.074306935 1.3457369 0.06321942
v -0.07616547 1.3603332 0.036963552
v -0.08141374 1.3559805 0.0426513
v -0.08619775 1.3611214 0.02609249
v -0.59580344 0.27927634 -0.264535
v -0.63012564 0.20541205 -0.27987143
v -0.57532007 0.20987034 -0.35756877
v -0.54375994 0.2835099 -0.33750138
v -0.56148124 0.35314056 -0.24919856
v -0.49348393 0.21197169 -0.4268696
v -0.51219976 0.35714948 -0.31743395
v -0.52715904 0.42700484 -0.23386212
v -0.46604818 0.28550535 -0.40258247
v -0.48063964 0.43078905 -0.29736653
v -0.4928368 0.5008691 -0.21852566
v -0.35579243 0.29240257 -0.4541725
v -0.37737662 0.21923493 -0.48180458
v -0.25433803 0.22676727 -0.51085424
v -0.4386124 0.35903907 -0.37829533
v -0.4490795 0.5044286 -0.27729914
v -0.45851457 0.5747334 -0.20318922
v -0.33420825 0.3655702 -0.42654037
v -0.23895472 0.29955527 -0.4814533
v -0.41117662 0.43257278 -0.3540082
v -0.4175194 0.5780682 -0.2572317
v -0.42419234 0.64859766 -0.18785278
v -0.31262407 0.4387378 -0.39890826
v -0.38374087 0.50610644 -0.3297211
v -0.38595924 0.65170777 -0.2371643
v -0.3898701 0.72246194 -0.17251636
v -0.121355 0.30555657 -0.49458405
v -0.13049695 0.23308703 -0.52483636
v -0.22357143 0.37234324 -0.45205238
v -0.29103988 0.51190543 -0.37127617
v -0.35630512 0.5796401 -0.30543396
v -0.35439909 0.72534734 -0.2170969
v -0.35554788 0.79632616 -0.15717994
v -0.0037552714 0.29955527 -0.4814533
v -0.0066559017 0.22676727 -0.51085424
v 0.11638269 0.21923493 -0.48180458
v -0.20818815 0.44513124 -0.42265144
v -0.2694557 0.58507305 -0.34364405
v -0.32886934 0.65317374 -0.28114685
v -0.19280484 0.51791924 -0.39325052
v -0.2478715 0.6582407 -0.31601197
v -0.17742154 0.59070724 -0.36384958
v 0.11308244 0.29240257 -0.4541725
v -0.0008546412 0.3723433 -0.45205235
v 0.22333825 0.28550535 -0.4025825
v 0.23249009 0.21197169 -0.4268696
v 0.31432614 0.20987034 -0.35756877
v 0.30104992 0.2835099 -0.33750138
v 0.3691317 0.20541205 -0.27987143
v 0.35309336 0.27927634 -0.264535
v 0.2141864 0.35903907 -0.37829536
v 0.28777376 0.35714948 -0.31743395
v 0.33705506 0.35314056 -0.24919859
v 0.10978216 0.36557013 -0.42654037
v -0.11221303 0.37802604 -0.46433175
v 0.27449754 0.43078905 -0.29736653
v 0.32101676 0.42700478 -0.23386215
v 0.20503455 0.43257272 -0.35400823
v 0.002045989 0.4451313 -0.4226514
v -0.103071064 0.45049554 -0.43407944
v 0.26122132 0.5044286 -0.27729914
v 0.30497846 0.50086904 -0.2185257
v 0.10648188 0.4387377 -0.39890826
v 0.19588271 0.5061064 -0.32972112
v 0.0049466193 0.5179193 -0.3932505
v -0.09392911 0.522965 -0.40382716
v 0.2479451 0.5780682 -0.2572317
v 0.28894016 0.5747333 -0.20318925
v 0.10318163 0.5119053 -0.37127617
v 0.18673086 0.57964003 -0.305434
v 0.00784722 0.5907073 -0.36384955
v -0.08478716 0.5954345 -0.37357485
v 0.23466888 0.65170777 -0.2371643
v 0.27290186 0.64859754 -0.18785283
v 0.09988135 0.58507293 -0.34364405
v 0.17757902 0.6531737 -0.28114688
v 0.01074785 0.6634953 -0.33444864
v -0.07564519 0.66790396 -0.34332258
v 0.22139266 0.72534734 -0.2170969
v 0.25686356 0.7224618 -0.17251639
v 0.09658107 0.65824056 -0.31601197
v 0.16842717 0.72670734 -0.25685975
v 0.20811644 0.7989869 -0.19702949
v 0.24082527 0.7963261 -0.15717995
v 0.01364848 0.7362833 -0.3050477
v -0.16203825 0.66349524 -0.33444867
v 0.09328082 0.7314082 -0.28837985
v 0.15927532 0.800241 -0.23257263
v 0.19484022 0.87262654 -0.17696208
v 0.22478697 0.8701904 -0.14184351
v -0.06650323 0.74037343 -0.31307027
v -0.2262873 0.7314083 -0.28837985
v 0.15012348 0.87377465 -0.2082855
v 0.08998054 0.8045758 -0.26074773
v 0.01654911 0.8090713 -0.27564675
v 0.181564 0.9462661 -0.15689465
v 0.20874867 0.94405466 -0.12650706
v -0.14665495 0.73628324 -0.30504772
v 0.14097163 0.94730836 -0.18399835
v -0.057361275 0.8128429 -0.28281796
v 0.08668026 0.8777434 -0.23311564
v 0.01944971 0.8818593 -0.24624583
v 0.16828778 1.0199057 -0.13682725
v 0.19271037 1.017919 -0.11117062
v 0.13181978 1.0208421 -0.15971123
v 0.08338001 0.95091105 -0.20548353
v 0.022350341 0.95464724 -0.21684489
v -0.04821931 0.88531244 -0.25256565
v 0.15756065 1.081342 -0.12674621
v 0.17992336 1.0795228 -0.10461779
v 0.124168456 1.0821995 -0.14648326
v 0.080079734 1.0240787 -0.17785142
v 0.025250971 1.0274353 -0.18744396
v 0.14683351 1.1427784 -0.116665155
v 0.16713634 1.1411269 -0.09806496
v 0.11651716 1.1435568 -0.13325529
v 0.07679233 1.0851631 -0.16212888
v 0.13610634 1.2042148 -0.10658412
v 0.1543493 1.2027309 -0.09151213
v 0.10886583 1.2049142 -0.12002731
v 0.12295452 1.2665808 -0.10084369
v 0.1391376 1.2652645 -0.08929991
v 0.09878981 1.2672013 -0.11113996
v 0.073504925 1.1462476 -0.14640634
v 0.07021752 1.207332 -0.13068378
v 0.06450543 1.2693461 -0.11930185
v 0.02817437 1.2715702 -0.123617835
v 0.026587993 1.0882366 -0.17040229
v 0.029262036 1.2098391 -0.1363189
v 0.027925014 1.1490378 -0.1533606
v -0.011960551 1.2119429 -0.13903122
v -0.0083936155 1.2734364 -0.12569523
v -0.017952159 1.1513791 -0.15670784
v -0.023943782 1.0908153 -0.17438443
v -0.02993539 1.0302515 -0.19206102
v -0.05318314 1.2098393 -0.13631894
v -0.04496163 1.2715703 -0.123617865
v -0.08129269 1.269346 -0.11930186
v -0.06382933 1.149038 -0.15336064
v -0.07447554 1.0882366 -0.17040232
v -0.09413864 1.2073319 -0.1306838
v -0.03907734 0.957782 -0.22231333
v -0.08512175 1.0274353 -0.18744399
v -0.10940927 1.1462475 -0.14640635
v -0.1327869 1.2049143 -0.12002731
v -0.11557704 1.2672014 -0.11113996
v -0.13974175 1.2665808 -0.10084369
v -0.100505054 0.95464724 -0.21684492
v -0.11588834 0.88185924 -0.24624586
v -0.12467991 1.0851631 -0.1621289
v -0.15242144 1.143557 -0.1332553
v -0.16127186 1.2030572 -0.10658412
v -0.15677494 1.2644736 -0.08929991
v -0.18675838 1.1948366 -0.09134017
v -0.18273781 1.1427784 -0.116665155
v -0.20473254 1.1399976 -0.09677755
v -0.17205599 1.0821996 -0.14648327
v -0.20544818 1.081342 -0.12674621
v -0.22781092 1.0795228 -0.10461779
v -0.13995054 1.0240787 -0.17785144
v -0.19169055 1.0208421 -0.15971123
v -0.22815856 1.0199057 -0.13682725
v -0.25258118 1.017919 -0.11117062
v -0.16153473 0.9509111 -0.20548353
v -0.21912631 0.94730836 -0.18399835
v -0.25971872 0.9462661 -0.15689465
v -0.2869034 0.9440547 -0.12650704
v -0.24656208 0.8737747 -0.20828548
v -0.29127884 0.87262654 -0.17696208
v -0.32122564 0.87019044 -0.1418435
v -0.18311892 0.8777435 -0.23311564
v -0.32283896 0.7989869 -0.19702949
v -0.27399784 0.80024105 -0.2325726
v -0.3014336 0.7267074 -0.25685972
v -0.20470312 0.80457586 -0.26074773
v -0.13127165 0.80907124 -0.27564678
v -0.13115458 1.3268684 -0.08274707
v -0.15677494 1.2644736 -0.08929991
v -0.13974175 1.2665808 -0.10084369
v -0.11703138 1.3280172 -0.090762645
v -0.10395965 1.3875426 -0.07185363
v -0.091896325 1.3885239 -0.07634099
v -0.11557704 1.2672014 -0.11113996
v -0.0959425 1.3285588 -0.097911984
v -0.073883265 1.3889865 -0.0803434
v -0.04832673 1.3905852 -0.08351614
v -0.06602205 1.3304304 -0.10357931
v -0.08129269 1.269346 -0.11930186
v -0.04496163 1.2715703 -0.123617865
v -0.034315422 1.3323716 -0.106576174
v -0.021244526 1.3922431 -0.08519387
v 0.0060142875 1.3936342 -0.08600141
v -0.0024020076 1.3340002 -0.10801862
v -0.0083936155 1.2734364 -0.12569523
v 0.03327313 1.3922431 -0.08519387
v 0.029511392 1.3323716 -0.10657616
v 0.02817437 1.2715702 -0.123617835
v 0.06450543 1.2693461 -0.11930185
v 0.061218023 1.3304305 -0.103579305
v 0.060355306 1.3905852 -0.08351614
v 0.08591184 1.3889865 -0.0803434
v 0.09113848 1.3285588 -0.097911984
v 0.09878981 1.2672013 -0.11113996
v 0.12295452 1.2665808 -0.10084369
v 0.11222735 1.3280172 -0.090762645
v 0.1391376 1.2652645 -0.08929991
v 0.1039249 1.3885239 -0.07634099
v 0.12635055 1.3268684 -0.08274707
v 0.115988225 1.3875426 -0.07185363
v 0.3073315 1.2087158 0.035475917
v 0.3344267 1.302934 0.03054509
v 0.34065142 1.2576011 0.035661597
v 0.35151604 1.1921637 0.019534219
v 0.27300534 1.3003666 0.033497043
v 0.33297083 1.3305551 0.001999343
v 0.30978695 1.161533 0.021373842
v 0.276974 1.1449351 0.023000024
v 0.35015792 1.1771075 -0.008411547
v 0.30829933 1.1497593 -0.0037603122
v 0.3036795 1.1785456 -0.03429102
v 0.34443113 1.2077787 -0.03932475
v 0.3367763 1.2627223 -0.06190054
v 0.27899402 1.2491977 -0.0626289
v 0.33412084 1.3029287 -0.060145356
v 0.2686346 1.1671216 -0.032004133
v 0.27376628 1.135539 -0.0018642466
v 0.2646333 1.3074728 -0.063629515
v 0.33319503 1.3304827 -0.033130016
v 0.24945533 1.1182518 0.0010473942
v 0.26527783 1.340533 -0.037033297
v 0.2651392 1.3406512 0.005824842
v 0.22979844 1.2083648 -0.059309438
v 0.20252056 1.2917541 -0.074947506
v 0.2226137 1.3344849 -0.060672436
v 0.14398123 1.305784 -0.08290558
v 0.20950888 1.3558859 -0.036725163
v 0.24109945 1.1354291 -0.024473688
v 0.1732571 1.3458722 -0.060697287
v 0.22187789 1.3291198 0.032857187
v 0.1939773 1.3592671 0.007524803
v 0.24819237 1.2879401 0.047206786
v 0.16637762 1.344468 0.03355799
v 0.15052302 1.3634883 0.0053210426
v 0.2730471 1.1944175 0.04407477
v 0.15419164 1.3633113 -0.03455031
v 0.15886928 1.3059431 0.06485778
v 0.23308283 1.1758914 0.05104059
v 0.17933822 1.2430283 0.080373995
v 0.24598609 1.1240078 0.027355533
v 0.20807362 1.1395519 0.05852456
v 0.22852278 1.10541 0.0035620495
v 0.22390966 1.1151718 0.032538474
v 0.13401766 1.3568249 0.025543131
v 0.10750547 1.3650544 -2.6493142E-05
v 0.10997394 1.3642333 -0.030979073
v 0.09118721 1.3615134 0.020685872
v 0.13236912 1.3544273 -0.054211237
v 0.09791061 1.3604494 -0.04768613
v 0.10816777 1.3396709 -0.07255893
v 0.07989755 1.3566779 -0.062473655
v 0.07085097 1.3349648 -0.08263953
v 0.05434102 1.3548723 -0.07453635
v 0.027258828 1.3546984 -0.08113963
v 0.14468896 1.3334161 0.057253007
v 0.11612123 1.3248591 0.07362674
v 0.13386458 1.2842638 0.0840824
v 0.1157746 1.3494914 0.04252603
v 0.08641962 1.3611388 0.025852067
v 0.081748344 1.355703 0.04301392
v 0.09411174 1.3454492 0.056412593
v 0.07574989 1.3457159 0.06272348
v 0.06994421 1.3374236 0.07379204
v 0.07614303 1.3241618 0.08592851
v 0.059801973 1.3215185 0.09099922
v 0.08475554 1.2947963 0.09921488
v 0.036719352 1.2923619 0.10908051
v 0.08495194 1.244381 0.113751136
v 0.1302873 1.245535 0.100160256
v 0.039400354 1.2435809 0.122387975
v -0 1.2455661 0.12170775
v -0 1.1861155 0.13163291
v 0.08282539 1.1839355 0.12267924
v 0.1575268 1.1663218 0.09199777
v 0.040475458 1.1853088 0.13036181
v -0.039400354 1.2435809 0.122387975
v -0.036719352 1.2923619 0.10908051
v 0.119123 1.1803455 0.11080938
v 0.17478392 1.1225767 0.07123371
v 0.13868232 1.1307406 0.10012547
v 0.113051176 1.1316956 0.116369106
v 0.0798997 1.1317663 0.12714756
v 0.03991148 1.1313329 0.13485739
v 0.13754554 1.0914271 0.1071473
v 0.11086431 1.091314 0.122454636
v 0.16254051 1.0919691 0.08098881
v 0.07692662 1.0910878 0.13209078
v 0.18112338 1.0905037 0.045113824
v 0.038823336 1.0907426 0.13755372
v 0.19980158 1.105778 0.038204454
v 0.18457305 1.0876153 0.009472502
v -0 1.131702 0.13537884
v -0 1.0899374 0.13749045
v -0.038823336 1.0907426 0.13755372
v 0.2036207 1.0985866 0.0062977346
v -0.03991148 1.1313329 0.13485739
v -0.07692662 1.0910878 0.13209078
v 0.19800447 1.107331 -0.02451557
v 0.18084872 1.0895272 -0.022780567
v 0.21906117 1.123386 -0.026590908
v 0.19892287 1.149468 -0.04782143
v 0.17343728 1.1228074 -0.046801873
v 0.16354902 1.0920256 -0.046431817
v -0.040475458 1.1853088 0.13036181
v 0.1727216 1.228697 -0.07242402
v 0.14170872 1.1309128 -0.0658986
v 0.13946876 1.091598 -0.06404725
v 0.11331341 1.0916728 -0.081103
v 0.15333062 1.1700342 -0.06865984
v -0.0798997 1.1317663 0.12714756
v -0.11086431 1.091314 0.122454636
v 0.13141759 1.2399343 -0.0842651
v 0.1149835 1.1324819 -0.08144103
v 0.11984357 1.1812738 -0.08178716
v -0.08282539 1.1839355 0.12267924
v -0.113051176 1.1316956 0.116369106
v -0.13754554 1.0914271 0.1071473
v 0.09178534 1.2431569 -0.09178602
v 0.086111516 1.1324731 -0.09226227
v 0.08043447 1.0912949 -0.09336516
v 0.090647 1.1833453 -0.0915252
v -0.13868232 1.1307406 0.10012547
v -0.16254051 1.0919691 0.08098881
v 0.04307115 1.1318766 -0.10093325
v 0.03997548 1.090844 -0.101614505
v 0.0451611 1.1848934 -0.099896654
v -0 1.1320671 -0.10381889
v -0 1.0899057 -0.10356026
v -0.03997548 1.090844 -0.101614505
v -0 1.1858577 -0.10315544
v -0.04307115 1.1318766 -0.10093325
v -0.08043447 1.0912949 -0.09336516
v 0.045106858 1.242707 -0.09915675
v -0 1.2417419 -0.10140664
v -0 1.2959323 -0.09687015
v -0.086111516 1.1324731 -0.09226227
v -0.11331341 1.0916728 -0.081103
v -0.0451611 1.1848934 -0.099896654
v 0.042717546 1.2979853 -0.096602194
v -0.045106858 1.242707 -0.09915675
v -0.090647 1.1833453 -0.0915252
v -0.1149835 1.1324819 -0.08144103
v 0.090712965 1.3000247 -0.091324024
v 0.03379427 1.3339182 -0.08817023
v -0 1.3551847 -0.08448186
v -0 1.3335892 -0.09020091
v -0.03379427 1.3339182 -0.08817023
v -0.027258828 1.3546984 -0.08113963
v -0.07085097 1.3349648 -0.08263953
v -0.05434102 1.3548723 -0.07453635
v -0.07989755 1.3566779 -0.062473655
v -0.042717546 1.2979853 -0.096602194
v -0.09178534 1.2431569 -0.09178602
v -0.10816777 1.3396709 -0.07255893
v -0.14398123 1.305784 -0.08290558
v -0.09791061 1.3604494 -0.04768613
v -0.090712965 1.3000247 -0.091324024
v -0.11984357 1.1812738 -0.08178716
v -0.13236912 1.3544273 -0.054211237
v -0.10997394 1.3642333 -0.030979073
v -0.1732571 1.3458722 -0.060697287
v -0.15419164 1.3633113 -0.03455031
v -0.10750547 1.3650544 -2.6493142E-05
v -0.13141759 1.2399343 -0.0842651
v -0.15333062 1.1700342 -0.06865984
v -0.1727216 1.228697 -0.07242402
v -0.20252056 1.2917541 -0.074947506
v -0.2226137 1.3344849 -0.060672436
v -0.20950888 1.3558859 -0.036725163
v -0.15052302 1.3634883 0.0053210426
v -0.14170872 1.1309128 -0.0658986
v -0.13946876 1.091598 -0.06404725
v -0.16354902 1.0920256 -0.046431817
v -0.17343728 1.1228074 -0.046801873
v -0.18084872 1.0895272 -0.022780567
v -0.19892287 1.149468 -0.04782143
v -0.19800447 1.107331 -0.02451557
v -0.18457305 1.0876153 0.009472502
v -0.13401766 1.3568249 0.025543131
v -0.09118721 1.3615134 0.020685872
v -0.22979844 1.2083648 -0.059309438
v -0.1157746 1.3494914 0.04252603
v -0.08619775 1.3611214 0.02609249
v -0.08141374 1.3559805 0.0426513
v -0.09411174 1.3454492 0.056412593
v -0.074306935 1.3457369 0.06321942
v -0.11612123 1.3248591 0.07362674
v -0.06984166 1.3376429 0.07359127
v -0.14468896 1.3334161 0.057253007
v -0.16637762 1.344468 0.03355799
v -0.07614303 1.3241618 0.08592851
v -0.056365676 1.3209628 0.09206552
v -0.08475554 1.2947963 0.09921488
v -0.15886928 1.3059431 0.06485778
v -0.08495194 1.244381 0.113751136
v -0.13386458 1.2842638 0.0840824
v -0.1302873 1.245535 0.100160256
v -0.1939773 1.3592671 0.007524803
v -0.17933822 1.2430283 0.080373995
v -0.119123 1.1803455 0.11080938
v -0.1575268 1.1663218 0.09199777
v -0.17478392 1.1225767 0.07123371
v -0.18112338 1.0905037 0.045113824
v -0.20807362 1.1395519 0.05852456
v -0.19980158 1.105778 0.038204454
v -0.22390966 1.1151718 0.032538474
v -0.2036207 1.0985866 0.0062977346
v -0.21906117 1.123386 -0.026590908
v -0.22852278 1.10541 0.0035620495
v -0.24109945 1.1354291 -0.024473688
v -0.24598609 1.1240078 0.027355533
v -0.23308283 1.1758914 0.05104059
v -0.276974 1.1449351 0.023000024
v -0.24945533 1.1182518 0.0010473942
v -0.2730471 1.1944175 0.04407477
v -0.3073315 1.2087158 0.035475917
v -0.24819237 1.2879401 0.047206786
v -0.2686346 1.1671216 -0.032004133
v -0.22187789 1.3291198 0.032857187
v -0.27300534 1.3003666 0.033497043
v -0.2651392 1.3406512 0.005824842
v -0.26527783 1.340533 -0.037033297
v -0.33297083 1.3305551 0.001999343
v -0.2646333 1.3074728 -0.063629515
v -0.27376628 1.135539 -0.0018642466
v -0.30829933 1.1497593 -0.0037603122
v -0.3344267 1.302934 0.03054509
v -0.33319503 1.3304827 -0.033130016
v -0.27899402 1.2491977 -0.0626289
v -0.30978695 1.161533 0.021373842
v -0.3036795 1.1785456 -0.03429102
v -0.33412084 1.3029287 -0.060145356
v -0.35015792 1.1771075 -0.008411547
v -0.35151604 1.1921637 0.019534219
v -0.3367763 1.2627223 -0.06190054
v -0.34443113 1.2077787 -0.03932475
v -0.3881106 1.1987854 -0.011664236
v -0.38530806 1.2156788 -0.04140096
v -0.38613254 1.2545217 -0.06278452
v -0.3848579 1.2965735 -0.061065197
v -0.38311994 1.3222667 -0.033098575
v -0.38305247 1.322648 0.0013852237
v -0.38461906 1.2987287 0.030924622
v -0.38838604 1.2120254 0.017438468
v -0.34065142 1.2576011 0.035661597
v -0.38691223 1.2574412 0.035220213
v 0.023340166 1.3743991 0.047790192
v -0 1.3903658 0.050907325
v 0.02250439 1.390329 0.04780988
v 0.041665837 1.3903261 0.039862026
v -0 1.3744844 0.05033856
v -0.023340166 1.3743991 0.047790192
v -0.02250439 1.390329 0.04780988
v -0.041665837 1.3903261 0.039862026
v 0.044152528 1.3737146 0.038585655
v 0.06344202 1.3737347 0.025389293
v 0.057315007 1.3904221 0.026885968
v 0.02595836 1.3602009 0.057784323
v 0.074740395 1.3733871 0.009252155
v 0.06745115 1.3905258 0.0102900965
v 0.08184409 1.3734093 -0.008486557
v 0.0728147 1.3904341 -0.005733801
v 0.07302375 1.3903472 -0.020766445
v 0.053356424 1.3603828 0.050113417
v 0.09118721 1.3615134 0.020685872
v 0.08641962 1.3611388 0.025852067
v 0.07616547 1.3603332 0.036963552
v 0.066002026 1.3458575 0.066073775
v 0.10750547 1.3650544 -2.6493142E-05
v 0.082574844 1.3729022 -0.02541196
v 0.10997394 1.3642333 -0.030979073
v 0.067674816 1.3902018 -0.036456816
v 0.09791061 1.3604494 -0.04768613
v 0.07651383 1.3718677 -0.04207402
v 0.057323307 1.390038 -0.05242598
v 0.07989755 1.3566779 -0.062473655
v 0.064486235 1.3711344 -0.05720755
v 0.05434102 1.3548723 -0.07453635
v 0.0396723 1.3899273 -0.06477868
v 0.04439442 1.3704509 -0.06929002
v 0.027258828 1.3546984 -0.08113963
v 0.02286154 1.3703691 -0.076763235
v 0.02072388 1.3899717 -0.07252289
v -0 1.3551847 -0.08448186
v -0 1.3709264 -0.08030818
v -0 1.3900461 -0.07593022
v -0.02072388 1.3899717 -0.07252289
v -0.02286154 1.3703691 -0.076763235
v -0.027258828 1.3546984 -0.08113963
v -0.0396723 1.3899273 -0.06477868
v -0.04439442 1.3704509 -0.06929002
v -0.05434102 1.3548723 -0.07453635
v -0.064486235 1.3711344 -0.05720755
v -0.057323307 1.390038 -0.05242598
v -0.07989755 1.3566779 -0.062473655
v -0.07651383 1.3718677 -0.04207402
v -0.067674816 1.3902018 -0.036456816
v -0.09791061 1.3604494 -0.04768613
v -0.082574844 1.3729022 -0.02541196
v -0.10997394 1.3642333 -0.030979073
v -0.07302375 1.3903472 -0.020766445
v -0.10750547 1.3650544 -2.6493142E-05
v -0.08184409 1.3734093 -0.008486557
v -0.0728147 1.3904341 -0.005733801
v -0.06745115 1.3905258 0.0102900965
v -0.09118721 1.3615134 0.020685872
v -0.074740395 1.3733871 0.009252155
v -0.06344202 1.3737347 0.025389293
v -0.057315007 1.3904221 0.026885968
v -0.08619775 1.3611214 0.02609249
v -0.07616547 1.3603332 0.036963552
v -0.044152528 1.3737146 0.038585655
v -0.053356424 1.3603828 0.050113417
v -0.066002026 1.3458575 0.066073775
v -0.02595836 1.3602009 0.057784323
v -0.0294794 1.3438046 0.07416905
v -0.04936288 1.3198301 0.09423853
v -0 1.3605967 0.060577467
v -0 1.3212957 0.097328804
v -0.019409189 1.2946409 0.11049216
v 0.0294794 1.3438046 0.07416905
v 0.04936288 1.3198301 0.09423853
v -0 1.3435154 0.07681862
v -0 1.2894913 0.112075
v -0 1.2455661 0.12170775
v 0.019721122 1.2946653 0.110466726
v 0.11303431 1.0808839 -0.08177941
v 0.11331341 1.0916728 -0.081103
v 0.08043447 1.0912949 -0.09336516
v 0.13946876 1.091598 -0.06404725
v 0.07948846 1.0804601 -0.093921125
v 0.14003915 1.0808682 -0.06506356
v 0.03997548 1.090844 -0.101614505
v 0.16398355 1.0813065 -0.047391463
v 0.039536793 1.08004 -0.101992026
v 0.16354902 1.0920256 -0.046431817
v 0.18056536 1.0792792 -0.022675835
v 0.18084872 1.0895272 -0.022780567
v -0 1.0899057 -0.10356026
v -0 1.0793083 -0.10418257
v -0.039536793 1.08004 -0.101992026
v -0.03997548 1.090844 -0.101614505
v -0.07948846 1.0804601 -0.093921125
v -0.08043447 1.0912949 -0.09336516
v 0.18473932 1.0777613 0.010450261
v 0.18457305 1.0876153 0.009472502
v 0.18112338 1.0905037 0.045113824
v 0.18118098 1.0800741 0.046496626
v 0.16254051 1.0919691 0.08098881
v 0.16287118 1.081219 0.08230016
v 0.13754554 1.0914271 0.1071473
v 0.1383015 1.0807328 0.108810805
v 0.11086431 1.091314 0.122454636
v 0.11082665 1.0805153 0.124632604
v 0.07692662 1.0910878 0.13209078
v 0.076629624 1.0803211 0.13422027
v 0.038823336 1.0907426 0.13755372
v 0.03857813 1.079971 0.13943407
v -0 1.0899374 0.13749045
v -0 1.079346 0.1393427
v -0.03857813 1.079971 0.13943407
v -0.038823336 1.0907426 0.13755372
v -0.076629624 1.0803211 0.13422027
v -0.07692662 1.0910878 0.13209078
v -0.11082665 1.0805153 0.124632604
v -0.11086431 1.091314 0.122454636
v -0.1383015 1.0807328 0.108810805
v -0.13754554 1.0914271 0.1071473
v -0.16287118 1.081219 0.08230016
v -0.16254051 1.0919691 0.08098881
v -0.18118098 1.0800741 0.046496626
v -0.18112338 1.0905037 0.045113824
v -0.18473932 1.0777613 0.010450261
v -0.18457305 1.0876153 0.009472502
v -0.18084872 1.0895272 -0.022780567
v -0.18056536 1.0792792 -0.022675835
v -0.16354902 1.0920256 -0.046431817
v -0.16398355 1.0813065 -0.047391463
v -0.13946876 1.091598 -0.06404725
v -0.14003915 1.0808682 -0.06506356
v -0.11303431 1.0808839 -0.08177941
v -0.11331341 1.0916728 -0.081103
v 0.18289885 0.9772975 -0.026710613
v 0.2024504 0.8777777 0.004085257
v 0.18823424 0.97766083 0.015208592
v 0.18342534 0.97735536 0.05722418
v 0.1968255 0.8722396 -0.040911548
v 0.17780161 0.9128278 -0.073594026
v 0.16923623 0.9771206 -0.06027647
v 0.14521493 0.9767788 -0.08314373
v 0.15258813 0.9097934 -0.100178234
v 0.11394222 0.9763694 -0.100477256
v 0.18153372 0.86861354 -0.08102903
v 0.18489096 0.8165346 -0.088435546
v 0.15448569 0.86343896 -0.10840816
v 0.121733665 0.8628635 -0.12636995
v 0.07838687 0.97668046 -0.111326136
v 0.15520349 0.81403625 -0.116771154
v 0.084321976 0.86464125 -0.13641882
v 0.039541125 0.9767047 -0.117911085
v 0.122115865 0.8139346 -0.13358009
v 0.044889092 0.8666891 -0.14052959
v -0 0.97633356 -0.12179503
v 0.15401685 0.79058 -0.12030733
v 0.15283023 0.76654387 -0.12384349
v 0.08342013 0.81377614 -0.14305687
v 0.117264 0.78409314 -0.13511533
v -0 0.86786586 -0.14356953
v 0.044637352 0.8121471 -0.14591473
v 0.079345465 0.78214157 -0.1424101
v 0.11241214 0.7542517 -0.13665055
v -0.044889092 0.8666891 -0.14052959
v -0.039541125 0.9767047 -0.117911085
v -0.084321976 0.86464125 -0.13641882
v -0.07838687 0.97668046 -0.111326136
v -0.121733665 0.8628635 -0.12636995
v -0.11394222 0.9763694 -0.100477256
v -0.15258813 0.9097934 -0.100178234
v -0.14521493 0.9767788 -0.08314373
v -0.17780161 0.9128278 -0.073594026
v -0.16923623 0.9771206 -0.06027647
v -0.18289885 0.9772975 -0.026710613
v -0.044637352 0.8121471 -0.14591473
v -0.08342013 0.81377614 -0.14305687
v -0.122115865 0.8139346 -0.13358009
v -0 0.8137566 -0.14833455
v 0.042277575 0.77964437 -0.14461823
v 0.07527083 0.75050706 -0.14176331
v 0.05501719 0.69111776 -0.114059374
v 0.039917797 0.7471416 -0.1433217
v -0 0.7807375 -0.14616874
v -0.042277575 0.77964437 -0.14461823
v -0.079345465 0.78214157 -0.1424101
v -0.117264 0.78409314 -0.13511533
v 0.08419797 0.6774117 -0.113481015
v -0.039917797 0.7471416 -0.1433217
v -0.07527083 0.75050706 -0.14176331
v -0.05501719 0.69111776 -0.114059374
v -0.11241214 0.7542517 -0.13665055
v -0.15283023 0.76654387 -0.12384349
v -0.15401685 0.79058 -0.12030733
v -0.18489096 0.8165346 -0.088435546
v -0.15520349 0.81403625 -0.116771154
v -0.15448569 0.86343896 -0.10840816
v -0.18153372 0.86861354 -0.08102903
v -0.1968255 0.8722396 -0.040911548
v -0.08419797 0.6774117 -0.113481015
v -0.2024504 0.8777777 0.004085257
v -0.18823424 0.97766083 0.015208592
v -0.18342534 0.97735536 0.05722418
v -0.20361064 0.8297077 -0.045841195
v -0.2107414 0.83572555 -0.0006172761
v -0.19859804 0.87342256 0.0484481
v -0.20752761 0.8278846 0.040160272
v -0.17776671 0.9169994 0.09362414
v -0.16911665 0.9769137 0.091498636
v -0.1505636 0.9194264 0.11927358
v -0.14520288 0.9764093 0.11838866
v -0.11432487 0.97596675 0.13842665
v -0.1816945 0.8745827 0.09215353
v -0.12175967 0.8773317 0.13935117
v -0.0783838 0.97543585 0.14938788
v -0.18308535 0.8461062 0.09315561
v -0.1899363 0.7876964 0.08708731
v -0.15477644 0.8748826 0.11996901
v -0.21157433 0.7965117 0.042063702
v -0.08453336 0.8835218 0.15052615
v -0.039541125 0.9746756 0.15379132
v -0.15653114 0.81483954 0.11551718
v -0.11797741 0.83053493 0.13441694
v -0.11296336 0.76791996 0.12787572
v -0.2174582 0.7992316 -0.002564118
v -0.043823645 0.88690037 0.15420264
v -0 0.97399336 0.15536632
v -0.08494869 0.8439302 0.15009008
v -0.08536403 0.8043386 0.14965399
v -0.043336928 0.85023075 0.15383135
v -0 0.8877721 0.15634562
v -0.15019366 0.77699405 0.1143737
v -0.21191815 0.79465187 -0.0491802
v 0.043823645 0.88690037 0.15420264
v 0.039541125 0.9746756 0.15379132
v -0.14160782 0.72524375 0.105517775
v -0.18936463 0.7822634 -0.091129854
v 0.08453336 0.8835218 0.15052615
v 0.0783838 0.97543585 0.14938788
v 0.12175967 0.8773317 0.13935117
v 0.11432487 0.97596675 0.13842665
v 0.08494869 0.8439302 0.15009008
v 0.1505636 0.9194264 0.11927358
v 0.14520288 0.9764093 0.11838866
v 0.16911665 0.9769137 0.091498636
v 0.043336928 0.85023075 0.15383135
v 0.17776671 0.9169994 0.09362414
v 0.19859804 0.87342256 0.0484481
v 0.1816945 0.8745827 0.09215353
v 0.15477644 0.8748826 0.11996901
v 0.18308535 0.8461062 0.09315561
v 0.20752761 0.8278846 0.040160272
v 0.1899363 0.7876964 0.08708731
v 0.15653114 0.81483954 0.11551718
v 0.2107414 0.83572555 -0.0006172761
v 0.11797741 0.83053493 0.13441694
v 0.11296336 0.76791996 0.12787572
v 0.08536403 0.8043386 0.14965399
v 0.21157433 0.7965117 0.042063702
v 0.20361064 0.8297077 -0.045841195
v 0.2174582 0.7992316 -0.002564118
v 0.21191815 0.79465187 -0.0491802
v 0.21461408 0.7564247 0.042989563
v 0.18936463 0.7822634 -0.091129854
v 0.2203115 0.7599163 -0.0030444376
v 0.21467869 0.7584797 -0.050036762
v 0.19126408 0.7460414 -0.092245534
v 0.14552319 0.72018903 -0.11654206
v 0.1913323 0.6718948 -0.083841614
v 0.14449677 0.6557014 -0.10634407
v 0.21604782 0.6813941 -0.044461474
v 0.094070345 0.63558227 -0.09912087
v 0.14851767 0.57682115 -0.11554821
v 0.20046693 0.5857357 -0.09168651
v 0.08855992 0.56990325 -0.105914146
v 0.222194 0.68197715 -0.00096215896
v 0.23038793 0.59046614 -0.048042756
v 0.21605141 0.68001145 0.04195389
v 0.058767304 0.6165007 -0.057828493
v 0.050809093 0.56161284 -0.062245786
v 0.052394286 0.6490417 -0.06463039
v 0.08774882 0.50609607 -0.10448573
v 0.14479987 0.5077465 -0.11720182
v 0.20246817 0.5097481 -0.092669904
v 0.052239865 0.5043969 -0.06091898
v 0.03551732 0.55644083 0.00055659923
v 0.042947277 0.605455 -0.00078337913
v 0.039941162 0.502766 0.0012929656
v 0.10248402 0.45995045 -0.0774875
v 0.14496233 0.45997941 -0.087580904
v 0.18833017 0.4599973 -0.06960862
v 0.076488286 0.45992577 -0.04490576
v 0.07969093 0.4173444 -0.044337768
v 0.23400943 0.5106692 -0.048521753
v 0.2120004 0.4599955 -0.036562517
v 0.06747761 0.45990992 0.0017057643
v 0.07115027 0.41732627 0.0010522706
v 0.23841593 0.5912692 0.00034616422
v 0.24241054 0.51066303 0.0013245123
v 0.21825817 0.459983 0.0018632016
v 0.21200603 0.46000218 0.040357575
v 0.07649085 0.4599198 0.048505306
v 0.07971123 0.4172362 0.046599977
v 0.10440114 0.41720968 0.07846789
v 0.052204594 0.50504214 0.063282765
v 0.23037381 0.59073186 0.048484027
v 0.23401394 0.5105914 0.05104646
v 0.18830523 0.45997083 0.07326315
v 0.1876844 0.4170112 0.0716244
v 0.20244524 0.5095591 0.0948161
v 0.19998178 0.58758205 0.09174145
v 0.14572084 0.4166537 0.0884127
v 0.14580458 0.3778503 0.08463543
v 0.1452107 0.4599353 0.09086799
v 0.14508581 0.507867 0.118902534
v 0.10247877 0.45994413 0.0809225
v 0.08770761 0.50681543 0.10638085
v 0.19121507 0.67050153 0.07942561
v 0.14433178 0.5825966 0.11549885
v 0.08779713 0.5734452 0.10480374
v 0.19108073 0.7405738 0.082362674
v 0.14441855 0.6583573 0.09925376
v 0.050693467 0.56410486 0.06231306
v 0.14160782 0.72524375 0.105517775
v 0.09398103 0.6368615 0.09146082
v 0.05867569 0.6191183 0.05369317
v 0.08357753 0.6748347 0.10088502
v 0.15019366 0.77699405 0.1143737
v 0.05233489 0.65162164 0.056391828
v 0.035417065 0.6310577 -0.0020724493
v 0.038488984 0.6637527 -0.0669686
v 0.0665981 0.7317267 0.12815109
v 0.054881334 0.6934402 0.10218658
v 0.038435727 0.6663434 0.05713408
v 0.02556251 0.6440499 -0.0027505306
v 0.011215448 0.64983034 -0.002785404
v 0.020153672 0.6699917 -0.067587994
v -0 0.6507156 -0.0025675676
v 0.020104975 0.67263293 0.057944145
v 0.028945848 0.70033985 -0.11428094
v 0.028915912 0.7043653 0.10364745
v -0 0.6712382 -0.068315625
v -0 0.7019632 -0.11511958
v -0 0.6739221 0.059656266
v -0 0.74771845 -0.14400291
v -0.028945848 0.70033985 -0.11428094
v -0.020153672 0.6699917 -0.067587994
v -0.011215448 0.64983034 -0.002785404
v -0.038488984 0.6637527 -0.0669686
v -0.020104975 0.67263293 0.057944145
v -0.052394286 0.6490417 -0.06463039
v -0.02556251 0.6440499 -0.0027505306
v -0.038435727 0.6663434 0.05713408
v -0.035417065 0.6310577 -0.0020724493
v -0.028915912 0.7043653 0.10364745
v -0.054881334 0.6934402 0.10218658
v -0.05233489 0.65162164 0.056391828
v -0.042947277 0.605455 -0.00078337913
v -0.058767304 0.6165007 -0.057828493
v -0 0.70607436 0.105919026
v 0.035383135 0.730586 0.13066
v 0.07523352 0.7705237 0.13730589
v 0.042850196 0.813782 0.15346003
v 0.04037784 0.7690417 0.14668761
v -0 0.84919983 0.15585059
v -0 0.8124506 0.15535554
v -0.042850196 0.813782 0.15346003
v -0 0.76819766 0.14826825
v -0.07523352 0.7705237 0.13730589
v -0.04037784 0.7690417 0.14668761
v -0 0.7307877 0.13279751
v -0.035383135 0.730586 0.13066
v -0.0665981 0.7317267 0.12815109
v -0.08357753 0.6748347 0.10088502
v -0.05867569 0.6191183 0.05369317
v -0.09398103 0.6368615 0.09146082
v -0.03551732 0.55644083 0.00055659923
v -0.050693467 0.56410486 0.06231306
v -0.14441855 0.6583573 0.09925376
v -0.08779713 0.5734452 0.10480374
v -0.19108073 0.7405738 0.082362674
v -0.21461408 0.7564247 0.042989563
v -0.19121507 0.67050153 0.07942561
v -0.2203115 0.7599163 -0.0030444376
v -0.14433178 0.5825966 0.11549885
v -0.21605141 0.68001145 0.04195389
v -0.21467869 0.7584797 -0.050036762
v -0.19998178 0.58758205 0.09174145
v -0.19126408 0.7460414 -0.092245534
v -0.14552319 0.72018903 -0.11654206
v -0.094070345 0.63558227 -0.09912087
v -0.14449677 0.6557014 -0.10634407
v -0.1913323 0.6718948 -0.083841614
v -0.21604782 0.6813941 -0.044461474
v -0.222194 0.68197715 -0.00096215896
v -0.050809093 0.56161284 -0.062245786
v -0.08855992 0.56990325 -0.105914146
v -0.14851767 0.57682115 -0.11554821
v -0.20046693 0.5857357 -0.09168651
v -0.039941162 0.502766 0.0012929656
v -0.052239865 0.5043969 -0.06091898
v -0.08774882 0.50609607 -0.10448573
v -0.052204594 0.50504214 0.063282765
v -0.06747761 0.45990992 0.0017057643
v -0.076488286 0.45992577 -0.04490576
v -0.10248402 0.45995045 -0.0774875
v -0.07649085 0.4599198 0.048505306
v -0.14479987 0.5077465 -0.11720182
v -0.14496233 0.45997941 -0.087580904
v -0.08770761 0.50681543 0.10638085
v -0.20246817 0.5097481 -0.092669904
v -0.18833017 0.4599973 -0.06960862
v -0.10247877 0.45994413 0.0809225
v -0.10440114 0.41720968 0.07846789
v -0.14508581 0.507867 0.118902534
v -0.23038793 0.59046614 -0.048042756
v -0.23400943 0.5106692 -0.048521753
v -0.2120004 0.4599955 -0.036562517
v -0.1452107 0.4599353 0.09086799
v -0.20244524 0.5095591 0.0948161
v -0.23841593 0.5912692 0.00034616422
v -0.24241054 0.51066303 0.0013245123
v -0.21825817 0.459983 0.0018632016
v -0.21200603 0.46000218 0.040357575
v -0.14572084 0.4166537 0.0884127
v -0.14580458 0.3778503 0.08463543
v -0.1876844 0.4170112 0.0716244
v -0.18830523 0.45997083 0.07326315
v -0.23401394 0.5105914 0.05104646
v -0.23037381 0.59073186 0.048484027
v 0.080574594 1.3978405 0.059388906
v 5.6911585E-21 1.3776001 0.0893625
v 5.1292133E-21 1.3994982 0.08053882
v -0.080574594 1.3978405 0.059388906
v 0.086070575 1.3759423 0.06821259
v 0.13111368 1.3958784 -0.0034510496
v -0.086070575 1.3759423 0.06821259
v -0.13111368 1.3958784 -0.0034510496
v 0.13947184 1.3736689 -0.0027503215
v 0.10012125 1.4034811 -0.08071529
v -0.13947184 1.3736689 -0.0027503215
v -0.10012125 1.4034811 -0.08071529
v 0.10680045 1.3824358 -0.092116386
v -5.9970582E-21 1.4062356 -0.094166204
v -0.10680045 1.3824358 -0.092116386
v -6.723149E-21 1.3851902 -0.10556729
v -0 1.3581811 0.074226424
v -0.073189415 1.3567715 0.056241777
v -0.11859875 1.3548383 -0.0041009584
v 0.073189415 1.3567715 0.056241777
v 0.11859875 1.3548383 -0.0041009584
v -0.0908169 1.3622931 -0.08009267
v -0 1.3558248 5.682355E-05
v 0.0908169 1.3622931 -0.08009267
v -0 1.3646353 -0.09153054
v 0.039248373 0.9837268 0.15280862
v -0 0.9831631 0.15411907
v -0 1.0357617 0.14696474
v -0.039248373 0.9837268 0.15280862
v 0.037569106 1.0356456 0.14717178
v 0.077941954 0.9844291 0.1484371
v -0.037569106 1.0356456 0.14717178
v -0.077941954 0.9844291 0.1484371
v 0.07540746 1.0360153 0.14298327
v 0.11378254 0.9848905 0.13770938
v -0 1.079346 0.1393427
v 0.03857813 1.079971 0.13943407
v -0.03857813 1.079971 0.13943407
v 0.076629624 1.0803211 0.13422027
v -0.07540746 1.0360153 0.14298327
v -0.11378254 0.9848905 0.13770938
v -0.076629624 1.0803211 0.13422027
v 0.11067167 1.0360785 0.13359506
v 0.14464015 0.9853635 0.11798301
v 0.11082665 1.0805153 0.124632604
v -0.11067167 1.0360785 0.13359506
v -0.14464015 0.9853635 0.11798301
v -0.11082665 1.0805153 0.124632604
v 0.14141233 1.0367254 0.11565623
v 0.1683915 0.98583096 0.09093418
v 0.1383015 1.0807328 0.108810805
v -0.14141233 1.0367254 0.11565623
v -0.1683915 0.98583096 0.09093418
v -0.1383015 1.0807328 0.108810805
v 0.16423193 1.0369815 0.0876964
v 0.18312734 0.98623294 0.05647638
v 0.16287118 1.081219 0.08230016
v -0.16423193 1.0369815 0.0876964
v -0.18312734 0.98623294 0.05647638
v -0.16287118 1.081219 0.08230016
v 0.18141803 1.0371555 0.05218691
v 0.18118098 1.0800741 0.046496626
v 0.18781698 0.98650134 0.015099506
v -0.18141803 1.0371555 0.05218691
v -0.18118098 1.0800741 0.046496626
v -0.18781698 0.98650134 0.015099506
v 0.18542355 1.0372115 0.014473784
v 0.18473932 1.0777613 0.010450261
v 0.18056536 1.0792792 -0.022675835
v -0.18542355 1.0372115 0.014473784
v -0.18473932 1.0777613 0.010450261
v -0.18056536 1.0792792 -0.022675835
v 0.17939931 1.037108 -0.02224485
v 0.18237934 0.98617655 -0.026047654
v 0.16398355 1.0813065 -0.047391463
v -0.17939931 1.037108 -0.02224485
v -0.18237934 0.98617655 -0.026047654
v -0.16398355 1.0813065 -0.047391463
v 0.16577166 1.0371969 -0.05134046
v 0.1687219 0.9860391 -0.058949888
v 0.14003915 1.0808682 -0.06506356
v -0.16577166 1.0371969 -0.05134046
v -0.1687219 0.9860391 -0.058949888
v -0.14003915 1.0808682 -0.06506356
v 0.14238627 1.0367148 -0.06924571
v 0.144795 0.9856765 -0.081080526
v -0.14238627 1.0367148 -0.06924571
v -0.144795 0.9856765 -0.081080526
v 0.111885816 1.0364872 -0.0845629
v 0.11303431 1.0808839 -0.08177941
v 0.11363694 0.9852941 -0.098114714
v 0.07948846 1.0804601 -0.093921125
v -0.111885816 1.0364872 -0.0845629
v -0.11303431 1.0808839 -0.08177941
v -0.11363694 0.9852941 -0.098114714
v -0.07948846 1.0804601 -0.093921125
v 0.07559559 1.0358745 -0.09620891
v 0.077972494 0.98546803 -0.10908193
v 0.039536793 1.08004 -0.101992026
v -0.07559559 1.0358745 -0.09620891
v -0.077972494 0.98546803 -0.10908193
v -0.039536793 1.08004 -0.101992026
v 0.037731588 1.035581 -0.103545524
v 0.039272495 0.98544514 -0.11577847
v -0 1.0793083 -0.10418257
v -0.037731588 1.035581 -0.103545524
v -0.039272495 0.98544514 -0.11577847
v -0 1.0356992 -0.10674338
v -0 0.9851466 -0.11956056
v 0.2109027 0.41738516 0.039450873
v 0.21200603 0.46000218 0.040357575
v 0.21825817 0.459983 0.0018632016
v 0.1876844 0.4170112 0.0716244
v 0.21690369 0.41737264 0.0012103003
v 0.2120004 0.4599955 -0.036562517
v 0.1870864 0.37849927 0.06854349
v 0.14580458 0.3778503 0.08463543
v 0.21090609 0.41736728 -0.03702582
v 0.18833017 0.4599973 -0.06960862
v 0.21007322 0.37909865 0.03708221
v 0.21588904 0.37910986 -0.0011674626
v 0.18721372 0.37909722 -0.07097312
v 0.21008617 0.37908363 -0.03934347
v 0.1455299 0.3791291 -0.087496705
v 0.14496233 0.45997941 -0.087580904
v 0.10541627 0.37909746 -0.07724529
v 0.10248402 0.45995045 -0.0774875
v 0.07969093 0.4173444 -0.044337768
v 0.0817875 0.37910366 -0.04567553
v 0.07115027 0.41732627 0.0010522706
v 0.073623925 0.37910688 -0.0012936847
v 0.07971123 0.4172362 0.046599977
v 0.08180946 0.37897134 0.043284275
v 0.10440114 0.41720968 0.07846789
v 0.07797317 0.31441128 -0.006689718
v 0.085612684 0.31439006 -0.0488091
v 0.084563226 0.22782135 -0.013103097
v 0.10736635 0.31438196 -0.07957424
v 0.10545625 0.37888443 0.07465973
v 0.08561039 0.31430817 0.035302762
v 0.107396126 0.3142208 0.06567964
v 0.14532678 0.3144244 -0.08932488
v 0.09125689 0.2278422 -0.05126738
v 0.14553383 0.31307077 0.07518388
v 0.09123342 0.22775865 0.02507438
v 0.18509196 0.31439865 -0.07396358
v 0.1109533 0.22784458 -0.07992314
v 0.18495448 0.31385136 0.06018951
v 0.111751586 0.22769965 0.052323613
v 0.20721017 0.31440103 -0.043713916
v 0.14450844 0.22787796 -0.08726677
v 0.20719934 0.31439507 0.0302955
v 0.14544706 0.22692133 0.061110105
v 0.17937377 0.22785209 -0.073507175
v 0.1450546 0.17834769 -0.08935835
v 0.21252356 0.31441844 -0.0066524725
v 0.17928539 0.227538 0.047257762
v 0.14489193 0.18002559 0.05601255
v 0.19997752 0.22783087 -0.046597894
v 0.19995952 0.22775066 0.020380946
v 0.11236334 0.17835079 -0.078379236
v 0.17805316 0.17834567 -0.07416726
v 0.20504077 0.22780561 -0.013076535
v 0.17800544 0.17960131 0.040896274
v 0.09160671 0.17834316 -0.052954745
v 0.14401561 0.12945317 -0.09299417
v 0.1966198 0.17833613 -0.0483864
v 0.19930081 0.17852163 0.016255861
v 0.17891295 0.12945567 -0.07741365
v 0.20555009 0.17832851 -0.016864821
v 0.14459455 0.15344359 0.06047425
v 0.17889515 0.15263331 0.0399282
v 0.20063442 0.1525929 0.015789254
v 0.18592921 0.12794006 0.038687214
v 0.20653592 0.15238047 -0.017301837
v 0.19859321 0.1294552 -0.050313298
v 0.20811161 0.12959325 0.014747756
v 0.11109017 0.17892994 0.045899414
v 0.14422427 0.14281811 0.06875011
v 0.08823025 0.17818141 0.020355301
v 0.10862063 0.1520188 0.046327543
v 0.10469487 0.12920858 0.046058454
v 0.08393711 0.17832482 -0.018903796
v 0.08624476 0.15224397 0.01976859
v 0.08232093 0.15204751 -0.020683272
v 0.14378655 0.13447024 0.09048813
v 0.088698745 0.12945603 -0.054474216
v 0.081842035 0.12900424 0.019024543
v 0.109355986 0.12945448 -0.08176856
v 0.14255793 0.06424533 -0.10260717
v 0.079544544 0.12943792 -0.021139944
v 0.10349876 0.064187154 -0.09360815
v 0.18171859 0.06413017 -0.09365455
v 0.08112076 0.06425118 -0.05888579
v 0.1422677 0.021336062 -0.10772684
v 0.100780696 0.021265967 -0.0982144
v 0.067260146 0.064086914 0.015021463
v 0.06834194 0.06419623 -0.022820096
v 0.07069245 0.06389869 0.041564524
v 0.07706912 0.021346679 -0.061573125
v 0.062438518 0.021255614 0.01638557
v 0.0635398 0.021307107 -0.023512598
v 0.1837657 0.021225316 -0.098240554
v 0.14223664 0.004870993 -0.10945602
v 0.09991929 0.004803999 -0.09978329
v 0.07577659 0.0048885243 -0.06252129
v 0.20404312 0.064224474 -0.058895744
v 0.20883396 0.1294502 -0.018589644
v 0.06209162 0.0048438273 -0.0238094
v 0.14223087 0.0042017596 -0.06277117
v 0.18456471 0.004757984 -0.09980832
v 0.20741959 0.021333685 -0.061576977
v 0.21650214 0.064233065 -0.022818897
v 0.21875452 0.06412232 0.015010164
v 0.061081678 0.0047922162 0.016774364
v 0.14216502 0.0027807911 -0.023916632
v 0.20868333 0.00487863 -0.06252407
v 0.21600436 0.063772805 0.041643567
v 0.22373414 0.021238925 0.016388047
v 0.22084543 0.021349188 -0.02351176
v 0.22231534 0.004891511 -0.023808274
v 0.14258966 0.0030927686 0.017030932
v 0.22515644 0.0047833947 0.016776428
v 0.060129136 0.004455097 0.045257002
v 0.14340912 0.003404148 0.045350134
v 0.22713524 0.004323967 0.0453152
v 0.22577958 0.02075494 0.04446612
v 0.22769715 0.0032235517 0.081295274
v 0.22036347 0.062396776 0.0757699
v 0.061388403 0.02089537 0.04439776
v 0.14346695 0.0029516353 0.08088353
v 0.22653274 0.0195377 0.07998945
v 0.18728435 0.11653866 0.06869625
v 0.06580213 0.062436353 0.07573053
v 0.059259355 0.003283037 0.08126419
v 0.22967525 0.00031413822 0.13351947
v 0.099584356 0.11665035 0.068436705
v 0.14322181 0.12545861 0.12317788
v 0.19332096 0.10462346 0.12532191
v 0.2242082 0.057946704 0.12960859
v 0.09228957 0.104943894 0.12444407
v 0.14262259 0.110928684 0.18186526
v 0.14286797 0.00085463305 0.13278043
v 0.2289602 0.01599767 0.13216642
v 0.19717363 0.09417561 0.18226607
v 0.2312604 -0.0019482066 0.18930101
v 0.22693656 0.052983433 0.1858633
v 0.2311906 0.012564094 0.18886983
v 0.08744416 0.09420124 0.18194272
v 0.14235573 0.091795124 0.24360289
v 0.18357836 0.0822852 0.23855488
v 0.20095372 0.05049924 0.25204167
v 0.14216389 0.050368473 0.27032474
v 0.061191738 0.05820348 0.129211
v 0.10086158 0.0823032 0.23840825
v 0.058049172 0.053218633 0.18537395
v 0.060408384 0.01961769 0.07994153
v 0.08331992 0.05049924 0.25204167
v 0.14216389 0.011890099 0.2810026
v 0.057373226 0.016212605 0.1319296
v 0.05662042 0.00047149448 0.13335976
v 0.054472193 0.012633831 0.18874756
v 0.05431737 -0.0019036223 0.18923
v 0.1424407 -0.0014072348 0.18909216
v 0.078862146 0.011890096 0.25857505
v 0.20546696 0.011890096 0.25857505
v 0.20546411 -0.002159315 0.25857505
v 0.14216389 -0.0021593114 0.28044364
v 0.07886392 -0.002159315 0.25857505
v -0.2109027 0.41738516 0.039450873
v -0.21825817 0.459983 0.0018632016
v -0.21200603 0.46000218 0.040357575
v -0.1876844 0.4170112 0.0716244
v -0.21690369 0.41737264 0.0012103003
v -0.2120004 0.4599955 -0.036562517
v -0.1870864 0.37849927 0.06854349
v -0.14580458 0.3778503 0.08463543
v -0.21090609 0.41736728 -0.03702582
v -0.18833017 0.4599973 -0.06960862
v -0.21007322 0.37909865 0.03708221
v -0.21588904 0.37910986 -0.0011674626
v -0.18721372 0.37909722 -0.07097312
v -0.21008617 0.37908363 -0.03934347
v -0.1455299 0.3791291 -0.087496705
v -0.14496233 0.45997941 -0.087580904
v -0.10541627 0.37909746 -0.07724529
v -0.10248402 0.45995045 -0.0774875
v -0.07969093 0.4173444 -0.044337768
v -0.076488286 0.45992577 -0.04490576
v -0.06747761 0.45990992 0.0017057643
v -0.07115027 0.41732627 0.0010522706
v -0.07649085 0.4599198 0.048505306
v -0.0817875 0.37910366 -0.04567553
v -0.07971123 0.4172362 0.046599977
v -0.10440114 0.41720968 0.07846789
v -0.073623925 0.37910688 -0.0012936847
v -0.08180946 0.37897134 0.043284275
v -0.07797317 0.31441128 -0.006689718
v -0.085612684 0.31439006 -0.0488091
v -0.084563226 0.22782135 -0.013103097
v -0.10545625 0.37888443 0.07465973
v -0.08561039 0.31430817 0.035302762
v -0.10736635 0.31438196 -0.07957424
v -0.107396126 0.3142208 0.06567964
v -0.09123342 0.22775865 0.02507438
v -0.14553383 0.31307077 0.07518388
v -0.09125689 0.2278422 -0.05126738
v -0.14532678 0.3144244 -0.08932488
v -0.111751586 0.22769965 0.052323613
v -0.18495448 0.31385136 0.06018951
v -0.1109533 0.22784458 -0.07992314
v -0.18509196 0.31439865 -0.07396358
v -0.14544706 0.22692133 0.061110105
v -0.20719934 0.31439507 0.0302955
v -0.20721017 0.31440103 -0.043713916
v -0.14450844 0.22787796 -0.08726677
v -0.17928539 0.227538 0.047257762
v -0.14489193 0.18002559 0.05601255
v -0.21252356 0.31441844 -0.0066524725
v -0.17937377 0.22785209 -0.073507175
v -0.1450546 0.17834769 -0.08935835
v -0.19995952 0.22775066 0.020380946
v -0.19997752 0.22783087 -0.046597894
v -0.11109017 0.17892994 0.045899414
v -0.17800544 0.17960131 0.040896274
v -0.20504077 0.22780561 -0.013076535
v -0.17805316 0.17834567 -0.07416726
v -0.08823025 0.17818141 0.020355301
v -0.14459455 0.15344359 0.06047425
v -0.19930081 0.17852163 0.016255861
v -0.1966198 0.17833613 -0.0483864
v -0.10862063 0.1520188 0.046327543
v -0.17889515 0.15263331 0.0399282
v -0.20555009 0.17832851 -0.016864821
v -0.20063442 0.1525929 0.015789254
v -0.18592921 0.12794006 0.038687214
v -0.14422427 0.14281811 0.06875011
v -0.10469487 0.12920858 0.046058454
v -0.08624476 0.15224397 0.01976859
v -0.20653592 0.15238047 -0.017301837
v -0.20811161 0.12959325 0.014747756
v -0.14378655 0.13447024 0.09048813
v -0.08393711 0.17832482 -0.018903796
v -0.09160671 0.17834316 -0.052954745
v -0.08232093 0.15204751 -0.020683272
v -0.11236334 0.17835079 -0.078379236
v -0.081842035 0.12900424 0.019024543
v -0.088698745 0.12945603 -0.054474216
v -0.14401561 0.12945317 -0.09299417
v -0.079544544 0.12943792 -0.021139944
v -0.109355986 0.12945448 -0.08176856
v -0.17891295 0.12945567 -0.07741365
v -0.14255793 0.06424533 -0.10260717
v -0.10349876 0.064187154 -0.09360815
v -0.19859321 0.1294552 -0.050313298
v -0.18171859 0.06413017 -0.09365455
v -0.20883396 0.1294502 -0.018589644
v -0.08112076 0.06425118 -0.05888579
v -0.1422677 0.021336062 -0.10772684
v -0.20404312 0.064224474 -0.058895744
v -0.100780696 0.021265967 -0.0982144
v -0.1837657 0.021225316 -0.098240554
v -0.14223664 0.004870993 -0.10945602
v -0.21875452 0.06412232 0.015010164
v -0.21650214 0.064233065 -0.022818897
v -0.20741959 0.021333685 -0.061576977
v -0.21600436 0.063772805 0.041643567
v -0.22373414 0.021238925 0.016388047
v -0.18456471 0.004757984 -0.09980832
v -0.22084543 0.021349188 -0.02351176
v -0.20868333 0.00487863 -0.06252407
v -0.14223087 0.0042017596 -0.06277117
v -0.22036347 0.062396776 0.0757699
v -0.22577958 0.02075494 0.04446612
v -0.18728435 0.11653866 0.06869625
v -0.22515644 0.0047833947 0.016776428
v -0.22231534 0.004891511 -0.023808274
v -0.14216502 0.0027807911 -0.023916632
v -0.22713524 0.004323967 0.0453152
v -0.14258966 0.0030927686 0.017030932
v -0.14340912 0.003404148 0.045350134
v -0.22769715 0.0032235517 0.081295274
v -0.22653274 0.0195377 0.07998945
v -0.14322181 0.12545861 0.12317788
v -0.19332096 0.10462346 0.12532191
v -0.2242082 0.057946704 0.12960859
v -0.099584356 0.11665035 0.068436705
v -0.061081678 0.0047922162 0.016774364
v -0.060129136 0.004455097 0.045257002
v -0.14346695 0.0029516353 0.08088353
v -0.22967525 0.00031413822 0.13351947
v -0.2289602 0.01599767 0.13216642
v -0.06209162 0.0048438273 -0.0238094
v -0.07577659 0.0048885243 -0.06252129
v -0.0635398 0.021307107 -0.023512598
v -0.09991929 0.004803999 -0.09978329
v -0.07706912 0.021346679 -0.061573125
v -0.06834194 0.06419623 -0.022820096
v -0.062438518 0.021255614 0.01638557
v -0.067260146 0.064086914 0.015021463
v -0.07069245 0.06389869 0.041564524
v -0.061388403 0.02089537 0.04439776
v -0.06580213 0.062436353 0.07573053
v -0.059259355 0.003283037 0.08126419
v -0.060408384 0.01961769 0.07994153
v -0.09228957 0.104943894 0.12444407
v -0.14286797 0.00085463305 0.13278043
v -0.061191738 0.05820348 0.129211
v -0.14262259 0.110928684 0.18186526
v -0.05662042 0.00047149448 0.13335976
v -0.2312604 -0.0019482066 0.18930101
v -0.057373226 0.016212605 0.1319296
v -0.08744416 0.09420124 0.18194272
v -0.19717363 0.09417561 0.18226607
v -0.1424407 -0.0014072348 0.18909216
v -0.22693656 0.052983433 0.1858633
v -0.14235573 0.091795124 0.24360289
v -0.058049172 0.053218633 0.18537395
v -0.05431737 -0.0019036223 0.18923
v -0.2311906 0.012564094 0.18886983
v -0.18357836 0.0822852 0.23855488
v -0.10086158 0.0823032 0.23840825
v -0.054472193 0.012633831 0.18874756
v -0.20546411 -0.002159315 0.25857505
v -0.20095372 0.05049924 0.25204167
v -0.14216389 0.050368473 0.27032474
v -0.08331992 0.05049924 0.25204167
v -0.14216389 -0.0021593114 0.28044364
v -0.20546696 0.011890096 0.25857505
v -0.14216389 0.011890099 0.2810026
v -0.078862146 0.011890096 0.25857505
v -0.07886392 -0.002159315 0.25857505
v -0.039541125 0.9767047 -0.117911085
v -0 0.97633356 -0.12179503
v -0 0.9851466 -0.11956056
v 0.039541125 0.9767047 -0.117911085
v -0.039272495 0.98544514 -0.11577847
v 0.039272495 0.98544514 -0.11577847
v -0.07838687 0.97668046 -0.111326136
v 0.07838687 0.97668046 -0.111326136
v -0.077972494 0.98546803 -0.10908193
v 0.077972494 0.98546803 -0.10908193
v -0.11394222 0.9763694 -0.100477256
v 0.11394222 0.9763694 -0.100477256
v -0.11363694 0.9852941 -0.098114714
v 0.11363694 0.9852941 -0.098114714
v -0.14521493 0.9767788 -0.08314373
v 0.14521493 0.9767788 -0.08314373
v -0.144795 0.9856765 -0.081080526
v 0.144795 0.9856765 -0.081080526
v -0.16923623 0.9771206 -0.06027647
v 0.16923623 0.9771206 -0.06027647
v -0.1687219 0.9860391 -0.058949888
v 0.1687219 0.9860391 -0.058949888
v -0.18289885 0.9772975 -0.026710613
v 0.18289885 0.9772975 -0.026710613
v -0.18237934 0.98617655 -0.026047654
v 0.18237934 0.98617655 -0.026047654
v -0.18823424 0.97766083 0.015208592
v -0.18781698 0.98650134 0.015099506
v -0.18312734 0.98623294 0.05647638
v -0.18342534 0.97735536 0.05722418
v -0.1683915 0.98583096 0.09093418
v -0.16911665 0.9769137 0.091498636
v -0.14464015 0.9853635 0.11798301
v -0.14520288 0.9764093 0.11838866
v -0.11378254 0.9848905 0.13770938
v -0.11432487 0.97596675 0.13842665
v -0.077941954 0.9844291 0.1484371
v -0.0783838 0.97543585 0.14938788
v -0.039248373 0.9837268 0.15280862
v -0.039541125 0.9746756 0.15379132
v -0 0.9831631 0.15411907
v -0 0.97399336 0.15536632
v 0.039541125 0.9746756 0.15379132
v 0.039248373 0.9837268 0.15280862
v 0.0783838 0.97543585 0.14938788
v 0.077941954 0.9844291 0.1484371
v 0.11432487 0.97596675 0.13842665
v 0.11378254 0.9848905 0.13770938
v 0.14520288 0.9764093 0.11838866
v 0.14464015 0.9853635 0.11798301
v 0.16911665 0.9769137 0.091498636
v 0.1683915 0.98583096 0.09093418
v 0.18342534 0.97735536 0.05722418
v 0.18312734 0.98623294 0.05647638
v 0.18823424 0.97766083 0.015208592
v 0.18781698 0.98650134 0.015099506
v 0.19292256 1.6515917 0.17987126
v 0.14748767 1.762007 0.2169072
v 0.19373895 1.7538452 0.1722986
v 0.14480546 1.6497438 0.22928712
v 0.17761067 1.5578294 0.17261833
v 0.09703015 1.7709256 0.24014403
v 0.1343693 1.5477276 0.21604644
v 0.16014567 1.4992578 0.15465224
v 0.12588349 1.4770509 0.1734995
v 0.094843924 1.6487191 0.25418147
v 0.04776764 1.775468 0.25156173
v 0.0883538 1.5381076 0.23783536
v 0.083228886 1.4598403 0.1866926
v 0.046637222 1.648283 0.26608434
v -0 1.7765483 0.2563864
v 0.043563068 1.5332313 0.24804123
v 0.041019365 1.4518971 0.19358243
v -0 1.6481686 0.27097252
v -0 1.5319853 0.25215602
v -0 1.4499726 0.1964768
v -0.041019365 1.4518971 0.19358243
v -0.043563068 1.5332313 0.24804123
v -0.083228886 1.4598403 0.1866926
v -0.046637222 1.648283 0.26608434
v -0.04776764 1.775468 0.25156173
v -0.0883538 1.5381076 0.23783536
v -0.12588349 1.4770509 0.1734995
v -0.094843924 1.6487191 0.25418147
v -0.09703015 1.7709256 0.24014403
v -0.1343693 1.5477276 0.21604644
v -0.16014567 1.4992578 0.15465224
v -0.17761067 1.5578294 0.17261833
v -0.14480546 1.6497438 0.22928712
v -0.14748767 1.762007 0.2169072
v -0.19292256 1.6515917 0.17987126
v -0.19373895 1.7538452 0.1722986
v -0.8207257 1.2345166 -0.06553217
v -0.8139794 1.2179333 -0.04828551
v -0.7981895 1.2338215 -0.06347468
v -0.8409537 1.213945 -0.050336607
v -0.8397417 1.210509 -0.02074863
v -0.8154839 1.2100266 -0.019232038
v -0.8132659 1.2206619 0.012524986
v -0.8423948 1.2152042 0.012345532
v -0.8203187 1.2351993 0.03657275
v -0.8482505 1.2271272 -0.070003815
v -0.8547014 1.2623898 -0.073064245
v -0.8225249 1.266386 -0.06736607
v -0.823297 1.2854294 -0.043239996
v -0.87545204 1.2130798 -0.056114122
v -0.8748852 1.208268 -0.02151132
v -0.8756312 1.2223883 -0.082218505
v -0.90059304 1.2179639 -0.09000394
v -0.9053129 1.210891 -0.0603636
v -0.87573564 1.2520247 -0.08222289
v -0.8778876 1.2833215 -0.048085667
v -0.8772694 1.2694511 -0.07128007
v -0.9007416 1.2493583 -0.0900082
v -0.9028256 1.27391 -0.066595085
v -0.8773658 1.2831465 0.010944428
v -0.8236301 1.2868983 0.010915844
v -0.91929305 1.2493016 -0.089952596
v -0.90774786 1.2848487 -0.025067583
v -0.9034823 1.2724307 0.046436317
v -0.95422137 1.2734741 0.039524138
v -0.8547584 1.2641163 0.0445649
v -0.8233125 1.268719 0.035953984
v -0.95285845 1.2840966 -0.023954246
v -0.94689345 1.2721506 -0.0684018
v -0.8770137 1.2674391 0.043027394
v -0.84769154 1.2261751 0.04367258
v -0.87082386 1.2466925 0.06401058
v -0.88661134 1.238177 0.07928043
v -0.86427116 1.1997138 0.023357937
v -0.867154 1.2203127 0.05467953
v -0.88251185 1.2130493 0.069145784
v -0.87453115 1.2010111 0.00877844
v -0.912343 1.1885267 0.008638763
v -0.8869319 1.1930013 0.04347553
v -0.8985362 1.1882652 0.024242114
v -0.91447306 1.1899472 0.037005555
v -0.9048281 1.1944075 0.05695639
v -0.8994092 1.2099221 0.08155065
v -0.9094335 1.2039324 -0.023005655
v -0.93777275 1.2133248 -0.06419232
v -0.9036 1.2333364 0.09401602
v -0.942065 1.2124858 -0.022622004
v -0.93813956 1.2225586 -0.09189109
v -0.9545065 1.2178532 -0.0646213
v -0.94106436 1.2501498 -0.09241257
v -0.9186199 1.2630897 0.07283573
v -0.92514455 1.2274947 0.106568106
v -0.92588794 1.2687759 0.056303646
v -0.9398143 1.2622979 0.059078082
v -0.93953013 1.2538966 0.08787306
v -0.95663285 1.2506495 0.061501034
v -0.95825577 1.2532781 -0.09347668
v -0.9656173 1.2730542 -0.06924234
v -0.9548446 1.2272607 -0.09309137
v -0.9704894 1.2846457 -0.023009542
v -0.97206366 1.2738663 0.040849794
v -0.9713707 1.2464734 0.058641255
v -0.96731865 1.2416109 0.06996302
v -0.97391176 1.2225853 0.049852453
v -0.98504186 1.2474369 0.05661493
v -0.9899061 1.2742585 0.042175464
v -0.9881202 1.2851948 -0.022064824
v -0.98434126 1.2739581 -0.070082866
v -0.9754473 1.2564064 -0.09454079
v -1.0155706 1.2742616 0.04102121
v -1.0147165 1.2493004 0.054506738
v -1.0119712 1.2852505 -0.021584094
v -1.0244169 1.2742625 0.040623363
v -0.97154975 1.2319628 -0.09429165
v -1.0051155 1.2603097 -0.09366497
v -1.0078846 1.2746181 -0.068903245
v -0.9712404 1.2223817 -0.06505029
v -1.009268 1.2392272 -0.093578465
v -1.0222116 1.2852744 -0.021377672
v -1.0192637 1.2604051 -0.09359862
v -0.9598497 1.2159535 -0.022112712
v -1.019402 1.2749413 -0.06832617
v -1.0408496 1.274264 0.040064733
v -1.0406013 1.2853078 -0.021087855
v -1.0258456 1.2495981 0.054171216
v -1.0120082 1.2309009 -0.063766435
v -1.0220337 1.2393665 -0.0935066
v -1.0431406 1.2605389 -0.09350547
v -0.9749311 1.2195483 -0.022421239
v -1.039585 1.2753946 -0.06751589
v -1.0640905 1.2742697 0.03795399
v -1.0454837 1.2500163 0.05370011
v -1.0278807 1.2339168 0.046421677
v -1.0643827 1.2854209 -0.020110965
v -1.0178374 1.2334534 0.046507724
v -0.9850452 1.2280241 0.048111297
v -1.0626559 1.2607682 -0.09334599
v -1.0620505 1.2768309 -0.06494893
v -1.063486 1.2398964 -0.0932329
v -1.0237509 1.2310871 -0.063653745
v -1.0131646 1.2285455 -0.021160977
v -0.9808551 1.2188152 0.016675625
v -0.96556616 1.2133068 0.017841619
v -1.0153883 1.2288195 0.014604545
v -0.9456152 1.2076615 0.021170702
v -1.0244998 1.2288188 -0.02104046
v -1.0260283 1.2292074 0.014632127
v -0.9304296 1.1986489 0.023509495
v -0.9617137 1.210212 0.049932882
v -0.9541714 1.1986384 0.062438868
v -1.0624354 1.2317953 -0.063224584
v -1.0623432 1.2298586 -0.020581454
v -1.0634403 1.2306855 0.014737203
v -0.9693514 1.2144825 0.0636361
v -0.9390266 1.1946007 0.07918764
v -0.9626353 1.2013304 0.07196919
v -0.98105466 1.2065388 0.08303541
v -0.9832665 1.232996 0.08627531
v -1.0670911 1.2356814 0.046093967
v -0.9266163 1.2062899 0.096188255
v -0.94974566 1.1947097 0.08596784
v -0.9400097 1.2041793 0.10494356
v -0.9399495 1.2249774 0.114459984
v -0.9550849 1.2480534 0.09807553
v -0.959288 1.221296 0.12525156
v -0.9602077 1.201374 0.11893482
v -0.9715816 1.1931349 0.09908073
v -0.9887856 1.1886928 0.10997091
v -0.9717423 1.2431396 0.10926974
v -0.97972715 1.1989114 0.12917039
v -0.97933507 1.219196 0.13655007
v -0.9941 1.2391167 0.12001095
v -1.0177784 1.227644 0.10738152
v -1.0131797 1.203906 0.10421772
v -1.0031065 1.1868881 0.11834847
v -0.99475515 1.1973062 0.1370602
v -0.995258 1.217198 0.14435756
v -1.0090297 1.2363185 0.1284088
v -1.0301806 1.1999869 0.11295123
v -1.0207841 1.18286 0.12825978
v -1.0346048 1.2241063 0.11712046
v -1.0118673 1.1933637 0.14715827
v -1.0120196 1.2145872 0.1530287
v -1.0266345 1.2330507 0.13826105
v -1.0435535 1.2019851 0.12222664
v -1.0384998 1.1875104 0.13861588
v -1.0447071 1.2175995 0.12627718
v -1.0417966 1.2220613 0.14552373
v -1.0250158 1.2100768 0.15636751
v -1.0255162 1.1947788 0.15245652
v 0.17613527 1.4892168 0.09242671
v 0.16014567 1.4992578 0.15465224
v 0.17761067 1.5578294 0.17261833
v 0.12588349 1.4770509 0.1734995
v 0.21176006 1.5596632 0.09738311
v 0.19292256 1.6515917 0.17987126
v 0.13145384 1.4470074 0.09582598
v 0.083228886 1.4598403 0.1866926
v 0.1909098 1.4920952 0.0028897729
v 0.2326418 1.6546247 0.09961882
v 0.19373895 1.7538452 0.1722986
v 0.08497986 1.4248106 0.09974124
v 0.041019365 1.4518971 0.19358243
v 0.2315017 1.5638225 0.003273157
v 0.14119366 1.4476683 2.6192285E-05
v 0.041384026 1.4160538 0.10248395
v -0 1.4499726 0.1964768
v 0.19287735 1.507362 -0.08156848
v 0.0904872 1.4254589 -0.0033473766
v 0.14630312 1.4695742 -0.089032516
v 0.2535576 1.6575334 0.001740085
v 0.2282288 1.5711546 -0.08703885
v 0.18583739 1.526497 -0.13765536
v 0.22979537 1.7582585 0.09599161
v -0 1.4141858 0.103961535
v 0.043749124 1.4171402 -0.005000203
v 0.09528616 1.4495316 -0.09893174
v 0.15012258 1.5096258 -0.15763299
v 0.20392817 1.5771985 -0.15731262
v 0.24729162 1.6571879 -0.09367141
v 0.2490797 1.7600805 -0.00043703234
v -0.041384026 1.4160538 0.10248395
v -0.041019365 1.4518971 0.19358243
v -0.08497986 1.4248106 0.09974124
v -0.083228886 1.4598403 0.1866926
v -0.13145384 1.4470074 0.09582598
v -0.12588349 1.4770509 0.1734995
v -0.17613527 1.4892168 0.09242671
v -0.16014567 1.4992578 0.15465224
v -0.17761067 1.5578294 0.17261833
v -0.21176006 1.5596632 0.09738311
v -0.19292256 1.6515917 0.17987126
v -0.1909098 1.4920952 0.0028897729
v -0.14119366 1.4476683 2.6192285E-05
v -0.0904872 1.4254589 -0.0033473766
v -0.043749124 1.4171402 -0.005000203
v -0.2326418 1.6546247 0.09961882
v -0.19373895 1.7538452 0.1722986
v -0.2315017 1.5638225 0.003273157
v -0.19287735 1.507362 -0.08156848
v -0.14630312 1.4695742 -0.089032516
v -0 1.4155934 -0.005273255
v -0.09528616 1.4495316 -0.09893174
v 0.046506643 1.4417834 -0.10511625
v -0.046506643 1.4417834 -0.10511625
v 0.10075618 1.4954844 -0.17526028
v -0 1.440378 -0.107533164
v 0.16110799 1.5718439 -0.20104699
v 0.049924135 1.4889483 -0.1856997
v 0.2169354 1.6563013 -0.17098661
v 0.108464256 1.564376 -0.22679514
v 0.24315743 1.7530646 -0.09496373
v 0.16982624 1.6559718 -0.22198147
v 0.21543434 1.7457874 -0.16938956
v -0.049924135 1.4889483 -0.1856997
v -0 1.4876351 -0.19017905
v 0.05409096 1.560382 -0.2404709
v 0.114242405 1.6558473 -0.25112513
v 0.16985895 1.7531282 -0.21673383
v -0.10075618 1.4954844 -0.17526028
v -0.15012258 1.5096258 -0.15763299
v -0.18583739 1.526497 -0.13765536
v -0.2282288 1.5711546 -0.08703885
v -0.20392817 1.5771985 -0.15731262
v -0.16110799 1.5718439 -0.20104699
v -0.108464256 1.564376 -0.22679514
v -0.2535576 1.6575334 0.001740085
v -0.24729162 1.6571879 -0.09367141
v -0.2169354 1.6563013 -0.17098661
v -0.22979537 1.7582585 0.09599161
v -0.2490797 1.7600805 -0.00043703234
v -0.05409096 1.560382 -0.2404709
v -0.16982624 1.6559718 -0.22198147
v -0.24315743 1.7530646 -0.09496373
v -0 1.5594823 -0.24640487
v -0.114242405 1.6558473 -0.25112513
v -0.21543434 1.7457874 -0.16938956
v 0.05704078 1.6557391 -0.26645216
v -0.05704078 1.6557391 -0.26645216
v -0.16985895 1.7531282 -0.21673383
v 0.11426547 1.7626395 -0.24496742
v -0 1.655654 -0.27313957
v -0.11426547 1.7626395 -0.24496742
v 0.0569641 1.7675903 -0.26018095
v -0.0569641 1.7675903 -0.26018095
v -0 1.7686633 -0.26692182
v -0.20412138 1.8134894 -0.15609926
v -0.1656388 1.8392512 -0.18057857
v -0.21579662 1.8370967 -0.09528354
v -0.110882506 1.8610513 -0.20183858
v -0.21767941 1.8512392 -0.003515084
v -0.1666455 1.8934927 -0.106843196
v -0.054716423 1.8713391 -0.21471465
v -0.20369655 1.8465555 0.09046884
v -0.16475704 1.9150983 -0.0077239815
v -0.1077815 1.9269286 -0.11954302
v -0.18498668 1.8270917 0.15427393
v -0.15619639 1.9043078 0.0945629
v -0.1475777 1.8542541 0.17445283
v -0.14748767 1.762007 0.2169072
v -0.104488865 1.951637 -0.011834495
v -0.05194977 1.9412761 -0.1279443
v -0.10037126 1.9372692 0.09961093
v -0.097478285 1.875449 0.18958029
v -0.09703015 1.7709256 0.24014403
v -0.04960653 1.9671309 -0.014534316
v -0 1.8736409 -0.22058104
v -0.047730118 1.8850949 0.19799529
v -0.04776764 1.775468 0.25156173
v -0.048169404 1.9511275 0.10288647
v -0 1.9445184 -0.13186832
v 0.054716423 1.8713391 -0.21471465
v -0 1.8873005 0.20167877
v -0 1.7765483 0.2563864
v 0.04776764 1.775468 0.25156173
v -0 1.9706558 -0.015805706
v -0 1.954277 0.104373716
v 0.047730118 1.8850949 0.19799529
v 0.09703015 1.7709256 0.24014403
v 0.05194977 1.9412761 -0.1279443
v 0.110882506 1.8610513 -0.20183858
v 0.04960653 1.9671309 -0.014534316
v 0.048169404 1.9511275 0.10288647
v 0.097478285 1.875449 0.18958029
v 0.14748767 1.762007 0.2169072
v 0.1077815 1.9269286 -0.11954302
v 0.1656388 1.8392512 -0.18057857
v 0.104488865 1.951637 -0.011834495
v 0.10037126 1.9372692 0.09961093
v 0.1475777 1.8542541 0.17445283
v 0.1666455 1.8934927 -0.106843196
v 0.20412138 1.8134894 -0.15609926
v 0.21579662 1.8370967 -0.09528354
v 0.21767941 1.8512392 -0.003515084
v 0.16475704 1.9150983 -0.0077239815
v 0.20369655 1.8465555 0.09046884
v 0.15619639 1.9043078 0.0945629
v 0.18498668 1.8270917 0.15427393
v -0 1.4225992 0.05090732
v -0 1.4616239 0.050907314
v 0.019116893 1.4615871 0.049566694
v -0.019116893 1.4615871 0.049566694
v 0.02230373 1.423218 0.0495667
v 0.03689882 1.4616492 0.041447163
v -0.02230373 1.423218 0.0495667
v -0.036898807 1.4616492 0.041447163
v -0 1.3903658 0.050907325
v 0.02250439 1.390329 0.04780988
v -0.02250439 1.390329 0.04780988
v 0.04007025 1.4232492 0.04144717
v 0.041665837 1.3903261 0.039862026
v 0.052863985 1.4617844 0.028807025
v 0.057315007 1.3904221 0.026885968
v -0.04007025 1.4232492 0.04144717
v -0.041665837 1.3903261 0.039862026
v -0.052863985 1.4617844 0.028807025
v -0.057315007 1.3904221 0.026885968
v 0.052810013 1.4233117 0.028807033
v 0.0623852 1.461973 0.012789802
v 0.06745115 1.3905258 0.0102900965
v -0.052810013 1.4233117 0.028807033
v -0.062385187 1.461973 0.012789802
v -0.06745115 1.3905258 0.0102900965
v 0.062313735 1.423434 0.012789806
v 0.06693682 1.4619004 -0.0032000828
v 0.0728147 1.3904341 -0.005733801
v -0.062313735 1.423434 0.012789806
v -0.06693682 1.4619004 -0.0032000828
v -0.0728147 1.3904341 -0.005733801
v 0.066848546 1.4233364 -0.0032000765
v 0.0669336 1.4616804 -0.019510858
v -0.066848546 1.4233364 -0.0032000765
v -0.0669336 1.4616804 -0.019510858
v 0.06681104 1.4231359 -0.01951085
v 0.07302375 1.3903472 -0.020766445
v 0.062380552 1.461471 -0.03544755
v -0.06681104 1.4231359 -0.01951085
v -0.07302375 1.3903472 -0.020766445
v -0.062380552 1.461471 -0.03544755
v 0.062251195 1.4229696 -0.03544754
v 0.067674816 1.3902018 -0.036456816
v 0.05286306 1.4612775 -0.051322807
v -0.062251195 1.4229696 -0.03544754
v -0.067674816 1.3902018 -0.036456816
v -0.05286306 1.4612775 -0.051322807
v 0.052757785 1.4228461 -0.0513228
v 0.057323307 1.390038 -0.05242598
v 0.03689882 1.461143 -0.063870534
v -0.052757785 1.4228461 -0.0513228
v -0.057323307 1.390038 -0.05242598
v -0.03689882 1.461143 -0.063870534
v 0.03685306 1.422802 -0.06387053
v 0.0396723 1.3899273 -0.06477868
v 0.019116908 1.4610873 -0.071956195
v 0.02072388 1.3899717 -0.07252289
v -0.03685306 1.422802 -0.06387053
v -0.0396723 1.3899273 -0.06477868
v -0.019116908 1.4610873 -0.071956195
v -0.02072388 1.3899717 -0.07252289
v 0.019112617 1.4228004 -0.07195619
v -0 1.4611162 -0.07511135
v -0 1.3900461 -0.07593022
v -0.019112617 1.4228004 -0.07195619
v -0 1.4228271 -0.075111344
v -1.067144 1.2507325 0.052893467
v -1.0978311 1.2513552 0.049616847
v -1.097226 1.2359452 0.040808126
v -1.097521 1.2737575 0.03580232
v -1.0802838 1.2315252 0.01420136
v -1.0980326 1.2843186 -0.020215057
v -1.0772641 1.2306297 -0.02059758
v -1.0959357 1.276213 -0.06334397
v -1.0795956 1.2324632 -0.062676154
v -1.0942266 1.2392851 -0.088674806
v -1.0938579 1.2605927 -0.09114799
v -1.1072847 1.2335494 -0.06194755
v -1.1106981 1.2317989 -0.02115865
v -1.109502 1.232636 0.012623363
v -1.1398104 1.2721703 -0.02169283
v -1.1324457 1.2662926 -0.058972284
v -1.1200093 1.2595931 -0.08463335
v -1.1186061 1.2426164 -0.08493908
v -1.1393994 1.2565863 -0.060611434
v -1.1316239 1.2365927 -0.059688877
v -1.1430947 1.2354097 -0.022362538
v -1.1508693 1.2524474 -0.022301242
v -1.1384681 1.2341449 0.0072859777
v -1.1420695 1.252002 0.015123872
v -1.1303376 1.2374051 0.032965757
v -1.1276394 1.251549 0.038903754
v -1.1334106 1.2651184 0.023584383
v 0.33297083 1.3305551 0.001999343
v 0.38461906 1.2987287 0.030924622
v 0.3344267 1.302934 0.03054509
v 0.34065142 1.2576011 0.035661597
v 0.38305247 1.322648 0.0013852237
v 0.33319503 1.3304827 -0.033130016
v 0.38691223 1.2574412 0.035220213
v 0.42510962 1.2927048 0.032380193
v 0.38838604 1.2120254 0.017438468
v 0.35151604 1.1921637 0.019534219
v 0.3881106 1.1987854 -0.011664236
v 0.35015792 1.1771075 -0.008411547
v 0.34443113 1.2077787 -0.03932475
v 0.38530806 1.2156788 -0.04140096
v 0.3367763 1.2627223 -0.06190054
v 0.42125696 1.2025986 -0.012619947
v 0.42115515 1.2148088 0.01517774
v 0.42501724 1.251418 0.035830505
v 0.38311994 1.3222667 -0.033098575
v 0.4229079 1.3145171 0.0025622034
v 0.47651905 1.2896724 0.03003428
v 0.3848579 1.2965735 -0.061065197
v 0.33412084 1.3029287 -0.060145356
v 0.38613254 1.2545217 -0.06278452
v 0.42138392 1.2146175 -0.04128802
v 0.4645989 1.2025872 -0.012478762
v 0.46455652 1.2136365 0.014179367
v 0.50171316 1.202264 -0.012467169
v 0.4239068 1.28998 -0.062428948
v 0.4646935 1.2127755 -0.03990794
v 0.42387074 1.2488388 -0.06370184
v 0.4742316 1.242286 0.0355005
v 0.4229955 1.3134352 -0.033886522
v 0.47288 1.2872586 -0.05978563
v 0.47055966 1.2399665 -0.06253888
v 0.46967888 1.3078918 0.002432585
v 0.46967888 1.3068732 -0.0333514
v 0.50830585 1.3052903 0.0046084966
v 0.5081509 1.3030164 -0.037533607
v 0.5376006 1.2864153 0.031057784
v 0.5018448 1.2150795 -0.044049274
v 0.50610703 1.2825878 -0.062636316
v 0.50312185 1.2401229 -0.065597475
v 0.540659 1.2837186 -0.06084765
v 0.54617685 1.3054434 0.0029399095
v 0.53745806 1.2340124 -0.06388772
v 0.54606384 1.3044268 -0.033718348
v 0.54080105 1.2107314 -0.039805185
v 0.6124723 1.2756056 -0.059755083
v 0.61350477 1.278117 0.030533712
v 0.6136138 1.2999318 0.0032676314
v 0.6133693 1.2989333 -0.03368771
v 0.53481 1.2372402 0.036928505
v 0.5020078 1.2150686 0.016504508
v 0.5416213 1.2121257 0.014526427
v 0.5413369 1.2019396 -0.01239192
v 0.61044747 1.205009 -0.012583857
v 0.6107507 1.2145703 0.013667777
v 0.61218965 1.2401098 0.034144618
v 0.7010535 1.2747328 0.03173306
v 0.6101281 1.213345 -0.039540764
v 0.6970074 1.2061108 -0.01270307
v 0.6974335 1.2156068 0.01345254
v 0.7777592 1.2086788 -0.016247269
v 0.61097276 1.2374747 -0.061341878
v 0.69698906 1.2143251 -0.03964011
v 0.69935894 1.2396861 0.03397613
v 0.7012228 1.2961701 0.0049821227
v 0.6999812 1.2721717 -0.06068715
v 0.69836867 1.2370954 -0.061217297
v 0.701022 1.2950914 -0.035100624
v 0.7704642 1.2721102 0.03354949
v 0.7787241 1.2201487 0.012159227
v 0.7798412 1.2182003 -0.043127373
v 0.7696477 1.2694182 -0.063462384
v 0.78044355 1.2893867 0.01061965
v 0.7687733 1.2398202 0.03456835
v 0.80162966 1.2738543 0.033497747
v 0.7786975 1.2879499 -0.043126855
v 0.76787496 1.2370744 -0.062733956
v 0.7991762 1.2362169 0.034491938
v 0.8236301 1.2868983 0.010915844
v 0.8004621 1.2712556 -0.064368114
v 0.7981895 1.2338215 -0.06347468
v 0.823297 1.2854294 -0.043239996
v 0.8132659 1.2206619 0.012524986
v 0.8233125 1.268719 0.035953984
v 0.8139794 1.2179333 -0.04828551
v 0.8225249 1.266386 -0.06736607
v 0.8547014 1.2623898 -0.073064245
v 0.8207257 1.2345166 -0.06553217
v 0.8203187 1.2351993 0.03657275
v 0.8547584 1.2641163 0.0445649
v 0.8773658 1.2831465 0.010944428
v 0.8154839 1.2100266 -0.019232038
v 0.8397417 1.210509 -0.02074863
v 0.8409537 1.213945 -0.050336607
v 0.8423948 1.2152042 0.012345532
v 0.8482505 1.2271272 -0.070003815
v 0.87545204 1.2130798 -0.056114122
v 0.8778876 1.2833215 -0.048085667
v 0.84769154 1.2261751 0.04367258
v 0.8748852 1.208268 -0.02151132
v 0.8756312 1.2223883 -0.082218505
v 0.90059304 1.2179639 -0.09000394
v 0.87573564 1.2520247 -0.08222289
v 0.8772694 1.2694511 -0.07128007
v 0.9007416 1.2493583 -0.0900082
v 0.9028256 1.27391 -0.066595085
v 0.9053129 1.210891 -0.0603636
v 0.90774786 1.2848487 -0.025067583
v 0.9034823 1.2724307 0.046436317
v 0.95422137 1.2734741 0.039524138
v 0.91929305 1.2493016 -0.089952596
v 0.95285845 1.2840966 -0.023954246
v 0.8770137 1.2674391 0.043027394
v 0.87082386 1.2466925 0.06401058
v 0.94689345 1.2721506 -0.0684018
v 0.88661134 1.238177 0.07928043
v 0.93813956 1.2225586 -0.09189109
v 0.94106436 1.2501498 -0.09241257
v 0.93777275 1.2133248 -0.06419232
v 0.9094335 1.2039324 -0.023005655
v 0.912343 1.1885267 0.008638763
v 0.942065 1.2124858 -0.022622004
v 0.9545065 1.2178532 -0.0646213
v 0.87453115 1.2010111 0.00877844
v 0.86427116 1.1997138 0.023357937
v 0.8985362 1.1882652 0.024242114
v 0.867154 1.2203127 0.05467953
v 0.8869319 1.1930013 0.04347553
v 0.88251185 1.2130493 0.069145784
v 0.91447306 1.1899472 0.037005555
v 0.9048281 1.1944075 0.05695639
v 0.8994092 1.2099221 0.08155065
v 0.9036 1.2333364 0.09401602
v 0.9304296 1.1986489 0.023509495
v 0.9541714 1.1986384 0.062438868
v 0.9456152 1.2076615 0.021170702
v 0.9390266 1.1946007 0.07918764
v 0.9617137 1.210212 0.049932882
v 0.97391176 1.2225853 0.049852453
v 0.96556616 1.2133068 0.017841619
v 0.9626353 1.2013304 0.07196919
v 0.9598497 1.2159535 -0.022112712
v 0.9693514 1.2144825 0.0636361
v 0.98105466 1.2065388 0.08303541
v 0.94974566 1.1947097 0.08596784
v 0.9266163 1.2062899 0.096188255
v 0.9400097 1.2041793 0.10494356
v 0.92514455 1.2274947 0.106568106
v 0.9399495 1.2249774 0.114459984
v 0.9186199 1.2630897 0.07283573
v 0.93953013 1.2538966 0.08787306
v 0.92588794 1.2687759 0.056303646
v 0.9398143 1.2622979 0.059078082
v 0.95663285 1.2506495 0.061501034
v 0.9602077 1.201374 0.11893482
v 0.959288 1.221296 0.12525156
v 0.9550849 1.2480534 0.09807553
v 0.96731865 1.2416109 0.06996302
v 0.9713707 1.2464734 0.058641255
v 0.9715816 1.1931349 0.09908073
v 0.9887856 1.1886928 0.10997091
v 0.97972715 1.1989114 0.12917039
v 0.97206366 1.2738663 0.040849794
v 0.9704894 1.2846457 -0.023009542
v 0.9656173 1.2730542 -0.06924234
v 0.95825577 1.2532781 -0.09347668
v 0.9548446 1.2272607 -0.09309137
v 0.9712404 1.2223817 -0.06505029
v 0.98504186 1.2474369 0.05661493
v 0.9899061 1.2742585 0.042175464
v 0.9881202 1.2851948 -0.022064824
v 0.98434126 1.2739581 -0.070082866
v 0.9754473 1.2564064 -0.09454079
v 0.97154975 1.2319628 -0.09429165
v 1.0051155 1.2603097 -0.09366497
v 1.009268 1.2392272 -0.093578465
v 0.9832665 1.232996 0.08627531
v 0.9850452 1.2280241 0.048111297
v 0.9717423 1.2431396 0.10926974
v 0.97933507 1.219196 0.13655007
v 0.9941 1.2391167 0.12001095
v 1.0177784 1.227644 0.10738152
v 0.9808551 1.2188152 0.016675625
v 1.0131797 1.203906 0.10421772
v 1.0031065 1.1868881 0.11834847
v 0.99475515 1.1973062 0.1370602
v 0.995258 1.217198 0.14435756
v 0.9749311 1.2195483 -0.022421239
v 1.0120082 1.2309009 -0.063766435
v 1.0131646 1.2285455 -0.021160977
v 1.0090297 1.2363185 0.1284088
v 1.0153883 1.2288195 0.014604545
v 1.0178374 1.2334534 0.046507724
v 1.0147165 1.2493004 0.054506738
v 1.0155706 1.2742616 0.04102121
v 1.0119712 1.2852505 -0.021584094
v 1.0244169 1.2742625 0.040623363
v 1.0078846 1.2746181 -0.068903245
v 1.0222116 1.2852744 -0.021377672
v 1.0192637 1.2604051 -0.09359862
v 1.019402 1.2749413 -0.06832617
v 1.0220337 1.2393665 -0.0935066
v 1.0431406 1.2605389 -0.09350547
v 1.0237509 1.2310871 -0.063653745
v 1.063486 1.2398964 -0.0932329
v 1.0244998 1.2288188 -0.02104046
v 1.0624354 1.2317953 -0.063224584
v 1.0260283 1.2292074 0.014632127
v 1.0623432 1.2298586 -0.020581454
v 1.0278807 1.2339168 0.046421677
v 1.0634403 1.2306855 0.014737203
v 1.0258456 1.2495981 0.054171216
v 1.0408496 1.274264 0.040064733
v 1.0454837 1.2500163 0.05370011
v 1.0406013 1.2853078 -0.021087855
v 1.0670911 1.2356814 0.046093967
v 1.0640905 1.2742697 0.03795399
v 1.039585 1.2753946 -0.06751589
v 1.067144 1.2507325 0.052893467
v 1.0643827 1.2854209 -0.020110965
v 1.0626559 1.2607682 -0.09334599
v 1.0620505 1.2768309 -0.06494893
v 1.0802838 1.2315252 0.01420136
v 1.097226 1.2359452 0.040808126
v 1.0978311 1.2513552 0.049616847
v 1.097521 1.2737575 0.03580232
v 1.0980326 1.2843186 -0.020215057
v 1.0959357 1.276213 -0.06334397
v 1.0938579 1.2605927 -0.09114799
v 1.0772641 1.2306297 -0.02059758
v 1.0942266 1.2392851 -0.088674806
v 1.0795956 1.2324632 -0.062676154
v 1.1072847 1.2335494 -0.06194755
v 1.1106981 1.2317989 -0.02115865
v 1.109502 1.232636 0.012623363
v 1.1398104 1.2721703 -0.02169283
v 1.1324457 1.2662926 -0.058972284
v 1.1200093 1.2595931 -0.08463335
v 1.1186061 1.2426164 -0.08493908
v 1.1393994 1.2565863 -0.060611434
v 1.1316239 1.2365927 -0.059688877
v 1.1430947 1.2354097 -0.022362538
v 1.1508693 1.2524474 -0.022301242
v 1.1384681 1.2341449 0.0072859777
v 1.1420695 1.252002 0.015123872
v 1.1303376 1.2374051 0.032965757
v 1.1276394 1.251549 0.038903754
v 1.1334106 1.2651184 0.023584383
v -0.61350477 1.278117 0.030533712
v -0.53481 1.2372402 0.036928505
v -0.61218965 1.2401098 0.034144618
v -0.6107507 1.2145703 0.013667777
v -0.5416213 1.2121257 0.014526427
v -0.61044747 1.205009 -0.012583857
v -0.5376006 1.2864153 0.031057784
v -0.54617685 1.3054434 0.0029399095
v -0.6136138 1.2999318 0.0032676314
v -0.54606384 1.3044268 -0.033718348
v -0.6133693 1.2989333 -0.03368771
v -0.6124723 1.2756056 -0.059755083
v -0.5081509 1.3030164 -0.037533607
v -0.540659 1.2837186 -0.06084765
v -0.50830585 1.3052903 0.0046084966
v -0.53745806 1.2340124 -0.06388772
v -0.61097276 1.2374747 -0.061341878
v -0.6101281 1.213345 -0.039540764
v -0.54080105 1.2107314 -0.039805185
v -0.5413369 1.2019396 -0.01239192
v -0.50171316 1.202264 -0.012467169
v -0.5018448 1.2150795 -0.044049274
v -0.50312185 1.2401229 -0.065597475
v -0.50610703 1.2825878 -0.062636316
v -0.47055966 1.2399665 -0.06253888
v -0.47288 1.2872586 -0.05978563
v -0.4646935 1.2127755 -0.03990794
v -0.5020078 1.2150686 0.016504508
v -0.4742316 1.242286 0.0355005
v -0.46455652 1.2136365 0.014179367
v -0.47651905 1.2896724 0.03003428
v -0.46967888 1.3068732 -0.0333514
v -0.46967888 1.3078918 0.002432585
v -0.4229955 1.3134352 -0.033886522
v -0.4645989 1.2025872 -0.012478762
v -0.42501724 1.251418 0.035830505
v -0.4229079 1.3145171 0.0025622034
v -0.42115515 1.2148088 0.01517774
v -0.42510962 1.2927048 0.032380193
v -0.38691223 1.2574412 0.035220213
v -0.38461906 1.2987287 0.030924622
v -0.38305247 1.322648 0.0013852237
v -0.38311994 1.3222667 -0.033098575
v -0.38838604 1.2120254 0.017438468
v -0.4239068 1.28998 -0.062428948
v -0.3848579 1.2965735 -0.061065197
v -0.38613254 1.2545217 -0.06278452
v -0.42125696 1.2025986 -0.012619947
v -0.3881106 1.1987854 -0.011664236
v -0.38530806 1.2156788 -0.04140096
v -0.42387074 1.2488388 -0.06370184
v -0.42138392 1.2146175 -0.04128802
v 1.0120196 1.2145872 0.1530287
v 1.0266345 1.2330507 0.13826105
v 1.0118673 1.1933637 0.14715827
v 1.0346048 1.2241063 0.11712046
v 1.0207841 1.18286 0.12825978
v 1.0301806 1.1999869 0.11295123
v 1.0255162 1.1947788 0.15245652
v 1.0250158 1.2100768 0.15636751
v 1.0384998 1.1875104 0.13861588
v 1.0417966 1.2220613 0.14552373
v 1.0435535 1.2019851 0.12222664
v 1.0447071 1.2175995 0.12627718
vt 0.28295898 0.5102539
vt 0.28295898 0.5102539
vt 0.28295898 0.5102539
vt 0.28442383 0.5595703
vt 0.28442383 0.5595703
vt 0.28442383 0.5595703
vt 0.28295898 0.5288086
vt 0.28295898 0.5288086
vt 0.28295898 0.5288086
vt 0.28295898 0.5288086
vt 0.28295898 0.5288086
vt 0.28295898 0.5288086
vt 0.28295898 0.5288086
vt 0.28295898 0.5288086
vt 0.28295898 0.5288086
vt 0.28295898 0.5288086
vt 0.28295898 0.5288086
vt 0.28295898 0.5288086
vt 0.28295898 0.5288086
vt 0.28295898 0.5288086
vt 0.28295898 0.5288086
vt 0.28295898 0.5288086
vt 0.28295898 0.5288086
vt 0.28295898 0.5288086
vt 0.28295898 0.5288086
vt 0.28295898 0.5288086
vt 0.28295898 0.5288086
vt 0.28295898 0.5288086
vt 0.28295898 0.5288086
vt 0.28295898 0.5288086
vt 0.28295898 0.5288086
vt 0.28295898 0.5288086
vt 0.28295898 0.5288086
vt 0.28295898 0.5288086
vt 0.28295898 0.5288086
vt 0.28295898 0.5288086
vt 0.28295898 0.5288086
vt 0.28295898 0.5288086
vt 0.28295898 0.5288086
vt 0.28295898 0.5288086
vt 0.28295898 0.5288086
vt 0.28295898 0.5288086
vt 0.28295898 0.5288086
vt 0.28295898 0.5288086
vt 0.28295898 0.5288086
vt 0.28295898 0.5288086
vt 0.41552734 0.7128906
vt 0.41552734 0.7128906
vt 0.41552734 0.7128906
vt 0.41552734 0.7128906
vt 0.41552734 0.7128906
vt 0.41552734 0.7128906
vt 0.28515625 0.5332031
vt 0.28515625 0.5332031
vt 0.28515625 0.5332031
vt 0.28515625 0.5332031
vt 0.28515625 0.5332031
vt 0.28515625 0.5332031
vt 0.28515625 0.5332031
vt 0.28515625 0.5332031
vt 0.28515625 0.5332031
vt 0.28515625 0.5332031
vt 0.28515625 0.5332031
vt 0.28515625 0.5332031
vt 0.28515625 0.5332031
vt 0.28515625 0.5332031
vt 0.28515625 0.5332031
vt 0.28515625 0.5332031
vt 0.28515625 0.5332031
vt 0.28515625 0.5332031
vt 0.28515625 0.5332031
vt 0.28515625 0.5332031
vt 0.28515625 0.5332031
vt 0.28515625 0.5332031
vt 0.28515625 0.5332031
vt 0.28515625 0.5332031
vt 0.28515625 0.5332031
vt 0.28515625 0.5332031
vt 0.28515625 0.5332031
vt 0.28515625 0.5332031
vt 0.28515625 0.5332031
vt 0.28515625 0.5332031
vt 0.28515625 0.5332031
vt 0.28515625 0.5332031
vt 0.28515625 0.5332031
vt 0.28515625 0.5332031
vt 0.28515625 0.5332031
vt 0.28515625 0.5332031
vt 0.28515625 0.5332031
vt 0.28515625 0.5332031
vt 0.28515625 0.5332031
vt 0.28515625 0.5332031
vt 0.28515625 0.5332031
vt 0.28515625 0.5332031
vt 0.28515625 0.5332031
vt 0.28515625 0.5332031
vt 0.28515625 0.5332031
vt 0.28515625 0.5332031
vt 0.28515625 0.5332031
vt 0.28515625 0.5332031
vt 0.28515625 0.5332031
vt 0.28515625 0.5332031
vt 0.28515625 0.5332031
vt 0.28515625 0.5332031
vt 0.28515625 0.5332031
vt 0.28515625 0.5332031
vt 0.28515625 0.5332031
vt 0.28515625 0.5332031
vt 0.28515625 0.5332031
vt 0.28515625 0.5332031
vt 0.28515625 0.5332031
vt 0.28515625 0.5332031
vt 0.28515625 0.5332031
vt 0.28515625 0.5332031
vt 0.28515625 0.5332031
vt 0.28515625 0.5332031
vt 0.28515625 0.5332031
vt 0.28515625 0.5332031
vt 0.28515625 0.5332031
vt 0.28515625 0.5332031
vt 0.28515625 0.5332031
vt 0.28515625 0.5332031
vt 0.28515625 0.5332031
vt 0.28515625 0.5332031
vt 0.28515625 0.5332031
vt 0.28515625 0.5332031
vt 0.28515625 0.5332031
vt 0.28515625 0.5332031
vt 0.28515625 0.5332031
vt 0.28515625 0.5332031
vt 0.28515625 0.5332031
vt 0.28515625 0.5332031
vt 0.28515625 0.5332031
vt 0.28515625 0.5332031
vt 0.28515625 0.5332031
vt 0.28515625 0.5332031
vt 0.28515625 0.5332031
vt 0.28515625 0.5332031
vt 0.28515625 0.5332031
vt 0.28515625 0.5332031
vt 0.28515625 0.5332031
vt 0.28515625 0.5332031
vt 0.28515625 0.5332031
vt 0.28515625 0.5332031
vt 0.41552734 0.7128906
vt 0.41552734 0.7128906
vt 0.41552734 0.7128906
vt 0.41552734 0.7128906
vt 0.41552734 0.7128906
vt 0.41552734 0.7128906
vt 0.41552734 0.7128906
vt 0.41552734 0.7128906
vt 0.41552734 0.7128906
vt 0.41552734 0.7128906
vt 0.41552734 0.7128906
vt 0.41552734 0.7128906
vt 0.41552734 0.7128906
vt 0.41552734 0.7128906
vt 0.41552734 0.7128906
vt 0.41552734 0.7128906
vt 0.41552734 0.7128906
vt 0.41552734 0.7128906
vt 0.41552734 0.7128906
vt 0.41552734 0.7128906
vt 0.41552734 0.7128906
vt 0.41552734 0.7128906
vt 0.28320312 0.5029297
vt 0.28320312 0.5029297
vt 0.28320312 0.5029297
vt 0.28320312 0.5029297
vt 0.41625977 0.7163086
vt 0.41625977 0.7163086
vt 0.41625977 0.7163086
vt 0.41625977 0.7163086
vt 0.41625977 0.7163086
vt 0.41625977 0.7163086
vt 0.41625977 0.7163086
vt 0.41625977 0.7163086
vt 0.41625977 0.7163086
vt 0.41625977 0.7163086
vt 0.41625977 0.7163086
vt 0.41625977 0.7163086
vt 0.41625977 0.7163086
vt 0.41625977 0.7163086
vt 0.28515625 0.5332031
vt 0.28515625 0.5332031
vt 0.28515625 0.5332031
vt 0.28515625 0.5332031
vt 0.47216797 0.72265625
vt 0.47216797 0.72265625
vt 0.47216797 0.72265625
vt 0.47216797 0.72265625
vt 0.47216797 0.72265625
vt 0.47216797 0.72265625
vt 0.47216797 0.72265625
vt 0.47216797 0.72265625
vt 0.47216797 0.72265625
vt 0.47216797 0.72265625
vt 0.47216797 0.72265625
vt 0.47216797 0.72265625
vt 0.47216797 0.72265625
vt 0.47216797 0.72265625
vt 0.47216797 0.72265625
vt 0.47216797 0.72265625
vt 0.47216797 0.72265625
vt 0.47216797 0.72265625
vt 0.47216797 0.72265625
vt 0.47216797 0.72265625
vt 0.47216797 0.72265625
vt 0.2919922 0.64697266
vt 0.2919922 0.64697266
vt 0.2919922 0.64697266
vt 0.2919922 0.64697266
vt 0.2919922 0.64697266
vt 0.2919922 0.64697266
vt 0.2919922 0.64697266
vt 0.2919922 0.64697266
vt 0.2919922 0.64697266
vt 0.2919922 0.64697266
vt 0.2919922 0.64697266
vt 0.2919922 0.64697266
vt 0.2919922 0.64697266
vt 0.2919922 0.64697266
vt 0.2919922 0.64697266
vt 0.2919922 0.64697266
vt 0.2919922 0.64697266
vt 0.2919922 0.64697266
vt 0.2919922 0.64697266
vt 0.2919922 0.64697266
vt 0.2919922 0.64697266
vt 0.2919922 0.64697266
vt 0.2919922 0.64697266
vt 0.2919922 0.64697266
vt 0.2919922 0.64697266
vt 0.2919922 0.64697266
vt 0.2919922 0.64697266
vt 0.2919922 0.64697266
vt 0.2919922 0.64697266
vt 0.2919922 0.64697266
vt 0.2919922 0.64697266
vt 0.2919922 0.64697266
vt 0.2919922 0.64697266
vt 0.2919922 0.64697266
vt 0.2919922 0.64697266
vt 0.2919922 0.64697266
vt 0.2919922 0.64697266
vt 0.2919922 0.64697266
vt 0.2919922 0.64697266
vt 0.2919922 0.64697266
vt 0.2919922 0.64697266
vt 0.2919922 0.64697266
vt 0.2919922 0.64697266
vt 0.2919922 0.64697266
vt 0.2919922 0.64697266
vt 0.2919922 0.64697266
vt 0.2919922 0.64697266
vt 0.2919922 0.64697266
vt 0.2919922 0.64697266
vt 0.2919922 0.64697266
vt 0.2919922 0.64697266
vt 0.2919922 0.64697266
vt 0.2919922 0.64697266
vt 0.2919922 0.64697266
vt 0.2919922 0.64697266
vt 0.2919922 0.64697266
vt 0.2919922 0.64697266
vt 0.2919922 0.64697266
vt 0.2919922 0.64697266
vt 0.2919922 0.64697266
vt 0.2919922 0.64697266
vt 0.2919922 0.64697266
vt 0.2919922 0.64697266
vt 0.2919922 0.64697266
vt 0.2919922 0.64697266
vt 0.2919922 0.64697266
vt 0.2919922 0.64697266
vt 0.2919922 0.64697266
vt 0.2919922 0.64697266
vt 0.2919922 0.64697266
vt 0.2919922 0.64697266
vt 0.2919922 0.64697266
vt 0.2919922 0.64697266
vt 0.2919922 0.64697266
vt 0.2919922 0.64697266
vt 0.2919922 0.64697266
vt 0.2919922 0.64697266
vt 0.2919922 0.64697266
vt 0.2919922 0.64697266
vt 0.2919922 0.64697266
vt 0.2919922 0.64697266
vt 0.2919922 0.64697266
vt 0.2919922 0.64697266
vt 0.2919922 0.64697266
vt 0.2919922 0.64697266
vt 0.2919922 0.64697266
vt 0.2919922 0.64697266
vt 0.2919922 0.64697266
vt 0.2919922 0.64697266
vt 0.2919922 0.64697266
vt 0.2919922 0.64697266
vt 0.2919922 0.64697266
vt 0.2919922 0.64697266
vt 0.2919922 0.64697266
vt 0.2919922 0.64697266
vt 0.2919922 0.64697266
vt 0.2919922 0.64697266
vt 0.2919922 0.64697266
vt 0.2919922 0.64697266
vt 0.2919922 0.64697266
vt 0.2919922 0.64697266
vt 0.2919922 0.64697266
vt 0.2919922 0.64697266
vt 0.2919922 0.64697266
vt 0.2919922 0.64697266
vt 0.2919922 0.64697266
vt 0.2919922 0.64697266
vt 0.2919922 0.64697266
vt 0.2919922 0.64697266
vt 0.2919922 0.64697266
vt 0.2919922 0.64697266
vt 0.2919922 0.64697266
vt 0.2919922 0.64697266
vt 0.2919922 0.64697266
vt 0.2919922 0.64697266
vt 0.2919922 0.64697266
vt 0.2919922 0.64697266
vt 0.2919922 0.64697266
vt 0.2919922 0.64697266
vt 0.2919922 0.64697266
vt 0.2919922 0.64697266
vt 0.2919922 0.64697266
vt 0.2919922 0.64697266
vt 0.2919922 0.64697266
vt 0.2919922 0.64697266
vt 0.2919922 0.64697266
vt 0.2919922 0.64697266
vt 0.2919922 0.64697266
vt 0.2919922 0.64697266
vt 0.2919922 0.64697266
vt 0.2919922 0.64697266
vt 0.2919922 0.64697266
vt 0.2919922 0.64697266
vt 0.2919922 0.64697266
vt 0.2919922 0.64697266
vt 0.2919922 0.64697266
vt 0.2919922 0.64697266
vt 0.2919922 0.64697266
vt 0.2919922 0.64697266
vt 0.2919922 0.64697266
vt 0.2919922 0.64697266
vt 0.2919922 0.64697266
vt 0.2919922 0.64697266
vt 0.2919922 0.64697266
vt 0.2919922 0.64697266
vt 0.2919922 0.64697266
vt 0.2919922 0.64697266
vt 0.2919922 0.64697266
vt 0.2919922 0.64697266
vt 0.2919922 0.64697266
vt 0.2919922 0.64697266
vt 0.2919922 0.64697266
vt 0.2919922 0.64697266
vt 0.2919922 0.64697266
vt 0.2919922 0.64697266
vt 0.2919922 0.64697266
vt 0.2919922 0.64697266
vt 0.2919922 0.64697266
vt 0.2919922 0.64697266
vt 0.2919922 0.64697266
vt 0.2919922 0.64697266
vt 0.2919922 0.64697266
vt 0.2919922 0.64697266
vt 0.2919922 0.64697266
vt 0.2919922 0.64697266
vt 0.2919922 0.64697266
vt 0.2919922 0.64697266
vt 0.2919922 0.64697266
vt 0.2919922 0.64697266
vt 0.2919922 0.64697266
vt 0.2919922 0.64697266
vt 0.2919922 0.64697266
vt 0.2919922 0.64697266
vt 0.2919922 0.64697266
vt 0.2919922 0.64697266
vt 0.2919922 0.64697266
vt 0.28588867 0.64941406
vt 0.28588867 0.64941406
vt 0.28588867 0.64941406
vt 0.28588867 0.64941406
vt 0.28588867 0.64941406
vt 0.28588867 0.64941406
vt 0.28588867 0.64941406
vt 0.28588867 0.64941406
vt 0.28588867 0.64941406
vt 0.28588867 0.64941406
vt 0.28588867 0.64941406
vt 0.28588867 0.64941406
vt 0.28588867 0.64941406
vt 0.28588867 0.64941406
vt 0.28588867 0.64941406
vt 0.28588867 0.64941406
vt 0.28588867 0.64941406
vt 0.28588867 0.64941406
vt 0.28588867 0.64941406
vt 0.28588867 0.64941406
vt 0.28588867 0.64941406
vt 0.28588867 0.64941406
vt 0.28588867 0.64941406
vt 0.28588867 0.64941406
vt 0.28588867 0.64941406
vt 0.28588867 0.64941406
vt 0.28588867 0.64941406
vt 0.28588867 0.64941406
vt 0.28588867 0.64941406
vt 0.28588867 0.64941406
vt 0.28588867 0.64941406
vt 0.28588867 0.64941406
vt 0.28588867 0.64941406
vt 0.28515625 0.5332031
vt 0.28515625 0.5332031
vt 0.28515625 0.5332031
vt 0.28515625 0.5332031
vt 0.28515625 0.5332031
vt 0.28515625 0.5332031
vt 0.28515625 0.5332031
vt 0.28515625 0.5332031
vt 0.28515625 0.5332031
vt 0.28515625 0.5332031
vt 0.28515625 0.5332031
vt 0.28515625 0.5332031
vt 0.28515625 0.5332031
vt 0.28515625 0.5332031
vt 0.28515625 0.5332031
vt 0.28515625 0.5332031
vt 0.28515625 0.5332031
vt 0.28515625 0.5332031
vt 0.28515625 0.5332031
vt 0.28515625 0.5332031
vt 0.28515625 0.5332031
vt 0.28515625 0.5332031
vt 0.28515625 0.5332031
vt 0.28515625 0.5332031
vt 0.28515625 0.5332031
vt 0.28515625 0.5332031
vt 0.28515625 0.5332031
vt 0.28515625 0.5332031
vt 0.28515625 0.5332031
vt 0.28515625 0.5332031
vt 0.28515625 0.5332031
vt 0.28515625 0.5332031
vt 0.28515625 0.5332031
vt 0.28515625 0.5332031
vt 0.28515625 0.5332031
vt 0.28515625 0.5332031
vt 0.28515625 0.5332031
vt 0.28515625 0.5332031
vt 0.28515625 0.5332031
vt 0.28515625 0.5332031
vt 0.28515625 0.5332031
vt 0.28515625 0.5332031
vt 0.28515625 0.5332031
vt 0.28515625 0.5332031
vt 0.28515625 0.5332031
vt 0.28515625 0.5332031
vt 0.28515625 0.5332031
vt 0.28515625 0.5332031
vt 0.28515625 0.5332031
vt 0.28515625 0.5332031
vt 0.28515625 0.5332031
vt 0.28515625 0.5332031
vt 0.28515625 0.5332031
vt 0.28515625 0.5332031
vt 0.28515625 0.5332031
vt 0.28515625 0.5332031
vt 0.28515625 0.5332031
vt 0.28515625 0.5332031
vt 0.28515625 0.5332031
vt 0.28515625 0.5332031
vt 0.28515625 0.5332031
vt 0.28515625 0.5332031
vt 0.28515625 0.5332031
vt 0.28515625 0.5332031
vt 0.28515625 0.5332031
vt 0.28515625 0.5332031
vt 0.28515625 0.5332031
vt 0.28515625 0.5332031
vt 0.28515625 0.5332031
vt 0.28515625 0.5332031
vt 0.28515625 0.5332031
vt 0.28515625 0.5332031
vt 0.28515625 0.5332031
vt 0.28515625 0.5332031
vt 0.28515625 0.5332031
vt 0.28515625 0.5332031
vt 0.28515625 0.5332031
vt 0.28515625 0.5332031
vt 0.28515625 0.5332031
vt 0.28515625 0.5332031
vt 0.28515625 0.5332031
vt 0.28515625 0.5332031
vt 0.28515625 0.5332031
vt 0.28515625 0.5332031
vt 0.28515625 0.5332031
vt 0.28515625 0.5332031
vt 0.28515625 0.5332031
vt 0.28515625 0.5332031
vt 0.28515625 0.5332031
vt 0.28515625 0.5332031
vt 0.28515625 0.5332031
vt 0.28515625 0.5332031
vt 0.28515625 0.5332031
vt 0.28515625 0.5332031
vt 0.28515625 0.5332031
vt 0.28515625 0.5332031
vt 0.28515625 0.5332031
vt 0.28515625 0.5332031
vt 0.28515625 0.5332031
vt 0.28515625 0.5332031
vt 0.28515625 0.5332031
vt 0.28515625 0.5332031
vt 0.28515625 0.5332031
vt 0.28515625 0.5332031
vt 0.28515625 0.5332031
vt 0.28515625 0.5332031
vt 0.28515625 0.5332031
vt 0.28515625 0.5332031
vt 0.28515625 0.5332031
vt 0.28515625 0.5332031
vt 0.28515625 0.5332031
vt 0.28515625 0.5332031
vt 0.28515625 0.5332031
vt 0.28515625 0.5332031
vt 0.28515625 0.5332031
vt 0.28515625 0.5332031
vt 0.28515625 0.5332031
vt 0.28515625 0.5332031
vt 0.28515625 0.5332031
vt 0.28515625 0.5332031
vt 0.28515625 0.5332031
vt 0.28515625 0.5332031
vt 0.28515625 0.5332031
vt 0.28515625 0.5332031
vt 0.28515625 0.5332031
vt 0.28515625 0.5332031
vt 0.28515625 0.5332031
vt 0.28515625 0.5332031
vt 0.28515625 0.5332031
vt 0.28515625 0.5332031
vt 0.28515625 0.5332031
vt 0.28515625 0.5332031
vt 0.28515625 0.5332031
vt 0.28515625 0.5332031
vt 0.28515625 0.5332031
vt 0.28515625 0.5332031
vt 0.28515625 0.5332031
vt 0.28515625 0.5332031
vt 0.28515625 0.5332031
vt 0.28515625 0.5332031
vt 0.28515625 0.5332031
vt 0.28515625 0.5332031
vt 0.28515625 0.5332031
vt 0.28515625 0.5332031
vt 0.28515625 0.5332031
vt 0.28515625 0.5332031
vt 0.28515625 0.5332031
vt 0.28515625 0.5332031
vt 0.28515625 0.5332031
vt 0.28515625 0.5332031
vt 0.28515625 0.5332031
vt 0.28515625 0.5332031
vt 0.28515625 0.5332031
vt 0.28515625 0.5332031
vt 0.28515625 0.5332031
vt 0.28515625 0.5332031
vt 0.28515625 0.5332031
vt 0.28515625 0.5332031
vt 0.28515625 0.5332031
vt 0.28515625 0.5332031
vt 0.28515625 0.5332031
vt 0.28515625 0.5332031
vt 0.28515625 0.5332031
vt 0.28515625 0.5332031
vt 0.28515625 0.5332031
vt 0.28515625 0.5332031
vt 0.28515625 0.5332031
vt 0.28515625 0.5332031
vt 0.28515625 0.5332031
vt 0.28515625 0.5332031
vt 0.28515625 0.5332031
vt 0.28515625 0.5332031
vt 0.28515625 0.5332031
vt 0.28515625 0.5332031
vt 0.28515625 0.5332031
vt 0.28515625 0.5332031
vt 0.28515625 0.5332031
vt 0.28515625 0.5332031
vt 0.28515625 0.5332031
vt 0.28515625 0.5332031
vt 0.28515625 0.5332031
vt 0.28515625 0.5332031
vt 0.28515625 0.5332031
vt 0.28515625 0.5332031
vt 0.28515625 0.5332031
vt 0.28515625 0.5332031
vt 0.28515625 0.5332031
vt 0.28515625 0.5332031
vt 0.28515625 0.5332031
vt 0.28515625 0.5332031
vt 0.28515625 0.5332031
vt 0.28515625 0.5332031
vt 0.28515625 0.5332031
vt 0.28515625 0.5332031
vt 0.28515625 0.5332031
vt 0.28515625 0.5332031
vt 0.28515625 0.5332031
vt 0.28515625 0.5332031
vt 0.28515625 0.5332031
vt 0.28515625 0.5332031
vt 0.28515625 0.5332031
vt 0.28515625 0.5332031
vt 0.28515625 0.5332031
vt 0.28515625 0.5332031
vt 0.28515625 0.5332031
vt 0.28515625 0.5332031
vt 0.28515625 0.5332031
vt 0.28515625 0.5332031
vt 0.28515625 0.5332031
vt 0.28515625 0.5332031
vt 0.28515625 0.5332031
vt 0.28515625 0.5332031
vt 0.28515625 0.5332031
vt 0.28515625 0.5332031
vt 0.28515625 0.5332031
vt 0.28515625 0.5332031
vt 0.28515625 0.5332031
vt 0.28515625 0.5332031
vt 0.28515625 0.5332031
vt 0.28515625 0.5332031
vt 0.28515625 0.5332031
vt 0.28515625 0.5332031
vt 0.28515625 0.5332031
vt 0.28515625 0.5332031
vt 0.28515625 0.5332031
vt 0.28515625 0.5332031
vt 0.28515625 0.5332031
vt 0.28515625 0.5332031
vt 0.28515625 0.5332031
vt 0.28515625 0.5332031
vt 0.28515625 0.5332031
vt 0.28515625 0.5332031
vt 0.28515625 0.5332031
vt 0.28515625 0.5332031
vt 0.28515625 0.5332031
vt 0.28515625 0.5332031
vt 0.28515625 0.5332031
vt 0.28515625 0.5332031
vt 0.28515625 0.5332031
vt 0.28515625 0.5332031
vt 0.28515625 0.5332031
vt 0.28515625 0.5332031
vt 0.28515625 0.5332031
vt 0.28515625 0.5332031
vt 0.28515625 0.5332031
vt 0.28515625 0.5332031
vt 0.28833008 0.6557617
vt 0.28833008 0.6557617
vt 0.28833008 0.6557617
vt 0.28833008 0.6557617
vt 0.28833008 0.6557617
vt 0.28833008 0.6557617
vt 0.28833008 0.6557617
vt 0.28833008 0.6557617
vt 0.28833008 0.6557617
vt 0.28833008 0.6557617
vt 0.28833008 0.6557617
vt 0.28833008 0.6557617
vt 0.28833008 0.6557617
vt 0.28833008 0.6557617
vt 0.28833008 0.6557617
vt 0.28833008 0.6557617
vt 0.28833008 0.6557617
vt 0.28833008 0.6557617
vt 0.28833008 0.6557617
vt 0.28833008 0.6557617
vt 0.28833008 0.6557617
vt 0.28833008 0.6557617
vt 0.28833008 0.6557617
vt 0.28833008 0.6557617
vt 0.28833008 0.6557617
vt 0.28833008 0.6557617
vt 0.28833008 0.6557617
vt 0.28833008 0.6557617
vt 0.28833008 0.6557617
vt 0.28833008 0.6557617
vt 0.28833008 0.6557617
vt 0.28833008 0.6557617
vt 0.28833008 0.6557617
vt 0.28833008 0.6557617
vt 0.28833008 0.6557617
vt 0.28833008 0.6557617
vt 0.28833008 0.6557617
vt 0.28833008 0.6557617
vt 0.28833008 0.6557617
vt 0.28833008 0.6557617
vt 0.28833008 0.6557617
vt 0.28833008 0.6557617
vt 0.28833008 0.6557617
vt 0.28833008 0.6557617
vt 0.28833008 0.6557617
vt 0.28833008 0.6557617
vt 0.28833008 0.6557617
vt 0.28833008 0.6557617
vt 0.28833008 0.6557617
vt 0.28833008 0.6557617
vt 0.28833008 0.6557617
vt 0.28833008 0.6557617
vt 0.28833008 0.6557617
vt 0.28833008 0.6557617
vt 0.28833008 0.6557617
vt 0.28833008 0.6557617
vt 0.28833008 0.6557617
vt 0.28833008 0.6557617
vt 0.28833008 0.6557617
vt 0.28833008 0.6557617
vt 0.28833008 0.6557617
vt 0.28833008 0.6557617
vt 0.28833008 0.6557617
vt 0.28833008 0.6557617
vt 0.28833008 0.6557617
vt 0.28833008 0.6557617
vt 0.28833008 0.6557617
vt 0.28833008 0.6557617
vt 0.28833008 0.6557617
vt 0.28833008 0.6557617
vt 0.28833008 0.6557617
vt 0.28833008 0.6557617
vt 0.28833008 0.6557617
vt 0.28833008 0.6557617
vt 0.28833008 0.6557617
vt 0.28833008 0.6557617
vt 0.28833008 0.6557617
vt 0.28833008 0.6557617
vt 0.28833008 0.6557617
vt 0.28833008 0.6557617
vt 0.46020508 0.7167969
vt 0.46020508 0.7167969
vt 0.46020508 0.7167969
vt 0.46020508 0.7167969
vt 0.46020508 0.7167969
vt 0.46020508 0.7167969
vt 0.46020508 0.7167969
vt 0.46020508 0.7167969
vt 0.46020508 0.7167969
vt 0.46020508 0.7167969
vt 0.46020508 0.7167969
vt 0.46020508 0.7167969
vt 0.46020508 0.7167969
vt 0.46020508 0.7167969
vt 0.46020508 0.7167969
vt 0.46020508 0.7167969
vt 0.46020508 0.7167969
vt 0.46020508 0.7167969
vt 0.46020508 0.7167969
vt 0.46020508 0.7167969
vt 0.46020508 0.7167969
vt 0.46020508 0.7167969
vt 0.46020508 0.7167969
vt 0.46020508 0.7167969
vt 0.46020508 0.7167969
vt 0.46020508 0.7167969
vt 0.46020508 0.7167969
vt 0.46020508 0.7167969
vt 0.46020508 0.7167969
vt 0.46020508 0.7167969
vt 0.46020508 0.7167969
vt 0.46020508 0.7167969
vt 0.46020508 0.7167969
vt 0.46020508 0.7167969
vt 0.46020508 0.7167969
vt 0.46020508 0.7167969
vt 0.46020508 0.7167969
vt 0.46020508 0.7167969
vt 0.46020508 0.7167969
vt 0.46020508 0.7167969
vt 0.46020508 0.7167969
vt 0.46020508 0.7167969
vt 0.46020508 0.7167969
vt 0.46020508 0.7167969
vt 0.46020508 0.7167969
vt 0.46020508 0.7167969
vt 0.46020508 0.7167969
vt 0.46020508 0.7167969
vt 0.46020508 0.7167969
vt 0.46020508 0.7167969
vt 0.46020508 0.7167969
vt 0.46020508 0.7167969
vt 0.46020508 0.7167969
vt 0.46020508 0.7167969
vt 0.46020508 0.7167969
vt 0.46020508 0.7167969
vt 0.28515625 0.5332031
vt 0.28515625 0.5332031
vt 0.28515625 0.5332031
vt 0.28515625 0.5332031
vt 0.28515625 0.5332031
vt 0.28515625 0.5332031
vt 0.28515625 0.5332031
vt 0.28515625 0.5332031
vt 0.28515625 0.5332031
vt 0.28515625 0.5332031
vt 0.28515625 0.5332031
vt 0.28515625 0.5332031
vt 0.28515625 0.5332031
vt 0.28515625 0.5332031
vt 0.28515625 0.5332031
vt 0.28515625 0.5332031
vt 0.28515625 0.5332031
vt 0.28515625 0.5332031
vt 0.28515625 0.5332031
vt 0.28515625 0.5332031
vt 0.28515625 0.5332031
vt 0.28515625 0.5332031
vt 0.28515625 0.5332031
vt 0.28515625 0.5332031
vt 0.28515625 0.5332031
vt 0.28515625 0.5332031
vt 0.28515625 0.5332031
vt 0.28515625 0.5332031
vt 0.28515625 0.5332031
vt 0.28515625 0.5332031
vt 0.28515625 0.5332031
vt 0.28515625 0.5332031
vt 0.28515625 0.5332031
vt 0.28515625 0.5332031
vt 0.28515625 0.5332031
vt 0.28515625 0.5332031
vt 0.28515625 0.5332031
vt 0.28515625 0.5332031
vt 0.28515625 0.5332031
vt 0.28515625 0.5332031
vt 0.28515625 0.5332031
vt 0.28515625 0.5332031
vt 0.28515625 0.5332031
vt 0.28515625 0.5332031
vt 0.28515625 0.5332031
vt 0.28515625 0.5332031
vt 0.28515625 0.5332031
vt 0.28515625 0.5332031
vt 0.28515625 0.5332031
vt 0.28515625 0.5332031
vt 0.28515625 0.5332031
vt 0.28515625 0.5332031
vt 0.28515625 0.5332031
vt 0.28515625 0.5332031
vt 0.28515625 0.5332031
vt 0.28515625 0.5332031
vt 0.28515625 0.5332031
vt 0.28515625 0.5332031
vt 0.28515625 0.5332031
vt 0.28515625 0.5332031
vt 0.28515625 0.5332031
vt 0.28515625 0.5332031
vt 0.28515625 0.5332031
vt 0.28515625 0.5332031
vt 0.28515625 0.5332031
vt 0.28515625 0.5332031
vt 0.28515625 0.5332031
vt 0.28515625 0.5332031
vt 0.28515625 0.5332031
vt 0.28515625 0.5332031
vt 0.28515625 0.5332031
vt 0.28515625 0.5332031
vt 0.28515625 0.5332031
vt 0.28515625 0.5332031
vt 0.28515625 0.5332031
vt 0.28515625 0.5332031
vt 0.28515625 0.5332031
vt 0.28515625 0.5332031
vt 0.28515625 0.5332031
vt 0.28515625 0.5332031
vt 0.28515625 0.5332031
vt 0.28515625 0.5332031
vt 0.28515625 0.5332031
vt 0.28515625 0.5332031
vt 0.28515625 0.5332031
vt 0.28515625 0.5332031
vt 0.28515625 0.5332031
vt 0.28515625 0.5332031
vt 0.28515625 0.5332031
vt 0.28515625 0.5332031
vt 0.28515625 0.5332031
vt 0.28515625 0.5332031
vt 0.28515625 0.5332031
vt 0.28515625 0.5332031
vt 0.28515625 0.5332031
vt 0.28515625 0.5332031
vt 0.28515625 0.5332031
vt 0.28515625 0.5332031
vt 0.28515625 0.5332031
vt 0.28515625 0.5332031
vt 0.28515625 0.5332031
vt 0.28515625 0.5332031
vt 0.28515625 0.5332031
vt 0.28515625 0.5332031
vt 0.28515625 0.5332031
vt 0.28515625 0.5332031
vt 0.28515625 0.5332031
vt 0.28515625 0.5332031
vt 0.28515625 0.5332031
vt 0.28515625 0.5332031
vt 0.28515625 0.5332031
vt 0.28515625 0.5332031
vt 0.28515625 0.5332031
vt 0.28515625 0.5332031
vt 0.28515625 0.5332031
vt 0.28515625 0.5332031
vt 0.28515625 0.5332031
vt 0.28515625 0.5332031
vt 0.28515625 0.5332031
vt 0.28515625 0.5332031
vt 0.28515625 0.5332031
vt 0.28515625 0.5332031
vt 0.28515625 0.5332031
vt 0.28515625 0.5332031
vt 0.28515625 0.5332031
vt 0.28515625 0.5332031
vt 0.28515625 0.5332031
vt 0.28515625 0.5332031
vt 0.28515625 0.5332031
vt 0.28515625 0.5332031
vt 0.28515625 0.5332031
vt 0.28515625 0.5332031
vt 0.28515625 0.5332031
vt 0.28515625 0.5332031
vt 0.28515625 0.5332031
vt 0.28515625 0.5332031
vt 0.28515625 0.5332031
vt 0.28515625 0.5332031
vt 0.28515625 0.5332031
vt 0.28515625 0.5332031
vt 0.28515625 0.5332031
vt 0.28515625 0.5332031
vt 0.28515625 0.5332031
vt 0.28515625 0.5332031
vt 0.28515625 0.5332031
vt 0.28515625 0.5332031
vt 0.28515625 0.5332031
vt 0.28515625 0.5332031
vt 0.28515625 0.5332031
vt 0.28515625 0.5332031
vt 0.28515625 0.5332031
vt 0.28515625 0.5332031
vt 0.28515625 0.5332031
vt 0.28515625 0.5332031
vt 0.28515625 0.5332031
vt 0.28515625 0.5332031
vt 0.28515625 0.5332031
vt 0.28515625 0.5332031
vt 0.28515625 0.5332031
vt 0.28515625 0.5332031
vt 0.28515625 0.5332031
vt 0.28515625 0.5332031
vt 0.28515625 0.5332031
vt 0.28515625 0.5332031
vt 0.28515625 0.5332031
vt 0.28515625 0.5332031
vt 0.28515625 0.5332031
vt 0.28515625 0.5332031
vt 0.28515625 0.5332031
vt 0.28515625 0.5332031
vt 0.28515625 0.5332031
vt 0.28515625 0.5332031
vt 0.28515625 0.5332031
vt 0.28515625 0.5332031
vt 0.28515625 0.5332031
vt 0.28515625 0.5332031
vt 0.28515625 0.5332031
vt 0.28515625 0.5332031
vt 0.28515625 0.5332031
vt 0.28515625 0.5332031
vt 0.28515625 0.5332031
vt 0.28515625 0.5332031
vt 0.28515625 0.5332031
vt 0.28515625 0.5332031
vt 0.28515625 0.5332031
vt 0.28515625 0.5332031
vt 0.28515625 0.5332031
vt 0.28515625 0.5332031
vt 0.28515625 0.5332031
vt 0.28515625 0.5332031
vt 0.28515625 0.5332031
vt 0.28515625 0.5332031
vt 0.28515625 0.5332031
vt 0.28515625 0.5332031
vt 0.28515625 0.5332031
vt 0.28515625 0.5332031
vt 0.28515625 0.5332031
vt 0.28515625 0.5332031
vt 0.28515625 0.5332031
vt 0.28515625 0.5332031
vt 0.28515625 0.5332031
vt 0.28515625 0.5332031
vt 0.28515625 0.5332031
vt 0.28515625 0.5332031
vt 0.28515625 0.5332031
vt 0.28515625 0.5332031
vt 0.28515625 0.5332031
vt 0.28515625 0.5332031
vt 0.28515625 0.5332031
vt 0.28515625 0.5332031
vt 0.28515625 0.5332031
vt 0.28515625 0.5332031
vt 0.28515625 0.5332031
vt 0.28515625 0.5332031
vt 0.28515625 0.5332031
vt 0.28515625 0.5332031
vt 0.28515625 0.5332031
vt 0.28515625 0.5332031
vt 0.28515625 0.5332031
vt 0.28515625 0.5332031
vt 0.28515625 0.5332031
vt 0.28515625 0.5332031
vt 0.28515625 0.5332031
vt 0.28515625 0.5332031
vt 0.28515625 0.5332031
vt 0.28515625 0.5332031
vt 0.28515625 0.5332031
vt 0.28515625 0.5332031
vt 0.28515625 0.5332031
vt 0.28515625 0.5332031
vt 0.28515625 0.5332031
vt 0.28515625 0.5332031
vt 0.28515625 0.5332031
vt 0.28515625 0.5332031
vt 0.28515625 0.5332031
vt 0.28515625 0.5332031
vt 0.28515625 0.5332031
vt 0.28515625 0.5332031
vt 0.28515625 0.5332031
vt 0.28515625 0.5332031
vt 0.28515625 0.5332031
vt 0.28515625 0.5332031
vt 0.28515625 0.5332031
vt 0.28515625 0.5332031
vt 0.28515625 0.5332031
vt 0.28515625 0.5332031
vt 0.28515625 0.5332031
vt 0.28515625 0.5332031
vt 0.28515625 0.5332031
vt 0.28515625 0.5332031
vt 0.28515625 0.5332031
vt 0.28515625 0.5332031
vt 0.28515625 0.5332031
vt 0.28515625 0.5332031
vt 0.28515625 0.5332031
vt 0.28515625 0.5332031
vt 0.28515625 0.5332031
vt 0.28515625 0.5332031
vt 0.28515625 0.5332031
vt 0.28515625 0.5332031
vt 0.28515625 0.5332031
vt 0.28515625 0.5332031
vt 0.28515625 0.5332031
vt 0.28515625 0.5332031
vt 0.28515625 0.5332031
vt 0.28515625 0.5332031
vt 0.28515625 0.5332031
vt 0.28515625 0.5332031
vt 0.28515625 0.5332031
vt 0.28515625 0.5332031
vt 0.28515625 0.5332031
vt 0.28515625 0.5332031
vt 0.28515625 0.5332031
vt 0.28515625 0.5332031
vt 0.28515625 0.5332031
vt 0.28515625 0.5332031
vt 0.28515625 0.5332031
vt 0.28515625 0.5332031
vt 0.28515625 0.5332031
vt 0.28515625 0.5332031
vt 0.28515625 0.5332031
vt 0.28515625 0.5332031
vt 0.28515625 0.5332031
vt 0.28515625 0.5332031
vt 0.28515625 0.5332031
vt 0.28515625 0.5332031
vt 0.28515625 0.5332031
vt 0.28515625 0.5332031
vt 0.28515625 0.5332031
vt 0.28515625 0.5332031
vt 0.28515625 0.5332031
vt 0.28515625 0.5332031
vt 0.28515625 0.5332031
vt 0.28515625 0.5332031
vt 0.28515625 0.5332031
vt 0.28344727 0.6484375
vt 0.28344727 0.6484375
vt 0.28344727 0.6484375
vt 0.28344727 0.6484375
vt 0.28344727 0.6484375
vt 0.28344727 0.6484375
vt 0.28344727 0.6484375
vt 0.28344727 0.6484375
vt 0.28344727 0.6484375
vt 0.28344727 0.6484375
vt 0.28344727 0.6484375
vt 0.28344727 0.6484375
vt 0.28344727 0.6484375
vt 0.28344727 0.6484375
vt 0.28344727 0.6484375
vt 0.28344727 0.6484375
vt 0.28344727 0.6484375
vt 0.28344727 0.6484375
vt 0.28344727 0.6484375
vt 0.28344727 0.6484375
vt 0.28344727 0.6484375
vt 0.28344727 0.6484375
vt 0.28344727 0.6484375
vt 0.28344727 0.6484375
vt 0.28344727 0.6484375
vt 0.2902832 0.58691406
vt 0.2902832 0.58691406
vt 0.2902832 0.58691406
vt 0.2902832 0.58691406
vt 0.2902832 0.58691406
vt 0.2902832 0.58691406
vt 0.2902832 0.58691406
vt 0.2902832 0.58691406
vt 0.2902832 0.58691406
vt 0.2902832 0.58691406
vt 0.2902832 0.58691406
vt 0.2902832 0.58691406
vt 0.2902832 0.58691406
vt 0.2902832 0.58691406
vt 0.2902832 0.58691406
vt 0.2902832 0.58691406
vt 0.2902832 0.58691406
vt 0.2902832 0.58691406
vt 0.2902832 0.58691406
vt 0.2902832 0.58691406
vt 0.2902832 0.58691406
vt 0.2902832 0.58691406
vt 0.2902832 0.58691406
vt 0.2902832 0.58691406
vt 0.2902832 0.58691406
vt 0.2902832 0.58691406
vt 0.2902832 0.58691406
vt 0.2902832 0.58691406
vt 0.2902832 0.58691406
vt 0.2902832 0.58691406
vt 0.2902832 0.58691406
vt 0.2902832 0.58691406
vt 0.2902832 0.58691406
vt 0.2902832 0.58691406
vt 0.2902832 0.58691406
vt 0.2902832 0.58691406
vt 0.2902832 0.58691406
vt 0.2902832 0.58691406
vt 0.2902832 0.58691406
vt 0.2902832 0.58691406
vt 0.2902832 0.58691406
vt 0.2902832 0.58691406
vt 0.2902832 0.58691406
vt 0.2902832 0.58691406
vt 0.2902832 0.58691406
vt 0.2902832 0.58691406
vt 0.2902832 0.58691406
vt 0.2902832 0.58691406
vt 0.2902832 0.58691406
vt 0.2902832 0.58691406
vt 0.2902832 0.58691406
vt 0.2902832 0.58691406
vt 0.2902832 0.58691406
vt 0.2902832 0.58691406
vt 0.2902832 0.58691406
vt 0.2902832 0.58691406
vt 0.2902832 0.58691406
vt 0.2902832 0.58691406
vt 0.2902832 0.58691406
vt 0.2902832 0.58691406
vt 0.2902832 0.58691406
vt 0.2902832 0.58691406
vt 0.2902832 0.58691406
vt 0.2902832 0.58691406
vt 0.2902832 0.58691406
vt 0.2902832 0.58691406
vt 0.2902832 0.58691406
vt 0.2902832 0.58691406
vt 0.2902832 0.58691406
vt 0.2902832 0.58691406
vt 0.2902832 0.58691406
vt 0.2902832 0.58691406
vt 0.2902832 0.58691406
vt 0.2902832 0.58691406
vt 0.2902832 0.58691406
vt 0.2902832 0.58691406
vt 0.2902832 0.58691406
vt 0.2902832 0.58691406
vt 0.2902832 0.58691406
vt 0.2902832 0.58691406
vt 0.2902832 0.58691406
vt 0.2902832 0.58691406
vt 0.2902832 0.58691406
vt 0.2902832 0.58691406
vt 0.33984375 0.5839844
vt 0.33984375 0.5839844
vt 0.33984375 0.5839844
vt 0.33984375 0.5839844
vt 0.33984375 0.5839844
vt 0.33984375 0.5839844
vt 0.33984375 0.5839844
vt 0.33984375 0.5839844
vt 0.33984375 0.5839844
vt 0.33984375 0.5839844
vt 0.33984375 0.5839844
vt 0.33984375 0.5839844
vt 0.33984375 0.5839844
vt 0.33984375 0.5839844
vt 0.33984375 0.5839844
vt 0.33984375 0.5839844
vt 0.33984375 0.5839844
vt 0.33984375 0.5839844
vt 0.33984375 0.5839844
vt 0.33984375 0.5839844
vt 0.33984375 0.5839844
vt 0.33984375 0.5839844
vt 0.33984375 0.5839844
vt 0.33984375 0.5839844
vt 0.33984375 0.5839844
vt 0.33984375 0.5839844
vt 0.33984375 0.5839844
vt 0.33984375 0.5839844
vt 0.33984375 0.5839844
vt 0.33984375 0.5839844
vt 0.33984375 0.5839844
vt 0.33984375 0.5839844
vt 0.33984375 0.5839844
vt 0.33984375 0.5839844
vt 0.33984375 0.5839844
vt 0.33984375 0.5839844
vt 0.33984375 0.5839844
vt 0.33984375 0.5839844
vt 0.33984375 0.5839844
vt 0.33984375 0.5839844
vt 0.33984375 0.5839844
vt 0.33984375 0.5839844
vt 0.33984375 0.5839844
vt 0.33984375 0.5839844
vt 0.33984375 0.5839844
vt 0.33984375 0.5839844
vt 0.33984375 0.5839844
vt 0.33984375 0.5839844
vt 0.33984375 0.5839844
vt 0.33984375 0.5839844
vt 0.33984375 0.5839844
vt 0.33984375 0.5839844
vt 0.33984375 0.5839844
vt 0.33984375 0.5839844
vt 0.33984375 0.5839844
vt 0.33984375 0.5839844
vt 0.33984375 0.5839844
vt 0.33984375 0.5839844
vt 0.33984375 0.5839844
vt 0.33984375 0.5839844
vt 0.33984375 0.5839844
vt 0.33984375 0.5839844
vt 0.33984375 0.5839844
vt 0.33984375 0.5839844
vt 0.33984375 0.5839844
vt 0.33984375 0.5839844
vt 0.33984375 0.5839844
vt 0.33984375 0.5839844
vt 0.33984375 0.5839844
vt 0.33984375 0.5839844
vt 0.33984375 0.5839844
vt 0.33984375 0.5839844
vt 0.33984375 0.5839844
vt 0.33984375 0.5839844
vt 0.33984375 0.5839844
vt 0.33984375 0.5839844
vt 0.33984375 0.5839844
vt 0.33984375 0.5839844
vt 0.33984375 0.5839844
vt 0.33984375 0.5839844
vt 0.33984375 0.5839844
vt 0.33984375 0.5839844
vt 0.33984375 0.5839844
vt 0.33984375 0.5839844
vt 0.33984375 0.5839844
vt 0.33984375 0.5839844
vt 0.33984375 0.5839844
vt 0.33984375 0.5839844
vt 0.33984375 0.5839844
vt 0.33984375 0.5839844
vt 0.33984375 0.5839844
vt 0.33984375 0.5839844
vt 0.33984375 0.5839844
vt 0.33984375 0.5839844
vt 0.33984375 0.5839844
vt 0.33984375 0.5839844
vt 0.33984375 0.5839844
vt 0.33984375 0.5839844
vt 0.33984375 0.5839844
vt 0.33984375 0.5839844
vt 0.33984375 0.5839844
vt 0.33984375 0.5839844
vt 0.33984375 0.5839844
vt 0.33984375 0.5839844
vt 0.33984375 0.5839844
vt 0.33984375 0.5839844
vt 0.33984375 0.5839844
vt 0.33984375 0.5839844
vt 0.33984375 0.5839844
vt 0.33984375 0.5839844
vt 0.33984375 0.5839844
vt 0.33984375 0.5839844
vt 0.33984375 0.5839844
vt 0.33984375 0.5839844
vt 0.33984375 0.5839844
vt 0.33984375 0.5839844
vt 0.33984375 0.5839844
vt 0.33984375 0.5839844
vt 0.33984375 0.5839844
vt 0.33984375 0.5839844
vt 0.33984375 0.5839844
vt 0.33984375 0.5839844
vt 0.33984375 0.5839844
vt 0.33984375 0.5839844
vt 0.33984375 0.5839844
vt 0.33984375 0.5839844
vt 0.33984375 0.5839844
vt 0.33984375 0.5839844
vt 0.33984375 0.5839844
vt 0.33984375 0.5839844
vt 0.33984375 0.5839844
vt 0.33984375 0.5839844
vt 0.33984375 0.5839844
vt 0.33984375 0.5839844
vt 0.33984375 0.5839844
vt 0.33984375 0.5839844
vt 0.33984375 0.5839844
vt 0.33984375 0.5839844
vt 0.33984375 0.5839844
vt 0.33984375 0.5839844
vt 0.33984375 0.5839844
vt 0.33984375 0.5839844
vt 0.33984375 0.5839844
vt 0.33984375 0.5839844
vt 0.33984375 0.5839844
vt 0.33984375 0.5839844
vt 0.33984375 0.5839844
vt 0.33984375 0.5839844
vt 0.33984375 0.5839844
vt 0.33984375 0.5839844
vt 0.33984375 0.5839844
vt 0.33984375 0.5839844
vt 0.33984375 0.5839844
vt 0.33984375 0.5839844
vt 0.33984375 0.5839844
vt 0.33984375 0.5839844
vt 0.33984375 0.5839844
vt 0.33984375 0.5839844
vt 0.33984375 0.5839844
vt 0.33984375 0.5839844
vt 0.33984375 0.5839844
vt 0.33984375 0.5839844
vt 0.33984375 0.5839844
vt 0.33984375 0.5839844
vt 0.33984375 0.5839844
vt 0.33984375 0.5839844
vt 0.33984375 0.5839844
vt 0.33984375 0.5839844
vt 0.33984375 0.5839844
vt 0.33984375 0.5839844
vt 0.33984375 0.5839844
vt 0.33984375 0.5839844
vt 0.33984375 0.5839844
vt 0.33984375 0.5839844
vt 0.33984375 0.5839844
vt 0.33984375 0.5839844
vt 0.33984375 0.5839844
vt 0.33984375 0.5839844
vt 0.33984375 0.5839844
vt 0.33984375 0.5839844
vt 0.33984375 0.5839844
vt 0.33984375 0.5839844
vt 0.33984375 0.5839844
vt 0.33984375 0.5839844
vt 0.33984375 0.5839844
vt 0.33984375 0.5839844
vt 0.33984375 0.5839844
vt 0.33984375 0.5839844
vt 0.33984375 0.5839844
vt 0.33984375 0.5839844
vt 0.33984375 0.5839844
vt 0.33984375 0.5839844
vt 0.33984375 0.5839844
vt 0.33984375 0.5839844
vt 0.33984375 0.5839844
vt 0.33984375 0.5839844
vt 0.33984375 0.5839844
vt 0.33984375 0.5839844
vt 0.33984375 0.5839844
vt 0.33984375 0.5839844
vt 0.33984375 0.5839844
vt 0.33984375 0.5839844
vt 0.33984375 0.5839844
vt 0.33984375 0.5839844
vt 0.33984375 0.5839844
vt 0.33984375 0.5839844
vt 0.33984375 0.5839844
vt 0.33984375 0.5839844
vt 0.33984375 0.5839844
vt 0.33984375 0.5839844
vt 0.33984375 0.5839844
vt 0.33984375 0.5839844
vt 0.33984375 0.5839844
vt 0.33984375 0.5839844
vt 0.33984375 0.5839844
vt 0.33984375 0.5839844
vt 0.33984375 0.5839844
vt 0.33984375 0.5839844
vt 0.33984375 0.5839844
vt 0.33984375 0.5839844
vt 0.33984375 0.5839844
vt 0.33984375 0.5839844
vt 0.33984375 0.5839844
vt 0.33984375 0.5839844
vt 0.33984375 0.5839844
vt 0.33984375 0.5839844
vt 0.33984375 0.5839844
vt 0.33984375 0.5839844
vt 0.33984375 0.5839844
vt 0.33984375 0.5839844
vt 0.33984375 0.5839844
vt 0.33984375 0.5839844
vt 0.33984375 0.5839844
vt 0.33984375 0.5839844
vt 0.33984375 0.5839844
vt 0.33984375 0.5839844
vt 0.33984375 0.5839844
vt 0.33984375 0.5839844
vt 0.33984375 0.5839844
vt 0.33984375 0.5839844
vt 0.33984375 0.5839844
vt 0.33984375 0.5839844
vt 0.33984375 0.5839844
vt 0.33984375 0.5839844
vt 0.33984375 0.5839844
vt 0.33984375 0.5839844
vt 0.33984375 0.5839844
vt 0.33984375 0.5839844
vt 0.33984375 0.5839844
vt 0.33984375 0.5839844
vt 0.33984375 0.5839844
vt 0.33984375 0.5839844
vt 0.33984375 0.5839844
vt 0.33984375 0.5839844
vt 0.33984375 0.5839844
vt 0.33984375 0.5839844
vt 0.33984375 0.5839844
vt 0.33984375 0.5839844
vt 0.33984375 0.5839844
vt 0.33984375 0.5839844
vt 0.33984375 0.5839844
vt 0.33984375 0.5839844
vt 0.33984375 0.5839844
vt 0.33984375 0.5839844
vt 0.33984375 0.5839844
vt 0.33984375 0.5839844
vt 0.33984375 0.5839844
vt 0.33984375 0.5839844
vt 0.33984375 0.5839844
vt 0.33984375 0.5839844
vt 0.33984375 0.5839844
vt 0.33984375 0.5839844
vt 0.33984375 0.5839844
vt 0.33984375 0.5839844
vt 0.33984375 0.5839844
vt 0.33984375 0.5839844
vt 0.33984375 0.5839844
vt 0.33984375 0.5839844
vt 0.33984375 0.5839844
vt 0.33984375 0.5839844
vt 0.33984375 0.5839844
vt 0.33984375 0.5839844
vt 0.33984375 0.5839844
vt 0.33984375 0.5839844
vt 0.33984375 0.5839844
vt 0.33984375 0.5839844
vt 0.33984375 0.5839844
vt 0.33984375 0.5839844
vt 0.33984375 0.5839844
vt 0.33984375 0.5839844
vt 0.33984375 0.5839844
vt 0.33984375 0.5839844
vt 0.33984375 0.5839844
vt 0.33984375 0.5839844
vt 0.33984375 0.5839844
vt 0.33984375 0.5839844
vt 0.33984375 0.5839844
vt 0.33984375 0.5839844
vt 0.33984375 0.5839844
vt 0.33984375 0.5839844
vt 0.33984375 0.5839844
vt 0.33984375 0.5839844
vt 0.33984375 0.5839844
vt 0.33984375 0.5839844
vt 0.33984375 0.5839844
vt 0.33984375 0.5839844
vt 0.33984375 0.5839844
vt 0.33984375 0.5839844
vt 0.33984375 0.5839844
vt 0.33984375 0.5839844
vt 0.33984375 0.5839844
vt 0.33984375 0.5839844
vt 0.33984375 0.5839844
vt 0.33984375 0.5839844
vt 0.33984375 0.5839844
vt 0.33984375 0.5839844
vt 0.33984375 0.5839844
vt 0.33984375 0.5839844
vt 0.33984375 0.5839844
vt 0.33984375 0.5839844
vt 0.33984375 0.5839844
vt 0.33984375 0.5839844
vt 0.33984375 0.5839844
vt 0.4675293 0.71777344
vt 0.4675293 0.71777344
vt 0.4675293 0.71777344
vt 0.4675293 0.71777344
vt 0.4675293 0.71777344
vt 0.4675293 0.71777344
vt 0.4675293 0.71777344
vt 0.4675293 0.71777344
vt 0.4675293 0.71777344
vt 0.4675293 0.71777344
vt 0.4675293 0.71777344
vt 0.4675293 0.71777344
vt 0.4675293 0.71777344
vt 0.4675293 0.71777344
vt 0.4675293 0.71777344
vt 0.4675293 0.71777344
vt 0.4675293 0.71777344
vt 0.4675293 0.71777344
vt 0.4675293 0.71777344
vt 0.4675293 0.71777344
vt 0.4675293 0.71777344
vt 0.4675293 0.71777344
vt 0.4675293 0.71777344
vt 0.4675293 0.71777344
vt 0.4675293 0.71777344
vt 0.4675293 0.71777344
vt 0.4675293 0.71777344
vt 0.4675293 0.71777344
vt 0.4675293 0.71777344
vt 0.4675293 0.71777344
vt 0.4675293 0.71777344
vt 0.4675293 0.71777344
vt 0.4675293 0.71777344
vt 0.4675293 0.71777344
vt 0.4675293 0.71777344
vt 0.4675293 0.71777344
vt 0.4675293 0.71777344
vt 0.4675293 0.71777344
vt 0.4675293 0.71777344
vt 0.4675293 0.71777344
vt 0.4675293 0.71777344
vt 0.4675293 0.71777344
vt 0.4675293 0.71777344
vt 0.4675293 0.71777344
vt 0.4675293 0.71777344
vt 0.4675293 0.71777344
vt 0.4675293 0.71777344
vt 0.4675293 0.71777344
vt 0.4675293 0.71777344
vt 0.4675293 0.71777344
vt 0.4675293 0.71777344
vt 0.4675293 0.71777344
vt 0.4675293 0.71777344
vt 0.4675293 0.71777344
vt 0.4675293 0.71777344
vt 0.4675293 0.71777344
vt 0.48095703 0.6645508
vt 0.4560547 0.72509766
vt 0.4814453 0.72021484
vt 0.45458984 0.6635742
vt 0.47265625 0.61328125
vt 0.4284668 0.72998047
vt 0.4489746 0.6074219
vt 0.46289062 0.5810547
vt 0.44433594 0.56884766
vt 0.4272461 0.66259766
vt 0.4013672 0.7324219
vt 0.42358398 0.6020508
vt 0.42089844 0.5595703
vt 0.4008789 0.66259766
vt 0.37524414 0.73291016
vt 0.39916992 0.5996094
vt 0.39770508 0.5551758
vt 0.37524414 0.66259766
vt 0.37524414 0.5991211
vt 0.37524414 0.5541992
vt 0.3527832 0.5551758
vt 0.3515625 0.5996094
vt 0.32983398 0.5595703
vt 0.34985352 0.66259766
vt 0.3491211 0.7324219
vt 0.3269043 0.6020508
vt 0.30639648 0.56884766
vt 0.32348633 0.66259766
vt 0.32226562 0.72998047
vt 0.3017578 0.6074219
vt 0.28759766 0.5810547
vt 0.27807617 0.61328125
vt 0.29589844 0.6635742
vt 0.2944336 0.72509766
vt 0.2697754 0.6645508
vt 0.2692871 0.72021484
vt 0.27856445 0.57373047
vt 0.27856445 0.57373047
vt 0.27856445 0.57373047
vt 0.27856445 0.57373047
vt 0.27856445 0.57373047
vt 0.27856445 0.57373047
vt 0.27856445 0.57373047
vt 0.27856445 0.57373047
vt 0.27856445 0.57373047
vt 0.27856445 0.57373047
vt 0.27856445 0.57373047
vt 0.27856445 0.57373047
vt 0.27856445 0.57373047
vt 0.27856445 0.57373047
vt 0.27856445 0.57373047
vt 0.27856445 0.57373047
vt 0.27856445 0.57373047
vt 0.27856445 0.57373047
vt 0.27856445 0.57373047
vt 0.27856445 0.57373047
vt 0.27856445 0.57373047
vt 0.27856445 0.57373047
vt 0.27856445 0.57373047
vt 0.27856445 0.57373047
vt 0.27856445 0.57373047
vt 0.27856445 0.57373047
vt 0.27856445 0.57373047
vt 0.27856445 0.57373047
vt 0.27856445 0.57373047
vt 0.27856445 0.57373047
vt 0.27856445 0.57373047
vt 0.27856445 0.57373047
vt 0.27856445 0.57373047
vt 0.27856445 0.57373047
vt 0.27856445 0.57373047
vt 0.27856445 0.57373047
vt 0.27856445 0.57373047
vt 0.27856445 0.57373047
vt 0.27856445 0.57373047
vt 0.27856445 0.57373047
vt 0.27856445 0.57373047
vt 0.27856445 0.57373047
vt 0.27856445 0.57373047
vt 0.27856445 0.57373047
vt 0.27856445 0.57373047
vt 0.27856445 0.57373047
vt 0.27856445 0.57373047
vt 0.27856445 0.57373047
vt 0.27856445 0.57373047
vt 0.27856445 0.57373047
vt 0.27856445 0.57373047
vt 0.27856445 0.57373047
vt 0.27856445 0.57373047
vt 0.27856445 0.57373047
vt 0.27856445 0.57373047
vt 0.27856445 0.57373047
vt 0.27856445 0.57373047
vt 0.27856445 0.57373047
vt 0.27856445 0.57373047
vt 0.27856445 0.57373047
vt 0.27856445 0.57373047
vt 0.27856445 0.57373047
vt 0.27856445 0.57373047
vt 0.27856445 0.57373047
vt 0.27856445 0.57373047
vt 0.27856445 0.57373047
vt 0.27856445 0.57373047
vt 0.27856445 0.57373047
vt 0.27856445 0.57373047
vt 0.27856445 0.57373047
vt 0.27856445 0.57373047
vt 0.27856445 0.57373047
vt 0.27856445 0.57373047
vt 0.27856445 0.57373047
vt 0.27856445 0.57373047
vt 0.27856445 0.57373047
vt 0.27856445 0.57373047
vt 0.27856445 0.57373047
vt 0.27856445 0.57373047
vt 0.27856445 0.57373047
vt 0.27856445 0.57373047
vt 0.27856445 0.57373047
vt 0.27856445 0.57373047
vt 0.27856445 0.57373047
vt 0.27856445 0.57373047
vt 0.27856445 0.57373047
vt 0.27856445 0.57373047
vt 0.27856445 0.57373047
vt 0.27856445 0.57373047
vt 0.27856445 0.57373047
vt 0.27856445 0.57373047
vt 0.27856445 0.57373047
vt 0.27856445 0.57373047
vt 0.27856445 0.57373047
vt 0.27856445 0.57373047
vt 0.27856445 0.57373047
vt 0.27856445 0.57373047
vt 0.27856445 0.57373047
vt 0.27856445 0.57373047
vt 0.27856445 0.57373047
vt 0.27856445 0.57373047
vt 0.27856445 0.57373047
vt 0.27856445 0.57373047
vt 0.27856445 0.57373047
vt 0.27856445 0.57373047
vt 0.27856445 0.57373047
vt 0.27856445 0.57373047
vt 0.27856445 0.57373047
vt 0.27856445 0.57373047
vt 0.27856445 0.57373047
vt 0.27856445 0.57373047
vt 0.27856445 0.57373047
vt 0.27856445 0.57373047
vt 0.27856445 0.57373047
vt 0.27856445 0.57373047
vt 0.27856445 0.57373047
vt 0.27856445 0.57373047
vt 0.27856445 0.57373047
vt 0.27856445 0.57373047
vt 0.27856445 0.57373047
vt 0.27856445 0.57373047
vt 0.27856445 0.57373047
vt 0.27856445 0.57373047
vt 0.27856445 0.57373047
vt 0.27856445 0.57373047
vt 0.27856445 0.57373047
vt 0.27856445 0.57373047
vt 0.27856445 0.57373047
vt 0.27856445 0.57373047
vt 0.27856445 0.57373047
vt 0.27856445 0.57373047
vt 0.27856445 0.57373047
vt 0.27856445 0.57373047
vt 0.27856445 0.57373047
vt 0.27856445 0.57373047
vt 0.27856445 0.57373047
vt 0.27856445 0.57373047
vt 0.27856445 0.57373047
vt 0.27856445 0.57373047
vt 0.27856445 0.57373047
vt 0.27856445 0.57373047
vt 0.27856445 0.57373047
vt 0.27856445 0.57373047
vt 0.27856445 0.57373047
vt 0.27856445 0.57373047
vt 0.27856445 0.57373047
vt 0.27856445 0.57373047
vt 0.27856445 0.57373047
vt 0.27856445 0.57373047
vt 0.27856445 0.57373047
vt 0.27856445 0.57373047
vt 0.27856445 0.57373047
vt 0.27856445 0.57373047
vt 0.27856445 0.57373047
vt 0.27856445 0.57373047
vt 0.27856445 0.57373047
vt 0.27856445 0.57373047
vt 0.27856445 0.57373047
vt 0.27856445 0.57373047
vt 0.27856445 0.57373047
vt 0.27856445 0.57373047
vt 0.27856445 0.57373047
vt 0.27856445 0.57373047
vt 0.27856445 0.57373047
vt 0.27856445 0.57373047
vt 0.27856445 0.57373047
vt 0.27856445 0.57373047
vt 0.27856445 0.57373047
vt 0.27856445 0.57373047
vt 0.27856445 0.57373047
vt 0.27856445 0.57373047
vt 0.27856445 0.57373047
vt 0.27856445 0.57373047
vt 0.27856445 0.57373047
vt 0.27856445 0.57373047
vt 0.27856445 0.57373047
vt 0.27856445 0.57373047
vt 0.27856445 0.57373047
vt 0.27856445 0.57373047
vt 0.27856445 0.57373047
vt 0.27856445 0.57373047
vt 0.27856445 0.57373047
vt 0.27856445 0.57373047
vt 0.27856445 0.57373047
vt 0.27856445 0.57373047
vt 0.27856445 0.57373047
vt 0.27856445 0.57373047
vt 0.27856445 0.57373047
vt 0.27856445 0.57373047
vt 0.27856445 0.57373047
vt 0.27856445 0.57373047
vt 0.27856445 0.57373047
vt 0.27856445 0.57373047
vt 0.27856445 0.57373047
vt 0.27856445 0.57373047
vt 0.27856445 0.57373047
vt 0.27856445 0.57373047
vt 0.27856445 0.57373047
vt 0.27856445 0.57373047
vt 0.27856445 0.57373047
vt 0.27856445 0.57373047
vt 0.27856445 0.57373047
vt 0.27856445 0.57373047
vt 0.27856445 0.57373047
vt 0.27856445 0.57373047
vt 0.27856445 0.57373047
vt 0.27856445 0.57373047
vt 0.27856445 0.57373047
vt 0.27856445 0.57373047
vt 0.27856445 0.57373047
vt 0.27856445 0.57373047
vt 0.27856445 0.57373047
vt 0.27856445 0.57373047
vt 0.27856445 0.57373047
vt 0.27856445 0.57373047
vt 0.27856445 0.57373047
vt 0.27856445 0.57373047
vt 0.27856445 0.57373047
vt 0.27856445 0.57373047
vt 0.27856445 0.57373047
vt 0.27856445 0.57373047
vt 0.27856445 0.57373047
vt 0.27856445 0.57373047
vt 0.27856445 0.57373047
vt 0.27856445 0.57373047
vt 0.27856445 0.57373047
vt 0.27856445 0.57373047
vt 0.27856445 0.57373047
vt 0.27856445 0.57373047
vt 0.27856445 0.57373047
vt 0.27856445 0.57373047
vt 0.27856445 0.57373047
vt 0.27856445 0.57373047
vt 0.27856445 0.57373047
vt 0.27856445 0.57373047
vt 0.27856445 0.57373047
vt 0.27856445 0.57373047
vt 0.27856445 0.57373047
vt 0.27856445 0.57373047
vt 0.27856445 0.57373047
vt 0.27856445 0.57373047
vt 0.27856445 0.57373047
vt 0.27856445 0.57373047
vt 0.27856445 0.57373047
vt 0.27856445 0.57373047
vt 0.27856445 0.57373047
vt 0.27856445 0.57373047
vt 0.27856445 0.57373047
vt 0.27856445 0.57373047
vt 0.27856445 0.57373047
vt 0.27856445 0.57373047
vt 0.27856445 0.57373047
vt 0.27856445 0.57373047
vt 0.27856445 0.57373047
vt 0.27856445 0.57373047
vt 0.27856445 0.57373047
vt 0.27856445 0.57373047
vt 0.27856445 0.57373047
vt 0.27856445 0.57373047
vt 0.27856445 0.57373047
vt 0.27856445 0.57373047
vt 0.27856445 0.57373047
vt 0.27856445 0.57373047
vt 0.27856445 0.57373047
vt 0.27856445 0.57373047
vt 0.27856445 0.57373047
vt 0.27856445 0.57373047
vt 0.27856445 0.57373047
vt 0.27856445 0.57373047
vt 0.27856445 0.57373047
vt 0.27856445 0.57373047
vt 0.27856445 0.57373047
vt 0.27856445 0.57373047
vt 0.27856445 0.57373047
vt 0.27856445 0.57373047
vt 0.27856445 0.57373047
vt 0.27856445 0.57373047
vt 0.27856445 0.57373047
vt 0.27856445 0.57373047
vt 0.27856445 0.57373047
vt 0.27856445 0.57373047
vt 0.27856445 0.57373047
vt 0.27856445 0.57373047
vt 0.27856445 0.57373047
vt 0.27856445 0.57373047
vt 0.27856445 0.57373047
vt 0.27856445 0.57373047
vt 0.27856445 0.57373047
vt 0.27856445 0.57373047
vt 0.27856445 0.57373047
vt 0.27856445 0.57373047
vt 0.27856445 0.57373047
vt 0.27856445 0.57373047
vt 0.27856445 0.57373047
vt 0.27856445 0.57373047
vt 0.27856445 0.57373047
vt 0.27856445 0.57373047
vt 0.27856445 0.57373047
vt 0.27856445 0.57373047
vt 0.27856445 0.57373047
vt 0.27856445 0.57373047
vt 0.27856445 0.57373047
vt 0.27856445 0.57373047
vt 0.27856445 0.57373047
vt 0.27856445 0.57373047
vt 0.27856445 0.57373047
vt 0.27856445 0.57373047
vt 0.27856445 0.57373047
vt 0.27856445 0.57373047
vt 0.27856445 0.57373047
vt 0.27856445 0.57373047
vt 0.27856445 0.57373047
vt 0.27856445 0.57373047
vt 0.27856445 0.57373047
vt 0.27856445 0.57373047
vt 0.27856445 0.57373047
vt 0.27856445 0.57373047
vt 0.27856445 0.57373047
vt 0.27856445 0.57373047
vt 0.27856445 0.57373047
vt 0.27856445 0.57373047
vt 0.27856445 0.57373047
vt 0.27856445 0.57373047
vt 0.27856445 0.57373047
vt 0.27856445 0.57373047
vt 0.27856445 0.57373047
vt 0.27856445 0.57373047
vt 0.27856445 0.57373047
vt 0.27856445 0.57373047
vt 0.27856445 0.57373047
vt 0.27856445 0.57373047
vt 0.27856445 0.57373047
vt 0.27856445 0.57373047
vt 0.27856445 0.57373047
vt 0.27856445 0.57373047
vt 0.27856445 0.57373047
vt 0.27856445 0.57373047
vt 0.27856445 0.57373047
vt 0.27856445 0.57373047
vt 0.27856445 0.57373047
vt 0.27856445 0.57373047
vt 0.27856445 0.57373047
vt 0.27856445 0.57373047
vt 0.27856445 0.57373047
vt 0.27856445 0.57373047
vt 0.27856445 0.57373047
vt 0.27856445 0.57373047
vt 0.27856445 0.57373047
vt 0.27856445 0.57373047
vt 0.27856445 0.57373047
vt 0.27856445 0.57373047
vt 0.27856445 0.57373047
vt 0.27856445 0.57373047
vt 0.27856445 0.57373047
vt 0.27856445 0.57373047
vt 0.27856445 0.57373047
vt 0.27856445 0.57373047
vt 0.27856445 0.57373047
vt 0.27856445 0.57373047
vt 0.27856445 0.57373047
vt 0.27856445 0.57373047
vt 0.27856445 0.57373047
vt 0.27856445 0.57373047
vt 0.27856445 0.57373047
vt 0.27856445 0.57373047
vt 0.27856445 0.57373047
vt 0.27856445 0.57373047
vt 0.27856445 0.57373047
vt 0.27856445 0.57373047
vt 0.27856445 0.57373047
vt 0.27856445 0.57373047
vt 0.27856445 0.57373047
vt 0.27856445 0.57373047
vt 0.27856445 0.57373047
vt 0.27856445 0.57373047
vt 0.27856445 0.57373047
vt 0.27856445 0.57373047
vt 0.27856445 0.57373047
vt 0.27856445 0.57373047
vt 0.27856445 0.57373047
vt 0.27856445 0.57373047
vt 0.27856445 0.57373047
vt 0.27856445 0.57373047
vt 0.27856445 0.57373047
vt 0.27856445 0.57373047
vt 0.27856445 0.57373047
vt 0.27856445 0.57373047
vt 0.27856445 0.57373047
vt 0.27856445 0.57373047
vt 0.27856445 0.57373047
vt 0.27856445 0.57373047
vt 0.27856445 0.57373047
vt 0.27856445 0.57373047
vt 0.27856445 0.57373047
vt 0.27856445 0.57373047
vt 0.27856445 0.57373047
vt 0.27856445 0.57373047
vt 0.27856445 0.57373047
vt 0.27856445 0.57373047
vt 0.27856445 0.57373047
vt 0.27856445 0.57373047
vt 0.27856445 0.57373047
vt 0.27856445 0.57373047
vt 0.27856445 0.57373047
vt 0.27856445 0.57373047
vt 0.27856445 0.57373047
vt 0.27856445 0.57373047
vt 0.27856445 0.57373047
vt 0.27856445 0.57373047
vt 0.27856445 0.57373047
vt 0.27856445 0.57373047
vt 0.27856445 0.57373047
vt 0.27856445 0.57373047
vt 0.27856445 0.57373047
vt 0.27856445 0.57373047
vt 0.27856445 0.57373047
vt 0.27856445 0.57373047
vt 0.27856445 0.57373047
vt 0.27856445 0.57373047
vt 0.27856445 0.57373047
vt 0.27856445 0.57373047
vt 0.27856445 0.57373047
vt 0.27856445 0.57373047
vt 0.27856445 0.57373047
vt 0.27856445 0.57373047
vt 0.27856445 0.57373047
vt 0.27856445 0.57373047
vt 0.27856445 0.57373047
vt 0.27856445 0.57373047
vt 0.27856445 0.57373047
vt 0.27856445 0.57373047
vt 0.27856445 0.57373047
vt 0.27856445 0.57373047
vt 0.27856445 0.57373047
vt 0.27856445 0.57373047
vt 0.27856445 0.57373047
vt 0.27856445 0.57373047
vt 0.27856445 0.57373047
vt 0.27856445 0.57373047
vt 0.27856445 0.57373047
vt 0.27856445 0.57373047
vt 0.27856445 0.57373047
vt 0.27856445 0.57373047
vt 0.27856445 0.57373047
vt 0.27856445 0.57373047
vt 0.27856445 0.57373047
vt 0.27856445 0.57373047
vt 0.27856445 0.57373047
vt 0.27856445 0.57373047
vt 0.27856445 0.57373047
vt 0.27856445 0.57373047
vt 0.27856445 0.57373047
vt 0.27856445 0.57373047
vt 0.27856445 0.57373047
vt 0.27856445 0.57373047
vt 0.27856445 0.57373047
vt 0.27856445 0.57373047
vt 0.27856445 0.57373047
vt 0.27856445 0.57373047
vt 0.27856445 0.57373047
vt 0.27856445 0.57373047
vt 0.27856445 0.57373047
vt 0.27856445 0.57373047
vt 0.27856445 0.57373047
vt 0.27856445 0.57373047
vt 0.27856445 0.57373047
vt 0.27856445 0.57373047
vt 0.27856445 0.57373047
vt 0.27856445 0.57373047
vt 0.27856445 0.57373047
vt 0.27856445 0.57373047
vt 0.27856445 0.57373047
vt 0.27856445 0.57373047
vt 0.27856445 0.57373047
vt 0.27856445 0.57373047
vt 0.27856445 0.57373047
vt 0.27856445 0.57373047
vt 0.27856445 0.57373047
vt 0.27856445 0.57373047
vt 0.27856445 0.57373047
vt 0.27856445 0.57373047
vt 0.27856445 0.57373047
vt 0.27856445 0.57373047
vt 0.27856445 0.57373047
vt 0.27856445 0.57373047
vt 0.27856445 0.57373047
vt 0.27856445 0.57373047
vt 0.27856445 0.57373047
vt 0.27856445 0.57373047
vt 0.27856445 0.57373047
vt 0.27856445 0.57373047
vt 0.27856445 0.57373047
vt 0.27856445 0.57373047
vt 0.27856445 0.57373047
vt 0.27856445 0.57373047
vt 0.27856445 0.57373047
vt 0.27856445 0.57373047
vt 0.27856445 0.57373047
vt 0.27856445 0.57373047
vt 0.27856445 0.57373047
vt 0.27856445 0.57373047
vt 0.27856445 0.57373047
vt 0.27856445 0.57373047
vt 0.27856445 0.57373047
vt 0.27856445 0.57373047
vt 0.27856445 0.57373047
vt 0.27856445 0.57373047
vt 0.27856445 0.57373047
vt 0.27856445 0.57373047
vt 0.27856445 0.57373047
vt 0.27856445 0.57373047
vt 0.27856445 0.57373047
vt 0.27856445 0.57373047
vt 0.27856445 0.57373047
vt 0.27856445 0.57373047
vt 0.27856445 0.57373047
vt 0.27856445 0.57373047
vt 0.27856445 0.57373047
vt 0.27856445 0.57373047
vt 0.27856445 0.57373047
vt 0.27856445 0.57373047
vt 0.27856445 0.57373047
vt 0.27856445 0.57373047
vt 0.27856445 0.57373047
vt 0.27856445 0.57373047
vt 0.27856445 0.57373047
vt 0.27856445 0.57373047
vt 0.27856445 0.57373047
vt 0.27856445 0.57373047
vt 0.27856445 0.57373047
vt 0.27856445 0.57373047
vt 0.27856445 0.57373047
vt 0.27856445 0.57373047
vt 0.27856445 0.57373047
vt 0.27856445 0.57373047
vt 0.27856445 0.57373047
vt 0.27856445 0.57373047
vt 0.27856445 0.57373047
vt 0.27856445 0.57373047
vt 0.27856445 0.57373047
vt 0.27856445 0.57373047
vt 0.27856445 0.57373047
vt 0.27856445 0.57373047
vt 0.27856445 0.57373047
vt 0.27856445 0.57373047
vt 0.27856445 0.57373047
vt 0.27856445 0.57373047
vt 0.27856445 0.57373047
vt 0.27856445 0.57373047
vt 0.27856445 0.57373047
vt 0.27856445 0.57373047
vt 0.27856445 0.57373047
vt 0.27856445 0.57373047
vt 0.27856445 0.57373047
vt 0.27856445 0.57373047
vt 0.27856445 0.57373047
vt 0.27856445 0.57373047
vt 0.27856445 0.57373047
vt 0.27856445 0.57373047
vt 0.27856445 0.57373047
vt 0.27856445 0.57373047
vt 0.27856445 0.57373047
vt 0.27856445 0.57373047
vt 0.27856445 0.57373047
vt 0.27856445 0.57373047
vt 0.27856445 0.57373047
vt 0.27856445 0.57373047
vt 0.27856445 0.57373047
vt 0.27856445 0.57373047
vt 0.27856445 0.57373047
vt 0.27856445 0.57373047
vt 0.27856445 0.57373047
vt 0.27856445 0.57373047
vt 0.27856445 0.57373047
vt 0.27856445 0.57373047
vt 0.27856445 0.57373047
vt 0.27856445 0.57373047
vt 0.27856445 0.57373047
vt 0.27856445 0.57373047
vt 0.27856445 0.57373047
vt 0.27856445 0.57373047
vt 0.27856445 0.57373047
vt 0.27856445 0.57373047
vt 0.27856445 0.57373047
vt 0.27856445 0.57373047
vt 0.27856445 0.57373047
vt 0.27856445 0.57373047
vt 0.27856445 0.57373047
vt 0.27856445 0.57373047
vt 0.27856445 0.57373047
vt 0.27856445 0.57373047
vt 0.27856445 0.57373047
vt 0.27856445 0.57373047
vt 0.27856445 0.57373047
vt 0.27856445 0.57373047
vt 0.27856445 0.57373047
vt 0.27856445 0.57373047
vt 0.27856445 0.57373047
vt 0.27856445 0.57373047
vt 0.27856445 0.57373047
vt 0.27856445 0.57373047
vt 0.27856445 0.57373047
vt 0.27856445 0.57373047
vt 0.27856445 0.57373047
vt 0.27856445 0.57373047
vt 0.27856445 0.57373047
vt 0.27856445 0.57373047
vt 0.27856445 0.57373047
vt 0.27856445 0.57373047
vt 0.27856445 0.57373047
vt 0.27856445 0.57373047
vt 0.27856445 0.57373047
vt 0.27856445 0.57373047
vt 0.27856445 0.57373047
vt 0.27856445 0.57373047
vt 0.27856445 0.57373047
vt 0.27856445 0.57373047
vt 0.27856445 0.57373047
vt 0.27856445 0.57373047
vt 0.27856445 0.57373047
vt 0.27856445 0.57373047
vt 0.27856445 0.57373047
vt 0.27856445 0.57373047
vt 0.27856445 0.57373047
vt 0.27856445 0.57373047
vt 0.27856445 0.57373047
vt 0.27856445 0.57373047
vt 0.27856445 0.57373047
vt 0.27856445 0.57373047
vt 0.27856445 0.57373047
vt 0.27856445 0.57373047
vt 0.27856445 0.57373047
vt 0.27856445 0.57373047
vt 0.27856445 0.57373047
vt 0.27856445 0.57373047
vt 0.27856445 0.57373047
vt 0.27856445 0.57373047
vt 0.27856445 0.57373047
vt 0.27856445 0.57373047
vt 0.27856445 0.57373047
vt 0.27856445 0.57373047
vt 0.27856445 0.57373047
vt 0.27856445 0.57373047
vt 0.27856445 0.57373047
vt 0.27856445 0.57373047
vt 0.27856445 0.57373047
vt 0.27856445 0.57373047
vt 0.27856445 0.57373047
vt 0.27856445 0.57373047
vt 0.27856445 0.57373047
vt 0.27856445 0.57373047
vt 0.27856445 0.57373047
vt 0.27856445 0.57373047
vt 0.27856445 0.57373047
vt 0.27856445 0.57373047
vt 0.27856445 0.57373047
vt 0.27856445 0.57373047
vt 0.27856445 0.57373047
vt 0.27856445 0.57373047
vt 0.27856445 0.57373047
vt 0.27856445 0.57373047
vt 0.27856445 0.57373047
vt 0.27856445 0.57373047
vt 0.27856445 0.57373047
vt 0.27856445 0.57373047
vt 0.27856445 0.57373047
vt 0.27856445 0.57373047
vt 0.27856445 0.57373047
vt 0.27856445 0.57373047
vt 0.27856445 0.57373047
vt 0.27856445 0.57373047
vt 0.27856445 0.57373047
vt 0.27856445 0.57373047
vt 0.27856445 0.57373047
vt 0.27856445 0.57373047
vt 0.27856445 0.57373047
vt 0.27856445 0.57373047
vt 0.27856445 0.57373047
vt 0.27856445 0.57373047
vt 0.27856445 0.57373047
vt 0.27856445 0.57373047
vt 0.27856445 0.57373047
vt 0.27856445 0.57373047
vt 0.27856445 0.57373047
vt 0.27856445 0.57373047
vt 0.27856445 0.57373047
vt 0.27856445 0.57373047
vt 0.27856445 0.57373047
vt 0.27856445 0.57373047
vt 0.27856445 0.57373047
vt 0.27856445 0.57373047
vt 0.27856445 0.57373047
vt 0.27856445 0.57373047
vt 0.27856445 0.57373047
vt 0.27856445 0.57373047
vt 0.27856445 0.57373047
vt 0.27856445 0.57373047
vt 0.27856445 0.57373047
vt 0.27856445 0.57373047
vt 0.27856445 0.57373047
vt 0.27856445 0.57373047
vt 0.27856445 0.57373047
vt 0.27856445 0.57373047
vt 0.27856445 0.57373047
vt 0.27856445 0.57373047
vt 0.27856445 0.57373047
vt 0.27856445 0.57373047
vt 0.27856445 0.57373047
vt 0.27856445 0.57373047
vt 0.27856445 0.57373047
vn -9.446509E-05 0.32267693 0.9465092
vn 0.4095691 -0.21320473 0.88701576
vn -0.018408556 -0.39442056 0.91874564
vn -0.41116592 -0.2346842 0.88083255
vn -9.446509E-05 0.32267693 0.9465092
vn -0.018408556 -0.39442056 0.91874564
vn 0.06811248 0.40773666 -0.9105556
vn 0.16148895 -0.38137576 -0.9102054
vn 0.08374769 -0.42976215 -0.89904994
vn 0.018802544 0.4624724 -0.8864343
vn -0.041367132 0.94422954 -0.3266793
vn -0.03283032 0.92938876 -0.36763945
vn -0.057117052 0.95898455 0.27764407
vn 0.036295123 -0.38542184 -0.9220264
vn 0.029977389 0.39201272 -0.9194713
vn 0.031770717 -0.864565 -0.50151557
vn 0.09985025 -0.8696541 -0.48345795
vn -0.025827086 -0.9992799 0.027794696
vn 0.04019816 -0.9990138 0.018858848
vn 0.08220813 -0.9070667 0.41288233
vn 0.010081539 -0.36762777 -0.9299184
vn -0.008590328 -0.8505145 -0.5258816
vn -0.04070587 0.9526425 0.3013559
vn -0.042525675 0.9315196 -0.3611963
vn 0.003336133 0.41468048 -0.909961
vn -0.018696038 -0.3460849 -0.9380169
vn -0.033520214 0.42639464 -0.903916
vn -0.06038195 0.9302874 -0.36182782
vn -0.025248434 -0.8477658 -0.5297695
vn -0.046514615 0.94981515 0.30933404
vn -0.059761714 0.94876736 0.3102727
vn -0.026195364 -0.9992347 0.029048441
vn -0.02718119 -0.9993192 0.024947453
vn -0.025817508 -0.8169286 0.57616067
vn -0.02378014 -0.8261678 0.5629221
vn -0.01815817 -0.2922275 0.9561764
vn -0.0053819944 0.46471825 0.88544226
vn -0.032162085 0.47493482 0.8794331
vn 0.0067871413 0.44922903 0.8933909
vn -0.0026284629 -0.32889757 0.94436187
vn -0.014428081 -0.8596717 0.5106431
vn -0.0029961949 0.5164533 0.85631007
vn 0.058768183 0.48299724 0.8736475
vn 0.013833536 -0.36346114 0.9315067
vn 0.061193302 -0.45664245 0.88754326
vn 0.22034879 -0.45026746 0.8652777
vn -0.018408556 -0.39442056 0.91874564
vn -0.5157219 -0.5308204 0.6725033
vn -0.41116592 -0.2346842 0.88083255
vn 0.018113544 -0.60886526 0.7930668
vn 0.4095691 -0.21320473 0.88701576
vn 0.50315213 -0.48182422 0.7174143
vn -0 -0.34464547 -0.938733
vn -0 -0.6697519 -0.7425849
vn 0.1282938 -0.6419731 -0.75591755
vn -0 -0.933442 -0.3587282
vn -0.12829374 -0.6419731 -0.75591755
vn 0.025443422 -0.22252166 -0.97459567
vn 0.42597124 -0.41414267 -0.80438447
vn 0.16708302 -0.94035983 -0.2963218
vn 0.5477794 -0.70837253 -0.445136
vn 0.5365556 -0.53143966 -0.6554999
vn 0.0028898218 -0.44380075 -0.89612085
vn 0.8295485 -0.548443 0.10516513
vn -0.53552 -0.53170544 -0.65613073
vn 0.34781796 -0.93468165 0.07343621
vn 0.512074 -0.32205737 0.7962783
vn -0.16768262 -0.9406993 -0.29490238
vn -0.8274591 -0.55145603 0.10586643
vn 0.37944347 -0.9169827 0.123148106
vn -0 -0.12252235 0.99246573
vn -0.0027681037 -0.94026816 0.34042367
vn -0.43720517 -0.84254086 0.31460556
vn -0.48372623 -0.22496149 0.845814
vn -0.34909642 -0.9332102 0.08514862
vn 0.64494526 -0.7636816 0.028914414
vn 0.44049904 -0.76417243 0.47116986
vn 0.7813762 -0.40116516 0.47803533
vn -0.54774064 -0.70842105 -0.44510648
vn -0.6416444 -0.76655054 0.026318446
vn -0.58994627 -0.71615887 0.37293416
vn -0.8307892 -0.37656495 0.40986347
vn 0.8856799 -0.140414 -0.4425552
vn -0.42597124 -0.41414267 -0.80438447
vn -0.88567966 -0.14041424 -0.44255543
vn -0.96239364 -0.27028704 0.02726551
vn 0.96351576 -0.26599848 0.029701114
vn 0.6837619 -0.032302808 -0.72898984
vn 0.17177953 -0.07846463 -0.9820056
vn 0.86328334 0.22153564 -0.4535017
vn -0.6837619 -0.03230282 -0.72898984
vn -0.17178039 -0.07846503 -0.9820055
vn -0.86328334 0.22153558 -0.4535017
vn 0.062204696 -0.0038129203 -0.9980562
vn 0.9503406 0.19680484 0.24108206
vn 0.97748774 0.20031817 -0.06626069
vn 0.7803829 0.2085806 0.58948845
vn 0.79731697 -0.17657608 0.57715386
vn 0.43330273 -0.17161906 0.8847574
vn 0.39363974 0.21866673 0.8928789
vn 0.25466257 0.23943506 0.93691933
vn 0.4189338 0.4861974 0.7668811
vn -1.8443068E-05 0.55779105 0.8299813
vn 0.7944609 0.40621465 0.451466
vn 0.40756676 0.6906842 0.59736496
vn 0.79820466 0.5372452 0.2724647
vn 0.74433887 0.66297585 -0.080141775
vn 0.6614547 0.53468466 -0.52591825
vn 0.62449765 0.15194705 -0.7661036
vn 0.2795562 0.033700686 -0.95953774
vn 0.312909 0.047715396 -0.9485838
vn -0 0.296984 -0.95488244
vn 0.46744016 0.35525885 -0.8095004
vn 0.34782633 0.77972287 -0.5206236
vn 0.36005977 0.9324681 -0.029329551
vn -0 0.87842876 -0.47787344
vn 0.24894239 0.4864953 -0.8374664
vn 0.38049257 0.8476304 0.36979473
vn -0.312908 0.04771507 -0.9485841
vn -0 0.9995061 -0.031425115
vn 0.011783274 0.76965064 0.63835657
vn -0.27955434 0.03370169 -0.95953816
vn -0.62449765 0.15194738 -0.76610357
vn -0.46744013 0.35525906 -0.8095003
vn -0.6614547 0.53468466 -0.5259183
vn -0 0.92001164 0.39189094
vn -0.38049257 0.8476304 0.36979485
vn -0.41093224 0.68857276 0.5974967
vn -0.36005977 0.9324681 -0.02932952
vn -0.97748774 0.20031816 -0.06626072
vn -0.9504405 0.1968733 0.24063204
vn -0.7443622 0.6629555 -0.08009379
vn -0.40565082 0.5041458 0.7624201
vn -0.25555274 0.23934911 0.9366989
vn -0.7982053 0.5372445 0.27246392
vn -0.34782633 0.77972287 -0.5206236
vn -0.794593 0.40602714 0.45140213
vn -0.24894238 0.48649523 -0.8374665
vn -0.77290016 0.21695372 0.5962854
vn -0.7874368 -0.23838402 0.5684332
vn -0.43031886 -0.18964899 0.88252985
vn -0.38531354 0.21382973 0.8976694
vn -0 0.55699795 -0.8305139
vn 0.042955242 0.3281795 -0.94363827
vn -0.43031886 -0.18964899 0.88252985
vn -0.37217152 -0.510714 0.77502227
vn -0.45357832 -0.53791517 0.710573
vn -0.7874368 -0.23838402 0.5684332
vn -0.537665 -0.53666514 0.6503128
vn -0.8307892 -0.37656495 0.40986347
vn -0.45312044 -0.7204547 0.52500176
vn -0.58994627 -0.71615887 0.37293416
vn -0.2566942 -0.9661963 0.023935316
vn -0.43720517 -0.84254086 0.31460556
vn 0.0050046598 -0.9871536 -0.1596957
vn -0.0027681037 -0.94026816 0.34042367
vn 0.1129745 -0.9928433 0.038717456
vn 0.37944347 -0.9169827 0.123148106
vn 0.50212806 -0.7537042 0.42402527
vn 0.44049904 -0.76417243 0.47116986
vn 0.59313613 -0.5223759 0.6126279
vn 0.7813762 -0.40116516 0.47803533
vn 0.5189026 -0.5525755 0.65222734
vn 0.79731697 -0.17657608 0.57715386
vn 0.38390756 -0.4734817 0.7927359
vn 0.43330273 -0.17161906 0.8847574
vn 1.4684637E-05 0.48706743 0.8733644
vn 0.3362854 0.25424007 0.9067933
vn -9.446509E-05 0.32267693 0.9465092
vn 0.4095691 -0.21320473 0.88701576
vn -0.5157219 -0.5308204 0.6725033
vn -0.37217152 -0.510714 0.77502227
vn -0.43031886 -0.18964899 0.88252985
vn -0.41116592 -0.2346842 0.88083255
vn -0.25555274 0.23934911 0.9366989
vn -0.33670783 0.25431442 0.90661573
vn -1.8443068E-05 0.55779105 0.8299813
vn 1.4684637E-05 0.48706743 0.8733644
vn 0.25466257 0.23943506 0.93691933
vn 0.3362854 0.25424007 0.9067933
vn 0.43330273 -0.17161906 0.8847574
vn 0.4095691 -0.21320473 0.88701576
vn 0.38390756 -0.4734817 0.7927359
vn 0.50315213 -0.48182422 0.7174143
vn 1.4684637E-05 0.48706743 0.8733644
vn -9.446509E-05 0.32267693 0.9465092
vn -0.33670783 0.25431442 0.90661573
vn -0.41116592 -0.2346842 0.88083255
vn 0.1965857 0.87757725 0.43727824
vn 0.3304556 0.8325694 0.44455284
vn 0.31671506 0.86911684 0.37990445
vn 0.19980839 0.79741794 0.5693866
vn 0.18375108 0.75620174 0.6280083
vn 0.16080624 0.7138238 0.6816135
vn 0.14622165 0.56810755 0.8098599
vn 0.13522558 0.54401404 0.828108
vn 0.13695595 0.32373565 0.9361828
vn 0.08509598 0.33890373 0.93696475
vn -0 0.19394758 0.98101187
vn -0.13248464 0.32304206 0.9370654
vn -0.08185782 0.34833184 0.93379027
vn -0.13519315 0.54402596 0.82810545
vn -0.14747067 0.5669981 0.8104107
vn -0.18256758 0.7567457 0.6276981
vn -0.16038086 0.713358 0.6822011
vn -0.19773293 0.79750377 0.5699908
vn -0.33036953 0.8326129 0.44453555
vn -0.20807756 0.87606996 0.43497717
vn -0.31736678 0.8687836 0.38012287
vn -0.7391174 0.4503493 -0.50089025
vn -0.74031514 0.45043918 -0.49903712
vn -0.6730336 0.44874632 -0.5879222
vn -0.6659718 0.44822708 -0.5963002
vn -0.7363301 0.45013228 -0.5051723
vn -0.5084811 0.43475568 -0.74325943
vn -0.662546 0.44787982 -0.6003636
vn -0.7331324 0.4498702 -0.510033
vn -0.4974986 0.43364578 -0.7512965
vn -0.65863305 0.44746912 -0.6049578
vn -0.7294265 0.4495507 -0.5155979
vn -0.31993356 0.41526222 -0.85158664
vn -0.3323967 0.41658905 -0.84614784
vn -0.184015 0.40077394 -0.89750695
vn -0.493546 0.43311787 -0.7542024
vn -0.65412104 0.4469778 -0.6101939
vn -0.7250821 0.44915456 -0.52203083
vn -0.31679943 0.41481686 -0.8529742
vn -0.17683193 0.40010393 -0.8992482
vn -0.48906887 0.43250832 -0.7574616
vn -0.64886206 0.4463815 -0.61621547
vn -0.71992046 0.4486543 -0.5295506
vn -0.31327263 0.41431 -0.8545218
vn -0.48395553 0.43179756 -0.7611425
vn -0.6426556 0.44564557 -0.6232125
vn -0.7136904 0.44800884 -0.5384551
vn -1.5303081E-05 0.38439316 -0.92316943
vn -0.009061355 0.38537198 -0.92271686
vn -0.1749886 0.39987263 -0.89971155
vn -0.30927402 0.41372827 -0.85625833
vn -0.47806093 0.4309591 -0.7653314
vn -0.6352222 0.4447189 -0.6314411
vn -0.7060281 0.44715548 -0.5491597
vn 0.17770477 0.36203006 -0.9150711
vn 0.17680137 0.36217225 -0.9151899
vn 0.3265299 0.34617615 -0.87951136
vn -0.17292157 0.39961144 -0.9002271
vn -0.30470312 0.4130541 -0.85822046
vn -0.47119212 0.42995638 -0.77014
vn -0.17058785 0.3993144 -0.9008039
vn -0.29942763 0.41226387 -0.8604543
vn -0.16793247 0.39897364 -0.9014537
vn 0.32634765 0.3461399 -0.87959325
vn 0.17582025 0.36219662 -0.9153693
vn 0.5191585 0.32548895 -0.790273
vn 0.5189013 0.3255829 -0.79040325
vn 0.70605826 0.30220205 -0.6404341
vn 0.70667976 0.30205947 -0.63981545
vn 0.7890798 0.28716 -0.5430398
vn 0.7875554 0.28736156 -0.54514194
vn 0.5148081 0.3258264 -0.7929752
vn 0.7027593 0.30248424 -0.6439198
vn 0.7842795 0.28778586 -0.54962265
vn 0.32303682 0.3463716 -0.88072354
vn -1.7118899E-05 0.3843463 -0.92318904
vn 0.69828296 0.3029534 -0.6485523
vn 0.7805199 0.28825825 -0.5547035
vn 0.5098847 0.3261957 -0.79599863
vn 0.17370869 0.36238125 -0.91569924
vn -1.8706893E-05 0.3842937 -0.92321086
vn 0.6931244 0.30347407 -0.6538212
vn 0.776162 0.2887866 -0.5605129
vn 0.31931448 0.3466259 -0.88198
vn 0.50426775 0.32660162 -0.79940313
vn 0.17132638 0.36258766 -0.91606635
vn -1.980194E-05 0.3842345 -0.9232356
vn 0.68711597 0.30405363 -0.65986586
vn 0.7710527 0.28938067 -0.56721824
vn 0.31509888 0.34690684 -0.8833845
vn 0.49780014 0.32704872 -0.8032647
vn 0.16861752 0.36281964 -0.9164771
vn -2.0322992E-05 0.38416696 -0.9232636
vn 0.68003076 0.30470073 -0.66687006
vn 0.76498145 0.29005182 -0.5750421
vn 0.31028545 0.34721863 -0.8849645
vn 0.49027377 0.32754147 -0.80768085
vn 0.16551039 0.36308205 -0.91693926
vn -1.9609039E-05 0.38408953 -0.92329586
vn 0.67155397 0.30542523 -0.6750783
vn 0.75765264 0.29081392 -0.5842857
vn 0.30473727 0.34756562 -0.8867544
vn 0.4814077 0.32808545 -0.812777
vn 0.6612355 0.30623615 -0.6848262
vn 0.748638 0.29168248 -0.59536767
vn 0.16191 0.3633815 -0.91746336
vn -0.16488369 0.39857864 -0.9021909
vn 0.29827294 0.34795374 -0.8887977
vn 0.47081172 0.32868412 -0.81872034
vn 0.6484116 0.30713958 -0.6965829
vn 0.73729277 0.2926725 -0.6088861
vn -1.729101E-05 0.38400012 -0.92333305
vn -0.2932707 0.41132542 -0.8630201
vn 0.45792973 0.32933816 -0.825734
vn 0.2906456 0.34838912 -0.8911511
vn 0.1576885 0.36372587 -0.91806203
vn 0.63206136 0.30813137 -0.7110228
vn 0.72260594 0.293794 -0.62572014
vn -0.16134724 0.39811587 -0.9030343
vn 0.44194305 0.33004037 -0.8341222
vn -1.2709481E-05 0.383895 -0.92337674
vn 0.2815116 0.34887898 -0.89388746
vn 0.15267015 0.36412644 -0.9187512
vn 0.620184 0.2705909 -0.73631
vn 0.71027315 0.26212868 -0.65329975
vn 0.42886603 0.28712916 -0.85652244
vn 0.27037773 0.34942964 -0.89710367
vn 0.14660576 0.36459738 -0.91955185
vn -0 0.38376996 -0.92342865
vn 0.60082364 0.23083429 -0.76532763
vn 0.69471437 0.2251217 -0.6831486
vn 0.41021436 0.2402156 -0.8797845
vn 0.2597231 0.30213836 -0.91720027
vn 0.13959889 0.31496814 -0.9387796
vn 0.5730827 0.22944699 -0.7867212
vn 0.6684823 0.22364452 -0.7093057
vn 0.38566244 0.23944546 -0.8910277
vn 0.24550214 0.2523251 -0.9359812
vn 0.53918266 0.20772986 -0.81616807
vn 0.63384086 0.20733356 -0.74515676
vn 0.3565372 0.21293335 -0.9096925
vn 0.4819173 0.20305736 -0.8523634
vn 0.5809807 0.19906361 -0.78919905
vn 0.31155595 0.20945935 -0.9268547
vn 0.22940859 0.25229663 -0.94006276
vn 0.20989357 0.22259662 -0.952048
vn 0.18209484 0.22176298 -0.95794713
vn 0.097041465 0.23320433 -0.96757364
vn 0.13083112 0.26385346 -0.9556487
vn 0.1112979 0.23273353 -0.9661511
vn 0.122314855 0.26421028 -0.95667756
vn 0.0009714834 0.2428759 -0.97005683
vn -0.00081639574 0.24433425 -0.9696907
vn -4.23029E-05 0.27801508 -0.9605767
vn -7.678704E-05 0.2782191 -0.96051764
vn 0.0006818213 0.33061323 -0.94376606
vn -0.11074907 0.24929659 -0.9620738
vn -0.098001756 0.2472815 -0.9639748
vn -0.1833136 0.24813785 -0.95122224
vn -0.12260231 0.28654322 -0.9501903
vn -0.1311138 0.28773633 -0.9486922
vn -0.20832038 0.25368732 -0.9445874
vn -0 0.38361904 -0.9234914
vn -0.13911915 0.34286028 -0.9290278
vn -0.2286813 0.29403427 -0.92803484
vn -0.34960145 0.2646581 -0.89874077
vn -0.30991983 0.25420535 -0.91614914
vn -0.46495706 0.2742897 -0.84177196
vn -0.14627053 0.39608246 -0.90648973
vn -0.15225366 0.39690077 -0.9051456
vn -0.24453 0.29693452 -0.9230574
vn -0.37903297 0.308193 -0.8725543
vn -0.50647837 0.27929565 -0.81576556
vn -0.5477046 0.28132552 -0.7879566
vn -0.5947789 0.2932613 -0.74848914
vn -0.5508672 0.3221162 -0.7699263
vn -0.6424577 0.33081082 -0.6912398
vn -0.4032794 0.31376916 -0.85960144
vn -0.58494866 0.3378853 -0.73733884
vn -0.67491627 0.34877756 -0.6502632
vn -0.25670612 0.3537581 -0.8994205
vn -0.4172201 0.37136224 -0.82946825
vn -0.59553105 0.3911557 -0.7016694
vn -0.67983085 0.403881 -0.6121357
vn -0.26657668 0.40705502 -0.87363786
vn -0.42681742 0.4228396 -0.7993957
vn -0.60046023 0.4397793 -0.6678634
vn -0.68389726 0.44434965 -0.57865185
vn -0.44154838 0.4253216 -0.79002315
vn -0.61488044 0.44194525 -0.6531511
vn -0.6963846 0.44599313 -0.56226206
vn -0.27725598 0.40880212 -0.86948836
vn -0.6261617 0.44352543 -0.641254
vn -0.45337936 0.42722997 -0.7822542
vn -0.46308658 0.42873818 -0.7757154
vn -0.28599215 0.41019312 -0.86599666
vn -0.15719593 0.39756536 -0.9040083
vn -0.48919043 0.33048213 -0.8071396
vn -0.5477046 0.28132552 -0.7879566
vn -0.46495706 0.2742897 -0.84177196
vn -0.39426225 0.3267288 -0.8589561
vn -0.4259109 0.35754752 -0.8311196
vn -0.32922983 0.34940913 -0.87722343
vn -0.30991983 0.25420535 -0.91614914
vn -0.2511719 0.3144705 -0.9154349
vn -0.20764856 0.34360984 -0.9158681
vn -0.1252038 0.3457749 -0.92992675
vn -0.15023892 0.31377125 -0.93753713
vn -0.1833136 0.24813785 -0.95122224
vn -0.098001756 0.2472815 -0.9639748
vn -0.0828436 0.315135 -0.9454242
vn -0.07122018 0.34827736 -0.9346821
vn 0.0043197437 0.3426369 -0.93945795
vn -0.0005440456 0.31127906 -0.9503184
vn -0.00081639574 0.24433425 -0.9696907
vn 0.07408163 0.32948104 -0.94125134
vn 0.08218126 0.29767546 -0.9511233
vn 0.097041465 0.23320433 -0.96757364
vn 0.18209484 0.22176298 -0.95794713
vn 0.14968957 0.2820187 -0.9476595
vn 0.13062593 0.31266218 -0.94083965
vn 0.21722145 0.28892693 -0.932382
vn 0.2532368 0.2612313 -0.9314662
vn 0.31155595 0.20945935 -0.9268547
vn 0.4819173 0.20305736 -0.8523634
vn 0.4005728 0.24161167 -0.88383555
vn 0.5809807 0.19906361 -0.78919905
vn 0.34756023 0.26301232 -0.90001464
vn 0.49424335 0.22935197 -0.8385232
vn 0.4337704 0.24778147 -0.8662838
vn 0.24551985 -0.122370444 0.9616369
vn 0.048589613 0.42589164 0.9034685
vn 0.056322224 -0.042112652 0.9975241
vn 0.38064885 -0.55714977 0.7380315
vn 0.18939263 0.37935215 0.9056613
vn 0.12931533 0.9152687 0.38152412
vn 0.393898 -0.59540665 0.70023936
vn 0.42991596 -0.6265935 0.6500407
vn 0.48534876 -0.8565154 -0.17555028
vn 0.44140732 -0.8747529 -0.19991742
vn 0.20200028 -0.5309983 -0.822944
vn 0.16131994 -0.5403129 -0.8258558
vn 0.025735589 -0.15788582 -0.987122
vn 0.10627941 -0.17778635 -0.9783132
vn 0.06345502 0.3928465 -0.9174121
vn 0.22672036 -0.504838 -0.8329085
vn 0.48913538 -0.83703566 -0.24518959
vn 0.14148557 0.30294663 -0.9424464
vn 0.140111 0.91185564 -0.38586023
vn 0.53258544 -0.8246671 -0.19046511
vn 0.22353 0.88856506 -0.4006075
vn 0.2195684 0.88325953 0.41429728
vn 0.21715179 -0.24792683 -0.94412786
vn 0.14672342 0.08282648 -0.9857039
vn 0.19232984 0.5599931 -0.80586404
vn 0.15360914 0.2198931 -0.9633542
vn 0.19743468 0.93321437 -0.30021733
vn 0.38113528 -0.55537933 -0.7391141
vn 0.12957771 0.645553 -0.7526426
vn 0.23617357 0.61331517 0.753702
vn 0.17894854 0.9289276 0.32414648
vn 0.29567492 0.27666715 0.9143477
vn 0.21937865 0.7281519 0.6493596
vn 0.08539996 0.9709457 0.22354257
vn 0.33067 -0.15672477 0.930642
vn 0.074754514 0.96476984 -0.25225148
vn 0.34727943 0.3856904 0.8547747
vn 0.39337885 -0.20259319 0.8967771
vn 0.38336924 0.1197472 0.9157994
vn 0.50784105 -0.64195126 0.5744529
vn 0.50628155 -0.29425165 0.81061393
vn 0.43721315 -0.89228857 -0.11254223
vn 0.42809328 -0.7299535 0.5328264
vn 0.11642189 0.8980752 0.42415425
vn 0.15249318 0.97491646 0.16212259
vn 0.15401478 0.9723283 -0.17566162
vn 0.2417134 0.90724367 0.34421447
vn 0.08296856 0.7863727 -0.6121554
vn 0.22610113 0.864168 -0.44954655
vn 0.14187944 0.5723033 -0.80767506
vn 0.27476397 0.69683135 -0.6625187
vn 0.15732016 0.4341998 -0.88697284
vn 0.24759883 0.50120676 -0.82914805
vn 0.16017984 0.34829524 -0.9235979
vn 0.33202603 0.6230615 0.7082041
vn 0.27037922 0.57465166 0.77244455
vn 0.34020066 0.34810978 0.87354624
vn 0.15030958 0.8621421 0.4838574
vn 0.31671506 0.86911684 0.37990445
vn 0.1965857 0.87757725 0.43727824
vn 0.19756545 0.81208736 0.5490738
vn 0.19980839 0.79741794 0.5693866
vn 0.16080624 0.7138238 0.6816135
vn 0.20034389 0.5836541 0.78689903
vn 0.14622165 0.56810755 0.8098599
vn 0.24670915 0.3577055 0.90065604
vn 0.13695595 0.32373565 0.9361828
vn 0.24204257 0.20541069 0.9482731
vn 0.35003042 0.1979046 0.9155941
vn 0.09499724 0.20280814 0.9745996
vn -0 0.19394758 0.98101187
vn -0 0.11352944 0.9935347
vn 0.24493714 0.09968185 0.964401
vn 0.4768685 -0.05222552 0.87742174
vn 0.101448 0.110289894 0.9887085
vn -0.09500114 0.20281138 0.9745986
vn -0.13248464 0.32304206 0.9370654
vn 0.37420303 0.060059562 0.92539984
vn 0.62474936 -0.23328683 0.74516135
vn 0.548331 0.002706035 0.8362569
vn 0.40142366 0.07602445 0.91273177
vn 0.23863614 0.085303865 0.9673552
vn 0.09503659 0.0740371 0.9927167
vn 0.60214734 0.119665004 0.7893661
vn 0.391909 0.1469908 0.9081855
vn 0.77231956 0.008324586 0.6351797
vn 0.21381702 0.13981049 0.96681714
vn 0.88942796 -0.25293058 0.3807151
vn 0.07530491 0.12361875 0.9894684
vn 0.56434 -0.6759647 0.47391137
vn 0.89881384 -0.438164 -0.012079811
vn -0 0.0670015 0.99775285
vn -0 0.116121605 0.99323505
vn -0.07530496 0.123618886 0.9894684
vn 0.49598387 -0.8669302 -0.049315624
vn -0.09503651 0.07403707 0.9927168
vn -0.21381682 0.13981044 0.96681714
vn 0.49661112 -0.63815856 -0.58832896
vn 0.8241319 -0.3195855 -0.46762353
vn 0.37111896 -0.6097801 -0.7003135
vn 0.32808313 -0.33455798 -0.8834208
vn 0.46654052 -0.29824296 -0.8327011
vn 0.64908946 -0.09081252 -0.75527203
vn -0.10095977 0.110627845 0.9887207
vn 0.2157132 -0.13230814 -0.96745145
vn 0.45732066 -0.13383074 -0.8791741
vn 0.54858285 0.0026164618 -0.83609205
vn 0.44348678 0.00930868 -0.8962326
vn 0.31990236 -0.17709531 -0.9307522
vn -0.23863596 0.08530379 0.96735525
vn -0.39190888 0.14699075 0.9081856
vn 0.21465705 -0.058858994 -0.9749144
vn 0.40410763 -0.051673364 -0.91325074
vn 0.31092343 -0.07715131 -0.9472984
vn -0.24493705 0.09968183 0.964401
vn -0.40142345 0.0760244 0.9127318
vn -0.6021474 0.11966527 0.78936595
vn 0.17670442 -0.0036349297 -0.9842572
vn 0.2697754 -0.011450628 -0.96285516
vn 0.2731587 0.010860832 -0.9619076
vn 0.23393668 -0.017727023 -0.97209024
vn -0.548331 0.0027060516 0.8362569
vn -0.77225816 0.008331935 0.63525414
vn 0.1300701 0.0055743856 -0.9914892
vn 0.12623864 0.019411838 -0.99181
vn 0.1229167 0.0108066555 -0.99235815
vn -0 0.0087461695 -0.99996173
vn -0 0.024614984 -0.99969697
vn -0.12623881 0.019411871 -0.99181
vn -0 0.018278193 -0.99983287
vn -0.1300701 0.005574387 -0.9914892
vn -0.27315903 0.010860846 -0.9619076
vn 0.09758854 0.02998994 -0.9947748
vn -0 0.04325651 -0.999064
vn -0 0.13265286 -0.99116254
vn -0.2697754 -0.011450618 -0.96285516
vn -0.4433549 0.009314769 -0.8962977
vn -0.12291667 0.010806659 -0.99235815
vn 0.07620487 0.14655866 -0.9862623
vn -0.09758851 0.02998993 -0.9947748
vn -0.23393679 -0.017727023 -0.9720901
vn -0.40410775 -0.05167338 -0.9132506
vn 0.14388727 0.17372352 -0.97422624
vn 0.09516704 0.30357227 -0.94804376
vn -0 0.29043794 -0.95689386
vn -0 0.25143105 -0.9678752
vn -0.09516715 0.30357257 -0.94804364
vn -0.16017969 0.34829515 -0.9235979
vn -0.15732023 0.43420002 -0.8869728
vn -0.24759875 0.5012069 -0.82914805
vn -0.27476388 0.69683135 -0.66251856
vn -0.07620494 0.14655882 -0.9862623
vn -0.17670444 -0.003634942 -0.9842572
vn -0.14187935 0.57230324 -0.80767524
vn -0.15360916 0.21989305 -0.9633542
vn -0.22610103 0.8641678 -0.44954696
vn -0.14388724 0.17372349 -0.97422624
vn -0.31092355 -0.07715134 -0.94729835
vn -0.082968526 0.7863727 -0.6121554
vn -0.1540147 0.9723282 -0.17566234
vn -0.12957776 0.6455531 -0.7526426
vn -0.074754514 0.96476984 -0.25225177
vn -0.15249318 0.97491646 0.16212262
vn -0.21465716 -0.05885902 -0.97491425
vn -0.3199025 -0.17709531 -0.9307522
vn -0.2157132 -0.13230814 -0.96745145
vn -0.1467235 0.08282651 -0.98570377
vn -0.19232988 0.5599932 -0.80586404
vn -0.19743468 0.93321437 -0.30021742
vn -0.085399956 0.9709457 0.22354232
vn -0.45732087 -0.13383079 -0.879174
vn -0.54862183 0.00261471 -0.8360665
vn -0.6490894 -0.090812854 -0.7552721
vn -0.4665405 -0.29824302 -0.8327011
vn -0.82413185 -0.31958508 -0.4676238
vn -0.32808313 -0.33455798 -0.8834208
vn -0.49661103 -0.6381583 -0.5883294
vn -0.89881396 -0.43816385 -0.012080399
vn -0.116421856 0.89807504 0.42415467
vn -0.24201536 0.90718204 0.34416464
vn -0.21715178 -0.24792683 -0.94412786
vn -0.15057851 0.86211336 0.4838251
vn -0.31736678 0.8687836 0.38012287
vn -0.20807756 0.87606996 0.43497717
vn -0.19798869 0.81199324 0.5490606
vn -0.19773293 0.79750377 0.5699908
vn -0.27043325 0.5746169 0.7724515
vn -0.16038086 0.713358 0.6822011
vn -0.33202603 0.62306136 0.70820427
vn -0.21937856 0.7281518 0.64935964
vn -0.20095687 0.58312935 0.7871318
vn -0.14747067 0.5669981 0.8104107
vn -0.24715798 0.35720402 0.900732
vn -0.34727937 0.38569024 0.85477483
vn -0.24204251 0.20541066 0.9482731
vn -0.3402006 0.34810972 0.87354624
vn -0.35003033 0.19790454 0.9155941
vn -0.17894852 0.92892766 0.32414633
vn -0.38336924 0.119747214 0.9157994
vn -0.3742029 0.060059562 0.92539996
vn -0.4768685 -0.052225508 0.8774218
vn -0.6247496 -0.23328686 0.7451612
vn -0.8894282 -0.25293052 0.38071477
vn -0.50628155 -0.29425165 0.81061393
vn -0.56434005 -0.67596483 0.4739112
vn -0.42809328 -0.72995377 0.53282607
vn -0.49598375 -0.86693025 -0.049316347
vn -0.371119 -0.6097802 -0.70031345
vn -0.43721303 -0.89228857 -0.11254272
vn -0.38113528 -0.5553794 -0.7391141
vn -0.5078412 -0.6419515 0.57445246
vn -0.39337882 -0.20259319 0.8967771
vn -0.42991614 -0.6265936 0.65004045
vn -0.5325854 -0.82466704 -0.19046538
vn -0.33067003 -0.1567248 0.930642
vn -0.24551982 -0.12237043 0.9616369
vn -0.29567486 0.2766671 0.9143477
vn -0.22672036 -0.5048379 -0.8329086
vn -0.2361735 0.61331505 0.75370204
vn -0.18939261 0.37935212 0.9056613
vn -0.2195684 0.88325953 0.41429752
vn -0.22353002 0.8885652 -0.40060744
vn -0.1293153 0.91526854 0.38152465
vn -0.1414856 0.3029466 -0.9424464
vn -0.48913527 -0.83703554 -0.24519001
vn -0.4414073 -0.8747529 -0.19991763
vn -0.04858958 0.42589134 0.90346867
vn -0.140111 0.91185576 -0.3858599
vn -0.106279455 -0.17778645 -0.9783132
vn -0.39389792 -0.59540665 0.70023936
vn -0.2020002 -0.5309981 -0.82294405
vn -0.06345507 0.39284673 -0.9174121
vn -0.48534876 -0.85651547 -0.17555021
vn -0.38064885 -0.5571498 0.7380315
vn -0.025735602 -0.15788591 -0.9871219
vn -0.16131997 -0.5403131 -0.82585573
vn -0.253593 -0.9627101 -0.094233535
vn -0.043064743 -0.6605545 -0.749542
vn 0.031874396 -0.22279344 -0.9743445
vn -0.05411917 0.42632616 -0.90294915
vn -0.15847257 0.91871053 -0.3617421
vn -0.15400244 0.93323046 0.3245984
vn -0.057901334 0.48017696 0.8752585
vn -0.17362514 -0.6335454 0.75397253
vn -0.056322217 -0.042112667 0.9975241
vn -0.02343823 -0.116938375 0.9928625
vn 0.23268123 0.3380465 0.91191226
vn -0 -0.02098424 0.9997799
vn 0.25513488 -0.01882192 0.9667223
vn 0.5183737 0.018299324 0.8549583
vn -0 0.30906522 0.9510408
vn -0.23268111 0.33804673 0.91191214
vn -0.25513464 -0.018821925 0.9667223
vn -0.5183736 0.01829931 0.85495836
vn 0.43066502 0.41935453 0.799168
vn 0.5893752 0.55414593 0.5878428
vn 0.73819995 0.115960896 0.66454047
vn 0.13825463 0.68060046 0.7194919
vn 0.63811994 0.6651691 0.38775387
vn 0.87919 0.22363907 0.42072597
vn 0.62663156 0.7654059 0.14658359
vn 0.9389422 0.30046174 0.16766095
vn 0.9270847 0.34725598 -0.14116387
vn 0.23884848 0.7602099 0.604179
vn 0.2417134 0.90724367 0.34421447
vn 0.31671506 0.86911684 0.37990445
vn 0.3304556 0.8325694 0.44455284
vn 0.18375108 0.75620174 0.6280083
vn 0.15249318 0.97491646 0.16212259
vn 0.59508544 0.78618044 -0.16671439
vn 0.15401478 0.9723283 -0.17566162
vn 0.8449258 0.33223903 -0.41918665
vn 0.22610113 0.864168 -0.44954655
vn 0.56721085 0.6978692 -0.43732208
vn 0.68108994 0.2715 -0.6800031
vn 0.27476397 0.69683135 -0.6625187
vn 0.5008733 0.5480345 -0.66991353
vn 0.24759883 0.50120676 -0.82914805
vn 0.4635197 0.19057891 -0.86534923
vn 0.36403167 0.39015847 -0.8457289
vn 0.16017984 0.34829524 -0.9235979
vn 0.22035742 0.28755742 -0.9320694
vn 0.26685607 0.1417195 -0.95325935
vn -0 0.29043794 -0.95689386
vn -0 0.253442 -0.9673506
vn -0 0.12712114 -0.99188715
vn -0.26685593 0.14171948 -0.95325935
vn -0.2203573 0.2875572 -0.93206954
vn -0.16017969 0.34829515 -0.9235979
vn -0.46351942 0.19057891 -0.8653493
vn -0.36403155 0.39015839 -0.845729
vn -0.24759875 0.5012069 -0.82914805
vn -0.5008733 0.54803455 -0.66991353
vn -0.6810897 0.2714999 -0.68000335
vn -0.27476388 0.69683135 -0.66251856
vn -0.5672107 0.69786894 -0.43732268
vn -0.84492576 0.3322389 -0.41918713
vn -0.22610103 0.8641678 -0.44954696
vn -0.59508514 0.78618026 -0.16671562
vn -0.1540147 0.9723282 -0.17566234
vn -0.92708457 0.34725598 -0.14116444
vn -0.15249318 0.97491646 0.16212262
vn -0.62663156 0.76540595 0.1465834
vn -0.9389422 0.30046177 0.1676611
vn -0.87918997 0.22363901 0.42072633
vn -0.24201536 0.90718204 0.34416464
vn -0.63811964 0.6651689 0.38775474
vn -0.5893749 0.55414575 0.5878433
vn -0.7382 0.115960866 0.66454035
vn -0.31736678 0.8687836 0.38012287
vn -0.33036953 0.8326129 0.44453555
vn -0.430665 0.4193549 0.7991678
vn -0.238848 0.7602092 0.60418016
vn -0.18256758 0.7567457 0.6276981
vn -0.1382547 0.6806007 0.7194917
vn -0.09305441 0.7030408 0.7050352
vn -0.13519315 0.54402596 0.82810545
vn -0 0.6498092 0.7600973
vn 9.125711E-05 0.5742239 0.8186983
vn -0.08185782 0.34833184 0.93379027
vn 0.093054414 0.7030408 0.70503515
vn 0.13522558 0.54401404 0.828108
vn -0 0.6880839 0.7256312
vn -0.0021346644 0.3333063 0.9428162
vn -0 0.19394758 0.98101187
vn 0.08509598 0.33890373 0.93696475
vn 0.42167807 0.054917887 -0.90508103
vn 0.44348678 0.00930868 -0.8962326
vn 0.2731587 0.010860832 -0.9619076
vn 0.54858285 0.0026164618 -0.83609205
vn 0.2649574 0.03238497 -0.9637161
vn 0.55111986 0.088006236 -0.82977206
vn 0.12623864 0.019411838 -0.99181
vn 0.7343745 0.065720364 -0.67555535
vn 0.1282094 0.037637472 -0.99103266
vn 0.64908946 -0.09081252 -0.75527203
vn 0.94155675 0.0074508684 -0.33677188
vn 0.8241319 -0.3195855 -0.46762353
vn -0 0.024614984 -0.99969697
vn -0 0.045433715 -0.9989673
vn -0.12820962 0.037637513 -0.99103266
vn -0.12623881 0.019411871 -0.99181
vn -0.26495776 0.032384988 -0.9637161
vn -0.27315903 0.010860846 -0.9619076
vn 0.99983037 0.0047630975 -0.017793678
vn 0.89881384 -0.438164 -0.012079811
vn 0.88942796 -0.25293058 0.3807151
vn 0.9591328 0.048801415 0.27871606
vn 0.77231956 0.008324586 0.6351797
vn 0.8207111 0.10241219 0.5620899
vn 0.60214734 0.119665004 0.7893661
vn 0.6213177 0.1511489 0.7688423
vn 0.391909 0.1469908 0.9081855
vn 0.37981364 0.17848496 0.907681
vn 0.21381702 0.13981049 0.96681714
vn 0.19456048 0.18224555 0.96381164
vn 0.07530491 0.12361875 0.9894684
vn 0.061040103 0.17570056 0.98254955
vn -0 0.116121605 0.99323505
vn -0 0.17217115 0.985067
vn -0.061040152 0.17570066 0.9825494
vn -0.07530496 0.123618886 0.9894684
vn -0.19456038 0.18224554 0.96381164
vn -0.21381682 0.13981044 0.96681714
vn -0.37981352 0.17848496 0.907681
vn -0.39190888 0.14699075 0.9081856
vn -0.62135684 0.15114683 0.76881105
vn -0.6021474 0.11966527 0.78936595
vn -0.82068247 0.102416456 0.5621309
vn -0.77225816 0.008331935 0.63525414
vn -0.95923334 0.0487584 0.2783776
vn -0.8894282 -0.25293052 0.38071477
vn -0.99983037 0.0047633317 -0.017793912
vn -0.89881396 -0.43816385 -0.012080399
vn -0.82413185 -0.31958508 -0.4676238
vn -0.94155675 0.0074511487 -0.33677185
vn -0.6490894 -0.090812854 -0.7552721
vn -0.7343744 0.0657204 -0.6755554
vn -0.54862183 0.00261471 -0.8360665
vn -0.55095756 0.08801314 -0.82987916
vn -0.42163306 0.054919876 -0.90510184
vn -0.4433549 0.009314769 -0.8962977
vn 0.9601865 0.12398664 -0.2503381
vn 0.98645383 0.1628162 -0.019989956
vn 0.9952905 0.09673141 -0.0063021607
vn 0.9624449 0.099181816 0.25271076
vn 0.95063484 0.16339126 -0.2638117
vn 0.8240254 0.19008787 -0.5337122
vn 0.81381744 0.18242915 -0.5517434
vn 0.5757595 0.23109719 -0.78428
vn 0.5657544 0.2140772 -0.7962995
vn 0.36817512 0.24294676 -0.89745414
vn 0.82489425 0.1412826 -0.54734683
vn 0.7821131 0.15422751 -0.6037491
vn 0.58402693 0.15576813 -0.79664856
vn 0.35964012 0.17517607 -0.9165001
vn 0.21533757 0.23537616 -0.9477488
vn 0.56950706 0.100372426 -0.8158352
vn 0.18913741 0.17194057 -0.96678
vn 0.118698046 0.22556117 -0.96697104
vn 0.3396954 0.07660528 -0.9374106
vn 0.093794316 0.15563254 -0.983352
vn -0 0.22153759 -0.97515184
vn 0.5395056 0.06037155 -0.83981484
vn 0.4694026 -0.05443351 -0.88130486
vn 0.15806428 0.048713036 -0.9862265
vn 0.2767117 0.017040089 -0.96080196
vn -0 0.14770485 -0.9890315
vn 0.06636199 0.026697893 -0.9974383
vn 0.124674454 -0.024726959 -0.99188954
vn 0.19958383 -0.16468081 -0.9659433
vn -0.093794346 0.15563253 -0.983352
vn -0.11869816 0.22556135 -0.96697104
vn -0.18913741 0.17194055 -0.9667799
vn -0.21533756 0.2353762 -0.9477488
vn -0.3596401 0.175176 -0.9165001
vn -0.36817524 0.24294667 -0.89745414
vn -0.5657543 0.2140772 -0.7962995
vn -0.57563865 0.23110835 -0.78436536
vn -0.8240254 0.19008783 -0.5337123
vn -0.81384623 0.18242393 -0.5517026
vn -0.9600974 0.12400811 -0.2506689
vn -0.0663621 0.026697917 -0.9974383
vn -0.15806437 0.04871307 -0.9862265
vn -0.33969527 0.07660522 -0.9374107
vn -0 0.020936709 -0.99978083
vn 0.04815607 -0.045181613 -0.9978174
vn 0.056652024 -0.21590254 -0.97477007
vn -0.17146844 -0.594899 -0.78529847
vn 0.014375629 -0.28471935 -0.95850307
vn -0 -0.054030623 -0.9985392
vn -0.048156198 -0.045181625 -0.9978174
vn -0.1246745 -0.024726959 -0.99188954
vn -0.27671167 0.017040065 -0.96080196
vn -0.15849157 -0.40430784 -0.90078616
vn -0.014375727 -0.2847194 -0.95850307
vn -0.05665208 -0.21590258 -0.97477007
vn 0.17146835 -0.5948991 -0.78529847
vn -0.19958383 -0.1646808 -0.9659433
vn -0.4694026 -0.05443351 -0.88130486
vn -0.5395056 0.06037152 -0.83981484
vn -0.7821131 0.15422747 -0.60374916
vn -0.5695069 0.100372344 -0.8158353
vn -0.5840268 0.15576808 -0.7966486
vn -0.82489425 0.14128257 -0.54734695
vn -0.95063484 0.1633913 -0.26381174
vn 0.15849154 -0.40430778 -0.90078616
vn -0.98645383 0.16281623 -0.01999001
vn -0.9952905 0.096731596 -0.0063020657
vn -0.9624449 0.09918188 0.25271094
vn -0.92754865 0.20170987 -0.31458974
vn -0.9822206 0.18602149 -0.02527072
vn -0.9629528 0.11842846 0.24227418
vn -0.9570363 0.13778956 0.25513837
vn -0.83825165 0.09513784 0.5369199
vn -0.83363944 0.10663193 0.5419178
vn -0.620994 0.0690187 0.78077066
vn -0.6393256 0.086144686 0.7640954
vn -0.41544867 0.07014768 0.9069078
vn -0.83569777 0.048043918 0.5470841
vn -0.4070489 -0.018800855 0.91321284
vn -0.1972294 0.06519739 0.978187
vn -0.80915695 0.02648932 0.5869952
vn -0.7620538 -0.018915728 0.6472375
vn -0.59299064 0.0052505923 0.8051922
vn -0.94810593 0.101643786 0.30127007
vn -0.20660032 -0.006657915 0.97840273
vn -0.072485976 0.063933365 0.9953181
vn -0.53641915 -0.070929825 0.8409658
vn -0.42582038 -0.09008099 0.9003124
vn -0.31826204 -0.2386814 0.9174641
vn -0.990921 0.13415131 -0.008892738
vn -0.07130169 0.0005867494 0.9974546
vn -0 0.064949155 0.9978886
vn -0.242804 -0.043557867 0.96909696
vn -0.2729881 -0.15649042 0.9492041
vn -0.067373954 -0.011305316 0.99766374
vn -0 -0.0012327939 0.9999993
vn -0.48866022 -0.15084656 0.8593349
vn -0.93684 0.14412609 -0.31868222
vn 0.07130175 0.00058675 0.9974546
vn 0.07248583 0.06393324 0.99531823
vn -0.32635885 -0.18566447 0.9268325
vn -0.7572358 0.08552984 -0.6475172
vn 0.2066004 -0.0066579087 0.97840273
vn 0.19722913 0.065197214 0.97818714
vn 0.40704903 -0.018800855 0.91321284
vn 0.4154482 0.07014751 0.90690804
vn 0.2428041 -0.043557864 0.96909696
vn 0.62099403 0.06901872 0.78077066
vn 0.639325 0.08614455 0.7640959
vn 0.8336392 0.106631935 0.54191816
vn 0.06737407 -0.01130532 0.99766374
vn 0.83825165 0.09513786 0.5369199
vn 0.9629527 0.11842847 0.24227418
vn 0.8356978 0.048043903 0.54708403
vn 0.5929909 0.0052505755 0.8051921
vn 0.8091571 0.026489325 0.586995
vn 0.9570363 0.13778967 0.2551383
vn 0.76205367 -0.018915664 0.64723754
vn 0.5364191 -0.070929825 0.8409658
vn 0.9822206 0.18602149 -0.025270734
vn 0.42582047 -0.09008101 0.90031236
vn 0.31826204 -0.2386814 0.9174641
vn 0.2729882 -0.15649046 0.94920397
vn 0.94810593 0.101643816 0.30127007
vn 0.92754865 0.20170984 -0.3145898
vn 0.990921 0.13415122 -0.008892784
vn 0.93684 0.14412609 -0.31868234
vn 0.94606596 0.029293401 0.3226472
vn 0.75723577 0.08552994 -0.64751726
vn 0.99885464 0.047825336 0.0014743072
vn 0.94606555 0.034272853 -0.32215753
vn 0.7304938 -0.051521767 -0.680973
vn 0.35999396 -0.20281775 -0.91064227
vn 0.6758983 0.024778811 -0.7365782
vn 0.20150661 -0.03636181 -0.9788119
vn 0.93792665 0.069332585 -0.33983308
vn -0.4290289 -0.0944221 -0.8983422
vn 0.12256993 0.065294854 -0.99030966
vn 0.6329841 0.08286027 -0.7697177
vn -0.50773287 0.06620403 -0.85896707
vn 0.9955568 0.0941381 0.0021754028
vn 0.92256004 0.100954995 -0.37241226
vn 0.9303237 0.0886625 0.35586053
vn -0.8768628 -0.06690663 -0.47606206
vn -0.8949501 0.054458797 -0.44283018
vn -0.6848955 -0.50239414 -0.52774835
vn -0.49241823 -0.2765275 -0.8252617
vn 0.09285857 -0.2552116 -0.96241593
vn 0.61371297 -0.2242943 -0.7569996
vn -0.85814846 -0.2905557 -0.4232712
vn -0.998912 0.04663154 0.0004731983
vn -0.99974126 -0.02202534 0.0056736334
vn -0.9546135 -0.29784217 0.0017596141
vn -0.5106055 -0.32165596 -0.79738295
vn 0.08570326 -0.2881139 -0.95375335
vn 0.6105797 -0.25787467 -0.74879444
vn -0.8576037 -0.33027127 -0.3942545
vn -0.91424924 -0.052688 -0.40171176
vn 0.9056828 -0.19937603 -0.3741494
vn 0.8983952 -0.2455569 -0.36412624
vn -0.9456983 -0.32503912 0.0020849095
vn -0.9973335 -0.07294131 0.0023092097
vn 0.99392694 0.110037096 0.00110117
vn 0.98164076 -0.19073878 0.0003257827
vn 0.97110987 -0.23863016 0.0011337727
vn 0.8959309 -0.24797858 0.3685302
vn -0.8566719 -0.32771465 0.3983922
vn -0.9073032 -0.08354369 0.41209376
vn -0.53750736 -0.08670794 0.83878934
vn -0.860052 -0.2759463 0.4291435
vn 0.9181437 0.11422655 0.37942657
vn 0.9059742 -0.19049144 0.37805277
vn 0.6015733 -0.26792634 0.7525458
vn 0.6126864 -0.05695212 0.78827137
vn 0.6096861 -0.20369886 0.76602197
vn 0.614098 0.11768862 0.7804056
vn 0.072533734 -0.07584782 0.99447775
vn 0.06485733 -0.11960149 0.9907013
vn 0.084519215 -0.30011967 0.9501498
vn 0.09002432 -0.22903332 0.9692468
vn -0.50028646 -0.32876617 0.8010158
vn -0.49558318 -0.2521294 0.8311608
vn 0.63837147 0.07645061 0.76592237
vn 0.08110357 0.12631454 0.9886692
vn -0.5158119 0.119074464 0.8483863
vn 0.6799894 -0.03152689 0.73254377
vn 0.15715335 0.03913614 0.98679847
vn -0.89169765 0.081684016 0.44520006
vn 0.32635882 -0.18566447 0.9268326
vn -0.4529338 -0.004757742 0.8915315
vn -0.87342614 -0.025583556 0.48628423
vn -0.23143774 -0.38141814 0.89496195
vn 0.48866016 -0.15084654 0.85933495
vn -0.70206696 -0.45950282 0.5440212
vn -0.8915247 -0.45267227 0.01647909
vn -0.4220134 -0.76712805 -0.4831349
vn 0.12846132 -0.41462648 0.90087885
vn -0.27556944 -0.63626784 0.7205725
vn -0.4418818 -0.7381819 0.5097332
vn -0.56475115 -0.8249345 0.02321899
vn -0.19281578 -0.98086506 0.026939636
vn -0.17176959 -0.87866485 -0.4454697
vn -0 -0.9994863 0.03204958
vn -0.16009782 -0.86196685 0.4810217
vn -0.07750492 -0.6667472 -0.7412429
vn -0.07175988 -0.741883 0.66667855
vn -0 -0.9009811 -0.43385828
vn -0 -0.6934817 -0.7204743
vn -0 -0.8811749 0.4727905
vn -0 -0.29891366 -0.95428026
vn 0.07750486 -0.6667473 -0.7412429
vn 0.17176956 -0.87866485 -0.4454697
vn 0.19281578 -0.98086506 0.026939409
vn 0.42201328 -0.7671281 -0.48313487
vn 0.16009785 -0.861967 0.48102134
vn 0.68489546 -0.502394 -0.5277484
vn 0.56475115 -0.8249345 0.02321898
vn 0.44188178 -0.73818195 0.50973314
vn 0.8915247 -0.4526722 0.016479071
vn 0.071759894 -0.7418829 0.66667855
vn 0.2755694 -0.63626784 0.7205725
vn 0.70206696 -0.4595027 0.5440213
vn 0.99974126 -0.022025326 0.0056736623
vn 0.8768628 -0.06690663 -0.47606218
vn -0 -0.77391523 0.63328916
vn 0.04689189 -0.52929974 0.847138
vn 0.18178014 -0.30747247 0.93403244
vn 0.07813921 -0.10025567 0.9918886
vn 0.10402411 -0.28111774 0.9540188
vn -0 -0.011983037 0.99992824
vn -0 -0.085079186 0.9963742
vn -0.078139104 -0.10025565 0.9918886
vn -0 -0.27330562 0.9619273
vn -0.18178013 -0.30747238 0.93403256
vn -0.10402405 -0.28111765 0.9540188
vn -0 -0.56548226 0.82476044
vn -0.046891864 -0.5292995 0.84713817
vn -0.12846129 -0.41462633 0.90087885
vn 0.23143771 -0.38141802 0.89496195
vn 0.87342614 -0.025583556 0.48628423
vn 0.45293388 -0.0047577885 0.8915314
vn 0.998912 0.046631526 0.00047319333
vn 0.89169765 0.08168399 0.44520012
vn -0.15715337 0.039136127 0.98679847
vn 0.5158119 0.11907444 0.8483863
vn -0.6799895 -0.031526912 0.7325437
vn -0.94606596 0.029293464 0.32264718
vn -0.6383716 0.07645061 0.7659223
vn -0.99885464 0.047825493 0.0014742999
vn -0.08110359 0.12631454 0.9886692
vn -0.9303237 0.08866251 0.3558605
vn -0.94606555 0.03427285 -0.32215753
vn -0.614098 0.1176886 0.7804056
vn -0.7304938 -0.051521834 -0.68097305
vn -0.35999393 -0.20281774 -0.91064227
vn 0.4290289 -0.094422065 -0.8983422
vn -0.20150667 -0.036361776 -0.9788119
vn -0.6758984 0.024778824 -0.73657817
vn -0.93792665 0.06933256 -0.33983308
vn -0.9955568 0.0941381 0.002175422
vn 0.89495 0.054458786 -0.44283026
vn 0.5077328 0.06620403 -0.85896707
vn -0.122569956 0.06529487 -0.99030966
vn -0.63298404 0.082860276 -0.76971775
vn 0.9546135 -0.2978422 0.0017595885
vn 0.85814846 -0.2905557 -0.42327133
vn 0.49241817 -0.27652755 -0.8252617
vn 0.860052 -0.27594632 0.42914355
vn 0.9456983 -0.32503912 0.002084919
vn 0.8576037 -0.3302713 -0.3942546
vn 0.5106054 -0.321656 -0.79738283
vn 0.85667187 -0.32771468 0.3983923
vn -0.09285857 -0.25521165 -0.9624158
vn -0.085703254 -0.28811386 -0.95375323
vn 0.49558312 -0.2521294 0.83116066
vn -0.61371297 -0.2242943 -0.7569996
vn -0.6105797 -0.25787464 -0.7487944
vn 0.5004782 -0.32907695 0.8007683
vn 0.53750736 -0.08670793 0.83878934
vn -0.09002431 -0.22903332 0.9692468
vn -0.92256004 0.10095502 -0.3724123
vn -0.9056828 -0.199376 -0.3741495
vn -0.8983951 -0.24555692 -0.3641263
vn -0.08451914 -0.30011967 0.95014983
vn -0.6096861 -0.20369884 0.76602197
vn -0.99392694 0.110037066 0.0011011894
vn -0.98164076 -0.19073874 0.00032575976
vn -0.97110987 -0.23863015 0.001133763
vn -0.8959309 -0.24797857 0.36853027
vn -0.07253375 -0.07584777 0.99447775
vn -0.06485734 -0.119601466 0.9907013
vn -0.6126862 -0.056952175 0.7882715
vn -0.6015733 -0.26792634 0.7525458
vn -0.9059741 -0.19049147 0.3780528
vn -0.91814363 0.1142265 0.3794266
vn 0.512074 -0.32205737 0.7962783
vn -0 -0.11035314 0.99389243
vn -0 -0.12252235 0.99246573
vn -0.48372623 -0.22496149 0.845814
vn 0.55896956 0.0019828975 0.8291858
vn 0.8295485 -0.548443 0.10516513
vn -0.5093362 -0.29207668 0.80948627
vn -0.8274591 -0.55145603 0.10586643
vn 0.9793691 -0.19030498 0.067971654
vn 0.5365556 -0.53143966 -0.6554999
vn -0.9578114 -0.22086695 0.18388855
vn -0.53552 -0.53170544 -0.65613073
vn 0.617315 -0.0978937 -0.7806017
vn 0.0028898218 -0.44380075 -0.89612085
vn -0.6173354 -0.09873098 -0.7804801
vn -0 -0.027675366 -0.999617
vn 0.13288793 -0.87113905 0.4727131
vn -0.0657962 -0.8774264 0.47517768
vn -0.4538745 -0.88545924 0.09979943
vn 0.3392058 -0.7745823 0.533818
vn 0.48496914 -0.8729779 0.052100506
vn -0.25635573 -0.84926015 -0.46156135
vn 0.047454163 -0.9983217 -0.033194505
vn 0.25759545 -0.84877646 -0.46176082
vn 0.00450314 -0.84471893 -0.53519136
vn 0.06676351 0.116169944 0.99098295
vn -0 0.121858716 0.99254745
vn -0 0.1470423 0.98913026
vn -0.06676362 0.11617007 0.99098295
vn 0.05829626 0.14576258 0.98760056
vn 0.19413699 0.107626475 0.97505254
vn -0.05829616 0.14576256 0.98760056
vn -0.19447526 0.10763898 0.97498375
vn 0.18775259 0.14491613 0.971467
vn 0.4070235 0.09584726 0.908375
vn -0 0.17217115 0.985067
vn 0.061040103 0.17570056 0.98254955
vn -0.061040152 0.17570066 0.9825494
vn 0.19456048 0.18224555 0.96381164
vn -0.1877526 0.14491613 0.971467
vn -0.40670466 0.095838726 0.90851873
vn -0.19456038 0.18224554 0.96381164
vn 0.38483575 0.13684121 0.91278476
vn 0.64773655 0.088652834 0.75668895
vn 0.37981364 0.17848496 0.907681
vn -0.38483575 0.13684125 0.91278476
vn -0.647737 0.088653 0.7566884
vn -0.37981352 0.17848496 0.907681
vn 0.63569885 0.11984328 0.76257765
vn 0.8418223 0.08681121 0.53272796
vn 0.6213177 0.1511489 0.7688423
vn -0.6356986 0.11984329 0.7625778
vn -0.8418225 0.08681126 0.53272754
vn -0.62135684 0.15114683 0.76881105
vn 0.83248234 0.09497256 0.54585105
vn 0.96340555 0.06454509 0.26016107
vn 0.8207111 0.10241219 0.5620899
vn -0.83248234 0.09497261 0.5458512
vn -0.9633128 0.06456545 0.26049927
vn -0.82068247 0.102416456 0.5621309
vn 0.95989096 0.057348944 0.27444586
vn 0.9591328 0.048801415 0.27871606
vn 0.9985921 0.05141479 -0.013046383
vn -0.95989084 0.057348985 0.27444592
vn -0.95923334 0.0487584 0.2783776
vn -0.9985921 0.05141493 -0.013046276
vn 0.9994474 0.028690826 -0.016781734
vn 0.99983037 0.0047630975 -0.017793678
vn 0.94155675 0.0074508684 -0.33677188
vn -0.9994474 0.028690875 -0.016781753
vn -0.99983037 0.0047633317 -0.017793912
vn -0.94155675 0.0074511487 -0.33677185
vn 0.95400923 0.042156797 -0.29679835
vn 0.9606865 0.07741823 -0.2666229
vn 0.7343745 0.065720364 -0.67555535
vn -0.95400923 0.042156786 -0.29679838
vn -0.96078134 0.07739818 -0.26628688
vn -0.7343744 0.0657204 -0.6755554
vn 0.7751946 0.103059195 -0.62325925
vn 0.8037655 0.1391682 -0.57844037
vn 0.55111986 0.088006236 -0.82977206
vn -0.7751946 0.10305917 -0.62325925
vn -0.8037656 0.13916819 -0.5784403
vn -0.55095756 0.08801314 -0.82987916
vn 0.54709786 0.14707004 -0.82404757
vn 0.55976844 0.20452997 -0.8030111
vn -0.5470978 0.14707 -0.82404757
vn -0.5598508 0.20452292 -0.80295545
vn 0.3901123 0.14987835 -0.90848714
vn 0.42167807 0.054917887 -0.90508103
vn 0.37462786 0.24289441 -0.8947939
vn 0.2649574 0.03238497 -0.9637161
vn -0.3901121 0.14987828 -0.90848714
vn -0.42163306 0.054919876 -0.90510184
vn -0.37462792 0.24289429 -0.894794
vn -0.26495776 0.032384988 -0.9637161
vn 0.24471208 0.14254653 -0.9590602
vn 0.22821642 0.24897158 -0.94123876
vn 0.1282094 0.037637472 -0.99103266
vn -0.244712 0.14254646 -0.9590602
vn -0.22821634 0.24897158 -0.94123876
vn -0.12820962 0.037637513 -0.99103266
vn 0.1310032 0.14234714 -0.98110926
vn 0.1295281 0.24356636 -0.96119606
vn -0 0.045433715 -0.9989673
vn -0.13100316 0.1423471 -0.98110926
vn -0.129192 0.24355854 -0.96124333
vn -0 0.14523494 -0.98939717
vn -0 0.2427233 -0.9700955
vn 0.9227212 -0.03986017 0.3834016
vn 0.8959309 -0.24797858 0.3685302
vn 0.97110987 -0.23863016 0.0011337727
vn 0.6126864 -0.05695212 0.78827137
vn 0.9996382 -0.02681034 0.0021941904
vn 0.8983952 -0.2455569 -0.36412624
vn 0.6067745 -0.09694945 0.7889395
vn 0.06485733 -0.11960149 0.9907013
vn 0.92766273 -0.0105082905 -0.3732714
vn 0.6105797 -0.25787467 -0.74879444
vn 0.9220053 -0.06472862 0.3817283
vn 0.99931765 -0.036921583 0.00096375233
vn 0.61832666 0.011304366 -0.78583986
vn 0.92584497 -0.008017454 -0.37781867
vn 0.067631625 0.014446054 -0.9976058
vn 0.08570326 -0.2881139 -0.95375335
vn -0.5590661 -0.004909252 -0.8291086
vn -0.5106055 -0.32165596 -0.79738295
vn -0.91424924 -0.052688 -0.40171176
vn -0.9172228 -0.034661926 -0.39686385
vn -0.9973335 -0.07294131 0.0023092097
vn -0.99792695 -0.06435063 0.0008932478
vn -0.9073032 -0.08354369 0.41209376
vn -0.9114778 -0.0910722 0.40114114
vn -0.53750736 -0.08670794 0.83878934
vn -0.9975305 -0.070228614 -0.00089087634
vn -0.9201854 -0.039808232 -0.3894536
vn -0.99956053 -0.027141215 -0.011914746
vn -0.56163335 -0.008165703 -0.8273459
vn -0.54752874 -0.11625641 0.8286717
vn -0.91408116 -0.10393373 0.39198658
vn -0.5551038 -0.14199081 0.8195721
vn 0.06516442 0.0039998046 -0.9978666
vn -0.91800433 -0.022961866 -0.395905
vn 0.060699787 -0.15400812 0.9862033
vn -0.91424036 -0.061382633 0.40049556
vn 0.60791093 -0.01249758 -0.79390687
vn -0.5605653 -0.01619028 -0.82795185
vn 0.6028669 -0.13655917 0.78606814
vn -0.54764384 -0.117593005 0.82840705
vn 0.9233269 -0.041320987 -0.38178515
vn 0.06609493 -0.004738687 -0.9978021
vn 0.91919714 -0.10185518 0.3803972
vn 0.06574614 -0.14374219 0.9874287
vn 0.61057866 -0.02071416 -0.7916847
vn 0.06385075 0.04485815 -0.99695075
vn 0.9976578 -0.06840223 -0.0003794959
vn 0.5990236 -0.12870862 0.79031956
vn 0.07411827 -0.018261636 0.9970822
vn 0.9160125 -0.04278084 -0.39886186
vn 0.91328144 -0.08703923 0.39792097
vn -0.5674396 0.038579825 -0.82251066
vn 0.625554 0.030592436 -0.77958083
vn 0.9986119 -0.05181071 -0.009485526
vn 0.61266005 -0.03213647 0.78969294
vn -0.90624326 0.038868483 -0.420966
vn 0.038733132 0.13470466 -0.99012846
vn 0.90439224 0.015444086 -0.42642254
vn 0.90599144 -0.010375481 0.4231689
vn 0.6212748 0.12180968 -0.7740672
vn 0.99919325 0.013110982 -0.037959248
vn 0.07874575 0.20593663 0.97539186
vn 0.6345867 0.13752493 0.7605174
vn 0.8936168 0.11854823 0.43289173
vn 0.7701795 0.41305944 0.48600966
vn 0.99265164 0.09796942 -0.07102663
vn 0.8932222 0.10390183 -0.43744534
vn 0.93171793 0.21279448 0.29431322
vn -0.5568611 0.0042169625 0.83059496
vn 0.03662354 0.7379645 0.67384493
vn -0.91793513 0.02887335 0.39567843
vn -0.5922024 0.14586893 0.7924761
vn -0.7511692 0.43182585 0.49927077
vn -0.9979115 0.044878263 -0.046459045
vn -0.9143286 0.10542325 0.39101064
vn -0.9920969 0.09897793 -0.07711682
vn 0.006001791 0.9650742 0.2619082
vn -0.89169866 0.11956162 -0.43655306
vn -0.9330549 0.20269647 0.29719132
vn -0.5749328 0.12864143 -0.8080246
vn 0.01051451 0.15207331 -0.98831326
vn -0.9804205 0.15702975 -0.11881652
vn -0.5681809 0.14727268 -0.8096179
vn 0.5758097 0.14775155 -0.8041223
vn -0.88962746 0.13224554 -0.43712023
vn -0.0007012612 0.11193527 -0.9937152
vn -0.5702666 0.11521401 -0.8133398
vn -0.97504145 0.19258048 0.11048517
vn -0.9763312 0.14259595 -0.16261595
vn -0.95157593 0.2903895 0.100882255
vn -0.8924779 0.10267524 -0.43925038
vn -0.9938545 0.11021886 -0.010245024
vn -0.9782516 0.10025877 -0.1815822
vn 0.56994367 0.1100788 -0.8142769
vn -0.0005456088 -0.6170304 -0.7869391
vn -0.46227425 -0.5875509 -0.6641433
vn -0.68677527 -0.6388128 -0.34678254
vn 0.8897012 0.12092119 -0.4402385
vn 0.97929627 0.14661218 -0.13958386
vn -0.7611649 -0.63238055 -0.1439542
vn -7.1679824E-05 -0.9998847 -0.015180127
vn 0.46146503 -0.5885857 -0.6637898
vn 0.89399344 0.09568129 -0.43774506
vn 0.9752939 0.118411586 -0.18649547
vn 0.97966355 0.17809978 0.09241097
vn -0.74200684 -0.6700569 -0.021204634
vn -0 -0.9999522 -0.009785946
vn 0.68689626 -0.63945866 -0.34534952
vn 0.9520422 0.28809613 0.103034765
vn 0.9925768 0.11226067 -0.0467866
vn 0.9749624 0.09643652 -0.20037034
vn 0.75474447 -0.6363633 -0.15938166
vn -0.00030311744 -1 0.00018739888
vn 0.7425931 -0.6677241 -0.05196175
vn -0.740185 -0.671753 -0.029563237
vn -0.00039036968 -0.9999263 -0.012129161
vn 0.7445293 -0.66640157 -0.03981349
vn 0.9913119 0.12655011 -0.035857182
vn 0.73042566 -0.6814271 -0.046210375
vn 0.9406617 0.33842736 -0.024948724
vn -0.9925207 0.11962522 -0.024341678
vn -0.0005867332 -0.9993907 -0.034898777
vn 0.9933108 0.10768282 -0.04169084
vn 0.6998637 0.7012498 0.13579206
vn -0.94078404 0.3357361 -0.046976294
vn -0.7287993 -0.68262565 -0.05360774
vn 0.71748674 -0.6942063 -0.057362102
vn -0.7029233 0.70263726 0.11045251
vn 0.0026637204 0.9802412 0.19778788
vn 0.63382417 0.7662823 0.10525395
vn 0.93855214 0.3448999 -0.012805373
vn -0.63108134 0.7699325 0.09455291
vn 0.00095956406 0.9707955 0.23990639
vn -0.0005776623 -0.99902403 -0.044166427
vn 0.99621385 0.07770465 -0.038986545
vn 0.5969125 0.7763135 0.20256574
vn 0.7363688 -0.667938 0.10779598
vn 0.9229004 0.34730357 0.16623813
vn 0.9838991 0.07165801 0.1637305
vn -0.59797245 0.7769621 0.19687274
vn 0.00030715813 0.7999387 0.6000816
vn 0.4568777 0.7144242 0.52996314
vn 0.64194673 0.37873405 0.66668206
vn -0.00033141993 0.37575403 0.92671937
vn -0.94155467 0.3358522 -0.026038207
vn -0.45787618 0.7159947 0.5269733
vn -0.9274684 0.33992398 0.15573722
vn -0.99384564 0.0971655 -0.053194825
vn -0.6467928 0.37699974 0.6629707
vn 2.6205673E-05 0.10612738 0.9943526
vn -0.99636155 0.0678586 -0.05156412
vn -0.7181942 -0.6926905 -0.06615839
vn -0.9863055 0.066407524 0.15096879
vn -0.7386738 -0.66703075 0.0971134
vn -0.00031883968 -0.9997167 -0.023800284
vn -0.6959345 0.09581469 0.7116844
vn 0.6904857 0.09678426 0.71684176
vn 0.54556817 -0.6280493 0.5548959
vn -7.191792E-05 -0.64902395 0.760768
vn -0.5514641 -0.62606144 0.5513025
vn -0.9227211 -0.03986023 0.3834017
vn -0.97110987 -0.23863015 0.001133763
vn -0.8959309 -0.24797857 0.36853027
vn -0.6126862 -0.056952175 0.7882715
vn -0.9996382 -0.026810342 0.0021941904
vn -0.8983951 -0.24555692 -0.3641263
vn -0.60687745 -0.09710448 0.7888412
vn -0.06485734 -0.119601466 0.9907013
vn -0.92766273 -0.0105083 -0.3732714
vn -0.6105797 -0.25787464 -0.7487944
vn -0.9220052 -0.06472871 0.38172832
vn -0.99931765 -0.036921594 0.0009637259
vn -0.6183267 0.011304352 -0.78583986
vn -0.92584497 -0.008017428 -0.37781864
vn -0.06763158 0.014446049 -0.9976058
vn -0.085703254 -0.28811386 -0.95375323
vn 0.5590661 -0.0049092593 -0.8291086
vn 0.5106054 -0.321656 -0.79738283
vn 0.91424924 -0.052688003 -0.40171176
vn 0.8576037 -0.3302713 -0.3942546
vn 0.9456983 -0.32503912 0.002084919
vn 0.9973335 -0.07294134 0.0023092097
vn 0.85667187 -0.32771468 0.3983923
vn 0.9172228 -0.034661915 -0.39686385
vn 0.9073032 -0.08354364 0.41209373
vn 0.53750736 -0.08670793 0.83878934
vn 0.99792695 -0.06435064 0.0008932477
vn 0.9114777 -0.0910722 0.40114117
vn 0.9975305 -0.07022862 -0.00089085713
vn 0.9201854 -0.039808232 -0.3894535
vn 0.99956053 -0.027141238 -0.011914729
vn 0.5479266 -0.116790324 0.8283336
vn 0.91408116 -0.103933714 0.39198658
vn 0.56163347 -0.0081657125 -0.8273459
vn 0.5551037 -0.1419908 0.8195721
vn 0.91424036 -0.06138263 0.40049556
vn -0.06069983 -0.15400814 0.9862033
vn 0.91800433 -0.022961896 -0.395905
vn -0.06516437 0.003999786 -0.9978666
vn 0.54764384 -0.117593 0.82840705
vn -0.60286677 -0.13655917 0.78606814
vn 0.5605653 -0.016190287 -0.82795197
vn -0.60791093 -0.012497589 -0.7939068
vn -0.06574613 -0.14374216 0.9874287
vn -0.91919714 -0.10185523 0.38039726
vn -0.9233269 -0.04132099 -0.38178512
vn -0.0660949 -0.0047387024 -0.9978021
vn -0.5990236 -0.12870862 0.79031956
vn -0.07411821 -0.018261623 0.9970822
vn -0.9976578 -0.06840226 -0.00037951994
vn -0.6105786 -0.02071417 -0.7916847
vn -0.06385072 0.044858143 -0.99695075
vn -0.91328144 -0.08703923 0.39792103
vn -0.9160126 -0.042780805 -0.39886186
vn 0.5568611 0.0042169928 0.8305949
vn -0.61266005 -0.032136466 0.78969294
vn -0.9986119 -0.05181069 -0.009485524
vn -0.625554 0.030592397 -0.77958083
vn 0.91793513 0.028873358 0.39567843
vn -0.07874576 0.20593658 0.97539186
vn -0.90599144 -0.010375471 0.42316896
vn -0.90439224 0.015444086 -0.42642254
vn 0.5922025 0.145869 0.7924761
vn -0.63458663 0.13752489 0.7605174
vn -0.99919325 0.013111019 -0.03795923
vn -0.8936168 0.118548244 0.43289176
vn -0.7701795 0.41305944 0.4860097
vn -0.036623564 0.7379646 0.67384493
vn 0.75116915 0.4318259 0.49927074
vn 0.9143286 0.105423264 0.3910106
vn -0.99265164 0.09796936 -0.07102661
vn -0.9317179 0.21279454 0.29431328
vn -0.0060018017 0.9650742 0.26190808
vn 0.9979115 0.044878248 -0.046459056
vn 0.90624326 0.038868457 -0.420966
vn 0.9920969 0.09897791 -0.077116825
vn 0.56743956 0.03857981 -0.82251066
vn 0.9330549 0.20269649 0.29719138
vn 0.89169866 0.119561635 -0.43655303
vn -0.03873317 0.13470466 -0.99012846
vn 0.9804205 0.15702972 -0.11881653
vn 0.5749328 0.12864144 -0.8080246
vn -0.6212748 0.12180964 -0.7740672
vn -0.01051454 0.15207331 -0.98831326
vn 0.5681809 0.14727269 -0.8096179
vn -0.89322233 0.1039018 -0.43744534
vn -0.5758098 0.14775155 -0.8041223
vn -0.97929627 0.14661217 -0.13958384
vn 0.88962746 0.13224556 -0.43712026
vn 0.0007012758 0.11193532 -0.9937152
vn -0.8897012 0.12092112 -0.44023842
vn 0.5702666 0.11521401 -0.8133398
vn -0.56994367 0.11007874 -0.8142769
vn 0.0005456119 -0.6170304 -0.7869391
vn -0.97966355 0.17809983 0.092410974
vn -0.9752939 0.11841157 -0.1864955
vn -0.89399344 0.095681176 -0.43774503
vn -0.9520422 0.2880962 0.103034794
vn -0.9925768 0.112260655 -0.046786603
vn -0.46146494 -0.58858573 -0.6637898
vn -0.9749624 0.096436426 -0.20037034
vn -0.68689615 -0.63945866 -0.34534952
vn 7.1679526E-05 -0.9998847 -0.015180129
vn -0.9406617 0.33842736 -0.024948722
vn -0.99131197 0.12655002 -0.035857193
vn -0.6998637 0.7012498 0.13579203
vn -0.74259305 -0.66772413 -0.05196174
vn -0.75474447 -0.6363634 -0.15938166
vn -0 -0.9999522 -0.009785947
vn -0.7445292 -0.6664017 -0.039813478
vn 0.00030311773 -1 0.00018739892
vn 0.00039036982 -0.9999263 -0.012129161
vn -0.73042554 -0.68142724 -0.04621038
vn -0.9933108 0.107682616 -0.041690845
vn -0.0026637306 0.9802412 0.19778788
vn -0.63382417 0.7662823 0.10525393
vn -0.93855214 0.3448999 -0.012805385
vn 0.7029232 0.70263726 0.110452466
vn 0.7420068 -0.6700568 -0.021204634
vn 0.74018496 -0.671753 -0.029563233
vn 0.0005867324 -0.9993907 -0.034898773
vn -0.71748674 -0.6942063 -0.057362102
vn -0.99621385 0.077704646 -0.03898655
vn 0.7611649 -0.63238055 -0.1439542
vn 0.68677527 -0.6388127 -0.34678254
vn 0.9782516 0.100258745 -0.18158221
vn 0.46227425 -0.5875509 -0.6641433
vn 0.8924779 0.10267525 -0.43925038
vn 0.9763312 0.14259596 -0.16261595
vn 0.9938545 0.11021879 -0.010245028
vn 0.97504145 0.19258049 0.11048515
vn 0.95157593 0.2903895 0.100882255
vn 0.9925207 0.119625136 -0.024341682
vn 0.94078404 0.33573607 -0.04697628
vn 0.7287992 -0.6826257 -0.053607732
vn 0.99384564 0.09716546 -0.053194825
vn 0.63108134 0.7699325 0.094552934
vn 0.0005776621 -0.99902403 -0.044166427
vn 0.94155467 0.3358522 -0.026038207
vn -0.0009595741 0.9707955 0.23990645
vn 0.7181942 -0.69269055 -0.06615839
vn -0.7363687 -0.66793793 0.107796
vn 0.99636155 0.067858584 -0.051564116
vn 0.59797245 0.7769621 0.19687274
vn -0.5969125 0.7763135 0.20256574
vn 0.00031883986 -0.9997167 -0.02380029
vn -0.9229004 0.34730357 0.16623813
vn -0.00030722472 0.79993856 0.60008174
vn 0.92746836 0.339924 0.15573722
vn 0.73867375 -0.6670308 0.09711339
vn -0.9838991 0.071658015 0.16373052
vn -0.4568777 0.71442413 0.52996314
vn 0.45787618 0.7159947 0.5269734
vn 0.9863055 0.06640748 0.1509688
vn -0.54556817 -0.62804943 0.5548958
vn -0.64194673 0.37873393 0.66668206
vn 0.0003313891 0.37575403 0.92671937
vn 0.6467928 0.37699977 0.6629708
vn 7.191399E-05 -0.64902395 0.760768
vn -0.6904857 0.09678417 0.7168418
vn -2.619002E-05 0.1061274 0.9943526
vn 0.6959345 0.095814705 0.7116844
vn 0.5514641 -0.62606144 0.5513025
vn -0.11869816 0.22556135 -0.96697104
vn -0 0.22153759 -0.97515184
vn -0 0.2427233 -0.9700955
vn 0.118698046 0.22556117 -0.96697104
vn -0.129192 0.24355854 -0.96124333
vn 0.1295281 0.24356636 -0.96119606
vn -0.21533756 0.2353762 -0.9477488
vn 0.21533757 0.23537616 -0.9477488
vn -0.22821634 0.24897158 -0.94123876
vn 0.22821642 0.24897158 -0.94123876
vn -0.36817524 0.24294667 -0.89745414
vn 0.36817512 0.24294676 -0.89745414
vn -0.37462792 0.24289429 -0.894794
vn 0.37462786 0.24289441 -0.8947939
vn -0.57563865 0.23110835 -0.78436536
vn 0.5757595 0.23109719 -0.78428
vn -0.5598508 0.20452292 -0.80295545
vn 0.55976844 0.20452997 -0.8030111
vn -0.81384623 0.18242393 -0.5517026
vn 0.81381744 0.18242915 -0.5517434
vn -0.8037656 0.13916819 -0.5784403
vn 0.8037655 0.1391682 -0.57844037
vn -0.9600974 0.12400811 -0.2506689
vn 0.9601865 0.12398664 -0.2503381
vn -0.96078134 0.07739818 -0.26628688
vn 0.9606865 0.07741823 -0.2666229
vn -0.9952905 0.096731596 -0.0063020657
vn -0.9985921 0.05141493 -0.013046276
vn -0.9633128 0.06456545 0.26049927
vn -0.9624449 0.09918188 0.25271094
vn -0.8418225 0.08681126 0.53272754
vn -0.83363944 0.10663193 0.5419178
vn -0.647737 0.088653 0.7566884
vn -0.6393256 0.086144686 0.7640954
vn -0.40670466 0.095838726 0.90851873
vn -0.41544867 0.07014768 0.9069078
vn -0.19447526 0.10763898 0.97498375
vn -0.1972294 0.06519739 0.978187
vn -0.06676362 0.11617007 0.99098295
vn -0.072485976 0.063933365 0.9953181
vn -0 0.121858716 0.99254745
vn -0 0.064949155 0.9978886
vn 0.07248583 0.06393324 0.99531823
vn 0.06676351 0.116169944 0.99098295
vn 0.19722913 0.065197214 0.97818714
vn 0.19413699 0.107626475 0.97505254
vn 0.4154482 0.07014751 0.90690804
vn 0.4070235 0.09584726 0.908375
vn 0.639325 0.08614455 0.7640959
vn 0.64773655 0.088652834 0.75668895
vn 0.8336392 0.106631935 0.54191816
vn 0.8418223 0.08681121 0.53272796
vn 0.9624449 0.099181816 0.25271076
vn 0.96340555 0.06454509 0.26016107
vn 0.9952905 0.09673141 -0.0063021607
vn 0.9985921 0.05141479 -0.013046383
vn 0.81690484 -0.068200804 0.572726
vn 0.5633436 0.20693721 0.7998881
vn 0.8049491 0.15156284 0.5736599
vn 0.5846058 -0.04441906 0.8101006
vn 0.7956017 -0.29350644 0.5299735
vn 0.33669323 0.258091 0.9055533
vn 0.57301205 -0.31458998 0.75676304
vn 0.7361515 -0.5232089 0.42934063
vn 0.5524143 -0.6447601 0.5283208
vn 0.34196433 -0.029133918 0.93926126
vn 0.16898602 0.27696592 0.9459036
vn 0.34532014 -0.35008052 0.8707455
vn 0.33894953 -0.73245525 0.59044266
vn 0.17025599 -0.023999132 0.9851076
vn -0 0.28033867 0.95990115
vn 0.16883828 -0.3647597 0.91566586
vn 0.15578085 -0.77159905 0.6167392
vn -0 -0.023232918 0.99973005
vn -0 -0.36707458 0.9301916
vn -0 -0.7782626 0.62793887
vn -0.15578082 -0.7715991 0.61673915
vn -0.16883829 -0.36475986 0.91566586
vn -0.33894956 -0.7324554 0.5904424
vn -0.170256 -0.023999112 0.9851076
vn -0.16898598 0.27696595 0.9459036
vn -0.3453201 -0.35008064 0.8707454
vn -0.5524143 -0.64476013 0.52832067
vn -0.34196433 -0.029133873 0.93926126
vn -0.3366933 0.258091 0.9055533
vn -0.57301193 -0.31458998 0.7567633
vn -0.73615146 -0.5232088 0.4293408
vn -0.79560155 -0.2935064 0.5299737
vn -0.58460575 -0.04441904 0.8101007
vn -0.56334376 0.20693722 0.79988796
vn -0.81690484 -0.068200834 0.57272613
vn -0.8049491 0.15156282 0.57365984
vn 0.16148895 -0.38137576 -0.9102054
vn 0.09985025 -0.8696541 -0.48345795
vn 0.08374769 -0.42976215 -0.89904994
vn 0.12920505 -0.9072615 -0.4002281
vn 0.11530988 -0.9928439 -0.031055164
vn 0.04019816 -0.9990138 0.018858848
vn 0.08220813 -0.9070667 0.41288233
vn 0.32396927 -0.9217043 0.21331914
vn 0.22034879 -0.45026746 0.8652777
vn 0.27737397 -0.4894187 -0.8267606
vn 0.19177921 0.44149134 -0.87653077
vn 0.06811248 0.40773666 -0.9105556
vn -0.041367132 0.94422954 -0.3266793
vn 0.147435 -0.95553213 -0.2553845
vn 0.15864542 -0.97383785 -0.16270053
vn 0.37330934 -0.5303255 -0.7611801
vn 0.13448748 -0.60768974 -0.7827046
vn -0.0061691427 -0.9813192 -0.19228786
vn 0.24950969 0.284225 -0.92572194
vn -0.0049958024 0.95490986 -0.29685384
vn 0.12044895 0.73875016 -0.6631291
vn 0.10233085 0.33609623 -0.936252
vn -0.009513581 0.84294444 -0.5379166
vn -0.026943225 0.9733986 0.22752854
vn -0.057117052 0.95898455 0.27764407
vn 0.04446072 0.38745567 -0.9208156
vn -0.033246458 0.9984666 -0.044260856
vn 0.12220023 0.9069333 0.40316126
vn -0.08080291 0.90107584 0.42606717
vn 0.21614663 0.5661413 0.795465
vn 0.058768183 0.48299724 0.8736475
vn 0.012122908 0.9988813 -0.04570899
vn 0.045971334 0.87872946 -0.47510126
vn 0.16144726 0.8189568 0.55067647
vn 0.5212581 -0.44274807 0.7295643
vn 0.5136619 0.34024644 0.78764445
vn 0.59981287 0.2731106 0.75208724
vn 0.5121499 -0.85640347 0.06538918
vn 0.67241466 -0.3963323 0.62512344
vn 0.62121373 -0.49007636 0.6114888
vn 0.28772274 -0.9363752 -0.2010402
vn -0.14495626 -0.9681674 -0.20405789
vn 0.37944436 -0.88562834 0.26773953
vn 0.10321987 -0.99310356 -0.05559586
vn -0.18106534 -0.98312116 0.026231416
vn 0.18411647 -0.9337128 0.30705294
vn 0.49545333 -0.5859344 0.6412542
vn -0.063288964 -0.97207874 -0.22595857
vn -0.17174935 -0.96640766 -0.19120246
vn 0.52098817 0.2061238 0.8283021
vn -0.2623154 -0.9548439 -0.13951322
vn -0.062354 -0.60556906 -0.79334605
vn -0.23901288 -0.9529568 -0.18640323
vn 0.10717875 0.39322042 -0.913176
vn 0.12906751 0.8392905 0.5281411
vn 0.44922152 0.14735603 0.88118464
vn -0.10825603 0.9250424 0.3641117
vn -0.33627898 0.8150372 0.47183764
vn -0.08653872 0.85472125 0.51182276
vn -0.3613739 0.80425376 0.47178888
vn 0.10339456 0.433075 -0.89540803
vn 0.081053615 0.8993915 -0.4295641
vn -0.108812 -0.578263 -0.80856156
vn 0.038265534 0.99860185 -0.03646915
vn -0.008715957 0.84388447 0.5364542
vn -0.41240233 0.36535123 0.8345315
vn -0.7654901 0.6409885 0.056202468
vn -0.67760533 -0.6615535 0.32124415
vn -0.098561086 0.063728474 0.9930883
vn -0.0012279847 0.8103127 0.5859965
vn 0.020381764 0.9994149 -0.027463948
vn 0.051029954 0.91549516 -0.3990796
vn 0.06864206 0.45676595 -0.8869346
vn -0.01824979 0.8117652 0.58369875
vn -0.057068896 0.03201456 0.9978568
vn 0.003339218 0.99969995 -0.024269413
vn -0.012512537 0.8137851 0.5810313
vn -0.11017243 -0.56355006 -0.8187022
vn 0.00872535 0.5041313 -0.8635829
vn 0.003958156 0.9313552 -0.36409035
vn -0.22689955 -0.95524335 -0.18980736
vn -0.07529886 -0.57552695 -0.81430876
vn 0.0033462155 0.99980265 -0.019584129
vn -0.0017959728 0.49941385 -0.8663616
vn -0.24400626 -0.966128 -0.08401015
vn 0.00434206 0.93293154 -0.36002743
vn -0.018481733 0.8144723 0.579908
vn 0.005667635 0.9998815 -0.014310361
vn -0.030744372 0.024532223 0.9992262
vn -0.11251879 -0.9783116 -0.17391384
vn -0.013268049 -0.6072706 -0.79438436
vn -0.0026094122 0.49866068 -0.8667934
vn -0.24962395 -0.96594965 -0.06803745
vn 0.0066768513 0.9333898 -0.3588021
vn -0.039952964 0.8263145 0.56178993
vn -0.037727576 0.039029397 0.9985257
vn -0.041267328 -0.8069718 0.5891465
vn -0.011551902 0.9999325 -0.0012427311
vn -0.11112469 -0.78878 0.60454726
vn -0.26877645 -0.7293803 0.6290975
vn -0.043905225 0.48790896 -0.8717897
vn -0.0114977835 0.93913877 -0.3433456
vn -0.051248994 -0.6055235 -0.79417557
vn -0.019083042 -0.98688847 -0.1602718
vn -0.13271394 -0.99040484 -0.038539156
vn -0.29562515 -0.9531383 0.06429064
vn -0.3516989 -0.93593293 -0.018366678
vn -0.14036646 -0.9872131 0.0755488
vn -0.41565657 -0.8976976 -0.14617981
vn -0.026782198 -0.9994373 -0.020193536
vn -0.03676635 -0.9962218 0.07867837
vn -0.44930977 -0.8864894 -0.110712476
vn -0.5664463 -0.8041431 -0.18025705
vn -0.4006468 -0.8998989 -0.17223279
vn -0.028504752 -0.9877829 -0.153207
vn -0.03823561 -0.999175 -0.013685352
vn -0.042118583 -0.99559325 0.08378557
vn -0.8628454 -0.39349046 -0.31727445
vn 0.07943708 -0.9776962 0.1944222
vn -0.45114785 -0.82507837 -0.34016362
vn -0.5503328 -0.47621605 -0.6858222
vn -0.6310221 0.5731756 -0.5227628
vn -0.07269564 -0.79219204 0.60592663
vn 0.4281985 -0.6637676 0.6132362
vn 0.012135266 -0.9988188 0.047048632
vn 0.437687 -0.68497986 0.58243674
vn 0.45964566 0.18597595 0.86841166
vn -0.10911768 0.90580827 0.40939552
vn 0.4519296 0.20545886 0.8680704
vn 0.44837105 -0.66601104 0.5961483
vn 0.037647676 -0.9916148 -0.123623036
vn 0.026112527 -0.9847585 -0.17195575
vn -0.049461108 0.9428511 0.32952303
vn 0.4269037 -0.65829754 0.61999804
vn 0.417929 0.2372033 0.8769664
vn -0.041363087 0.97120553 0.23462501
vn -0.48922765 0.5737027 -0.656903
vn -0.4281482 -0.3631687 -0.827525
vn 0.05664913 -0.97715056 -0.20486005
vn 0.44790646 -0.62869203 0.63570917
vn 0.41842434 0.2606986 0.87003297
vn -0.050165452 0.9688631 0.24246132
vn -0.4812148 -0.39717743 -0.78146166
vn -0.06535402 -0.9896801 -0.12752296
vn -0.59367 0.55389994 -0.5837386
vn 0.3491961 -0.6431262 0.6815063
vn 0.30150762 0.26256943 0.91659725
vn -0.22316748 0.91864747 0.3260109
vn -0.8574653 -0.29300454 -0.42296746
vn -0.63693833 -0.7329565 0.23892324
vn -0.9168998 0.30417794 -0.2584
vn -0.72461504 0.44277853 0.5280912
vn -0.15441407 0.07874755 0.984863
vn -0.14988965 -0.52858007 0.8355454
vn 0.7751049 -0.59566206 0.21071117
vn 0.7361515 -0.5232089 0.42934063
vn 0.7956017 -0.29350644 0.5299735
vn 0.5524143 -0.6447601 0.5283208
vn 0.9040253 -0.3260126 0.27650324
vn 0.81690484 -0.068200804 0.572726
vn 0.5461802 -0.81652564 0.18701078
vn 0.33894953 -0.73245525 0.59044266
vn 0.78113437 -0.62433845 0.0055323453
vn 0.94473636 -0.08480501 0.31667233
vn 0.8049491 0.15156284 0.5736599
vn 0.31450638 -0.93085426 0.18600047
vn 0.15578085 -0.77159905 0.6167392
vn 0.93319213 -0.35517237 0.054817937
vn 0.5414798 -0.8386196 -0.059301842
vn 0.12729795 -0.97501683 0.18203656
vn -0 -0.7782626 0.62793887
vn 0.75659746 -0.61933947 -0.20971155
vn 0.2965612 -0.9493637 -0.10373114
vn 0.5156931 -0.8072482 -0.28707337
vn 0.9935895 -0.08941111 0.0691773
vn 0.91666085 -0.34956485 -0.19374593
vn 0.70658827 -0.5657927 -0.42498443
vn 0.939527 0.15945393 0.30309
vn -0 -0.9831755 0.18266334
vn 0.11142418 -0.986315 -0.121520594
vn 0.29557455 -0.88957983 -0.34825772
vn 0.51156557 -0.66403425 -0.54530656
vn 0.7951096 -0.3496646 -0.4955152
vn 0.9728895 -0.09373091 -0.21142511
vn 0.9815316 0.18172552 0.059761353
vn -0.12729795 -0.97501683 0.18203664
vn -0.15578082 -0.7715991 0.61673915
vn -0.31450638 -0.93085426 0.18600048
vn -0.33894956 -0.7324554 0.5904424
vn -0.5461802 -0.81652564 0.18701072
vn -0.5524143 -0.64476013 0.52832067
vn -0.7751049 -0.59566206 0.2107112
vn -0.73615146 -0.5232088 0.4293408
vn -0.79560155 -0.2935064 0.5299737
vn -0.9040253 -0.32601258 0.27650326
vn -0.81690484 -0.068200834 0.57272613
vn -0.7811344 -0.6243384 0.0055325218
vn -0.54147977 -0.8386196 -0.0593016
vn -0.2965612 -0.9493637 -0.10373084
vn -0.11142419 -0.98631513 -0.12152044
vn -0.94473636 -0.084805034 0.3166723
vn -0.8049491 0.15156282 0.57365984
vn -0.93319213 -0.35517234 0.054817967
vn -0.75659746 -0.61933935 -0.20971167
vn -0.51569307 -0.80724806 -0.28707334
vn -0 -0.9921747 -0.12485756
vn -0.2955746 -0.88957983 -0.34825763
vn 0.12113392 -0.92110014 -0.37000164
vn -0.12113395 -0.92110014 -0.3700017
vn 0.3160966 -0.72036195 -0.61738276
vn -0 -0.9269974 -0.37506783
vn 0.5612629 -0.39272866 -0.7285246
vn 0.1492371 -0.74549735 -0.649586
vn 0.8420003 -0.10023068 -0.5300844
vn 0.34421727 -0.43020183 -0.83453023
vn 0.96453553 0.16324432 -0.20741867
vn 0.5987135 -0.10420452 -0.79415584
vn 0.8361397 0.14541946 -0.52888906
vn -0.14923711 -0.74549717 -0.64958626
vn -0 -0.7501923 -0.6612197
vn 0.17500928 -0.44347748 -0.8790332
vn 0.36077857 -0.10473194 -0.92675245
vn 0.5919254 0.18324336 -0.78488606
vn -0.31609657 -0.7203617 -0.61738306
vn -0.5115655 -0.6640341 -0.5453066
vn -0.70658827 -0.5657926 -0.42498443
vn -0.91666085 -0.34956482 -0.1937459
vn -0.7951098 -0.34966466 -0.4955149
vn -0.5612632 -0.39272875 -0.7285244
vn -0.34421718 -0.43020174 -0.8345304
vn -0.9935895 -0.08941112 0.06917729
vn -0.9728895 -0.09373092 -0.21142514
vn -0.8420003 -0.10023069 -0.5300842
vn -0.939527 0.15945394 0.30309007
vn -0.9815316 0.1817255 0.05976131
vn -0.17500922 -0.44347727 -0.8790333
vn -0.59871364 -0.1042046 -0.7941558
vn -0.96453553 0.16324426 -0.20741872
vn -0 -0.4454036 -0.8953299
vn -0.3607786 -0.10473199 -0.92675245
vn -0.8361397 0.1454194 -0.5288891
vn 0.18716936 -0.105375685 -0.9766594
vn -0.18716931 -0.105375685 -0.9766594
vn -0.5919254 0.18324335 -0.78488606
vn 0.3682694 0.22123328 -0.9030136
vn -0 -0.10606177 -0.99435955
vn -0.36826938 0.22123328 -0.9030136
vn 0.1928979 0.23188855 -0.9534244
vn -0.19289787 0.23188856 -0.9534244
vn -0 0.23233983 -0.9726346
vn -0.7900932 0.3806574 -0.4804714
vn -0.5945357 0.5030382 -0.6272797
vn -0.8540196 0.46755278 -0.22813374
vn -0.38344622 0.5733801 -0.72401947
vn -0.871716 0.48910624 0.029769564
vn -0.6299355 0.711485 -0.31140053
vn -0.19405122 0.6022325 -0.77437735
vn -0.8411926 0.46389106 0.27784896
vn -0.64793265 0.76166505 -0.0070465226
vn -0.3959721 0.833605 -0.3851087
vn -0.7682454 0.38009873 0.51509607
vn -0.61780924 0.7257775 0.30258697
vn -0.5685003 0.5219123 0.63593626
vn -0.56334376 0.20693722 0.79988796
vn -0.39439535 0.91842246 -0.030862337
vn -0.1841795 0.88734883 -0.42271724
vn -0.37676644 0.8623971 0.3381099
vn -0.35041413 0.6092709 0.71133596
vn -0.3366933 0.258091 0.9055533
vn -0.17142081 0.9843292 -0.041364577
vn -0 0.6059513 -0.7955018
vn -0.16701049 0.64524525 0.74549717
vn -0.16898598 0.27696595 0.9459036
vn -0.16606402 0.9197641 0.35560757
vn -0 0.8985942 -0.4387805
vn 0.19405124 0.60223246 -0.77437735
vn -0 0.6510246 0.7590566
vn -0 0.28033867 0.95990115
vn 0.16898602 0.27696592 0.9459036
vn -0 0.99896 -0.04559471
vn -0 0.9319203 0.36266318
vn 0.16701047 0.64524525 0.74549717
vn 0.33669323 0.258091 0.9055533
vn 0.1841795 0.88734883 -0.42271736
vn 0.3834462 0.5733801 -0.7240195
vn 0.17142078 0.9843292 -0.041364737
vn 0.16606402 0.91976416 0.35560736
vn 0.35041407 0.6092709 0.711336
vn 0.5633436 0.20693721 0.7998881
vn 0.3959721 0.833605 -0.38510883
vn 0.5945356 0.50303817 -0.62727976
vn 0.39439532 0.91842246 -0.030862542
vn 0.37676647 0.8623972 0.3381097
vn 0.5685002 0.5219123 0.63593644
vn 0.6299355 0.711485 -0.31140035
vn 0.79009324 0.38065746 -0.48047125
vn 0.8540196 0.46755278 -0.22813347
vn 0.871716 0.48910615 0.02976956
vn 0.64793265 0.761665 -0.007046574
vn 0.8411928 0.46389112 0.27784866
vn 0.6178093 0.7257775 0.30258676
vn 0.7682454 0.3800988 0.515096
vn -0 -0.0122377975 0.99992514
vn -1.8362538E-05 0.9688363 0.24770214
vn 0.17382334 0.6768518 0.71530217
vn -0.17382438 0.6768519 0.7153018
vn 0.25140962 -0.005785996 0.96786344
vn 0.38942593 0.69417125 0.6053708
vn -0.25140968 -0.0057859765 0.96786344
vn -0.38942584 0.69417125 0.60537076
vn -0 -0.02098424 0.9997799
vn 0.25513488 -0.01882192 0.9667223
vn -0.25513464 -0.018821925 0.9667223
vn 0.5424849 0.011439004 0.83998775
vn 0.5183737 0.018299324 0.8549583
vn 0.571514 0.67282504 0.46976393
vn 0.73819995 0.115960896 0.66454047
vn -0.54248536 0.011439074 0.8399873
vn -0.5183736 0.01829931 0.85495836
vn -0.5715164 0.67282516 0.46976084
vn -0.7382 0.115960866 0.66454035
vn 0.7661729 0.033776525 0.6417462
vn 0.67408055 0.6808548 0.28644744
vn 0.87919 0.22363907 0.42072597
vn -0.7661734 0.03377661 0.6417456
vn -0.67408127 0.6808547 0.28644627
vn -0.87918997 0.22363901 0.42072633
vn 0.9121739 0.055724453 0.40599695
vn 0.72877175 0.6776686 0.098270044
vn 0.9389422 0.30046174 0.16766095
vn -0.9121739 0.055724535 0.40599674
vn -0.7287712 0.6776688 0.098272614
vn -0.9389422 0.30046177 0.1676611
vn 0.98572195 0.07942657 0.1484714
vn 0.72957355 0.67576814 -0.105166346
vn -0.98572195 0.079426646 0.14847119
vn -0.7295865 0.67576855 -0.10507308
vn 0.98548466 0.09042464 -0.14367759
vn 0.9270847 0.34725598 -0.14116387
vn 0.6744742 0.67685264 -0.29488128
vn -0.98548466 0.09042467 -0.14367779
vn -0.92708457 0.34725598 -0.14116444
vn -0.6744943 0.6768529 -0.29483476
vn 0.9092651 0.08036482 -0.4083852
vn 0.8449258 0.33223903 -0.41918665
vn 0.5588106 0.66621464 -0.49385092
vn -0.909265 0.08036477 -0.40838522
vn -0.84492576 0.3322389 -0.41918713
vn -0.55880797 0.6662146 -0.49385408
vn 0.73857564 0.059137456 -0.67157185
vn 0.68108994 0.2715 -0.6800031
vn 0.3806565 0.67904884 -0.62768894
vn -0.7385754 0.059137393 -0.6715721
vn -0.6810897 0.2714999 -0.68000335
vn -0.38065875 0.6790489 -0.6276875
vn 0.5075052 0.03422233 -0.8609688
vn 0.4635197 0.19057891 -0.86534923
vn 0.21344809 0.676562 -0.7047722
vn 0.26685607 0.1417195 -0.95325935
vn -0.50750464 0.03422227 -0.8609691
vn -0.46351942 0.19057891 -0.8653493
vn -0.21345633 0.6765621 -0.7047695
vn -0.26685593 0.14171948 -0.95325935
vn 0.28468037 0.017984102 -0.9584538
vn -5.9854003E-05 0.96293837 -0.2697216
vn -0 0.12712114 -0.99188715
vn -0.28468016 0.01798409 -0.9584538
vn -0 0.012580735 -0.99992085
vn -0.08450986 0.054244235 0.9949451
vn -0.22531687 0.06573201 0.9720657
vn -0.14483929 -0.8016709 0.57995296
vn -0.18826672 0.81650394 0.54578114
vn -0.043282658 -0.9955831 0.0833126
vn -0.15807362 0.98742616 -0.001547027
vn -0.042951036 -0.99902594 -0.010119954
vn -0.14242008 0.9334716 -0.32916144
vn -0.03751804 -0.98888713 -0.14385633
vn -0.13899456 -0.64499587 -0.7514392
vn -0.16284391 0.47529298 -0.8646262
vn -0.09759122 -0.9815802 -0.16424468
vn -0.069835566 -0.9973642 -0.01968595
vn -0.062985204 -0.9946121 0.08233941
vn -0.6232652 0.7819727 -0.007700728
vn -0.55016017 0.76632446 -0.331769
vn -0.5080161 0.38814378 -0.768937
vn -0.44620436 -0.5334977 -0.7185276
vn -0.8974252 0.13080333 -0.4213297
vn -0.5754914 -0.7454957 -0.33622283
vn -0.64527893 -0.7620696 -0.053525962
vn -0.9974905 0.05876735 -0.039484207
vn -0.60218817 -0.7742584 0.19466217
vn -0.9425646 0.07235679 0.32609275
vn -0.5276318 -0.67154413 0.520224
vn -0.5694902 0.06546999 0.8193868
vn -0.61946094 0.6501322 0.4399957
vn 0.12931533 0.9152687 0.38152412
vn 0.057901334 0.48017696 0.8752585
vn 0.048589613 0.42589164 0.9034685
vn 0.056322224 -0.042112652 0.9975241
vn 0.15400246 0.93323046 0.32459855
vn 0.140111 0.91185564 -0.38586023
vn 0.023438215 -0.116938375 0.9928625
vn 0.06314323 0.48369724 0.87295467
vn 0.17362502 -0.63354516 0.7539728
vn 0.38064885 -0.55714977 0.7380315
vn 0.253593 -0.96270996 -0.094233565
vn 0.48534876 -0.8565154 -0.17555028
vn 0.16131994 -0.5403129 -0.8258558
vn 0.043064684 -0.66055423 -0.7495422
vn 0.025735589 -0.15788582 -0.987122
vn 0.03272642 -0.9994294 -0.008347593
vn 0.015905984 -0.73349315 0.6795107
vn -0.0029557662 -0.19653049 0.98049325
vn 0.15847257 0.91871053 -0.36174223
vn 0.14853698 0.9425731 0.29915342
vn 0.039494008 0.5211093 0.8525758
vn 0.05411913 0.42632598 -0.9029493
vn 0.06345502 0.3928465 -0.9174121
vn -0.031874396 -0.22279358 -0.9743445
vn -0.022649465 -0.76033247 -0.64913917
vn -0.004352771 -0.99987197 0.015397763
vn -0.021712704 -0.77616894 0.630151
vn -0.016100042 -0.999706 0.018131446
vn 0.063690044 0.4285438 -0.9012734
vn -0.025318442 -0.8073936 -0.5894698
vn -0.019235639 -0.26171896 -0.96495247
vn -0.019879684 -0.25908557 0.9656497
vn 0.15173529 0.92393357 -0.35117406
vn 0.025928989 0.48115978 -0.8762493
vn -0.04062149 -0.3221535 -0.9458155
vn 0.09342906 0.9586026 0.26898336
vn 0.090948015 0.9409422 -0.32612324
vn 0.031628266 0.9591875 0.28099647
vn 0.030714357 0.9289006 -0.36905318
vn 0.030806627 0.51169366 0.85861546
vn -0.03552194 -0.8105259 -0.58462465
vn 0.0076803565 0.43330514 -0.9012146
vn -0.044902924 -0.29065877 -0.9557725
vn 0.0482753 0.4708038 -0.8809162
vn 0.044409458 0.9577926 0.28400925
vn 0.020270472 -0.3714927 -0.92821455
vn 0.04590886 0.94043356 -0.3368638
vn 0.0104194395 -0.85427123 -0.519723
vn 0.033520233 0.42639458 -0.903916
vn 0.032162093 0.47493488 0.879433
vn 0.059761725 0.9487674 0.31027228
vn 0.060381964 0.9302873 -0.36182812
vn 0.0015454108 -0.30195013 0.9533224
vn -0.03030027 -0.78982335 0.6125854
vn 0.012237338 -0.8203887 0.5716752
vn 0.0035461565 -0.9997322 0.022868056
vn 0.027181182 -0.9993192 0.024948137
vn 0.025817484 -0.8169282 0.5761612
vn 0.018158155 -0.2922273 0.95617646
vn 0.005382004 0.4647183 0.88544226
vn 0.025248429 -0.84776574 -0.52976954
vn 0.02619537 -0.9992347 0.029048618
vn 0.023780145 -0.8261678 0.56292206
vn 0.025827093 -0.99928004 0.027794128
vn 0.01869604 -0.3460847 -0.93801695
vn 0.008590327 -0.8505145 -0.52588147
vn 0.002628468 -0.32889754 0.94436187
vn 0.046514623 0.9498153 0.30933365
vn -0.0033361202 0.41468054 -0.909961
vn -0.0100815315 -0.36762747 -0.9299184
vn 0.042525668 0.9315195 -0.36119667
vn -0.0067871506 0.4492288 0.89339095
vn 0.01442809 -0.859672 0.5106427
vn -0.03177071 -0.8645649 -0.5015158
vn -0.029977383 0.39201277 -0.9194713
vn 0.040705863 0.9526424 0.3013559
vn -0.013833543 -0.36346114 0.9315067
vn 0.0029962042 0.5164533 0.85631007
vn 0.03283031 0.92938876 -0.3676395
vn -0.036295116 -0.38542172 -0.9220264
vn -0.061193295 -0.45664245 0.88754326
vn 0.05711705 0.95898443 0.27764434
vn -0.018802509 0.4624724 -0.8864342
vn -0.08374765 -0.42976218 -0.89904994
vn 0.041367132 0.94422966 -0.32667878
vn -0.082208104 -0.90706676 0.41288206
vn -0.058768157 0.48299724 0.8736475
vn -0.09985021 -0.86965376 -0.48345864
vn -0.06811245 0.40773693 -0.9105555
vn -0.19177908 0.4414916 -0.8765306
vn -0.1614888 -0.38137513 -0.9102057
vn -0.22034872 -0.4502674 0.8652778
vn -0.21614662 0.5661412 0.7954652
vn 0.02694322 0.9733985 0.22752874
vn -0.040198166 -0.9990138 0.018858299
vn -0.1153099 -0.9928439 -0.031054974
vn -0.12920503 -0.90726143 -0.4002285
vn -0.32396924 -0.9217043 0.213319
vn -0.27737376 -0.48941812 -0.826761
vn -0.147435 -0.95553225 -0.25538406
vn 0.004995805 0.95491 -0.2968535
vn -0.52125794 -0.4427483 0.7295643
vn -0.15864547 -0.973838 -0.16270022
vn -0.37330917 -0.53032535 -0.76118016
vn -0.13448742 -0.6076894 -0.7827047
vn -0.2495094 0.2842247 -0.92572206
vn -0.12044893 0.7387499 -0.6631294
vn -0.10233081 0.33609593 -0.93625206
vn 0.009513591 0.8429444 -0.5379167
vn 0.006169198 -0.9813192 -0.19228777
vn 0.033246454 0.9984666 -0.044260956
vn -0.12220026 0.9069333 0.40316117
vn 0.08080294 0.90107614 0.42606652
vn -0.04446073 0.3874556 -0.9208156
vn -0.012122909 0.9988813 -0.045709126
vn -0.16144733 0.81895673 0.55067664
vn -0.5136619 0.34024584 0.7876447
vn -0.045971364 0.8787298 -0.47510064
vn -0.5998128 0.27311045 0.75208724
vn 0.06235414 -0.6055687 -0.79334646
vn -0.10717877 0.3932208 -0.9131759
vn 0.17174955 -0.9664075 -0.19120309
vn 0.063288994 -0.97207886 -0.22595817
vn 0.14495616 -0.9681674 -0.20405787
vn 0.2623153 -0.95484376 -0.1395135
vn 0.23901308 -0.9529567 -0.18640348
vn -0.28772268 -0.9363753 -0.20103993
vn -0.5121498 -0.85640347 0.06538984
vn -0.10321974 -0.99310356 -0.05559553
vn -0.6724143 -0.3963324 0.6251236
vn -0.37944403 -0.88562834 0.26773998
vn -0.6212136 -0.49007642 0.6114888
vn 0.1810654 -0.98312116 0.026231755
vn -0.18411624 -0.93371266 0.30705357
vn -0.49545312 -0.5859342 0.6412544
vn -0.52098817 0.20612358 0.8283022
vn 0.44930977 -0.8864894 -0.11071248
vn 0.40064666 -0.89989907 -0.1722323
vn 0.4156564 -0.8976977 -0.14617987
vn -0.07943742 -0.9776959 0.19442347
vn 0.5664462 -0.80414313 -0.18025707
vn 0.67760575 -0.66155326 0.32124403
vn 0.35169873 -0.93593305 -0.018367315
vn 0.45114765 -0.8250784 -0.3401636
vn 0.24400626 -0.966128 -0.08401075
vn 0.8628455 -0.39349028 -0.31727457
vn 0.5503326 -0.47621617 -0.68582225
vn -0.012135793 -0.9988188 0.047048602
vn -0.42819834 -0.66376746 0.6132365
vn -0.43768695 -0.6849802 0.58243644
vn -0.44922146 0.14735514 0.8811847
vn -0.4596455 0.18597534 0.86841184
vn -0.12906753 0.8392901 0.5281417
vn 0.08653865 0.854721 0.51182336
vn 0.108256005 0.92504215 0.36411208
vn 0.33627895 0.81503695 0.47183818
vn 0.36137384 0.80425406 0.47178844
vn -0.44837102 -0.6660112 0.5961481
vn -0.4519293 0.2054591 0.8680705
vn 0.10911764 0.90580827 0.4093956
vn 0.76548976 0.6409889 0.05620246
vn 0.41240212 0.36535218 0.83453107
vn -0.03764773 -0.9916148 -0.12362343
vn -0.026112285 -0.9847586 -0.17195536
vn -0.4269034 -0.6582974 0.61999834
vn 0.008716029 0.84388477 0.5364537
vn -0.03826554 0.99860185 -0.036469292
vn -0.081053704 0.89939165 -0.42956358
vn -0.10339471 0.43307564 -0.8954078
vn 0.10881209 -0.5782632 -0.8085615
vn 0.22689965 -0.95524335 -0.18980716
vn 0.098561056 0.06372849 0.9930883
vn 0.0012280124 0.8103128 0.5859963
vn -0.020381762 0.9994149 -0.027464045
vn -0.051030017 0.91549516 -0.39907944
vn -0.06864214 0.45676625 -0.8869345
vn 0.11017242 -0.5635505 -0.818702
vn -0.008725255 0.5041314 -0.8635829
vn 0.07529894 -0.5755267 -0.8143089
vn 0.63102204 0.57317543 -0.52276295
vn 0.26877654 -0.72938067 0.6290969
vn 0.04946123 0.9428511 0.32952276
vn -0.41792896 0.2372035 0.8769663
vn 0.04136315 0.97120565 0.23462476
vn 0.4892276 0.5737029 -0.65690297
vn 0.29562518 -0.9531383 0.064289995
vn 0.4281482 -0.3631686 -0.827525
vn -0.056648873 -0.97715056 -0.20486015
vn -0.44790626 -0.6286919 0.6357094
vn -0.41842413 0.26069894 0.87003297
vn 0.24962407 -0.96594965 -0.06803776
vn 0.1125188 -0.9783115 -0.17391448
vn 0.13271408 -0.99040484 -0.038539298
vn 0.050165225 0.9688631 0.24246141
vn 0.14036655 -0.9872131 0.0755487
vn 0.11112471 -0.7887805 0.60454667
vn 0.05706895 0.03201361 0.9978568
vn 0.018249854 0.8117652 0.5836987
vn -0.0033392203 0.99969983 -0.024269532
vn 0.01251258 0.8137849 0.5810315
vn -0.003958172 0.93135536 -0.36408994
vn -0.00334622 0.99980265 -0.019584471
vn 0.0017960459 0.4994142 -0.86636144
vn -0.0043420917 0.9329318 -0.360027
vn 0.013268121 -0.6072704 -0.7943845
vn 0.0026093703 0.49866095 -0.8667932
vn 0.019083017 -0.98688835 -0.16027224
vn 0.051249042 -0.6055237 -0.7941754
vn 0.026782209 -0.9994373 -0.02019393
vn 0.02850475 -0.987783 -0.15320666
vn 0.036766384 -0.9962218 0.07867834
vn 0.038235575 -0.999175 -0.013685387
vn 0.04126731 -0.80697185 0.5891464
vn 0.042118564 -0.99559325 0.08378562
vn 0.030744363 0.02453116 0.9992262
vn 0.018481717 0.81447226 0.57990813
vn 0.037727553 0.03902928 0.9985257
vn -0.005667634 0.9998815 -0.014310618
vn 0.07269556 -0.7921917 0.6059271
vn 0.039952923 0.82631445 0.5617902
vn -0.006676888 0.9333898 -0.35880205
vn 0.08450968 0.05424436 0.9949451
vn 0.011551912 0.9999325 -0.0012427843
vn 0.04390526 0.48790923 -0.8717895
vn 0.011497785 0.93913877 -0.34334546
vn 0.04328266 -0.9955831 0.08331285
vn 0.1448393 -0.8016705 0.5799535
vn 0.22531693 0.0657322 0.97206557
vn 0.18826684 0.81650394 0.54578114
vn 0.15807359 0.98742616 -0.0015472643
vn 0.14242004 0.9334715 -0.3291618
vn 0.16284376 0.4752929 -0.8646262
vn 0.042951025 -0.99902594 -0.010119147
vn 0.1389945 -0.6449959 -0.7514392
vn 0.03751805 -0.98888725 -0.14385565
vn 0.097591236 -0.9815802 -0.16424426
vn 0.069835626 -0.9973642 -0.019685794
vn 0.0629852 -0.994612 0.082340054
vn 0.62326527 0.7819725 -0.0077008097
vn 0.55015993 0.76632446 -0.33176938
vn 0.50801575 0.3881436 -0.76893735
vn 0.4462045 -0.5334975 -0.7185277
vn 0.89742506 0.13080396 -0.42132956
vn 0.57549167 -0.74549556 -0.33622286
vn 0.64527893 -0.7620695 -0.053526364
vn 0.99749064 0.0587672 -0.03948411
vn 0.60218817 -0.7742584 0.19466208
vn 0.94256467 0.072356075 0.32609272
vn 0.5276317 -0.6715437 0.52022475
vn 0.5694905 0.06547008 0.81938654
vn 0.6194613 0.6501318 0.43999574
vn -0.032162085 0.47493482 0.8794331
vn -0.0015454224 -0.30195034 0.9533224
vn -0.01815817 -0.2922275 0.9561764
vn -0.025817508 -0.8169286 0.57616067
vn -0.012237359 -0.8203893 0.57167447
vn -0.02718119 -0.9993192 0.024947453
vn -0.030806616 0.51169366 0.85861546
vn -0.044409454 0.9577926 0.28400928
vn -0.059761714 0.94876736 0.3102727
vn -0.045908842 0.94043356 -0.33686376
vn -0.06038195 0.9302874 -0.36182782
vn -0.033520214 0.42639464 -0.903916
vn -0.030714344 0.92890054 -0.36905333
vn -0.0482753 0.4708038 -0.8809162
vn -0.03162826 0.9591875 0.2809963
vn -0.020270485 -0.37149283 -0.92821455
vn -0.018696038 -0.3460849 -0.9380169
vn -0.025248434 -0.8477658 -0.5297695
vn -0.010419441 -0.8542714 -0.5197229
vn -0.0035461567 -0.9997322 0.022867491
vn 0.016100043 -0.999706 0.018131604
vn 0.035521947 -0.81052613 -0.5846243
vn 0.044902917 -0.29065877 -0.9557725
vn -0.007680368 0.43330517 -0.9012146
vn 0.040621486 -0.32215345 -0.9458155
vn -0.025928995 0.48115999 -0.8762493
vn 0.025318429 -0.8073939 -0.5894693
vn 0.03030028 -0.7898235 0.61258525
vn 0.019879676 -0.25908536 0.9656497
vn 0.021712704 -0.77616906 0.63015085
vn -0.03949397 0.52110887 0.85257596
vn -0.09094799 0.9409422 -0.32612285
vn -0.09342903 0.9586024 0.268984
vn -0.15173529 0.92393357 -0.35117397
vn 0.004352774 -0.99987197 0.015397931
vn 0.002955759 -0.19653034 0.98049337
vn -0.14853697 0.9425731 0.29915345
vn -0.015906017 -0.73349345 0.6795104
vn -0.063143216 0.48369703 0.87295485
vn -0.02343823 -0.116938375 0.9928625
vn -0.057901334 0.48017696 0.8752585
vn -0.15400244 0.93323046 0.3245984
vn -0.15847257 0.91871053 -0.3617421
vn -0.17362514 -0.6335454 0.75397253
vn -0.06369006 0.42854396 -0.90127337
vn -0.05411917 0.42632616 -0.90294915
vn 0.031874396 -0.22279344 -0.9743445
vn -0.032726426 -0.9994294 -0.008347732
vn -0.253593 -0.9627101 -0.094233535
vn -0.043064743 -0.6605545 -0.749542
vn 0.019235631 -0.2617187 -0.96495247
vn 0.022649447 -0.7603325 -0.6491389
vn -0.30150756 0.2625697 0.9165971
vn 0.2231675 0.9186475 0.32601085
vn -0.34919626 -0.6431259 0.6815065
vn 0.59366995 0.5538998 -0.5837388
vn 0.06535361 -0.9896801 -0.12752321
vn 0.4812143 -0.39717752 -0.78146195
vn 0.1498898 -0.5285799 0.83554554
vn 0.15441433 0.07874731 0.984863
vn 0.636938 -0.7329568 0.23892337
vn 0.72461575 0.4427778 0.5280908
vn 0.8574647 -0.2930055 -0.42296806
vn 0.9168999 0.30417693 -0.2584006
g 02_Cloth_16_0
f 3/3/3 2/2/2 1/1/1
f 6/6/6 5/5/5 4/4/4
f 9/9/9 8/8/8 7/7/7
f 10/10/10 9/9/9 7/7/7
f 7/7/7 11/11/11 10/10/10
f 11/11/11 12/12/12 10/10/10
f 11/11/11 13/13/13 12/12/12
f 14/14/14 9/9/9 10/10/10
f 15/15/15 10/10/10 12/12/12
f 15/15/15 14/14/14 10/10/10
f 16/16/16 9/9/9 14/14/14
f 17/17/17 9/9/9 16/16/16
f 17/17/17 16/16/16 18/18/18
f 19/19/19 17/17/17 18/18/18
f 20/20/20 19/19/19 18/18/18
f 16/16/16 14/14/14 21/21/21
f 21/21/21 14/14/14 15/15/15
f 18/18/18 16/16/16 22/22/22
f 22/22/22 16/16/16 21/21/21
f 13/13/13 23/23/23 12/12/12
f 15/15/15 12/12/12 24/24/24
f 24/24/24 12/12/12 23/23/23
f 25/25/25 21/21/21 15/15/15
f 25/25/25 15/15/15 24/24/24
f 22/22/22 21/21/21 26/26/26
f 26/26/26 21/21/21 25/25/25
f 27/27/27 26/26/26 25/25/25
f 27/27/27 25/25/25 28/28/28
f 25/25/25 24/24/24 28/28/28
f 29/29/29 22/22/22 26/26/26
f 28/28/28 24/24/24 30/30/30
f 30/30/30 24/24/24 23/23/23
f 31/31/31 28/28/28 30/30/30
f 32/32/32 22/22/22 29/29/29
f 33/33/33 32/32/32 29/29/29
f 32/32/32 33/33/33 34/34/34
f 32/32/32 18/18/18 22/22/22
f 35/35/35 32/32/32 34/34/34
f 18/18/18 32/32/32 35/35/35
f 35/35/35 34/34/34 36/36/36
f 30/30/30 37/37/37 31/31/31
f 37/37/37 38/38/38 31/31/31
f 36/36/36 38/38/38 37/37/37
f 23/23/23 39/39/39 30/30/30
f 39/39/39 37/37/37 30/30/30
f 40/40/40 36/36/36 37/37/37
f 40/40/40 35/35/35 36/36/36
f 40/40/40 37/37/37 39/39/39
f 41/41/41 18/18/18 35/35/35
f 41/41/41 35/35/35 40/40/40
f 41/41/41 20/20/20 18/18/18
f 42/42/42 39/39/39 23/23/23
f 23/23/23 13/13/13 42/42/42
f 13/13/13 43/43/43 42/42/42
f 44/44/44 40/40/40 39/39/39
f 44/44/44 41/41/41 40/40/40
f 44/44/44 39/39/39 42/42/42
f 45/45/45 20/20/20 41/41/41
f 45/45/45 41/41/41 44/44/44
f 45/45/45 44/44/44 42/42/42
f 45/45/45 42/42/42 43/43/43
f 20/20/20 45/45/45 46/46/46
f 46/46/46 45/45/45 43/43/43
f 49/49/49 48/48/48 47/47/47
f 48/48/48 50/50/50 47/47/47
f 47/47/47 50/50/50 51/51/51
f 50/50/50 52/52/52 51/51/51
f 55/55/55 54/54/54 53/53/53
f 56/56/56 54/54/54 55/55/55
f 54/54/54 56/56/56 57/57/57
f 54/54/54 57/57/57 58/58/58
f 55/55/55 58/58/58 59/59/59
f 60/60/60 56/56/56 55/55/55
f 55/55/55 59/59/59 61/61/61
f 60/60/60 55/55/55 61/61/61
f 60/60/60 62/62/62 56/56/56
f 62/62/62 63/63/63 56/56/56
f 64/64/64 62/62/62 60/60/60
f 63/63/63 65/65/65 56/56/56
f 66/66/66 64/64/64 60/60/60
f 66/66/66 60/60/60 61/61/61
f 67/67/67 64/64/64 66/66/66
f 65/65/65 68/68/68 56/56/56
f 56/56/56 68/68/68 57/57/57
f 65/65/65 69/69/69 68/68/68
f 70/70/70 67/67/67 66/66/66
f 71/71/71 67/67/67 70/70/70
f 72/72/72 71/71/71 70/70/70
f 71/71/71 72/72/72 73/73/73
f 74/74/74 71/71/71 73/73/73
f 69/69/69 74/74/74 75/75/75
f 69/69/69 75/75/75 68/68/68
f 74/74/74 73/73/73 75/75/75
f 70/70/70 66/66/66 76/76/76
f 77/77/77 70/70/70 76/76/76
f 76/76/76 66/66/66 61/61/61
f 77/77/77 76/76/76 78/78/78
f 68/68/68 75/75/75 79/79/79
f 57/57/57 68/68/68 79/79/79
f 75/75/75 73/73/73 80/80/80
f 75/75/75 80/80/80 79/79/79
f 73/73/73 81/81/81 80/80/80
f 80/80/80 81/81/81 82/82/82
f 76/76/76 61/61/61 83/83/83
f 61/61/61 59/59/59 83/83/83
f 84/84/84 57/57/57 79/79/79
f 58/58/58 57/57/57 84/84/84
f 79/79/79 80/80/80 85/85/85
f 84/84/84 79/79/79 85/85/85
f 86/86/86 80/80/80 82/82/82
f 80/80/80 86/86/86 85/85/85
f 87/87/87 76/76/76 83/83/83
f 76/76/76 87/87/87 78/78/78
f 59/59/59 88/88/88 83/83/83
f 58/58/58 89/89/89 59/59/59
f 59/59/59 89/89/89 88/88/88
f 87/87/87 83/83/83 90/90/90
f 83/83/83 88/88/88 90/90/90
f 91/91/91 84/84/84 85/85/85
f 92/92/92 58/58/58 84/84/84
f 92/92/92 84/84/84 91/91/91
f 85/85/85 86/86/86 93/93/93
f 91/91/91 85/85/85 93/93/93
f 89/89/89 58/58/58 94/94/94
f 94/94/94 58/58/58 92/92/92
f 78/78/78 87/87/87 95/95/95
f 96/96/96 87/87/87 90/90/90
f 95/95/95 87/87/87 96/96/96
f 78/78/78 95/95/95 97/97/97
f 98/98/98 78/78/78 97/97/97
f 99/99/99 98/98/98 97/97/97
f 100/100/100 99/99/99 97/97/97
f 101/101/101 99/99/99 100/100/100
f 101/101/101 100/100/100 102/102/102
f 102/102/102 100/100/100 97/97/97
f 103/103/103 101/101/101 102/102/102
f 102/102/102 97/97/97 104/104/104
f 95/95/95 104/104/104 97/97/97
f 105/105/105 102/102/102 104/104/104
f 103/103/103 102/102/102 105/105/105
f 106/106/106 104/104/104 95/95/95
f 105/105/105 104/104/104 106/106/106
f 95/95/95 96/96/96 107/107/107
f 106/106/106 95/95/95 107/107/107
f 96/96/96 90/90/90 108/108/108
f 107/107/107 96/96/96 108/108/108
f 90/90/90 109/109/109 108/108/108
f 88/88/88 109/109/109 90/90/90
f 88/88/88 110/110/110 109/109/109
f 89/89/89 110/110/110 88/88/88
f 111/111/111 110/110/110 89/89/89
f 110/110/110 111/111/111 109/109/109
f 89/89/89 94/94/94 111/111/111
f 94/94/94 112/112/112 111/111/111
f 109/109/109 111/111/111 113/113/113
f 109/109/109 113/113/113 108/108/108
f 111/111/111 112/112/112 113/113/113
f 107/107/107 108/108/108 114/114/114
f 108/108/108 113/113/113 114/114/114
f 106/106/106 107/107/107 115/115/115
f 115/115/115 107/107/107 114/114/114
f 114/114/114 116/116/116 115/115/115
f 113/113/113 117/117/117 114/114/114
f 117/117/117 113/113/113 112/112/112
f 114/114/114 117/117/117 116/116/116
f 118/118/118 106/106/106 115/115/115
f 118/118/118 105/105/105 106/106/106
f 112/112/112 94/94/94 119/119/119
f 92/92/92 119/119/119 94/94/94
f 116/116/116 120/120/120 115/115/115
f 115/115/115 120/120/120 118/118/118
f 121/121/121 105/105/105 118/118/118
f 121/121/121 103/103/103 105/105/105
f 92/92/92 122/122/122 119/119/119
f 122/122/122 92/92/92 91/91/91
f 122/122/122 91/91/91 123/123/123
f 119/119/119 122/122/122 123/123/123
f 123/123/123 91/91/91 93/93/93
f 119/119/119 123/123/123 124/124/124
f 112/112/112 119/119/119 124/124/124
f 123/123/123 93/93/93 125/125/125
f 124/124/124 123/123/123 125/125/125
f 120/120/120 126/126/126 118/118/118
f 126/126/126 121/121/121 118/118/118
f 126/126/126 120/120/120 127/127/127
f 121/121/121 126/126/126 127/127/127
f 103/103/103 121/121/121 128/128/128
f 128/128/128 121/121/121 127/127/127
f 120/120/120 129/129/129 127/127/127
f 120/120/120 116/116/116 129/129/129
f 93/93/93 130/130/130 125/125/125
f 86/86/86 130/130/130 93/93/93
f 86/86/86 131/131/131 130/130/130
f 86/86/86 82/82/82 131/131/131
f 130/130/130 132/132/132 125/125/125
f 130/130/130 131/131/131 132/132/132
f 133/133/133 103/103/103 128/128/128
f 134/134/134 103/103/103 133/133/133
f 128/128/128 127/127/127 135/135/135
f 135/135/135 127/127/127 129/129/129
f 132/132/132 135/135/135 129/129/129
f 131/131/131 135/135/135 132/132/132
f 125/125/125 132/132/132 136/136/136
f 132/132/132 129/129/129 136/136/136
f 124/124/124 125/125/125 136/136/136
f 116/116/116 136/136/136 129/129/129
f 137/137/137 128/128/128 135/135/135
f 137/137/137 135/135/135 131/131/131
f 133/133/133 128/128/128 137/137/137
f 138/138/138 124/124/124 136/136/136
f 138/138/138 136/136/136 116/116/116
f 124/124/124 138/138/138 112/112/112
f 137/137/137 131/131/131 139/139/139
f 139/139/139 133/133/133 137/137/137
f 131/131/131 82/82/82 139/139/139
f 82/82/82 140/140/140 139/139/139
f 140/140/140 141/141/141 139/139/139
f 142/142/142 133/133/133 139/139/139
f 141/141/141 142/142/142 139/139/139
f 142/142/142 134/134/134 133/133/133
f 141/141/141 134/134/134 142/142/142
f 143/143/143 138/138/138 116/116/116
f 117/117/117 143/143/143 116/116/116
f 144/144/144 117/117/117 112/112/112
f 138/138/138 144/144/144 112/112/112
f 117/117/117 144/144/144 143/143/143
f 144/144/144 138/138/138 143/143/143
f 147/147/147 146/146/146 145/145/145
f 148/148/148 147/147/147 145/145/145
f 149/149/149 147/147/147 148/148/148
f 150/150/150 149/149/149 148/148/148
f 151/151/151 149/149/149 150/150/150
f 152/152/152 151/151/151 150/150/150
f 153/153/153 151/151/151 152/152/152
f 154/154/154 153/153/153 152/152/152
f 155/155/155 153/153/153 154/154/154
f 156/156/156 155/155/155 154/154/154
f 157/157/157 155/155/155 156/156/156
f 158/158/158 157/157/157 156/156/156
f 159/159/159 157/157/157 158/158/158
f 160/160/160 159/159/159 158/158/158
f 161/161/161 159/159/159 160/160/160
f 162/162/162 161/161/161 160/160/160
f 163/163/163 161/161/161 162/162/162
f 164/164/164 163/163/163 162/162/162
f 165/165/165 163/163/163 164/164/164
f 166/166/166 165/165/165 164/164/164
f 169/169/169 168/168/168 167/167/167
f 169/169/169 170/170/170 168/168/168
f 173/173/173 172/172/172 171/171/171
f 174/174/174 173/173/173 171/171/171
f 175/175/175 173/173/173 174/174/174
f 176/176/176 175/175/175 174/174/174
f 177/177/177 175/175/175 176/176/176
f 178/178/178 177/177/177 176/176/176
f 179/179/179 177/177/177 178/178/178
f 180/180/180 179/179/179 178/178/178
f 181/181/181 179/179/179 180/180/180
f 182/182/182 181/181/181 180/180/180
f 183/183/183 181/181/181 182/182/182
f 184/184/184 183/183/183 182/182/182
f 187/187/187 186/186/186 185/185/185
f 188/188/188 186/186/186 187/187/187
f 191/191/191 190/190/190 189/189/189
f 189/189/189 190/190/190 192/192/192
f 190/190/190 193/193/193 192/192/192
f 192/192/192 193/193/193 194/194/194
f 194/194/194 193/193/193 195/195/195
f 193/193/193 196/196/196 195/195/195
f 195/195/195 196/196/196 197/197/197
f 196/196/196 198/198/198 197/197/197
f 197/197/197 198/198/198 199/199/199
f 199/199/199 201/201/201 200/200/200
f 201/201/201 202/202/202 200/200/200
f 200/200/200 202/202/202 203/203/203
f 203/203/203 202/202/202 204/204/204
f 205/205/205 203/203/203 204/204/204
f 205/205/205 204/204/204 206/206/206
f 206/206/206 204/204/204 207/207/207
f 208/208/208 206/206/206 207/207/207
f 208/208/208 207/207/207 209/209/209
f 212/212/212 211/211/211 210/210/210
f 213/213/213 212/212/212 210/210/210
f 213/213/213 210/210/210 214/214/214
f 215/215/215 212/212/212 213/213/213
f 216/216/216 213/213/213 214/214/214
f 216/216/216 214/214/214 217/217/217
f 218/218/218 215/215/215 213/213/213
f 218/218/218 213/213/213 216/216/216
f 219/219/219 216/216/216 217/217/217
f 219/219/219 217/217/217 220/220/220
f 215/215/215 218/218/218 221/221/221
f 222/222/222 215/215/215 221/221/221
f 223/223/223 222/222/222 221/221/221
f 224/224/224 218/218/218 216/216/216
f 224/224/224 216/216/216 219/219/219
f 225/225/225 219/219/219 220/220/220
f 225/225/225 220/220/220 226/226/226
f 221/221/221 218/218/218 227/227/227
f 218/218/218 224/224/224 227/227/227
f 228/228/228 223/223/223 221/221/221
f 228/228/228 221/221/221 227/227/227
f 229/229/229 224/224/224 219/219/219
f 229/229/229 219/219/219 225/225/225
f 230/230/230 225/225/225 226/226/226
f 230/230/230 226/226/226 231/231/231
f 227/227/227 224/224/224 232/232/232
f 224/224/224 229/229/229 232/232/232
f 233/233/233 229/229/229 225/225/225
f 233/233/233 225/225/225 230/230/230
f 234/234/234 230/230/230 231/231/231
f 234/234/234 231/231/231 235/235/235
f 223/223/223 228/228/228 236/236/236
f 237/237/237 223/223/223 236/236/236
f 238/238/238 228/228/228 227/227/227
f 238/238/238 227/227/227 232/232/232
f 232/232/232 229/229/229 239/239/239
f 229/229/229 233/233/233 239/239/239
f 240/240/240 233/233/233 230/230/230
f 240/240/240 230/230/230 234/234/234
f 241/241/241 234/234/234 235/235/235
f 241/241/241 235/235/235 242/242/242
f 237/237/237 236/236/236 243/243/243
f 244/244/244 237/237/237 243/243/243
f 245/245/245 244/244/244 243/243/243
f 246/246/246 238/238/238 232/232/232
f 246/246/246 232/232/232 239/239/239
f 239/239/239 233/233/233 247/247/247
f 233/233/233 240/240/240 247/247/247
f 248/248/248 240/240/240 234/234/234
f 248/248/248 234/234/234 241/241/241
f 249/249/249 246/246/246 239/239/239
f 249/249/249 239/239/239 247/247/247
f 247/247/247 240/240/240 250/250/250
f 240/240/240 248/248/248 250/250/250
f 251/251/251 249/249/249 247/247/247
f 251/251/251 247/247/247 250/250/250
f 252/252/252 245/245/245 243/243/243
f 252/252/252 243/243/243 253/253/253
f 243/243/243 236/236/236 253/253/253
f 245/245/245 252/252/252 254/254/254
f 255/255/255 245/245/245 254/254/254
f 256/256/256 255/255/255 254/254/254
f 257/257/257 256/256/256 254/254/254
f 258/258/258 256/256/256 257/257/257
f 259/259/259 258/258/258 257/257/257
f 254/254/254 252/252/252 260/260/260
f 257/257/257 254/254/254 260/260/260
f 259/259/259 257/257/257 261/261/261
f 261/261/261 257/257/257 260/260/260
f 262/262/262 259/259/259 261/261/261
f 252/252/252 263/263/263 260/260/260
f 263/263/263 252/252/252 253/253/253
f 236/236/236 264/264/264 253/253/253
f 236/236/236 228/228/228 264/264/264
f 228/228/228 238/238/238 264/264/264
f 262/262/262 261/261/261 265/265/265
f 266/266/266 262/262/262 265/265/265
f 261/261/261 260/260/260 267/267/267
f 260/260/260 263/263/263 267/267/267
f 265/265/265 261/261/261 267/267/267
f 253/253/253 264/264/264 268/268/268
f 263/263/263 253/253/253 268/268/268
f 264/264/264 238/238/238 269/269/269
f 264/264/264 269/269/269 268/268/268
f 238/238/238 246/246/246 269/269/269
f 266/266/266 265/265/265 270/270/270
f 271/271/271 266/266/266 270/270/270
f 263/263/263 272/272/272 267/267/267
f 272/272/272 263/263/263 268/268/268
f 265/265/265 267/267/267 273/273/273
f 270/270/270 265/265/265 273/273/273
f 267/267/267 272/272/272 273/273/273
f 268/268/268 269/269/269 274/274/274
f 272/272/272 268/268/268 274/274/274
f 269/269/269 246/246/246 275/275/275
f 269/269/269 275/275/275 274/274/274
f 246/246/246 249/249/249 275/275/275
f 271/271/271 270/270/270 276/276/276
f 277/277/277 271/271/271 276/276/276
f 272/272/272 278/278/278 273/273/273
f 278/278/278 272/272/272 274/274/274
f 270/270/270 273/273/273 279/279/279
f 276/276/276 270/270/270 279/279/279
f 273/273/273 278/278/278 279/279/279
f 274/274/274 275/275/275 280/280/280
f 278/278/278 274/274/274 280/280/280
f 275/275/275 249/249/249 281/281/281
f 275/275/275 281/281/281 280/280/280
f 249/249/249 251/251/251 281/281/281
f 277/277/277 276/276/276 282/282/282
f 283/283/283 277/277/277 282/282/282
f 278/278/278 284/284/284 279/279/279
f 284/284/284 278/278/278 280/280/280
f 276/276/276 279/279/279 285/285/285
f 282/282/282 276/276/276 285/285/285
f 279/279/279 284/284/284 285/285/285
f 280/280/280 281/281/281 286/286/286
f 284/284/284 280/280/280 286/286/286
f 281/281/281 251/251/251 287/287/287
f 281/281/281 287/287/287 286/286/286
f 283/283/283 282/282/282 288/288/288
f 289/289/289 283/283/283 288/288/288
f 284/284/284 290/290/290 285/285/285
f 290/290/290 284/284/284 286/286/286
f 282/282/282 285/285/285 291/291/291
f 288/288/288 282/282/282 291/291/291
f 285/285/285 290/290/290 291/291/291
f 289/289/289 288/288/288 292/292/292
f 293/293/293 289/289/289 292/292/292
f 290/290/290 286/286/286 294/294/294
f 286/286/286 287/287/287 294/294/294
f 251/251/251 295/295/295 287/287/287
f 295/295/295 251/251/251 250/250/250
f 290/290/290 296/296/296 291/291/291
f 296/296/296 290/290/290 294/294/294
f 288/288/288 291/291/291 297/297/297
f 292/292/292 288/288/288 297/297/297
f 291/291/291 296/296/296 297/297/297
f 293/293/293 292/292/292 298/298/298
f 299/299/299 293/293/293 298/298/298
f 287/287/287 300/300/300 294/294/294
f 287/287/287 295/295/295 300/300/300
f 295/295/295 250/250/250 301/301/301
f 250/250/250 248/248/248 301/301/301
f 292/292/292 297/297/297 302/302/302
f 298/298/298 292/292/292 302/302/302
f 296/296/296 303/303/303 297/297/297
f 297/297/297 303/303/303 302/302/302
f 296/296/296 294/294/294 304/304/304
f 294/294/294 300/300/300 304/304/304
f 303/303/303 296/296/296 304/304/304
f 299/299/299 298/298/298 305/305/305
f 306/306/306 299/299/299 305/305/305
f 295/295/295 307/307/307 300/300/300
f 307/307/307 295/295/295 301/301/301
f 298/298/298 302/302/302 308/308/308
f 305/305/305 298/298/298 308/308/308
f 300/300/300 309/309/309 304/304/304
f 300/300/300 307/307/307 309/309/309
f 303/303/303 310/310/310 302/302/302
f 302/302/302 310/310/310 308/308/308
f 303/303/303 304/304/304 311/311/311
f 304/304/304 309/309/309 311/311/311
f 310/310/310 303/303/303 311/311/311
f 306/306/306 305/305/305 312/312/312
f 313/313/313 306/306/306 312/312/312
f 305/305/305 308/308/308 314/314/314
f 312/312/312 305/305/305 314/314/314
f 310/310/310 315/315/315 308/308/308
f 308/308/308 315/315/315 314/314/314
f 310/310/310 311/311/311 316/316/316
f 315/315/315 310/310/310 316/316/316
f 309/309/309 317/317/317 311/311/311
f 311/311/311 317/317/317 316/316/316
f 313/313/313 312/312/312 318/318/318
f 319/319/319 313/313/313 318/318/318
f 312/312/312 314/314/314 320/320/320
f 318/318/318 312/312/312 320/320/320
f 315/315/315 321/321/321 314/314/314
f 314/314/314 321/321/321 320/320/320
f 315/315/315 316/316/316 322/322/322
f 321/321/321 315/315/315 322/322/322
f 319/319/319 318/318/318 323/323/323
f 324/324/324 319/319/319 323/323/323
f 318/318/318 320/320/320 325/325/325
f 323/323/323 318/318/318 325/325/325
f 321/321/321 326/326/326 320/320/320
f 320/320/320 326/326/326 325/325/325
f 324/324/324 323/323/323 327/327/327
f 328/328/328 324/324/324 327/327/327
f 323/323/323 325/325/325 329/329/329
f 327/327/327 323/323/323 329/329/329
f 328/328/328 327/327/327 330/330/330
f 331/331/331 328/328/328 330/330/330
f 330/330/330 327/327/327 332/332/332
f 327/327/327 329/329/329 332/332/332
f 325/325/325 333/333/333 329/329/329
f 326/326/326 333/333/333 325/325/325
f 329/329/329 334/334/334 332/332/332
f 333/333/333 334/334/334 329/329/329
f 334/334/334 335/335/335 332/332/332
f 335/335/335 334/334/334 336/336/336
f 326/326/326 321/321/321 337/337/337
f 321/321/321 322/322/322 337/337/337
f 334/334/334 333/333/333 338/338/338
f 334/334/334 338/338/338 336/336/336
f 333/333/333 326/326/326 339/339/339
f 326/326/326 337/337/337 339/339/339
f 333/333/333 339/339/339 338/338/338
f 338/338/338 340/340/340 336/336/336
f 340/340/340 341/341/341 336/336/336
f 339/339/339 342/342/342 338/338/338
f 342/342/342 340/340/340 338/338/338
f 337/337/337 343/343/343 339/339/339
f 343/343/343 342/342/342 339/339/339
f 322/322/322 344/344/344 337/337/337
f 344/344/344 343/343/343 337/337/337
f 340/340/340 345/345/345 341/341/341
f 345/345/345 346/346/346 341/341/341
f 346/346/346 345/345/345 347/347/347
f 342/342/342 348/348/348 340/340/340
f 348/348/348 345/345/345 340/340/340
f 343/343/343 349/349/349 342/342/342
f 349/349/349 348/348/348 342/342/342
f 345/345/345 350/350/350 347/347/347
f 345/345/345 348/348/348 350/350/350
f 351/351/351 344/344/344 322/322/322
f 316/316/316 351/351/351 322/322/322
f 317/317/317 351/351/351 316/316/316
f 344/344/344 352/352/352 343/343/343
f 352/352/352 349/349/349 343/343/343
f 348/348/348 349/349/349 353/353/353
f 348/348/348 353/353/353 350/350/350
f 350/350/350 354/354/354 347/347/347
f 354/354/354 355/355/355 347/347/347
f 355/355/355 354/354/354 356/356/356
f 351/351/351 357/357/357 344/344/344
f 357/357/357 352/352/352 344/344/344
f 317/317/317 358/358/358 351/351/351
f 358/358/358 357/357/357 351/351/351
f 349/349/349 352/352/352 359/359/359
f 349/349/349 359/359/359 353/353/353
f 360/360/360 354/354/354 350/350/350
f 353/353/353 360/360/360 350/350/350
f 354/354/354 361/361/361 356/356/356
f 354/354/354 360/360/360 361/361/361
f 356/356/356 361/361/361 362/362/362
f 361/361/361 363/363/363 362/362/362
f 361/361/361 364/364/364 363/363/363
f 360/360/360 364/364/364 361/361/361
f 364/364/364 365/365/365 363/363/363
f 366/366/366 360/360/360 353/353/353
f 360/360/360 366/366/366 364/364/364
f 359/359/359 366/366/366 353/353/353
f 364/364/364 367/367/367 365/365/365
f 366/366/366 367/367/367 364/364/364
f 367/367/367 368/368/368 365/365/365
f 352/352/352 369/369/369 359/359/359
f 352/352/352 357/357/357 369/369/369
f 370/370/370 366/366/366 359/359/359
f 366/366/366 370/370/370 367/367/367
f 369/369/369 370/370/370 359/359/359
f 367/367/367 371/371/371 368/368/368
f 370/370/370 371/371/371 367/367/367
f 371/371/371 372/372/372 368/368/368
f 357/357/357 373/373/373 369/369/369
f 357/357/357 358/358/358 373/373/373
f 374/374/374 370/370/370 369/369/369
f 370/370/370 374/374/374 371/371/371
f 373/373/373 374/374/374 369/369/369
f 371/371/371 375/375/375 372/372/372
f 374/374/374 375/375/375 371/371/371
f 375/375/375 376/376/376 372/372/372
f 377/377/377 374/374/374 373/373/373
f 374/374/374 377/377/377 375/375/375
f 375/375/375 378/378/378 376/376/376
f 377/377/377 378/378/378 375/375/375
f 378/378/378 379/379/379 376/376/376
f 358/358/358 380/380/380 373/373/373
f 380/380/380 377/377/377 373/373/373
f 378/378/378 381/381/381 379/379/379
f 381/381/381 242/242/242 379/379/379
f 381/381/381 241/241/241 242/242/242
f 377/377/377 382/382/382 378/378/378
f 382/382/382 381/381/381 378/378/378
f 382/382/382 377/377/377 380/380/380
f 383/383/383 241/241/241 381/381/381
f 382/382/382 383/383/383 381/381/381
f 383/383/383 248/248/248 241/241/241
f 248/248/248 383/383/383 301/301/301
f 383/383/383 382/382/382 384/384/384
f 301/301/301 383/383/383 384/384/384
f 384/384/384 382/382/382 380/380/380
f 307/307/307 301/301/301 384/384/384
f 358/358/358 385/385/385 380/380/380
f 385/385/385 384/384/384 380/380/380
f 385/385/385 307/307/307 384/384/384
f 385/385/385 358/358/358 317/317/317
f 307/307/307 385/385/385 309/309/309
f 309/309/309 385/385/385 317/317/317
f 388/388/388 387/387/387 386/386/386
f 389/389/389 388/388/388 386/386/386
f 389/389/389 386/386/386 390/390/390
f 391/391/391 389/389/389 390/390/390
f 392/392/392 388/388/388 389/389/389
f 393/393/393 389/389/389 391/391/391
f 393/393/393 392/392/392 389/389/389
f 394/394/394 393/393/393 391/391/391
f 393/393/393 394/394/394 395/395/395
f 392/392/392 393/393/393 396/396/396
f 396/396/396 393/393/393 395/395/395
f 397/397/397 392/392/392 396/396/396
f 398/398/398 397/397/397 396/396/396
f 399/399/399 396/396/396 395/395/395
f 399/399/399 398/398/398 396/396/396
f 400/400/400 399/399/399 395/395/395
f 399/399/399 400/400/400 401/401/401
f 398/398/398 399/399/399 402/402/402
f 402/402/402 399/399/399 401/401/401
f 403/403/403 398/398/398 402/402/402
f 402/402/402 401/401/401 404/404/404
f 403/403/403 402/402/402 405/405/405
f 405/405/405 402/402/402 404/404/404
f 406/406/406 403/403/403 405/405/405
f 407/407/407 406/406/406 405/405/405
f 408/408/408 405/405/405 404/404/404
f 408/408/408 407/407/407 405/405/405
f 409/409/409 408/408/408 404/404/404
f 408/408/408 409/409/409 410/410/410
f 407/407/407 408/408/408 411/411/411
f 411/411/411 408/408/408 410/410/410
f 412/412/412 407/407/407 411/411/411
f 413/413/413 412/412/412 411/411/411
f 414/414/414 411/411/411 410/410/410
f 414/414/414 413/413/413 411/411/411
f 415/415/415 413/413/413 414/414/414
f 416/416/416 414/414/414 410/410/410
f 417/417/417 415/415/415 414/414/414
f 417/417/417 414/414/414 416/416/416
f 418/418/418 417/417/417 416/416/416
f 421/421/421 420/420/420 419/419/419
f 422/422/422 421/421/421 419/419/419
f 420/420/420 423/423/423 419/419/419
f 420/420/420 424/424/424 423/423/423
f 425/425/425 422/422/422 419/419/419
f 419/419/419 426/426/426 425/425/425
f 427/427/427 422/422/422 425/425/425
f 428/428/428 427/427/427 425/425/425
f 428/428/428 425/425/425 426/426/426
f 427/427/427 428/428/428 429/429/429
f 430/430/430 427/427/427 429/429/429
f 430/430/430 429/429/429 431/431/431
f 429/429/429 432/432/432 431/431/431
f 433/433/433 431/431/431 432/432/432
f 429/429/429 428/428/428 434/434/434
f 432/432/432 429/429/429 434/434/434
f 435/435/435 428/428/428 426/426/426
f 428/428/428 435/435/435 434/434/434
f 436/436/436 433/433/433 432/432/432
f 437/437/437 433/433/433 436/436/436
f 435/435/435 426/426/426 438/438/438
f 434/434/434 435/435/435 438/438/438
f 439/439/439 437/437/437 436/436/436
f 437/437/437 439/439/439 424/424/424
f 439/439/439 440/440/440 424/424/424
f 424/424/424 440/440/440 423/423/423
f 434/434/434 441/441/441 432/432/432
f 442/442/442 436/436/436 432/432/432
f 441/441/441 442/442/442 432/432/432
f 443/443/443 439/439/439 436/436/436
f 442/442/442 443/443/443 436/436/436
f 443/443/443 442/442/442 444/444/444
f 445/445/445 439/439/439 443/443/443
f 439/439/439 445/445/445 440/440/440
f 446/446/446 434/434/434 438/438/438
f 446/446/446 441/441/441 434/434/434
f 447/447/447 443/443/443 444/444/444
f 447/447/447 445/445/445 443/443/443
f 440/440/440 448/448/448 423/423/423
f 445/445/445 449/449/449 440/440/440
f 449/449/449 448/448/448 440/440/440
f 423/423/423 448/448/448 450/450/450
f 423/423/423 450/450/450 419/419/419
f 448/448/448 449/449/449 451/451/451
f 448/448/448 451/451/451 450/450/450
f 452/452/452 449/449/449 445/445/445
f 452/452/452 451/451/451 449/449/449
f 450/450/450 453/453/453 419/419/419
f 453/453/453 426/426/426 419/419/419
f 445/445/445 447/447/447 454/454/454
f 454/454/454 452/452/452 445/445/445
f 451/451/451 455/455/455 450/450/450
f 450/450/450 455/455/455 453/453/453
f 456/456/456 426/426/426 453/453/453
f 455/455/455 457/457/457 453/453/453
f 456/456/456 453/453/453 457/457/457
f 456/456/456 458/458/458 426/426/426
f 426/426/426 458/458/458 438/438/438
f 456/456/456 457/457/457 459/459/459
f 456/456/456 459/459/459 458/458/458
f 438/438/438 458/458/458 460/460/460
f 446/446/446 438/438/438 460/460/460
f 458/458/458 459/459/459 461/461/461
f 458/458/458 461/461/461 460/460/460
f 451/451/451 452/452/452 462/462/462
f 463/463/463 452/452/452 454/454/454
f 452/452/452 463/463/463 462/462/462
f 464/464/464 463/463/463 454/454/454
f 462/462/462 463/463/463 465/465/465
f 454/454/454 466/466/466 464/464/464
f 464/464/464 466/466/466 467/467/467
f 454/454/454 447/447/447 466/466/466
f 466/466/466 468/468/468 467/467/467
f 466/466/466 447/447/447 468/468/468
f 468/468/468 469/469/469 467/467/467
f 468/468/468 470/470/470 469/469/469
f 447/447/447 444/444/444 468/468/468
f 470/470/470 468/468/468 444/444/444
f 470/470/470 471/471/471 469/469/469
f 472/472/472 471/471/471 470/470/470
f 451/451/451 462/462/462 473/473/473
f 451/451/451 473/473/473 455/455/455
f 473/473/473 474/474/474 455/455/455
f 474/474/474 475/475/475 455/455/455
f 455/455/455 475/475/475 457/457/457
f 462/462/462 476/476/476 473/473/473
f 473/473/473 476/476/476 474/474/474
f 476/476/476 462/462/462 465/465/465
f 476/476/476 465/465/465 477/477/477
f 477/477/477 478/478/478 476/476/476
f 478/478/478 479/479/479 476/476/476
f 476/476/476 479/479/479 474/474/474
f 478/478/478 480/480/480 479/479/479
f 474/474/474 479/479/479 480/480/480
f 480/480/480 481/481/481 474/474/474
f 481/481/481 482/482/482 474/474/474
f 481/481/481 483/483/483 482/482/482
f 482/482/482 484/484/484 474/474/474
f 482/482/482 483/483/483 484/484/484
f 484/484/484 475/475/475 474/474/474
f 483/483/483 485/485/485 484/484/484
f 484/484/484 486/486/486 475/475/475
f 484/484/484 485/485/485 486/486/486
f 486/486/486 487/487/487 475/475/475
f 457/457/457 475/475/475 487/487/487
f 485/485/485 488/488/488 486/486/486
f 489/489/489 488/488/488 485/485/485
f 489/489/489 490/490/490 488/488/488
f 486/486/486 488/488/488 491/491/491
f 487/487/487 486/486/486 491/491/491
f 457/457/457 487/487/487 492/492/492
f 457/457/457 492/492/492 459/459/459
f 490/490/490 493/493/493 488/488/488
f 488/488/488 493/493/493 491/491/491
f 490/490/490 489/489/489 494/494/494
f 495/495/495 494/494/494 489/489/489
f 496/496/496 487/487/487 491/491/491
f 487/487/487 496/496/496 492/492/492
f 459/459/459 492/492/492 497/497/497
f 459/459/459 497/497/497 461/461/461
f 492/492/492 496/496/496 498/498/498
f 492/492/492 498/498/498 497/497/497
f 496/496/496 491/491/491 499/499/499
f 496/496/496 499/499/499 498/498/498
f 491/491/491 493/493/493 500/500/500
f 491/491/491 500/500/500 499/499/499
f 493/493/493 490/490/490 501/501/501
f 493/493/493 501/501/501 500/500/500
f 498/498/498 499/499/499 502/502/502
f 499/499/499 503/503/503 502/502/502
f 499/499/499 500/500/500 503/503/503
f 498/498/498 502/502/502 504/504/504
f 497/497/497 498/498/498 504/504/504
f 500/500/500 505/505/505 503/503/503
f 500/500/500 501/501/501 505/505/505
f 497/497/497 504/504/504 506/506/506
f 501/501/501 507/507/507 505/505/505
f 508/508/508 497/497/497 506/506/506
f 497/497/497 508/508/508 461/461/461
f 508/508/508 506/506/506 509/509/509
f 501/501/501 510/510/510 507/507/507
f 510/510/510 511/511/511 507/507/507
f 511/511/511 510/510/510 512/512/512
f 490/490/490 510/510/510 501/501/501
f 461/461/461 508/508/508 513/513/513
f 513/513/513 508/508/508 509/509/509
f 460/460/460 461/461/461 513/513/513
f 510/510/510 514/514/514 512/512/512
f 510/510/510 490/490/490 514/514/514
f 512/512/512 514/514/514 515/515/515
f 516/516/516 513/513/513 509/509/509
f 517/517/517 516/516/516 509/509/509
f 518/518/518 460/460/460 513/513/513
f 516/516/516 518/518/518 513/513/513
f 518/518/518 446/446/446 460/460/460
f 519/519/519 446/446/446 518/518/518
f 519/519/519 518/518/518 516/516/516
f 441/441/441 446/446/446 519/519/519
f 520/520/520 516/516/516 517/517/517
f 520/520/520 519/519/519 516/516/516
f 521/521/521 520/520/520 517/517/517
f 490/490/490 522/522/522 514/514/514
f 522/522/522 490/490/490 494/494/494
f 523/523/523 441/441/441 519/519/519
f 523/523/523 442/442/442 441/441/441
f 524/524/524 520/520/520 521/521/521
f 525/525/525 524/524/524 521/521/521
f 525/525/525 526/526/526 524/524/524
f 527/527/527 519/519/519 520/520/520
f 524/524/524 527/527/527 520/520/520
f 527/527/527 523/523/523 519/519/519
f 514/514/514 522/522/522 528/528/528
f 514/514/514 528/528/528 515/515/515
f 515/515/515 528/528/528 529/529/529
f 523/523/523 530/530/530 442/442/442
f 530/530/530 444/444/444 442/442/442
f 526/526/526 531/531/531 524/524/524
f 524/524/524 531/531/531 527/527/527
f 527/527/527 532/532/532 523/523/523
f 532/532/532 530/530/530 523/523/523
f 531/531/531 532/532/532 527/527/527
f 522/522/522 533/533/533 528/528/528
f 522/522/522 494/494/494 533/533/533
f 528/528/528 534/534/534 529/529/529
f 528/528/528 533/533/533 534/534/534
f 529/529/529 534/534/534 535/535/535
f 530/530/530 536/536/536 444/444/444
f 536/536/536 530/530/530 532/532/532
f 537/537/537 531/531/531 526/526/526
f 538/538/538 537/537/537 526/526/526
f 539/539/539 532/532/532 531/531/531
f 539/539/539 536/536/536 532/532/532
f 537/537/537 539/539/539 531/531/531
f 534/534/534 540/540/540 535/535/535
f 535/535/535 540/540/540 541/541/541
f 542/542/542 537/537/537 538/538/538
f 543/543/543 542/542/542 538/538/538
f 544/544/544 539/539/539 537/537/537
f 542/542/542 544/544/544 537/537/537
f 545/545/545 542/542/542 543/543/543
f 546/546/546 545/545/545 543/543/543
f 545/545/545 546/546/546 547/547/547
f 545/545/545 548/548/548 542/542/542
f 548/548/548 544/544/544 542/542/542
f 549/549/549 545/545/545 547/547/547
f 548/548/548 545/545/545 549/549/549
f 549/549/549 547/547/547 550/550/550
f 544/544/544 551/551/551 539/539/539
f 551/551/551 536/536/536 539/539/539
f 548/548/548 552/552/552 544/544/544
f 552/552/552 551/551/551 544/544/544
f 552/552/552 553/553/553 551/551/551
f 554/554/554 549/549/549 550/550/550
f 554/554/554 550/550/550 555/555/555
f 556/556/556 548/548/548 549/549/549
f 552/552/552 548/548/548 556/556/556
f 556/556/556 549/549/549 554/554/554
f 551/551/551 557/557/557 536/536/536
f 553/553/553 557/557/557 551/551/551
f 558/558/558 552/552/552 556/556/556
f 553/553/553 552/552/552 558/558/558
f 559/559/559 556/556/556 554/554/554
f 558/558/558 556/556/556 559/559/559
f 560/560/560 554/554/554 555/555/555
f 559/559/559 554/554/554 560/560/560
f 557/557/557 561/561/561 536/536/536
f 536/536/536 561/561/561 444/444/444
f 561/561/561 470/470/470 444/444/444
f 561/561/561 557/557/557 470/470/470
f 557/557/557 562/562/562 470/470/470
f 557/557/557 553/553/553 562/562/562
f 562/562/562 472/472/472 470/470/470
f 563/563/563 472/472/472 562/562/562
f 564/564/564 563/563/563 562/562/562
f 553/553/553 564/564/564 562/562/562
f 563/563/563 564/564/564 565/565/565
f 564/564/564 553/553/553 565/565/565
f 566/566/566 563/563/563 565/565/565
f 566/566/566 565/565/565 567/567/567
f 568/568/568 566/566/566 567/567/567
f 568/568/568 567/567/567 569/569/569
f 553/553/553 570/570/570 565/565/565
f 565/565/565 570/570/570 567/567/567
f 570/570/570 553/553/553 558/558/558
f 570/570/570 558/558/558 571/571/571
f 571/571/571 558/558/558 559/559/559
f 567/567/567 572/572/572 569/569/569
f 572/572/572 567/567/567 573/573/573
f 569/569/569 572/572/572 574/574/574
f 570/570/570 575/575/575 567/567/567
f 575/575/575 570/570/570 571/571/571
f 567/567/567 575/575/575 573/573/573
f 575/575/575 571/571/571 573/573/573
f 571/571/571 559/559/559 576/576/576
f 576/576/576 559/559/559 560/560/560
f 572/572/572 577/577/577 574/574/574
f 577/577/577 578/578/578 574/574/574
f 579/579/579 577/577/577 572/572/572
f 573/573/573 579/579/579 572/572/572
f 577/577/577 580/580/580 578/578/578
f 579/579/579 580/580/580 577/577/577
f 581/581/581 578/578/578 580/580/580
f 571/571/571 582/582/582 573/573/573
f 582/582/582 571/571/571 576/576/576
f 576/576/576 560/560/560 583/583/583
f 582/582/582 576/576/576 584/584/584
f 576/576/576 583/583/583 584/584/584
f 573/573/573 582/582/582 585/585/585
f 582/582/582 584/584/584 585/585/585
f 586/586/586 579/579/579 573/573/573
f 585/585/585 586/586/586 573/573/573
f 579/579/579 587/587/587 580/580/580
f 587/587/587 579/579/579 586/586/586
f 588/588/588 581/581/581 580/580/580
f 588/588/588 580/580/580 587/587/587
f 560/560/560 589/589/589 583/583/583
f 560/560/560 555/555/555 589/589/589
f 555/555/555 590/590/590 589/589/589
f 589/589/589 590/590/590 591/591/591
f 592/592/592 589/589/589 591/591/591
f 583/583/583 589/589/589 592/592/592
f 592/592/592 591/591/591 593/593/593
f 594/594/594 583/583/583 592/592/592
f 584/584/584 583/583/583 594/594/594
f 595/595/595 592/592/592 593/593/593
f 594/594/594 592/592/592 595/595/595
f 595/595/595 593/593/593 596/596/596
f 581/581/581 588/588/588 597/597/597
f 581/581/581 597/597/597 598/598/598
f 599/599/599 584/584/584 594/594/594
f 585/585/585 584/584/584 599/599/599
f 597/597/597 600/600/600 598/598/598
f 601/601/601 598/598/598 600/600/600
f 600/600/600 602/602/602 601/601/601
f 600/600/600 603/603/603 602/602/602
f 602/602/602 603/603/603 604/604/604
f 604/604/604 603/603/603 605/605/605
f 603/603/603 600/600/600 605/605/605
f 605/605/605 606/606/606 604/604/604
f 600/600/600 597/597/597 607/607/607
f 600/600/600 607/607/607 605/605/605
f 588/588/588 608/608/608 597/597/597
f 597/597/597 608/608/608 607/607/607
f 605/605/605 609/609/609 606/606/606
f 606/606/606 609/609/609 610/610/610
f 610/610/610 609/609/609 611/611/611
f 611/611/611 609/609/609 605/605/605
f 495/495/495 610/610/610 611/611/611
f 605/605/605 607/607/607 612/612/612
f 607/607/607 608/608/608 612/612/612
f 495/495/495 611/611/611 613/613/613
f 494/494/494 495/495/495 613/613/613
f 494/494/494 613/613/613 533/533/533
f 614/614/614 611/611/611 605/605/605
f 613/613/613 611/611/611 614/614/614
f 614/614/614 605/605/605 612/612/612
f 613/613/613 615/615/615 533/533/533
f 615/615/615 613/613/613 614/614/614
f 608/608/608 588/588/588 616/616/616
f 616/616/616 588/588/588 587/587/587
f 614/614/614 612/612/612 617/617/617
f 614/614/614 617/617/617 615/615/615
f 615/615/615 618/618/618 533/533/533
f 533/533/533 618/618/618 534/534/534
f 534/534/534 618/618/618 540/540/540
f 618/618/618 615/615/615 619/619/619
f 618/618/618 619/619/619 540/540/540
f 615/615/615 617/617/617 619/619/619
f 540/540/540 619/619/619 620/620/620
f 540/540/540 620/620/620 541/541/541
f 541/541/541 620/620/620 621/621/621
f 619/619/619 617/617/617 622/622/622
f 619/619/619 622/622/622 620/620/620
f 620/620/620 623/623/623 621/621/621
f 621/621/621 623/623/623 596/596/596
f 623/623/623 620/620/620 624/624/624
f 620/620/620 622/622/622 624/624/624
f 623/623/623 625/625/625 596/596/596
f 623/623/623 624/624/624 625/625/625
f 625/625/625 595/595/595 596/596/596
f 626/626/626 595/595/595 625/625/625
f 626/626/626 594/594/594 595/595/595
f 624/624/624 627/627/627 625/625/625
f 627/627/627 626/626/626 625/625/625
f 628/628/628 594/594/594 626/626/626
f 628/628/628 626/626/626 627/627/627
f 628/628/628 599/599/599 594/594/594
f 622/622/622 629/629/629 624/624/624
f 624/624/624 629/629/629 627/627/627
f 617/617/617 630/630/630 622/622/622
f 622/622/622 630/630/630 629/629/629
f 629/629/629 630/630/630 631/631/631
f 629/629/629 632/632/632 627/627/627
f 632/632/632 628/628/628 627/627/627
f 629/629/629 631/631/631 632/632/632
f 633/633/633 630/630/630 617/617/617
f 631/631/631 630/630/630 633/633/633
f 631/631/631 633/633/633 634/634/634
f 617/617/617 612/612/612 633/633/633
f 612/612/612 635/635/635 633/633/633
f 633/633/633 635/635/635 634/634/634
f 612/612/612 608/608/608 635/635/635
f 599/599/599 628/628/628 636/636/636
f 636/636/636 628/628/628 632/632/632
f 608/608/608 637/637/637 635/635/635
f 616/616/616 637/637/637 608/608/608
f 637/637/637 638/638/638 635/635/635
f 635/635/635 638/638/638 634/634/634
f 637/637/637 616/616/616 639/639/639
f 637/637/637 639/639/639 638/638/638
f 616/616/616 587/587/587 639/639/639
f 587/587/587 640/640/640 639/639/639
f 640/640/640 587/587/587 586/586/586
f 639/639/639 641/641/641 638/638/638
f 639/639/639 640/640/640 641/641/641
f 640/640/640 586/586/586 642/642/642
f 586/586/586 585/585/585 642/642/642
f 643/643/643 636/636/636 632/632/632
f 631/631/631 643/643/643 632/632/632
f 644/644/644 643/643/643 631/631/631
f 643/643/643 644/644/644 636/636/636
f 641/641/641 645/645/645 638/638/638
f 638/638/638 645/645/645 634/634/634
f 640/640/640 646/646/646 641/641/641
f 646/646/646 640/640/640 642/642/642
f 642/642/642 585/585/585 647/647/647
f 585/585/585 599/599/599 647/647/647
f 599/599/599 636/636/636 647/647/647
f 648/648/648 644/644/644 631/631/631
f 631/631/631 634/634/634 648/648/648
f 644/644/644 649/649/649 636/636/636
f 649/649/649 647/647/647 636/636/636
f 650/650/650 642/642/642 647/647/647
f 650/650/650 646/646/646 642/642/642
f 651/651/651 644/644/644 648/648/648
f 644/644/644 651/651/651 649/649/649
f 652/652/652 648/648/648 634/634/634
f 652/652/652 651/651/651 648/648/648
f 647/647/647 649/649/649 653/653/653
f 653/653/653 650/650/650 647/647/647
f 651/651/651 654/654/654 649/649/649
f 649/649/649 654/654/654 653/653/653
f 651/651/651 655/655/655 654/654/654
f 655/655/655 651/651/651 652/652/652
f 655/655/655 656/656/656 654/654/654
f 654/654/654 656/656/656 653/653/653
f 656/656/656 657/657/657 653/653/653
f 657/657/657 658/658/658 653/653/653
f 658/658/658 650/650/650 653/653/653
f 650/650/650 658/658/658 646/646/646
f 658/658/658 659/659/659 646/646/646
f 646/646/646 659/659/659 660/660/660
f 641/641/641 646/646/646 660/660/660
f 660/660/660 661/661/661 641/641/641
f 662/662/662 655/655/655 652/652/652
f 661/661/661 645/645/645 641/641/641
f 662/662/662 652/652/652 663/663/663
f 645/645/645 661/661/661 663/663/663
f 663/663/663 652/652/652 634/634/634
f 645/645/645 663/663/663 634/634/634
f 664/664/664 662/662/662 663/663/663
f 661/661/661 664/664/664 663/663/663
f 667/667/667 666/666/666 665/665/665
f 668/668/668 667/667/667 665/665/665
f 666/666/666 669/669/669 665/665/665
f 669/669/669 666/666/666 670/670/670
f 666/666/666 671/671/671 670/670/670
f 671/671/671 672/672/672 670/670/670
f 673/673/673 668/668/668 665/665/665
f 673/673/673 674/674/674 668/668/668
f 674/674/674 675/675/675 668/668/668
f 673/673/673 665/665/665 676/676/676
f 665/665/665 669/669/669 676/676/676
f 675/675/675 674/674/674 677/677/677
f 678/678/678 675/675/675 677/677/677
f 678/678/678 677/677/677 679/679/679
f 680/680/680 678/678/678 679/679/679
f 680/680/680 679/679/679 681/681/681
f 682/682/682 673/673/673 676/676/676
f 674/674/674 673/673/673 682/682/682
f 683/683/683 677/677/677 674/674/674
f 679/679/679 677/677/677 683/683/683
f 674/674/674 684/684/684 683/683/683
f 674/674/674 685/685/685 684/684/684
f 685/685/685 674/674/674 682/682/682
f 682/682/682 686/686/686 685/685/685
f 682/682/682 676/676/676 686/686/686
f 687/687/687 679/679/679 683/683/683
f 679/679/679 688/688/688 681/681/681
f 688/688/688 679/679/679 687/687/687
f 689/689/689 688/688/688 687/687/687
f 690/690/690 681/681/681 688/688/688
f 688/688/688 689/689/689 691/691/691
f 692/692/692 690/690/690 688/688/688
f 692/692/692 688/688/688 691/691/691
f 693/693/693 690/690/690 692/692/692
f 692/692/692 691/691/691 694/694/694
f 695/695/695 693/693/693 692/692/692
f 695/695/695 692/692/692 694/694/694
f 695/695/695 694/694/694 696/696/696
f 693/693/693 695/695/695 697/697/697
f 698/698/698 695/695/695 696/696/696
f 695/695/695 698/698/698 697/697/697
f 698/698/698 696/696/696 699/699/699
f 697/697/697 698/698/698 700/700/700
f 700/700/700 698/698/698 699/699/699
f 701/701/701 697/697/697 700/700/700
f 700/700/700 699/699/699 702/702/702
f 701/701/701 700/700/700 703/703/703
f 703/703/703 700/700/700 702/702/702
f 704/704/704 701/701/701 703/703/703
f 705/705/705 704/704/704 703/703/703
f 706/706/706 703/703/703 702/702/702
f 706/706/706 705/705/705 703/703/703
f 707/707/707 706/706/706 702/702/702
f 708/708/708 705/705/705 706/706/706
f 709/709/709 706/706/706 707/707/707
f 709/709/709 708/708/708 706/706/706
f 710/710/710 709/709/709 707/707/707
f 709/709/709 711/711/711 708/708/708
f 711/711/711 709/709/709 710/710/710
f 711/711/711 712/712/712 708/708/708
f 713/713/713 711/711/711 710/710/710
f 712/712/712 711/711/711 714/714/714
f 714/714/714 711/711/711 713/713/713
f 715/715/715 712/712/712 714/714/714
f 716/716/716 714/714/714 713/713/713
f 715/715/715 714/714/714 717/717/717
f 717/717/717 714/714/714 716/716/716
f 718/718/718 717/717/717 716/716/716
f 719/719/719 715/715/715 717/717/717
f 717/717/717 718/718/718 720/720/720
f 717/717/717 721/721/721 719/719/719
f 721/721/721 717/717/717 720/720/720
f 721/721/721 722/722/722 719/719/719
f 723/723/723 722/722/722 721/721/721
f 721/721/721 720/720/720 724/724/724
f 725/725/725 723/723/723 721/721/721
f 725/725/725 721/721/721 724/724/724
f 726/726/726 725/725/725 724/724/724
f 727/727/727 723/723/723 725/725/725
f 726/726/726 727/727/727 725/725/725
f 724/724/724 728/728/728 726/726/726
f 727/727/727 726/726/726 672/672/672
f 728/728/728 729/729/729 726/726/726
f 726/726/726 730/730/730 672/672/672
f 672/672/672 730/730/730 670/670/670
f 726/726/726 729/729/729 731/731/731
f 730/730/730 726/726/726 731/731/731
f 729/729/729 732/732/732 731/731/731
f 670/670/670 730/730/730 733/733/733
f 730/730/730 731/731/731 733/733/733
f 733/733/733 731/731/731 732/732/732
f 669/669/669 670/670/670 733/733/733
f 734/734/734 733/733/733 732/732/732
f 732/732/732 735/735/735 734/734/734
f 736/736/736 669/669/669 733/733/733
f 736/736/736 733/733/733 734/734/734
f 669/669/669 736/736/736 676/676/676
f 735/735/735 737/737/737 734/734/734
f 737/737/737 735/735/735 738/738/738
f 676/676/676 736/736/736 739/739/739
f 676/676/676 739/739/739 686/686/686
f 739/739/739 740/740/740 686/686/686
f 737/737/737 740/740/740 739/739/739
f 741/741/741 736/736/736 734/734/734
f 736/736/736 741/741/741 739/739/739
f 741/741/741 737/737/737 739/739/739
f 737/737/737 741/741/741 734/734/734
f 742/742/742 737/737/737 738/738/738
f 737/737/737 742/742/742 740/740/740
f 743/743/743 742/742/742 738/738/738
f 742/742/742 744/744/744 740/740/740
f 742/742/742 743/743/743 744/744/744
f 747/747/747 746/746/746 745/745/745
f 745/745/745 746/746/746 748/748/748
f 749/749/749 747/747/747 745/745/745
f 750/750/750 745/745/745 748/748/748
f 751/751/751 747/747/747 749/749/749
f 750/750/750 748/748/748 752/752/752
f 753/753/753 751/751/751 749/749/749
f 748/748/748 754/754/754 752/752/752
f 752/752/752 754/754/754 755/755/755
f 754/754/754 756/756/756 755/755/755
f 757/757/757 751/751/751 753/753/753
f 758/758/758 757/757/757 753/753/753
f 757/757/757 758/758/758 759/759/759
f 760/760/760 757/757/757 759/759/759
f 760/760/760 759/759/759 761/761/761
f 762/762/762 760/760/760 761/761/761
f 755/755/755 756/756/756 763/763/763
f 756/756/756 764/764/764 763/763/763
f 764/764/764 765/765/765 763/763/763
f 765/765/765 766/766/766 763/763/763
f 765/765/765 767/767/767 766/766/766
f 767/767/767 768/768/768 766/766/766
f 767/767/767 769/769/769 768/768/768
f 769/769/769 770/770/770 768/768/768
f 769/769/769 771/771/771 770/770/770
f 771/771/771 772/772/772 770/770/770
f 771/771/771 773/773/773 772/772/772
f 773/773/773 774/774/774 772/772/772
f 773/773/773 775/775/775 774/774/774
f 775/775/775 776/776/776 774/774/774
f 775/775/775 777/777/777 776/776/776
f 777/777/777 778/778/778 776/776/776
f 778/778/778 777/777/777 779/779/779
f 777/777/777 780/780/780 779/779/779
f 779/779/779 780/780/780 781/781/781
f 780/780/780 782/782/782 781/781/781
f 781/781/781 782/782/782 783/783/783
f 782/782/782 784/784/784 783/783/783
f 783/783/783 784/784/784 785/785/785
f 784/784/784 786/786/786 785/785/785
f 785/785/785 786/786/786 787/787/787
f 786/786/786 788/788/788 787/787/787
f 787/787/787 788/788/788 789/789/789
f 788/788/788 790/790/790 789/789/789
f 789/789/789 790/790/790 791/791/791
f 790/790/790 792/792/792 791/791/791
f 792/792/792 793/793/793 791/791/791
f 793/793/793 794/794/794 791/791/791
f 793/793/793 795/795/795 794/794/794
f 795/795/795 796/796/796 794/794/794
f 795/795/795 797/797/797 796/796/796
f 797/797/797 798/798/798 796/796/796
f 799/799/799 798/798/798 797/797/797
f 800/800/800 799/799/799 797/797/797
f 800/800/800 762/762/762 799/799/799
f 762/762/762 761/761/761 799/799/799
f 803/803/803 802/802/802 801/801/801
f 802/802/802 803/803/803 804/804/804
f 802/802/802 805/805/805 801/801/801
f 805/805/805 806/806/806 801/801/801
f 801/801/801 806/806/806 807/807/807
f 807/807/807 806/806/806 808/808/808
f 806/806/806 809/809/809 808/808/808
f 808/808/808 809/809/809 810/810/810
f 811/811/811 806/806/806 805/805/805
f 809/809/809 806/806/806 811/811/811
f 811/811/811 805/805/805 812/812/812
f 813/813/813 811/811/811 812/812/812
f 813/813/813 809/809/809 811/811/811
f 809/809/809 814/814/814 810/810/810
f 814/814/814 809/809/809 813/813/813
f 810/810/810 814/814/814 815/815/815
f 816/816/816 813/813/813 812/812/812
f 814/814/814 813/813/813 816/816/816
f 814/814/814 817/817/817 815/815/815
f 815/815/815 817/817/817 818/818/818
f 819/819/819 814/814/814 816/816/816
f 817/817/817 814/814/814 819/819/819
f 817/817/817 820/820/820 818/818/818
f 818/818/818 820/820/820 821/821/821
f 812/812/812 822/822/822 816/816/816
f 819/819/819 816/816/816 822/822/822
f 823/823/823 822/822/822 812/812/812
f 824/824/824 817/817/817 819/819/819
f 820/820/820 817/817/817 824/824/824
f 825/825/825 819/819/819 822/822/822
f 825/825/825 822/822/822 823/823/823
f 824/824/824 819/819/819 825/825/825
f 820/820/820 826/826/826 821/821/821
f 827/827/827 820/820/820 824/824/824
f 826/826/826 820/820/820 827/827/827
f 828/828/828 824/824/824 825/825/825
f 827/827/827 824/824/824 828/828/828
f 829/829/829 825/825/825 823/823/823
f 828/828/828 825/825/825 829/829/829
f 826/826/826 830/830/830 821/821/821
f 830/830/830 831/831/831 821/821/821
f 830/830/830 832/832/832 831/831/831
f 832/832/832 833/833/833 831/831/831
f 832/832/832 834/834/834 833/833/833
f 834/834/834 835/835/835 833/833/833
f 834/834/834 836/836/836 835/835/835
f 836/836/836 837/837/837 835/835/835
f 836/836/836 838/838/838 837/837/837
f 838/838/838 839/839/839 837/837/837
f 838/838/838 840/840/840 839/839/839
f 830/830/830 826/826/826 841/841/841
f 832/832/832 830/830/830 842/842/842
f 830/830/830 841/841/841 842/842/842
f 834/834/834 832/832/832 843/843/843
f 832/832/832 842/842/842 843/843/843
f 826/826/826 844/844/844 841/841/841
f 844/844/844 826/826/826 827/827/827
f 844/844/844 827/827/827 845/845/845
f 845/845/845 827/827/827 828/828/828
f 845/845/845 828/828/828 846/846/846
f 846/846/846 828/828/828 829/829/829
f 846/846/846 829/829/829 847/847/847
f 848/848/848 845/845/845 846/846/846
f 846/846/846 847/847/847 848/848/848
f 849/849/849 844/844/844 845/845/845
f 849/849/849 845/845/845 848/848/848
f 841/841/841 844/844/844 850/850/850
f 844/844/844 849/849/849 850/850/850
f 842/842/842 841/841/841 851/851/851
f 841/841/841 850/850/850 851/851/851
f 843/843/843 842/842/842 852/852/852
f 842/842/842 851/851/851 852/852/852
f 829/829/829 853/853/853 847/847/847
f 829/829/829 823/823/823 853/853/853
f 850/850/850 849/849/849 854/854/854
f 851/851/851 850/850/850 855/855/855
f 850/850/850 854/854/854 855/855/855
f 856/856/856 855/855/855 854/854/854
f 851/851/851 855/855/855 857/857/857
f 852/852/852 851/851/851 857/857/857
f 857/857/857 855/855/855 856/856/856
f 852/852/852 857/857/857 858/858/858
f 843/843/843 852/852/852 859/859/859
f 859/859/859 852/852/852 858/858/858
f 859/859/859 858/858/858 860/860/860
f 859/859/859 860/860/860 861/861/861
f 861/861/861 843/843/843 859/859/859
f 834/834/834 843/843/843 861/861/861
f 862/862/862 834/834/834 861/861/861
f 862/862/862 861/861/861 860/860/860
f 836/836/836 834/834/834 862/862/862
f 836/836/836 862/862/862 863/863/863
f 863/863/863 862/862/862 860/860/860
f 838/838/838 836/836/836 863/863/863
f 838/838/838 863/863/863 864/864/864
f 864/864/864 863/863/863 860/860/860
f 838/838/838 864/864/864 840/840/840
f 865/865/865 857/857/857 856/856/856
f 858/858/858 857/857/857 865/865/865
f 864/864/864 866/866/866 840/840/840
f 866/866/866 867/867/867 840/840/840
f 867/867/867 866/866/866 868/868/868
f 864/864/864 860/860/860 869/869/869
f 866/866/866 864/864/864 870/870/870
f 864/864/864 869/869/869 870/870/870
f 866/866/866 871/871/871 868/868/868
f 866/866/866 870/870/870 872/872/872
f 871/871/871 866/866/866 872/872/872
f 871/871/871 873/873/873 868/868/868
f 868/868/868 873/873/873 874/874/874
f 873/873/873 875/875/875 874/874/874
f 875/875/875 876/876/876 874/874/874
f 875/875/875 877/877/877 876/876/876
f 873/873/873 871/871/871 878/878/878
f 875/875/875 873/873/873 878/878/878
f 875/875/875 879/879/879 877/877/877
f 877/877/877 879/879/879 880/880/880
f 881/881/881 878/878/878 871/871/871
f 881/881/881 871/871/871 872/872/872
f 882/882/882 881/881/881 872/872/872
f 883/883/883 875/875/875 878/878/878
f 878/878/878 881/881/881 883/883/883
f 875/875/875 883/883/883 879/879/879
f 872/872/872 870/870/870 884/884/884
f 882/882/882 872/872/872 884/884/884
f 879/879/879 885/885/885 880/880/880
f 880/880/880 885/885/885 886/886/886
f 881/881/881 887/887/887 883/883/883
f 881/881/881 882/882/882 887/887/887
f 888/888/888 879/879/879 883/883/883
f 885/885/885 879/879/879 888/888/888
f 887/887/887 888/888/888 883/883/883
f 889/889/889 888/888/888 887/887/887
f 870/870/870 890/890/890 884/884/884
f 870/870/870 869/869/869 890/890/890
f 885/885/885 891/891/891 886/886/886
f 886/886/886 891/891/891 892/892/892
f 893/893/893 885/885/885 888/888/888
f 891/891/891 885/885/885 893/893/893
f 893/893/893 888/888/888 894/894/894
f 888/888/888 889/889/889 894/894/894
f 895/895/895 891/891/891 893/893/893
f 895/895/895 893/893/893 894/894/894
f 891/891/891 896/896/896 892/892/892
f 896/896/896 891/891/891 895/895/895
f 889/889/889 887/887/887 897/897/897
f 882/882/882 897/897/897 887/887/887
f 869/869/869 898/898/898 890/890/890
f 869/869/869 860/860/860 898/898/898
f 896/896/896 899/899/899 892/892/892
f 899/899/899 900/900/900 892/892/892
f 889/889/889 897/897/897 901/901/901
f 901/901/901 897/897/897 882/882/882
f 860/860/860 902/902/902 898/898/898
f 902/902/902 860/860/860 858/858/858
f 899/899/899 903/903/903 900/900/900
f 903/903/903 904/904/904 900/900/900
f 903/903/903 905/905/905 904/904/904
f 905/905/905 906/906/906 904/904/904
f 903/903/903 899/899/899 907/907/907
f 903/903/903 907/907/907 905/905/905
f 905/905/905 908/908/908 906/906/906
f 906/906/906 908/908/908 909/909/909
f 909/909/909 908/908/908 910/910/910
f 899/899/899 911/911/911 907/907/907
f 899/899/899 896/896/896 911/911/911
f 908/908/908 912/912/912 910/910/910
f 912/912/912 804/804/804 910/910/910
f 912/912/912 913/913/913 804/804/804
f 913/913/913 802/802/802 804/804/804
f 912/912/912 908/908/908 914/914/914
f 913/913/913 912/912/912 914/914/914
f 908/908/908 915/915/915 914/914/914
f 915/915/915 908/908/908 905/905/905
f 914/914/914 916/916/916 913/913/913
f 916/916/916 914/914/914 915/915/915
f 802/802/802 913/913/913 917/917/917
f 913/913/913 916/916/916 917/917/917
f 916/916/916 918/918/918 917/917/917
f 919/919/919 916/916/916 915/915/915
f 915/915/915 905/905/905 919/919/919
f 918/918/918 916/916/916 919/919/919
f 920/920/920 802/802/802 917/917/917
f 805/805/805 802/802/802 920/920/920
f 905/905/905 921/921/921 919/919/919
f 919/919/919 921/921/921 922/922/922
f 907/907/907 921/921/921 905/905/905
f 907/907/907 923/923/923 921/921/921
f 923/923/923 922/922/922 921/921/921
f 907/907/907 911/911/911 923/923/923
f 917/917/917 918/918/918 924/924/924
f 920/920/920 917/917/917 924/924/924
f 925/925/925 805/805/805 920/920/920
f 812/812/812 805/805/805 925/925/925
f 926/926/926 920/920/920 924/924/924
f 925/925/925 920/920/920 926/926/926
f 812/812/812 925/925/925 927/927/927
f 927/927/927 925/925/925 926/926/926
f 926/926/926 924/924/924 928/928/928
f 924/924/924 918/918/918 928/928/928
f 929/929/929 812/812/812 927/927/927
f 812/812/812 929/929/929 823/823/823
f 927/927/927 926/926/926 930/930/930
f 930/930/930 926/926/926 928/928/928
f 929/929/929 927/927/927 931/931/931
f 931/931/931 927/927/927 930/930/930
f 929/929/929 932/932/932 823/823/823
f 932/932/932 929/929/929 931/931/931
f 932/932/932 933/933/933 823/823/823
f 823/823/823 933/933/933 853/853/853
f 934/934/934 932/932/932 931/931/931
f 935/935/935 933/933/933 932/932/932
f 934/934/934 935/935/935 932/932/932
f 936/936/936 931/931/931 930/930/930
f 936/936/936 934/934/934 931/931/931
f 937/937/937 853/853/853 933/933/933
f 935/935/935 937/937/937 933/933/933
f 938/938/938 935/935/935 934/934/934
f 939/939/939 934/934/934 936/936/936
f 939/939/939 938/938/938 934/934/934
f 940/940/940 937/937/937 935/935/935
f 938/938/938 940/940/940 935/935/935
f 941/941/941 936/936/936 930/930/930
f 942/942/942 939/939/939 936/936/936
f 942/942/942 936/936/936 941/941/941
f 943/943/943 941/941/941 930/930/930
f 928/928/928 943/943/943 930/930/930
f 937/937/937 944/944/944 853/853/853
f 940/940/940 945/945/945 937/937/937
f 945/945/945 944/944/944 937/937/937
f 944/944/944 946/946/946 853/853/853
f 853/853/853 946/946/946 847/847/847
f 947/947/947 940/940/940 938/938/938
f 948/948/948 938/938/938 939/939/939
f 948/948/948 947/947/947 938/938/938
f 949/949/949 939/939/939 942/942/942
f 949/949/949 948/948/948 939/939/939
f 950/950/950 945/945/945 940/940/940
f 947/947/947 950/950/950 940/940/940
f 945/945/945 951/951/951 944/944/944
f 944/944/944 952/952/952 946/946/946
f 951/951/951 952/952/952 944/944/944
f 950/950/950 953/953/953 945/945/945
f 953/953/953 951/951/951 945/945/945
f 954/954/954 947/947/947 948/948/948
f 955/955/955 954/954/954 948/948/948
f 955/955/955 948/948/948 949/949/949
f 956/956/956 955/955/955 949/949/949
f 954/954/954 957/957/957 947/947/947
f 957/957/957 950/950/950 947/947/947
f 954/954/954 958/958/958 957/957/957
f 956/956/956 949/949/949 959/959/959
f 959/959/959 949/949/949 942/942/942
f 960/960/960 956/956/956 959/959/959
f 957/957/957 961/961/961 950/950/950
f 957/957/957 958/958/958 961/961/961
f 961/961/961 953/953/953 950/950/950
f 958/958/958 962/962/962 961/961/961
f 959/959/959 942/942/942 963/963/963
f 963/963/963 942/942/942 941/941/941
f 960/960/960 959/959/959 964/964/964
f 964/964/964 959/959/959 963/963/963
f 965/965/965 960/960/960 964/964/964
f 966/966/966 965/965/965 964/964/964
f 967/967/967 961/961/961 962/962/962
f 968/968/968 967/967/967 962/962/962
f 969/969/969 967/967/967 968/968/968
f 953/953/953 961/961/961 970/970/970
f 961/961/961 967/967/967 970/970/970
f 971/971/971 963/963/963 941/941/941
f 943/943/943 971/971/971 941/941/941
f 972/972/972 964/964/964 963/963/963
f 972/972/972 966/966/966 964/964/964
f 971/971/971 972/972/972 963/963/963
f 973/973/973 966/966/966 972/972/972
f 974/974/974 966/966/966 973/973/973
f 975/975/975 972/972/972 971/971/971
f 975/975/975 973/973/973 972/972/972
f 976/976/976 971/971/971 943/943/943
f 976/976/976 975/975/975 971/971/971
f 974/974/974 973/973/973 977/977/977
f 978/978/978 974/974/974 977/977/977
f 977/977/977 969/969/969 978/978/978
f 973/973/973 979/979/979 977/977/977
f 979/979/979 973/973/973 975/975/975
f 977/977/977 979/979/979 969/969/969
f 980/980/980 979/979/979 975/975/975
f 980/980/980 975/975/975 976/976/976
f 979/979/979 981/981/981 969/969/969
f 981/981/981 979/979/979 980/980/980
f 981/981/981 967/967/967 969/969/969
f 967/967/967 981/981/981 982/982/982
f 982/982/982 981/981/981 980/980/980
f 970/970/970 967/967/967 982/982/982
f 983/983/983 976/976/976 943/943/943
f 983/983/983 943/943/943 928/928/928
f 984/984/984 980/980/980 976/976/976
f 982/982/982 980/980/980 984/984/984
f 984/984/984 976/976/976 983/983/983
f 970/970/970 982/982/982 985/985/985
f 985/985/985 982/982/982 984/984/984
f 986/986/986 983/983/983 928/928/928
f 918/918/918 986/986/986 928/928/928
f 987/987/987 984/984/984 983/983/983
f 987/987/987 983/983/983 986/986/986
f 985/985/985 984/984/984 987/987/987
f 988/988/988 970/970/970 985/985/985
f 953/953/953 970/970/970 988/988/988
f 951/951/951 953/953/953 988/988/988
f 918/918/918 989/989/989 986/986/986
f 989/989/989 987/987/987 986/986/986
f 990/990/990 985/985/985 987/987/987
f 988/988/988 985/985/985 990/990/990
f 990/990/990 987/987/987 989/989/989
f 951/951/951 988/988/988 991/991/991
f 991/991/991 988/988/988 990/990/990
f 952/952/952 951/951/951 991/991/991
f 991/991/991 990/990/990 992/992/992
f 992/992/992 990/990/990 989/989/989
f 993/993/993 989/989/989 918/918/918
f 993/993/993 918/918/918 919/919/919
f 919/919/919 922/922/922 993/993/993
f 993/993/993 922/922/922 989/989/989
f 989/989/989 922/922/922 992/992/992
f 952/952/952 991/991/991 994/994/994
f 994/994/994 991/991/991 992/992/992
f 995/995/995 952/952/952 994/994/994
f 952/952/952 995/995/995 946/946/946
f 946/946/946 995/995/995 996/996/996
f 946/946/946 996/996/996 847/847/847
f 922/922/922 997/997/997 992/992/992
f 994/994/994 992/992/992 998/998/998
f 998/998/998 992/992/992 997/997/997
f 995/995/995 994/994/994 999/999/999
f 999/999/999 994/994/994 998/998/998
f 995/995/995 1000/1000/1000 996/996/996
f 1000/1000/1000 995/995/995 999/999/999
f 996/996/996 1000/1000/1000 1001/1001/1001
f 1000/1000/1000 999/999/999 1001/1001/1001
f 847/847/847 996/996/996 1002/1002/1002
f 1002/1002/1002 996/996/996 1001/1001/1001
f 1002/1002/1002 1001/1001/1001 1003/1003/1003
f 999/999/999 1004/1004/1004 1001/1001/1001
f 999/999/999 998/998/998 1004/1004/1004
f 1001/1001/1001 1004/1004/1004 1003/1003/1003
f 1005/1005/1005 847/847/847 1002/1002/1002
f 847/847/847 1005/1005/1005 848/848/848
f 998/998/998 1006/1006/1006 1004/1004/1004
f 998/998/998 997/997/997 1006/1006/1006
f 1005/1005/1005 1002/1002/1002 1007/1007/1007
f 1007/1007/1007 1002/1002/1002 1003/1003/1003
f 848/848/848 1005/1005/1005 1008/1008/1008
f 1008/1008/1008 1005/1005/1005 1007/1007/1007
f 1004/1004/1004 1006/1006/1006 1009/1009/1009
f 1004/1004/1004 1009/1009/1009 1003/1003/1003
f 1010/1010/1010 848/848/848 1008/1008/1008
f 1010/1010/1010 849/849/849 848/848/848
f 849/849/849 1010/1010/1010 854/854/854
f 854/854/854 1010/1010/1010 1008/1008/1008
f 1011/1011/1011 854/854/854 1008/1008/1008
f 1011/1011/1011 1008/1008/1008 1007/1007/1007
f 1011/1011/1011 856/856/856 854/854/854
f 1012/1012/1012 1011/1011/1011 1007/1007/1007
f 1012/1012/1012 1007/1007/1007 1003/1003/1003
f 856/856/856 1011/1011/1011 1012/1012/1012
f 1013/1013/1013 1012/1012/1012 1003/1003/1003
f 1014/1014/1014 856/856/856 1012/1012/1012
f 1014/1014/1014 1012/1012/1012 1013/1013/1013
f 1009/1009/1009 1015/1015/1015 1003/1003/1003
f 1015/1015/1015 1013/1013/1013 1003/1003/1003
f 1014/1014/1014 1016/1016/1016 856/856/856
f 1016/1016/1016 865/865/865 856/856/856
f 1017/1017/1017 1014/1014/1014 1013/1013/1013
f 1018/1018/1018 1017/1017/1017 1013/1013/1013
f 1015/1015/1015 1018/1018/1018 1013/1013/1013
f 1017/1017/1017 1019/1019/1019 1014/1014/1014
f 1019/1019/1019 1016/1016/1016 1014/1014/1014
f 1019/1019/1019 1017/1017/1017 1018/1018/1018
f 1020/1020/1020 1015/1015/1015 1009/1009/1009
f 1021/1021/1021 1018/1018/1018 1015/1015/1015
f 1020/1020/1020 1021/1021/1021 1015/1015/1015
f 1022/1022/1022 1019/1019/1019 1018/1018/1018
f 1022/1022/1022 1018/1018/1018 1021/1021/1021
f 1019/1019/1019 1023/1023/1023 1016/1016/1016
f 1023/1023/1023 1019/1019/1019 1022/1022/1022
f 1016/1016/1016 1024/1024/1024 865/865/865
f 1023/1023/1023 1024/1024/1024 1016/1016/1016
f 1025/1025/1025 1020/1020/1020 1009/1009/1009
f 1006/1006/1006 1025/1025/1025 1009/1009/1009
f 1006/1006/1006 1026/1026/1026 1025/1025/1025
f 997/997/997 1026/1026/1026 1006/1006/1006
f 997/997/997 1027/1027/1027 1026/1026/1026
f 1027/1027/1027 997/997/997 922/922/922
f 922/922/922 923/923/923 1027/1027/1027
f 923/923/923 1028/1028/1028 1027/1027/1027
f 911/911/911 1028/1028/1028 923/923/923
f 1027/1027/1027 1029/1029/1029 1026/1026/1026
f 1028/1028/1028 1029/1029/1029 1027/1027/1027
f 911/911/911 1030/1030/1030 1028/1028/1028
f 896/896/896 1030/1030/1030 911/911/911
f 1030/1030/1030 896/896/896 895/895/895
f 1028/1028/1028 1031/1031/1031 1029/1029/1029
f 1030/1030/1030 1031/1031/1031 1028/1028/1028
f 1030/1030/1030 895/895/895 1032/1032/1032
f 1031/1031/1031 1030/1030/1030 1032/1032/1032
f 1032/1032/1032 895/895/895 894/894/894
f 1029/1029/1029 1033/1033/1033 1026/1026/1026
f 1031/1031/1031 1033/1033/1033 1029/1029/1029
f 1032/1032/1032 894/894/894 1034/1034/1034
f 894/894/894 889/889/889 1034/1034/1034
f 1031/1031/1031 1032/1032/1032 1035/1035/1035
f 1033/1033/1033 1031/1031/1031 1035/1035/1035
f 1035/1035/1035 1032/1032/1032 1034/1034/1034
f 1033/1033/1033 1036/1036/1036 1026/1026/1026
f 1026/1026/1026 1036/1036/1036 1025/1025/1025
f 1033/1033/1033 1035/1035/1035 1037/1037/1037
f 1036/1036/1036 1033/1033/1033 1037/1037/1037
f 1036/1036/1036 1037/1037/1037 1025/1025/1025
f 1035/1035/1035 1034/1034/1034 1037/1037/1037
f 1037/1037/1037 1020/1020/1020 1025/1025/1025
f 1034/1034/1034 1038/1038/1038 1037/1037/1037
f 1037/1037/1037 1038/1038/1038 1020/1020/1020
f 1038/1038/1038 1034/1034/1034 889/889/889
f 1038/1038/1038 1021/1021/1021 1020/1020/1020
f 1038/1038/1038 889/889/889 1039/1039/1039
f 1039/1039/1039 1021/1021/1021 1038/1038/1038
f 1039/1039/1039 1022/1022/1022 1021/1021/1021
f 889/889/889 901/901/901 1039/1039/1039
f 1040/1040/1040 1022/1022/1022 1039/1039/1039
f 1040/1040/1040 1023/1023/1023 1022/1022/1022
f 1041/1041/1041 1039/1039/1039 901/901/901
f 1041/1041/1041 1040/1040/1040 1039/1039/1039
f 1042/1042/1042 1023/1023/1023 1040/1040/1040
f 1023/1023/1023 1042/1042/1042 1024/1024/1024
f 1043/1043/1043 1040/1040/1040 1041/1041/1041
f 1043/1043/1043 1042/1042/1042 1040/1040/1040
f 1044/1044/1044 1041/1041/1041 901/901/901
f 1045/1045/1045 1043/1043/1043 1041/1041/1041
f 1045/1045/1045 1041/1041/1041 1044/1044/1044
f 1044/1044/1044 901/901/901 1046/1046/1046
f 901/901/901 882/882/882 1046/1046/1046
f 1046/1046/1046 882/882/882 1047/1047/1047
f 882/882/882 884/884/884 1047/1047/1047
f 884/884/884 890/890/890 1047/1047/1047
f 1048/1048/1048 1044/1044/1044 1046/1046/1046
f 1048/1048/1048 1046/1046/1046 1047/1047/1047
f 890/890/890 1049/1049/1049 1047/1047/1047
f 890/890/890 898/898/898 1049/1049/1049
f 1050/1050/1050 1045/1045/1045 1044/1044/1044
f 1050/1050/1050 1044/1044/1044 1048/1048/1048
f 1051/1051/1051 1048/1048/1048 1047/1047/1047
f 1051/1051/1051 1047/1047/1047 1049/1049/1049
f 898/898/898 1052/1052/1052 1049/1049/1049
f 898/898/898 902/902/902 1052/1052/1052
f 1053/1053/1053 1050/1050/1050 1048/1048/1048
f 1053/1053/1053 1048/1048/1048 1051/1051/1051
f 902/902/902 1054/1054/1054 1052/1052/1052
f 1054/1054/1054 902/902/902 858/858/858
f 1055/1055/1055 1054/1054/1054 858/858/858
f 1055/1055/1055 858/858/858 865/865/865
f 865/865/865 1056/1056/1056 1055/1055/1055
f 1024/1024/1024 1056/1056/1056 865/865/865
f 1055/1055/1055 1057/1057/1057 1054/1054/1054
f 1056/1056/1056 1057/1057/1057 1055/1055/1055
f 1054/1054/1054 1058/1058/1058 1052/1052/1052
f 1057/1057/1057 1058/1058/1058 1054/1054/1054
f 1052/1052/1052 1059/1059/1059 1049/1049/1049
f 1058/1058/1058 1059/1059/1059 1052/1052/1052
f 1060/1060/1060 1051/1051/1051 1049/1049/1049
f 1059/1059/1059 1060/1060/1060 1049/1049/1049
f 1024/1024/1024 1061/1061/1061 1056/1056/1056
f 1042/1042/1042 1061/1061/1061 1024/1024/1024
f 1056/1056/1056 1062/1062/1062 1057/1057/1057
f 1061/1061/1061 1062/1062/1062 1056/1056/1056
f 1057/1057/1057 1063/1063/1063 1058/1058/1058
f 1062/1062/1062 1063/1063/1063 1057/1057/1057
f 1058/1058/1058 1064/1064/1064 1059/1059/1059
f 1063/1063/1063 1064/1064/1064 1058/1058/1058
f 1042/1042/1042 1065/1065/1065 1061/1061/1061
f 1065/1065/1065 1042/1042/1042 1043/1043/1043
f 1061/1061/1061 1066/1066/1066 1062/1062/1062
f 1065/1065/1065 1066/1066/1066 1061/1061/1061
f 1062/1062/1062 1067/1067/1067 1063/1063/1063
f 1066/1066/1066 1067/1067/1067 1062/1062/1062
f 1068/1068/1068 1065/1065/1065 1043/1043/1043
f 1068/1068/1068 1043/1043/1043 1045/1045/1045
f 1065/1065/1065 1069/1069/1069 1066/1066/1066
f 1069/1069/1069 1065/1065/1065 1068/1068/1068
f 1069/1069/1069 1070/1070/1070 1066/1066/1066
f 1066/1066/1066 1070/1070/1070 1067/1067/1067
f 1070/1070/1070 1071/1071/1071 1067/1067/1067
f 1072/1072/1072 1069/1069/1069 1068/1068/1068
f 1067/1067/1067 1073/1073/1073 1063/1063/1063
f 1067/1067/1067 1071/1071/1071 1073/1073/1073
f 1063/1063/1063 1073/1073/1073 1064/1064/1064
f 1071/1071/1071 1074/1074/1074 1073/1073/1073
f 1075/1075/1075 1068/1068/1068 1045/1045/1045
f 1072/1072/1072 1068/1068/1068 1075/1075/1075
f 1075/1075/1075 1045/1045/1045 1050/1050/1050
f 1073/1073/1073 1074/1074/1074 1076/1076/1076
f 1073/1073/1073 1076/1076/1076 1064/1064/1064
f 1074/1074/1074 1077/1077/1077 1076/1076/1076
f 1078/1078/1078 1072/1072/1072 1075/1075/1075
f 1078/1078/1078 1079/1079/1079 1072/1072/1072
f 1080/1080/1080 1075/1075/1075 1050/1050/1050
f 1078/1078/1078 1075/1075/1075 1080/1080/1080
f 1080/1080/1080 1050/1050/1050 1053/1053/1053
f 1064/1064/1064 1076/1076/1076 1081/1081/1081
f 1064/1064/1064 1081/1081/1081 1059/1059/1059
f 1059/1059/1059 1081/1081/1081 1060/1060/1060
f 1076/1076/1076 1077/1077/1077 1082/1082/1082
f 1076/1076/1076 1082/1082/1082 1081/1081/1081
f 1077/1077/1077 1083/1083/1083 1082/1082/1082
f 1078/1078/1078 1084/1084/1084 1079/1079/1079
f 1084/1084/1084 1078/1078/1078 1080/1080/1080
f 1085/1085/1085 1080/1080/1080 1053/1053/1053
f 1084/1084/1084 1080/1080/1080 1085/1085/1085
f 1081/1081/1081 1086/1086/1086 1060/1060/1060
f 1081/1081/1081 1082/1082/1082 1086/1086/1086
f 1082/1082/1082 1083/1083/1083 1087/1087/1087
f 1082/1082/1082 1087/1087/1087 1086/1086/1086
f 1083/1083/1083 1088/1088/1088 1087/1087/1087
f 1088/1088/1088 1089/1089/1089 1087/1087/1087
f 1084/1084/1084 1090/1090/1090 1079/1079/1079
f 1090/1090/1090 1091/1091/1091 1079/1079/1079
f 1090/1090/1090 1092/1092/1092 1091/1091/1091
f 1084/1084/1084 1093/1093/1093 1090/1090/1090
f 1093/1093/1093 1092/1092/1092 1090/1090/1090
f 1093/1093/1093 1089/1089/1089 1092/1092/1092
f 1093/1093/1093 1084/1084/1084 1085/1085/1085
f 1089/1089/1089 1094/1094/1094 1087/1087/1087
f 1089/1089/1089 1093/1093/1093 1094/1094/1094
f 1087/1087/1087 1094/1094/1094 1086/1086/1086
f 1093/1093/1093 1085/1085/1085 1094/1094/1094
f 1086/1086/1086 1095/1095/1095 1060/1060/1060
f 1094/1094/1094 1095/1095/1095 1086/1086/1086
f 1094/1094/1094 1085/1085/1085 1095/1095/1095
f 1095/1095/1095 1051/1051/1051 1060/1060/1060
f 1085/1085/1085 1053/1053/1053 1095/1095/1095
f 1095/1095/1095 1053/1053/1053 1051/1051/1051
f 1098/1098/1098 1097/1097/1097 1096/1096/1096
f 1097/1097/1097 1098/1098/1098 1099/1099/1099
f 1097/1097/1097 1100/1100/1100 1096/1096/1096
f 1096/1096/1096 1100/1100/1100 1101/1101/1101
f 1102/1102/1102 1097/1097/1097 1099/1099/1099
f 1102/1102/1102 1099/1099/1099 1103/1103/1103
f 1100/1100/1100 1104/1104/1104 1101/1101/1101
f 1101/1101/1101 1104/1104/1104 1105/1105/1105
f 1106/1106/1106 1102/1102/1102 1103/1103/1103
f 1106/1106/1106 1103/1103/1103 1107/1107/1107
f 1104/1104/1104 1108/1108/1108 1105/1105/1105
f 1105/1105/1105 1108/1108/1108 1109/1109/1109
f 1110/1110/1110 1107/1107/1107 1109/1109/1109
f 1110/1110/1110 1106/1106/1106 1107/1107/1107
f 1108/1108/1108 1111/1111/1111 1109/1109/1109
f 1111/1111/1111 1110/1110/1110 1109/1109/1109
f 1097/1097/1097 1112/1112/1112 1100/1100/1100
f 1102/1102/1102 1113/1113/1113 1097/1097/1097
f 1113/1113/1113 1112/1112/1112 1097/1097/1097
f 1114/1114/1114 1113/1113/1113 1102/1102/1102
f 1106/1106/1106 1114/1114/1114 1102/1102/1102
f 1112/1112/1112 1113/1113/1113 1114/1114/1114
f 1100/1100/1100 1115/1115/1115 1104/1104/1104
f 1112/1112/1112 1115/1115/1115 1100/1100/1100
f 1115/1115/1115 1116/1116/1116 1104/1104/1104
f 1104/1104/1104 1116/1116/1116 1108/1108/1108
f 1115/1115/1115 1112/1112/1112 1116/1116/1116
f 1110/1110/1110 1117/1117/1117 1106/1106/1106
f 1117/1117/1117 1114/1114/1114 1106/1106/1106
f 1118/1118/1118 1112/1112/1112 1114/1114/1114
f 1112/1112/1112 1118/1118/1118 1116/1116/1116
f 1118/1118/1118 1114/1114/1114 1117/1117/1117
f 1116/1116/1116 1119/1119/1119 1108/1108/1108
f 1108/1108/1108 1119/1119/1119 1111/1111/1111
f 1116/1116/1116 1118/1118/1118 1119/1119/1119
f 1120/1120/1120 1117/1117/1117 1110/1110/1110
f 1111/1111/1111 1120/1120/1120 1110/1110/1110
f 1119/1119/1119 1120/1120/1120 1111/1111/1111
f 1118/1118/1118 1120/1120/1120 1119/1119/1119
f 1120/1120/1120 1118/1118/1118 1117/1117/1117
f 1123/1123/1123 1122/1122/1122 1121/1121/1121
f 1122/1122/1122 1123/1123/1123 1124/1124/1124
f 1125/1125/1125 1123/1123/1123 1121/1121/1121
f 1125/1125/1125 1121/1121/1121 1126/1126/1126
f 1123/1123/1123 1127/1127/1127 1124/1124/1124
f 1124/1124/1124 1127/1127/1127 1128/1128/1128
f 1129/1129/1129 1125/1125/1125 1126/1126/1126
f 1129/1129/1129 1126/1126/1126 1130/1130/1130
f 1131/1131/1131 1123/1123/1123 1125/1125/1125
f 1123/1123/1123 1131/1131/1131 1127/1127/1127
f 1132/1132/1132 1131/1131/1131 1125/1125/1125
f 1132/1132/1132 1125/1125/1125 1129/1129/1129
f 1131/1131/1131 1133/1133/1133 1127/1127/1127
f 1134/1134/1134 1132/1132/1132 1129/1129/1129
f 1127/1127/1127 1135/1135/1135 1128/1128/1128
f 1127/1127/1127 1133/1133/1133 1135/1135/1135
f 1128/1128/1128 1135/1135/1135 1136/1136/1136
f 1133/1133/1133 1137/1137/1137 1135/1135/1135
f 1138/1138/1138 1129/1129/1129 1130/1130/1130
f 1134/1134/1134 1129/1129/1129 1138/1138/1138
f 1138/1138/1138 1130/1130/1130 1139/1139/1139
f 1140/1140/1140 1134/1134/1134 1138/1138/1138
f 1135/1135/1135 1141/1141/1141 1136/1136/1136
f 1135/1135/1135 1137/1137/1137 1141/1141/1141
f 1136/1136/1136 1141/1141/1141 1142/1142/1142
f 1137/1137/1137 1143/1143/1143 1141/1141/1141
f 1144/1144/1144 1138/1138/1138 1139/1139/1139
f 1140/1140/1140 1138/1138/1138 1144/1144/1144
f 1144/1144/1144 1139/1139/1139 1145/1145/1145
f 1146/1146/1146 1140/1140/1140 1144/1144/1144
f 1141/1141/1141 1147/1147/1147 1142/1142/1142
f 1141/1141/1141 1143/1143/1143 1147/1147/1147
f 1142/1142/1142 1147/1147/1147 1148/1148/1148
f 1143/1143/1143 1149/1149/1149 1147/1147/1147
f 1150/1150/1150 1144/1144/1144 1145/1145/1145
f 1146/1146/1146 1144/1144/1144 1150/1150/1150
f 1150/1150/1150 1145/1145/1145 1151/1151/1151
f 1152/1152/1152 1146/1146/1146 1150/1150/1150
f 1147/1147/1147 1153/1153/1153 1148/1148/1148
f 1147/1147/1147 1149/1149/1149 1153/1153/1153
f 1148/1148/1148 1153/1153/1153 1154/1154/1154
f 1149/1149/1149 1155/1155/1155 1153/1153/1153
f 1156/1156/1156 1150/1150/1150 1151/1151/1151
f 1152/1152/1152 1150/1150/1150 1156/1156/1156
f 1157/1157/1157 1152/1152/1152 1156/1156/1156
f 1156/1156/1156 1151/1151/1151 1158/1158/1158
f 1153/1153/1153 1159/1159/1159 1154/1154/1154
f 1153/1153/1153 1155/1155/1155 1159/1159/1159
f 1155/1155/1155 1160/1160/1160 1159/1159/1159
f 1154/1154/1154 1159/1159/1159 1161/1161/1161
f 1157/1157/1157 1156/1156/1156 1162/1162/1162
f 1162/1162/1162 1156/1156/1156 1158/1158/1158
f 1163/1163/1163 1157/1157/1157 1162/1162/1162
f 1164/1164/1164 1163/1163/1163 1162/1162/1162
f 1159/1159/1159 1160/1160/1160 1165/1165/1165
f 1159/1159/1159 1165/1165/1165 1161/1161/1161
f 1160/1160/1160 1166/1166/1166 1165/1165/1165
f 1166/1166/1166 1167/1167/1167 1165/1165/1165
f 1168/1168/1168 1162/1162/1162 1158/1158/1158
f 1168/1168/1168 1164/1164/1164 1162/1162/1162
f 1169/1169/1169 1168/1168/1168 1158/1158/1158
f 1170/1170/1170 1164/1164/1164 1168/1168/1168
f 1165/1165/1165 1171/1171/1171 1161/1161/1161
f 1167/1167/1167 1171/1171/1171 1165/1165/1165
f 1171/1171/1171 1172/1172/1172 1161/1161/1161
f 1167/1167/1167 1173/1173/1173 1171/1171/1171
f 1174/1174/1174 1168/1168/1168 1169/1169/1169
f 1174/1174/1174 1170/1170/1170 1168/1168/1168
f 1175/1175/1175 1174/1174/1174 1169/1169/1169
f 1176/1176/1176 1170/1170/1170 1174/1174/1174
f 1171/1171/1171 1177/1177/1177 1172/1172/1172
f 1173/1173/1173 1177/1177/1177 1171/1171/1171
f 1177/1177/1177 1178/1178/1178 1172/1172/1172
f 1173/1173/1173 1179/1179/1179 1177/1177/1177
f 1180/1180/1180 1174/1174/1174 1175/1175/1175
f 1180/1180/1180 1176/1176/1176 1174/1174/1174
f 1181/1181/1181 1180/1180/1180 1175/1175/1175
f 1177/1177/1177 1182/1182/1182 1178/1178/1178
f 1179/1179/1179 1182/1182/1182 1177/1177/1177
f 1182/1182/1182 1183/1183/1183 1178/1178/1178
f 1180/1180/1180 1184/1184/1184 1176/1176/1176
f 1184/1184/1184 1180/1180/1180 1181/1181/1181
f 1184/1184/1184 1185/1185/1185 1176/1176/1176
f 1186/1186/1186 1184/1184/1184 1181/1181/1181
f 1187/1187/1187 1185/1185/1185 1184/1184/1184
f 1188/1188/1188 1182/1182/1182 1179/1179/1179
f 1182/1182/1182 1188/1188/1188 1183/1183/1183
f 1189/1189/1189 1188/1188/1188 1179/1179/1179
f 1188/1188/1188 1190/1190/1190 1183/1183/1183
f 1189/1189/1189 1191/1191/1191 1188/1188/1188
f 1192/1192/1192 1184/1184/1184 1186/1186/1186
f 1192/1192/1192 1187/1187/1187 1184/1184/1184
f 1193/1193/1193 1192/1192/1192 1186/1186/1186
f 1194/1194/1194 1187/1187/1187 1192/1192/1192
f 1188/1188/1188 1195/1195/1195 1190/1190/1190
f 1191/1191/1191 1195/1195/1195 1188/1188/1188
f 1195/1195/1195 1196/1196/1196 1190/1190/1190
f 1191/1191/1191 1197/1197/1197 1195/1195/1195
f 1198/1198/1198 1192/1192/1192 1193/1193/1193
f 1198/1198/1198 1194/1194/1194 1192/1192/1192
f 1199/1199/1199 1198/1198/1198 1193/1193/1193
f 1200/1200/1200 1194/1194/1194 1198/1198/1198
f 1195/1195/1195 1201/1201/1201 1196/1196/1196
f 1197/1197/1197 1201/1201/1201 1195/1195/1195
f 1197/1197/1197 1200/1200/1200 1201/1201/1201
f 1201/1201/1201 1202/1202/1202 1196/1196/1196
f 1203/1203/1203 1198/1198/1198 1199/1199/1199
f 1203/1203/1203 1200/1200/1200 1198/1198/1198
f 1200/1200/1200 1203/1203/1203 1201/1201/1201
f 1201/1201/1201 1203/1203/1203 1202/1202/1202
f 1204/1204/1204 1203/1203/1203 1199/1199/1199
f 1203/1203/1203 1204/1204/1204 1202/1202/1202
f 1207/1207/1207 1206/1206/1206 1205/1205/1205
f 1205/1205/1205 1206/1206/1206 1208/1208/1208
f 1209/1209/1209 1207/1207/1207 1205/1205/1205
f 1207/1207/1207 1209/1209/1209 1210/1210/1210
f 1205/1205/1205 1208/1208/1208 1211/1211/1211
f 1211/1211/1211 1208/1208/1208 1212/1212/1212
f 1209/1209/1209 1213/1213/1213 1210/1210/1210
f 1210/1210/1210 1213/1213/1213 1214/1214/1214
f 1209/1209/1209 1205/1205/1205 1215/1215/1215
f 1215/1215/1215 1205/1205/1205 1211/1211/1211
f 1209/1209/1209 1216/1216/1216 1213/1213/1213
f 1216/1216/1216 1209/1209/1209 1215/1215/1215
f 1217/1217/1217 1214/1214/1214 1213/1213/1213
f 1216/1216/1216 1218/1218/1218 1213/1213/1213
f 1218/1218/1218 1217/1217/1217 1213/1213/1213
f 1217/1217/1217 1219/1219/1219 1214/1214/1214
f 1219/1219/1219 1220/1220/1220 1214/1214/1214
f 1219/1219/1219 1221/1221/1221 1220/1220/1220
f 1221/1221/1221 1222/1222/1222 1220/1220/1220
f 1221/1221/1221 1223/1223/1223 1222/1222/1222
f 1223/1223/1223 1221/1221/1221 1224/1224/1224
f 1223/1223/1223 1224/1224/1224 1225/1225/1225
f 1224/1224/1224 1226/1226/1226 1225/1225/1225
f 1227/1227/1227 1225/1225/1225 1226/1226/1226
f 1228/1228/1228 1227/1227/1227 1226/1226/1226
f 1229/1229/1229 1227/1227/1227 1228/1228/1228
f 1230/1230/1230 1226/1226/1226 1224/1224/1224
f 1226/1226/1226 1230/1230/1230 1228/1228/1228
f 1231/1231/1231 1224/1224/1224 1221/1221/1221
f 1231/1231/1231 1230/1230/1230 1224/1224/1224
f 1232/1232/1232 1230/1230/1230 1231/1231/1231
f 1233/1233/1233 1221/1221/1221 1219/1219/1219
f 1233/1233/1233 1231/1231/1231 1221/1221/1221
f 1234/1234/1234 1229/1229/1229 1228/1228/1228
f 1212/1212/1212 1229/1229/1229 1234/1234/1234
f 1230/1230/1230 1235/1235/1235 1228/1228/1228
f 1228/1228/1228 1235/1235/1235 1234/1234/1234
f 1230/1230/1230 1232/1232/1232 1235/1235/1235
f 1234/1234/1234 1236/1236/1236 1212/1212/1212
f 1235/1235/1235 1236/1236/1236 1234/1234/1234
f 1237/1237/1237 1233/1233/1233 1219/1219/1219
f 1237/1237/1237 1219/1219/1219 1217/1217/1217
f 1238/1238/1238 1231/1231/1231 1233/1233/1233
f 1238/1238/1238 1232/1232/1232 1231/1231/1231
f 1236/1236/1236 1239/1239/1239 1212/1212/1212
f 1212/1212/1212 1239/1239/1239 1211/1211/1211
f 1235/1235/1235 1240/1240/1240 1236/1236/1236
f 1232/1232/1232 1240/1240/1240 1235/1235/1235
f 1241/1241/1241 1237/1237/1237 1217/1217/1217
f 1241/1241/1241 1217/1217/1217 1218/1218/1218
f 1242/1242/1242 1233/1233/1233 1237/1237/1237
f 1242/1242/1242 1238/1238/1238 1233/1233/1233
f 1239/1239/1239 1243/1243/1243 1211/1211/1211
f 1211/1211/1211 1243/1243/1243 1215/1215/1215
f 1236/1236/1236 1244/1244/1244 1239/1239/1239
f 1240/1240/1240 1244/1244/1244 1236/1236/1236
f 1245/1245/1245 1241/1241/1241 1218/1218/1218
f 1245/1245/1245 1218/1218/1218 1216/1216/1216
f 1246/1246/1246 1237/1237/1237 1241/1241/1241
f 1246/1246/1246 1242/1242/1242 1237/1237/1237
f 1215/1215/1215 1247/1247/1247 1216/1216/1216
f 1243/1243/1243 1247/1247/1247 1215/1215/1215
f 1239/1239/1239 1248/1248/1248 1243/1243/1243
f 1244/1244/1244 1248/1248/1248 1239/1239/1239
f 1249/1249/1249 1246/1246/1246 1241/1241/1241
f 1249/1249/1249 1241/1241/1241 1245/1245/1245
f 1246/1246/1246 1250/1250/1250 1242/1242/1242
f 1250/1250/1250 1246/1246/1246 1249/1249/1249
f 1251/1251/1251 1245/1245/1245 1216/1216/1216
f 1247/1247/1247 1251/1251/1251 1216/1216/1216
f 1243/1243/1243 1252/1252/1252 1247/1247/1247
f 1248/1248/1248 1252/1252/1252 1243/1243/1243
f 1253/1253/1253 1248/1248/1248 1244/1244/1244
f 1248/1248/1248 1253/1253/1253 1252/1252/1252
f 1254/1254/1254 1249/1249/1249 1245/1245/1245
f 1254/1254/1254 1245/1245/1245 1251/1251/1251
f 1247/1247/1247 1255/1255/1255 1251/1251/1251
f 1252/1252/1252 1255/1255/1255 1247/1247/1247
f 1250/1250/1250 1256/1256/1256 1242/1242/1242
f 1242/1242/1242 1256/1256/1256 1238/1238/1238
f 1257/1257/1257 1250/1250/1250 1249/1249/1249
f 1257/1257/1257 1249/1249/1249 1254/1254/1254
f 1258/1258/1258 1254/1254/1254 1251/1251/1251
f 1255/1255/1255 1258/1258/1258 1251/1251/1251
f 1252/1252/1252 1259/1259/1259 1255/1255/1255
f 1253/1253/1253 1259/1259/1259 1252/1252/1252
f 1256/1256/1256 1260/1260/1260 1238/1238/1238
f 1238/1238/1238 1260/1260/1260 1232/1232/1232
f 1261/1261/1261 1250/1250/1250 1257/1257/1257
f 1250/1250/1250 1261/1261/1261 1256/1256/1256
f 1262/1262/1262 1257/1257/1257 1254/1254/1254
f 1262/1262/1262 1254/1254/1254 1258/1258/1258
f 1255/1255/1255 1263/1263/1263 1258/1258/1258
f 1259/1259/1259 1263/1263/1263 1255/1255/1255
f 1264/1264/1264 1261/1261/1261 1257/1257/1257
f 1264/1264/1264 1257/1257/1257 1262/1262/1262
f 1263/1263/1263 1265/1265/1265 1258/1258/1258
f 1265/1265/1265 1262/1262/1262 1258/1258/1258
f 1253/1253/1253 1266/1266/1266 1259/1259/1259
f 1259/1259/1259 1267/1267/1267 1263/1263/1263
f 1266/1266/1266 1267/1267/1267 1259/1259/1259
f 1263/1263/1263 1268/1268/1268 1265/1265/1265
f 1267/1267/1267 1268/1268/1268 1263/1263/1263
f 1267/1267/1267 1269/1269/1269 1268/1268/1268
f 1270/1270/1270 1262/1262/1262 1265/1265/1265
f 1268/1268/1268 1270/1270/1270 1265/1265/1265
f 1271/1271/1271 1264/1264/1264 1262/1262/1262
f 1271/1271/1271 1262/1262/1262 1270/1270/1270
f 1268/1268/1268 1272/1272/1272 1270/1270/1270
f 1269/1269/1269 1272/1272/1272 1268/1268/1268
f 1266/1266/1266 1253/1253/1253 1273/1273/1273
f 1273/1273/1273 1253/1253/1253 1244/1244/1244
f 1273/1273/1273 1244/1244/1244 1240/1240/1240
f 1266/1266/1266 1274/1274/1274 1267/1267/1267
f 1274/1274/1274 1269/1269/1269 1267/1267/1267
f 1275/1275/1275 1273/1273/1273 1240/1240/1240
f 1275/1275/1275 1240/1240/1240 1232/1232/1232
f 1276/1276/1276 1266/1266/1266 1273/1273/1273
f 1274/1274/1274 1266/1266/1266 1276/1276/1276
f 1276/1276/1276 1273/1273/1273 1275/1275/1275
f 1277/1277/1277 1274/1274/1274 1276/1276/1276
f 1278/1278/1278 1275/1275/1275 1232/1232/1232
f 1260/1260/1260 1278/1278/1278 1232/1232/1232
f 1279/1279/1279 1276/1276/1276 1275/1275/1275
f 1279/1279/1279 1275/1275/1275 1278/1278/1278
f 1277/1277/1277 1276/1276/1276 1279/1279/1279
f 1260/1260/1260 1280/1280/1280 1278/1278/1278
f 1280/1280/1280 1279/1279/1279 1278/1278/1278
f 1274/1274/1274 1281/1281/1281 1269/1269/1269
f 1281/1281/1281 1274/1274/1274 1277/1277/1277
f 1282/1282/1282 1280/1280/1280 1260/1260/1260
f 1282/1282/1282 1260/1260/1260 1256/1256/1256
f 1283/1283/1283 1279/1279/1279 1280/1280/1280
f 1283/1283/1283 1277/1277/1277 1279/1279/1279
f 1284/1284/1284 1282/1282/1282 1256/1256/1256
f 1261/1261/1261 1284/1284/1284 1256/1256/1256
f 1261/1261/1261 1285/1285/1285 1284/1284/1284
f 1285/1285/1285 1261/1261/1261 1264/1264/1264
f 1286/1286/1286 1283/1283/1283 1280/1280/1280
f 1280/1280/1280 1282/1282/1282 1286/1286/1286
f 1284/1284/1284 1287/1287/1287 1282/1282/1282
f 1285/1285/1285 1287/1287/1287 1284/1284/1284
f 1288/1288/1288 1285/1285/1285 1264/1264/1264
f 1288/1288/1288 1264/1264/1264 1271/1271/1271
f 1282/1282/1282 1289/1289/1289 1286/1286/1286
f 1287/1287/1287 1289/1289/1289 1282/1282/1282
f 1285/1285/1285 1290/1290/1290 1287/1287/1287
f 1290/1290/1290 1285/1285/1285 1288/1288/1288
f 1287/1287/1287 1291/1291/1291 1289/1289/1289
f 1290/1290/1290 1291/1291/1291 1287/1287/1287
f 1292/1292/1292 1283/1283/1283 1286/1286/1286
f 1289/1289/1289 1293/1293/1293 1286/1286/1286
f 1293/1293/1293 1292/1292/1292 1286/1286/1286
f 1292/1292/1292 1294/1294/1294 1283/1283/1283
f 1294/1294/1294 1277/1277/1277 1283/1283/1283
f 1291/1291/1291 1295/1295/1295 1289/1289/1289
f 1289/1289/1289 1295/1295/1295 1293/1293/1293
f 1296/1296/1296 1292/1292/1292 1293/1293/1293
f 1294/1294/1294 1292/1292/1292 1296/1296/1296
f 1295/1295/1295 1297/1297/1297 1293/1293/1293
f 1297/1297/1297 1296/1296/1296 1293/1293/1293
f 1298/1298/1298 1290/1290/1290 1288/1288/1288
f 1290/1290/1290 1299/1299/1299 1291/1291/1291
f 1299/1299/1299 1290/1290/1290 1298/1298/1298
f 1291/1291/1291 1300/1300/1300 1295/1295/1295
f 1299/1299/1299 1300/1300/1300 1291/1291/1291
f 1300/1300/1300 1301/1301/1301 1295/1295/1295
f 1295/1295/1295 1301/1301/1301 1297/1297/1297
f 1300/1300/1300 1299/1299/1299 1301/1301/1301
f 1298/1298/1298 1288/1288/1288 1302/1302/1302
f 1302/1302/1302 1288/1288/1288 1271/1271/1271
f 1302/1302/1302 1271/1271/1271 1303/1303/1303
f 1303/1303/1303 1271/1271/1271 1270/1270/1270
f 1272/1272/1272 1303/1303/1303 1270/1270/1270
f 1301/1301/1301 1304/1304/1304 1297/1297/1297
f 1299/1299/1299 1305/1305/1305 1301/1301/1301
f 1301/1301/1301 1305/1305/1305 1304/1304/1304
f 1306/1306/1306 1299/1299/1299 1298/1298/1298
f 1305/1305/1305 1299/1299/1299 1306/1306/1306
f 1307/1307/1307 1298/1298/1298 1302/1302/1302
f 1306/1306/1306 1298/1298/1298 1307/1307/1307
f 1308/1308/1308 1302/1302/1302 1303/1303/1303
f 1307/1307/1307 1302/1302/1302 1308/1308/1308
f 1272/1272/1272 1309/1309/1309 1303/1303/1303
f 1309/1309/1309 1308/1308/1308 1303/1303/1303
f 1304/1304/1304 1310/1310/1310 1297/1297/1297
f 1310/1310/1310 1296/1296/1296 1297/1297/1297
f 1305/1305/1305 1311/1311/1311 1304/1304/1304
f 1304/1304/1304 1311/1311/1311 1310/1310/1310
f 1312/1312/1312 1305/1305/1305 1306/1306/1306
f 1312/1312/1312 1306/1306/1306 1307/1307/1307
f 1311/1311/1311 1305/1305/1305 1312/1312/1312
f 1313/1313/1313 1309/1309/1309 1272/1272/1272
f 1269/1269/1269 1313/1313/1313 1272/1272/1272
f 1309/1309/1309 1314/1314/1314 1308/1308/1308
f 1309/1309/1309 1313/1313/1313 1314/1314/1314
f 1315/1315/1315 1307/1307/1307 1308/1308/1308
f 1312/1312/1312 1307/1307/1307 1315/1315/1315
f 1314/1314/1314 1315/1315/1315 1308/1308/1308
f 1316/1316/1316 1311/1311/1311 1312/1312/1312
f 1316/1316/1316 1312/1312/1312 1315/1315/1315
f 1311/1311/1311 1317/1317/1317 1310/1310/1310
f 1317/1317/1317 1311/1311/1311 1316/1316/1316
f 1318/1318/1318 1316/1316/1316 1315/1315/1315
f 1314/1314/1314 1318/1318/1318 1315/1315/1315
f 1318/1318/1318 1317/1317/1317 1316/1316/1316
f 1310/1310/1310 1317/1317/1317 1319/1319/1319
f 1310/1310/1310 1319/1319/1319 1296/1296/1296
f 1320/1320/1320 1317/1317/1317 1318/1318/1318
f 1317/1317/1317 1320/1320/1320 1319/1319/1319
f 1321/1321/1321 1318/1318/1318 1314/1314/1314
f 1321/1321/1321 1320/1320/1320 1318/1318/1318
f 1313/1313/1313 1322/1322/1322 1314/1314/1314
f 1322/1322/1322 1321/1321/1321 1314/1314/1314
f 1321/1321/1321 1323/1323/1323 1320/1320/1320
f 1323/1323/1323 1321/1321/1321 1322/1322/1322
f 1313/1313/1313 1324/1324/1324 1322/1322/1322
f 1324/1324/1324 1313/1313/1313 1269/1269/1269
f 1319/1319/1319 1325/1325/1325 1296/1296/1296
f 1325/1325/1325 1294/1294/1294 1296/1296/1296
f 1320/1320/1320 1326/1326/1326 1319/1319/1319
f 1323/1323/1323 1326/1326/1326 1320/1320/1320
f 1327/1327/1327 1323/1323/1323 1322/1322/1322
f 1324/1324/1324 1327/1327/1327 1322/1322/1322
f 1328/1328/1328 1324/1324/1324 1269/1269/1269
f 1281/1281/1281 1328/1328/1328 1269/1269/1269
f 1329/1329/1329 1294/1294/1294 1325/1325/1325
f 1294/1294/1294 1329/1329/1329 1277/1277/1277
f 1319/1319/1319 1330/1330/1330 1325/1325/1325
f 1326/1326/1326 1330/1330/1330 1319/1319/1319
f 1323/1323/1323 1331/1331/1331 1326/1326/1326
f 1331/1331/1331 1323/1323/1323 1327/1327/1327
f 1332/1332/1332 1281/1281/1281 1277/1277/1277
f 1329/1329/1329 1332/1332/1332 1277/1277/1277
f 1281/1281/1281 1333/1333/1333 1328/1328/1328
f 1333/1333/1333 1281/1281/1281 1332/1332/1332
f 1328/1328/1328 1334/1334/1334 1324/1324/1324
f 1333/1333/1333 1334/1334/1334 1328/1328/1328
f 1324/1324/1324 1335/1335/1335 1327/1327/1327
f 1334/1334/1334 1335/1335/1335 1324/1324/1324
f 1336/1336/1336 1333/1333/1333 1332/1332/1332
f 1336/1336/1336 1332/1332/1332 1329/1329/1329
f 1333/1333/1333 1337/1337/1337 1334/1334/1334
f 1337/1337/1337 1333/1333/1333 1336/1336/1336
f 1326/1326/1326 1338/1338/1338 1330/1330/1330
f 1331/1331/1331 1338/1338/1338 1326/1326/1326
f 1339/1339/1339 1331/1331/1331 1327/1327/1327
f 1335/1335/1335 1339/1339/1339 1327/1327/1327
f 1334/1334/1334 1340/1340/1340 1335/1335/1335
f 1337/1337/1337 1340/1340/1340 1334/1334/1334
f 1331/1331/1331 1341/1341/1341 1338/1338/1338
f 1341/1341/1341 1331/1331/1331 1339/1339/1339
f 1335/1335/1335 1342/1342/1342 1339/1339/1339
f 1340/1340/1340 1342/1342/1342 1335/1335/1335
f 1343/1343/1343 1341/1341/1341 1339/1339/1339
f 1342/1342/1342 1343/1343/1343 1339/1339/1339
f 1344/1344/1344 1337/1337/1337 1336/1336/1336
f 1337/1337/1337 1345/1345/1345 1340/1340/1340
f 1345/1345/1345 1337/1337/1337 1344/1344/1344
f 1340/1340/1340 1346/1346/1346 1342/1342/1342
f 1345/1345/1345 1346/1346/1346 1340/1340/1340
f 1346/1346/1346 1347/1347/1347 1342/1342/1342
f 1342/1342/1342 1347/1347/1347 1343/1343/1343
f 1345/1345/1345 1348/1348/1348 1346/1346/1346
f 1348/1348/1348 1347/1347/1347 1346/1346/1346
f 1344/1344/1344 1336/1336/1336 1349/1349/1349
f 1349/1349/1349 1336/1336/1336 1329/1329/1329
f 1350/1350/1350 1345/1345/1345 1344/1344/1344
f 1348/1348/1348 1345/1345/1345 1350/1350/1350
f 1350/1350/1350 1344/1344/1344 1351/1351/1351
f 1351/1351/1351 1344/1344/1344 1349/1349/1349
f 1349/1349/1349 1329/1329/1329 1352/1352/1352
f 1352/1352/1352 1329/1329/1329 1325/1325/1325
f 1330/1330/1330 1352/1352/1352 1325/1325/1325
f 1353/1353/1353 1348/1348/1348 1350/1350/1350
f 1353/1353/1353 1350/1350/1350 1351/1351/1351
f 1348/1348/1348 1354/1354/1354 1347/1347/1347
f 1354/1354/1354 1348/1348/1348 1353/1353/1353
f 1355/1355/1355 1349/1349/1349 1352/1352/1352
f 1351/1351/1351 1349/1349/1349 1355/1355/1355
f 1330/1330/1330 1356/1356/1356 1352/1352/1352
f 1356/1356/1356 1355/1355/1355 1352/1352/1352
f 1338/1338/1338 1356/1356/1356 1330/1330/1330
f 1353/1353/1353 1351/1351/1351 1357/1357/1357
f 1357/1357/1357 1351/1351/1351 1355/1355/1355
f 1356/1356/1356 1358/1358/1358 1355/1355/1355
f 1358/1358/1358 1357/1357/1357 1355/1355/1355
f 1338/1338/1338 1359/1359/1359 1356/1356/1356
f 1359/1359/1359 1358/1358/1358 1356/1356/1356
f 1341/1341/1341 1359/1359/1359 1338/1338/1338
f 1360/1360/1360 1353/1353/1353 1357/1357/1357
f 1360/1360/1360 1354/1354/1354 1353/1353/1353
f 1354/1354/1354 1361/1361/1361 1347/1347/1347
f 1347/1347/1347 1361/1361/1361 1343/1343/1343
f 1341/1341/1341 1343/1343/1343 1362/1362/1362
f 1341/1341/1341 1362/1362/1362 1359/1359/1359
f 1343/1343/1343 1361/1361/1361 1362/1362/1362
f 1354/1354/1354 1363/1363/1363 1361/1361/1361
f 1363/1363/1363 1362/1362/1362 1361/1361/1361
f 1362/1362/1362 1363/1363/1363 1359/1359/1359
f 1359/1359/1359 1363/1363/1363 1358/1358/1358
f 1363/1363/1363 1354/1354/1354 1360/1360/1360
f 1357/1357/1357 1358/1358/1358 1364/1364/1364
f 1360/1360/1360 1357/1357/1357 1364/1364/1364
f 1364/1364/1364 1363/1363/1363 1360/1360/1360
f 1363/1363/1363 1364/1364/1364 1358/1358/1358
f 1367/1367/1367 1366/1366/1366 1365/1365/1365
f 1368/1368/1368 1367/1367/1367 1365/1365/1365
f 1366/1366/1366 1369/1369/1369 1365/1365/1365
f 1369/1369/1369 1366/1366/1366 1370/1370/1370
f 1368/1368/1368 1365/1365/1365 1371/1371/1371
f 1372/1372/1372 1368/1368/1368 1371/1371/1371
f 1373/1373/1373 1369/1369/1369 1370/1370/1370
f 1373/1373/1373 1370/1370/1370 1374/1374/1374
f 1365/1365/1365 1369/1369/1369 1375/1375/1375
f 1365/1365/1365 1375/1375/1375 1371/1371/1371
f 1376/1376/1376 1369/1369/1369 1373/1373/1373
f 1369/1369/1369 1376/1376/1376 1375/1375/1375
f 1374/1374/1374 1377/1377/1377 1373/1373/1373
f 1378/1378/1378 1376/1376/1376 1373/1373/1373
f 1377/1377/1377 1378/1378/1378 1373/1373/1373
f 1379/1379/1379 1377/1377/1377 1374/1374/1374
f 1380/1380/1380 1379/1379/1379 1374/1374/1374
f 1381/1381/1381 1379/1379/1379 1380/1380/1380
f 1382/1382/1382 1381/1381/1381 1380/1380/1380
f 1383/1383/1383 1381/1381/1381 1382/1382/1382
f 1383/1383/1383 1382/1382/1382 1384/1384/1384
f 1383/1383/1383 1384/1384/1384 1385/1385/1385
f 1386/1386/1386 1383/1383/1383 1385/1385/1385
f 1385/1385/1385 1387/1387/1387 1386/1386/1386
f 1381/1381/1381 1383/1383/1383 1388/1388/1388
f 1388/1388/1388 1383/1383/1383 1386/1386/1386
f 1387/1387/1387 1389/1389/1389 1386/1386/1386
f 1387/1387/1387 1390/1390/1390 1389/1389/1389
f 1386/1386/1386 1389/1389/1389 1391/1391/1391
f 1391/1391/1391 1388/1388/1388 1386/1386/1386
f 1389/1389/1389 1390/1390/1390 1392/1392/1392
f 1389/1389/1389 1392/1392/1392 1391/1391/1391
f 1391/1391/1391 1393/1393/1393 1388/1388/1388
f 1393/1393/1393 1391/1391/1391 1392/1392/1392
f 1388/1388/1388 1394/1394/1394 1381/1381/1381
f 1393/1393/1393 1394/1394/1394 1388/1388/1388
f 1393/1393/1393 1395/1395/1395 1394/1394/1394
f 1390/1390/1390 1396/1396/1396 1392/1392/1392
f 1390/1390/1390 1372/1372/1372 1396/1396/1396
f 1397/1397/1397 1393/1393/1393 1392/1392/1392
f 1397/1397/1397 1392/1392/1392 1396/1396/1396
f 1395/1395/1395 1393/1393/1393 1397/1397/1397
f 1394/1394/1394 1398/1398/1398 1381/1381/1381
f 1381/1381/1381 1398/1398/1398 1379/1379/1379
f 1399/1399/1399 1396/1396/1396 1372/1372/1372
f 1399/1399/1399 1397/1397/1397 1396/1396/1396
f 1400/1400/1400 1395/1395/1395 1397/1397/1397
f 1400/1400/1400 1397/1397/1397 1399/1399/1399
f 1401/1401/1401 1399/1399/1399 1372/1372/1372
f 1401/1401/1401 1372/1372/1372 1371/1371/1371
f 1395/1395/1395 1402/1402/1402 1394/1394/1394
f 1394/1394/1394 1402/1402/1402 1398/1398/1398
f 1398/1398/1398 1403/1403/1403 1379/1379/1379
f 1379/1379/1379 1403/1403/1403 1377/1377/1377
f 1404/1404/1404 1400/1400/1400 1399/1399/1399
f 1404/1404/1404 1399/1399/1399 1401/1401/1401
f 1405/1405/1405 1401/1401/1401 1371/1371/1371
f 1405/1405/1405 1371/1371/1371 1375/1375/1375
f 1402/1402/1402 1406/1406/1406 1398/1398/1398
f 1398/1398/1398 1406/1406/1406 1403/1403/1403
f 1403/1403/1403 1407/1407/1407 1377/1377/1377
f 1377/1377/1377 1407/1407/1407 1378/1378/1378
f 1408/1408/1408 1404/1404/1404 1401/1401/1401
f 1408/1408/1408 1401/1401/1401 1405/1405/1405
f 1409/1409/1409 1405/1405/1405 1375/1375/1375
f 1409/1409/1409 1375/1375/1375 1376/1376/1376
f 1378/1378/1378 1410/1410/1410 1376/1376/1376
f 1407/1407/1407 1410/1410/1410 1378/1378/1378
f 1403/1403/1403 1411/1411/1411 1407/1407/1407
f 1406/1406/1406 1411/1411/1411 1403/1403/1403
f 1412/1412/1412 1408/1408/1408 1405/1405/1405
f 1412/1412/1412 1405/1405/1405 1409/1409/1409
f 1408/1408/1408 1413/1413/1413 1404/1404/1404
f 1413/1413/1413 1408/1408/1408 1412/1412/1412
f 1414/1414/1414 1409/1409/1409 1376/1376/1376
f 1410/1410/1410 1414/1414/1414 1376/1376/1376
f 1407/1407/1407 1415/1415/1415 1410/1410/1410
f 1411/1411/1411 1415/1415/1415 1407/1407/1407
f 1416/1416/1416 1411/1411/1411 1406/1406/1406
f 1411/1411/1411 1416/1416/1416 1415/1415/1415
f 1417/1417/1417 1412/1412/1412 1409/1409/1409
f 1417/1417/1417 1409/1409/1409 1414/1414/1414
f 1410/1410/1410 1418/1418/1418 1414/1414/1414
f 1415/1415/1415 1418/1418/1418 1410/1410/1410
f 1413/1413/1413 1419/1419/1419 1404/1404/1404
f 1404/1404/1404 1419/1419/1419 1400/1400/1400
f 1420/1420/1420 1413/1413/1413 1412/1412/1412
f 1420/1420/1420 1412/1412/1412 1417/1417/1417
f 1421/1421/1421 1417/1417/1417 1414/1414/1414
f 1418/1418/1418 1421/1421/1421 1414/1414/1414
f 1415/1415/1415 1422/1422/1422 1418/1418/1418
f 1416/1416/1416 1422/1422/1422 1415/1415/1415
f 1419/1419/1419 1423/1423/1423 1400/1400/1400
f 1400/1400/1400 1423/1423/1423 1395/1395/1395
f 1413/1413/1413 1424/1424/1424 1419/1419/1419
f 1424/1424/1424 1413/1413/1413 1420/1420/1420
f 1425/1425/1425 1420/1420/1420 1417/1417/1417
f 1425/1425/1425 1417/1417/1417 1421/1421/1421
f 1418/1418/1418 1426/1426/1426 1421/1421/1421
f 1422/1422/1422 1426/1426/1426 1418/1418/1418
f 1419/1419/1419 1427/1427/1427 1423/1423/1423
f 1424/1424/1424 1427/1427/1427 1419/1419/1419
f 1428/1428/1428 1424/1424/1424 1420/1420/1420
f 1428/1428/1428 1420/1420/1420 1425/1425/1425
f 1429/1429/1429 1425/1425/1425 1421/1421/1421
f 1426/1426/1426 1429/1429/1429 1421/1421/1421
f 1430/1430/1430 1425/1425/1425 1429/1429/1429
f 1430/1430/1430 1428/1428/1428 1425/1425/1425
f 1431/1431/1431 1428/1428/1428 1430/1430/1430
f 1432/1432/1432 1424/1424/1424 1428/1428/1428
f 1424/1424/1424 1432/1432/1432 1427/1427/1427
f 1431/1431/1431 1432/1432/1432 1428/1428/1428
f 1432/1432/1432 1433/1433/1433 1427/1427/1427
f 1427/1427/1427 1434/1434/1434 1423/1423/1423
f 1427/1427/1427 1433/1433/1433 1434/1434/1434
f 1435/1435/1435 1430/1430/1430 1429/1429/1429
f 1426/1426/1426 1435/1435/1435 1429/1429/1429
f 1436/1436/1436 1431/1431/1431 1430/1430/1430
f 1436/1436/1436 1430/1430/1430 1435/1435/1435
f 1437/1437/1437 1432/1432/1432 1431/1431/1431
f 1432/1432/1432 1437/1437/1437 1433/1433/1433
f 1423/1423/1423 1434/1434/1434 1438/1438/1438
f 1423/1423/1423 1438/1438/1438 1395/1395/1395
f 1438/1438/1438 1439/1439/1439 1395/1395/1395
f 1439/1439/1439 1402/1402/1402 1395/1395/1395
f 1434/1434/1434 1440/1440/1440 1438/1438/1438
f 1440/1440/1440 1439/1439/1439 1438/1438/1438
f 1439/1439/1439 1441/1441/1441 1402/1402/1402
f 1441/1441/1441 1406/1406/1406 1402/1402/1402
f 1441/1441/1441 1416/1416/1416 1406/1406/1406
f 1433/1433/1433 1442/1442/1442 1434/1434/1434
f 1434/1434/1434 1442/1442/1442 1440/1440/1440
f 1440/1440/1440 1443/1443/1443 1439/1439/1439
f 1439/1439/1439 1443/1443/1443 1441/1441/1441
f 1444/1444/1444 1416/1416/1416 1441/1441/1441
f 1416/1416/1416 1444/1444/1444 1422/1422/1422
f 1442/1442/1442 1445/1445/1445 1440/1440/1440
f 1443/1443/1443 1440/1440/1440 1445/1445/1445
f 1443/1443/1443 1446/1446/1446 1441/1441/1441
f 1446/1446/1446 1444/1444/1444 1441/1441/1441
f 1444/1444/1444 1447/1447/1447 1422/1422/1422
f 1422/1422/1422 1447/1447/1447 1426/1426/1426
f 1448/1448/1448 1444/1444/1444 1446/1446/1446
f 1444/1444/1444 1448/1448/1448 1447/1447/1447
f 1449/1449/1449 1446/1446/1446 1443/1443/1443
f 1449/1449/1449 1448/1448/1448 1446/1446/1446
f 1447/1447/1447 1450/1450/1450 1426/1426/1426
f 1426/1426/1426 1450/1450/1450 1435/1435/1435
f 1448/1448/1448 1451/1451/1451 1447/1447/1447
f 1447/1447/1447 1451/1451/1451 1450/1450/1450
f 1450/1450/1450 1452/1452/1452 1435/1435/1435
f 1452/1452/1452 1436/1436/1436 1435/1435/1435
f 1453/1453/1453 1443/1443/1443 1445/1445/1445
f 1453/1453/1453 1449/1449/1449 1443/1443/1443
f 1454/1454/1454 1448/1448/1448 1449/1449/1449
f 1448/1448/1448 1454/1454/1454 1451/1451/1451
f 1451/1451/1451 1455/1455/1455 1450/1450/1450
f 1450/1450/1450 1455/1455/1455 1452/1452/1452
f 1456/1456/1456 1449/1449/1449 1453/1453/1453
f 1456/1456/1456 1454/1454/1454 1449/1449/1449
f 1454/1454/1454 1457/1457/1457 1451/1451/1451
f 1451/1451/1451 1457/1457/1457 1455/1455/1455
f 1458/1458/1458 1454/1454/1454 1456/1456/1456
f 1454/1454/1454 1458/1458/1458 1457/1457/1457
f 1459/1459/1459 1436/1436/1436 1452/1452/1452
f 1455/1455/1455 1460/1460/1460 1452/1452/1452
f 1460/1460/1460 1459/1459/1459 1452/1452/1452
f 1457/1457/1457 1461/1461/1461 1455/1455/1455
f 1455/1455/1455 1461/1461/1461 1460/1460/1460
f 1459/1459/1459 1462/1462/1462 1436/1436/1436
f 1462/1462/1462 1431/1431/1431 1436/1436/1436
f 1463/1463/1463 1459/1459/1459 1460/1460/1460
f 1462/1462/1462 1459/1459/1459 1463/1463/1463
f 1458/1458/1458 1464/1464/1464 1457/1457/1457
f 1457/1457/1457 1464/1464/1464 1461/1461/1461
f 1461/1461/1461 1465/1465/1465 1460/1460/1460
f 1465/1465/1465 1463/1463/1463 1460/1460/1460
f 1464/1464/1464 1466/1466/1466 1461/1461/1461
f 1461/1461/1461 1466/1466/1466 1465/1465/1465
f 1458/1458/1458 1467/1467/1467 1464/1464/1464
f 1467/1467/1467 1466/1466/1466 1464/1464/1464
f 1462/1462/1462 1468/1468/1468 1431/1431/1431
f 1469/1469/1469 1462/1462/1462 1463/1463/1463
f 1468/1468/1468 1462/1462/1462 1469/1469/1469
f 1468/1468/1468 1470/1470/1470 1431/1431/1431
f 1470/1470/1470 1437/1437/1437 1431/1431/1431
f 1471/1471/1471 1463/1463/1463 1465/1465/1465
f 1466/1466/1466 1472/1472/1472 1465/1465/1465
f 1472/1472/1472 1471/1471/1471 1465/1465/1465
f 1473/1473/1473 1472/1472/1472 1466/1466/1466
f 1467/1467/1467 1473/1473/1473 1466/1466/1466
f 1474/1474/1474 1469/1469/1469 1463/1463/1463
f 1471/1471/1471 1474/1474/1474 1463/1463/1463
f 1475/1475/1475 1471/1471/1471 1472/1472/1472
f 1473/1473/1473 1475/1475/1475 1472/1472/1472
f 1476/1476/1476 1474/1474/1474 1471/1471/1471
f 1475/1475/1475 1476/1476/1476 1471/1471/1471
f 1474/1474/1474 1477/1477/1477 1469/1469/1469
f 1477/1477/1477 1474/1474/1474 1476/1476/1476
f 1478/1478/1478 1468/1468/1468 1469/1469/1469
f 1477/1477/1477 1478/1478/1478 1469/1469/1469
f 1479/1479/1479 1437/1437/1437 1470/1470/1470
f 1480/1480/1480 1470/1470/1470 1468/1468/1468
f 1480/1480/1480 1479/1479/1479 1470/1470/1470
f 1481/1481/1481 1468/1468/1468 1478/1478/1478
f 1481/1481/1481 1480/1480/1480 1468/1468/1468
f 1437/1437/1437 1479/1479/1479 1482/1482/1482
f 1437/1437/1437 1482/1482/1482 1433/1433/1433
f 1475/1475/1475 1473/1473/1473 1483/1483/1483
f 1476/1476/1476 1475/1475/1475 1484/1484/1484
f 1475/1475/1475 1483/1483/1483 1484/1484/1484
f 1485/1485/1485 1477/1477/1477 1476/1476/1476
f 1485/1485/1485 1476/1476/1476 1484/1484/1484
f 1477/1477/1477 1486/1486/1486 1478/1478/1478
f 1486/1486/1486 1477/1477/1477 1485/1485/1485
f 1487/1487/1487 1481/1481/1481 1478/1478/1478
f 1486/1486/1486 1487/1487/1487 1478/1478/1478
f 1473/1473/1473 1488/1488/1488 1483/1483/1483
f 1473/1473/1473 1467/1467/1467 1488/1488/1488
f 1467/1467/1467 1489/1489/1489 1488/1488/1488
f 1467/1467/1467 1458/1458/1458 1489/1489/1489
f 1483/1483/1483 1488/1488/1488 1490/1490/1490
f 1488/1488/1488 1489/1489/1489 1490/1490/1490
f 1458/1458/1458 1491/1491/1491 1489/1489/1489
f 1491/1491/1491 1458/1458/1458 1456/1456/1456
f 1489/1489/1489 1491/1491/1491 1492/1492/1492
f 1491/1491/1491 1456/1456/1456 1492/1492/1492
f 1489/1489/1489 1492/1492/1492 1490/1490/1490
f 1492/1492/1492 1456/1456/1456 1453/1453/1453
f 1492/1492/1492 1453/1453/1453 1493/1493/1493
f 1490/1490/1490 1492/1492/1492 1493/1493/1493
f 1493/1493/1493 1453/1453/1453 1445/1445/1445
f 1494/1494/1494 1483/1483/1483 1490/1490/1490
f 1494/1494/1494 1490/1490/1490 1493/1493/1493
f 1484/1484/1484 1483/1483/1483 1494/1494/1494
f 1495/1495/1495 1493/1493/1493 1445/1445/1445
f 1495/1495/1495 1494/1494/1494 1493/1493/1493
f 1442/1442/1442 1495/1495/1495 1445/1445/1445
f 1496/1496/1496 1495/1495/1495 1442/1442/1442
f 1495/1495/1495 1496/1496/1496 1494/1494/1494
f 1433/1433/1433 1496/1496/1496 1442/1442/1442
f 1497/1497/1497 1484/1484/1484 1494/1494/1494
f 1496/1496/1496 1497/1497/1497 1494/1494/1494
f 1498/1498/1498 1496/1496/1496 1433/1433/1433
f 1496/1496/1496 1498/1498/1498 1497/1497/1497
f 1482/1482/1482 1498/1498/1498 1433/1433/1433
f 1499/1499/1499 1484/1484/1484 1497/1497/1497
f 1499/1499/1499 1485/1485/1485 1484/1484/1484
f 1498/1498/1498 1500/1500/1500 1497/1497/1497
f 1500/1500/1500 1499/1499/1499 1497/1497/1497
f 1482/1482/1482 1501/1501/1501 1498/1498/1498
f 1479/1479/1479 1501/1501/1501 1482/1482/1482
f 1502/1502/1502 1485/1485/1485 1499/1499/1499
f 1502/1502/1502 1486/1486/1486 1485/1485/1485
f 1498/1498/1498 1503/1503/1503 1500/1500/1500
f 1501/1501/1501 1503/1503/1503 1498/1498/1498
f 1479/1479/1479 1504/1504/1504 1501/1501/1501
f 1504/1504/1504 1479/1479/1479 1480/1480/1480
f 1505/1505/1505 1499/1499/1499 1500/1500/1500
f 1505/1505/1505 1502/1502/1502 1499/1499/1499
f 1506/1506/1506 1486/1486/1486 1502/1502/1502
f 1486/1486/1486 1506/1506/1506 1487/1487/1487
f 1503/1503/1503 1507/1507/1507 1500/1500/1500
f 1507/1507/1507 1505/1505/1505 1500/1500/1500
f 1501/1501/1501 1508/1508/1508 1503/1503/1503
f 1504/1504/1504 1508/1508/1508 1501/1501/1501
f 1509/1509/1509 1504/1504/1504 1480/1480/1480
f 1509/1509/1509 1480/1480/1480 1481/1481/1481
f 1510/1510/1510 1502/1502/1502 1505/1505/1505
f 1510/1510/1510 1506/1506/1506 1502/1502/1502
f 1511/1511/1511 1481/1481/1481 1487/1487/1487
f 1511/1511/1511 1509/1509/1509 1481/1481/1481
f 1512/1512/1512 1504/1504/1504 1509/1509/1509
f 1504/1504/1504 1512/1512/1512 1508/1508/1508
f 1508/1508/1508 1513/1513/1513 1503/1503/1503
f 1503/1503/1503 1513/1513/1513 1507/1507/1507
f 1514/1514/1514 1505/1505/1505 1507/1507/1507
f 1514/1514/1514 1510/1510/1510 1505/1505/1505
f 1506/1506/1506 1515/1515/1515 1487/1487/1487
f 1515/1515/1515 1511/1511/1511 1487/1487/1487
f 1516/1516/1516 1509/1509/1509 1511/1511/1511
f 1516/1516/1516 1512/1512/1512 1509/1509/1509
f 1512/1512/1512 1517/1517/1517 1508/1508/1508
f 1508/1508/1508 1517/1517/1517 1513/1513/1513
f 1513/1513/1513 1518/1518/1518 1507/1507/1507
f 1518/1518/1518 1514/1514/1514 1507/1507/1507
f 1519/1519/1519 1506/1506/1506 1510/1510/1510
f 1515/1515/1515 1506/1506/1506 1519/1519/1519
f 1520/1520/1520 1516/1516/1516 1511/1511/1511
f 1520/1520/1520 1511/1511/1511 1515/1515/1515
f 1521/1521/1521 1512/1512/1512 1516/1516/1516
f 1512/1512/1512 1521/1521/1521 1517/1517/1517
f 1520/1520/1520 1521/1521/1521 1516/1516/1516
f 1517/1517/1517 1522/1522/1522 1513/1513/1513
f 1521/1521/1521 1522/1522/1522 1517/1517/1517
f 1513/1513/1513 1522/1522/1522 1518/1518/1518
f 1523/1523/1523 1510/1510/1510 1514/1514/1514
f 1523/1523/1523 1519/1519/1519 1510/1510/1510
f 1524/1524/1524 1515/1515/1515 1519/1519/1519
f 1524/1524/1524 1520/1520/1520 1515/1515/1515
f 1519/1519/1519 1523/1523/1523 1524/1524/1524
f 1525/1525/1525 1521/1521/1521 1520/1520/1520
f 1524/1524/1524 1525/1525/1525 1520/1520/1520
f 1521/1521/1521 1525/1525/1525 1522/1522/1522
f 1523/1523/1523 1525/1525/1525 1524/1524/1524
f 1525/1525/1525 1526/1526/1526 1522/1522/1522
f 1522/1522/1522 1526/1526/1526 1518/1518/1518
f 1525/1525/1525 1523/1523/1523 1526/1526/1526
f 1514/1514/1514 1518/1518/1518 1527/1527/1527
f 1518/1518/1518 1526/1526/1526 1527/1527/1527
f 1523/1523/1523 1527/1527/1527 1526/1526/1526
f 1527/1527/1527 1523/1523/1523 1514/1514/1514
f 1530/1530/1530 1529/1529/1529 1528/1528/1528
f 1529/1529/1529 1530/1530/1530 1531/1531/1531
f 1532/1532/1532 1530/1530/1530 1528/1528/1528
f 1530/1530/1530 1533/1533/1533 1531/1531/1531
f 1532/1532/1532 1528/1528/1528 1534/1534/1534
f 1531/1531/1531 1533/1533/1533 1535/1535/1535
f 1536/1536/1536 1532/1532/1532 1534/1534/1534
f 1533/1533/1533 1537/1537/1537 1535/1535/1535
f 1536/1536/1536 1534/1534/1534 1538/1538/1538
f 1535/1535/1535 1537/1537/1537 1539/1539/1539
f 1540/1540/1540 1536/1536/1536 1538/1538/1538
f 1537/1537/1537 1541/1541/1541 1539/1539/1539
f 1540/1540/1540 1538/1538/1538 1542/1542/1542
f 1539/1539/1539 1541/1541/1541 1543/1543/1543
f 1544/1544/1544 1540/1540/1540 1542/1542/1542
f 1541/1541/1541 1545/1545/1545 1543/1543/1543
f 1544/1544/1544 1542/1542/1542 1546/1546/1546
f 1543/1543/1543 1545/1545/1545 1547/1547/1547
f 1548/1548/1548 1544/1544/1544 1546/1546/1546
f 1545/1545/1545 1549/1549/1549 1547/1547/1547
f 1548/1548/1548 1546/1546/1546 1550/1550/1550
f 1547/1547/1547 1549/1549/1549 1551/1551/1551
f 1552/1552/1552 1548/1548/1548 1550/1550/1550
f 1549/1549/1549 1553/1553/1553 1551/1551/1551
f 1552/1552/1552 1550/1550/1550 1554/1554/1554
f 1555/1555/1555 1552/1552/1552 1554/1554/1554
f 1556/1556/1556 1555/1555/1555 1554/1554/1554
f 1557/1557/1557 1556/1556/1556 1554/1554/1554
f 1558/1558/1558 1556/1556/1556 1557/1557/1557
f 1559/1559/1559 1558/1558/1558 1557/1557/1557
f 1560/1560/1560 1558/1558/1558 1559/1559/1559
f 1561/1561/1561 1560/1560/1560 1559/1559/1559
f 1562/1562/1562 1560/1560/1560 1561/1561/1561
f 1563/1563/1563 1562/1562/1562 1561/1561/1561
f 1564/1564/1564 1562/1562/1562 1563/1563/1563
f 1565/1565/1565 1564/1564/1564 1563/1563/1563
f 1566/1566/1566 1564/1564/1564 1565/1565/1565
f 1567/1567/1567 1566/1566/1566 1565/1565/1565
f 1568/1568/1568 1566/1566/1566 1567/1567/1567
f 1569/1569/1569 1568/1568/1568 1567/1567/1567
f 1568/1568/1568 1569/1569/1569 1570/1570/1570
f 1571/1571/1571 1568/1568/1568 1570/1570/1570
f 1571/1571/1571 1570/1570/1570 1572/1572/1572
f 1573/1573/1573 1571/1571/1571 1572/1572/1572
f 1573/1573/1573 1572/1572/1572 1574/1574/1574
f 1575/1575/1575 1573/1573/1573 1574/1574/1574
f 1575/1575/1575 1574/1574/1574 1576/1576/1576
f 1577/1577/1577 1575/1575/1575 1576/1576/1576
f 1577/1577/1577 1576/1576/1576 1578/1578/1578
f 1579/1579/1579 1577/1577/1577 1578/1578/1578
f 1579/1579/1579 1578/1578/1578 1580/1580/1580
f 1581/1581/1581 1579/1579/1579 1580/1580/1580
f 1581/1581/1581 1580/1580/1580 1582/1582/1582
f 1583/1583/1583 1581/1581/1581 1582/1582/1582
f 1553/1553/1553 1583/1583/1583 1582/1582/1582
f 1551/1551/1551 1553/1553/1553 1582/1582/1582
g 02_Cloth_16_1
f 1586/1586/1586 1585/1585/1585 1584/1584/1584
f 1585/1585/1585 1587/1587/1587 1584/1584/1584
f 1584/1584/1584 1587/1587/1587 1588/1588/1588
f 1585/1585/1585 1589/1589/1589 1587/1587/1587
f 1587/1587/1587 1590/1590/1590 1588/1588/1588
f 1588/1588/1588 1590/1590/1590 1591/1591/1591
f 1590/1590/1590 1592/1592/1592 1591/1591/1591
f 1589/1589/1589 1593/1593/1593 1587/1587/1587
f 1587/1587/1587 1593/1593/1593 1590/1590/1590
f 1589/1589/1589 1594/1594/1594 1593/1593/1593
f 1590/1590/1590 1595/1595/1595 1592/1592/1592
f 1593/1593/1593 1595/1595/1595 1590/1590/1590
f 1595/1595/1595 1596/1596/1596 1592/1592/1592
f 1594/1594/1594 1597/1597/1597 1593/1593/1593
f 1593/1593/1593 1597/1597/1597 1595/1595/1595
f 1594/1594/1594 1598/1598/1598 1597/1597/1597
f 1595/1595/1595 1599/1599/1599 1596/1596/1596
f 1597/1597/1597 1599/1599/1599 1595/1595/1595
f 1599/1599/1599 1600/1600/1600 1596/1596/1596
f 1598/1598/1598 1601/1601/1601 1597/1597/1597
f 1597/1597/1597 1601/1601/1601 1599/1599/1599
f 1599/1599/1599 1602/1602/1602 1600/1600/1600
f 1601/1601/1601 1602/1602/1602 1599/1599/1599
f 1602/1602/1602 1603/1603/1603 1600/1600/1600
f 1603/1603/1603 1602/1602/1602 1604/1604/1604
f 1602/1602/1602 1605/1605/1605 1604/1604/1604
f 1602/1602/1602 1601/1601/1601 1605/1605/1605
f 1604/1604/1604 1605/1605/1605 1606/1606/1606
f 1601/1601/1601 1598/1598/1598 1607/1607/1607
f 1601/1601/1601 1607/1607/1607 1605/1605/1605
f 1598/1598/1598 1608/1608/1608 1607/1607/1607
f 1605/1605/1605 1609/1609/1609 1606/1606/1606
f 1605/1605/1605 1607/1607/1607 1609/1609/1609
f 1606/1606/1606 1609/1609/1609 1610/1610/1610
f 1607/1607/1607 1608/1608/1608 1611/1611/1611
f 1607/1607/1607 1611/1611/1611 1609/1609/1609
f 1608/1608/1608 1612/1612/1612 1611/1611/1611
f 1609/1609/1609 1613/1613/1613 1610/1610/1610
f 1609/1609/1609 1611/1611/1611 1613/1613/1613
f 1610/1610/1610 1613/1613/1613 1614/1614/1614
f 1613/1613/1613 1615/1615/1615 1614/1614/1614
f 1611/1611/1611 1612/1612/1612 1616/1616/1616
f 1611/1611/1611 1616/1616/1616 1613/1613/1613
f 1613/1613/1613 1616/1616/1616 1615/1615/1615
f 1612/1612/1612 1617/1617/1617 1616/1616/1616
f 1616/1616/1616 1618/1618/1618 1615/1615/1615
f 1616/1616/1616 1617/1617/1617 1618/1618/1618
f 1617/1617/1617 1619/1619/1619 1618/1618/1618
f 1622/1622/1622 1621/1621/1621 1620/1620/1620
f 1621/1621/1621 1623/1623/1623 1620/1620/1620
f 1624/1624/1624 1623/1623/1623 1621/1621/1621
f 1625/1625/1625 1624/1624/1624 1621/1621/1621
f 1624/1624/1624 1625/1625/1625 1626/1626/1626
f 1627/1627/1627 1624/1624/1624 1626/1626/1626
f 1627/1627/1627 1626/1626/1626 1628/1628/1628
f 1623/1623/1623 1629/1629/1629 1620/1620/1620
f 1620/1620/1620 1629/1629/1629 1630/1630/1630
f 1631/1631/1631 1620/1620/1620 1630/1630/1630
f 1631/1631/1631 1630/1630/1630 1632/1632/1632
f 1633/1633/1633 1623/1623/1623 1624/1624/1624
f 1633/1633/1633 1629/1629/1629 1623/1623/1623
f 1634/1634/1634 1624/1624/1624 1627/1627/1627
f 1634/1634/1634 1633/1633/1633 1624/1624/1624
f 1629/1629/1629 1635/1635/1635 1630/1630/1630
f 1633/1633/1633 1635/1635/1635 1629/1629/1629
f 1633/1633/1633 1636/1636/1636 1635/1635/1635
f 1637/1637/1637 1633/1633/1633 1634/1634/1634
f 1633/1633/1633 1637/1637/1637 1636/1636/1636
f 1635/1635/1635 1638/1638/1638 1630/1630/1630
f 1635/1635/1635 1636/1636/1636 1638/1638/1638
f 1630/1630/1630 1639/1639/1639 1632/1632/1632
f 1638/1638/1638 1640/1640/1640 1630/1630/1630
f 1640/1640/1640 1639/1639/1639 1630/1630/1630
f 1638/1638/1638 1641/1641/1641 1640/1640/1640
f 1636/1636/1636 1641/1641/1641 1638/1638/1638
f 1641/1641/1641 1642/1642/1642 1640/1640/1640
f 1642/1642/1642 1639/1639/1639 1640/1640/1640
f 1632/1632/1632 1639/1639/1639 1643/1643/1643
f 1644/1644/1644 1632/1632/1632 1643/1643/1643
f 1645/1645/1645 1641/1641/1641 1636/1636/1636
f 1645/1645/1645 1642/1642/1642 1641/1641/1641
f 1642/1642/1642 1646/1646/1646 1639/1639/1639
f 1639/1639/1639 1646/1646/1646 1643/1643/1643
f 1647/1647/1647 1643/1643/1643 1646/1646/1646
f 1648/1648/1648 1647/1647/1647 1646/1646/1646
f 1643/1643/1643 1649/1649/1649 1644/1644/1644
f 1649/1649/1649 1650/1650/1650 1644/1644/1644
f 1628/1628/1628 1650/1650/1650 1649/1649/1649
f 1651/1651/1651 1646/1646/1646 1642/1642/1642
f 1651/1651/1651 1648/1648/1648 1646/1646/1646
f 1645/1645/1645 1652/1652/1652 1642/1642/1642
f 1652/1652/1652 1651/1651/1651 1642/1642/1642
f 1647/1647/1647 1653/1653/1653 1643/1643/1643
f 1653/1653/1653 1649/1649/1649 1643/1643/1643
f 1654/1654/1654 1628/1628/1628 1649/1649/1649
f 1654/1654/1654 1627/1627/1627 1628/1628/1628
f 1655/1655/1655 1649/1649/1649 1653/1653/1653
f 1649/1649/1649 1655/1655/1655 1654/1654/1654
f 1647/1647/1647 1656/1656/1656 1653/1653/1653
f 1656/1656/1656 1655/1655/1655 1653/1653/1653
f 1657/1657/1657 1627/1627/1627 1654/1654/1654
f 1655/1655/1655 1658/1658/1658 1654/1654/1654
f 1657/1657/1657 1654/1654/1654 1658/1658/1658
f 1659/1659/1659 1658/1658/1658 1655/1655/1655
f 1656/1656/1656 1659/1659/1659 1655/1655/1655
f 1660/1660/1660 1627/1627/1627 1657/1657/1657
f 1660/1660/1660 1634/1634/1634 1627/1627/1627
f 1634/1634/1634 1660/1660/1660 1661/1661/1661
f 1662/1662/1662 1657/1657/1657 1658/1658/1658
f 1659/1659/1659 1662/1662/1662 1658/1658/1658
f 1660/1660/1660 1657/1657/1657 1663/1663/1663
f 1660/1660/1660 1663/1663/1663 1661/1661/1661
f 1657/1657/1657 1662/1662/1662 1663/1663/1663
f 1663/1663/1663 1662/1662/1662 1664/1664/1664
f 1661/1661/1661 1663/1663/1663 1664/1664/1664
f 1665/1665/1665 1662/1662/1662 1659/1659/1659
f 1662/1662/1662 1665/1665/1665 1664/1664/1664
f 1659/1659/1659 1656/1656/1656 1666/1666/1666
f 1666/1666/1666 1665/1665/1665 1659/1659/1659
f 1667/1667/1667 1634/1634/1634 1661/1661/1661
f 1667/1667/1667 1637/1637/1637 1634/1634/1634
f 1668/1668/1668 1637/1637/1637 1667/1667/1667
f 1637/1637/1637 1668/1668/1668 1636/1636/1636
f 1656/1656/1656 1669/1669/1669 1666/1666/1666
f 1669/1669/1669 1656/1656/1656 1647/1647/1647
f 1667/1667/1667 1661/1661/1661 1670/1670/1670
f 1670/1670/1670 1668/1668/1668 1667/1667/1667
f 1668/1668/1668 1671/1671/1671 1636/1636/1636
f 1645/1645/1645 1636/1636/1636 1671/1671/1671
f 1672/1672/1672 1668/1668/1668 1670/1670/1670
f 1668/1668/1668 1672/1672/1672 1671/1671/1671
f 1671/1671/1671 1673/1673/1673 1645/1645/1645
f 1652/1652/1652 1645/1645/1645 1673/1673/1673
f 1674/1674/1674 1669/1669/1669 1647/1647/1647
f 1669/1669/1669 1675/1675/1675 1666/1666/1666
f 1675/1675/1675 1669/1669/1669 1674/1674/1674
f 1676/1676/1676 1674/1674/1674 1647/1647/1647
f 1676/1676/1676 1647/1647/1647 1648/1648/1648
f 1676/1676/1676 1677/1677/1677 1674/1674/1674
f 1648/1648/1648 1677/1677/1677 1676/1676/1676
f 1677/1677/1677 1678/1678/1678 1674/1674/1674
f 1678/1678/1678 1675/1675/1675 1674/1674/1674
f 1677/1677/1677 1648/1648/1648 1679/1679/1679
f 1677/1677/1677 1679/1679/1679 1678/1678/1678
f 1680/1680/1680 1673/1673/1673 1671/1671/1671
f 1681/1681/1681 1652/1652/1652 1673/1673/1673
f 1680/1680/1680 1681/1681/1681 1673/1673/1673
f 1682/1682/1682 1680/1680/1680 1671/1671/1671
f 1672/1672/1672 1682/1682/1682 1671/1671/1671
f 1681/1681/1681 1683/1683/1683 1652/1652/1652
f 1683/1683/1683 1651/1651/1651 1652/1652/1652
f 1684/1684/1684 1648/1648/1648 1651/1651/1651
f 1683/1683/1683 1684/1684/1684 1651/1651/1651
f 1685/1685/1685 1679/1679/1679 1648/1648/1648
f 1684/1684/1684 1685/1685/1685 1648/1648/1648
f 1679/1679/1679 1686/1686/1686 1678/1678/1678
f 1686/1686/1686 1679/1679/1679 1685/1685/1685
f 1685/1685/1685 1687/1687/1687 1686/1686/1686
f 1688/1688/1688 1685/1685/1685 1684/1684/1684
f 1687/1687/1687 1685/1685/1685 1688/1688/1688
f 1689/1689/1689 1684/1684/1684 1683/1683/1683
f 1689/1689/1689 1688/1688/1688 1684/1684/1684
f 1690/1690/1690 1683/1683/1683 1681/1681/1681
f 1690/1690/1690 1689/1689/1689 1683/1683/1683
f 1691/1691/1691 1690/1690/1690 1681/1681/1681
f 1691/1691/1691 1681/1681/1681 1680/1680/1680
f 1692/1692/1692 1691/1691/1691 1680/1680/1680
f 1692/1692/1692 1680/1680/1680 1682/1682/1682
f 1693/1693/1693 1689/1689/1689 1690/1690/1690
f 1694/1694/1694 1688/1688/1688 1689/1689/1689
f 1694/1694/1694 1689/1689/1689 1693/1693/1693
f 1695/1695/1695 1693/1693/1693 1690/1690/1690
f 1695/1695/1695 1690/1690/1690 1691/1691/1691
f 1694/1694/1694 1693/1693/1693 1696/1696/1696
f 1696/1696/1696 1693/1693/1693 1695/1695/1695
f 1697/1697/1697 1692/1692/1692 1682/1682/1682
f 1698/1698/1698 1691/1691/1691 1692/1692/1692
f 1698/1698/1698 1692/1692/1692 1697/1697/1697
f 1699/1699/1699 1695/1695/1695 1691/1691/1691
f 1698/1698/1698 1699/1699/1699 1691/1691/1691
f 1700/1700/1700 1697/1697/1697 1682/1682/1682
f 1672/1672/1672 1700/1700/1700 1682/1682/1682
f 1701/1701/1701 1698/1698/1698 1697/1697/1697
f 1701/1701/1701 1697/1697/1697 1700/1700/1700
f 1702/1702/1702 1696/1696/1696 1695/1695/1695
f 1702/1702/1702 1695/1695/1695 1699/1699/1699
f 1698/1698/1698 1703/1703/1703 1699/1699/1699
f 1703/1703/1703 1698/1698/1698 1701/1701/1701
f 1700/1700/1700 1672/1672/1672 1704/1704/1704
f 1704/1704/1704 1672/1672/1672 1670/1670/1670
f 1705/1705/1705 1702/1702/1702 1699/1699/1699
f 1703/1703/1703 1705/1705/1705 1699/1699/1699
f 1706/1706/1706 1696/1696/1696 1702/1702/1702
f 1707/1707/1707 1702/1702/1702 1705/1705/1705
f 1707/1707/1707 1706/1706/1706 1702/1702/1702
f 1708/1708/1708 1696/1696/1696 1706/1706/1706
f 1708/1708/1708 1694/1694/1694 1696/1696/1696
f 1709/1709/1709 1701/1701/1701 1700/1700/1700
f 1710/1710/1710 1703/1703/1703 1701/1701/1701
f 1710/1710/1710 1701/1701/1701 1709/1709/1709
f 1703/1703/1703 1711/1711/1711 1705/1705/1705
f 1711/1711/1711 1703/1703/1703 1710/1710/1710
f 1712/1712/1712 1700/1700/1700 1704/1704/1704
f 1709/1709/1709 1700/1700/1700 1712/1712/1712
f 1713/1713/1713 1707/1707/1707 1705/1705/1705
f 1711/1711/1711 1713/1713/1713 1705/1705/1705
f 1714/1714/1714 1706/1706/1706 1707/1707/1707
f 1715/1715/1715 1708/1708/1708 1706/1706/1706
f 1715/1715/1715 1706/1706/1706 1714/1714/1714
f 1708/1708/1708 1716/1716/1716 1694/1694/1694
f 1715/1715/1715 1716/1716/1716 1708/1708/1708
f 1717/1717/1717 1707/1707/1707 1713/1713/1713
f 1717/1717/1717 1714/1714/1714 1707/1707/1707
f 1716/1716/1716 1718/1718/1718 1694/1694/1694
f 1694/1694/1694 1718/1718/1718 1688/1688/1688
f 1718/1718/1718 1719/1719/1719 1688/1688/1688
f 1719/1719/1719 1687/1687/1687 1688/1688/1688
f 1711/1711/1711 1720/1720/1720 1713/1713/1713
f 1721/1721/1721 1717/1717/1717 1713/1713/1713
f 1720/1720/1720 1721/1721/1721 1713/1713/1713
f 1722/1722/1722 1720/1720/1720 1711/1711/1711
f 1711/1711/1711 1710/1710/1710 1722/1722/1722
f 1722/1722/1722 1710/1710/1710 1723/1723/1723
f 1723/1723/1723 1710/1710/1710 1709/1709/1709
f 1723/1723/1723 1709/1709/1709 1724/1724/1724
f 1724/1724/1724 1709/1709/1709 1712/1712/1712
f 1724/1724/1724 1712/1712/1712 1725/1725/1725
f 1712/1712/1712 1704/1704/1704 1725/1725/1725
f 1704/1704/1704 1726/1726/1726 1725/1725/1725
f 1725/1725/1725 1726/1726/1726 1719/1719/1719
f 1726/1726/1726 1687/1687/1687 1719/1719/1719
f 1704/1704/1704 1670/1670/1670 1726/1726/1726
f 1727/1727/1727 1725/1725/1725 1719/1719/1719
f 1727/1727/1727 1724/1724/1724 1725/1725/1725
f 1718/1718/1718 1727/1727/1727 1719/1719/1719
f 1670/1670/1670 1728/1728/1728 1726/1726/1726
f 1726/1726/1726 1728/1728/1728 1687/1687/1687
f 1661/1661/1661 1728/1728/1728 1670/1670/1670
f 1729/1729/1729 1723/1723/1723 1724/1724/1724
f 1729/1729/1729 1724/1724/1724 1727/1727/1727
f 1730/1730/1730 1727/1727/1727 1718/1718/1718
f 1730/1730/1730 1729/1729/1729 1727/1727/1727
f 1716/1716/1716 1730/1730/1730 1718/1718/1718
f 1728/1728/1728 1661/1661/1661 1731/1731/1731
f 1731/1731/1731 1661/1661/1661 1664/1664/1664
f 1728/1728/1728 1732/1732/1732 1687/1687/1687
f 1731/1731/1731 1732/1732/1732 1728/1728/1728
f 1731/1731/1731 1664/1664/1664 1733/1733/1733
f 1732/1732/1732 1731/1731/1731 1733/1733/1733
f 1733/1733/1733 1664/1664/1664 1665/1665/1665
f 1734/1734/1734 1723/1723/1723 1729/1729/1729
f 1734/1734/1734 1722/1722/1722 1723/1723/1723
f 1735/1735/1735 1729/1729/1729 1730/1730/1730
f 1735/1735/1735 1734/1734/1734 1729/1729/1729
f 1736/1736/1736 1730/1730/1730 1716/1716/1716
f 1736/1736/1736 1735/1735/1735 1730/1730/1730
f 1687/1687/1687 1732/1732/1732 1737/1737/1737
f 1687/1687/1687 1737/1737/1737 1686/1686/1686
f 1738/1738/1738 1733/1733/1733 1665/1665/1665
f 1738/1738/1738 1665/1665/1665 1666/1666/1666
f 1733/1733/1733 1739/1739/1739 1732/1732/1732
f 1739/1739/1739 1737/1737/1737 1732/1732/1732
f 1733/1733/1733 1738/1738/1738 1739/1739/1739
f 1739/1739/1739 1740/1740/1740 1737/1737/1737
f 1686/1686/1686 1737/1737/1737 1741/1741/1741
f 1737/1737/1737 1740/1740/1740 1741/1741/1741
f 1742/1742/1742 1736/1736/1736 1716/1716/1716
f 1715/1715/1715 1742/1742/1742 1716/1716/1716
f 1743/1743/1743 1738/1738/1738 1666/1666/1666
f 1675/1675/1675 1743/1743/1743 1666/1666/1666
f 1738/1738/1738 1744/1744/1744 1739/1739/1739
f 1739/1739/1739 1744/1744/1744 1740/1740/1740
f 1738/1738/1738 1743/1743/1743 1745/1745/1745
f 1744/1744/1744 1738/1738/1738 1745/1745/1745
f 1743/1743/1743 1675/1675/1675 1746/1746/1746
f 1745/1745/1745 1743/1743/1743 1746/1746/1746
f 1746/1746/1746 1675/1675/1675 1678/1678/1678
f 1747/1747/1747 1746/1746/1746 1678/1678/1678
f 1686/1686/1686 1747/1747/1747 1678/1678/1678
f 1686/1686/1686 1741/1741/1741 1747/1747/1747
f 1745/1745/1745 1746/1746/1746 1748/1748/1748
f 1748/1748/1748 1746/1746/1746 1747/1747/1747
f 1744/1744/1744 1745/1745/1745 1749/1749/1749
f 1749/1749/1749 1745/1745/1745 1748/1748/1748
f 1744/1744/1744 1750/1750/1750 1740/1740/1740
f 1750/1750/1750 1744/1744/1744 1749/1749/1749
f 1751/1751/1751 1750/1750/1750 1749/1749/1749
f 1740/1740/1740 1750/1750/1750 1751/1751/1751
f 1741/1741/1741 1752/1752/1752 1747/1747/1747
f 1752/1752/1752 1748/1748/1748 1747/1747/1747
f 1753/1753/1753 1749/1749/1749 1748/1748/1748
f 1753/1753/1753 1751/1751/1751 1749/1749/1749
f 1754/1754/1754 1748/1748/1748 1752/1752/1752
f 1754/1754/1754 1753/1753/1753 1748/1748/1748
f 1755/1755/1755 1752/1752/1752 1741/1741/1741
f 1755/1755/1755 1754/1754/1754 1752/1752/1752
f 1741/1741/1741 1740/1740/1740 1756/1756/1756
f 1755/1755/1755 1741/1741/1741 1756/1756/1756
f 1740/1740/1740 1751/1751/1751 1757/1757/1757
f 1740/1740/1740 1757/1757/1757 1756/1756/1756
f 1758/1758/1758 1751/1751/1751 1753/1753/1753
f 1751/1751/1751 1758/1758/1758 1757/1757/1757
f 1759/1759/1759 1753/1753/1753 1754/1754/1754
f 1759/1759/1759 1758/1758/1758 1753/1753/1753
f 1760/1760/1760 1754/1754/1754 1755/1755/1755
f 1760/1760/1760 1759/1759/1759 1754/1754/1754
f 1755/1755/1755 1756/1756/1756 1761/1761/1761
f 1761/1761/1761 1760/1760/1760 1755/1755/1755
f 1762/1762/1762 1757/1757/1757 1758/1758/1758
f 1763/1763/1763 1758/1758/1758 1759/1759/1759
f 1763/1763/1763 1762/1762/1762 1758/1758/1758
f 1764/1764/1764 1756/1756/1756 1757/1757/1757
f 1762/1762/1762 1764/1764/1764 1757/1757/1757
f 1765/1765/1765 1759/1759/1759 1760/1760/1760
f 1765/1765/1765 1763/1763/1763 1759/1759/1759
f 1766/1766/1766 1760/1760/1760 1761/1761/1761
f 1766/1766/1766 1765/1765/1765 1760/1760/1760
f 1767/1767/1767 1761/1761/1761 1756/1756/1756
f 1764/1764/1764 1767/1767/1767 1756/1756/1756
f 1767/1767/1767 1766/1766/1766 1761/1761/1761
f 1768/1768/1768 1762/1762/1762 1763/1763/1763
f 1769/1769/1769 1763/1763/1763 1765/1765/1765
f 1769/1769/1769 1768/1768/1768 1763/1763/1763
f 1770/1770/1770 1764/1764/1764 1762/1762/1762
f 1768/1768/1768 1770/1770/1770 1762/1762/1762
f 1770/1770/1770 1771/1771/1771 1764/1764/1764
f 1770/1770/1770 1768/1768/1768 1771/1771/1771
f 1771/1771/1771 1767/1767/1767 1764/1764/1764
f 1768/1768/1768 1769/1769/1769 1771/1771/1771
f 1771/1771/1771 1772/1772/1772 1767/1767/1767
f 1772/1772/1772 1766/1766/1766 1767/1767/1767
f 1771/1771/1771 1769/1769/1769 1772/1772/1772
f 1773/1773/1773 1765/1765/1765 1766/1766/1766
f 1772/1772/1772 1773/1773/1773 1766/1766/1766
f 1773/1773/1773 1769/1769/1769 1765/1765/1765
f 1769/1769/1769 1773/1773/1773 1772/1772/1772
f 1776/1776/1776 1775/1775/1775 1774/1774/1774
f 1775/1775/1775 1777/1777/1777 1774/1774/1774
f 1778/1778/1778 1776/1776/1776 1774/1774/1774
f 1779/1779/1779 1776/1776/1776 1778/1778/1778
f 1777/1777/1777 1780/1780/1780 1774/1774/1774
f 1777/1777/1777 1781/1781/1781 1780/1780/1780
f 1778/1778/1778 1774/1774/1774 1782/1782/1782
f 1774/1774/1774 1780/1780/1780 1782/1782/1782
f 1783/1783/1783 1779/1779/1779 1778/1778/1778
f 1784/1784/1784 1779/1779/1779 1783/1783/1783
f 1781/1781/1781 1785/1785/1785 1780/1780/1780
f 1781/1781/1781 1786/1786/1786 1785/1785/1785
f 1787/1787/1787 1778/1778/1778 1782/1782/1782
f 1783/1783/1783 1778/1778/1778 1787/1787/1787
f 1780/1780/1780 1788/1788/1788 1782/1782/1782
f 1780/1780/1780 1785/1785/1785 1788/1788/1788
f 1786/1786/1786 1789/1789/1789 1785/1785/1785
f 1786/1786/1786 1790/1790/1790 1789/1789/1789
f 1787/1787/1787 1782/1782/1782 1791/1791/1791
f 1782/1782/1782 1788/1788/1788 1791/1791/1791
f 1785/1785/1785 1792/1792/1792 1788/1788/1788
f 1785/1785/1785 1789/1789/1789 1792/1792/1792
f 1788/1788/1788 1793/1793/1793 1791/1791/1791
f 1788/1788/1788 1792/1792/1792 1793/1793/1793
f 1794/1794/1794 1783/1783/1783 1787/1787/1787
f 1795/1795/1795 1787/1787/1787 1791/1791/1791
f 1794/1794/1794 1787/1787/1787 1795/1795/1795
f 1791/1791/1791 1793/1793/1793 1796/1796/1796
f 1795/1795/1795 1791/1791/1791 1796/1796/1796
f 1797/1797/1797 1783/1783/1783 1794/1794/1794
f 1797/1797/1797 1784/1784/1784 1783/1783/1783
f 1790/1790/1790 1798/1798/1798 1789/1789/1789
f 1789/1789/1789 1799/1799/1799 1792/1792/1792
f 1789/1789/1789 1798/1798/1798 1799/1799/1799
f 1792/1792/1792 1800/1800/1800 1793/1793/1793
f 1792/1792/1792 1799/1799/1799 1800/1800/1800
f 1793/1793/1793 1801/1801/1801 1796/1796/1796
f 1793/1793/1793 1800/1800/1800 1801/1801/1801
f 1802/1802/1802 1795/1795/1795 1796/1796/1796
f 1802/1802/1802 1796/1796/1796 1801/1801/1801
f 1803/1803/1803 1794/1794/1794 1795/1795/1795
f 1803/1803/1803 1795/1795/1795 1802/1802/1802
f 1804/1804/1804 1797/1797/1797 1794/1794/1794
f 1804/1804/1804 1794/1794/1794 1803/1803/1803
f 1798/1798/1798 1790/1790/1790 1805/1805/1805
f 1790/1790/1790 1806/1806/1806 1805/1805/1805
f 1805/1805/1805 1806/1806/1806 1807/1807/1807
f 1806/1806/1806 1808/1808/1808 1807/1807/1807
f 1807/1807/1807 1808/1808/1808 1809/1809/1809
f 1808/1808/1808 1810/1810/1810 1809/1809/1809
f 1809/1809/1809 1810/1810/1810 1811/1811/1811
f 1810/1810/1810 1812/1812/1812 1811/1811/1811
f 1812/1812/1812 1813/1813/1813 1811/1811/1811
f 1813/1813/1813 1814/1814/1814 1811/1811/1811
f 1813/1813/1813 1815/1815/1815 1814/1814/1814
f 1809/1809/1809 1811/1811/1811 1816/1816/1816
f 1811/1811/1811 1814/1814/1814 1816/1816/1816
f 1807/1807/1807 1809/1809/1809 1817/1817/1817
f 1817/1817/1817 1809/1809/1809 1816/1816/1816
f 1805/1805/1805 1807/1807/1807 1818/1818/1818
f 1818/1818/1818 1807/1807/1807 1817/1817/1817
f 1798/1798/1798 1805/1805/1805 1819/1819/1819
f 1819/1819/1819 1805/1805/1805 1818/1818/1818
f 1815/1815/1815 1820/1820/1820 1814/1814/1814
f 1815/1815/1815 1821/1821/1821 1820/1820/1820
f 1814/1814/1814 1822/1822/1822 1816/1816/1816
f 1814/1814/1814 1820/1820/1820 1822/1822/1822
f 1817/1817/1817 1816/1816/1816 1823/1823/1823
f 1816/1816/1816 1822/1822/1822 1823/1823/1823
f 1818/1818/1818 1817/1817/1817 1824/1824/1824
f 1824/1824/1824 1817/1817/1817 1823/1823/1823
f 1825/1825/1825 1798/1798/1798 1819/1819/1819
f 1798/1798/1798 1825/1825/1825 1799/1799/1799
f 1819/1819/1819 1818/1818/1818 1826/1826/1826
f 1826/1826/1826 1818/1818/1818 1824/1824/1824
f 1799/1799/1799 1825/1825/1825 1827/1827/1827
f 1799/1799/1799 1827/1827/1827 1800/1800/1800
f 1825/1825/1825 1819/1819/1819 1828/1828/1828
f 1828/1828/1828 1819/1819/1819 1826/1826/1826
f 1800/1800/1800 1827/1827/1827 1829/1829/1829
f 1800/1800/1800 1829/1829/1829 1801/1801/1801
f 1825/1825/1825 1830/1830/1830 1827/1827/1827
f 1830/1830/1830 1825/1825/1825 1828/1828/1828
f 1831/1831/1831 1801/1801/1801 1829/1829/1829
f 1831/1831/1831 1802/1802/1802 1801/1801/1801
f 1827/1827/1827 1832/1832/1832 1829/1829/1829
f 1827/1827/1827 1830/1830/1830 1832/1832/1832
f 1833/1833/1833 1802/1802/1802 1831/1831/1831
f 1833/1833/1833 1803/1803/1803 1802/1802/1802
f 1834/1834/1834 1831/1831/1831 1829/1829/1829
f 1834/1834/1834 1829/1829/1829 1832/1832/1832
f 1835/1835/1835 1803/1803/1803 1833/1833/1833
f 1835/1835/1835 1804/1804/1804 1803/1803/1803
f 1836/1836/1836 1833/1833/1833 1831/1831/1831
f 1836/1836/1836 1831/1831/1831 1834/1834/1834
f 1837/1837/1837 1835/1835/1835 1833/1833/1833
f 1837/1837/1837 1833/1833/1833 1836/1836/1836
f 1830/1830/1830 1828/1828/1828 1838/1838/1838
f 1830/1830/1830 1839/1839/1839 1832/1832/1832
f 1839/1839/1839 1830/1830/1830 1838/1838/1838
f 1840/1840/1840 1834/1834/1834 1832/1832/1832
f 1840/1840/1840 1832/1832/1832 1839/1839/1839
f 1841/1841/1841 1836/1836/1836 1834/1834/1834
f 1841/1841/1841 1834/1834/1834 1840/1840/1840
f 1842/1842/1842 1837/1837/1837 1836/1836/1836
f 1842/1842/1842 1836/1836/1836 1841/1841/1841
f 1838/1838/1838 1828/1828/1828 1843/1843/1843
f 1828/1828/1828 1826/1826/1826 1843/1843/1843
f 1843/1843/1843 1826/1826/1826 1844/1844/1844
f 1826/1826/1826 1824/1824/1824 1844/1844/1844
f 1844/1844/1844 1824/1824/1824 1845/1845/1845
f 1824/1824/1824 1823/1823/1823 1845/1845/1845
f 1823/1823/1823 1846/1846/1846 1845/1845/1845
f 1822/1822/1822 1846/1846/1846 1823/1823/1823
f 1845/1845/1845 1847/1847/1847 1844/1844/1844
f 1846/1846/1846 1847/1847/1847 1845/1845/1845
f 1844/1844/1844 1848/1848/1848 1843/1843/1843
f 1847/1847/1847 1848/1848/1848 1844/1844/1844
f 1843/1843/1843 1849/1849/1849 1838/1838/1838
f 1848/1848/1848 1849/1849/1849 1843/1843/1843
f 1822/1822/1822 1850/1850/1850 1846/1846/1846
f 1820/1820/1820 1850/1850/1850 1822/1822/1822
f 1846/1846/1846 1851/1851/1851 1847/1847/1847
f 1850/1850/1850 1851/1851/1851 1846/1846/1846
f 1847/1847/1847 1852/1852/1852 1848/1848/1848
f 1851/1851/1851 1852/1852/1852 1847/1847/1847
f 1820/1820/1820 1853/1853/1853 1850/1850/1850
f 1821/1821/1821 1853/1853/1853 1820/1820/1820
f 1850/1850/1850 1854/1854/1854 1851/1851/1851
f 1853/1853/1853 1854/1854/1854 1850/1850/1850
f 1849/1849/1849 1855/1855/1855 1838/1838/1838
f 1838/1838/1838 1855/1855/1855 1839/1839/1839
f 1848/1848/1848 1856/1856/1856 1849/1849/1849
f 1852/1852/1852 1856/1856/1856 1848/1848/1848
f 1851/1851/1851 1857/1857/1857 1852/1852/1852
f 1854/1854/1854 1857/1857/1857 1851/1851/1851
f 1855/1855/1855 1858/1858/1858 1839/1839/1839
f 1858/1858/1858 1840/1840/1840 1839/1839/1839
f 1849/1849/1849 1859/1859/1859 1855/1855/1855
f 1856/1856/1856 1859/1859/1859 1849/1849/1849
f 1852/1852/1852 1860/1860/1860 1856/1856/1856
f 1857/1857/1857 1860/1860/1860 1852/1852/1852
f 1861/1861/1861 1840/1840/1840 1858/1858/1858
f 1861/1861/1861 1841/1841/1841 1840/1840/1840
f 1855/1855/1855 1862/1862/1862 1858/1858/1858
f 1859/1859/1859 1862/1862/1862 1855/1855/1855
f 1856/1856/1856 1863/1863/1863 1859/1859/1859
f 1860/1860/1860 1863/1863/1863 1856/1856/1856
f 1864/1864/1864 1841/1841/1841 1861/1861/1861
f 1864/1864/1864 1842/1842/1842 1841/1841/1841
f 1865/1865/1865 1861/1861/1861 1858/1858/1858
f 1862/1862/1862 1865/1865/1865 1858/1858/1858
f 1859/1859/1859 1866/1866/1866 1862/1862/1862
f 1863/1863/1863 1866/1866/1866 1859/1859/1859
f 1867/1867/1867 1864/1864/1864 1861/1861/1861
f 1867/1867/1867 1861/1861/1861 1865/1865/1865
f 1862/1862/1862 1868/1868/1868 1865/1865/1865
f 1866/1866/1866 1868/1868/1868 1862/1862/1862
f 1869/1869/1869 1867/1867/1867 1865/1865/1865
f 1868/1868/1868 1869/1869/1869 1865/1865/1865
f 1860/1860/1860 1870/1870/1870 1863/1863/1863
f 1863/1863/1863 1871/1871/1871 1866/1866/1866
f 1870/1870/1870 1871/1871/1871 1863/1863/1863
f 1872/1872/1872 1870/1870/1870 1860/1860/1860
f 1871/1871/1871 1870/1870/1870 1872/1872/1872
f 1857/1857/1857 1872/1872/1872 1860/1860/1860
f 1866/1866/1866 1873/1873/1873 1868/1868/1868
f 1871/1871/1871 1873/1873/1873 1866/1866/1866
f 1874/1874/1874 1872/1872/1872 1857/1857/1857
f 1854/1854/1854 1874/1874/1874 1857/1857/1857
f 1875/1875/1875 1871/1871/1871 1872/1872/1872
f 1873/1873/1873 1871/1871/1871 1875/1875/1875
f 1875/1875/1875 1872/1872/1872 1874/1874/1874
f 1873/1873/1873 1876/1876/1876 1868/1868/1868
f 1868/1868/1868 1876/1876/1876 1869/1869/1869
f 1877/1877/1877 1874/1874/1874 1854/1854/1854
f 1853/1853/1853 1877/1877/1877 1854/1854/1854
f 1878/1878/1878 1875/1875/1875 1874/1874/1874
f 1878/1878/1878 1874/1874/1874 1877/1877/1877
f 1879/1879/1879 1873/1873/1873 1875/1875/1875
f 1876/1876/1876 1873/1873/1873 1879/1879/1879
f 1879/1879/1879 1875/1875/1875 1878/1878/1878
f 1880/1880/1880 1877/1877/1877 1853/1853/1853
f 1821/1821/1821 1880/1880/1880 1853/1853/1853
f 1881/1881/1881 1878/1878/1878 1877/1877/1877
f 1881/1881/1881 1877/1877/1877 1880/1880/1880
f 1882/1882/1882 1880/1880/1880 1821/1821/1821
f 1882/1882/1882 1881/1881/1881 1880/1880/1880
f 1883/1883/1883 1882/1882/1882 1821/1821/1821
f 1884/1884/1884 1879/1879/1879 1878/1878/1878
f 1884/1884/1884 1878/1878/1878 1881/1881/1881
f 1885/1885/1885 1876/1876/1876 1879/1879/1879
f 1885/1885/1885 1879/1879/1879 1884/1884/1884
f 1886/1886/1886 1881/1881/1881 1882/1882/1882
f 1886/1886/1886 1884/1884/1884 1881/1881/1881
f 1887/1887/1887 1882/1882/1882 1883/1883/1883
f 1887/1887/1887 1886/1886/1886 1882/1882/1882
f 1888/1888/1888 1887/1887/1887 1883/1883/1883
f 1889/1889/1889 1884/1884/1884 1886/1886/1886
f 1889/1889/1889 1885/1885/1885 1884/1884/1884
f 1890/1890/1890 1876/1876/1876 1885/1885/1885
f 1876/1876/1876 1890/1890/1890 1869/1869/1869
f 1891/1891/1891 1887/1887/1887 1888/1888/1888
f 1892/1892/1892 1891/1891/1891 1888/1888/1888
f 1893/1893/1893 1886/1886/1886 1887/1887/1887
f 1893/1893/1893 1889/1889/1889 1886/1886/1886
f 1891/1891/1891 1893/1893/1893 1887/1887/1887
f 1894/1894/1894 1885/1885/1885 1889/1889/1889
f 1894/1894/1894 1890/1890/1890 1885/1885/1885
f 1890/1890/1890 1895/1895/1895 1869/1869/1869
f 1895/1895/1895 1867/1867/1867 1869/1869/1869
f 1896/1896/1896 1891/1891/1891 1892/1892/1892
f 1897/1897/1897 1896/1896/1896 1892/1892/1892
f 1896/1896/1896 1897/1897/1897 1898/1898/1898
f 1899/1899/1899 1889/1889/1889 1893/1893/1893
f 1899/1899/1899 1894/1894/1894 1889/1889/1889
f 1900/1900/1900 1893/1893/1893 1891/1891/1891
f 1896/1896/1896 1900/1900/1900 1891/1891/1891
f 1900/1900/1900 1899/1899/1899 1893/1893/1893
f 1901/1901/1901 1896/1896/1896 1898/1898/1898
f 1900/1900/1900 1896/1896/1896 1901/1901/1901
f 1901/1901/1901 1898/1898/1898 1902/1902/1902
f 1890/1890/1890 1894/1894/1894 1903/1903/1903
f 1895/1895/1895 1890/1890/1890 1903/1903/1903
f 1895/1895/1895 1904/1904/1904 1867/1867/1867
f 1904/1904/1904 1864/1864/1864 1867/1867/1867
f 1894/1894/1894 1899/1899/1899 1905/1905/1905
f 1903/1903/1903 1894/1894/1894 1905/1905/1905
f 1899/1899/1899 1900/1900/1900 1906/1906/1906
f 1906/1906/1906 1900/1900/1900 1901/1901/1901
f 1905/1905/1905 1899/1899/1899 1906/1906/1906
f 1907/1907/1907 1901/1901/1901 1902/1902/1902
f 1906/1906/1906 1901/1901/1901 1907/1907/1907
f 1907/1907/1907 1902/1902/1902 1908/1908/1908
f 1895/1895/1895 1903/1903/1903 1909/1909/1909
f 1904/1904/1904 1895/1895/1895 1909/1909/1909
f 1904/1904/1904 1910/1910/1910 1864/1864/1864
f 1910/1910/1910 1842/1842/1842 1864/1864/1864
f 1903/1903/1903 1905/1905/1905 1911/1911/1911
f 1909/1909/1909 1903/1903/1903 1911/1911/1911
f 1905/1905/1905 1906/1906/1906 1912/1912/1912
f 1912/1912/1912 1906/1906/1906 1907/1907/1907
f 1911/1911/1911 1905/1905/1905 1912/1912/1912
f 1913/1913/1913 1907/1907/1907 1908/1908/1908
f 1912/1912/1912 1907/1907/1907 1913/1913/1913
f 1913/1913/1913 1908/1908/1908 1784/1784/1784
f 1904/1904/1904 1909/1909/1909 1914/1914/1914
f 1910/1910/1910 1904/1904/1904 1914/1914/1914
f 1910/1910/1910 1915/1915/1915 1842/1842/1842
f 1915/1915/1915 1837/1837/1837 1842/1842/1842
f 1915/1915/1915 1910/1910/1910 1916/1916/1916
f 1915/1915/1915 1916/1916/1916 1837/1837/1837
f 1910/1910/1910 1914/1914/1914 1916/1916/1916
f 1916/1916/1916 1835/1835/1835 1837/1837/1837
f 1916/1916/1916 1917/1917/1917 1835/1835/1835
f 1916/1916/1916 1914/1914/1914 1917/1917/1917
f 1917/1917/1917 1804/1804/1804 1835/1835/1835
f 1914/1914/1914 1909/1909/1909 1918/1918/1918
f 1914/1914/1914 1918/1918/1918 1917/1917/1917
f 1909/1909/1909 1911/1911/1911 1918/1918/1918
f 1917/1917/1917 1919/1919/1919 1804/1804/1804
f 1917/1917/1917 1918/1918/1918 1919/1919/1919
f 1919/1919/1919 1797/1797/1797 1804/1804/1804
f 1918/1918/1918 1911/1911/1911 1920/1920/1920
f 1918/1918/1918 1920/1920/1920 1919/1919/1919
f 1911/1911/1911 1912/1912/1912 1920/1920/1920
f 1920/1920/1920 1912/1912/1912 1913/1913/1913
f 1919/1919/1919 1921/1921/1921 1797/1797/1797
f 1919/1919/1919 1920/1920/1920 1921/1921/1921
f 1920/1920/1920 1913/1913/1913 1921/1921/1921
f 1921/1921/1921 1784/1784/1784 1797/1797/1797
f 1921/1921/1921 1913/1913/1913 1784/1784/1784
f 1924/1924/1924 1923/1923/1923 1922/1922/1922
f 1923/1923/1923 1925/1925/1925 1922/1922/1922
f 1926/1926/1926 1924/1924/1924 1922/1922/1922
f 1927/1927/1927 1924/1924/1924 1926/1926/1926
f 1925/1925/1925 1928/1928/1928 1922/1922/1922
f 1925/1925/1925 1929/1929/1929 1928/1928/1928
f 1926/1926/1926 1922/1922/1922 1930/1930/1930
f 1922/1922/1922 1928/1928/1928 1930/1930/1930
f 1931/1931/1931 1926/1926/1926 1930/1930/1930
f 1928/1928/1928 1932/1932/1932 1930/1930/1930
f 1933/1933/1933 1927/1927/1927 1926/1926/1926
f 1933/1933/1933 1926/1926/1926 1931/1931/1931
f 1934/1934/1934 1933/1933/1933 1931/1931/1931
f 1935/1935/1935 1927/1927/1927 1933/1933/1933
f 1934/1934/1934 1936/1936/1936 1933/1933/1933
f 1929/1929/1929 1937/1937/1937 1928/1928/1928
f 1928/1928/1928 1937/1937/1937 1932/1932/1932
f 1937/1937/1937 1938/1938/1938 1932/1932/1932
f 1929/1929/1929 1939/1939/1939 1937/1937/1937
f 1940/1940/1940 1938/1938/1938 1937/1937/1937
f 1941/1941/1941 1935/1935/1935 1933/1933/1933
f 1936/1936/1936 1941/1941/1941 1933/1933/1933
f 1942/1942/1942 1935/1935/1935 1941/1941/1941
f 1941/1941/1941 1936/1936/1936 1943/1943/1943
f 1939/1939/1939 1944/1944/1944 1937/1937/1937
f 1944/1944/1944 1940/1940/1940 1937/1937/1937
f 1939/1939/1939 1945/1945/1945 1944/1944/1944
f 1940/1940/1940 1944/1944/1944 1946/1946/1946
f 1947/1947/1947 1942/1942/1942 1941/1941/1941
f 1947/1947/1947 1941/1941/1941 1943/1943/1943
f 1948/1948/1948 1942/1942/1942 1947/1947/1947
f 1947/1947/1947 1943/1943/1943 1949/1949/1949
f 1945/1945/1945 1950/1950/1950 1944/1944/1944
f 1944/1944/1944 1950/1950/1950 1946/1946/1946
f 1945/1945/1945 1951/1951/1951 1950/1950/1950
f 1946/1946/1946 1950/1950/1950 1952/1952/1952
f 1953/1953/1953 1948/1948/1948 1947/1947/1947
f 1953/1953/1953 1947/1947/1947 1949/1949/1949
f 1954/1954/1954 1948/1948/1948 1953/1953/1953
f 1951/1951/1951 1955/1955/1955 1950/1950/1950
f 1950/1950/1950 1955/1955/1955 1952/1952/1952
f 1951/1951/1951 1956/1956/1956 1955/1955/1955
f 1953/1953/1953 1949/1949/1949 1957/1957/1957
f 1957/1957/1957 1954/1954/1954 1953/1953/1953
f 1949/1949/1949 1958/1958/1958 1957/1957/1957
f 1959/1959/1959 1954/1954/1954 1957/1957/1957
f 1952/1952/1952 1955/1955/1955 1960/1960/1960
f 1956/1956/1956 1960/1960/1960 1955/1955/1955
f 1961/1961/1961 1952/1952/1952 1960/1960/1960
f 1956/1956/1956 1962/1962/1962 1960/1960/1960
f 1963/1963/1963 1957/1957/1957 1958/1958/1958
f 1963/1963/1963 1959/1959/1959 1957/1957/1957
f 1964/1964/1964 1963/1963/1963 1958/1958/1958
f 1965/1965/1965 1959/1959/1959 1963/1963/1963
f 1960/1960/1960 1966/1966/1966 1961/1961/1961
f 1962/1962/1962 1966/1966/1966 1960/1960/1960
f 1966/1966/1966 1967/1967/1967 1961/1961/1961
f 1962/1962/1962 1968/1968/1968 1966/1966/1966
f 1969/1969/1969 1963/1963/1963 1964/1964/1964
f 1969/1969/1969 1965/1965/1965 1963/1963/1963
f 1970/1970/1970 1969/1969/1969 1964/1964/1964
f 1971/1971/1971 1965/1965/1965 1969/1969/1969
f 1966/1966/1966 1972/1972/1972 1967/1967/1967
f 1968/1968/1968 1972/1972/1972 1966/1966/1966
f 1972/1972/1972 1973/1973/1973 1967/1967/1967
f 1968/1968/1968 1974/1974/1974 1972/1972/1972
f 1969/1969/1969 1970/1970/1970 1975/1975/1975
f 1975/1975/1975 1971/1971/1971 1969/1969/1969
f 1970/1970/1970 1976/1976/1976 1975/1975/1975
f 1977/1977/1977 1971/1971/1971 1975/1975/1975
f 1975/1975/1975 1976/1976/1976 1978/1978/1978
f 1973/1973/1973 1972/1972/1972 1979/1979/1979
f 1974/1974/1974 1979/1979/1979 1972/1972/1972
f 1980/1980/1980 1973/1973/1973 1979/1979/1979
f 1974/1974/1974 1981/1981/1981 1979/1979/1979
f 1980/1980/1980 1979/1979/1979 1982/1982/1982
f 1983/1983/1983 1977/1977/1977 1975/1975/1975
f 1983/1983/1983 1975/1975/1975 1978/1978/1978
f 1984/1984/1984 1977/1977/1977 1983/1983/1983
f 1983/1983/1983 1978/1978/1978 1985/1985/1985
f 1981/1981/1981 1986/1986/1986 1979/1979/1979
f 1979/1979/1979 1986/1986/1986 1982/1982/1982
f 1981/1981/1981 1984/1984/1984 1986/1986/1986
f 1982/1982/1982 1986/1986/1986 1985/1985/1985
f 1987/1987/1987 1983/1983/1983 1985/1985/1985
f 1987/1987/1987 1984/1984/1984 1983/1983/1983
f 1986/1986/1986 1987/1987/1987 1985/1985/1985
f 1984/1984/1984 1987/1987/1987 1986/1986/1986
f 1988/1988/1988 1715/1715/1715 1714/1714/1714
f 1742/1742/1742 1715/1715/1715 1988/1988/1988
f 1989/1989/1989 1988/1988/1988 1714/1714/1714
f 1990/1990/1990 1742/1742/1742 1988/1988/1988
f 1989/1989/1989 1990/1990/1990 1988/1988/1988
f 1991/1991/1991 1989/1989/1989 1714/1714/1714
f 1991/1991/1991 1714/1714/1714 1717/1717/1717
f 1990/1990/1990 1992/1992/1992 1742/1742/1742
f 1992/1992/1992 1736/1736/1736 1742/1742/1742
f 1993/1993/1993 1991/1991/1991 1717/1717/1717
f 1993/1993/1993 1717/1717/1717 1721/1721/1721
f 1992/1992/1992 1994/1994/1994 1736/1736/1736
f 1994/1994/1994 1735/1735/1735 1736/1736/1736
f 1995/1995/1995 1993/1993/1993 1721/1721/1721
f 1995/1995/1995 1721/1721/1721 1720/1720/1720
f 1994/1994/1994 1996/1996/1996 1735/1735/1735
f 1996/1996/1996 1734/1734/1734 1735/1735/1735
f 1996/1996/1996 1997/1997/1997 1734/1734/1734
f 1997/1997/1997 1722/1722/1722 1734/1734/1734
f 1998/1998/1998 1720/1720/1720 1722/1722/1722
f 1998/1998/1998 1995/1995/1995 1720/1720/1720
f 1997/1997/1997 1998/1998/1998 1722/1722/1722
f 1999/1999/1999 1996/1996/1996 1994/1994/1994
f 1999/1999/1999 1997/1997/1997 1996/1996/1996
f 2000/2000/2000 1994/1994/1994 1992/1992/1992
f 2000/2000/2000 1999/1999/1999 1994/1994/1994
f 2001/2001/2001 2000/2000/2000 1992/1992/1992
f 2001/2001/2001 1992/1992/1992 1990/1990/1990
f 2002/2002/2002 1993/1993/1993 1995/1995/1995
f 2003/2003/2003 1995/1995/1995 1998/1998/1998
f 2003/2003/2003 2002/2002/2002 1995/1995/1995
f 2004/2004/2004 1998/1998/1998 1997/1997/1997
f 2004/2004/2004 2003/2003/2003 1998/1998/1998
f 2005/2005/2005 1997/1997/1997 1999/1999/1999
f 2005/2005/2005 2004/2004/2004 1997/1997/1997
f 2004/2004/2004 2006/2006/2006 2003/2003/2003
f 2004/2004/2004 2005/2005/2005 2006/2006/2006
f 2003/2003/2003 2006/2006/2006 2002/2002/2002
f 2007/2007/2007 2005/2005/2005 1999/1999/1999
f 2007/2007/2007 1999/1999/1999 2000/2000/2000
f 2005/2005/2005 2007/2007/2007 2006/2006/2006
f 2008/2008/2008 2000/2000/2000 2001/2001/2001
f 2008/2008/2008 2007/2007/2007 2000/2000/2000
f 2006/2006/2006 2007/2007/2007 2009/2009/2009
f 2007/2007/2007 2008/2008/2008 2009/2009/2009
f 2006/2006/2006 2009/2009/2009 2002/2002/2002
f 2010/2010/2010 2008/2008/2008 2001/2001/2001
f 2008/2008/2008 2010/2010/2010 2009/2009/2009
f 2010/2010/2010 2001/2001/2001 1990/1990/1990
f 2009/2009/2009 2011/2011/2011 2002/2002/2002
f 2010/2010/2010 2011/2011/2011 2009/2009/2009
f 2012/2012/2012 2010/2010/2010 1990/1990/1990
f 2012/2012/2012 1990/1990/1990 1989/1989/1989
f 2010/2010/2010 2012/2012/2012 2013/2013/2013
f 2013/2013/2013 2012/2012/2012 1989/1989/1989
f 2011/2011/2011 2010/2010/2010 2013/2013/2013
f 2013/2013/2013 1989/1989/1989 1991/1991/1991
f 2011/2011/2011 2014/2014/2014 2002/2002/2002
f 2011/2011/2011 2013/2013/2013 2014/2014/2014
f 2014/2014/2014 2013/2013/2013 1991/1991/1991
f 2002/2002/2002 2014/2014/2014 1993/1993/1993
f 2014/2014/2014 1991/1991/1991 1993/1993/1993
f 2017/2017/2017 2016/2016/2016 2015/2015/2015
f 2016/2016/2016 2017/2017/2017 2018/2018/2018
f 2016/2016/2016 2019/2019/2019 2015/2015/2015
f 2020/2020/2020 2015/2015/2015 2019/2019/2019
f 2021/2021/2021 2016/2016/2016 2018/2018/2018
f 2016/2016/2016 2022/2022/2022 2019/2019/2019
f 2022/2022/2022 2016/2016/2016 2021/2021/2021
f 2023/2023/2023 2021/2021/2021 2018/2018/2018
f 2024/2024/2024 2023/2023/2023 2018/2018/2018
f 2025/2025/2025 2023/2023/2023 2024/2024/2024
f 2026/2026/2026 2025/2025/2025 2024/2024/2024
f 2025/2025/2025 2026/2026/2026 2027/2027/2027
f 2028/2028/2028 2025/2025/2025 2027/2027/2027
f 2028/2028/2028 2027/2027/2027 2029/2029/2029
f 2025/2025/2025 2030/2030/2030 2023/2023/2023
f 2030/2030/2030 2025/2025/2025 2028/2028/2028
f 2023/2023/2023 2031/2031/2031 2021/2021/2021
f 2030/2030/2030 2031/2031/2031 2023/2023/2023
f 2032/2032/2032 2022/2022/2022 2021/2021/2021
f 2031/2031/2031 2032/2032/2032 2021/2021/2021
f 2033/2033/2033 2020/2020/2020 2019/2019/2019
f 2022/2022/2022 2034/2034/2034 2019/2019/2019
f 2033/2033/2033 2019/2019/2019 2034/2034/2034
f 2035/2035/2035 2022/2022/2022 2032/2032/2032
f 2022/2022/2022 2035/2035/2035 2034/2034/2034
f 2033/2033/2033 2036/2036/2036 2020/2020/2020
f 2036/2036/2036 2037/2037/2037 2020/2020/2020
f 2037/2037/2037 2036/2036/2036 2029/2029/2029
f 2038/2038/2038 2028/2028/2028 2029/2029/2029
f 2036/2036/2036 2038/2038/2038 2029/2029/2029
f 2039/2039/2039 2030/2030/2030 2028/2028/2028
f 2039/2039/2039 2028/2028/2028 2038/2038/2038
f 2030/2030/2030 2040/2040/2040 2031/2031/2031
f 2040/2040/2040 2030/2030/2030 2039/2039/2039
f 2031/2031/2031 2041/2041/2041 2032/2032/2032
f 2040/2040/2040 2041/2041/2041 2031/2031/2031
f 2040/2040/2040 2042/2042/2042 2041/2041/2041
f 2043/2043/2043 2036/2036/2036 2033/2033/2033
f 2036/2036/2036 2043/2043/2043 2038/2038/2038
f 2044/2044/2044 2040/2040/2040 2039/2039/2039
f 2042/2042/2042 2040/2040/2040 2044/2044/2044
f 2045/2045/2045 2039/2039/2039 2038/2038/2038
f 2043/2043/2043 2045/2045/2045 2038/2038/2038
f 2044/2044/2044 2039/2039/2039 2045/2045/2045
f 2041/2041/2041 2046/2046/2046 2032/2032/2032
f 2046/2046/2046 2035/2035/2035 2032/2032/2032
f 2047/2047/2047 2043/2043/2043 2033/2033/2033
f 2047/2047/2047 2033/2033/2033 2034/2034/2034
f 2043/2043/2043 2048/2048/2048 2045/2045/2045
f 2048/2048/2048 2043/2043/2043 2047/2047/2047
f 2049/2049/2049 2044/2044/2044 2045/2045/2045
f 2048/2048/2048 2049/2049/2049 2045/2045/2045
f 2047/2047/2047 2034/2034/2034 2050/2050/2050
f 2035/2035/2035 2050/2050/2050 2034/2034/2034
f 2051/2051/2051 2047/2047/2047 2050/2050/2050
f 2051/2051/2051 2048/2048/2048 2047/2047/2047
f 2035/2035/2035 2052/2052/2052 2050/2050/2050
f 2051/2051/2051 2050/2050/2050 2052/2052/2052
f 2053/2053/2053 2048/2048/2048 2051/2051/2051
f 2053/2053/2053 2051/2051/2051 2052/2052/2052
f 2054/2054/2054 2052/2052/2052 2035/2035/2035
f 2035/2035/2035 2046/2046/2046 2054/2054/2054
f 2055/2055/2055 2044/2044/2044 2049/2049/2049
f 2055/2055/2055 2042/2042/2042 2044/2044/2044
f 2049/2049/2049 2048/2048/2048 2056/2056/2056
f 2053/2053/2053 2056/2056/2056 2048/2048/2048
f 2057/2057/2057 2049/2049/2049 2056/2056/2056
f 2049/2049/2049 2057/2057/2057 2055/2055/2055
f 2057/2057/2057 2056/2056/2056 2058/2058/2058
f 2058/2058/2058 2056/2056/2056 2053/2053/2053
f 2053/2053/2053 2052/2052/2052 2059/2059/2059
f 2052/2052/2052 2054/2054/2054 2059/2059/2059
f 2055/2055/2055 2057/2057/2057 2060/2060/2060
f 2060/2060/2060 2057/2057/2057 2058/2058/2058
f 2058/2058/2058 2053/2053/2053 2061/2061/2061
f 2061/2061/2061 2053/2053/2053 2059/2059/2059
f 2055/2055/2055 2062/2062/2062 2042/2042/2042
f 2060/2060/2060 2062/2062/2062 2055/2055/2055
f 2060/2060/2060 2058/2058/2058 2063/2063/2063
f 2063/2063/2063 2058/2058/2058 2061/2061/2061
f 2054/2054/2054 2064/2064/2064 2059/2059/2059
f 2061/2061/2061 2059/2059/2059 2065/2065/2065
f 2064/2064/2064 2065/2065/2065 2059/2059/2059
f 2066/2066/2066 2063/2063/2063 2061/2061/2061
f 2066/2066/2066 2061/2061/2061 2065/2065/2065
f 2054/2054/2054 2067/2067/2067 2064/2064/2064
f 2046/2046/2046 2067/2067/2067 2054/2054/2054
f 2067/2067/2067 2046/2046/2046 2068/2068/2068
f 2041/2041/2041 2068/2068/2068 2046/2046/2046
f 2042/2042/2042 2068/2068/2068 2041/2041/2041
f 2069/2069/2069 2068/2068/2068 2042/2042/2042
f 2069/2069/2069 2067/2067/2067 2068/2068/2068
f 2062/2062/2062 2070/2070/2070 2042/2042/2042
f 2070/2070/2070 2069/2069/2069 2042/2042/2042
f 2071/2071/2071 2070/2070/2070 2062/2062/2062
f 2070/2070/2070 2071/2071/2071 2069/2069/2069
f 2069/2069/2069 2072/2072/2072 2067/2067/2067
f 2071/2071/2071 2072/2072/2072 2069/2069/2069
f 2067/2067/2067 2073/2073/2073 2064/2064/2064
f 2072/2072/2072 2073/2073/2073 2067/2067/2067
f 2064/2064/2064 2074/2074/2074 2065/2065/2065
f 2064/2064/2064 2073/2073/2073 2074/2074/2074
f 2075/2075/2075 2071/2071/2071 2062/2062/2062
f 2075/2075/2075 2062/2062/2062 2060/2060/2060
f 2071/2071/2071 2076/2076/2076 2072/2072/2072
f 2076/2076/2076 2071/2071/2071 2075/2075/2075
f 2072/2072/2072 2077/2077/2077 2073/2073/2073
f 2076/2076/2076 2077/2077/2077 2072/2072/2072
f 2076/2076/2076 2078/2078/2078 2077/2077/2077
f 2079/2079/2079 2075/2075/2075 2060/2060/2060
f 2079/2079/2079 2060/2060/2060 2063/2063/2063
f 2080/2080/2080 2076/2076/2076 2075/2075/2075
f 2078/2078/2078 2076/2076/2076 2080/2080/2080
f 2080/2080/2080 2075/2075/2075 2079/2079/2079
f 2077/2077/2077 2081/2081/2081 2073/2073/2073
f 2073/2073/2073 2081/2081/2081 2074/2074/2074
f 2074/2074/2074 2082/2082/2082 2065/2065/2065
f 2066/2066/2066 2065/2065/2065 2082/2082/2082
f 2079/2079/2079 2063/2063/2063 2083/2083/2083
f 2083/2083/2083 2063/2063/2063 2066/2066/2066
f 2084/2084/2084 2080/2080/2080 2079/2079/2079
f 2084/2084/2084 2079/2079/2079 2083/2083/2083
f 2085/2085/2085 2083/2083/2083 2066/2066/2066
f 2085/2085/2085 2066/2066/2066 2082/2082/2082
f 2074/2074/2074 2086/2086/2086 2082/2082/2082
f 2074/2074/2074 2081/2081/2081 2086/2086/2086
f 2077/2077/2077 2087/2087/2087 2081/2081/2081
f 2078/2078/2078 2087/2087/2087 2077/2077/2077
f 2088/2088/2088 2078/2078/2078 2080/2080/2080
f 2088/2088/2088 2080/2080/2080 2084/2084/2084
f 2084/2084/2084 2083/2083/2083 2089/2089/2089
f 2089/2089/2089 2083/2083/2083 2085/2085/2085
f 2085/2085/2085 2082/2082/2082 2090/2090/2090
f 2086/2086/2086 2090/2090/2090 2082/2082/2082
f 2081/2081/2081 2091/2091/2091 2086/2086/2086
f 2087/2087/2087 2091/2091/2091 2081/2081/2081
f 2086/2086/2086 2091/2091/2091 2092/2092/2092
f 2086/2086/2086 2092/2092/2092 2090/2090/2090
f 2093/2093/2093 2085/2085/2085 2090/2090/2090
f 2093/2093/2093 2089/2089/2089 2085/2085/2085
f 2094/2094/2094 2084/2084/2084 2089/2089/2089
f 2094/2094/2094 2088/2088/2088 2084/2084/2084
f 2087/2087/2087 2095/2095/2095 2091/2091/2091
f 2091/2091/2091 2095/2095/2095 2092/2092/2092
f 2096/2096/2096 2090/2090/2090 2092/2092/2092
f 2090/2090/2090 2096/2096/2096 2093/2093/2093
f 2097/2097/2097 2089/2089/2089 2093/2093/2093
f 2094/2094/2094 2089/2089/2089 2097/2097/2097
f 2098/2098/2098 2088/2088/2088 2094/2094/2094
f 2098/2098/2098 2094/2094/2094 2097/2097/2097
f 2093/2093/2093 2099/2099/2099 2097/2097/2097
f 2096/2096/2096 2099/2099/2099 2093/2093/2093
f 2100/2100/2100 2095/2095/2095 2087/2087/2087
f 2100/2100/2100 2087/2087/2087 2078/2078/2078
f 2092/2092/2092 2095/2095/2095 2101/2101/2101
f 2101/2101/2101 2096/2096/2096 2092/2092/2092
f 2088/2088/2088 2102/2102/2102 2078/2078/2078
f 2098/2098/2098 2102/2102/2102 2088/2088/2088
f 2098/2098/2098 2097/2097/2097 2103/2103/2103
f 2099/2099/2099 2103/2103/2103 2097/2097/2097
f 2104/2104/2104 2103/2103/2103 2099/2099/2099
f 2105/2105/2105 2098/2098/2098 2103/2103/2103
f 2102/2102/2102 2098/2098/2098 2105/2105/2105
f 2105/2105/2105 2103/2103/2103 2104/2104/2104
f 2095/2095/2095 2106/2106/2106 2101/2101/2101
f 2095/2095/2095 2100/2100/2100 2106/2106/2106
f 2101/2101/2101 2107/2107/2107 2096/2096/2096
f 2101/2101/2101 2106/2106/2106 2107/2107/2107
f 2099/2099/2099 2096/2096/2096 2108/2108/2108
f 2107/2107/2107 2108/2108/2108 2096/2096/2096
f 2109/2109/2109 2100/2100/2100 2078/2078/2078
f 2102/2102/2102 2109/2109/2109 2078/2078/2078
f 2109/2109/2109 2110/2110/2110 2100/2100/2100
f 2110/2110/2110 2109/2109/2109 2102/2102/2102
f 2111/2111/2111 2102/2102/2102 2105/2105/2105
f 2111/2111/2111 2110/2110/2110 2102/2102/2102
f 2100/2100/2100 2112/2112/2112 2106/2106/2106
f 2110/2110/2110 2112/2112/2112 2100/2100/2100
f 2113/2113/2113 2111/2111/2111 2105/2105/2105
f 2113/2113/2113 2105/2105/2105 2104/2104/2104
f 2111/2111/2111 2114/2114/2114 2110/2110/2110
f 2113/2113/2113 2114/2114/2114 2111/2111/2111
f 2115/2115/2115 2099/2099/2099 2108/2108/2108
f 2115/2115/2115 2104/2104/2104 2099/2099/2099
f 2106/2106/2106 2116/2116/2116 2107/2107/2107
f 2112/2112/2112 2116/2116/2116 2106/2106/2106
f 2114/2114/2114 2117/2117/2117 2110/2110/2110
f 2110/2110/2110 2117/2117/2117 2112/2112/2112
f 2118/2118/2118 2113/2113/2113 2104/2104/2104
f 2118/2118/2118 2114/2114/2114 2113/2113/2113
f 2119/2119/2119 2114/2114/2114 2118/2118/2118
f 2120/2120/2120 2118/2118/2118 2104/2104/2104
f 2119/2119/2119 2118/2118/2118 2120/2120/2120
f 2121/2121/2121 2120/2120/2120 2104/2104/2104
f 2115/2115/2115 2121/2121/2121 2104/2104/2104
f 2122/2122/2122 2120/2120/2120 2121/2121/2121
f 2122/2122/2122 2119/2119/2119 2120/2120/2120
f 2115/2115/2115 2123/2123/2123 2121/2121/2121
f 2123/2123/2123 2122/2122/2122 2121/2121/2121
f 2114/2114/2114 2124/2124/2124 2117/2117/2117
f 2124/2124/2124 2114/2114/2114 2119/2119/2119
f 2125/2125/2125 2123/2123/2123 2115/2115/2115
f 2125/2125/2125 2115/2115/2115 2108/2108/2108
f 2108/2108/2108 2126/2126/2126 2125/2125/2125
f 2126/2126/2126 2127/2127/2127 2125/2125/2125
f 2122/2122/2122 2128/2128/2128 2119/2119/2119
f 2123/2123/2123 2128/2128/2128 2122/2122/2122
f 2125/2125/2125 2129/2129/2129 2123/2123/2123
f 2127/2127/2127 2129/2129/2129 2125/2125/2125
f 2130/2130/2130 2126/2126/2126 2108/2108/2108
f 2107/2107/2107 2130/2130/2130 2108/2108/2108
f 2107/2107/2107 2131/2131/2131 2130/2130/2130
f 2131/2131/2131 2107/2107/2107 2116/2116/2116
f 2132/2132/2132 2128/2128/2128 2123/2123/2123
f 2129/2129/2129 2132/2132/2132 2123/2123/2123
f 2133/2133/2133 2126/2126/2126 2130/2130/2130
f 2131/2131/2131 2133/2133/2133 2130/2130/2130
f 2119/2119/2119 2128/2128/2128 2134/2134/2134
f 2128/2128/2128 2132/2132/2132 2135/2135/2135
f 2135/2135/2135 2134/2134/2134 2128/2128/2128
f 2134/2134/2134 2136/2136/2136 2119/2119/2119
f 2136/2136/2136 2124/2124/2124 2119/2119/2119
f 2124/2124/2124 2136/2136/2136 2137/2137/2137
f 2124/2124/2124 2137/2137/2137 2117/2117/2117
f 2117/2117/2117 2137/2137/2137 2138/2138/2138
f 2136/2136/2136 2139/2139/2139 2137/2137/2137
f 2138/2138/2138 2137/2137/2137 2139/2139/2139
f 2140/2140/2140 2136/2136/2136 2134/2134/2134
f 2136/2136/2136 2140/2140/2140 2139/2139/2139
f 2141/2141/2141 2117/2117/2117 2138/2138/2138
f 2117/2117/2117 2141/2141/2141 2112/2112/2112
f 2112/2112/2112 2141/2141/2141 2142/2142/2142
f 2112/2112/2112 2142/2142/2142 2116/2116/2116
f 2143/2143/2143 2141/2141/2141 2138/2138/2138
f 2142/2142/2142 2141/2141/2141 2143/2143/2143
f 2116/2116/2116 2142/2142/2142 2144/2144/2144
f 2144/2144/2144 2131/2131/2131 2116/2116/2116
f 2145/2145/2145 2142/2142/2142 2143/2143/2143
f 2142/2142/2142 2145/2145/2145 2144/2144/2144
f 2144/2144/2144 2146/2146/2146 2131/2131/2131
f 2145/2145/2145 2146/2146/2146 2144/2144/2144
f 2146/2146/2146 2133/2133/2133 2131/2131/2131
f 2145/2145/2145 2143/2143/2143 2147/2147/2147
f 2143/2143/2143 2138/2138/2138 2147/2147/2147
f 2145/2145/2145 2148/2148/2148 2146/2146/2146
f 2148/2148/2148 2145/2145/2145 2147/2147/2147
f 2133/2133/2133 2146/2146/2146 2149/2149/2149
f 2148/2148/2148 2149/2149/2149 2146/2146/2146
f 2150/2150/2150 2133/2133/2133 2149/2149/2149
f 2133/2133/2133 2150/2150/2150 2126/2126/2126
f 2138/2138/2138 2151/2151/2151 2147/2147/2147
f 2147/2147/2147 2152/2152/2152 2148/2148/2148
f 2147/2147/2147 2151/2151/2151 2152/2152/2152
f 2138/2138/2138 2153/2153/2153 2151/2151/2151
f 2153/2153/2153 2138/2138/2138 2139/2139/2139
f 2148/2148/2148 2154/2154/2154 2149/2149/2149
f 2152/2152/2152 2154/2154/2154 2148/2148/2148
f 2151/2151/2151 2155/2155/2155 2152/2152/2152
f 2155/2155/2155 2151/2151/2151 2153/2153/2153
f 2155/2155/2155 2153/2153/2153 2156/2156/2156
f 2153/2153/2153 2139/2139/2139 2157/2157/2157
f 2153/2153/2153 2157/2157/2157 2156/2156/2156
f 2158/2158/2158 2152/2152/2152 2155/2155/2155
f 2154/2154/2154 2152/2152/2152 2158/2158/2158
f 2139/2139/2139 2159/2159/2159 2157/2157/2157
f 2140/2140/2140 2159/2159/2159 2139/2139/2139
f 2155/2155/2155 2156/2156/2156 2160/2160/2160
f 2160/2160/2160 2158/2158/2158 2155/2155/2155
f 2161/2161/2161 2158/2158/2158 2160/2160/2160
f 2162/2162/2162 2154/2154/2154 2158/2158/2158
f 2162/2162/2162 2158/2158/2158 2161/2161/2161
f 2154/2154/2154 2163/2163/2163 2149/2149/2149
f 2154/2154/2154 2162/2162/2162 2164/2164/2164
f 2163/2163/2163 2154/2154/2154 2164/2164/2164
f 2163/2163/2163 2165/2165/2165 2149/2149/2149
f 2165/2165/2165 2150/2150/2150 2149/2149/2149
f 2163/2163/2163 2164/2164/2164 2166/2166/2166
f 2165/2165/2165 2163/2163/2163 2166/2166/2166
f 2150/2150/2150 2165/2165/2165 2167/2167/2167
f 2150/2150/2150 2167/2167/2167 2126/2126/2126
f 2165/2165/2165 2166/2166/2166 2168/2168/2168
f 2165/2165/2165 2168/2168/2168 2167/2167/2167
f 2167/2167/2167 2169/2169/2169 2126/2126/2126
f 2126/2126/2126 2169/2169/2169 2127/2127/2127
f 2170/2170/2170 2169/2169/2169 2167/2167/2167
f 2168/2168/2168 2170/2170/2170 2167/2167/2167
f 2170/2170/2170 2127/2127/2127 2169/2169/2169
f 2171/2171/2171 2170/2170/2170 2168/2168/2168
f 2127/2127/2127 2170/2170/2170 2171/2171/2171
f 2164/2164/2164 2162/2162/2162 2172/2172/2172
f 2166/2166/2166 2164/2164/2164 2173/2173/2173
f 2164/2164/2164 2172/2172/2172 2173/2173/2173
f 2166/2166/2166 2174/2174/2174 2168/2168/2168
f 2166/2166/2166 2173/2173/2173 2174/2174/2174
f 2175/2175/2175 2171/2171/2171 2168/2168/2168
f 2174/2174/2174 2175/2175/2175 2168/2168/2168
f 2171/2171/2171 2176/2176/2176 2127/2127/2127
f 2171/2171/2171 2175/2175/2175 2176/2176/2176
f 2162/2162/2162 2177/2177/2177 2172/2172/2172
f 2177/2177/2177 2162/2162/2162 2161/2161/2161
f 2177/2177/2177 2178/2178/2178 2172/2172/2172
f 2177/2177/2177 2161/2161/2161 2178/2178/2178
f 2172/2172/2172 2179/2179/2179 2173/2173/2173
f 2178/2178/2178 2179/2179/2179 2172/2172/2172
f 2176/2176/2176 2180/2180/2180 2127/2127/2127
f 2127/2127/2127 2180/2180/2180 2129/2129/2129
f 2180/2180/2180 2181/2181/2181 2129/2129/2129
f 2129/2129/2129 2181/2181/2181 2132/2132/2132
f 2181/2181/2181 2182/2182/2182 2132/2132/2132
f 2132/2132/2132 2182/2182/2182 2135/2135/2135
f 2182/2182/2182 2183/2183/2183 2135/2135/2135
f 2135/2135/2135 2183/2183/2183 2134/2134/2134
f 2183/2183/2183 2184/2184/2184 2134/2134/2134
f 2184/2184/2184 2140/2140/2140 2134/2134/2134
f 2185/2185/2185 2140/2140/2140 2184/2184/2184
f 2140/2140/2140 2185/2185/2185 2159/2159/2159
f 2176/2176/2176 2186/2186/2186 2180/2180/2180
f 2180/2180/2180 2187/2187/2187 2181/2181/2181
f 2186/2186/2186 2187/2187/2187 2180/2180/2180
f 2181/2181/2181 2188/2188/2188 2182/2182/2182
f 2187/2187/2187 2188/2188/2188 2181/2181/2181
f 2182/2182/2182 2189/2189/2189 2183/2183/2183
f 2188/2188/2188 2189/2189/2189 2182/2182/2182
f 2183/2183/2183 2190/2190/2190 2184/2184/2184
f 2189/2189/2189 2190/2190/2190 2183/2183/2183
f 2190/2190/2190 2191/2191/2191 2184/2184/2184
f 2191/2191/2191 2185/2185/2185 2184/2184/2184
f 2190/2190/2190 2192/2192/2192 2191/2191/2191
f 2189/2189/2189 2192/2192/2192 2190/2190/2190
f 2176/2176/2176 2156/2156/2156 2186/2186/2186
f 2156/2156/2156 2176/2176/2176 2175/2175/2175
f 2191/2191/2191 2193/2193/2193 2185/2185/2185
f 2192/2192/2192 2193/2193/2193 2191/2191/2191
f 2160/2160/2160 2156/2156/2156 2175/2175/2175
f 2160/2160/2160 2175/2175/2175 2194/2194/2194
f 2194/2194/2194 2175/2175/2175 2174/2174/2174
f 2161/2161/2161 2160/2160/2160 2194/2194/2194
f 2156/2156/2156 2195/2195/2195 2186/2186/2186
f 2156/2156/2156 2157/2157/2157 2195/2195/2195
f 2196/2196/2196 2194/2194/2194 2174/2174/2174
f 2173/2173/2173 2196/2196/2196 2174/2174/2174
f 2173/2173/2173 2197/2197/2197 2196/2196/2196
f 2179/2179/2179 2197/2197/2197 2173/2173/2173
f 2196/2196/2196 2198/2198/2198 2194/2194/2194
f 2197/2197/2197 2198/2198/2198 2196/2196/2196
f 2161/2161/2161 2194/2194/2194 2199/2199/2199
f 2194/2194/2194 2198/2198/2198 2199/2199/2199
f 2157/2157/2157 2200/2200/2200 2195/2195/2195
f 2157/2157/2157 2159/2159/2159 2200/2200/2200
f 2201/2201/2201 2161/2161/2161 2199/2199/2199
f 2178/2178/2178 2161/2161/2161 2201/2201/2201
f 2178/2178/2178 2202/2202/2202 2179/2179/2179
f 2202/2202/2202 2178/2178/2178 2201/2201/2201
f 2179/2179/2179 2203/2203/2203 2197/2197/2197
f 2202/2202/2202 2203/2203/2203 2179/2179/2179
f 2197/2197/2197 2204/2204/2204 2198/2198/2198
f 2203/2203/2203 2204/2204/2204 2197/2197/2197
f 2159/2159/2159 2205/2205/2205 2200/2200/2200
f 2185/2185/2185 2205/2205/2205 2159/2159/2159
f 2185/2185/2185 2206/2206/2206 2205/2205/2205
f 2193/2193/2193 2206/2206/2206 2185/2185/2185
f 2205/2205/2205 2207/2207/2207 2200/2200/2200
f 2206/2206/2206 2207/2207/2207 2205/2205/2205
f 2204/2204/2204 2208/2208/2208 2198/2198/2198
f 2199/2199/2199 2198/2198/2198 2208/2208/2208
f 2207/2207/2207 2209/2209/2209 2200/2200/2200
f 2200/2200/2200 2209/2209/2209 2195/2195/2195
f 2209/2209/2209 2210/2210/2210 2195/2195/2195
f 2195/2195/2195 2210/2210/2210 2186/2186/2186
f 2210/2210/2210 2211/2211/2211 2186/2186/2186
f 2186/2186/2186 2211/2211/2211 2187/2187/2187
f 2187/2187/2187 2211/2211/2211 2212/2212/2212
f 2187/2187/2187 2212/2212/2212 2188/2188/2188
f 2212/2212/2212 2213/2213/2213 2188/2188/2188
f 2188/2188/2188 2213/2213/2213 2189/2189/2189
f 2212/2212/2212 2211/2211/2211 2214/2214/2214
f 2212/2212/2212 2214/2214/2214 2213/2213/2213
f 2213/2213/2213 2215/2215/2215 2189/2189/2189
f 2215/2215/2215 2192/2192/2192 2189/2189/2189
f 2214/2214/2214 2216/2216/2216 2213/2213/2213
f 2213/2213/2213 2216/2216/2216 2215/2215/2215
f 2217/2217/2217 2192/2192/2192 2215/2215/2215
f 2192/2192/2192 2217/2217/2217 2193/2193/2193
f 2216/2216/2216 2218/2218/2218 2215/2215/2215
f 2218/2218/2218 2217/2217/2217 2215/2215/2215
f 2217/2217/2217 2219/2219/2219 2193/2193/2193
f 2193/2193/2193 2219/2219/2219 2206/2206/2206
f 2220/2220/2220 2217/2217/2217 2218/2218/2218
f 2217/2217/2217 2220/2220/2220 2219/2219/2219
f 2219/2219/2219 2221/2221/2221 2206/2206/2206
f 2206/2206/2206 2221/2221/2221 2207/2207/2207
f 2219/2219/2219 2220/2220/2220 2222/2222/2222
f 2219/2219/2219 2222/2222/2222 2221/2221/2221
f 2221/2221/2221 2223/2223/2223 2207/2207/2207
f 2207/2207/2207 2223/2223/2223 2209/2209/2209
f 2222/2222/2222 2224/2224/2224 2221/2221/2221
f 2221/2221/2221 2224/2224/2224 2223/2223/2223
f 2223/2223/2223 2225/2225/2225 2209/2209/2209
f 2209/2209/2209 2225/2225/2225 2210/2210/2210
f 2224/2224/2224 2226/2226/2226 2223/2223/2223
f 2223/2223/2223 2226/2226/2226 2225/2225/2225
f 2225/2225/2225 2227/2227/2227 2210/2210/2210
f 2210/2210/2210 2227/2227/2227 2211/2211/2211
f 2226/2226/2226 2228/2228/2228 2225/2225/2225
f 2225/2225/2225 2228/2228/2228 2227/2227/2227
f 2227/2227/2227 2229/2229/2229 2211/2211/2211
f 2211/2211/2211 2229/2229/2229 2214/2214/2214
f 2214/2214/2214 2229/2229/2229 2230/2230/2230
f 2214/2214/2214 2230/2230/2230 2216/2216/2216
f 2227/2227/2227 2231/2231/2231 2229/2229/2229
f 2229/2229/2229 2231/2231/2231 2230/2230/2230
f 2230/2230/2230 2232/2232/2232 2216/2216/2216
f 2216/2216/2216 2232/2232/2232 2218/2218/2218
f 2228/2228/2228 2233/2233/2233 2227/2227/2227
f 2233/2233/2233 2231/2231/2231 2227/2227/2227
f 2230/2230/2230 2231/2231/2231 2234/2234/2234
f 2230/2230/2230 2234/2234/2234 2232/2232/2232
f 2232/2232/2232 2235/2235/2235 2218/2218/2218
f 2235/2235/2235 2220/2220/2220 2218/2218/2218
f 2231/2231/2231 2233/2233/2233 2236/2236/2236
f 2231/2231/2231 2236/2236/2236 2234/2234/2234
f 2232/2232/2232 2237/2237/2237 2235/2235/2235
f 2234/2234/2234 2237/2237/2237 2232/2232/2232
f 2238/2238/2238 2220/2220/2220 2235/2235/2235
f 2238/2238/2238 2222/2222/2222 2220/2220/2220
f 2237/2237/2237 2239/2239/2239 2235/2235/2235
f 2239/2239/2239 2238/2238/2238 2235/2235/2235
f 2228/2228/2228 2240/2240/2240 2233/2233/2233
f 2233/2233/2233 2241/2241/2241 2236/2236/2236
f 2240/2240/2240 2241/2241/2241 2233/2233/2233
f 2236/2236/2236 2242/2242/2242 2234/2234/2234
f 2241/2241/2241 2242/2242/2242 2236/2236/2236
f 2234/2234/2234 2243/2243/2243 2237/2237/2237
f 2242/2242/2242 2243/2243/2243 2234/2234/2234
f 2237/2237/2237 2244/2244/2244 2239/2239/2239
f 2243/2243/2243 2244/2244/2244 2237/2237/2237
f 2239/2239/2239 2245/2245/2245 2238/2238/2238
f 2244/2244/2244 2245/2245/2245 2239/2239/2239
f 2238/2238/2238 2246/2246/2246 2222/2222/2222
f 2245/2245/2245 2246/2246/2246 2238/2238/2238
f 2247/2247/2247 2240/2240/2240 2228/2228/2228
f 2226/2226/2226 2247/2247/2247 2228/2228/2228
f 2246/2246/2246 2248/2248/2248 2222/2222/2222
f 2222/2222/2222 2248/2248/2248 2224/2224/2224
f 2224/2224/2224 2249/2249/2249 2226/2226/2226
f 2249/2249/2249 2247/2247/2247 2226/2226/2226
f 2248/2248/2248 2249/2249/2249 2224/2224/2224
f 2249/2249/2249 2250/2250/2250 2247/2247/2247
f 2248/2248/2248 2250/2250/2250 2249/2249/2249
f 2247/2247/2247 2251/2251/2251 2240/2240/2240
f 2250/2250/2250 2251/2251/2251 2247/2247/2247
f 2251/2251/2251 2252/2252/2252 2240/2240/2240
f 2240/2240/2240 2252/2252/2252 2241/2241/2241
f 2244/2244/2244 2253/2253/2253 2245/2245/2245
f 2245/2245/2245 2254/2254/2254 2246/2246/2246
f 2253/2253/2253 2254/2254/2254 2245/2245/2245
f 2246/2246/2246 2255/2255/2255 2248/2248/2248
f 2254/2254/2254 2255/2255/2255 2246/2246/2246
f 2248/2248/2248 2256/2256/2256 2250/2250/2250
f 2255/2255/2255 2256/2256/2256 2248/2248/2248
f 2257/2257/2257 2255/2255/2255 2254/2254/2254
f 2256/2256/2256 2255/2255/2255 2257/2257/2257
f 2257/2257/2257 2254/2254/2254 2253/2253/2253
f 2256/2256/2256 2258/2258/2258 2250/2250/2250
f 2250/2250/2250 2258/2258/2258 2251/2251/2251
f 2258/2258/2258 2256/2256/2256 2257/2257/2257
f 2251/2251/2251 2259/2259/2259 2252/2252/2252
f 2258/2258/2258 2259/2259/2259 2251/2251/2251
f 2258/2258/2258 2257/2257/2257 2260/2260/2260
f 2259/2259/2259 2258/2258/2258 2260/2260/2260
f 2260/2260/2260 2257/2257/2257 2253/2253/2253
f 2259/2259/2259 2261/2261/2261 2252/2252/2252
f 2261/2261/2261 2259/2259/2259 2260/2260/2260
f 2252/2252/2252 2261/2261/2261 2241/2241/2241
f 2262/2262/2262 2260/2260/2260 2253/2253/2253
f 2262/2262/2262 2261/2261/2261 2260/2260/2260
f 2261/2261/2261 2263/2263/2263 2241/2241/2241
f 2241/2241/2241 2263/2263/2263 2242/2242/2242
f 2263/2263/2263 2261/2261/2261 2264/2264/2264
f 2263/2263/2263 2264/2264/2264 2242/2242/2242
f 2261/2261/2261 2262/2262/2262 2264/2264/2264
f 2242/2242/2242 2264/2264/2264 2243/2243/2243
f 2265/2265/2265 2262/2262/2262 2253/2253/2253
f 2264/2264/2264 2262/2262/2262 2265/2265/2265
f 2264/2264/2264 2265/2265/2265 2243/2243/2243
f 2265/2265/2265 2253/2253/2253 2244/2244/2244
f 2243/2243/2243 2265/2265/2265 2244/2244/2244
f 2268/2268/2268 2267/2267/2267 2266/2266/2266
f 2268/2268/2268 2269/2269/2269 2267/2267/2267
f 2269/2269/2269 2270/2270/2270 2267/2267/2267
f 2269/2269/2269 2271/2271/2271 2270/2270/2270
f 2267/2267/2267 2272/2272/2272 2266/2266/2266
f 2266/2266/2266 2272/2272/2272 2273/2273/2273
f 2274/2274/2274 2266/2266/2266 2273/2273/2273
f 2273/2273/2273 2275/2275/2275 2274/2274/2274
f 2275/2275/2275 2276/2276/2276 2274/2274/2274
f 2277/2277/2277 2276/2276/2276 2275/2275/2275
f 2278/2278/2278 2275/2275/2275 2273/2273/2273
f 2279/2279/2279 2277/2277/2277 2275/2275/2275
f 2278/2278/2278 2279/2279/2279 2275/2275/2275
f 2272/2272/2272 2280/2280/2280 2273/2273/2273
f 2280/2280/2280 2278/2278/2278 2273/2273/2273
f 2279/2279/2279 2281/2281/2281 2277/2277/2277
f 2281/2281/2281 2282/2282/2282 2277/2277/2277
f 2283/2283/2283 2282/2282/2282 2281/2281/2281
f 2271/2271/2271 2283/2283/2283 2284/2284/2284
f 2284/2284/2284 2283/2283/2283 2281/2281/2281
f 2285/2285/2285 2271/2271/2271 2284/2284/2284
f 2285/2285/2285 2284/2284/2284 2286/2286/2286
f 2271/2271/2271 2285/2285/2285 2270/2270/2270
f 2270/2270/2270 2285/2285/2285 2286/2286/2286
f 2284/2284/2284 2281/2281/2281 2287/2287/2287
f 2284/2284/2284 2287/2287/2287 2286/2286/2286
f 2288/2288/2288 2281/2281/2281 2279/2279/2279
f 2288/2288/2288 2287/2287/2287 2281/2281/2281
f 2289/2289/2289 2288/2288/2288 2279/2279/2279
f 2289/2289/2289 2279/2279/2279 2278/2278/2278
f 2288/2288/2288 2290/2290/2290 2287/2287/2287
f 2290/2290/2290 2288/2288/2288 2289/2289/2289
f 2289/2289/2289 2278/2278/2278 2291/2291/2291
f 2291/2291/2291 2290/2290/2290 2289/2289/2289
f 2292/2292/2292 2287/2287/2287 2290/2290/2290
f 2286/2286/2286 2287/2287/2287 2292/2292/2292
f 2293/2293/2293 2270/2270/2270 2286/2286/2286
f 2267/2267/2267 2270/2270/2270 2293/2293/2293
f 2294/2294/2294 2267/2267/2267 2293/2293/2293
f 2267/2267/2267 2294/2294/2294 2272/2272/2272
f 2293/2293/2293 2286/2286/2286 2295/2295/2295
f 2293/2293/2293 2295/2295/2295 2294/2294/2294
f 2294/2294/2294 2296/2296/2296 2272/2272/2272
f 2280/2280/2280 2272/2272/2272 2296/2296/2296
f 2297/2297/2297 2278/2278/2278 2280/2280/2280
f 2291/2291/2291 2278/2278/2278 2297/2297/2297
f 2298/2298/2298 2297/2297/2297 2280/2280/2280
f 2280/2280/2280 2296/2296/2296 2298/2298/2298
f 2299/2299/2299 2297/2297/2297 2298/2298/2298
f 2291/2291/2291 2297/2297/2297 2299/2299/2299
f 2300/2300/2300 2286/2286/2286 2292/2292/2292
f 2286/2286/2286 2300/2300/2300 2295/2295/2295
f 2294/2294/2294 2295/2295/2295 2301/2301/2301
f 2296/2296/2296 2294/2294/2294 2301/2301/2301
f 2298/2298/2298 2296/2296/2296 2302/2302/2302
f 2302/2302/2302 2299/2299/2299 2298/2298/2298
f 2295/2295/2295 2300/2300/2300 2303/2303/2303
f 2295/2295/2295 2303/2303/2303 2301/2301/2301
f 2304/2304/2304 2296/2296/2296 2301/2301/2301
f 2296/2296/2296 2304/2304/2304 2302/2302/2302
f 2301/2301/2301 2303/2303/2303 2305/2305/2305
f 2304/2304/2304 2301/2301/2301 2305/2305/2305
f 2306/2306/2306 2304/2304/2304 2305/2305/2305
f 2304/2304/2304 2306/2306/2306 2307/2307/2307
f 2302/2302/2302 2304/2304/2304 2307/2307/2307
f 2307/2307/2307 2308/2308/2308 2302/2302/2302
f 2308/2308/2308 2299/2299/2299 2302/2302/2302
f 2303/2303/2303 2309/2309/2309 2305/2305/2305
f 2310/2310/2310 2299/2299/2299 2308/2308/2308
f 2311/2311/2311 2310/2310/2310 2308/2308/2308
f 2310/2310/2310 2291/2291/2291 2299/2299/2299
f 2310/2310/2310 2311/2311/2311 2312/2312/2312
f 2303/2303/2303 2313/2313/2313 2309/2309/2309
f 2313/2313/2313 2314/2314/2314 2309/2309/2309
f 2300/2300/2300 2313/2313/2313 2303/2303/2303
f 2314/2314/2314 2313/2313/2313 2315/2315/2315
f 2291/2291/2291 2310/2310/2310 2316/2316/2316
f 2316/2316/2316 2310/2310/2310 2312/2312/2312
f 2290/2290/2290 2291/2291/2291 2316/2316/2316
f 2292/2292/2292 2290/2290/2290 2316/2316/2316
f 2300/2300/2300 2292/2292/2292 2317/2317/2317
f 2313/2313/2313 2300/2300/2300 2317/2317/2317
f 2313/2313/2313 2317/2317/2317 2315/2315/2315
f 2315/2315/2315 2317/2317/2317 2312/2312/2312
f 2317/2317/2317 2292/2292/2292 2316/2316/2316
f 2317/2317/2317 2316/2316/2316 2312/2312/2312
f 2204/2204/2204 2318/2318/2318 2208/2208/2208
f 2318/2318/2318 2319/2319/2319 2208/2208/2208
f 2208/2208/2208 2319/2319/2319 2199/2199/2199
f 2320/2320/2320 2318/2318/2318 2204/2204/2204
f 2203/2203/2203 2320/2320/2320 2204/2204/2204
f 2319/2319/2319 2321/2321/2321 2199/2199/2199
f 2199/2199/2199 2321/2321/2321 2201/2201/2201
f 2322/2322/2322 2320/2320/2320 2203/2203/2203
f 2202/2202/2202 2322/2322/2322 2203/2203/2203
f 2201/2201/2201 2323/2323/2323 2202/2202/2202
f 2321/2321/2321 2323/2323/2323 2201/2201/2201
f 2323/2323/2323 2322/2322/2322 2202/2202/2202
f 2320/2320/2320 2324/2324/2324 2318/2318/2318
f 2318/2318/2318 2325/2325/2325 2319/2319/2319
f 2324/2324/2324 2325/2325/2325 2318/2318/2318
f 2326/2326/2326 2324/2324/2324 2320/2320/2320
f 2322/2322/2322 2326/2326/2326 2320/2320/2320
f 2324/2324/2324 2326/2326/2326 2325/2325/2325
f 2325/2325/2325 2327/2327/2327 2319/2319/2319
f 2319/2319/2319 2327/2327/2327 2321/2321/2321
f 2326/2326/2326 2327/2327/2327 2325/2325/2325
f 2328/2328/2328 2326/2326/2326 2322/2322/2322
f 2323/2323/2323 2328/2328/2328 2322/2322/2322
f 2326/2326/2326 2328/2328/2328 2327/2327/2327
f 2327/2327/2327 2329/2329/2329 2321/2321/2321
f 2321/2321/2321 2329/2329/2329 2323/2323/2323
f 2329/2329/2329 2328/2328/2328 2323/2323/2323
f 2328/2328/2328 2329/2329/2329 2327/2327/2327
