g 02_Cloth_10
v 5.7332187 -31.987545 -132.51634
v -0.047341943 -30.065216 -138.53839
v -0.04734173 -31.112162 -126.85142
v 5.8701797 -31.46569 -132.45822
v -0.047341723 -30.592293 -126.78781
v -0.047341943 -29.539515 -138.49184
v -5.827903 -31.987545 -132.51634
v -0.04734173 -31.112162 -126.85142
v -0.047341943 -30.065216 -138.53839
v -5.9648647 -31.46569 -132.45822
v -0.047341943 -29.539515 -138.49184
v -0.047341723 -30.592293 -126.78781
v 9.000685 3.410536 -50.817608
v 8.593039 2.9371161 -51.27967
v 8.9637785 0.26243746 -51.644093
v 8.796862 3.173826 -51.048637
v 9.405916 7.8490167 -48.516754
v 8.895682 7.0885487 -49.27065
v 8.385448 6.3280807 -50.024544
v 7.946266 11.781022 -43.288887
v 7.4934077 10.509169 -44.75624
v 7.0405493 9.237315 -46.2236
v 5.091741 14.816252 -38.475273
v 4.9359417 13.43488 -40.071075
v 4.780143 12.053508 -41.666878
v 2.7274246 16.600029 -34.874462
v 1.8749381 15.714413 -36.349735
v 1.0224516 14.828797 -37.825005
v -0 17.362883 -31.204256
v -0 16.45311 -33.811413
v -0 15.543337 -36.418568
v -1.0224516 14.828797 -37.825005
v -1.8749381 15.714413 -36.349735
v -2.7274246 16.600029 -34.874462
v -4.780143 12.053508 -41.666878
v -4.9359417 13.43488 -40.071075
v -5.091741 14.816252 -38.475273
v -7.0405493 9.237315 -46.2236
v -7.4934077 10.509169 -44.75624
v -7.946266 11.781022 -43.288887
v -8.385448 6.3280807 -50.024544
v -8.895682 7.0885487 -49.27065
v -9.405916 7.8490167 -48.516754
v -8.593039 2.9371161 -51.27967
v -8.796862 3.173826 -51.048637
v -9.000685 3.410536 -50.817608
v -8.9637785 0.26243746 -51.644093
v -0 19.774807 -12.669986
v 5.483383 19.592855 -15.585742
v 5.369484 19.435913 -12.575088
v -0 20.086443 -15.569541
v -5.483383 19.592855 -15.585742
v -5.369484 19.435913 -12.575088
v -0 15.543337 -36.418568
v -0 13.512875 -39.582695
v -0 14.162272 -37.787533
v -0 14.292756 -38.717495
v 1.0224516 14.828797 -37.825005
v -1.0224516 14.828797 -37.825005
v 3.6023388 10.699937 -43.730244
v -3.6023388 10.699937 -43.730244
v 4.17791 11.950112 -43.253094
v 4.780143 12.053508 -41.666878
v 6.030745 7.0052156 -47.377438
v -4.17791 11.950112 -43.253094
v -4.780143 12.053508 -41.666878
v -6.030745 7.0052156 -47.377438
v 6.175838 8.749461 -47.743675
v 7.0405493 9.237315 -46.2236
v -6.175838 8.749461 -47.743675
v -7.0405493 9.237315 -46.2236
v -6.662194 3.3890042 -51.52994
v 7.348953 5.370492 -51.52824
v 6.662194 3.3890042 -51.52994
v 8.385448 6.3280807 -50.024544
v 6.9391913 1.6759945 -52.736763
v -7.348953 5.370492 -51.52824
v -8.385448 6.3280807 -50.024544
v -6.9391913 1.6759945 -52.736763
v 7.7735996 1.6484917 -53.01135
v 8.593039 2.9371161 -51.27967
v 7.2814684 -0.57338977 -53.21884
v 8.9637785 0.26243746 -51.644093
v -7.7735996 1.6484917 -53.01135
v -8.593039 2.9371161 -51.27967
v -7.2814684 -0.57338977 -53.21884
v -8.9637785 0.26243746 -51.644093
v 7.9664617 -0.79838705 -53.57964
v 7.3023725 -2.076654 -53.21016
v -7.9664617 -0.79838705 -53.57964
v -7.3023725 -2.076654 -53.21016
v 8.009186 -2.1688306 -53.634315
v 6.7674785 -3.6456914 -53.195618
v 9.074504 -2.357382 -51.69813
v -8.009186 -2.1688306 -53.634315
v -6.7674785 -3.6456914 -53.195618
v -9.074504 -2.357382 -51.69813
v 7.9251833 -3.1173308 -53.788986
v 5.7323275 -5.242607 -53.17923
v -7.9251833 -3.1173308 -53.788986
v -5.7323275 -5.242607 -53.17923
v 6.7779665 -5.099378 -53.724716
v 7.976626 -4.6394567 -51.6119
v -6.7779665 -5.099378 -53.724716
v -7.976626 -4.6394567 -51.6119
v 5.587819 -6.4980965 -53.655518
v 3.967228 -6.477878 -53.16815
v 6.6301775 -6.3664756 -51.526596
v -5.587819 -6.4980965 -53.655518
v -3.967228 -6.477878 -53.16815
v -6.6301775 -6.3664756 -51.526596
v 4.019024 -7.421937 -53.587364
v 2.199359 -7.1219926 -53.202072
v 4.703042 -7.545019 -51.440067
v -4.019024 -7.421937 -53.587364
v -2.199359 -7.1219926 -53.202072
v -4.703042 -7.545019 -51.440067
v 2.283489 -7.996765 -53.537605
v 2.4758594 -8.294335 -51.37606
v -0 -7.5930324 -53.18004
v -2.283489 -7.996765 -53.537605
v -2.4758594 -8.294335 -51.37606
v -0 -8.116824 -53.51794
v -0 -8.484657 -51.353107
v 22.822878 -8.703898 -71.29089
v 23.150166 0.3273031 -70.55768
v 25.355755 0.17399436 -79.92877
v 24.729158 -9.367156 -79.894226
v 24.907967 -0.043719064 -90.18347
v 20.392815 -15.731276 -71.89528
v 24.315739 -9.496389 -89.48189
v 21.767935 -0.35152566 -99.29935
v 21.693537 -17.098677 -79.80556
v 21.579657 -9.528372 -97.8851
v 21.54343 -16.938974 -88.754166
v 16.664545 -10.684339 -103.524704
v 16.475698 -0.7724166 -105.68526
v 10.778147 -11.954322 -106.8683
v 10.448883 -1.1834683 -109.33913
v 5.194973 -12.794451 -108.30304
v 4.9606495 -1.4534508 -110.88852
v -0 -13.186852 -108.62727
v -0 -1.58059 -111.24101
v -4.9606495 -1.4534508 -110.88852
v -5.194973 -12.794451 -108.30304
v -10.448883 -1.1834683 -109.33913
v -0 -22.058125 -101.53952
v 5.471639 -21.471485 -101.30934
v 11.088247 -20.18388 -100.28056
v 16.563875 -18.057877 -98.10054
v -10.778147 -11.954322 -106.8683
v -16.475698 -0.7724166 -105.68526
v -5.471639 -21.471485 -101.30934
v -0 -26.6922 -91.041756
v 5.696406 -26.018112 -90.934456
v -16.664545 -10.684339 -103.524704
v -21.767935 -0.35152566 -99.29935
v -11.088247 -20.18388 -100.28056
v -5.696406 -26.018112 -90.934456
v 11.426543 -24.496761 -90.43937
v -0 -27.313974 -79.74082
v 5.7040753 -26.645233 -79.74934
v -21.579657 -9.528372 -97.8851
v -16.563875 -18.057877 -98.10054
v -11.426543 -24.496761 -90.43937
v -5.7040753 -26.645233 -79.74934
v -0 -24.640501 -70.12365
v -24.315739 -9.496389 -89.48189
v -24.907967 -0.043719064 -90.18347
v -24.729158 -9.367156 -79.894226
v -25.355755 0.17399436 -79.92877
v -22.822878 -8.703898 -71.29089
v -23.150166 0.3273031 -70.55768
v -20.392815 -15.731276 -71.89528
v -21.693537 -17.098677 -79.80556
v -21.54343 -16.938974 -88.754166
v -20.412132 -15.609943 -95.52437
v -16.985891 -21.673403 -89.48825
v -11.424237 -25.11253 -79.760155
v -16.98262 -22.198164 -79.77261
v -16.110796 -20.104713 -71.35982
v -5.4090934 -24.047104 -70.21363
v -10.846423 -22.67953 -70.61304
v -15.012256 -15.763311 -65.138016
v -18.583736 -13.765548 -66.825134
v -10.075616 -17.526041 -63.723858
v -4.992412 -18.569984 -63.070263
v -0 -19.01792 -62.938946
v 5.4090934 -24.047104 -70.21363
v 4.992412 -18.569984 -63.070263
v 10.846423 -22.67953 -70.61304
v 10.075616 -17.526041 -63.723858
v 11.424237 -25.11253 -79.760155
v 16.110796 -20.104713 -71.35982
v 15.012256 -15.763311 -65.138016
v 16.985891 -21.673403 -89.48825
v 16.98262 -22.198164 -79.77261
v 18.583736 -13.765548 -66.825134
v 20.412132 -15.609943 -95.52437
v 45.010788 0.83904225 -121.809456
v -51.609142 0.8390507 -121.809456
v -51.609142 -0.049631216 -122.40325
v 45.010788 -0.04963943 -122.40325
v 45.010788 -0.04963943 -122.40325
v -51.609142 -0.049631216 -122.40325
v -51.609142 -1.0979024 -122.19473
v 45.010788 -1.0979111 -122.19473
v 45.010788 -1.0979111 -122.19473
v -51.609142 -1.0979024 -122.19473
v -51.609142 -1.6916996 -121.30606
v 45.010788 -1.6917084 -121.30606
v 45.010788 -1.6917084 -121.30606
v -51.609142 -1.6916996 -121.30606
v -51.609142 -1.4831847 -120.25778
v 45.010788 -1.4831932 -120.25778
v 45.010788 -1.4831932 -120.25778
v -51.609142 -1.4831847 -120.25778
v -51.609142 -0.59450364 -119.663994
v 45.010788 -0.5945119 -119.663994
v 45.010788 -0.5945119 -119.663994
v -51.609142 -0.59450364 -119.663994
v -51.609142 0.45376742 -119.8725
v 45.010788 0.4537587 -119.8725
v 45.010788 0.4537587 -119.8725
v -51.609142 0.45376742 -119.8725
v -51.609142 1.047566 -120.761185
v 45.010788 1.0475572 -120.761185
v 45.010788 -0.5945119 -119.663994
v 47.17373 -0.41057548 -120.58871
v 47.17373 -0.69925946 -120.7816
v 45.010788 -1.4831932 -120.25778
v 45.010788 -1.0979111 -122.19473
v 47.17373 -0.57410234 -121.41081
v 47.17373 -0.2335761 -121.478546
v 45.010788 -0.04963943 -122.40325
v -51.609142 -1.4831847 -120.25778
v -51.609142 -1.6916996 -121.30606
v -51.609142 -1.0979024 -122.19473
v -51.609142 -0.59450364 -119.663994
v -51.609142 -0.049631216 -122.40325
v -51.609142 0.45376742 -119.8725
v -51.609142 0.8390507 -121.809456
v -51.609142 1.047566 -120.761185
v 47.17373 -0.57410234 -121.41081
v 47.17373 -0.76699454 -121.122116
v 47.17373 -0.69925946 -120.7816
v 47.17373 -0.41057548 -120.58871
v 47.17373 -0.2335761 -121.478546
v 47.17373 -0.07004964 -120.65643
v 47.17373 0.055107996 -121.285645
v 47.17373 0.122843176 -120.945114
v 45.010788 0.4537587 -119.8725
v 45.010788 1.0475572 -120.761185
v 47.17373 0.122843176 -120.945114
v 47.17373 -0.07004964 -120.65643
v 45.010788 -1.4831932 -120.25778
v 47.17373 -0.69925946 -120.7816
v 47.17373 -0.76699454 -121.122116
v 45.010788 -1.6917084 -121.30606
v 45.010788 -0.04963943 -122.40325
v 47.17373 -0.2335761 -121.478546
v 47.17373 0.055107996 -121.285645
v 45.010788 0.83904225 -121.809456
v 45.010788 -0.5945119 -119.663994
v 45.010788 0.4537587 -119.8725
v 47.17373 -0.07004964 -120.65643
v 47.17373 -0.41057548 -120.58871
v 45.010788 -1.6917084 -121.30606
v 47.17373 -0.76699454 -121.122116
v 47.17373 -0.57410234 -121.41081
v 45.010788 -1.0979111 -122.19473
v 45.010788 0.83904225 -121.809456
v 47.17373 0.055107996 -121.285645
v 47.17373 0.122843176 -120.945114
v 45.010788 1.0475572 -120.761185
v -41.954056 -37.58572 -147.0223
v 44.18213 -37.585728 -147.0223
v 44.18213 -37.040855 -147.0223
v 44.18213 -36.778885 -146.94284
v 44.18213 -36.53745 -146.81378
v -41.954056 -36.53745 -146.81378
v 44.18213 -37.585728 -147.0223
v -41.954056 -37.58572 -147.0223
v -41.954056 -38.4744 -146.4285
v 44.18213 -38.47441 -146.4285
v 44.18213 -38.47441 -146.4285
v -41.954056 -38.4744 -146.4285
v -41.954056 -38.682907 -145.38022
v 44.18213 -38.68293 -145.38022
v 44.18213 -38.68293 -145.38022
v -41.954056 -38.682907 -145.38022
v -41.954056 -38.089127 -144.49155
v 44.18213 -38.089127 -144.49155
v 44.18213 -37.585728 -144.28304
v -41.954056 -37.58572 -144.28304
v -41.954056 -36.53745 -144.49155
v 44.18213 -36.53745 -144.49155
v 44.18213 -38.089127 -144.49155
v -41.954056 -38.089127 -144.49155
v -41.954056 -37.58572 -144.28304
v 44.18213 -37.585728 -144.28304
v 44.18213 -36.152172 -144.87683
v -41.954056 -36.15216 -144.87683
v -41.954056 -35.943657 -145.92511
v 44.18213 -35.943657 -145.92511
v 44.18213 -36.53745 -144.49155
v -41.954056 -36.53745 -144.49155
v -41.954056 -36.15216 -144.87683
v 44.18213 -36.152172 -144.87683
v 44.18213 -36.53745 -146.81378
v 46.345066 -37.061268 -146.02985
v 46.345066 -36.868378 -145.74115
v 44.18213 -35.943657 -145.92511
v 44.18213 -37.585728 -147.0223
v 44.18213 -38.47441 -146.4285
v 46.345066 -37.690475 -145.9047
v 46.345066 -37.401794 -146.09758
v 44.18213 -37.585728 -144.28304
v 44.18213 -36.53745 -144.49155
v 46.345066 -37.061268 -145.27548
v 46.345066 -37.401794 -145.20775
v -41.954056 -38.089127 -144.49155
v -41.954056 -38.682907 -145.38022
v -41.954056 -38.4744 -146.4285
v -41.954056 -37.58572 -147.0223
v -41.954056 -37.58572 -144.28304
v -41.954056 -36.53745 -144.49155
v -41.954056 -36.53745 -146.81378
v -41.954056 -36.15216 -144.87683
v -41.954056 -35.943657 -145.92511
v 46.345066 -37.690475 -145.9047
v 46.345066 -37.75821 -145.56416
v 46.345066 -37.565323 -145.27548
v 46.345066 -37.401794 -146.09758
v 46.345066 -37.401794 -145.20775
v 46.345066 -37.224796 -146.09758
v 46.345066 -37.061268 -145.27548
v 46.345066 -37.13969 -146.07176
v 46.345066 -37.061268 -146.02985
v 46.345066 -36.868378 -145.74115
v 46.345066 -36.936115 -145.40063
v 44.18213 -38.47441 -146.4285
v 44.18213 -38.68293 -145.38022
v 46.345066 -37.75821 -145.56416
v 46.345066 -37.690475 -145.9047
v 44.18213 -38.68293 -145.38022
v 44.18213 -38.089127 -144.49155
v 46.345066 -37.565323 -145.27548
v 46.345066 -37.75821 -145.56416
v 44.18213 -37.585728 -147.0223
v 46.345066 -37.401794 -146.09758
v 46.345066 -37.224796 -146.09758
v 44.18213 -37.040855 -147.0223
v -51.609142 1.047566 -120.761185
v -51.609142 0.8390507 -121.809456
v 45.010788 0.83904225 -121.809456
v 45.010788 1.0475572 -120.761185
v 44.18213 -35.943657 -145.92511
v 46.345066 -36.868378 -145.74115
v 46.345066 -36.936115 -145.40063
v 44.18213 -36.152172 -144.87683
v 44.18213 -37.585728 -144.28304
v 46.345066 -37.401794 -145.20775
v 46.345066 -37.565323 -145.27548
v 44.18213 -38.089127 -144.49155
v 44.18213 -36.152172 -144.87683
v 46.345066 -36.936115 -145.40063
v 46.345066 -37.061268 -145.27548
v 44.18213 -36.53745 -144.49155
v 44.18213 -36.778885 -146.94284
v 46.345066 -37.13969 -146.07176
v 46.345066 -37.061268 -146.02985
v 44.18213 -36.53745 -146.81378
v 44.18213 -37.040855 -147.0223
v 46.345066 -37.224796 -146.09758
v 46.345066 -37.13969 -146.07176
v 44.18213 -36.778885 -146.94284
v 5.253502 -1.1572785 -160.61432
v 5.253502 0.5131112 -160.61432
v 10.065324 1.2712477 -188.80246
v 10.065324 -1.9154345 -188.80246
v -10.160001 1.2712499 -188.80246
v -5.103669 1.2712475 -193.26794
v -0.047337376 1.2712468 -193.26794
v 5.008995 1.2712467 -193.26794
v 10.065324 1.2712477 -188.80246
v -5.348174 0.513112 -160.61432
v 5.253502 0.5131112 -160.61432
v -5.348174 0.513112 -160.61432
v -5.348174 -1.1572776 -160.61432
v -10.160001 -1.9154327 -188.80246
v -10.160001 1.2712499 -188.80246
v 10.065324 -1.9154345 -188.80246
v 5.008995 -1.9154356 -193.26794
v -0.047337662 -1.9154346 -193.26794
v -5.103669 -1.9154346 -193.26794
v -10.160001 -1.9154327 -188.80246
v 5.253502 -1.1572785 -160.61432
v -5.348174 -1.1572776 -160.61432
v 5.253502 0.5131112 -160.61432
v 5.253502 -1.1572785 -160.61432
v -5.348174 -1.1572776 -160.61432
v -5.348174 0.513112 -160.61432
v 5.008995 1.2712467 -193.26794
v 5.008995 -1.9154356 -193.26794
v 10.065324 -1.9154345 -188.80246
v 10.065324 1.2712477 -188.80246
v -5.103669 1.2712475 -193.26794
v -5.103669 -1.9154346 -193.26794
v -0.047337662 -1.9154346 -193.26794
v -0.047337376 1.2712468 -193.26794
v 5.008995 -1.9154356 -193.26794
v 5.008995 1.2712467 -193.26794
v -10.160001 1.2712499 -188.80246
v -10.160001 -1.9154327 -188.80246
v -5.103669 -1.9154346 -193.26794
v -5.103669 1.2712475 -193.26794
v 29.275154 -6.154685 -138.6241
v 29.849611 -0.32207838 -138.6241
v 29.275154 5.510529 -138.6241
v 27.573843 -11.763151 -138.6241
v 27.573833 11.118995 -138.6241
v 24.811062 -16.93194 -138.6241
v 24.811073 16.287773 -138.6241
v 21.093004 20.818253 -138.6241
v 21.092993 -21.462414 -138.6241
v 16.562521 24.536331 -138.6241
v 16.562515 -25.180475 -138.6241
v 11.393732 27.299109 -138.6241
v 11.393727 -27.943254 -138.6241
v 5.7852707 29.000414 -138.6241
v 5.7852654 -29.644556 -138.6241
v -0.047333263 29.57488 -138.6241
v -0.047335982 -30.219023 -138.6241
v -5.879938 29.000414 -138.6241
v -5.8799424 -29.644556 -138.6241
v -11.488403 27.299103 -138.6241
v -11.488406 -27.943254 -138.6241
v -16.657192 24.536331 -138.6241
v -16.657192 -25.180475 -138.6241
v -21.187674 -21.462414 -138.6241
v -21.187668 20.818258 -138.6241
v -24.905735 16.287783 -138.6241
v -24.90574 -16.93193 -138.6241
v -27.668514 11.118991 -138.6241
v -27.668514 -11.763141 -138.6241
v -29.369827 -6.1546793 -138.6241
v -29.369827 5.5105343 -138.6241
v -29.944286 -0.32207477 -138.6241
v 29.275154 5.510534 -124.3437
v 29.849611 -0.32207373 -124.3437
v 29.275154 -6.1546803 -124.3437
v 27.573833 11.1189995 -124.343704
v 27.573843 -11.763146 -124.3437
v 24.811062 -16.931936 -124.34369
v 24.811073 16.287777 -124.343704
v 21.093004 20.818256 -124.343704
v 21.092993 -21.46241 -124.34369
v 16.562521 24.536335 -124.34371
v 16.562515 -25.180471 -124.34368
v 11.393733 27.299112 -124.34371
v 11.393728 -27.94325 -124.34368
v 5.7852707 29.000418 -124.34371
v 5.7852654 -29.644552 -124.34368
v -0.047332887 29.574884 -124.34371
v -0.047335606 -30.219019 -124.34368
v -5.879938 29.000418 -124.34371
v -5.8799424 -29.644552 -124.34368
v -11.488402 27.299107 -124.34371
v -11.488405 -27.94325 -124.34368
v -16.657192 24.536335 -124.34371
v -16.657192 -25.180471 -124.34368
v -21.187668 20.818262 -124.343704
v -21.187674 -21.46241 -124.34369
v -24.905735 16.287786 -124.343704
v -24.90574 -16.931927 -124.34369
v -27.668514 11.118996 -124.3437
v -27.668514 -11.763136 -124.34369
v -29.369827 5.510539 -124.3437
v -29.369827 -6.1546745 -124.3437
v -29.944286 -0.32207012 -124.3437
v 7.356512 -32.730747 -130.1423
v 7.356512 -30.458435 -138.20781
v -7.4511886 -30.458435 -138.20781
v -7.4511886 -32.730747 -130.1423
v 7.356513 -48.729176 -95.61089
v 7.356513 -45.85321 -103.512276
v -7.4511876 -45.85321 -103.512276
v -7.4511876 -48.729176 -95.61089
v 7.3565106 -52.21405 -77.173004
v 7.3565135 -51.12409 -86.61019
v -7.451187 -51.12409 -86.61019
v -7.451191 -52.21405 -77.173004
v 7.3565125 -42.50593 -111.30762
v 7.3565125 -36.28638 -121.541016
v -7.451188 -36.28638 -121.54101
v -7.451188 -42.50593 -111.30762
v 7.356513 -45.85321 -103.512276
v 7.3565125 -42.50593 -111.30762
v -7.451188 -42.50593 -111.30762
v -7.4511876 -45.85321 -103.512276
v 7.3565106 -51.300312 -69.06173
v 7.3565106 -52.21405 -77.173004
v -7.451191 -52.21405 -77.173004
v -7.451191 -51.300312 -69.06173
v 7.3565135 -51.12409 -86.61019
v 7.356513 -48.729176 -95.61089
v -7.4511876 -48.729176 -95.61089
v -7.451187 -51.12409 -86.61019
v 7.3565125 -36.28638 -121.541016
v 7.356512 -32.730747 -130.1423
v -7.4511886 -32.730747 -130.1423
v -7.451188 -36.28638 -121.54101
v 11.220423 -34.349533 -126.59902
v 5.7332187 -31.987545 -132.51634
v -0.04734173 -31.112162 -126.85142
v -0.047341656 -32.429424 -117.055626
v 0.7497965 -32.750526 -116.25121
v 22.479235 -42.44233 -113.956024
v 17.048908 -37.74513 -120.17664
v 6.578284 -36.14611 -109.82884
v 12.008611 -40.843307 -103.608215
v 26.806774 -46.881256 -109.11251
v 22.479235 -42.44233 -113.956024
v 12.008611 -40.843307 -103.608215
v 16.336147 -45.28225 -98.7647
v 17.048908 -37.74513 -120.17664
v 11.220423 -34.349533 -126.59902
v 0.7497965 -32.750526 -116.25121
v 6.578284 -36.14611 -109.82884
v -0.047341723 -30.592293 -126.78781
v 5.8701797 -31.46569 -132.45822
v 11.3836355 -33.839283 -126.512535
v -0.047341652 -31.911854 -116.986046
v 0.91289157 -32.240208 -116.16485
v 22.738802 -42.00774 -113.76054
v 12.268174 -40.408726 -103.41273
v 6.7810755 -35.659874 -109.69878
v 17.251701 -37.25889 -120.046585
v 27.0967 -46.48568 -108.88027
v 16.626066 -44.886658 -98.53246
v 12.268174 -40.408726 -103.41273
v 22.738802 -42.00774 -113.76054
v 17.251701 -37.25889 -120.046585
v 6.7810755 -35.659874 -109.69878
v 0.91289157 -32.240208 -116.16485
v 11.3836355 -33.839283 -126.512535
v 5.7332187 -31.987545 -132.51634
v 5.8701797 -31.46569 -132.45822
v -0.047341943 -29.539515 -138.49184
v -0.047341943 -30.065216 -138.53839
v 0.7497965 -32.750526 -116.25121
v 0.91289157 -32.240208 -116.16485
v 6.7810755 -35.659874 -109.69878
v 6.578284 -36.14611 -109.82884
v 12.268174 -40.408726 -103.41273
v 12.008611 -40.843307 -103.608215
v 16.626066 -44.886658 -98.53246
v 16.336147 -45.28225 -98.7647
v 20.447252 -50.363434 -93.93682
v 20.737183 -49.967846 -93.70459
v 24.505733 -56.37788 -88.91168
v 24.795652 -55.982304 -88.67944
v 28.765915 -65.29827 -82.87307
v 29.055838 -64.90269 -82.64084
v 11.220423 -34.349533 -126.59902
v 5.8701797 -31.46569 -132.45822
v 5.7332187 -31.987545 -132.51634
v 11.3836355 -33.839283 -126.512535
v 17.048908 -37.74513 -120.17664
v 17.251701 -37.25889 -120.046585
v 22.479235 -42.44233 -113.956024
v 22.738802 -42.00774 -113.76054
v 26.806774 -46.881256 -109.11251
v 27.0967 -46.48568 -108.88027
v 31.20781 -51.56686 -104.05239
v 30.917887 -51.962433 -104.28463
v 35.266277 -57.581333 -99.02726
v 34.97636 -57.97689 -99.25949
v 39.526455 -66.50169 -92.988655
v 39.236546 -66.897285 -93.22089
v -0.047341656 -32.429424 -117.055626
v -0.047341652 -31.911854 -116.986046
v 0.91289157 -32.240208 -116.16485
v 0.7497965 -32.750526 -116.25121
v -0.047341943 -30.065216 -138.53839
v -0.047341943 -29.539515 -138.49184
v -0.047341723 -30.592293 -126.78781
v -0.04734173 -31.112162 -126.85142
v -0.047341652 -31.911854 -116.986046
v -0.047341656 -32.429424 -117.055626
v -0.04734173 -31.112162 -126.85142
v -5.827903 -31.987545 -132.51634
v -11.31511 -34.349533 -126.599014
v -0.047341656 -32.429424 -117.055626
v -0.8444798 -32.750526 -116.25121
v -22.573923 -42.442314 -113.956024
v -12.103298 -40.843307 -103.608215
v -6.6729674 -36.14611 -109.828835
v -17.143595 -37.74513 -120.17664
v -26.427166 -47.580547 -109.27768
v -12.103298 -40.843307 -103.608215
v -22.573923 -42.442314 -113.956024
v -15.956533 -45.98153 -98.92987
v -21.021885 -52.7837 -92.76455
v -31.492521 -54.382713 -103.11235
v -25.49598 -59.0151 -87.30474
v -35.96661 -60.614113 -97.65255
v -17.143595 -37.74513 -120.17664
v -6.6729674 -36.14611 -109.828835
v -0.8444798 -32.750526 -116.25121
v -11.31511 -34.349533 -126.599014
v -11.478318 -33.839283 -126.51253
v -5.9648647 -31.46569 -132.45822
v -0.047341723 -30.592293 -126.78781
v -0.047341652 -31.911854 -116.986046
v -1.0075748 -32.240208 -116.16485
v -22.833485 -42.00774 -113.76054
v -17.346388 -37.25889 -120.04658
v -6.87576 -35.659874 -109.69877
v -12.362863 -40.408726 -103.41273
v -26.717083 -47.184975 -109.04545
v -22.833485 -42.00774 -113.76054
v -12.362863 -40.408726 -103.41273
v -16.246452 -45.585953 -98.697624
v -31.782433 -53.98714 -102.88012
v -21.31181 -52.388123 -92.53231
v -36.256527 -60.21854 -97.42032
v -25.785894 -58.619522 -87.0725
v -17.346388 -37.25889 -120.04658
v -11.478318 -33.839283 -126.51253
v -1.0075748 -32.240208 -116.16485
v -6.87576 -35.659874 -109.69877
v -5.827903 -31.987545 -132.51634
v -0.047341943 -30.065216 -138.53839
v -0.047341943 -29.539515 -138.49184
v -5.9648647 -31.46569 -132.45822
v -0.8444798 -32.750526 -116.25121
v -6.87576 -35.659874 -109.69877
v -1.0075748 -32.240208 -116.16485
v -6.6729674 -36.14611 -109.828835
v -12.362863 -40.408726 -103.41273
v -12.103298 -40.843307 -103.608215
v -16.246452 -45.585953 -98.697624
v -15.956533 -45.98153 -98.92987
v -21.31181 -52.388123 -92.53231
v -21.021885 -52.7837 -92.76455
v -25.785894 -58.619522 -87.0725
v -25.49598 -59.0151 -87.30474
v -29.394459 -65.258675 -82.339005
v -29.104532 -65.65425 -82.57125
v -11.31511 -34.349533 -126.599014
v -5.827903 -31.987545 -132.51634
v -5.9648647 -31.46569 -132.45822
v -11.478318 -33.839283 -126.51253
v -17.143595 -37.74513 -120.17664
v -17.346388 -37.25889 -120.04658
v -22.573923 -42.442314 -113.956024
v -22.833485 -42.00774 -113.76054
v -26.427166 -47.580547 -109.27768
v -26.717083 -47.184975 -109.04545
v -31.492521 -54.382713 -103.11235
v -31.782433 -53.98714 -102.88012
v -35.96661 -60.614113 -97.65255
v -36.256527 -60.21854 -97.42032
v -39.57517 -67.25325 -92.91905
v -39.86508 -66.85767 -92.68681
v -0.047341656 -32.429424 -117.055626
v -0.8444798 -32.750526 -116.25121
v -1.0075748 -32.240208 -116.16485
v -0.047341652 -31.911854 -116.986046
v 27.0967 -46.48568 -108.88027
v 31.20781 -51.56686 -104.05239
v 20.737183 -49.967846 -93.70459
v 16.626066 -44.886658 -98.53246
v 16.336147 -45.28225 -98.7647
v 20.447252 -50.363434 -93.93682
v 30.917887 -51.962433 -104.28463
v 26.806774 -46.881256 -109.11251
v 35.266277 -57.581333 -99.02726
v 39.526455 -66.50169 -92.988655
v 29.055838 -64.90269 -82.64084
v 24.795652 -55.982304 -88.67944
v 20.447252 -50.363434 -93.93682
v 24.505733 -56.37788 -88.91168
v 34.97636 -57.97689 -99.25949
v 30.917887 -51.962433 -104.28463
v 31.20781 -51.56686 -104.05239
v 35.266277 -57.581333 -99.02726
v 24.795652 -55.982304 -88.67944
v 20.737183 -49.967846 -93.70459
v 28.765915 -65.29827 -82.87307
v 29.055838 -64.90269 -82.64084
v 39.526455 -66.50169 -92.988655
v 39.236546 -66.897285 -93.22089
v 24.505733 -56.37788 -88.91168
v 28.765915 -65.29827 -82.87307
v 39.236546 -66.897285 -93.22089
v 34.97636 -57.97689 -99.25949
v -29.104532 -65.65425 -82.57125
v -39.57517 -67.25325 -92.91905
v -39.86508 -66.85767 -92.68681
v -29.394459 -65.258675 -82.339005
v -25.785894 -58.619522 -87.0725
v -29.394459 -65.258675 -82.339005
v -39.86508 -66.85767 -92.68681
v -36.256527 -60.21854 -97.42032
v -35.96661 -60.614113 -97.65255
v -39.57517 -67.25325 -92.91905
v -29.104532 -65.65425 -82.57125
v -25.49598 -59.0151 -87.30474
v 44.18213 -35.943657 -145.92511
v -41.954056 -35.943657 -145.92511
v -41.954056 -36.53745 -146.81378
v 44.18213 -36.53745 -146.81378
v 7.055237 19.491293 -16.749554
v -0 20.086443 -15.569541
v -0 20.371538 -16.720661
v -7.055237 19.491293 -16.749554
v 5.483383 19.592855 -15.585742
v -5.483383 19.592855 -15.585742
v 6.852112 19.211407 -11.381934
v -6.852112 19.211407 -11.381934
v 5.369484 19.435913 -12.575088
v -5.369484 19.435913 -12.575088
v -0 19.815777 -11.54992
v -0 19.774807 -12.669986
v -0.04733262 26.289667 -99.97396
v -5.239025 25.778334 -99.97396
v -4.9378014 24.263977 -105.06394
v -0.047332942 24.745642 -105.06394
v 5.1443515 25.77832 -99.97396
v -9.640333 22.837477 -105.063934
v -10.231206 24.263977 -99.97396
v 4.8431287 24.263966 -105.06394
v 10.136527 24.263956 -99.97396
v -13.974208 20.520971 -105.063934
v -14.832024 21.804787 -99.97395
v 9.545657 22.83747 -105.063934
v 14.737344 21.804775 -99.97395
v -17.772882 17.403479 -105.063934
v -18.864668 18.495277 -99.97395
v 13.879532 20.520966 -105.063934
v 18.76999 18.49526 -99.97395
v -20.890368 13.604809 -105.063934
v -22.174185 14.462621 -99.97395
v 17.678202 17.403471 -105.063934
v 22.079498 14.462618 -99.97395
v -23.206879 9.270932 -105.063934
v -24.633368 9.861808 -99.97395
v 20.795694 13.604802 -105.063934
v 24.538694 9.861801 -99.97395
v -24.633368 4.568404 -105.063934
v -26.14773 4.8696294 -99.97395
v 23.112198 9.270924 -105.063934
v 26.053051 4.8696265 -99.97395
v -25.115042 -0.3220634 -105.063934
v -26.65907 -0.32206365 -99.97395
v 24.5387 4.5683975 -105.063934
v 26.564384 -0.32206398 -99.97395
v -24.633368 -5.212529 -105.063934
v -26.147736 -5.513755 -99.97395
v 25.02036 -0.32206753 -105.063934
v 26.053051 -5.513755 -99.97395
v -23.206879 -9.91506 -105.063934
v -24.633368 -10.505934 -99.97395
v 24.5387 -5.2125316 -105.063934
v 24.538694 -10.505931 -99.97395
v -20.890373 -14.248935 -105.06393
v -22.174185 -15.10675 -99.973946
v 23.112198 -9.915063 -105.063934
v 22.079498 -15.10675 -99.97395
v -17.772879 -18.047611 -105.06393
v -18.864668 -19.139397 -99.973946
v 20.795694 -14.248938 -105.063934
v 18.769995 -19.139397 -99.97395
v -13.974211 -21.165098 -105.06393
v -14.832024 -22.448908 -99.973946
v 17.678202 -18.047611 -105.063934
v 14.737349 -22.448908 -99.973946
v -9.640333 -23.481606 -105.06392
v -10.231203 -24.908092 -99.97394
v 13.879532 -21.165098 -105.06393
v 10.136533 -24.908098 -99.97394
v -4.937804 -24.908098 -105.06392
v -5.239025 -26.422459 -99.97394
v 9.545654 -23.481606 -105.06392
v 5.1443553 -26.422459 -99.97394
v -0.04733797 -25.389765 -105.06392
v -0.04733551 -26.933794 -99.97394
v 4.843127 -24.908098 -105.06392
v -8.680804 -21.1651 -109.75488
v -4.44864 -22.44891 -109.75488
v -0.047336973 -22.8824 -109.75488
v 4.353966 -22.44891 -109.75488
v 8.586126 -21.1651 -109.75488
v 12.486508 -19.080301 -109.75488
v -12.581188 -19.080296 -109.75488
v 15.905226 -16.274635 -109.75488
v -15.999902 -16.274633 -109.75488
v 18.71089 -12.85592 -109.75488
v -18.80557 -12.85592 -109.75488
v 20.79569 -8.955536 -109.75488
v -20.890368 -8.955535 -109.75488
v 22.079508 -4.723373 -109.75488
v -22.174185 -4.7233715 -109.75488
v 22.512999 -0.32207003 -109.75488
v -22.607672 -0.3220672 -109.75488
v 22.079498 4.0792327 -109.75488
v -22.174185 4.0792365 -109.75488
v 20.79569 8.311395 -109.75488
v -20.890368 8.311399 -109.75488
v 18.710897 12.211776 -109.75488
v -18.80557 12.211786 -109.75488
v 15.905226 15.630492 -109.75488
v -15.999904 15.630502 -109.75488
v 12.486511 18.43616 -109.75488
v -12.581188 18.436169 -109.75488
v 8.586128 20.520958 -109.75488
v -8.680804 20.52097 -109.75488
v 4.3539677 21.80477 -109.75488
v -4.4486375 21.804785 -109.75488
v -0.04733326 22.23827 -109.75488
v -13.613881 13.24448 -113.86655
v -10.706502 15.630501 -113.86655
v -7.3894963 17.403479 -113.86655
v -3.790336 18.495274 -113.86655
v -0.047333747 18.863926 -113.86655
v 3.6956658 18.495262 -113.86655
v -15.999902 10.3371 -113.86655
v 7.2948236 17.403467 -113.86655
v -17.772884 7.020094 -113.86655
v 10.611826 15.630488 -113.86655
v -18.864676 3.4209337 -113.86655
v 13.519205 13.244472 -113.86655
v -19.233326 -0.32206762 -113.86655
v 15.905226 10.337091 -113.86655
v -18.864676 -4.0650697 -113.86655
v 17.6782 7.0200872 -113.86655
v -17.772884 -7.6642275 -113.86655
v 18.769993 3.4209278 -113.86655
v -15.999904 -10.981235 -113.86654
v 19.13865 -0.3220722 -113.86655
v -13.613883 -13.888613 -113.86654
v 18.77 -4.0650725 -113.86655
v -10.706506 -16.274641 -113.86654
v 17.678204 -7.6642313 -113.86655
v -7.3895 -18.047615 -113.86654
v 15.905226 -10.981237 -113.86655
v -3.7903392 -19.139408 -113.86654
v 13.519204 -13.888613 -113.86655
v -0.047338568 -19.50806 -113.86654
v 10.611823 -16.274641 -113.86654
v 3.6956627 -19.139408 -113.86654
v 7.2948217 -18.047615 -113.86654
v -2.9881918 -15.106758 -117.24088
v -0.047335204 -15.396408 -117.24088
v 2.8935215 -15.106758 -117.24088
v 5.7213626 -14.248939 -117.24088
v 8.327516 -12.85592 -117.24089
v 10.611823 -10.981231 -117.24089
v -5.816033 -14.248941 -117.24088
v 12.486508 -8.69692 -117.24089
v -8.422188 -12.855923 -117.24088
v 13.879526 -6.090766 -117.24089
v -10.706499 -10.981236 -117.24088
v 14.737344 -3.2629259 -117.24089
v -12.581188 -8.696923 -117.24089
v 15.026992 -0.32207033 -117.24089
v -13.974203 -6.0907702 -117.24089
v 14.737344 2.6187859 -117.24089
v -14.832024 -3.2629285 -117.24089
v 13.879526 5.4466248 -117.24089
v -15.121674 -0.3220709 -117.24089
v 12.4865055 8.052777 -117.24089
v -14.832024 2.6187866 -117.24089
v 10.611823 10.33709 -117.24089
v -13.974211 5.4466286 -117.24089
v 8.327509 12.211773 -117.24089
v -12.581194 8.052782 -117.24089
v 5.7213573 13.60479 -117.24089
v -10.706506 10.337095 -117.24089
v 2.8935173 14.462604 -117.24089
v -8.422189 12.211783 -117.24089
v -0.047334217 14.752272 -117.24089
v -5.816035 13.604802 -117.24089
v -2.9881926 14.462622 -117.24089
v -8.680806 5.4466286 -119.74825
v -7.3894987 7.0200934 -119.74825
v -5.816035 8.311401 -119.74825
v -4.0208845 9.270928 -119.74825
v -2.073033 9.861802 -119.74825
v -0.047334664 10.061316 -119.74825
v -9.640335 3.6514773 -119.74825
v 1.97836 9.861795 -119.74825
v -10.231212 1.7036262 -119.74825
v 3.9262104 9.270923 -119.74825
v -10.430722 -0.32207233 -119.74825
v 5.7213616 8.311392 -119.74825
v -10.231209 -2.3477707 -119.74825
v 7.2948217 7.0200853 -119.74825
v -9.640335 -4.295623 -119.74825
v 8.586129 5.4466257 -119.74825
v -8.680808 -6.090773 -119.74825
v 9.545657 3.651476 -119.74825
v -7.3895 -7.664235 -119.74825
v 10.13653 1.7036256 -119.74825
v -5.816035 -8.955542 -119.74825
v 10.336047 -0.32207218 -119.74825
v -4.020885 -9.91507 -119.74825
v 10.136533 -2.34777 -119.74825
v -2.073034 -10.505946 -119.74825
v 9.54566 -4.29562 -119.74825
v -0.047335725 -10.705459 -119.74825
v 8.586132 -6.0907707 -119.74825
v 1.978363 -10.505946 -119.74825
v 7.294825 -7.6642346 -119.74825
v 3.9262145 -9.91507 -119.74825
v 5.7213655 -8.955542 -119.74825
v -0.047336224 -5.6154766 -121.29228
v 0.9853557 -5.513766 -121.29228
v -0.047333434 -0.3220739 -121.813644
v -1.080028 -5.513766 -121.29228
v 1.9783618 -5.2125406 -121.29228
v -2.073034 -5.2125406 -121.29228
v 2.8935213 -4.723377 -121.29228
v -2.9881942 -4.7233768 -121.29228
v 3.6956646 -4.0650735 -121.29228
v -3.7903388 -4.065075 -121.29228
v 4.3539677 -3.2629306 -121.29228
v -4.448641 -3.26293 -121.29228
v 4.8431315 -2.3477707 -121.29228
v -4.937804 -2.3477705 -121.29228
v 5.1443563 -1.3547648 -121.29228
v -5.239028 -1.3547642 -121.29228
v 5.2460666 -0.3220729 -121.29228
v -5.340741 -0.32207194 -121.29228
v 5.1443563 0.71061873 -121.29228
v -5.239028 0.71062005 -121.29228
v 4.8431315 1.7036247 -121.29228
v -4.937804 1.7036265 -121.29228
v 4.3539677 2.6187835 -121.29228
v -4.4486413 2.6187868 -121.29228
v 3.6956646 3.4209278 -121.29228
v -3.7903373 3.42093 -121.29228
v 2.8935206 4.079231 -121.29228
v -2.9881935 4.079234 -121.29228
v 1.978361 4.5683937 -121.29228
v -2.073034 4.5683975 -121.29228
v 0.98535496 4.8696184 -121.29228
v -1.0800273 4.8696227 -121.29228
v -0.047335275 4.9713335 -121.29228
v -24.874199 -10.605688 -97.32725
v -22.390924 -15.2515745 -97.32725
v -22.174185 -15.10675 -99.973946
v -24.633368 -10.505934 -99.97395
v -18.864668 -19.139397 -99.973946
v -26.403399 -5.564611 -97.32725
v -26.147736 -5.513755 -99.97395
v -19.048996 -19.32372 -97.32725
v -14.832024 -22.448908 -99.973946
v -26.91975 -0.32206377 -97.32725
v -26.65907 -0.32206365 -99.97395
v -14.976843 -22.665653 -97.32725
v -10.231203 -24.908092 -99.97394
v -26.403404 4.9204845 -97.32725
v -26.14773 4.8696294 -99.97395
v -10.330958 -25.148926 -97.32724
v -5.239025 -26.422459 -99.97394
v -24.874199 9.961563 -97.327255
v -24.633368 9.861808 -99.97395
v -5.289879 -26.678118 -97.32724
v -0.04733551 -26.933794 -99.97394
v -22.39093 14.60745 -97.327255
v -22.174185 14.462621 -99.97395
v -0.04733265 -27.194464 -97.32724
v 5.1443553 -26.422459 -99.97394
v -19.049 18.679605 -97.327255
v -18.864668 18.495277 -99.97395
v 5.1952133 -26.678118 -97.32724
v 10.136533 -24.908098 -99.97394
v -14.97685 22.021536 -97.327255
v -14.832024 21.804787 -99.97395
v 10.236289 -25.148926 -97.32724
v 14.737349 -22.448908 -99.973946
v -10.330963 24.504814 -97.32726
v -10.231206 24.263977 -99.97396
v 14.8821745 -22.665646 -97.32725
v 18.769995 -19.139397 -99.97395
v -5.2898803 26.034002 -97.32726
v -5.239025 25.778334 -99.97396
v 18.95432 -19.323717 -97.32725
v 22.079498 -15.10675 -99.97395
v -0.047339812 26.55033 -97.32726
v -0.04733262 26.289667 -99.97396
v 22.29625 -15.251568 -97.32725
v 24.538694 -10.505931 -99.97395
v 5.1952004 26.033987 -97.32726
v 5.1443515 25.77832 -99.97396
v 24.779524 -10.605682 -97.32725
v 26.053051 -5.513755 -99.97395
v 10.236279 24.504793 -97.32726
v 10.136527 24.263956 -99.97396
v 26.308718 -5.5646033 -97.32725
v 26.564384 -0.32206398 -99.97395
v 14.882156 22.021519 -97.327255
v 14.737344 21.804775 -99.97395
v 26.825064 -0.3220589 -97.32725
v 26.053051 4.8696265 -99.97395
v 18.95431 18.679594 -97.327255
v 18.76999 18.49526 -99.97395
v 26.30871 4.920486 -97.327255
v 24.538694 9.861801 -99.97395
v 22.29624 14.607441 -97.327255
v 22.079498 14.462618 -99.97395
v 24.779524 9.96156 -97.327255
v 15.026978 22.23826 -92.207306
v 10.336027 24.745625 -92.20731
v 19.138636 18.863916 -92.207306
v 22.51298 14.752267 -92.207306
v 5.24605 26.289648 -92.20731
v 25.02035 10.061324 -92.2073
v 26.564371 4.9713454 -92.2073
v -0.047346942 26.811 -92.20731
v 27.085732 -0.32205296 -92.2073
v -5.3407354 26.28967 -92.20731
v 26.564377 -5.615451 -92.2073
v -10.430718 24.745646 -92.20731
v 25.02035 -10.70543 -92.2073
v -15.1216755 22.238276 -92.207306
v 22.512993 -15.396381 -92.2073
v -19.233324 18.863926 -92.207306
v 19.138653 -19.508041 -92.2073
v -22.607676 14.752273 -92.2073
v 15.026993 -22.882383 -92.2073
v -25.115042 10.061321 -92.2073
v 10.336048 -25.389755 -92.20729
v -26.659063 4.971339 -92.2073
v 5.2460704 -26.933779 -92.20729
v -27.180426 -0.3220631 -92.2073
v -0.04733 -27.455132 -92.20728
v -26.659061 -5.6154647 -92.2073
v -5.340731 -26.933788 -92.20728
v -25.115034 -10.705444 -92.2073
v -10.430709 -25.389755 -92.20728
v -22.607664 -15.3963995 -92.2073
v -15.121662 -22.882395 -92.2073
v -19.233315 -19.508053 -92.2073
v -5.3407354 26.28967 -89.734055
v -4.354455 21.331295 -89.73405
v -8.496057 20.074953 -89.73405
v -10.430718 24.745646 -89.734055
v -12.312978 18.03477 -89.73405
v -0.047346875 26.811 -89.734055
v -0.04734595 21.75548 -89.73405
v -15.1216755 22.238276 -89.73405
v -15.658536 15.289139 -89.73405
v 5.24605 26.289648 -89.734055
v 4.25977 21.33127 -89.73405
v -19.233324 18.863926 -89.73405
v -18.404167 11.943579 -89.73405
v 10.336027 24.745625 -89.734055
v 8.401366 20.074934 -89.73405
v -22.607676 14.752274 -89.73405
v -20.444345 8.1266575 -89.73405
v 15.026978 22.23826 -89.73405
v 12.218286 18.034754 -89.73405
v -25.115042 10.061322 -89.73405
v -21.700687 3.9850585 -89.73404
v 19.138636 18.863916 -89.73405
v 15.563844 15.289126 -89.73405
v -26.659063 4.97134 -89.73404
v -22.124903 -0.32206163 -89.73404
v 22.51298 14.752268 -89.73405
v 18.309471 11.943576 -89.73405
v -27.180426 -0.32206228 -89.73404
v -21.700687 -4.6291804 -89.73404
v 25.02035 10.061325 -89.73405
v 20.349655 8.126658 -89.73405
v -26.659061 -5.6154637 -89.73404
v -20.444345 -8.77078 -89.73404
v 26.564371 4.9713464 -89.73405
v 21.605997 3.9850626 -89.73405
v -25.115034 -10.705443 -89.73404
v -18.404156 -12.587701 -89.73404
v 27.085732 -0.32205215 -89.73405
v 22.030214 -0.32205337 -89.73405
v -22.607664 -15.396399 -89.73404
v -15.65853 -15.933255 -89.73404
v 26.564377 -5.61545 -89.73404
v 21.606005 -4.6291704 -89.73404
v -19.233315 -19.508053 -89.73404
v -12.312968 -18.678888 -89.73404
v 25.02035 -10.705429 -89.73404
v 20.34966 -8.770767 -89.73404
v -15.121662 -22.882395 -89.73404
v -8.496049 -20.719067 -89.73404
v 22.512993 -15.39638 -89.73404
v 18.309479 -12.587689 -89.73404
v -10.430709 -25.389755 -89.73403
v -4.3544497 -21.975409 -89.73404
v 19.138653 -19.508041 -89.73404
v 15.563853 -15.933245 -89.73404
v -5.340731 -26.933788 -89.73403
v -0.047332063 -22.399618 -89.73404
v 15.026993 -22.882383 -89.73404
v 12.218299 -18.678873 -89.73404
v -0.047329932 -27.455132 -89.73403
v 4.2597866 -21.975403 -89.73404
v 10.336048 -25.389755 -89.73403
v 8.401382 -20.71906 -89.73404
v 5.2460704 -26.933779 -89.73403
v 19.138653 -19.508041 -92.2073
v 15.026993 -22.882383 -92.2073
v 22.512993 -15.396381 -92.2073
v 10.336048 -25.389755 -92.20729
v 5.2460704 -26.933779 -92.20729
v 25.02035 -10.70543 -92.2073
v -0.04733 -27.455132 -92.20728
v -5.340731 -26.933788 -92.20728
v 26.564377 -5.615451 -92.2073
v -10.430709 -25.389755 -92.20728
v 27.085732 -0.32205296 -92.2073
v -15.121662 -22.882395 -92.2073
v 26.564371 4.9713454 -92.2073
v -19.233315 -19.508053 -92.2073
v 25.02035 10.061324 -92.2073
v -22.607664 -15.3963995 -92.2073
v 22.51298 14.752267 -92.207306
v -25.115034 -10.705444 -92.2073
v 19.138636 18.863916 -92.207306
v -26.659061 -5.6154647 -92.2073
v 15.026978 22.23826 -92.207306
v -27.180426 -0.3220631 -92.2073
v 10.336027 24.745625 -92.20731
v -26.659063 4.971339 -92.2073
v 5.24605 26.289648 -92.20731
v -25.115042 10.061321 -92.2073
v -0.047346942 26.811 -92.20731
v -22.607676 14.752273 -92.2073
v -5.3407354 26.28967 -92.20731
v -19.233324 18.863926 -92.207306
v -10.430718 24.745646 -92.20731
v -15.1216755 22.238276 -92.207306
v -0.047347102 23.744755 -112.19129
v -0.04734696 23.744759 -106.793816
v 4.647856 23.282322 -106.79381
v 4.647856 23.282318 -112.191284
v -4.742543 23.282347 -112.191284
v 9.162628 21.912779 -106.79381
v 9.162628 21.912775 -112.191284
v -4.742543 23.28235 -106.79381
v -9.257319 21.912798 -112.191284
v 13.3234625 19.688776 -106.79381
v 13.3234625 19.688772 -112.191284
v -9.257319 21.912802 -106.79381
v -13.418163 19.68879 -112.191284
v 16.970467 16.695759 -106.79381
v 16.970467 16.695755 -112.191284
v -13.418163 19.688793 -106.79381
v -17.065163 16.695765 -112.191284
v 19.963486 13.048752 -106.79381
v 19.963486 13.04875 -112.191284
v -17.065163 16.695768 -106.79381
v -20.058184 13.048755 -112.191284
v 22.18751 8.8879175 -106.79381
v 22.18751 8.887916 -112.191284
v -20.058184 13.048757 -106.79381
v -22.282206 8.887914 -112.191284
v 23.557049 4.3731465 -106.79381
v 23.557049 4.3731446 -112.191284
v -22.282206 8.887916 -106.7938
v -23.65174 4.373141 -112.191284
v 24.019484 -0.32205823 -106.7938
v 24.019484 -0.32206 -112.191284
v -23.65174 4.3731427 -106.7938
v -24.114174 -0.32206893 -112.191284
v 23.557055 -5.0172625 -106.7938
v 23.557055 -5.0172644 -112.191284
v -24.114174 -0.32206717 -106.7938
v -23.65174 -5.017276 -112.191284
v 22.187515 -9.532036 -106.7938
v 22.187515 -9.532038 -112.191284
v -23.65174 -5.017274 -106.7938
v -22.282198 -9.532051 -112.191284
v 19.9635 -13.692872 -106.7938
v 19.9635 -13.692874 -112.191284
v -22.282198 -9.532049 -106.7938
v -20.058176 -13.692889 -112.191284
v 16.970486 -17.339876 -106.7938
v 16.970486 -17.33988 -112.191284
v -20.058176 -13.692887 -106.7938
v -17.065157 -17.339891 -112.191284
v 13.323482 -20.332897 -106.7938
v 13.323482 -20.332901 -112.191284
v -17.065157 -17.339888 -106.7938
v -13.41815 -20.332916 -112.191284
v 9.1626425 -22.556915 -106.7938
v 9.1626425 -22.55692 -112.191284
v -13.41815 -20.332912 -106.7938
v -9.257312 -22.556932 -112.191284
v 4.647874 -23.92646 -106.79379
v 4.647874 -23.926464 -112.19128
v -9.257312 -22.556929 -106.7938
v -4.7425385 -23.926464 -112.19128
v -0.04733187 -24.3889 -106.79379
v -0.04733201 -24.388905 -112.19128
v -4.7425385 -23.92646 -106.79379
v 10.939372 -26.84632 -106.79379
v 5.5536437 -28.480055 -106.79379
v -0.047330018 -29.031706 -106.79379
v -5.648303 -28.480055 -106.793785
v -11.034038 -26.84632 -106.79379
v -15.997558 -24.193264 -106.79379
v 15.902887 -24.193247 -106.79379
v -20.348112 -20.622856 -106.7938
v 20.253448 -20.622837 -106.7938
v -23.918535 -16.272291 -106.7938
v 23.823854 -16.272274 -106.7938
v -26.571594 -11.308778 -106.7938
v 26.476904 -11.30876 -106.7938
v -28.205336 -5.923042 -106.7938
v 28.110651 -5.923028 -106.7938
v -28.756977 -0.3220679 -106.7938
v 28.66229 -0.32205725 -106.7938
v -28.205336 5.2789073 -106.7938
v 28.110645 5.278914 -106.79381
v -26.571594 10.66464 -106.79381
v 26.476902 10.66464 -106.79381
v -23.918541 15.628159 -106.79381
v 23.82384 15.628159 -106.79381
v -20.348125 19.97873 -106.79381
v 20.25343 19.97871 -106.79381
v -15.997564 23.549139 -106.793816
v 15.90287 23.549124 -106.793816
v -11.034043 26.202198 -106.793816
v 10.93935 26.202173 -106.793816
v -5.6483088 27.835943 -106.793816
v 5.5536222 27.83592 -106.793816
v -0.047347978 28.387558 -106.793816
v 20.25343 19.978706 -112.191284
v 15.90287 23.54912 -112.19129
v 10.93935 26.20217 -112.19129
v 5.5536222 27.835917 -112.19129
v -0.04734812 28.387554 -112.19129
v -5.6483088 27.83594 -112.19129
v 23.82384 15.628157 -112.191284
v -11.034043 26.202194 -112.19129
v 26.476902 10.6646385 -112.191284
v -15.997564 23.549135 -112.19129
v 28.110645 5.278912 -112.191284
v -20.348125 19.978725 -112.191284
v 28.66229 -0.322059 -112.191284
v -23.918541 15.628157 -112.191284
v 28.110651 -5.92303 -112.191284
v -26.571594 10.6646385 -112.191284
v 26.476904 -11.308762 -112.191284
v -28.205336 5.2789054 -112.191284
v 23.823854 -16.272278 -112.191284
v -28.756977 -0.32206964 -112.191284
v 20.253448 -20.62284 -112.191284
v -28.205336 -5.9230437 -112.191284
v 15.902887 -24.19325 -112.19128
v -26.571594 -11.30878 -112.191284
v 10.939372 -26.846323 -112.19128
v -23.918535 -16.272295 -112.191284
v 5.5536437 -28.480059 -112.19128
v -20.348112 -20.62286 -112.191284
v -0.04733016 -29.03171 -112.19128
v -15.997558 -24.193268 -112.19128
v -5.648303 -28.480059 -112.19128
v -11.034038 -26.846323 -112.19128
v 5.5536437 -28.480059 -117.93221
v -0.047330312 -29.03171 -117.93221
v -5.648303 -28.480059 -117.93221
v -11.034038 -26.846323 -117.93221
v -15.997558 -24.193268 -117.93221
v -20.348114 -20.62286 -117.93222
v 10.939372 -26.846323 -117.93221
v -23.918537 -16.272295 -117.93222
v 15.902887 -24.19325 -117.93221
v -26.571596 -11.308782 -117.93222
v 20.253447 -20.62284 -117.93222
v -28.205338 -5.9230456 -117.93223
v 23.823853 -16.272278 -117.93222
v -28.756979 -0.32207152 -117.93223
v 26.476902 -11.3087635 -117.93223
v -28.205338 5.2789035 -117.93223
v 28.11065 -5.923032 -117.93223
v -26.571596 10.664637 -117.93223
v 28.662289 -0.32206088 -117.93223
v -23.918543 15.628155 -117.932236
v 28.110643 5.27891 -117.93223
v -20.348127 19.978725 -117.932236
v 26.4769 10.664637 -117.932236
v -15.997564 23.549135 -117.93224
v 23.823837 15.628155 -117.932236
v -11.034043 26.202194 -117.93224
v 20.253428 19.978706 -117.932236
v -5.6483088 27.83594 -117.93224
v 15.90287 23.54912 -117.93224
v -0.047348272 28.387554 -117.93224
v 10.93935 26.20217 -117.93224
v 5.5536222 27.835917 -117.93224
v 23.823837 15.628153 -123.67317
v 20.253428 19.978703 -123.67317
v 15.90287 23.549116 -123.67318
v 10.93935 26.202166 -123.67318
v 5.553622 27.835913 -123.67318
v -0.047348425 28.38755 -123.67318
v 26.4769 10.664635 -123.67317
v -5.648309 27.835936 -123.67318
v 28.110643 5.2789083 -123.67317
v -11.034043 26.20219 -123.67318
v 28.662289 -0.32206276 -123.67317
v -15.997564 23.549131 -123.67318
v 28.11065 -5.9230337 -123.67317
v -20.348127 19.978722 -123.67317
v 26.476902 -11.308765 -123.67317
v -23.918543 15.628153 -123.67317
v 23.823853 -16.272282 -123.673164
v -26.571596 10.664635 -123.67317
v 20.253447 -20.622845 -123.673164
v -28.205338 5.2789016 -123.67317
v 15.902887 -24.193254 -123.67316
v -28.756979 -0.3220734 -123.67317
v 10.939372 -26.846327 -123.67316
v -28.205338 -5.9230475 -123.67317
v 5.553643 -28.480062 -123.67316
v -26.571596 -11.308784 -123.673164
v -0.047330465 -29.031713 -123.67316
v -23.918537 -16.272299 -123.673164
v -5.6483035 -28.480062 -123.67316
v -20.348114 -20.622864 -123.673164
v -11.034038 -26.846327 -123.67316
v -15.997558 -24.193272 -123.67316
v -0.047330618 -29.031713 -129.41412
v -5.6483035 -28.480062 -129.41412
v -11.034038 -26.846327 -129.41412
v -15.997558 -24.193272 -129.41412
v -20.348114 -20.622864 -129.41412
v -23.918537 -16.272299 -129.41412
v 5.553643 -28.480062 -129.41412
v -26.571596 -11.308785 -129.41412
v 10.939372 -26.846327 -129.41412
v -28.205338 -5.9230494 -129.41412
v 15.902887 -24.193254 -129.41412
v -28.756979 -0.32207525 -129.41412
v 20.253447 -20.622845 -129.41412
v -28.205338 5.2788997 -129.41412
v 23.823853 -16.272282 -129.41412
v -26.571596 10.664633 -129.41412
v 26.476902 -11.308767 -129.41412
v -23.918543 15.628151 -129.41412
v 28.11065 -5.9230356 -129.41412
v -20.348127 19.978722 -129.41412
v 28.662289 -0.3220646 -129.41412
v -15.997564 23.549131 -129.41412
v 28.110643 5.2789063 -129.41412
v -11.034043 26.20219 -129.41412
v 26.4769 10.664633 -129.41412
v -5.648309 27.835936 -129.41412
v 23.823837 15.628151 -129.41412
v -0.047348578 28.38755 -129.41412
v 20.253428 19.978703 -129.41412
v 5.553622 27.835913 -129.41412
v 15.90287 23.549116 -129.41412
v 10.93935 26.202166 -129.41412
v 26.4769 10.664631 -135.15508
v 23.823837 15.628149 -135.15508
v 20.253428 19.978699 -135.15508
v 15.902869 23.549112 -135.15508
v 10.939349 26.202162 -135.15508
v 5.553622 27.835909 -135.15508
v 28.110643 5.2789044 -135.15508
v -0.04734873 28.387547 -135.15508
v 28.662289 -0.3220665 -135.15508
v -5.648309 27.835932 -135.15508
v 28.11065 -5.9230375 -135.15508
v -11.034044 26.202187 -135.15508
v 26.476902 -11.308769 -135.15508
v -15.997565 23.549128 -135.15508
v 23.823853 -16.272285 -135.15508
v -20.348127 19.978718 -135.15508
v 20.253447 -20.622849 -135.15508
v -23.918543 15.628149 -135.15508
v 15.902886 -24.193258 -135.15508
v -26.571596 10.664631 -135.15508
v 10.939371 -26.84633 -135.15508
v -28.205338 5.278898 -135.15508
v 5.553643 -28.480066 -135.15508
v -28.756979 -0.32207713 -135.15508
v -0.04733077 -29.031717 -135.15508
v -28.205338 -5.9230514 -135.15508
v -5.6483035 -28.480066 -135.15508
v -26.571596 -11.308787 -135.15508
v -11.034039 -26.84633 -135.15508
v -23.918537 -16.272303 -135.15508
v -15.997559 -24.193275 -135.15508
v -20.348114 -20.622868 -135.15508
v -0.047336318 -28.480076 -140.75604
v -5.54069 -27.93903 -140.75604
v -10.822935 -26.33668 -140.75604
v -15.691088 -23.734598 -140.75604
v -19.958054 -20.232794 -140.75604
v -23.45986 -15.965825 -140.75604
v 5.4460163 -27.939026 -140.75604
v -26.061949 -11.097682 -140.75604
v 10.72826 -26.336674 -140.75604
v -27.664291 -5.8154316 -140.75604
v 15.596409 -23.734598 -140.75604
v -28.205338 -0.3220769 -140.75604
v 19.863373 -20.232788 -140.75604
v -27.664291 5.171277 -140.75604
v 23.365181 -15.965825 -140.75604
v -26.061937 10.4535265 -140.75604
v 25.967257 -11.097678 -140.75604
v -23.459866 15.321669 -140.75604
v 27.569614 -5.8154287 -140.75604
v -19.958054 19.588638 -140.75606
v 28.11066 -0.32207724 -140.75604
v -15.691088 23.09046 -140.75606
v 27.569614 5.171275 -140.75604
v -10.822941 25.692532 -140.75606
v 25.96725 10.45352 -140.75606
v -5.5406895 27.294886 -140.75606
v 23.365181 15.321669 -140.75606
v -0.047333326 27.835932 -140.75606
v 19.863373 19.588633 -140.75606
v 5.446012 27.294876 -140.75606
v 15.596402 23.09044 -140.75606
v 10.728258 25.692518 -140.75606
v 22.006775 14.414001 -146.1418
v 18.708143 18.433401 -146.1418
v 14.688747 21.732029 -146.14182
v 10.103056 24.183136 -146.14182
v 5.127289 25.692516 -146.14182
v -0.047333658 26.202185 -146.14182
v 24.457878 9.82831 -146.1418
v -5.221961 25.692524 -146.14182
v 25.967257 4.852545 -146.1418
v -10.19773 24.183147 -146.1418
v 26.476917 -0.32208094 -146.1418
v -14.783431 21.732046 -146.1418
v 25.967262 -5.496707 -146.1418
v -18.802818 18.433409 -146.1418
v 24.45788 -10.472477 -146.1418
v -22.101456 14.414012 -146.1418
v 22.006775 -15.05817 -146.1418
v -24.552565 9.82832 -146.1418
v 18.708143 -19.077562 -146.1418
v -26.061949 4.8525505 -146.1418
v 14.688743 -22.376198 -146.1418
v -26.571596 -0.32207665 -146.1418
v 10.103053 -24.8273 -146.1418
v -26.061947 -5.4967027 -146.1418
v 5.127287 -26.336681 -146.14178
v -24.552565 -10.47247 -146.1418
v -0.047338877 -26.84634 -146.14178
v -22.101456 -15.05817 -146.1418
v -5.221965 -26.336681 -146.14178
v -18.802826 -19.077562 -146.1418
v -10.197734 -24.8273 -146.14178
v -14.783427 -22.37619 -146.14178
v 4.6097016 -23.734596 -151.10532
v -0.047337886 -24.19328 -151.10532
v -4.704378 -23.734596 -151.10532
v -9.182449 -22.376192 -151.10532
v -13.309466 -20.17026 -151.10532
v -16.926825 -17.201567 -151.10532
v 9.087771 -22.376192 -151.10532
v -19.895514 -13.5842085 -151.10532
v 13.214784 -20.17026 -151.10532
v -22.10145 -9.457195 -151.10532
v 16.832148 -17.20157 -151.10532
v -23.45986 -4.979121 -151.10532
v 19.800833 -13.584211 -151.10532
v -23.918537 -0.32208067 -151.10532
v 22.006771 -9.457195 -151.10532
v -23.45986 4.334962 -151.10532
v 23.365181 -4.9791245 -151.10532
v -22.101456 8.813031 -151.10532
v 23.823856 -0.32208362 -151.10532
v -19.895514 12.940048 -151.10532
v 23.365181 4.3349566 -151.10532
v -16.92683 16.55741 -151.10532
v 22.006771 8.813027 -151.10532
v -13.309466 19.526102 -151.10532
v 19.80084 12.940043 -151.10532
v -9.182451 21.732037 -151.10532
v 16.832148 16.557402 -151.10532
v -4.7043757 23.090446 -151.10532
v 13.214788 19.526089 -151.10532
v -0.047333978 23.549133 -151.10532
v 9.087774 21.732027 -151.10532
v 4.609703 23.090433 -151.10532
v 14.307485 14.032741 -155.4559
v 11.231178 16.557396 -155.4559
v 7.7214384 18.433393 -155.4559
v 3.9131508 19.588627 -155.4559
v -0.047334474 19.978712 -155.4559
v -4.0078225 19.588638 -155.4559
v 16.832148 10.956426 -155.4559
v -7.8161125 18.433405 -155.4559
v 18.708143 7.4466887 -155.4559
v -11.325855 16.557407 -155.4559
v 19.863373 3.6384015 -155.4559
v -14.402163 14.032746 -155.4559
v 20.253452 -0.32208598 -155.4559
v -16.926825 10.956435 -155.4559
v 19.863377 -4.2825727 -155.4559
v -18.802826 7.4466944 -155.4559
v 18.708143 -8.090859 -155.4559
v -19.958054 3.6384065 -155.4559
v 16.832148 -11.600597 -155.4559
v -20.348127 -0.32208112 -155.4559
v 14.307485 -14.676909 -155.4559
v -19.958054 -4.2825694 -155.4559
v 11.231174 -17.201576 -155.4559
v -18.802818 -8.090857 -155.4559
v 7.721436 -19.077566 -155.4559
v -16.92683 -11.600597 -155.4559
v 3.9131484 -20.2328 -155.4559
v -14.402163 -14.676909 -155.4559
v -0.047339484 -20.622873 -155.4559
v -11.325852 -17.201576 -155.4559
v -4.007827 -20.2328 -155.4559
v -7.8161154 -19.07757 -155.4559
v 6.05655 -15.058171 -159.02629
v 3.0643988 -15.965832 -159.02629
v -0.04733594 -16.27231 -159.02629
v -3.1590717 -15.965832 -159.02629
v -6.1512246 -15.058174 -159.02629
v -8.908806 -13.584213 -159.02629
v 8.814133 -13.584209 -159.02629
v -11.32585 -11.600598 -159.02629
v 11.231174 -11.600596 -159.02629
v -13.309465 -9.183557 -159.02629
v 13.214788 -9.183554 -159.02629
v -14.783427 -6.425972 -159.02629
v 14.688743 -6.4259696 -159.02629
v -15.691088 -3.4338202 -159.02629
v 15.596402 -3.4338195 -159.02629
v -15.997565 -0.32208455 -159.02629
v 15.902885 -0.32208404 -159.02629
v -15.691088 2.7896516 -159.02629
v 15.596402 2.7896497 -159.02629
v -14.783431 5.781805 -159.02629
v 14.688743 5.7818007 -159.02629
v -13.309469 8.539388 -159.02629
v 13.214784 8.539383 -159.02629
v -11.325855 10.95643 -159.02629
v 11.23117 10.956425 -159.02629
v -8.9088125 12.940049 -159.02629
v 8.814126 12.940037 -159.02629
v -6.1512246 14.414008 -159.02629
v 6.056545 14.413993 -159.02629
v -3.1590717 15.321668 -159.02629
v 3.064394 15.321652 -159.02629
v -0.04733495 15.628145 -159.02629
v 6.056549 8.8130245 -161.67932
v 4.1570926 9.828305 -161.67932
v 2.096062 10.453513 -161.67932
v -0.047335498 10.664629 -161.67932
v -2.1907363 10.45352 -161.67932
v -4.251768 9.828315 -161.67932
v 7.7214355 7.4466867 -161.67932
v -6.151226 8.813032 -161.67932
v 9.087774 5.781801 -161.67932
v -7.8161154 7.4466925 -161.67932
v 10.103056 3.8823457 -161.67932
v -9.182457 5.781806 -161.67932
v 10.728263 1.8213146 -161.67932
v -10.197737 3.882347 -161.67932
v 10.939371 -0.32208595 -161.67932
v -10.822944 1.8213153 -161.67932
v 10.728263 -2.4654863 -161.67932
v -11.03405 -0.32208607 -161.67932
v 10.103059 -4.526517 -161.67932
v -10.822941 -2.465487 -161.67932
v 9.087777 -6.4259744 -161.67932
v -10.197734 -4.526519 -161.67932
v 7.721441 -8.090861 -161.67932
v -9.182454 -6.4259744 -161.67932
v 6.056554 -9.457203 -161.67932
v -7.816116 -8.090864 -161.67932
v 4.1570964 -10.472484 -161.67932
v -6.151228 -9.457203 -161.67932
v 2.096065 -11.097692 -161.67932
v -4.2517686 -10.472484 -161.67932
v -0.047336657 -11.308798 -161.67932
v -2.1907372 -11.097692 -161.67932
v 3.0643985 -4.9791284 -163.31308
v 2.0960634 -5.496715 -163.31308
v -0.047334176 -0.32208776 -163.86475
v 3.9131513 -4.282575 -163.31308
v 1.0453591 -5.815442 -163.31308
v 4.609704 -3.433823 -163.31308
v -0.047337152 -5.923063 -163.31308
v 5.1272907 -2.4654877 -163.31308
v -1.1400332 -5.815442 -163.31308
v 5.4460173 -1.4147831 -163.31308
v -2.1907384 -5.496715 -163.31308
v 5.5536385 -0.3220867 -163.31308
v -3.1590734 -4.9791284 -163.31308
v 5.4460173 0.7706094 -163.31308
v -4.0078263 -4.282575 -163.31308
v 5.1272883 1.8213141 -163.31308
v -4.7043786 -3.4338224 -163.31308
v 4.609704 2.7896483 -163.31308
v -5.2219644 -2.4654872 -163.31308
v 3.9131498 3.6384008 -163.31308
v -5.540692 -1.4147822 -163.31308
v 3.064397 4.3349543 -163.31308
v -5.6483145 -0.32208565 -163.31308
v 2.0960624 4.852539 -163.31308
v -5.540692 0.77061087 -163.31308
v 1.0453588 5.1712666 -163.31308
v -5.2219653 1.8213155 -163.31308
v -0.047336012 5.278892 -163.31308
v -4.704379 2.789651 -163.31308
v -1.1400329 5.1712713 -163.31308
v -4.007825 3.638403 -163.31308
v -2.1907375 4.8525434 -163.31308
v -3.1590734 4.334958 -163.31308
v -0.1865915 -42.97211 -90.86383
v -0.13660148 -42.128803 -88.281265
v 6.090652 -46.467438 -78.5405
v 7.086487 -46.879284 -79.647575
v -0.04733872 -42.41157 -93.52259
v 5.546952 -45.407562 -77.55665
v -0.047338344 -40.107628 -86.46689
v 19.360226 -49.31541 -68.01531
v 18.751875 -48.239372 -67.088524
v 8.267622 -46.532722 -80.58124
v 20.223598 -49.694145 -69.23928
v 5.6010685 -43.983616 -76.95966
v 18.56155 -46.754337 -66.707214
v 28.983984 -47.31864 -60.329185
v 29.758451 -48.37268 -61.151466
v 28.445053 -45.87982 -60.16723
v 21.110638 -49.274097 -70.432434
v 30.560938 -48.75948 -62.413734
v 38.079456 -42.424892 -56.518204
v 37.245914 -41.12426 -56.496674
v 39.008556 -43.406376 -57.26678
v 28.286058 -44.441715 -60.709
v 18.840237 -45.258244 -66.97357
v 36.731243 -39.852985 -57.207962
v 48.16907 -33.106552 -52.10094
v 49.23164 -34.226677 -52.044514
v 47.37208 -32.057816 -52.90834
v 39.784252 -43.80576 -58.5418
v 50.27507 -35.118057 -52.754166
v 31.176413 -48.375416 -63.77777
v 36.67338 -38.951733 -58.46148
v 28.549622 -43.389698 -61.80929
v 47.054214 -31.361492 -54.250347
v 55.757572 -21.642351 -52.167667
v 56.857044 -22.315292 -51.316063
v 58.169754 -23.124628 -51.22305
v 55.165966 -21.286116 -53.54971
v 47.300667 -31.20413 -55.767395
v 37.08781 -38.661972 -59.92134
v 55.240746 -21.342041 -55.091846
v 60.7413 -10.735392 -52.994827
v 60.05689 -10.593109 -54.372597
v 61.996227 -11.049949 -52.15035
v 60.126377 -10.661225 -55.91449
v 55.961853 -21.79514 -56.38088
v 48.04537 -31.627926 -57.052967
v 60.931133 -10.921493 -57.207367
v 61.15554 0.06189667 -54.298485
v 61.236053 0.08516893 -55.84118
v 61.857002 0.060828943 -52.92195
v 62.07697 0.124410145 -57.136658
v 62.25555 -11.304169 -57.904797
v 57.1361 -22.524002 -57.07141
v 63.452938 0.16910556 -57.837784
v 59.411938 11.715373 -55.588535
v 60.220398 11.976632 -56.878902
v 59.338284 11.645205 -54.046925
v 61.547016 12.358977 -57.57228
v 64.99531 0.2072788 -57.756714
v 63.74473 -11.706715 -57.81989
v 63.036366 12.75996 -57.482857
v 55.905212 22.934849 -56.376736
v 57.147884 23.537182 -57.06944
v 55.13083 22.584301 -55.086636
v 58.525898 24.229902 -56.97916
v 64.28934 13.072141 -56.63463
v 66.29078 0.22870189 -56.91516
v 59.669994 24.827393 -56.130066
v 49.526875 34.198036 -57.444492
v 50.834763 35.016388 -57.36271
v 48.321873 33.528202 -56.74719
v 51.89504 35.76399 -56.52381
v 47.542606 33.186405 -55.45769
v 52.423656 36.24053 -55.152542
v 60.273624 25.169565 -54.74967
v 55.03224 22.579473 -53.544834
v 47.397892 33.26418 -53.92149
v 60.019165 11.7849245 -52.66715
v 64.97023 13.211863 -55.25485
v 52.278954 36.31832 -53.616325
v 55.635853 22.921646 -52.16444
v 63.15249 0.08225184 -52.0804
v 60.175014 25.164728 -53.207867
v 47.926514 33.740723 -52.55022
v 61.272133 12.097097 -51.81892
v 63.4854 -11.452499 -52.06546
v 51.499676 35.97651 -52.32682
v 56.779945 23.519142 -51.315342
v 64.69484 0.12042528 -51.999325
v 59.344 -23.853493 -51.913586
v 48.9868 34.488327 -51.7113
v 62.761475 12.49808 -51.729496
v 64.80982 -11.835172 -52.762882
v 51.019775 -35.541855 -54.039757
v 58.15796 24.21186 -51.225048
v 50.294674 35.30669 -51.62953
v 59.40063 24.814192 -51.917767
v 66.07081 0.16512065 -52.700455
v 64.0881 12.880428 -52.422882
v 64.896576 13.14169 -53.713238
v 66.91173 0.20436193 -53.995926
v 66.99223 0.22763425 -55.53862
v 65.6146 -12.095439 -54.055763
v 64.99966 -12.021271 -56.975426
v 65.68407 -12.163554 -55.59766
v 60.06512 -24.306591 -53.202625
v 58.448822 -23.333332 -56.978397
v 60.139885 -24.362514 -54.744766
v 59.548283 -24.00628 -56.126797
v 51.266205 -35.384502 -55.556793
v 49.088802 -32.51931 -57.76262
v 50.948357 -34.688168 -56.89881
v 50.151367 -33.63944 -57.706196
v 40.19868 -43.51599 -60.001675
v 37.86351 -39.06135 -61.19638
v 38.7926 -40.04285 -61.944946
v 40.140812 -42.61473 -61.255188
v 39.626163 -41.34346 -61.966465
v 31.439964 -47.32338 -64.87807
v 29.165092 -43.005615 -63.173344
v 29.967579 -43.39241 -64.43561
v 31.280977 -45.88528 -65.41983
v 30.742046 -44.44644 -65.25788
v 21.783674 -48.16781 -71.27509
v 19.513273 -44.151966 -67.81624
v 20.40031 -43.731907 -69.00939
v 21.263676 -44.110638 -70.233345
v 22.062359 -46.67172 -71.54145
v 21.872028 -45.186684 -71.16015
v 9.317573 -45.520626 -81.091324
v 6.238503 -42.577175 -76.90949
v 7.288455 -41.56509 -77.41958
v 8.46959 -41.21853 -78.35323
v 9.465423 -41.630375 -79.46031
v 9.955007 -44.114178 -81.04114
v 10.009125 -42.690254 -80.44416
v -0.04733809 -34.347626 -94.92234
v -0.047338046 -37.450157 -85.90688
v -0.047337875 -34.868446 -86.75128
v -0.047337808 -32.493744 -91.432594
v -0.04733774 -33.054276 -88.773834
v -0.047338326 -38.01569 -96.38954
v -0.047338586 -40.597397 -95.54514
v -6.3331795 -42.577175 -76.90949
v -7.383131 -41.56509 -77.41958
v -8.564265 -41.21853 -78.35323
v -9.560101 -41.630375 -79.46031
v -5.695745 -43.983616 -76.95966
v -5.641629 -45.407562 -77.55665
v 0.041924503 -42.128803 -88.281265
v -6.1853294 -46.467438 -78.5405
v 0.09191429 -42.97211 -90.86383
v -7.181164 -46.879284 -79.647575
v -8.362299 -46.532722 -80.58123
v -9.4122505 -45.520626 -81.091324
v -10.049685 -44.114178 -81.04114
v -10.103805 -42.690254 -80.44416
v -18.656225 -46.754337 -66.707214
v -18.846558 -48.239372 -67.088524
v -19.454908 -49.3154 -68.015305
v -20.318272 -49.694138 -69.23928
v -21.20532 -49.274086 -70.432434
v -21.878351 -48.167797 -71.27509
v -22.15704 -46.671696 -71.54145
v -21.96671 -45.186684 -71.16014
v -21.358356 -44.110638 -70.23334
v -20.49499 -43.731907 -69.00939
v -19.607952 -44.15195 -67.81623
v -18.934916 -45.258244 -66.97357
v -31.27109 -48.375404 -63.77777
v -31.534649 -47.32338 -64.87807
v -31.375643 -45.88528 -65.41983
v -30.836714 -44.44644 -65.25788
v -30.062248 -43.39241 -64.43561
v -29.259764 -43.005615 -63.173344
v -28.64429 -43.38967 -61.80929
v -28.380743 -44.441704 -60.708996
v -28.539734 -45.879803 -60.16723
v -29.078661 -47.31864 -60.329185
v -29.853128 -48.37268 -61.151463
v -30.655605 -48.75948 -62.413734
v -37.958202 -39.06134 -61.196377
v -37.182503 -38.661972 -59.921337
v -36.768066 -38.951733 -58.46148
v -36.82593 -39.852985 -57.207962
v -37.340588 -41.124245 -56.49667
v -38.174145 -42.42488 -56.518204
v -39.103233 -43.40637 -57.266777
v -39.87892 -43.80575 -58.5418
v -40.29337 -43.51599 -60.00167
v -40.235504 -42.61473 -61.255188
v -39.720844 -41.34346 -61.96646
v -38.88729 -40.042828 -61.944946
v -48.26375 -33.106552 -52.10094
v -49.326313 -34.226677 -52.04451
v -50.36974 -35.118057 -52.75416
v -51.11445 -35.541855 -54.039753
v -51.360893 -35.384502 -55.556786
v -51.04303 -34.688168 -56.898808
v -50.246037 -33.63944 -57.706196
v -49.18347 -32.51931 -57.762615
v -48.14005 -31.627926 -57.052967
v -47.39534 -31.20413 -55.76739
v -47.14891 -31.361477 -54.250343
v -47.46677 -32.057816 -52.908337
v -60.23453 -24.362507 -54.744762
v -59.642933 -24.006268 -56.126793
v -58.54347 -23.333326 -56.978394
v -57.230747 -22.523996 -57.071407
v -56.056507 -21.795132 -56.380875
v -55.33539 -21.342028 -55.09184
v -55.260612 -21.286106 -53.54971
v -55.852226 -21.64234 -52.16766
v -56.95168 -22.315285 -51.31606
v -58.26441 -23.124619 -51.22305
v -59.43865 -23.853487 -51.913586
v -60.159756 -24.306585 -53.202625
v -61.025784 -10.92148 -57.207367
v -60.221024 -10.661216 -55.914486
v -60.15154 -10.593097 -54.37259
v -60.83595 -10.735379 -52.994823
v -62.090878 -11.04994 -52.150345
v -63.58007 -11.452487 -52.065456
v -64.904465 -11.83516 -52.762882
v -65.70923 -12.095427 -54.05576
v -65.77872 -12.163541 -55.597652
v -65.09431 -12.021259 -56.97542
v -63.83938 -11.706702 -57.819885
v -62.350197 -11.304153 -57.904793
v -63.247124 0.0822631 -52.080395
v -64.78948 0.120436825 -51.99932
v -66.16547 0.16513239 -52.70045
v -67.00636 0.20437376 -53.995922
v -67.086876 0.22764617 -55.538612
v -66.385414 0.22871381 -56.915154
v -65.08995 0.2072905 -57.756714
v -63.547604 0.16911678 -57.837784
v -62.171604 0.12442124 -57.13665
v -61.33072 0.08517989 -55.841175
v -61.250195 0.061907545 -54.29848
v -61.951656 0.06084 -52.921947
v -65.06486 13.21187 -55.25484
v -64.38399 13.072148 -56.634624
v -63.131023 12.759975 -57.482853
v -61.641685 12.358989 -57.572277
v -60.315033 11.976644 -56.878895
v -59.506584 11.715382 -55.588535
v -59.432926 11.645212 -54.04692
v -60.113804 11.784932 -52.66714
v -61.36678 12.097109 -51.818916
v -62.85612 12.498092 -51.72949
v -64.182755 12.88044 -52.42288
v -64.9912 13.141705 -53.713234
v -55.99987 22.93486 -56.376728
v -55.225487 22.584314 -55.086628
v -55.126884 22.57948 -53.54483
v -55.73051 22.921652 -52.164433
v -56.874607 23.519148 -51.315334
v -58.252617 24.211872 -51.225048
v -59.495296 24.8142 -51.91776
v -60.269672 25.164747 -53.20786
v -60.36826 25.16958 -54.74967
v -59.764645 24.827404 -56.130062
v -58.620564 24.229916 -56.979153
v -57.24255 23.537191 -57.06944
v -49.081467 34.488342 -51.7113
v -50.38933 35.30669 -51.62953
v -51.594337 35.976517 -52.326813
v -48.021168 33.74074 -52.550213
v -52.373585 36.31832 -53.616318
v -47.492573 33.26419 -53.921486
v -52.518314 36.24054 -55.152542
v -47.63728 33.186405 -55.457687
v -51.9897 35.764 -56.52381
v -48.416553 33.52822 -56.74719
v -50.929413 35.0164 -57.362705
v -49.621544 34.198036 -57.44449
v -0.047332887 29.574884 -124.34371
v -5.879938 29.000418 -124.34371
v -5.879938 29.000414 -138.6241
v -0.047333263 29.57488 -138.6241
v -11.488403 27.299103 -138.6241
v 5.7852707 29.000418 -124.34371
v -11.488402 27.299107 -124.34371
v 5.7852707 29.000414 -138.6241
v -16.657192 24.536331 -138.6241
v 11.393733 27.299112 -124.34371
v -16.657192 24.536335 -124.34371
v 11.393732 27.299109 -138.6241
v -21.187668 20.818258 -138.6241
v 16.562521 24.536335 -124.34371
v -21.187668 20.818262 -124.343704
v 16.562521 24.536331 -138.6241
v -24.905735 16.287783 -138.6241
v 21.093004 20.818256 -124.343704
v -24.905735 16.287786 -124.343704
v 21.093004 20.818253 -138.6241
v -27.668514 11.118991 -138.6241
v 24.811073 16.287777 -124.343704
v -27.668514 11.118996 -124.3437
v 24.811073 16.287773 -138.6241
v -29.369827 5.5105343 -138.6241
v 27.573833 11.1189995 -124.343704
v -29.369827 5.510539 -124.3437
v 27.573833 11.118995 -138.6241
v -29.944286 -0.32207477 -138.6241
v 29.275154 5.510534 -124.3437
v -29.944286 -0.32207012 -124.3437
v 29.275154 5.510529 -138.6241
v -29.369827 -6.1546793 -138.6241
v 29.849611 -0.32207373 -124.3437
v -29.369827 -6.1546745 -124.3437
v 29.849611 -0.32207838 -138.6241
v -27.668514 -11.763141 -138.6241
v 29.275154 -6.1546803 -124.3437
v -27.668514 -11.763136 -124.34369
v 29.275154 -6.154685 -138.6241
v -24.90574 -16.93193 -138.6241
v 27.573843 -11.763146 -124.3437
v -24.90574 -16.931927 -124.34369
v 27.573843 -11.763151 -138.6241
v -21.187674 -21.462414 -138.6241
v 24.811062 -16.931936 -124.34369
v -21.187674 -21.46241 -124.34369
v 24.811062 -16.93194 -138.6241
v -16.657192 -25.180475 -138.6241
v 21.092993 -21.46241 -124.34369
v -16.657192 -25.180471 -124.34368
v 21.092993 -21.462414 -138.6241
v -11.488406 -27.943254 -138.6241
v 16.562515 -25.180471 -124.34368
v -11.488405 -27.94325 -124.34368
v 16.562515 -25.180475 -138.6241
v -5.8799424 -29.644556 -138.6241
v 11.393728 -27.94325 -124.34368
v -5.8799424 -29.644552 -124.34368
v 11.393727 -27.943254 -138.6241
v -0.047335982 -30.219023 -138.6241
v 5.7852654 -29.644552 -124.34368
v -0.047335606 -30.219019 -124.34368
v 5.7852654 -29.644556 -138.6241
v -23.976004 -2.5143156 -91.73348
v -26.916222 -4.1594687 -91.733475
v -27.778164 -3.8630917 -81.81993
v -24.743952 -3.1434264 -81.817825
v -24.445724 0.9678263 -91.73348
v -28.322895 0.14209771 -81.81406
v -27.443546 0.96782434 -91.733475
v -25.22885 0.1422776 -81.81621
v -23.976013 4.4499702 -91.73348
v -27.778582 3.8309293 -81.81526
v -26.916233 4.8769903 -91.733475
v -24.74404 3.4281502 -81.81683
v -27.150953 -3.1276333 -74.92976
v -24.181744 -2.7069674 -74.93379
v -24.652966 0.21337733 -74.925644
v -24.180576 3.1435413 -74.92898
v -27.683596 0.18088907 -74.922966
v -27.15048 3.4987538 -74.92798
v -24.687918 -1.4561663 -65.913795
v -22.250067 -1.1804943 -67.03705
v -22.639532 1.0674634 -66.8576
v -22.250072 3.315422 -67.03704
v -24.68793 3.591092 -65.91379
v -25.125143 1.0674624 -65.71234
v -16.671389 1.395759 -57.28289
v -15.755837 1.6129771 -59.8061
v -15.902102 3.3842766 -59.402996
v -15.75584 5.155578 -59.80609
v -16.671394 5.372795 -57.28288
v -16.835592 3.3842769 -56.830357
v -3.0107038 8.680801 -53.24432
v -2.9659016 10.437021 -53.667107
v -5.393344 10.048962 -56.47684
v -0.7041743 10.43702 -53.36358
v -5.43853 8.27766 -56.050423
v -5.393344 6.5063605 -56.47685
v -5.676196 6.2891436 -53.807617
v -2.6966732 10.048961 -56.13316
v -2.7192662 8.277659 -55.70674
v -2.6966732 6.5063605 -56.13317
v -2.838099 6.289143 -53.463936
v -1.9389229E-06 10.04896 -55.789482
v -1.9309036E-06 8.277659 -55.36306
v -1.8676694E-06 10.266177 -53.120247
v -1.9455215E-06 6.506359 -55.78949
v 2.719262 8.277659 -55.70674
v 2.6966689 10.048961 -56.13316
v 1.2580504 10.129753 -53.43785
v -1.858667E-06 8.277659 -52.641533
v 2.6966689 6.5063605 -56.13317
v -1.8750777E-06 6.289142 -53.12026
v 2.8380952 6.289143 -53.46394
v -0.72657543 8.6808 -52.94079
v 1.2788314 8.50055 -53.04564
v 3.3977618 8.500551 -53.32722
v 5.6761923 6.2891436 -53.807617
v 5.39334 6.5063605 -56.476852
v 5.438526 8.27766 -56.050423
v 5.39334 10.048962 -56.47684
v -1.1339189 12.853096 -41.092335
v -3.662873 12.853096 -41.395866
v -3.6180701 14.609315 -41.818653
v -1.111518 14.609315 -41.515125
v 16.671385 1.395759 -57.28289
v 15.755832 1.6129771 -59.8061
v 15.902099 3.3842766 -59.403
v 16.835588 3.3842769 -56.83036
v 22.250063 -1.1804943 -67.03705
v 22.639528 1.0674634 -66.8576
v 24.687914 -1.4561663 -65.913795
v 15.755835 5.155578 -59.80609
v 22.250069 3.315422 -67.03704
v 3.3562 10.129754 -53.71943
v 24.652962 0.21337724 -74.925644
v 24.18174 -2.7069674 -74.93379
v 24.180573 3.1435413 -74.92898
v 25.12514 1.0674624 -65.71234
v 27.15095 -3.1276333 -74.92976
v 16.67139 5.372795 -57.282883
v 24.687925 3.591092 -65.91379
v 27.150476 3.4987538 -74.92798
v 27.683592 0.18088898 -74.922966
v 25.228846 0.14227751 -81.81621
v 24.744036 3.4281502 -81.81683
v 24.743948 -3.1434264 -81.817825
v 27.77816 -3.8630917 -81.81993
v 28.322891 0.14209759 -81.814064
v 27.778578 3.8309293 -81.81527
v 24.44572 0.9678262 -91.73348
v 23.976 -2.5143156 -91.73348
v 23.97601 4.4499702 -91.73348
v 26.916218 -4.1594687 -91.733475
v 26.91623 4.8769903 -91.73348
v 27.443542 0.9678242 -91.73348
v 1.798683 10.534964 -44.675117
v 4.1447325 10.534964 -44.9567
v 4.10317 12.164166 -45.348915
v 1.7779024 12.164166 -45.067333
v -0.0823317 28.694544 -137.69263
v 2.9136198 28.694544 -136.88988
v 2.9136198 30.488602 -136.88988
v -0.082331695 30.488602 -137.69263
v -3.078287 28.694544 -136.88988
v -3.078287 30.488602 -136.88988
v -5.2714753 28.694544 -134.69669
v -5.2714753 30.488602 -134.69669
v -6.074238 28.694546 -131.70073
v 5.1068106 30.488602 -134.69669
v 5.1068106 28.694544 -134.69669
v -6.074238 30.488604 -131.70073
v -5.2714753 28.694548 -128.70477
v 5.909575 30.488604 -131.70073
v 5.909575 28.694546 -131.70073
v -5.2714753 30.488605 -128.70477
v -3.0782847 28.694548 -126.51159
v 5.1068106 30.488605 -128.70477
v 5.1068106 28.694548 -128.70477
v -3.0782847 30.488605 -126.51159
v -0.08233231 28.694548 -125.708824
v 2.9136217 30.488605 -126.51159
v 2.9136217 28.694548 -126.51159
v -0.082332306 30.488605 -125.708824
v 17.782356 22.643171 -137.69263
v 20.11453 20.76256 -136.88988
v 21.24069 22.15913 -136.88988
v 18.908518 24.03974 -137.69263
v 15.450179 24.52378 -136.88988
v 16.576342 25.920351 -136.88988
v 13.742909 25.900482 -134.69669
v 14.869069 27.297056 -134.69669
v 13.118007 26.404394 -131.70073
v 22.94796 20.782427 -134.69669
v 21.8218 19.385857 -134.69669
v 14.244166 27.800964 -131.70073
v 13.74291 25.900486 -128.70477
v 23.572866 20.27852 -131.70073
v 22.446705 18.881948 -131.70073
v 14.86907 27.29706 -128.70477
v 15.450181 24.523785 -126.51159
v 22.94796 20.78243 -128.70477
v 21.8218 19.38586 -128.70477
v 16.576344 25.920355 -126.51159
v 17.782354 22.643175 -125.70882
v 21.24069 22.159134 -126.51158
v 20.11453 20.762562 -126.51158
v 18.908516 24.039743 -125.708824
v 27.632948 8.116363 -137.69263
v 28.501131 5.248963 -136.88988
v 30.218206 5.7688594 -136.88988
v 29.35002 8.636256 -137.69263
v 26.764755 10.983764 -136.88988
v 30.853765 3.6697776 -134.69669
v 29.136692 3.149881 -134.69669
v 31.086395 2.90146 -131.70073
v 29.36932 2.381563 -131.70073
v 30.853765 3.6697795 -128.70477
v 29.136692 3.1498828 -128.70477
v 30.218206 5.7688627 -126.51158
v 28.501131 5.248966 -126.51158
v 29.350018 8.636263 -125.70882
v 27.632948 8.116367 -125.70882
v 28.48183 11.50366 -136.88988
v 26.129196 13.082844 -134.69669
v 28.481834 11.503661 -126.51158
v 26.764755 10.983767 -126.51158
v 27.846272 13.602742 -134.69669
v 25.896568 13.851165 -131.70073
v 27.846272 13.602744 -128.70477
v 26.129196 13.082846 -128.70477
v 27.613644 14.371058 -131.70073
v -27.49239 8.096225 -137.69263
v -26.619291 10.962133 -136.88988
v -28.33548 11.484967 -136.88988
v -29.20857 8.619058 -137.69263
v -28.36548 5.2303147 -136.88988
v -27.696323 13.582955 -134.69669
v -25.98014 13.060125 -134.69669
v -30.081669 5.7531443 -136.88988
v -29.004627 3.1323233 -134.69669
v -27.462381 14.35088 -131.70073
v -25.746193 13.828046 -131.70073
v -27.696323 13.582957 -128.70477
v -25.98014 13.060127 -128.70477
v -28.33548 11.48497 -126.51158
v -26.619291 10.962139 -126.51158
v -29.20857 8.619062 -125.70882
v -27.492384 8.096229 -125.70882
v -30.081669 5.7531476 -126.51158
v -28.36548 5.230318 -126.51158
v -30.720818 3.6551564 -128.70477
v -29.004627 3.1323252 -128.70477
v -30.720818 3.6551545 -134.69667
v -29.238579 2.3644092 -131.70073
v -30.954763 2.8872373 -131.70073
v -17.697851 22.660885 -137.69263
v -15.362459 24.537497 -136.88988
v -16.486227 25.93599 -136.88988
v -18.821615 24.059378 -137.69263
v -20.033237 20.784266 -136.88988
v -21.157007 22.182758 -136.88988
v -21.742863 19.410488 -134.69669
v -22.866632 20.80898 -134.69669
v -22.36863 18.907654 -131.70073
v -14.776604 27.309769 -134.69669
v -13.652837 25.911283 -134.69669
v -23.492397 20.306147 -131.70073
v -21.742863 19.410492 -128.70477
v -14.150835 27.812607 -131.70073
v -13.027067 26.414116 -131.70073
v -22.866632 20.808985 -128.70477
v -20.033237 20.78427 -126.51158
v -14.776603 27.309772 -128.70477
v -13.652836 25.911287 -128.70477
v -21.157007 22.182766 -126.51158
v -17.697851 22.660889 -125.70882
v -16.486227 25.935993 -126.51159
v -15.362458 24.5375 -126.51159
v -18.821617 24.059374 -125.708824
v -7.8727136 -44.048897 -79.00041
v -6.8274093 -37.788498 -87.419876
v -16.084484 -38.147305 -81.88817
v -0.04733818 -36.703598 -91.14822
v -0.047337975 -35.544476 -90.468994
v -0.047336582 -1.1878561 -156.123
v -20.406633 -46.713024 -69.12432
v -7.4622045 -43.04148 -78.18985
v -24.78297 -36.4667 -76.62627
v -32.6505 -32.059547 -73.44228
v -29.95769 -45.88254 -62.793533
v -39.660667 -25.93131 -70.36505
v 6.732734 -37.788498 -87.41988
v 15.989804 -38.147305 -81.88817
v 7.7780385 -44.048897 -79.00041
v 7.367525 -43.04148 -78.18985
v -19.812246 -45.809082 -68.30578
v -38.53072 -41.23386 -59.231564
v -29.234837 -45.075222 -61.97734
v 20.311949 -46.713036 -69.12433
v 24.688295 -36.4667 -76.62627
v 19.717575 -45.809082 -68.30578
v -15.576634 -37.125317 -81.15466
v -24.081816 -35.572525 -75.88515
v -6.5195365 -36.687183 -86.68999
v 6.4248605 -36.687183 -86.68999
v -31.809141 -31.290236 -72.70696
v 15.4819565 -37.125317 -81.15466
v 23.987137 -35.572525 -75.88515
v 29.14015 -45.075222 -61.97734
v -37.710358 -40.52661 -58.414722
v -38.729427 -25.302473 -69.604935
v -49.254906 -33.372993 -54.90356
v -48.3846 -32.770332 -54.055172
v -57.747574 -22.824306 -54.14723
v -56.860016 -22.353886 -53.235455
v -44.156948 -17.738026 -70.15788
v -62.965126 -11.37832 -54.98512
v -43.160698 -17.266735 -69.36685
v -62.04984 -11.141206 -54.012276
v -46.76777 -8.764488 -70.37186
v -45.718987 -8.523398 -69.54579
v -64.16853 0.14477682 -54.91854
v -47.672245 0.52510285 -70.39282
v -46.60383 0.5132616 -69.55689
v -46.69392 9.800009 -70.52246
v -63.233486 0.12618712 -53.9358
v -62.2489 12.428543 -54.650887
v -61.312523 12.189726 -53.69874
v -57.747574 23.874533 -54.147243
v -45.638847 9.559873 -69.7042
v -56.83178 23.471931 -53.230915
v -43.975666 18.713148 -70.55031
v -51.218964 34.42322 -55.296406
v -42.96944 18.282387 -69.748795
v -39.42015 26.820816 -70.94356
v -50.317398 33.962242 -54.393524
v -38.441833 26.31031 -70.15445
v 31.714466 -31.290247 -72.70696
v 38.63474 -25.30248 -69.60494
v 37.615677 -40.52661 -58.414726
v 29.863008 -45.882553 -62.793537
v 32.555817 -32.059555 -73.44228
v 38.436028 -41.23386 -59.231567
v 48.289913 -32.770332 -54.055176
v 39.565975 -25.93131 -70.36505
v 49.16021 -33.372993 -54.903564
v 56.765373 -22.353899 -53.23546
v 57.65294 -22.82432 -54.14723
v 43.06603 -17.266739 -69.36685
v 61.955177 -11.141215 -54.01228
v 44.062267 -17.73803 -70.15789
v 45.62431 -8.523404 -69.54579
v 62.87049 -11.37833 -54.985123
v 46.67309 -8.764497 -70.37186
v 46.509155 0.5132532 -69.5569
v 47.57756 0.5250943 -70.39282
v 63.138844 0.12617584 -53.935802
v 64.0739 0.1447653 -54.91855
v 61.217876 12.189718 -53.698742
v 62.15425 12.42853 -54.65089
v 45.54417 9.559863 -69.70421
v 56.737133 23.471918 -53.23092
v 46.599243 9.800003 -70.52246
v 57.65294 23.87452 -54.147243
v 42.874775 18.282381 -69.748795
v 50.222748 33.962227 -54.393528
v 43.881 18.71314 -70.55031
v 38.34718 26.31031 -70.15445
v 51.124294 34.423218 -55.296406
v 39.325485 26.82081 -70.94356
v 48.442547 37.536938 -50.126556
v 49.14159 35.38548 -50.769188
v 46.6124 36.207264 -50.769188
v 50.704754 37.536938 -50.7692
v 46.6124 38.86661 -50.769188
v 49.14159 39.688408 -50.769188
v 51.40382 35.38546 -52.167305
v 47.311428 34.055775 -52.1673
v 49.631847 33.876614 -52.505154
v 44.782223 37.536938 -52.167305
v 45.328884 35.274754 -52.505157
v 48.442547 33.23397 -54.42953
v 45.91332 34.05576 -54.42953
v 50.971786 34.05576 -54.42953
v 44.350166 36.20727 -54.429535
v 52.291252 37.536938 -52.50518
v 51.40382 39.688408 -52.167305
v 52.534943 36.20727 -54.429535
v 52.534943 38.866627 -54.429535
v 49.57367 34.055775 -56.691757
v 47.25326 33.876614 -56.353912
v 51.556225 35.274754 -56.353916
v 45.48129 35.38546 -56.69176
v 52.102886 37.536938 -56.69176
v 50.272717 36.207264 -58.08989
v 47.743504 35.38548 -58.08989
v 50.971786 41.01812 -54.429535
v 51.556225 39.79913 -56.353916
v 50.272717 38.86661 -58.08989
v 48.442547 37.536934 -58.732513
v 46.18034 37.536938 -58.089874
v 44.59385 37.536938 -56.35389
v 49.57367 41.018097 -56.69176
v 47.743504 39.688408 -58.08989
v 49.631847 41.197273 -52.505157
v 44.350166 38.866627 -54.429535
v 45.48129 39.688408 -56.69176
v 47.25326 41.197273 -56.353916
v 48.442547 41.839928 -54.429535
v 47.311428 41.018097 -52.167305
v 45.328884 39.79913 -52.505157
v 45.91332 41.01812 -54.429535
v -49.548153 37.536953 -50.126553
v -48.849113 35.38548 -50.769184
v -51.37831 36.20728 -50.769184
v -47.285957 37.536953 -50.769196
v -51.37831 38.866627 -50.769188
v -48.849113 39.688408 -50.769188
v -46.586895 35.385475 -52.1673
v -50.679276 34.055794 -52.167297
v -48.358864 33.876614 -52.505146
v -53.208473 37.536953 -52.1673
v -52.661827 35.274754 -52.50515
v -49.548153 33.23397 -54.429523
v -52.077385 34.055767 -54.429523
v -47.01893 34.055767 -54.429523
v -53.64053 36.20727 -54.429527
v -45.699463 37.536953 -52.505177
v -46.586895 39.68843 -52.167305
v -45.455776 36.20727 -54.429527
v -45.455776 38.866627 -54.42953
v -48.41704 34.055794 -56.691753
v -50.73745 33.876614 -56.35391
v -46.434486 35.274754 -56.353912
v -52.50942 35.385475 -56.691757
v -45.88783 37.536953 -56.691757
v -47.718006 36.20728 -58.089886
v -50.2472 35.38548 -58.089886
v -47.01893 41.01813 -54.42953
v -46.434486 39.79913 -56.353912
v -47.718006 38.866627 -58.08989
v -49.548153 37.53695 -58.73251
v -51.81035 37.536953 -58.089867
v -53.39684 37.536953 -56.35388
v -48.41704 41.01812 -56.691757
v -50.2472 39.688408 -58.08989
v -48.358864 41.197273 -52.505154
v -53.64053 38.866627 -54.42953
v -52.50942 39.68843 -56.691757
v -50.73745 41.197273 -56.353912
v -49.548153 41.839928 -54.42953
v -50.679276 41.01812 -52.167305
v -52.661827 39.79913 -52.505154
v -52.077385 41.01813 -54.42953
v -53.237667 -0.32206646 -119.09585
v -51.83247 -2.6355152 -119.34166
v -56.100483 -1.751845 -120.81548
v -49.19464 -0.3220664 -118.430786
v -56.100483 1.1077108 -120.81548
v -51.83247 1.9913816 -119.34166
v -47.52428 -2.635523 -119.44445
v -54.430172 -4.0653167 -121.82917
v -50.39589 -4.257972 -120.820404
v -58.698185 -0.3220676 -123.303
v -57.65712 -2.7545664 -123.32785
v -51.72741 -4.9490075 -123.46936
v -55.99547 -4.0653405 -124.94321
v -47.459335 -4.0653396 -121.99552
v -58.63328 -1.751852 -125.85408
v -45.908142 -0.3220668 -119.27073
v -47.52428 1.9913894 -119.44445
v -44.821514 -1.7518511 -121.08464
v -44.821514 1.1077156 -121.08464
v -49.024635 -4.0653176 -125.10956
v -53.058926 -4.2579737 -126.11832
v -45.79768 -2.7545674 -123.610886
v -55.930546 -2.6355255 -127.49428
v -44.756626 -0.3220683 -123.63573
v -47.354317 -1.7518471 -126.123245
v -51.622337 -2.6355178 -127.59708
v -47.459335 3.421204 -121.99553
v -45.79768 2.110431 -123.610886
v -47.354317 1.1077086 -126.123245
v -50.21715 -0.3220695 -127.842896
v -54.260185 -0.32206953 -128.50797
v -57.546673 -0.32206908 -127.668015
v -49.024635 3.4211793 -125.10956
v -51.622337 1.991379 -127.59708
v -50.39589 3.613834 -120.82041
v -58.63328 1.1077147 -125.85408
v -55.930546 1.9913871 -127.494286
v -53.058926 3.6138325 -126.118324
v -51.72741 4.3048697 -123.46937
v -54.430172 3.421181 -121.82918
v -57.65712 2.110432 -123.32785
v -55.99547 3.4212039 -124.943214
v -47.09756 -37.313282 -143.33731
v -45.68253 -39.626728 -143.51797
v -49.87793 -38.743057 -145.18732
v -43.089565 -37.313282 -142.48622
v -49.87793 -35.883503 -145.18732
v -45.68252 -34.999832 -143.51797
v -41.37417 -39.62674 -143.42168
v -48.16256 -41.056526 -146.1228
v -44.17918 -41.249195 -144.9288
v -52.357967 -37.313282 -147.79218
v -51.316864 -39.74579 -147.76892
v -45.386948 -41.940224 -147.63641
v -49.582397 -41.056564 -149.3058
v -41.191494 -41.056564 -145.96704
v -52.175312 -38.74307 -150.33754
v -39.767776 -37.313282 -143.17351
v -41.37417 -34.999825 -143.42168
v -38.59855 -38.74307 -144.9353
v -38.59855 -35.883503 -144.9353
v -42.6113 -41.056526 -149.15002
v -46.594692 -41.249195 -150.34402
v -39.456993 -39.74579 -147.50394
v -49.399708 -39.62674 -151.85115
v -38.415905 -37.313282 -147.48065
v -40.89595 -38.74307 -150.08551
v -45.09136 -39.626728 -151.75487
v -41.191494 -33.570007 -145.96704
v -39.456993 -34.880787 -147.50394
v -40.89595 -35.883503 -150.08551
v -43.676308 -37.313282 -151.93552
v -47.684315 -37.313286 -152.78659
v -51.006092 -37.313282 -152.09933
v -42.6113 -33.570034 -149.15002
v -45.09136 -34.999832 -151.75487
v -44.17918 -33.377377 -144.9288
v -52.175312 -35.883503 -150.33754
v -49.399708 -34.999825 -151.85115
v -46.594692 -33.377377 -150.34402
v -45.386948 -32.686344 -147.63641
v -48.16256 -33.570034 -146.1228
v -51.316864 -34.880787 -147.76892
v -49.582397 -33.570007 -149.3058
v -0.3486749 -37.234936 -132.96371
v 1.8524334 -44.009373 -134.98718
v -6.111368 -41.42173 -134.9872
v 6.7744317 -37.234936 -134.98723
v -6.1113663 -33.048145 -134.9872
v 1.8524339 -30.460512 -134.98718
v 8.975595 -44.009388 -139.3895
v -3.9102829 -48.19624 -139.38948
v 3.3961022 -48.760384 -140.45332
v -11.874094 -37.23494 -139.38951
v -10.152826 -44.357994 -140.45334
v -0.3486764 -50.783924 -146.5127
v -8.312578 -48.196316 -146.5127
v 7.615225 -48.196316 -146.5127
v -13.2345495 -41.42175 -146.51271
v 11.769896 -37.23494 -140.45338
v 8.975595 -30.460487 -139.3895
v 12.537195 -41.42175 -146.51271
v 12.537195 -33.04813 -146.51271
v 3.212931 -48.196243 -153.63591
v -4.0934544 -48.760387 -152.57207
v 9.45547 -44.357998 -152.57208
v -9.672948 -44.00939 -153.6359
v 11.176743 -37.234943 -153.6359
v 5.4140162 -41.421738 -158.0382
v -2.5497847 -44.00938 -158.0382
v 7.615225 -26.273592 -146.51271
v 9.455473 -30.111895 -152.57208
v 5.4140177 -33.048153 -158.0382
v -0.3486756 -37.234947 -160.06169
v -7.471782 -37.234943 -158.03818
v -12.467245 -37.234943 -152.572
v 3.2129323 -26.273655 -153.63593
v -2.549784 -30.460518 -158.0382
v 3.3961043 -25.709509 -140.45334
v -13.2345495 -33.04813 -146.51271
v -9.672948 -30.460491 -153.6359
v -4.0934515 -25.709513 -152.57208
v -0.34867403 -23.685959 -146.51271
v -3.9102812 -26.273651 -139.3895
v -10.152823 -30.11189 -140.45334
v -8.312578 -26.273592 -146.51271
v 4.0121493 -29.972649 -106.83774
v -0.047338028 -30.24591 -106.83774
v -0.047337845 -29.099266 -107.0026
v 3.8584712 -28.836355 -107.0026
v -3.9531462 -28.836355 -107.0026
v 3.785552 -28.297184 -107.20554
v -0.047337756 -28.555185 -107.20554
v 7.9059505 -29.176672 -106.837746
v -0.04733805 -32.4463 -107.48383
v 4.307054 -32.153187 -107.483826
v -4.1068234 -29.972649 -106.83774
v -4.4017296 -32.153187 -107.48383
v -3.8802261 -28.297184 -107.20553
v -7.696958 -28.070976 -107.0026
v 3.7172444 -27.792114 -107.483826
v -0.047337763 -28.045525 -107.48383
v 7.4581923 -27.546314 -107.20553
v 7.6022816 -28.070976 -107.0026
v 7.3232145 -27.054855 -107.483826
v -4.603003 -33.64142 -109.21698
v -0.04733847 -33.948086 -109.21698
v 8.488683 -31.298498 -107.483826
v 11.598362 -27.893677 -106.837746
v 4.5083275 -33.64142 -109.21698
v 10.940274 -26.336302 -107.20553
v 10.741894 -25.866825 -107.483826
v 11.152048 -26.837465 -107.0026
v 12.45483 -29.920534 -107.483826
v 8.886405 -32.746655 -109.21698
v 15.053678 -26.159378 -106.837746
v -0.0473385 -34.274456 -110.32848
v 4.5520687 -33.964848 -110.32848
v -4.6467447 -33.964848 -110.3285
v 14.199466 -24.700315 -107.20554
v 13.941969 -24.260475 -107.48383
v 14.474355 -25.169844 -107.0026
v 13.039376 -31.303886 -109.21698
v 16.16539 -28.058268 -107.48383
v 8.9728365 -33.061367 -110.32848
v 18.236206 -24.00946 -106.837746
v 17.202326 -22.671686 -107.20555
v 16.890669 -22.268417 -107.48384
v 17.535034 -23.10218 -107.00261
v 16.924137 -29.354279 -109.21698
v 19.58174 -25.750507 -107.48383
v 13.166407 -31.604525 -110.32848
v 21.11023 -21.479637 -106.83775
v 19.914703 -20.284115 -107.20555
v 19.554317 -19.923727 -107.48384
v 20.29943 -20.668835 -107.00261
v 20.500078 -26.938793 -109.21698
v 22.666142 -23.03555 -107.48384
v 17.089031 -29.63593 -110.32848
v 23.640055 -18.60561 -106.83775
v 22.302275 -17.571737 -107.20554
v 21.899008 -17.260073 -107.48384
v 22.732782 -17.904446 -107.00261
v 23.728064 -24.097464 -109.21698
v 25.381098 -19.95115 -107.48384
v 20.699654 -27.197021 -110.32848
v 25.789967 -15.423088 -106.83775
v 24.330904 -14.568875 -107.20554
v 23.891073 -14.311377 -107.48384
v 24.80044 -14.843768 -107.00261
v 26.569372 -20.869484 -109.216995
v 27.688868 -16.534803 -107.48384
v 23.958834 -24.32824 -110.3285
v 27.524284 -11.967768 -106.83775
v 25.966888 -11.30968 -107.20554
v 25.49741 -11.1112995 -107.48384
v 26.468063 -11.521457 -107.00261
v 28.984879 -17.293552 -109.216995
v 29.551144 -12.824239 -107.48384
v 26.82761 -21.069057 -110.32849
v 28.80727 -8.275355 -106.83775
v 27.176922 -7.8275957 -107.20555
v 26.685455 -7.69262 -107.48384
v 27.701569 -7.971688 -107.00262
v 30.934486 -13.408787 -109.216995
v 30.929098 -8.858091 -107.48384
v 29.266531 -17.458443 -110.32849
v 29.603249 -4.381554 -106.83775
v 27.927784 -4.154956 -107.20554
v 27.422714 -4.0866485 -107.48384
v 28.466955 -4.2278767 -107.00262
v 32.37725 -9.255814 -109.216995
v 31.783792 -4.6764593 -107.48384
v 31.23512 -13.535823 -110.3285
v 29.876516 -0.32206848 -106.83775
v 28.185787 -0.32206807 -107.20554
v 27.67613 -0.32206786 -107.48384
v 28.729872 -0.32206818 -107.00262
v 33.272022 -4.8777366 -109.216995
v 32.076904 -0.32206947 -107.48384
v 32.69197 -9.342247 -110.3285
v 29.603249 3.7374182 -106.83775
v 27.927784 3.5108213 -107.20554
v 27.422714 3.4425142 -107.48384
v 28.466955 3.5837414 -107.00262
v 33.578682 -0.32207057 -109.216995
v 31.783792 4.0323234 -107.48384
v 33.595444 -4.9214773 -110.3285
v 28.80727 7.631221 -106.83775
v 27.176922 7.1834598 -107.20555
v 26.685455 7.048484 -107.48385
v 27.701569 7.3275514 -107.00262
v 33.272022 4.233597 -109.216995
v 30.929098 8.213952 -107.48385
v 33.905045 -0.322071 -110.3285
v 27.524284 11.323633 -106.83775
v 25.966888 10.665544 -107.20554
v 25.497416 10.467163 -107.48384
v 26.468063 10.877316 -107.00262
v 32.37725 8.6116705 -109.216995
v 29.551144 12.1800995 -107.48384
v 33.595444 4.277336 -110.3285
v 25.789972 14.778952 -106.83775
v 24.33091 13.924741 -107.20555
v 23.891079 13.667241 -107.48384
v 24.800451 14.199632 -107.00262
v 30.934492 12.764646 -109.216995
v 27.688873 15.89066 -107.48384
v 32.69197 8.698103 -110.32851
v 23.640055 17.961472 -106.83775
v 22.30228 16.9276 -107.20555
v 21.899008 16.615938 -107.48384
v 22.732788 17.260302 -107.00262
v 28.984884 16.64941 -109.216995
v 25.381105 19.307007 -107.48384
v 31.23512 12.891676 -110.32851
v 21.11023 20.835506 -106.83775
v 19.914711 19.639978 -107.20555
v 19.554325 19.279593 -107.48385
v 20.299437 20.0247 -107.00262
v 26.569378 20.225346 -109.216995
v 22.666147 22.39141 -107.48385
v 29.266531 16.8143 -110.32851
v 18.23621 23.365332 -106.83775
v 17.202332 22.02755 -107.20555
v 16.890676 21.624275 -107.48385
v 17.535038 22.458044 -107.00262
v 23.728064 23.453325 -109.217
v 19.581745 25.106365 -107.48386
v 26.827616 20.424921 -110.32851
v 15.053684 25.515236 -106.83776
v 14.199474 24.056175 -107.20556
v 13.941976 23.616343 -107.48386
v 14.474362 24.525713 -107.002625
v 20.500084 26.29464 -109.217
v 16.1654 27.414137 -107.48386
v 23.95884 23.684103 -110.328514
v 11.598364 27.249554 -106.83776
v 10.940274 25.692154 -107.20556
v 10.741897 25.22268 -107.48386
v 11.152054 26.193333 -107.002625
v 16.924149 28.710154 -109.217
v 12.454839 29.276413 -107.48385
v 20.699654 26.55288 -110.328514
v 7.9059544 28.532545 -106.83777
v 7.458195 26.902193 -107.20556
v 7.3232193 26.410717 -107.48386
v 7.6022863 27.426847 -107.002625
v 13.03938 30.659763 -109.217
v 8.488688 30.654362 -107.48386
v 17.089045 28.991798 -110.328514
v 4.012153 29.328527 -106.83777
v 3.7855542 27.653057 -107.20556
v 3.717248 27.147993 -107.48386
v 3.8584757 28.192228 -107.002625
v 8.886412 32.102524 -109.217
v 4.307058 31.509064 -107.48386
v 13.166417 30.96039 -110.328514
v -0.047332607 29.601791 -106.83777
v -0.047333647 27.91106 -107.20556
v -0.047333747 27.401398 -107.48386
v -0.047333173 28.455141 -107.002625
v 4.508334 32.99729 -109.217
v -0.047331598 31.802177 -107.48386
v 8.972844 32.417244 -110.328514
v -4.1068187 29.328527 -106.83776
v -3.8802233 27.653057 -107.20556
v -3.8119154 27.147993 -107.48385
v -3.9531426 28.192228 -107.002625
v -0.047330614 33.303955 -109.217
v -4.4017234 31.509064 -107.48385
v 4.552074 33.32072 -110.328514
v -8.000622 28.532545 -106.83776
v -7.552862 26.902193 -107.20556
v -7.417888 26.410717 -107.48386
v -7.6969543 27.426847 -107.002625
v -4.6029963 32.99729 -109.217
v -8.583356 30.654367 -107.48385
v -0.04733083 33.630325 -110.328514
v -11.69303 27.249554 -106.83776
v -11.034944 25.692162 -107.20556
v -10.836566 25.222687 -107.48385
v -11.24672 26.193333 -107.002625
v -8.981073 32.102524 -109.217
v -12.549499 29.276413 -107.48385
v -4.6467385 33.32072 -110.328514
v -15.148355 25.515242 -106.83776
v -14.294144 24.05618 -107.20556
v -14.036644 23.616343 -107.48385
v -14.569031 24.525713 -107.002625
v -13.134045 30.659771 -109.217
v -16.26006 27.414143 -107.48385
v -9.067508 32.417244 -110.328514
v -18.330875 23.365332 -106.83775
v -17.297005 22.02755 -107.20555
v -16.985342 21.62428 -107.48385
v -17.629707 22.458052 -107.00262
v -17.018808 28.710154 -109.217
v -19.67641 25.10637 -107.48386
v -13.261079 30.960396 -110.328514
v -21.204895 20.835506 -106.83775
v -20.009382 19.639984 -107.20555
v -19.648996 19.279593 -107.48385
v -20.394104 20.024706 -107.00262
v -20.594744 26.294645 -109.217
v -22.760807 22.39141 -107.48385
v -17.183702 28.991804 -110.328514
v -23.734718 17.96148 -106.83775
v -22.396946 16.9276 -107.20555
v -21.99368 16.61594 -107.48385
v -22.827456 17.26031 -107.00262
v -23.822733 23.453335 -109.217
v -25.47577 19.307013 -107.48385
v -20.794321 26.552885 -110.328514
v -25.884642 14.778959 -106.83775
v -24.42558 13.924741 -107.20555
v -23.985744 13.667241 -107.48385
v -24.895103 14.199632 -107.00262
v -26.664047 20.225353 -109.216995
v -27.78354 15.890668 -107.48385
v -24.05351 23.684113 -110.328514
v -27.618946 11.323635 -106.83775
v -26.061556 10.665546 -107.20554
v -25.592093 10.467163 -107.48385
v -26.56274 10.877323 -107.00262
v -29.079546 16.64942 -109.216995
v -29.645813 12.180104 -107.48385
v -26.922289 20.424927 -110.32851
v -28.90195 7.631223 -106.83775
v -27.271591 7.1834655 -107.20555
v -26.780123 7.0484877 -107.48384
v -27.796242 7.327556 -107.00262
v -31.029163 12.764653 -109.216995
v -31.023766 8.213962 -107.48384
v -29.361193 16.814312 -110.32851
v -29.697924 3.737422 -106.83775
v -28.022451 3.5108237 -107.20555
v -27.517385 3.442516 -107.48384
v -28.561626 3.5837443 -107.00262
v -32.471928 8.611681 -109.216995
v -31.878458 4.0323286 -107.48384
v -31.329792 12.891685 -110.32851
v -29.97118 -0.32206315 -106.83775
v -28.280464 -0.32206455 -107.20555
v -27.7708 -0.32206494 -107.48384
v -28.82455 -0.32206383 -107.00262
v -33.366695 4.233604 -109.216995
v -32.171574 -0.3220615 -107.48384
v -32.78664 8.6981125 -110.32851
v -29.697924 -4.38155 -106.83775
v -28.022451 -4.154954 -107.20555
v -27.517385 -4.0866466 -107.48384
v -28.561626 -4.227874 -107.00261
v -33.67336 -0.32206115 -109.216995
v -31.878458 -4.6764526 -107.48384
v -33.690117 4.2773447 -110.32851
v -28.90195 -8.275352 -106.83775
v -27.271591 -7.827593 -107.20554
v -26.780123 -7.692619 -107.48384
v -27.796242 -7.971684 -107.00261
v -33.366695 -4.877728 -109.216995
v -31.023766 -8.858086 -107.48384
v -33.999725 -0.3220613 -110.32851
v -27.618946 -11.967762 -106.83775
v -26.061556 -11.309674 -107.20555
v -25.592093 -11.111294 -107.48384
v -26.56274 -11.521451 -107.00261
v -32.471928 -9.255805 -109.216995
v -29.645817 -12.82423 -107.48384
v -33.690117 -4.9214697 -110.32851
v -25.884647 -15.423085 -106.83775
v -24.42558 -14.5688715 -107.20555
v -23.985748 -14.311377 -107.48384
v -24.895113 -14.843763 -107.00261
v -31.029163 -13.408776 -109.21699
v -27.78354 -16.53479 -107.48384
v -32.78664 -9.342238 -110.32851
v -23.734724 -18.605602 -106.83775
v -22.396952 -17.571732 -107.205536
v -21.99368 -17.260073 -107.48383
v -22.827456 -17.904436 -107.00261
v -29.079552 -17.29354 -109.21699
v -25.475782 -19.951143 -107.48383
v -31.329792 -13.5358095 -110.32851
v -21.204903 -21.479631 -106.83775
v -20.009382 -20.284107 -107.20555
v -19.648996 -19.923721 -107.48383
v -20.39411 -20.668835 -107.00261
v -26.664055 -20.869484 -109.21699
v -22.76082 -23.035545 -107.48384
v -29.361208 -17.458433 -110.32851
v -18.330883 -24.009455 -106.837746
v -17.297005 -22.671679 -107.205536
v -16.985342 -22.26841 -107.48383
v -17.629707 -23.10218 -107.00261
v -23.822733 -24.097458 -109.21698
v -19.676416 -25.750498 -107.483826
v -26.922295 -21.069054 -110.32851
v -15.148358 -26.159369 -106.837746
v -14.2941475 -24.700302 -107.20554
v -14.036652 -24.260475 -107.48383
v -14.569037 -25.169838 -107.0026
v -20.59476 -26.93878 -109.21698
v -16.26007 -28.058268 -107.48383
v -24.053514 -24.328234 -110.3285
v -11.693041 -27.893677 -106.83774
v -11.034949 -26.336288 -107.20553
v -10.83657 -25.866816 -107.48383
v -11.246726 -26.837465 -107.0026
v -17.01882 -29.354279 -109.21698
v -12.549506 -29.920534 -107.48383
v -20.794333 -27.197016 -110.32848
v -8.000626 -29.176672 -106.83774
v -7.552867 -27.546314 -107.20553
v -7.4178915 -27.054855 -107.483826
v -8.583364 -31.298498 -107.48383
v -3.8119197 -27.792114 -107.483826
v -13.134055 -31.303886 -109.21698
v -8.981086 -32.746655 -109.21698
v -17.183716 -29.635925 -110.3285
v -13.261093 -31.604517 -110.3285
v -9.067517 -33.061367 -110.3285
v -3.749614 -27.33145 -107.831825
v -0.047337677 -27.580656 -107.831825
v -7.2947774 -26.606585 -107.831825
v 3.6549397 -27.33145 -107.831825
v -10.6556225 -25.438614 -107.831825
v 7.200102 -26.606585 -107.831825
v -13.801781 -23.859297 -107.831825
v 10.560947 -25.438614 -107.831825
v -16.701077 -21.900585 -107.83183
v 13.707102 -23.859303 -107.831825
v -19.320282 -19.595009 -107.83183
v 16.6064 -21.900585 -107.83183
v -21.625847 -16.975807 -107.83183
v 19.22561 -19.595015 -107.83184
v -23.584572 -14.076508 -107.83183
v 21.531181 -16.97581 -107.83184
v -25.163881 -10.93035 -107.83184
v 23.489895 -14.076508 -107.83184
v -26.331854 -7.5695033 -107.83184
v 25.069204 -10.930356 -107.83184
v -27.05671 -4.024343 -107.83184
v 26.237179 -7.569509 -107.83184
v -27.305925 -0.32206532 -107.83184
v 26.96204 -4.024345 -107.83184
v -27.056715 3.3802116 -107.83184
v 27.211254 -0.32206792 -107.83184
v -26.331854 6.925373 -107.83184
v 26.96204 3.3802092 -107.83184
v -25.163881 10.286222 -107.83184
v 26.237179 6.925371 -107.83184
v -23.584572 13.432375 -107.83184
v 25.069204 10.286219 -107.83184
v -21.625847 16.33167 -107.83184
v 23.4899 13.432375 -107.83184
v -19.320282 18.950878 -107.83184
v 21.531181 16.33167 -107.83185
v -16.701075 21.256449 -107.83185
v 19.22561 18.950878 -107.83185
v -13.801773 23.215176 -107.83185
v 16.606403 21.256449 -107.83185
v -10.65562 24.794476 -107.831856
v 13.707109 23.21517 -107.83185
v -7.2947726 25.962448 -107.831856
v 10.560953 24.794476 -107.831856
v -3.7496119 26.68731 -107.831856
v 7.200107 25.962448 -107.831856
v -0.047333945 26.936535 -107.831856
v 3.6549432 26.68731 -107.831856
v -10.495796 24.416245 -108.24247
v -7.18603 25.566486 -108.24247
v -3.6945794 26.280394 -108.24247
v -0.047334142 26.52591 -108.24247
v 3.599912 26.280394 -108.24247
v 7.091363 25.566494 -108.24247
v -13.594319 22.860815 -108.24246
v 10.401128 24.416245 -108.24247
v -16.449984 20.931559 -108.24246
v 13.499649 22.860815 -108.24246
v -19.029934 18.66053 -108.24246
v 16.355318 20.931551 -108.24246
v -21.300955 16.080584 -108.24246
v 18.935263 18.66053 -108.24246
v -23.230213 13.224918 -108.24246
v 21.20629 16.080578 -108.242455
v -24.785643 10.126396 -108.24246
v 23.135548 13.224916 -108.24246
v -25.935902 6.8166294 -108.24246
v 24.69098 10.126393 -108.24246
v -26.649801 3.3251798 -108.24246
v 25.841225 6.8166265 -108.24246
v -26.895315 -0.3220658 -108.24246
v 26.555126 3.3251781 -108.24246
v -26.649801 -3.9693122 -108.24246
v 26.800642 -0.32206783 -108.24246
v -25.935896 -7.460763 -108.24246
v 26.555134 -3.9693136 -108.24246
v -24.785643 -10.770526 -108.24246
v 25.841225 -7.4607635 -108.24246
v -23.230219 -13.86905 -108.24246
v 24.690979 -10.770529 -108.24246
v -21.300955 -16.724714 -108.24245
v 23.135548 -13.869055 -108.24246
v -19.029934 -19.304665 -108.24246
v 21.206284 -16.724714 -108.24246
v -16.449984 -21.57568 -108.24245
v 18.935263 -19.304665 -108.24246
v -13.594324 -23.50495 -108.242455
v 16.355314 -21.575693 -108.24246
v -10.495799 -25.060377 -108.242455
v 13.499644 -23.50495 -108.242455
v -7.18603 -26.210634 -108.242455
v 10.40112 -25.060377 -108.242455
v -3.6945834 -26.924534 -108.242455
v 7.0913587 -26.210629 -108.242455
v -0.04733769 -27.170042 -108.242455
v 3.5999093 -26.924534 -108.242455
v -7.0938687 -25.875057 -108.70731
v -3.647943 -26.579674 -108.70731
v -0.047337603 -26.822052 -108.70731
v 3.5532687 -26.579674 -108.70731
v 6.999197 -25.875057 -108.70731
v 10.26567 -24.73982 -108.70731
v -10.360343 -24.73982 -108.70731
v 13.323824 -23.20463 -108.70732
v -13.418504 -23.204626 -108.70732
v 16.14251 -21.300337 -108.70732
v -16.237183 -21.300331 -108.70732
v 18.689186 -19.058598 -108.70732
v -18.783865 -19.058592 -108.70732
v 20.930927 -16.51192 -108.70732
v -21.025606 -16.511913 -108.70732
v 22.835224 -13.693233 -108.70732
v -22.9299 -13.693233 -108.70732
v 24.370419 -10.635077 -108.70732
v -24.465092 -10.635075 -108.70732
v 25.505655 -7.368603 -108.70732
v -25.600327 -7.3685994 -108.70732
v 26.210266 -3.9226735 -108.70732
v -26.304941 -3.9226718 -108.70732
v 26.452642 -0.32206792 -108.70732
v -26.547314 -0.32206613 -108.70732
v 26.210266 3.278538 -108.70733
v -26.304941 3.2785394 -108.70732
v 25.505655 6.7244654 -108.70733
v -25.600327 6.724469 -108.70732
v 24.370419 9.99094 -108.70733
v -24.465092 9.990942 -108.70733
v 22.835228 13.049095 -108.70733
v -22.9299 13.049095 -108.70733
v 20.93094 15.867779 -108.70733
v -21.025606 15.867779 -108.70733
v 18.689192 18.414455 -108.70733
v -18.783861 18.414455 -108.70733
v 16.142515 20.656202 -108.70733
v -16.237183 20.656202 -108.70733
v 13.323828 22.560497 -108.70733
v -13.418501 22.560497 -108.70733
v 10.265673 24.095692 -108.70734
v -10.360343 24.095692 -108.70734
v 6.9992013 25.230923 -108.70734
v -7.0938687 25.230917 -108.70734
v 3.5532708 25.935534 -108.70734
v -3.6479394 25.935534 -108.70734
v -0.047334526 26.177914 -108.70734
v -13.277895 22.320332 -109.216995
v -10.252018 23.839338 -109.217
v -7.020167 24.962564 -109.217
v -3.610642 25.659752 -109.217
v -0.04733482 25.899616 -109.217
v 3.5159714 25.659756 -109.217
v -16.067001 20.435999 -109.216995
v 6.9254975 24.962564 -109.217
v -18.587072 18.217674 -109.216995
v 10.1573515 23.839338 -109.217
v -20.805403 15.697603 -109.216995
v 13.183226 22.320332 -109.216995
v -22.689737 12.908496 -109.216995
v 15.972338 20.435999 -109.216995
v -24.208742 9.882617 -109.216995
v 18.492403 18.217667 -109.216995
v -25.331963 6.650768 -109.216995
v 20.710737 15.697597 -109.216995
v -26.029161 3.2412398 -109.216995
v 22.595064 12.908493 -109.216995
v -26.269016 -0.3220667 -109.216995
v 24.11407 9.882614 -109.216995
v -26.029152 -3.8853748 -109.216995
v 25.237295 6.650765 -109.216995
v -25.331963 -7.2948985 -109.216995
v 25.934479 3.241239 -109.216995
v -24.208748 -10.526749 -109.216995
v 26.174345 -0.322068 -109.216995
v -22.689737 -13.552627 -109.216995
v 25.934479 -3.8853755 -109.216995
v -20.805403 -16.341736 -109.21699
v 25.237295 -7.2948985 -109.216995
v -18.587076 -18.861809 -109.21699
v 24.114065 -10.526754 -109.216995
v -16.067005 -21.080128 -109.21699
v 22.595057 -13.552627 -109.216995
v -13.277895 -22.964458 -109.21699
v 20.710726 -16.341736 -109.216995
v -10.252022 -24.483473 -109.21698
v 18.492403 -18.861809 -109.216995
v -7.020167 -25.606699 -109.21698
v 15.972328 -21.080133 -109.21699
v -3.6106446 -26.303885 -109.21698
v 13.18322 -22.964468 -109.21699
v -0.047337618 -26.543755 -109.21698
v 10.157345 -24.483473 -109.21698
v 3.5159698 -26.303885 -109.21698
v 6.925493 -25.606699 -109.21698
v -3.5834467 -26.102781 -109.76106
v -0.047337633 -26.340816 -109.76106
v 3.488772 -26.102781 -109.76106
v 6.8717504 -25.41101 -109.76106
v 10.078358 -24.29654 -109.76106
v 13.080695 -22.789349 -109.76107
v -6.9664226 -25.41101 -109.76106
v 15.848238 -20.919563 -109.76107
v -10.17303 -24.29654 -109.76106
v 18.348906 -18.718311 -109.76107
v -13.175365 -22.789335 -109.76107
v 20.55016 -16.217648 -109.76107
v -15.942914 -20.919563 -109.76107
v 22.419933 -13.450099 -109.76108
v -18.443583 -18.718311 -109.76107
v 23.927135 -10.447763 -109.76108
v -20.64483 -16.217638 -109.76107
v 25.041607 -7.241157 -109.76108
v -22.514608 -13.450096 -109.76107
v 25.73338 -3.8581772 -109.76108
v -24.021814 -10.447762 -109.76107
v 25.971409 -0.32206807 -109.76108
v -25.136272 -7.241157 -109.76108
v 25.73338 3.2140415 -109.76108
v -25.828056 -3.8581765 -109.76108
v 25.041607 6.59702 -109.76108
v -26.066084 -0.32206705 -109.76108
v 23.927141 9.803627 -109.76108
v -25.828056 3.2140415 -109.76108
v 22.419939 12.805965 -109.76108
v -25.136278 6.597024 -109.76108
v 20.550165 15.573505 -109.76108
v -24.021814 9.803629 -109.76108
v 18.348913 18.074179 -109.76108
v -22.514608 12.805965 -109.76108
v 15.848238 20.275427 -109.76108
v -20.64483 15.573513 -109.76108
v 13.080695 22.145203 -109.76108
v -18.443579 18.07418 -109.76108
v 10.078363 23.652412 -109.761086
v -15.942914 20.275434 -109.76108
v 6.8717546 24.766876 -109.761086
v -13.175365 22.145203 -109.76108
v 3.4887743 25.458649 -109.761086
v -10.173034 23.652412 -109.761086
v -0.047334556 25.69668 -109.761086
v -6.966424 24.766876 -109.761086
v -3.5834448 25.458649 -109.761086
v -15.867434 20.177767 -110.32851
v -13.113001 22.038685 -110.32851
v -10.124986 23.538708 -110.328514
v -6.933733 24.647846 -110.328514
v -3.5669005 25.336329 -110.328514
v -0.047334384 25.573238 -110.328514
v -18.356298 17.986897 -110.32851
v 3.472231 25.336329 -110.328514
v -20.547163 15.498032 -110.32851
v 6.8390656 24.647846 -110.328514
v -22.40809 12.743597 -110.3285
v 10.030315 23.538708 -110.328514
v -23.908106 9.75558 -110.3285
v 13.01833 22.038685 -110.32851
v -25.017248 6.564334 -110.3285
v 15.772758 20.17776 -110.32851
v -25.705732 3.1974986 -110.3285
v 18.261627 17.98689 -110.32851
v -25.942648 -0.32206714 -110.3285
v 20.452492 15.498025 -110.32851
v -25.705732 -3.8416336 -110.3285
v 22.313417 12.743597 -110.32851
v -25.017248 -7.208464 -110.3285
v 23.813442 9.75558 -110.32851
v -23.908112 -10.399718 -110.32849
v 24.922579 6.564331 -110.3285
v -22.40809 -13.387735 -110.32849
v 25.611057 3.1974978 -110.3285
v -20.54717 -16.142157 -110.32849
v 25.847977 -0.32206824 -110.3285
v -18.356298 -18.631027 -110.32849
v 25.611057 -3.8416348 -110.3285
v -15.867434 -20.821896 -110.32849
v 24.922579 -7.2084656 -110.3285
v -13.113001 -22.682816 -110.32849
v 23.813442 -10.399721 -110.3285
v -10.124986 -24.182842 -110.32848
v 22.313408 -13.387738 -110.3285
v -6.933733 -25.29198 -110.32848
v 20.452492 -16.142164 -110.32849
v -3.5669034 -25.980465 -110.32848
v 18.261621 -18.631031 -110.32849
v -0.047337648 -26.217375 -110.32848
v 15.772758 -20.821901 -110.32849
v 3.4722288 -25.980465 -110.32848
v 13.018327 -22.682821 -110.32849
v 6.839061 -25.29198 -110.32848
v 10.03031 -24.182842 -110.32848
v -0.047337662 -26.175959 -110.90771
v 3.4666762 -25.93941 -110.90771
v 6.8280907 -25.252037 -110.90771
v 10.014189 -24.14468 -110.90771
v 12.997398 -22.647068 -110.907715
v 15.747422 -20.789124 -110.907715
v -3.5613508 -25.93941 -110.90771
v 18.23233 -18.601736 -110.907715
v -6.922761 -25.25203 -110.90771
v 20.419714 -16.116835 -110.907715
v -10.108862 -24.14468 -110.90771
v 22.277657 -13.366805 -110.907715
v -13.092074 -22.647062 -110.907715
v 23.775278 -10.383597 -110.907715
v -15.8421 -20.789118 -110.907715
v 24.882631 -7.1974955 -110.907715
v -18.327002 -18.601734 -110.907715
v 25.570002 -3.8360817 -110.907715
v -20.51439 -16.116829 -110.907715
v 25.80655 -0.32206842 -110.907715
v -22.372335 -13.366805 -110.907715
v 25.570007 3.1919453 -110.907715
v -23.869951 -10.3835945 -110.907715
v 24.882631 6.553359 -110.907715
v -24.977297 -7.1974955 -110.907715
v 23.775284 9.739457 -110.907715
v -25.664677 -3.8360817 -110.907715
v 22.277666 12.722669 -110.907715
v -25.90122 -0.32206744 -110.907715
v 20.419718 15.4726925 -110.907715
v -25.664677 3.1919453 -110.907715
v 18.232334 17.957602 -110.907715
v -24.977297 6.553363 -110.907715
v 15.747422 20.14498 -110.907715
v -23.869951 9.73946 -110.907715
v 12.997401 22.002932 -110.907715
v -22.372335 12.722669 -110.907715
v 10.014189 23.500547 -110.90772
v -20.51439 15.472697 -110.907715
v 6.8280935 24.6079 -110.90772
v -18.327007 17.957602 -110.907715
v 3.4666781 25.295273 -110.90772
v -15.8421 20.144987 -110.907715
v -0.047334958 25.531813 -110.90772
v -13.092074 22.002932 -110.907715
v -3.561349 25.295273 -110.90772
v -10.108862 23.500553 -110.90772
v -6.922763 24.6079 -110.90772
v -18.327007 17.9576 -112.535706
v -15.8421 20.144985 -112.535706
v -13.092074 22.00293 -112.535706
v -10.108862 23.500551 -112.53571
v -6.922763 24.607899 -112.53571
v -3.561349 25.29527 -112.53571
v -20.51439 15.472697 -112.535706
v -0.04733491 25.53181 -112.53571
v -22.372335 12.722669 -112.535706
v 3.4666781 25.29527 -112.53571
v -23.869951 9.73946 -112.535706
v 6.8280935 24.607899 -112.53571
v -24.977297 6.5533624 -112.535706
v 10.014189 23.500546 -112.53571
v -25.664677 3.1919448 -112.535706
v 12.997401 22.00293 -112.535706
v -25.90122 -0.32206798 -112.535706
v 15.747422 20.144978 -112.535706
v -25.664677 -3.8360822 -112.535706
v 18.232334 17.9576 -112.535706
v -24.977297 -7.197496 -112.535706
v 20.419718 15.4726925 -112.535706
v -23.869951 -10.3835945 -112.5357
v 22.277666 12.722669 -112.535706
v -22.372335 -13.366805 -112.5357
v 23.775278 9.739457 -112.535706
v -20.51439 -16.11683 -112.5357
v 24.882631 6.5533586 -112.535706
v -18.327002 -18.601736 -112.5357
v 25.570007 3.1919448 -112.535706
v -15.8421 -20.78912 -112.5357
v 25.80655 -0.32206896 -112.535706
v -13.092074 -22.647064 -112.5357
v 25.570002 -3.8360822 -112.535706
v -10.108862 -24.144682 -112.53569
v 24.882631 -7.197496 -112.535706
v -6.922761 -25.252031 -112.53569
v 23.775278 -10.383597 -112.535706
v -3.5613508 -25.939411 -112.53569
v 22.277657 -13.366805 -112.535706
v -0.047337707 -26.17596 -112.53569
v 20.419714 -16.116837 -112.5357
v 3.4666762 -25.939411 -112.53569
v 18.23233 -18.60174 -112.5357
v 6.8280907 -25.252031 -112.53569
v 15.747422 -20.789125 -112.5357
v 10.014189 -24.144682 -112.53569
v 12.997398 -22.64707 -112.5357
v 3.858471 -28.836357 -116.44079
v 7.6022816 -28.070978 -116.44079
v 11.152048 -26.837467 -116.44079
v 14.474355 -25.169846 -116.44079
v 17.535032 -23.102182 -116.440796
v 20.299429 -20.668837 -116.440796
v -0.047338095 -29.099268 -116.44079
v 22.73278 -17.904448 -116.440796
v -3.953146 -28.836357 -116.44079
v 24.800438 -14.843772 -116.440796
v -7.6969557 -28.070978 -116.44079
v 26.468061 -11.521461 -116.440796
v -11.246722 -26.837467 -116.44079
v 27.701567 -7.9716907 -116.440796
v -14.569037 -25.16984 -116.44079
v 28.466953 -4.2278795 -116.440796
v -17.629711 -23.102182 -116.440796
v 28.72987 -0.3220715 -116.440796
v -20.394112 -20.668833 -116.440796
v 28.466953 3.5837374 -116.440796
v -22.827457 -17.904442 -116.440796
v 27.701567 7.3275485 -116.4408
v -24.895115 -14.843767 -116.440796
v 26.468061 10.877313 -116.4408
v -26.562742 -11.521455 -116.440796
v 24.80045 14.199628 -116.4408
v -27.796244 -7.9716887 -116.440796
v 22.73278 17.2603 -116.4408
v -28.561628 -4.2278767 -116.440796
v 20.299435 20.024698 -116.4408
v -28.824547 -0.32206693 -116.440796
v 17.535036 22.458042 -116.4408
v -28.561628 3.583741 -116.440796
v 14.474362 24.525711 -116.44081
v -27.796244 7.3275533 -116.440796
v 11.152054 26.19333 -116.44081
v -26.562742 10.877319 -116.440796
v 7.6022863 27.426846 -116.44081
v -24.895105 14.199628 -116.440796
v 3.8584754 28.192226 -116.44081
v -22.827457 17.260307 -116.4408
v -0.047333423 28.45514 -116.44081
v -20.394106 20.024704 -116.4408
v -3.953143 28.192226 -116.44081
v -17.62971 22.45805 -116.4408
v -7.6969543 27.426846 -116.44081
v -14.569031 24.525711 -116.44081
v -11.24672 26.19333 -116.44081
v -22.400423 22.031027 -116.237885
v -19.364756 24.703102 -116.23789
v -16.002563 26.97431 -116.23789
v -12.35112 28.806938 -116.23789
v -8.4483795 30.162897 -116.23789
v -4.3334155 31.003992 -116.23789
v -25.072496 18.995354 -116.237885
v -0.04733183 31.29251 -116.23789
v -27.343712 15.63316 -116.23788
v 4.2387514 31.003992 -116.23789
v -29.176342 11.981724 -116.23788
v 8.353714 30.162897 -116.23789
v -30.532303 8.0789795 -116.23788
v 12.256455 28.806938 -116.23789
v -31.37339 3.964018 -116.23788
v 15.907901 26.974304 -116.23789
v -31.661911 -0.3220649 -116.23788
v 19.27008 24.703096 -116.23789
v -31.37339 -4.6081505 -116.23788
v 22.305754 22.031021 -116.237885
v -30.532303 -8.723112 -116.23787
v 24.977833 18.995348 -116.237885
v -29.176342 -12.6258545 -116.23787
v 27.249031 15.63316 -116.237885
v -27.343712 -16.277292 -116.23787
v 29.08167 11.981715 -116.237885
v -25.07251 -19.63948 -116.23787
v 30.437626 8.078973 -116.237885
v -22.400429 -22.675158 -116.23787
v 31.278723 3.9640124 -116.23788
v -19.364761 -25.347235 -116.23786
v 31.567236 -0.3220721 -116.23788
v -16.002573 -27.618439 -116.23786
v 31.278723 -4.608155 -116.23788
v -12.351129 -29.451069 -116.23786
v 30.437626 -8.723121 -116.23788
v -8.448387 -30.80703 -116.23786
v 29.08167 -12.625862 -116.23788
v -4.3334208 -31.64812 -116.23786
v 27.249031 -16.2773 -116.23787
v -0.04733828 -31.93664 -116.23786
v 24.977827 -19.639492 -116.23787
v 4.238746 -31.64812 -116.23786
v 22.305754 -22.675167 -116.23787
v 8.353709 -30.80703 -116.23786
v 19.27008 -25.347244 -116.23786
v 12.256451 -29.451069 -116.23786
v 15.907887 -27.618444 -116.23786
v 4.4710307 -33.365635 -114.736084
v 8.812703 -32.478294 -114.736084
v 12.931053 -31.047544 -114.736084
v 16.783533 -29.114113 -114.736084
v 20.329895 -26.71859 -114.736084
v 23.531273 -23.900682 -114.736084
v -0.047338523 -33.669792 -114.736084
v 26.349167 -20.699308 -114.73609
v -4.5657053 -33.365635 -114.736084
v 28.744715 -17.152945 -114.73609
v -8.907381 -32.478294 -114.736084
v 30.678137 -13.300465 -114.7361
v -13.025731 -31.04754 -114.736084
v 32.108894 -9.182113 -114.7361
v -16.878216 -29.114113 -114.736084
v 32.996235 -4.8404384 -114.7361
v -20.424576 -26.718584 -114.736084
v 33.30038 -0.32207215 -114.7361
v -23.625954 -23.900673 -114.736084
v 32.996235 4.1962953 -114.7361
v -26.443851 -20.699305 -114.73609
v 32.108894 8.537969 -114.7361
v -28.839388 -17.152935 -114.73609
v 30.678137 12.656322 -114.7361
v -30.772814 -13.300453 -114.73609
v 28.744715 16.5088 -114.7361
v -32.203568 -9.182107 -114.73609
v 26.349178 20.055168 -114.7361
v -33.090908 -4.8404317 -114.7361
v 23.531277 23.25654 -114.7361
v -33.39506 -0.32206324 -114.7361
v 20.3299 26.074444 -114.73611
v -33.090908 4.196304 -114.7361
v 16.783545 28.46998 -114.73611
v -32.203568 8.537977 -114.7361
v 12.93106 30.40341 -114.73611
v -30.772808 12.65633 -114.7361
v 8.812709 31.834164 -114.73611
v -28.83938 16.508812 -114.7361
v 4.4710355 32.7215 -114.73611
v -26.443848 20.055174 -114.7361
v -0.04733076 33.025654 -114.73611
v -23.625948 23.256546 -114.7361
v -4.5656986 32.7215 -114.73611
v -20.424572 26.074444 -114.73611
v -8.907372 31.834164 -114.73611
v -16.878208 28.46998 -114.73611
v -13.025721 30.40341 -114.73611
v -26.955069 20.45026 -112.535706
v -24.082804 23.713404 -112.53571
v -20.819654 26.585663 -112.53571
v -17.20463 29.027554 -112.53571
v -13.277206 30.99855 -112.53571
v -9.078477 32.457195 -112.53571
v -29.396944 16.835243 -112.535706
v -4.652289 33.36177 -112.53571
v -31.367947 12.907812 -112.535706
v -0.04733061 33.671753 -112.53571
v -32.826588 8.7090845 -112.535706
v 4.557627 33.36177 -112.53571
v -33.731167 4.2828965 -112.535706
v 8.983816 32.457195 -112.53571
v -34.04115 -0.32206196 -112.535706
v 13.182544 30.99855 -112.53571
v -33.731167 -4.927021 -112.535706
v 17.109974 29.027546 -112.53571
v -32.826595 -9.3532095 -112.5357
v 20.724989 26.585651 -112.53571
v -31.367952 -13.551937 -112.5357
v 23.988138 23.713398 -112.53571
v -29.39695 -17.479364 -112.5357
v 26.860397 20.450249 -112.535706
v -26.955072 -21.094387 -112.5357
v 29.302282 16.83523 -112.535706
v -24.082804 -24.357529 -112.53569
v 31.273283 12.907802 -112.535706
v -20.819668 -27.229792 -112.53569
v 32.731915 8.709075 -112.535706
v -17.204643 -29.671679 -112.53569
v 33.6365 4.282888 -112.535706
v -13.277217 -31.64268 -112.53569
v 33.946476 -0.3220717 -112.535706
v -9.078491 -33.101315 -112.53569
v 33.6365 -4.92703 -112.535706
v -4.652297 -34.005898 -112.53569
v 32.731915 -9.353218 -112.535706
v -0.04733856 -34.31588 -112.53569
v 31.27328 -13.551947 -112.535706
v 4.557621 -34.005898 -112.53569
v 29.302282 -17.479376 -112.5357
v 8.983808 -33.101315 -112.53569
v 26.860386 -21.094395 -112.5357
v 13.182537 -31.64268 -112.53569
v 23.988123 -24.357534 -112.53569
v 17.109962 -29.671679 -112.53569
v 20.724989 -27.229803 -112.53569
v 18.583736 -13.765548 -66.825134
v 22.822878 -8.703898 -71.29089
v 20.392815 -15.731276 -71.89528
v 19.287731 -8.15686 -64.91164
v 23.150166 0.3273031 -70.55768
v 14.630309 -8.903263 -61.13286
v 15.012256 -15.763311 -65.138016
v 9.528613 -9.893185 -59.128586
v 10.075616 -17.526041 -63.723858
v 4.650662 -10.511636 -58.353775
v 4.992412 -18.569984 -63.070263
v -0 -10.753328 -58.213226
v -0 -19.01792 -62.938946
v -4.992412 -18.569984 -63.070263
v -4.650662 -10.511636 -58.353775
v -10.075616 -17.526041 -63.723858
v -0 -0.52733576 -55.73477
v 4.3749104 -0.5000306 -55.88945
v 9.0487175 -0.3347481 -56.72133
v 14.119363 0.0026085486 -58.94226
v -9.528613 -9.893185 -59.128586
v -15.012256 -15.763311 -65.138016
v -4.3749104 -0.5000306 -55.88945
v -0 10.396145 -55.59401
v 4.1384006 10.248385 -55.780807
v -14.630309 -8.903263 -61.13286
v -18.583736 -13.765548 -66.825134
v -9.0487175 -0.3347481 -56.72133
v -4.1384006 10.248385 -55.780807
v 8.497984 9.974114 -56.656494
v -0 19.64767 -59.172703
v 4.1019344 19.358234 -59.365147
v -4.1019344 19.358234 -59.365147
v 8.3228855 18.66925 -60.15946
v -8.497984 9.974114 -56.656494
v -8.3228855 18.66925 -60.15946
v 13.145381 9.582588 -58.876175
v 12.5883465 17.34994 -61.880527
v -14.119363 0.0026085486 -58.94226
v -13.145381 9.582588 -58.876175
v -12.5883465 17.34994 -61.880527
v 19.090977 0.28896582 -63.38495
v 17.613523 9.2426605 -63.097107
v 16.014565 15.465213 -64.10121
v 17.761063 17.261822 -69.958374
v 21.176003 9.738299 -70.141754
v 19.292253 17.987112 -79.334595
v 23.264177 9.961869 -79.63789
v 25.355755 0.17399436 -79.92877
v 19.373892 17.229843 -89.55995
v 22.979532 9.599146 -90.00128
v 24.907967 -0.043719064 -90.18347
v 20.36965 9.046866 -98.83098
v 21.767935 -0.35152566 -99.29935
v 16.475698 -0.7724166 -105.68526
v 18.498663 15.427377 -96.8846
v 15.619635 9.456273 -104.60622
v 10.448883 -1.1834683 -109.33913
v 14.757767 17.445265 -99.600845
v 14.748763 21.690704 -90.37613
v 10.037122 9.961076 -107.90236
v 4.9606495 -1.4534508 -110.88852
v 9.747825 18.958012 -101.72032
v 9.7030115 24.014387 -91.268
v 4.8169365 10.28863 -109.28818
v -0 -1.58059 -111.24101
v 4.7730083 19.799513 -102.68492
v 4.7767615 25.156158 -91.72224
v -0 10.437354 -109.603134
v -0 20.16786 -102.90547
v -0 25.638626 -91.83027
v -4.7767615 25.156158 -91.72224
v -4.7730083 19.799513 -102.68492
v -9.7030115 24.014387 -91.268
v -4.8169365 10.28863 -109.28818
v -4.9606495 -1.4534508 -110.88852
v -9.747825 18.958012 -101.72032
v -14.748763 21.690704 -90.37613
v -10.037122 9.961076 -107.90236
v -10.448883 -1.1834683 -109.33913
v -14.757767 17.445265 -99.600845
v -19.373892 17.229843 -89.55995
v -15.619635 9.456273 -104.60622
v -16.475698 -0.7724166 -105.68526
v -18.498663 15.427377 -96.8846
v -20.36965 9.046866 -98.83098
v -21.767935 -0.35152566 -99.29935
v -24.907967 -0.043719064 -90.18347
v -22.979532 9.599146 -90.00128
v -25.355755 0.17399436 -79.92877
v -23.264177 9.961869 -79.63789
v -19.292253 17.987112 -79.334595
v -23.150166 0.3273031 -70.55768
v -21.176003 9.738299 -70.141754
v -17.761063 17.261822 -69.958374
v -17.613523 9.2426605 -63.097107
v -16.014565 15.465213 -64.10121
v -19.090977 0.28896582 -63.38495
v -19.287731 -8.15686 -64.91164
v -22.822878 -8.703898 -71.29089
v -20.392815 -15.731276 -71.89528
v 19.292253 17.987112 -79.334595
v 14.748763 21.690704 -90.37613
v 19.373892 17.229843 -89.55995
v 14.480542 22.928698 -79.14981
v 17.761063 17.261822 -69.958374
v 9.7030115 24.014387 -91.268
v 13.436927 21.604633 -68.9482
v 16.014565 15.465213 -64.10121
v 12.5883465 17.34994 -61.880527
v 9.484388 25.418135 -79.04734
v 4.7767615 25.156158 -91.72224
v 8.835377 23.783525 -67.9862
v 8.3228855 18.66925 -60.15946
v 4.6637197 26.608421 -79.003746
v -0 25.638626 -91.83027
v 4.356303 24.804111 -67.49856
v 4.1019344 19.358234 -59.365147
v -0 27.097239 -78.9923
v -0 25.21559 -67.37397
v -0 19.64767 -59.172703
v -4.1019344 19.358234 -59.365147
v -4.356303 24.804111 -67.49856
v -8.3228855 18.66925 -60.15946
v -4.6637197 26.608421 -79.003746
v -4.7767615 25.156158 -91.72224
v -8.835377 23.783525 -67.9862
v -12.5883465 17.34994 -61.880527
v -9.484388 25.418135 -79.04734
v -9.7030115 24.014387 -91.268
v -13.436927 21.604633 -68.9482
v -16.014565 15.465213 -64.10121
v -17.761063 17.261822 -69.958374
v -14.480542 22.928698 -79.14981
v -14.748763 21.690704 -90.37613
v -19.292253 17.987112 -79.334595
v -19.373892 17.229843 -89.55995
v -0 5.090722 -56.43535
v -0 5.0907207 -60.337814
v 1.9116874 4.956659 -60.334137
v -1.9116874 4.956659 -60.334137
v 2.230371 4.9566603 -56.49724
v -0 5.090723 -53.21202
v 3.689879 4.144706 -60.340347
v -2.230371 4.9566603 -56.49724
v -3.689879 4.144706 -60.340347
v 4.0070224 4.144707 -56.50035
v 5.2863965 2.8806922 -60.353867
v -4.0070224 4.144707 -56.50035
v -5.2863965 2.8806922 -60.353867
v 2.2504368 4.7809787 -53.20833
v 5.280998 2.8806934 -56.506607
v 6.238517 1.2789693 -60.372726
v -2.2504368 4.7809787 -53.20833
v -2.3340154 4.77901 -51.61534
v -5.280998 2.8806934 -56.506607
v -6.238517 1.2789693 -60.372726
v -4.1665816 3.9861934 -53.20804
v 6.231372 1.2789705 -56.51883
v 6.6936803 -0.32001916 -60.365463
v -5.7641153 2.7127512 -53.125534
v -6.231372 1.2789705 -56.51883
v -6.6936803 -0.32001916 -60.365463
v -6.9391913 1.6759945 -52.736763
v -6.662194 3.3890042 -51.52994
v -7.2814684 -0.57338977 -53.21884
v -6.6848516 -0.32001796 -56.509064
v -6.6933584 -1.9510968 -60.343475
v -4.31778 4.152629 -51.536873
v -6.030745 7.0052156 -47.377438
v -6.681102 -1.9510955 -56.489014
v -7.3023725 -2.076654 -53.21016
v -6.238052 -3.544766 -60.322525
v -6.2251167 -3.5447648 -56.47238
v -6.7674785 -3.6456914 -53.195618
v -5.2863045 -5.132292 -60.303177
v -5.275776 -5.1322904 -56.460037
v -5.7323275 -5.242607 -53.17923
v -3.6898792 -6.387065 -60.289734
v -3.6853034 -6.3870635 -56.455627
v -3.967228 -6.477878 -53.16815
v -1.9116879 -7.195631 -60.284164
v -2.199359 -7.1219926 -53.202072
v -1.9112592 -7.1956296 -56.455475
v -0 -7.5111465 -60.28705
v -0 -7.5930324 -53.18004
v -0 -7.511145 -56.458145
v 1.9112592 -7.1956296 -56.455475
v 1.9116879 -7.195631 -60.284164
v 2.199359 -7.1219926 -53.202072
v 3.6853034 -6.3870635 -56.455627
v 3.967228 -6.477878 -53.16815
v 3.6898792 -6.387065 -60.289734
v 5.7323275 -5.242607 -53.17923
v 5.275776 -5.1322904 -56.460037
v 5.2863045 -5.132292 -60.303177
v 6.7674785 -3.6456914 -53.195618
v 6.2251167 -3.5447648 -56.47238
v 6.238052 -3.544766 -60.322525
v 7.3023725 -2.076654 -53.21016
v 6.681102 -1.9510955 -56.489014
v 6.6933584 -1.9510968 -60.343475
v 7.2814684 -0.57338977 -53.21884
v 6.6848516 -0.32001796 -56.509064
v 6.9391913 1.6759945 -52.736763
v 5.7641153 2.7127512 -53.125534
v 6.662194 3.3890042 -51.52994
v 4.1665816 3.9861934 -53.20804
v 4.31778 4.152629 -51.536873
v 6.030745 7.0052156 -47.377438
v 2.3340154 4.77901 -51.61534
v -0 5.033847 -51.62387
v 2.947938 7.416896 -48.555893
v -0 7.6818533 -48.526962
v 3.2188573 8.853664 -46.740593
v 3.6023388 10.699937 -43.730244
v -0 9.732872 -46.305008
v -2.947938 7.416896 -48.555893
v -3.2188573 8.853664 -46.740593
v -3.6023388 10.699937 -43.730244
v -0 11.207493 -43.124557
v -0 13.512875 -39.582695
v 69.74334 1.3452471 -35.736115
v 77.77592 -1.6247337 -35.043312
v 69.70074 -1.2703142 -34.786514
v 69.6989 -3.9640183 -35.60794
v 77.8724 1.2159157 -36.1903
v 69.93589 3.3976057 -38.144043
v 77.984116 -4.3127446 -35.99546
v 69.83686 -6.121737 -37.884964
v 76.87733 3.4568279 -38.157455
v 77.04641 3.3549416 -41.38645
v 70.10535 3.1732984 -41.648712
v 70.12227 0.49820396 -43.792435
v 78.04435 1.0619569 -43.114105
v 70.102196 -3.5100708 -43.68457
v 80.162964 3.3497672 -41.560852
v 79.91762 3.4491868 -37.79712
v 81.32659 1.2524916 -36.241615
v 77.86974 -4.312694 -42.97043
v 82.36301 1.0915762 -42.86525
v 82.331245 3.5953906 -41.047325
v 82.03186 3.657268 -37.695366
v 76.96477 -6.3462462 -41.117256
v 69.998116 -6.0687222 -41.3926
v 76.78749 -6.273403 -37.882866
v 80.04621 -6.436819 -41.300995
v 79.818954 -6.3474755 -37.55758
v 82.329704 -4.324008 -42.71837
v 85.47584 4.4564824 -40.58706
v 81.39794 -4.8285584 -35.968758
v 82.25249 -6.7366147 -40.814034
v 85.47014 -7.3064322 -40.414406
v 82.07257 -6.5532246 -37.62709
v 87.73658 1.0944347 -42.49008
v 81.54839 -1.9232109 -35.178093
v 83.97417 -2.07487 -35.226326
v 84.09537 -5.033667 -35.56993
v 84.82505 -7.000389 -36.888153
v 87.545204 -5.611419 -35.483414
v 84.23948 1.2345463 -35.695854
v 87.78876 -4.808575 -42.507584
v 84.76915 4.3672514 -36.79294
v 87.56312 -8.221858 -36.41426
v 90.0593 -9.0004015 -35.971825
v 87.48852 -2.151139 -35.002235
v 87.57356 -8.222297 -39.3779
v 87.72694 -7.1280146 -41.120544
v 90.07416 -9.000828 -39.11126
v 90.28256 -6.659517 -41.566437
v 90.53129 -6.0363665 -35.264534
v 90.77479 -2.5067666 -42.660294
v 90.34823 4.643625 -41.418495
v 95.42213 3.9524064 -41.522842
v 91.9293 -8.995268 -39.105583
v 95.28584 -2.395433 -42.585083
v 87.70137 4.302732 -40.919342
v 87.08238 6.401051 -38.84468
v 94.68934 -6.8401875 -41.390495
v 88.66113 7.928036 -37.993126
v 93.81395 -9.1891165 -36.43129
v 94.10643 -9.241265 -39.190414
v 93.77727 -6.4192386 -35.50791
v 90.943344 -2.3005724 -34.568672
v 91.2343 0.8638697 -33.028107
v 94.2065 -2.2622075 -35.42401
v 95.450645 -6.462137 -35.960747
v 87.45311 0.8778372 -34.276535
v 86.42712 2.3357873 -34.146812
v 89.85362 2.424205 -33.001953
v 86.7154 5.4679465 -36.206703
v 88.69319 4.347547 -33.475555
v 88.25118 6.9145727 -35.480362
v 91.447296 3.7005491 -33.17016
v 90.4828 5.6956334 -33.61618
v 89.94092 8.155058 -35.16764
v 90.36 9.401596 -37.509087
v 93.04295 2.350943 -34.04032
v 95.41714 6.2438803 -34.039276
v 94.56151 2.1170633 -34.94158
v 93.90266 7.918758 -33.635498
v 96.171364 4.9932823 -35.196632
v 97.39117 4.9852386 -36.43396
v 96.55661 1.7841548 -35.50611
v 96.26353 7.196913 -34.30847
v 95.98496 -2.2112784 -35.770775
v 96.93514 6.3636045 -35.623688
v 98.10546 8.3035345 -34.829315
v 94.97456 8.596778 -33.6464
v 92.66163 9.618819 -34.80443
v 94.00097 10.4943495 -34.59337
v 92.51446 10.656805 -36.92491
v 93.99495 11.445992 -36.673172
v 91.86198 7.283566 -40.484398
v 93.95301 8.787299 -39.565094
v 92.58879 5.6303573 -41.053024
v 93.98142 5.907801 -40.40522
v 95.663284 6.150097 -39.24037
v 96.02076 11.893476 -34.312847
v 95.928795 12.525149 -36.305035
v 95.50849 9.807547 -38.98078
v 96.73186 6.996296 -38.336517
v 97.13706 5.8641186 -38.822777
v 97.15815 9.908067 -33.48893
v 98.87856 10.997086 -33.044716
v 97.97271 12.917033 -34.066586
v 97.20636 4.084972 -41.562057
v 97.048935 -2.3009624 -42.64
v 96.56173 -6.924242 -41.480858
v 95.82557 -9.347676 -39.503242
v 95.48445 -9.309144 -36.901505
v 97.12403 -6.505036 -36.413605
v 98.50418 5.6614866 -38.91912
v 98.9906 4.217539 -41.60128
v 98.81202 -2.2064908 -42.6949
v 98.43413 -7.008295 -41.571236
v 97.54472 -9.454087 -39.81607
v 97.15497 -9.4291725 -37.37171
v 100.51154 -9.366505 -40.206398
v 100.926796 -9.357855 -38.098145
v 98.326645 8.627525 -37.475037
v 98.50451 4.811123 -36.977844
v 97.17422 10.926967 -38.489403
v 97.9335 13.655001 -36.095036
v 99.409996 12.001088 -38.08711
v 101.77783 10.738147 -36.939835
v 98.0855 1.6675555 -36.056953
v 101.317955 10.421765 -34.566048
v 100.31064 11.834842 -32.864254
v 99.47551 13.706015 -33.906055
v 99.52579 14.43575 -35.895245
v 97.49311 -2.242131 -36.130264
v 101.20081 -6.376651 -37.26552
v 101.31646 -2.1161048 -37.029984
v 100.90297 12.840876 -37.807285
v 101.53882 1.4604472 -37.05738
v 101.78373 4.6507654 -37.520767
v 101.47164 5.450667 -39.10547
v 101.55705 4.1021137 -41.601593
v 101.19711 -2.1584177 -42.700485
v 102.44168 4.062329 -41.601685
v 100.78845 -6.8903327 -41.637245
v 102.221146 -2.1377754 -42.702866
v 101.92637 -9.35987 -40.215935
v 101.94019 -6.832625 -41.669563
v 102.20336 -9.350668 -38.112083
v 104.31406 -9.350555 -40.229324
v 102.375084 -6.365382 -37.28414
v 106.34859 -9.323298 -38.16507
v 102.44997 -2.1040535 -37.057304
v 106.24353 -6.322466 -37.354965
v 102.60282 1.4632055 -37.09617
v 106.234314 -2.0581527 -37.161293
v 102.788055 4.642161 -37.56711
v 106.344025 1.473713 -37.24398
v 102.58456 5.4171147 -39.135246
v 104.084946 4.006466 -41.60183
v 104.54836 5.3700047 -39.177063
v 104.06012 -2.108794 -42.706207
v 106.7091 4.60939 -37.74357
v 106.40904 3.7953918 -41.6024
v 103.95849 -6.751597 -41.71489
v 106.71439 5.28934 -39.248688
v 106.438255 -2.0111046 -42.717514
v 106.26559 -9.334608 -40.25225
v 106.20504 -6.494901 -41.85852
v 108.028366 1.4201287 -37.32795
v 109.722595 4.080806 -37.76995
v 109.783104 4.961678 -39.310944
v 109.75208 3.5802245 -41.551178
v 109.80325 -2.0215142 -42.607285
v 109.59356 -6.3344054 -41.796738
v 109.38578 -9.114807 -40.234703
v 107.7264 -2.059765 -37.238396
v 109.42265 -8.867489 -38.103943
v 107.95955 -6.267623 -37.421753
v 110.728455 -6.194762 -37.530365
v 111.0698 -2.1158726 -37.355316
v 110.95019 1.2623291 -37.439026
v 113.98103 -2.1692908 -41.392464
v 113.24456 -5.8972363 -40.804688
v 112.00092 -8.463344 -40.134743
v 111.8606 -8.493916 -38.437073
v 113.93993 -6.061151 -39.83406
v 113.16238 -5.968895 -37.834694
v 114.309456 -2.2362611 -37.7164
v 115.086914 -2.230132 -39.420166
v 113.84681 0.7285904 -37.58992
v 114.20694 1.5123795 -39.375633
v 113.03375 3.2965684 -37.91594
v 112.76393 3.890368 -39.33033
v 113.34105 2.3584309 -40.687263
v -69.74334 1.3452471 -35.736115
v -69.70074 -1.2703142 -34.786514
v -77.77592 -1.6247337 -35.043312
v -69.6989 -3.9640183 -35.60794
v -77.8724 1.2159157 -36.1903
v -69.93589 3.3976057 -38.144043
v -77.984116 -4.3127446 -35.99546
v -69.83686 -6.121737 -37.884964
v -76.87733 3.4568279 -38.157455
v -77.04641 3.3549416 -41.38645
v -70.10535 3.1732984 -41.648712
v -70.12227 0.49820396 -43.792435
v -78.04435 1.0619569 -43.114105
v -70.102196 -3.5100708 -43.68457
v -80.162964 3.3497672 -41.560852
v -79.91762 3.4491868 -37.79712
v -81.32659 1.2524916 -36.241615
v -77.86974 -4.312694 -42.97043
v -82.36301 1.0915762 -42.86525
v -82.331245 3.5953906 -41.047325
v -82.03186 3.657268 -37.695366
v -76.96477 -6.3462462 -41.117256
v -69.998116 -6.0687222 -41.3926
v -76.78749 -6.273403 -37.882866
v -80.04621 -6.436819 -41.300995
v -79.818954 -6.3474755 -37.55758
v -82.329704 -4.324008 -42.71837
v -85.47584 4.4564824 -40.58706
v -81.39794 -4.8285584 -35.968758
v -82.25249 -6.7366147 -40.814034
v -85.47014 -7.3064322 -40.414406
v -82.07257 -6.5532246 -37.62709
v -87.73658 1.0944347 -42.49008
v -81.54839 -1.9232109 -35.178093
v -83.97417 -2.07487 -35.226326
v -84.23948 1.2345463 -35.695854
v -84.09537 -5.033667 -35.56993
v -84.82505 -7.000389 -36.888153
v -87.545204 -5.611419 -35.483414
v -87.78876 -4.808575 -42.507584
v -84.76915 4.3672514 -36.79294
v -87.48852 -2.151139 -35.002235
v -87.56312 -8.221858 -36.41426
v -90.0593 -9.0004015 -35.971825
v -87.57356 -8.222297 -39.3779
v -87.72694 -7.1280146 -41.120544
v -90.07416 -9.000828 -39.11126
v -90.28256 -6.659517 -41.566437
v -90.53129 -6.0363665 -35.264534
v -90.77479 -2.5067666 -42.660294
v -90.34823 4.643625 -41.418495
v -95.42213 3.9524064 -41.522842
v -91.9293 -8.995268 -39.105583
v -95.28584 -2.395433 -42.585083
v -87.70137 4.302732 -40.919342
v -87.08238 6.401051 -38.84468
v -94.68934 -6.8401875 -41.390495
v -88.66113 7.928036 -37.993126
v -93.81395 -9.1891165 -36.43129
v -94.10643 -9.241265 -39.190414
v -93.77727 -6.4192386 -35.50791
v -90.943344 -2.3005724 -34.568672
v -91.2343 0.8638697 -33.028107
v -94.2065 -2.2622075 -35.42401
v -95.450645 -6.462137 -35.960747
v -87.45311 0.8778372 -34.276535
v -86.42712 2.3357873 -34.146812
v -89.85362 2.424205 -33.001953
v -86.7154 5.4679465 -36.206703
v -88.69319 4.347547 -33.475555
v -88.25118 6.9145727 -35.480362
v -91.447296 3.7005491 -33.17016
v -90.4828 5.6956334 -33.61618
v -89.94092 8.155058 -35.16764
v -90.36 9.401596 -37.509087
v -93.04295 2.350943 -34.04032
v -95.41714 6.2438803 -34.039276
v -94.56151 2.1170633 -34.94158
v -93.90266 7.918758 -33.635498
v -96.171364 4.9932823 -35.196632
v -97.39117 4.9852386 -36.43396
v -96.55661 1.7841548 -35.50611
v -96.26353 7.196913 -34.30847
v -95.98496 -2.2112784 -35.770775
v -96.93514 6.3636045 -35.623688
v -98.10546 8.3035345 -34.829315
v -94.97456 8.596778 -33.6464
v -92.66163 9.618819 -34.80443
v -94.00097 10.4943495 -34.59337
v -92.51446 10.656805 -36.92491
v -93.99495 11.445992 -36.673172
v -91.86198 7.283566 -40.484398
v -93.95301 8.787299 -39.565094
v -92.58879 5.6303573 -41.053024
v -93.98142 5.907801 -40.40522
v -95.663284 6.150097 -39.24037
v -96.02076 11.893476 -34.312847
v -95.928795 12.525149 -36.305035
v -95.50849 9.807547 -38.98078
v -96.73186 6.996296 -38.336517
v -97.13706 5.8641186 -38.822777
v -97.15815 9.908067 -33.48893
v -98.87856 10.997086 -33.044716
v -97.97271 12.917033 -34.066586
v -97.20636 4.084972 -41.562057
v -97.048935 -2.3009624 -42.64
v -96.56173 -6.924242 -41.480858
v -95.82557 -9.347676 -39.503242
v -95.48445 -9.309144 -36.901505
v -97.12403 -6.505036 -36.413605
v -98.50418 5.6614866 -38.91912
v -98.9906 4.217539 -41.60128
v -98.81202 -2.2064908 -42.6949
v -98.43413 -7.008295 -41.571236
v -97.54472 -9.454087 -39.81607
v -97.15497 -9.4291725 -37.37171
v -100.51154 -9.366505 -40.206398
v -100.926796 -9.357855 -38.098145
v -98.326645 8.627525 -37.475037
v -98.50451 4.811123 -36.977844
v -97.17422 10.926967 -38.489403
v -97.9335 13.655001 -36.095036
v -99.409996 12.001088 -38.08711
v -101.77783 10.738147 -36.939835
v -98.0855 1.6675555 -36.056953
v -101.317955 10.421765 -34.566048
v -100.31064 11.834842 -32.864254
v -99.47551 13.706015 -33.906055
v -99.52579 14.43575 -35.895245
v -97.49311 -2.242131 -36.130264
v -101.20081 -6.376651 -37.26552
v -101.31646 -2.1161048 -37.029984
v -100.90297 12.840876 -37.807285
v -101.53882 1.4604472 -37.05738
v -101.78373 4.6507654 -37.520767
v -101.47164 5.450667 -39.10547
v -101.55705 4.1021137 -41.601593
v -101.19711 -2.1584177 -42.700485
v -102.44168 4.062329 -41.601685
v -100.78845 -6.8903327 -41.637245
v -102.221146 -2.1377754 -42.702866
v -101.92637 -9.35987 -40.215935
v -101.94019 -6.832625 -41.669563
v -102.20336 -9.350668 -38.112083
v -104.31406 -9.350555 -40.229324
v -102.375084 -6.365382 -37.28414
v -106.34859 -9.323298 -38.16507
v -102.44997 -2.1040535 -37.057304
v -106.24353 -6.322466 -37.354965
v -102.60282 1.4632055 -37.09617
v -106.234314 -2.0581527 -37.161293
v -102.788055 4.642161 -37.56711
v -106.344025 1.473713 -37.24398
v -102.58456 5.4171147 -39.135246
v -104.084946 4.006466 -41.60183
v -104.54836 5.3700047 -39.177063
v -104.06012 -2.108794 -42.706207
v -106.7091 4.60939 -37.74357
v -106.40904 3.7953918 -41.6024
v -103.95849 -6.751597 -41.71489
v -106.71439 5.28934 -39.248688
v -106.438255 -2.0111046 -42.717514
v -106.26559 -9.334608 -40.25225
v -106.20504 -6.494901 -41.85852
v -108.028366 1.4201287 -37.32795
v -109.722595 4.080806 -37.76995
v -109.783104 4.961678 -39.310944
v -109.75208 3.5802245 -41.551178
v -109.80325 -2.0215142 -42.607285
v -109.59356 -6.3344054 -41.796738
v -109.38578 -9.114807 -40.234703
v -107.7264 -2.059765 -37.238396
v -109.42265 -8.867489 -38.103943
v -107.95955 -6.267623 -37.421753
v -110.728455 -6.194762 -37.530365
v -111.0698 -2.1158726 -37.355316
v -110.95019 1.2623291 -37.439026
v -113.98103 -2.1692908 -41.392464
v -113.24456 -5.8972363 -40.804688
v -112.00092 -8.463344 -40.134743
v -111.8606 -8.493916 -38.437073
v -113.93993 -6.061151 -39.83406
v -113.16238 -5.968895 -37.834694
v -114.309456 -2.2362611 -37.7164
v -115.086914 -2.230132 -39.420166
v -113.84681 0.7285904 -37.58992
v -114.20694 1.5123795 -39.375633
v -113.03375 3.2965684 -37.91594
v -112.76393 3.890368 -39.33033
v -113.34105 2.3584309 -40.687263
v 101.20196 15.302863 -35.634167
v 102.66344 13.826098 -37.48051
v 101.18672 14.715821 -33.511806
v 103.46047 11.71204 -36.58607
v 102.07841 12.825973 -32.461445
v 103.01805 11.295117 -34.174133
v 102.551605 15.245647 -33.653324
v 102.50157 15.6367445 -35.183125
v 103.849976 13.861583 -32.92648
v 104.17965 14.552366 -36.381573
v 104.35534 12.222657 -34.37395
v 104.470695 12.627711 -35.93539
v -101.20196 15.302863 -35.634167
v -102.66344 13.826098 -37.48051
v -101.18672 14.715821 -33.511806
v -103.46047 11.71204 -36.58607
v -102.07841 12.825973 -32.461445
v -103.01805 11.295117 -34.174133
v -102.551605 15.245647 -33.653324
v -102.50157 15.6367445 -35.183125
v -103.849976 13.861583 -32.92648
v -104.17965 14.552366 -36.381573
v -104.35534 12.222657 -34.37395
v -104.470695 12.627711 -35.93539
v 30.273743 32.475494 81.83967
v 33.21456 47.413963 85.864944
v 26.17775 32.746296 81.999535
v -30.273743 32.475494 81.83967
v -26.17775 32.746296 81.999535
v -33.21456 47.413963 85.864944
v 24.08334 8.468428 0.01109939
v 18.513878 12.715009 -10.587139
v 22.753643 8.450174 -9.305703
v 20.149113 13.143235 -0.4211638
v 25.571434 7.3687677 6.304713
v 14.093422 16.92723 -1.1931866
v 12.752312 16.57743 -11.256175
v 15.469547 16.527515 7.000489
v 21.146622 11.978362 6.6566067
v 26.641304 6.5212784 12.693011
v 21.854351 11.822687 13.821821
v 15.91185 17.047537 14.957093
v 27.64532 6.3434734 17.940268
v 17.336994 18.183775 19.86211
v 23.46257 11.757874 18.624979
v 24.810291 11.648105 23.169348
v 18.72488 19.07342 24.359524
v 28.61309 6.301986 21.806276
v 19.628445 19.057734 28.691988
v 25.993172 11.715435 26.915144
v 29.663437 5.948014 25.094511
v 20.419025 18.970692 33.2684
v 27.207157 12.360441 31.170858
v 21.904102 18.253914 39.20309
v 30.744095 5.8415117 29.42028
v 29.003582 12.767746 36.297527
v 32.392254 5.9533606 34.526047
v 31.067284 13.187837 42.14184
v 34.20946 6.3369913 40.641647
v 23.183685 18.971306 44.61041
v 21.904102 18.253914 39.20309
v 13.658691 16.156307 -29.318508
v 8.092583 17.600842 -25.801352
v 14.279906 16.15424 -33.73096
v 12.576401 15.722885 -21.178734
v 7.969124 17.604153 -25.39187
v 12.183281 15.903555 -21.074898
v 11.890144 16.215874 -16.183332
v 3.356987 17.682035 -26.867098
v 3.4675064 17.664415 -27.281397
v -0 17.625193 -26.620607
v 0.17192078 17.608585 -27.039885
v -0 17.60229 -27.024633
v -0.17192078 17.608585 -27.039885
v -3.4675064 17.664415 -27.281397
v -3.356987 17.682035 -26.867098
v -8.092583 17.600842 -25.801352
v -7.969124 17.604153 -25.39187
v -12.576401 15.722885 -21.178734
v -12.183281 15.903555 -21.074898
v -11.890144 16.215874 -16.183332
v -13.658691 16.156307 -29.318508
v -14.279906 16.15424 -33.73096
v -7.2564087 17.480608 -16.186628
v -7.055237 19.491293 -16.749554
v -12.796585 17.894934 -16.550098
v -18.28901 13.085231 -15.597635
v -0 20.371538 -16.720661
v -0 18.531519 -16.343567
v 7.2564087 17.480608 -16.186628
v 7.055237 19.491293 -16.749554
v -6.852112 19.211407 -11.381934
v 12.796585 17.894934 -16.550098
v 18.28901 13.085231 -15.597635
v 6.852112 19.211407 -11.381934
v -18.593857 14.391736 -15.943365
v -23.342003 8.751811 -14.715463
v 18.593857 14.391736 -15.943365
v 23.342003 8.751811 -14.715463
v -12.846756 17.13099 -11.3215685
v 12.846756 17.13099 -11.3215685
v -23.528755 9.498399 -14.699591
v -18.704048 13.810499 -10.517
v -25.341106 3.0321069 -13.9453125
v -24.305725 8.424412 -20.179234
v -26.200798 2.615204 -19.48604
v -24.883293 7.2263556 -24.221296
v -26.424461 1.3668214 -22.623077
v -25.368456 6.568438 -27.058746
v -25.409466 3.345225 -13.72533
v -21.903801 -4.7683706 -13.289371
v -22.169775 -6.248968 -19.220642
v -22.143358 -6.7864113 -24.79074
v -22.486448 -7.717177 -28.239363
v -23.072792 9.1672535 -9.132715
v -22.902702 -5.2832394 -12.6607275
v -18.142235 -9.5256405 -12.320433
v -27.042994 0.89379436 -24.373545
v -25.6847 3.2736433 -7.6781774
v -18.248943 -10.939526 -12.128986
v -12.724365 -12.621649 -11.620398
v -22.833717 -5.06123 -7.227214
v -18.513878 12.715009 -10.587139
v -22.753643 8.450174 -9.305703
v -12.752312 16.57743 -11.256175
v -24.75729 3.821096 -8.076806
v -24.08334 8.468428 0.01109939
v -6.9946136 18.492317 -11.444583
v -14.093422 16.92723 -1.1931866
v -26.045551 2.406777 -0.71863216
v -25.571434 7.3687677 6.304713
v -0 18.983486 -11.640328
v -0 19.815777 -11.54992
v -7.0252457 18.188744 -1.6699706
v -15.469547 16.527515 7.000489
v 6.9946136 18.492317 -11.444583
v -0 20.109781 -1.151935
v -27.501297 0.8728797 5.6355476
v -26.641304 6.5212784 12.693011
v -7.510666 18.23164 6.9908648
v -0 19.673563 7.9975286
v -0 20.041988 16.370235
v -8.539001 19.168192 15.884755
v -15.91185 17.047537 14.957093
v -17.336994 18.183775 19.86211
v 7.0252457 18.188744 -1.6699706
v -9.118309 19.316198 20.962818
v -9.789108 19.475037 25.375896
v -18.72488 19.07342 24.359524
v 7.510666 18.23164 6.9908648
v -0 20.065044 22.263523
v -10.321098 19.910383 29.888348
v -19.628445 19.057734 28.691988
v -9.534958 19.668491 34.747715
v -20.419025 18.970692 33.2684
v -11.106796 18.836452 40.54726
v -21.904102 18.253914 39.20309
v -11.539078 19.312983 45.758755
v -23.183685 18.971306 44.61041
v 15.469547 16.527515 7.000489
v 14.093422 16.92723 -1.1931866
v 12.752312 16.57743 -11.256175
v 8.539001 19.168192 15.884755
v 15.91185 17.047537 14.957093
v 17.336994 18.183775 19.86211
v 18.704048 13.810499 -10.517
v 18.513878 12.715009 -10.587139
v 9.118309 19.316198 20.962818
v 9.789108 19.475037 25.375896
v 18.72488 19.07342 24.359524
v 23.072792 9.1672535 -9.132715
v 22.753643 8.450174 -9.305703
v 23.528755 9.498399 -14.699591
v 25.341106 3.0321069 -13.9453125
v 24.305725 8.424412 -20.179234
v 25.409466 3.345225 -13.72533
v 25.6847 3.2736433 -7.6781774
v 26.200798 2.615204 -19.48604
v 24.883293 7.2263556 -24.221296
v 21.903801 -4.7683706 -13.289371
v 26.424461 1.3668214 -22.623077
v 25.368456 6.568438 -27.058746
v 22.169775 -6.248968 -19.220642
v 22.143358 -6.7864113 -24.79074
v 22.486448 -7.717177 -28.239363
v 22.902702 -5.2832394 -12.6607275
v 18.142235 -9.5256405 -12.320433
v 24.75729 3.821096 -8.076806
v 24.08334 8.468428 0.01109939
v 18.248943 -10.939526 -12.128986
v 12.724365 -12.621649 -11.620398
v 22.833717 -5.06123 -7.227214
v 27.042994 0.89379436 -24.373545
v 26.045551 2.406777 -0.71863216
v 25.571434 7.3687677 6.304713
v 27.501297 0.8728797 5.6355476
v 26.641304 6.5212784 12.693011
v 23.654343 -5.0213013 -1.5411712
v 25.021664 -5.732834 4.848138
v 21.752625 -4.1834846 -7.402683
v 26.062767 -6.8466253 10.642968
v 18.615204 -10.277517 -6.7846317
v 17.810379 -9.235099 -7.049647
v 29.38108 -0.22813681 11.494965
v 27.712193 -7.2131605 16.509203
v 29.977226 -1.1454966 16.688438
v 27.64532 6.3434734 17.940268
v 28.410065 -7.077349 21.126368
v 31.068802 -0.9590909 20.712029
v 28.61309 6.301986 21.806276
v 29.663437 5.948014 25.094511
v 31.558144 -0.92619073 24.303024
v 29.432816 -6.9074645 25.35071
v 30.744095 5.8415117 29.42028
v 32.295975 -0.6212023 28.866974
v 30.16565 -6.8800864 29.950258
v 32.392254 5.9533606 34.526047
v 33.32128 -0.1623327 34.148125
v 31.423134 -6.602656 35.166817
v 34.20946 6.3369913 40.641647
v 34.85912 0.26053086 40.355278
v 32.404564 -6.551156 41.492996
v 35.8207 7.094 47.137375
v 36.376152 0.94194126 46.78755
v 32.69051 13.9585 48.317905
v 31.067284 13.187837 42.14184
v 23.183685 18.971306 44.61041
v 34.389046 -5.768451 47.412987
v 27.94923 -15.511776 49.262455
v 26.961143 -15.667748 43.186108
v 20.193436 -21.703743 45.23749
v 37.384796 7.640726 52.757935
v 37.768475 1.5332694 52.638725
v 34.29044 14.417249 53.68043
v 35.550915 -5.207156 53.331787
v 38.22 7.8877506 58.49328
v 35.29145 14.59885 59.340343
v 38.428673 1.9209085 58.40442
v 26.375778 20.084772 55.690434
v 27.400528 20.0828 60.976505
v 24.791222 19.734085 50.49615
v 36.03115 15.57149 65.5447
v 39.01094 8.71659 64.96072
v 27.770065 20.870075 67.38621
v 39.56627 2.6686754 64.8536
v 16.509792 21.614527 67.714226
v 36.09805 -4.628948 59.03298
v 36.863693 -4.1973867 64.70268
v 13.6022415 20.224276 61.916615
v 13.935928 21.784693 67.663795
v -0 22.759914 67.4947
v 28.746742 -15.212528 55.085415
v 29.152378 -14.589576 60.733837
v 29.58593 -14.483034 66.395645
v 12.846954 20.215055 56.641376
v -0 21.780697 61.854313
v 20.729095 -21.953896 51.148434
v 21.205822 -21.95144 56.786343
v 21.550705 -21.363722 62.174595
v 21.679829 -21.601442 67.467155
v 12.421371 19.941183 51.32385
v 15.444824 -23.643728 63.12084
v 15.311047 -24.215034 68.08327
v 15.184402 -24.031637 58.00777
v 14.839127 -23.938139 52.819355
v 14.455269 -23.582487 46.797024
v 9.4904175 -23.957895 64.313995
v 9.387749 -24.552242 69.12248
v 8.943268 -24.256521 59.470844
v 8.750099 -24.096626 54.150738
v -0 -23.20717 66.22767
v -0 -23.929348 70.65829
v -9.387749 -24.552242 69.12248
v -0 -23.409264 61.375065
v -9.4904175 -23.957895 64.313995
v -15.311047 -24.215034 68.08327
v -0 -23.229244 55.941822
v 8.511406 -23.842787 48.23744
v -8.943268 -24.256521 59.470844
v -15.444824 -23.643728 63.12084
v -21.679829 -21.601442 67.467155
v -0 -23.135176 49.8949
v -8.750099 -24.096626 54.150738
v -15.184402 -24.031637 58.00777
v -21.550705 -21.363722 62.174595
v -29.58593 -14.483034 66.395645
v -29.152378 -14.589576 60.733837
v -36.863693 -4.1973867 64.70268
v -21.205822 -21.95144 56.786343
v -14.839127 -23.938139 52.819355
v -8.511406 -23.842787 48.23744
v -0 -22.907644 43.71137
v -36.09805 -4.628948 59.03298
v -39.56627 2.6686754 64.8536
v -28.746742 -15.212528 55.085415
v -20.729095 -21.953896 51.148434
v -14.455269 -23.582487 46.797024
v -38.428673 1.9209085 58.40442
v -39.01094 8.71659 64.96072
v -35.550915 -5.207156 53.331787
v -27.94923 -15.511776 49.262455
v -38.22 7.8877506 58.49328
v -36.03115 15.57149 65.5447
v -37.768475 1.5332694 52.638725
v -35.29145 14.59885 59.340343
v -27.770065 20.870075 67.38621
v -8.127838 -23.331507 42.179523
v -20.193436 -21.703743 45.23749
v -13.399147 -23.07634 40.83292
v -26.961143 -15.667748 43.186108
v -19.530453 -21.196465 39.292973
v -32.404564 -6.551156 41.492996
v -12.458092 -22.362137 35.410946
v -18.345776 -20.566803 33.822727
v -7.340393 -22.737206 36.513462
v -0 -22.538952 37.84405
v -11.50441 -21.552708 30.523182
v -17.442863 -19.655527 29.010998
v -6.6664963 -22.034187 31.58971
v -10.71167 -20.534868 24.64719
v -16.619846 -18.538286 24.052654
v -5.9037094 -21.172434 25.45074
v -10.159821 -19.439043 19.82677
v -15.813656 -17.638315 19.052921
v -14.907959 -15.776176 9.81021
v -0 -21.976131 32.601505
v 8.127838 -23.331507 42.179523
v 7.340393 -22.737206 36.513462
v 13.399147 -23.07634 40.83292
v 19.530453 -21.196465 39.292973
v 12.458092 -22.362137 35.410946
v 18.345776 -20.566803 33.822727
v -0 -21.269564 27.480183
v 6.6664963 -22.034187 31.58971
v 11.50441 -21.552708 30.523182
v 17.442863 -19.655527 29.010998
v 5.9037094 -21.172434 25.45074
v 10.71167 -20.534868 24.64719
v 16.619846 -18.538286 24.052654
v 10.159821 -19.439043 19.82677
v 15.813656 -17.638315 19.052921
v 14.907959 -15.776176 9.81021
v -0 -20.630121 21.208637
v 5.4907074 -20.34686 20.358498
v -0 -19.296001 11.056342
v -5.4907074 -20.34686 20.358498
v 9.689743 -17.772495 9.915282
v -9.689743 -17.772495 9.915282
v 5.019745 -18.99171 10.372981
v 4.640518 -17.334852 3.6534681
v 8.537041 -16.628742 3.9194095
v 13.678879 -14.503671 4.012461
v 7.9769516 -14.830772 -2.6680236
v 13.066956 -12.790907 -2.5695207
v 7.8439026 -14.312416 -6.7316413
v 12.916176 -12.350255 -6.649309
v -5.019745 -18.99171 10.372981
v -4.640518 -17.334852 3.6534681
v -0 -17.9642 3.3982573
v 3.6589508 -16.24826 -2.9906323
v -0 -16.739222 -2.939172
v -8.537041 -16.628742 3.9194095
v -13.678879 -14.503671 4.012461
v -7.9769516 -14.830772 -2.6680236
v -13.066956 -12.790907 -2.5695207
v -3.6589508 -16.24826 -2.9906323
v -7.8439026 -14.312416 -6.7316413
v -12.916176 -12.350255 -6.649309
v -0 -15.89406 -6.695688
v 3.104782 -15.402261 -6.7437797
v -3.104782 -15.402261 -6.7437797
v -0 -17.41071 -7.0503855
v 2.9227753 -16.900507 -7.029538
v -2.9227753 -16.900507 -7.029538
v -7.95105 -15.665785 -6.937982
v -0 -17.883852 -11.321013
v 7.95105 -15.665785 -6.937982
v -12.933205 -13.636613 -6.670072
v -17.810379 -9.235099 -7.049647
v -2.8519897 -17.40853 -11.353072
v -0 -16.015175 -11.165639
v 2.8519897 -17.40853 -11.353072
v 12.933205 -13.636613 -6.670072
v -7.547859 -16.00675 -11.400094
v -18.615204 -10.277517 -6.7846317
v -21.752625 -4.1834846 -7.402683
v 7.547859 -16.00675 -11.400094
v 12.7335205 -14.119984 -11.488493
v 2.7439728 -15.561356 -11.236764
v 7.722885 -14.285671 -11.313557
v 7.8006134 -14.859236 -22.218987
v 13.941437 -13.045384 -22.128925
v 7.3952484 -16.073452 -32.128735
v 3.6325455 -15.900185 -22.18111
v 11.230644 -14.741856 -32.65038
v 10.865364 -15.271399 -37.982483
v 14.418301 -13.37305 -31.247587
v 14.5295925 -13.933739 -38.715107
v 14.541435 -13.600161 -41.62616
v 10.777437 -15.106528 -40.822655
v 10.710834 -14.2637615 -44.06143
v 6.8870926 -16.4808 -40.39034
v 14.469881 -12.706179 -44.87539
v 14.794894 -10.539103 -47.96182
v 7.1386566 -16.614214 -37.334736
v 3.34449 -17.510942 -37.041336
v 3.4799728 -16.99501 -31.842932
v -0 -17.25462 -31.75057
v -0 -16.252071 -22.084957
v -3.6325455 -15.900185 -22.18111
v -2.7439728 -15.561356 -11.236764
v -7.722885 -14.285671 -11.313557
v -7.8006134 -14.859236 -22.218987
v -7.3952484 -16.073452 -32.128735
v -12.7335205 -14.119984 -11.488493
v -23.654343 -5.0213013 -1.5411712
v -25.021664 -5.732834 4.848138
v -13.941437 -13.045384 -22.128925
v -26.062767 -6.8466253 10.642968
v -29.38108 -0.22813681 11.494965
v -27.712193 -7.2131605 16.509203
v -29.977226 -1.1454966 16.688438
v -27.64532 6.3434734 17.940268
v -28.410065 -7.077349 21.126368
v -31.068802 -0.9590909 20.712029
v -28.61309 6.301986 21.806276
v -29.663437 5.948014 25.094511
v -31.558144 -0.92619073 24.303024
v -29.432816 -6.9074645 25.35071
v -30.744095 5.8415117 29.42028
v -32.295975 -0.6212023 28.866974
v -30.16565 -6.8800864 29.950258
v -32.392254 5.9533606 34.526047
v -33.32128 -0.1623327 34.148125
v -31.423134 -6.602656 35.166817
v -34.20946 6.3369913 40.641647
v -34.85912 0.26053086 40.355278
v -35.8207 7.094 47.137375
v -36.376152 0.94194126 46.78755
v -32.69051 13.9585 48.317905
v -31.067284 13.187837 42.14184
v -34.389046 -5.768451 47.412987
v -37.384796 7.640726 52.757935
v -34.29044 14.417249 53.68043
v -27.400528 20.0828 60.976505
v -16.509792 21.614527 67.714226
v -26.375778 20.084772 55.690434
v -13.6022415 20.224276 61.916615
v -13.935928 21.784693 67.663795
v -24.791222 19.734085 50.49615
v -12.846954 20.215055 56.641376
v -12.421371 19.941183 51.32385
v -0 21.876802 56.664417
v -0 21.625023 51.625675
v -0 20.920906 46.271282
v 11.539078 19.312983 45.758755
v 21.904102 18.253914 39.20309
v 11.106796 18.836452 40.54726
v 20.419025 18.970692 33.2684
v -0 20.36751 41.34271
v 9.534958 19.668491 34.747715
v 19.628445 19.057734 28.691988
v -0 20.444574 36.270596
v 10.321098 19.910383 29.888348
v -0 20.474638 31.727016
v -0 20.332445 26.59718
v 21.797766 -1.4178349 -50.986332
v 26.36603 -2.1998 -50.447605
v 26.54332 3.5060945 -49.09436
v 22.297964 3.4074326 -49.280758
v 15.756627 -1.254984 -50.3803
v 16.167202 3.598271 -49.583797
v 16.529253 7.740679 -47.36214
v 22.131054 5.7414856 -47.391106
v 16.229525 10.179601 -44.35328
v 21.503788 8.517681 -43.580444
v 26.86455 6.3105264 -44.390858
v 20.804579 11.114747 -39.221855
v 26.404041 8.1949 -39.40686
v 14.982209 13.67587 -38.576656
v 25.886295 10.080348 -33.350674
v 20.255224 12.32852 -33.67936
v 14.279906 16.15424 -33.73096
v 13.658691 16.156307 -29.318508
v 19.597763 13.051644 -29.1076
v 25.368456 6.568438 -27.058746
v 24.883293 7.2263556 -24.221296
v 24.305725 8.424412 -20.179234
v 18.67625 12.633953 -20.524712
v 12.576401 15.722885 -21.178734
v 23.342003 8.751811 -14.715463
v 11.890144 16.215874 -16.183332
v 18.28901 13.085231 -15.597635
v 16.167202 3.598271 -49.583797
v 16.529253 7.740679 -47.36214
v 11.683197 8.885052 -46.970463
v 13.958644 3.6519375 -49.557457
v 15.756627 -1.254984 -50.3803
v 11.1235895 3.37273 -49.904263
v 12.675827 -0.8978445 -50.45157
v 10.771658 -0.5533385 -50.955822
v 8.9637785 0.26243746 -51.644093
v 9.000685 3.410536 -50.817608
v 9.405916 7.8490167 -48.516754
v 9.6814995 14.074211 -40.582928
v 7.946266 11.781022 -43.288887
v 6.6455 16.199808 -35.623875
v 5.091741 14.816252 -38.475273
v 3.774414 17.490065 -31.731974
v 2.7274246 16.600029 -34.874462
v -0 17.362883 -31.204256
v 0.17192078 17.608585 -27.039885
v -0 17.60229 -27.024633
v 3.4675064 17.664415 -27.281397
v 8.092583 17.600842 -25.801352
v 8.0086975 17.195118 -32.970768
v 8.092583 17.600842 -25.801352
v 14.279906 16.15424 -33.73096
v 8.092583 17.600842 -25.801352
v 10.5177 15.457798 -37.016747
v 14.982209 13.67587 -38.576656
v 12.7713175 12.282548 -42.487965
v 16.229525 10.179601 -44.35328
v 16.529253 7.740679 -47.36214
v 23.654343 -5.0213013 -1.5411712
v 21.752625 -4.1834846 -7.402683
v 17.810379 -9.235099 -7.049647
v 18.53975 -9.980315 -1.9995215
v 25.021664 -5.732834 4.848138
v 13.066956 -12.790907 -2.5695207
v 12.916176 -12.350255 -6.649309
v 13.678879 -14.503671 4.012461
v 19.307869 -10.94134 4.1825314
v 14.907959 -15.776176 9.81021
v 26.062767 -6.8466253 10.642968
v 20.476479 -12.173759 10.05541
v 15.813656 -17.638315 19.052921
v 21.690086 -12.987414 17.944391
v 27.712193 -7.2131605 16.509203
v 28.410065 -7.077349 21.126368
v 22.528778 -13.479513 22.455359
v 16.619846 -18.538286 24.052654
v 29.432816 -6.9074645 25.35071
v 23.376831 -14.167843 27.111696
v 17.442863 -19.655527 29.010998
v 30.16565 -6.8800864 29.950258
v 24.247963 -15.270153 32.007465
v 18.345776 -20.566803 33.822727
v 31.423134 -6.602656 35.166817
v 25.717316 -15.523466 37.29955
v 32.404564 -6.551156 41.492996
v 19.530453 -21.196465 39.292973
v 26.961143 -15.667748 43.186108
v 20.193436 -21.703743 45.23749
v -0 18.007555 -19.800074
v -0 17.625193 -26.620607
v 3.356987 17.682035 -26.867098
v 7.969124 17.604153 -25.39187
v 8.077728 17.196768 -20.859215
v -0 18.531519 -16.343567
v 12.183281 15.903555 -21.074898
v 7.2564087 17.480608 -16.186628
v 11.890144 16.215874 -16.183332
v 10.771658 -0.5533385 -50.955822
v 8.9637785 0.26243746 -51.644093
v 9.074504 -2.357382 -51.69813
v 10.525891 -3.8359966 -51.017517
v 12.543154 -4.928323 -50.079792
v 12.675827 -0.8978445 -50.45157
v 15.756627 -1.254984 -50.3803
v 15.284475 -5.782317 -49.669052
v 7.976626 -4.6394567 -51.6119
v 9.073105 -6.6095443 -50.920403
v 6.6301775 -6.3664756 -51.526596
v 10.95415 -8.200278 -49.511818
v 8.18361 -10.420887 -49.26115
v 7.1402483 -8.627398 -50.807514
v 4.703042 -7.545019 -51.440067
v 4.7315536 -10.019214 -50.699688
v 2.4758594 -8.294335 -51.37606
v 9.9784355 -12.690359 -47.03539
v 5.988968 -14.065592 -46.90563
v 5.070905 -11.796671 -49.14289
v 2.2758026 -12.72933 -49.079075
v 2.169643 -10.940504 -50.627228
v -0 -8.484657 -51.353107
v -0 -11.265421 -50.610104
v 6.5588837 -15.655744 -43.75632
v 2.9424438 -16.540075 -43.648502
v -2.169643 -10.940504 -50.627228
v -2.2758026 -12.72933 -49.079075
v -2.4758594 -8.294335 -51.37606
v -4.7315536 -10.019214 -50.699688
v -4.703042 -7.545019 -51.440067
v -0 -13.061754 -49.04662
v -0 -15.216917 -46.798466
v 2.6397934 -14.943079 -46.824543
v 3.1681137 -17.384144 -40.20928
v -0 -17.63334 -40.165226
v -7.1402483 -8.627398 -50.807514
v -8.18361 -10.420887 -49.26115
v -6.6301775 -6.3664756 -51.526596
v -9.073105 -6.6095443 -50.920403
v -7.976626 -4.6394567 -51.6119
v -0 -16.798819 -43.613483
v -2.9424438 -16.540075 -43.648502
v -0 -17.749205 -36.970676
v -3.34449 -17.510942 -37.041336
v -5.070905 -11.796671 -49.14289
v -5.988968 -14.065592 -46.90563
v -2.6397934 -14.943079 -46.824543
v -3.1681137 -17.384144 -40.20928
v -6.8870926 -16.4808 -40.39034
v -3.4799728 -16.99501 -31.842932
v -6.5588837 -15.655744 -43.75632
v -10.710834 -14.2637615 -44.06143
v -7.1386566 -16.614214 -37.334736
v -10.865364 -15.271399 -37.982483
v -9.9784355 -12.690359 -47.03539
v -14.794894 -10.539103 -47.96182
v -11.230644 -14.741856 -32.65038
v -14.418301 -13.37305 -31.247587
v -14.5295925 -13.933739 -38.715107
v -14.541435 -13.600161 -41.62616
v -10.777437 -15.106528 -40.822655
v -14.469881 -12.706179 -44.87539
v -10.95415 -8.200278 -49.511818
v -12.543154 -4.928323 -50.079792
v -15.284475 -5.782317 -49.669052
v -15.756627 -1.254984 -50.3803
v -12.675827 -0.8978445 -50.45157
v -10.771658 -0.5533385 -50.955822
v -10.525891 -3.8359966 -51.017517
v -9.074504 -2.357382 -51.69813
v -8.9637785 0.26243746 -51.644093
v 26.30186 -6.177011 -48.846096
v 26.36603 -2.1998 -50.447605
v 21.797766 -1.4178349 -50.986332
v 21.937693 -5.8634844 -49.66842
v 19.449354 -6.103988 -49.9629
v 15.756627 -1.254984 -50.3803
v 15.284475 -5.782317 -49.669052
v 14.794894 -10.539103 -47.96182
v 21.258001 -8.660988 -48.13183
v 18.526144 -9.746729 -48.089268
v 18.7627 -11.636171 -45.719456
v 14.469881 -12.706179 -44.87539
v 14.541435 -13.600161 -41.62616
v 22.376688 -9.768871 -46.56236
v 25.18354 -10.775515 -45.736423
v 19.381088 -12.548984 -42.816643
v 19.764076 -13.095674 -40.13202
v 14.5295925 -13.933739 -38.715107
v 14.418301 -13.37305 -31.247587
v 20.274006 -13.077553 -37.576965
v 24.804775 -11.489648 -43.088787
v 24.278448 -12.591538 -39.54202
v 21.130932 -12.120092 -35.043404
v 23.980669 -12.223756 -35.50687
v 22.985449 -9.49593 -31.613909
v 20.307146 -10.147251 -32.196083
v 22.486448 -7.717177 -28.239363
v 22.143358 -6.7864113 -24.79074
v 22.169775 -6.248968 -19.220642
v 16.514412 -9.886408 -20.96761
v 21.903801 -4.7683706 -13.289371
v 13.941437 -13.045384 -22.128925
v 18.142235 -9.5256405 -12.320433
v 12.724365 -12.621649 -11.620398
v 24.278448 -12.591538 -39.54202
v 31.30497 -11.494697 -42.803543
v 24.804775 -11.489648 -43.088787
v 30.29765 -12.593281 -39.328136
v 23.980669 -12.223756 -35.50687
v 38.236004 -11.474896 -42.071262
v 35.94856 -11.053008 -45.334427
v 29.46187 -12.220337 -35.270504
v 22.985449 -9.49593 -31.613909
v 37.186745 -12.56779 -38.51772
v 34.48273 -12.031978 -34.633957
v 39.010246 -10.771768 -44.822445
v 40.599667 -6.174118 -47.70765
v 32.944725 -9.195695 -30.986826
v 32.753704 -5.5496674 -26.99662
v 33.9638 1.3180104 -22.543428
v 33.48839 6.7204986 -25.33244
v 25.886295 10.080348 -33.350674
v 46.699 -11.448251 -41.144203
v 47.535175 -10.753794 -44.067978
v 49.1919 -6.1608543 -46.947327
v 45.568413 -12.529948 -37.43058
v 49.93833 -2.143776 -48.455513
v 41.319733 -2.1579506 -49.23933
v 44.598713 -12.137902 -33.027565
v 49.804226 3.364072 -45.988693
v 41.240337 3.3406467 -46.92966
v 43.384865 -9.05596 -28.972546
v 42.055817 -5.4004903 -25.224463
v 55.57679 -11.440024 -40.38267
v 54.348785 -12.512473 -36.51037
v 53.259785 -12.108031 -31.905535
v 52.326794 -9.627908 -27.745602
v 56.486538 -10.751882 -43.40392
v 58.213776 -6.16367 -46.36381
v 58.994423 -2.1489465 -47.92531
v 58.808212 3.3610919 -45.404457
v 65.18429 -10.20846 -31.008528
v 65.97757 -10.799433 -34.86586
v 66.79614 -10.184949 -38.30018
v 67.60813 -8.907648 -41.437126
v 68.62517 -5.9057536 -44.97407
v 69.205315 -2.3250556 -46.61275
v 64.49813 -7.8881426 -27.218578
v 58.162384 6.2975655 -39.810295
v 69.27059 1.6756312 -44.785194
v 49.293858 6.293956 -40.486786
v 40.852943 6.253663 -41.70501
v 34.869003 6.17743 -41.843742
v 76.19201 -5.7829556 -44.58012
v 76.78009 -2.1168578 -45.745136
v 76.84313 1.8736869 -44.153976
v 75.17676 -8.914757 -41.86228
v 74.36142 -10.240021 -39.07641
v 73.53177 -10.862593 -35.76705
v 72.72681 -10.281507 -32.058434
v 81.67652 -2.089925 -45.581566
v 81.12133 -5.5739355 -44.58842
v 80.17549 -8.582862 -42.35435
v 79.4185 -9.842857 -39.850002
v 81.7507 1.6691138 -44.23296
v 78.649216 -10.437919 -36.844604
v 80.63498 -1.8803952 -42.310635
v 80.2679 -4.1873517 -41.659996
v 80.676994 0.61012256 -41.36994
v 79.63832 -6.1776333 -40.151466
v 79.13329 -7.0077324 -38.454372
v 80.54856 2.3110564 -39.049786
v 78.61829 -7.398357 -36.415848
v 81.5685 4.2312045 -40.815624
v 80.306885 3.3051536 -36.042774
v 77.90468 -9.898138 -33.482037
v 78.12184 -7.0396385 -34.16586
v 76.621925 4.648614 -40.02637
v 81.21188 5.725724 -36.34482
v 79.65738 3.5740314 -32.413933
v 72.026985 -7.973359 -28.43368
v 77.26093 -7.729358 -30.223694
v 77.69572 -5.6038566 -32.017082
v 69.04128 4.5485396 -39.82995
v 76.21505 6.2761145 -34.923733
v 80.238976 6.1260724 -30.94103
v 79.18547 2.19736 -29.892897
v 64.704796 -4.3901014 -23.48159
v 72.24439 -4.5040984 -25.22078
v 57.462048 8.230027 -34.11482
v 68.61666 6.3538623 -33.46044
v 75.16676 6.7130995 -29.028149
v 79.53056 4.0451765 -27.164911
v 78.7503 -0.46528107 -29.04473
v 48.462532 8.096995 -34.849216
v 56.139366 9.2357855 -25.918875
v 67.5458 6.8456197 -26.810722
v 74.40724 4.5181255 -24.883892
v 78.87247 0.024163464 -25.873217
v 77.84604 -3.4451694 -30.180567
v 40.726032 7.9508095 -36.30976
v 47.250866 9.49783 -27.210182
v 55.113266 6.4031043 -21.268736
v 66.822464 4.6644764 -22.510727
v 73.71806 0.25593197 -23.569496
v 77.487526 -4.468716 -27.43787
v 66.15127 0.403131 -21.20841
v 54.331898 1.070637 -18.9834
v 52.114056 -5.9541197 -23.578747
v 42.579765 1.0770199 -20.77996
v 44.942528 6.6195316 -22.639185
v 36.867695 6.5962553 -24.477028
v 39.300518 9.367742 -28.87333
v 33.496105 9.755786 -30.70782
v 33.874523 7.893562 -37.850582
v 26.404041 8.1949 -39.40686
v 26.86455 6.3105264 -44.390858
v 34.869003 6.17743 -41.843742
v 26.404041 8.1949 -39.40686
v 26.54332 3.5060945 -49.09436
v 34.25604 3.3154733 -47.822895
v 26.36603 -2.1998 -50.447605
v 41.240337 3.3406467 -46.92966
v 34.29639 -2.1707308 -49.907448
v 26.30186 -6.177011 -48.846096
v 41.319733 -2.1579506 -49.23933
v 33.59248 -6.1856756 -48.33984
v 25.18354 -10.775515 -45.736423
v 40.599667 -6.174118 -47.70765
v 32.04566 -10.785156 -45.45766
v 24.804775 -11.489648 -43.088787
v 35.94856 -11.053008 -45.334427
v 31.30497 -11.494697 -42.803543
v 36.863693 -4.1973867 64.70268
v 41.51159 3.1692665 74.20186
v 39.56627 2.6686754 64.8536
v 38.500557 -4.480453 73.991455
v 48.13085 4.92218 79.70636
v 29.58593 -14.483034 66.395645
v 44.03969 -5.471679 79.23363
v 30.392147 -15.94005 75.778175
v 21.679829 -21.601442 67.467155
v 33.02259 -21.04211 81.26966
v 21.583687 -23.870914 76.156265
v 15.311047 -24.215034 68.08327
v 21.054325 -31.817972 80.93408
v 14.488007 -26.782808 76.423584
v 9.387749 -24.552242 69.12248
v 11.413254 -35.774433 80.89974
v 7.8886566 -27.158504 77.61738
v 2.446556 -36.284893 82.70264
v -0 -23.929348 70.65829
v -0 -26.464514 78.89423
v -0 -35.341953 82.86279
v -2.446556 -36.284893 82.70264
v -7.8886566 -27.158504 77.61738
v -9.387749 -24.552242 69.12248
v -11.413254 -35.774433 80.89974
v -14.488007 -26.782808 76.423584
v -15.311047 -24.215034 68.08327
v -21.054325 -31.817972 80.93408
v -21.583687 -23.870914 76.156265
v -21.679829 -21.601442 67.467155
v -33.02259 -21.04211 81.26966
v -30.392147 -15.94005 75.778175
v -29.58593 -14.483034 66.395645
v -44.03969 -5.471679 79.23363
v -38.500557 -4.480453 73.991455
v -48.13085 4.92218 79.70636
v -36.863693 -4.1973867 64.70268
v -41.51159 3.1692665 74.20186
v -39.56627 2.6686754 64.8536
v 41.51159 3.1692665 74.20186
v 48.13085 4.92218 79.70636
v 47.2902 14.077524 79.686295
v 40.892883 9.907457 74.26394
v 39.56627 2.6686754 64.8536
v 42.77939 24.454485 80.348854
v 39.01094 8.71659 64.96072
v 37.572994 17.544739 74.899025
v 30.273743 32.475494 81.83967
v 36.03115 15.57149 65.5447
v 28.369034 23.448082 76.76507
v 26.17775 32.746296 81.999535
v 27.770065 20.870075 67.38621
v 20.923164 23.94035 77.19571
v 12.836189 34.301647 81.78891
v 16.509792 21.614527 67.714226
v 12.95594 24.467085 76.956566
v 13.935928 21.784693 67.663795
v -0 35.336338 81.47224
v -0 25.55362 76.67005
v -0 22.759914 67.4947
v -13.935928 21.784693 67.663795
v -12.95594 24.467085 76.956566
v -12.836189 34.301647 81.78891
v -16.509792 21.614527 67.714226
v -20.923164 23.94035 77.19571
v -26.17775 32.746296 81.999535
v -27.770065 20.870075 67.38621
v -28.369034 23.448082 76.76507
v -30.273743 32.475494 81.83967
v -36.03115 15.57149 65.5447
v -37.572994 17.544739 74.899025
v -42.77939 24.454485 80.348854
v -39.01094 8.71659 64.96072
v -40.892883 9.907457 74.26394
v -39.56627 2.6686754 64.8536
v -47.2902 14.077524 79.686295
v -41.51159 3.1692665 74.20186
v -48.13085 4.92218 79.70636
v 26.17775 32.746296 81.999535
v 33.21456 47.413963 85.864944
v 13.915123 50.199783 85.864944
v 12.836189 34.301647 81.78891
v -0 51.52468 85.864944
v -0 35.336338 81.47224
v 42.77939 24.454485 80.348854
v 33.21456 47.413963 85.864944
v 30.273743 32.475494 81.83967
v 51.183796 35.888653 85.864944
v 47.2902 14.077524 79.686295
v 57.665337 20.9781 85.86496
v 48.13085 4.92218 79.70636
v 58.87326 7.8228803 85.86496
v 44.03969 -5.471679 79.23363
v 52.994713 -7.1119504 85.86496
v 33.02259 -21.04211 81.26966
v 37.164356 -29.484943 85.864975
v 21.054325 -31.817972 80.93408
v 19.967278 -44.968662 85.864975
v 11.413254 -35.774433 80.89974
v 6.1141205 -50.65366 85.864975
v 2.446556 -36.284893 82.70264
v -0 -51.387142 85.864975
v -0 -35.341953 82.86279
v -0 -50.03224 85.864975
v 11.090355 18.156736 -16.270386
v 12.430229 17.795956 -15.435649
v 12.692596 18.874414 -15.602595
v 11.352722 19.235195 -16.437336
v 12.430229 17.795956 -15.435649
v 12.801117 17.669228 -13.864467
v 13.063492 18.74769 -14.031413
v 12.692596 18.874414 -15.602595
v 12.801117 17.669228 -13.864467
v 11.985764 17.850798 -12.477233
v 12.248131 18.929253 -12.644176
v 13.063492 18.74769 -14.031413
v 11.985764 17.850798 -12.477233
v 10.461784 18.234295 -12.086585
v 10.724152 19.31275 -12.25365
v 12.248131 18.929253 -12.644176
v 10.461784 18.234295 -12.086585
v 9.12191 18.595078 -12.92129
v 9.384277 19.673532 -13.088233
v 10.724152 19.31275 -12.25365
v 9.12191 18.595078 -12.92129
v 8.751015 18.721798 -14.492457
v 9.013382 19.80026 -14.659404
v 9.384277 19.673532 -13.088233
v 9.828743 19.618692 -16.046654
v 11.352722 19.235195 -16.437336
v 12.692596 18.874414 -15.602595
v 9.013382 19.80026 -14.659404
v 13.063492 18.74769 -14.031413
v 9.384277 19.673532 -13.088233
v 12.248131 18.929253 -12.644176
v 10.724152 19.31275 -12.25365
v 8.751015 18.721798 -14.492457
v 9.566376 18.540234 -15.879706
v 9.828743 19.618692 -16.046654
v 9.013382 19.80026 -14.659404
v 9.566376 18.540234 -15.879706
v 11.090355 18.156736 -16.270386
v 11.352722 19.235195 -16.437336
v 9.828743 19.618692 -16.046654
v -24.08334 8.468428 0.01109939
v -22.753643 8.450174 -9.305703
v -18.513878 12.715009 -10.587139
v -20.149113 13.143235 -0.4211638
v -25.571434 7.3687677 6.304713
v -14.093422 16.92723 -1.1931866
v -12.752312 16.57743 -11.256175
v -15.469547 16.527515 7.000489
v -21.146622 11.978362 6.6566067
v -26.641304 6.5212784 12.693011
v -21.854351 11.822687 13.821821
v -15.91185 17.047537 14.957093
v -27.64532 6.3434734 17.940268
v -17.336994 18.183775 19.86211
v -23.46257 11.757874 18.624979
v -24.810291 11.648105 23.169348
v -18.72488 19.07342 24.359524
v -28.61309 6.301986 21.806276
v -19.628445 19.057734 28.691988
v -25.993172 11.715435 26.915144
v -29.663437 5.948014 25.094511
v -20.419025 18.970692 33.2684
v -27.207157 12.360441 31.170858
v -30.744095 5.8415117 29.42028
v -29.003582 12.767746 36.297527
v -32.392254 5.9533606 34.526047
v -22.17733 17.94593 38.774258
v -21.904102 18.253914 39.20309
v -31.067284 13.187837 42.14184
v -34.20946 6.3369913 40.641647
v -22.17733 17.94593 38.774258
v -21.904102 18.253914 39.20309
v -23.183685 18.971306 44.61041
v -21.797766 -1.4178349 -50.986332
v -26.54332 3.5060945 -49.09436
v -26.36603 -2.1998 -50.447605
v -22.297964 3.4074326 -49.280758
v -15.756627 -1.254984 -50.3803
v -16.167202 3.598271 -49.583797
v -16.529253 7.740679 -47.36214
v -22.131054 5.7414856 -47.391106
v -16.229525 10.179601 -44.35328
v -21.503788 8.517681 -43.580444
v -26.86455 6.3105264 -44.390858
v -20.804579 11.114747 -39.221855
v -26.404041 8.1949 -39.40686
v -14.982209 13.67587 -38.576656
v -25.886295 10.080348 -33.350674
v -20.255224 12.32852 -33.67936
v -14.279906 16.15424 -33.73096
v -13.658691 16.156307 -29.318508
v -19.597763 13.051644 -29.1076
v -25.368456 6.568438 -27.058746
v -24.883293 7.2263556 -24.221296
v -24.305725 8.424412 -20.179234
v -18.67625 12.633953 -20.524712
v -12.576401 15.722885 -21.178734
v -23.342003 8.751811 -14.715463
v -11.890144 16.215874 -16.183332
v -18.28901 13.085231 -15.597635
v -16.167202 3.598271 -49.583797
v -11.683197 8.885052 -46.970463
v -16.529253 7.740679 -47.36214
v -13.958644 3.6519375 -49.557457
v -15.756627 -1.254984 -50.3803
v -11.1235895 3.37273 -49.904263
v -12.675827 -0.8978445 -50.45157
v -10.771658 -0.5533385 -50.955822
v -8.9637785 0.26243746 -51.644093
v -9.000685 3.410536 -50.817608
v -9.405916 7.8490167 -48.516754
v -9.6814995 14.074211 -40.582928
v -7.946266 11.781022 -43.288887
v -6.6455 16.199808 -35.623875
v -5.091741 14.816252 -38.475273
v -3.774414 17.490065 -31.731974
v -2.7274246 16.600029 -34.874462
v -0 17.362883 -31.204256
v -0.17192078 17.608585 -27.039885
v -0 17.60229 -27.024633
v -3.4675064 17.664415 -27.281397
v -8.092583 17.600842 -25.801352
v -8.0086975 17.195118 -32.970768
v -8.092583 17.600842 -25.801352
v -14.279906 16.15424 -33.73096
v -8.092583 17.600842 -25.801352
v -10.5177 15.457798 -37.016747
v -14.982209 13.67587 -38.576656
v -12.7713175 12.282548 -42.487965
v -16.229525 10.179601 -44.35328
v -16.529253 7.740679 -47.36214
v -23.654343 -5.0213013 -1.5411712
v -17.810379 -9.235099 -7.049647
v -21.752625 -4.1834846 -7.402683
v -18.53975 -9.980315 -1.9995215
v -25.021664 -5.732834 4.848138
v -13.066956 -12.790907 -2.5695207
v -12.916176 -12.350255 -6.649309
v -13.678879 -14.503671 4.012461
v -19.307869 -10.94134 4.1825314
v -14.907959 -15.776176 9.81021
v -26.062767 -6.8466253 10.642968
v -20.476479 -12.173759 10.05541
v -15.813656 -17.638315 19.052921
v -21.690086 -12.987414 17.944391
v -27.712193 -7.2131605 16.509203
v -28.410065 -7.077349 21.126368
v -22.528778 -13.479513 22.455359
v -16.619846 -18.538286 24.052654
v -29.432816 -6.9074645 25.35071
v -23.376831 -14.167843 27.111696
v -17.442863 -19.655527 29.010998
v -30.16565 -6.8800864 29.950258
v -24.247963 -15.270153 32.007465
v -18.345776 -20.566803 33.822727
v -31.423134 -6.602656 35.166817
v -25.717316 -15.523466 37.29955
v -32.404564 -6.551156 41.492996
v -19.530453 -21.196465 39.292973
v -26.961143 -15.667748 43.186108
v -20.193436 -21.703743 45.23749
v -0 18.007555 -19.800074
v -3.356987 17.682035 -26.867098
v -0 17.625193 -26.620607
v -7.969124 17.604153 -25.39187
v -8.077728 17.196768 -20.859215
v -0 18.531519 -16.343567
v -12.183281 15.903555 -21.074898
v -7.2564087 17.480608 -16.186628
v -11.890144 16.215874 -16.183332
v -26.30186 -6.177011 -48.846096
v -21.797766 -1.4178349 -50.986332
v -26.36603 -2.1998 -50.447605
v -21.937693 -5.8634844 -49.66842
v -19.449354 -6.103988 -49.9629
v -15.756627 -1.254984 -50.3803
v -15.284475 -5.782317 -49.669052
v -14.794894 -10.539103 -47.96182
v -21.258001 -8.660988 -48.13183
v -18.526144 -9.746729 -48.089268
v -18.7627 -11.636171 -45.719456
v -14.469881 -12.706179 -44.87539
v -14.541435 -13.600161 -41.62616
v -22.376688 -9.768871 -46.56236
v -25.18354 -10.775515 -45.736423
v -19.381088 -12.548984 -42.816643
v -19.764076 -13.095674 -40.13202
v -14.5295925 -13.933739 -38.715107
v -14.418301 -13.37305 -31.247587
v -20.274006 -13.077553 -37.576965
v -24.804775 -11.489648 -43.088787
v -24.278448 -12.591538 -39.54202
v -21.130932 -12.120092 -35.043404
v -23.980669 -12.223756 -35.50687
v -22.985449 -9.49593 -31.613909
v -20.307146 -10.147251 -32.196083
v -22.486448 -7.717177 -28.239363
v -22.143358 -6.7864113 -24.79074
v -22.169775 -6.248968 -19.220642
v -16.514412 -9.886408 -20.96761
v -21.903801 -4.7683706 -13.289371
v -13.941437 -13.045384 -22.128925
v -18.142235 -9.5256405 -12.320433
v -12.724365 -12.621649 -11.620398
v -24.278448 -12.591538 -39.54202
v -24.804775 -11.489648 -43.088787
v -31.30497 -11.494697 -42.803543
v -30.29765 -12.593281 -39.328136
v -23.980669 -12.223756 -35.50687
v -38.236004 -11.474896 -42.071262
v -35.94856 -11.053008 -45.334427
v -29.46187 -12.220337 -35.270504
v -22.985449 -9.49593 -31.613909
v -37.186745 -12.56779 -38.51772
v -34.48273 -12.031978 -34.633957
v -39.010246 -10.771768 -44.822445
v -40.599667 -6.174118 -47.70765
v -32.944725 -9.195695 -30.986826
v -32.753704 -5.5496674 -26.99662
v -33.9638 1.3180104 -22.543428
v -33.48839 6.7204986 -25.33244
v -25.886295 10.080348 -33.350674
v -46.699 -11.448251 -41.144203
v -47.535175 -10.753794 -44.067978
v -49.1919 -6.1608543 -46.947327
v -45.568413 -12.529948 -37.43058
v -49.93833 -2.143776 -48.455513
v -41.319733 -2.1579506 -49.23933
v -44.598713 -12.137902 -33.027565
v -49.804226 3.364072 -45.988693
v -41.240337 3.3406467 -46.92966
v -43.384865 -9.05596 -28.972546
v -42.055817 -5.4004903 -25.224463
v -55.57679 -11.440024 -40.38267
v -54.348785 -12.512473 -36.51037
v -53.259785 -12.108031 -31.905535
v -52.326794 -9.627908 -27.745602
v -56.486538 -10.751882 -43.40392
v -58.213776 -6.16367 -46.36381
v -58.994423 -2.1489465 -47.92531
v -58.808212 3.3610919 -45.404457
v -65.18429 -10.20846 -31.008528
v -65.97757 -10.799433 -34.86586
v -66.79614 -10.184949 -38.30018
v -67.60813 -8.907648 -41.437126
v -68.62517 -5.9057536 -44.97407
v -69.205315 -2.3250556 -46.61275
v -64.49813 -7.8881426 -27.218578
v -58.162384 6.2975655 -39.810295
v -69.27059 1.6756312 -44.785194
v -49.293858 6.293956 -40.486786
v -40.852943 6.253663 -41.70501
v -34.869003 6.17743 -41.843742
v -76.19201 -5.7829556 -44.58012
v -76.78009 -2.1168578 -45.745136
v -76.84313 1.8736869 -44.153976
v -75.17676 -8.914757 -41.86228
v -74.36142 -10.240021 -39.07641
v -73.53177 -10.862593 -35.76705
v -72.72681 -10.281507 -32.058434
v -81.67652 -2.089925 -45.581566
v -81.12133 -5.5739355 -44.58842
v -80.17549 -8.582862 -42.35435
v -79.4185 -9.842857 -39.850002
v -81.7507 1.6691138 -44.23296
v -78.649216 -10.437919 -36.844604
v -80.63498 -1.8803952 -42.310635
v -80.2679 -4.1873517 -41.659996
v -80.676994 0.61012256 -41.36994
v -79.63832 -6.1776333 -40.151466
v -79.13329 -7.0077324 -38.454372
v -80.54856 2.3110564 -39.049786
v -78.61829 -7.398357 -36.415848
v -81.5685 4.2312045 -40.815624
v -80.306885 3.3051536 -36.042774
v -77.90468 -9.898138 -33.482037
v -78.12184 -7.0396385 -34.16586
v -76.621925 4.648614 -40.02637
v -81.21188 5.725724 -36.34482
v -79.65738 3.5740314 -32.413933
v -72.026985 -7.973359 -28.43368
v -77.26093 -7.729358 -30.223694
v -77.69572 -5.6038566 -32.017082
v -69.04128 4.5485396 -39.82995
v -76.21505 6.2761145 -34.923733
v -80.238976 6.1260724 -30.94103
v -79.18547 2.19736 -29.892897
v -64.704796 -4.3901014 -23.48159
v -72.24439 -4.5040984 -25.22078
v -77.487526 -4.468716 -27.43787
v -77.84604 -3.4451694 -30.180567
v -79.53056 4.0451765 -27.164911
v -78.7503 -0.46528107 -29.04473
v -78.87247 0.024163464 -25.873217
v -52.114056 -5.9541197 -23.578747
v -66.15127 0.403131 -21.20841
v -73.71806 0.25593197 -23.569496
v -75.16676 6.7130995 -29.028149
v -74.40724 4.5181255 -24.883892
v -42.579765 1.0770199 -20.77996
v -54.331898 1.070637 -18.9834
v -66.822464 4.6644764 -22.510727
v -68.61666 6.3538623 -33.46044
v -67.5458 6.8456197 -26.810722
v -36.867695 6.5962553 -24.477028
v -44.942528 6.6195316 -22.639185
v -55.113266 6.4031043 -21.268736
v -57.462048 8.230027 -34.11482
v -56.139366 9.2357855 -25.918875
v -48.462532 8.096995 -34.849216
v -47.250866 9.49783 -27.210182
v -40.726032 7.9508095 -36.30976
v -39.300518 9.367742 -28.87333
v -33.496105 9.755786 -30.70782
v -33.874523 7.893562 -37.850582
v -26.404041 8.1949 -39.40686
v -26.86455 6.3105264 -44.390858
v -26.404041 8.1949 -39.40686
v -34.869003 6.17743 -41.843742
v -26.54332 3.5060945 -49.09436
v -34.25604 3.3154733 -47.822895
v -26.36603 -2.1998 -50.447605
v -41.240337 3.3406467 -46.92966
v -34.29639 -2.1707308 -49.907448
v -26.30186 -6.177011 -48.846096
v -41.319733 -2.1579506 -49.23933
v -33.59248 -6.1856756 -48.33984
v -25.18354 -10.775515 -45.736423
v -40.599667 -6.174118 -47.70765
v -32.04566 -10.785156 -45.45766
v -24.804775 -11.489648 -43.088787
v -35.94856 -11.053008 -45.334427
v -31.30497 -11.494697 -42.803543
v -26.17775 32.746296 81.999535
v -13.915123 50.199783 85.864944
v -33.21456 47.413963 85.864944
v -12.836189 34.301647 81.78891
v -0 51.52468 85.864944
v -0 35.336338 81.47224
v -42.77939 24.454485 80.348854
v -30.273743 32.475494 81.83967
v -33.21456 47.413963 85.864944
v -51.183796 35.888653 85.864944
v -47.2902 14.077524 79.686295
v -57.665337 20.9781 85.86496
v -48.13085 4.92218 79.70636
v -58.87326 7.8228803 85.86496
v -44.03969 -5.471679 79.23363
v -52.994713 -7.1119504 85.86496
v -33.02259 -21.04211 81.26966
v -37.164356 -29.484943 85.864975
v -21.054325 -31.817972 80.93408
v -19.967278 -44.968662 85.864975
v -11.413254 -35.774433 80.89974
v -6.1141205 -50.65366 85.864975
v -2.446556 -36.284893 82.70264
v -0 -51.387142 85.864975
v -0 -35.341953 82.86279
v -0 -50.03224 85.864975
v -11.090355 18.156736 -16.270386
v -11.352722 19.235195 -16.437336
v -12.692596 18.874414 -15.602595
v -12.430229 17.795956 -15.435649
v -12.430229 17.795956 -15.435649
v -12.692596 18.874414 -15.602595
v -13.063492 18.74769 -14.031413
v -12.801117 17.669228 -13.864467
v -12.801117 17.669228 -13.864467
v -13.063492 18.74769 -14.031413
v -12.248131 18.929253 -12.644176
v -11.985764 17.850798 -12.477233
v -11.985764 17.850798 -12.477233
v -12.248131 18.929253 -12.644176
v -10.724152 19.31275 -12.25365
v -10.461784 18.234295 -12.086585
v -10.461784 18.234295 -12.086585
v -10.724152 19.31275 -12.25365
v -9.384277 19.673532 -13.088233
v -9.12191 18.595078 -12.92129
v -9.12191 18.595078 -12.92129
v -9.384277 19.673532 -13.088233
v -9.013382 19.80026 -14.659404
v -8.751015 18.721798 -14.492457
v -12.692596 18.874414 -15.602595
v -11.352722 19.235195 -16.437336
v -9.828743 19.618692 -16.046654
v -9.013382 19.80026 -14.659404
v -13.063492 18.74769 -14.031413
v -9.384277 19.673532 -13.088233
v -12.248131 18.929253 -12.644176
v -10.724152 19.31275 -12.25365
v -8.751015 18.721798 -14.492457
v -9.013382 19.80026 -14.659404
v -9.828743 19.618692 -16.046654
v -9.566376 18.540234 -15.879706
v -9.566376 18.540234 -15.879706
v -9.828743 19.618692 -16.046654
v -11.352722 19.235195 -16.437336
v -11.090355 18.156736 -16.270386
vt 0.023986816 0.30004883
vt 0.023986816 0.30004883
vt 0.023986816 0.30004883
vt 0.023986816 0.30004883
vt 0.023986816 0.30004883
vt 0.023986816 0.30004883
vt 0.023986816 0.30004883
vt 0.023986816 0.30004883
vt 0.023986816 0.30004883
vt 0.023986816 0.30004883
vt 0.023986816 0.30004883
vt 0.023986816 0.30004883
vt 0.101501465 0.9667969
vt 0.101501465 0.9667969
vt 0.101501465 0.9667969
vt 0.101501465 0.9667969
vt 0.101501465 0.9667969
vt 0.101501465 0.9667969
vt 0.101501465 0.9667969
vt 0.101501465 0.9667969
vt 0.101501465 0.9667969
vt 0.101501465 0.9667969
vt 0.101501465 0.9667969
vt 0.101501465 0.9667969
vt 0.101501465 0.9667969
vt 0.101501465 0.9667969
vt 0.101501465 0.9667969
vt 0.101501465 0.9667969
vt 0.101501465 0.9667969
vt 0.101501465 0.9667969
vt 0.101501465 0.9667969
vt 0.101501465 0.9667969
vt 0.101501465 0.9667969
vt 0.101501465 0.9667969
vt 0.101501465 0.9667969
vt 0.101501465 0.9667969
vt 0.101501465 0.9667969
vt 0.101501465 0.9667969
vt 0.101501465 0.9667969
vt 0.101501465 0.9667969
vt 0.101501465 0.9667969
vt 0.101501465 0.9667969
vt 0.101501465 0.9667969
vt 0.101501465 0.9667969
vt 0.101501465 0.9667969
vt 0.101501465 0.9667969
vt 0.101501465 0.9667969
vt 0.04248047 0.21496582
vt 0.04248047 0.21496582
vt 0.04248047 0.21496582
vt 0.04248047 0.21496582
vt 0.04248047 0.21496582
vt 0.04248047 0.21496582
vt 0.15356445 0.65283203
vt 0.15356445 0.65283203
vt 0.15356445 0.65283203
vt 0.15356445 0.65283203
vt 0.15356445 0.65283203
vt 0.15356445 0.65283203
vt 0.15356445 0.65283203
vt 0.15356445 0.65283203
vt 0.15356445 0.65283203
vt 0.15356445 0.65283203
vt 0.15356445 0.65283203
vt 0.15356445 0.65283203
vt 0.15356445 0.65283203
vt 0.15356445 0.65283203
vt 0.15356445 0.65283203
vt 0.15356445 0.65283203
vt 0.15356445 0.65283203
vt 0.15356445 0.65283203
vt 0.15356445 0.65283203
vt 0.15356445 0.65283203
vt 0.15356445 0.65283203
vt 0.15356445 0.65283203
vt 0.15356445 0.65283203
vt 0.15356445 0.65283203
vt 0.15356445 0.65283203
vt 0.15356445 0.65283203
vt 0.15356445 0.65283203
vt 0.15356445 0.65283203
vt 0.15356445 0.65283203
vt 0.15356445 0.65283203
vt 0.15356445 0.65283203
vt 0.15356445 0.65283203
vt 0.15356445 0.65283203
vt 0.15356445 0.65283203
vt 0.15356445 0.65283203
vt 0.15356445 0.65283203
vt 0.15356445 0.65283203
vt 0.15356445 0.65283203
vt 0.15356445 0.65283203
vt 0.15356445 0.65283203
vt 0.15356445 0.65283203
vt 0.15356445 0.65283203
vt 0.15356445 0.65283203
vt 0.15356445 0.65283203
vt 0.15356445 0.65283203
vt 0.15356445 0.65283203
vt 0.15356445 0.65283203
vt 0.15356445 0.65283203
vt 0.15356445 0.65283203
vt 0.15356445 0.65283203
vt 0.15356445 0.65283203
vt 0.15356445 0.65283203
vt 0.15356445 0.65283203
vt 0.15356445 0.65283203
vt 0.15356445 0.65283203
vt 0.15356445 0.65283203
vt 0.15356445 0.65283203
vt 0.15356445 0.65283203
vt 0.15356445 0.65283203
vt 0.15356445 0.65283203
vt 0.15356445 0.65283203
vt 0.15356445 0.65283203
vt 0.15356445 0.65283203
vt 0.15356445 0.65283203
vt 0.15356445 0.65283203
vt 0.15356445 0.65283203
vt 0.15356445 0.65283203
vt 0.15356445 0.65283203
vt 0.15356445 0.65283203
vt 0.15356445 0.65283203
vt 0.15356445 0.65283203
vt 0.090026855 0.97216797
vt 0.090026855 0.97216797
vt 0.090026855 0.97216797
vt 0.090026855 0.97216797
vt 0.090026855 0.97216797
vt 0.090026855 0.97216797
vt 0.090026855 0.97216797
vt 0.090026855 0.97216797
vt 0.090026855 0.97216797
vt 0.090026855 0.97216797
vt 0.090026855 0.97216797
vt 0.090026855 0.97216797
vt 0.090026855 0.97216797
vt 0.090026855 0.97216797
vt 0.090026855 0.97216797
vt 0.090026855 0.97216797
vt 0.090026855 0.97216797
vt 0.090026855 0.97216797
vt 0.090026855 0.97216797
vt 0.090026855 0.97216797
vt 0.090026855 0.97216797
vt 0.090026855 0.97216797
vt 0.090026855 0.97216797
vt 0.090026855 0.97216797
vt 0.090026855 0.97216797
vt 0.090026855 0.97216797
vt 0.090026855 0.97216797
vt 0.090026855 0.97216797
vt 0.090026855 0.97216797
vt 0.090026855 0.97216797
vt 0.090026855 0.97216797
vt 0.090026855 0.97216797
vt 0.090026855 0.97216797
vt 0.090026855 0.97216797
vt 0.090026855 0.97216797
vt 0.090026855 0.97216797
vt 0.090026855 0.97216797
vt 0.090026855 0.97216797
vt 0.090026855 0.97216797
vt 0.090026855 0.97216797
vt 0.090026855 0.97216797
vt 0.090026855 0.97216797
vt 0.090026855 0.97216797
vt 0.090026855 0.97216797
vt 0.090026855 0.97216797
vt 0.090026855 0.97216797
vt 0.090026855 0.97216797
vt 0.090026855 0.97216797
vt 0.090026855 0.97216797
vt 0.090026855 0.97216797
vt 0.090026855 0.97216797
vt 0.090026855 0.97216797
vt 0.090026855 0.97216797
vt 0.090026855 0.97216797
vt 0.090026855 0.97216797
vt 0.090026855 0.97216797
vt 0.090026855 0.97216797
vt 0.090026855 0.97216797
vt 0.090026855 0.97216797
vt 0.090026855 0.97216797
vt 0.090026855 0.97216797
vt 0.090026855 0.97216797
vt 0.090026855 0.97216797
vt 0.090026855 0.97216797
vt 0.090026855 0.97216797
vt 0.090026855 0.97216797
vt 0.090026855 0.97216797
vt 0.090026855 0.97216797
vt 0.090026855 0.97216797
vt 0.090026855 0.97216797
vt 0.090026855 0.97216797
vt 0.090026855 0.97216797
vt 0.090026855 0.97216797
vt 0.090026855 0.97216797
vt 0.090026855 0.97216797
vt 0.01763916 0.21728516
vt 0.01763916 0.21728516
vt 0.01763916 0.21728516
vt 0.01763916 0.21728516
vt 0.01763916 0.21728516
vt 0.01763916 0.21728516
vt 0.01763916 0.21728516
vt 0.01763916 0.21728516
vt 0.01763916 0.21728516
vt 0.01763916 0.21728516
vt 0.01763916 0.21728516
vt 0.01763916 0.21728516
vt 0.01763916 0.21728516
vt 0.01763916 0.21728516
vt 0.01763916 0.21728516
vt 0.01763916 0.21728516
vt 0.01763916 0.21728516
vt 0.01763916 0.21728516
vt 0.01763916 0.21728516
vt 0.01763916 0.21728516
vt 0.01763916 0.21728516
vt 0.01763916 0.21728516
vt 0.01763916 0.21728516
vt 0.01763916 0.21728516
vt 0.01763916 0.21728516
vt 0.01763916 0.21728516
vt 0.01763916 0.21728516
vt 0.01763916 0.21728516
vt 0.01763916 0.21728516
vt 0.01763916 0.21728516
vt 0.01763916 0.21728516
vt 0.01763916 0.21728516
vt 0.01763916 0.21728516
vt 0.01763916 0.21728516
vt 0.01763916 0.21728516
vt 0.01763916 0.21728516
vt 0.01763916 0.21728516
vt 0.01763916 0.21728516
vt 0.01763916 0.21728516
vt 0.01763916 0.21728516
vt 0.01763916 0.21728516
vt 0.01763916 0.21728516
vt 0.01763916 0.21728516
vt 0.01763916 0.21728516
vt 0.01763916 0.21728516
vt 0.01763916 0.21728516
vt 0.01763916 0.21728516
vt 0.01763916 0.21728516
vt 0.01763916 0.21728516
vt 0.01763916 0.21728516
vt 0.01763916 0.21728516
vt 0.01763916 0.21728516
vt 0.01763916 0.21728516
vt 0.01763916 0.21728516
vt 0.01763916 0.21728516
vt 0.01763916 0.21728516
vt 0.01763916 0.21728516
vt 0.01763916 0.21728516
vt 0.01763916 0.21728516
vt 0.01763916 0.21728516
vt 0.01763916 0.21728516
vt 0.01763916 0.21728516
vt 0.01763916 0.21728516
vt 0.01763916 0.21728516
vt 0.01763916 0.21728516
vt 0.01763916 0.21728516
vt 0.01763916 0.21728516
vt 0.01763916 0.21728516
vt 0.01763916 0.21728516
vt 0.01763916 0.21728516
vt 0.01763916 0.21728516
vt 0.01763916 0.21728516
vt 0.01763916 0.21728516
vt 0.01763916 0.21728516
vt 0.01763916 0.21728516
vt 0.01763916 0.21728516
vt 0.01763916 0.21728516
vt 0.01763916 0.21728516
vt 0.01763916 0.21728516
vt 0.01763916 0.21728516
vt 0.01763916 0.21728516
vt 0.01763916 0.21728516
vt 0.01763916 0.21728516
vt 0.01763916 0.21728516
vt 0.01763916 0.21728516
vt 0.01763916 0.21728516
vt 0.01763916 0.21728516
vt 0.01763916 0.21728516
vt 0.01763916 0.21728516
vt 0.01763916 0.21728516
vt 0.01763916 0.21728516
vt 0.01763916 0.21728516
vt 0.01763916 0.21728516
vt 0.01763916 0.21728516
vt 0.01763916 0.21728516
vt 0.01763916 0.21728516
vt 0.01763916 0.21728516
vt 0.01763916 0.21728516
vt 0.01763916 0.21728516
vt 0.01763916 0.21728516
vt 0.01763916 0.21728516
vt 0.01763916 0.21728516
vt 0.01763916 0.21728516
vt 0.01763916 0.21728516
vt 0.01763916 0.21728516
vt 0.01763916 0.21728516
vt 0.01763916 0.21728516
vt 0.01763916 0.21728516
vt 0.01763916 0.21728516
vt 0.01763916 0.21728516
vt 0.01763916 0.21728516
vt 0.01763916 0.21728516
vt 0.01763916 0.21728516
vt 0.01763916 0.21728516
vt 0.01763916 0.21728516
vt 0.01763916 0.21728516
vt 0.01763916 0.21728516
vt 0.01763916 0.21728516
vt 0.01763916 0.21728516
vt 0.01763916 0.21728516
vt 0.01763916 0.21728516
vt 0.01763916 0.21728516
vt 0.01763916 0.21728516
vt 0.01763916 0.21728516
vt 0.01763916 0.21728516
vt 0.01763916 0.21728516
vt 0.01763916 0.21728516
vt 0.01763916 0.21728516
vt 0.01763916 0.21728516
vt 0.01763916 0.21728516
vt 0.01763916 0.21728516
vt 0.01763916 0.21728516
vt 0.01763916 0.21728516
vt 0.01763916 0.21728516
vt 0.01763916 0.21728516
vt 0.01763916 0.21728516
vt 0.01763916 0.21728516
vt 0.01763916 0.21728516
vt 0.01763916 0.21728516
vt 0.01763916 0.21728516
vt 0.01763916 0.21728516
vt 0.01763916 0.21728516
vt 0.01763916 0.21728516
vt 0.01763916 0.21728516
vt 0.01763916 0.21728516
vt 0.01763916 0.21728516
vt 0.01763916 0.21728516
vt 0.01763916 0.21728516
vt 0.01763916 0.21728516
vt 0.01763916 0.21728516
vt 0.01763916 0.21728516
vt 0.01763916 0.21728516
vt 0.01763916 0.21728516
vt 0.01763916 0.21728516
vt 0.01763916 0.21728516
vt 0.01763916 0.21728516
vt 0.01763916 0.21728516
vt 0.01763916 0.21728516
vt 0.01763916 0.21728516
vt 0.01763916 0.21728516
vt 0.01763916 0.21728516
vt 0.01763916 0.21728516
vt 0.01763916 0.21728516
vt 0.01763916 0.21728516
vt 0.01763916 0.21728516
vt 0.01763916 0.21728516
vt 0.01763916 0.21728516
vt 0.01763916 0.21728516
vt 0.01763916 0.21728516
vt 0.01763916 0.21728516
vt 0.01763916 0.21728516
vt 0.01763916 0.21728516
vt 0.01763916 0.21728516
vt 0.01763916 0.21728516
vt 0.01763916 0.21728516
vt 0.01763916 0.21728516
vt 0.01763916 0.21728516
vt 0.01763916 0.21728516
vt 0.10308838 0.9321289
vt 0.10308838 0.9321289
vt 0.10308838 0.9321289
vt 0.10308838 0.9321289
vt 0.10308838 0.9321289
vt 0.10308838 0.9321289
vt 0.10308838 0.9321289
vt 0.10308838 0.9321289
vt 0.10308838 0.9321289
vt 0.10308838 0.9321289
vt 0.10308838 0.9321289
vt 0.10308838 0.9321289
vt 0.10308838 0.9321289
vt 0.10308838 0.9321289
vt 0.10308838 0.9321289
vt 0.10308838 0.9321289
vt 0.10308838 0.9321289
vt 0.10308838 0.9321289
vt 0.10308838 0.9321289
vt 0.10308838 0.9321289
vt 0.10308838 0.9321289
vt 0.10308838 0.9321289
vt 0.10308838 0.9321289
vt 0.10308838 0.9321289
vt 0.10308838 0.9321289
vt 0.10308838 0.9321289
vt 0.10308838 0.9321289
vt 0.10308838 0.9321289
vt 0.10308838 0.9321289
vt 0.10308838 0.9321289
vt 0.10308838 0.9321289
vt 0.10308838 0.9321289
vt 0.10308838 0.9321289
vt 0.10308838 0.9321289
vt 0.10308838 0.9321289
vt 0.10308838 0.9321289
vt 0.10308838 0.9321289
vt 0.10308838 0.9321289
vt 0.10308838 0.9321289
vt 0.10308838 0.9321289
vt 0.036712646 0.2734375
vt 0.036712646 0.2734375
vt 0.036712646 0.2734375
vt 0.036712646 0.2734375
vt 0.036712646 0.2734375
vt 0.036712646 0.2734375
vt 0.036712646 0.2734375
vt 0.036712646 0.2734375
vt 0.036712646 0.2734375
vt 0.036712646 0.2734375
vt 0.036712646 0.2734375
vt 0.036712646 0.2734375
vt 0.036712646 0.2734375
vt 0.036712646 0.2734375
vt 0.036712646 0.2734375
vt 0.036712646 0.2734375
vt 0.036712646 0.2734375
vt 0.036712646 0.2734375
vt 0.036712646 0.2734375
vt 0.036712646 0.2734375
vt 0.036712646 0.2734375
vt 0.036712646 0.2734375
vt 0.036712646 0.2734375
vt 0.036712646 0.2734375
vt 0.036712646 0.2734375
vt 0.036712646 0.2734375
vt 0.036712646 0.2734375
vt 0.036712646 0.2734375
vt 0.036712646 0.2734375
vt 0.036712646 0.2734375
vt 0.036712646 0.2734375
vt 0.036712646 0.2734375
vt 0.036712646 0.2734375
vt 0.036712646 0.2734375
vt 0.036712646 0.2734375
vt 0.036712646 0.2734375
vt 0.036712646 0.2734375
vt 0.036712646 0.2734375
vt 0.036712646 0.2734375
vt 0.036712646 0.2734375
vt 0.036712646 0.2734375
vt 0.036712646 0.2734375
vt 0.036712646 0.2734375
vt 0.036712646 0.2734375
vt 0.036712646 0.2734375
vt 0.036712646 0.2734375
vt 0.036712646 0.2734375
vt 0.036712646 0.2734375
vt 0.036712646 0.2734375
vt 0.036712646 0.2734375
vt 0.036712646 0.2734375
vt 0.036712646 0.2734375
vt 0.036712646 0.2734375
vt 0.036712646 0.2734375
vt 0.036712646 0.2734375
vt 0.036712646 0.2734375
vt 0.036712646 0.2734375
vt 0.036712646 0.2734375
vt 0.036712646 0.2734375
vt 0.036712646 0.2734375
vt 0.036712646 0.2734375
vt 0.036712646 0.2734375
vt 0.036712646 0.2734375
vt 0.036712646 0.2734375
vt 0.023986816 0.30004883
vt 0.023986816 0.30004883
vt 0.023986816 0.30004883
vt 0.023986816 0.30004883
vt 0.023986816 0.30004883
vt 0.023986816 0.30004883
vt 0.023986816 0.30004883
vt 0.023986816 0.30004883
vt 0.023986816 0.30004883
vt 0.023986816 0.30004883
vt 0.023986816 0.30004883
vt 0.023986816 0.30004883
vt 0.023986816 0.30004883
vt 0.023986816 0.30004883
vt 0.023986816 0.30004883
vt 0.023986816 0.30004883
vt 0.023986816 0.30004883
vt 0.023986816 0.30004883
vt 0.023986816 0.30004883
vt 0.023986816 0.30004883
vt 0.023986816 0.30004883
vt 0.023986816 0.30004883
vt 0.023986816 0.30004883
vt 0.023986816 0.30004883
vt 0.023986816 0.30004883
vt 0.023986816 0.30004883
vt 0.023986816 0.30004883
vt 0.023986816 0.30004883
vt 0.023986816 0.30004883
vt 0.023986816 0.30004883
vt 0.023986816 0.30004883
vt 0.023986816 0.30004883
vt 0.023986816 0.30004883
vt 0.023986816 0.30004883
vt 0.023986816 0.30004883
vt 0.023986816 0.30004883
vt 0.023986816 0.30004883
vt 0.023986816 0.30004883
vt 0.023986816 0.30004883
vt 0.023986816 0.30004883
vt 0.023986816 0.30004883
vt 0.023986816 0.30004883
vt 0.023986816 0.30004883
vt 0.023986816 0.30004883
vt 0.023986816 0.30004883
vt 0.023986816 0.30004883
vt 0.023986816 0.30004883
vt 0.023986816 0.30004883
vt 0.023986816 0.30004883
vt 0.023986816 0.30004883
vt 0.023986816 0.30004883
vt 0.023986816 0.30004883
vt 0.023986816 0.30004883
vt 0.023986816 0.30004883
vt 0.023986816 0.30004883
vt 0.023986816 0.30004883
vt 0.023986816 0.30004883
vt 0.023986816 0.30004883
vt 0.023986816 0.30004883
vt 0.023986816 0.30004883
vt 0.023986816 0.30004883
vt 0.023986816 0.30004883
vt 0.023986816 0.30004883
vt 0.023986816 0.30004883
vt 0.023986816 0.30004883
vt 0.023986816 0.30004883
vt 0.023986816 0.30004883
vt 0.023986816 0.30004883
vt 0.023986816 0.30004883
vt 0.023986816 0.30004883
vt 0.023986816 0.30004883
vt 0.023986816 0.30004883
vt 0.023986816 0.30004883
vt 0.023986816 0.30004883
vt 0.023986816 0.30004883
vt 0.023986816 0.30004883
vt 0.023986816 0.30004883
vt 0.023986816 0.30004883
vt 0.023986816 0.30004883
vt 0.023986816 0.30004883
vt 0.023986816 0.30004883
vt 0.023986816 0.30004883
vt 0.023986816 0.30004883
vt 0.023986816 0.30004883
vt 0.023986816 0.30004883
vt 0.023986816 0.30004883
vt 0.023986816 0.30004883
vt 0.023986816 0.30004883
vt 0.023986816 0.30004883
vt 0.023986816 0.30004883
vt 0.023986816 0.30004883
vt 0.023986816 0.30004883
vt 0.023986816 0.30004883
vt 0.023986816 0.30004883
vt 0.023986816 0.30004883
vt 0.023986816 0.30004883
vt 0.023986816 0.30004883
vt 0.023986816 0.30004883
vt 0.023986816 0.30004883
vt 0.023986816 0.30004883
vt 0.023986816 0.30004883
vt 0.023986816 0.30004883
vt 0.023986816 0.30004883
vt 0.023986816 0.30004883
vt 0.023986816 0.30004883
vt 0.023986816 0.30004883
vt 0.023986816 0.30004883
vt 0.023986816 0.30004883
vt 0.023986816 0.30004883
vt 0.023986816 0.30004883
vt 0.023986816 0.30004883
vt 0.023986816 0.30004883
vt 0.023986816 0.30004883
vt 0.023986816 0.30004883
vt 0.023986816 0.30004883
vt 0.023986816 0.30004883
vt 0.023986816 0.30004883
vt 0.023986816 0.30004883
vt 0.023986816 0.30004883
vt 0.023986816 0.30004883
vt 0.023986816 0.30004883
vt 0.023986816 0.30004883
vt 0.023986816 0.30004883
vt 0.023986816 0.30004883
vt 0.023986816 0.30004883
vt 0.023986816 0.30004883
vt 0.023986816 0.30004883
vt 0.023986816 0.30004883
vt 0.023986816 0.30004883
vt 0.023986816 0.30004883
vt 0.023986816 0.30004883
vt 0.023986816 0.30004883
vt 0.023986816 0.30004883
vt 0.023986816 0.30004883
vt 0.023986816 0.30004883
vt 0.023986816 0.30004883
vt 0.023986816 0.30004883
vt 0.023986816 0.30004883
vt 0.023986816 0.30004883
vt 0.023986816 0.30004883
vt 0.023986816 0.30004883
vt 0.023986816 0.30004883
vt 0.023986816 0.30004883
vt 0.023986816 0.30004883
vt 0.023986816 0.30004883
vt 0.023986816 0.30004883
vt 0.023986816 0.30004883
vt 0.023986816 0.30004883
vt 0.023986816 0.30004883
vt 0.023986816 0.30004883
vt 0.023986816 0.30004883
vt 0.023986816 0.30004883
vt 0.023986816 0.30004883
vt 0.023986816 0.30004883
vt 0.023986816 0.30004883
vt 0.023986816 0.30004883
vt 0.023986816 0.30004883
vt 0.023986816 0.30004883
vt 0.023986816 0.30004883
vt 0.023986816 0.30004883
vt 0.023986816 0.30004883
vt 0.023986816 0.30004883
vt 0.023986816 0.30004883
vt 0.023986816 0.30004883
vt 0.023986816 0.30004883
vt 0.023986816 0.30004883
vt 0.023986816 0.30004883
vt 0.023986816 0.30004883
vt 0.023986816 0.30004883
vt 0.023986816 0.30004883
vt 0.023986816 0.30004883
vt 0.023986816 0.30004883
vt 0.023986816 0.30004883
vt 0.023986816 0.30004883
vt 0.023986816 0.30004883
vt 0.023986816 0.30004883
vt 0.023986816 0.30004883
vt 0.023986816 0.30004883
vt 0.023986816 0.30004883
vt 0.023986816 0.30004883
vt 0.023986816 0.30004883
vt 0.023986816 0.30004883
vt 0.023986816 0.30004883
vt 0.023986816 0.30004883
vt 0.023986816 0.30004883
vt 0.023986816 0.30004883
vt 0.023986816 0.30004883
vt 0.023986816 0.30004883
vt 0.023986816 0.30004883
vt 0.023986816 0.30004883
vt 0.023986816 0.30004883
vt 0.023986816 0.30004883
vt 0.023986816 0.30004883
vt 0.023986816 0.30004883
vt 0.023986816 0.30004883
vt 0.023986816 0.30004883
vt 0.023986816 0.30004883
vt 0.023986816 0.30004883
vt 0.023986816 0.30004883
vt 0.023986816 0.30004883
vt 0.023986816 0.30004883
vt 0.023986816 0.30004883
vt 0.023986816 0.30004883
vt 0.023986816 0.30004883
vt 0.023986816 0.30004883
vt 0.023986816 0.30004883
vt 0.023986816 0.30004883
vt 0.023986816 0.30004883
vt 0.023986816 0.30004883
vt 0.023986816 0.30004883
vt 0.023986816 0.30004883
vt 0.023986816 0.30004883
vt 0.023986816 0.30004883
vt 0.023986816 0.30004883
vt 0.023986816 0.30004883
vt 0.023986816 0.30004883
vt 0.023986816 0.30004883
vt 0.023986816 0.30004883
vt 0.023986816 0.30004883
vt 0.023986816 0.30004883
vt 0.023986816 0.30004883
vt 0.023986816 0.30004883
vt 0.023986816 0.30004883
vt 0.023986816 0.30004883
vt 0.023986816 0.30004883
vt 0.023986816 0.30004883
vt 0.023986816 0.30004883
vt 0.023986816 0.30004883
vt 0.023986816 0.30004883
vt 0.023986816 0.30004883
vt 0.01763916 0.21728516
vt 0.01763916 0.21728516
vt 0.01763916 0.21728516
vt 0.01763916 0.21728516
vt 0.018798828 0.21728516
vt 0.018798828 0.21728516
vt 0.018798828 0.21728516
vt 0.018798828 0.21728516
vt 0.018798828 0.21728516
vt 0.018798828 0.21728516
vt 0.018798828 0.21728516
vt 0.018798828 0.21728516
vt 0.018798828 0.21728516
vt 0.018798828 0.21728516
vt 0.018798828 0.21728516
vt 0.018798828 0.21728516
vt 0.09564209 0.95996094
vt 0.09564209 0.95996094
vt 0.09564209 0.95996094
vt 0.09564209 0.95996094
vt 0.09564209 0.95996094
vt 0.09564209 0.95996094
vt 0.09564209 0.95996094
vt 0.09564209 0.95996094
vt 0.09564209 0.95996094
vt 0.09564209 0.95996094
vt 0.09564209 0.95996094
vt 0.09564209 0.95996094
vt 0.09564209 0.95996094
vt 0.09564209 0.95996094
vt 0.09564209 0.95996094
vt 0.09564209 0.95996094
vt 0.09564209 0.95996094
vt 0.09564209 0.95996094
vt 0.09564209 0.95996094
vt 0.09564209 0.95996094
vt 0.09564209 0.95996094
vt 0.09564209 0.95996094
vt 0.09564209 0.95996094
vt 0.09564209 0.95996094
vt 0.09564209 0.95996094
vt 0.09564209 0.95996094
vt 0.09564209 0.95996094
vt 0.09564209 0.95996094
vt 0.09564209 0.95996094
vt 0.09564209 0.95996094
vt 0.09564209 0.95996094
vt 0.09564209 0.95996094
vt 0.09564209 0.95996094
vt 0.09564209 0.95996094
vt 0.09564209 0.95996094
vt 0.09564209 0.95996094
vt 0.09564209 0.95996094
vt 0.09564209 0.95996094
vt 0.09564209 0.95996094
vt 0.09564209 0.95996094
vt 0.09564209 0.95996094
vt 0.09564209 0.95996094
vt 0.09564209 0.95996094
vt 0.09564209 0.95996094
vt 0.09564209 0.95996094
vt 0.09564209 0.95996094
vt 0.09564209 0.95996094
vt 0.09564209 0.95996094
vt 0.09564209 0.95996094
vt 0.09564209 0.95996094
vt 0.09564209 0.95996094
vt 0.09564209 0.95996094
vt 0.09564209 0.95996094
vt 0.09564209 0.95996094
vt 0.09564209 0.95996094
vt 0.09564209 0.95996094
vt 0.09564209 0.95996094
vt 0.09564209 0.95996094
vt 0.09564209 0.95996094
vt 0.09564209 0.95996094
vt 0.09564209 0.95996094
vt 0.09564209 0.95996094
vt 0.09564209 0.95996094
vt 0.09564209 0.95996094
vt 0.09564209 0.95996094
vt 0.09564209 0.95996094
vt 0.09564209 0.95996094
vt 0.09564209 0.95996094
vt 0.09564209 0.95996094
vt 0.09564209 0.95996094
vt 0.09564209 0.95996094
vt 0.09564209 0.95996094
vt 0.09564209 0.95996094
vt 0.09564209 0.95996094
vt 0.09564209 0.95996094
vt 0.09564209 0.95996094
vt 0.09564209 0.95996094
vt 0.09564209 0.95996094
vt 0.09564209 0.95996094
vt 0.09564209 0.95996094
vt 0.09564209 0.95996094
vt 0.09564209 0.95996094
vt 0.09564209 0.95996094
vt 0.09564209 0.95996094
vt 0.09564209 0.95996094
vt 0.09564209 0.95996094
vt 0.09564209 0.95996094
vt 0.09564209 0.95996094
vt 0.09564209 0.95996094
vt 0.09564209 0.95996094
vt 0.09564209 0.95996094
vt 0.09564209 0.95996094
vt 0.09564209 0.95996094
vt 0.09564209 0.95996094
vt 0.09564209 0.95996094
vt 0.09564209 0.95996094
vt 0.09564209 0.95996094
vt 0.09564209 0.95996094
vt 0.09564209 0.95996094
vt 0.09564209 0.95996094
vt 0.09564209 0.95996094
vt 0.09564209 0.95996094
vt 0.09564209 0.95996094
vt 0.09564209 0.95996094
vt 0.09564209 0.95996094
vt 0.09564209 0.95996094
vt 0.09564209 0.95996094
vt 0.09564209 0.95996094
vt 0.09564209 0.95996094
vt 0.09564209 0.95996094
vt 0.09564209 0.95996094
vt 0.09564209 0.95996094
vt 0.09564209 0.95996094
vt 0.09564209 0.95996094
vt 0.09564209 0.95996094
vt 0.09564209 0.95996094
vt 0.09564209 0.95996094
vt 0.09564209 0.95996094
vt 0.09564209 0.95996094
vt 0.09564209 0.95996094
vt 0.09564209 0.95996094
vt 0.09564209 0.95996094
vt 0.09564209 0.95996094
vt 0.09564209 0.95996094
vt 0.09564209 0.95996094
vt 0.09564209 0.95996094
vt 0.09564209 0.95996094
vt 0.09564209 0.95996094
vt 0.09564209 0.95996094
vt 0.09564209 0.95996094
vt 0.09564209 0.95996094
vt 0.09564209 0.95996094
vt 0.09564209 0.95996094
vt 0.09564209 0.95996094
vt 0.09564209 0.95996094
vt 0.09564209 0.95996094
vt 0.09564209 0.95996094
vt 0.09564209 0.95996094
vt 0.09564209 0.95996094
vt 0.09564209 0.95996094
vt 0.09564209 0.95996094
vt 0.09564209 0.95996094
vt 0.09564209 0.95996094
vt 0.09564209 0.95996094
vt 0.09564209 0.95996094
vt 0.09564209 0.95996094
vt 0.09564209 0.95996094
vt 0.09564209 0.95996094
vt 0.09564209 0.95996094
vt 0.09564209 0.95996094
vt 0.09564209 0.95996094
vt 0.09564209 0.95996094
vt 0.09564209 0.95996094
vt 0.09564209 0.95996094
vt 0.09564209 0.95996094
vt 0.09564209 0.95996094
vt 0.09564209 0.95996094
vt 0.09564209 0.95996094
vt 0.09564209 0.95996094
vt 0.09564209 0.95996094
vt 0.09564209 0.95996094
vt 0.09564209 0.95996094
vt 0.09564209 0.95996094
vt 0.09564209 0.95996094
vt 0.09564209 0.95996094
vt 0.09564209 0.95996094
vt 0.09564209 0.95996094
vt 0.09564209 0.95996094
vt 0.09564209 0.95996094
vt 0.09564209 0.95996094
vt 0.09564209 0.95996094
vt 0.09564209 0.95996094
vt 0.09564209 0.95996094
vt 0.09564209 0.95996094
vt 0.09564209 0.95996094
vt 0.09564209 0.95996094
vt 0.09564209 0.95996094
vt 0.09564209 0.95996094
vt 0.09564209 0.95996094
vt 0.09564209 0.95996094
vt 0.09564209 0.95996094
vt 0.09564209 0.95996094
vt 0.09564209 0.95996094
vt 0.09564209 0.95996094
vt 0.09564209 0.95996094
vt 0.09564209 0.95996094
vt 0.09564209 0.95996094
vt 0.09564209 0.95996094
vt 0.09564209 0.95996094
vt 0.09564209 0.95996094
vt 0.09564209 0.95996094
vt 0.09564209 0.95996094
vt 0.09564209 0.95996094
vt 0.09564209 0.95996094
vt 0.09564209 0.95996094
vt 0.09564209 0.95996094
vt 0.09564209 0.95996094
vt 0.09564209 0.95996094
vt 0.09564209 0.95996094
vt 0.09564209 0.95996094
vt 0.09564209 0.95996094
vt 0.09564209 0.95996094
vt 0.09564209 0.95996094
vt 0.09564209 0.95996094
vt 0.09564209 0.95996094
vt 0.09564209 0.95996094
vt 0.09564209 0.95996094
vt 0.09564209 0.95996094
vt 0.09564209 0.95996094
vt 0.09564209 0.95996094
vt 0.09564209 0.95996094
vt 0.09564209 0.95996094
vt 0.09564209 0.95996094
vt 0.09564209 0.95996094
vt 0.09564209 0.95996094
vt 0.09564209 0.95996094
vt 0.09564209 0.95996094
vt 0.09564209 0.95996094
vt 0.09564209 0.95996094
vt 0.09564209 0.95996094
vt 0.09564209 0.95996094
vt 0.09564209 0.95996094
vt 0.09564209 0.95996094
vt 0.09564209 0.95996094
vt 0.09564209 0.95996094
vt 0.039489746 0.23254395
vt 0.039489746 0.23254395
vt 0.039489746 0.23254395
vt 0.039489746 0.23254395
vt 0.039489746 0.23254395
vt 0.039489746 0.23254395
vt 0.039489746 0.23254395
vt 0.039489746 0.23254395
vt 0.039489746 0.23254395
vt 0.039489746 0.23254395
vt 0.039489746 0.23254395
vt 0.039489746 0.23254395
vt 0.039489746 0.23254395
vt 0.039489746 0.23254395
vt 0.039489746 0.23254395
vt 0.039489746 0.23254395
vt 0.039489746 0.23254395
vt 0.039489746 0.23254395
vt 0.039489746 0.23254395
vt 0.039489746 0.23254395
vt 0.039489746 0.23254395
vt 0.039489746 0.23254395
vt 0.039489746 0.23254395
vt 0.039489746 0.23254395
vt 0.039489746 0.23254395
vt 0.039489746 0.23254395
vt 0.039489746 0.23254395
vt 0.039489746 0.23254395
vt 0.039489746 0.23254395
vt 0.039489746 0.23254395
vt 0.039489746 0.23254395
vt 0.039489746 0.23254395
vt 0.039489746 0.23254395
vt 0.039489746 0.23254395
vt 0.039489746 0.23254395
vt 0.039489746 0.23254395
vt 0.039489746 0.23254395
vt 0.039489746 0.23254395
vt 0.039489746 0.23254395
vt 0.039489746 0.23254395
vt 0.039489746 0.23254395
vt 0.039489746 0.23254395
vt 0.039489746 0.23254395
vt 0.039489746 0.23254395
vt 0.039489746 0.23254395
vt 0.039489746 0.23254395
vt 0.039489746 0.23254395
vt 0.039489746 0.23254395
vt 0.039489746 0.23254395
vt 0.039489746 0.23254395
vt 0.039489746 0.23254395
vt 0.039489746 0.23254395
vt 0.039489746 0.23254395
vt 0.039489746 0.23254395
vt 0.039489746 0.23254395
vt 0.039489746 0.23254395
vt 0.039489746 0.23254395
vt 0.039489746 0.23254395
vt 0.039489746 0.23254395
vt 0.039489746 0.23254395
vt 0.039489746 0.23254395
vt 0.039489746 0.23254395
vt 0.039489746 0.23254395
vt 0.039489746 0.23254395
vt 0.039489746 0.23254395
vt 0.039489746 0.23254395
vt 0.039489746 0.23254395
vt 0.039489746 0.23254395
vt 0.039489746 0.23254395
vt 0.039489746 0.23254395
vt 0.039489746 0.23254395
vt 0.039489746 0.23254395
vt 0.039489746 0.23254395
vt 0.039489746 0.23254395
vt 0.039489746 0.23254395
vt 0.039489746 0.23254395
vt 0.039489746 0.23254395
vt 0.039489746 0.23254395
vt 0.039489746 0.23254395
vt 0.039489746 0.23254395
vt 0.039489746 0.23254395
vt 0.039489746 0.23254395
vt 0.039489746 0.23254395
vt 0.039489746 0.23254395
vt 0.039489746 0.23254395
vt 0.039489746 0.23254395
vt 0.039489746 0.23254395
vt 0.039489746 0.23254395
vt 0.039489746 0.23254395
vt 0.039489746 0.23254395
vt 0.039489746 0.23254395
vt 0.039489746 0.23254395
vt 0.039489746 0.23254395
vt 0.039489746 0.23254395
vt 0.039489746 0.23254395
vt 0.039489746 0.23254395
vt 0.09564209 0.95996094
vt 0.09564209 0.95996094
vt 0.09564209 0.95996094
vt 0.09564209 0.95996094
vt 0.09564209 0.95996094
vt 0.09564209 0.95996094
vt 0.09564209 0.95996094
vt 0.09564209 0.95996094
vt 0.09564209 0.95996094
vt 0.09564209 0.95996094
vt 0.09564209 0.95996094
vt 0.09564209 0.95996094
vt 0.09564209 0.95996094
vt 0.09564209 0.95996094
vt 0.09564209 0.95996094
vt 0.09564209 0.95996094
vt 0.09564209 0.95996094
vt 0.09564209 0.95996094
vt 0.09564209 0.95996094
vt 0.09564209 0.95996094
vt 0.09564209 0.95996094
vt 0.09564209 0.95996094
vt 0.09564209 0.95996094
vt 0.09564209 0.95996094
vt 0.09564209 0.95996094
vt 0.09564209 0.95996094
vt 0.09564209 0.95996094
vt 0.09564209 0.95996094
vt 0.09564209 0.95996094
vt 0.09564209 0.95996094
vt 0.09564209 0.95996094
vt 0.09564209 0.95996094
vt 0.09564209 0.95996094
vt 0.09564209 0.95996094
vt 0.09564209 0.95996094
vt 0.09564209 0.95996094
vt 0.09564209 0.95996094
vt 0.09564209 0.95996094
vt 0.09564209 0.95996094
vt 0.09564209 0.95996094
vt 0.09564209 0.95996094
vt 0.09564209 0.95996094
vt 0.09564209 0.95996094
vt 0.09564209 0.95996094
vt 0.09564209 0.95996094
vt 0.09564209 0.95996094
vt 0.09564209 0.95996094
vt 0.09564209 0.95996094
vt 0.09564209 0.95996094
vt 0.09564209 0.95996094
vt 0.09564209 0.95996094
vt 0.09564209 0.95996094
vt 0.09564209 0.95996094
vt 0.09564209 0.95996094
vt 0.09564209 0.95996094
vt 0.09564209 0.95996094
vt 0.09564209 0.95996094
vt 0.09564209 0.95996094
vt 0.09564209 0.95996094
vt 0.09564209 0.95996094
vt 0.09564209 0.95996094
vt 0.09564209 0.95996094
vt 0.09564209 0.95996094
vt 0.09564209 0.95996094
vt 0.09564209 0.95996094
vt 0.09564209 0.95996094
vt 0.09564209 0.95996094
vt 0.09564209 0.95996094
vt 0.09564209 0.95996094
vt 0.09564209 0.95996094
vt 0.09564209 0.95996094
vt 0.09564209 0.95996094
vt 0.09564209 0.95996094
vt 0.09564209 0.95996094
vt 0.09564209 0.95996094
vt 0.09564209 0.95996094
vt 0.09564209 0.95996094
vt 0.09564209 0.95996094
vt 0.09564209 0.95996094
vt 0.09564209 0.95996094
vt 0.09564209 0.95996094
vt 0.09564209 0.95996094
vt 0.09564209 0.95996094
vt 0.09564209 0.95996094
vt 0.09564209 0.95996094
vt 0.09564209 0.95996094
vt 0.09564209 0.95996094
vt 0.09564209 0.95996094
vt 0.09564209 0.95996094
vt 0.09564209 0.95996094
vt 0.09564209 0.95996094
vt 0.09564209 0.95996094
vt 0.09564209 0.95996094
vt 0.09564209 0.95996094
vt 0.09564209 0.95996094
vt 0.09564209 0.95996094
vt 0.08862305 0.9765625
vt 0.08862305 0.9765625
vt 0.08862305 0.9765625
vt 0.08862305 0.9765625
vt 0.08862305 0.9765625
vt 0.08862305 0.9765625
vt 0.08862305 0.9765625
vt 0.08862305 0.9765625
vt 0.08862305 0.9765625
vt 0.08862305 0.9765625
vt 0.08862305 0.9765625
vt 0.08862305 0.9765625
vt 0.08862305 0.9765625
vt 0.08862305 0.9765625
vt 0.08862305 0.9765625
vt 0.08862305 0.9765625
vt 0.08862305 0.9765625
vt 0.08862305 0.9765625
vt 0.08862305 0.9765625
vt 0.08862305 0.9765625
vt 0.08862305 0.9765625
vt 0.08862305 0.9765625
vt 0.08862305 0.9765625
vt 0.08862305 0.9765625
vt 0.08862305 0.9765625
vt 0.08862305 0.9765625
vt 0.08862305 0.9765625
vt 0.08862305 0.9765625
vt 0.08862305 0.9765625
vt 0.08862305 0.9765625
vt 0.08862305 0.9765625
vt 0.08862305 0.9765625
vt 0.08862305 0.9765625
vt 0.08862305 0.9765625
vt 0.08862305 0.9765625
vt 0.08862305 0.9765625
vt 0.08862305 0.9765625
vt 0.08862305 0.9765625
vt 0.08862305 0.9765625
vt 0.08862305 0.9765625
vt 0.08862305 0.9765625
vt 0.08862305 0.9765625
vt 0.08862305 0.9765625
vt 0.08862305 0.9765625
vt 0.08862305 0.9765625
vt 0.08862305 0.9765625
vt 0.08862305 0.9765625
vt 0.08862305 0.9765625
vt 0.08862305 0.9765625
vt 0.08862305 0.9765625
vt 0.08862305 0.9765625
vt 0.08862305 0.9765625
vt 0.08862305 0.9765625
vt 0.08862305 0.9765625
vt 0.08862305 0.9765625
vt 0.08862305 0.9765625
vt 0.08862305 0.9765625
vt 0.08862305 0.9765625
vt 0.08862305 0.9765625
vt 0.08862305 0.9765625
vt 0.08862305 0.9765625
vt 0.08862305 0.9765625
vt 0.08862305 0.9765625
vt 0.08862305 0.9765625
vt 0.08862305 0.9765625
vt 0.08862305 0.9765625
vt 0.08862305 0.9765625
vt 0.08862305 0.9765625
vt 0.08862305 0.9765625
vt 0.08862305 0.9765625
vt 0.08862305 0.9765625
vt 0.08862305 0.9765625
vt 0.08862305 0.9765625
vt 0.08862305 0.9765625
vt 0.08862305 0.9765625
vt 0.08862305 0.9765625
vt 0.08862305 0.9765625
vt 0.08862305 0.9765625
vt 0.08862305 0.9765625
vt 0.08862305 0.9765625
vt 0.08862305 0.9765625
vt 0.08862305 0.9765625
vt 0.08862305 0.9765625
vt 0.08862305 0.9765625
vt 0.08862305 0.9765625
vt 0.08862305 0.9765625
vt 0.08862305 0.9765625
vt 0.08862305 0.9765625
vt 0.08862305 0.9765625
vt 0.08862305 0.9765625
vt 0.08862305 0.9765625
vt 0.08862305 0.9765625
vt 0.08862305 0.9765625
vt 0.08862305 0.9765625
vt 0.08862305 0.9765625
vt 0.08862305 0.9765625
vt 0.08862305 0.9765625
vt 0.08862305 0.9765625
vt 0.08862305 0.9765625
vt 0.08862305 0.9765625
vt 0.08862305 0.9765625
vt 0.08862305 0.9765625
vt 0.08862305 0.9765625
vt 0.08862305 0.9765625
vt 0.08862305 0.9765625
vt 0.08862305 0.9765625
vt 0.08862305 0.9765625
vt 0.08862305 0.9765625
vt 0.08862305 0.9765625
vt 0.08862305 0.9765625
vt 0.08862305 0.9765625
vt 0.08862305 0.9765625
vt 0.08862305 0.9765625
vt 0.08862305 0.9765625
vt 0.08862305 0.9765625
vt 0.08862305 0.9765625
vt 0.08862305 0.9765625
vt 0.08862305 0.9765625
vt 0.08862305 0.9765625
vt 0.08862305 0.9765625
vt 0.08862305 0.9765625
vt 0.08862305 0.9765625
vt 0.08862305 0.9765625
vt 0.08862305 0.9765625
vt 0.08862305 0.9765625
vt 0.08862305 0.9765625
vt 0.08862305 0.9765625
vt 0.08862305 0.9765625
vt 0.08862305 0.9765625
vt 0.08862305 0.9765625
vt 0.08862305 0.9765625
vt 0.08862305 0.9765625
vt 0.08862305 0.9765625
vt 0.08862305 0.9765625
vt 0.08862305 0.9765625
vt 0.08862305 0.9765625
vt 0.08862305 0.9765625
vt 0.08862305 0.9765625
vt 0.08862305 0.9765625
vt 0.08862305 0.9765625
vt 0.08862305 0.9765625
vt 0.08862305 0.9765625
vt 0.08862305 0.9765625
vt 0.08862305 0.9765625
vt 0.08862305 0.9765625
vt 0.08862305 0.9765625
vt 0.08862305 0.9765625
vt 0.08862305 0.9765625
vt 0.08862305 0.9765625
vt 0.08862305 0.9765625
vt 0.08862305 0.9765625
vt 0.08862305 0.9765625
vt 0.08862305 0.9765625
vt 0.08862305 0.9765625
vt 0.08862305 0.9765625
vt 0.08862305 0.9765625
vt 0.08862305 0.9765625
vt 0.08862305 0.9765625
vt 0.08862305 0.9765625
vt 0.08862305 0.9765625
vt 0.08862305 0.9765625
vt 0.08862305 0.9765625
vt 0.08862305 0.9765625
vt 0.08862305 0.9765625
vt 0.08862305 0.9765625
vt 0.08862305 0.9765625
vt 0.08862305 0.9765625
vt 0.08862305 0.9765625
vt 0.08862305 0.9765625
vt 0.08862305 0.9765625
vt 0.08862305 0.9765625
vt 0.08862305 0.9765625
vt 0.08862305 0.9765625
vt 0.08862305 0.9765625
vt 0.08862305 0.9765625
vt 0.08862305 0.9765625
vt 0.08862305 0.9765625
vt 0.08862305 0.9765625
vt 0.08862305 0.9765625
vt 0.08862305 0.9765625
vt 0.08862305 0.9765625
vt 0.08862305 0.9765625
vt 0.08862305 0.9765625
vt 0.08862305 0.9765625
vt 0.08862305 0.9765625
vt 0.08862305 0.9765625
vt 0.08862305 0.9765625
vt 0.08862305 0.9765625
vt 0.08862305 0.9765625
vt 0.08862305 0.9765625
vt 0.08862305 0.9765625
vt 0.08862305 0.9765625
vt 0.08862305 0.9765625
vt 0.08862305 0.9765625
vt 0.08862305 0.9765625
vt 0.08862305 0.9765625
vt 0.08862305 0.9765625
vt 0.08862305 0.9765625
vt 0.08862305 0.9765625
vt 0.08862305 0.9765625
vt 0.08862305 0.9765625
vt 0.08862305 0.9765625
vt 0.08862305 0.9765625
vt 0.08862305 0.9765625
vt 0.08862305 0.9765625
vt 0.08862305 0.9765625
vt 0.08862305 0.9765625
vt 0.08862305 0.9765625
vt 0.08862305 0.9765625
vt 0.08862305 0.9765625
vt 0.08862305 0.9765625
vt 0.08862305 0.9765625
vt 0.08862305 0.9765625
vt 0.08862305 0.9765625
vt 0.08862305 0.9765625
vt 0.08862305 0.9765625
vt 0.08862305 0.9765625
vt 0.08862305 0.9765625
vt 0.08862305 0.9765625
vt 0.08862305 0.9765625
vt 0.08862305 0.9765625
vt 0.08862305 0.9765625
vt 0.08862305 0.9765625
vt 0.08862305 0.9765625
vt 0.08862305 0.9765625
vt 0.08862305 0.9765625
vt 0.08862305 0.9765625
vt 0.08862305 0.9765625
vt 0.08862305 0.9765625
vt 0.08862305 0.9765625
vt 0.08862305 0.9765625
vt 0.08862305 0.9765625
vt 0.08862305 0.9765625
vt 0.08862305 0.9765625
vt 0.08862305 0.9765625
vt 0.08862305 0.9765625
vt 0.08862305 0.9765625
vt 0.08862305 0.9765625
vt 0.08862305 0.9765625
vt 0.08862305 0.9765625
vt 0.08862305 0.9765625
vt 0.08862305 0.9765625
vt 0.08862305 0.9765625
vt 0.08862305 0.9765625
vt 0.08862305 0.9765625
vt 0.08862305 0.9765625
vt 0.08862305 0.9765625
vt 0.08862305 0.9765625
vt 0.08862305 0.9765625
vt 0.08862305 0.9765625
vt 0.08862305 0.9765625
vt 0.08862305 0.9765625
vt 0.08862305 0.9765625
vt 0.08862305 0.9765625
vt 0.08862305 0.9765625
vt 0.08862305 0.9765625
vt 0.08862305 0.9765625
vt 0.08862305 0.9765625
vt 0.08862305 0.9765625
vt 0.08862305 0.9765625
vt 0.08862305 0.9765625
vt 0.08862305 0.9765625
vt 0.08862305 0.9765625
vt 0.08862305 0.9765625
vt 0.08862305 0.9765625
vt 0.08862305 0.9765625
vt 0.08862305 0.9765625
vt 0.08862305 0.9765625
vt 0.08862305 0.9765625
vt 0.08862305 0.9765625
vt 0.08862305 0.9765625
vt 0.08862305 0.9765625
vt 0.08862305 0.9765625
vt 0.08862305 0.9765625
vt 0.08862305 0.9765625
vt 0.08862305 0.9765625
vt 0.08862305 0.9765625
vt 0.08862305 0.9765625
vt 0.08862305 0.9765625
vt 0.08862305 0.9765625
vt 0.08862305 0.9765625
vt 0.08862305 0.9765625
vt 0.08862305 0.9765625
vt 0.08862305 0.9765625
vt 0.08862305 0.9765625
vt 0.08862305 0.9765625
vt 0.08862305 0.9765625
vt 0.08862305 0.9765625
vt 0.08862305 0.9765625
vt 0.08862305 0.9765625
vt 0.08862305 0.9765625
vt 0.08862305 0.9765625
vt 0.08862305 0.9765625
vt 0.08862305 0.9765625
vt 0.08862305 0.9765625
vt 0.08862305 0.9765625
vt 0.08862305 0.9765625
vt 0.08862305 0.9765625
vt 0.08862305 0.9765625
vt 0.08862305 0.9765625
vt 0.08862305 0.9765625
vt 0.08862305 0.9765625
vt 0.08862305 0.9765625
vt 0.08862305 0.9765625
vt 0.08862305 0.9765625
vt 0.08862305 0.9765625
vt 0.08862305 0.9765625
vt 0.08862305 0.9765625
vt 0.08862305 0.9765625
vt 0.08862305 0.9765625
vt 0.08862305 0.9765625
vt 0.08862305 0.9765625
vt 0.08862305 0.9765625
vt 0.08862305 0.9765625
vt 0.08862305 0.9765625
vt 0.08862305 0.9765625
vt 0.08862305 0.9765625
vt 0.08862305 0.9765625
vt 0.08862305 0.9765625
vt 0.08862305 0.9765625
vt 0.08862305 0.9765625
vt 0.08862305 0.9765625
vt 0.08862305 0.9765625
vt 0.08862305 0.9765625
vt 0.08862305 0.9765625
vt 0.08862305 0.9765625
vt 0.08862305 0.9765625
vt 0.08862305 0.9765625
vt 0.08862305 0.9765625
vt 0.08862305 0.9765625
vt 0.08862305 0.9765625
vt 0.08862305 0.9765625
vt 0.08862305 0.9765625
vt 0.08862305 0.9765625
vt 0.08862305 0.9765625
vt 0.08862305 0.9765625
vt 0.08862305 0.9765625
vt 0.08862305 0.9765625
vt 0.08862305 0.9765625
vt 0.08862305 0.9765625
vt 0.08862305 0.9765625
vt 0.08862305 0.9765625
vt 0.08862305 0.9765625
vt 0.08862305 0.9765625
vt 0.08862305 0.9765625
vt 0.08862305 0.9765625
vt 0.08862305 0.9765625
vt 0.08862305 0.9765625
vt 0.08862305 0.9765625
vt 0.08862305 0.9765625
vt 0.08862305 0.9765625
vt 0.08862305 0.9765625
vt 0.08862305 0.9765625
vt 0.08862305 0.9765625
vt 0.08862305 0.9765625
vt 0.08862305 0.9765625
vt 0.08862305 0.9765625
vt 0.08862305 0.9765625
vt 0.08862305 0.9765625
vt 0.08862305 0.9765625
vt 0.08862305 0.9765625
vt 0.08862305 0.9765625
vt 0.08862305 0.9765625
vt 0.08862305 0.9765625
vt 0.08862305 0.9765625
vt 0.08862305 0.9765625
vt 0.08862305 0.9765625
vt 0.08862305 0.9765625
vt 0.08862305 0.9765625
vt 0.08862305 0.9765625
vt 0.08862305 0.9765625
vt 0.08862305 0.9765625
vt 0.08862305 0.9765625
vt 0.08862305 0.9765625
vt 0.08862305 0.9765625
vt 0.08862305 0.9765625
vt 0.08862305 0.9765625
vt 0.08862305 0.9765625
vt 0.08862305 0.9765625
vt 0.08862305 0.9765625
vt 0.08862305 0.9765625
vt 0.08862305 0.9765625
vt 0.08862305 0.9765625
vt 0.08862305 0.9765625
vt 0.08862305 0.9765625
vt 0.08862305 0.9765625
vt 0.08862305 0.9765625
vt 0.08862305 0.9765625
vt 0.08862305 0.9765625
vt 0.08862305 0.9765625
vt 0.08862305 0.9765625
vt 0.08862305 0.9765625
vt 0.08862305 0.9765625
vt 0.08862305 0.9765625
vt 0.08862305 0.9765625
vt 0.08862305 0.9765625
vt 0.08862305 0.9765625
vt 0.08862305 0.9765625
vt 0.08862305 0.9765625
vt 0.08862305 0.9765625
vt 0.08862305 0.9765625
vt 0.08862305 0.9765625
vt 0.08862305 0.9765625
vt 0.08862305 0.9765625
vt 0.08862305 0.9765625
vt 0.08862305 0.9765625
vt 0.08862305 0.9765625
vt 0.08862305 0.9765625
vt 0.08862305 0.9765625
vt 0.08862305 0.9765625
vt 0.08862305 0.9765625
vt 0.08862305 0.9765625
vt 0.08862305 0.9765625
vt 0.08862305 0.9765625
vt 0.08862305 0.9765625
vt 0.08862305 0.9765625
vt 0.08862305 0.9765625
vt 0.08862305 0.9765625
vt 0.08862305 0.9765625
vt 0.08862305 0.9765625
vt 0.08862305 0.9765625
vt 0.08862305 0.9765625
vt 0.08862305 0.9765625
vt 0.08862305 0.9765625
vt 0.08862305 0.9765625
vt 0.08862305 0.9765625
vt 0.08862305 0.9765625
vt 0.08862305 0.9765625
vt 0.08862305 0.9765625
vt 0.08862305 0.9765625
vt 0.08862305 0.9765625
vt 0.08862305 0.9765625
vt 0.08862305 0.9765625
vt 0.08862305 0.9765625
vt 0.08862305 0.9765625
vt 0.08862305 0.9765625
vt 0.08862305 0.9765625
vt 0.08862305 0.9765625
vt 0.08862305 0.9765625
vt 0.08862305 0.9765625
vt 0.08862305 0.9765625
vt 0.08862305 0.9765625
vt 0.08862305 0.9765625
vt 0.08862305 0.9765625
vt 0.08862305 0.9765625
vt 0.08862305 0.9765625
vt 0.08862305 0.9765625
vt 0.08862305 0.9765625
vt 0.08862305 0.9765625
vt 0.08862305 0.9765625
vt 0.08862305 0.9765625
vt 0.08862305 0.9765625
vt 0.08862305 0.9765625
vt 0.08862305 0.9765625
vt 0.08862305 0.9765625
vt 0.08862305 0.9765625
vt 0.08862305 0.9765625
vt 0.08862305 0.9765625
vt 0.08862305 0.9765625
vt 0.08862305 0.9765625
vt 0.08862305 0.9765625
vt 0.08862305 0.9765625
vt 0.08862305 0.9765625
vt 0.08862305 0.9765625
vt 0.08862305 0.9765625
vt 0.08862305 0.9765625
vt 0.08862305 0.9765625
vt 0.08862305 0.9765625
vt 0.08862305 0.9765625
vt 0.08862305 0.9765625
vt 0.08862305 0.9765625
vt 0.08862305 0.9765625
vt 0.08862305 0.9765625
vt 0.08862305 0.9765625
vt 0.08862305 0.9765625
vt 0.08862305 0.9765625
vt 0.08862305 0.9765625
vt 0.08862305 0.9765625
vt 0.08862305 0.9765625
vt 0.08862305 0.9765625
vt 0.08862305 0.9765625
vt 0.10345459 0.9765625
vt 0.10345459 0.9765625
vt 0.10345459 0.9765625
vt 0.10345459 0.9765625
vt 0.10345459 0.9765625
vt 0.10345459 0.9765625
vt 0.10345459 0.9765625
vt 0.10345459 0.9765625
vt 0.10345459 0.9765625
vt 0.10345459 0.9765625
vt 0.10345459 0.9765625
vt 0.10345459 0.9765625
vt 0.10345459 0.9765625
vt 0.10345459 0.9765625
vt 0.10345459 0.9765625
vt 0.10345459 0.9765625
vt 0.10345459 0.9765625
vt 0.10345459 0.9765625
vt 0.10345459 0.9765625
vt 0.10345459 0.9765625
vt 0.10345459 0.9765625
vt 0.10345459 0.9765625
vt 0.10345459 0.9765625
vt 0.10345459 0.9765625
vt 0.10345459 0.9765625
vt 0.10345459 0.9765625
vt 0.10345459 0.9765625
vt 0.10345459 0.9765625
vt 0.10345459 0.9765625
vt 0.10345459 0.9765625
vt 0.10345459 0.9765625
vt 0.10345459 0.9765625
vt 0.10345459 0.9765625
vt 0.10345459 0.9765625
vt 0.10345459 0.9765625
vt 0.10345459 0.9765625
vt 0.10345459 0.9765625
vt 0.10345459 0.9765625
vt 0.10345459 0.9765625
vt 0.10345459 0.9765625
vt 0.10345459 0.9765625
vt 0.10345459 0.9765625
vt 0.10345459 0.9765625
vt 0.10345459 0.9765625
vt 0.10345459 0.9765625
vt 0.10345459 0.9765625
vt 0.10345459 0.9765625
vt 0.10345459 0.9765625
vt 0.10345459 0.9765625
vt 0.10345459 0.9765625
vt 0.10345459 0.9765625
vt 0.10345459 0.9765625
vt 0.10345459 0.9765625
vt 0.10345459 0.9765625
vt 0.10345459 0.9765625
vt 0.10345459 0.9765625
vt 0.10345459 0.9765625
vt 0.10345459 0.9765625
vt 0.10345459 0.9765625
vt 0.10345459 0.9765625
vt 0.10345459 0.9765625
vt 0.10345459 0.9765625
vt 0.10345459 0.9765625
vt 0.10345459 0.9765625
vt 0.10345459 0.9765625
vt 0.10345459 0.9765625
vt 0.10345459 0.9765625
vt 0.10345459 0.9765625
vt 0.10345459 0.9765625
vt 0.10345459 0.9765625
vt 0.10345459 0.9765625
vt 0.10345459 0.9765625
vt 0.10345459 0.9765625
vt 0.10345459 0.9765625
vt 0.10345459 0.9765625
vt 0.10345459 0.9765625
vt 0.10345459 0.9765625
vt 0.10345459 0.9765625
vt 0.10345459 0.9765625
vt 0.10345459 0.9765625
vt 0.10345459 0.9765625
vt 0.10345459 0.9765625
vt 0.10345459 0.9765625
vt 0.10345459 0.9765625
vt 0.10345459 0.9765625
vt 0.10345459 0.9765625
vt 0.10345459 0.9765625
vt 0.10345459 0.9765625
vt 0.10345459 0.9765625
vt 0.10345459 0.9765625
vt 0.10345459 0.9765625
vt 0.10345459 0.9765625
vt 0.10345459 0.9765625
vt 0.10345459 0.9765625
vt 0.10345459 0.9765625
vt 0.10345459 0.9765625
vt 0.10345459 0.9765625
vt 0.10345459 0.9765625
vt 0.10345459 0.9765625
vt 0.10345459 0.9765625
vt 0.10345459 0.9765625
vt 0.10345459 0.9765625
vt 0.10345459 0.9765625
vt 0.10345459 0.9765625
vt 0.10345459 0.9765625
vt 0.10345459 0.9765625
vt 0.10345459 0.9765625
vt 0.10345459 0.9765625
vt 0.10345459 0.9765625
vt 0.10345459 0.9765625
vt 0.10345459 0.9765625
vt 0.10345459 0.9765625
vt 0.10345459 0.9765625
vt 0.10345459 0.9765625
vt 0.10345459 0.9765625
vt 0.10345459 0.9765625
vt 0.10345459 0.9765625
vt 0.10345459 0.9765625
vt 0.10345459 0.9765625
vt 0.10345459 0.9765625
vt 0.10345459 0.9765625
vt 0.10345459 0.9765625
vt 0.10345459 0.9765625
vt 0.10345459 0.9765625
vt 0.10345459 0.9765625
vt 0.10345459 0.9765625
vt 0.10345459 0.9765625
vt 0.10345459 0.9765625
vt 0.10345459 0.9765625
vt 0.10345459 0.9765625
vt 0.10345459 0.9765625
vt 0.10345459 0.9765625
vt 0.10345459 0.9765625
vt 0.10345459 0.9765625
vt 0.10345459 0.9765625
vt 0.10345459 0.9765625
vt 0.10345459 0.9765625
vt 0.10345459 0.9765625
vt 0.10345459 0.9765625
vt 0.10345459 0.9765625
vt 0.10345459 0.9765625
vt 0.10345459 0.9765625
vt 0.10345459 0.9765625
vt 0.10345459 0.9765625
vt 0.10345459 0.9765625
vt 0.10345459 0.9765625
vt 0.10345459 0.9765625
vt 0.10345459 0.9765625
vt 0.10345459 0.9765625
vt 0.10345459 0.9765625
vt 0.10345459 0.9765625
vt 0.10345459 0.9765625
vt 0.10345459 0.9765625
vt 0.10345459 0.9765625
vt 0.10345459 0.9765625
vt 0.10345459 0.9765625
vt 0.10345459 0.9765625
vt 0.10345459 0.9765625
vt 0.10345459 0.9765625
vt 0.10345459 0.9765625
vt 0.10345459 0.9765625
vt 0.10345459 0.9765625
vt 0.10345459 0.9765625
vt 0.10345459 0.9765625
vt 0.10345459 0.9765625
vt 0.10345459 0.9765625
vt 0.10345459 0.9765625
vt 0.10345459 0.9765625
vt 0.10345459 0.9765625
vt 0.10345459 0.9765625
vt 0.10345459 0.9765625
vt 0.10345459 0.9765625
vt 0.10345459 0.9765625
vt 0.10345459 0.9765625
vt 0.10345459 0.9765625
vt 0.10345459 0.9765625
vt 0.10345459 0.9765625
vt 0.10345459 0.9765625
vt 0.10345459 0.9765625
vt 0.10345459 0.9765625
vt 0.10345459 0.9765625
vt 0.10345459 0.9765625
vt 0.10345459 0.9765625
vt 0.10345459 0.9765625
vt 0.10345459 0.9765625
vt 0.10345459 0.9765625
vt 0.10345459 0.9765625
vt 0.10345459 0.9765625
vt 0.10345459 0.9765625
vt 0.10345459 0.9765625
vt 0.10345459 0.9765625
vt 0.10345459 0.9765625
vt 0.10345459 0.9765625
vt 0.10345459 0.9765625
vt 0.10345459 0.9765625
vt 0.10345459 0.9765625
vt 0.10345459 0.9765625
vt 0.10345459 0.9765625
vt 0.10345459 0.9765625
vt 0.10345459 0.9765625
vt 0.10345459 0.9765625
vt 0.10345459 0.9765625
vt 0.10345459 0.9765625
vt 0.10345459 0.9765625
vt 0.10345459 0.9765625
vt 0.10345459 0.9765625
vt 0.10345459 0.9765625
vt 0.10345459 0.9765625
vt 0.10345459 0.9765625
vt 0.10345459 0.9765625
vt 0.10345459 0.9765625
vt 0.10345459 0.9765625
vt 0.10345459 0.9765625
vt 0.10345459 0.9765625
vt 0.10345459 0.9765625
vt 0.10345459 0.9765625
vt 0.10345459 0.9765625
vt 0.10345459 0.9765625
vt 0.10345459 0.9765625
vt 0.10345459 0.9765625
vt 0.10345459 0.9765625
vt 0.10345459 0.9765625
vt 0.10345459 0.9765625
vt 0.10345459 0.9765625
vt 0.10345459 0.9765625
vt 0.10345459 0.9765625
vt 0.10345459 0.9765625
vt 0.10345459 0.9765625
vt 0.10345459 0.9765625
vt 0.10345459 0.9765625
vt 0.10345459 0.9765625
vt 0.10345459 0.9765625
vt 0.10345459 0.9765625
vt 0.10345459 0.9765625
vt 0.10345459 0.9765625
vt 0.10345459 0.9765625
vt 0.10345459 0.9765625
vt 0.10345459 0.9765625
vt 0.10345459 0.9765625
vt 0.10345459 0.9765625
vt 0.10345459 0.9765625
vt 0.10345459 0.9765625
vt 0.10345459 0.9765625
vt 0.10345459 0.9765625
vt 0.10345459 0.9765625
vt 0.10345459 0.9765625
vt 0.10345459 0.9765625
vt 0.10345459 0.9765625
vt 0.10345459 0.9765625
vt 0.10345459 0.9765625
vt 0.10345459 0.9765625
vt 0.10345459 0.9765625
vt 0.10345459 0.9765625
vt 0.10345459 0.9765625
vt 0.10345459 0.9765625
vt 0.10345459 0.9765625
vt 0.10345459 0.9765625
vt 0.10345459 0.9765625
vt 0.10345459 0.9765625
vt 0.10345459 0.9765625
vt 0.10345459 0.9765625
vt 0.10345459 0.9765625
vt 0.10345459 0.9765625
vt 0.10345459 0.9765625
vt 0.10345459 0.9765625
vt 0.10345459 0.9765625
vt 0.10345459 0.9765625
vt 0.10345459 0.9765625
vt 0.10345459 0.9765625
vt 0.10345459 0.9765625
vt 0.10345459 0.9765625
vt 0.10345459 0.9765625
vt 0.10345459 0.9765625
vt 0.10345459 0.9765625
vt 0.10345459 0.9765625
vt 0.10345459 0.9765625
vt 0.10345459 0.9765625
vt 0.036712646 0.2734375
vt 0.036712646 0.2734375
vt 0.036712646 0.2734375
vt 0.036712646 0.2734375
vt 0.036712646 0.2734375
vt 0.036712646 0.2734375
vt 0.036712646 0.2734375
vt 0.036712646 0.2734375
vt 0.036712646 0.2734375
vt 0.036712646 0.2734375
vt 0.036712646 0.2734375
vt 0.036712646 0.2734375
vt 0.036712646 0.2734375
vt 0.036712646 0.2734375
vt 0.036712646 0.2734375
vt 0.036712646 0.2734375
vt 0.036712646 0.2734375
vt 0.036712646 0.2734375
vt 0.036712646 0.2734375
vt 0.036712646 0.2734375
vt 0.036712646 0.2734375
vt 0.036712646 0.2734375
vt 0.036712646 0.2734375
vt 0.036712646 0.2734375
vt 0.036712646 0.2734375
vt 0.036712646 0.2734375
vt 0.036712646 0.2734375
vt 0.036712646 0.2734375
vt 0.036712646 0.2734375
vt 0.036712646 0.2734375
vt 0.036712646 0.2734375
vt 0.036712646 0.2734375
vt 0.036712646 0.2734375
vt 0.036712646 0.2734375
vt 0.036712646 0.2734375
vt 0.036712646 0.2734375
vt 0.036712646 0.2734375
vt 0.036712646 0.2734375
vt 0.036712646 0.2734375
vt 0.036712646 0.2734375
vt 0.036712646 0.2734375
vt 0.036712646 0.2734375
vt 0.036712646 0.2734375
vt 0.036712646 0.2734375
vt 0.036712646 0.2734375
vt 0.036712646 0.2734375
vt 0.036712646 0.2734375
vt 0.036712646 0.2734375
vt 0.036712646 0.2734375
vt 0.036712646 0.2734375
vt 0.036712646 0.2734375
vt 0.036712646 0.2734375
vt 0.036712646 0.2734375
vt 0.036712646 0.2734375
vt 0.036712646 0.2734375
vt 0.036712646 0.2734375
vt 0.036712646 0.2734375
vt 0.036712646 0.2734375
vt 0.036712646 0.2734375
vt 0.036712646 0.2734375
vt 0.036712646 0.2734375
vt 0.036712646 0.2734375
vt 0.036712646 0.2734375
vt 0.036712646 0.2734375
vt 0.09063721 0.96875
vt 0.09063721 0.96875
vt 0.09063721 0.96875
vt 0.09063721 0.96875
vt 0.09063721 0.96875
vt 0.09063721 0.96875
vt 0.09063721 0.96875
vt 0.09063721 0.96875
vt 0.09063721 0.96875
vt 0.09063721 0.96875
vt 0.09063721 0.96875
vt 0.09063721 0.96875
vt 0.09063721 0.96875
vt 0.09063721 0.96875
vt 0.09063721 0.96875
vt 0.09063721 0.96875
vt 0.09063721 0.96875
vt 0.09063721 0.96875
vt 0.09063721 0.96875
vt 0.09063721 0.96875
vt 0.09063721 0.96875
vt 0.09063721 0.96875
vt 0.09063721 0.96875
vt 0.09063721 0.96875
vt 0.09063721 0.96875
vt 0.09063721 0.96875
vt 0.09063721 0.96875
vt 0.09063721 0.96875
vt 0.09063721 0.96875
vt 0.09063721 0.96875
vt 0.09063721 0.96875
vt 0.09063721 0.96875
vt 0.09063721 0.96875
vt 0.09063721 0.96875
vt 0.09063721 0.96875
vt 0.09063721 0.96875
vt 0.09063721 0.96875
vt 0.09063721 0.96875
vt 0.09063721 0.96875
vt 0.09063721 0.96875
vt 0.09063721 0.96875
vt 0.09063721 0.96875
vt 0.09063721 0.96875
vt 0.09063721 0.96875
vt 0.09063721 0.96875
vt 0.09063721 0.96875
vt 0.09063721 0.96875
vt 0.09063721 0.96875
vt 0.09063721 0.96875
vt 0.09063721 0.96875
vt 0.09063721 0.96875
vt 0.09063721 0.96875
vt 0.09063721 0.96875
vt 0.09063721 0.96875
vt 0.09063721 0.96875
vt 0.09063721 0.96875
vt 0.09063721 0.96875
vt 0.09063721 0.96875
vt 0.09063721 0.96875
vt 0.09063721 0.96875
vt 0.09063721 0.96875
vt 0.09063721 0.96875
vt 0.09063721 0.96875
vt 0.09063721 0.96875
vt 0.09063721 0.96875
vt 0.09063721 0.96875
vt 0.09063721 0.96875
vt 0.09063721 0.96875
vt 0.09063721 0.96875
vt 0.09063721 0.96875
vt 0.09063721 0.96875
vt 0.09063721 0.96875
vt 0.09063721 0.96875
vt 0.09063721 0.96875
vt 0.09063721 0.96875
vt 0.09063721 0.96875
vt 0.09063721 0.96875
vt 0.09063721 0.96875
vt 0.09063721 0.96875
vt 0.09063721 0.96875
vt 0.09063721 0.96875
vt 0.09063721 0.96875
vt 0.09063721 0.96875
vt 0.09063721 0.96875
vt 0.09063721 0.96875
vt 0.09063721 0.96875
vt 0.09063721 0.96875
vt 0.09063721 0.96875
vt 0.09063721 0.96875
vt 0.09063721 0.96875
vt 0.09063721 0.96875
vt 0.09063721 0.96875
vt 0.09063721 0.96875
vt 0.09063721 0.96875
vt 0.09063721 0.96875
vt 0.09063721 0.96875
vt 0.09063721 0.96875
vt 0.09063721 0.96875
vt 0.027526855 0.21960449
vt 0.027526855 0.21960449
vt 0.027526855 0.21960449
vt 0.027526855 0.21960449
vt 0.027526855 0.21960449
vt 0.027526855 0.21960449
vt 0.027526855 0.21960449
vt 0.027526855 0.21960449
vt 0.027526855 0.21960449
vt 0.027526855 0.21960449
vt 0.027526855 0.21960449
vt 0.027526855 0.21960449
vt 0.027526855 0.21960449
vt 0.027526855 0.21960449
vt 0.027526855 0.21960449
vt 0.027526855 0.21960449
vt 0.027526855 0.21960449
vt 0.027526855 0.21960449
vt 0.027526855 0.21960449
vt 0.027526855 0.21960449
vt 0.027526855 0.21960449
vt 0.027526855 0.21960449
vt 0.027526855 0.21960449
vt 0.027526855 0.21960449
vt 0.027526855 0.21960449
vt 0.027526855 0.21960449
vt 0.027526855 0.21960449
vt 0.027526855 0.21960449
vt 0.027526855 0.21960449
vt 0.027526855 0.21960449
vt 0.027526855 0.21960449
vt 0.027526855 0.21960449
vt 0.027526855 0.21960449
vt 0.027526855 0.21960449
vt 0.027526855 0.21960449
vt 0.027526855 0.21960449
vt 0.027526855 0.21960449
vt 0.027526855 0.21960449
vt 0.027526855 0.21960449
vt 0.027526855 0.21960449
vt 0.027526855 0.21960449
vt 0.027526855 0.21960449
vt 0.027526855 0.21960449
vt 0.027526855 0.21960449
vt 0.027526855 0.21960449
vt 0.027526855 0.21960449
vt 0.027526855 0.21960449
vt 0.027526855 0.21960449
vt 0.027526855 0.21960449
vt 0.027526855 0.21960449
vt 0.027526855 0.21960449
vt 0.027526855 0.21960449
vt 0.027526855 0.21960449
vt 0.027526855 0.21960449
vt 0.027526855 0.21960449
vt 0.027526855 0.21960449
vt 0.027526855 0.21960449
vt 0.027526855 0.21960449
vt 0.027526855 0.21960449
vt 0.027526855 0.21960449
vt 0.027526855 0.21960449
vt 0.027526855 0.21960449
vt 0.027526855 0.21960449
vt 0.027526855 0.21960449
vt 0.027526855 0.21960449
vt 0.027526855 0.21960449
vt 0.027526855 0.21960449
vt 0.027526855 0.21960449
vt 0.027526855 0.21960449
vt 0.027526855 0.21960449
vt 0.027526855 0.21960449
vt 0.027526855 0.21960449
vt 0.027526855 0.21960449
vt 0.027526855 0.21960449
vt 0.027526855 0.21960449
vt 0.027526855 0.21960449
vt 0.027526855 0.21960449
vt 0.027526855 0.21960449
vt 0.027526855 0.21960449
vt 0.027526855 0.21960449
vt 0.027526855 0.21960449
vt 0.027526855 0.21960449
vt 0.027526855 0.21960449
vt 0.027526855 0.21960449
vt 0.027526855 0.21960449
vt 0.027526855 0.21960449
vt 0.027526855 0.21960449
vt 0.027526855 0.21960449
vt 0.027526855 0.21960449
vt 0.027526855 0.21960449
vt 0.027526855 0.21960449
vt 0.027526855 0.21960449
vt 0.027526855 0.21960449
vt 0.027526855 0.21960449
vt 0.027526855 0.21960449
vt 0.027526855 0.21960449
vt 0.027526855 0.21960449
vt 0.027526855 0.21960449
vt 0.027526855 0.21960449
vt 0.027526855 0.21960449
vt 0.027526855 0.21960449
vt 0.027526855 0.21960449
vt 0.027526855 0.21960449
vt 0.027526855 0.21960449
vt 0.027526855 0.21960449
vt 0.027526855 0.21960449
vt 0.027526855 0.21960449
vt 0.027526855 0.21960449
vt 0.027526855 0.21960449
vt 0.027526855 0.21960449
vt 0.027526855 0.21960449
vt 0.027526855 0.21960449
vt 0.027526855 0.21960449
vt 0.027526855 0.21960449
vt 0.027526855 0.21960449
vt 0.027526855 0.21960449
vt 0.027526855 0.21960449
vt 0.027526855 0.21960449
vt 0.027526855 0.21960449
vt 0.027526855 0.21960449
vt 0.10345459 0.9765625
vt 0.10345459 0.9765625
vt 0.10345459 0.9765625
vt 0.10345459 0.9765625
vt 0.10345459 0.9765625
vt 0.10345459 0.9765625
vt 0.10345459 0.9765625
vt 0.10345459 0.9765625
vt 0.10345459 0.9765625
vt 0.10345459 0.9765625
vt 0.10345459 0.9765625
vt 0.10345459 0.9765625
vt 0.10345459 0.9765625
vt 0.10345459 0.9765625
vt 0.10345459 0.9765625
vt 0.10345459 0.9765625
vt 0.10345459 0.9765625
vt 0.10345459 0.9765625
vt 0.10345459 0.9765625
vt 0.10345459 0.9765625
vt 0.10345459 0.9765625
vt 0.10345459 0.9765625
vt 0.10345459 0.9765625
vt 0.10345459 0.9765625
vt 0.10345459 0.9765625
vt 0.10345459 0.9765625
vt 0.10345459 0.9765625
vt 0.10345459 0.9765625
vt 0.10345459 0.9765625
vt 0.10345459 0.9765625
vt 0.10345459 0.9765625
vt 0.10345459 0.9765625
vt 0.10345459 0.9765625
vt 0.10345459 0.9765625
vt 0.10345459 0.9765625
vt 0.10345459 0.9765625
vt 0.10345459 0.9765625
vt 0.10345459 0.9765625
vt 0.10345459 0.9765625
vt 0.10345459 0.9765625
vt 0.10345459 0.9765625
vt 0.10345459 0.9765625
vt 0.10345459 0.9765625
vt 0.10345459 0.9765625
vt 0.10345459 0.9765625
vt 0.10345459 0.9765625
vt 0.10345459 0.9765625
vt 0.10345459 0.9765625
vt 0.10345459 0.9765625
vt 0.10345459 0.9765625
vt 0.10345459 0.9765625
vt 0.10345459 0.9765625
vt 0.10345459 0.9765625
vt 0.10345459 0.9765625
vt 0.10345459 0.9765625
vt 0.10345459 0.9765625
vt 0.10345459 0.9765625
vt 0.10345459 0.9765625
vt 0.10345459 0.9765625
vt 0.10345459 0.9765625
vt 0.10345459 0.9765625
vt 0.10345459 0.9765625
vt 0.10345459 0.9765625
vt 0.10345459 0.9765625
vt 0.10345459 0.9765625
vt 0.10345459 0.9765625
vt 0.10345459 0.9765625
vt 0.10345459 0.9765625
vt 0.10345459 0.9765625
vt 0.10345459 0.9765625
vt 0.10345459 0.9765625
vt 0.10345459 0.9765625
vt 0.10345459 0.9765625
vt 0.10345459 0.9765625
vt 0.10345459 0.9765625
vt 0.10345459 0.9765625
vt 0.10345459 0.9765625
vt 0.10345459 0.9765625
vt 0.10345459 0.9765625
vt 0.10345459 0.9765625
vt 0.10345459 0.9765625
vt 0.10345459 0.9765625
vt 0.10345459 0.9765625
vt 0.10345459 0.9765625
vt 0.10345459 0.9765625
vt 0.10345459 0.9765625
vt 0.10345459 0.9765625
vt 0.10345459 0.9765625
vt 0.10345459 0.9765625
vt 0.10345459 0.9765625
vt 0.10345459 0.9765625
vt 0.03161621 0.21459961
vt 0.03161621 0.21459961
vt 0.03161621 0.21459961
vt 0.03161621 0.21459961
vt 0.03161621 0.21459961
vt 0.03161621 0.21459961
vt 0.03161621 0.21459961
vt 0.03161621 0.21459961
vt 0.03161621 0.21459961
vt 0.03161621 0.21459961
vt 0.03161621 0.21459961
vt 0.03161621 0.21459961
vt 0.03161621 0.21459961
vt 0.03161621 0.21459961
vt 0.03161621 0.21459961
vt 0.03161621 0.21459961
vt 0.03161621 0.21459961
vt 0.03161621 0.21459961
vt 0.03161621 0.21459961
vt 0.03161621 0.21459961
vt 0.03161621 0.21459961
vt 0.03161621 0.21459961
vt 0.03161621 0.21459961
vt 0.03161621 0.21459961
vt 0.03161621 0.21459961
vt 0.03161621 0.21459961
vt 0.03161621 0.21459961
vt 0.03161621 0.21459961
vt 0.03161621 0.21459961
vt 0.03161621 0.21459961
vt 0.03161621 0.21459961
vt 0.03161621 0.21459961
vt 0.03161621 0.21459961
vt 0.03161621 0.21459961
vt 0.03161621 0.21459961
vt 0.03161621 0.21459961
vt 0.03161621 0.21459961
vt 0.03161621 0.21459961
vt 0.03161621 0.21459961
vt 0.03161621 0.21459961
vt 0.03161621 0.21459961
vt 0.03161621 0.21459961
vt 0.03161621 0.21459961
vt 0.03161621 0.21459961
vt 0.03161621 0.21459961
vt 0.03161621 0.21459961
vt 0.03161621 0.21459961
vt 0.03161621 0.21459961
vt 0.03161621 0.21459961
vt 0.03161621 0.21459961
vt 0.03161621 0.21459961
vt 0.03161621 0.21459961
vt 0.03161621 0.21459961
vt 0.03161621 0.21459961
vt 0.03161621 0.21459961
vt 0.03161621 0.21459961
vt 0.03161621 0.21459961
vt 0.03161621 0.21459961
vt 0.03161621 0.21459961
vt 0.03161621 0.21459961
vt 0.03161621 0.21459961
vt 0.03161621 0.21459961
vt 0.03161621 0.21459961
vt 0.03161621 0.21459961
vt 0.03161621 0.21459961
vt 0.03161621 0.21459961
vt 0.03161621 0.21459961
vt 0.03161621 0.21459961
vt 0.03161621 0.21459961
vt 0.03161621 0.21459961
vt 0.03161621 0.21459961
vt 0.03161621 0.21459961
vt 0.03161621 0.21459961
vt 0.03161621 0.21459961
vt 0.03161621 0.21459961
vt 0.03161621 0.21459961
vt 0.03161621 0.21459961
vt 0.03161621 0.21459961
vt 0.03161621 0.21459961
vt 0.03161621 0.21459961
vt 0.03161621 0.21459961
vt 0.03161621 0.21459961
vt 0.03161621 0.21459961
vt 0.03161621 0.21459961
vt 0.01763916 0.21728516
vt 0.01763916 0.21728516
vt 0.01763916 0.21728516
vt 0.01763916 0.21728516
vt 0.01763916 0.21728516
vt 0.01763916 0.21728516
vt 0.01763916 0.21728516
vt 0.01763916 0.21728516
vt 0.01763916 0.21728516
vt 0.01763916 0.21728516
vt 0.01763916 0.21728516
vt 0.01763916 0.21728516
vt 0.01763916 0.21728516
vt 0.01763916 0.21728516
vt 0.01763916 0.21728516
vt 0.01763916 0.21728516
vt 0.01763916 0.21728516
vt 0.01763916 0.21728516
vt 0.01763916 0.21728516
vt 0.01763916 0.21728516
vt 0.01763916 0.21728516
vt 0.01763916 0.21728516
vt 0.01763916 0.21728516
vt 0.01763916 0.21728516
vt 0.01763916 0.21728516
vt 0.01763916 0.21728516
vt 0.01763916 0.21728516
vt 0.01763916 0.21728516
vt 0.01763916 0.21728516
vt 0.01763916 0.21728516
vt 0.01763916 0.21728516
vt 0.01763916 0.21728516
vt 0.01763916 0.21728516
vt 0.01763916 0.21728516
vt 0.01763916 0.21728516
vt 0.01763916 0.21728516
vt 0.01763916 0.21728516
vt 0.01763916 0.21728516
vt 0.01763916 0.21728516
vt 0.01763916 0.21728516
vt 0.01763916 0.21728516
vt 0.01763916 0.21728516
vt 0.01763916 0.21728516
vt 0.01763916 0.21728516
vt 0.01763916 0.21728516
vt 0.01763916 0.21728516
vt 0.01763916 0.21728516
vt 0.01763916 0.21728516
vt 0.01763916 0.21728516
vt 0.01763916 0.21728516
vt 0.01763916 0.21728516
vt 0.01763916 0.21728516
vt 0.01763916 0.21728516
vt 0.01763916 0.21728516
vt 0.01763916 0.21728516
vt 0.01763916 0.21728516
vt 0.01763916 0.21728516
vt 0.01763916 0.21728516
vt 0.01763916 0.21728516
vt 0.01763916 0.21728516
vt 0.01763916 0.21728516
vt 0.01763916 0.21728516
vt 0.01763916 0.21728516
vt 0.01763916 0.21728516
vt 0.01763916 0.21728516
vt 0.01763916 0.21728516
vt 0.01763916 0.21728516
vt 0.01763916 0.21728516
vt 0.01763916 0.21728516
vt 0.01763916 0.21728516
vt 0.01763916 0.21728516
vt 0.01763916 0.21728516
vt 0.01763916 0.21728516
vt 0.01763916 0.21728516
vt 0.01763916 0.21728516
vt 0.01763916 0.21728516
vt 0.01763916 0.21728516
vt 0.01763916 0.21728516
vt 0.01763916 0.21728516
vt 0.01763916 0.21728516
vt 0.01763916 0.21728516
vt 0.01763916 0.21728516
vt 0.01763916 0.21728516
vt 0.01763916 0.21728516
vt 0.0881958 0.97265625
vt 0.0881958 0.97265625
vt 0.0881958 0.97265625
vt 0.0881958 0.97265625
vt 0.0881958 0.97265625
vt 0.0881958 0.97265625
vt 0.0881958 0.97265625
vt 0.0881958 0.97265625
vt 0.0881958 0.97265625
vt 0.0881958 0.97265625
vt 0.0881958 0.97265625
vt 0.0881958 0.97265625
vt 0.0881958 0.97265625
vt 0.0881958 0.97265625
vt 0.0881958 0.97265625
vt 0.0881958 0.97265625
vt 0.0881958 0.97265625
vt 0.0881958 0.97265625
vt 0.0881958 0.97265625
vt 0.0881958 0.97265625
vt 0.0881958 0.97265625
vt 0.0881958 0.97265625
vt 0.0881958 0.97265625
vt 0.0881958 0.97265625
vt 0.0881958 0.97265625
vt 0.0881958 0.97265625
vt 0.0881958 0.97265625
vt 0.0881958 0.97265625
vt 0.0881958 0.97265625
vt 0.0881958 0.97265625
vt 0.0881958 0.97265625
vt 0.0881958 0.97265625
vt 0.0881958 0.97265625
vt 0.0881958 0.97265625
vt 0.0881958 0.97265625
vt 0.0881958 0.97265625
vt 0.0881958 0.97265625
vt 0.0881958 0.97265625
vt 0.0881958 0.97265625
vt 0.0881958 0.97265625
vt 0.0881958 0.97265625
vt 0.0881958 0.97265625
vt 0.084350586 0.97265625
vt 0.084350586 0.97265625
vt 0.084350586 0.97265625
vt 0.084350586 0.97265625
vt 0.084350586 0.97265625
vt 0.084350586 0.97265625
vt 0.084350586 0.97265625
vt 0.084350586 0.97265625
vt 0.084350586 0.97265625
vt 0.084350586 0.97265625
vt 0.084350586 0.97265625
vt 0.084350586 0.97265625
vt 0.084350586 0.97265625
vt 0.084350586 0.97265625
vt 0.084350586 0.97265625
vt 0.084350586 0.97265625
vt 0.084350586 0.97265625
vt 0.084350586 0.97265625
vt 0.084350586 0.97265625
vt 0.084350586 0.97265625
vt 0.084350586 0.97265625
vt 0.084350586 0.97265625
vt 0.084350586 0.97265625
vt 0.084350586 0.97265625
vt 0.084350586 0.97265625
vt 0.084350586 0.97265625
vt 0.084350586 0.97265625
vt 0.084350586 0.97265625
vt 0.084350586 0.97265625
vt 0.084350586 0.97265625
vt 0.084350586 0.97265625
vt 0.084350586 0.97265625
vt 0.084350586 0.97265625
vt 0.084350586 0.97265625
vt 0.084350586 0.97265625
vt 0.084350586 0.97265625
vt 0.084350586 0.97265625
vt 0.084350586 0.97265625
vt 0.084350586 0.97265625
vt 0.084350586 0.97265625
vt 0.084350586 0.97265625
vt 0.084350586 0.97265625
vt 0.084350586 0.97265625
vt 0.084350586 0.97265625
vt 0.084350586 0.97265625
vt 0.084350586 0.97265625
vt 0.084350586 0.97265625
vt 0.084350586 0.97265625
vt 0.084350586 0.97265625
vt 0.084350586 0.97265625
vt 0.084350586 0.97265625
vt 0.084350586 0.97265625
vt 0.084350586 0.97265625
vt 0.084350586 0.97265625
vt 0.084350586 0.97265625
vt 0.084350586 0.97265625
vt 0.084350586 0.97265625
vt 0.084350586 0.97265625
vt 0.084350586 0.97265625
vt 0.084350586 0.97265625
vt 0.084350586 0.97265625
vt 0.084350586 0.97265625
vt 0.084350586 0.97265625
vt 0.084350586 0.97265625
vt 0.084350586 0.97265625
vt 0.084350586 0.97265625
vt 0.084350586 0.97265625
vt 0.084350586 0.97265625
vt 0.084350586 0.97265625
vt 0.084350586 0.97265625
vt 0.084350586 0.97265625
vt 0.084350586 0.97265625
vt 0.084350586 0.97265625
vt 0.084350586 0.97265625
vt 0.084350586 0.97265625
vt 0.084350586 0.97265625
vt 0.084350586 0.97265625
vt 0.084350586 0.97265625
vt 0.084350586 0.97265625
vt 0.084350586 0.97265625
vt 0.084350586 0.97265625
vt 0.084350586 0.97265625
vt 0.084350586 0.97265625
vt 0.084350586 0.97265625
vt 0.084350586 0.97265625
vt 0.084350586 0.97265625
vt 0.084350586 0.97265625
vt 0.084350586 0.97265625
vt 0.084350586 0.97265625
vt 0.084350586 0.97265625
vt 0.084350586 0.97265625
vt 0.084350586 0.97265625
vt 0.084350586 0.97265625
vt 0.084350586 0.97265625
vt 0.084350586 0.97265625
vt 0.084350586 0.97265625
vt 0.084350586 0.97265625
vt 0.084350586 0.97265625
vt 0.084350586 0.97265625
vt 0.084350586 0.97265625
vt 0.084350586 0.97265625
vt 0.084350586 0.97265625
vt 0.084350586 0.97265625
vt 0.084350586 0.97265625
vt 0.084350586 0.97265625
vt 0.084350586 0.97265625
vt 0.084350586 0.97265625
vt 0.084350586 0.97265625
vt 0.084350586 0.97265625
vt 0.084350586 0.97265625
vt 0.084350586 0.97265625
vt 0.084350586 0.97265625
vt 0.084350586 0.97265625
vt 0.084350586 0.97265625
vt 0.084350586 0.97265625
vt 0.084350586 0.97265625
vt 0.084350586 0.97265625
vt 0.084350586 0.97265625
vt 0.084350586 0.97265625
vt 0.084350586 0.97265625
vt 0.084350586 0.97265625
vt 0.084350586 0.97265625
vt 0.084350586 0.97265625
vt 0.084350586 0.97265625
vt 0.084350586 0.97265625
vt 0.084350586 0.97265625
vt 0.084350586 0.97265625
vt 0.084350586 0.97265625
vt 0.084350586 0.97265625
vt 0.084350586 0.97265625
vt 0.084350586 0.97265625
vt 0.084350586 0.97265625
vt 0.084350586 0.97265625
vt 0.084350586 0.97265625
vt 0.084350586 0.97265625
vt 0.084350586 0.97265625
vt 0.084350586 0.97265625
vt 0.084350586 0.97265625
vt 0.084350586 0.97265625
vt 0.084350586 0.97265625
vt 0.084350586 0.97265625
vt 0.084350586 0.97265625
vt 0.084350586 0.97265625
vt 0.084350586 0.97265625
vt 0.084350586 0.97265625
vt 0.084350586 0.97265625
vt 0.084350586 0.97265625
vt 0.084350586 0.97265625
vt 0.084350586 0.97265625
vt 0.084350586 0.97265625
vt 0.084350586 0.97265625
vt 0.084350586 0.97265625
vt 0.084350586 0.97265625
vt 0.084350586 0.97265625
vt 0.084350586 0.97265625
vt 0.084350586 0.97265625
vt 0.084350586 0.97265625
vt 0.084350586 0.97265625
vt 0.084350586 0.97265625
vt 0.084350586 0.97265625
vt 0.084350586 0.97265625
vt 0.084350586 0.97265625
vt 0.084350586 0.97265625
vt 0.084350586 0.97265625
vt 0.084350586 0.97265625
vt 0.084350586 0.97265625
vt 0.084350586 0.97265625
vt 0.084350586 0.97265625
vt 0.084350586 0.97265625
vt 0.084350586 0.97265625
vt 0.084350586 0.97265625
vt 0.084350586 0.97265625
vt 0.084350586 0.97265625
vt 0.084350586 0.97265625
vt 0.084350586 0.97265625
vt 0.084350586 0.97265625
vt 0.084350586 0.97265625
vt 0.084350586 0.97265625
vt 0.084350586 0.97265625
vt 0.084350586 0.97265625
vt 0.084350586 0.97265625
vt 0.084350586 0.97265625
vt 0.084350586 0.97265625
vt 0.084350586 0.97265625
vt 0.084350586 0.97265625
vt 0.084350586 0.97265625
vt 0.084350586 0.97265625
vt 0.084350586 0.97265625
vt 0.084350586 0.97265625
vt 0.084350586 0.97265625
vt 0.084350586 0.97265625
vt 0.084350586 0.97265625
vt 0.084350586 0.97265625
vt 0.084350586 0.97265625
vt 0.084350586 0.97265625
vt 0.084350586 0.97265625
vt 0.084350586 0.97265625
vt 0.084350586 0.97265625
vt 0.084350586 0.97265625
vt 0.084350586 0.97265625
vt 0.084350586 0.97265625
vt 0.084350586 0.97265625
vt 0.084350586 0.97265625
vt 0.084350586 0.97265625
vt 0.084350586 0.97265625
vt 0.084350586 0.97265625
vt 0.084350586 0.97265625
vt 0.084350586 0.97265625
vt 0.084350586 0.97265625
vt 0.084350586 0.97265625
vt 0.084350586 0.97265625
vt 0.084350586 0.97265625
vt 0.084350586 0.97265625
vt 0.084350586 0.97265625
vt 0.084350586 0.97265625
vt 0.084350586 0.97265625
vt 0.084350586 0.97265625
vt 0.084350586 0.97265625
vt 0.084350586 0.97265625
vt 0.084350586 0.97265625
vt 0.084350586 0.97265625
vt 0.084350586 0.97265625
vt 0.084350586 0.97265625
vt 0.084350586 0.97265625
vt 0.084350586 0.97265625
vt 0.084350586 0.97265625
vt 0.084350586 0.97265625
vt 0.084350586 0.97265625
vt 0.084350586 0.97265625
vt 0.084350586 0.97265625
vt 0.084350586 0.97265625
vt 0.084350586 0.97265625
vt 0.084350586 0.97265625
vt 0.084350586 0.97265625
vt 0.084350586 0.97265625
vt 0.084350586 0.97265625
vt 0.084350586 0.97265625
vt 0.084350586 0.97265625
vt 0.084350586 0.97265625
vt 0.084350586 0.97265625
vt 0.084350586 0.97265625
vt 0.084350586 0.97265625
vt 0.084350586 0.97265625
vt 0.084350586 0.97265625
vt 0.084350586 0.97265625
vt 0.084350586 0.97265625
vt 0.084350586 0.97265625
vt 0.084350586 0.97265625
vt 0.084350586 0.97265625
vt 0.084350586 0.97265625
vt 0.084350586 0.97265625
vt 0.084350586 0.97265625
vt 0.084350586 0.97265625
vt 0.084350586 0.97265625
vt 0.084350586 0.97265625
vt 0.084350586 0.97265625
vt 0.084350586 0.97265625
vt 0.084350586 0.97265625
vt 0.084350586 0.97265625
vt 0.084350586 0.97265625
vt 0.084350586 0.97265625
vt 0.084350586 0.97265625
vt 0.084350586 0.97265625
vt 0.084350586 0.97265625
vt 0.084350586 0.97265625
vt 0.084350586 0.97265625
vt 0.084350586 0.97265625
vt 0.084350586 0.97265625
vt 0.084350586 0.97265625
vt 0.084350586 0.97265625
vt 0.084350586 0.97265625
vt 0.084350586 0.97265625
vt 0.084350586 0.97265625
vt 0.084350586 0.97265625
vt 0.084350586 0.97265625
vt 0.084350586 0.97265625
vt 0.084350586 0.97265625
vt 0.084350586 0.97265625
vt 0.084350586 0.97265625
vt 0.084350586 0.97265625
vt 0.084350586 0.97265625
vt 0.084350586 0.97265625
vt 0.084350586 0.97265625
vt 0.084350586 0.97265625
vt 0.084350586 0.97265625
vt 0.084350586 0.97265625
vt 0.084350586 0.97265625
vt 0.084350586 0.97265625
vt 0.084350586 0.97265625
vt 0.084350586 0.97265625
vt 0.084350586 0.97265625
vt 0.084350586 0.97265625
vt 0.084350586 0.97265625
vt 0.084350586 0.97265625
vt 0.084350586 0.97265625
vt 0.084350586 0.97265625
vt 0.084350586 0.97265625
vt 0.084350586 0.97265625
vt 0.084350586 0.97265625
vt 0.084350586 0.97265625
vt 0.084350586 0.97265625
vt 0.084350586 0.97265625
vt 0.084350586 0.97265625
vt 0.084350586 0.97265625
vt 0.084350586 0.97265625
vt 0.084350586 0.97265625
vt 0.084350586 0.97265625
vt 0.084350586 0.97265625
vt 0.084350586 0.97265625
vt 0.084350586 0.97265625
vt 0.084350586 0.97265625
vt 0.084350586 0.97265625
vt 0.084350586 0.97265625
vt 0.084350586 0.97265625
vt 0.084350586 0.97265625
vt 0.084350586 0.97265625
vt 0.084350586 0.97265625
vt 0.084350586 0.97265625
vt 0.084350586 0.97265625
vt 0.084350586 0.97265625
vt 0.084350586 0.97265625
vt 0.084350586 0.97265625
vt 0.084350586 0.97265625
vt 0.084350586 0.97265625
vt 0.084350586 0.97265625
vt 0.084350586 0.97265625
vt 0.084350586 0.97265625
vt 0.084350586 0.97265625
vt 0.084350586 0.97265625
vt 0.084350586 0.97265625
vt 0.084350586 0.97265625
vt 0.084350586 0.97265625
vt 0.084350586 0.97265625
vt 0.084350586 0.97265625
vt 0.084350586 0.97265625
vt 0.084350586 0.97265625
vt 0.084350586 0.97265625
vt 0.084350586 0.97265625
vt 0.084350586 0.97265625
vt 0.084350586 0.97265625
vt 0.084350586 0.97265625
vt 0.084350586 0.97265625
vt 0.084350586 0.97265625
vt 0.084350586 0.97265625
vt 0.084350586 0.97265625
vt 0.084350586 0.97265625
vt 0.084350586 0.97265625
vt 0.084350586 0.97265625
vt 0.084350586 0.97265625
vt 0.084350586 0.97265625
vt 0.084350586 0.97265625
vt 0.084350586 0.97265625
vt 0.084350586 0.97265625
vt 0.084350586 0.97265625
vt 0.084350586 0.97265625
vt 0.084350586 0.97265625
vt 0.084350586 0.97265625
vt 0.084350586 0.97265625
vt 0.084350586 0.97265625
vt 0.084350586 0.97265625
vt 0.084350586 0.97265625
vt 0.084350586 0.97265625
vt 0.084350586 0.97265625
vt 0.084350586 0.97265625
vt 0.084350586 0.97265625
vt 0.084350586 0.97265625
vt 0.084350586 0.97265625
vt 0.084350586 0.97265625
vt 0.084350586 0.97265625
vt 0.084350586 0.97265625
vt 0.084350586 0.97265625
vt 0.084350586 0.97265625
vt 0.084350586 0.97265625
vt 0.084350586 0.97265625
vt 0.084350586 0.97265625
vt 0.084350586 0.97265625
vt 0.084350586 0.97265625
vt 0.084350586 0.97265625
vt 0.084350586 0.97265625
vt 0.084350586 0.97265625
vt 0.084350586 0.97265625
vt 0.084350586 0.97265625
vt 0.084350586 0.97265625
vt 0.084350586 0.97265625
vt 0.084350586 0.97265625
vt 0.084350586 0.97265625
vt 0.084350586 0.97265625
vt 0.084350586 0.97265625
vt 0.084350586 0.97265625
vt 0.084350586 0.97265625
vt 0.084350586 0.97265625
vt 0.084350586 0.97265625
vt 0.084350586 0.97265625
vt 0.084350586 0.97265625
vt 0.084350586 0.97265625
vt 0.084350586 0.97265625
vt 0.084350586 0.97265625
vt 0.084350586 0.97265625
vt 0.084350586 0.97265625
vt 0.084350586 0.97265625
vt 0.084350586 0.97265625
vt 0.084350586 0.97265625
vt 0.084350586 0.97265625
vt 0.084350586 0.97265625
vt 0.084350586 0.97265625
vt 0.084350586 0.97265625
vt 0.084350586 0.97265625
vt 0.084350586 0.97265625
vt 0.084350586 0.97265625
vt 0.084350586 0.97265625
vt 0.084350586 0.97265625
vt 0.084350586 0.97265625
vt 0.084350586 0.97265625
vt 0.084350586 0.97265625
vt 0.084350586 0.97265625
vt 0.084350586 0.97265625
vt 0.084350586 0.97265625
vt 0.084350586 0.97265625
vt 0.084350586 0.97265625
vt 0.084350586 0.97265625
vt 0.084350586 0.97265625
vt 0.084350586 0.97265625
vt 0.084350586 0.97265625
vt 0.084350586 0.97265625
vt 0.084350586 0.97265625
vt 0.084350586 0.97265625
vt 0.084350586 0.97265625
vt 0.084350586 0.97265625
vt 0.084350586 0.97265625
vt 0.084350586 0.97265625
vt 0.084350586 0.97265625
vt 0.084350586 0.97265625
vt 0.084350586 0.97265625
vt 0.084350586 0.97265625
vt 0.084350586 0.97265625
vt 0.084350586 0.97265625
vt 0.084350586 0.97265625
vt 0.084350586 0.97265625
vt 0.084350586 0.97265625
vt 0.084350586 0.97265625
vt 0.084350586 0.97265625
vt 0.084350586 0.97265625
vt 0.084350586 0.97265625
vt 0.084350586 0.97265625
vt 0.084350586 0.97265625
vt 0.084350586 0.97265625
vt 0.084350586 0.97265625
vt 0.084350586 0.97265625
vt 0.084350586 0.97265625
vt 0.084350586 0.97265625
vt 0.084350586 0.97265625
vt 0.084350586 0.97265625
vt 0.084350586 0.97265625
vt 0.084350586 0.97265625
vt 0.084350586 0.97265625
vt 0.084350586 0.97265625
vt 0.084350586 0.97265625
vt 0.084350586 0.97265625
vt 0.084350586 0.97265625
vt 0.084350586 0.97265625
vt 0.084350586 0.97265625
vt 0.084350586 0.97265625
vt 0.084350586 0.97265625
vt 0.084350586 0.97265625
vt 0.084350586 0.97265625
vt 0.084350586 0.97265625
vt 0.084350586 0.97265625
vt 0.084350586 0.97265625
vt 0.084350586 0.97265625
vt 0.084350586 0.97265625
vt 0.084350586 0.97265625
vt 0.084350586 0.97265625
vt 0.084350586 0.97265625
vt 0.084350586 0.97265625
vt 0.084350586 0.97265625
vt 0.084350586 0.97265625
vt 0.084350586 0.97265625
vt 0.084350586 0.97265625
vt 0.084350586 0.97265625
vt 0.084350586 0.97265625
vt 0.084350586 0.97265625
vt 0.084350586 0.97265625
vt 0.084350586 0.97265625
vt 0.084350586 0.97265625
vt 0.084350586 0.97265625
vt 0.084350586 0.97265625
vt 0.084350586 0.97265625
vt 0.084350586 0.97265625
vt 0.084350586 0.97265625
vt 0.084350586 0.97265625
vt 0.084350586 0.97265625
vt 0.084350586 0.97265625
vt 0.084350586 0.97265625
vt 0.084350586 0.97265625
vt 0.084350586 0.97265625
vt 0.084350586 0.97265625
vt 0.084350586 0.97265625
vt 0.084350586 0.97265625
vt 0.084350586 0.97265625
vt 0.084350586 0.97265625
vt 0.084350586 0.97265625
vt 0.084350586 0.97265625
vt 0.084350586 0.97265625
vt 0.084350586 0.97265625
vt 0.084350586 0.97265625
vt 0.084350586 0.97265625
vt 0.084350586 0.97265625
vt 0.084350586 0.97265625
vt 0.084350586 0.97265625
vt 0.084350586 0.97265625
vt 0.084350586 0.97265625
vt 0.084350586 0.97265625
vt 0.084350586 0.97265625
vt 0.084350586 0.97265625
vt 0.084350586 0.97265625
vt 0.084350586 0.97265625
vt 0.084350586 0.97265625
vt 0.084350586 0.97265625
vt 0.084350586 0.97265625
vt 0.084350586 0.97265625
vt 0.084350586 0.97265625
vt 0.084350586 0.97265625
vt 0.084350586 0.97265625
vt 0.084350586 0.97265625
vt 0.084350586 0.97265625
vt 0.084350586 0.97265625
vt 0.084350586 0.97265625
vt 0.084350586 0.97265625
vt 0.084350586 0.97265625
vt 0.084350586 0.97265625
vt 0.084350586 0.97265625
vt 0.084350586 0.97265625
vt 0.084350586 0.97265625
vt 0.084350586 0.97265625
vt 0.084350586 0.97265625
vt 0.084350586 0.97265625
vt 0.084350586 0.97265625
vt 0.084350586 0.97265625
vt 0.084350586 0.97265625
vt 0.084350586 0.97265625
vt 0.084350586 0.97265625
vt 0.084350586 0.97265625
vt 0.084350586 0.97265625
vt 0.084350586 0.97265625
vt 0.084350586 0.97265625
vt 0.084350586 0.97265625
vt 0.084350586 0.97265625
vt 0.084350586 0.97265625
vt 0.084350586 0.97265625
vt 0.084350586 0.97265625
vt 0.084350586 0.97265625
vt 0.084350586 0.97265625
vt 0.084350586 0.97265625
vt 0.084350586 0.97265625
vt 0.084350586 0.97265625
vt 0.084350586 0.97265625
vt 0.084350586 0.97265625
vt 0.084350586 0.97265625
vt 0.084350586 0.97265625
vt 0.084350586 0.97265625
vt 0.084350586 0.97265625
vt 0.084350586 0.97265625
vt 0.084350586 0.97265625
vt 0.084350586 0.97265625
vt 0.084350586 0.97265625
vt 0.084350586 0.97265625
vt 0.084350586 0.97265625
vt 0.084350586 0.97265625
vt 0.084350586 0.97265625
vt 0.084350586 0.97265625
vt 0.084350586 0.97265625
vt 0.084350586 0.97265625
vt 0.084350586 0.97265625
vt 0.084350586 0.97265625
vt 0.084350586 0.97265625
vt 0.084350586 0.97265625
vt 0.084350586 0.97265625
vt 0.084350586 0.97265625
vt 0.084350586 0.97265625
vt 0.084350586 0.97265625
vt 0.084350586 0.97265625
vt 0.084350586 0.97265625
vt 0.084350586 0.97265625
vt 0.084350586 0.97265625
vt 0.084350586 0.97265625
vt 0.084350586 0.97265625
vt 0.084350586 0.97265625
vt 0.084350586 0.97265625
vt 0.084350586 0.97265625
vt 0.084350586 0.97265625
vt 0.084350586 0.97265625
vt 0.084350586 0.97265625
vt 0.084350586 0.97265625
vt 0.084350586 0.97265625
vt 0.084350586 0.97265625
vt 0.084350586 0.97265625
vt 0.084350586 0.97265625
vt 0.084350586 0.97265625
vt 0.084350586 0.97265625
vt 0.084350586 0.97265625
vt 0.084350586 0.97265625
vt 0.084350586 0.97265625
vt 0.084350586 0.97265625
vt 0.084350586 0.97265625
vt 0.084350586 0.97265625
vt 0.084350586 0.97265625
vt 0.084350586 0.97265625
vt 0.084350586 0.97265625
vt 0.084350586 0.97265625
vt 0.084350586 0.97265625
vt 0.084350586 0.97265625
vt 0.084350586 0.97265625
vt 0.084350586 0.97265625
vt 0.084350586 0.97265625
vt 0.084350586 0.97265625
vt 0.084350586 0.97265625
vt 0.084350586 0.97265625
vt 0.084350586 0.97265625
vt 0.084350586 0.97265625
vt 0.084350586 0.97265625
vt 0.084350586 0.97265625
vt 0.084350586 0.97265625
vt 0.084350586 0.97265625
vt 0.084350586 0.97265625
vt 0.084350586 0.97265625
vt 0.084350586 0.97265625
vt 0.084350586 0.97265625
vt 0.084350586 0.97265625
vt 0.084350586 0.97265625
vt 0.084350586 0.97265625
vt 0.084350586 0.97265625
vt 0.084350586 0.97265625
vt 0.084350586 0.97265625
vt 0.084350586 0.97265625
vt 0.084350586 0.97265625
vt 0.084350586 0.97265625
vt 0.084350586 0.97265625
vt 0.084350586 0.97265625
vt 0.084350586 0.97265625
vt 0.084350586 0.97265625
vt 0.084350586 0.97265625
vt 0.084350586 0.97265625
vt 0.084350586 0.97265625
vt 0.084350586 0.97265625
vt 0.084350586 0.97265625
vt 0.084350586 0.97265625
vt 0.084350586 0.97265625
vt 0.084350586 0.97265625
vt 0.084350586 0.97265625
vt 0.084350586 0.97265625
vt 0.084350586 0.97265625
vt 0.084350586 0.97265625
vt 0.084350586 0.97265625
vt 0.084350586 0.97265625
vt 0.084350586 0.97265625
vt 0.084350586 0.97265625
vt 0.084350586 0.97265625
vt 0.084350586 0.97265625
vt 0.084350586 0.97265625
vt 0.084350586 0.97265625
vt 0.084350586 0.97265625
vt 0.084350586 0.97265625
vt 0.084350586 0.97265625
vt 0.084350586 0.97265625
vt 0.084350586 0.97265625
vt 0.084350586 0.97265625
vt 0.084350586 0.97265625
vt 0.084350586 0.97265625
vt 0.084350586 0.97265625
vt 0.084350586 0.97265625
vt 0.084350586 0.97265625
vt 0.084350586 0.97265625
vt 0.084350586 0.97265625
vt 0.084350586 0.97265625
vt 0.084350586 0.97265625
vt 0.084350586 0.97265625
vt 0.084350586 0.97265625
vt 0.084350586 0.97265625
vt 0.084350586 0.97265625
vt 0.084350586 0.97265625
vt 0.084350586 0.97265625
vt 0.084350586 0.97265625
vt 0.084350586 0.97265625
vt 0.084350586 0.97265625
vt 0.084350586 0.97265625
vt 0.084350586 0.97265625
vt 0.084350586 0.97265625
vt 0.084350586 0.97265625
vt 0.084350586 0.97265625
vt 0.084350586 0.97265625
vt 0.084350586 0.97265625
vt 0.084350586 0.97265625
vt 0.084350586 0.97265625
vt 0.084350586 0.97265625
vt 0.084350586 0.97265625
vt 0.084350586 0.97265625
vt 0.084350586 0.97265625
vt 0.084350586 0.97265625
vt 0.084350586 0.97265625
vt 0.084350586 0.97265625
vt 0.084350586 0.97265625
vt 0.084350586 0.97265625
vt 0.084350586 0.97265625
vt 0.084350586 0.97265625
vt 0.084350586 0.97265625
vt 0.084350586 0.97265625
vt 0.084350586 0.97265625
vt 0.084350586 0.97265625
vt 0.084350586 0.97265625
vt 0.084350586 0.97265625
vt 0.084350586 0.97265625
vt 0.084350586 0.97265625
vt 0.084350586 0.97265625
vt 0.084350586 0.97265625
vt 0.084350586 0.97265625
vt 0.084350586 0.97265625
vt 0.084350586 0.97265625
vt 0.084350586 0.97265625
vt 0.084350586 0.97265625
vt 0.084350586 0.97265625
vt 0.084350586 0.97265625
vt 0.084350586 0.97265625
vt 0.084350586 0.97265625
vt 0.084350586 0.97265625
vt 0.084350586 0.97265625
vt 0.084350586 0.97265625
vt 0.084350586 0.97265625
vt 0.084350586 0.97265625
vt 0.084350586 0.97265625
vt 0.084350586 0.97265625
vt 0.084350586 0.97265625
vt 0.084350586 0.97265625
vt 0.084350586 0.97265625
vt 0.084350586 0.97265625
vt 0.084350586 0.97265625
vt 0.084350586 0.97265625
vt 0.084350586 0.97265625
vt 0.084350586 0.97265625
vt 0.084350586 0.97265625
vt 0.084350586 0.97265625
vt 0.084350586 0.97265625
vt 0.084350586 0.97265625
vt 0.084350586 0.97265625
vt 0.084350586 0.97265625
vt 0.084350586 0.97265625
vt 0.084350586 0.97265625
vt 0.084350586 0.97265625
vt 0.084350586 0.97265625
vt 0.084350586 0.97265625
vt 0.084350586 0.97265625
vt 0.084350586 0.97265625
vt 0.084350586 0.97265625
vt 0.084350586 0.97265625
vt 0.084350586 0.97265625
vt 0.084350586 0.97265625
vt 0.084350586 0.97265625
vt 0.084350586 0.97265625
vt 0.084350586 0.97265625
vt 0.084350586 0.97265625
vt 0.084350586 0.97265625
vt 0.084350586 0.97265625
vt 0.084350586 0.97265625
vt 0.084350586 0.97265625
vt 0.084350586 0.97265625
vt 0.084350586 0.97265625
vt 0.084350586 0.97265625
vt 0.084350586 0.97265625
vt 0.084350586 0.97265625
vt 0.084350586 0.97265625
vt 0.084350586 0.97265625
vt 0.084350586 0.97265625
vt 0.084350586 0.97265625
vt 0.084350586 0.97265625
vt 0.084350586 0.97265625
vt 0.084350586 0.97265625
vt 0.084350586 0.97265625
vt 0.084350586 0.97265625
vt 0.084350586 0.97265625
vt 0.084350586 0.97265625
vt 0.084350586 0.97265625
vt 0.084350586 0.97265625
vt 0.084350586 0.97265625
vt 0.084350586 0.97265625
vt 0.084350586 0.97265625
vt 0.084350586 0.97265625
vt 0.084350586 0.97265625
vt 0.084350586 0.97265625
vt 0.084350586 0.97265625
vt 0.084350586 0.97265625
vt 0.084350586 0.97265625
vt 0.084350586 0.97265625
vt 0.084350586 0.97265625
vt 0.084350586 0.97265625
vt 0.084350586 0.97265625
vt 0.084350586 0.97265625
vt 0.084350586 0.97265625
vt 0.084350586 0.97265625
vt 0.084350586 0.97265625
vt 0.084350586 0.97265625
vt 0.084350586 0.97265625
vt 0.084350586 0.97265625
vt 0.084350586 0.97265625
vt 0.084350586 0.97265625
vt 0.084350586 0.97265625
vt 0.084350586 0.97265625
vt 0.084350586 0.97265625
vt 0.084350586 0.97265625
vt 0.084350586 0.97265625
vt 0.084350586 0.97265625
vt 0.084350586 0.97265625
vt 0.084350586 0.97265625
vt 0.084350586 0.97265625
vt 0.084350586 0.97265625
vt 0.084350586 0.97265625
vt 0.084350586 0.97265625
vt 0.084350586 0.97265625
vt 0.084350586 0.97265625
vt 0.084350586 0.97265625
vt 0.084350586 0.97265625
vt 0.084350586 0.97265625
vt 0.084350586 0.97265625
vt 0.084350586 0.97265625
vt 0.084350586 0.97265625
vt 0.084350586 0.97265625
vt 0.084350586 0.97265625
vt 0.084350586 0.97265625
vt 0.084350586 0.97265625
vt 0.084350586 0.97265625
vt 0.084350586 0.97265625
vt 0.084350586 0.97265625
vt 0.084350586 0.97265625
vt 0.084350586 0.97265625
vt 0.084350586 0.97265625
vt 0.084350586 0.97265625
vt 0.084350586 0.97265625
vt 0.084350586 0.97265625
vt 0.084350586 0.97265625
vt 0.084350586 0.97265625
vt 0.084350586 0.97265625
vt 0.084350586 0.97265625
vt 0.084350586 0.97265625
vt 0.084350586 0.97265625
vt 0.084350586 0.97265625
vt 0.084350586 0.97265625
vt 0.084350586 0.97265625
vt 0.084350586 0.97265625
vt 0.084350586 0.97265625
vt 0.084350586 0.97265625
vt 0.084350586 0.97265625
vt 0.084350586 0.97265625
vt 0.084350586 0.97265625
vt 0.084350586 0.97265625
vt 0.084350586 0.97265625
vt 0.084350586 0.97265625
vt 0.084350586 0.97265625
vt 0.084350586 0.97265625
vt 0.084350586 0.97265625
vt 0.084350586 0.97265625
vt 0.084350586 0.97265625
vt 0.084350586 0.97265625
vt 0.084350586 0.97265625
vt 0.084350586 0.97265625
vt 0.084350586 0.97265625
vt 0.084350586 0.97265625
vt 0.084350586 0.97265625
vt 0.084350586 0.97265625
vt 0.084350586 0.97265625
vt 0.084350586 0.97265625
vt 0.084350586 0.97265625
vt 0.084350586 0.97265625
vt 0.084350586 0.97265625
vt 0.084350586 0.97265625
vt 0.084350586 0.97265625
vt 0.084350586 0.97265625
vt 0.084350586 0.97265625
vt 0.084350586 0.97265625
vt 0.084350586 0.97265625
vt 0.084350586 0.97265625
vt 0.084350586 0.97265625
vt 0.084350586 0.97265625
vt 0.084350586 0.97265625
vt 0.084350586 0.97265625
vt 0.084350586 0.97265625
vt 0.084350586 0.97265625
vt 0.084350586 0.97265625
vt 0.084350586 0.97265625
vt 0.084350586 0.97265625
vt 0.084350586 0.97265625
vt 0.084350586 0.97265625
vt 0.084350586 0.97265625
vt 0.084350586 0.97265625
vt 0.084350586 0.97265625
vt 0.084350586 0.97265625
vt 0.084350586 0.97265625
vt 0.084350586 0.97265625
vt 0.084350586 0.97265625
vt 0.084350586 0.97265625
vt 0.084350586 0.97265625
vt 0.084350586 0.97265625
vt 0.084350586 0.97265625
vt 0.084350586 0.97265625
vt 0.084350586 0.97265625
vt 0.084350586 0.97265625
vt 0.084350586 0.97265625
vt 0.084350586 0.97265625
vt 0.084350586 0.97265625
vt 0.084350586 0.97265625
vt 0.084350586 0.97265625
vt 0.084350586 0.97265625
vt 0.084350586 0.97265625
vt 0.084350586 0.97265625
vt 0.084350586 0.97265625
vt 0.032226562 0.06774902
vt 0.032226562 0.06774902
vt 0.032226562 0.06774902
vt 0.032226562 0.06774902
vt 0.032226562 0.06774902
vt 0.032226562 0.06774902
vt 0.032226562 0.06774902
vt 0.032226562 0.06774902
vt 0.032226562 0.06774902
vt 0.032226562 0.06774902
vt 0.032226562 0.06774902
vt 0.032226562 0.06774902
vt 0.032226562 0.06774902
vt 0.032226562 0.06774902
vt 0.032226562 0.06774902
vt 0.032226562 0.06774902
vt 0.032226562 0.06774902
vt 0.032226562 0.06774902
vt 0.032226562 0.06774902
vt 0.032226562 0.06774902
vt 0.032226562 0.06774902
vt 0.032226562 0.06774902
vt 0.032226562 0.06774902
vt 0.032226562 0.06774902
vt 0.032226562 0.06774902
vt 0.032226562 0.06774902
vt 0.032226562 0.06774902
vt 0.032226562 0.06774902
vt 0.032226562 0.06774902
vt 0.032226562 0.06774902
vt 0.032226562 0.06774902
vt 0.032226562 0.06774902
vt 0.032226562 0.06774902
vt 0.032226562 0.06774902
vt 0.032226562 0.06774902
vt 0.032226562 0.06774902
vt 0.032226562 0.06774902
vt 0.032226562 0.06774902
vt 0.032226562 0.06774902
vt 0.032226562 0.06774902
vt 0.032226562 0.06774902
vt 0.032226562 0.06774902
vt 0.032226562 0.06774902
vt 0.032226562 0.06774902
vt 0.032226562 0.06774902
vt 0.032226562 0.06774902
vt 0.032226562 0.06774902
vt 0.032226562 0.06774902
vt 0.032226562 0.06774902
vt 0.032226562 0.06774902
vt 0.032226562 0.06774902
vt 0.032226562 0.06774902
vt 0.032226562 0.06774902
vt 0.032226562 0.06774902
vt 0.032226562 0.06774902
vt 0.032226562 0.06774902
vt 0.032226562 0.06774902
vt 0.032226562 0.06774902
vt 0.032226562 0.06774902
vt 0.032226562 0.06774902
vt 0.032226562 0.06774902
vt 0.032226562 0.06774902
vt 0.032226562 0.06774902
vt 0.032226562 0.06774902
vt 0.032226562 0.06774902
vt 0.032226562 0.06774902
vt 0.032226562 0.06774902
vt 0.032226562 0.06774902
vt 0.032226562 0.06774902
vt 0.032226562 0.06774902
vt 0.032226562 0.06774902
vt 0.032226562 0.06774902
vt 0.032226562 0.06774902
vt 0.032226562 0.06774902
vt 0.032226562 0.06774902
vt 0.032226562 0.06774902
vt 0.032226562 0.06774902
vt 0.032226562 0.06774902
vt 0.032226562 0.06774902
vt 0.032226562 0.06774902
vt 0.032226562 0.06774902
vt 0.032226562 0.06774902
vt 0.032226562 0.06774902
vt 0.032226562 0.06774902
vt 0.032226562 0.06774902
vt 0.032226562 0.06774902
vt 0.032226562 0.06774902
vt 0.032226562 0.06774902
vt 0.032226562 0.06774902
vt 0.032226562 0.06774902
vt 0.032226562 0.06774902
vt 0.032226562 0.06774902
vt 0.032226562 0.06774902
vt 0.032226562 0.06774902
vt 0.032226562 0.06774902
vt 0.032226562 0.06774902
vt 0.032226562 0.06774902
vt 0.032226562 0.06774902
vt 0.032226562 0.06774902
vt 0.032226562 0.06774902
vt 0.032226562 0.06774902
vt 0.2097168 0.15002441
vt 0.18896484 0.2006836
vt 0.21020508 0.19689941
vt 0.18774414 0.14916992
vt 0.20275879 0.1071167
vt 0.16577148 0.20471191
vt 0.1829834 0.10247803
vt 0.19470215 0.08026123
vt 0.17907715 0.07006836
vt 0.16479492 0.14868164
vt 0.14318848 0.20678711
vt 0.16186523 0.09802246
vt 0.1595459 0.062194824
vt 0.1427002 0.14855957
vt 0.12133789 0.20727539
vt 0.14135742 0.095825195
vt 0.14013672 0.058532715
vt 0.12133789 0.1484375
vt 0.12133789 0.095214844
vt 0.12133789 0.057647705
vt 0.10253906 0.058532715
vt 0.101379395 0.095825195
vt 0.08319092 0.062194824
vt 0.099975586 0.14855957
vt 0.099487305 0.20678711
vt 0.08087158 0.09802246
vt 0.06365967 0.07006836
vt 0.07788086 0.14868164
vt 0.0769043 0.20471191
vt 0.059783936 0.10247803
vt 0.047973633 0.08026123
vt 0.03994751 0.1071167
vt 0.054992676 0.14916992
vt 0.053771973 0.2006836
vt 0.032928467 0.15002441
vt 0.032562256 0.19689941
vt 0.032226562 0.06774902
vt 0.032226562 0.06774902
vt 0.032226562 0.06774902
vt 0.032226562 0.06774902
vt 0.032226562 0.06774902
vt 0.032226562 0.06774902
vt 0.032226562 0.06774902
vt 0.032226562 0.06774902
vt 0.032226562 0.06774902
vt 0.032226562 0.06774902
vt 0.032226562 0.06774902
vt 0.032226562 0.06774902
vt 0.032226562 0.06774902
vt 0.032226562 0.06774902
vt 0.032226562 0.06774902
vt 0.032226562 0.06774902
vt 0.032226562 0.06774902
vt 0.032226562 0.06774902
vt 0.032226562 0.06774902
vt 0.032226562 0.06774902
vt 0.032226562 0.06774902
vt 0.032226562 0.06774902
vt 0.032226562 0.06774902
vt 0.032226562 0.06774902
vt 0.032226562 0.06774902
vt 0.032226562 0.06774902
vt 0.032226562 0.06774902
vt 0.032226562 0.06774902
vt 0.032226562 0.06774902
vt 0.032226562 0.06774902
vt 0.032226562 0.06774902
vt 0.032226562 0.06774902
vt 0.032226562 0.06774902
vt 0.032226562 0.06774902
vt 0.032226562 0.06774902
vt 0.032226562 0.06774902
vt 0.032226562 0.06774902
vt 0.032226562 0.06774902
vt 0.032226562 0.06774902
vt 0.032226562 0.06774902
vt 0.032226562 0.06774902
vt 0.032226562 0.06774902
vt 0.032226562 0.06774902
vt 0.032226562 0.06774902
vt 0.032226562 0.06774902
vt 0.032226562 0.06774902
vt 0.032226562 0.06774902
vt 0.032226562 0.06774902
vt 0.032226562 0.06774902
vt 0.032226562 0.06774902
vt 0.032226562 0.06774902
vt 0.032226562 0.06774902
vt 0.032226562 0.06774902
vt 0.032226562 0.06774902
vt 0.032226562 0.06774902
vt 0.032226562 0.06774902
vt 0.032226562 0.06774902
vt 0.032226562 0.06774902
vt 0.032226562 0.06774902
vt 0.032226562 0.06774902
vt 0.032226562 0.06774902
vt 0.032226562 0.06774902
vt 0.032226562 0.06774902
vt 0.032226562 0.06774902
vt 0.032226562 0.06774902
vt 0.032226562 0.06774902
vt 0.032226562 0.06774902
vt 0.032226562 0.06774902
vt 0.032226562 0.06774902
vt 0.032226562 0.06774902
vt 0.032226562 0.06774902
vt 0.032226562 0.06774902
vt 0.032226562 0.06774902
vt 0.032226562 0.06774902
vt 0.032226562 0.06774902
vt 0.032226562 0.06774902
vt 0.032226562 0.06774902
vt 0.032226562 0.06774902
vt 0.032226562 0.06774902
vt 0.032226562 0.06774902
vt 0.032226562 0.06774902
vt 0.032226562 0.06774902
vt 0.032226562 0.06774902
vt 0.032226562 0.06774902
vt 0.032226562 0.06774902
vt 0.032226562 0.06774902
vt 0.032226562 0.06774902
vt 0.032226562 0.06774902
vt 0.032226562 0.06774902
vt 0.032226562 0.06774902
vt 0.032226562 0.06774902
vt 0.032226562 0.06774902
vt 0.032226562 0.06774902
vt 0.032226562 0.06774902
vt 0.032226562 0.06774902
vt 0.032226562 0.06774902
vt 0.032226562 0.06774902
vt 0.032226562 0.06774902
vt 0.032226562 0.06774902
vt 0.032226562 0.06774902
vt 0.032226562 0.06774902
vt 0.032226562 0.06774902
vt 0.032226562 0.06774902
vt 0.032226562 0.06774902
vt 0.032226562 0.06774902
vt 0.032226562 0.06774902
vt 0.032226562 0.06774902
vt 0.032226562 0.06774902
vt 0.032226562 0.06774902
vt 0.032226562 0.06774902
vt 0.032226562 0.06774902
vt 0.032226562 0.06774902
vt 0.032226562 0.06774902
vt 0.032226562 0.06774902
vt 0.032226562 0.06774902
vt 0.032226562 0.06774902
vt 0.032226562 0.06774902
vt 0.032226562 0.06774902
vt 0.032226562 0.06774902
vt 0.032226562 0.06774902
vt 0.032226562 0.06774902
vt 0.032226562 0.06774902
vt 0.032226562 0.06774902
vt 0.032226562 0.06774902
vt 0.032226562 0.06774902
vt 0.032226562 0.06774902
vt 0.032226562 0.06774902
vt 0.032226562 0.06774902
vt 0.032226562 0.06774902
vt 0.032226562 0.06774902
vt 0.032226562 0.06774902
vt 0.032226562 0.06774902
vt 0.032226562 0.06774902
vt 0.032226562 0.06774902
vt 0.032226562 0.06774902
vt 0.032226562 0.06774902
vt 0.032226562 0.06774902
vt 0.032226562 0.06774902
vt 0.032226562 0.06774902
vt 0.032226562 0.06774902
vt 0.032226562 0.06774902
vt 0.032226562 0.06774902
vt 0.032226562 0.06774902
vt 0.032226562 0.06774902
vt 0.032226562 0.06774902
vt 0.032226562 0.06774902
vt 0.032226562 0.06774902
vt 0.032226562 0.06774902
vt 0.032226562 0.06774902
vt 0.032226562 0.06774902
vt 0.032226562 0.06774902
vt 0.032226562 0.06774902
vt 0.032226562 0.06774902
vt 0.032226562 0.06774902
vt 0.032226562 0.06774902
vt 0.032226562 0.06774902
vt 0.032226562 0.06774902
vt 0.032226562 0.06774902
vt 0.032226562 0.06774902
vt 0.032226562 0.06774902
vt 0.032226562 0.06774902
vt 0.032226562 0.06774902
vt 0.032226562 0.06774902
vt 0.032226562 0.06774902
vt 0.032226562 0.06774902
vt 0.032226562 0.06774902
vt 0.032226562 0.06774902
vt 0.032226562 0.06774902
vt 0.032226562 0.06774902
vt 0.032226562 0.06774902
vt 0.032226562 0.06774902
vt 0.032226562 0.06774902
vt 0.032226562 0.06774902
vt 0.032226562 0.06774902
vt 0.032226562 0.06774902
vt 0.032226562 0.06774902
vt 0.032226562 0.06774902
vt 0.032226562 0.06774902
vt 0.032226562 0.06774902
vt 0.032226562 0.06774902
vt 0.032226562 0.06774902
vt 0.032226562 0.06774902
vt 0.032226562 0.06774902
vt 0.032226562 0.06774902
vt 0.032226562 0.06774902
vt 0.032226562 0.06774902
vt 0.032226562 0.06774902
vt 0.032226562 0.06774902
vt 0.032226562 0.06774902
vt 0.032226562 0.06774902
vt 0.032226562 0.06774902
vt 0.032226562 0.06774902
vt 0.032226562 0.06774902
vt 0.032226562 0.06774902
vt 0.032226562 0.06774902
vt 0.032226562 0.06774902
vt 0.032226562 0.06774902
vt 0.032226562 0.06774902
vt 0.032226562 0.06774902
vt 0.032226562 0.06774902
vt 0.032226562 0.06774902
vt 0.032226562 0.06774902
vt 0.032226562 0.06774902
vt 0.032226562 0.06774902
vt 0.032226562 0.06774902
vt 0.032226562 0.06774902
vt 0.032226562 0.06774902
vt 0.032226562 0.06774902
vt 0.032226562 0.06774902
vt 0.032226562 0.06774902
vt 0.032226562 0.06774902
vt 0.032226562 0.06774902
vt 0.032226562 0.06774902
vt 0.032226562 0.06774902
vt 0.032226562 0.06774902
vt 0.032226562 0.06774902
vt 0.032226562 0.06774902
vt 0.032226562 0.06774902
vt 0.032226562 0.06774902
vt 0.032226562 0.06774902
vt 0.032226562 0.06774902
vt 0.032226562 0.06774902
vt 0.032226562 0.06774902
vt 0.032226562 0.06774902
vt 0.032226562 0.06774902
vt 0.032226562 0.06774902
vt 0.032226562 0.06774902
vt 0.032226562 0.06774902
vt 0.032226562 0.06774902
vt 0.032226562 0.06774902
vt 0.032226562 0.06774902
vt 0.032226562 0.06774902
vt 0.032226562 0.06774902
vt 0.032226562 0.06774902
vt 0.032226562 0.06774902
vt 0.032226562 0.06774902
vt 0.032226562 0.06774902
vt 0.032226562 0.06774902
vt 0.032226562 0.06774902
vt 0.032226562 0.06774902
vt 0.032226562 0.06774902
vt 0.032226562 0.06774902
vt 0.032226562 0.06774902
vt 0.032226562 0.06774902
vt 0.032226562 0.06774902
vt 0.032226562 0.06774902
vt 0.032226562 0.06774902
vt 0.032226562 0.06774902
vt 0.032226562 0.06774902
vt 0.032226562 0.06774902
vt 0.032226562 0.06774902
vt 0.032226562 0.06774902
vt 0.032226562 0.06774902
vt 0.032226562 0.06774902
vt 0.032226562 0.06774902
vt 0.032226562 0.06774902
vt 0.032226562 0.06774902
vt 0.032226562 0.06774902
vt 0.032226562 0.06774902
vt 0.032226562 0.06774902
vt 0.032226562 0.06774902
vt 0.032226562 0.06774902
vt 0.032226562 0.06774902
vt 0.032226562 0.06774902
vt 0.032226562 0.06774902
vt 0.032226562 0.06774902
vt 0.032226562 0.06774902
vt 0.032226562 0.06774902
vt 0.032226562 0.06774902
vt 0.032226562 0.06774902
vt 0.032226562 0.06774902
vt 0.032226562 0.06774902
vt 0.032226562 0.06774902
vt 0.032226562 0.06774902
vt 0.032226562 0.06774902
vt 0.032226562 0.06774902
vt 0.032226562 0.06774902
vt 0.032226562 0.06774902
vt 0.032226562 0.06774902
vt 0.032226562 0.06774902
vt 0.032226562 0.06774902
vt 0.032226562 0.06774902
vt 0.032226562 0.06774902
vt 0.032226562 0.06774902
vt 0.032226562 0.06774902
vt 0.032226562 0.06774902
vt 0.032226562 0.06774902
vt 0.032226562 0.06774902
vt 0.032226562 0.06774902
vt 0.032226562 0.06774902
vt 0.032226562 0.06774902
vt 0.032226562 0.06774902
vt 0.032226562 0.06774902
vt 0.032226562 0.06774902
vt 0.032226562 0.06774902
vt 0.032226562 0.06774902
vt 0.032226562 0.06774902
vt 0.032226562 0.06774902
vt 0.032226562 0.06774902
vt 0.032226562 0.06774902
vt 0.032226562 0.06774902
vt 0.032226562 0.06774902
vt 0.032226562 0.06774902
vt 0.032226562 0.06774902
vt 0.032226562 0.06774902
vt 0.032226562 0.06774902
vt 0.032226562 0.06774902
vt 0.032226562 0.06774902
vt 0.032226562 0.06774902
vt 0.032226562 0.06774902
vt 0.032226562 0.06774902
vt 0.032226562 0.06774902
vt 0.032226562 0.06774902
vt 0.032226562 0.06774902
vt 0.032226562 0.06774902
vt 0.032226562 0.06774902
vt 0.032226562 0.06774902
vt 0.032226562 0.06774902
vt 0.032226562 0.06774902
vt 0.032226562 0.06774902
vt 0.032226562 0.06774902
vt 0.032226562 0.06774902
vt 0.032226562 0.06774902
vt 0.032226562 0.06774902
vt 0.032226562 0.06774902
vt 0.032226562 0.06774902
vt 0.032226562 0.06774902
vt 0.032226562 0.06774902
vt 0.032226562 0.06774902
vt 0.032226562 0.06774902
vt 0.032226562 0.06774902
vt 0.032226562 0.06774902
vt 0.032226562 0.06774902
vt 0.032226562 0.06774902
vt 0.032226562 0.06774902
vt 0.032226562 0.06774902
vt 0.032226562 0.06774902
vt 0.032226562 0.06774902
vt 0.032226562 0.06774902
vt 0.032226562 0.06774902
vt 0.032226562 0.06774902
vt 0.032226562 0.06774902
vt 0.032226562 0.06774902
vt 0.032226562 0.06774902
vt 0.032226562 0.06774902
vt 0.032226562 0.06774902
vt 0.032226562 0.06774902
vt 0.032226562 0.06774902
vt 0.032226562 0.06774902
vt 0.032226562 0.06774902
vt 0.032226562 0.06774902
vt 0.032226562 0.06774902
vt 0.032226562 0.06774902
vt 0.032226562 0.06774902
vt 0.032226562 0.06774902
vt 0.032226562 0.06774902
vt 0.032226562 0.06774902
vt 0.032226562 0.06774902
vt 0.032226562 0.06774902
vt 0.032226562 0.06774902
vt 0.032226562 0.06774902
vt 0.032226562 0.06774902
vt 0.032226562 0.06774902
vt 0.032226562 0.06774902
vt 0.032226562 0.06774902
vt 0.032226562 0.06774902
vt 0.032226562 0.06774902
vt 0.032226562 0.06774902
vt 0.032226562 0.06774902
vt 0.032226562 0.06774902
vt 0.032226562 0.06774902
vt 0.032226562 0.06774902
vt 0.032226562 0.06774902
vt 0.032226562 0.06774902
vt 0.032226562 0.06774902
vt 0.032226562 0.06774902
vt 0.032226562 0.06774902
vt 0.032226562 0.06774902
vt 0.032226562 0.06774902
vt 0.032226562 0.06774902
vt 0.032226562 0.06774902
vt 0.032226562 0.06774902
vt 0.032226562 0.06774902
vt 0.032226562 0.06774902
vt 0.032226562 0.06774902
vt 0.032226562 0.06774902
vt 0.032226562 0.06774902
vt 0.032226562 0.06774902
vt 0.032226562 0.06774902
vt 0.032226562 0.06774902
vt 0.032226562 0.06774902
vt 0.032226562 0.06774902
vt 0.032226562 0.06774902
vt 0.032226562 0.06774902
vt 0.032226562 0.06774902
vt 0.032226562 0.06774902
vt 0.032226562 0.06774902
vt 0.032226562 0.06774902
vt 0.032226562 0.06774902
vt 0.032226562 0.06774902
vt 0.032226562 0.06774902
vt 0.032226562 0.06774902
vt 0.032226562 0.06774902
vt 0.032226562 0.06774902
vt 0.032226562 0.06774902
vt 0.032226562 0.06774902
vt 0.032226562 0.06774902
vt 0.032226562 0.06774902
vt 0.032226562 0.06774902
vt 0.032226562 0.06774902
vt 0.032226562 0.06774902
vt 0.032226562 0.06774902
vt 0.032226562 0.06774902
vt 0.032226562 0.06774902
vt 0.032226562 0.06774902
vt 0.032226562 0.06774902
vt 0.032226562 0.06774902
vt 0.032226562 0.06774902
vt 0.032226562 0.06774902
vt 0.032226562 0.06774902
vt 0.032226562 0.06774902
vt 0.032226562 0.06774902
vt 0.032226562 0.06774902
vt 0.032226562 0.06774902
vt 0.032226562 0.06774902
vt 0.032226562 0.06774902
vt 0.032226562 0.06774902
vt 0.032226562 0.06774902
vt 0.032226562 0.06774902
vt 0.032226562 0.06774902
vt 0.032226562 0.06774902
vt 0.032226562 0.06774902
vt 0.032226562 0.06774902
vt 0.032226562 0.06774902
vt 0.032226562 0.06774902
vt 0.032226562 0.06774902
vt 0.032226562 0.06774902
vt 0.032226562 0.06774902
vt 0.032226562 0.06774902
vt 0.032226562 0.06774902
vt 0.032226562 0.06774902
vt 0.032226562 0.06774902
vt 0.032226562 0.06774902
vt 0.032226562 0.06774902
vt 0.032226562 0.06774902
vt 0.032226562 0.06774902
vt 0.032226562 0.06774902
vt 0.032226562 0.06774902
vt 0.032226562 0.06774902
vt 0.032226562 0.06774902
vt 0.032226562 0.06774902
vt 0.032226562 0.06774902
vt 0.032226562 0.06774902
vt 0.032226562 0.06774902
vt 0.032226562 0.06774902
vt 0.032226562 0.06774902
vt 0.032226562 0.06774902
vt 0.032226562 0.06774902
vt 0.032226562 0.06774902
vt 0.032226562 0.06774902
vt 0.032226562 0.06774902
vt 0.032226562 0.06774902
vt 0.032226562 0.06774902
vt 0.032226562 0.06774902
vt 0.032226562 0.06774902
vt 0.032226562 0.06774902
vt 0.032226562 0.06774902
vt 0.032226562 0.06774902
vt 0.032226562 0.06774902
vt 0.032226562 0.06774902
vt 0.032226562 0.06774902
vt 0.032226562 0.06774902
vt 0.032226562 0.06774902
vt 0.032226562 0.06774902
vt 0.032226562 0.06774902
vt 0.032226562 0.06774902
vt 0.032226562 0.06774902
vt 0.032226562 0.06774902
vt 0.032226562 0.06774902
vt 0.032226562 0.06774902
vt 0.032226562 0.06774902
vt 0.032226562 0.06774902
vt 0.032226562 0.06774902
vt 0.032226562 0.06774902
vt 0.032226562 0.06774902
vt 0.032226562 0.06774902
vt 0.032226562 0.06774902
vt 0.032226562 0.06774902
vt 0.032226562 0.06774902
vt 0.79589844 0.5776367
vt 0.6796875 0.5053711
vt 0.8017578 0.50634766
vt 0.79589844 0.5776367
vt 0.8017578 0.50634766
vt 0.6796875 0.5053711
vt 0.6376953 0.7792969
vt 0.74316406 0.7553711
vt 0.6376953 0.7553711
vt 0.74316406 0.7792969
vt 0.6376953 0.80322266
vt 0.8510742 0.7792969
vt 0.8510742 0.7553711
vt 0.8510742 0.80322266
vt 0.74316406 0.80322266
vt 0.6376953 0.8276367
vt 0.74316406 0.8276367
vt 0.8510742 0.8276367
vt 0.6376953 0.8535156
vt 0.8510742 0.8535156
vt 0.74316406 0.8535156
vt 0.74316406 0.87158203
vt 0.8510742 0.87158203
vt 0.6376953 0.87158203
vt 0.8510742 0.88964844
vt 0.74316406 0.88964844
vt 0.6376953 0.88964844
vt 0.8510742 0.9086914
vt 0.74316406 0.9086914
vt 0.8457031 0.93066406
vt 0.6376953 0.9086914
vt 0.74316406 0.93066406
vt 0.6376953 0.93066406
vt 0.74316406 0.95458984
vt 0.6376953 0.95458984
vt 0.8510742 0.95458984
vt 0.8510742 0.9316406
vt 0.3857422 0.99560547
vt 0.3857422 0.99560547
vt 0.3857422 0.99560547
vt 0.3857422 0.99560547
vt 0.3857422 0.99560547
vt 0.3857422 0.99560547
vt 0.3857422 0.99560547
vt 0.3857422 0.99560547
vt 0.3857422 0.99560547
vt 0.3857422 0.99560547
vt 0.3857422 0.99560547
vt 0.3857422 0.99560547
vt 0.3857422 0.99560547
vt 0.3857422 0.99560547
vt 0.3857422 0.99560547
vt 0.3857422 0.99560547
vt 0.3857422 0.99560547
vt 0.3857422 0.99560547
vt 0.3857422 0.99560547
vt 0.3857422 0.99560547
vt 0.3857422 0.99560547
vt 0.3857422 0.99560547
vt 0.3857422 0.99560547
vt 0.3857422 0.99560547
vt 0.3857422 0.99560547
vt 0.3857422 0.99560547
vt 0.3857422 0.99560547
vt 0.3857422 0.99560547
vt 0.3857422 0.99560547
vt 0.3857422 0.99560547
vt 0.3857422 0.99560547
vt 0.3857422 0.99560547
vt 0.3857422 0.99560547
vt 0.3857422 0.99560547
vt 0.3857422 0.99560547
vt 0.3857422 0.99560547
vt 0.3857422 0.99560547
vt 0.3857422 0.99560547
vt 0.3857422 0.99560547
vt 0.3857422 0.99560547
vt 0.3857422 0.99560547
vt 0.3857422 0.99560547
vt 0.3857422 0.99560547
vt 0.3857422 0.99560547
vt 0.3857422 0.99560547
vt 0.3857422 0.99560547
vt 0.3857422 0.99560547
vt 0.3857422 0.99560547
vt 0.3857422 0.99560547
vt 0.3857422 0.99560547
vt 0.3857422 0.99560547
vt 0.3857422 0.99560547
vt 0.3857422 0.99560547
vt 0.3857422 0.99560547
vt 0.3857422 0.99560547
vt 0.3857422 0.99560547
vt 0.3857422 0.99560547
vt 0.3857422 0.99560547
vt 0.3857422 0.99560547
vt 0.3857422 0.99560547
vt 0.3857422 0.99560547
vt 0.3857422 0.99560547
vt 0.3857422 0.99560547
vt 0.3857422 0.99560547
vt 0.3857422 0.99560547
vt 0.3857422 0.99560547
vt 0.3857422 0.99560547
vt 0.3857422 0.99560547
vt 0.3857422 0.99560547
vt 0.3857422 0.99560547
vt 0.3857422 0.99560547
vt 0.3857422 0.99560547
vt 0.3857422 0.99560547
vt 0.3857422 0.99560547
vt 0.3857422 0.99560547
vt 0.3857422 0.99560547
vt 0.3857422 0.99560547
vt 0.3857422 0.99560547
vt 0.3857422 0.99560547
vt 0.3857422 0.99560547
vt 0.3857422 0.99560547
vt 0.3857422 0.99560547
vt 0.3857422 0.99560547
vt 0.3857422 0.99560547
vt 0.3857422 0.99560547
vt 0.3857422 0.99560547
vt 0.3857422 0.99560547
vt 0.3857422 0.99560547
vt 0.3857422 0.99560547
vt 0.3857422 0.99560547
vt 0.3857422 0.99560547
vt 0.3857422 0.99560547
vt 0.3857422 0.99560547
vt 0.3857422 0.99560547
vt 0.3857422 0.99560547
vt 0.3857422 0.99560547
vt 0.3857422 0.99560547
vt 0.3857422 0.99560547
vt 0.3857422 0.99560547
vt 0.3857422 0.99560547
vt 0.3857422 0.99560547
vt 0.3857422 0.99560547
vt 0.3857422 0.99560547
vt 0.3857422 0.99560547
vt 0.3857422 0.99560547
vt 0.3857422 0.99560547
vt 0.3857422 0.99560547
vt 0.3857422 0.99560547
vt 0.3857422 0.99560547
vt 0.3857422 0.99560547
vt 0.3857422 0.99560547
vt 0.3857422 0.99560547
vt 0.3857422 0.99560547
vt 0.3857422 0.99560547
vt 0.3857422 0.99560547
vt 0.3857422 0.99560547
vt 0.3857422 0.99560547
vt 0.3857422 0.99560547
vt 0.3857422 0.99560547
vt 0.3857422 0.99560547
vt 0.3857422 0.99560547
vt 0.3857422 0.99560547
vt 0.3857422 0.99560547
vt 0.3857422 0.99560547
vt 0.3857422 0.99560547
vt 0.3857422 0.99560547
vt 0.3857422 0.99560547
vt 0.3857422 0.99560547
vt 0.3857422 0.99560547
vt 0.3857422 0.99560547
vt 0.3857422 0.99560547
vt 0.3857422 0.99560547
vt 0.3857422 0.99560547
vt 0.3857422 0.99560547
vt 0.3857422 0.99560547
vt 0.3857422 0.99560547
vt 0.3857422 0.99560547
vt 0.3857422 0.99560547
vt 0.3857422 0.99560547
vt 0.3857422 0.99560547
vt 0.3857422 0.99560547
vt 0.3857422 0.99560547
vt 0.3857422 0.99560547
vt 0.3857422 0.99560547
vt 0.3857422 0.99560547
vt 0.3857422 0.99560547
vt 0.3857422 0.99560547
vt 0.3857422 0.99560547
vt 0.3857422 0.99560547
vt 0.3857422 0.99560547
vt 0.3857422 0.99560547
vt 0.3857422 0.99560547
vt 0.3857422 0.99560547
vt 0.3857422 0.99560547
vt 0.3857422 0.99560547
vt 0.3857422 0.99560547
vt 0.3857422 0.99560547
vt 0.3857422 0.99560547
vt 0.3857422 0.99560547
vt 0.3857422 0.99560547
vt 0.3857422 0.99560547
vt 0.3857422 0.99560547
vt 0.3857422 0.99560547
vt 0.3857422 0.99560547
vt 0.3857422 0.99560547
vt 0.3857422 0.99560547
vt 0.3857422 0.99560547
vt 0.3857422 0.99560547
vt 0.3857422 0.99560547
vt 0.3857422 0.99560547
vt 0.3857422 0.99560547
vt 0.3857422 0.99560547
vt 0.3857422 0.99560547
vt 0.3857422 0.99560547
vt 0.3857422 0.99560547
vt 0.3857422 0.99560547
vt 0.3857422 0.99560547
vt 0.3857422 0.99560547
vt 0.3857422 0.99560547
vt 0.3857422 0.99560547
vt 0.3857422 0.99560547
vt 0.3857422 0.99560547
vt 0.3857422 0.99560547
vt 0.3857422 0.99560547
vt 0.3857422 0.99560547
vt 0.3857422 0.99560547
vt 0.3857422 0.99560547
vt 0.3857422 0.99560547
vt 0.3857422 0.99560547
vt 0.3857422 0.99560547
vt 0.3857422 0.99560547
vt 0.3857422 0.99560547
vt 0.3857422 0.99560547
vt 0.3857422 0.99560547
vt 0.3857422 0.99560547
vt 0.3857422 0.99560547
vt 0.3857422 0.99560547
vt 0.3857422 0.99560547
vt 0.3857422 0.99560547
vt 0.3857422 0.99560547
vt 0.3857422 0.99560547
vt 0.3857422 0.99560547
vt 0.3857422 0.99560547
vt 0.3857422 0.99560547
vt 0.3857422 0.99560547
vt 0.3857422 0.99560547
vt 0.3857422 0.99560547
vt 0.3857422 0.99560547
vt 0.3857422 0.99560547
vt 0.3857422 0.99560547
vt 0.3857422 0.99560547
vt 0.3857422 0.99560547
vt 0.3857422 0.99560547
vt 0.3857422 0.99560547
vt 0.3857422 0.99560547
vt 0.3857422 0.99560547
vt 0.3857422 0.99560547
vt 0.3857422 0.99560547
vt 0.3857422 0.99560547
vt 0.3857422 0.99560547
vt 0.3857422 0.99560547
vt 0.3857422 0.99560547
vt 0.3857422 0.99560547
vt 0.3857422 0.99560547
vt 0.3857422 0.99560547
vt 0.3857422 0.99560547
vt 0.3857422 0.99560547
vt 0.3857422 0.99560547
vt 0.3857422 0.99560547
vt 0.3857422 0.99560547
vt 0.3857422 0.99560547
vt 0.3857422 0.99560547
vt 0.3857422 0.99560547
vt 0.3857422 0.99560547
vt 0.3857422 0.99560547
vt 0.3857422 0.99560547
vt 0.3857422 0.99560547
vt 0.3857422 0.99560547
vt 0.3857422 0.99560547
vt 0.3857422 0.99560547
vt 0.3857422 0.99560547
vt 0.3857422 0.99560547
vt 0.3857422 0.99560547
vt 0.3857422 0.99560547
vt 0.3857422 0.99560547
vt 0.3857422 0.99560547
vt 0.3857422 0.99560547
vt 0.3857422 0.99560547
vt 0.3857422 0.99560547
vt 0.3857422 0.99560547
vt 0.3857422 0.99560547
vt 0.3857422 0.99560547
vt 0.3857422 0.99560547
vt 0.3857422 0.99560547
vt 0.3857422 0.99560547
vt 0.3857422 0.99560547
vt 0.3857422 0.99560547
vt 0.3857422 0.99560547
vt 0.3857422 0.99560547
vt 0.3857422 0.99560547
vt 0.3857422 0.99560547
vt 0.3857422 0.99560547
vt 0.3857422 0.99560547
vt 0.3857422 0.99560547
vt 0.3857422 0.99560547
vt 0.3857422 0.99560547
vt 0.3857422 0.99560547
vt 0.3857422 0.99560547
vt 0.3857422 0.99560547
vt 0.3857422 0.99560547
vt 0.3857422 0.99560547
vt 0.3857422 0.99560547
vt 0.3857422 0.99560547
vt 0.3857422 0.99560547
vt 0.3857422 0.99560547
vt 0.3857422 0.99560547
vt 0.3857422 0.99560547
vt 0.3857422 0.99560547
vt 0.3857422 0.99560547
vt 0.3857422 0.99560547
vt 0.3857422 0.99560547
vt 0.3857422 0.99560547
vt 0.3857422 0.99560547
vt 0.3857422 0.99560547
vt 0.3857422 0.99560547
vt 0.3857422 0.99560547
vt 0.3857422 0.99560547
vt 0.3857422 0.99560547
vt 0.3857422 0.99560547
vt 0.3857422 0.99560547
vt 0.3857422 0.99560547
vt 0.3857422 0.99560547
vt 0.3857422 0.99560547
vt 0.3857422 0.99560547
vt 0.3857422 0.99560547
vt 0.3857422 0.99560547
vt 0.3857422 0.99560547
vt 0.3857422 0.99560547
vt 0.3857422 0.99560547
vt 0.3857422 0.99560547
vt 0.3857422 0.99560547
vt 0.3857422 0.99560547
vt 0.3857422 0.99560547
vt 0.3857422 0.99560547
vt 0.3857422 0.99560547
vt 0.3857422 0.99560547
vt 0.3857422 0.99560547
vt 0.3857422 0.99560547
vt 0.3857422 0.99560547
vt 0.3857422 0.99560547
vt 0.3857422 0.99560547
vt 0.3857422 0.99560547
vt 0.3857422 0.99560547
vt 0.3857422 0.99560547
vt 0.3857422 0.99560547
vt 0.3857422 0.99560547
vt 0.3857422 0.99560547
vt 0.3857422 0.99560547
vt 0.3857422 0.99560547
vt 0.3857422 0.99560547
vt 0.3857422 0.99560547
vt 0.3857422 0.99560547
vt 0.3857422 0.99560547
vt 0.3857422 0.99560547
vt 0.3857422 0.99560547
vt 0.3857422 0.99560547
vt 0.3857422 0.99560547
vt 0.3857422 0.99560547
vt 0.3857422 0.99560547
vt 0.3857422 0.99560547
vt 0.3857422 0.99560547
vt 0.3857422 0.99560547
vt 0.3857422 0.99560547
vt 0.3857422 0.99560547
vt 0.3857422 0.99560547
vt 0.3857422 0.99560547
vt 0.3857422 0.99560547
vt 0.3857422 0.99560547
vt 0.3857422 0.99560547
vt 0.3857422 0.99560547
vt 0.3857422 0.99560547
vt 0.3857422 0.99560547
vt 0.3857422 0.99560547
vt 0.3857422 0.99560547
vt 0.3857422 0.99560547
vt 0.3857422 0.99560547
vt 0.3857422 0.99560547
vt 0.3857422 0.99560547
vt 0.3857422 0.99560547
vt 0.3857422 0.99560547
vt 0.3857422 0.99560547
vt 0.3857422 0.99560547
vt 0.3857422 0.99560547
vt 0.3857422 0.99560547
vt 0.3857422 0.99560547
vt 0.3857422 0.99560547
vt 0.3857422 0.99560547
vt 0.3857422 0.99560547
vt 0.3857422 0.99560547
vt 0.3857422 0.99560547
vt 0.3857422 0.99560547
vt 0.3857422 0.99560547
vt 0.3857422 0.99560547
vt 0.3857422 0.99560547
vt 0.3857422 0.99560547
vt 0.3857422 0.99560547
vt 0.3857422 0.99560547
vt 0.3857422 0.99560547
vt 0.3857422 0.99560547
vt 0.3857422 0.99560547
vt 0.3857422 0.99560547
vt 0.3857422 0.99560547
vt 0.3857422 0.99560547
vt 0.3857422 0.99560547
vt 0.3857422 0.99560547
vt 0.3857422 0.99560547
vt 0.3857422 0.99560547
vt 0.3857422 0.99560547
vt 0.3857422 0.99560547
vt 0.3857422 0.99560547
vt 0.3857422 0.99560547
vt 0.3857422 0.99560547
vt 0.3857422 0.99560547
vt 0.3857422 0.99560547
vt 0.3857422 0.99560547
vt 0.3857422 0.99560547
vt 0.3857422 0.99560547
vt 0.3857422 0.99560547
vt 0.3857422 0.99560547
vt 0.3857422 0.99560547
vt 0.3857422 0.99560547
vt 0.3857422 0.99560547
vt 0.3857422 0.99560547
vt 0.3857422 0.99560547
vt 0.3857422 0.99560547
vt 0.3857422 0.99560547
vt 0.3857422 0.99560547
vt 0.3857422 0.99560547
vt 0.3857422 0.99560547
vt 0.3857422 0.99560547
vt 0.3857422 0.99560547
vt 0.3857422 0.99560547
vt 0.3857422 0.99560547
vt 0.3857422 0.99560547
vt 0.3857422 0.99560547
vt 0.7426758 0.7348633
vt 0.64160156 0.74316406
vt 0.64453125 0.7871094
vt 0.7426758 0.76171875
vt 0.8510742 0.7348633
vt 0.8510742 0.76171875
vt 0.8510742 0.7871094
vt 0.7426758 0.7871094
vt 0.8510742 0.81152344
vt 0.7426758 0.81152344
vt 0.64453125 0.81152344
vt 0.7426758 0.8378906
vt 0.64453125 0.8378906
vt 0.8510742 0.8378906
vt 0.64453125 0.87060547
vt 0.7426758 0.87060547
vt 0.8510742 0.87060547
vt 0.8510742 0.8984375
vt 0.7426758 0.8984375
vt 0.64453125 0.8984375
vt 0.6357422 0.8984375
vt 0.6357422 0.9316406
vt 0.7426758 0.9316406
vt 0.8510742 0.9316406
vt 0.6357422 0.97753906
vt 0.8510742 0.97753906
vt 0.7426758 0.97753906
vt 0.4645996 0.921875
vt 0.46435547 0.90234375
vt 0.3959961 0.85498047
vt 0.4350586 0.921875
vt 0.46533203 0.96728516
vt 0.39672852 0.9291992
vt 0.42114258 0.9663086
vt 0.39038086 0.9692383
vt 0.3623047 0.9711914
vt 0.36499023 0.9399414
vt 0.36328125 0.88183594
vt 0.3630371 0.74609375
vt 0.3388672 0.79541016
vt 0.31982422 0.6777344
vt 0.2998047 0.7211914
vt 0.27929688 0.6274414
vt 0.2668457 0.6699219
vt 0.22912598 0.6254883
vt 0.23059082 0.57714844
vt 0.22839355 0.57714844
vt 0.2746582 0.57714844
vt 0.33618164 0.59277344
vt 0.33642578 0.63964844
vt 0.33618164 0.5917969
vt 0.3857422 0.65966797
vt 0.33618164 0.5917969
vt 0.3725586 0.6958008
vt 0.42089844 0.7246094
vt 0.4074707 0.7783203
vt 0.45629883 0.81347656
vt 0.4638672 0.8652344
vt 0.6347656 0.9135742
vt 0.63378906 0.93652344
vt 0.74609375 0.9370117
vt 0.7475586 0.9140625
vt 0.63623047 0.8911133
vt 0.84521484 0.9145508
vt 0.84375 0.9375
vt 0.8461914 0.89160156
vt 0.74853516 0.8911133
vt 0.84716797 0.86816406
vt 0.63720703 0.8676758
vt 0.75 0.8676758
vt 0.8486328 0.8432617
vt 0.75097656 0.8432617
vt 0.6386719 0.84277344
vt 0.63964844 0.8251953
vt 0.7519531 0.8256836
vt 0.8496094 0.8261719
vt 0.640625 0.80810547
vt 0.7529297 0.80859375
vt 0.85058594 0.80859375
vt 0.6411133 0.7895508
vt 0.75390625 0.79003906
vt 0.8515625 0.79052734
vt 0.6425781 0.7685547
vt 0.7548828 0.76904297
vt 0.6435547 0.74560547
vt 0.85253906 0.76953125
vt 0.7558594 0.74560547
vt 0.8535156 0.74609375
vt 0.4921875 0.9741211
vt 0.58154297 0.9819336
vt 0.5883789 0.93847656
vt 0.57421875 0.87597656
vt 0.51660156 0.87060547
vt 0.42944336 0.96875
vt 0.52685547 0.8198242
vt 0.43969727 0.8745117
vt 0.4501953 0.8051758
vt 0.3857422 0.99560547
vt 0.3857422 0.99560547
vt 0.3857422 0.99560547
vt 0.3857422 0.99560547
vt 0.3857422 0.99560547
vt 0.3857422 0.99560547
vt 0.3857422 0.99560547
vt 0.3857422 0.99560547
vt 0.3857422 0.99560547
vt 0.3857422 0.99560547
vt 0.3857422 0.99560547
vt 0.3857422 0.99560547
vt 0.3857422 0.99560547
vt 0.3857422 0.99560547
vt 0.3857422 0.99560547
vt 0.3857422 0.99560547
vt 0.3857422 0.99560547
vt 0.3857422 0.99560547
vt 0.3857422 0.99560547
vt 0.3857422 0.99560547
vt 0.3857422 0.99560547
vt 0.3857422 0.99560547
vt 0.3857422 0.99560547
vt 0.3857422 0.99560547
vt 0.3857422 0.99560547
vt 0.3857422 0.99560547
vt 0.3857422 0.99560547
vt 0.3857422 0.99560547
vt 0.3857422 0.99560547
vt 0.3857422 0.99560547
vt 0.3857422 0.99560547
vt 0.3857422 0.99560547
vt 0.3857422 0.99560547
vt 0.3857422 0.99560547
vt 0.3857422 0.99560547
vt 0.3857422 0.99560547
vt 0.3857422 0.99560547
vt 0.3857422 0.99560547
vt 0.3857422 0.99560547
vt 0.3857422 0.99560547
vt 0.3857422 0.99560547
vt 0.3857422 0.99560547
vt 0.3857422 0.99560547
vt 0.3857422 0.99560547
vt 0.3857422 0.99560547
vt 0.3857422 0.99560547
vt 0.3857422 0.99560547
vt 0.3857422 0.99560547
vt 0.3857422 0.99560547
vt 0.3857422 0.99560547
vt 0.3857422 0.99560547
vt 0.3857422 0.99560547
vt 0.3857422 0.99560547
vt 0.3857422 0.99560547
vt 0.3857422 0.99560547
vt 0.3857422 0.99560547
vt 0.3857422 0.99560547
vt 0.3857422 0.99560547
vt 0.3857422 0.99560547
vt 0.3857422 0.99560547
vt 0.3857422 0.99560547
vt 0.3857422 0.99560547
vt 0.3857422 0.99560547
vt 0.3857422 0.99560547
vt 0.3857422 0.99560547
vt 0.3857422 0.99560547
vt 0.3857422 0.99560547
vt 0.3857422 0.99560547
vt 0.3857422 0.99560547
vt 0.3857422 0.99560547
vt 0.3857422 0.99560547
vt 0.3857422 0.99560547
vt 0.6430664 0.9135742
vt 0.6430664 0.93066406
vt 0.7109375 0.9345703
vt 0.7109375 0.9160156
vt 0.7573242 0.91552734
vt 0.8496094 0.9350586
vt 0.8496094 0.9165039
vt 0.8496094 0.8964844
vt 0.72509766 0.9033203
vt 0.77685547 0.89941406
vt 0.7714844 0.88720703
vt 0.8496094 0.88134766
vt 0.8496094 0.8676758
vt 0.7026367 0.8959961
vt 0.6430664 0.8911133
vt 0.7573242 0.875
vt 0.7470703 0.8642578
vt 0.8496094 0.85595703
vt 0.8496094 0.8208008
vt 0.73339844 0.8540039
vt 0.6430664 0.87939453
vt 0.6430664 0.8642578
vt 0.7084961 0.8432617
vt 0.6430664 0.84765625
vt 0.6430664 0.828125
vt 0.7055664 0.8286133
vt 0.6430664 0.8125
vt 0.6430664 0.79785156
vt 0.6430664 0.77490234
vt 0.77441406 0.7832031
vt 0.6430664 0.7480469
vt 0.8496094 0.7895508
vt 0.7553711 0.7470703
vt 0.8496094 0.74658203
vt 0.3857422 0.99560547
vt 0.3857422 0.99560547
vt 0.3857422 0.99560547
vt 0.3857422 0.99560547
vt 0.3857422 0.99560547
vt 0.3857422 0.99560547
vt 0.3857422 0.99560547
vt 0.3857422 0.99560547
vt 0.3857422 0.99560547
vt 0.3857422 0.99560547
vt 0.3857422 0.99560547
vt 0.3857422 0.99560547
vt 0.3857422 0.99560547
vt 0.3857422 0.99560547
vt 0.3857422 0.99560547
vt 0.3857422 0.99560547
vt 0.3857422 0.99560547
vt 0.3857422 0.99560547
vt 0.3857422 0.99560547
vt 0.3857422 0.99560547
vt 0.3857422 0.99560547
vt 0.3857422 0.99560547
vt 0.3857422 0.99560547
vt 0.3857422 0.99560547
vt 0.3857422 0.99560547
vt 0.3857422 0.99560547
vt 0.3857422 0.99560547
vt 0.3857422 0.99560547
vt 0.3857422 0.99560547
vt 0.3857422 0.99560547
vt 0.3857422 0.99560547
vt 0.3857422 0.99560547
vt 0.3857422 0.99560547
vt 0.3857422 0.99560547
vt 0.3857422 0.99560547
vt 0.3857422 0.99560547
vt 0.3857422 0.99560547
vt 0.3857422 0.99560547
vt 0.3857422 0.99560547
vt 0.3857422 0.99560547
vt 0.3857422 0.99560547
vt 0.3857422 0.99560547
vt 0.3857422 0.99560547
vt 0.3857422 0.99560547
vt 0.3857422 0.99560547
vt 0.3857422 0.99560547
vt 0.3857422 0.99560547
vt 0.3857422 0.99560547
vt 0.3857422 0.99560547
vt 0.3857422 0.99560547
vt 0.3857422 0.99560547
vt 0.3857422 0.99560547
vt 0.3857422 0.99560547
vt 0.3857422 0.99560547
vt 0.3857422 0.99560547
vt 0.3857422 0.99560547
vt 0.3857422 0.99560547
vt 0.3857422 0.99560547
vt 0.3857422 0.99560547
vt 0.3857422 0.99560547
vt 0.3857422 0.99560547
vt 0.3857422 0.99560547
vt 0.3857422 0.99560547
vt 0.3857422 0.99560547
vt 0.3857422 0.99560547
vt 0.3857422 0.99560547
vt 0.3857422 0.99560547
vt 0.3857422 0.99560547
vt 0.3857422 0.99560547
vt 0.3857422 0.99560547
vt 0.3857422 0.99560547
vt 0.3857422 0.99560547
vt 0.3857422 0.99560547
vt 0.3857422 0.99560547
vt 0.3857422 0.99560547
vt 0.3857422 0.99560547
vt 0.3857422 0.99560547
vt 0.3857422 0.99560547
vt 0.3857422 0.99560547
vt 0.3857422 0.99560547
vt 0.3857422 0.99560547
vt 0.3857422 0.99560547
vt 0.3857422 0.99560547
vt 0.3857422 0.99560547
vt 0.3857422 0.99560547
vt 0.3857422 0.99560547
vt 0.3857422 0.99560547
vt 0.3857422 0.99560547
vt 0.3857422 0.99560547
vt 0.3857422 0.99560547
vt 0.3857422 0.99560547
vt 0.3857422 0.99560547
vt 0.3857422 0.99560547
vt 0.3857422 0.99560547
vt 0.3857422 0.99560547
vt 0.3857422 0.99560547
vt 0.3857422 0.99560547
vt 0.3857422 0.99560547
vt 0.3857422 0.99560547
vt 0.3857422 0.99560547
vt 0.3857422 0.99560547
vt 0.3857422 0.99560547
vt 0.3857422 0.99560547
vt 0.3857422 0.99560547
vt 0.3857422 0.99560547
vt 0.3857422 0.99560547
vt 0.3857422 0.99560547
vt 0.3857422 0.99560547
vt 0.3857422 0.99560547
vt 0.3857422 0.99560547
vt 0.3857422 0.99560547
vt 0.3857422 0.99560547
vt 0.3618164 0.8496094
vt 0.29125977 0.82958984
vt 0.34179688 0.89501953
vt 0.38745117 0.8076172
vt 0.3244629 0.7788086
vt 0.41088867 0.7602539
vt 0.2685547 0.7529297
vt 0.34716797 0.73095703
vt 0.42773438 0.72558594
vt 0.29174805 0.70458984
vt 0.36938477 0.6982422
vt 0.4584961 0.6845703
vt 0.31396484 0.6723633
vt 0.40307617 0.6586914
vt 0.47265625 0.6635742
vt 0.3720703 0.6435547
vt 0.42041016 0.63916016
vt 0.47802734 0.13317871
vt 0.28686523 0.08642578
vt 0.47509766 0.10601807
vt 0.29101562 0.116760254
vt 0.17590332 0.019744873
vt 0.4440918 0.20654297
vt 0.1854248 0.060943604
vt 0.25512695 0.19836426
vt 0.42236328 0.2861328
vt 0.14440918 0.171875
vt 0.24743652 0.28710938
vt 0.41015625 0.3503418
vt 0.15112305 0.29248047
vt 0.24206543 0.35864258
vt 0.38916016 0.4099121
vt 0.15185547 0.38964844
vt 0.21801758 0.42504883
vt 0.11553955 0.47998047
vt 0.3581543 0.50439453
vt 0.19226074 0.50439453
vt 0.11230469 0.50439453
vt 0.11553955 0.5292969
vt 0.21801758 0.5839844
vt 0.38916016 0.5991211
vt 0.15185547 0.6196289
vt 0.24206543 0.6503906
vt 0.41015625 0.6586914
vt 0.15112305 0.7167969
vt 0.24743652 0.72216797
vt 0.42236328 0.72265625
vt 0.14440918 0.83691406
vt 0.25512695 0.8105469
vt 0.4440918 0.8027344
vt 0.1854248 0.9482422
vt 0.29101562 0.89208984
vt 0.17590332 0.9892578
vt 0.47802734 0.87597656
vt 0.28686523 0.92285156
vt 0.47509766 0.90283203
vt 0.28686523 0.08642578
vt 0.17590332 0.019744873
vt 0.17626953 0.028213501
vt 0.28564453 0.09265137
vt 0.47509766 0.10601807
vt 0.16296387 0.07366943
vt 0.4729004 0.111572266
vt 0.27270508 0.12609863
vt 0.13293457 0.19958496
vt 0.46118164 0.14160156
vt 0.23510742 0.21875
vt 0.12963867 0.24084473
vt 0.42407227 0.22485352
vt 0.22644043 0.29370117
vt 0.13391113 0.37524414
vt 0.41748047 0.33813477
vt 0.23132324 0.37402344
vt 0.41845703 0.3642578
vt 0.14025879 0.50439453
vt 0.23706055 0.50439453
vt 0.421875 0.50439453
vt 0.41845703 0.64501953
vt 0.23132324 0.6352539
vt 0.13391113 0.63378906
vt 0.41748047 0.67089844
vt 0.22644043 0.71533203
vt 0.12963867 0.7680664
vt 0.42407227 0.7841797
vt 0.23510742 0.79003906
vt 0.13293457 0.8095703
vt 0.46118164 0.8676758
vt 0.27270508 0.8828125
vt 0.16296387 0.9355469
vt 0.4729004 0.89746094
vt 0.28564453 0.9165039
vt 0.47509766 0.90283203
vt 0.17626953 0.98095703
vt 0.28686523 0.92285156
vt 0.17590332 0.9892578
vt 0.8017578 0.50634766
vt 0.6796875 0.5053711
vt 0.67871094 0.5625
vt 0.80078125 0.56347656
vt 0.6777344 0.60302734
vt 0.7998047 0.6035156
vt 0.79589844 0.49389648
vt 0.6923828 0.5776367
vt 0.79589844 0.5776367
vt 0.6923828 0.49389648
vt 0.79589844 0.43017578
vt 0.6923828 0.43017578
vt 0.79589844 0.38330078
vt 0.6923828 0.38330078
vt 0.79589844 0.32788086
vt 0.6923828 0.32788086
vt 0.79589844 0.22241211
vt 0.6923828 0.22241211
vt 0.79589844 0.13366699
vt 0.6923828 0.13366699
vt 0.79589844 0.08807373
vt 0.6923828 0.08807373
vt 0.79589844 0.050964355
vt 0.6923828 0.050964355
vt 0.79589844 0.012229919
vt 0.6923828 0.012229919
vt 0.21533203 0.91308594
vt 0.21533203 0.91308594
vt 0.21533203 0.91308594
vt 0.21533203 0.91308594
vt 0.21533203 0.91308594
vt 0.21533203 0.91308594
vt 0.21533203 0.91308594
vt 0.21533203 0.91308594
vt 0.21533203 0.91308594
vt 0.21533203 0.91308594
vt 0.21533203 0.91308594
vt 0.21533203 0.91308594
vt 0.21533203 0.91308594
vt 0.21533203 0.91308594
vt 0.21533203 0.91308594
vt 0.21533203 0.91308594
vt 0.21533203 0.91308594
vt 0.21533203 0.91308594
vt 0.21533203 0.91308594
vt 0.21533203 0.91308594
vt 0.21533203 0.91308594
vt 0.21533203 0.91308594
vt 0.21533203 0.91308594
vt 0.21533203 0.91308594
vt 0.21533203 0.91308594
vt 0.21533203 0.91308594
vt 0.21533203 0.91308594
vt 0.21533203 0.91308594
vt 0.21533203 0.91308594
vt 0.21533203 0.91308594
vt 0.21533203 0.91308594
vt 0.21533203 0.91308594
vt 0.21533203 0.91308594
vt 0.21533203 0.91308594
vt 0.21533203 0.91308594
vt 0.21533203 0.91308594
vt 0.21533203 0.91308594
vt 0.21533203 0.91308594
vt 0.21533203 0.91308594
vt 0.21533203 0.91308594
vt 0.6376953 0.7792969
vt 0.6376953 0.7553711
vt 0.74316406 0.7553711
vt 0.74316406 0.7792969
vt 0.6376953 0.80322266
vt 0.8510742 0.7792969
vt 0.8510742 0.7553711
vt 0.8510742 0.80322266
vt 0.74316406 0.80322266
vt 0.6376953 0.8276367
vt 0.74316406 0.8276367
vt 0.8510742 0.8276367
vt 0.6376953 0.8535156
vt 0.8510742 0.8535156
vt 0.74316406 0.8535156
vt 0.74316406 0.87158203
vt 0.8510742 0.87158203
vt 0.6376953 0.87158203
vt 0.8510742 0.88964844
vt 0.74316406 0.88964844
vt 0.6376953 0.88964844
vt 0.8510742 0.9086914
vt 0.74316406 0.9086914
vt 0.6376953 0.9086914
vt 0.74316406 0.93066406
vt 0.6376953 0.93066406
vt 0.8457031 0.93066406
vt 0.8510742 0.92578125
vt 0.74316406 0.95458984
vt 0.6376953 0.95458984
vt 0.8457031 0.93066406
vt 0.8510742 0.9316406
vt 0.8510742 0.95458984
vt 0.7426758 0.7348633
vt 0.64453125 0.7871094
vt 0.64160156 0.74316406
vt 0.7426758 0.76171875
vt 0.8510742 0.7348633
vt 0.8510742 0.76171875
vt 0.8510742 0.7871094
vt 0.7426758 0.7871094
vt 0.8510742 0.81152344
vt 0.7426758 0.81152344
vt 0.64453125 0.81152344
vt 0.7426758 0.8378906
vt 0.64453125 0.8378906
vt 0.8510742 0.8378906
vt 0.64453125 0.87060547
vt 0.7426758 0.87060547
vt 0.8510742 0.87060547
vt 0.8510742 0.8984375
vt 0.7426758 0.8984375
vt 0.64453125 0.8984375
vt 0.6357422 0.8984375
vt 0.6357422 0.9316406
vt 0.7426758 0.9316406
vt 0.8510742 0.9316406
vt 0.6357422 0.97753906
vt 0.8510742 0.97753906
vt 0.7426758 0.97753906
vt 0.4645996 0.921875
vt 0.3959961 0.85498047
vt 0.46435547 0.90234375
vt 0.4350586 0.921875
vt 0.46533203 0.96728516
vt 0.39672852 0.9291992
vt 0.42114258 0.9663086
vt 0.39038086 0.9692383
vt 0.3623047 0.9711914
vt 0.36499023 0.9399414
vt 0.36328125 0.88183594
vt 0.3630371 0.74609375
vt 0.3388672 0.79541016
vt 0.31982422 0.6777344
vt 0.2998047 0.7211914
vt 0.27929688 0.6274414
vt 0.2668457 0.6699219
vt 0.22912598 0.6254883
vt 0.23059082 0.57714844
vt 0.22839355 0.57714844
vt 0.2746582 0.57714844
vt 0.33618164 0.59277344
vt 0.33642578 0.63964844
vt 0.33618164 0.5917969
vt 0.3857422 0.65966797
vt 0.33618164 0.5917969
vt 0.3725586 0.6958008
vt 0.42089844 0.7246094
vt 0.4074707 0.7783203
vt 0.45629883 0.81347656
vt 0.4638672 0.8652344
vt 0.6347656 0.9135742
vt 0.74609375 0.9370117
vt 0.63378906 0.93652344
vt 0.7475586 0.9140625
vt 0.63623047 0.8911133
vt 0.84521484 0.9145508
vt 0.84375 0.9375
vt 0.8461914 0.89160156
vt 0.74853516 0.8911133
vt 0.84716797 0.86816406
vt 0.63720703 0.8676758
vt 0.75 0.8676758
vt 0.8486328 0.8432617
vt 0.75097656 0.8432617
vt 0.6386719 0.84277344
vt 0.63964844 0.8251953
vt 0.7519531 0.8256836
vt 0.8496094 0.8261719
vt 0.640625 0.80810547
vt 0.7529297 0.80859375
vt 0.85058594 0.80859375
vt 0.6411133 0.7895508
vt 0.75390625 0.79003906
vt 0.8515625 0.79052734
vt 0.6425781 0.7685547
vt 0.7548828 0.76904297
vt 0.6435547 0.74560547
vt 0.85253906 0.76953125
vt 0.7558594 0.74560547
vt 0.8535156 0.74609375
vt 0.4921875 0.9741211
vt 0.5883789 0.93847656
vt 0.58154297 0.9819336
vt 0.57421875 0.87597656
vt 0.51660156 0.87060547
vt 0.42944336 0.96875
vt 0.52685547 0.8198242
vt 0.43969727 0.8745117
vt 0.4501953 0.8051758
vt 0.6430664 0.9135742
vt 0.7109375 0.9345703
vt 0.6430664 0.93066406
vt 0.7109375 0.9160156
vt 0.7573242 0.91552734
vt 0.8496094 0.9350586
vt 0.8496094 0.9165039
vt 0.8496094 0.8964844
vt 0.72509766 0.9033203
vt 0.77685547 0.89941406
vt 0.7714844 0.88720703
vt 0.8496094 0.88134766
vt 0.8496094 0.8676758
vt 0.7026367 0.8959961
vt 0.6430664 0.8911133
vt 0.7573242 0.875
vt 0.7470703 0.8642578
vt 0.8496094 0.85595703
vt 0.8496094 0.8208008
vt 0.73339844 0.8540039
vt 0.6430664 0.87939453
vt 0.6430664 0.8642578
vt 0.7084961 0.8432617
vt 0.6430664 0.84765625
vt 0.6430664 0.828125
vt 0.7055664 0.8286133
vt 0.6430664 0.8125
vt 0.6430664 0.79785156
vt 0.6430664 0.77490234
vt 0.77441406 0.7832031
vt 0.6430664 0.7480469
vt 0.8496094 0.7895508
vt 0.7553711 0.7470703
vt 0.8496094 0.74658203
vt 0.3857422 0.99560547
vt 0.3857422 0.99560547
vt 0.3857422 0.99560547
vt 0.3857422 0.99560547
vt 0.3857422 0.99560547
vt 0.3857422 0.99560547
vt 0.3857422 0.99560547
vt 0.3857422 0.99560547
vt 0.3857422 0.99560547
vt 0.3857422 0.99560547
vt 0.3857422 0.99560547
vt 0.3857422 0.99560547
vt 0.3857422 0.99560547
vt 0.3857422 0.99560547
vt 0.3857422 0.99560547
vt 0.3857422 0.99560547
vt 0.3857422 0.99560547
vt 0.3857422 0.99560547
vt 0.3857422 0.99560547
vt 0.3857422 0.99560547
vt 0.3857422 0.99560547
vt 0.3857422 0.99560547
vt 0.3857422 0.99560547
vt 0.3857422 0.99560547
vt 0.3857422 0.99560547
vt 0.3857422 0.99560547
vt 0.3857422 0.99560547
vt 0.3857422 0.99560547
vt 0.3857422 0.99560547
vt 0.3857422 0.99560547
vt 0.3857422 0.99560547
vt 0.3857422 0.99560547
vt 0.3857422 0.99560547
vt 0.3857422 0.99560547
vt 0.3857422 0.99560547
vt 0.3857422 0.99560547
vt 0.3857422 0.99560547
vt 0.3857422 0.99560547
vt 0.3857422 0.99560547
vt 0.3857422 0.99560547
vt 0.3857422 0.99560547
vt 0.3857422 0.99560547
vt 0.3857422 0.99560547
vt 0.3857422 0.99560547
vt 0.3857422 0.99560547
vt 0.3857422 0.99560547
vt 0.3857422 0.99560547
vt 0.3857422 0.99560547
vt 0.3857422 0.99560547
vt 0.3857422 0.99560547
vt 0.3857422 0.99560547
vt 0.3857422 0.99560547
vt 0.3857422 0.99560547
vt 0.3857422 0.99560547
vt 0.3857422 0.99560547
vt 0.3857422 0.99560547
vt 0.3857422 0.99560547
vt 0.3857422 0.99560547
vt 0.3857422 0.99560547
vt 0.3857422 0.99560547
vt 0.3857422 0.99560547
vt 0.3857422 0.99560547
vt 0.3857422 0.99560547
vt 0.3857422 0.99560547
vt 0.3857422 0.99560547
vt 0.3857422 0.99560547
vt 0.3857422 0.99560547
vt 0.3857422 0.99560547
vt 0.3857422 0.99560547
vt 0.3857422 0.99560547
vt 0.3857422 0.99560547
vt 0.3857422 0.99560547
vt 0.3857422 0.99560547
vt 0.3857422 0.99560547
vt 0.3857422 0.99560547
vt 0.3857422 0.99560547
vt 0.3857422 0.99560547
vt 0.3857422 0.99560547
vt 0.3857422 0.99560547
vt 0.3857422 0.99560547
vt 0.3857422 0.99560547
vt 0.3857422 0.99560547
vt 0.3857422 0.99560547
vt 0.3857422 0.99560547
vt 0.3857422 0.99560547
vt 0.3857422 0.99560547
vt 0.3857422 0.99560547
vt 0.3857422 0.99560547
vt 0.3857422 0.99560547
vt 0.3857422 0.99560547
vt 0.3857422 0.99560547
vt 0.3857422 0.99560547
vt 0.3857422 0.99560547
vt 0.3857422 0.99560547
vt 0.3857422 0.99560547
vt 0.3857422 0.99560547
vt 0.3857422 0.99560547
vt 0.3857422 0.99560547
vt 0.3857422 0.99560547
vt 0.3857422 0.99560547
vt 0.3857422 0.99560547
vt 0.3857422 0.99560547
vt 0.3857422 0.99560547
vt 0.3857422 0.99560547
vt 0.3857422 0.99560547
vt 0.3857422 0.99560547
vt 0.3857422 0.99560547
vt 0.3857422 0.99560547
vt 0.3857422 0.99560547
vt 0.3857422 0.99560547
vt 0.3857422 0.99560547
vt 0.3857422 0.99560547
vt 0.3618164 0.8496094
vt 0.34179688 0.89501953
vt 0.29125977 0.82958984
vt 0.38745117 0.8076172
vt 0.3244629 0.7788086
vt 0.41088867 0.7602539
vt 0.2685547 0.7529297
vt 0.34716797 0.73095703
vt 0.42773438 0.72558594
vt 0.29174805 0.70458984
vt 0.36938477 0.6982422
vt 0.4584961 0.6845703
vt 0.31396484 0.6723633
vt 0.40307617 0.6586914
vt 0.47265625 0.6635742
vt 0.3720703 0.6435547
vt 0.42041016 0.63916016
vt 0.8017578 0.50634766
vt 0.67871094 0.5625
vt 0.6796875 0.5053711
vt 0.80078125 0.56347656
vt 0.6777344 0.60302734
vt 0.7998047 0.6035156
vt 0.79589844 0.49389648
vt 0.79589844 0.5776367
vt 0.6923828 0.5776367
vt 0.6923828 0.49389648
vt 0.79589844 0.43017578
vt 0.6923828 0.43017578
vt 0.79589844 0.38330078
vt 0.6923828 0.38330078
vt 0.79589844 0.32788086
vt 0.6923828 0.32788086
vt 0.79589844 0.22241211
vt 0.6923828 0.22241211
vt 0.79589844 0.13366699
vt 0.6923828 0.13366699
vt 0.79589844 0.08807373
vt 0.6923828 0.08807373
vt 0.79589844 0.050964355
vt 0.6923828 0.050964355
vt 0.79589844 0.012229919
vt 0.6923828 0.012229919
vt 0.21533203 0.91308594
vt 0.21533203 0.91308594
vt 0.21533203 0.91308594
vt 0.21533203 0.91308594
vt 0.21533203 0.91308594
vt 0.21533203 0.91308594
vt 0.21533203 0.91308594
vt 0.21533203 0.91308594
vt 0.21533203 0.91308594
vt 0.21533203 0.91308594
vt 0.21533203 0.91308594
vt 0.21533203 0.91308594
vt 0.21533203 0.91308594
vt 0.21533203 0.91308594
vt 0.21533203 0.91308594
vt 0.21533203 0.91308594
vt 0.21533203 0.91308594
vt 0.21533203 0.91308594
vt 0.21533203 0.91308594
vt 0.21533203 0.91308594
vt 0.21533203 0.91308594
vt 0.21533203 0.91308594
vt 0.21533203 0.91308594
vt 0.21533203 0.91308594
vt 0.21533203 0.91308594
vt 0.21533203 0.91308594
vt 0.21533203 0.91308594
vt 0.21533203 0.91308594
vt 0.21533203 0.91308594
vt 0.21533203 0.91308594
vt 0.21533203 0.91308594
vt 0.21533203 0.91308594
vt 0.21533203 0.91308594
vt 0.21533203 0.91308594
vt 0.21533203 0.91308594
vt 0.21533203 0.91308594
vt 0.21533203 0.91308594
vt 0.21533203 0.91308594
vt 0.21533203 0.91308594
vt 0.21533203 0.91308594
vn -0.23178373 -0.96888745 -0.08679544
vn -0.23178373 -0.96888745 -0.08679544
vn -0.23178373 -0.96888745 -0.08679544
vn 0.22678182 0.97002923 0.0872547
vn 0.22678182 0.97002923 0.0872547
vn 0.22678182 0.97002923 0.0872547
vn 0.2317837 -0.96888745 -0.08679506
vn 0.2317837 -0.96888745 -0.08679506
vn 0.2317837 -0.96888745 -0.08679506
vn -0.22678174 0.97002923 0.08725431
vn -0.22678174 0.97002923 0.08725431
vn -0.22678174 0.97002923 0.08725431
vn 0.49887168 0.30205142 -0.8123374
vn 0.6943781 0.25050345 -0.67460144
vn 0.661439 0.14533164 -0.73578334
vn 0.60824746 0.2562086 -0.75126046
vn 0.117651895 0.6462766 -0.7539792
vn 0.23090802 0.6038522 -0.7629181
vn 0.4382226 0.5737575 -0.69192713
vn -0.11755913 0.7891294 -0.602872
vn -0.20915228 0.75976026 -0.6156457
vn 0.09964489 0.8299367 -0.5488862
vn -0.1073347 0.8487896 -0.51772135
vn -0.15366367 0.78836936 -0.59570223
vn 0.010101973 0.8586372 -0.5124844
vn -0.083470285 0.9271458 -0.3652855
vn -0.11075528 0.8721864 -0.4764705
vn 0.00769072 0.87942773 -0.47597012
vn -0 0.98198205 -0.18897417
vn -0 0.9279136 -0.3727952
vn 0.04666351 0.9125478 -0.40629908
vn -0.00769072 0.87942773 -0.47597012
vn 0.11075528 0.8721864 -0.4764705
vn 0.083470285 0.9271458 -0.3652855
vn -0.010101973 0.8586372 -0.5124844
vn 0.15366367 0.78836936 -0.59570223
vn 0.1073347 0.8487896 -0.51772135
vn -0.09964489 0.8299367 -0.5488862
vn 0.20915228 0.75976026 -0.6156457
vn 0.11755913 0.7891294 -0.602872
vn -0.4382226 0.5737575 -0.69192713
vn -0.23090802 0.6038522 -0.7629181
vn -0.117651895 0.6462766 -0.7539792
vn -0.6943781 0.25050345 -0.67460144
vn -0.60824746 0.2562086 -0.75126046
vn -0.49887168 0.30205142 -0.8123374
vn -0.661439 0.14533164 -0.73578334
vn -0 0.9984478 0.055696517
vn 0.09937076 0.9900148 0.09998115
vn 0.08639851 0.9949104 0.051851314
vn -0 0.9931704 0.11667304
vn -0.09937076 0.9900148 0.09998115
vn -0.08639851 0.9949104 0.051851314
vn 0.04666351 0.9125478 -0.40629908
vn 0.06662318 0.68258995 -0.7277583
vn 1 0 0
vn 0.43294373 0.7833334 -0.44603646
vn 0.00769072 0.87942773 -0.47597012
vn -0.00769072 0.87942773 -0.47597012
vn -0.32134143 0.6716155 -0.66758686
vn 0.32134143 0.6716155 -0.66758686
vn -0.060153294 0.8020134 -0.59426934
vn 0.010101973 0.8586372 -0.5124844
vn -0.41298437 0.5910022 -0.692936
vn 0.060153294 0.8020134 -0.59426934
vn -0.010101973 0.8586372 -0.5124844
vn 0.41298437 0.5910022 -0.692936
vn -0.3105645 0.6722793 -0.67200464
vn 0.09964489 0.8299367 -0.5488862
vn 0.3105645 0.6722793 -0.67200464
vn -0.09964489 0.8299367 -0.5488862
vn 0.1560736 0.6394318 -0.7528399
vn -0.11805043 0.5114501 -0.8511656
vn -0.1560736 0.6394318 -0.7528399
vn 0.4382226 0.5737575 -0.69192713
vn 0.29899904 0.5172131 -0.80192906
vn 0.11805043 0.5114501 -0.8511656
vn -0.4382226 0.5737575 -0.69192713
vn -0.29899904 0.5172131 -0.80192906
vn 0.23518275 0.29197943 -0.92705834
vn 0.6943781 0.25050345 -0.67460144
vn 0.44933024 0.17429362 -0.8761986
vn 0.661439 0.14533164 -0.73578334
vn -0.23518275 0.29197943 -0.92705834
vn -0.6943781 0.25050345 -0.67460144
vn -0.44933024 0.17429362 -0.8761986
vn -0.661439 0.14533164 -0.73578334
vn 0.28672305 0.10635763 -0.9520914
vn 0.33601126 -0.040559396 -0.9409842
vn -0.28672305 0.10635763 -0.9520914
vn -0.33601126 -0.040559396 -0.9409842
vn 0.30311272 0.08282803 -0.94934833
vn 0.3111729 -0.11594213 -0.94325435
vn 0.6369761 -0.10324806 -0.76393795
vn -0.30311272 0.08282803 -0.94934833
vn -0.3111729 -0.11594213 -0.94325435
vn -0.6369761 -0.10324806 -0.76393795
vn 0.35197437 -0.10205517 -0.9304294
vn 0.2191893 -0.24323848 -0.9448762
vn -0.35197437 -0.10205517 -0.9304294
vn -0.2191893 -0.24323848 -0.9448762
vn 0.26478267 -0.226756 -0.9372684
vn 0.5721478 -0.38604027 -0.7236157
vn -0.26478267 -0.226756 -0.9372684
vn -0.5721478 -0.38604027 -0.7236157
vn 0.2751298 -0.37215003 -0.8864581
vn 0.22270222 -0.39010274 -0.8934336
vn 0.45193365 -0.52762216 -0.71928495
vn -0.2751298 -0.37215003 -0.8864581
vn -0.22270222 -0.39010274 -0.8934336
vn -0.45193365 -0.52762216 -0.71928495
vn 0.18711312 -0.46996492 -0.8626248
vn 0.1631234 -0.4814658 -0.86115116
vn 0.2972901 -0.6672166 -0.6829646
vn -0.18711312 -0.46996492 -0.8626248
vn -0.1631234 -0.4814658 -0.86115116
vn -0.2972901 -0.6672166 -0.6829646
vn 0.082126684 -0.52016616 -0.8501073
vn 0.13877049 -0.7162535 -0.6839032
vn -0 -0.44143003 -0.89729565
vn -0.082126684 -0.52016616 -0.8501073
vn -0.13877049 -0.7162535 -0.6839032
vn -0 -0.48782066 -0.8729438
vn -0 -0.7324988 -0.68076825
vn 0.9166641 -0.19373365 0.3495629
vn 0.9331983 0.05481323 0.35515678
vn 0.9935927 0.069157176 0.089391604
vn 0.97289395 -0.21140712 0.09372474
vn 0.98153424 0.059756972 -0.18171248
vn 0.7951161 -0.49550936 0.3496582
vn 0.96453667 -0.20741019 -0.16324854
vn 0.87171966 0.029756214 -0.48910055
vn 0.8419973 -0.5300899 0.10022542
vn 0.8540194 -0.22813119 -0.4675545
vn 0.8361374 -0.52889955 -0.14539397
vn 0.62994087 -0.31138444 -0.71148735
vn 0.6479256 -0.0070194486 -0.7616712
vn 0.39596248 -0.38509747 -0.8336149
vn 0.39440203 -0.030855097 -0.91841984
vn 0.18415394 -0.42272395 -0.887351
vn 0.17139553 -0.041353446 -0.98433405
vn -0 -0.43877053 -0.89859915
vn -0 -0.045595944 -0.99896
vn -0.17139553 -0.041353446 -0.98433405
vn -0.18415394 -0.42272395 -0.887351
vn -0.39440203 -0.030855097 -0.91841984
vn -0 -0.7955025 -0.60595036
vn 0.19403858 -0.7743842 -0.6022276
vn 0.38345066 -0.724021 -0.57337534
vn 0.59453404 -0.6272806 -0.5030391
vn -0.39596248 -0.38509747 -0.8336149
vn -0.6479256 -0.0070194486 -0.7616712
vn -0.19403858 -0.7743842 -0.6022276
vn -0 -0.97263473 -0.23233975
vn 0.19288297 -0.95342785 -0.23188685
vn -0.62994087 -0.31138444 -0.71148735
vn -0.87171966 0.029756214 -0.48910055
vn -0.38345066 -0.724021 -0.57337534
vn -0.19288297 -0.95342785 -0.23188685
vn 0.36826804 -0.9030151 -0.22122939
vn -0 -0.9943605 0.1060525
vn 0.18714216 -0.9766673 0.1053514
vn -0.8540194 -0.22813119 -0.4675545
vn -0.59453404 -0.6272806 -0.5030391
vn -0.36826804 -0.9030151 -0.22122939
vn -0.18714216 -0.9766673 0.1053514
vn -0 -0.8953348 0.44539374
vn -0.96453667 -0.20741019 -0.16324854
vn -0.98153424 0.059756972 -0.18171248
vn -0.97289395 -0.21140712 0.09372474
vn -0.9935927 0.069157176 0.089391604
vn -0.9166641 -0.19373365 0.3495629
vn -0.9331983 0.05481323 0.35515678
vn -0.7951161 -0.49550936 0.3496582
vn -0.8419973 -0.5300899 0.10022542
vn -0.8361374 -0.52889955 -0.14539397
vn -0.79008895 -0.48046857 -0.3806698
vn -0.5919193 -0.7848921 -0.1832371
vn -0.36077183 -0.9267572 0.10471264
vn -0.59871507 -0.79415655 0.1041907
vn -0.56125474 -0.7285325 0.3927257
vn -0.17499596 -0.8790389 0.44347164
vn -0.34419364 -0.83454293 0.4301963
vn -0.5115597 -0.5453138 0.66403276
vn -0.70658463 -0.42498234 0.56579876
vn -0.3160872 -0.6173726 0.7203748
vn -0.14924088 -0.6495793 0.7455024
vn -0 -0.66122484 0.75018775
vn 0.17499596 -0.8790389 0.44347164
vn 0.14924088 -0.6495793 0.7455024
vn 0.34419364 -0.83454293 0.4301963
vn 0.3160872 -0.6173726 0.7203748
vn 0.36077183 -0.9267572 0.10471264
vn 0.56125474 -0.7285325 0.3927257
vn 0.5115597 -0.5453138 0.66403276
vn 0.5919193 -0.7848921 -0.1832371
vn 0.59871507 -0.79415655 0.1041907
vn 0.70658463 -0.42498234 0.56579876
vn 0.79008895 -0.48046857 -0.3806698
vn -0 0.55556864 -0.83147067
vn -0 0.55556864 -0.83147067
vn -0 0.55556864 -0.83147067
vn -0 0.55556864 -0.83147067
vn -0 -0.19509466 -0.9807844
vn -0 -0.19509466 -0.9807844
vn -0 -0.19509466 -0.9807844
vn -0 -0.19509466 -0.9807844
vn -0 -0.8314672 -0.5555739
vn -0 -0.8314672 -0.5555739
vn -0 -0.8314672 -0.5555739
vn -0 -0.8314672 -0.5555739
vn -0 -0.98078537 0.19509
vn -0 -0.98078537 0.19509
vn -0 -0.98078537 0.19509
vn -0 -0.98078537 0.19509
vn -0 -0.55556405 0.8314737
vn -0 -0.55556405 0.8314737
vn -0 -0.55556405 0.8314737
vn -0 -0.55556405 0.8314737
vn -0 0.19508104 0.98078716
vn -0 0.19508104 0.98078716
vn -0 0.19508104 0.98078716
vn -0 0.19508104 0.98078716
vn -0 0.8314709 0.5555682
vn -0 0.8314709 0.5555682
vn -0 0.8314709 0.5555682
vn -0 0.8314709 0.5555682
vn 0.3735648 -0.51534563 0.771277
vn 0.3735648 -0.51534563 0.771277
vn 0.3735648 -0.51534563 0.771277
vn 0.3735648 -0.51534563 0.771277
vn 0.3735634 -0.18096857 -0.90978056
vn 0.3735634 -0.18096857 -0.90978056
vn 0.3735634 -0.18096857 -0.90978056
vn 0.3735634 -0.18096857 -0.90978056
vn -1 0 0
vn -1 0 0
vn -1 0 0
vn -1 0 0
vn -1 0 0
vn -1 0 0
vn -1 0 0
vn -1 0 0
vn 1 0 0
vn 1 0 0
vn 1 0 0
vn 1 0 0
vn 1 0 0
vn 1 0 0
vn 1 0 0
vn 1 0 0
vn 0.37356532 0.7712745 0.51534903
vn 0.37356532 0.7712745 0.51534903
vn 0.37356532 0.7712745 0.51534903
vn 0.37356532 0.7712745 0.51534903
vn 0.37356845 -0.9097787 0.18096791
vn 0.37356845 -0.9097787 0.18096791
vn 0.37356845 -0.9097787 0.18096791
vn 0.37356845 -0.9097787 0.18096791
vn 0.3735669 0.5153515 -0.7712721
vn 0.3735669 0.5153515 -0.7712721
vn 0.3735669 0.5153515 -0.7712721
vn 0.3735669 0.5153515 -0.7712721
vn 0.37356883 0.18095337 0.90978146
vn 0.37356883 0.18095337 0.90978146
vn 0.37356883 0.18095337 0.90978146
vn 0.37356883 0.18095337 0.90978146
vn 0.37356356 -0.77127564 -0.51534855
vn 0.37356356 -0.77127564 -0.51534855
vn 0.37356356 -0.77127564 -0.51534855
vn 0.37356356 -0.77127564 -0.51534855
vn 0.373566 0.90977985 -0.18096688
vn 0.373566 0.90977985 -0.18096688
vn 0.373566 0.90977985 -0.18096688
vn 0.373566 0.90977985 -0.18096688
vn -0.00069665606 0.19508706 -0.98078567
vn -0.00069665606 0.19508706 -0.98078567
vn -0.00069665606 0.19508706 -0.98078567
vn -0.00069665606 0.19508706 -0.98078567
vn -0.00069665606 0.19508706 -0.98078567
vn -0.00069665606 0.19508706 -0.98078567
vn -0 -0.5555702 -0.8314697
vn -0 -0.5555702 -0.8314697
vn -0 -0.5555702 -0.8314697
vn -0 -0.5555702 -0.8314697
vn -0 -0.98078537 -0.19508983
vn -0 -0.98078537 -0.19508983
vn -0 -0.98078537 -0.19508983
vn -0 -0.98078537 -0.19508983
vn -0 -0.8314695 0.55557054
vn -0 -0.8314695 0.55557054
vn -0 -0.8314695 0.55557054
vn -0 -0.8314695 0.55557054
vn -0 0.19508712 0.9807859
vn -0 0.19508712 0.9807859
vn -0 0.19508712 0.9807859
vn -0 0.19508712 0.9807859
vn -0 -0.3826766 0.92388237
vn -0 -0.3826766 0.92388237
vn -0 -0.3826766 0.92388237
vn -0 -0.3826766 0.92388237
vn -0 0.9807864 0.19508472
vn -0 0.9807864 0.19508472
vn -0 0.9807864 0.19508472
vn -0 0.9807864 0.19508472
vn -0 0.70710844 0.70710504
vn -0 0.70710844 0.70710504
vn -0 0.70710844 0.70710504
vn -0 0.70710844 0.70710504
vn 0.37357563 0.7712744 -0.51534176
vn 0.37357563 0.7712744 -0.51534176
vn 0.37357563 0.7712744 -0.51534176
vn 0.37357563 0.7712744 -0.51534176
vn 0.37357366 -0.51534134 -0.7712755
vn 0.37357366 -0.51534134 -0.7712755
vn 0.37357366 -0.51534134 -0.7712755
vn 0.37357366 -0.51534134 -0.7712755
vn 0.3735654 0.18096435 0.90978056
vn 0.3735654 0.18096435 0.90978056
vn 0.3735654 0.18096435 0.90978056
vn 0.3735654 0.18096435 0.90978056
vn -1 0 0
vn -1 0 0
vn -1 0 0
vn -1 0 0
vn -1 0 0
vn -1 0 0
vn -1 0 0
vn -1 0 0
vn -1 0 0
vn 1 0 0
vn 1 0 0
vn 1 0 0
vn 1 0 0
vn 1 0 0
vn 1 0 0
vn 1 0 0
vn 1 0 0
vn 1 0 0
vn 1 0 0
vn 1 0 0
vn 0.37356374 -0.90978056 -0.18096818
vn 0.37356374 -0.90978056 -0.18096818
vn 0.37356374 -0.90978056 -0.18096818
vn 0.37356374 -0.90978056 -0.18096818
vn 0.37356904 -0.7712689 0.51535463
vn 0.37356904 -0.7712689 0.51535463
vn 0.37356904 -0.7712689 0.51535463
vn 0.37356904 -0.7712689 0.51535463
vn 0.39311716 0 -0.91948843
vn 0.39311716 0 -0.91948843
vn 0.39311716 0 -0.91948843
vn 0.39311716 0 -0.91948843
vn -0 0.98078513 -0.19509129
vn -0 0.98078513 -0.19509129
vn -0 0.98078513 -0.19509129
vn -0 0.98078513 -0.19509129
vn 0.37356716 0.9097789 0.18096958
vn 0.37356716 0.9097789 0.18096958
vn 0.37356716 0.9097789 0.18096958
vn 0.37356716 0.9097789 0.18096958
vn 0.3931003 -0.35186863 0.849506
vn 0.3931003 -0.35186863 0.849506
vn 0.3931003 -0.35186863 0.849506
vn 0.3931003 -0.35186863 0.849506
vn 0.3931108 0.65018487 0.65017194
vn 0.3931108 0.65018487 0.65017194
vn 0.3931108 0.65018487 0.65017194
vn 0.3931108 0.65018487 0.65017194
vn 0.39795703 0.43246856 -0.80907416
vn 0.39795703 0.43246856 -0.80907416
vn 0.39795703 0.43246856 -0.80907416
vn 0.39795703 0.43246856 -0.80907416
vn 0.39797994 0.2662753 -0.8779006
vn 0.39797994 0.2662753 -0.8779006
vn 0.39797994 0.2662753 -0.8779006
vn 0.39797994 0.2662753 -0.8779006
vn 0.985741 0 0.16826965
vn 0.985741 0 0.16826965
vn 0.985741 0 0.16826965
vn 0.985741 0 0.16826965
vn -0 0.99972934 0.023261674
vn -0 0.99972934 0.023261674
vn -0 0.99972934 0.023261674
vn -0 0.99972934 0.023261674
vn -0 0.99972934 0.023261674
vn -0 0.99972934 0.023261674
vn -0 0.99972934 0.023261674
vn -0.985741 0 0.16826981
vn -0.985741 0 0.16826981
vn -0.985741 0 0.16826981
vn -0.985741 0 0.16826981
vn -0 -0.99972934 0.023262335
vn -0 -0.99972934 0.023262335
vn -0 -0.99972934 0.023262335
vn -0 -0.99972934 0.023262335
vn -0 -0.99972934 0.023262335
vn -0 -0.99972934 0.023262335
vn -0 -0.99972934 0.023262335
vn -0 0 1
vn -0 0 1
vn -0 0 1
vn -0 0 1
vn 0.6619565 0 -0.7495423
vn 0.6619565 0 -0.7495423
vn 0.6619565 0 -0.7495423
vn 0.6619565 0 -0.7495423
vn -0 0 -1
vn -0 0 -1
vn -0 0 -1
vn -0 0 -1
vn -0 0 -1
vn -0 0 -1
vn -0.66195685 0 -0.74954194
vn -0.66195685 0 -0.74954194
vn -0.66195685 0 -0.74954194
vn -0.66195685 0 -0.74954194
vn -0 0 -1
vn -0 0 -1
vn -0 0 -1
vn -0 0 -1
vn -0 0 -1
vn -0 0 -1
vn -0 0 -1
vn -0 0 -1
vn -0 0 -1
vn -0 0 -1
vn -0 0 -1
vn -0 0 -1
vn -0 0 -1
vn -0 0 -1
vn -0 0 -1
vn -0 0 -1
vn -0 0 -1
vn -0 0 -1
vn -0 0 -1
vn -0 0 -1
vn -0 0 -1
vn -0 0 -1
vn -0 0 -1
vn -0 0 -1
vn -0 0 -1
vn -0 0 -1
vn -0 0 -1
vn -0 0 -1
vn -0 0 -1
vn -0 0 -1
vn -0 0 -1
vn -0 0 -1
vn -0 0 1
vn -0 0 1
vn -0 0 1
vn -0 0 1
vn -0 0 1
vn -0 0 1
vn -0 0 1
vn -0 0 1
vn -0 0 1
vn -0 0 1
vn -0 0 1
vn -0 0 1
vn -0 0 1
vn -0 0 1
vn -0 0 1
vn -0 0 1
vn -0 0 1
vn -0 0 1
vn -0 0 1
vn -0 0 1
vn -0 0 1
vn -0 0 1
vn -0 0 1
vn -0 0 1
vn -0 0 1
vn -0 0 1
vn -0 0 1
vn -0 0 1
vn -0 0 1
vn -0 0 1
vn -0 0 1
vn -0 0 1
vn -0 -0.9625299 -0.2711755
vn -0 -0.9625299 -0.2711755
vn -0 -0.9625299 -0.2711755
vn -0 -0.9625299 -0.2711755
vn -0 -0.939689 -0.34203035
vn -0 -0.939689 -0.34203035
vn -0 -0.939689 -0.34203035
vn -0 -0.939689 -0.34203035
vn -0 -0.9933963 -0.11473336
vn -0 -0.9933963 -0.11473336
vn -0 -0.9933963 -0.11473336
vn -0 -0.9933963 -0.11473336
vn -0 -0.8545496 -0.5193699
vn -0 -0.8545496 -0.5193699
vn -0 -0.8545496 -0.5193699
vn -0 -0.8545496 -0.5193699
vn -0 -0.9188709 -0.39455825
vn -0 -0.9188709 -0.39455825
vn -0 -0.9188709 -0.39455825
vn -0 -0.9188709 -0.39455825
vn -0 -0.99371475 0.11194212
vn -0 -0.99371475 0.11194212
vn -0 -0.99371475 0.11194212
vn -0 -0.99371475 0.11194212
vn -0 -0.9663758 -0.2571338
vn -0 -0.9663758 -0.2571338
vn -0 -0.9663758 -0.2571338
vn -0 -0.9663758 -0.2571338
vn -0 -0.92415047 -0.38202873
vn -0 -0.92415047 -0.38202873
vn -0 -0.92415047 -0.38202873
vn -0 -0.92415047 -0.38202873
vn -0.27061075 -0.9541559 -0.12789135
vn -0.27061075 -0.9541559 -0.12789135
vn -0.27061075 -0.9541559 -0.12789135
vn -0.27061075 -0.9541559 -0.12789135
vn -0.27061075 -0.9541559 -0.12789135
vn -0.4162352 -0.8624742 -0.2879001
vn -0.4162352 -0.8624742 -0.2879001
vn -0.4162352 -0.8624742 -0.2879001
vn -0.4162352 -0.8624742 -0.2879001
vn -0.4608701 -0.8199033 -0.33964282
vn -0.4608701 -0.8199033 -0.33964282
vn -0.4608701 -0.8199033 -0.33964282
vn -0.4608701 -0.8199033 -0.33964282
vn -0.3292297 -0.924892 -0.19021703
vn -0.3292297 -0.924892 -0.19021703
vn -0.3292297 -0.924892 -0.19021703
vn -0.3292297 -0.924892 -0.19021703
vn 0.26590672 0.9555763 0.1271516
vn 0.26590672 0.9555763 0.1271516
vn 0.26590672 0.9555763 0.1271516
vn 0.26590672 0.9555763 0.1271516
vn 0.26590672 0.9555763 0.1271516
vn 0.41635922 0.86236686 0.28804237
vn 0.41635922 0.86236686 0.28804237
vn 0.41635922 0.86236686 0.28804237
vn 0.41635922 0.86236686 0.28804237
vn 0.4612425 0.8195128 0.3400797
vn 0.4612425 0.8195128 0.3400797
vn 0.4612425 0.8195128 0.3400797
vn 0.4612425 0.8195128 0.3400797
vn 0.329289 0.9248575 0.1902822
vn 0.329289 0.9248575 0.1902822
vn 0.329289 0.9248575 0.1902822
vn 0.329289 0.9248575 0.1902822
vn 0.7137366 -0.023367492 -0.7000244
vn 0.7137366 -0.023367492 -0.7000244
vn 0.7137366 -0.023367492 -0.7000244
vn 0.7137366 -0.023367492 -0.7000244
vn -0.70714635 0.107865855 0.69879097
vn -0.70714635 0.107865855 0.69879097
vn -0.70710516 0.10798419 0.6988145
vn -0.70710516 0.10798419 0.6988145
vn -0.70710516 0.10798419 0.6988145
vn -0.70710516 0.10798419 0.6988145
vn -0.6972863 0.09550683 0.71040154
vn -0.6972863 0.09550683 0.71040154
vn -0.7023895 0.10115251 0.7045688
vn -0.7023895 0.10115251 0.7045688
vn -0.70670855 0.10740284 0.69930506
vn -0.70670855 0.10740284 0.69930506
vn -0.7168137 0.12235584 0.68644536
vn -0.7168137 0.12235584 0.68644536
vn 0.70714563 -0.10787555 -0.69879025
vn 0.70716953 -0.10776454 -0.6987832
vn 0.70716953 -0.10776454 -0.6987832
vn 0.70714563 -0.10787555 -0.69879025
vn 0.70714563 -0.10787555 -0.69879025
vn 0.70714563 -0.10787555 -0.69879025
vn 0.69728607 -0.09551038 -0.7104013
vn 0.69728607 -0.09551038 -0.7104013
vn 0.69728607 -0.09551038 -0.7104013
vn 0.69728607 -0.09551038 -0.7104013
vn 0.7023863 -0.1011485 -0.70457244
vn 0.7023863 -0.1011485 -0.70457244
vn 0.7067064 -0.10740351 -0.69930714
vn 0.7067064 -0.10740351 -0.69930714
vn 0.71681434 -0.122351736 -0.6864454
vn 0.71681434 -0.122351736 -0.6864454
vn -0.67973423 -0.0034227464 0.7334506
vn -0.67973423 -0.0034227464 0.7334506
vn -0.67973423 -0.0034227464 0.7334506
vn -0.67973423 -0.0034227464 0.7334506
vn -1 0 0
vn -1 0 0
vn -1 0 0
vn -1 0 0
vn -1 0 0
vn -1 0 0
vn 0.27061078 -0.9541559 -0.12789172
vn 0.27061078 -0.9541559 -0.12789172
vn 0.27061078 -0.9541559 -0.12789172
vn 0.27061078 -0.9541559 -0.12789172
vn 0.27061078 -0.9541559 -0.12789172
vn 0.41623467 -0.8624745 -0.28790003
vn 0.41623467 -0.8624745 -0.28790003
vn 0.41623467 -0.8624745 -0.28790003
vn 0.41623467 -0.8624745 -0.28790003
vn 0.5154742 -0.75521475 -0.40489146
vn 0.5154742 -0.75521475 -0.40489146
vn 0.5154742 -0.75521475 -0.40489146
vn 0.5154742 -0.75521475 -0.40489146
vn 0.51684535 -0.75337714 -0.4065634
vn 0.51684535 -0.75337714 -0.4065634
vn 0.5250927 -0.7420757 -0.41665503
vn 0.5250927 -0.7420757 -0.41665503
vn 0.32922968 -0.9248921 -0.19021635
vn 0.32922968 -0.9248921 -0.19021635
vn 0.32922968 -0.9248921 -0.19021635
vn 0.32922968 -0.9248921 -0.19021635
vn -0.2659068 0.9555763 0.12715161
vn -0.2659068 0.9555763 0.12715161
vn -0.2659068 0.9555763 0.12715161
vn -0.2659068 0.9555763 0.12715161
vn -0.2659068 0.9555763 0.12715161
vn -0.41635934 0.86236686 0.28804237
vn -0.41635934 0.86236686 0.28804237
vn -0.41635934 0.86236686 0.28804237
vn -0.41635934 0.86236686 0.28804237
vn -0.51540977 0.7553013 0.40481207
vn -0.51540977 0.7553013 0.40481207
vn -0.51540977 0.7553013 0.40481207
vn -0.51540977 0.7553013 0.40481207
vn -0.5168461 0.75337714 0.40656233
vn -0.5168461 0.75337714 0.40656233
vn -0.5250935 0.7420752 0.41665486
vn -0.5250935 0.7420752 0.41665486
vn -0.3292889 0.92485756 0.19028203
vn -0.3292889 0.92485756 0.19028203
vn -0.3292889 0.92485756 0.19028203
vn -0.3292889 0.92485756 0.19028203
vn -0.71373737 -0.023367679 -0.70002353
vn -0.71373737 -0.023367679 -0.70002353
vn -0.71373737 -0.023367679 -0.70002353
vn -0.71373737 -0.023367679 -0.70002353
vn 0.7071465 0.10786688 0.6987907
vn 0.7071091 0.10798494 0.69881034
vn 0.7071465 0.10786688 0.6987907
vn 0.7071091 0.10798494 0.69881034
vn 0.7071091 0.10798494 0.69881034
vn 0.7071091 0.10798494 0.69881034
vn 0.7067625 0.10747165 0.69924
vn 0.7067625 0.10747165 0.69924
vn 0.7067625 0.10747165 0.69924
vn 0.7067625 0.10747165 0.69924
vn 0.70607036 0.106460035 0.7000935
vn 0.70607036 0.106460035 0.7000935
vn 0.70915693 0.11097015 0.69626296
vn 0.70915693 0.11097015 0.69626296
vn -0.7071467 -0.10786712 -0.69879043
vn -0.7071681 -0.107763745 -0.6987847
vn -0.7071681 -0.107763745 -0.6987847
vn -0.7071467 -0.10786712 -0.69879043
vn -0.7071467 -0.10786712 -0.69879043
vn -0.7071467 -0.10786712 -0.69879043
vn -0.7064749 -0.10717288 -0.6995765
vn -0.7064749 -0.10717288 -0.6995765
vn -0.7064749 -0.10717288 -0.6995765
vn -0.7064749 -0.10717288 -0.6995765
vn -0.70676696 -0.10747605 -0.69923484
vn -0.70676696 -0.10747605 -0.69923484
vn -0.7060611 -0.106460124 -0.70010275
vn -0.7060611 -0.106460124 -0.70010275
vn -0.7091532 -0.11097164 -0.6962665
vn -0.7091532 -0.11097164 -0.6962665
vn 0.67973346 -0.0034227425 0.7334512
vn 0.67973346 -0.0034227425 0.7334512
vn 0.67973346 -0.0034227425 0.7334512
vn 0.67973346 -0.0034227425 0.7334512
vn 0.501164 0.77371687 0.3875524
vn 0.501164 0.77371687 0.3875524
vn 0.501164 0.77371687 0.3875524
vn 0.501164 0.77371687 0.3875524
vn -0.5011634 -0.7737172 -0.3875525
vn -0.5011634 -0.7737172 -0.3875525
vn -0.5011634 -0.7737172 -0.3875525
vn -0.5011634 -0.7737172 -0.3875525
vn 0.59455645 0.62574863 0.504917
vn 0.59455645 0.62574863 0.504917
vn 0.59455645 0.62574863 0.504917
vn 0.59455645 0.62574863 0.504917
vn -0.53769064 -0.72393894 -0.43220496
vn -0.53769064 -0.72393894 -0.43220496
vn -0.53769064 -0.72393894 -0.43220496
vn -0.53769064 -0.72393894 -0.43220496
vn 0.53769195 0.7239376 0.43220553
vn 0.53769195 0.7239376 0.43220553
vn 0.53769195 0.7239376 0.43220553
vn 0.53769195 0.7239376 0.43220553
vn 0.46321332 -0.6759531 0.57316744
vn 0.46321332 -0.6759531 0.57316744
vn 0.46321332 -0.6759531 0.57316744
vn 0.46321332 -0.6759531 0.57316744
vn -0.59455603 -0.6257481 -0.5049183
vn -0.59455603 -0.6257481 -0.5049183
vn -0.59455603 -0.6257481 -0.5049183
vn -0.59455603 -0.6257481 -0.5049183
vn -0.46319836 -0.6759736 0.5731552
vn -0.46319836 -0.6759736 0.5731552
vn -0.46319836 -0.6759736 0.5731552
vn -0.46319836 -0.6759736 0.5731552
vn -0.57765394 0.65819347 0.48280138
vn -0.57765394 0.65819347 0.48280138
vn -0.57765394 0.65819347 0.48280138
vn -0.57765394 0.65819347 0.48280138
vn 0.57765347 -0.6581931 -0.48280254
vn 0.57765347 -0.6581931 -0.48280254
vn 0.57765347 -0.6581931 -0.48280254
vn 0.57765347 -0.6581931 -0.48280254
vn -0 0.8314695 -0.55557054
vn -0 0.8314695 -0.55557054
vn -0 0.8314695 -0.55557054
vn -0 0.8314695 -0.55557054
vn 0.15030736 0.65314263 -0.74216735
vn -0 0.9931704 0.11667304
vn -0 0.70666414 -0.70754915
vn -0.15030736 0.65314263 -0.74216735
vn 0.09937076 0.9900148 0.09998115
vn -0.09937076 0.9900148 0.09998115
vn 0.12299428 0.67305034 0.72929806
vn -0.12299428 0.67305034 0.72929806
vn 0.08639851 0.9949104 0.051851314
vn -0.08639851 0.9949104 0.051851314
vn -0 0.6854522 0.7281175
vn -0 0.9984478 0.055696517
vn -0 0.9810172 -0.19392058
vn -0.19138385 0.9621686 -0.19391693
vn -0.18039839 0.906997 -0.38054264
vn -0 0.9247627 -0.38054413
vn 0.19138385 0.9621686 -0.19391693
vn -0.3538948 0.8543709 -0.38053763
vn -0.37541118 0.90634596 -0.19391616
vn 0.18039839 0.906997 -0.38054264
vn 0.37541118 0.90634596 -0.19391616
vn -0.51375544 0.7689242 -0.3805404
vn -0.54501534 0.8156919 -0.19392022
vn 0.3538948 0.8543709 -0.38053763
vn 0.54501534 0.8156919 -0.19392022
vn -0.6539058 0.6539058 -0.38054475
vn -0.6936837 0.6936837 -0.19392258
vn 0.51375544 0.7689242 -0.3805404
vn 0.6936837 0.6936837 -0.19392258
vn -0.7689242 0.51375544 -0.3805404
vn -0.8156919 0.54501534 -0.19392022
vn 0.6539058 0.6539058 -0.38054475
vn 0.8156919 0.54501534 -0.19392022
vn -0.85438013 0.35386813 -0.38054174
vn -0.90634596 0.37541118 -0.19391616
vn 0.7689242 0.51375544 -0.3805404
vn 0.90634596 0.37541118 -0.19391616
vn -0.906997 0.18039839 -0.38054264
vn -0.9621686 0.19138385 -0.19391693
vn 0.85438013 0.35386813 -0.38054174
vn 0.9621686 0.19138385 -0.19391693
vn -0.9247627 0 -0.38054413
vn -0.9810172 0 -0.19392058
vn 0.906997 0.18039839 -0.38054264
vn 0.9810172 0 -0.19392058
vn -0.906997 -0.18039839 -0.38054264
vn -0.9621686 -0.19138385 -0.19391693
vn 0.9247627 0 -0.38054413
vn 0.9621686 -0.19138385 -0.19391693
vn -0.85438013 -0.35386813 -0.38054174
vn -0.90634596 -0.37541118 -0.19391616
vn 0.906997 -0.18039839 -0.38054264
vn 0.90634596 -0.37541118 -0.19391616
vn -0.7689242 -0.51375544 -0.3805404
vn -0.8156919 -0.54501534 -0.19392022
vn 0.8543709 -0.3538948 -0.38053763
vn 0.8156919 -0.54501534 -0.19392022
vn -0.6539058 -0.6539058 -0.38054475
vn -0.6936837 -0.6936837 -0.19392258
vn 0.7689242 -0.51375544 -0.3805404
vn 0.6936837 -0.6936837 -0.19392258
vn -0.51375544 -0.7689242 -0.3805404
vn -0.54501534 -0.8156919 -0.19392022
vn 0.6539058 -0.6539058 -0.38054475
vn 0.54501534 -0.8156919 -0.19392022
vn -0.35386813 -0.85438013 -0.38054174
vn -0.37541118 -0.90634596 -0.19391616
vn 0.51375544 -0.7689242 -0.3805404
vn 0.37541118 -0.90634596 -0.19391616
vn -0.18039839 -0.906997 -0.38054264
vn -0.19138385 -0.9621686 -0.19391693
vn 0.35386813 -0.85438013 -0.38054174
vn 0.19138385 -0.9621686 -0.19391693
vn -0 -0.9247627 -0.38054413
vn -0 -0.9810172 -0.19392058
vn 0.18039839 -0.906997 -0.38054264
vn -0.31889513 -0.76990783 -0.55276376
vn -0.16257459 -0.8173287 -0.5527597
vn -0 -0.8333439 -0.5527549
vn 0.16257459 -0.8173287 -0.5527597
vn 0.31889513 -0.76990783 -0.55276376
vn 0.46297252 -0.6929023 -0.5527593
vn -0.46297252 -0.6929023 -0.5527593
vn 0.5892607 -0.5892607 -0.55275995
vn -0.5892607 -0.5892607 -0.55275995
vn 0.6929023 -0.46297252 -0.5527593
vn -0.6929023 -0.46297252 -0.5527593
vn 0.76990783 -0.31889513 -0.55276376
vn -0.76990783 -0.31889513 -0.55276376
vn 0.8173287 -0.16257459 -0.5527597
vn -0.8173287 -0.16257459 -0.5527597
vn 0.8333439 0 -0.5527549
vn -0.8333439 0 -0.5527549
vn 0.8173287 0.16257459 -0.5527597
vn -0.8173287 0.16257459 -0.5527597
vn 0.76990783 0.31889513 -0.55276376
vn -0.76990783 0.31889513 -0.55276376
vn 0.6929023 0.46297252 -0.5527593
vn -0.6929023 0.46297252 -0.5527593
vn 0.5892607 0.5892607 -0.55275995
vn -0.5892607 0.5892607 -0.55275995
vn 0.46297252 0.6929023 -0.5527593
vn -0.46297252 0.6929023 -0.5527593
vn 0.31889513 0.76990783 -0.55276376
vn -0.31889513 0.76990783 -0.55276376
vn 0.16257459 0.8173287 -0.5527597
vn -0.16257459 0.8173287 -0.5527597
vn -0 0.8333439 -0.5527549
vn -0.50214326 0.50214326 -0.7040627
vn -0.39452815 0.59046465 -0.70405895
vn -0.27174887 0.6560855 -0.7040627
vn -0.13852684 0.69651014 -0.70404834
vn -0 0.71015215 -0.7040482
vn 0.13852684 0.69651014 -0.70404834
vn -0.59046465 0.39452815 -0.70405895
vn 0.27174887 0.6560855 -0.7040627
vn -0.6560855 0.27174887 -0.7040627
vn 0.39452815 0.59046465 -0.70405895
vn -0.69651014 0.13852684 -0.70404834
vn 0.50214326 0.50214326 -0.7040627
vn -0.71015215 0 -0.7040482
vn 0.59046465 0.39452815 -0.70405895
vn -0.69651014 -0.13852684 -0.70404834
vn 0.6560855 0.27174887 -0.7040627
vn -0.6560855 -0.27174887 -0.7040627
vn 0.69651014 0.13852684 -0.70404834
vn -0.59046465 -0.39452815 -0.70405895
vn 0.71015215 0 -0.7040482
vn -0.50214326 -0.50214326 -0.7040627
vn 0.69651014 -0.13852684 -0.70404834
vn -0.39452815 -0.59046465 -0.70405895
vn 0.6560855 -0.27174887 -0.7040627
vn -0.27174887 -0.6560855 -0.7040627
vn 0.59046465 -0.39452815 -0.70405895
vn -0.13852684 -0.69651014 -0.70404834
vn 0.50214326 -0.50214326 -0.7040627
vn -0 -0.71015215 -0.7040482
vn 0.39452815 -0.59046465 -0.70405895
vn 0.13852684 -0.69651014 -0.70404834
vn 0.27174887 -0.6560855 -0.7040627
vn -0.10919721 -0.5490075 -0.82865363
vn -0 -0.55977476 -0.8286449
vn 0.10919721 -0.5490075 -0.82865363
vn 0.214214 -0.5171472 -0.82865626
vn 0.31099036 -0.46541741 -0.82865655
vn 0.39580473 -0.39580473 -0.8286599
vn -0.214214 -0.5171472 -0.82865626
vn 0.46541741 -0.31099036 -0.82865655
vn -0.31099036 -0.46541741 -0.82865655
vn 0.5171472 -0.214214 -0.82865626
vn -0.39580473 -0.39580473 -0.8286599
vn 0.5490075 -0.10919721 -0.82865363
vn -0.46541741 -0.31099036 -0.82865655
vn 0.55977476 0 -0.8286449
vn -0.5171472 -0.214214 -0.82865626
vn 0.5490075 0.10919721 -0.82865363
vn -0.5490075 -0.10919721 -0.82865363
vn 0.5171472 0.214214 -0.82865626
vn -0.55977476 0 -0.8286449
vn 0.46541741 0.31099036 -0.82865655
vn -0.5490075 0.10919721 -0.82865363
vn 0.39580473 0.39580473 -0.8286599
vn -0.5171472 0.214214 -0.82865626
vn 0.31099036 0.46541741 -0.82865655
vn -0.46541741 0.31099036 -0.82865655
vn 0.214214 0.5171472 -0.82865626
vn -0.39580473 0.39580473 -0.8286599
vn 0.10919721 0.5490075 -0.82865363
vn -0.31099036 0.46541741 -0.82865655
vn -0 0.55977476 -0.8286449
vn -0.214214 0.5171472 -0.82865626
vn -0.10919721 0.5490075 -0.82865363
vn -0.3224976 0.21549688 -0.9217138
vn -0.27427542 0.27427542 -0.92170817
vn -0.21549688 0.3224976 -0.9217138
vn -0.14841513 0.3583571 -0.92171204
vn -0.0756573 0.38042286 -0.9217128
vn -0 0.38787004 -0.92171407
vn -0.3583571 0.14841513 -0.92171204
vn 0.0756573 0.38042286 -0.9217128
vn -0.38042286 0.0756573 -0.9217128
vn 0.14841513 0.3583571 -0.92171204
vn -0.38787004 0 -0.92171407
vn 0.21549688 0.3224976 -0.9217138
vn -0.38042286 -0.0756573 -0.9217128
vn 0.27427542 0.27427542 -0.92170817
vn -0.3583571 -0.14841513 -0.92171204
vn 0.3224976 0.21549688 -0.9217138
vn -0.3224976 -0.21549688 -0.9217138
vn 0.3583571 0.14841513 -0.92171204
vn -0.27427542 -0.27427542 -0.92170817
vn 0.38042286 0.0756573 -0.9217128
vn -0.21549688 -0.3224976 -0.9217138
vn 0.38787004 0 -0.92171407
vn -0.14841513 -0.3583571 -0.92171204
vn 0.38042286 -0.0756573 -0.9217128
vn -0.0756573 -0.38042286 -0.9217128
vn 0.3583571 -0.14841513 -0.92171204
vn -0 -0.38787004 -0.92171407
vn 0.3224976 -0.21549688 -0.9217138
vn 0.0756573 -0.38042286 -0.9217128
vn 0.27427542 -0.27427542 -0.92170817
vn 0.14841513 -0.3583571 -0.92171204
vn 0.21549688 -0.3224976 -0.9217138
vn -0 -0.20096742 -0.97959787
vn 0.0391865 -0.19709224 -0.9796015
vn -0 0 -1
vn -0.0391865 -0.19709224 -0.9796015
vn 0.07690812 -0.18564765 -0.979602
vn -0.07690812 -0.18564765 -0.979602
vn 0.11163869 -0.1670918 -0.9796005
vn -0.11163869 -0.1670918 -0.9796005
vn 0.14209668 -0.14209668 -0.9796005
vn -0.14209668 -0.14209668 -0.9796005
vn 0.1670918 -0.11163869 -0.9796005
vn -0.1670918 -0.11163869 -0.9796005
vn 0.18564765 -0.07690812 -0.979602
vn -0.18564765 -0.07690812 -0.979602
vn 0.19709224 -0.0391865 -0.9796015
vn -0.19709224 -0.0391865 -0.9796015
vn 0.20096742 0 -0.97959787
vn -0.20096742 0 -0.97959787
vn 0.19709224 0.0391865 -0.9796015
vn -0.19709224 0.0391865 -0.9796015
vn 0.18564765 0.07690812 -0.979602
vn -0.18564765 0.07690812 -0.979602
vn 0.1670918 0.11163869 -0.9796005
vn -0.1670918 0.11163869 -0.9796005
vn 0.14209668 0.14209668 -0.9796005
vn -0.14209668 0.14209668 -0.9796005
vn 0.11163869 0.1670918 -0.9796005
vn -0.11163869 0.1670918 -0.9796005
vn 0.07690812 0.18564765 -0.979602
vn -0.07687779 0.18564808 -0.97960424
vn 0.0391865 0.19709224 -0.9796015
vn -0.0391865 0.19709224 -0.9796015
vn -0 0.20096742 -0.97959787
vn -0.9213278 -0.38161796 -0.07431539
vn -0.8291651 -0.5540382 -0.07434377
vn -0.8156919 -0.54501534 -0.19392022
vn -0.90634596 -0.37541118 -0.19391616
vn -0.6936837 -0.6936837 -0.19392258
vn -0.97807544 -0.1945286 -0.07434447
vn -0.9621686 -0.19138385 -0.19391693
vn -0.70514995 -0.70514995 -0.07434517
vn -0.54501534 -0.8156919 -0.19392022
vn -0.9972326 0 -0.074343815
vn -0.9810172 0 -0.19392058
vn -0.55401695 -0.82917905 -0.07434502
vn -0.37541118 -0.90634596 -0.19391616
vn -0.97807544 0.1945286 -0.07434447
vn -0.9621686 0.19138385 -0.19391693
vn -0.38161796 -0.9213278 -0.07431539
vn -0.19138385 -0.9621686 -0.19391693
vn -0.92132574 0.3816171 -0.074345745
vn -0.90634596 0.37541118 -0.19391616
vn -0.19452903 -0.97807765 -0.074314125
vn -0 -0.9810172 -0.19392058
vn -0.82917905 0.55401695 -0.07434502
vn -0.8156919 0.54501534 -0.19392022
vn -0 -0.997235 -0.07431348
vn 0.19138385 -0.9621686 -0.19391693
vn -0.70514995 0.70514995 -0.07434517
vn -0.6936837 0.6936837 -0.19392258
vn 0.19452903 -0.97807765 -0.074314125
vn 0.37541118 -0.90634596 -0.19391616
vn -0.55401695 0.82917905 -0.07434502
vn -0.54501534 0.8156919 -0.19392022
vn 0.38161796 -0.9213278 -0.07431539
vn 0.54501534 -0.8156919 -0.19392022
vn -0.3816171 0.92132574 -0.074345745
vn -0.37541118 0.90634596 -0.19391616
vn 0.5540394 -0.82916695 -0.074313425
vn 0.6936837 -0.6936837 -0.19392258
vn -0.1945286 0.97807544 -0.07434447
vn -0.19138385 0.9621686 -0.19391693
vn 0.70514995 -0.70514995 -0.07434517
vn 0.8156919 -0.54501534 -0.19392022
vn -0 0.997235 -0.07431348
vn -0 0.9810172 -0.19392058
vn 0.829181 -0.5540183 -0.07431468
vn 0.90634596 -0.37541118 -0.19391616
vn 0.19452903 0.97807765 -0.074314125
vn 0.19138385 0.9621686 -0.19391693
vn 0.9213278 -0.38161796 -0.07431539
vn 0.9621686 -0.19138385 -0.19391693
vn 0.38161796 0.9213278 -0.07431539
vn 0.37541118 0.90634596 -0.19391616
vn 0.97807765 -0.19452903 -0.074314125
vn 0.9810172 0 -0.19392058
vn 0.5540183 0.829181 -0.07431468
vn 0.54501534 0.8156919 -0.19392022
vn 0.997235 0 -0.07431348
vn 0.9621686 0.19138385 -0.19391693
vn 0.70514995 0.70514995 -0.07434517
vn 0.6936837 0.6936837 -0.19392258
vn 0.97807765 0.19452903 -0.074314125
vn 0.90634596 0.37541118 -0.19391616
vn 0.8291651 0.5540382 -0.07434377
vn 0.8156919 0.54501534 -0.19392022
vn 0.9213278 0.38161796 -0.07431539
vn 0.55539435 0.8311994 -0.025392247
vn 0.3825514 0.9235862 -0.025361007
vn 0.70687884 0.70687884 -0.025391726
vn 0.8311994 0.55539435 -0.025392247
vn 0.19501413 0.9804725 -0.025360994
vn 0.92358536 0.38255104 -0.0253915
vn 0.9804725 0.19501413 -0.025360994
vn -0 0.99967754 -0.025391737
vn 0.9996784 0 -0.025361238
vn -0.19501397 0.9804717 -0.025391491
vn 0.9804725 -0.19501413 -0.025360994
vn -0.38255104 0.92358536 -0.0253915
vn 0.9235862 -0.3825514 -0.025361007
vn -0.55539435 0.8311994 -0.025392247
vn 0.83120877 -0.5553802 -0.025391601
vn -0.70687884 0.70687884 -0.025391726
vn 0.70687884 -0.70687884 -0.025391726
vn -0.8311994 0.55539435 -0.025392247
vn 0.55539435 -0.8311994 -0.025392247
vn -0.92358536 0.38255104 -0.0253915
vn 0.38255104 -0.92358536 -0.0253915
vn -0.9804717 0.19501397 -0.025391491
vn 0.19501413 -0.9804725 -0.025360994
vn -0.99967754 0 -0.025391737
vn -0 -0.9996784 -0.025361238
vn -0.9804717 -0.19501397 -0.025391491
vn -0.19501397 -0.9804717 -0.025391491
vn -0.9235809 -0.38256186 -0.025392218
vn -0.38255104 -0.92358536 -0.0253915
vn -0.8311994 -0.55539435 -0.025392247
vn -0.55539435 -0.8311994 -0.025392247
vn -0.70687884 -0.70687884 -0.025391726
vn -0.14197464 0.71390176 0.68570215
vn -0 0 1
vn -0 0 1
vn -0.2785453 0.67248225 0.6856969
vn -0 0 1
vn -0 0.72788095 0.6857035
vn -0 0 1
vn -0.4043767 0.60522217 0.6857008
vn -0 0 1
vn 0.14200455 0.71389866 0.68569916
vn -0 0 1
vn -0.5146824 0.5146824 0.6857142
vn -0 0 1
vn 0.2785453 0.67248225 0.6856969
vn -0 0 1
vn -0.60522217 0.4043767 0.6857008
vn -0 0 1
vn 0.4043767 0.60522217 0.6857008
vn -0 0 1
vn -0.67248225 0.2785453 0.6856969
vn -0 0 1
vn 0.5146824 0.5146824 0.6857142
vn -0 0 1
vn -0.71389866 0.14200455 0.68569916
vn -0 0 1
vn 0.60522217 0.4043767 0.6857008
vn -0 0 1
vn -0.72788095 0 0.6857035
vn -0 0 1
vn 0.67248225 0.2785453 0.6856969
vn -0 0 1
vn -0.71389866 -0.14200455 0.68569916
vn -0 0 1
vn 0.71389866 0.14200455 0.68569916
vn -0 0 1
vn -0.67248225 -0.2785453 0.6856969
vn -0 0 1
vn 0.72788095 0 0.6857035
vn -0 0 1
vn -0.60522217 -0.4043767 0.6857008
vn -0 0 1
vn 0.71389866 -0.14200455 0.68569916
vn -0 0 1
vn -0.5146824 -0.5146824 0.6857142
vn -0 0 1
vn 0.67248225 -0.2785453 0.6856969
vn -0 0 1
vn -0.4043767 -0.60522217 0.6857008
vn -0 0 1
vn 0.60522217 -0.4043767 0.6857008
vn -0 0 1
vn -0.2785453 -0.67248225 0.6856969
vn -0 0 1
vn 0.5146824 -0.5146824 0.6857142
vn -0 0 1
vn -0.14200455 -0.71389866 0.68569916
vn -0 0 1
vn 0.4043767 -0.60522217 0.6857008
vn -0 0 1
vn -0 -0.72788095 0.6857035
vn -0 0 1
vn 0.2785453 -0.67248225 0.6856969
vn -0 0 1
vn 0.14200455 -0.71389866 0.68569916
vn 0.70687884 -0.70687884 -0.025391726
vn 0.55539435 -0.8311994 -0.025392247
vn 0.83120877 -0.5553802 -0.025391601
vn 0.38255104 -0.92358536 -0.0253915
vn 0.19501413 -0.9804725 -0.025360994
vn 0.9235862 -0.3825514 -0.025361007
vn -0 -0.9996784 -0.025361238
vn -0.19501397 -0.9804717 -0.025391491
vn 0.9804725 -0.19501413 -0.025360994
vn -0.38255104 -0.92358536 -0.0253915
vn 0.9996784 0 -0.025361238
vn -0.55539435 -0.8311994 -0.025392247
vn 0.9804725 0.19501413 -0.025360994
vn -0.70687884 -0.70687884 -0.025391726
vn 0.92358536 0.38255104 -0.0253915
vn -0.8311994 -0.55539435 -0.025392247
vn 0.8311994 0.55539435 -0.025392247
vn -0.9235809 -0.38256186 -0.025392218
vn 0.70687884 0.70687884 -0.025391726
vn -0.9804717 -0.19501397 -0.025391491
vn 0.55539435 0.8311994 -0.025392247
vn -0.99967754 0 -0.025391737
vn 0.3825514 0.9235862 -0.025361007
vn -0.9804717 0.19501397 -0.025391491
vn 0.19501413 0.9804725 -0.025360994
vn -0.92358536 0.38255104 -0.0253915
vn -0 0.99967754 -0.025391737
vn -0.8311994 0.55539435 -0.025392247
vn -0.19501397 0.9804717 -0.025391491
vn -0.70687884 0.70687884 -0.025391726
vn -0.38255104 0.92358536 -0.0253915
vn -0.55539435 0.8311994 -0.025392247
vn -0 -1 0
vn -0 -0.6836101 0.72984743
vn -0.1333698 -0.6704808 0.72984105
vn -0.19507721 -0.9807879 0
vn 0.19507721 -0.9807879 0
vn -0.26161394 -0.63157237 0.7298455
vn -0.38268155 -0.92388034 0
vn 0.13333684 -0.67046857 0.7298583
vn 0.38268155 -0.92388034 0
vn -0.3797883 -0.5684006 0.72985035
vn -0.5555732 -0.8314676 0
vn 0.26161394 -0.63157237 0.7298455
vn 0.5555732 -0.8314676 0
vn -0.48339376 -0.48339376 0.72983634
vn -0.70710677 -0.70710677 0
vn 0.3797883 -0.5684006 0.72985035
vn 0.70710677 -0.70710677 0
vn -0.5684006 -0.3797883 0.72985035
vn -0.8314676 -0.5555732 0
vn 0.48339376 -0.48339376 0.72983634
vn 0.8314676 -0.5555732 0
vn -0.63157237 -0.26161394 0.7298455
vn -0.92388034 -0.38268155 0
vn 0.5684006 -0.3797883 0.72985035
vn 0.92388034 -0.38268155 0
vn -0.6704836 -0.13333984 0.7298441
vn -0.9807879 -0.19507721 0
vn 0.63157237 -0.26161394 0.7298455
vn 0.9807879 -0.19507721 0
vn -0.6836101 0 0.72984743
vn -1 0 0
vn 0.6704836 -0.13333984 0.7298441
vn 1 0 0
vn -0.6704836 0.13333984 0.7298441
vn -0.9807879 0.19507721 0
vn 0.6836101 0 0.72984743
vn 0.9807879 0.19507721 0
vn -0.63157237 0.26161394 0.7298455
vn -0.92388034 0.38268155 0
vn 0.6704836 0.13333984 0.7298441
vn 0.92388034 0.38268155 0
vn -0.5684006 0.3797883 0.72985035
vn -0.8314676 0.5555732 0
vn 0.63157237 0.26161394 0.7298455
vn 0.8314676 0.5555732 0
vn -0.48339376 0.48339376 0.72983634
vn -0.70710677 0.70710677 0
vn 0.5684006 0.3797883 0.72985035
vn 0.70710677 0.70710677 0
vn -0.3797883 0.5684006 0.72985035
vn -0.5555732 0.8314676 0
vn 0.48339376 0.48339376 0.72983634
vn 0.5555732 0.8314676 0
vn -0.26161394 0.63157237 0.7298455
vn -0.38268155 0.92388034 0
vn 0.3797883 0.5684006 0.72985035
vn 0.38268155 0.92388034 0
vn -0.1333698 0.6704808 0.72984105
vn -0.19507721 0.9807879 0
vn 0.26161394 0.63157237 0.7298455
vn 0.19507721 0.9807879 0
vn -0 0.6836101 0.72984743
vn -0 1 0
vn 0.13333984 0.6704836 0.7298441
vn 0.2785453 -0.67248225 0.6856969
vn 0.14200455 -0.71389866 0.68569916
vn -0 -0.72788095 0.6857035
vn -0.14200455 -0.71389866 0.68569916
vn -0.2785453 -0.67248225 0.6856969
vn -0.4043767 -0.60522217 0.6857008
vn 0.4043767 -0.60522217 0.6857008
vn -0.5146824 -0.5146824 0.6857142
vn 0.5147049 -0.51467437 0.68570346
vn -0.60522217 -0.4043767 0.6857008
vn 0.60522217 -0.4043767 0.6857008
vn -0.67248225 -0.2785453 0.6856969
vn 0.67248225 -0.2785453 0.6856969
vn -0.71389866 -0.14200455 0.68569916
vn 0.71389866 -0.14200455 0.68569916
vn -0.72788095 0 0.6857035
vn 0.72788095 0 0.6857035
vn -0.71389866 0.14200455 0.68569916
vn 0.71389866 0.14200455 0.68569916
vn -0.67248225 0.2785453 0.6856969
vn 0.67248225 0.2785453 0.6856969
vn -0.60522217 0.4043767 0.6857008
vn 0.60522217 0.4043767 0.6857008
vn -0.51467437 0.5147049 0.68570346
vn 0.5146824 0.5146824 0.6857142
vn -0.4043767 0.60522217 0.6857008
vn 0.4043767 0.60522217 0.6857008
vn -0.2785453 0.67248225 0.6856969
vn 0.2785453 0.67248225 0.6856969
vn -0.14197464 0.71390176 0.68570215
vn 0.14197464 0.71390176 0.68570215
vn -0 0.72788095 0.6857035
vn 0.70710677 0.70710677 0
vn 0.5555732 0.8314676 0
vn 0.38268155 0.92388034 0
vn 0.19507721 0.9807879 0
vn -0 1 0
vn -0.19507721 0.9807879 0
vn 0.8314676 0.5555732 0
vn -0.38268155 0.92388034 0
vn 0.92388034 0.38268155 0
vn -0.5555732 0.8314676 0
vn 0.9807879 0.19507721 0
vn -0.70710677 0.70710677 0
vn 1 0 0
vn -0.8314676 0.5555732 0
vn 0.9807879 -0.19507721 0
vn -0.92388034 0.38268155 0
vn 0.92388034 -0.38268155 0
vn -0.9807879 0.19507721 0
vn 0.8314676 -0.5555732 0
vn -1 0 0
vn 0.70710677 -0.70710677 0
vn -0.9807879 -0.19507721 0
vn 0.5555732 -0.8314676 0
vn -0.92388034 -0.38268155 0
vn 0.38268155 -0.92388034 0
vn -0.8314676 -0.5555732 0
vn 0.19507721 -0.9807879 0
vn -0.70710677 -0.70710677 0
vn -0 -1 0
vn -0.5555732 -0.8314676 0
vn -0.19507721 -0.9807879 0
vn -0.38268155 -0.92388034 0
vn 0.19507721 -0.9807879 0
vn -0 -1 0
vn -0.19507721 -0.9807879 0
vn -0.38268155 -0.92388034 0
vn -0.5555732 -0.8314676 0
vn -0.70710677 -0.70710677 0
vn 0.38268155 -0.92388034 0
vn -0.8314676 -0.5555732 0
vn 0.5555732 -0.8314676 0
vn -0.92388034 -0.38268155 0
vn 0.70710677 -0.70710677 0
vn -0.9807879 -0.19507721 0
vn 0.8314676 -0.5555732 0
vn -1 0 0
vn 0.92388034 -0.38268155 0
vn -0.9807879 0.19507721 0
vn 0.9807879 -0.19507721 0
vn -0.92388034 0.38268155 0
vn 1 0 0
vn -0.8314676 0.5555732 0
vn 0.9807879 0.19507721 0
vn -0.70710677 0.70710677 0
vn 0.92388034 0.38268155 0
vn -0.5555732 0.8314676 0
vn 0.8314676 0.5555732 0
vn -0.38268155 0.92388034 0
vn 0.70710677 0.70710677 0
vn -0.19507721 0.9807879 0
vn 0.5555732 0.8314676 0
vn -0 1 0
vn 0.38268155 0.92388034 0
vn 0.19507721 0.9807879 0
vn 0.8314676 0.5555732 0
vn 0.70710677 0.70710677 0
vn 0.5555732 0.8314676 0
vn 0.38268155 0.92388034 0
vn 0.19507721 0.9807879 0
vn -0 1 0
vn 0.92388034 0.38268155 0
vn -0.19507721 0.9807879 0
vn 0.9807879 0.19507721 0
vn -0.38268155 0.92388034 0
vn 1 0 0
vn -0.5555732 0.8314676 0
vn 0.9807879 -0.19507721 0
vn -0.70710677 0.70710677 0
vn 0.92388034 -0.38268155 0
vn -0.8314676 0.5555732 0
vn 0.8314676 -0.5555732 0
vn -0.92388034 0.38268155 0
vn 0.70710677 -0.70710677 0
vn -0.9807879 0.19507721 0
vn 0.5555732 -0.8314676 0
vn -1 0 0
vn 0.38268155 -0.92388034 0
vn -0.9807879 -0.19507721 0
vn 0.19507721 -0.9807879 0
vn -0.92388034 -0.38268155 0
vn -0 -1 0
vn -0.8314676 -0.5555732 0
vn -0.19507721 -0.9807879 0
vn -0.70710677 -0.70710677 0
vn -0.38268155 -0.92388034 0
vn -0.5555732 -0.8314676 0
vn -0 -1 0
vn -0.19507721 -0.9807879 0
vn -0.38268155 -0.92388034 0
vn -0.5555732 -0.8314676 0
vn -0.70710677 -0.70710677 0
vn -0.8314676 -0.5555732 0
vn 0.19507721 -0.9807879 0
vn -0.92388034 -0.38268155 0
vn 0.38268155 -0.92388034 0
vn -0.9807879 -0.19507721 0
vn 0.5555732 -0.8314676 0
vn -1 0 0
vn 0.70710677 -0.70710677 0
vn -0.9807879 0.19507721 0
vn 0.8314676 -0.5555732 0
vn -0.92388034 0.38268155 0
vn 0.92388034 -0.38268155 0
vn -0.8314676 0.5555732 0
vn 0.9807879 -0.19507721 0
vn -0.70710677 0.70710677 0
vn 1 0 0
vn -0.5555732 0.8314676 0
vn 0.9807879 0.19507721 0
vn -0.38268155 0.92388034 0
vn 0.92388034 0.38268155 0
vn -0.19507721 0.9807879 0
vn 0.8314676 0.5555732 0
vn -0 1 0
vn 0.70710677 0.70710677 0
vn 0.19507721 0.9807879 0
vn 0.5555732 0.8314676 0
vn 0.38268155 0.92388034 0
vn 0.9227764 0.38222158 -0.048891645
vn 0.830482 0.55489576 -0.048891377
vn 0.7062611 0.7062611 -0.04889077
vn 0.55489576 0.830482 -0.048891377
vn 0.38222158 0.9227764 -0.048891645
vn 0.19483677 0.9796163 -0.048892304
vn 0.9796163 0.19483677 -0.048892304
vn -0 0.9988041 -0.04889187
vn 0.9988041 0 -0.04889187
vn -0.19483677 0.9796163 -0.048892304
vn 0.9796163 -0.19483677 -0.048892304
vn -0.38222158 0.9227764 -0.048891645
vn 0.9227764 -0.38222158 -0.048891645
vn -0.55489576 0.830482 -0.048891377
vn 0.830482 -0.55489576 -0.048891377
vn -0.7062611 0.7062611 -0.04889077
vn 0.7062611 -0.7062611 -0.04889077
vn -0.830482 0.55489576 -0.048891377
vn 0.55489576 -0.830482 -0.048891377
vn -0.9227764 0.38222158 -0.048891645
vn 0.38222158 -0.9227764 -0.048891645
vn -0.9796163 0.19483677 -0.048892304
vn 0.19483677 -0.9796163 -0.048892304
vn -0.9988041 0 -0.04889187
vn -0 -0.9988041 -0.04889187
vn -0.9796163 -0.19483677 -0.048892304
vn -0.19483677 -0.9796163 -0.048892304
vn -0.9227764 -0.38222158 -0.048891645
vn -0.38222158 -0.9227764 -0.048891645
vn -0.830482 -0.55489576 -0.048891377
vn -0.55489576 -0.830482 -0.048891377
vn -0.7062611 -0.7062611 -0.04889077
vn -0 -0.9810172 -0.19392058
vn -0.19138385 -0.9621686 -0.19391693
vn -0.37541118 -0.90634596 -0.19391616
vn -0.54501534 -0.8156919 -0.19392022
vn -0.6936837 -0.6936837 -0.19392258
vn -0.8156919 -0.54501534 -0.19392022
vn 0.19138385 -0.9621686 -0.19391693
vn -0.90634596 -0.37541118 -0.19391616
vn 0.37541118 -0.90634596 -0.19391616
vn -0.9621686 -0.19138385 -0.19391693
vn 0.54501534 -0.8156919 -0.19392022
vn -0.9810172 0 -0.19392058
vn 0.6936837 -0.6936837 -0.19392258
vn -0.9621686 0.19138385 -0.19391693
vn 0.8156919 -0.54501534 -0.19392022
vn -0.90634596 0.37541118 -0.19391616
vn 0.90634596 -0.37541118 -0.19391616
vn -0.8156919 0.54501534 -0.19392022
vn 0.9621686 -0.19138385 -0.19391693
vn -0.6936837 0.6936837 -0.19392258
vn 0.9810172 0 -0.19392058
vn -0.54501534 0.8156919 -0.19392022
vn 0.9621686 0.19138385 -0.19391693
vn -0.37541118 0.90634596 -0.19391616
vn 0.90634596 0.37541118 -0.19391616
vn -0.19138385 0.9621686 -0.19391693
vn 0.8156919 0.54501534 -0.19392022
vn -0 0.9810172 -0.19392058
vn 0.6936837 0.6936837 -0.19392258
vn 0.19138385 0.9621686 -0.19391693
vn 0.54501534 0.8156919 -0.19392022
vn 0.37541118 0.90634596 -0.19391616
vn 0.7689242 0.51375544 -0.3805404
vn 0.6539058 0.6539058 -0.38054475
vn 0.51375544 0.7689242 -0.3805404
vn 0.3538948 0.8543709 -0.38053763
vn 0.18039839 0.906997 -0.38054264
vn -0 0.9247627 -0.38054413
vn 0.85438013 0.35386813 -0.38054174
vn -0.18039839 0.906997 -0.38054264
vn 0.906997 0.18039839 -0.38054264
vn -0.35386813 0.85438013 -0.38054174
vn 0.9247627 0 -0.38054413
vn -0.51375544 0.7689242 -0.3805404
vn 0.906997 -0.18039839 -0.38054264
vn -0.6539058 0.6539058 -0.38054475
vn 0.85438013 -0.35386813 -0.38054174
vn -0.7689242 0.51375544 -0.3805404
vn 0.7689242 -0.51375544 -0.3805404
vn -0.8543709 0.3538948 -0.38053763
vn 0.6539058 -0.6539058 -0.38054475
vn -0.906997 0.18039839 -0.38054264
vn 0.51375544 -0.7689242 -0.3805404
vn -0.9247627 0 -0.38054413
vn 0.35386813 -0.85438013 -0.38054174
vn -0.906997 -0.18039839 -0.38054264
vn 0.18039839 -0.906997 -0.38054264
vn -0.85438013 -0.35386813 -0.38054174
vn -0 -0.9247627 -0.38054413
vn -0.7689242 -0.51375544 -0.3805404
vn -0.18039839 -0.906997 -0.38054264
vn -0.6539058 -0.6539058 -0.38054475
vn -0.3538948 -0.8543709 -0.38053763
vn -0.51375544 -0.7689242 -0.3805404
vn 0.16257459 -0.8173287 -0.5527597
vn -0 -0.8333439 -0.5527549
vn -0.16257459 -0.8173287 -0.5527597
vn -0.31889513 -0.76990783 -0.55276376
vn -0.46297252 -0.6929023 -0.5527593
vn -0.5892607 -0.5892607 -0.55275995
vn 0.31889513 -0.76990783 -0.55276376
vn -0.6929023 -0.46297252 -0.5527593
vn 0.46297252 -0.6929023 -0.5527593
vn -0.76990783 -0.31889513 -0.55276376
vn 0.5892607 -0.5892607 -0.55275995
vn -0.8173287 -0.16257459 -0.5527597
vn 0.6929023 -0.46297252 -0.5527593
vn -0.8333439 0 -0.5527549
vn 0.76990783 -0.31889513 -0.55276376
vn -0.8173287 0.16257459 -0.5527597
vn 0.8173287 -0.16257459 -0.5527597
vn -0.76990783 0.31889513 -0.55276376
vn 0.8333439 0 -0.5527549
vn -0.6929023 0.46297252 -0.5527593
vn 0.8173287 0.16257459 -0.5527597
vn -0.5892607 0.5892607 -0.55275995
vn 0.76990783 0.31889513 -0.55276376
vn -0.46297252 0.6929023 -0.5527593
vn 0.6929023 0.46297252 -0.5527593
vn -0.31889513 0.76990783 -0.55276376
vn 0.5892607 0.5892607 -0.55275995
vn -0.16257459 0.8173287 -0.5527597
vn 0.46297252 0.6929023 -0.5527593
vn -0 0.8333439 -0.5527549
vn 0.31889513 0.76990783 -0.55276376
vn 0.16257459 0.8173287 -0.5527597
vn 0.50214326 0.50214326 -0.7040627
vn 0.39452815 0.59046465 -0.70405895
vn 0.27174887 0.6560855 -0.7040627
vn 0.13852684 0.69651014 -0.70404834
vn -0 0.71015215 -0.7040482
vn -0.13852684 0.69651014 -0.70404834
vn 0.59046465 0.39452815 -0.70405895
vn -0.27174887 0.6560855 -0.7040627
vn 0.6560855 0.27174887 -0.7040627
vn -0.39452815 0.59046465 -0.70405895
vn 0.69651014 0.13852684 -0.70404834
vn -0.50214326 0.50214326 -0.7040627
vn 0.71015215 0 -0.7040482
vn -0.59046465 0.39452815 -0.70405895
vn 0.69651014 -0.13852684 -0.70404834
vn -0.6560855 0.27174887 -0.7040627
vn 0.6560855 -0.27174887 -0.7040627
vn -0.69651014 0.13852684 -0.70404834
vn 0.59046465 -0.39452815 -0.70405895
vn -0.71015215 0 -0.7040482
vn 0.50214326 -0.50214326 -0.7040627
vn -0.69651014 -0.13852684 -0.70404834
vn 0.39452815 -0.59046465 -0.70405895
vn -0.6560855 -0.27174887 -0.7040627
vn 0.27174887 -0.6560855 -0.7040627
vn -0.59046465 -0.39452815 -0.70405895
vn 0.13852684 -0.69651014 -0.70404834
vn -0.50214326 -0.50214326 -0.7040627
vn -0 -0.71015215 -0.7040482
vn -0.39452815 -0.59046465 -0.70405895
vn -0.13852684 -0.69651014 -0.70404834
vn -0.27174887 -0.6560855 -0.7040627
vn 0.214214 -0.5171472 -0.82865626
vn 0.10919721 -0.5490075 -0.82865363
vn -0 -0.55977476 -0.8286449
vn -0.10919721 -0.5490075 -0.82865363
vn -0.214214 -0.5171472 -0.82865626
vn -0.31099036 -0.46541741 -0.82865655
vn 0.31099036 -0.46541741 -0.82865655
vn -0.39580473 -0.39580473 -0.8286599
vn 0.39580473 -0.39580473 -0.8286599
vn -0.46541741 -0.31099036 -0.82865655
vn 0.46541741 -0.31099036 -0.82865655
vn -0.5171472 -0.214214 -0.82865626
vn 0.5171472 -0.214214 -0.82865626
vn -0.5490075 -0.10919721 -0.82865363
vn 0.5490075 -0.10919721 -0.82865363
vn -0.55977476 0 -0.8286449
vn 0.55977476 0 -0.8286449
vn -0.5490075 0.10919721 -0.82865363
vn 0.5490075 0.10919721 -0.82865363
vn -0.5171472 0.214214 -0.82865626
vn 0.5171472 0.214214 -0.82865626
vn -0.46541741 0.31099036 -0.82865655
vn 0.46541741 0.31099036 -0.82865655
vn -0.39580473 0.39580473 -0.8286599
vn 0.39580473 0.39580473 -0.8286599
vn -0.31099036 0.46541741 -0.82865655
vn 0.31099036 0.46541741 -0.82865655
vn -0.214214 0.5171472 -0.82865626
vn 0.214214 0.5171472 -0.82865626
vn -0.10919721 0.5490075 -0.82865363
vn 0.10919721 0.5490075 -0.82865363
vn -0 0.55977476 -0.8286449
vn 0.21549688 0.3224976 -0.9217138
vn 0.14841513 0.3583571 -0.92171204
vn 0.0756573 0.38042286 -0.9217128
vn -0 0.38787004 -0.92171407
vn -0.0756573 0.38042286 -0.9217128
vn -0.14841513 0.3583571 -0.92171204
vn 0.27427542 0.27427542 -0.92170817
vn -0.21549688 0.3224976 -0.9217138
vn 0.3224976 0.21549688 -0.9217138
vn -0.27427542 0.27427542 -0.92170817
vn 0.3583571 0.14841513 -0.92171204
vn -0.3224976 0.21549688 -0.9217138
vn 0.38042286 0.0756573 -0.9217128
vn -0.3583571 0.14841513 -0.92171204
vn 0.38787004 0 -0.92171407
vn -0.38042286 0.0756573 -0.9217128
vn 0.38042286 -0.0756573 -0.9217128
vn -0.38787004 0 -0.92171407
vn 0.3583571 -0.14841513 -0.92171204
vn -0.38042286 -0.0756573 -0.9217128
vn 0.3224976 -0.21549688 -0.9217138
vn -0.3583571 -0.14841513 -0.92171204
vn 0.27427542 -0.27427542 -0.92170817
vn -0.3224976 -0.21549688 -0.9217138
vn 0.21549688 -0.3224976 -0.9217138
vn -0.27427542 -0.27427542 -0.92170817
vn 0.14841513 -0.3583571 -0.92171204
vn -0.21549688 -0.3224976 -0.9217138
vn 0.0756573 -0.38042286 -0.9217128
vn -0.14841513 -0.3583571 -0.92171204
vn -0 -0.38787004 -0.92171407
vn -0.0756573 -0.38042286 -0.9217128
vn 0.11163869 -0.1670918 -0.9796005
vn 0.07687779 -0.18564808 -0.97960424
vn -0 0 -1
vn 0.14209668 -0.14209668 -0.9796005
vn 0.0391865 -0.19709224 -0.9796015
vn 0.1670918 -0.11163869 -0.9796005
vn -0 -0.20096742 -0.97959787
vn 0.18564765 -0.07690812 -0.979602
vn -0.0391865 -0.19709224 -0.9796015
vn 0.19709224 -0.0391865 -0.9796015
vn -0.07687779 -0.18564808 -0.97960424
vn 0.20096742 0 -0.97959787
vn -0.11163869 -0.1670918 -0.9796005
vn 0.19709224 0.0391865 -0.9796015
vn -0.14209668 -0.14209668 -0.9796005
vn 0.18564765 0.07690812 -0.979602
vn -0.1670918 -0.11163869 -0.9796005
vn 0.1670918 0.11163869 -0.9796005
vn -0.18564765 -0.07690812 -0.979602
vn 0.14209668 0.14209668 -0.9796005
vn -0.19709224 -0.0391865 -0.9796015
vn 0.11163869 0.1670918 -0.9796005
vn -0.20096742 0 -0.97959787
vn 0.07690812 0.18564765 -0.979602
vn -0.19709224 0.0391865 -0.9796015
vn 0.0391865 0.19709224 -0.9796015
vn -0.18564765 0.07690812 -0.979602
vn -0 0.20096742 -0.97959787
vn -0.1670918 0.11163869 -0.9796005
vn -0.0391865 0.19709224 -0.9796015
vn -0.14209668 0.14209668 -0.9796005
vn -0.07690812 0.18564765 -0.979602
vn -0.11163869 0.1670918 -0.9796005
vn -0.21988922 -0.9571667 -0.18836313
vn -0.72693956 -0.6610789 0.18583213
vn -0.6121141 -0.743192 0.2701518
vn -0.27595434 -0.9578746 -0.07953296
vn -0 -0.83024293 -0.5574017
vn -0.7537353 -0.40508273 0.5174853
vn -0 -0.5550241 0.8318342
vn -0.3166101 -0.87374496 0.36922586
vn -0.51827973 -0.52560437 0.6746304
vn 0.19239712 -0.8751566 -0.4439417
vn -0.033967603 -0.9989466 -0.03085467
vn -0.7371931 -0.0046389303 0.6756663
vn -0.5875269 -0.038179636 0.8083035
vn -0.2885929 -0.49377584 0.8203045
vn -0.034883324 -0.83542967 0.54848915
vn -0.46895817 -0.025239388 0.8828597
vn 0.25977904 -0.8662862 -0.4266883
vn 0.22758316 -0.96404684 0.13718471
vn -0.11179134 -0.41029835 0.90507346
vn -0.3917453 0.02285893 0.9197897
vn 0.19450073 -0.7315523 0.65345293
vn -0.52932894 0.45333558 0.7171455
vn -0.5008543 0.46670312 0.728926
vn -0.56915903 0.45468023 0.6850723
vn -0.31874058 0.073856 0.9449602
vn 0.032227967 -0.29346982 0.95542496
vn -0.5887186 0.42449385 0.6879065
vn 0.44978705 -0.86218846 0.23307256
vn 0.37392253 -0.5842311 0.72031665
vn 0.4321876 -0.8471316 -0.3091632
vn -0.59143203 0.7631027 0.26054263
vn -0.44982368 0.8187102 0.35689244
vn -0.7045458 0.66633517 0.24415708
vn -0.622804 0.38917997 0.678715
vn -0.24967884 0.15912792 0.95516425
vn 0.18610288 -0.11053865 0.97629243
vn -0.8302516 0.51461923 0.21412458
vn -0.6278419 0.7284944 -0.27406284
vn -0.45187092 0.86092305 -0.23371792
vn -0.8091253 0.4969138 -0.31367645
vn -0.70216066 0.21296464 0.6794237
vn -0.9426156 0.263228 0.20539413
vn -0.26664406 0.10281834 0.95829505
vn -0.9150201 0.23832275 -0.32548493
vn -0.5610711 0.33986554 -0.75477856
vn -0.37199455 0.5843448 -0.721222
vn -0.6332368 0.14768098 -0.75973773
vn -0.97708046 -0.02874933 0.21091998
vn -0.9483358 -0.020417618 -0.31661043
vn -0.7339976 -0.02874951 0.6785433
vn -0.65605015 -0.0064701634 -0.7546896
vn -0.18369454 0.018616661 -0.98280704
vn -0.15714234 0.08990897 -0.9834748
vn -0.18632115 0.008606481 -0.98245114
vn -0.9166288 -0.23829785 -0.3209452
vn -0.6380337 -0.14814001 -0.755624
vn -0.9428297 -0.26298395 0.2047228
vn -0.18802828 -0.018830294 -0.98198307
vn 0.32829183 0.020844411 -0.94434637
vn 0.31001267 -0.11408027 -0.9438632
vn 0.30909815 0.11426377 -0.94414103
vn -0.5784655 -0.30836847 -0.75517315
vn -0.16318323 -0.08081339 -0.9832804
vn -0.83487326 -0.451984 -0.3141609
vn 0.29173413 0.16446859 -0.9422533
vn 0.7216559 0.21647237 -0.6575352
vn 0.7517499 0.027375756 -0.6588798
vn 0.66500753 0.36290064 -0.6527389
vn -0.45473543 0.42565066 -0.78232807
vn -0.13391884 0.64127225 -0.7555367
vn -0.75311905 0.23905586 -0.61291444
vn 0.1263481 0.82925856 -0.5443955
vn -0.94822437 0.13321531 -0.2883127
vn 0.2616985 0.9431218 -0.20502515
vn 0.86289066 0.4662368 -0.19504611
vn -0.8572697 -0.4681732 0.21424876
vn -0.9845994 0.13889131 0.10617511
vn -0.70727885 -0.21418267 0.6737079
vn 0.94399047 0.2619466 -0.20066398
vn 0.23774253 0.954785 0.17850527
vn -0.64315635 -0.3539588 0.6790162
vn -0.29057422 -0.020753121 0.95662737
vn 0.8365924 0.44979203 0.31273025
vn -0.8484383 0.2565763 0.46294826
vn -0.27839702 -0.106420785 0.95455205
vn 0.2346286 -0.033570692 0.9715053
vn 0.05588079 0.85875136 0.5093362
vn -0.2574607 -0.14481403 0.95537573
vn 0.2277006 -0.0075686574 0.9737017
vn 0.57079995 -0.34898666 0.74323326
vn -0.5747933 0.45448774 0.6804803
vn 0.2217846 0.028871369 0.97466815
vn 0.66670185 -0.1588548 0.728199
vn 0.61936384 -0.724992 0.30128902
vn 0.1939153 0.10043677 0.97586334
vn -0.24149929 0.67612475 0.6960844
vn 0.5928446 0.31703833 0.7402851
vn 0.6809409 0.0070498995 0.73230445
vn 0.65863794 0.15491618 0.7363402
vn 0.9209714 0.23954351 0.30729565
vn 0.9531912 0.019501463 0.30173862
vn 0.97843814 0.02688721 -0.20478228
vn 0.9230957 -0.24192882 0.29893944
vn 0.7199464 -0.21650273 -0.65939647
vn 0.94255006 -0.262891 -0.20612559
vn 0.80723035 -0.4963017 0.319474
vn 0.2861792 -0.18155916 -0.9408176
vn 0.83603334 -0.5159211 -0.18674482
vn 0.6477748 -0.40200186 -0.6471339
vn 0.7064522 -0.6802669 -0.19535166
vn -0.009399983 0.2724469 -0.9621249
vn 0.6110284 -0.45898083 -0.6449659
vn 0.35160708 -0.112034515 -0.9294195
vn 0.58910495 -0.7681589 -0.25077322
vn -0.19093049 0.72538936 -0.6613288
vn 0.12104042 0.3955635 -0.9104278
vn 0.572692 -0.4688963 -0.67242855
vn 0.40120682 -0.04187249 -0.9150299
vn 0.52679205 -0.5120207 -0.67847246
vn -0.24338743 0.96353954 -0.11114947
vn 0.036745626 0.8316292 -0.5541143
vn 0.48351106 -0.03714151 -0.87454987
vn 0.30574173 0.45836845 -0.8345181
vn 0.48775813 -0.5024684 -0.713875
vn -0.2752523 0.8500806 0.44899786
vn 0.027588835 0.9986914 0.043061774
vn 0.3211851 0.8701357 -0.37376988
vn 0.5857846 -0.00030519153 -0.81046665
vn 0.5251204 0.50323784 -0.68629444
vn 0.56228024 -0.4988009 -0.6595745
vn -0.5234926 0.45174244 0.7224155
vn -0.0944277 0.83220893 0.5463622
vn 0.3656213 0.9212558 0.13269795
vn 0.61227894 0.75452954 -0.23621966
vn 0.73526406 -0.017578952 -0.67755264
vn 0.7343502 0.45601615 -0.5027714
vn -0 0.7420135 -0.6703849
vn -0 0.20331803 0.97911274
vn -0 0.6644301 0.74735034
vn -0 0.99930775 -0.03720242
vn -0 0.9004655 0.4349274
vn -0 0.040865067 -0.9991647
vn -0 -0.51187223 -0.85906154
vn 0.5234926 0.45174244 0.7224155
vn 0.0944277 0.83220893 0.5463622
vn -0.3656213 0.9212558 0.13269795
vn -0.61227894 0.75452954 -0.23621966
vn 0.7371931 -0.0046389303 0.6756663
vn 0.7537353 -0.40508273 0.5174853
vn 0.72693956 -0.6610789 0.18583213
vn 0.61209506 -0.7432059 0.27015683
vn 0.21988922 -0.9571667 -0.18836313
vn 0.27595434 -0.9578746 -0.07953296
vn -0.19239712 -0.8751566 -0.4439417
vn -0.56228024 -0.4988009 -0.6595745
vn -0.73526406 -0.017578952 -0.67755264
vn -0.7343502 0.45601615 -0.5027714
vn 0.5875269 -0.038179636 0.8083035
vn 0.51827973 -0.52560437 0.6746304
vn 0.3166101 -0.87374496 0.36922586
vn 0.033967603 -0.9989466 -0.03085467
vn -0.25977904 -0.8662862 -0.4266883
vn -0.48775813 -0.5024684 -0.713875
vn -0.5857846 -0.00030519153 -0.81046665
vn -0.5251204 0.50323784 -0.68629444
vn -0.3211851 0.8701357 -0.37376988
vn -0.027588835 0.9986914 0.043061774
vn 0.2752523 0.8500806 0.44899786
vn 0.5008543 0.46670312 0.728926
vn -0.4321876 -0.8471316 -0.3091632
vn -0.52679205 -0.5120207 -0.67847246
vn -0.48351163 -0.037111036 -0.8745509
vn -0.30574173 0.45836845 -0.8345181
vn -0.036745626 0.8316292 -0.5541143
vn 0.24338743 0.96353954 -0.11114947
vn 0.44982368 0.8187102 0.35689244
vn 0.52935094 0.45332825 0.71713394
vn 0.46895817 -0.025239388 0.8828597
vn 0.2885929 -0.49377584 0.8203045
vn 0.034883324 -0.83542967 0.54848915
vn -0.22758316 -0.96404684 0.13718471
vn 0.19093049 0.72538936 -0.6613288
vn 0.45187092 0.86092305 -0.23371792
vn 0.59143203 0.7631027 0.26054263
vn 0.56915903 0.45468023 0.6850723
vn 0.3917453 0.02285893 0.9197897
vn 0.11179134 -0.41029835 0.90507346
vn -0.19450073 -0.7315523 0.65345293
vn -0.44978705 -0.86218846 0.23307256
vn -0.58910495 -0.7681589 -0.25077322
vn -0.572692 -0.4688963 -0.67242855
vn -0.40120682 -0.04187249 -0.9150299
vn -0.12104042 0.3955635 -0.9104278
vn 0.31874058 0.073856 0.9449602
vn -0.032227967 -0.29346982 0.95542496
vn -0.37392253 -0.5842311 0.72031665
vn -0.61936384 -0.724992 0.30128902
vn -0.70645636 -0.68027097 -0.19532229
vn -0.6110284 -0.45898083 -0.6449659
vn -0.35160708 -0.112034515 -0.9294195
vn 0.009399983 0.2724469 -0.9621249
vn 0.37199455 0.5843448 -0.721222
vn 0.6278419 0.7284944 -0.27406284
vn 0.7045458 0.66633517 0.24415708
vn 0.5887186 0.42449385 0.6879065
vn -0.83603334 -0.5159211 -0.18674482
vn -0.6477748 -0.40200186 -0.6471339
vn -0.2861792 -0.18155916 -0.9408176
vn 0.15714234 0.08990897 -0.9834748
vn 0.5610711 0.33986554 -0.75477856
vn 0.8091253 0.4969138 -0.31367645
vn 0.8302516 0.51461923 0.21412458
vn 0.622804 0.38917997 0.678715
vn 0.24967884 0.15912792 0.95516425
vn -0.18610288 -0.11053865 0.97629243
vn -0.57079995 -0.34898666 0.74323326
vn -0.80723035 -0.4963017 0.319474
vn 0.6332368 0.14768098 -0.75973773
vn 0.9150201 0.23832275 -0.32548493
vn 0.9426156 0.263228 0.20539413
vn 0.70216066 0.21296464 0.6794237
vn 0.26664406 0.10281834 0.95829505
vn -0.2346286 -0.033570692 0.9715053
vn -0.66670185 -0.1588548 0.728199
vn -0.9230957 -0.24192882 0.29893944
vn -0.94255006 -0.262891 -0.20612559
vn -0.7199464 -0.21650273 -0.65939647
vn -0.31001267 -0.11408027 -0.9438632
vn 0.18369454 0.018616661 -0.98280704
vn 0.29057422 -0.020753121 0.95662737
vn -0.2277006 -0.0075686574 0.9737017
vn -0.6809409 0.0070498995 0.73230445
vn -0.9531912 0.019501463 0.30173862
vn -0.97843814 0.02688721 -0.20478228
vn -0.7517499 0.027375756 -0.6588798
vn -0.32829183 0.020844411 -0.94434637
vn 0.18632115 0.008606481 -0.98245114
vn 0.65605015 -0.0064701634 -0.7546896
vn 0.9483358 -0.020417618 -0.31661043
vn 0.97708046 -0.02874933 0.21091998
vn 0.73401165 -0.028748866 0.67852813
vn -0.94399047 0.2619466 -0.20066398
vn -0.7216559 0.21647237 -0.6575352
vn -0.30909815 0.11426377 -0.94414103
vn 0.18802828 -0.018830294 -0.98198307
vn 0.6380337 -0.14814001 -0.755624
vn 0.9166288 -0.23829785 -0.3209452
vn 0.9428297 -0.26298395 0.2047228
vn 0.70727885 -0.21418267 0.6737079
vn 0.27839702 -0.106420785 0.95455205
vn -0.2217846 0.028871369 0.97466815
vn -0.65863794 0.15491618 0.7363402
vn -0.9209714 0.23954351 0.30729565
vn 0.5784655 -0.30836847 -0.75517315
vn 0.83487326 -0.451984 -0.3141609
vn 0.8572697 -0.4681732 0.21424876
vn 0.64315635 -0.3539588 0.6790162
vn 0.2574607 -0.14481403 0.95537573
vn -0.19388592 0.100437365 0.9758691
vn -0.5928446 0.31703833 0.7402851
vn -0.8365924 0.44979203 0.31273025
vn -0.86289066 0.4662368 -0.19504611
vn -0.66502076 0.36290786 -0.6527214
vn -0.29173413 0.16446859 -0.9422533
vn 0.16318323 -0.08081339 -0.9832804
vn 0.5747933 0.45448774 0.6804803
vn 0.24149929 0.67612475 0.6960844
vn -0.05588079 0.85875136 0.5093362
vn 0.8484383 0.2565763 0.46294826
vn -0.23774253 0.954785 0.17850527
vn 0.9845994 0.13889131 0.10617511
vn -0.26172855 0.94312006 -0.20499426
vn 0.94821596 0.13321412 -0.28834066
vn -0.1263481 0.82925856 -0.5443955
vn 0.7531135 0.23908463 -0.6129099
vn 0.13391884 0.64127225 -0.7555367
vn 0.45473543 0.42565066 -0.78232807
vn -0 0.72788095 0.6857035
vn -0.14200455 0.71389866 0.68569916
vn -0.14200455 0.71389866 -0.68569916
vn -0 0.72788095 -0.6857035
vn -0.2785453 0.67248225 -0.6856969
vn 0.14200455 0.71389866 0.68569916
vn -0.2785453 0.67248225 0.6856969
vn 0.14200455 0.71389866 -0.68569916
vn -0.4043767 0.60522217 -0.6857008
vn 0.2785453 0.67248225 0.6856969
vn -0.4043767 0.60522217 0.6857008
vn 0.2785453 0.67248225 -0.6856969
vn -0.5146824 0.5146824 -0.6857142
vn 0.4043767 0.60522217 0.6857008
vn -0.5146824 0.5146824 0.6857142
vn 0.4043767 0.60522217 -0.6857008
vn -0.60522217 0.4043767 -0.6857008
vn 0.5146824 0.5146824 0.6857142
vn -0.60522217 0.4043767 0.6857008
vn 0.5146824 0.5146824 -0.6857142
vn -0.67248225 0.2785453 -0.6856969
vn 0.60522217 0.4043767 0.6857008
vn -0.67248225 0.2785453 0.6856969
vn 0.60522217 0.4043767 -0.6857008
vn -0.71389866 0.14200455 -0.68569916
vn 0.67248225 0.2785453 0.6856969
vn -0.71389866 0.14200455 0.68569916
vn 0.67248225 0.2785453 -0.6856969
vn -0.72788095 0 -0.6857035
vn 0.71389866 0.14200455 0.68569916
vn -0.72788095 0 0.6857035
vn 0.71389866 0.14200455 -0.68569916
vn -0.71389866 -0.14200455 -0.68569916
vn 0.72788095 0 0.6857035
vn -0.71389866 -0.14200455 0.68569916
vn 0.72788095 0 -0.6857035
vn -0.67248225 -0.2785453 -0.6856969
vn 0.71389866 -0.14200455 0.68569916
vn -0.67248225 -0.2785453 0.6856969
vn 0.71389866 -0.14200455 -0.68569916
vn -0.60522217 -0.4043767 -0.6857008
vn 0.67248225 -0.2785453 0.6856969
vn -0.60522217 -0.4043767 0.6857008
vn 0.67248225 -0.2785453 -0.6856969
vn -0.5146824 -0.5146824 -0.6857142
vn 0.60522217 -0.4043767 0.6857008
vn -0.5146824 -0.5146824 0.6857142
vn 0.60522217 -0.4043767 -0.6857008
vn -0.4043767 -0.60522217 -0.6857008
vn 0.5146824 -0.5146824 0.6857142
vn -0.4043767 -0.60522217 0.6857008
vn 0.5146824 -0.5146824 -0.6857142
vn -0.2785453 -0.67248225 -0.6856969
vn 0.4043767 -0.60522217 0.6857008
vn -0.2785453 -0.67248225 0.6856969
vn 0.4043767 -0.60522217 -0.6857008
vn -0.14200455 -0.71389866 -0.68569916
vn 0.2785453 -0.67248225 0.6856969
vn -0.14200455 -0.71389866 0.68569916
vn 0.2785453 -0.67248225 -0.6856969
vn -0 -0.72788095 -0.6857035
vn 0.14200455 -0.71389866 0.68569916
vn -0 -0.72788095 0.6857035
vn 0.14200455 -0.71389866 -0.68569916
vn 0.880308 -0.46963593 0.06708213
vn -0.47426665 -0.8784004 -0.059023917
vn -0.56884056 -0.8218723 0.03076299
vn 0.8197305 -0.5720321 0.028658064
vn 0.9970831 -0.0074160937 0.07596155
vn -0.9999678 0.0037233655 0.0071110176
vn -0.996463 0.018494274 -0.08197298
vn 0.99998116 0.0041505657 -0.004516792
vn 0.78299236 0.6090958 0.12619556
vn -0.63266736 0.7725073 0.054446623
vn -0.55471206 0.83124405 0.036439598
vn 0.7913875 0.6094029 0.048311535
vn -0.5794143 -0.7893279 0.20307729
vn 0.7862669 -0.61700726 -0.03296077
vn 0.9860627 0.005066122 -0.16629699
vn 0.7821395 0.61181325 -0.1180778
vn -0.98285335 -0.0030823844 0.18436322
vn -0.6202311 0.77435035 0.12527917
vn -0.49939385 -0.75063205 0.43261677
vn 0.73856586 -0.6417894 -0.20646273
vn 0.8803494 0.009338796 -0.4742338
vn 0.64796674 0.64055043 -0.41210943
vn -0.6180774 0.7331963 0.2835551
vn -0.8707927 -0.007263473 0.4915967
vn -0.17295413 -0.7322549 0.65870285
vn 0.61567146 -0.6150916 -0.49255547
vn 0.5250154 0.019684643 -0.85086495
vn 0.28193274 0.6383618 -0.71624583
vn -0.50418484 0.6751255 0.53851944
vn -0.5160799 0.032014657 0.8559419
vn -0.45019695 -0.21885718 0.865693
vn -0.4267772 0.90348345 0.039735693
vn -0.07901415 0.6666304 -0.7411887
vn 0.2995732 0.9528601 0.048097733
vn 0.22804119 -0.03051943 -0.9731731
vn 0.29832715 -0.5164188 -0.8026908
vn -0.035280734 -0.6911484 0.72185117
vn 0.11551362 0.55702895 -0.82242036
vn 0.12589006 0 -0.9920442
vn 0.101780206 -0.5865409 -0.80349904
vn -0.09229034 -0.7710089 0.6301013
vn 0.039278086 0.6104431 -0.79108566
vn -0 0 -1
vn 0.006683596 0.74981403 0.66161495
vn -0 -0.6171366 -0.786856
vn -0.12589006 0 -0.9920442
vn -0.092656285 0.60452425 -0.79117966
vn -0.20896377 0.95695454 0.20142555
vn 0.0024110079 0.008850535 0.9999579
vn -0.101780206 -0.5865409 -0.80349904
vn -0.0021668398 -0.756105 0.65444666
vn 0.092595905 -0.7706458 0.6305006
vn 0.07211667 -0.26304427 0.9620847
vn -0.10504641 -0.29109022 0.95091105
vn 0.4743017 -0.23591481 0.8481641
vn 0.03302213 -0.692885 0.7202915
vn -0.29832715 -0.5164188 -0.8026908
vn -0.22804119 -0.03051943 -0.9731731
vn 0.074222006 0.684051 -0.7256483
vn 0.52680373 -0.3863512 0.7571067
vn -0.6453899 -0.38677007 0.6586963
vn -0.59811485 0.7277909 0.33552787
vn 0.5432041 0.7146282 0.440722
vn 0.17206621 -0.73343307 0.6576238
vn -0.61567146 -0.6150916 -0.49255547
vn -0.5250154 0.019684643 -0.85086495
vn 0.5157726 0.029634032 0.8562129
vn -0.73856586 -0.6417894 -0.20646273
vn -0.8803494 0.009338796 -0.4742338
vn 0.49939385 -0.75063205 0.43261677
vn -0.28346682 0.64256144 -0.7118716
vn -0.64796674 0.64055043 -0.41210943
vn 0.41533467 0.9020841 0.11722393
vn -0.9860627 0.005066122 -0.16629699
vn -0.7862669 -0.61700726 -0.03296077
vn -0.7821395 0.61181325 -0.1180778
vn 0.8707927 -0.007263473 0.4915967
vn 0.5794143 -0.7893279 0.20307729
vn 0.50277513 0.67270666 0.542847
vn 0.6180774 0.7331963 0.2835551
vn 0.6202311 0.77435035 0.12527917
vn 0.98285335 -0.0030823844 0.18436322
vn -0.99998116 0.0041505657 -0.004516792
vn -0.7913875 0.6094029 0.048311535
vn -0.8197305 -0.5720321 0.028658064
vn 0.56884056 -0.8218723 0.03076299
vn 0.9999678 0.0037233655 0.0071110176
vn 0.63266736 0.7725073 0.054446623
vn -0.9970831 -0.0074160937 0.07596155
vn -0.880308 -0.46963593 0.06708213
vn -0.78299236 0.6090958 0.12619556
vn 0.47426665 -0.8784004 -0.059023917
vn 0.55471206 0.83124405 0.036439598
vn 0.996463 0.018494274 -0.08197298
vn -0.513918 -0.42235947 0.74665976
vn 0.6474275 -0.42567736 0.6321681
vn 0.6161168 0.69979984 0.36149713
vn -0.5367052 0.69460994 0.47902444
vn -0 0 -1
vn 0.49998927 0 -0.8660316
vn 0.37855822 0.65322953 -0.65573215
vn -0 0.653236 -0.7571544
vn -0.49998927 0 -0.8660316
vn -0.37855822 0.65322953 -0.65573215
vn -0.8660316 0 -0.49998927
vn -0.65573215 0.65322953 -0.37855822
vn -1 0 0
vn 0.65573215 0.65322953 -0.37855822
vn 0.8660316 0 -0.49998927
vn -0.7571544 0.653236 0
vn -0.8660316 0 0.49998927
vn 0.7571544 0.653236 0
vn 1 0 0
vn -0.65573215 0.65322953 0.37855822
vn -0.49998927 0 0.8660316
vn 0.65573215 0.65322953 0.37855822
vn 0.8660316 0 0.49998927
vn -0.37855822 0.65322953 0.65573215
vn -0 0 1
vn 0.37855822 0.65322953 0.65573215
vn 0.49998927 0 0.8660316
vn -0 0.653236 0.7571544
vn -0 0 -1
vn 0.38920665 -0.31385562 -0.8660328
vn 0.70474064 0.27085453 -0.65572745
vn 0.41003558 0.50849295 -0.75716954
vn -0.38920665 0.31385562 -0.8660328
vn 0.115331724 0.7461313 -0.6557337
vn -0.67414916 0.5436165 -0.5000039
vn -0.10037712 0.9201185 -0.37855816
vn -0.77844524 0.6277124 0
vn 0.9204932 0.09686832 -0.37856165
vn 0.67414916 -0.5436165 -0.5000039
vn -0.17936078 0.9837834 0
vn -0.67414916 0.5436165 0.5000039
vn 0.9994486 0.03320508 0
vn 0.77844524 -0.6277124 0
vn -0.10037712 0.9201185 0.37855816
vn -0.38920665 0.31385562 0.8660328
vn 0.9204932 0.09686832 0.37856165
vn 0.67414916 -0.5436165 0.5000039
vn 0.115331724 0.7461313 0.6557337
vn -0 0 1
vn 0.70474064 0.27085453 0.65572745
vn 0.38920665 -0.31385562 0.8660328
vn 0.41002923 0.50851554 0.7571578
vn -0 0 -1
vn 0.1448731 -0.47853598 -0.8660341
vn 0.7349008 -0.17301297 -0.6557342
vn 0.6251978 0.18928371 -0.7571654
vn -0.1448731 0.47853598 -0.8660341
vn 0.8152285 -0.43828607 -0.37856004
vn 0.25095892 -0.82886934 -0.4999951
vn 0.844619 -0.5353679 0
vn 0.2897829 -0.95709234 0
vn 0.8152285 -0.43828607 0.37856004
vn 0.25095892 -0.82886934 0.4999951
vn 0.7348969 -0.17304258 0.6557307
vn 0.1448731 -0.47853598 0.8660341
vn 0.6251978 0.18928371 0.7571654
vn -0 0 1
vn 0.51549214 0.5516263 -0.6557258
vn -0.25095892 0.82886934 -0.4999951
vn 0.51549214 0.5516263 0.6557258
vn -0.1448731 0.47853598 0.8660341
vn 0.4351795 0.8168885 -0.37856555
vn -0.2897829 0.95709234 0
vn 0.4351795 0.8168885 0.37856555
vn -0.25095892 0.82886934 0.4999951
vn 0.40577596 0.9139725 0
vn -0 0 -1
vn 0.14569668 0.47829044 -0.8660316
vn -0.51454526 0.55251056 -0.6557248
vn -0.62488514 0.19034964 -0.7571563
vn -0.14569668 -0.47829044 -0.8660316
vn -0.43376964 0.8176404 -0.3785604
vn 0.252363 0.8284428 -0.4999955
vn -0.73519963 -0.17176022 -0.6557285
vn -0.252363 -0.8284428 -0.4999955
vn -0.4042007 0.91467035 0
vn 0.29142755 0.9565929 0
vn -0.43376964 0.8176404 0.3785604
vn 0.252363 0.8284428 0.4999955
vn -0.51455563 0.55252165 0.6557075
vn 0.14569668 0.47829044 0.8660316
vn -0.62488514 0.19034964 0.7571563
vn -0 0 1
vn -0.73519963 -0.17176022 0.6557285
vn -0.14569668 -0.47829044 0.8660316
vn -0.81597483 -0.43688953 0.3785664
vn -0.252363 -0.8284428 0.4999955
vn -0.81597483 -0.43688953 -0.3785664
vn -0.29142755 -0.9565929 0
vn -0.8455288 -0.5339298 0
vn -0 0 -1
vn 0.38975462 0.31318316 -0.8660298
vn -0.11404851 0.7463356 -0.65572554
vn -0.40917814 0.5091913 -0.7571642
vn -0.38975462 -0.31318316 -0.8660298
vn -0.7042824 0.2720446 -0.655727
vn -0.6750896 -0.5424522 -0.49999967
vn -0.9203225 0.09845665 -0.37856677
vn -0.77952117 -0.62637585 0
vn 0.10196493 0.91994274 -0.3785612
vn 0.6750896 0.5424522 -0.49999967
vn -0.99939036 0.0349132 0
vn -0.6750896 -0.5424522 0.49999967
vn 0.18103892 0.9834759 0
vn 0.77952117 0.62637585 0
vn -0.9203225 0.09845665 0.37856677
vn -0.38975462 -0.31318316 0.8660298
vn 0.10196493 0.91994274 0.3785612
vn 0.6750896 0.5424522 0.49999967
vn -0.7042824 0.2720446 0.655727
vn -0 0 1
vn -0.11404851 0.7463356 0.65572554
vn 0.38975462 0.31318316 0.8660298
vn -0.40917173 0.50921386 0.7571523
vn 0.34413666 -0.93389344 -0.09702115
vn -0.22803882 -0.8100993 -0.5401273
vn -0.37523338 -0.7515655 -0.5425396
vn 0.2597474 -0.9264659 -0.2723823
vn 0.2931996 0.65778404 0.6937969
vn 0.3155713 0.19660643 -0.9283107
vn 0.0007935014 -0.99920136 -0.03994974
vn 0.7271568 0.07019478 0.68287313
vn -0.51696634 -0.65775186 -0.54782134
vn -0.6199088 -0.56595063 -0.5435189
vn -0.27464098 -0.95857304 0.07556519
vn -0.6858978 -0.46292153 -0.5614693
vn 0.22803882 -0.8100993 -0.5401273
vn 0.37523338 -0.7515655 -0.5425396
vn -0.34413666 -0.93389344 -0.09702115
vn -0.7271568 0.07019478 0.68287313
vn 0.6074004 -0.098791845 0.7882289
vn -0.5206904 -0.849231 0.087682046
vn 0.4369172 -0.18146896 0.8810065
vn -0.0007935014 -0.99920136 -0.03994974
vn 0.51696634 -0.65775186 -0.54782134
vn -0.6074004 -0.098791845 0.7882289
vn 0.37154093 0.7580363 0.5360395
vn 0.5162891 0.66287166 0.54226077
vn 0.22605757 0.815144 0.5333274
vn -0.22605757 0.815144 0.5333274
vn 0.62073284 0.5707116 0.5375676
vn -0.37154093 0.7580363 0.5360395
vn -0.5162891 0.66287166 0.54226077
vn -0.4369172 -0.18146896 0.8810065
vn 0.3181319 -0.13843499 0.93788475
vn 0.6880845 0.46572205 0.55645543
vn -0.6866018 -0.7143747 0.1350802
vn 0.17338069 -0.12848665 0.9764375
vn -0.8682165 -0.49096596 0.07178169
vn 0.012390712 -0.032167025 0.9994056
vn -0.73359185 -0.34715673 -0.5842305
vn -0.97040224 -0.24039558 -0.023011079
vn 0.73716927 0.348869 0.57868123
vn -0.08023569 -0.011902594 0.9967049
vn -0.77234185 -0.17765054 -0.6098592
vn 0.77644813 0.17847839 0.6043788
vn -0.999642 0.015442492 -0.021851433
vn -0.7869621 0.008636868 -0.6169409
vn 0.7911162 -0.008789501 0.61160284
vn -0.77729666 0.17685948 -0.60376376
vn -0.077396475 -0.0019837425 0.9969984
vn -0.97115064 0.23844631 0.0031129557
vn -0.041658264 0.0031434442 0.999127
vn -0.89726406 0.4363023 0.06750844
vn 0.7813831 -0.17783538 0.59817636
vn 0.019074395 0.036195572 0.9991627
vn -0.7414326 0.3173383 -0.5912478
vn -0.40922925 0.91242653 -0.0030519
vn 0.7449456 -0.3192319 0.5857875
vn -0.12754036 0.89165336 -0.43438193
vn 0.36207905 0.5223045 0.7720731
vn 0.86724067 0.31566265 0.38503337
vn -0.62073284 0.5707116 0.5375676
vn -0.6880845 0.46572205 0.55645543
vn -0.3181319 -0.13843499 0.93788475
vn 0.27461275 -0.95858103 0.075565815
vn 0.6199088 -0.56595063 -0.5435189
vn 0.5206904 -0.849231 0.087682046
vn -0.17338069 -0.12848665 0.9764375
vn 0.6858978 -0.46292153 -0.5614693
vn 0.6866018 -0.7143747 0.1350802
vn -0.012390712 -0.032167025 0.9994056
vn 0.8682165 -0.49096596 0.07178169
vn -0.73716927 0.348869 0.57868123
vn 0.08023569 -0.011902594 0.9967049
vn 0.73359185 -0.34715673 -0.5842305
vn -0.77644813 0.17847839 0.6043788
vn 0.97040224 -0.24039558 -0.023011079
vn 0.77234185 -0.17765054 -0.6098592
vn -0.7911162 -0.008789501 0.61160284
vn 0.7869621 0.008636868 -0.6169409
vn 0.077396475 -0.0019837425 0.9969984
vn 0.999642 0.015442492 -0.021851433
vn 0.041658264 0.0031434442 0.999127
vn 0.97115064 0.23844631 0.0031129557
vn -0.7813831 -0.17783538 0.59817636
vn -0.019074395 0.036195572 0.9991627
vn 0.77729666 0.17685948 -0.60376376
vn 0.89726406 0.4363023 0.06750844
vn -0.7449456 -0.3192319 0.5857875
vn -0.36207905 0.5223045 0.7720731
vn 0.7414326 0.3173383 -0.5912478
vn -0.86724067 0.31566265 0.38503337
vn 0.40922925 0.91242653 -0.0030519
vn 0.12754036 0.89165336 -0.43438193
vn -0 0 1
vn 0.16245268 -0.4999929 0.85065633
vn -0.42531475 -0.30900627 0.85066
vn 0.5257209 0 0.8506571
vn -0.42531475 0.30900627 0.85066
vn 0.16245268 0.4999929 0.85065633
vn 0.68818784 -0.50000364 0.5257317
vn -0.2628661 -0.80901605 0.5257322
vn 0.27638215 -0.85066247 0.44719827
vn -0.8506571 0 0.5257209
vn -0.7236163 -0.52572817 0.44720164
vn -0 -1 0
vn -0.58776695 -0.80903023 0
vn 0.58776695 -0.80903023 0
vn -0.9510608 -0.30900395 0
vn 0.89443326 0 0.44720137
vn 0.68818784 0.50000364 0.5257317
vn 0.9510608 -0.30900395 0
vn 0.9510608 0.30900395 0
vn 0.26285964 -0.8090266 -0.5257193
vn -0.27638215 -0.85066247 -0.44719827
vn 0.7236163 -0.52572817 -0.44720164
vn -0.68818784 -0.50000364 -0.5257317
vn 0.8506571 0 -0.5257209
vn 0.42531475 -0.30900627 -0.85066
vn -0.16245268 -0.4999929 -0.85065633
vn 0.58776695 0.80903023 0
vn 0.72360647 0.525721 -0.44722605
vn 0.42531475 0.30900627 -0.85066
vn -0 0 -1
vn -0.5257209 0 -0.8506571
vn -0.89443326 0 -0.44720137
vn 0.2628661 0.80901605 -0.5257322
vn -0.16245268 0.4999929 -0.85065633
vn 0.27637836 0.85065085 0.44722268
vn -0.9510608 0.30900395 0
vn -0.68818784 0.50000364 -0.5257317
vn -0.27637836 0.85065085 -0.44722268
vn -0 1 0
vn -0.2628661 0.80901605 0.5257322
vn -0.72360647 0.525721 0.44722605
vn -0.587787 0.8090158 0
vn -0 0 1
vn 0.16245268 -0.4999929 0.85065633
vn -0.42531475 -0.30900627 0.85066
vn 0.5257209 0 0.8506571
vn -0.42531475 0.30900627 0.85066
vn 0.16245268 0.4999929 0.85065633
vn 0.68818784 -0.50000364 0.5257317
vn -0.2628661 -0.80901605 0.5257322
vn 0.27637836 -0.85065085 0.44722268
vn -0.8506571 0 0.5257209
vn -0.7236163 -0.52572817 0.44720164
vn -0 -1 0
vn -0.587787 -0.8090158 0
vn 0.58776695 -0.80903023 0
vn -0.9510608 -0.30900395 0
vn 0.89443326 0 0.44720137
vn 0.68818784 0.50000364 0.5257317
vn 0.9510608 -0.30900395 0
vn 0.9510608 0.30900395 0
vn 0.2628661 -0.80901605 -0.5257322
vn -0.27638215 -0.85066247 -0.44719827
vn 0.7236163 -0.52572817 -0.44720164
vn -0.68820393 -0.49999315 -0.52572066
vn 0.8506571 0 -0.5257209
vn 0.42531475 -0.30900627 -0.85066
vn -0.16245268 -0.4999929 -0.85065633
vn 0.58776695 0.80903023 0
vn 0.7236163 0.52572817 -0.44720164
vn 0.42531475 0.30900627 -0.85066
vn -0 0 -1
vn -0.5257209 0 -0.8506571
vn -0.89443326 0 -0.44720137
vn 0.26285964 0.8090266 -0.5257193
vn -0.16245268 0.4999929 -0.85065633
vn 0.27637836 0.85065085 0.44722268
vn -0.9510608 0.30900395 0
vn -0.68818784 0.50000364 -0.5257317
vn -0.27637836 0.85065085 -0.44722268
vn -0 1 0
vn -0.2628661 0.80901605 0.5257322
vn -0.7236163 0.52572817 0.44720164
vn -0.587787 0.8090158 0
vn -0.3292355 0 0.94424784
vn -0.17911829 -0.50286794 0.84560066
vn -0.5704443 -0.32323447 0.75505817
vn 0.047914594 0 0.9988514
vn -0.5704443 0.32323447 0.75505817
vn -0.17911829 0.50286794 0.84560066
vn 0.30436727 -0.5881341 0.7493056
vn -0.33754337 -0.8266761 0.4501901
vn 0.02514804 -0.8710561 0.49053937
vn -0.9228402 0 0.38518307
vn -0.7130792 -0.62527573 0.31709367
vn -0 -1 0
vn -0.40737247 -0.90148103 -0.14621827
vn 0.40737247 -0.90148103 0.14621827
vn -0.8609162 -0.4176858 -0.29045123
vn 0.56945115 0 0.8220251
vn 0.30436727 0.5881341 0.7493056
vn 0.8609162 -0.4176858 0.29045123
vn 0.8609162 0.4176858 0.29045123
vn 0.33751634 -0.82668453 -0.45019472
vn -0.02514804 -0.8710561 -0.49053937
vn 0.7130792 -0.62527573 -0.31709367
vn -0.30436727 -0.5881341 -0.7493056
vn 0.9228402 0 -0.38518307
vn 0.5704443 -0.32323447 -0.75505817
vn 0.17911829 -0.50286794 -0.84560066
vn 0.40737247 0.90148103 0.14621827
vn 0.7130792 0.62527573 -0.31709367
vn 0.5704443 0.32323447 -0.75505817
vn 0.3292355 0 -0.94424784
vn -0.047914594 0 -0.9988514
vn -0.56945115 0 -0.8220251
vn 0.33751634 0.82668453 -0.45019472
vn 0.17911829 0.50286794 -0.84560066
vn 0.02514804 0.8710561 0.49053937
vn -0.8609162 0.4176858 -0.29045123
vn -0.30436727 0.5881341 -0.7493056
vn -0.02514804 0.8710561 -0.49053937
vn -0 1 0
vn -0.33751634 0.82668453 0.45019472
vn -0.7130792 0.62527573 0.31709367
vn -0.40737247 0.90148103 -0.14621827
vn -0.37249017 0 0.92803615
vn -0.21799561 -0.50285786 0.83642805
vn -0.6046997 -0.3232552 0.7279041
vn 0.0017396057 0 0.99999857
vn -0.6046997 0.3232552 0.7279041
vn -0.21799561 0.50285786 0.83642805
vn 0.2694546 -0.5881368 0.7625544
vn -0.35796008 -0.8266744 0.4341361
vn 0.0024720733 -0.8710548 0.49117956
vn -0.9396463 0 0.34214735
vn -0.726963 -0.62527364 0.2838269
vn -0 -1 0
vn -0.40017295 -0.9014879 -0.16486686
vn 0.40017295 -0.9014879 0.16486686
vn -0.8465858 -0.41767752 -0.32990605
vn 0.5308765 0 0.8474492
vn 0.2694546 0.5881368 0.7625544
vn 0.84657717 -0.41768828 0.32991454
vn 0.84657717 0.41768828 0.32991454
vn 0.35796008 -0.8266744 -0.4341361
vn -0.0024720733 -0.8710548 -0.49117956
vn 0.726963 -0.62527364 -0.2838269
vn -0.2694546 -0.5881368 -0.7625544
vn 0.9396463 0 -0.34214735
vn 0.60470563 -0.32322785 -0.72791123
vn 0.21799561 -0.50285786 -0.83642805
vn 0.40017295 0.9014879 0.16486686
vn 0.726963 0.62527364 -0.2838269
vn 0.60470563 0.32322785 -0.72791123
vn 0.37249017 0 -0.92803615
vn -0.0017396057 0 -0.99999857
vn -0.5308765 0 -0.8474492
vn 0.35796008 0.8266744 -0.4341361
vn 0.21799561 0.50285786 -0.83642805
vn 0.0024720733 0.8710548 0.49117956
vn -0.8465858 0.41767752 -0.32990605
vn -0.2694546 0.5881368 -0.7625544
vn -0.0024720733 0.8710548 -0.49117956
vn -0 1 0
vn -0.35796008 0.8266744 0.4341361
vn -0.726963 0.62527364 0.2838269
vn -0.40017295 0.9014879 -0.16486686
vn -0 0 1
vn 0.16245268 -0.4999929 0.85065633
vn -0.42531475 -0.30900627 0.85066
vn 0.5257209 0 0.8506571
vn -0.42531475 0.30900627 0.85066
vn 0.16245268 0.4999929 0.85065633
vn 0.68818784 -0.50000364 0.5257317
vn -0.2628661 -0.80901605 0.5257322
vn 0.27638215 -0.85066247 0.44719827
vn -0.8506571 0 0.5257209
vn -0.7236163 -0.52572817 0.44720164
vn -0 -1 0
vn -0.58776695 -0.80903023 0
vn 0.58776695 -0.80903023 0
vn -0.9510608 -0.30900395 0
vn 0.89443326 0 0.44720137
vn 0.68818784 0.50000364 0.5257317
vn 0.9510608 -0.30900395 0
vn 0.9510608 0.30900395 0
vn 0.2628661 -0.80901605 -0.5257322
vn -0.27638215 -0.85066247 -0.44719827
vn 0.72360647 -0.525721 -0.44722605
vn -0.68818784 -0.50000364 -0.5257317
vn 0.8506571 0 -0.5257209
vn 0.42531475 -0.30900627 -0.85066
vn -0.16245268 -0.4999929 -0.85065633
vn 0.58776695 0.80903023 0
vn 0.7236163 0.52572817 -0.44720164
vn 0.42531475 0.30900627 -0.85066
vn -0 0 -1
vn -0.5257209 0 -0.8506571
vn -0.89443326 0 -0.44720137
vn 0.2628661 0.80901605 -0.5257322
vn -0.16245268 0.4999929 -0.85065633
vn 0.27638215 0.85066247 0.44719827
vn -0.9510608 0.30900395 0
vn -0.68818784 0.50000364 -0.5257317
vn -0.27637836 0.85065085 -0.44722268
vn -0 1 0
vn -0.2628661 0.80901605 0.5257322
vn -0.7236163 0.52572817 0.44720164
vn -0.58776695 0.80903023 0
vn 0.010742866 -0.07962539 0.99676704
vn -0 -0.08035778 0.9967661
vn -0 0.24299516 0.97002745
vn -0.032564204 0.2407981 0.97002876
vn 0.032564204 0.2407981 0.97002876
vn -0.055331707 0.40914333 0.910791
vn -0 0.4128669 0.9107914
vn 0.021241076 -0.07739565 0.99677414
vn -0 -0.54906034 0.8357827
vn 0.073550895 -0.54409355 0.8357945
vn -0.010742866 -0.07962539 0.99676704
vn -0.073550895 -0.54409355 0.8357945
vn 0.055331707 0.40914333 0.910791
vn 0.064364694 0.23435585 0.9700178
vn -0.072177134 0.533592 0.84265655
vn -0 0.538482 0.842637
vn -0.10934964 0.3981511 0.910779
vn -0.064364694 0.23435585 0.9700178
vn -0.14261639 0.51925427 0.84263605
vn -0.11786465 -0.8718078 0.47545663
vn -0 -0.87973994 0.4754551
vn 0.14536227 -0.5293531 0.83585596
vn 0.031160068 -0.07379535 0.9967865
vn 0.11786465 -0.8718078 0.47545663
vn -0.16074575 0.38036346 0.9107604
vn -0.2096359 0.49605793 0.8426026
vn -0.09461071 0.2239222 0.97000396
vn 0.2136069 -0.50555766 0.8359327
vn 0.23292202 -0.84830976 0.47551858
vn 0.040407743 -0.069034986 0.9967956
vn -0 -0.9885744 0.1507338
vn 0.13245259 -0.979661 0.1507335
vn -0.13245259 -0.979661 0.1507335
vn -0.20865612 0.356397 0.91073805
vn -0.27210715 0.46474284 0.8425982
vn -0.12286919 0.20984812 0.969983
vn 0.34236914 -0.8103265 0.47555676
vn 0.27720642 -0.47353685 0.8360141
vn 0.2617313 -0.9532927 0.15076406
vn 0.048860442 -0.063234754 0.99680185
vn -0.25254706 0.32680047 0.91072583
vn -0.329335 0.42614254 0.84257996
vn -0.14872149 0.1924559 0.96997046
vn 0.44439587 -0.75914454 0.47561747
vn 0.33546633 -0.43410414 0.83607167
vn 0.38472623 -0.91063464 0.15076531
vn 0.056490228 -0.056490228 0.99680376
vn -0.29203972 0.29203972 0.9107281
vn -0.3808186 0.38084912 0.8425741
vn -0.17197774 0.17197774 0.9699728
vn 0.5378745 -0.6960262 0.47564536
vn 0.38793 -0.38793 0.8360745
vn 0.49942023 -0.85314065 0.15076607
vn 0.063234754 -0.048860442 0.99680185
vn -0.32680047 0.25254706 0.91072583
vn -0.42614254 0.329335 0.84257996
vn -0.19242083 0.14871795 0.969978
vn 0.6219858 -0.6219858 0.47567573
vn 0.43410414 -0.33546633 0.83607167
vn 0.6044966 -0.78221077 0.15076555
vn 0.069034986 -0.040407743 0.9967956
vn -0.35637033 0.20865838 0.91074795
vn -0.46475482 0.27211413 0.8425893
vn -0.20984891 0.12283912 0.9699866
vn 0.6960262 -0.5378745 0.47564536
vn 0.47353685 -0.27720642 0.8360141
vn 0.69902086 -0.69902086 0.15079734
vn 0.07379535 -0.031160068 0.9967865
vn -0.38036346 0.16074575 0.9107604
vn -0.49605793 0.2096359 0.8426026
vn -0.22395119 0.09461007 0.96999735
vn 0.75914454 -0.44439587 0.47561747
vn 0.50555766 -0.2136069 0.8359327
vn 0.78221077 -0.6044966 0.15076555
vn 0.07739565 -0.021241076 0.99677414
vn -0.3981511 0.10934964 0.910779
vn -0.51925427 0.14261639 0.84263605
vn -0.23435585 0.064364694 0.9700178
vn 0.8103265 -0.34236914 0.47555676
vn 0.5293531 -0.14536227 0.83585596
vn 0.85314065 -0.49942023 0.15076607
vn 0.07962296 -0.010742539 0.99676716
vn -0.40914333 0.055331707 0.910791
vn -0.5335931 0.07214677 0.8426584
vn -0.2407981 0.032564204 0.97002876
vn 0.84830976 -0.23292202 0.47551858
vn 0.54409355 -0.073550895 0.8357945
vn 0.91063464 -0.38472623 0.15076531
vn 0.08035778 0 0.9967661
vn -0.4128669 0 0.9107914
vn -0.538482 0 0.842637
vn -0.24299516 0 0.97002745
vn 0.8718078 -0.11786465 0.47545663
vn 0.54906034 0 0.8357827
vn 0.9532927 -0.2617313 0.15076406
vn 0.07962539 0.010742866 0.99676704
vn -0.40914333 -0.055331707 0.910791
vn -0.5336068 -0.07214863 0.8426496
vn -0.2407981 -0.032564204 0.97002876
vn 0.87973994 0 0.4754551
vn 0.54409355 0.073550895 0.8357945
vn 0.979661 -0.13245259 0.1507335
vn 0.07739565 0.021241076 0.99677414
vn -0.3981511 -0.10934964 0.910779
vn -0.51925427 -0.14261639 0.84263605
vn -0.23435585 -0.064364694 0.9700178
vn 0.8718078 0.11786465 0.47545663
vn 0.5293531 0.14536227 0.83585596
vn 0.9885744 0 0.1507338
vn 0.07379535 0.031160068 0.9967865
vn -0.38036346 -0.16074575 0.9107604
vn -0.49605793 -0.2096359 0.8426026
vn -0.2239222 -0.09461071 0.97000396
vn 0.84830976 0.23292202 0.47551858
vn 0.50555766 0.2136069 0.8359327
vn 0.979661 0.13245259 0.1507335
vn 0.069034986 0.040407743 0.9967956
vn -0.35637033 -0.20865838 0.91074795
vn -0.46474284 -0.27210715 0.8425982
vn -0.20984891 -0.12283912 0.9699866
vn 0.8103265 0.34236914 0.47555676
vn 0.47353685 0.27720642 0.8360141
vn 0.9532927 0.2617313 0.15076406
vn 0.063234754 0.048860442 0.99680185
vn -0.32677317 -0.25254956 0.91073483
vn -0.42614254 -0.329335 0.84257996
vn -0.19242083 -0.14871795 0.969978
vn 0.75914454 0.44439587 0.47561747
vn 0.43411082 0.33550203 0.836054
vn 0.91063464 0.38472623 0.15076531
vn 0.056490228 0.056490228 0.99680376
vn -0.29203972 -0.29203972 0.9107281
vn -0.38084468 -0.38084468 0.8425643
vn -0.17197774 -0.17197774 0.9699728
vn 0.6960262 0.5378745 0.47564536
vn 0.38793 0.38793 0.8360745
vn 0.85314065 0.49942023 0.15076607
vn 0.048860442 0.063234754 0.99680185
vn -0.25254706 -0.32680047 0.91072583
vn -0.329335 -0.42614254 0.84257996
vn -0.14871795 -0.19242083 0.969978
vn 0.6219858 0.6219858 0.47567573
vn 0.33550203 0.43411082 0.836054
vn 0.78221077 0.6044966 0.15076555
vn 0.040407743 0.069034986 0.9967956
vn -0.20865612 -0.356397 0.91073805
vn -0.27211413 -0.46475482 0.8425893
vn -0.12286919 -0.20984812 0.969983
vn 0.5378745 0.6960262 0.47564536
vn 0.27720642 0.47353685 0.8360141
vn 0.69902086 0.69902086 0.15079734
vn 0.031160068 0.07379535 0.9967865
vn -0.16074575 -0.38036346 0.9107604
vn -0.2096359 -0.49605793 0.8426026
vn -0.09461007 -0.22395119 0.96999735
vn 0.44439587 0.75914454 0.47561747
vn 0.2136069 0.50555766 0.8359327
vn 0.6044966 0.78221077 0.15076555
vn 0.021241076 0.07739565 0.99677414
vn -0.10934964 -0.3981511 0.910779
vn -0.14261639 -0.51925427 0.84263605
vn -0.064364694 -0.23435585 0.9700178
vn 0.34236914 0.8103265 0.47555676
vn 0.14536227 0.5293531 0.83585596
vn 0.49942023 0.85314065 0.15076607
vn 0.010742866 0.07962539 0.99676704
vn -0.055331707 -0.40914333 0.910791
vn -0.07214677 -0.5335931 0.8426584
vn -0.032564204 -0.2407981 0.97002876
vn 0.23292202 0.84830976 0.47551858
vn 0.073550895 0.54409355 0.8357945
vn 0.38472623 0.91063464 0.15076531
vn -0 0.08035778 0.9967661
vn -0 -0.4128922 0.9107799
vn -0 -0.538482 0.842637
vn -0 -0.24299516 0.97002745
vn 0.11786465 0.8718078 0.47545663
vn -0 0.54906034 0.8357827
vn 0.2617313 0.9532927 0.15076406
vn -0.010742866 0.07962539 0.99676704
vn 0.055331707 -0.40914333 0.910791
vn 0.07214863 -0.5336068 0.8426496
vn 0.032564204 -0.2407981 0.97002876
vn -0 0.87973994 0.4754551
vn -0.073550895 0.54409355 0.8357945
vn 0.13245259 0.979661 0.1507335
vn -0.021241076 0.07739565 0.99677414
vn 0.10934964 -0.3981511 0.910779
vn 0.14261639 -0.51925427 0.84263605
vn 0.064364694 -0.23435585 0.9700178
vn -0.11786465 0.8718078 0.47545663
vn -0.14536227 0.5293531 0.83585596
vn -0 0.9885744 0.1507338
vn -0.031160068 0.07379535 0.9967865
vn 0.16074575 -0.38036346 0.9107604
vn 0.2096359 -0.49605793 0.8426026
vn 0.09461007 -0.22395119 0.96999735
vn -0.23292202 0.84830976 0.47551858
vn -0.2136069 0.50555766 0.8359327
vn -0.13245259 0.979661 0.1507335
vn -0.040407743 0.069034986 0.9967956
vn 0.20865838 -0.35637033 0.91074795
vn 0.27211413 -0.46475482 0.8425893
vn 0.12283912 -0.20984891 0.9699866
vn -0.34236914 0.8103265 0.47555676
vn -0.27720642 0.47353685 0.8360141
vn -0.2617313 0.9532927 0.15076406
vn -0.048860442 0.063234754 0.99680185
vn 0.25254956 -0.32677317 0.91073483
vn 0.329335 -0.42614254 0.84257996
vn 0.14871795 -0.19242083 0.969978
vn -0.44439587 0.75914454 0.47561747
vn -0.33547494 0.43411526 0.8360626
vn -0.38472623 0.91063464 0.15076531
vn -0.056490228 0.056490228 0.99680376
vn 0.29203972 -0.29203972 0.9107281
vn 0.38084912 -0.3808186 0.8425741
vn 0.17197774 -0.17197774 0.9699728
vn -0.5378745 0.6960262 0.47564536
vn -0.38793 0.38793 0.8360745
vn -0.49942023 0.85314065 0.15076607
vn -0.063234754 0.048860442 0.99680185
vn 0.32680047 -0.25254706 0.91072583
vn 0.42614254 -0.329335 0.84257996
vn 0.19242083 -0.14871795 0.969978
vn -0.6219858 0.6219858 0.47567573
vn -0.43411082 0.33550203 0.836054
vn -0.6044938 0.78220713 0.15079539
vn -0.069034986 0.040407743 0.9967956
vn 0.356397 -0.20865612 0.91073805
vn 0.46474284 -0.27210715 0.8425982
vn 0.20984891 -0.12283912 0.9699866
vn -0.6960262 0.5378745 0.47564536
vn -0.47353685 0.27720642 0.8360141
vn -0.69902086 0.69902086 0.15079734
vn -0.07379535 0.031160068 0.9967865
vn 0.38036346 -0.16074575 0.9107604
vn 0.49605793 -0.2096359 0.8426026
vn 0.22395119 -0.09461007 0.96999735
vn -0.75914454 0.44439587 0.47561747
vn -0.50555766 0.2136069 0.8359327
vn -0.78220713 0.6044938 0.15079539
vn -0.07739565 0.021241076 0.99677414
vn 0.3981511 -0.10934964 0.910779
vn 0.51925427 -0.14261639 0.84263605
vn 0.23435585 -0.064364694 0.9700178
vn -0.8103265 0.34236914 0.47555676
vn -0.5293531 0.14536227 0.83585596
vn -0.85314065 0.49942023 0.15076607
vn -0.07962539 0.010742866 0.99676704
vn 0.40914333 -0.055331707 0.910791
vn 0.5335931 -0.07214677 0.8426584
vn 0.2407981 -0.032564204 0.97002876
vn -0.84830976 0.23292202 0.47551858
vn -0.54409355 0.073550895 0.8357945
vn -0.91063464 0.38472623 0.15076531
vn -0.08035778 0 0.9967661
vn 0.4128669 0 0.9107914
vn 0.5384604 0 0.8426509
vn 0.24299516 0 0.97002745
vn -0.8718078 0.11786465 0.47545663
vn -0.54906034 0 0.8357827
vn -0.9532971 0.2617325 0.15073423
vn -0.07962539 -0.010742866 0.99676704
vn 0.40914333 0.055331707 0.910791
vn 0.5335931 0.07214677 0.8426584
vn 0.2407981 0.032564204 0.97002876
vn -0.87973994 0 0.4754551
vn -0.54409355 -0.073550895 0.8357945
vn -0.979661 0.13245259 0.1507335
vn -0.07739565 -0.021241076 0.99677414
vn 0.3981511 0.10934964 0.910779
vn 0.51925427 0.14261639 0.84263605
vn 0.23435585 0.064364694 0.9700178
vn -0.8718078 -0.11786465 0.47545663
vn -0.5293531 -0.14536227 0.83585596
vn -0.9885744 0 0.1507338
vn -0.07379535 -0.031160068 0.9967865
vn 0.38038963 0.16074389 0.91074985
vn 0.49605793 0.2096359 0.8426026
vn 0.22395119 0.09461007 0.96999735
vn -0.84830976 -0.23292202 0.47551858
vn -0.50555766 -0.2136069 0.8359327
vn -0.979661 -0.13245259 0.1507335
vn -0.069034986 -0.040407743 0.9967956
vn 0.356397 0.20865612 0.91073805
vn 0.46474284 0.27210715 0.8425982
vn 0.20984891 0.12283912 0.9699866
vn -0.8103265 -0.34236914 0.47555676
vn -0.47353685 -0.27720642 0.8360141
vn -0.9532971 -0.2617325 0.15073423
vn -0.063234754 -0.048860442 0.99680185
vn 0.32677317 0.25254956 0.91073483
vn 0.42614254 0.329335 0.84257996
vn 0.19242083 0.14871795 0.969978
vn -0.75914454 -0.44439587 0.47561747
vn -0.43410414 -0.33546633 0.83607167
vn -0.91063464 -0.38472623 0.15076531
vn -0.056490228 -0.056490228 0.99680376
vn 0.29203972 0.29203972 0.9107281
vn 0.38082305 0.38082305 0.84258395
vn 0.17197774 0.17197774 0.9699728
vn -0.6960262 -0.5378745 0.47564536
vn -0.38793 -0.38793 0.8360745
vn -0.85314065 -0.49942023 0.15076607
vn -0.048860442 -0.063234754 0.99680185
vn 0.25254956 0.32677317 0.91073483
vn 0.329335 0.42614254 0.84257996
vn 0.14871795 0.19242083 0.969978
vn -0.6219858 -0.6219858 0.47567573
vn -0.33546633 -0.43410414 0.83607167
vn -0.78221077 -0.6044966 0.15076555
vn -0.040407743 -0.069034986 0.9967956
vn 0.20865612 0.356397 0.91073805
vn 0.27211413 0.46475482 0.8425893
vn 0.12283912 0.20984891 0.9699866
vn -0.5378745 -0.6960262 0.47564536
vn -0.27720642 -0.47353685 0.8360141
vn -0.69902086 -0.69902086 0.15079734
vn -0.031160068 -0.07379535 0.9967865
vn 0.16074575 0.38036346 0.9107604
vn 0.2096359 0.49605793 0.8426026
vn 0.09461071 0.2239222 0.97000396
vn -0.44439587 -0.75914454 0.47561747
vn -0.2136069 -0.50555766 0.8359327
vn -0.6044966 -0.78221077 0.15076555
vn -0.021241076 -0.07739565 0.99677414
vn 0.10934964 0.3981511 0.910779
vn 0.14261639 0.51925427 0.84263605
vn -0.14536227 -0.5293531 0.83585596
vn 0.07217899 0.5336057 0.84264773
vn -0.34236914 -0.8103265 0.47555676
vn -0.23292202 -0.84830976 0.47551858
vn -0.49942023 -0.85314065 0.15076607
vn -0.38472623 -0.91063464 0.15076531
vn -0.2617325 -0.9532971 0.15073423
vn 0.087528266 0.6472148 0.75726604
vn -0 0.65310556 0.7572668
vn 0.17298125 0.629819 0.7572355
vn -0.087528266 0.6472148 0.75726604
vn 0.25425482 0.601654 0.75720996
vn -0.17298456 0.6298005 0.75725
vn 0.33002824 0.5636787 0.7571972
vn -0.25425482 0.601654 0.75720996
vn 0.39943558 0.5168431 0.75718194
vn -0.33003584 0.56369174 0.75718415
vn 0.46188092 0.46188092 0.75718683
vn -0.39943558 0.5168431 0.75718194
vn 0.5168431 0.39943558 0.75718194
vn -0.46188092 0.46188092 0.75718683
vn 0.56365794 0.33003396 0.7572103
vn -0.5168431 0.39943558 0.75718194
vn 0.6016345 0.2542595 0.7572239
vn -0.56369174 0.33003584 0.75718415
vn 0.6298005 0.17298456 0.75725
vn -0.601654 0.25425482 0.75720996
vn 0.6472148 0.087528266 0.75726604
vn -0.6298005 0.17298456 0.75725
vn 0.65310556 0 0.7572668
vn -0.6472148 0.087528266 0.75726604
vn 0.6472148 -0.087528266 0.75726604
vn -0.65310556 0 0.7572668
vn 0.6298005 -0.17298456 0.75725
vn -0.6472148 -0.087528266 0.75726604
vn 0.6016345 -0.2542595 0.7572239
vn -0.6298005 -0.17298456 0.75725
vn 0.56365794 -0.33003396 0.7572103
vn -0.601654 -0.25425482 0.75720996
vn 0.5168431 -0.39943558 0.75718194
vn -0.56369174 -0.33003584 0.75718415
vn 0.46188092 -0.46188092 0.75718683
vn -0.5168431 -0.39943558 0.75718194
vn 0.39943558 -0.5168431 0.75718194
vn -0.46188092 -0.46188092 0.75718683
vn 0.33002824 -0.5636787 0.7571972
vn -0.39943558 -0.5168431 0.75718194
vn 0.2542595 -0.6016345 0.7572239
vn -0.33003396 -0.56365794 0.7572103
vn 0.17298456 -0.6298005 0.75725
vn -0.2542595 -0.6016345 0.7572239
vn 0.087528266 -0.6472148 0.75726604
vn -0.17298456 -0.6298005 0.75725
vn -0 -0.65310556 0.7572668
vn -0.087528266 -0.6472148 0.75726604
vn 0.29368615 -0.6949524 0.65634567
vn 0.19984351 -0.72749996 0.65635836
vn 0.10111 -0.74762803 0.6563757
vn -0 -0.754434 0.6563759
vn -0.10111 -0.74762803 0.6563757
vn -0.19984351 -0.72749996 0.65635836
vn 0.38121498 -0.651096 0.6563148
vn -0.29368615 -0.6949524 0.65634567
vn 0.46139336 -0.59699136 0.6562907
vn -0.38121498 -0.651096 0.6563148
vn 0.5335148 -0.5335148 0.65629554
vn -0.46139336 -0.59699136 0.6562907
vn 0.59699136 -0.46139336 0.6562907
vn -0.5335148 -0.5335148 0.65629554
vn 0.651096 -0.38121498 0.6563148
vn -0.59699136 -0.46139336 0.6562907
vn 0.6949524 -0.29368615 0.65634567
vn -0.651096 -0.38121498 0.6563148
vn 0.7275143 -0.19983907 0.6563438
vn -0.6949664 -0.29369205 0.65632826
vn 0.74762803 -0.10111 0.6563757
vn -0.7275143 -0.19983907 0.6563438
vn 0.754434 0 0.6563759
vn -0.74762803 -0.10111 0.6563757
vn 0.74762803 0.10111 0.6563757
vn -0.754434 0 0.6563759
vn 0.7275143 0.19983907 0.6563438
vn -0.74762803 0.10111 0.6563757
vn 0.6949664 0.29369205 0.65632826
vn -0.72749996 0.19984351 0.65635836
vn 0.651096 0.38121498 0.6563148
vn -0.6949524 0.29368615 0.65634567
vn 0.59699136 0.46139336 0.6562907
vn -0.651096 0.38121498 0.6563148
vn 0.5335148 0.5335148 0.65629554
vn -0.59699136 0.46139336 0.6562907
vn 0.46139336 0.59699136 0.6562907
vn -0.5335148 0.5335148 0.65629554
vn 0.38121498 0.651096 0.6563148
vn -0.46139336 0.59699136 0.6562907
vn 0.29368615 0.6949524 0.65634567
vn -0.38121498 0.651096 0.6563148
vn 0.19983907 0.7275143 0.6563438
vn -0.29369205 0.6949664 0.65632826
vn 0.10111 0.74762803 0.6563757
vn -0.19983907 0.7275143 0.6563438
vn -0 0.754434 0.6563759
vn -0.10111 0.74762803 0.6563757
vn 0.22260694 0.8103454 0.54202074
vn 0.11264483 0.83276606 0.54204416
vn -0 0.8403594 0.54202956
vn -0.11264483 0.83276606 0.54204416
vn -0.22260694 0.8103454 0.54202074
vn -0.32713777 0.7740948 0.5419945
vn 0.32713777 0.7740948 0.5419945
vn -0.42461944 0.72523767 0.5419674
vn 0.42461944 0.72523767 0.5419674
vn -0.5139158 0.66495615 0.54196304
vn 0.5139158 0.66495615 0.54196304
vn -0.5942706 0.59424007 0.5419606
vn 0.59424007 0.5942706 0.5419606
vn -0.66495615 0.5139158 0.54196304
vn 0.66495615 0.5139158 0.54196304
vn -0.7252257 0.42461243 0.5419889
vn 0.72523767 0.42461944 0.5419674
vn -0.7740948 0.32713777 0.5419945
vn 0.7740948 0.32713777 0.5419945
vn -0.8103454 0.22260694 0.54202074
vn 0.8103454 0.22260694 0.54202074
vn -0.83276606 0.11264483 0.54204416
vn 0.83276606 0.11264483 0.54204416
vn -0.8403594 0 0.54202956
vn 0.8403594 0 0.54202956
vn -0.83276606 -0.11264483 0.54204416
vn 0.8327798 -0.11264669 0.5420226
vn -0.8103454 -0.22260694 0.54202074
vn 0.8103454 -0.22260694 0.54202074
vn -0.7740948 -0.32713777 0.5419945
vn 0.7740948 -0.32713777 0.5419945
vn -0.72523767 -0.42461944 0.5419674
vn 0.72523767 -0.42461944 0.5419674
vn -0.66495615 -0.5139158 0.54196304
vn 0.66495615 -0.5139158 0.54196304
vn -0.5942598 -0.5942598 0.54195076
vn 0.59424007 -0.5942706 0.5419606
vn -0.5139158 -0.66495615 0.54196304
vn 0.5139158 -0.66495615 0.54196304
vn -0.42461944 -0.72523767 0.5419674
vn 0.42461944 -0.72523767 0.5419674
vn -0.32713777 -0.7740948 0.5419945
vn 0.32713777 -0.7740948 0.5419945
vn -0.22260694 -0.8103454 0.54202074
vn 0.22260694 -0.8103454 0.54202074
vn -0.11264669 -0.8327798 0.5420226
vn 0.11264669 -0.8327798 0.5420226
vn -0 -0.84036845 0.5420157
vn 0.45935062 -0.7845371 0.4165316
vn 0.3538996 -0.8374139 0.41652483
vn 0.24079785 -0.8766385 0.41655892
vn 0.12186413 -0.9009034 0.41655988
vn -0 -0.9091091 0.41655806
vn -0.12186413 -0.9009034 0.41655988
vn 0.55594283 -0.7193441 0.41649932
vn -0.24079785 -0.8766385 0.41655892
vn 0.64285725 -0.64285725 0.41649607
vn -0.3538996 -0.8374139 0.41652483
vn 0.7193441 -0.55594283 0.41649932
vn -0.45935062 -0.7845371 0.4165316
vn 0.7845371 -0.45935062 0.4165316
vn -0.55596393 -0.71933186 0.41649225
vn 0.8374139 -0.3538996 0.41652483
vn -0.64285725 -0.64285725 0.41649607
vn 0.8766385 -0.24079785 0.41655892
vn -0.7193441 -0.55594283 0.41649932
vn 0.9009034 -0.12186413 0.41655988
vn -0.7845261 -0.45937473 0.41652578
vn 0.9091091 0 0.41655806
vn -0.8374139 -0.3538996 0.41652483
vn 0.9009034 0.12186413 0.41655988
vn -0.8766385 -0.24079785 0.41655892
vn 0.8766385 0.24079785 0.41655892
vn -0.9009034 -0.12186413 0.41655988
vn 0.8374139 0.3538996 0.41652483
vn -0.9091091 0 0.41655806
vn 0.7845371 0.45935062 0.4165316
vn -0.9009034 0.12186413 0.41655988
vn 0.7193441 0.55594283 0.41649932
vn -0.8766385 0.24079785 0.41655892
vn 0.64285725 0.64285725 0.41649607
vn -0.8374139 0.3538996 0.41652483
vn 0.55594283 0.7193441 0.41649932
vn -0.7845261 0.45937473 0.41652578
vn 0.45935062 0.7845371 0.4165316
vn -0.71933186 0.55596393 0.41649225
vn 0.3538996 0.8374139 0.41652483
vn -0.64285725 0.64285725 0.41649607
vn 0.24079785 0.8766385 0.41655892
vn -0.55594283 0.7193441 0.41649932
vn 0.12186258 0.90089196 0.41658512
vn -0.45935062 0.7845371 0.4165316
vn -0 0.9091091 0.41655806
vn -0.3538996 0.8374139 0.41652483
vn -0.12186258 0.90089196 0.41658512
vn -0.24079785 0.8766385 0.41655892
vn 0.12857932 0.95059586 0.282551
vn -0 0.9592532 0.282548
vn -0.12857932 0.95059586 0.282551
vn -0.2541052 0.9249845 0.28254935
vn -0.37343252 0.88359094 0.28251594
vn -0.48470286 0.82779753 0.28251442
vn 0.2541052 0.9249845 0.28254935
vn -0.58661544 0.75898963 0.28251907
vn 0.37343252 0.88359094 0.28251594
vn -0.6783001 0.6783001 0.28252077
vn 0.48470286 0.82779753 0.28251442
vn -0.75898963 0.58661544 0.28251907
vn 0.58661544 0.75898963 0.28251907
vn -0.82779753 0.48470286 0.28251442
vn 0.6783166 0.6782861 0.28251493
vn -0.88359094 0.37343252 0.28251594
vn 0.75898963 0.58661544 0.28251907
vn -0.9249845 0.2541052 0.28254935
vn 0.82779753 0.48470286 0.28251442
vn -0.95059586 0.12857932 0.282551
vn 0.8835833 0.3734293 0.28254402
vn -0.9592532 0 0.282548
vn 0.9249845 0.2541052 0.28254935
vn -0.95059586 -0.12857932 0.282551
vn 0.95059586 0.12857932 0.282551
vn -0.9249845 -0.2541052 0.28254935
vn 0.9592532 0 0.282548
vn -0.88359094 -0.37343252 0.28251594
vn 0.95059586 -0.12857932 0.282551
vn -0.82779753 -0.48470286 0.28251442
vn 0.9249845 -0.2541052 0.28254935
vn -0.75900257 -0.5866018 0.28251252
vn 0.8835833 -0.3734293 0.28254402
vn -0.6783166 -0.6782861 0.28251493
vn 0.82779753 -0.48470286 0.28251442
vn -0.58661544 -0.75898963 0.28251907
vn 0.75898963 -0.58661544 0.28251907
vn -0.48470286 -0.82779753 0.28251442
vn 0.6783001 -0.6783001 0.28252077
vn -0.37343252 -0.88359094 0.28251594
vn 0.58661544 -0.75898963 0.28251907
vn -0.2541052 -0.9249845 0.28254935
vn 0.48470286 -0.82779753 0.28251442
vn -0.12857932 -0.95059586 0.282551
vn 0.37343252 -0.88359094 0.28251594
vn -0 -0.9592532 0.282548
vn 0.2541052 -0.9249845 0.28254935
vn 0.12857932 -0.95059586 0.282551
vn 0.6052621 -0.7831295 0.14270902
vn 0.5001211 -0.85411537 0.14270863
vn 0.3853113 -0.9116847 0.14271013
vn 0.26219165 -0.95440084 0.14273895
vn 0.13266733 -0.9808287 0.14273869
vn -0 -0.9897606 0.1427372
vn 0.69986933 -0.69986933 0.1427084
vn -0.13266733 -0.9808287 0.14273869
vn 0.7831295 -0.6052621 0.14270902
vn -0.26219165 -0.95440084 0.14273895
vn 0.85411537 -0.5001211 0.14270863
vn -0.38530967 -0.91168076 0.14274006
vn 0.91168076 -0.38530967 0.14274006
vn -0.5001211 -0.85411537 0.14270863
vn 0.95440084 -0.26219165 0.14273895
vn -0.6052621 -0.7831295 0.14270902
vn 0.9808287 -0.13266733 0.14273869
vn -0.69986933 -0.69986933 0.1427084
vn 0.9897606 0 0.1427372
vn -0.7831295 -0.6052621 0.14270902
vn 0.9808287 0.13266733 0.14273869
vn -0.85411537 -0.5001211 0.14270863
vn 0.95440084 0.26219165 0.14273895
vn -0.9116847 -0.3853113 0.14271013
vn 0.91168076 0.38530967 0.14274006
vn -0.95440084 -0.26219165 0.14273895
vn 0.85411537 0.5001211 0.14270863
vn -0.9808287 -0.13266733 0.14273869
vn 0.7831295 0.6052621 0.14270902
vn -0.9897606 0 0.1427372
vn 0.69986933 0.69986933 0.1427084
vn -0.9808287 0.13266733 0.14273869
vn 0.6052621 0.7831295 0.14270902
vn -0.95440084 0.26219165 0.14273895
vn 0.5001211 0.85411537 0.14270863
vn -0.9116847 0.3853113 0.14271013
vn 0.3853113 0.9116847 0.14271013
vn -0.85411537 0.5001211 0.14270863
vn 0.26219165 0.95440084 0.14273895
vn -0.7831295 0.6052621 0.14270902
vn 0.13266733 0.9808287 0.14273869
vn -0.69986933 0.69986933 0.1427084
vn -0 0.9897606 0.1427372
vn -0.6052621 0.7831295 0.14270902
vn -0.13266733 0.9808287 0.14273869
vn -0.5001211 0.85411537 0.14270863
vn -0.26219165 0.95440084 0.14273895
vn -0.3853113 0.9116847 0.14271013
vn -0 0.9993612 0.03573725
vn -0.13394818 0.9903437 0.035737827
vn -0.26472038 0.96366274 0.03573756
vn -0.38905853 0.92051953 0.03573796
vn -0.50496405 0.8624002 0.03573751
vn -0.61114115 0.79071444 0.03573764
vn 0.13394818 0.9903437 0.035737827
vn -0.706655 0.706655 0.035738666
vn 0.26472038 0.96366274 0.03573756
vn -0.79071444 0.61114115 0.03573764
vn 0.38905853 0.92051953 0.03573796
vn -0.8624002 0.50496405 0.03573751
vn 0.50496405 0.8624002 0.03573751
vn -0.92051953 0.38905853 0.03573796
vn 0.61114115 0.79071444 0.03573764
vn -0.96366274 0.26472038 0.03573756
vn 0.706655 0.706655 0.035738666
vn -0.9903437 0.13394818 0.035737827
vn 0.79071444 0.61114115 0.03573764
vn -0.9993612 0 0.03573725
vn 0.8624002 0.50496405 0.03573751
vn -0.9903437 -0.13394818 0.035737827
vn 0.92051953 0.38905853 0.03573796
vn -0.96366274 -0.26472038 0.03573756
vn 0.96366274 0.26472038 0.03573756
vn -0.92051953 -0.38905853 0.03573796
vn 0.9903437 0.13394818 0.035737827
vn -0.8624002 -0.50496405 0.03573751
vn 0.9993612 0 0.03573725
vn -0.79071444 -0.61114115 0.03573764
vn 0.9903437 -0.13394818 0.035737827
vn -0.706655 -0.706655 0.035738666
vn 0.96366274 -0.26472038 0.03573756
vn -0.61114115 -0.79071444 0.03573764
vn 0.92051953 -0.38905853 0.03573796
vn -0.50496405 -0.8624002 0.03573751
vn 0.8624002 -0.50496405 0.03573751
vn -0.38905853 -0.92051953 0.03573796
vn 0.79071444 -0.61114115 0.03573764
vn -0.26472038 -0.96366274 0.03573756
vn 0.706655 -0.706655 0.035738666
vn -0.13394818 -0.9903437 0.035737827
vn 0.61114115 -0.79071444 0.03573764
vn -0 -0.9993612 0.03573725
vn 0.50496405 -0.8624002 0.03573751
vn 0.13394818 -0.9903437 0.035737827
vn 0.38905853 -0.92051953 0.03573796
vn 0.26472038 -0.96366274 0.03573756
vn 0.6699985 -0.6699985 -0.31969362
vn 0.57943606 -0.7497023 -0.3196878
vn 0.4787473 -0.8176579 -0.31974474
vn 0.3688479 -0.8727407 -0.3198045
vn 0.25095874 -0.9136205 -0.31987092
vn 0.12699018 -0.93889123 -0.31993228
vn 0.7497023 -0.57943606 -0.3196878
vn -0 -0.94744927 -0.31990606
vn 0.8176579 -0.4787473 -0.31974474
vn -0.12699018 -0.93889123 -0.31993228
vn 0.8727407 -0.3688479 -0.3198045
vn -0.25095874 -0.9136205 -0.31987092
vn 0.9136205 -0.25095874 -0.31987092
vn -0.3688479 -0.8727407 -0.3198045
vn 0.93889123 -0.12699018 -0.31993228
vn -0.4787473 -0.8176579 -0.31974474
vn 0.94744927 0 -0.31990606
vn -0.57943606 -0.7497023 -0.3196878
vn 0.93889123 0.12699018 -0.31993228
vn -0.6699985 -0.6699985 -0.31969362
vn 0.9136205 0.25095874 -0.31987092
vn -0.7497023 -0.57943606 -0.3196878
vn 0.8727407 0.3688479 -0.3198045
vn -0.8176579 -0.4787473 -0.31974474
vn 0.8176579 0.4787473 -0.31974474
vn -0.8727407 -0.3688479 -0.3198045
vn 0.7497023 0.57943606 -0.3196878
vn -0.9136205 -0.25095874 -0.31987092
vn 0.6699985 0.6699985 -0.31969362
vn -0.93889123 -0.12699018 -0.31993228
vn 0.57943606 0.7497023 -0.3196878
vn -0.94744927 0 -0.31990606
vn 0.4787473 0.8176579 -0.31974474
vn -0.93889123 0.12699018 -0.31993228
vn 0.3688479 0.8727407 -0.3198045
vn -0.9136205 0.25095874 -0.31987092
vn 0.25095874 0.9136205 -0.31987092
vn -0.8727407 0.3688479 -0.3198045
vn 0.12699018 0.93889123 -0.31993228
vn -0.8176579 0.4787473 -0.31974474
vn -0 0.94744927 -0.31990606
vn -0.7497023 0.57943606 -0.3196878
vn -0.12699018 0.93889123 -0.31993228
vn -0.6699985 0.6699985 -0.31969362
vn -0.25095874 0.9136205 -0.31987092
vn -0.57943606 0.7497023 -0.3196878
vn -0.3688479 0.8727407 -0.3198045
vn -0.4787473 0.8176579 -0.31974474
vn -0.053347953 0.39455512 -0.91732234
vn -0.10550494 0.3841454 -0.91722465
vn -0.155162 0.36718214 -0.9171161
vn -0.20151734 0.34422445 -0.91700613
vn -0.2439995 0.3157192 -0.91694367
vn -0.28220737 0.28220737 -0.91690683
vn -0 0.39815465 -0.9173183
vn -0.3157192 0.2439995 -0.91694367
vn 0.053347953 0.39455512 -0.91732234
vn -0.34422445 0.20151734 -0.91700613
vn 0.10550494 0.3841454 -0.91722465
vn -0.36720854 0.15516025 -0.9171058
vn 0.155162 0.36718214 -0.9171161
vn -0.3841454 0.10550494 -0.91722465
vn 0.20151734 0.34422445 -0.91700613
vn -0.39455512 0.053347953 -0.91732234
vn 0.2439995 0.3157192 -0.91694367
vn -0.39815465 0 -0.9173183
vn 0.28220737 0.28220737 -0.91690683
vn -0.39455512 -0.053347953 -0.91732234
vn 0.3157192 0.2439995 -0.91694367
vn -0.3841454 -0.10550494 -0.91722465
vn 0.34422445 0.20151734 -0.91700613
vn -0.36720854 -0.15516025 -0.9171058
vn 0.36718214 0.155162 -0.9171161
vn -0.34422445 -0.20151734 -0.91700613
vn 0.3841454 0.10550494 -0.91722465
vn -0.3157168 -0.24402818 -0.91693676
vn 0.39455512 0.053347953 -0.91732234
vn -0.28220737 -0.28220737 -0.91690683
vn 0.39815465 0 -0.9173183
vn -0.2439995 -0.3157192 -0.91694367
vn 0.39455512 -0.053347953 -0.91732234
vn -0.20151734 -0.34422445 -0.91700613
vn 0.3841454 -0.10550494 -0.91722465
vn -0.15516025 -0.36720854 -0.9171058
vn 0.36718214 -0.155162 -0.9171161
vn -0.10550494 -0.3841454 -0.91722465
vn 0.34422237 -0.20154664 -0.91700053
vn -0.053347953 -0.39455512 -0.91732234
vn 0.3157192 -0.2439995 -0.91694367
vn -0 -0.39815465 -0.9173183
vn 0.28220737 -0.28220737 -0.91690683
vn 0.053347953 -0.39455512 -0.91732234
vn 0.2439995 -0.3157192 -0.91694367
vn 0.10550494 -0.3841454 -0.91722465
vn 0.20151734 -0.34422445 -0.91700613
vn 0.15516025 -0.36720854 -0.9171058
vn -0.27824268 0.27824268 -0.919327
vn -0.24063918 0.3113813 -0.9193119
vn -0.1988627 0.3397085 -0.91926694
vn -0.1532376 0.36272234 -0.919212
vn -0.10431381 0.37986955 -0.9191396
vn -0.052797817 0.39052075 -0.9190788
vn -0.3113836 0.24061044 -0.9193187
vn -0 0.39408872 -0.9190724
vn -0.3397085 0.1988627 -0.91926694
vn 0.052797817 0.39052075 -0.9190788
vn -0.36272234 0.1532376 -0.919212
vn 0.10431381 0.37986955 -0.9191396
vn -0.37986955 0.10431381 -0.9191396
vn 0.15326741 0.36272067 -0.91920775
vn -0.39052075 0.052797817 -0.9190788
vn 0.1988627 0.3397085 -0.91926694
vn -0.39408872 0 -0.9190724
vn 0.24063918 0.3113813 -0.9193119
vn -0.39052075 -0.052797817 -0.9190788
vn 0.27824268 0.27824268 -0.919327
vn -0.37986955 -0.10431381 -0.9191396
vn 0.3113813 0.24063918 -0.9193119
vn -0.36272234 -0.1532376 -0.919212
vn 0.3397085 0.1988627 -0.91926694
vn -0.3397085 -0.1988627 -0.91926694
vn 0.36272234 0.1532376 -0.919212
vn -0.3113813 -0.24063918 -0.9193119
vn 0.37986955 0.10431381 -0.9191396
vn -0.27824268 -0.27824268 -0.919327
vn 0.39052075 0.052797817 -0.9190788
vn -0.24063918 -0.3113813 -0.9193119
vn 0.39408872 0 -0.9190724
vn -0.1988627 -0.3397085 -0.91926694
vn 0.39052075 -0.052797817 -0.9190788
vn -0.15326741 -0.36272067 -0.91920775
vn 0.37986955 -0.10431381 -0.9191396
vn -0.10431381 -0.37986955 -0.9191396
vn 0.36272067 -0.15326741 -0.91920775
vn -0.052797817 -0.39052075 -0.9190788
vn 0.3397085 -0.1988627 -0.91926694
vn -0 -0.39408872 -0.9190724
vn 0.3113813 -0.24063918 -0.9193119
vn 0.052797817 -0.39052075 -0.9190788
vn 0.27824268 -0.27824268 -0.919327
vn 0.10431381 -0.37986955 -0.9191396
vn 0.24063918 -0.3113813 -0.9193119
vn 0.1532376 -0.36272234 -0.919212
vn 0.1988627 -0.3397085 -0.91926694
vn 0.11319541 -0.8370784 -0.5352443
vn 0.22364195 -0.8145169 -0.5353002
vn 0.3287221 -0.7780254 -0.5353674
vn 0.42666745 -0.728875 -0.5354402
vn 0.5164179 -0.6682517 -0.5354925
vn 0.59716797 -0.59716797 -0.5355193
vn -0 -0.8447142 -0.53521764
vn 0.6682517 -0.5164179 -0.5354925
vn -0.11319541 -0.8370784 -0.5352443
vn 0.728875 -0.42666745 -0.5354402
vn -0.22364195 -0.8145169 -0.5353002
vn 0.7780254 -0.3287221 -0.5353674
vn -0.3287221 -0.7780254 -0.5353674
vn 0.8145169 -0.22364195 -0.5353002
vn -0.42666745 -0.728875 -0.5354402
vn 0.8370813 -0.1131653 -0.53524613
vn -0.5164179 -0.6682517 -0.5354925
vn 0.8447142 0 -0.53521764
vn -0.59716797 -0.59716797 -0.5355193
vn 0.8370813 0.1131653 -0.53524613
vn -0.6682517 -0.5164179 -0.5354925
vn 0.8145169 0.22364195 -0.5353002
vn -0.728875 -0.42666745 -0.5354402
vn 0.7780254 0.3287221 -0.5353674
vn -0.7780254 -0.3287221 -0.5353674
vn 0.728875 0.42666745 -0.5354402
vn -0.8145169 -0.22364195 -0.5353002
vn 0.6682517 0.5164179 -0.5354925
vn -0.8370784 -0.11319541 -0.5352443
vn 0.59716797 0.59716797 -0.5355193
vn -0.8447142 0 -0.53521764
vn 0.5164179 0.6682517 -0.5354925
vn -0.8370784 0.11319541 -0.5352443
vn 0.42666745 0.728875 -0.5354402
vn -0.8145169 0.22364195 -0.5353002
vn 0.3287221 0.7780254 -0.5353674
vn -0.7780254 0.3287221 -0.5353674
vn 0.22364195 0.8145169 -0.5353002
vn -0.728875 0.42666745 -0.5354402
vn 0.1131653 0.8370813 -0.53524613
vn -0.6682517 0.5164179 -0.5354925
vn -0 0.8447142 -0.53521764
vn -0.59716797 0.59716797 -0.5355193
vn -0.11319541 0.8370784 -0.5352443
vn -0.5164179 0.6682517 -0.5354925
vn -0.22364195 0.8145169 -0.5353002
vn -0.42666745 0.728875 -0.5354402
vn -0.3287221 0.7780254 -0.5353674
vn -0.78431416 0.6061122 -0.13220938
vn -0.7008998 0.7008998 -0.13220839
vn -0.6061122 0.78431416 -0.13220938
vn -0.5007623 0.8554283 -0.13221005
vn -0.38576517 0.91307926 -0.13217951
vn -0.26243278 0.95585465 -0.13217774
vn -0.8554283 0.5007623 -0.13221005
vn -0.13281903 0.9822871 -0.13217814
vn -0.91307926 0.38576517 -0.13217951
vn -0 0.991226 -0.13217771
vn -0.95585465 0.26243278 -0.13217774
vn 0.13281903 0.9822871 -0.13217814
vn -0.9822911 0.13281956 -0.13214816
vn 0.26243278 0.95585465 -0.13217774
vn -0.99123 0 -0.13214773
vn 0.38576517 0.91307926 -0.13217951
vn -0.9822871 -0.13281903 -0.13217814
vn 0.5007623 0.8554283 -0.13221005
vn -0.95585465 -0.26243278 -0.13217774
vn 0.6061122 0.78431416 -0.13220938
vn -0.91307926 -0.38576517 -0.13217951
vn 0.7008998 0.7008998 -0.13220839
vn -0.8554283 -0.5007623 -0.13221005
vn 0.78431416 0.6061122 -0.13220938
vn -0.78431416 -0.6061122 -0.13220938
vn 0.8554283 0.5007623 -0.13221005
vn -0.7008998 -0.7008998 -0.13220839
vn 0.91307926 0.38576517 -0.13217951
vn -0.6061122 -0.78431416 -0.13220938
vn 0.95585465 0.26243278 -0.13217774
vn -0.5007623 -0.8554283 -0.13221005
vn 0.9822911 0.13281956 -0.13214816
vn -0.38576517 -0.91307926 -0.13217951
vn 0.99123 0 -0.13214773
vn -0.26243278 -0.95585465 -0.13217774
vn 0.9822911 -0.13281956 -0.13214816
vn -0.13281956 -0.9822911 -0.13214816
vn 0.95585465 -0.26243278 -0.13217774
vn -0 -0.99123 -0.13214773
vn 0.91307926 -0.38576517 -0.13217951
vn 0.13281956 -0.9822911 -0.13214816
vn 0.8554283 -0.5007623 -0.13221005
vn 0.26243278 -0.95585465 -0.13217774
vn 0.78431416 -0.6061122 -0.13220938
vn 0.38576517 -0.91307926 -0.13217951
vn 0.7008998 -0.7008998 -0.13220839
vn 0.5007623 -0.8554283 -0.13221005
vn 0.6061122 -0.78431416 -0.13220938
vn 0.70658463 -0.42498234 0.56579876
vn 0.9166641 -0.19373365 0.3495629
vn 0.7951161 -0.49550936 0.3496582
vn 0.75660765 -0.20969914 0.6193312
vn 0.9331983 0.05481323 0.35515678
vn 0.5156808 -0.2870624 0.80726
vn 0.5115597 -0.5453138 0.66403276
vn 0.29558006 -0.34825647 0.8895784
vn 0.3160872 -0.6173726 0.7203748
vn 0.12113155 -0.36998683 0.9211064
vn 0.14924088 -0.6495793 0.7455024
vn -0 -0.3750554 0.92700243
vn -0 -0.66122484 0.75018775
vn -0.14924088 -0.6495793 0.7455024
vn -0.12113155 -0.36998683 0.9211064
vn -0.3160872 -0.6173726 0.7203748
vn -0 -0.124853544 0.99217516
vn 0.111425415 -0.12149674 0.9863179
vn 0.29655728 -0.10370501 0.94936776
vn 0.54146624 -0.05929821 0.83862865
vn -0.29558006 -0.34825647 0.8895784
vn -0.5115597 -0.5453138 0.66403276
vn -0.111425415 -0.12149674 0.9863179
vn -0 0.18265752 0.9831766
vn 0.1272948 0.18201537 0.97502124
vn -0.5156808 -0.2870624 0.80726
vn -0.70658463 -0.42498234 0.56579876
vn -0.29655728 -0.10370501 0.94936776
vn -0.1272948 0.18201537 0.97502124
vn 0.31449842 0.18598287 0.93086046
vn -0 0.6279314 0.7782687
vn 0.15577246 0.6167418 0.77159864
vn -0.15577246 0.6167418 0.77159864
vn 0.33894277 0.5904489 0.73245335
vn -0.31449842 0.18598287 0.93086046
vn -0.33894277 0.5904489 0.73245335
vn 0.5461692 0.18699032 0.8165376
vn 0.5524076 0.52832747 0.6447604
vn -0.54146624 -0.05929821 0.83862865
vn -0.5461692 0.18699032 0.8165376
vn -0.5524076 0.52832747 0.6447604
vn 0.7811397 0.00552398 0.6243319
vn 0.7750971 0.21070482 0.59567446
vn 0.73615843 0.42934692 0.5231941
vn 0.7956069 0.5299671 0.29350388
vn 0.90402967 0.27650088 0.32600248
vn 0.8169082 0.57272387 0.06817996
vn 0.94474137 0.31666353 0.08478135
vn 0.9935927 0.069157176 0.089391604
vn 0.8049434 0.5736691 -0.15155825
vn 0.93953204 0.30308568 -0.15943204
vn 0.98153424 0.059756972 -0.18171248
vn 0.8411952 0.27784497 -0.4638888
vn 0.87171966 0.029756214 -0.48910055
vn 0.6479256 -0.0070194486 -0.7616712
vn 0.7682522 0.515098 -0.38008234
vn 0.61780745 0.30257094 -0.7257857
vn 0.39440203 -0.030855097 -0.91841984
vn 0.5685118 0.63592875 -0.52190894
vn 0.5633573 0.7998826 -0.20692144
vn 0.3767581 0.33809042 -0.86240834
vn 0.17139553 -0.041353446 -0.98433405
vn 0.35042265 0.7113439 -0.6092568
vn 0.33668643 0.905562 -0.2580693
vn 0.16605614 0.35561225 -0.9197637
vn -0 -0.045595944 -0.99896
vn 0.16700281 0.7455003 -0.64524364
vn 0.16898368 0.94590575 -0.27695993
vn -0 0.36265537 -0.93192333
vn -0 0.7590584 -0.65102255
vn -0 0.959908 -0.28031525
vn -0.16898368 0.94590575 -0.27695993
vn -0.16700281 0.7455003 -0.64524364
vn -0.33668643 0.905562 -0.2580693
vn -0.16605614 0.35561225 -0.9197637
vn -0.17139553 -0.041353446 -0.98433405
vn -0.35042265 0.7113439 -0.6092568
vn -0.5633573 0.7998826 -0.20692144
vn -0.3767581 0.33809042 -0.86240834
vn -0.39440203 -0.030855097 -0.91841984
vn -0.5685118 0.63592875 -0.52190894
vn -0.8049434 0.5736691 -0.15155825
vn -0.61780745 0.30257094 -0.7257857
vn -0.6479256 -0.0070194486 -0.7616712
vn -0.7682522 0.515098 -0.38008234
vn -0.8411952 0.27784497 -0.4638888
vn -0.87171966 0.029756214 -0.48910055
vn -0.98153424 0.059756972 -0.18171248
vn -0.93953204 0.30308568 -0.15943204
vn -0.9935927 0.069157176 0.089391604
vn -0.94474137 0.31666353 0.08478135
vn -0.8169082 0.57272387 0.06817996
vn -0.9331983 0.05481323 0.35515678
vn -0.90402967 0.27650088 0.32600248
vn -0.7956069 0.5299671 0.29350388
vn -0.7750971 0.21070482 0.59567446
vn -0.73615843 0.42934692 0.5231941
vn -0.7811397 0.00552398 0.6243319
vn -0.75660765 -0.20969914 0.6193312
vn -0.9166641 -0.19373365 0.3495629
vn -0.7951161 -0.49550936 0.3496582
vn 0.8169082 0.57272387 0.06817996
vn 0.5633573 0.7998826 -0.20692144
vn 0.8049434 0.5736691 -0.15155825
vn 0.5845987 0.81010646 0.0444057
vn 0.7956069 0.5299671 0.29350388
vn 0.33668643 0.905562 -0.2580693
vn 0.57300615 0.7567648 0.31459638
vn 0.73615843 0.42934692 0.5231941
vn 0.5524076 0.52832747 0.6447604
vn 0.34196818 0.9392604 0.029115364
vn 0.16898368 0.94590575 -0.27695993
vn 0.34532422 0.8707419 0.35008517
vn 0.33894277 0.5904489 0.73245335
vn 0.17023312 0.9851119 0.02398767
vn -0 0.959908 -0.28031525
vn 0.16883177 0.91566515 0.3647645
vn 0.15577246 0.6167418 0.77159864
vn -0 0.9997303 0.0232247
vn -0 0.9301988 0.36705604
vn -0 0.6279314 0.7782687
vn -0.15577246 0.6167418 0.77159864
vn -0.16883177 0.91566515 0.3647645
vn -0.33894277 0.5904489 0.73245335
vn -0.17023312 0.9851119 0.02398767
vn -0.16898368 0.94590575 -0.27695993
vn -0.34532422 0.8707419 0.35008517
vn -0.5524076 0.52832747 0.6447604
vn -0.34196818 0.9392604 0.029115364
vn -0.33668643 0.905562 -0.2580693
vn -0.57300615 0.7567648 0.31459638
vn -0.73615843 0.42934692 0.5231941
vn -0.7956069 0.5299671 0.29350388
vn -0.5845987 0.81010646 0.0444057
vn -0.5633573 0.7998826 -0.20692144
vn -0.8169082 0.57272387 0.06817996
vn -0.8049434 0.5736691 -0.15155825
vn -0 0.9999255 0.012207611
vn -0 0.99999654 -0.0026551823
vn 0.2350569 0.97181475 -0.018006176
vn -0.2350569 0.97181475 -0.018006176
vn 0.25139007 0.9678687 0.005768208
vn -0 0.99978024 0.02096673
vn 0.5385995 0.841989 -0.031068355
vn -0.25139007 0.9678687 0.005768208
vn -0.5385995 0.841989 -0.031068355
vn 0.54049134 0.841256 -0.012543306
vn 0.7702784 0.63758016 -0.012757096
vn -0.54049134 0.841256 -0.012543306
vn -0.7702784 0.63758016 -0.012757096
vn 0.24231964 0.97019416 0.0021363192
vn 0.7460045 0.6641528 -0.04876924
vn 0.91867745 0.39500505 0.0017090538
vn -0.24231964 0.97019416 0.0021363192
vn -0.22541177 0.9034782 -0.3645774
vn -0.7460045 0.6641528 -0.04876924
vn -0.91867745 0.39500505 0.0017090538
vn -0.47354007 0.87456584 -0.10437658
vn 0.9083749 0.40965986 -0.0838669
vn 0.9904113 0.1381302 0.0023805029
vn -0.6550276 0.7045904 -0.2729307
vn -0.9083749 0.40965986 -0.0838669
vn -0.9904113 0.1381302 0.0023805029
vn -0.29899904 0.5172131 -0.80192906
vn 0.1560736 0.6394318 -0.7528399
vn -0.44933024 0.17429362 -0.8761986
vn -0.98745966 0.1288495 -0.09122008
vn -0.9904055 -0.13815992 0.0029603518
vn -0.344988 0.8292347 -0.43971932
vn 0.41298437 0.5910022 -0.692936
vn -0.9854908 -0.14365318 -0.09039744
vn -0.33601126 -0.040559396 -0.9409842
vn -0.91796106 -0.39666 0.0028993385
vn -0.9092675 -0.40838143 -0.08035784
vn -0.3111729 -0.11594213 -0.94325435
vn -0.75152886 -0.65969735 0.0019532118
vn -0.7385701 -0.67157996 -0.059116125
vn -0.2191893 -0.24323848 -0.9448762
vn -0.5205954 -0.8538032 0.0007324591
vn -0.50353384 -0.86341447 -0.031129433
vn -0.22270222 -0.39010274 -0.8934336
vn -0.2911786 -0.95666873 0.00012207468
vn -0.1631234 -0.4814658 -0.86115116
vn -0.2853816 -0.9583524 -0.010864705
vn -0 -1 0
vn -0 -0.44143003 -0.89729565
vn -0 -0.99998844 -0.0048220158
vn 0.2853816 -0.9583524 -0.010864705
vn 0.2911786 -0.95666873 0.00012207468
vn 0.1631234 -0.4814658 -0.86115116
vn 0.50353384 -0.86341447 -0.031129433
vn 0.22270222 -0.39010274 -0.8934336
vn 0.5205954 -0.8538032 0.0007324591
vn 0.2191893 -0.24323848 -0.9448762
vn 0.7385701 -0.67157996 -0.059116125
vn 0.75152886 -0.65969735 0.0019532118
vn 0.3111729 -0.11594213 -0.94325435
vn 0.9092675 -0.40838143 -0.08035784
vn 0.91796106 -0.39666 0.0028993385
vn 0.33601126 -0.040559396 -0.9409842
vn 0.9854908 -0.14365318 -0.09039744
vn 0.9904055 -0.13815992 0.0029603518
vn 0.44933024 0.17429362 -0.8761986
vn 0.98745966 0.1288495 -0.09122008
vn 0.29899904 0.5172131 -0.80192906
vn 0.6550276 0.7045904 -0.2729307
vn -0.1560736 0.6394318 -0.7528399
vn 0.47354007 0.87456584 -0.10437658
vn 0.344988 0.8292347 -0.43971932
vn -0.41298437 0.5910022 -0.692936
vn 0.22541177 0.9034782 -0.3645774
vn -0 0.9366274 -0.3503273
vn 0.20005272 0.73679215 -0.6458453
vn -0 0.75440574 -0.6564084
vn 0.23280165 0.7867279 -0.57171905
vn -0.32134143 0.6716155 -0.66758686
vn -0 0.83107704 -0.55615723
vn -0.20005272 0.73679215 -0.6458453
vn -0.23280165 0.7867279 -0.57171905
vn 0.32134143 0.6716155 -0.66758686
vn -0 0.85618955 -0.51666194
vn 0.06662318 0.68258995 -0.7277583
vn 0.039675537 0.54251724 0.83910716
vn 0.025819004 0.027772212 0.99928087
vn 0.04040663 0.03137312 0.99869066
vn 0.010254471 -0.51519555 0.85701126
vn 0.014405122 0.5106493 0.8596684
vn 0.0054934695 0.92943406 0.36894757
vn -0.031770017 -0.50151455 0.8645656
vn -0.019196838 -0.9190372 0.39370304
vn -0.013825234 0.9315095 0.3634541
vn -0.006775329 0.8933973 -0.44921649
vn 0.0014954284 0.88614815 -0.46339965
vn 0.05887197 0.2933527 -0.95418984
vn 0.04068169 0.30134362 -0.9526474
vn 0.05032673 -0.34984553 -0.9354546
vn 0.0029908996 0.8563128 -0.5164489
vn -0.061190523 0.88755256 0.4566248
vn -0.08218939 0.41286966 0.90707415
vn 0.032807846 -0.367631 -0.9293929
vn 0.057100534 0.27762884 -0.9589899
vn -0.058749784 0.87364745 -0.48299953
vn -0.22034988 0.86528534 0.45025235
vn -0.029969476 -0.9194709 -0.39201418
vn -0.016358355 -0.91280234 -0.40807384
vn -0.03628661 -0.9220278 0.38541934
vn -0.018800026 -0.88643956 -0.46246237
vn -0.08374324 -0.8990496 0.42976397
vn 0.04135341 -0.32667667 -0.94423103
vn -0.21613558 0.7954778 -0.56612754
vn -0.09982952 -0.4834605 0.86965513
vn -0.0680875 -0.9105597 -0.40773156
vn -0.1917807 -0.87653303 -0.44148624
vn -0.16147798 -0.91020966 0.38137
vn 0.026917707 0.22751872 -0.97340167
vn -0.040193744 0.018830327 0.9990145
vn -0.11530096 -0.031037869 0.9928456
vn -0.12918648 -0.40022478 0.90726566
vn -0.27736038 -0.8267708 0.48940924
vn -0.14740925 -0.25538728 0.9555354
vn -0.32396176 0.21329898 0.9217116
vn 0.0049745953 -0.2968582 -0.95490867
vn -0.5212678 0.7295612 0.44274184
vn -0.37330952 -0.76117665 0.53033024
vn -0.1344682 -0.782699 0.6077011
vn -0.15863915 -0.1626982 0.9738393
vn -0.24949147 -0.9257278 -0.2842219
vn -0.1204299 -0.6631275 -0.73875475
vn -0.102329984 -0.9362598 -0.3360745
vn 0.009491586 -0.5379074 -0.8429505
vn 0.0061649275 -0.1922725 0.98132217
vn 0.033235446 -0.04425289 -0.99846727
vn -0.12219838 0.40315706 -0.90693545
vn 0.08078485 0.4260508 -0.90108526
vn -0.04443585 -0.92082316 -0.38744038
vn -0.012115989 -0.045686737 -0.99888235
vn -0.16144614 0.55068696 -0.81895
vn -0.51367205 0.78764474 -0.3402303
vn -0.045961726 -0.47509044 -0.8787358
vn -0.59982044 0.7520797 -0.27311456
vn 0.062350985 -0.79334986 0.6055645
vn -0.10715176 -0.9131857 -0.39320517
vn 0.17172985 -0.19120091 0.9664115
vn 0.06326559 -0.22593112 0.9720867
vn 0.14493725 -0.20405358 0.96817106
vn 0.26231048 -0.13950218 0.9548468
vn 0.23899665 -0.18638138 0.95296526
vn -0.2877026 -0.20102863 0.93638384
vn -0.51214695 0.06537268 0.85640645
vn -0.10321388 -0.055574354 0.9931055
vn -0.6724081 0.6251332 0.3963277
vn -0.37944174 0.26774248 0.8856285
vn -0.6212186 0.611483 0.49007756
vn 0.18104191 0.026216283 0.98312587
vn -0.18409404 0.30705738 0.93371576
vn -0.49544388 0.6412632 0.58593243
vn -0.52099633 0.82829595 -0.20612788
vn 0.44930512 -0.11069349 0.8864941
vn 0.40063334 -0.17222321 0.8999067
vn 0.4156473 -0.14615867 0.8977054
vn -0.07941003 0.19440505 0.9777018
vn 0.56643724 -0.18024667 0.80415165
vn 0.6776069 0.32123992 0.66155404
vn 0.3517031 -0.018342031 0.9359319
vn 0.45113394 -0.34016633 0.8250849
vn 0.24399745 -0.08398761 0.9661322
vn 0.86284506 -0.3172799 0.3934869
vn 0.550322 -0.6858272 0.4762214
vn -0.012115973 0.047029506 0.99882
vn -0.4281922 0.6132335 0.6637742
vn -0.43768218 0.58243686 0.6849829
vn -0.4492161 0.8811887 -0.14734802
vn -0.45964587 0.86841667 -0.18595195
vn -0.1290642 0.5281286 -0.83929884
vn 0.086522795 0.5118121 -0.8547293
vn 0.108252876 0.36409837 -0.9250479
vn 0.336262 0.4718289 -0.8150493
vn 0.3613795 0.47179845 -0.80424565
vn -0.44835374 0.596157 0.66601485
vn -0.451922 0.8680759 -0.20545238
vn 0.10910661 0.40938628 -0.90581375
vn 0.76548463 0.056185994 -0.64099646
vn 0.4124007 0.8345369 -0.3653407
vn -0.03762973 -0.1236013 0.9916182
vn -0.026093861 -0.1719448 0.9847609
vn -0.42690247 0.6199973 0.65829897
vn 0.008698043 0.53644043 -0.84389335
vn -0.038239993 -0.036439385 -0.998604
vn -0.081028186 -0.4295562 -0.89939755
vn -0.10336964 -0.8954124 -0.43307206
vn 0.10880083 -0.8085748 0.57824665
vn 0.22687946 -0.18979868 0.9552498
vn 0.098546036 0.9930901 -0.06372379
vn 0.0012207634 0.585997 -0.8103123
vn -0.020356387 -0.027436871 -0.99941623
vn -0.0510274 -0.3990636 -0.91550237
vn -0.06863731 -0.8869443 -0.45674795
vn 0.110174574 -0.81870997 0.5635384
vn -0.008698128 -0.8635868 -0.5041252
vn 0.07529045 -0.8143088 0.5755279
vn 0.6310156 -0.5227639 -0.5731816
vn 0.2687834 0.6290942 0.72938055
vn 0.049440846 0.3295141 -0.9428553
vn -0.4179295 0.8769683 -0.23719497
vn 0.041353486 0.23460092 -0.9712118
vn 0.4892272 -0.6569012 -0.57370514
vn 0.29560876 0.06427339 0.95314443
vn 0.4281549 -0.82753015 0.36314884
vn -0.056643102 -0.20484295 0.97715455
vn -0.4478985 0.6357131 0.62869376
vn -0.41841662 0.87003803 -0.26069403
vn 0.24961391 -0.06802659 0.9659531
vn 0.112493075 -0.17389733 0.9783174
vn 0.13269733 -0.038515188 0.990408
vn 0.05014334 0.24244593 -0.9688682
vn 0.14035507 0.07553354 0.9872158
vn 0.11112095 0.6045578 0.7887726
vn 0.057040595 0.9978594 -0.031984236
vn 0.018219627 0.5836995 -0.8117653
vn -0.0033265348 -0.024262343 -0.99970007
vn 0.0125128245 0.5810223 -0.8137914
vn -0.003936975 -0.36409384 -0.9313539
vn -0.0033265734 -0.019562691 -0.9998031
vn 0.0017700852 -0.86636513 -0.49940813
vn -0.0043336754 -0.36003077 -0.9329304
vn 0.013245335 -0.79438436 0.60727113
vn 0.0025941124 -0.86679983 -0.49864948
vn 0.019074343 -0.16025501 0.9868913
vn 0.051241707 -0.7941702 0.6055311
vn 0.026765212 -0.020173095 0.9994381
vn 0.028504891 -0.15320617 0.987783
vn 0.036744546 0.07867727 0.99622273
vn 0.038210344 -0.01367271 0.9991761
vn 0.041261494 0.58913606 0.8069796
vn 0.042116366 0.08377495 0.9955943
vn 0.030732775 0.99922717 -0.02450687
vn 0.018464355 0.5799028 -0.81447643
vn 0.03772172 0.9985268 -0.039003525
vn -0.0056459475 -0.014282722 -0.9998821
vn 0.0726666 0.6059314 0.7921911
vn 0.039949708 0.5617985 -0.8263089
vn -0.0066531724 -0.35878298 -0.93339735
vn 0.08450677 0.99494594 -0.054232046
vn 0.011536277 -0.0012207701 -0.99993277
vn 0.04388695 -0.8717876 -0.48791417
vn 0.011475261 -0.34334227 -0.9391403
vn 0.04327571 0.08328591 0.99558556
vn 0.14481302 0.5799539 0.80167496
vn 0.22529401 0.97207254 -0.065708205
vn 0.1882429 0.5457762 -0.8165127
vn 0.15806054 -0.0015259755 -0.98742825
vn 0.14240095 -0.3291458 -0.93348
vn 0.16282003 -0.86464006 -0.47527584
vn 0.042939678 -0.010101658 0.99902654
vn 0.13898443 -0.7514437 0.6449927
vn 0.037508365 -0.14383802 0.9888902
vn 0.09756957 -0.16422328 0.9815859
vn 0.06982775 -0.01968483 0.9973648
vn 0.062960654 0.082340196 0.99461347
vn 0.62326866 -0.007690907 -0.7819699
vn 0.55016047 -0.3317687 -0.7663243
vn 0.50802326 -0.7689323 -0.3881437
vn 0.44619593 -0.71852195 0.53351235
vn 0.89742786 -0.4213226 -0.13080686
vn 0.57549757 -0.33622825 0.7454886
vn 0.64527565 -0.053500835 0.7620741
vn 0.99749255 -0.03946144 -0.058749635
vn 0.6021742 0.19465142 0.7742719
vn 0.9425672 0.32609135 -0.072329104
vn 0.5276185 0.52023286 0.67154783
vn 0.5694925 0.8193856 -0.06546417
vn 0.6194581 0.44000235 -0.6501304
vn -0.039675537 0.54251724 0.83910716
vn -0.04040663 0.03137312 0.99869066
vn -0.025819004 0.027772212 0.99928087
vn -0.010254471 -0.51519555 0.85701126
vn -0.014405122 0.5106493 0.8596684
vn -0.0054934695 0.92943406 0.36894757
vn 0.031770017 -0.50151455 0.8645656
vn 0.019196838 -0.9190372 0.39370304
vn 0.013825234 0.9315095 0.3634541
vn 0.006775329 0.8933973 -0.44921649
vn -0.0014954284 0.88614815 -0.46339965
vn -0.05887197 0.2933527 -0.95418984
vn -0.04068169 0.30134362 -0.9526474
vn -0.05032673 -0.34984553 -0.9354546
vn -0.0029908996 0.8563128 -0.5164489
vn 0.061190523 0.88755256 0.4566248
vn 0.08218939 0.41286966 0.90707415
vn -0.032807846 -0.367631 -0.9293929
vn -0.057100534 0.27762884 -0.9589899
vn 0.058749784 0.87364745 -0.48299953
vn 0.22034988 0.86528534 0.45025235
vn 0.029969476 -0.9194709 -0.39201418
vn 0.016358355 -0.91280234 -0.40807384
vn 0.03628661 -0.9220278 0.38541934
vn 0.018800026 -0.88643956 -0.46246237
vn 0.08374324 -0.8990496 0.42976397
vn -0.04135341 -0.32667667 -0.94423103
vn 0.21613558 0.7954778 -0.56612754
vn 0.09982952 -0.4834605 0.86965513
vn 0.0680875 -0.9105597 -0.40773156
vn 0.1917807 -0.87653303 -0.44148624
vn 0.16147798 -0.91020966 0.38137
vn -0.026917707 0.22751872 -0.97340167
vn 0.040193744 0.018830327 0.9990145
vn 0.11530096 -0.031037869 0.9928456
vn 0.32396176 0.21329898 0.9217116
vn 0.12918648 -0.40022478 0.90726566
vn 0.27736038 -0.8267708 0.48940924
vn 0.14740925 -0.25538728 0.9555354
vn -0.0049745953 -0.2968582 -0.95490867
vn 0.5212678 0.7295612 0.44274184
vn 0.15863915 -0.1626982 0.9738393
vn 0.37330952 -0.76117665 0.53033024
vn 0.1344682 -0.782699 0.6077011
vn 0.24949147 -0.9257278 -0.2842219
vn 0.1204299 -0.6631275 -0.73875475
vn 0.102329984 -0.9362598 -0.3360745
vn -0.009491586 -0.5379074 -0.8429505
vn -0.0061649275 -0.1922725 0.98132217
vn -0.033235446 -0.04425289 -0.99846727
vn 0.12219838 0.40315706 -0.90693545
vn -0.08078485 0.4260508 -0.90108526
vn 0.04443585 -0.92082316 -0.38744038
vn 0.012115989 -0.045686737 -0.99888235
vn 0.16144614 0.55068696 -0.81895
vn 0.51367205 0.78764474 -0.3402303
vn 0.045961726 -0.47509044 -0.8787358
vn 0.59982044 0.7520797 -0.27311456
vn -0.062350985 -0.79334986 0.6055645
vn 0.10715176 -0.9131857 -0.39320517
vn -0.17172985 -0.19120091 0.9664115
vn -0.06326559 -0.22593112 0.9720867
vn -0.14493725 -0.20405358 0.96817106
vn -0.26231048 -0.13950218 0.9548468
vn -0.23899665 -0.18638138 0.95296526
vn 0.2877026 -0.20102863 0.93638384
vn 0.51214695 0.06537268 0.85640645
vn 0.10321388 -0.055574354 0.9931055
vn 0.6724249 0.6251205 0.39631963
vn 0.37944174 0.26774248 0.8856285
vn 0.6212186 0.611483 0.49007756
vn -0.18104191 0.026216283 0.98312587
vn 0.18409404 0.30705738 0.93371576
vn 0.49544388 0.6412632 0.58593243
vn 0.52099633 0.82829595 -0.20612788
vn -0.44930512 -0.11069349 0.8864941
vn -0.40063334 -0.17222321 0.8999067
vn -0.4156473 -0.14615867 0.8977054
vn 0.07941003 0.19440505 0.9777018
vn -0.56643724 -0.18024667 0.80415165
vn -0.6776069 0.32123992 0.66155404
vn -0.3517031 -0.018342031 0.9359319
vn -0.45113394 -0.34016633 0.8250849
vn -0.24399745 -0.08398761 0.9661322
vn -0.86284506 -0.3172799 0.3934869
vn -0.550322 -0.6858272 0.4762214
vn 0.012115973 0.047029506 0.99882
vn 0.4281922 0.6132335 0.6637742
vn 0.43768218 0.58243686 0.6849829
vn 0.4492161 0.8811887 -0.14734802
vn 0.45964587 0.86841667 -0.18595195
vn 0.1290642 0.5281286 -0.83929884
vn -0.086522795 0.5118121 -0.8547293
vn -0.108252876 0.36409837 -0.9250479
vn -0.336262 0.4718289 -0.8150493
vn -0.3613795 0.47179845 -0.80424565
vn 0.44835374 0.596157 0.66601485
vn 0.451922 0.8680759 -0.20545238
vn -0.10910661 0.40938628 -0.90581375
vn -0.76548463 0.056185994 -0.64099646
vn -0.4124007 0.8345369 -0.3653407
vn 0.03762973 -0.1236013 0.9916182
vn 0.026093861 -0.1719448 0.9847609
vn 0.42690247 0.6199973 0.65829897
vn -0.008698043 0.53644043 -0.84389335
vn 0.038239993 -0.036439385 -0.998604
vn 0.081028186 -0.4295562 -0.89939755
vn 0.10336964 -0.8954124 -0.43307206
vn -0.10880083 -0.8085748 0.57824665
vn -0.22687946 -0.18979868 0.9552498
vn -0.098546036 0.9930901 -0.06372379
vn -0.0012207634 0.585997 -0.8103123
vn 0.020356387 -0.027436871 -0.99941623
vn 0.0510274 -0.3990636 -0.91550237
vn 0.06863731 -0.8869443 -0.45674795
vn -0.110174574 -0.81870997 0.5635384
vn 0.008698128 -0.8635868 -0.5041252
vn -0.07529045 -0.8143088 0.5755279
vn -0.6310156 -0.5227639 -0.5731816
vn -0.2687834 0.6290942 0.72938055
vn -0.049440846 0.3295141 -0.9428553
vn 0.4179295 0.8769683 -0.23719497
vn -0.041353486 0.23460092 -0.9712118
vn -0.4892272 -0.6569012 -0.57370514
vn -0.29560876 0.06427339 0.95314443
vn -0.4281549 -0.82753015 0.36314884
vn 0.056643102 -0.20484295 0.97715455
vn 0.4478985 0.6357131 0.62869376
vn 0.41841662 0.87003803 -0.26069403
vn -0.24961391 -0.06802659 0.9659531
vn -0.112493075 -0.17389733 0.9783174
vn -0.13269733 -0.038515188 0.990408
vn -0.05014334 0.24244593 -0.9688682
vn -0.14035507 0.07553354 0.9872158
vn -0.11112095 0.6045578 0.7887726
vn -0.057040595 0.9978594 -0.031984236
vn -0.018219627 0.5836995 -0.8117653
vn 0.0033265348 -0.024262343 -0.99970007
vn -0.0125128245 0.5810223 -0.8137914
vn 0.003936975 -0.36409384 -0.9313539
vn 0.0033265734 -0.019562691 -0.9998031
vn -0.0017700852 -0.86636513 -0.49940813
vn 0.0043336754 -0.36003077 -0.9329304
vn -0.013245335 -0.79438436 0.60727113
vn -0.0025941124 -0.86679983 -0.49864948
vn -0.019074343 -0.16025501 0.9868913
vn -0.051241707 -0.7941702 0.6055311
vn -0.026765212 -0.020173095 0.9994381
vn -0.028504891 -0.15320617 0.987783
vn -0.036744546 0.07867727 0.99622273
vn -0.038210344 -0.01367271 0.9991761
vn -0.041261494 0.58913606 0.8069796
vn -0.042116366 0.08377495 0.9955943
vn -0.030732775 0.99922717 -0.02450687
vn -0.018464355 0.5799028 -0.81447643
vn -0.03772172 0.9985268 -0.039003525
vn 0.0056459475 -0.014282722 -0.9998821
vn -0.0726666 0.6059314 0.7921911
vn -0.039949708 0.5617985 -0.8263089
vn 0.0066531724 -0.35878298 -0.93339735
vn -0.08450677 0.99494594 -0.054232046
vn -0.011536277 -0.0012207701 -0.99993277
vn -0.04388695 -0.8717876 -0.48791417
vn -0.011475261 -0.34334227 -0.9391403
vn -0.04327571 0.08328591 0.99558556
vn -0.14481302 0.5799539 0.80167496
vn -0.22529401 0.97207254 -0.065708205
vn -0.1882429 0.5457762 -0.8165127
vn -0.15806054 -0.0015259755 -0.98742825
vn -0.14240095 -0.3291458 -0.93348
vn -0.16282003 -0.86464006 -0.47527584
vn -0.042939678 -0.010101658 0.99902654
vn -0.13898443 -0.7514437 0.6449927
vn -0.037508365 -0.14383802 0.9888902
vn -0.09756957 -0.16422328 0.9815859
vn -0.06982775 -0.01968483 0.9973648
vn -0.062960654 0.082340196 0.99461347
vn -0.62326866 -0.007690907 -0.7819699
vn -0.55016047 -0.3317687 -0.7663243
vn -0.50802326 -0.7689323 -0.3881437
vn -0.44619593 -0.71852195 0.53351235
vn -0.89742786 -0.4213226 -0.13080686
vn -0.57549757 -0.33622825 0.7454886
vn -0.64527565 -0.053500835 0.7620741
vn -0.99749255 -0.03946144 -0.058749635
vn -0.6021742 0.19465142 0.7742719
vn -0.9425672 0.32609135 -0.072329104
vn -0.5276185 0.52023286 0.67154783
vn -0.5694925 0.8193856 -0.06546417
vn -0.6194581 0.44000235 -0.6501304
vn -0.30149642 0.91660523 -0.2625543
vn 0.22315505 0.32600415 -0.9186529
vn -0.34920204 0.6814963 0.6431335
vn 0.59366477 -0.58374596 -0.5538979
vn 0.06534201 -0.12750998 0.9896826
vn 0.48119578 -0.7814739 0.3971765
vn 0.14988028 0.8355574 0.52856374
vn 0.15439378 0.9848669 -0.07873808
vn 0.6369431 0.23890707 0.7329576
vn 0.72462475 0.5280791 -0.44277704
vn 0.8574717 -0.42296767 0.29298577
vn 0.9168995 -0.25840065 -0.30417845
vn 0.30149642 0.91660523 -0.2625543
vn -0.22315505 0.32600415 -0.9186529
vn 0.34920204 0.6814963 0.6431335
vn -0.59366477 -0.58374596 -0.5538979
vn -0.06534201 -0.12750998 0.9896826
vn -0.48119578 -0.7814739 0.3971765
vn -0.14988028 0.8355574 0.52856374
vn -0.15439378 0.9848669 -0.07873808
vn -0.6369431 0.23890707 0.7329576
vn -0.72462475 0.5280791 -0.44277704
vn -0.8574717 -0.42296767 0.29298577
vn -0.91691524 -0.25837454 -0.30415314
vn 0.06885192 0.3684615 -0.9270898
vn 0.07651256 0.2632008 -0.96170217
vn 0.015686853 0.3649482 -0.9308957
vn -0.06885192 0.3684615 -0.9270898
vn -0.015686853 0.3649482 -0.9308957
vn -0.07651256 0.2632008 -0.96170217
vn 0.8512522 0.51468223 -0.10233216
vn 0.28812993 0.59756213 0.74826497
vn 0.35456768 0.49059004 0.79599196
vn 0.6575376 0.75040764 -0.067325495
vn 0.8541634 0.5099711 -0.10165851
vn 0.39245075 0.9189738 -0.03833254
vn 0.20838085 0.6487029 0.7319576
vn 0.431449 0.90092486 -0.046755314
vn 0.6785206 0.73366785 -0.036622353
vn 0.84843206 0.5139728 -0.12647131
vn 0.68808913 0.7109481 -0.14521103
vn 0.42913458 0.8887887 -0.1609293
vn 0.85005724 0.49264437 -0.18629052
vn 0.41567796 0.8823238 -0.2207183
vn 0.71378654 0.6611712 -0.23100096
vn 0.7455472 0.6288122 -0.22080453
vn 0.42088893 0.8903948 -0.1733485
vn 0.8547637 0.47107068 -0.21787973
vn 0.42146352 0.8999665 -0.11148488
vn 0.7538302 0.61981934 -0.21809192
vn 0.8769182 0.42834187 -0.21803164
vn 0.37651747 0.92498106 -0.051425133
vn 0.73539376 0.63742673 -0.22996315
vn 0.3316827 0.93635964 -0.11496584
vn 0.88829845 0.38329345 -0.25300607
vn 0.7133554 0.652958 -0.2544995
vn 0.89954686 0.3311614 -0.28486416
vn 0.7081793 0.65116847 -0.27287668
vn 0.9160615 0.29099968 -0.27595377
vn 0.2812022 0.94105387 -0.18799713
vn 0.3316827 0.93635964 -0.11496584
vn 0.3801201 0.92339736 0.05334805
vn 0.17316493 0.9848793 0.0051577142
vn 0.3288719 0.9276837 -0.17676559
vn 0.4074925 0.9128296 0.02630756
vn 0.18278049 0.98290676 0.022034982
vn 0.34934914 0.93698937 0.0024720258
vn 0.25041127 0.5338749 -0.8076335
vn 0.0032349974 0.9992785 -0.037843365
vn 0.0031434726 0.99934965 -0.03592104
vn -0 0.99858415 -0.05319475
vn -0.036134575 0.9958677 -0.08331706
vn -0 0.99524975 -0.09735508
vn 0.036134575 0.9958677 -0.08331706
vn -0.0031434726 0.99934965 -0.03592104
vn -0.0032349974 0.9992785 -0.037843365
vn -0.17316493 0.9848793 0.0051577142
vn -0.18278039 0.9829062 0.022065492
vn -0.4074925 0.9128296 0.02630756
vn -0.34934914 0.93698937 0.0024720258
vn -0.25041127 0.5338749 -0.8076335
vn -0.3801201 0.92339736 0.05334805
vn -0.3288719 0.9276837 -0.17676559
vn -0.11493438 0.5582222 -0.8216923
vn -0.15030736 0.65314263 -0.74216735
vn -0.313251 0.61731565 -0.7216614
vn -0.41313592 0.46950457 -0.7803103
vn -0 0.70666414 -0.70754915
vn -0 0.5363403 -0.8440019
vn 0.11493438 0.5582222 -0.8216923
vn 0.15030736 0.65314263 -0.74216735
vn -0.12299428 0.67305034 0.72929806
vn 0.313251 0.61731565 -0.7216614
vn 0.41313592 0.46950457 -0.7803103
vn 0.12299428 0.67305034 0.72929806
vn -0.49246183 0.5073859 -0.7071357
vn -0.7512604 0.33214036 -0.57034266
vn 0.49246183 0.5073859 -0.7071357
vn 0.7512604 0.33214036 -0.57034266
vn -0.249828 0.6524643 0.71545535
vn 0.249828 0.6524643 0.71545535
vn -0.73096395 0.34672797 -0.58776814
vn -0.3446549 0.59323496 0.72752
vn -0.9010521 -0.14545503 -0.40859252
vn -0.8208994 0.56862956 0.052767307
vn -0.9915611 -0.014282875 0.12885107
vn -0.8539026 0.51846373 0.045229767
vn -0.9764232 -0.112431794 0.18427339
vn -0.46672767 0.7721927 0.43114245
vn -0.8874041 0.018403022 -0.4606249
vn -0.7121929 -0.5203805 -0.4711533
vn -0.77502835 -0.6247531 0.0949444
vn -0.7363592 -0.66082495 0.14520876
vn -0.3499629 -0.79929614 0.4885198
vn -0.45330092 0.43962836 0.77540004
vn -0.7578805 -0.45125523 -0.47115365
vn -0.4583623 -0.6171518 -0.6395526
vn -0.44518065 -0.15439561 0.88202965
vn -0.68833065 0.07620651 0.721383
vn -0.4687705 -0.6469094 -0.6014668
vn -0.26539508 -0.65820783 -0.7045055
vn -0.62335134 -0.28809974 0.72693294
vn -0.28812993 0.59756213 0.74826497
vn -0.35456768 0.49059004 0.79599196
vn -0.20838085 0.6487029 0.7319576
vn -0.51504886 0.15723701 0.8426157
vn -0.8512522 0.51468223 -0.10233216
vn -0.12405979 0.6602178 0.74075747
vn -0.39245075 0.9189738 -0.03833254
vn -0.97729164 0.014862939 -0.21137725
vn -0.8541634 0.5099711 -0.10165851
vn -0 0.65613115 0.7546469
vn -0 0.6854522 0.7281175
vn -0.20795536 0.9780677 -0.011749752
vn -0.431449 0.90092486 -0.046755314
vn 0.12405979 0.6602178 0.74075747
vn -0 0.9999366 -0.011261647
vn -0.9729239 -0.0012512902 -0.23112245
vn -0.84843206 0.5139728 -0.12647131
vn -0.19809993 0.9793296 -0.040865168
vn -0 0.99926275 -0.03839327
vn -0 0.9987174 -0.050631717
vn -0.15976758 0.9828682 -0.09189306
vn -0.42913458 0.8887887 -0.1609293
vn -0.41567796 0.8823238 -0.2207183
vn 0.20795536 0.9780677 -0.011749752
vn -0.104987085 0.99023575 -0.091711104
vn -0.0679662 0.99468094 -0.077396624
vn -0.42088893 0.8903948 -0.1733485
vn 0.19809993 0.9793296 -0.040865168
vn -0 0.9992379 -0.039033208
vn -0.06949241 0.9974922 -0.013428484
vn -0.42146352 0.8999665 -0.11148488
vn -0.08688717 0.9943652 0.060732517
vn -0.37710068 0.9247756 -0.05084572
vn -0.08615629 0.99621445 -0.011566855
vn -0.324753 0.9380023 -0.121191055
vn -0.07681649 0.9898859 -0.11926851
vn -0.2812006 0.9410485 -0.18802658
vn 0.431449 0.90092486 -0.046755314
vn 0.39245075 0.9189738 -0.03833254
vn 0.20838085 0.6487029 0.7319576
vn 0.15976758 0.9828682 -0.09189306
vn 0.42913458 0.8887887 -0.1609293
vn 0.41567796 0.8823238 -0.2207183
vn 0.3446549 0.59323496 0.72752
vn 0.28812993 0.59756213 0.74826497
vn 0.104987085 0.99023575 -0.091711104
vn 0.0679662 0.99468094 -0.077396624
vn 0.42088893 0.8903948 -0.1733485
vn 0.45330092 0.43962836 0.77540004
vn 0.35456768 0.49059004 0.79599196
vn 0.73096395 0.34672797 -0.58776814
vn 0.9010521 -0.14545503 -0.40859252
vn 0.8208994 0.56862956 0.052767307
vn 0.8874041 0.018403022 -0.4606249
vn 0.68833065 0.07620651 0.721383
vn 0.9915611 -0.014282875 0.12885107
vn 0.8539026 0.51846373 0.045229767
vn 0.7121929 -0.5203805 -0.4711533
vn 0.9764232 -0.112431794 0.18427339
vn 0.46672767 0.7721927 0.43114245
vn 0.77502835 -0.6247531 0.0949444
vn 0.7363592 -0.66082495 0.14520876
vn 0.3499629 -0.79929614 0.4885198
vn 0.7578805 -0.45125523 -0.47115365
vn 0.4583623 -0.6171518 -0.6395526
vn 0.51504886 0.15723701 0.8426157
vn 0.8512522 0.51468223 -0.10233216
vn 0.4687705 -0.6469094 -0.6014668
vn 0.26539508 -0.65820783 -0.7045055
vn 0.62335134 -0.28809974 0.72693294
vn 0.44518065 -0.15439561 0.88202965
vn 0.97729164 0.014862939 -0.21137725
vn 0.8541634 0.5099711 -0.10165851
vn 0.9729239 -0.0012512902 -0.23112245
vn 0.84843206 0.5139728 -0.12647131
vn 0.8269711 -0.5006018 -0.25596216
vn 0.81471246 -0.5166916 -0.2631984
vn 0.6253718 -0.31077847 0.7157701
vn 0.79370755 -0.5545607 -0.24998112
vn 0.47396806 -0.49240187 0.7299963
vn 0.46331063 -0.5140944 0.72183806
vn 0.97756666 -0.00906426 -0.21043122
vn 0.8093185 -0.55530393 -0.19141887
vn 0.97866994 -0.0422072 -0.20105644
vn 0.85005724 0.49264437 -0.18629052
vn 0.8206103 -0.54498804 -0.17200832
vn 0.9776399 -0.02328586 -0.20899288
vn 0.8547637 0.47107068 -0.21787973
vn 0.8769182 0.42834187 -0.21803164
vn 0.9819033 -0.045321427 -0.1838799
vn 0.8422962 -0.5099739 -0.17453863
vn 0.88829845 0.38329345 -0.25300607
vn 0.9784581 -0.05353136 -0.19938448
vn 0.85891896 -0.478442 -0.18262404
vn 0.89954686 0.3311614 -0.28486416
vn 0.9708109 -0.07876966 -0.22654288
vn 0.8765193 -0.4465304 -0.17979021
vn 0.9160615 0.29099968 -0.27595377
vn 0.9661916 -0.10919591 -0.23355961
vn 0.87462264 -0.44973266 -0.1810406
vn 0.9247775 0.27100605 -0.26709965
vn 0.96697056 -0.113561966 -0.22819212
vn 0.7113085 0.65118587 -0.26457003
vn 0.7081793 0.65116847 -0.27287668
vn 0.2812022 0.94105387 -0.18799713
vn 0.87890786 -0.44467276 -0.1725892
vn 0.74528015 -0.65970415 -0.096684985
vn 0.7466521 -0.652592 -0.12897412
vn 0.47365925 -0.87401116 -0.10840449
vn 0.9436814 0.2529729 -0.21323703
vn 0.9785538 -0.1255542 -0.16330592
vn 0.73725355 0.6443835 -0.20304458
vn 0.8902426 -0.4467388 -0.08884114
vn 0.959237 0.23575789 -0.15582909
vn 0.75382286 0.6380027 -0.15717359
vn 0.9816961 -0.1484126 -0.11935877
vn 0.29594553 0.9494245 -0.10492531
vn 0.30305955 0.94482553 -0.12433681
vn 0.27753755 0.9459594 -0.16773109
vn 0.7300831 0.64917636 -0.21342158
vn 0.94938886 0.24790685 -0.19288085
vn 0.28071463 0.9324195 -0.22758092
vn 0.9761969 -0.1381618 -0.16718583
vn 0.052859895 0.9692404 -0.2403721
vn 0.88483393 -0.4616286 -0.06299097
vn 0.8731846 -0.47097218 -0.12543389
vn 0.0630515 0.9920387 -0.10901255
vn 0.07693778 0.96292776 -0.2585549
vn -0 0.96810037 -0.25056285
vn 0.74839056 -0.6625402 -0.03085486
vn 0.7487311 -0.66260546 -0.018860955
vn 0.73787916 -0.6657942 -0.110691026
vn 0.068607 0.9972126 -0.029328883
vn -0 0.99376595 -0.111486614
vn 0.4887913 -0.87009484 -0.06338783
vn 0.5056723 -0.8627162 0.0040285317
vn 0.52416897 -0.8516106 -0.0025025827
vn 0.52167046 -0.84240025 -0.1349879
vn 0.06937045 0.9933128 -0.09229047
vn 0.20829317 -0.97798604 -0.012543369
vn 0.1966022 -0.9634178 -0.18213627
vn 0.18881874 -0.98184526 0.018097544
vn 0.16703355 -0.9849272 -0.044924792
vn 0.16010408 -0.983575 -0.08334812
vn -0.018006045 -0.999244 -0.034455635
vn -0.043947943 -0.97540015 -0.21601635
vn -0.024903396 -0.999554 0.016480189
vn -0.037416186 -0.998762 -0.032777313
vn -0 -0.9984579 -0.055513967
vn -0 -0.972969 -0.23093556
vn 0.043947943 -0.97540015 -0.21601635
vn -0 -0.99982387 0.018769015
vn 0.018006045 -0.999244 -0.034455635
vn -0.1966022 -0.9634178 -0.18213627
vn -0 -0.99959105 -0.028596366
vn -0.031312827 -0.99795145 -0.055789325
vn 0.024903396 -0.999554 0.016480189
vn -0.20829317 -0.97798604 -0.012543369
vn -0.52167046 -0.84240025 -0.1349879
vn -0 -0.99917454 -0.040621318
vn 0.037416186 -0.998762 -0.032777313
vn -0.18881874 -0.98184526 0.018097544
vn -0.52416897 -0.8516106 -0.0025025827
vn -0.73787916 -0.6657942 -0.110691026
vn -0.7487311 -0.66260546 -0.018860955
vn -0.8731846 -0.47097218 -0.12543389
vn -0.5056723 -0.8627162 0.0040285317
vn -0.16703355 -0.9849272 -0.044924792
vn 0.031312827 -0.99795145 -0.055789325
vn -0 -0.997729 -0.06735556
vn -0.88483393 -0.4616286 -0.06299097
vn -0.9761969 -0.1381618 -0.16718583
vn -0.74839056 -0.6625402 -0.03085486
vn -0.4887913 -0.87009484 -0.06338783
vn -0.16010408 -0.983575 -0.08334812
vn -0.9816961 -0.1484126 -0.11935877
vn -0.94938886 0.24790685 -0.19288085
vn -0.8902426 -0.4467388 -0.08884114
vn -0.74528015 -0.65970415 -0.096684985
vn -0.959237 0.23575789 -0.15582909
vn -0.7300831 0.64917636 -0.21342158
vn -0.9785538 -0.1255542 -0.16330592
vn -0.75382286 0.6380027 -0.15717359
vn -0.28071463 0.9324195 -0.22758092
vn 0.018219968 -0.996086 -0.08649144
vn -0.47365925 -0.87401116 -0.10840449
vn -0.14487387 -0.9815839 -0.12451769
vn -0.7466521 -0.652592 -0.12897412
vn -0.45916346 -0.8730057 -0.16440769
vn -0.87462264 -0.44973266 -0.1810406
vn -0.14399047 -0.97555226 -0.16602547
vn -0.4339475 -0.8739072 -0.2190338
vn 0.0031129832 -0.9927059 -0.120521285
vn -0 -0.9951898 -0.09796556
vn -0.15872848 -0.9686679 -0.1910174
vn -0.43548375 -0.8666337 -0.24351564
vn -0.0152900135 -0.9892425 -0.14548402
vn -0.19025682 -0.95998204 -0.20551644
vn -0.44393337 -0.86497724 -0.23396075
vn -0.04556522 -0.9866259 -0.15650265
vn -0.23048083 -0.9532971 -0.19520068
vn -0.43972173 -0.87294286 -0.21122392
vn -0.4447585 -0.8646438 -0.23362564
vn -0 -0.9918023 -0.12778252
vn -0.018219968 -0.996086 -0.08649144
vn -0.0031129832 -0.9927059 -0.120521285
vn 0.14487387 -0.9815839 -0.12451769
vn 0.45916346 -0.8730057 -0.16440769
vn 0.14399047 -0.97555226 -0.16602547
vn 0.4339475 -0.8739072 -0.2190338
vn -0 -0.99114835 -0.13275944
vn 0.0152900135 -0.9892425 -0.14548402
vn 0.15872848 -0.9686679 -0.1910174
vn 0.43548375 -0.8666337 -0.24351564
vn 0.04556522 -0.9866259 -0.15650265
vn 0.19025682 -0.95998204 -0.20551644
vn 0.44393337 -0.86497724 -0.23396075
vn 0.23048083 -0.9532971 -0.19520068
vn 0.43972173 -0.87294286 -0.21122392
vn 0.4447585 -0.8646438 -0.23362564
vn -0 -0.99148035 -0.13025635
vn 0.09183101 -0.9835593 -0.15549318
vn -0 -0.9860962 -0.16617541
vn -0.09183101 -0.9835593 -0.15549318
vn 0.27327058 -0.938288 -0.21198766
vn -0.27327058 -0.938288 -0.21198766
vn 0.13419357 -0.9739639 -0.18271932
vn 0.17453818 -0.96067727 -0.21595249
vn 0.29502478 -0.92249036 -0.24894148
vn 0.4348993 -0.8622299 -0.2596578
vn 0.31602514 -0.9264068 -0.2046915
vn 0.43227428 -0.8803881 -0.1950789
vn 0.23292147 -0.7489072 0.6203915
vn 0.32469785 -0.658399 0.67903024
vn -0.13419357 -0.9739639 -0.18271932
vn -0.17453818 -0.96067727 -0.21595249
vn -0 -0.9807329 -0.19535309
vn 0.20041822 -0.9575639 -0.2071324
vn -0 -0.9783775 -0.20682715
vn -0.29502478 -0.92249036 -0.24894148
vn -0.4348993 -0.8622299 -0.2596578
vn -0.31602514 -0.9264068 -0.2046915
vn -0.43227428 -0.8803881 -0.1950789
vn -0.20041822 -0.9575639 -0.2071324
vn -0.23292147 -0.7489072 0.6203915
vn -0.32469785 -0.658399 0.67903024
vn -0 -0.82600576 0.5636616
vn 0.16504519 -0.8103328 0.5622462
vn -0.16504519 -0.8103328 0.5622462
vn -0 -0.7689513 0.63930744
vn 0.15811741 -0.7328456 0.6617676
vn -0.15811741 -0.7328456 0.6617676
vn -0.21937509 -0.7137625 0.6651448
vn -0 -0.75824106 -0.65197444
vn 0.21937509 -0.7137625 0.6651448
vn -0.2993042 -0.6326681 0.7142466
vn -0.46331063 -0.5140944 0.72183806
vn -0.14533103 -0.71539366 -0.6834404
vn -0 -0.6434955 -0.7654499
vn 0.14533103 -0.71539366 -0.6834404
vn 0.2993042 -0.6326681 0.7142466
vn -0.20911998 -0.69441146 -0.68852115
vn -0.47396806 -0.49240187 0.7299963
vn -0.6253718 -0.31077847 0.7157701
vn 0.20911998 -0.69441146 -0.68852115
vn 0.2947828 -0.70694155 -0.64291275
vn 0.112888955 -0.67815775 -0.7261943
vn 0.17267612 -0.6852721 -0.70752037
vn 0.26706913 -0.9601794 0.08203427
vn 0.5217621 -0.8508848 0.061313752
vn 0.28279343 -0.95519835 0.08731621
vn 0.17905746 -0.98101634 0.0744674
vn 0.3519132 -0.9337557 0.06524937
vn 0.344197 -0.9388968 0.0011597347
vn 0.4124292 -0.8998733 0.14188127
vn 0.24998537 -0.9681401 -0.01455781
vn 0.23832408 -0.9514041 -0.19501738
vn 0.32661203 -0.9326541 -0.15323482
vn 0.28541955 -0.88238347 -0.37407908
vn 0.26872155 -0.95070356 -0.15476285
vn 0.20902766 -0.8846366 -0.41680405
vn 0.12720506 -0.6114876 -0.78096217
vn 0.2860252 -0.9581478 0.011932976
vn 0.15436377 -0.9877389 0.023316314
vn 0.15643899 -0.98248935 0.10120009
vn -0 -0.99470323 0.10278773
vn -0 -0.9977558 0.06695856
vn -0.17905746 -0.98101634 0.0744674
vn -0.112888955 -0.67815775 -0.7261943
vn -0.17267612 -0.6852721 -0.70752037
vn -0.26706913 -0.9601794 0.08203427
vn -0.28279343 -0.95519835 0.08731621
vn -0.2947828 -0.70694155 -0.64291275
vn -0.8269711 -0.5006018 -0.25596216
vn -0.81471246 -0.5166916 -0.2631984
vn -0.5217621 -0.8508848 0.061313752
vn -0.79370755 -0.5545607 -0.24998112
vn -0.97756666 -0.00906426 -0.21043122
vn -0.8093185 -0.55530393 -0.19141887
vn -0.97866994 -0.0422072 -0.20105644
vn -0.85005724 0.49264437 -0.18629052
vn -0.8206103 -0.54498804 -0.17200832
vn -0.9776399 -0.02328586 -0.20899288
vn -0.8547637 0.47107068 -0.21787973
vn -0.8769182 0.42834187 -0.21803164
vn -0.9819033 -0.045321427 -0.1838799
vn -0.8422962 -0.5099739 -0.17453863
vn -0.88829845 0.38329345 -0.25300607
vn -0.9784581 -0.05353136 -0.19938448
vn -0.85891896 -0.478442 -0.18262404
vn -0.89954686 0.3311614 -0.28486416
vn -0.9708109 -0.07876966 -0.22654288
vn -0.8765193 -0.4465304 -0.17979021
vn -0.9160615 0.29099968 -0.27595377
vn -0.9661916 -0.10919591 -0.23355961
vn -0.9247775 0.27100605 -0.26709965
vn -0.96697056 -0.113561966 -0.22819212
vn -0.7113085 0.65118587 -0.26457003
vn -0.7081675 0.6511576 -0.2729332
vn -0.87890786 -0.44467276 -0.1725892
vn -0.9436814 0.2529729 -0.21323703
vn -0.73725355 0.6443835 -0.20304458
vn -0.30305955 0.94482553 -0.12433681
vn -0.052859895 0.9692404 -0.2403721
vn -0.29594553 0.9494245 -0.10492531
vn -0.0630515 0.9920387 -0.10901255
vn -0.07693778 0.96292776 -0.2585549
vn -0.27753755 0.9459594 -0.16773109
vn -0.068607 0.9972126 -0.029328883
vn -0.06937045 0.9933128 -0.09229047
vn -0 0.9996024 -0.028199939
vn -0 0.99566394 -0.09302304
vn -0 0.99282527 -0.11957485
vn 0.07681649 0.9898859 -0.11926851
vn 0.3316827 0.93635964 -0.11496584
vn 0.08615629 0.99621445 -0.011566855
vn 0.37651747 0.92498106 -0.051425133
vn -0 0.9997019 -0.02441498
vn 0.08688717 0.9943652 0.060732517
vn 0.42146352 0.8999665 -0.11148488
vn -0 0.9986389 0.052156772
vn 0.06949241 0.9974922 -0.013428484
vn -0 0.9999635 -0.008545392
vn -0 0.9982457 -0.059206847
vn 0.039400537 0.0126045095 -0.99914396
vn 0.096042685 -0.07873852 -0.992258
vn 0.13266772 0.58035636 -0.8034835
vn 0.039309204 0.4420149 -0.89614606
vn -0.0067140907 0.030427037 -0.99951446
vn 0.029115196 0.3556693 -0.9341583
vn 0.15400039 0.65311307 -0.74143595
vn 0.18485647 0.7109817 -0.6784785
vn 0.24363773 0.80739516 -0.53735805
vn 0.31688187 0.8265236 -0.46523616
vn 0.20783709 0.8723359 -0.44253123
vn 0.38588414 0.8651264 -0.32039005
vn 0.25556546 0.9170326 -0.30616584
vn 0.3177715 0.86965996 -0.37777334
vn 0.28193414 0.95829535 0.046724528
vn 0.49235654 0.8692002 -0.045564268
vn 0.3288719 0.9276837 -0.17676559
vn 0.3801201 0.92339736 0.05334805
vn 0.549183 0.83001566 0.09732397
vn 0.46672767 0.7721927 0.43114245
vn 0.8539026 0.51846373 0.045229767
vn 0.8208994 0.56862956 0.052767307
vn 0.55285686 0.8327492 0.029634228
vn 0.4074925 0.9128296 0.02630756
vn 0.7512604 0.33214036 -0.57034266
vn 0.25041127 0.5338749 -0.8076335
vn 0.41313592 0.46950457 -0.7803103
vn 0.029115196 0.3556693 -0.9341583
vn 0.15400039 0.65311307 -0.74143595
vn 0.10379501 0.6763613 -0.72922015
vn 0.048707984 0.3341502 -0.94126046
vn -0.0067140907 0.030427037 -0.99951446
vn 0.25331023 0.3207884 -0.91264933
vn 0.1324225 0.036287244 -0.9905289
vn 0.35090387 0.08941976 -0.9321323
vn 0.661439 0.14533164 -0.73578334
vn 0.49887168 0.30205142 -0.8123374
vn 0.117651895 0.6462766 -0.7539792
vn 0.053683605 0.8686428 -0.49252185
vn -0.11755913 0.7891294 -0.602872
vn 0.015320571 0.9242089 -0.3815799
vn -0.1073347 0.8487896 -0.51772135
vn -0.0067141606 0.9872257 -0.15918665
vn -0.083470285 0.9271458 -0.3652855
vn -0 0.98198205 -0.18897417
vn -0.036134575 0.9958677 -0.08331706
vn -0 0.99524975 -0.09735508
vn 0.0031434726 0.99934965 -0.03592104
vn 0.17316493 0.9848793 0.0051577142
vn 0.07770166 0.97148436 -0.22401029
vn 0.17316493 0.9848793 0.0051577142
vn 0.3288719 0.9276837 -0.17676559
vn 0.17316493 0.9848793 0.0051577142
vn 0.122472286 0.92429495 -0.36149618
vn 0.3177715 0.86965996 -0.37777334
vn 0.17557728 0.82505757 -0.53707784
vn 0.24363773 0.80739516 -0.53735805
vn 0.15400039 0.65311307 -0.74143595
vn 0.8269711 -0.5006018 -0.25596216
vn 0.6253718 -0.31077847 0.7157701
vn 0.46331063 -0.5140944 0.72183806
vn 0.6033896 -0.7664522 -0.22016351
vn 0.81471246 -0.5166916 -0.2631984
vn 0.43227428 -0.8803881 -0.1950789
vn 0.32469785 -0.658399 0.67903024
vn 0.4348993 -0.8622299 -0.2596578
vn 0.59692985 -0.7631693 -0.2474822
vn 0.4447585 -0.8646438 -0.23362564
vn 0.79370755 -0.5545607 -0.24998112
vn 0.6102895 -0.7561401 -0.23621748
vn 0.43972173 -0.87294286 -0.21122392
vn 0.63023144 -0.75325626 -0.18818435
vn 0.8093185 -0.55530393 -0.19141887
vn 0.8206103 -0.54498804 -0.17200832
vn 0.6533176 -0.7302252 -0.19986813
vn 0.44393337 -0.86497724 -0.23396075
vn 0.8422962 -0.5099739 -0.17453863
vn 0.6746856 -0.7027937 -0.22556663
vn 0.43548375 -0.8666337 -0.24351564
vn 0.85891896 -0.478442 -0.18262404
vn 0.691678 -0.6863677 -0.22467937
vn 0.4339475 -0.8739072 -0.2190338
vn 0.8765193 -0.4465304 -0.17979021
vn 0.72581786 -0.66361886 -0.18110348
vn 0.87462264 -0.44973266 -0.1810406
vn 0.45916346 -0.8730057 -0.16440769
vn 0.7466521 -0.652592 -0.12897412
vn 0.47365925 -0.87401116 -0.10840449
vn -0 0.99887615 -0.0473955
vn -0 0.99858415 -0.05319475
vn 0.0032349974 0.9992785 -0.037843365
vn 0.18278049 0.98290676 0.022034982
vn 0.2094208 0.97767353 0.017243188
vn -0 0.5363403 -0.8440019
vn 0.34934914 0.93698937 0.0024720258
vn 0.11493438 0.5582222 -0.8216923
vn 0.25041127 0.5338749 -0.8076335
vn 0.35090387 0.08941976 -0.9321323
vn 0.661439 0.14533164 -0.73578334
vn 0.6369761 -0.10324806 -0.76393795
vn 0.34901696 -0.10486379 -0.9312308
vn 0.20707409 -0.20216048 -0.9572103
vn 0.1324225 0.036287244 -0.9905289
vn -0.0067140907 0.030427037 -0.99951446
vn -0.0127265 -0.25422478 -0.9670614
vn 0.5721478 -0.38604027 -0.7236157
vn 0.2944179 -0.29338023 -0.9095307
vn 0.45193365 -0.52762216 -0.71928495
vn 0.24973902 -0.33793965 -0.9074289
vn 0.24012634 -0.5400401 -0.80665725
vn 0.26392868 -0.38930094 -0.8824887
vn 0.2972901 -0.6672166 -0.6829646
vn 0.1668489 -0.45904046 -0.87260723
vn 0.13877049 -0.7162535 -0.6839032
vn 0.22016561 -0.7397553 -0.6358374
vn 0.2186378 -0.7592506 -0.6129732
vn 0.21940039 -0.6286894 -0.7460651
vn 0.13608374 -0.6685163 -0.73114103
vn 0.10306237 -0.47878066 -0.87186426
vn -0 -0.7324988 -0.68076825
vn -0 -0.4878802 -0.8729106
vn 0.24189647 -0.90001607 -0.36257005
vn 0.14676483 -0.9251158 -0.35017252
vn -0.10306237 -0.47878066 -0.87186426
vn -0.13608374 -0.6685163 -0.73114103
vn -0.13877049 -0.7162535 -0.6839032
vn -0.1668489 -0.45904046 -0.87260723
vn -0.2972901 -0.6672166 -0.6829646
vn -0 -0.6922745 -0.72163427
vn -0 -0.81654894 -0.5772762
vn 0.13553597 -0.8007029 -0.583528
vn 0.15103926 -0.97777253 -0.14542376
vn -0 -0.9902991 -0.13895133
vn -0.26392868 -0.38930094 -0.8824887
vn -0.24012634 -0.5400401 -0.80665725
vn -0.45193365 -0.52762216 -0.71928495
vn -0.2944179 -0.29338023 -0.9095307
vn -0.5721478 -0.38604027 -0.7236157
vn -0 -0.94063 -0.33943376
vn -0.14676483 -0.9251158 -0.35017252
vn -0 -0.9995535 0.029877959
vn -0.15436377 -0.9877389 0.023316314
vn -0.21940039 -0.6286894 -0.7460651
vn -0.2186378 -0.7592506 -0.6129732
vn -0.13553597 -0.8007029 -0.583528
vn -0.15103926 -0.97777253 -0.14542376
vn -0.26872155 -0.95070356 -0.15476285
vn -0.15643899 -0.98248935 0.10120009
vn -0.24189647 -0.90001607 -0.36257005
vn -0.28541955 -0.88238347 -0.37407908
vn -0.2860252 -0.9581478 0.011932976
vn -0.344197 -0.9388968 0.0011597347
vn -0.22016561 -0.7397553 -0.6358374
vn -0.12720506 -0.6114876 -0.78096217
vn -0.3519132 -0.9337557 0.06524937
vn -0.4124292 -0.8998733 0.14188127
vn -0.24998537 -0.9681401 -0.01455781
vn -0.23832408 -0.9514041 -0.19501738
vn -0.32661203 -0.9326541 -0.15323482
vn -0.20902766 -0.8846366 -0.41680405
vn -0.24973902 -0.33793965 -0.9074289
vn -0.20707409 -0.20216048 -0.9572103
vn 0.0127265 -0.25422478 -0.9670614
vn 0.0067140907 0.030427037 -0.99951446
vn -0.1324225 0.036287244 -0.9905289
vn -0.35090387 0.08941976 -0.9321323
vn -0.34901696 -0.10486379 -0.9312308
vn -0.6369761 -0.10324806 -0.76393795
vn -0.661439 0.14533164 -0.73578334
vn 0.08383553 -0.46599373 -0.8808072
vn 0.096042685 -0.07873852 -0.992258
vn 0.039400537 0.0126045095 -0.99914396
vn 0.14426468 -0.38591644 -0.91118395
vn 0.03561617 -0.3329059 -0.9422872
vn -0.0067140907 0.030427037 -0.99951446
vn -0.0127265 -0.25422478 -0.9670614
vn 0.12720506 -0.6114876 -0.78096217
vn 0.20505728 -0.6163316 -0.76032025
vn 0.16776706 -0.6312399 -0.75722545
vn 0.15299416 -0.8524396 -0.4999396
vn 0.20902766 -0.8846366 -0.41680405
vn 0.23832408 -0.9514041 -0.19501738
vn 0.13706185 -0.619815 -0.7726858
vn 0.06534083 -0.80197406 -0.59377456
vn 0.14954312 -0.9518572 -0.26759064
vn 0.13864943 -0.98357785 -0.11554628
vn 0.24998537 -0.9681401 -0.01455781
vn 0.4124292 -0.8998733 0.14188127
vn 0.16223791 -0.98041624 0.11163774
vn 0.08572876 -0.96108377 -0.2626187
vn 0.0690339 -0.99366695 -0.08865759
vn 0.21766376 -0.8889361 0.4030076
vn -0.0011291978 -0.94440603 0.32877964
vn 0.05203547 -0.8288136 0.5571
vn 0.33223224 -0.8168775 0.47152197
vn 0.3499629 -0.79929614 0.4885198
vn 0.7363592 -0.66082495 0.14520876
vn 0.77502835 -0.6247531 0.0949444
vn 0.6082164 -0.7888899 0.08789519
vn 0.7121929 -0.5203805 -0.4711533
vn 0.5217621 -0.8508848 0.061313752
vn 0.4583623 -0.6171518 -0.6395526
vn 0.26539508 -0.65820783 -0.7045055
vn 0.0690339 -0.99366695 -0.08865759
vn 0.012482322 -0.9635193 -0.26734754
vn 0.08572876 -0.96108377 -0.2626187
vn 0.011658291 -0.99476963 -0.10147597
vn -0.0011291978 -0.94440603 0.32877964
vn 0.03756884 -0.970564 -0.2378953
vn 0.0643646 -0.82297564 -0.56441855
vn -0.011841345 -0.9371448 0.34873983
vn 0.05203547 -0.8288136 0.5571
vn 0.012848557 -0.9958395 -0.09021457
vn -0.036866922 -0.9322936 0.3598187
vn 0.094823144 -0.83158714 -0.5472397
vn 0.08414245 -0.45690843 -0.88552517
vn -0.04590079 -0.7912698 0.6097419
vn -0.08676641 -0.6307732 0.771101
vn -0.19434422 -0.03778238 0.9802054
vn -0.1695965 0.6771042 0.7160775
vn 0.28193414 0.95829535 0.046724528
vn 0.026734687 -0.9681253 -0.24903543
vn 0.047854792 -0.8209172 -0.5690386
vn 0.068606354 -0.46071246 -0.88489383
vn 0.009765938 -0.99600357 -0.08877848
vn 0.077397086 0.021790821 -0.99676216
vn 0.09784431 0.008240163 -0.9951676
vn -0.05856646 -0.9385282 0.34019816
vn 0.062319864 0.6832906 -0.72748214
vn 0.07327604 0.6744082 -0.7347137
vn -0.116402306 -0.7791385 0.61594945
vn -0.14475375 -0.6372462 0.7569435
vn 0.09448611 -0.969093 -0.22788367
vn 0.07715238 -0.9953511 -0.057650644
vn 0.031404056 -0.94206065 0.33396947
vn -0.020630935 -0.7970378 0.60357696
vn 0.11337871 -0.83106744 -0.5444925
vn 0.10803903 -0.5100113 -0.8533557
vn 0.09851677 0.016724655 -0.9949949
vn 0.09705185 0.6910824 -0.71623045
vn 0.08453934 -0.9271555 0.36501464
vn 0.07306197 -0.99732345 -0.0028382472
vn 0.06903518 -0.96594316 -0.24937508
vn 0.081883036 -0.8408347 -0.5350628
vn 0.09491612 -0.5560986 -0.82567865
vn 0.11078259 0.0034180854 -0.99383885
vn 0.09595189 -0.7807994 0.61736983
vn 0.09274763 0.92100626 -0.3783456
vn 0.09347919 0.6537134 -0.75094634
vn 0.036134593 0.9213406 -0.3870735
vn 0.032563537 0.9140679 -0.40425172
vn 0.0735826 0.91225946 -0.40294945
vn 0.028047008 -0.51296425 -0.8579516
vn 0.053042844 0.026857138 -0.998231
vn 0.02346937 0.6397769 -0.76820225
vn -0.0039980304 -0.8100132 -0.5863981
vn -0 -0.95378447 -0.30049157
vn 0.04056035 -0.9991763 -0.0012512974
vn 0.110722125 -0.92090404 0.37373295
vn 0.75794524 -0.02676537 -0.65176886
vn 0.74659497 -0.421808 -0.51446474
vn 0.68729115 -0.6466091 -0.3309496
vn 0.6836322 -0.72535205 -0.08069301
vn 0.7600636 0.40792686 -0.5058647
vn 0.6739465 -0.73000956 0.113499396
vn 0.94656783 -0.098453306 0.3071096
vn 0.94928014 -0.06644107 0.3073319
vn 0.9384841 -0.20969477 0.27436417
vn 0.95604146 -0.051119503 0.28874126
vn 0.96635836 -0.028657481 0.2555979
vn 0.93014044 -0.30079943 0.21061453
vn 0.972955 -0.022126485 0.22993234
vn 0.7912718 0.5619504 -0.2410408
vn 0.92773205 -0.32341525 0.18632162
vn 0.67718977 -0.64679265 0.3508178
vn 0.9766049 -0.022645025 0.21384595
vn -0.001037664 0.9061858 -0.4228786
vn 0.81196344 0.5825811 -0.036256813
vn 0.94799495 -0.29106393 0.12879206
vn 0.17390032 -0.7542598 0.6331278
vn 0.6980925 -0.5247444 0.48714492
vn 0.98632425 -0.08063211 0.14374612
vn 0.070590585 0.9157244 -0.39555752
vn 0.024598327 0.9837805 -0.17768171
vn 0.77627504 0.6021655 0.18653063
vn 0.9779335 -0.2081729 0.017609699
vn 0.13114119 -0.60049653 0.7888003
vn 0.24784417 -0.553949 0.79480433
vn 0.0990652 0.9747515 -0.20011415
vn 0.077242985 0.9820633 -0.17200375
vn 0.1438052 0.9635132 0.22574852
vn 0.7905171 0.3336396 0.51358277
vn 0.9713209 -0.23777175 0.00051881914
vn 0.024537057 0.9722961 -0.23246112
vn 0.09351182 0.9688118 0.2294763
vn 0.153025 0.9584664 0.24067715
vn 0.30708542 0.58066064 0.75401044
vn 0.7839257 -0.16358492 0.5989161
vn 0.9765562 -0.2098201 0.0480984
vn 0.043642513 0.9657813 -0.25565964
vn -0.030610736 0.9821682 0.18549557
vn 0.046908256 0.63675594 0.7696372
vn 0.22660843 0.5840546 0.7794414
vn 0.34081015 -0.096410796 0.93517554
vn 0.71257013 -0.4620658 0.52795744
vn 0.2122894 -0.104252525 0.97162986
vn 0.0014649014 -0.08285848 0.99656016
vn -0.040133275 -0.6445129 0.7635394
vn -0.18015331 -0.07873887 0.98048204
vn -0.12650245 0.6585452 0.7418324
vn -0.15723237 0.6701298 0.72539914
vn -0.03344896 0.9850353 0.16907597
vn -0.01043749 0.9901882 0.13934964
vn 0.08704027 0.95069826 -0.29765207
vn 0.25556546 0.9170326 -0.30616584
vn 0.20783709 0.8723359 -0.44253123
vn 0.0735826 0.91225946 -0.40294945
vn 0.25556546 0.9170326 -0.30616584
vn 0.13266772 0.58035636 -0.8034835
vn 0.11054087 0.6531738 -0.749096
vn 0.096042685 -0.07873852 -0.992258
vn 0.07327604 0.6744082 -0.7347137
vn 0.09817901 -0.022553403 -0.9949132
vn 0.08383553 -0.46599373 -0.8808072
vn 0.09784431 0.008240163 -0.9951676
vn 0.060733177 -0.45183656 -0.890031
vn 0.06534083 -0.80197406 -0.59377456
vn 0.08414245 -0.45690843 -0.88552517
vn 0.009979704 -0.80121464 -0.59829396
vn 0.08572876 -0.96108377 -0.2626187
vn 0.0643646 -0.82297564 -0.56441855
vn 0.012482322 -0.9635193 -0.26734754
vn 0.8731846 -0.47097218 -0.12543389
vn 0.84246427 -0.123055205 -0.5245106
vn 0.9761969 -0.1381618 -0.16718583
vn 0.7684055 -0.4469802 -0.45799753
vn 0.5780603 -0.08075327 -0.8119885
vn 0.73787916 -0.6657942 -0.110691026
vn 0.5481211 -0.31559688 -0.774572
vn 0.6371831 -0.6058092 -0.4764377
vn 0.52167046 -0.84240025 -0.1349879
vn 0.43966246 -0.4202521 -0.793779
vn 0.45308545 -0.7068511 -0.5432081
vn 0.1966022 -0.9634178 -0.18213627
vn 0.27247524 -0.4232095 -0.8640896
vn 0.12387731 -0.7646578 -0.6324183
vn -0.043947943 -0.97540015 -0.21601635
vn 0.017182445 -0.3785021 -0.92544097
vn -0.13074456 -0.7322184 -0.66840255
vn -0.16861948 -0.29231447 -0.9413393
vn -0 -0.972969 -0.23093556
vn -0 -0.73362994 -0.6795492
vn -0 -0.31877193 -0.94783145
vn 0.16861948 -0.29231447 -0.9413393
vn 0.13074456 -0.7322184 -0.66840255
vn 0.043947943 -0.97540015 -0.21601635
vn -0.017182445 -0.3785021 -0.92544097
vn -0.12387731 -0.7646578 -0.6324183
vn -0.1966022 -0.9634178 -0.18213627
vn -0.27247524 -0.4232095 -0.8640896
vn -0.45308545 -0.7068511 -0.5432081
vn -0.52167046 -0.84240025 -0.1349879
vn -0.43966246 -0.4202521 -0.793779
vn -0.6371831 -0.6058092 -0.4764377
vn -0.73787916 -0.6657942 -0.110691026
vn -0.5481211 -0.31559688 -0.774572
vn -0.7684055 -0.4469802 -0.45799753
vn -0.5780603 -0.08075327 -0.8119885
vn -0.8731846 -0.47097218 -0.12543389
vn -0.84246427 -0.123055205 -0.5245106
vn -0.9761969 -0.1381618 -0.16718583
vn 0.84246427 -0.123055205 -0.5245106
vn 0.5780603 -0.08075327 -0.8119885
vn 0.4986833 0.14429466 -0.8546895
vn 0.8014071 0.21815218 -0.5569167
vn 0.9761969 -0.1381618 -0.16718583
vn 0.29563707 0.30659336 -0.9047648
vn 0.94938886 0.24790685 -0.19288085
vn 0.5557511 0.54909796 -0.62420523
vn 0.06885192 0.3684615 -0.9270898
vn 0.7300831 0.64917636 -0.21342158
vn 0.17594264 0.7364871 -0.65316993
vn 0.015686853 0.3649482 -0.9308957
vn 0.28071463 0.9324195 -0.22758092
vn 0.05118121 0.770648 -0.6352024
vn 0.048006274 0.345871 -0.9370532
vn 0.052859895 0.9692404 -0.2403721
vn 0.073552474 0.7671127 -0.63728184
vn 0.07693778 0.96292776 -0.2585549
vn -0 0.34535745 -0.93847126
vn -0 0.75910145 -0.65097225
vn -0 0.96810037 -0.25056285
vn -0.07693778 0.96292776 -0.2585549
vn -0.073552474 0.7671127 -0.63728184
vn -0.048006274 0.345871 -0.9370532
vn -0.052859895 0.9692404 -0.2403721
vn -0.05118121 0.770648 -0.6352024
vn -0.015686853 0.3649482 -0.9308957
vn -0.28071463 0.9324195 -0.22758092
vn -0.17594264 0.7364871 -0.65316993
vn -0.06885192 0.3684615 -0.9270898
vn -0.7300831 0.64917636 -0.21342158
vn -0.5557511 0.54909796 -0.62420523
vn -0.29563707 0.30659336 -0.9047648
vn -0.94938886 0.24790685 -0.19288085
vn -0.8014071 0.21815218 -0.5569167
vn -0.9761969 -0.1381618 -0.16718583
vn -0.4986833 0.14429466 -0.8546895
vn -0.84246427 -0.123055205 -0.5245106
vn -0.5780603 -0.08075327 -0.8119885
vn 0.015686853 0.3649482 -0.9308957
vn 0.07651256 0.2632008 -0.96170217
vn 0.036043618 0.2480326 -0.96808094
vn 0.048006274 0.345871 -0.9370532
vn -0 0.25412974 -0.9671701
vn -0 0.34535745 -0.93847126
vn 0.29563707 0.30659336 -0.9047648
vn 0.07651256 0.2632008 -0.96170217
vn 0.06885192 0.3684615 -0.9270898
vn 0.23987861 0.24677588 -0.93891424
vn 0.4986833 0.14429466 -0.8546895
vn 0.42449415 0.1320879 -0.895744
vn 0.5780603 -0.08075327 -0.8119885
vn 0.5126308 -0.046572283 -0.85734504
vn 0.5481211 -0.31559688 -0.774572
vn 0.50094295 -0.2638084 -0.82429445
vn 0.43966246 -0.4202521 -0.793779
vn 0.36543652 -0.34840685 -0.8631737
vn 0.27247524 -0.4232095 -0.8640896
vn 0.19898567 -0.35594624 -0.91307557
vn 0.017182445 -0.3785021 -0.92544097
vn -0.021637896 -0.27662325 -0.96073484
vn -0.16861948 -0.29231447 -0.9413393
vn -0 -0.22950198 -0.97330815
vn -0 -0.31877193 -0.94783145
vn -0 -0.18390526 -0.98294395
vn 0.46436924 -0.24473263 -0.85115635
vn 0.46436924 -0.24473263 -0.85115635
vn 0.46436924 -0.24473263 -0.85115635
vn 0.46436924 -0.24473263 -0.85115635
vn 0.93358856 -0.26454517 -0.24171923
vn 0.93358856 -0.26454517 -0.24171923
vn 0.93358856 -0.26454517 -0.24171923
vn 0.93358856 -0.26454517 -0.24171923
vn 0.8478572 -0.12656283 0.5148982
vn 0.8478572 -0.12656283 0.5148982
vn 0.8478572 -0.12656283 0.5148982
vn 0.8478572 -0.12656283 0.5148982
vn 0.26710653 0.083682284 0.96002674
vn 0.26710653 0.083682284 0.96002674
vn 0.26710653 0.083682284 0.96002674
vn 0.26710653 0.083682284 0.96002674
vn -0.46431446 0.24476694 0.8511764
vn -0.46431446 0.24476694 0.8511764
vn -0.46431446 0.24476694 0.8511764
vn -0.46431446 0.24476694 0.8511764
vn -0.9335887 0.26454157 0.24172293
vn -0.9335887 0.26454157 0.24172293
vn -0.9335887 0.26454157 0.24172293
vn -0.9335887 0.26454157 0.24172293
vn 0.24866414 0.9683953 0.019407755
vn 0.24866414 0.9683953 0.019407755
vn 0.24866414 0.9683953 0.019407755
vn 0.24866414 0.9683953 0.019407755
vn 0.24866414 0.9683953 0.019407755
vn 0.24866414 0.9683953 0.019407755
vn 0.24866414 0.9683953 0.019407755
vn 0.24866414 0.9683953 0.019407755
vn -0.8478584 0.1265598 -0.51489663
vn -0.8478584 0.1265598 -0.51489663
vn -0.8478584 0.1265598 -0.51489663
vn -0.8478584 0.1265598 -0.51489663
vn -0.26714867 -0.08362182 -0.96002036
vn -0.26714867 -0.08362182 -0.96002036
vn -0.26714867 -0.08362182 -0.96002036
vn -0.26714867 -0.08362182 -0.96002036
vn -0.8512522 0.51468223 -0.10233216
vn -0.35456768 0.49059004 0.79599196
vn -0.28812993 0.59756213 0.74826497
vn -0.6575376 0.75040764 -0.067325495
vn -0.8541634 0.5099711 -0.10165851
vn -0.39245075 0.9189738 -0.03833254
vn -0.20838085 0.6487029 0.7319576
vn -0.431449 0.90092486 -0.046755314
vn -0.6785206 0.73366785 -0.036622353
vn -0.84843206 0.5139728 -0.12647131
vn -0.68808913 0.7109481 -0.14521103
vn -0.42913458 0.8887887 -0.1609293
vn -0.85005724 0.49264437 -0.18629052
vn -0.41567796 0.8823238 -0.2207183
vn -0.71378654 0.6611712 -0.23100096
vn -0.7455472 0.6288122 -0.22080453
vn -0.42088893 0.8903948 -0.1733485
vn -0.8547637 0.47107068 -0.21787973
vn -0.42146352 0.8999665 -0.11148488
vn -0.7538302 0.61981934 -0.21809192
vn -0.8769182 0.42834187 -0.21803164
vn -0.37710068 0.9247756 -0.05084572
vn -0.7358875 0.6370652 -0.22938497
vn -0.88829845 0.38329345 -0.25300607
vn -0.7134802 0.65286887 -0.25437835
vn -0.89954686 0.3311614 -0.28486416
vn -0.5733074 0.79472584 -0.19932237
vn -0.324753 0.9380023 -0.121191055
vn -0.7081675 0.6511576 -0.2729332
vn -0.9160615 0.29099968 -0.27595377
vn -0.5733074 0.79472584 -0.19932237
vn -0.324753 0.9380023 -0.121191055
vn -0.2812006 0.9410485 -0.18802658
vn -0.039400537 0.0126045095 -0.99914396
vn -0.13266772 0.58035636 -0.8034835
vn -0.096042685 -0.07873852 -0.992258
vn -0.039309204 0.4420149 -0.89614606
vn 0.0067140907 0.030427037 -0.99951446
vn -0.029115196 0.3556693 -0.9341583
vn -0.15400039 0.65311307 -0.74143595
vn -0.18485647 0.7109817 -0.6784785
vn -0.24363773 0.80739516 -0.53735805
vn -0.31688187 0.8265236 -0.46523616
vn -0.20783709 0.8723359 -0.44253123
vn -0.38588414 0.8651264 -0.32039005
vn -0.25556546 0.9170326 -0.30616584
vn -0.3177715 0.86965996 -0.37777334
vn -0.28193414 0.95829535 0.046724528
vn -0.49235654 0.8692002 -0.045564268
vn -0.3288719 0.9276837 -0.17676559
vn -0.3801201 0.92339736 0.05334805
vn -0.549183 0.83001566 0.09732397
vn -0.46672767 0.7721927 0.43114245
vn -0.8539026 0.51846373 0.045229767
vn -0.8208994 0.56862956 0.052767307
vn -0.55285686 0.8327492 0.029634228
vn -0.4074925 0.9128296 0.02630756
vn -0.7512604 0.33214036 -0.57034266
vn -0.25041127 0.5338749 -0.8076335
vn -0.41313592 0.46950457 -0.7803103
vn -0.029115196 0.3556693 -0.9341583
vn -0.10379501 0.6763613 -0.72922015
vn -0.15400039 0.65311307 -0.74143595
vn -0.048707984 0.3341502 -0.94126046
vn 0.0067140907 0.030427037 -0.99951446
vn -0.25331023 0.3207884 -0.91264933
vn -0.1324225 0.036287244 -0.9905289
vn -0.35090387 0.08941976 -0.9321323
vn -0.661439 0.14533164 -0.73578334
vn -0.49887168 0.30205142 -0.8123374
vn -0.117651895 0.6462766 -0.7539792
vn -0.053683605 0.8686428 -0.49252185
vn 0.11755913 0.7891294 -0.602872
vn -0.015320571 0.9242089 -0.3815799
vn 0.1073347 0.8487896 -0.51772135
vn 0.0067141606 0.9872257 -0.15918665
vn 0.083470285 0.9271458 -0.3652855
vn -0 0.98198205 -0.18897417
vn 0.036134575 0.9958677 -0.08331706
vn -0 0.99524975 -0.09735508
vn -0.0031434726 0.99934965 -0.03592104
vn -0.17316493 0.9848793 0.0051577142
vn -0.07770166 0.97148436 -0.22401029
vn -0.17316493 0.9848793 0.0051577142
vn -0.3288719 0.9276837 -0.17676559
vn -0.17316493 0.9848793 0.0051577142
vn -0.122472286 0.92429495 -0.36149618
vn -0.3177715 0.86965996 -0.37777334
vn -0.17557728 0.82505757 -0.53707784
vn -0.24363773 0.80739516 -0.53735805
vn -0.15400039 0.65311307 -0.74143595
vn -0.8269711 -0.5006018 -0.25596216
vn -0.46331063 -0.5140944 0.72183806
vn -0.6253718 -0.31077847 0.7157701
vn -0.6033896 -0.7664522 -0.22016351
vn -0.81471246 -0.5166916 -0.2631984
vn -0.43227428 -0.8803881 -0.1950789
vn -0.32469785 -0.658399 0.67903024
vn -0.4348993 -0.8622299 -0.2596578
vn -0.59692985 -0.7631693 -0.2474822
vn -0.4447585 -0.8646438 -0.23362564
vn -0.79370755 -0.5545607 -0.24998112
vn -0.6102895 -0.7561401 -0.23621748
vn -0.43972173 -0.87294286 -0.21122392
vn -0.63023144 -0.75325626 -0.18818435
vn -0.8093185 -0.55530393 -0.19141887
vn -0.8206103 -0.54498804 -0.17200832
vn -0.6533176 -0.7302252 -0.19986813
vn -0.44393337 -0.86497724 -0.23396075
vn -0.8422962 -0.5099739 -0.17453863
vn -0.6746856 -0.7027937 -0.22556663
vn -0.43548375 -0.8666337 -0.24351564
vn -0.85891896 -0.478442 -0.18262404
vn -0.691678 -0.6863677 -0.22467937
vn -0.4339475 -0.8739072 -0.2190338
vn -0.8765193 -0.4465304 -0.17979021
vn -0.72581786 -0.66361886 -0.18110348
vn -0.87462264 -0.44973266 -0.1810406
vn -0.45916346 -0.8730057 -0.16440769
vn -0.7466521 -0.652592 -0.12897412
vn -0.47365925 -0.87401116 -0.10840449
vn -0 0.99887615 -0.0473955
vn -0.0032349974 0.9992785 -0.037843365
vn -0 0.99858415 -0.05319475
vn -0.18278039 0.9829062 0.022065492
vn -0.2094208 0.97767353 0.017243188
vn -0 0.5363403 -0.8440019
vn -0.34934914 0.93698937 0.0024720258
vn -0.11493438 0.5582222 -0.8216923
vn -0.25041127 0.5338749 -0.8076335
vn -0.08383553 -0.46599373 -0.8808072
vn -0.039400537 0.0126045095 -0.99914396
vn -0.096042685 -0.07873852 -0.992258
vn -0.14426468 -0.38591644 -0.91118395
vn -0.03561617 -0.3329059 -0.9422872
vn 0.0067140907 0.030427037 -0.99951446
vn 0.0127265 -0.25422478 -0.9670614
vn -0.12720506 -0.6114876 -0.78096217
vn -0.20505728 -0.6163316 -0.76032025
vn -0.16776706 -0.6312399 -0.75722545
vn -0.15299416 -0.8524396 -0.4999396
vn -0.20902766 -0.8846366 -0.41680405
vn -0.23832408 -0.9514041 -0.19501738
vn -0.13706185 -0.619815 -0.7726858
vn -0.06534083 -0.80197406 -0.59377456
vn -0.14954312 -0.9518572 -0.26759064
vn -0.13864943 -0.98357785 -0.11554628
vn -0.24998537 -0.9681401 -0.01455781
vn -0.4124292 -0.8998733 0.14188127
vn -0.16223791 -0.98041624 0.11163774
vn -0.08572876 -0.96108377 -0.2626187
vn -0.0690339 -0.99366695 -0.08865759
vn -0.21766376 -0.8889361 0.4030076
vn 0.0011291978 -0.94440603 0.32877964
vn -0.05203547 -0.8288136 0.5571
vn -0.33223224 -0.8168775 0.47152197
vn -0.3499629 -0.79929614 0.4885198
vn -0.7363592 -0.66082495 0.14520876
vn -0.77502835 -0.6247531 0.0949444
vn -0.6082164 -0.7888899 0.08789519
vn -0.7121929 -0.5203805 -0.4711533
vn -0.5217621 -0.8508848 0.061313752
vn -0.4583623 -0.6171518 -0.6395526
vn -0.26539508 -0.65820783 -0.7045055
vn -0.0690339 -0.99366695 -0.08865759
vn -0.08572876 -0.96108377 -0.2626187
vn -0.012482322 -0.9635193 -0.26734754
vn -0.011658291 -0.99476963 -0.10147597
vn 0.0011291978 -0.94440603 0.32877964
vn -0.03756884 -0.970564 -0.2378953
vn -0.0643646 -0.82297564 -0.56441855
vn 0.011841345 -0.9371448 0.34873983
vn -0.05203547 -0.8288136 0.5571
vn -0.012848557 -0.9958395 -0.09021457
vn 0.036866922 -0.9322936 0.3598187
vn -0.094823144 -0.83158714 -0.5472397
vn -0.08414245 -0.45690843 -0.88552517
vn 0.04590079 -0.7912698 0.6097419
vn 0.08676641 -0.6307732 0.771101
vn 0.19434422 -0.03778238 0.9802054
vn 0.1695965 0.6771042 0.7160775
vn -0.28193414 0.95829535 0.046724528
vn -0.026734687 -0.9681253 -0.24903543
vn -0.047854792 -0.8209172 -0.5690386
vn -0.068606354 -0.46071246 -0.88489383
vn -0.009765938 -0.99600357 -0.08877848
vn -0.077397086 0.021790821 -0.99676216
vn -0.09784431 0.008240163 -0.9951676
vn 0.05856646 -0.9385282 0.34019816
vn -0.062319864 0.6832906 -0.72748214
vn -0.07327604 0.6744082 -0.7347137
vn 0.116402306 -0.7791385 0.61594945
vn 0.14475375 -0.6372462 0.7569435
vn -0.09448611 -0.969093 -0.22788367
vn -0.07715238 -0.9953511 -0.057650644
vn -0.031404056 -0.94206065 0.33396947
vn 0.020630935 -0.7970378 0.60357696
vn -0.11337871 -0.83106744 -0.5444925
vn -0.10803903 -0.5100113 -0.8533557
vn -0.09851677 0.016724655 -0.9949949
vn -0.09705185 0.6910824 -0.71623045
vn -0.08453934 -0.9271555 0.36501464
vn -0.07306197 -0.99732345 -0.0028382472
vn -0.06903518 -0.96594316 -0.24937508
vn -0.081883036 -0.8408347 -0.5350628
vn -0.09491612 -0.5560986 -0.82567865
vn -0.11078259 0.0034180854 -0.99383885
vn -0.09595189 -0.7807994 0.61736983
vn -0.09274763 0.92100626 -0.3783456
vn -0.09347919 0.6537134 -0.75094634
vn -0.036134593 0.9213406 -0.3870735
vn -0.032563537 0.9140679 -0.40425172
vn -0.0735826 0.91225946 -0.40294945
vn -0.028047008 -0.51296425 -0.8579516
vn -0.053042844 0.026857138 -0.998231
vn -0.02346937 0.6397769 -0.76820225
vn 0.0039980304 -0.8100132 -0.5863981
vn -0 -0.95378447 -0.30049157
vn -0.04056035 -0.9991763 -0.0012512974
vn -0.110722125 -0.92090404 0.37373295
vn -0.75794524 -0.02676537 -0.65176886
vn -0.74659497 -0.421808 -0.51446474
vn -0.68729115 -0.6466091 -0.3309496
vn -0.6836322 -0.72535205 -0.08069301
vn -0.7600636 0.40792686 -0.5058647
vn -0.6739465 -0.73000956 0.113499396
vn -0.94656783 -0.098453306 0.3071096
vn -0.94928014 -0.06644107 0.3073319
vn -0.9384841 -0.20969477 0.27436417
vn -0.95604146 -0.051119503 0.28874126
vn -0.96635836 -0.028657481 0.2555979
vn -0.93014044 -0.30079943 0.21061453
vn -0.972955 -0.022126485 0.22993234
vn -0.7912718 0.5619504 -0.2410408
vn -0.92773205 -0.32341525 0.18632162
vn -0.67718977 -0.64679265 0.3508178
vn -0.9766049 -0.022645025 0.21384595
vn 0.001037664 0.9061858 -0.4228786
vn -0.81196344 0.5825811 -0.036256813
vn -0.94799495 -0.29106393 0.12879206
vn -0.17390032 -0.7542598 0.6331278
vn -0.6980925 -0.5247444 0.48714492
vn -0.98632425 -0.08063211 0.14374612
vn -0.070590585 0.9157244 -0.39555752
vn -0.024598327 0.9837805 -0.17768171
vn -0.77627504 0.6021655 0.18653063
vn -0.9779335 -0.2081729 0.017609699
vn -0.13114119 -0.60049653 0.7888003
vn -0.24784417 -0.553949 0.79480433
vn -0.71257013 -0.4620658 0.52795744
vn -0.9765562 -0.2098201 0.0480984
vn -0.7905171 0.3336396 0.51358277
vn -0.9713209 -0.23777175 0.00051881914
vn -0.7839257 -0.16358492 0.5989161
vn 0.040133275 -0.6445129 0.7635394
vn -0.2122894 -0.104252525 0.97162986
vn -0.34081015 -0.096410796 0.93517554
vn -0.1438052 0.9635132 0.22574852
vn -0.30708542 0.58066064 0.75401044
vn 0.18015331 -0.07873887 0.98048204
vn -0.0014649014 -0.08285848 0.99656016
vn -0.22660843 0.5840546 0.7794414
vn -0.077242985 0.9820633 -0.17200375
vn -0.153025 0.9584664 0.24067715
vn 0.15723237 0.6701298 0.72539914
vn 0.12650245 0.6585452 0.7418324
vn -0.046908256 0.63675594 0.7696372
vn -0.0990652 0.9747515 -0.20011415
vn -0.09351182 0.9688118 0.2294763
vn -0.024537057 0.9722961 -0.23246112
vn 0.030610736 0.9821682 0.18549557
vn -0.043642513 0.9657813 -0.25565964
vn 0.03344896 0.9850353 0.16907597
vn 0.01043749 0.9901882 0.13934964
vn -0.08704027 0.95069826 -0.29765207
vn -0.25556546 0.9170326 -0.30616584
vn -0.20783709 0.8723359 -0.44253123
vn -0.25556546 0.9170326 -0.30616584
vn -0.0735826 0.91225946 -0.40294945
vn -0.13266772 0.58035636 -0.8034835
vn -0.11054087 0.6531738 -0.749096
vn -0.096042685 -0.07873852 -0.992258
vn -0.07327604 0.6744082 -0.7347137
vn -0.09817901 -0.022553403 -0.9949132
vn -0.08383553 -0.46599373 -0.8808072
vn -0.09784431 0.008240163 -0.9951676
vn -0.060733177 -0.45183656 -0.890031
vn -0.06534083 -0.80197406 -0.59377456
vn -0.08414245 -0.45690843 -0.88552517
vn -0.009979704 -0.80121464 -0.59829396
vn -0.08572876 -0.96108377 -0.2626187
vn -0.0643646 -0.82297564 -0.56441855
vn -0.012482322 -0.9635193 -0.26734754
vn -0.015686853 0.3649482 -0.9308957
vn -0.036043618 0.2480326 -0.96808094
vn -0.07651256 0.2632008 -0.96170217
vn -0.048006274 0.345871 -0.9370532
vn -0 0.25412974 -0.9671701
vn -0 0.34535745 -0.93847126
vn -0.29563707 0.30659336 -0.9047648
vn -0.06885192 0.3684615 -0.9270898
vn -0.07651256 0.2632008 -0.96170217
vn -0.23987861 0.24677588 -0.93891424
vn -0.4986833 0.14429466 -0.8546895
vn -0.42449415 0.1320879 -0.895744
vn -0.5780603 -0.08075327 -0.8119885
vn -0.5126308 -0.046572283 -0.85734504
vn -0.5481211 -0.31559688 -0.774572
vn -0.50094295 -0.2638084 -0.82429445
vn -0.43966246 -0.4202521 -0.793779
vn -0.36543652 -0.34840685 -0.8631737
vn -0.27247524 -0.4232095 -0.8640896
vn -0.19898567 -0.35594624 -0.91307557
vn -0.017182445 -0.3785021 -0.92544097
vn 0.021637896 -0.27662325 -0.96073484
vn 0.16861948 -0.29231447 -0.9413393
vn -0 -0.22950198 -0.97330815
vn -0 -0.31877193 -0.94783145
vn -0 -0.18390526 -0.98294395
vn -0.46436954 -0.24473281 -0.8511562
vn -0.46436954 -0.24473281 -0.8511562
vn -0.46436954 -0.24473281 -0.8511562
vn -0.46436954 -0.24473281 -0.8511562
vn -0.93358856 -0.26454535 -0.24171914
vn -0.93358856 -0.26454535 -0.24171914
vn -0.93358856 -0.26454535 -0.24171914
vn -0.93358856 -0.26454535 -0.24171914
vn -0.84785706 -0.12656294 0.5148982
vn -0.84785706 -0.12656294 0.5148982
vn -0.84785706 -0.12656294 0.5148982
vn -0.84785706 -0.12656294 0.5148982
vn -0.26710692 0.08368237 0.9600266
vn -0.26710692 0.08368237 0.9600266
vn -0.26710692 0.08368237 0.9600266
vn -0.26710692 0.08368237 0.9600266
vn 0.46431437 0.24476701 0.8511764
vn 0.46431437 0.24476701 0.8511764
vn 0.46431437 0.24476701 0.8511764
vn 0.46431437 0.24476701 0.8511764
vn 0.93358856 0.2645417 0.24172296
vn 0.93358856 0.2645417 0.24172296
vn 0.93358856 0.2645417 0.24172296
vn 0.93358856 0.2645417 0.24172296
vn -0.24866411 0.9683953 0.019408738
vn -0.24866411 0.9683953 0.019408738
vn -0.24866411 0.9683953 0.019408738
vn -0.24866411 0.9683953 0.019408738
vn -0.24866411 0.9683953 0.019408738
vn -0.24866411 0.9683953 0.019408738
vn -0.24866411 0.9683953 0.019408738
vn -0.24866411 0.9683953 0.019408738
vn 0.8478587 0.12655962 -0.51489633
vn 0.8478587 0.12655962 -0.51489633
vn 0.8478587 0.12655962 -0.51489633
vn 0.8478587 0.12655962 -0.51489633
vn 0.26714885 -0.08362179 -0.96002024
vn 0.26714885 -0.08362179 -0.96002024
vn 0.26714885 -0.08362179 -0.96002024
vn 0.26714885 -0.08362179 -0.96002024
g 02_Cloth_10_0
f 3/3/3 2/2/2 1/1/1
f 6/6/6 5/5/5 4/4/4
f 9/9/9 8/8/8 7/7/7
f 12/12/12 11/11/11 10/10/10
f 15/15/15 14/14/14 13/13/13
f 14/14/14 16/16/16 13/13/13
f 13/13/13 16/16/16 17/17/17
f 16/16/16 14/14/14 18/18/18
f 16/16/16 18/18/18 17/17/17
f 14/14/14 19/19/19 18/18/18
f 17/17/17 18/18/18 20/20/20
f 18/18/18 19/19/19 21/21/21
f 18/18/18 21/21/21 20/20/20
f 19/19/19 22/22/22 21/21/21
f 20/20/20 21/21/21 23/23/23
f 21/21/21 22/22/22 24/24/24
f 21/21/21 24/24/24 23/23/23
f 22/22/22 25/25/25 24/24/24
f 23/23/23 24/24/24 26/26/26
f 24/24/24 25/25/25 27/27/27
f 24/24/24 27/27/27 26/26/26
f 25/25/25 28/28/28 27/27/27
f 26/26/26 27/27/27 29/29/29
f 27/27/27 28/28/28 30/30/30
f 27/27/27 30/30/30 29/29/29
f 28/28/28 31/31/31 30/30/30
f 31/31/31 32/32/32 30/30/30
f 30/30/30 33/33/33 29/29/29
f 32/32/32 33/33/33 30/30/30
f 33/33/33 34/34/34 29/29/29
f 32/32/32 35/35/35 33/33/33
f 33/33/33 36/36/36 34/34/34
f 35/35/35 36/36/36 33/33/33
f 36/36/36 37/37/37 34/34/34
f 35/35/35 38/38/38 36/36/36
f 36/36/36 39/39/39 37/37/37
f 38/38/38 39/39/39 36/36/36
f 39/39/39 40/40/40 37/37/37
f 38/38/38 41/41/41 39/39/39
f 39/39/39 42/42/42 40/40/40
f 41/41/41 42/42/42 39/39/39
f 42/42/42 43/43/43 40/40/40
f 41/41/41 44/44/44 42/42/42
f 42/42/42 45/45/45 43/43/43
f 44/44/44 45/45/45 42/42/42
f 45/45/45 46/46/46 43/43/43
f 45/45/45 44/44/44 46/46/46
f 44/44/44 47/47/47 46/46/46
f 50/50/50 49/49/49 48/48/48
f 49/49/49 51/51/51 48/48/48
f 51/51/51 52/52/52 48/48/48
f 52/52/52 53/53/53 48/48/48
f 56/56/56 55/55/55 54/54/54
f 55/55/55 57/57/57 54/54/54
f 58/58/58 57/57/57 54/54/54
f 57/57/57 59/59/59 54/54/54
f 60/60/60 55/55/55 57/57/57
f 55/55/55 61/61/61 57/57/57
f 62/62/62 57/57/57 58/58/58
f 62/62/62 60/60/60 57/57/57
f 63/63/63 62/62/62 58/58/58
f 64/64/64 60/60/60 62/62/62
f 57/57/57 65/65/65 59/59/59
f 61/61/61 65/65/65 57/57/57
f 65/65/65 66/66/66 59/59/59
f 61/61/61 67/67/67 65/65/65
f 68/68/68 62/62/62 63/63/63
f 68/68/68 64/64/64 62/62/62
f 69/69/69 68/68/68 63/63/63
f 65/65/65 70/70/70 66/66/66
f 67/67/67 70/70/70 65/65/65
f 70/70/70 71/71/71 66/66/66
f 70/70/70 67/67/67 72/72/72
f 64/64/64 68/68/68 73/73/73
f 73/73/73 68/68/68 69/69/69
f 74/74/74 64/64/64 73/73/73
f 75/75/75 73/73/73 69/69/69
f 76/76/76 74/74/74 73/73/73
f 70/70/70 77/77/77 71/71/71
f 77/77/77 70/70/70 72/72/72
f 77/77/77 78/78/78 71/71/71
f 72/72/72 79/79/79 77/77/77
f 80/80/80 73/73/73 75/75/75
f 80/80/80 76/76/76 73/73/73
f 81/81/81 80/80/80 75/75/75
f 82/82/82 76/76/76 80/80/80
f 80/80/80 81/81/81 83/83/83
f 77/77/77 84/84/84 78/78/78
f 79/79/79 84/84/84 77/77/77
f 84/84/84 85/85/85 78/78/78
f 79/79/79 86/86/86 84/84/84
f 85/85/85 84/84/84 87/87/87
f 88/88/88 82/82/82 80/80/80
f 88/88/88 80/80/80 83/83/83
f 89/89/89 82/82/82 88/88/88
f 86/86/86 90/90/90 84/84/84
f 84/84/84 90/90/90 87/87/87
f 86/86/86 91/91/91 90/90/90
f 92/92/92 88/88/88 83/83/83
f 92/92/92 89/89/89 88/88/88
f 93/93/93 89/89/89 92/92/92
f 94/94/94 92/92/92 83/83/83
f 90/90/90 95/95/95 87/87/87
f 91/91/91 95/95/95 90/90/90
f 91/91/91 96/96/96 95/95/95
f 95/95/95 97/97/97 87/87/87
f 98/98/98 93/93/93 92/92/92
f 98/98/98 92/92/92 94/94/94
f 99/99/99 93/93/93 98/98/98
f 96/96/96 100/100/100 95/95/95
f 95/95/95 100/100/100 97/97/97
f 96/96/96 101/101/101 100/100/100
f 102/102/102 98/98/98 94/94/94
f 102/102/102 99/99/99 98/98/98
f 103/103/103 102/102/102 94/94/94
f 100/100/100 104/104/104 97/97/97
f 101/101/101 104/104/104 100/100/100
f 104/104/104 105/105/105 97/97/97
f 106/106/106 99/99/99 102/102/102
f 106/106/106 102/102/102 103/103/103
f 107/107/107 99/99/99 106/106/106
f 108/108/108 106/106/106 103/103/103
f 101/101/101 109/109/109 104/104/104
f 104/104/104 109/109/109 105/105/105
f 101/101/101 110/110/110 109/109/109
f 109/109/109 111/111/111 105/105/105
f 112/112/112 107/107/107 106/106/106
f 112/112/112 106/106/106 108/108/108
f 113/113/113 107/107/107 112/112/112
f 114/114/114 112/112/112 108/108/108
f 110/110/110 115/115/115 109/109/109
f 109/109/109 115/115/115 111/111/111
f 110/110/110 116/116/116 115/115/115
f 115/115/115 117/117/117 111/111/111
f 118/118/118 113/113/113 112/112/112
f 118/118/118 112/112/112 114/114/114
f 119/119/119 118/118/118 114/114/114
f 120/120/120 113/113/113 118/118/118
f 116/116/116 121/121/121 115/115/115
f 115/115/115 121/121/121 117/117/117
f 116/116/116 120/120/120 121/121/121
f 121/121/121 122/122/122 117/117/117
f 123/123/123 118/118/118 119/119/119
f 123/123/123 120/120/120 118/118/118
f 120/120/120 123/123/123 121/121/121
f 121/121/121 123/123/123 122/122/122
f 124/124/124 123/123/123 119/119/119
f 123/123/123 124/124/124 122/122/122
f 127/127/127 126/126/126 125/125/125
f 128/128/128 127/127/127 125/125/125
f 129/129/129 127/127/127 128/128/128
f 128/128/128 125/125/125 130/130/130
f 131/131/131 129/129/129 128/128/128
f 132/132/132 129/129/129 131/131/131
f 133/133/133 128/128/128 130/130/130
f 131/131/131 128/128/128 133/133/133
f 134/134/134 132/132/132 131/131/131
f 135/135/135 131/131/131 133/133/133
f 134/134/134 131/131/131 135/135/135
f 134/134/134 136/136/136 132/132/132
f 136/136/136 137/137/137 132/132/132
f 136/136/136 138/138/138 137/137/137
f 138/138/138 139/139/139 137/137/137
f 138/138/138 140/140/140 139/139/139
f 140/140/140 141/141/141 139/139/139
f 140/140/140 142/142/142 141/141/141
f 142/142/142 143/143/143 141/141/141
f 143/143/143 142/142/142 144/144/144
f 142/142/142 145/145/145 144/144/144
f 144/144/144 145/145/145 146/146/146
f 147/147/147 142/142/142 140/140/140
f 142/142/142 147/147/147 145/145/145
f 148/148/148 140/140/140 138/138/138
f 148/148/148 147/147/147 140/140/140
f 149/149/149 138/138/138 136/136/136
f 149/149/149 148/148/148 138/138/138
f 150/150/150 136/136/136 134/134/134
f 150/150/150 149/149/149 136/136/136
f 145/145/145 151/151/151 146/146/146
f 146/146/146 151/151/151 152/152/152
f 147/147/147 153/153/153 145/145/145
f 145/145/145 153/153/153 151/151/151
f 147/147/147 148/148/148 154/154/154
f 153/153/153 147/147/147 154/154/154
f 148/148/148 149/149/149 155/155/155
f 148/148/148 155/155/155 154/154/154
f 151/151/151 156/156/156 152/152/152
f 152/152/152 156/156/156 157/157/157
f 153/153/153 158/158/158 151/151/151
f 151/151/151 158/158/158 156/156/156
f 159/159/159 153/153/153 154/154/154
f 158/158/158 153/153/153 159/159/159
f 149/149/149 150/150/150 160/160/160
f 149/149/149 160/160/160 155/155/155
f 154/154/154 155/155/155 161/161/161
f 159/159/159 154/154/154 161/161/161
f 155/155/155 160/160/160 162/162/162
f 155/155/155 162/162/162 161/161/161
f 156/156/156 163/163/163 157/157/157
f 158/158/158 164/164/164 156/156/156
f 156/156/156 164/164/164 163/163/163
f 165/165/165 158/158/158 159/159/159
f 164/164/164 158/158/158 165/165/165
f 166/166/166 159/159/159 161/161/161
f 165/165/165 159/159/159 166/166/166
f 161/161/161 162/162/162 167/167/167
f 166/166/166 161/161/161 167/167/167
f 157/157/157 163/163/163 168/168/168
f 169/169/169 157/157/157 168/168/168
f 169/169/169 168/168/168 170/170/170
f 171/171/171 169/169/169 170/170/170
f 171/171/171 170/170/170 172/172/172
f 173/173/173 171/171/171 172/172/172
f 172/172/172 170/170/170 174/174/174
f 170/170/170 168/168/168 175/175/175
f 170/170/170 175/175/175 174/174/174
f 168/168/168 163/163/163 176/176/176
f 168/168/168 176/176/176 175/175/175
f 163/163/163 177/177/177 176/176/176
f 164/164/164 177/177/177 163/163/163
f 177/177/177 164/164/164 178/178/178
f 176/176/176 177/177/177 178/178/178
f 178/178/178 164/164/164 165/165/165
f 179/179/179 165/165/165 166/166/166
f 178/178/178 165/165/165 179/179/179
f 176/176/176 178/178/178 180/180/180
f 175/175/175 176/176/176 180/180/180
f 180/180/180 178/178/178 179/179/179
f 174/174/174 175/175/175 181/181/181
f 175/175/175 180/180/180 181/181/181
f 179/179/179 166/166/166 182/182/182
f 182/182/182 166/166/166 167/167/167
f 180/180/180 179/179/179 183/183/183
f 181/181/181 180/180/180 183/183/183
f 183/183/183 179/179/179 182/182/182
f 174/174/174 181/181/181 184/184/184
f 185/185/185 174/174/174 184/184/184
f 184/184/184 181/181/181 186/186/186
f 181/181/181 183/183/183 186/186/186
f 186/186/186 183/183/183 187/187/187
f 183/183/183 182/182/182 187/187/187
f 187/187/187 182/182/182 188/188/188
f 182/182/182 167/167/167 188/188/188
f 167/167/167 189/189/189 188/188/188
f 189/189/189 190/190/190 188/188/188
f 162/162/162 189/189/189 167/167/167
f 189/189/189 191/191/191 190/190/190
f 191/191/191 192/192/192 190/190/190
f 162/162/162 193/193/193 189/189/189
f 193/193/193 191/191/191 189/189/189
f 160/160/160 193/193/193 162/162/162
f 191/191/191 194/194/194 192/192/192
f 194/194/194 195/195/195 192/192/192
f 160/160/160 196/196/196 193/193/193
f 150/150/150 196/196/196 160/160/160
f 193/193/193 197/197/197 191/191/191
f 197/197/197 194/194/194 191/191/191
f 196/196/196 197/197/197 193/193/193
f 194/194/194 130/130/130 195/195/195
f 130/130/130 198/198/198 195/195/195
f 133/133/133 130/130/130 194/194/194
f 197/197/197 133/133/133 194/194/194
f 135/135/135 133/133/133 197/197/197
f 196/196/196 135/135/135 197/197/197
f 150/150/150 199/199/199 196/196/196
f 199/199/199 135/135/135 196/196/196
f 199/199/199 150/150/150 134/134/134
f 199/199/199 134/134/134 135/135/135
f 202/202/202 201/201/201 200/200/200
f 203/203/203 202/202/202 200/200/200
f 206/206/206 205/205/205 204/204/204
f 207/207/207 206/206/206 204/204/204
f 210/210/210 209/209/209 208/208/208
f 211/211/211 210/210/210 208/208/208
f 214/214/214 213/213/213 212/212/212
f 215/215/215 214/214/214 212/212/212
f 218/218/218 217/217/217 216/216/216
f 219/219/219 218/218/218 216/216/216
f 222/222/222 221/221/221 220/220/220
f 223/223/223 222/222/222 220/220/220
f 226/226/226 225/225/225 224/224/224
f 227/227/227 226/226/226 224/224/224
f 230/230/230 229/229/229 228/228/228
f 231/231/231 230/230/230 228/228/228
f 234/234/234 233/233/233 232/232/232
f 235/235/235 234/234/234 232/232/232
f 238/238/238 237/237/237 236/236/236
f 236/236/236 239/239/239 238/238/238
f 239/239/239 240/240/240 238/238/238
f 239/239/239 241/241/241 240/240/240
f 241/241/241 242/242/242 240/240/240
f 241/241/241 243/243/243 242/242/242
f 246/246/246 245/245/245 244/244/244
f 244/244/244 247/247/247 246/246/246
f 244/244/244 248/248/248 247/247/247
f 248/248/248 249/249/249 247/247/247
f 248/248/248 250/250/250 249/249/249
f 250/250/250 251/251/251 249/249/249
f 254/254/254 253/253/253 252/252/252
f 255/255/255 254/254/254 252/252/252
f 258/258/258 257/257/257 256/256/256
f 259/259/259 258/258/258 256/256/256
f 262/262/262 261/261/261 260/260/260
f 263/263/263 262/262/262 260/260/260
f 266/266/266 265/265/265 264/264/264
f 267/267/267 266/266/266 264/264/264
f 270/270/270 269/269/269 268/268/268
f 271/271/271 270/270/270 268/268/268
f 274/274/274 273/273/273 272/272/272
f 275/275/275 274/274/274 272/272/272
f 278/278/278 277/277/277 276/276/276
f 276/276/276 279/279/279 278/278/278
f 276/276/276 280/280/280 279/279/279
f 276/276/276 281/281/281 280/280/280
f 284/284/284 283/283/283 282/282/282
f 285/285/285 284/284/284 282/282/282
f 288/288/288 287/287/287 286/286/286
f 289/289/289 288/288/288 286/286/286
f 292/292/292 291/291/291 290/290/290
f 293/293/293 292/292/292 290/290/290
f 296/296/296 295/295/295 294/294/294
f 297/297/297 296/296/296 294/294/294
f 300/300/300 299/299/299 298/298/298
f 301/301/301 300/300/300 298/298/298
f 304/304/304 303/303/303 302/302/302
f 305/305/305 304/304/304 302/302/302
f 308/308/308 307/307/307 306/306/306
f 309/309/309 308/308/308 306/306/306
f 312/312/312 311/311/311 310/310/310
f 313/313/313 312/312/312 310/310/310
f 316/316/316 315/315/315 314/314/314
f 317/317/317 316/316/316 314/314/314
f 320/320/320 319/319/319 318/318/318
f 321/321/321 320/320/320 318/318/318
f 324/324/324 323/323/323 322/322/322
f 322/322/322 325/325/325 324/324/324
f 322/322/322 326/326/326 325/325/325
f 326/326/326 327/327/327 325/325/325
f 327/327/327 328/328/328 325/325/325
f 327/327/327 329/329/329 328/328/328
f 329/329/329 330/330/330 328/328/328
f 333/333/333 332/332/332 331/331/331
f 331/331/331 334/334/334 333/333/333
f 334/334/334 335/335/335 333/333/333
f 334/334/334 336/336/336 335/335/335
f 336/336/336 337/337/337 335/335/335
f 336/336/336 338/338/338 337/337/337
f 338/338/338 339/339/339 337/337/337
f 339/339/339 340/340/340 337/337/337
f 340/340/340 341/341/341 337/337/337
f 344/344/344 343/343/343 342/342/342
f 345/345/345 344/344/344 342/342/342
f 348/348/348 347/347/347 346/346/346
f 349/349/349 348/348/348 346/346/346
f 352/352/352 351/351/351 350/350/350
f 353/353/353 352/352/352 350/350/350
f 356/356/356 355/355/355 354/354/354
f 357/357/357 356/356/356 354/354/354
f 360/360/360 359/359/359 358/358/358
f 361/361/361 360/360/360 358/358/358
f 364/364/364 363/363/363 362/362/362
f 365/365/365 364/364/364 362/362/362
f 368/368/368 367/367/367 366/366/366
f 369/369/369 368/368/368 366/366/366
f 372/372/372 371/371/371 370/370/370
f 373/373/373 372/372/372 370/370/370
f 376/376/376 375/375/375 374/374/374
f 377/377/377 376/376/376 374/374/374
f 380/380/380 379/379/379 378/378/378
f 381/381/381 380/380/380 378/378/378
f 384/384/384 383/383/383 382/382/382
f 382/382/382 385/385/385 384/384/384
f 382/382/382 386/386/386 385/385/385
f 382/382/382 387/387/387 386/386/386
f 387/387/387 388/388/388 386/386/386
f 391/391/391 390/390/390 389/389/389
f 392/392/392 391/391/391 389/389/389
f 395/395/395 394/394/394 393/393/393
f 393/393/393 396/396/396 395/395/395
f 393/393/393 397/397/397 396/396/396
f 393/393/393 398/398/398 397/397/397
f 398/398/398 399/399/399 397/397/397
f 402/402/402 401/401/401 400/400/400
f 403/403/403 402/402/402 400/400/400
f 406/406/406 405/405/405 404/404/404
f 407/407/407 406/406/406 404/404/404
f 410/410/410 409/409/409 408/408/408
f 411/411/411 410/410/410 408/408/408
f 412/412/412 410/410/410 411/411/411
f 413/413/413 412/412/412 411/411/411
f 416/416/416 415/415/415 414/414/414
f 417/417/417 416/416/416 414/414/414
f 420/420/420 419/419/419 418/418/418
f 418/418/418 421/421/421 420/420/420
f 421/421/421 422/422/422 420/420/420
f 421/421/421 423/423/423 422/422/422
f 423/423/423 424/424/424 422/422/422
f 423/423/423 425/425/425 424/424/424
f 423/423/423 426/426/426 425/425/425
f 426/426/426 427/427/427 425/425/425
f 426/426/426 428/428/428 427/427/427
f 428/428/428 429/429/429 427/427/427
f 428/428/428 430/430/430 429/429/429
f 430/430/430 431/431/431 429/429/429
f 430/430/430 432/432/432 431/431/431
f 432/432/432 433/433/433 431/431/431
f 432/432/432 434/434/434 433/433/433
f 434/434/434 435/435/435 433/433/433
f 434/434/434 436/436/436 435/435/435
f 436/436/436 437/437/437 435/435/435
f 436/436/436 438/438/438 437/437/437
f 438/438/438 439/439/439 437/437/437
f 438/438/438 440/440/440 439/439/439
f 440/440/440 441/441/441 439/439/439
f 441/441/441 442/442/442 439/439/439
f 441/441/441 443/443/443 442/442/442
f 441/441/441 444/444/444 443/443/443
f 444/444/444 445/445/445 443/443/443
f 444/444/444 446/446/446 445/445/445
f 446/446/446 447/447/447 445/445/445
f 447/447/447 448/448/448 445/445/445
f 447/447/447 449/449/449 448/448/448
f 452/452/452 451/451/451 450/450/450
f 450/450/450 453/453/453 452/452/452
f 453/453/453 454/454/454 452/452/452
f 453/453/453 455/455/455 454/454/454
f 453/453/453 456/456/456 455/455/455
f 456/456/456 457/457/457 455/455/455
f 457/457/457 458/458/458 455/455/455
f 457/457/457 459/459/459 458/458/458
f 459/459/459 460/460/460 458/458/458
f 459/459/459 461/461/461 460/460/460
f 461/461/461 462/462/462 460/460/460
f 461/461/461 463/463/463 462/462/462
f 463/463/463 464/464/464 462/462/462
f 463/463/463 465/465/465 464/464/464
f 465/465/465 466/466/466 464/464/464
f 465/465/465 467/467/467 466/466/466
f 467/467/467 468/468/468 466/466/466
f 467/467/467 469/469/469 468/468/468
f 469/469/469 470/470/470 468/468/468
f 469/469/469 471/471/471 470/470/470
f 471/471/471 472/472/472 470/470/470
f 471/471/471 473/473/473 472/472/472
f 473/473/473 474/474/474 472/472/472
f 473/473/473 475/475/475 474/474/474
f 475/475/475 476/476/476 474/474/474
f 475/475/475 477/477/477 476/476/476
f 477/477/477 478/478/478 476/476/476
f 477/477/477 479/479/479 478/478/478
f 479/479/479 480/480/480 478/478/478
f 479/479/479 481/481/481 480/480/480
f 484/484/484 483/483/483 482/482/482
f 485/485/485 484/484/484 482/482/482
f 488/488/488 487/487/487 486/486/486
f 489/489/489 488/488/488 486/486/486
f 492/492/492 491/491/491 490/490/490
f 493/493/493 492/492/492 490/490/490
f 496/496/496 495/495/495 494/494/494
f 497/497/497 496/496/496 494/494/494
f 500/500/500 499/499/499 498/498/498
f 501/501/501 500/500/500 498/498/498
f 504/504/504 503/503/503 502/502/502
f 505/505/505 504/504/504 502/502/502
f 508/508/508 507/507/507 506/506/506
f 509/509/509 508/508/508 506/506/506
f 512/512/512 511/511/511 510/510/510
f 513/513/513 512/512/512 510/510/510
f 516/516/516 515/515/515 514/514/514
f 514/514/514 517/517/517 516/516/516
f 514/514/514 518/518/518 517/517/517
f 521/521/521 520/520/520 519/519/519
f 522/522/522 521/521/521 519/519/519
f 525/525/525 524/524/524 523/523/523
f 526/526/526 525/525/525 523/523/523
f 529/529/529 528/528/528 527/527/527
f 530/530/530 529/529/529 527/527/527
f 533/533/533 532/532/532 531/531/531
f 531/531/531 534/534/534 533/533/533
f 534/534/534 535/535/535 533/533/533
f 538/538/538 537/537/537 536/536/536
f 539/539/539 538/538/538 536/536/536
f 542/542/542 541/541/541 540/540/540
f 543/543/543 542/542/542 540/540/540
f 546/546/546 545/545/545 544/544/544
f 547/547/547 546/546/546 544/544/544
f 550/550/550 549/549/549 548/548/548
f 551/551/551 550/550/550 548/548/548
f 554/554/554 553/553/553 552/552/552
f 555/555/555 554/554/554 552/552/552
f 556/556/556 554/554/554 555/555/555
f 557/557/557 556/556/556 555/555/555
f 558/558/558 556/556/556 557/557/557
f 559/559/559 558/558/558 557/557/557
f 559/559/559 560/560/560 558/558/558
f 560/560/560 561/561/561 558/558/558
f 560/560/560 562/562/562 561/561/561
f 562/562/562 563/563/563 561/561/561
f 562/562/562 564/564/564 563/563/563
f 564/564/564 565/565/565 563/563/563
f 568/568/568 567/567/567 566/566/566
f 567/567/567 569/569/569 566/566/566
f 566/566/566 569/569/569 570/570/570
f 569/569/569 571/571/571 570/570/570
f 570/570/570 571/571/571 572/572/572
f 571/571/571 573/573/573 572/572/572
f 572/572/572 573/573/573 574/574/574
f 573/573/573 575/575/575 574/574/574
f 575/575/575 576/576/576 574/574/574
f 576/576/576 577/577/577 574/574/574
f 576/576/576 578/578/578 577/577/577
f 578/578/578 579/579/579 577/577/577
f 578/578/578 580/580/580 579/579/579
f 580/580/580 581/581/581 579/579/579
f 584/584/584 583/583/583 582/582/582
f 585/585/585 584/584/584 582/582/582
f 588/588/588 587/587/587 586/586/586
f 589/589/589 588/588/588 586/586/586
f 590/590/590 588/588/588 589/589/589
f 591/591/591 590/590/590 589/589/589
f 594/594/594 593/593/593 592/592/592
f 592/592/592 595/595/595 594/594/594
f 595/595/595 596/596/596 594/594/594
f 599/599/599 598/598/598 597/597/597
f 600/600/600 599/599/599 597/597/597
f 603/603/603 602/602/602 601/601/601
f 602/602/602 604/604/604 601/601/601
f 604/604/604 605/605/605 601/601/601
f 605/605/605 606/606/606 601/601/601
f 605/605/605 607/607/607 606/606/606
f 607/607/607 608/608/608 606/606/606
f 611/611/611 610/610/610 609/609/609
f 612/612/612 611/611/611 609/609/609
f 615/615/615 614/614/614 613/613/613
f 613/613/613 616/616/616 615/615/615
f 613/613/613 617/617/617 616/616/616
f 620/620/620 619/619/619 618/618/618
f 621/621/621 620/620/620 618/618/618
f 624/624/624 623/623/623 622/622/622
f 625/625/625 624/624/624 622/622/622
f 622/622/622 626/626/626 625/625/625
f 626/626/626 627/627/627 625/625/625
f 626/626/626 628/628/628 627/627/627
f 628/628/628 629/629/629 627/627/627
f 632/632/632 631/631/631 630/630/630
f 633/633/633 632/632/632 630/630/630
f 636/636/636 635/635/635 634/634/634
f 637/637/637 636/636/636 634/634/634
f 640/640/640 639/639/639 638/638/638
f 639/639/639 641/641/641 638/638/638
f 639/639/639 642/642/642 641/641/641
f 642/642/642 643/643/643 641/641/641
f 642/642/642 644/644/644 643/643/643
f 644/644/644 645/645/645 643/643/643
f 644/644/644 646/646/646 645/645/645
f 646/646/646 647/647/647 645/645/645
f 646/646/646 648/648/648 647/647/647
f 648/648/648 649/649/649 647/647/647
f 648/648/648 650/650/650 649/649/649
f 650/650/650 651/651/651 649/649/649
f 654/654/654 653/653/653 652/652/652
f 655/655/655 654/654/654 652/652/652
f 655/655/655 652/652/652 656/656/656
f 657/657/657 655/655/655 656/656/656
f 657/657/657 656/656/656 658/658/658
f 659/659/659 657/657/657 658/658/658
f 659/659/659 658/658/658 660/660/660
f 661/661/661 659/659/659 660/660/660
f 660/660/660 662/662/662 661/661/661
f 662/662/662 663/663/663 661/661/661
f 662/662/662 664/664/664 663/663/663
f 664/664/664 665/665/665 663/663/663
f 664/664/664 666/666/666 665/665/665
f 666/666/666 667/667/667 665/665/665
f 670/670/670 669/669/669 668/668/668
f 671/671/671 670/670/670 668/668/668
f 674/674/674 673/673/673 672/672/672
f 675/675/675 674/674/674 672/672/672
f 678/678/678 677/677/677 676/676/676
f 679/679/679 678/678/678 676/676/676
f 682/682/682 681/681/681 680/680/680
f 683/683/683 682/682/682 680/680/680
f 686/686/686 685/685/685 684/684/684
f 687/687/687 686/686/686 684/684/684
f 690/690/690 689/689/689 688/688/688
f 691/691/691 690/690/690 688/688/688
f 694/694/694 693/693/693 692/692/692
f 695/695/695 694/694/694 692/692/692
f 698/698/698 697/697/697 696/696/696
f 699/699/699 698/698/698 696/696/696
f 702/702/702 701/701/701 700/700/700
f 703/703/703 702/702/702 700/700/700
f 706/706/706 705/705/705 704/704/704
f 707/707/707 706/706/706 704/704/704
f 710/710/710 709/709/709 708/708/708
f 711/711/711 710/710/710 708/708/708
f 714/714/714 713/713/713 712/712/712
f 715/715/715 714/714/714 712/712/712
f 718/718/718 717/717/717 716/716/716
f 717/717/717 718/718/718 719/719/719
f 717/717/717 720/720/720 716/716/716
f 721/721/721 717/717/717 719/719/719
f 716/716/716 720/720/720 722/722/722
f 721/721/721 719/719/719 723/723/723
f 720/720/720 724/724/724 722/722/722
f 725/725/725 721/721/721 723/723/723
f 722/722/722 724/724/724 726/726/726
f 725/725/725 723/723/723 726/726/726
f 724/724/724 727/727/727 726/726/726
f 727/727/727 725/725/725 726/726/726
f 730/730/730 729/729/729 728/728/728
f 731/731/731 730/730/730 728/728/728
f 731/731/731 728/728/728 732/732/732
f 730/730/730 733/733/733 729/729/729
f 733/733/733 734/734/734 729/729/729
f 735/735/735 731/731/731 732/732/732
f 735/735/735 732/732/732 736/736/736
f 733/733/733 737/737/737 734/734/734
f 737/737/737 738/738/738 734/734/734
f 739/739/739 735/735/735 736/736/736
f 739/739/739 736/736/736 740/740/740
f 737/737/737 741/741/741 738/738/738
f 741/741/741 742/742/742 738/738/738
f 743/743/743 739/739/739 740/740/740
f 743/743/743 740/740/740 744/744/744
f 741/741/741 745/745/745 742/742/742
f 745/745/745 746/746/746 742/742/742
f 747/747/747 743/743/743 744/744/744
f 747/747/747 744/744/744 748/748/748
f 745/745/745 749/749/749 746/746/746
f 749/749/749 750/750/750 746/746/746
f 751/751/751 747/747/747 748/748/748
f 751/751/751 748/748/748 752/752/752
f 749/749/749 753/753/753 750/750/750
f 753/753/753 754/754/754 750/750/750
f 755/755/755 751/751/751 752/752/752
f 755/755/755 752/752/752 756/756/756
f 753/753/753 757/757/757 754/754/754
f 757/757/757 758/758/758 754/754/754
f 759/759/759 755/755/755 756/756/756
f 759/759/759 756/756/756 760/760/760
f 757/757/757 761/761/761 758/758/758
f 761/761/761 762/762/762 758/758/758
f 763/763/763 759/759/759 760/760/760
f 763/763/763 760/760/760 764/764/764
f 761/761/761 765/765/765 762/762/762
f 765/765/765 766/766/766 762/762/762
f 767/767/767 763/763/763 764/764/764
f 767/767/767 764/764/764 768/768/768
f 765/765/765 769/769/769 766/766/766
f 769/769/769 770/770/770 766/766/766
f 771/771/771 767/767/767 768/768/768
f 771/771/771 768/768/768 772/772/772
f 769/769/769 773/773/773 770/770/770
f 773/773/773 774/774/774 770/770/770
f 775/775/775 771/771/771 772/772/772
f 775/775/775 772/772/772 776/776/776
f 773/773/773 777/777/777 774/774/774
f 777/777/777 778/778/778 774/774/774
f 779/779/779 775/775/775 776/776/776
f 779/779/779 776/776/776 780/780/780
f 777/777/777 781/781/781 778/778/778
f 781/781/781 782/782/782 778/778/778
f 783/783/783 779/779/779 780/780/780
f 783/783/783 780/780/780 784/784/784
f 781/781/781 785/785/785 782/782/782
f 785/785/785 786/786/786 782/782/782
f 787/787/787 783/783/783 784/784/784
f 787/787/787 784/784/784 788/788/788
f 785/785/785 789/789/789 786/786/786
f 789/789/789 790/790/790 786/786/786
f 791/791/791 788/788/788 790/790/790
f 791/791/791 787/787/787 788/788/788
f 789/789/789 791/791/791 790/790/790
f 792/792/792 781/781/781 777/777/777
f 793/793/793 785/785/785 781/781/781
f 792/792/792 793/793/793 781/781/781
f 794/794/794 789/789/789 785/785/785
f 793/793/793 794/794/794 785/785/785
f 795/795/795 791/791/791 789/789/789
f 794/794/794 795/795/795 789/789/789
f 796/796/796 787/787/787 791/791/791
f 795/795/795 796/796/796 791/791/791
f 797/797/797 783/783/783 787/787/787
f 796/796/796 797/797/797 787/787/787
f 798/798/798 792/792/792 777/777/777
f 798/798/798 777/777/777 773/773/773
f 797/797/797 799/799/799 783/783/783
f 799/799/799 779/779/779 783/783/783
f 800/800/800 798/798/798 773/773/773
f 800/800/800 773/773/773 769/769/769
f 799/799/799 801/801/801 779/779/779
f 801/801/801 775/775/775 779/779/779
f 802/802/802 800/800/800 769/769/769
f 802/802/802 769/769/769 765/765/765
f 801/801/801 803/803/803 775/775/775
f 803/803/803 771/771/771 775/775/775
f 804/804/804 802/802/802 765/765/765
f 804/804/804 765/765/765 761/761/761
f 803/803/803 805/805/805 771/771/771
f 805/805/805 767/767/767 771/771/771
f 806/806/806 804/804/804 761/761/761
f 806/806/806 761/761/761 757/757/757
f 805/805/805 807/807/807 767/767/767
f 807/807/807 763/763/763 767/767/767
f 808/808/808 806/806/806 757/757/757
f 808/808/808 757/757/757 753/753/753
f 807/807/807 809/809/809 763/763/763
f 809/809/809 759/759/759 763/763/763
f 810/810/810 808/808/808 753/753/753
f 810/810/810 753/753/753 749/749/749
f 809/809/809 811/811/811 759/759/759
f 811/811/811 755/755/755 759/759/759
f 812/812/812 810/810/810 749/749/749
f 812/812/812 749/749/749 745/745/745
f 811/811/811 813/813/813 755/755/755
f 813/813/813 751/751/751 755/755/755
f 814/814/814 812/812/812 745/745/745
f 814/814/814 745/745/745 741/741/741
f 813/813/813 815/815/815 751/751/751
f 815/815/815 747/747/747 751/751/751
f 816/816/816 814/814/814 741/741/741
f 816/816/816 741/741/741 737/737/737
f 815/815/815 817/817/817 747/747/747
f 817/817/817 743/743/743 747/747/747
f 818/818/818 816/816/816 737/737/737
f 818/818/818 737/737/737 733/733/733
f 817/817/817 819/819/819 743/743/743
f 819/819/819 739/739/739 743/743/743
f 820/820/820 818/818/818 733/733/733
f 820/820/820 733/733/733 730/730/730
f 819/819/819 821/821/821 739/739/739
f 821/821/821 735/735/735 739/739/739
f 822/822/822 820/820/820 730/730/730
f 822/822/822 730/730/730 731/731/731
f 823/823/823 731/731/731 735/735/735
f 821/821/821 823/823/823 735/735/735
f 823/823/823 822/822/822 731/731/731
f 824/824/824 816/816/816 818/818/818
f 825/825/825 818/818/818 820/820/820
f 825/825/825 824/824/824 818/818/818
f 826/826/826 820/820/820 822/822/822
f 826/826/826 825/825/825 820/820/820
f 827/827/827 822/822/822 823/823/823
f 827/827/827 826/826/826 822/822/822
f 828/828/828 823/823/823 821/821/821
f 828/828/828 827/827/827 823/823/823
f 829/829/829 821/821/821 819/819/819
f 829/829/829 828/828/828 821/821/821
f 824/824/824 830/830/830 816/816/816
f 830/830/830 814/814/814 816/816/816
f 831/831/831 829/829/829 819/819/819
f 831/831/831 819/819/819 817/817/817
f 830/830/830 832/832/832 814/814/814
f 832/832/832 812/812/812 814/814/814
f 833/833/833 831/831/831 817/817/817
f 833/833/833 817/817/817 815/815/815
f 832/832/832 834/834/834 812/812/812
f 834/834/834 810/810/810 812/812/812
f 835/835/835 833/833/833 815/815/815
f 835/835/835 815/815/815 813/813/813
f 834/834/834 836/836/836 810/810/810
f 836/836/836 808/808/808 810/810/810
f 837/837/837 835/835/835 813/813/813
f 837/837/837 813/813/813 811/811/811
f 836/836/836 838/838/838 808/808/808
f 838/838/838 806/806/806 808/808/808
f 839/839/839 837/837/837 811/811/811
f 839/839/839 811/811/811 809/809/809
f 838/838/838 840/840/840 806/806/806
f 840/840/840 804/804/804 806/806/806
f 841/841/841 839/839/839 809/809/809
f 841/841/841 809/809/809 807/807/807
f 840/840/840 842/842/842 804/804/804
f 842/842/842 802/802/802 804/804/804
f 843/843/843 841/841/841 807/807/807
f 843/843/843 807/807/807 805/805/805
f 842/842/842 844/844/844 802/802/802
f 844/844/844 800/800/800 802/802/802
f 845/845/845 843/843/843 805/805/805
f 845/845/845 805/805/805 803/803/803
f 844/844/844 846/846/846 800/800/800
f 846/846/846 798/798/798 800/800/800
f 847/847/847 845/845/845 803/803/803
f 847/847/847 803/803/803 801/801/801
f 846/846/846 848/848/848 798/798/798
f 848/848/848 792/792/792 798/798/798
f 849/849/849 847/847/847 801/801/801
f 849/849/849 801/801/801 799/799/799
f 848/848/848 850/850/850 792/792/792
f 850/850/850 793/793/793 792/792/792
f 851/851/851 849/849/849 799/799/799
f 851/851/851 799/799/799 797/797/797
f 850/850/850 852/852/852 793/793/793
f 852/852/852 794/794/794 793/793/793
f 853/853/853 851/851/851 797/797/797
f 853/853/853 797/797/797 796/796/796
f 852/852/852 854/854/854 794/794/794
f 854/854/854 795/795/795 794/794/794
f 855/855/855 796/796/796 795/795/795
f 855/855/855 853/853/853 796/796/796
f 854/854/854 855/855/855 795/795/795
f 856/856/856 850/850/850 848/848/848
f 857/857/857 852/852/852 850/850/850
f 856/856/856 857/857/857 850/850/850
f 858/858/858 854/854/854 852/852/852
f 857/857/857 858/858/858 852/852/852
f 859/859/859 855/855/855 854/854/854
f 858/858/858 859/859/859 854/854/854
f 860/860/860 853/853/853 855/855/855
f 859/859/859 860/860/860 855/855/855
f 861/861/861 851/851/851 853/853/853
f 860/860/860 861/861/861 853/853/853
f 862/862/862 856/856/856 848/848/848
f 862/862/862 848/848/848 846/846/846
f 861/861/861 863/863/863 851/851/851
f 863/863/863 849/849/849 851/851/851
f 864/864/864 862/862/862 846/846/846
f 864/864/864 846/846/846 844/844/844
f 863/863/863 865/865/865 849/849/849
f 865/865/865 847/847/847 849/849/849
f 866/866/866 864/864/864 844/844/844
f 866/866/866 844/844/844 842/842/842
f 865/865/865 867/867/867 847/847/847
f 867/867/867 845/845/845 847/847/847
f 868/868/868 866/866/866 842/842/842
f 868/868/868 842/842/842 840/840/840
f 867/867/867 869/869/869 845/845/845
f 869/869/869 843/843/843 845/845/845
f 870/870/870 868/868/868 840/840/840
f 870/870/870 840/840/840 838/838/838
f 869/869/869 871/871/871 843/843/843
f 871/871/871 841/841/841 843/843/843
f 872/872/872 870/870/870 838/838/838
f 872/872/872 838/838/838 836/836/836
f 871/871/871 873/873/873 841/841/841
f 873/873/873 839/839/839 841/841/841
f 874/874/874 872/872/872 836/836/836
f 874/874/874 836/836/836 834/834/834
f 873/873/873 875/875/875 839/839/839
f 875/875/875 837/837/837 839/839/839
f 876/876/876 874/874/874 834/834/834
f 876/876/876 834/834/834 832/832/832
f 875/875/875 877/877/877 837/837/837
f 877/877/877 835/835/835 837/837/837
f 878/878/878 876/876/876 832/832/832
f 878/878/878 832/832/832 830/830/830
f 877/877/877 879/879/879 835/835/835
f 879/879/879 833/833/833 835/835/835
f 880/880/880 878/878/878 830/830/830
f 880/880/880 830/830/830 824/824/824
f 879/879/879 881/881/881 833/833/833
f 881/881/881 831/831/831 833/833/833
f 882/882/882 880/880/880 824/824/824
f 882/882/882 824/824/824 825/825/825
f 881/881/881 883/883/883 831/831/831
f 883/883/883 829/829/829 831/831/831
f 884/884/884 882/882/882 825/825/825
f 884/884/884 825/825/825 826/826/826
f 883/883/883 885/885/885 829/829/829
f 885/885/885 828/828/828 829/829/829
f 886/886/886 884/884/884 826/826/826
f 886/886/886 826/826/826 827/827/827
f 887/887/887 827/827/827 828/828/828
f 885/885/885 887/887/887 828/828/828
f 887/887/887 886/886/886 827/827/827
f 888/888/888 880/880/880 882/882/882
f 889/889/889 882/882/882 884/884/884
f 889/889/889 888/888/888 882/882/882
f 890/890/890 884/884/884 886/886/886
f 890/890/890 889/889/889 884/884/884
f 891/891/891 886/886/886 887/887/887
f 891/891/891 890/890/890 886/886/886
f 892/892/892 887/887/887 885/885/885
f 892/892/892 891/891/891 887/887/887
f 893/893/893 885/885/885 883/883/883
f 893/893/893 892/892/892 885/885/885
f 888/888/888 894/894/894 880/880/880
f 894/894/894 878/878/878 880/880/880
f 895/895/895 893/893/893 883/883/883
f 895/895/895 883/883/883 881/881/881
f 894/894/894 896/896/896 878/878/878
f 896/896/896 876/876/876 878/878/878
f 897/897/897 895/895/895 881/881/881
f 897/897/897 881/881/881 879/879/879
f 896/896/896 898/898/898 876/876/876
f 898/898/898 874/874/874 876/876/876
f 899/899/899 897/897/897 879/879/879
f 899/899/899 879/879/879 877/877/877
f 898/898/898 900/900/900 874/874/874
f 900/900/900 872/872/872 874/874/874
f 901/901/901 899/899/899 877/877/877
f 901/901/901 877/877/877 875/875/875
f 900/900/900 902/902/902 872/872/872
f 902/902/902 870/870/870 872/872/872
f 903/903/903 901/901/901 875/875/875
f 903/903/903 875/875/875 873/873/873
f 902/902/902 904/904/904 870/870/870
f 904/904/904 868/868/868 870/870/870
f 905/905/905 903/903/903 873/873/873
f 905/905/905 873/873/873 871/871/871
f 904/904/904 906/906/906 868/868/868
f 906/906/906 866/866/866 868/868/868
f 907/907/907 905/905/905 871/871/871
f 907/907/907 871/871/871 869/869/869
f 906/906/906 908/908/908 866/866/866
f 908/908/908 864/864/864 866/866/866
f 909/909/909 907/907/907 869/869/869
f 909/909/909 869/869/869 867/867/867
f 908/908/908 910/910/910 864/864/864
f 910/910/910 862/862/862 864/864/864
f 911/911/911 909/909/909 867/867/867
f 911/911/911 867/867/867 865/865/865
f 910/910/910 912/912/912 862/862/862
f 912/912/912 856/856/856 862/862/862
f 913/913/913 911/911/911 865/865/865
f 913/913/913 865/865/865 863/863/863
f 912/912/912 914/914/914 856/856/856
f 914/914/914 857/857/857 856/856/856
f 915/915/915 913/913/913 863/863/863
f 915/915/915 863/863/863 861/861/861
f 914/914/914 916/916/916 857/857/857
f 916/916/916 858/858/858 857/857/857
f 917/917/917 915/915/915 861/861/861
f 917/917/917 861/861/861 860/860/860
f 916/916/916 918/918/918 858/858/858
f 918/918/918 859/859/859 858/858/858
f 919/919/919 860/860/860 859/859/859
f 919/919/919 917/917/917 860/860/860
f 918/918/918 919/919/919 859/859/859
f 920/920/920 914/914/914 912/912/912
f 921/921/921 916/916/916 914/914/914
f 920/920/920 921/921/921 914/914/914
f 922/922/922 921/921/921 920/920/920
f 923/923/923 920/920/920 912/912/912
f 922/922/922 920/920/920 923/923/923
f 923/923/923 912/912/912 910/910/910
f 921/921/921 924/924/924 916/916/916
f 924/924/924 918/918/918 916/916/916
f 922/922/922 924/924/924 921/921/921
f 925/925/925 923/923/923 910/910/910
f 922/922/922 923/923/923 925/925/925
f 925/925/925 910/910/910 908/908/908
f 924/924/924 926/926/926 918/918/918
f 926/926/926 919/919/919 918/918/918
f 922/922/922 926/926/926 924/924/924
f 927/927/927 925/925/925 908/908/908
f 922/922/922 925/925/925 927/927/927
f 927/927/927 908/908/908 906/906/906
f 926/926/926 928/928/928 919/919/919
f 922/922/922 928/928/928 926/926/926
f 922/922/922 927/927/927 929/929/929
f 929/929/929 927/927/927 906/906/906
f 922/922/922 930/930/930 928/928/928
f 928/928/928 917/917/917 919/919/919
f 928/928/928 930/930/930 917/917/917
f 929/929/929 906/906/906 904/904/904
f 930/930/930 915/915/915 917/917/917
f 931/931/931 929/929/929 904/904/904
f 922/922/922 929/929/929 931/931/931
f 931/931/931 904/904/904 902/902/902
f 930/930/930 932/932/932 915/915/915
f 922/922/922 932/932/932 930/930/930
f 932/932/932 913/913/913 915/915/915
f 933/933/933 931/931/931 902/902/902
f 922/922/922 931/931/931 933/933/933
f 933/933/933 902/902/902 900/900/900
f 932/932/932 934/934/934 913/913/913
f 922/922/922 934/934/934 932/932/932
f 934/934/934 911/911/911 913/913/913
f 935/935/935 933/933/933 900/900/900
f 922/922/922 933/933/933 935/935/935
f 935/935/935 900/900/900 898/898/898
f 934/934/934 936/936/936 911/911/911
f 922/922/922 936/936/936 934/934/934
f 922/922/922 935/935/935 937/937/937
f 937/937/937 935/935/935 898/898/898
f 922/922/922 938/938/938 936/936/936
f 936/936/936 909/909/909 911/911/911
f 936/936/936 938/938/938 909/909/909
f 937/937/937 898/898/898 896/896/896
f 938/938/938 907/907/907 909/909/909
f 939/939/939 937/937/937 896/896/896
f 922/922/922 937/937/937 939/939/939
f 939/939/939 896/896/896 894/894/894
f 938/938/938 940/940/940 907/907/907
f 922/922/922 940/940/940 938/938/938
f 940/940/940 905/905/905 907/907/907
f 941/941/941 939/939/939 894/894/894
f 922/922/922 939/939/939 941/941/941
f 941/941/941 894/894/894 888/888/888
f 940/940/940 942/942/942 905/905/905
f 922/922/922 942/942/942 940/940/940
f 942/942/942 903/903/903 905/905/905
f 943/943/943 941/941/941 888/888/888
f 922/922/922 941/941/941 943/943/943
f 943/943/943 888/888/888 889/889/889
f 942/942/942 944/944/944 903/903/903
f 922/922/922 944/944/944 942/942/942
f 922/922/922 943/943/943 945/945/945
f 945/945/945 943/943/943 889/889/889
f 922/922/922 946/946/946 944/944/944
f 944/944/944 901/901/901 903/903/903
f 944/944/944 946/946/946 901/901/901
f 945/945/945 889/889/889 890/890/890
f 946/946/946 899/899/899 901/901/901
f 947/947/947 945/945/945 890/890/890
f 922/922/922 945/945/945 947/947/947
f 947/947/947 890/890/890 891/891/891
f 946/946/946 948/948/948 899/899/899
f 922/922/922 948/948/948 946/946/946
f 948/948/948 897/897/897 899/899/899
f 949/949/949 947/947/947 891/891/891
f 922/922/922 947/947/947 949/949/949
f 949/949/949 891/891/891 892/892/892
f 948/948/948 950/950/950 897/897/897
f 922/922/922 950/950/950 948/948/948
f 950/950/950 895/895/895 897/897/897
f 951/951/951 949/949/949 892/892/892
f 922/922/922 949/949/949 951/951/951
f 951/951/951 892/892/892 893/893/893
f 952/952/952 893/893/893 895/895/895
f 950/950/950 952/952/952 895/895/895
f 922/922/922 952/952/952 950/950/950
f 922/922/922 951/951/951 952/952/952
f 952/952/952 951/951/951 893/893/893
f 955/955/955 954/954/954 953/953/953
f 956/956/956 955/955/955 953/953/953
f 955/955/955 957/957/957 954/954/954
f 956/956/956 953/953/953 958/958/958
f 959/959/959 956/956/956 958/958/958
f 957/957/957 960/960/960 954/954/954
f 957/957/957 961/961/961 960/960/960
f 959/959/959 958/958/958 962/962/962
f 963/963/963 959/959/959 962/962/962
f 961/961/961 964/964/964 960/960/960
f 961/961/961 965/965/965 964/964/964
f 963/963/963 962/962/962 966/966/966
f 967/967/967 963/963/963 966/966/966
f 965/965/965 968/968/968 964/964/964
f 965/965/965 969/969/969 968/968/968
f 967/967/967 966/966/966 970/970/970
f 971/971/971 967/967/967 970/970/970
f 969/969/969 972/972/972 968/968/968
f 969/969/969 973/973/973 972/972/972
f 971/971/971 970/970/970 974/974/974
f 975/975/975 971/971/971 974/974/974
f 973/973/973 976/976/976 972/972/972
f 973/973/973 977/977/977 976/976/976
f 975/975/975 974/974/974 978/978/978
f 979/979/979 975/975/975 978/978/978
f 977/977/977 980/980/980 976/976/976
f 977/977/977 981/981/981 980/980/980
f 979/979/979 978/978/978 982/982/982
f 983/983/983 979/979/979 982/982/982
f 981/981/981 984/984/984 980/980/980
f 981/981/981 985/985/985 984/984/984
f 983/983/983 982/982/982 986/986/986
f 987/987/987 983/983/983 986/986/986
f 985/985/985 988/988/988 984/984/984
f 985/985/985 989/989/989 988/988/988
f 987/987/987 986/986/986 990/990/990
f 991/991/991 987/987/987 990/990/990
f 989/989/989 992/992/992 988/988/988
f 989/989/989 993/993/993 992/992/992
f 991/991/991 990/990/990 994/994/994
f 995/995/995 991/991/991 994/994/994
f 993/993/993 996/996/996 992/992/992
f 993/993/993 997/997/997 996/996/996
f 995/995/995 994/994/994 998/998/998
f 999/999/999 995/995/995 998/998/998
f 997/997/997 1000/1000/1000 996/996/996
f 997/997/997 1001/1001/1001 1000/1000/1000
f 999/999/999 998/998/998 1002/1002/1002
f 1003/1003/1003 999/999/999 1002/1002/1002
f 1001/1001/1001 1004/1004/1004 1000/1000/1000
f 1001/1001/1001 1005/1005/1005 1004/1004/1004
f 1003/1003/1003 1002/1002/1002 1006/1006/1006
f 1007/1007/1007 1003/1003/1003 1006/1006/1006
f 1005/1005/1005 1008/1008/1008 1004/1004/1004
f 1005/1005/1005 1009/1009/1009 1008/1008/1008
f 1007/1007/1007 1006/1006/1006 1010/1010/1010
f 1011/1011/1011 1007/1007/1007 1010/1010/1010
f 1009/1009/1009 1012/1012/1012 1008/1008/1008
f 1009/1009/1009 1013/1013/1013 1012/1012/1012
f 1011/1011/1011 1010/1010/1010 1014/1014/1014
f 1015/1015/1015 1011/1011/1011 1014/1014/1014
f 1013/1013/1013 1015/1015/1015 1016/1016/1016
f 1013/1013/1013 1016/1016/1016 1012/1012/1012
f 1015/1015/1015 1014/1014/1014 1016/1016/1016
f 1017/1017/1017 1006/1006/1006 1002/1002/1002
f 1018/1018/1018 1017/1017/1017 1002/1002/1002
f 1017/1017/1017 1019/1019/1019 1006/1006/1006
f 1019/1019/1019 1010/1010/1010 1006/1006/1006
f 1018/1018/1018 1002/1002/1002 998/998/998
f 1019/1019/1019 1020/1020/1020 1010/1010/1010
f 1020/1020/1020 1014/1014/1014 1010/1010/1010
f 1021/1021/1021 1018/1018/1018 998/998/998
f 1020/1020/1020 1022/1022/1022 1014/1014/1014
f 1022/1022/1022 1016/1016/1016 1014/1014/1014
f 1021/1021/1021 998/998/998 994/994/994
f 1022/1022/1022 1023/1023/1023 1016/1016/1016
f 1024/1024/1024 1021/1021/1021 994/994/994
f 1023/1023/1023 1012/1012/1012 1016/1016/1016
f 1024/1024/1024 994/994/994 990/990/990
f 1023/1023/1023 1025/1025/1025 1012/1012/1012
f 1026/1026/1026 1024/1024/1024 990/990/990
f 1025/1025/1025 1008/1008/1008 1012/1012/1012
f 1026/1026/1026 990/990/990 986/986/986
f 1025/1025/1025 1027/1027/1027 1008/1008/1008
f 1028/1028/1028 1026/1026/1026 986/986/986
f 1027/1027/1027 1004/1004/1004 1008/1008/1008
f 1028/1028/1028 986/986/986 982/982/982
f 1027/1027/1027 1029/1029/1029 1004/1004/1004
f 1030/1030/1030 1028/1028/1028 982/982/982
f 1029/1029/1029 1000/1000/1000 1004/1004/1004
f 1030/1030/1030 982/982/982 978/978/978
f 1029/1029/1029 1031/1031/1031 1000/1000/1000
f 1032/1032/1032 1030/1030/1030 978/978/978
f 1031/1031/1031 996/996/996 1000/1000/1000
f 1032/1032/1032 978/978/978 974/974/974
f 1031/1031/1031 1033/1033/1033 996/996/996
f 1034/1034/1034 1032/1032/1032 974/974/974
f 1033/1033/1033 992/992/992 996/996/996
f 1034/1034/1034 974/974/974 970/970/970
f 1033/1033/1033 1035/1035/1035 992/992/992
f 1036/1036/1036 1034/1034/1034 970/970/970
f 1035/1035/1035 988/988/988 992/992/992
f 1036/1036/1036 970/970/970 966/966/966
f 1035/1035/1035 1037/1037/1037 988/988/988
f 1038/1038/1038 1036/1036/1036 966/966/966
f 1037/1037/1037 984/984/984 988/988/988
f 1038/1038/1038 966/966/966 962/962/962
f 1037/1037/1037 1039/1039/1039 984/984/984
f 1040/1040/1040 1038/1038/1038 962/962/962
f 1039/1039/1039 980/980/980 984/984/984
f 1040/1040/1040 962/962/962 958/958/958
f 1039/1039/1039 1041/1041/1041 980/980/980
f 1042/1042/1042 1040/1040/1040 958/958/958
f 1041/1041/1041 976/976/976 980/980/980
f 1042/1042/1042 958/958/958 953/953/953
f 1041/1041/1041 1043/1043/1043 976/976/976
f 1044/1044/1044 1042/1042/1042 953/953/953
f 1043/1043/1043 972/972/972 976/976/976
f 1044/1044/1044 953/953/953 954/954/954
f 1043/1043/1043 1045/1045/1045 972/972/972
f 1046/1046/1046 1044/1044/1044 954/954/954
f 1045/1045/1045 968/968/968 972/972/972
f 1046/1046/1046 954/954/954 960/960/960
f 1045/1045/1045 1047/1047/1047 968/968/968
f 1048/1048/1048 1046/1046/1046 960/960/960
f 1047/1047/1047 964/964/964 968/968/968
f 1048/1048/1048 960/960/960 964/964/964
f 1047/1047/1047 1048/1048/1048 964/964/964
f 1051/1051/1051 1050/1050/1050 1049/1049/1049
f 1052/1052/1052 1051/1051/1051 1049/1049/1049
f 1053/1053/1053 1051/1051/1051 1052/1052/1052
f 1049/1049/1049 1050/1050/1050 1054/1054/1054
f 1050/1050/1050 1055/1055/1055 1054/1054/1054
f 1056/1056/1056 1053/1053/1053 1052/1052/1052
f 1057/1057/1057 1053/1053/1053 1056/1056/1056
f 1054/1054/1054 1055/1055/1055 1058/1058/1058
f 1055/1055/1055 1059/1059/1059 1058/1058/1058
f 1060/1060/1060 1057/1057/1057 1056/1056/1056
f 1061/1061/1061 1057/1057/1057 1060/1060/1060
f 1058/1058/1058 1059/1059/1059 1062/1062/1062
f 1059/1059/1059 1063/1063/1063 1062/1062/1062
f 1064/1064/1064 1061/1061/1061 1060/1060/1060
f 1065/1065/1065 1061/1061/1061 1064/1064/1064
f 1062/1062/1062 1063/1063/1063 1066/1066/1066
f 1063/1063/1063 1067/1067/1067 1066/1066/1066
f 1068/1068/1068 1065/1065/1065 1064/1064/1064
f 1069/1069/1069 1065/1065/1065 1068/1068/1068
f 1066/1066/1066 1067/1067/1067 1070/1070/1070
f 1067/1067/1067 1071/1071/1071 1070/1070/1070
f 1072/1072/1072 1069/1069/1069 1068/1068/1068
f 1073/1073/1073 1069/1069/1069 1072/1072/1072
f 1070/1070/1070 1071/1071/1071 1074/1074/1074
f 1071/1071/1071 1075/1075/1075 1074/1074/1074
f 1076/1076/1076 1073/1073/1073 1072/1072/1072
f 1077/1077/1077 1073/1073/1073 1076/1076/1076
f 1074/1074/1074 1075/1075/1075 1078/1078/1078
f 1075/1075/1075 1079/1079/1079 1078/1078/1078
f 1080/1080/1080 1077/1077/1077 1076/1076/1076
f 1081/1081/1081 1077/1077/1077 1080/1080/1080
f 1078/1078/1078 1079/1079/1079 1082/1082/1082
f 1079/1079/1079 1083/1083/1083 1082/1082/1082
f 1084/1084/1084 1081/1081/1081 1080/1080/1080
f 1085/1085/1085 1081/1081/1081 1084/1084/1084
f 1082/1082/1082 1083/1083/1083 1086/1086/1086
f 1083/1083/1083 1087/1087/1087 1086/1086/1086
f 1088/1088/1088 1085/1085/1085 1084/1084/1084
f 1089/1089/1089 1085/1085/1085 1088/1088/1088
f 1086/1086/1086 1087/1087/1087 1090/1090/1090
f 1087/1087/1087 1091/1091/1091 1090/1090/1090
f 1092/1092/1092 1089/1089/1089 1088/1088/1088
f 1093/1093/1093 1089/1089/1089 1092/1092/1092
f 1090/1090/1090 1091/1091/1091 1094/1094/1094
f 1091/1091/1091 1095/1095/1095 1094/1094/1094
f 1096/1096/1096 1093/1093/1093 1092/1092/1092
f 1097/1097/1097 1093/1093/1093 1096/1096/1096
f 1094/1094/1094 1095/1095/1095 1098/1098/1098
f 1095/1095/1095 1099/1099/1099 1098/1098/1098
f 1100/1100/1100 1097/1097/1097 1096/1096/1096
f 1101/1101/1101 1097/1097/1097 1100/1100/1100
f 1098/1098/1098 1099/1099/1099 1102/1102/1102
f 1099/1099/1099 1103/1103/1103 1102/1102/1102
f 1104/1104/1104 1101/1101/1101 1100/1100/1100
f 1105/1105/1105 1101/1101/1101 1104/1104/1104
f 1102/1102/1102 1103/1103/1103 1106/1106/1106
f 1103/1103/1103 1107/1107/1107 1106/1106/1106
f 1108/1108/1108 1105/1105/1105 1104/1104/1104
f 1109/1109/1109 1105/1105/1105 1108/1108/1108
f 1106/1106/1106 1107/1107/1107 1110/1110/1110
f 1107/1107/1107 1111/1111/1111 1110/1110/1110
f 1111/1111/1111 1109/1109/1109 1112/1112/1112
f 1112/1112/1112 1109/1109/1109 1108/1108/1108
f 1110/1110/1110 1111/1111/1111 1112/1112/1112
f 1098/1098/1098 1102/1102/1102 1113/1113/1113
f 1113/1113/1113 1102/1102/1102 1114/1114/1114
f 1102/1102/1102 1106/1106/1106 1114/1114/1114
f 1115/1115/1115 1098/1098/1098 1113/1113/1113
f 1114/1114/1114 1106/1106/1106 1116/1116/1116
f 1106/1106/1106 1110/1110/1110 1116/1116/1116
f 1094/1094/1094 1098/1098/1098 1115/1115/1115
f 1116/1116/1116 1110/1110/1110 1117/1117/1117
f 1110/1110/1110 1112/1112/1112 1117/1117/1117
f 1118/1118/1118 1094/1094/1094 1115/1115/1115
f 1117/1117/1117 1112/1112/1112 1119/1119/1119
f 1112/1112/1112 1108/1108/1108 1119/1119/1119
f 1090/1090/1090 1094/1094/1094 1118/1118/1118
f 1119/1119/1119 1108/1108/1108 1120/1120/1120
f 1121/1121/1121 1090/1090/1090 1118/1118/1118
f 1108/1108/1108 1104/1104/1104 1120/1120/1120
f 1086/1086/1086 1090/1090/1090 1121/1121/1121
f 1120/1120/1120 1104/1104/1104 1122/1122/1122
f 1123/1123/1123 1086/1086/1086 1121/1121/1121
f 1104/1104/1104 1100/1100/1100 1122/1122/1122
f 1082/1082/1082 1086/1086/1086 1123/1123/1123
f 1122/1122/1122 1100/1100/1100 1124/1124/1124
f 1125/1125/1125 1082/1082/1082 1123/1123/1123
f 1100/1100/1100 1096/1096/1096 1124/1124/1124
f 1078/1078/1078 1082/1082/1082 1125/1125/1125
f 1124/1124/1124 1096/1096/1096 1126/1126/1126
f 1127/1127/1127 1078/1078/1078 1125/1125/1125
f 1096/1096/1096 1092/1092/1092 1126/1126/1126
f 1074/1074/1074 1078/1078/1078 1127/1127/1127
f 1126/1126/1126 1092/1092/1092 1128/1128/1128
f 1129/1129/1129 1074/1074/1074 1127/1127/1127
f 1092/1092/1092 1088/1088/1088 1128/1128/1128
f 1070/1070/1070 1074/1074/1074 1129/1129/1129
f 1128/1128/1128 1088/1088/1088 1130/1130/1130
f 1131/1131/1131 1070/1070/1070 1129/1129/1129
f 1088/1088/1088 1084/1084/1084 1130/1130/1130
f 1066/1066/1066 1070/1070/1070 1131/1131/1131
f 1130/1130/1130 1084/1084/1084 1132/1132/1132
f 1133/1133/1133 1066/1066/1066 1131/1131/1131
f 1084/1084/1084 1080/1080/1080 1132/1132/1132
f 1062/1062/1062 1066/1066/1066 1133/1133/1133
f 1132/1132/1132 1080/1080/1080 1134/1134/1134
f 1135/1135/1135 1062/1062/1062 1133/1133/1133
f 1080/1080/1080 1076/1076/1076 1134/1134/1134
f 1058/1058/1058 1062/1062/1062 1135/1135/1135
f 1134/1134/1134 1076/1076/1076 1136/1136/1136
f 1137/1137/1137 1058/1058/1058 1135/1135/1135
f 1076/1076/1076 1072/1072/1072 1136/1136/1136
f 1054/1054/1054 1058/1058/1058 1137/1137/1137
f 1136/1136/1136 1072/1072/1072 1138/1138/1138
f 1139/1139/1139 1054/1054/1054 1137/1137/1137
f 1072/1072/1072 1068/1068/1068 1138/1138/1138
f 1049/1049/1049 1054/1054/1054 1139/1139/1139
f 1138/1138/1138 1068/1068/1068 1140/1140/1140
f 1141/1141/1141 1049/1049/1049 1139/1139/1139
f 1068/1068/1068 1064/1064/1064 1140/1140/1140
f 1052/1052/1052 1049/1049/1049 1141/1141/1141
f 1140/1140/1140 1064/1064/1064 1142/1142/1142
f 1143/1143/1143 1052/1052/1052 1141/1141/1141
f 1064/1064/1064 1060/1060/1060 1142/1142/1142
f 1056/1056/1056 1052/1052/1052 1143/1143/1143
f 1142/1142/1142 1060/1060/1060 1144/1144/1144
f 1144/1144/1144 1056/1056/1056 1143/1143/1143
f 1060/1060/1060 1056/1056/1056 1144/1144/1144
f 1147/1147/1147 1146/1146/1146 1145/1145/1145
f 1148/1148/1148 1147/1147/1147 1145/1145/1145
f 1145/1145/1145 1146/1146/1146 1149/1149/1149
f 1150/1150/1150 1147/1147/1147 1148/1148/1148
f 1151/1151/1151 1150/1150/1150 1148/1148/1148
f 1146/1146/1146 1152/1152/1152 1149/1149/1149
f 1149/1149/1149 1152/1152/1152 1153/1153/1153
f 1154/1154/1154 1150/1150/1150 1151/1151/1151
f 1155/1155/1155 1154/1154/1154 1151/1151/1151
f 1152/1152/1152 1156/1156/1156 1153/1153/1153
f 1153/1153/1153 1156/1156/1156 1157/1157/1157
f 1158/1158/1158 1154/1154/1154 1155/1155/1155
f 1159/1159/1159 1158/1158/1158 1155/1155/1155
f 1156/1156/1156 1160/1160/1160 1157/1157/1157
f 1157/1157/1157 1160/1160/1160 1161/1161/1161
f 1162/1162/1162 1158/1158/1158 1159/1159/1159
f 1163/1163/1163 1162/1162/1162 1159/1159/1159
f 1160/1160/1160 1164/1164/1164 1161/1161/1161
f 1161/1161/1161 1164/1164/1164 1165/1165/1165
f 1166/1166/1166 1162/1162/1162 1163/1163/1163
f 1167/1167/1167 1166/1166/1166 1163/1163/1163
f 1164/1164/1164 1168/1168/1168 1165/1165/1165
f 1165/1165/1165 1168/1168/1168 1169/1169/1169
f 1170/1170/1170 1166/1166/1166 1167/1167/1167
f 1171/1171/1171 1170/1170/1170 1167/1167/1167
f 1168/1168/1168 1172/1172/1172 1169/1169/1169
f 1169/1169/1169 1172/1172/1172 1173/1173/1173
f 1174/1174/1174 1170/1170/1170 1171/1171/1171
f 1175/1175/1175 1174/1174/1174 1171/1171/1171
f 1172/1172/1172 1176/1176/1176 1173/1173/1173
f 1173/1173/1173 1176/1176/1176 1177/1177/1177
f 1178/1178/1178 1174/1174/1174 1175/1175/1175
f 1179/1179/1179 1178/1178/1178 1175/1175/1175
f 1176/1176/1176 1180/1180/1180 1177/1177/1177
f 1177/1177/1177 1180/1180/1180 1181/1181/1181
f 1182/1182/1182 1178/1178/1178 1179/1179/1179
f 1183/1183/1183 1182/1182/1182 1179/1179/1179
f 1180/1180/1180 1184/1184/1184 1181/1181/1181
f 1181/1181/1181 1184/1184/1184 1185/1185/1185
f 1186/1186/1186 1182/1182/1182 1183/1183/1183
f 1187/1187/1187 1186/1186/1186 1183/1183/1183
f 1184/1184/1184 1188/1188/1188 1185/1185/1185
f 1185/1185/1185 1188/1188/1188 1189/1189/1189
f 1190/1190/1190 1186/1186/1186 1187/1187/1187
f 1191/1191/1191 1190/1190/1190 1187/1187/1187
f 1188/1188/1188 1192/1192/1192 1189/1189/1189
f 1189/1189/1189 1192/1192/1192 1193/1193/1193
f 1194/1194/1194 1190/1190/1190 1191/1191/1191
f 1195/1195/1195 1194/1194/1194 1191/1191/1191
f 1192/1192/1192 1196/1196/1196 1193/1193/1193
f 1193/1193/1193 1196/1196/1196 1197/1197/1197
f 1198/1198/1198 1194/1194/1194 1195/1195/1195
f 1199/1199/1199 1198/1198/1198 1195/1195/1195
f 1196/1196/1196 1200/1200/1200 1197/1197/1197
f 1197/1197/1197 1200/1200/1200 1201/1201/1201
f 1202/1202/1202 1198/1198/1198 1199/1199/1199
f 1203/1203/1203 1202/1202/1202 1199/1199/1199
f 1200/1200/1200 1204/1204/1204 1201/1201/1201
f 1201/1201/1201 1204/1204/1204 1205/1205/1205
f 1206/1206/1206 1202/1202/1202 1203/1203/1203
f 1207/1207/1207 1206/1206/1206 1203/1203/1203
f 1205/1205/1205 1208/1208/1208 1207/1207/1207
f 1204/1204/1204 1208/1208/1208 1205/1205/1205
f 1208/1208/1208 1206/1206/1206 1207/1207/1207
f 1194/1194/1194 1198/1198/1198 1209/1209/1209
f 1198/1198/1198 1202/1202/1202 1210/1210/1210
f 1209/1209/1209 1198/1198/1198 1210/1210/1210
f 1202/1202/1202 1206/1206/1206 1211/1211/1211
f 1210/1210/1210 1202/1202/1202 1211/1211/1211
f 1206/1206/1206 1208/1208/1208 1212/1212/1212
f 1211/1211/1211 1206/1206/1206 1212/1212/1212
f 1208/1208/1208 1204/1204/1204 1213/1213/1213
f 1212/1212/1212 1208/1208/1208 1213/1213/1213
f 1204/1204/1204 1200/1200/1200 1214/1214/1214
f 1213/1213/1213 1204/1204/1204 1214/1214/1214
f 1215/1215/1215 1194/1194/1194 1209/1209/1209
f 1190/1190/1190 1194/1194/1194 1215/1215/1215
f 1214/1214/1214 1200/1200/1200 1216/1216/1216
f 1200/1200/1200 1196/1196/1196 1216/1216/1216
f 1217/1217/1217 1190/1190/1190 1215/1215/1215
f 1186/1186/1186 1190/1190/1190 1217/1217/1217
f 1216/1216/1216 1196/1196/1196 1218/1218/1218
f 1196/1196/1196 1192/1192/1192 1218/1218/1218
f 1219/1219/1219 1186/1186/1186 1217/1217/1217
f 1182/1182/1182 1186/1186/1186 1219/1219/1219
f 1218/1218/1218 1192/1192/1192 1220/1220/1220
f 1192/1192/1192 1188/1188/1188 1220/1220/1220
f 1221/1221/1221 1182/1182/1182 1219/1219/1219
f 1178/1178/1178 1182/1182/1182 1221/1221/1221
f 1220/1220/1220 1188/1188/1188 1222/1222/1222
f 1188/1188/1188 1184/1184/1184 1222/1222/1222
f 1223/1223/1223 1178/1178/1178 1221/1221/1221
f 1174/1174/1174 1178/1178/1178 1223/1223/1223
f 1222/1222/1222 1184/1184/1184 1224/1224/1224
f 1184/1184/1184 1180/1180/1180 1224/1224/1224
f 1225/1225/1225 1174/1174/1174 1223/1223/1223
f 1170/1170/1170 1174/1174/1174 1225/1225/1225
f 1224/1224/1224 1180/1180/1180 1226/1226/1226
f 1180/1180/1180 1176/1176/1176 1226/1226/1226
f 1227/1227/1227 1170/1170/1170 1225/1225/1225
f 1166/1166/1166 1170/1170/1170 1227/1227/1227
f 1226/1226/1226 1176/1176/1176 1228/1228/1228
f 1176/1176/1176 1172/1172/1172 1228/1228/1228
f 1229/1229/1229 1166/1166/1166 1227/1227/1227
f 1162/1162/1162 1166/1166/1166 1229/1229/1229
f 1228/1228/1228 1172/1172/1172 1230/1230/1230
f 1172/1172/1172 1168/1168/1168 1230/1230/1230
f 1231/1231/1231 1162/1162/1162 1229/1229/1229
f 1158/1158/1158 1162/1162/1162 1231/1231/1231
f 1230/1230/1230 1168/1168/1168 1232/1232/1232
f 1168/1168/1168 1164/1164/1164 1232/1232/1232
f 1233/1233/1233 1158/1158/1158 1231/1231/1231
f 1154/1154/1154 1158/1158/1158 1233/1233/1233
f 1232/1232/1232 1164/1164/1164 1234/1234/1234
f 1164/1164/1164 1160/1160/1160 1234/1234/1234
f 1235/1235/1235 1154/1154/1154 1233/1233/1233
f 1150/1150/1150 1154/1154/1154 1235/1235/1235
f 1234/1234/1234 1160/1160/1160 1236/1236/1236
f 1160/1160/1160 1156/1156/1156 1236/1236/1236
f 1237/1237/1237 1150/1150/1150 1235/1235/1235
f 1147/1147/1147 1150/1150/1150 1237/1237/1237
f 1236/1236/1236 1156/1156/1156 1238/1238/1238
f 1156/1156/1156 1152/1152/1152 1238/1238/1238
f 1239/1239/1239 1147/1147/1147 1237/1237/1237
f 1146/1146/1146 1147/1147/1147 1239/1239/1239
f 1152/1152/1152 1146/1146/1146 1240/1240/1240
f 1238/1238/1238 1152/1152/1152 1240/1240/1240
f 1240/1240/1240 1146/1146/1146 1239/1239/1239
f 1235/1235/1235 1233/1233/1233 1241/1241/1241
f 1237/1237/1237 1235/1235/1235 1242/1242/1242
f 1242/1242/1242 1235/1235/1235 1241/1241/1241
f 1239/1239/1239 1237/1237/1237 1243/1243/1243
f 1243/1243/1243 1237/1237/1237 1242/1242/1242
f 1240/1240/1240 1239/1239/1239 1244/1244/1244
f 1244/1244/1244 1239/1239/1239 1243/1243/1243
f 1238/1238/1238 1240/1240/1240 1245/1245/1245
f 1245/1245/1245 1240/1240/1240 1244/1244/1244
f 1236/1236/1236 1238/1238/1238 1246/1246/1246
f 1246/1246/1246 1238/1238/1238 1245/1245/1245
f 1241/1241/1241 1233/1233/1233 1247/1247/1247
f 1233/1233/1233 1231/1231/1231 1247/1247/1247
f 1248/1248/1248 1236/1236/1236 1246/1246/1246
f 1234/1234/1234 1236/1236/1236 1248/1248/1248
f 1247/1247/1247 1231/1231/1231 1249/1249/1249
f 1231/1231/1231 1229/1229/1229 1249/1249/1249
f 1250/1250/1250 1234/1234/1234 1248/1248/1248
f 1232/1232/1232 1234/1234/1234 1250/1250/1250
f 1249/1249/1249 1229/1229/1229 1251/1251/1251
f 1229/1229/1229 1227/1227/1227 1251/1251/1251
f 1252/1252/1252 1232/1232/1232 1250/1250/1250
f 1230/1230/1230 1232/1232/1232 1252/1252/1252
f 1251/1251/1251 1227/1227/1227 1253/1253/1253
f 1227/1227/1227 1225/1225/1225 1253/1253/1253
f 1254/1254/1254 1230/1230/1230 1252/1252/1252
f 1228/1228/1228 1230/1230/1230 1254/1254/1254
f 1253/1253/1253 1225/1225/1225 1255/1255/1255
f 1225/1225/1225 1223/1223/1223 1255/1255/1255
f 1256/1256/1256 1228/1228/1228 1254/1254/1254
f 1226/1226/1226 1228/1228/1228 1256/1256/1256
f 1255/1255/1255 1223/1223/1223 1257/1257/1257
f 1223/1223/1223 1221/1221/1221 1257/1257/1257
f 1258/1258/1258 1226/1226/1226 1256/1256/1256
f 1224/1224/1224 1226/1226/1226 1258/1258/1258
f 1257/1257/1257 1221/1221/1221 1259/1259/1259
f 1221/1221/1221 1219/1219/1219 1259/1259/1259
f 1260/1260/1260 1224/1224/1224 1258/1258/1258
f 1222/1222/1222 1224/1224/1224 1260/1260/1260
f 1259/1259/1259 1219/1219/1219 1261/1261/1261
f 1219/1219/1219 1217/1217/1217 1261/1261/1261
f 1262/1262/1262 1222/1222/1222 1260/1260/1260
f 1220/1220/1220 1222/1222/1222 1262/1262/1262
f 1261/1261/1261 1217/1217/1217 1263/1263/1263
f 1217/1217/1217 1215/1215/1215 1263/1263/1263
f 1264/1264/1264 1220/1220/1220 1262/1262/1262
f 1218/1218/1218 1220/1220/1220 1264/1264/1264
f 1263/1263/1263 1215/1215/1215 1265/1265/1265
f 1215/1215/1215 1209/1209/1209 1265/1265/1265
f 1266/1266/1266 1218/1218/1218 1264/1264/1264
f 1216/1216/1216 1218/1218/1218 1266/1266/1266
f 1265/1265/1265 1209/1209/1209 1267/1267/1267
f 1209/1209/1209 1210/1210/1210 1267/1267/1267
f 1268/1268/1268 1216/1216/1216 1266/1266/1266
f 1214/1214/1214 1216/1216/1216 1268/1268/1268
f 1267/1267/1267 1210/1210/1210 1269/1269/1269
f 1210/1210/1210 1211/1211/1211 1269/1269/1269
f 1270/1270/1270 1214/1214/1214 1268/1268/1268
f 1213/1213/1213 1214/1214/1214 1270/1270/1270
f 1269/1269/1269 1211/1211/1211 1271/1271/1271
f 1211/1211/1211 1212/1212/1212 1271/1271/1271
f 1212/1212/1212 1213/1213/1213 1272/1272/1272
f 1272/1272/1272 1213/1213/1213 1270/1270/1270
f 1271/1271/1271 1212/1212/1212 1272/1272/1272
f 1265/1265/1265 1267/1267/1267 1273/1273/1273
f 1267/1267/1267 1269/1269/1269 1274/1274/1274
f 1273/1273/1273 1267/1267/1267 1274/1274/1274
f 1269/1269/1269 1271/1271/1271 1275/1275/1275
f 1274/1274/1274 1269/1269/1269 1275/1275/1275
f 1271/1271/1271 1272/1272/1272 1276/1276/1276
f 1275/1275/1275 1271/1271/1271 1276/1276/1276
f 1272/1272/1272 1270/1270/1270 1277/1277/1277
f 1276/1276/1276 1272/1272/1272 1277/1277/1277
f 1270/1270/1270 1268/1268/1268 1278/1278/1278
f 1277/1277/1277 1270/1270/1270 1278/1278/1278
f 1279/1279/1279 1265/1265/1265 1273/1273/1273
f 1263/1263/1263 1265/1265/1265 1279/1279/1279
f 1278/1278/1278 1268/1268/1268 1280/1280/1280
f 1268/1268/1268 1266/1266/1266 1280/1280/1280
f 1281/1281/1281 1263/1263/1263 1279/1279/1279
f 1261/1261/1261 1263/1263/1263 1281/1281/1281
f 1280/1280/1280 1266/1266/1266 1282/1282/1282
f 1266/1266/1266 1264/1264/1264 1282/1282/1282
f 1283/1283/1283 1261/1261/1261 1281/1281/1281
f 1259/1259/1259 1261/1261/1261 1283/1283/1283
f 1282/1282/1282 1264/1264/1264 1284/1284/1284
f 1264/1264/1264 1262/1262/1262 1284/1284/1284
f 1285/1285/1285 1259/1259/1259 1283/1283/1283
f 1257/1257/1257 1259/1259/1259 1285/1285/1285
f 1284/1284/1284 1262/1262/1262 1286/1286/1286
f 1262/1262/1262 1260/1260/1260 1286/1286/1286
f 1287/1287/1287 1257/1257/1257 1285/1285/1285
f 1255/1255/1255 1257/1257/1257 1287/1287/1287
f 1286/1286/1286 1260/1260/1260 1288/1288/1288
f 1260/1260/1260 1258/1258/1258 1288/1288/1288
f 1289/1289/1289 1255/1255/1255 1287/1287/1287
f 1253/1253/1253 1255/1255/1255 1289/1289/1289
f 1288/1288/1288 1258/1258/1258 1290/1290/1290
f 1258/1258/1258 1256/1256/1256 1290/1290/1290
f 1291/1291/1291 1253/1253/1253 1289/1289/1289
f 1251/1251/1251 1253/1253/1253 1291/1291/1291
f 1290/1290/1290 1256/1256/1256 1292/1292/1292
f 1256/1256/1256 1254/1254/1254 1292/1292/1292
f 1293/1293/1293 1251/1251/1251 1291/1291/1291
f 1249/1249/1249 1251/1251/1251 1293/1293/1293
f 1292/1292/1292 1254/1254/1254 1294/1294/1294
f 1254/1254/1254 1252/1252/1252 1294/1294/1294
f 1295/1295/1295 1249/1249/1249 1293/1293/1293
f 1247/1247/1247 1249/1249/1249 1295/1295/1295
f 1294/1294/1294 1252/1252/1252 1296/1296/1296
f 1252/1252/1252 1250/1250/1250 1296/1296/1296
f 1297/1297/1297 1247/1247/1247 1295/1295/1295
f 1241/1241/1241 1247/1247/1247 1297/1297/1297
f 1296/1296/1296 1250/1250/1250 1298/1298/1298
f 1250/1250/1250 1248/1248/1248 1298/1298/1298
f 1299/1299/1299 1241/1241/1241 1297/1297/1297
f 1242/1242/1242 1241/1241/1241 1299/1299/1299
f 1298/1298/1298 1248/1248/1248 1300/1300/1300
f 1248/1248/1248 1246/1246/1246 1300/1300/1300
f 1301/1301/1301 1242/1242/1242 1299/1299/1299
f 1243/1243/1243 1242/1242/1242 1301/1301/1301
f 1300/1300/1300 1246/1246/1246 1302/1302/1302
f 1246/1246/1246 1245/1245/1245 1302/1302/1302
f 1303/1303/1303 1243/1243/1243 1301/1301/1301
f 1244/1244/1244 1243/1243/1243 1303/1303/1303
f 1245/1245/1245 1244/1244/1244 1304/1304/1304
f 1302/1302/1302 1245/1245/1245 1304/1304/1304
f 1304/1304/1304 1244/1244/1244 1303/1303/1303
f 1299/1299/1299 1297/1297/1297 1305/1305/1305
f 1301/1301/1301 1299/1299/1299 1306/1306/1306
f 1306/1306/1306 1299/1299/1299 1305/1305/1305
f 1303/1303/1303 1301/1301/1301 1307/1307/1307
f 1307/1307/1307 1301/1301/1301 1306/1306/1306
f 1304/1304/1304 1303/1303/1303 1308/1308/1308
f 1308/1308/1308 1303/1303/1303 1307/1307/1307
f 1302/1302/1302 1304/1304/1304 1309/1309/1309
f 1309/1309/1309 1304/1304/1304 1308/1308/1308
f 1300/1300/1300 1302/1302/1302 1310/1310/1310
f 1310/1310/1310 1302/1302/1302 1309/1309/1309
f 1305/1305/1305 1297/1297/1297 1311/1311/1311
f 1297/1297/1297 1295/1295/1295 1311/1311/1311
f 1312/1312/1312 1300/1300/1300 1310/1310/1310
f 1298/1298/1298 1300/1300/1300 1312/1312/1312
f 1311/1311/1311 1295/1295/1295 1313/1313/1313
f 1295/1295/1295 1293/1293/1293 1313/1313/1313
f 1314/1314/1314 1298/1298/1298 1312/1312/1312
f 1296/1296/1296 1298/1298/1298 1314/1314/1314
f 1313/1313/1313 1293/1293/1293 1315/1315/1315
f 1293/1293/1293 1291/1291/1291 1315/1315/1315
f 1316/1316/1316 1296/1296/1296 1314/1314/1314
f 1294/1294/1294 1296/1296/1296 1316/1316/1316
f 1315/1315/1315 1291/1291/1291 1317/1317/1317
f 1291/1291/1291 1289/1289/1289 1317/1317/1317
f 1318/1318/1318 1294/1294/1294 1316/1316/1316
f 1292/1292/1292 1294/1294/1294 1318/1318/1318
f 1317/1317/1317 1289/1289/1289 1319/1319/1319
f 1289/1289/1289 1287/1287/1287 1319/1319/1319
f 1320/1320/1320 1292/1292/1292 1318/1318/1318
f 1290/1290/1290 1292/1292/1292 1320/1320/1320
f 1319/1319/1319 1287/1287/1287 1321/1321/1321
f 1287/1287/1287 1285/1285/1285 1321/1321/1321
f 1322/1322/1322 1290/1290/1290 1320/1320/1320
f 1288/1288/1288 1290/1290/1290 1322/1322/1322
f 1321/1321/1321 1285/1285/1285 1323/1323/1323
f 1285/1285/1285 1283/1283/1283 1323/1323/1323
f 1324/1324/1324 1288/1288/1288 1322/1322/1322
f 1286/1286/1286 1288/1288/1288 1324/1324/1324
f 1323/1323/1323 1283/1283/1283 1325/1325/1325
f 1283/1283/1283 1281/1281/1281 1325/1325/1325
f 1326/1326/1326 1286/1286/1286 1324/1324/1324
f 1284/1284/1284 1286/1286/1286 1326/1326/1326
f 1325/1325/1325 1281/1281/1281 1327/1327/1327
f 1281/1281/1281 1279/1279/1279 1327/1327/1327
f 1328/1328/1328 1284/1284/1284 1326/1326/1326
f 1282/1282/1282 1284/1284/1284 1328/1328/1328
f 1327/1327/1327 1279/1279/1279 1329/1329/1329
f 1279/1279/1279 1273/1273/1273 1329/1329/1329
f 1330/1330/1330 1282/1282/1282 1328/1328/1328
f 1280/1280/1280 1282/1282/1282 1330/1330/1330
f 1329/1329/1329 1273/1273/1273 1331/1331/1331
f 1273/1273/1273 1274/1274/1274 1331/1331/1331
f 1332/1332/1332 1280/1280/1280 1330/1330/1330
f 1278/1278/1278 1280/1280/1280 1332/1332/1332
f 1331/1331/1331 1274/1274/1274 1333/1333/1333
f 1274/1274/1274 1275/1275/1275 1333/1333/1333
f 1334/1334/1334 1278/1278/1278 1332/1332/1332
f 1277/1277/1277 1278/1278/1278 1334/1334/1334
f 1333/1333/1333 1275/1275/1275 1335/1335/1335
f 1275/1275/1275 1276/1276/1276 1335/1335/1335
f 1276/1276/1276 1277/1277/1277 1336/1336/1336
f 1336/1336/1336 1277/1277/1277 1334/1334/1334
f 1335/1335/1335 1276/1276/1276 1336/1336/1336
f 1329/1329/1329 1331/1331/1331 1337/1337/1337
f 1331/1331/1331 1333/1333/1333 1338/1338/1338
f 1337/1337/1337 1331/1331/1331 1338/1338/1338
f 1333/1333/1333 1335/1335/1335 1339/1339/1339
f 1338/1338/1338 1333/1333/1333 1339/1339/1339
f 1335/1335/1335 1336/1336/1336 1340/1340/1340
f 1339/1339/1339 1335/1335/1335 1340/1340/1340
f 1336/1336/1336 1334/1334/1334 1341/1341/1341
f 1340/1340/1340 1336/1336/1336 1341/1341/1341
f 1334/1334/1334 1332/1332/1332 1342/1342/1342
f 1341/1341/1341 1334/1334/1334 1342/1342/1342
f 1343/1343/1343 1329/1329/1329 1337/1337/1337
f 1327/1327/1327 1329/1329/1329 1343/1343/1343
f 1342/1342/1342 1332/1332/1332 1344/1344/1344
f 1332/1332/1332 1330/1330/1330 1344/1344/1344
f 1345/1345/1345 1327/1327/1327 1343/1343/1343
f 1325/1325/1325 1327/1327/1327 1345/1345/1345
f 1344/1344/1344 1330/1330/1330 1346/1346/1346
f 1330/1330/1330 1328/1328/1328 1346/1346/1346
f 1347/1347/1347 1325/1325/1325 1345/1345/1345
f 1323/1323/1323 1325/1325/1325 1347/1347/1347
f 1346/1346/1346 1328/1328/1328 1348/1348/1348
f 1328/1328/1328 1326/1326/1326 1348/1348/1348
f 1349/1349/1349 1323/1323/1323 1347/1347/1347
f 1321/1321/1321 1323/1323/1323 1349/1349/1349
f 1348/1348/1348 1326/1326/1326 1350/1350/1350
f 1326/1326/1326 1324/1324/1324 1350/1350/1350
f 1351/1351/1351 1321/1321/1321 1349/1349/1349
f 1319/1319/1319 1321/1321/1321 1351/1351/1351
f 1350/1350/1350 1324/1324/1324 1352/1352/1352
f 1324/1324/1324 1322/1322/1322 1352/1352/1352
f 1353/1353/1353 1319/1319/1319 1351/1351/1351
f 1317/1317/1317 1319/1319/1319 1353/1353/1353
f 1352/1352/1352 1322/1322/1322 1354/1354/1354
f 1322/1322/1322 1320/1320/1320 1354/1354/1354
f 1355/1355/1355 1317/1317/1317 1353/1353/1353
f 1315/1315/1315 1317/1317/1317 1355/1355/1355
f 1354/1354/1354 1320/1320/1320 1356/1356/1356
f 1320/1320/1320 1318/1318/1318 1356/1356/1356
f 1357/1357/1357 1315/1315/1315 1355/1355/1355
f 1313/1313/1313 1315/1315/1315 1357/1357/1357
f 1356/1356/1356 1318/1318/1318 1358/1358/1358
f 1318/1318/1318 1316/1316/1316 1358/1358/1358
f 1359/1359/1359 1313/1313/1313 1357/1357/1357
f 1311/1311/1311 1313/1313/1313 1359/1359/1359
f 1358/1358/1358 1316/1316/1316 1360/1360/1360
f 1316/1316/1316 1314/1314/1314 1360/1360/1360
f 1361/1361/1361 1311/1311/1311 1359/1359/1359
f 1305/1305/1305 1311/1311/1311 1361/1361/1361
f 1360/1360/1360 1314/1314/1314 1362/1362/1362
f 1314/1314/1314 1312/1312/1312 1362/1362/1362
f 1363/1363/1363 1305/1305/1305 1361/1361/1361
f 1306/1306/1306 1305/1305/1305 1363/1363/1363
f 1362/1362/1362 1312/1312/1312 1364/1364/1364
f 1312/1312/1312 1310/1310/1310 1364/1364/1364
f 1365/1365/1365 1306/1306/1306 1363/1363/1363
f 1307/1307/1307 1306/1306/1306 1365/1365/1365
f 1364/1364/1364 1310/1310/1310 1366/1366/1366
f 1310/1310/1310 1309/1309/1309 1366/1366/1366
f 1367/1367/1367 1307/1307/1307 1365/1365/1365
f 1308/1308/1308 1307/1307/1307 1367/1367/1367
f 1309/1309/1309 1308/1308/1308 1368/1368/1368
f 1366/1366/1366 1309/1309/1309 1368/1368/1368
f 1368/1368/1368 1308/1308/1308 1367/1367/1367
f 1363/1363/1363 1361/1361/1361 1369/1369/1369
f 1365/1365/1365 1363/1363/1363 1370/1370/1370
f 1370/1370/1370 1363/1363/1363 1369/1369/1369
f 1367/1367/1367 1365/1365/1365 1371/1371/1371
f 1371/1371/1371 1365/1365/1365 1370/1370/1370
f 1368/1368/1368 1367/1367/1367 1372/1372/1372
f 1372/1372/1372 1367/1367/1367 1371/1371/1371
f 1366/1366/1366 1368/1368/1368 1373/1373/1373
f 1373/1373/1373 1368/1368/1368 1372/1372/1372
f 1364/1364/1364 1366/1366/1366 1374/1374/1374
f 1374/1374/1374 1366/1366/1366 1373/1373/1373
f 1369/1369/1369 1361/1361/1361 1375/1375/1375
f 1361/1361/1361 1359/1359/1359 1375/1375/1375
f 1376/1376/1376 1364/1364/1364 1374/1374/1374
f 1362/1362/1362 1364/1364/1364 1376/1376/1376
f 1375/1375/1375 1359/1359/1359 1377/1377/1377
f 1359/1359/1359 1357/1357/1357 1377/1377/1377
f 1378/1378/1378 1362/1362/1362 1376/1376/1376
f 1360/1360/1360 1362/1362/1362 1378/1378/1378
f 1377/1377/1377 1357/1357/1357 1379/1379/1379
f 1357/1357/1357 1355/1355/1355 1379/1379/1379
f 1380/1380/1380 1360/1360/1360 1378/1378/1378
f 1358/1358/1358 1360/1360/1360 1380/1380/1380
f 1379/1379/1379 1355/1355/1355 1381/1381/1381
f 1355/1355/1355 1353/1353/1353 1381/1381/1381
f 1382/1382/1382 1358/1358/1358 1380/1380/1380
f 1356/1356/1356 1358/1358/1358 1382/1382/1382
f 1381/1381/1381 1353/1353/1353 1383/1383/1383
f 1353/1353/1353 1351/1351/1351 1383/1383/1383
f 1384/1384/1384 1356/1356/1356 1382/1382/1382
f 1354/1354/1354 1356/1356/1356 1384/1384/1384
f 1383/1383/1383 1351/1351/1351 1385/1385/1385
f 1351/1351/1351 1349/1349/1349 1385/1385/1385
f 1386/1386/1386 1354/1354/1354 1384/1384/1384
f 1352/1352/1352 1354/1354/1354 1386/1386/1386
f 1385/1385/1385 1349/1349/1349 1387/1387/1387
f 1349/1349/1349 1347/1347/1347 1387/1387/1387
f 1388/1388/1388 1352/1352/1352 1386/1386/1386
f 1350/1350/1350 1352/1352/1352 1388/1388/1388
f 1387/1387/1387 1347/1347/1347 1389/1389/1389
f 1347/1347/1347 1345/1345/1345 1389/1389/1389
f 1390/1390/1390 1350/1350/1350 1388/1388/1388
f 1348/1348/1348 1350/1350/1350 1390/1390/1390
f 1389/1389/1389 1345/1345/1345 1391/1391/1391
f 1345/1345/1345 1343/1343/1343 1391/1391/1391
f 1392/1392/1392 1348/1348/1348 1390/1390/1390
f 1346/1346/1346 1348/1348/1348 1392/1392/1392
f 1391/1391/1391 1343/1343/1343 1393/1393/1393
f 1343/1343/1343 1337/1337/1337 1393/1393/1393
f 1394/1394/1394 1346/1346/1346 1392/1392/1392
f 1344/1344/1344 1346/1346/1346 1394/1394/1394
f 1393/1393/1393 1337/1337/1337 1395/1395/1395
f 1337/1337/1337 1338/1338/1338 1395/1395/1395
f 1396/1396/1396 1344/1344/1344 1394/1394/1394
f 1342/1342/1342 1344/1344/1344 1396/1396/1396
f 1395/1395/1395 1338/1338/1338 1397/1397/1397
f 1338/1338/1338 1339/1339/1339 1397/1397/1397
f 1398/1398/1398 1342/1342/1342 1396/1396/1396
f 1341/1341/1341 1342/1342/1342 1398/1398/1398
f 1397/1397/1397 1339/1339/1339 1399/1399/1399
f 1339/1339/1339 1340/1340/1340 1399/1399/1399
f 1340/1340/1340 1341/1341/1341 1400/1400/1400
f 1400/1400/1400 1341/1341/1341 1398/1398/1398
f 1399/1399/1399 1340/1340/1340 1400/1400/1400
f 1401/1401/1401 1393/1393/1393 1395/1395/1395
f 1402/1402/1402 1395/1395/1395 1397/1397/1397
f 1402/1402/1402 1401/1401/1401 1395/1395/1395
f 1403/1403/1403 1397/1397/1397 1399/1399/1399
f 1403/1403/1403 1402/1402/1402 1397/1397/1397
f 1404/1404/1404 1399/1399/1399 1400/1400/1400
f 1404/1404/1404 1403/1403/1403 1399/1399/1399
f 1405/1405/1405 1400/1400/1400 1398/1398/1398
f 1405/1405/1405 1404/1404/1404 1400/1400/1400
f 1406/1406/1406 1398/1398/1398 1396/1396/1396
f 1406/1406/1406 1405/1405/1405 1398/1398/1398
f 1401/1401/1401 1407/1407/1407 1393/1393/1393
f 1407/1407/1407 1391/1391/1391 1393/1393/1393
f 1408/1408/1408 1406/1406/1406 1396/1396/1396
f 1408/1408/1408 1396/1396/1396 1394/1394/1394
f 1407/1407/1407 1409/1409/1409 1391/1391/1391
f 1409/1409/1409 1389/1389/1389 1391/1391/1391
f 1410/1410/1410 1408/1408/1408 1394/1394/1394
f 1410/1410/1410 1394/1394/1394 1392/1392/1392
f 1409/1409/1409 1411/1411/1411 1389/1389/1389
f 1411/1411/1411 1387/1387/1387 1389/1389/1389
f 1412/1412/1412 1410/1410/1410 1392/1392/1392
f 1412/1412/1412 1392/1392/1392 1390/1390/1390
f 1411/1411/1411 1413/1413/1413 1387/1387/1387
f 1413/1413/1413 1385/1385/1385 1387/1387/1387
f 1414/1414/1414 1412/1412/1412 1390/1390/1390
f 1414/1414/1414 1390/1390/1390 1388/1388/1388
f 1413/1413/1413 1415/1415/1415 1385/1385/1385
f 1415/1415/1415 1383/1383/1383 1385/1385/1385
f 1416/1416/1416 1414/1414/1414 1388/1388/1388
f 1416/1416/1416 1388/1388/1388 1386/1386/1386
f 1415/1415/1415 1417/1417/1417 1383/1383/1383
f 1417/1417/1417 1381/1381/1381 1383/1383/1383
f 1418/1418/1418 1416/1416/1416 1386/1386/1386
f 1418/1418/1418 1386/1386/1386 1384/1384/1384
f 1417/1417/1417 1419/1419/1419 1381/1381/1381
f 1419/1419/1419 1379/1379/1379 1381/1381/1381
f 1420/1420/1420 1418/1418/1418 1384/1384/1384
f 1420/1420/1420 1384/1384/1384 1382/1382/1382
f 1419/1419/1419 1421/1421/1421 1379/1379/1379
f 1421/1421/1421 1377/1377/1377 1379/1379/1379
f 1422/1422/1422 1420/1420/1420 1382/1382/1382
f 1422/1422/1422 1382/1382/1382 1380/1380/1380
f 1421/1421/1421 1423/1423/1423 1377/1377/1377
f 1423/1423/1423 1375/1375/1375 1377/1377/1377
f 1424/1424/1424 1422/1422/1422 1380/1380/1380
f 1424/1424/1424 1380/1380/1380 1378/1378/1378
f 1423/1423/1423 1425/1425/1425 1375/1375/1375
f 1425/1425/1425 1369/1369/1369 1375/1375/1375
f 1426/1426/1426 1424/1424/1424 1378/1378/1378
f 1426/1426/1426 1378/1378/1378 1376/1376/1376
f 1425/1425/1425 1427/1427/1427 1369/1369/1369
f 1427/1427/1427 1370/1370/1370 1369/1369/1369
f 1428/1428/1428 1426/1426/1426 1376/1376/1376
f 1428/1428/1428 1376/1376/1376 1374/1374/1374
f 1427/1427/1427 1429/1429/1429 1370/1370/1370
f 1429/1429/1429 1371/1371/1371 1370/1370/1370
f 1430/1430/1430 1428/1428/1428 1374/1374/1374
f 1430/1430/1430 1374/1374/1374 1373/1373/1373
f 1429/1429/1429 1431/1431/1431 1371/1371/1371
f 1431/1431/1431 1372/1372/1372 1371/1371/1371
f 1432/1432/1432 1373/1373/1373 1372/1372/1372
f 1432/1432/1432 1430/1430/1430 1373/1373/1373
f 1431/1431/1431 1432/1432/1432 1372/1372/1372
f 1433/1433/1433 1427/1427/1427 1425/1425/1425
f 1434/1434/1434 1429/1429/1429 1427/1427/1427
f 1433/1433/1433 1434/1434/1434 1427/1427/1427
f 1435/1435/1435 1431/1431/1431 1429/1429/1429
f 1434/1434/1434 1435/1435/1435 1429/1429/1429
f 1436/1436/1436 1432/1432/1432 1431/1431/1431
f 1435/1435/1435 1436/1436/1436 1431/1431/1431
f 1437/1437/1437 1430/1430/1430 1432/1432/1432
f 1436/1436/1436 1437/1437/1437 1432/1432/1432
f 1438/1438/1438 1428/1428/1428 1430/1430/1430
f 1437/1437/1437 1438/1438/1438 1430/1430/1430
f 1439/1439/1439 1433/1433/1433 1425/1425/1425
f 1439/1439/1439 1425/1425/1425 1423/1423/1423
f 1438/1438/1438 1440/1440/1440 1428/1428/1428
f 1440/1440/1440 1426/1426/1426 1428/1428/1428
f 1441/1441/1441 1439/1439/1439 1423/1423/1423
f 1441/1441/1441 1423/1423/1423 1421/1421/1421
f 1440/1440/1440 1442/1442/1442 1426/1426/1426
f 1442/1442/1442 1424/1424/1424 1426/1426/1426
f 1443/1443/1443 1441/1441/1441 1421/1421/1421
f 1443/1443/1443 1421/1421/1421 1419/1419/1419
f 1442/1442/1442 1444/1444/1444 1424/1424/1424
f 1444/1444/1444 1422/1422/1422 1424/1424/1424
f 1445/1445/1445 1443/1443/1443 1419/1419/1419
f 1445/1445/1445 1419/1419/1419 1417/1417/1417
f 1444/1444/1444 1446/1446/1446 1422/1422/1422
f 1446/1446/1446 1420/1420/1420 1422/1422/1422
f 1447/1447/1447 1445/1445/1445 1417/1417/1417
f 1447/1447/1447 1417/1417/1417 1415/1415/1415
f 1446/1446/1446 1448/1448/1448 1420/1420/1420
f 1448/1448/1448 1418/1418/1418 1420/1420/1420
f 1449/1449/1449 1447/1447/1447 1415/1415/1415
f 1449/1449/1449 1415/1415/1415 1413/1413/1413
f 1448/1448/1448 1450/1450/1450 1418/1418/1418
f 1450/1450/1450 1416/1416/1416 1418/1418/1418
f 1451/1451/1451 1449/1449/1449 1413/1413/1413
f 1451/1451/1451 1413/1413/1413 1411/1411/1411
f 1450/1450/1450 1452/1452/1452 1416/1416/1416
f 1452/1452/1452 1414/1414/1414 1416/1416/1416
f 1453/1453/1453 1451/1451/1451 1411/1411/1411
f 1453/1453/1453 1411/1411/1411 1409/1409/1409
f 1452/1452/1452 1454/1454/1454 1414/1414/1414
f 1454/1454/1454 1412/1412/1412 1414/1414/1414
f 1455/1455/1455 1453/1453/1453 1409/1409/1409
f 1455/1455/1455 1409/1409/1409 1407/1407/1407
f 1454/1454/1454 1456/1456/1456 1412/1412/1412
f 1456/1456/1456 1410/1410/1410 1412/1412/1412
f 1457/1457/1457 1455/1455/1455 1407/1407/1407
f 1457/1457/1457 1407/1407/1407 1401/1401/1401
f 1456/1456/1456 1458/1458/1458 1410/1410/1410
f 1458/1458/1458 1408/1408/1408 1410/1410/1410
f 1459/1459/1459 1457/1457/1457 1401/1401/1401
f 1459/1459/1459 1401/1401/1401 1402/1402/1402
f 1458/1458/1458 1460/1460/1460 1408/1408/1408
f 1460/1460/1460 1406/1406/1406 1408/1408/1408
f 1461/1461/1461 1459/1459/1459 1402/1402/1402
f 1461/1461/1461 1402/1402/1402 1403/1403/1403
f 1460/1460/1460 1462/1462/1462 1406/1406/1406
f 1462/1462/1462 1405/1405/1405 1406/1406/1406
f 1463/1463/1463 1461/1461/1461 1403/1403/1403
f 1463/1463/1463 1403/1403/1403 1404/1404/1404
f 1464/1464/1464 1404/1404/1404 1405/1405/1405
f 1462/1462/1462 1464/1464/1464 1405/1405/1405
f 1464/1464/1464 1463/1463/1463 1404/1404/1404
f 1465/1465/1465 1457/1457/1457 1459/1459/1459
f 1466/1466/1466 1459/1459/1459 1461/1461/1461
f 1466/1466/1466 1465/1465/1465 1459/1459/1459
f 1467/1467/1467 1461/1461/1461 1463/1463/1463
f 1467/1467/1467 1466/1466/1466 1461/1461/1461
f 1468/1468/1468 1463/1463/1463 1464/1464/1464
f 1468/1468/1468 1467/1467/1467 1463/1463/1463
f 1469/1469/1469 1464/1464/1464 1462/1462/1462
f 1469/1469/1469 1468/1468/1468 1464/1464/1464
f 1470/1470/1470 1462/1462/1462 1460/1460/1460
f 1470/1470/1470 1469/1469/1469 1462/1462/1462
f 1465/1465/1465 1471/1471/1471 1457/1457/1457
f 1471/1471/1471 1455/1455/1455 1457/1457/1457
f 1472/1472/1472 1470/1470/1470 1460/1460/1460
f 1472/1472/1472 1460/1460/1460 1458/1458/1458
f 1471/1471/1471 1473/1473/1473 1455/1455/1455
f 1473/1473/1473 1453/1453/1453 1455/1455/1455
f 1474/1474/1474 1472/1472/1472 1458/1458/1458
f 1474/1474/1474 1458/1458/1458 1456/1456/1456
f 1473/1473/1473 1475/1475/1475 1453/1453/1453
f 1475/1475/1475 1451/1451/1451 1453/1453/1453
f 1476/1476/1476 1474/1474/1474 1456/1456/1456
f 1476/1476/1476 1456/1456/1456 1454/1454/1454
f 1475/1475/1475 1477/1477/1477 1451/1451/1451
f 1477/1477/1477 1449/1449/1449 1451/1451/1451
f 1478/1478/1478 1476/1476/1476 1454/1454/1454
f 1478/1478/1478 1454/1454/1454 1452/1452/1452
f 1477/1477/1477 1479/1479/1479 1449/1449/1449
f 1479/1479/1479 1447/1447/1447 1449/1449/1449
f 1480/1480/1480 1478/1478/1478 1452/1452/1452
f 1480/1480/1480 1452/1452/1452 1450/1450/1450
f 1479/1479/1479 1481/1481/1481 1447/1447/1447
f 1481/1481/1481 1445/1445/1445 1447/1447/1447
f 1482/1482/1482 1480/1480/1480 1450/1450/1450
f 1482/1482/1482 1450/1450/1450 1448/1448/1448
f 1481/1481/1481 1483/1483/1483 1445/1445/1445
f 1483/1483/1483 1443/1443/1443 1445/1445/1445
f 1484/1484/1484 1482/1482/1482 1448/1448/1448
f 1484/1484/1484 1448/1448/1448 1446/1446/1446
f 1483/1483/1483 1485/1485/1485 1443/1443/1443
f 1485/1485/1485 1441/1441/1441 1443/1443/1443
f 1486/1486/1486 1484/1484/1484 1446/1446/1446
f 1486/1486/1486 1446/1446/1446 1444/1444/1444
f 1485/1485/1485 1487/1487/1487 1441/1441/1441
f 1487/1487/1487 1439/1439/1439 1441/1441/1441
f 1488/1488/1488 1486/1486/1486 1444/1444/1444
f 1488/1488/1488 1444/1444/1444 1442/1442/1442
f 1487/1487/1487 1489/1489/1489 1439/1439/1439
f 1489/1489/1489 1433/1433/1433 1439/1439/1439
f 1490/1490/1490 1488/1488/1488 1442/1442/1442
f 1490/1490/1490 1442/1442/1442 1440/1440/1440
f 1489/1489/1489 1491/1491/1491 1433/1433/1433
f 1491/1491/1491 1434/1434/1434 1433/1433/1433
f 1492/1492/1492 1490/1490/1490 1440/1440/1440
f 1492/1492/1492 1440/1440/1440 1438/1438/1438
f 1491/1491/1491 1493/1493/1493 1434/1434/1434
f 1493/1493/1493 1435/1435/1435 1434/1434/1434
f 1494/1494/1494 1492/1492/1492 1438/1438/1438
f 1494/1494/1494 1438/1438/1438 1437/1437/1437
f 1493/1493/1493 1495/1495/1495 1435/1435/1435
f 1495/1495/1495 1436/1436/1436 1435/1435/1435
f 1496/1496/1496 1437/1437/1437 1436/1436/1436
f 1496/1496/1496 1494/1494/1494 1437/1437/1437
f 1495/1495/1495 1496/1496/1496 1436/1436/1436
f 1497/1497/1497 1491/1491/1491 1489/1489/1489
f 1498/1498/1498 1493/1493/1493 1491/1491/1491
f 1497/1497/1497 1498/1498/1498 1491/1491/1491
f 1499/1499/1499 1495/1495/1495 1493/1493/1493
f 1498/1498/1498 1499/1499/1499 1493/1493/1493
f 1500/1500/1500 1496/1496/1496 1495/1495/1495
f 1499/1499/1499 1500/1500/1500 1495/1495/1495
f 1501/1501/1501 1494/1494/1494 1496/1496/1496
f 1500/1500/1500 1501/1501/1501 1496/1496/1496
f 1502/1502/1502 1492/1492/1492 1494/1494/1494
f 1501/1501/1501 1502/1502/1502 1494/1494/1494
f 1503/1503/1503 1497/1497/1497 1489/1489/1489
f 1503/1503/1503 1489/1489/1489 1487/1487/1487
f 1502/1502/1502 1504/1504/1504 1492/1492/1492
f 1504/1504/1504 1490/1490/1490 1492/1492/1492
f 1505/1505/1505 1503/1503/1503 1487/1487/1487
f 1505/1505/1505 1487/1487/1487 1485/1485/1485
f 1504/1504/1504 1506/1506/1506 1490/1490/1490
f 1506/1506/1506 1488/1488/1488 1490/1490/1490
f 1507/1507/1507 1505/1505/1505 1485/1485/1485
f 1507/1507/1507 1485/1485/1485 1483/1483/1483
f 1506/1506/1506 1508/1508/1508 1488/1488/1488
f 1508/1508/1508 1486/1486/1486 1488/1488/1488
f 1509/1509/1509 1507/1507/1507 1483/1483/1483
f 1509/1509/1509 1483/1483/1483 1481/1481/1481
f 1508/1508/1508 1510/1510/1510 1486/1486/1486
f 1510/1510/1510 1484/1484/1484 1486/1486/1486
f 1511/1511/1511 1509/1509/1509 1481/1481/1481
f 1511/1511/1511 1481/1481/1481 1479/1479/1479
f 1510/1510/1510 1512/1512/1512 1484/1484/1484
f 1512/1512/1512 1482/1482/1482 1484/1484/1484
f 1513/1513/1513 1511/1511/1511 1479/1479/1479
f 1513/1513/1513 1479/1479/1479 1477/1477/1477
f 1512/1512/1512 1514/1514/1514 1482/1482/1482
f 1514/1514/1514 1480/1480/1480 1482/1482/1482
f 1515/1515/1515 1513/1513/1513 1477/1477/1477
f 1515/1515/1515 1477/1477/1477 1475/1475/1475
f 1514/1514/1514 1516/1516/1516 1480/1480/1480
f 1516/1516/1516 1478/1478/1478 1480/1480/1480
f 1517/1517/1517 1515/1515/1515 1475/1475/1475
f 1517/1517/1517 1475/1475/1475 1473/1473/1473
f 1516/1516/1516 1518/1518/1518 1478/1478/1478
f 1518/1518/1518 1476/1476/1476 1478/1478/1478
f 1519/1519/1519 1517/1517/1517 1473/1473/1473
f 1519/1519/1519 1473/1473/1473 1471/1471/1471
f 1518/1518/1518 1520/1520/1520 1476/1476/1476
f 1520/1520/1520 1474/1474/1474 1476/1476/1476
f 1521/1521/1521 1519/1519/1519 1471/1471/1471
f 1521/1521/1521 1471/1471/1471 1465/1465/1465
f 1520/1520/1520 1522/1522/1522 1474/1474/1474
f 1522/1522/1522 1472/1472/1472 1474/1474/1474
f 1523/1523/1523 1521/1521/1521 1465/1465/1465
f 1523/1523/1523 1465/1465/1465 1466/1466/1466
f 1522/1522/1522 1524/1524/1524 1472/1472/1472
f 1524/1524/1524 1470/1470/1470 1472/1472/1472
f 1525/1525/1525 1523/1523/1523 1466/1466/1466
f 1525/1525/1525 1466/1466/1466 1467/1467/1467
f 1524/1524/1524 1526/1526/1526 1470/1470/1470
f 1526/1526/1526 1469/1469/1469 1470/1470/1470
f 1527/1527/1527 1525/1525/1525 1467/1467/1467
f 1527/1527/1527 1467/1467/1467 1468/1468/1468
f 1528/1528/1528 1468/1468/1468 1469/1469/1469
f 1526/1526/1526 1528/1528/1528 1469/1469/1469
f 1528/1528/1528 1527/1527/1527 1468/1468/1468
f 1529/1529/1529 1521/1521/1521 1523/1523/1523
f 1530/1530/1530 1523/1523/1523 1525/1525/1525
f 1530/1530/1530 1529/1529/1529 1523/1523/1523
f 1531/1531/1531 1525/1525/1525 1527/1527/1527
f 1531/1531/1531 1530/1530/1530 1525/1525/1525
f 1532/1532/1532 1527/1527/1527 1528/1528/1528
f 1532/1532/1532 1531/1531/1531 1527/1527/1527
f 1533/1533/1533 1528/1528/1528 1526/1526/1526
f 1533/1533/1533 1532/1532/1532 1528/1528/1528
f 1534/1534/1534 1526/1526/1526 1524/1524/1524
f 1534/1534/1534 1533/1533/1533 1526/1526/1526
f 1529/1529/1529 1535/1535/1535 1521/1521/1521
f 1535/1535/1535 1519/1519/1519 1521/1521/1521
f 1536/1536/1536 1534/1534/1534 1524/1524/1524
f 1536/1536/1536 1524/1524/1524 1522/1522/1522
f 1535/1535/1535 1537/1537/1537 1519/1519/1519
f 1537/1537/1537 1517/1517/1517 1519/1519/1519
f 1538/1538/1538 1536/1536/1536 1522/1522/1522
f 1538/1538/1538 1522/1522/1522 1520/1520/1520
f 1537/1537/1537 1539/1539/1539 1517/1517/1517
f 1539/1539/1539 1515/1515/1515 1517/1517/1517
f 1540/1540/1540 1538/1538/1538 1520/1520/1520
f 1540/1540/1540 1520/1520/1520 1518/1518/1518
f 1539/1539/1539 1541/1541/1541 1515/1515/1515
f 1541/1541/1541 1513/1513/1513 1515/1515/1515
f 1542/1542/1542 1540/1540/1540 1518/1518/1518
f 1542/1542/1542 1518/1518/1518 1516/1516/1516
f 1541/1541/1541 1543/1543/1543 1513/1513/1513
f 1543/1543/1543 1511/1511/1511 1513/1513/1513
f 1544/1544/1544 1542/1542/1542 1516/1516/1516
f 1544/1544/1544 1516/1516/1516 1514/1514/1514
f 1543/1543/1543 1545/1545/1545 1511/1511/1511
f 1545/1545/1545 1509/1509/1509 1511/1511/1511
f 1546/1546/1546 1544/1544/1544 1514/1514/1514
f 1546/1546/1546 1514/1514/1514 1512/1512/1512
f 1545/1545/1545 1547/1547/1547 1509/1509/1509
f 1547/1547/1547 1507/1507/1507 1509/1509/1509
f 1548/1548/1548 1546/1546/1546 1512/1512/1512
f 1548/1548/1548 1512/1512/1512 1510/1510/1510
f 1547/1547/1547 1549/1549/1549 1507/1507/1507
f 1549/1549/1549 1505/1505/1505 1507/1507/1507
f 1550/1550/1550 1548/1548/1548 1510/1510/1510
f 1550/1550/1550 1510/1510/1510 1508/1508/1508
f 1549/1549/1549 1551/1551/1551 1505/1505/1505
f 1551/1551/1551 1503/1503/1503 1505/1505/1505
f 1552/1552/1552 1550/1550/1550 1508/1508/1508
f 1552/1552/1552 1508/1508/1508 1506/1506/1506
f 1551/1551/1551 1553/1553/1553 1503/1503/1503
f 1553/1553/1553 1497/1497/1497 1503/1503/1503
f 1554/1554/1554 1552/1552/1552 1506/1506/1506
f 1554/1554/1554 1506/1506/1506 1504/1504/1504
f 1553/1553/1553 1555/1555/1555 1497/1497/1497
f 1555/1555/1555 1498/1498/1498 1497/1497/1497
f 1556/1556/1556 1554/1554/1554 1504/1504/1504
f 1556/1556/1556 1504/1504/1504 1502/1502/1502
f 1555/1555/1555 1557/1557/1557 1498/1498/1498
f 1557/1557/1557 1499/1499/1499 1498/1498/1498
f 1558/1558/1558 1556/1556/1556 1502/1502/1502
f 1558/1558/1558 1502/1502/1502 1501/1501/1501
f 1557/1557/1557 1559/1559/1559 1499/1499/1499
f 1559/1559/1559 1500/1500/1500 1499/1499/1499
f 1560/1560/1560 1501/1501/1501 1500/1500/1500
f 1560/1560/1560 1558/1558/1558 1501/1501/1501
f 1559/1559/1559 1560/1560/1560 1500/1500/1500
f 1561/1561/1561 1555/1555/1555 1553/1553/1553
f 1562/1562/1562 1557/1557/1557 1555/1555/1555
f 1561/1561/1561 1562/1562/1562 1555/1555/1555
f 1563/1563/1563 1559/1559/1559 1557/1557/1557
f 1562/1562/1562 1563/1563/1563 1557/1557/1557
f 1564/1564/1564 1560/1560/1560 1559/1559/1559
f 1563/1563/1563 1564/1564/1564 1559/1559/1559
f 1565/1565/1565 1558/1558/1558 1560/1560/1560
f 1564/1564/1564 1565/1565/1565 1560/1560/1560
f 1566/1566/1566 1556/1556/1556 1558/1558/1558
f 1565/1565/1565 1566/1566/1566 1558/1558/1558
f 1567/1567/1567 1561/1561/1561 1553/1553/1553
f 1567/1567/1567 1553/1553/1553 1551/1551/1551
f 1566/1566/1566 1568/1568/1568 1556/1556/1556
f 1568/1568/1568 1554/1554/1554 1556/1556/1556
f 1569/1569/1569 1567/1567/1567 1551/1551/1551
f 1569/1569/1569 1551/1551/1551 1549/1549/1549
f 1568/1568/1568 1570/1570/1570 1554/1554/1554
f 1570/1570/1570 1552/1552/1552 1554/1554/1554
f 1571/1571/1571 1569/1569/1569 1549/1549/1549
f 1571/1571/1571 1549/1549/1549 1547/1547/1547
f 1570/1570/1570 1572/1572/1572 1552/1552/1552
f 1572/1572/1572 1550/1550/1550 1552/1552/1552
f 1573/1573/1573 1571/1571/1571 1547/1547/1547
f 1573/1573/1573 1547/1547/1547 1545/1545/1545
f 1572/1572/1572 1574/1574/1574 1550/1550/1550
f 1574/1574/1574 1548/1548/1548 1550/1550/1550
f 1575/1575/1575 1573/1573/1573 1545/1545/1545
f 1575/1575/1575 1545/1545/1545 1543/1543/1543
f 1574/1574/1574 1576/1576/1576 1548/1548/1548
f 1576/1576/1576 1546/1546/1546 1548/1548/1548
f 1577/1577/1577 1575/1575/1575 1543/1543/1543
f 1577/1577/1577 1543/1543/1543 1541/1541/1541
f 1576/1576/1576 1578/1578/1578 1546/1546/1546
f 1578/1578/1578 1544/1544/1544 1546/1546/1546
f 1579/1579/1579 1577/1577/1577 1541/1541/1541
f 1579/1579/1579 1541/1541/1541 1539/1539/1539
f 1578/1578/1578 1580/1580/1580 1544/1544/1544
f 1580/1580/1580 1542/1542/1542 1544/1544/1544
f 1581/1581/1581 1579/1579/1579 1539/1539/1539
f 1581/1581/1581 1539/1539/1539 1537/1537/1537
f 1580/1580/1580 1582/1582/1582 1542/1542/1542
f 1582/1582/1582 1540/1540/1540 1542/1542/1542
f 1583/1583/1583 1581/1581/1581 1537/1537/1537
f 1583/1583/1583 1537/1537/1537 1535/1535/1535
f 1582/1582/1582 1584/1584/1584 1540/1540/1540
f 1584/1584/1584 1538/1538/1538 1540/1540/1540
f 1585/1585/1585 1583/1583/1583 1535/1535/1535
f 1585/1585/1585 1535/1535/1535 1529/1529/1529
f 1584/1584/1584 1586/1586/1586 1538/1538/1538
f 1586/1586/1586 1536/1536/1536 1538/1538/1538
f 1587/1587/1587 1585/1585/1585 1529/1529/1529
f 1587/1587/1587 1529/1529/1529 1530/1530/1530
f 1586/1586/1586 1588/1588/1588 1536/1536/1536
f 1588/1588/1588 1534/1534/1534 1536/1536/1536
f 1589/1589/1589 1587/1587/1587 1530/1530/1530
f 1589/1589/1589 1530/1530/1530 1531/1531/1531
f 1588/1588/1588 1590/1590/1590 1534/1534/1534
f 1590/1590/1590 1533/1533/1533 1534/1534/1534
f 1591/1591/1591 1589/1589/1589 1531/1531/1531
f 1591/1591/1591 1531/1531/1531 1532/1532/1532
f 1592/1592/1592 1532/1532/1532 1533/1533/1533
f 1590/1590/1590 1592/1592/1592 1533/1533/1533
f 1592/1592/1592 1591/1591/1591 1532/1532/1532
f 1593/1593/1593 1585/1585/1585 1587/1587/1587
f 1594/1594/1594 1587/1587/1587 1589/1589/1589
f 1594/1594/1594 1593/1593/1593 1587/1587/1587
f 1595/1595/1595 1593/1593/1593 1594/1594/1594
f 1593/1593/1593 1596/1596/1596 1585/1585/1585
f 1595/1595/1595 1596/1596/1596 1593/1593/1593
f 1596/1596/1596 1583/1583/1583 1585/1585/1585
f 1597/1597/1597 1594/1594/1594 1589/1589/1589
f 1597/1597/1597 1589/1589/1589 1591/1591/1591
f 1595/1595/1595 1594/1594/1594 1597/1597/1597
f 1596/1596/1596 1598/1598/1598 1583/1583/1583
f 1595/1595/1595 1598/1598/1598 1596/1596/1596
f 1598/1598/1598 1581/1581/1581 1583/1583/1583
f 1599/1599/1599 1597/1597/1597 1591/1591/1591
f 1599/1599/1599 1591/1591/1591 1592/1592/1592
f 1595/1595/1595 1597/1597/1597 1599/1599/1599
f 1598/1598/1598 1600/1600/1600 1581/1581/1581
f 1595/1595/1595 1600/1600/1600 1598/1598/1598
f 1600/1600/1600 1579/1579/1579 1581/1581/1581
f 1601/1601/1601 1599/1599/1599 1592/1592/1592
f 1595/1595/1595 1599/1599/1599 1601/1601/1601
f 1595/1595/1595 1602/1602/1602 1600/1600/1600
f 1600/1600/1600 1602/1602/1602 1579/1579/1579
f 1595/1595/1595 1601/1601/1601 1603/1603/1603
f 1601/1601/1601 1592/1592/1592 1590/1590/1590
f 1603/1603/1603 1601/1601/1601 1590/1590/1590
f 1602/1602/1602 1577/1577/1577 1579/1579/1579
f 1603/1603/1603 1590/1590/1590 1588/1588/1588
f 1602/1602/1602 1604/1604/1604 1577/1577/1577
f 1595/1595/1595 1604/1604/1604 1602/1602/1602
f 1604/1604/1604 1575/1575/1575 1577/1577/1577
f 1605/1605/1605 1603/1603/1603 1588/1588/1588
f 1595/1595/1595 1603/1603/1603 1605/1605/1605
f 1605/1605/1605 1588/1588/1588 1586/1586/1586
f 1604/1604/1604 1606/1606/1606 1575/1575/1575
f 1595/1595/1595 1606/1606/1606 1604/1604/1604
f 1606/1606/1606 1573/1573/1573 1575/1575/1575
f 1607/1607/1607 1605/1605/1605 1586/1586/1586
f 1595/1595/1595 1605/1605/1605 1607/1607/1607
f 1607/1607/1607 1586/1586/1586 1584/1584/1584
f 1606/1606/1606 1608/1608/1608 1573/1573/1573
f 1595/1595/1595 1608/1608/1608 1606/1606/1606
f 1608/1608/1608 1571/1571/1571 1573/1573/1573
f 1609/1609/1609 1607/1607/1607 1584/1584/1584
f 1595/1595/1595 1607/1607/1607 1609/1609/1609
f 1595/1595/1595 1610/1610/1610 1608/1608/1608
f 1608/1608/1608 1610/1610/1610 1571/1571/1571
f 1595/1595/1595 1609/1609/1609 1611/1611/1611
f 1609/1609/1609 1584/1584/1584 1582/1582/1582
f 1611/1611/1611 1609/1609/1609 1582/1582/1582
f 1610/1610/1610 1569/1569/1569 1571/1571/1571
f 1611/1611/1611 1582/1582/1582 1580/1580/1580
f 1610/1610/1610 1612/1612/1612 1569/1569/1569
f 1595/1595/1595 1612/1612/1612 1610/1610/1610
f 1612/1612/1612 1567/1567/1567 1569/1569/1569
f 1613/1613/1613 1611/1611/1611 1580/1580/1580
f 1595/1595/1595 1611/1611/1611 1613/1613/1613
f 1613/1613/1613 1580/1580/1580 1578/1578/1578
f 1612/1612/1612 1614/1614/1614 1567/1567/1567
f 1595/1595/1595 1614/1614/1614 1612/1612/1612
f 1614/1614/1614 1561/1561/1561 1567/1567/1567
f 1615/1615/1615 1613/1613/1613 1578/1578/1578
f 1595/1595/1595 1613/1613/1613 1615/1615/1615
f 1615/1615/1615 1578/1578/1578 1576/1576/1576
f 1614/1614/1614 1616/1616/1616 1561/1561/1561
f 1595/1595/1595 1616/1616/1616 1614/1614/1614
f 1616/1616/1616 1562/1562/1562 1561/1561/1561
f 1617/1617/1617 1615/1615/1615 1576/1576/1576
f 1595/1595/1595 1615/1615/1615 1617/1617/1617
f 1595/1595/1595 1618/1618/1618 1616/1616/1616
f 1616/1616/1616 1618/1618/1618 1562/1562/1562
f 1595/1595/1595 1617/1617/1617 1619/1619/1619
f 1617/1617/1617 1576/1576/1576 1574/1574/1574
f 1619/1619/1619 1617/1617/1617 1574/1574/1574
f 1618/1618/1618 1563/1563/1563 1562/1562/1562
f 1619/1619/1619 1574/1574/1574 1572/1572/1572
f 1618/1618/1618 1620/1620/1620 1563/1563/1563
f 1595/1595/1595 1620/1620/1620 1618/1618/1618
f 1620/1620/1620 1564/1564/1564 1563/1563/1563
f 1621/1621/1621 1619/1619/1619 1572/1572/1572
f 1595/1595/1595 1619/1619/1619 1621/1621/1621
f 1621/1621/1621 1572/1572/1572 1570/1570/1570
f 1620/1620/1620 1622/1622/1622 1564/1564/1564
f 1595/1595/1595 1622/1622/1622 1620/1620/1620
f 1622/1622/1622 1565/1565/1565 1564/1564/1564
f 1623/1623/1623 1621/1621/1621 1570/1570/1570
f 1595/1595/1595 1621/1621/1621 1623/1623/1623
f 1623/1623/1623 1570/1570/1570 1568/1568/1568
f 1622/1622/1622 1624/1624/1624 1565/1565/1565
f 1595/1595/1595 1624/1624/1624 1622/1622/1622
f 1624/1624/1624 1566/1566/1566 1565/1565/1565
f 1625/1625/1625 1568/1568/1568 1566/1566/1566
f 1625/1625/1625 1623/1623/1623 1568/1568/1568
f 1595/1595/1595 1623/1623/1623 1625/1625/1625
f 1595/1595/1595 1625/1625/1625 1624/1624/1624
f 1624/1624/1624 1625/1625/1625 1566/1566/1566
f 1628/1628/1628 1627/1627/1627 1626/1626/1626
f 1629/1629/1629 1628/1628/1628 1626/1626/1626
f 1629/1629/1629 1626/1626/1626 1630/1630/1630
f 1628/1628/1628 1631/1631/1631 1627/1627/1627
f 1631/1631/1631 1632/1632/1632 1627/1627/1627
f 1633/1633/1633 1628/1628/1628 1629/1629/1629
f 1634/1634/1634 1631/1631/1631 1628/1628/1628
f 1633/1633/1633 1634/1634/1634 1628/1628/1628
f 1635/1635/1635 1629/1629/1629 1630/1630/1630
f 1636/1636/1636 1633/1633/1633 1629/1629/1629
f 1636/1636/1636 1629/1629/1629 1635/1635/1635
f 1631/1631/1631 1637/1637/1637 1632/1632/1632
f 1634/1634/1634 1638/1638/1638 1631/1631/1631
f 1638/1638/1638 1637/1637/1637 1631/1631/1631
f 1639/1639/1639 1634/1634/1634 1633/1633/1633
f 1640/1640/1640 1633/1633/1633 1636/1636/1636
f 1640/1640/1640 1639/1639/1639 1633/1633/1633
f 1641/1641/1641 1638/1638/1638 1634/1634/1634
f 1639/1639/1639 1641/1641/1641 1634/1634/1634
f 1642/1642/1642 1636/1636/1636 1635/1635/1635
f 1643/1643/1643 1640/1640/1640 1636/1636/1636
f 1643/1643/1643 1636/1636/1636 1642/1642/1642
f 1644/1644/1644 1639/1639/1639 1640/1640/1640
f 1645/1645/1645 1641/1641/1641 1639/1639/1639
f 1644/1644/1644 1645/1645/1645 1639/1639/1639
f 1646/1646/1646 1640/1640/1640 1643/1643/1643
f 1646/1646/1646 1644/1644/1644 1640/1640/1640
f 1641/1641/1641 1647/1647/1647 1638/1638/1638
f 1638/1638/1638 1648/1648/1648 1637/1637/1637
f 1647/1647/1647 1648/1648/1648 1638/1638/1638
f 1645/1645/1645 1649/1649/1649 1641/1641/1641
f 1649/1649/1649 1647/1647/1647 1641/1641/1641
f 1650/1650/1650 1645/1645/1645 1644/1644/1644
f 1651/1651/1651 1644/1644/1644 1646/1646/1646
f 1651/1651/1651 1650/1650/1650 1644/1644/1644
f 1652/1652/1652 1649/1649/1649 1645/1645/1645
f 1650/1650/1650 1652/1652/1652 1645/1645/1645
f 1653/1653/1653 1646/1646/1646 1643/1643/1643
f 1654/1654/1654 1651/1651/1651 1646/1646/1646
f 1654/1654/1654 1646/1646/1646 1653/1653/1653
f 1653/1653/1653 1643/1643/1643 1655/1655/1655
f 1655/1655/1655 1643/1643/1643 1642/1642/1642
f 1649/1649/1649 1656/1656/1656 1647/1647/1647
f 1647/1647/1647 1657/1657/1657 1648/1648/1648
f 1656/1656/1656 1657/1657/1657 1647/1647/1647
f 1652/1652/1652 1658/1658/1658 1649/1649/1649
f 1658/1658/1658 1656/1656/1656 1649/1649/1649
f 1659/1659/1659 1652/1652/1652 1650/1650/1650
f 1660/1660/1660 1650/1650/1650 1651/1651/1651
f 1660/1660/1660 1659/1659/1659 1650/1650/1650
f 1661/1661/1661 1651/1651/1651 1654/1654/1654
f 1661/1661/1661 1660/1660/1660 1651/1651/1651
f 1662/1662/1662 1658/1658/1658 1652/1652/1652
f 1659/1659/1659 1662/1662/1662 1652/1652/1652
f 1658/1658/1658 1663/1663/1663 1656/1656/1656
f 1656/1656/1656 1664/1664/1664 1657/1657/1657
f 1663/1663/1663 1664/1664/1664 1656/1656/1656
f 1662/1662/1662 1665/1665/1665 1658/1658/1658
f 1665/1665/1665 1663/1663/1663 1658/1658/1658
f 1666/1666/1666 1659/1659/1659 1660/1660/1660
f 1667/1667/1667 1662/1662/1662 1659/1659/1659
f 1666/1666/1666 1667/1667/1667 1659/1659/1659
f 1668/1668/1668 1660/1660/1660 1661/1661/1661
f 1668/1668/1668 1666/1666/1666 1660/1660/1660
f 1669/1669/1669 1665/1665/1665 1662/1662/1662
f 1667/1667/1667 1669/1669/1669 1662/1662/1662
f 1665/1665/1665 1670/1670/1670 1663/1663/1663
f 1663/1663/1663 1671/1671/1671 1664/1664/1664
f 1670/1670/1670 1671/1671/1671 1663/1663/1663
f 1669/1669/1669 1672/1672/1672 1665/1665/1665
f 1672/1672/1672 1670/1670/1670 1665/1665/1665
f 1673/1673/1673 1667/1667/1667 1666/1666/1666
f 1674/1674/1674 1669/1669/1669 1667/1667/1667
f 1673/1673/1673 1674/1674/1674 1667/1667/1667
f 1675/1675/1675 1666/1666/1666 1668/1668/1668
f 1675/1675/1675 1673/1673/1673 1666/1666/1666
f 1676/1676/1676 1672/1672/1672 1669/1669/1669
f 1674/1674/1674 1676/1676/1676 1669/1669/1669
f 1672/1672/1672 1677/1677/1677 1670/1670/1670
f 1670/1670/1670 1678/1678/1678 1671/1671/1671
f 1677/1677/1677 1678/1678/1678 1670/1670/1670
f 1676/1676/1676 1679/1679/1679 1672/1672/1672
f 1679/1679/1679 1677/1677/1677 1672/1672/1672
f 1680/1680/1680 1674/1674/1674 1673/1673/1673
f 1681/1681/1681 1676/1676/1676 1674/1674/1674
f 1680/1680/1680 1681/1681/1681 1674/1674/1674
f 1682/1682/1682 1673/1673/1673 1675/1675/1675
f 1682/1682/1682 1680/1680/1680 1673/1673/1673
f 1683/1683/1683 1679/1679/1679 1676/1676/1676
f 1681/1681/1681 1683/1683/1683 1676/1676/1676
f 1679/1679/1679 1684/1684/1684 1677/1677/1677
f 1677/1677/1677 1685/1685/1685 1678/1678/1678
f 1684/1684/1684 1685/1685/1685 1677/1677/1677
f 1683/1683/1683 1686/1686/1686 1679/1679/1679
f 1686/1686/1686 1684/1684/1684 1679/1679/1679
f 1687/1687/1687 1681/1681/1681 1680/1680/1680
f 1688/1688/1688 1683/1683/1683 1681/1681/1681
f 1687/1687/1687 1688/1688/1688 1681/1681/1681
f 1689/1689/1689 1680/1680/1680 1682/1682/1682
f 1689/1689/1689 1687/1687/1687 1680/1680/1680
f 1690/1690/1690 1686/1686/1686 1683/1683/1683
f 1688/1688/1688 1690/1690/1690 1683/1683/1683
f 1686/1686/1686 1691/1691/1691 1684/1684/1684
f 1684/1684/1684 1692/1692/1692 1685/1685/1685
f 1691/1691/1691 1692/1692/1692 1684/1684/1684
f 1690/1690/1690 1693/1693/1693 1686/1686/1686
f 1693/1693/1693 1691/1691/1691 1686/1686/1686
f 1694/1694/1694 1688/1688/1688 1687/1687/1687
f 1695/1695/1695 1690/1690/1690 1688/1688/1688
f 1694/1694/1694 1695/1695/1695 1688/1688/1688
f 1696/1696/1696 1694/1694/1694 1687/1687/1687
f 1695/1695/1695 1694/1694/1694 1696/1696/1696
f 1696/1696/1696 1687/1687/1687 1689/1689/1689
f 1695/1695/1695 1697/1697/1697 1690/1690/1690
f 1696/1696/1696 1697/1697/1697 1695/1695/1695
f 1697/1697/1697 1693/1693/1693 1690/1690/1690
f 1698/1698/1698 1696/1696/1696 1689/1689/1689
f 1696/1696/1696 1698/1698/1698 1697/1697/1697
f 1697/1697/1697 1699/1699/1699 1693/1693/1693
f 1698/1698/1698 1699/1699/1699 1697/1697/1697
f 1693/1693/1693 1700/1700/1700 1691/1691/1691
f 1699/1699/1699 1700/1700/1700 1693/1693/1693
f 1698/1698/1698 1689/1689/1689 1701/1701/1701
f 1701/1701/1701 1689/1689/1689 1682/1682/1682
f 1698/1698/1698 1702/1702/1702 1699/1699/1699
f 1702/1702/1702 1698/1698/1698 1701/1701/1701
f 1701/1701/1701 1682/1682/1682 1703/1703/1703
f 1703/1703/1703 1682/1682/1682 1675/1675/1675
f 1700/1700/1700 1704/1704/1704 1691/1691/1691
f 1691/1691/1691 1704/1704/1704 1692/1692/1692
f 1699/1699/1699 1705/1705/1705 1700/1700/1700
f 1702/1702/1702 1705/1705/1705 1699/1699/1699
f 1702/1702/1702 1701/1701/1701 1706/1706/1706
f 1706/1706/1706 1701/1701/1701 1703/1703/1703
f 1703/1703/1703 1675/1675/1675 1707/1707/1707
f 1707/1707/1707 1675/1675/1675 1668/1668/1668
f 1700/1700/1700 1708/1708/1708 1704/1704/1704
f 1705/1705/1705 1708/1708/1708 1700/1700/1700
f 1702/1702/1702 1709/1709/1709 1705/1705/1705
f 1709/1709/1709 1702/1702/1702 1706/1706/1706
f 1706/1706/1706 1703/1703/1703 1710/1710/1710
f 1710/1710/1710 1703/1703/1703 1707/1707/1707
f 1707/1707/1707 1668/1668/1668 1711/1711/1711
f 1711/1711/1711 1668/1668/1668 1661/1661/1661
f 1705/1705/1705 1712/1712/1712 1708/1708/1708
f 1709/1709/1709 1712/1712/1712 1705/1705/1705
f 1709/1709/1709 1706/1706/1706 1713/1713/1713
f 1713/1713/1713 1706/1706/1706 1710/1710/1710
f 1710/1710/1710 1707/1707/1707 1714/1714/1714
f 1714/1714/1714 1707/1707/1707 1711/1711/1711
f 1711/1711/1711 1661/1661/1661 1715/1715/1715
f 1715/1715/1715 1661/1661/1661 1654/1654/1654
f 1709/1709/1709 1716/1716/1716 1712/1712/1712
f 1716/1716/1716 1709/1709/1709 1713/1713/1713
f 1713/1713/1713 1710/1710/1710 1717/1717/1717
f 1717/1717/1717 1710/1710/1710 1714/1714/1714
f 1714/1714/1714 1711/1711/1711 1718/1718/1718
f 1718/1718/1718 1711/1711/1711 1715/1715/1715
f 1715/1715/1715 1654/1654/1654 1719/1719/1719
f 1719/1719/1719 1654/1654/1654 1653/1653/1653
f 1716/1716/1716 1713/1713/1713 1720/1720/1720
f 1720/1720/1720 1713/1713/1713 1717/1717/1717
f 1716/1716/1716 1721/1721/1721 1712/1712/1712
f 1721/1721/1721 1716/1716/1716 1720/1720/1720
f 1712/1712/1712 1721/1721/1721 1722/1722/1722
f 1721/1721/1721 1720/1720/1720 1722/1722/1722
f 1712/1712/1712 1722/1722/1722 1708/1708/1708
f 1717/1717/1717 1714/1714/1714 1723/1723/1723
f 1723/1723/1723 1714/1714/1714 1718/1718/1718
f 1720/1720/1720 1717/1717/1717 1724/1724/1724
f 1722/1722/1722 1720/1720/1720 1724/1724/1724
f 1724/1724/1724 1717/1717/1717 1723/1723/1723
f 1708/1708/1708 1722/1722/1722 1725/1725/1725
f 1722/1722/1722 1724/1724/1724 1725/1725/1725
f 1708/1708/1708 1725/1725/1725 1704/1704/1704
f 1724/1724/1724 1723/1723/1723 1726/1726/1726
f 1725/1725/1725 1724/1724/1724 1726/1726/1726
f 1704/1704/1704 1725/1725/1725 1727/1727/1727
f 1725/1725/1725 1726/1726/1726 1727/1727/1727
f 1704/1704/1704 1727/1727/1727 1692/1692/1692
f 1723/1723/1723 1718/1718/1718 1728/1728/1728
f 1726/1726/1726 1723/1723/1723 1728/1728/1728
f 1692/1692/1692 1727/1727/1727 1729/1729/1729
f 1692/1692/1692 1729/1729/1729 1685/1685/1685
f 1727/1727/1727 1726/1726/1726 1730/1730/1730
f 1726/1726/1726 1728/1728/1728 1730/1730/1730
f 1727/1727/1727 1730/1730/1730 1729/1729/1729
f 1728/1728/1728 1718/1718/1718 1731/1731/1731
f 1718/1718/1718 1715/1715/1715 1731/1731/1731
f 1731/1731/1731 1715/1715/1715 1719/1719/1719
f 1685/1685/1685 1729/1729/1729 1732/1732/1732
f 1685/1685/1685 1732/1732/1732 1678/1678/1678
f 1730/1730/1730 1728/1728/1728 1733/1733/1733
f 1728/1728/1728 1731/1731/1731 1733/1733/1733
f 1729/1729/1729 1730/1730/1730 1734/1734/1734
f 1729/1729/1729 1734/1734/1734 1732/1732/1732
f 1730/1730/1730 1733/1733/1733 1734/1734/1734
f 1731/1731/1731 1719/1719/1719 1735/1735/1735
f 1733/1733/1733 1731/1731/1731 1735/1735/1735
f 1678/1678/1678 1732/1732/1732 1736/1736/1736
f 1678/1678/1678 1736/1736/1736 1671/1671/1671
f 1734/1734/1734 1733/1733/1733 1737/1737/1737
f 1733/1733/1733 1735/1735/1735 1737/1737/1737
f 1732/1732/1732 1734/1734/1734 1738/1738/1738
f 1732/1732/1732 1738/1738/1738 1736/1736/1736
f 1734/1734/1734 1737/1737/1737 1738/1738/1738
f 1735/1735/1735 1719/1719/1719 1739/1739/1739
f 1719/1719/1719 1653/1653/1653 1739/1739/1739
f 1739/1739/1739 1653/1653/1653 1655/1655/1655
f 1671/1671/1671 1736/1736/1736 1740/1740/1740
f 1671/1671/1671 1740/1740/1740 1664/1664/1664
f 1736/1736/1736 1738/1738/1738 1741/1741/1741
f 1736/1736/1736 1741/1741/1741 1740/1740/1740
f 1737/1737/1737 1735/1735/1735 1742/1742/1742
f 1735/1735/1735 1739/1739/1739 1742/1742/1742
f 1738/1738/1738 1737/1737/1737 1743/1743/1743
f 1738/1738/1738 1743/1743/1743 1741/1741/1741
f 1737/1737/1737 1742/1742/1742 1743/1743/1743
f 1739/1739/1739 1655/1655/1655 1744/1744/1744
f 1742/1742/1742 1739/1739/1739 1744/1744/1744
f 1664/1664/1664 1740/1740/1740 1745/1745/1745
f 1664/1664/1664 1745/1745/1745 1657/1657/1657
f 1740/1740/1740 1741/1741/1741 1746/1746/1746
f 1740/1740/1740 1746/1746/1746 1745/1745/1745
f 1743/1743/1743 1742/1742/1742 1747/1747/1747
f 1742/1742/1742 1744/1744/1744 1747/1747/1747
f 1741/1741/1741 1743/1743/1743 1748/1748/1748
f 1741/1741/1741 1748/1748/1748 1746/1746/1746
f 1743/1743/1743 1747/1747/1747 1748/1748/1748
f 1744/1744/1744 1655/1655/1655 1749/1749/1749
f 1655/1655/1655 1642/1642/1642 1749/1749/1749
f 1657/1657/1657 1745/1745/1745 1750/1750/1750
f 1657/1657/1657 1750/1750/1750 1648/1648/1648
f 1745/1745/1745 1746/1746/1746 1751/1751/1751
f 1745/1745/1745 1751/1751/1751 1750/1750/1750
f 1746/1746/1746 1748/1748/1748 1752/1752/1752
f 1746/1746/1746 1752/1752/1752 1751/1751/1751
f 1747/1747/1747 1744/1744/1744 1753/1753/1753
f 1744/1744/1744 1749/1749/1749 1753/1753/1753
f 1748/1748/1748 1747/1747/1747 1754/1754/1754
f 1748/1748/1748 1754/1754/1754 1752/1752/1752
f 1747/1747/1747 1753/1753/1753 1754/1754/1754
f 1749/1749/1749 1642/1642/1642 1755/1755/1755
f 1642/1642/1642 1635/1635/1635 1755/1755/1755
f 1648/1648/1648 1750/1750/1750 1756/1756/1756
f 1648/1648/1648 1756/1756/1756 1637/1637/1637
f 1750/1750/1750 1751/1751/1751 1757/1757/1757
f 1750/1750/1750 1757/1757/1757 1756/1756/1756
f 1751/1751/1751 1752/1752/1752 1758/1758/1758
f 1751/1751/1751 1758/1758/1758 1757/1757/1757
f 1752/1752/1752 1754/1754/1754 1759/1759/1759
f 1752/1752/1752 1759/1759/1759 1758/1758/1758
f 1753/1753/1753 1749/1749/1749 1760/1760/1760
f 1749/1749/1749 1755/1755/1755 1760/1760/1760
f 1754/1754/1754 1753/1753/1753 1761/1761/1761
f 1754/1754/1754 1761/1761/1761 1759/1759/1759
f 1753/1753/1753 1760/1760/1760 1761/1761/1761
f 1759/1759/1759 1761/1761/1761 1762/1762/1762
f 1761/1761/1761 1760/1760/1760 1762/1762/1762
f 1637/1637/1637 1756/1756/1756 1763/1763/1763
f 1637/1637/1637 1763/1763/1763 1632/1632/1632
f 1756/1756/1756 1757/1757/1757 1764/1764/1764
f 1756/1756/1756 1764/1764/1764 1763/1763/1763
f 1758/1758/1758 1759/1759/1759 1765/1765/1765
f 1759/1759/1759 1762/1762/1762 1765/1765/1765
f 1757/1757/1757 1758/1758/1758 1766/1766/1766
f 1757/1757/1757 1766/1766/1766 1764/1764/1764
f 1758/1758/1758 1765/1765/1765 1766/1766/1766
f 1760/1760/1760 1767/1767/1767 1762/1762/1762
f 1760/1760/1760 1755/1755/1755 1767/1767/1767
f 1755/1755/1755 1768/1768/1768 1767/1767/1767
f 1755/1755/1755 1635/1635/1635 1768/1768/1768
f 1635/1635/1635 1630/1630/1630 1768/1768/1768
f 1764/1764/1764 1769/1769/1769 1763/1763/1763
f 1766/1766/1766 1770/1770/1770 1764/1764/1764
f 1770/1770/1770 1769/1769/1769 1764/1764/1764
f 1765/1765/1765 1771/1771/1771 1766/1766/1766
f 1771/1771/1771 1770/1770/1770 1766/1766/1766
f 1762/1762/1762 1772/1772/1772 1765/1765/1765
f 1772/1772/1772 1771/1771/1771 1765/1765/1765
f 1769/1769/1769 1773/1773/1773 1763/1763/1763
f 1763/1763/1763 1773/1773/1773 1632/1632/1632
f 1773/1773/1773 1774/1774/1774 1632/1632/1632
f 1632/1632/1632 1774/1774/1774 1775/1775/1775
f 1774/1774/1774 1776/1776/1776 1775/1775/1775
f 1775/1775/1775 1776/1776/1776 1777/1777/1777
f 1776/1776/1776 1778/1778/1778 1777/1777/1777
f 1777/1777/1777 1778/1778/1778 1630/1630/1630
f 1778/1778/1778 1779/1779/1779 1630/1630/1630
f 1630/1630/1630 1779/1779/1779 1768/1768/1768
f 1779/1779/1779 1780/1780/1780 1768/1768/1768
f 1768/1768/1768 1780/1780/1780 1767/1767/1767
f 1780/1780/1780 1781/1781/1781 1767/1767/1767
f 1767/1767/1767 1781/1781/1781 1762/1762/1762
f 1781/1781/1781 1782/1782/1782 1762/1762/1762
f 1782/1782/1782 1772/1772/1772 1762/1762/1762
f 1773/1773/1773 1783/1783/1783 1774/1774/1774
f 1774/1774/1774 1784/1784/1784 1776/1776/1776
f 1783/1783/1783 1784/1784/1784 1774/1774/1774
f 1776/1776/1776 1785/1785/1785 1778/1778/1778
f 1784/1784/1784 1785/1785/1785 1776/1776/1776
f 1778/1778/1778 1786/1786/1786 1779/1779/1779
f 1785/1785/1785 1786/1786/1786 1778/1778/1778
f 1779/1779/1779 1787/1787/1787 1780/1780/1780
f 1786/1786/1786 1787/1787/1787 1779/1779/1779
f 1780/1780/1780 1788/1788/1788 1781/1781/1781
f 1787/1787/1787 1788/1788/1788 1780/1780/1780
f 1781/1781/1781 1789/1789/1789 1782/1782/1782
f 1788/1788/1788 1789/1789/1789 1781/1781/1781
f 1782/1782/1782 1790/1790/1790 1772/1772/1772
f 1789/1789/1789 1790/1790/1790 1782/1782/1782
f 1790/1790/1790 1791/1791/1791 1772/1772/1772
f 1772/1772/1772 1791/1791/1791 1771/1771/1771
f 1791/1791/1791 1792/1792/1792 1771/1771/1771
f 1771/1771/1771 1792/1792/1792 1770/1770/1770
f 1792/1792/1792 1793/1793/1793 1770/1770/1770
f 1770/1770/1770 1793/1793/1793 1769/1769/1769
f 1793/1793/1793 1794/1794/1794 1769/1769/1769
f 1769/1769/1769 1794/1794/1794 1773/1773/1773
f 1794/1794/1794 1783/1783/1783 1773/1773/1773
f 1787/1787/1787 1795/1795/1795 1788/1788/1788
f 1788/1788/1788 1796/1796/1796 1789/1789/1789
f 1795/1795/1795 1796/1796/1796 1788/1788/1788
f 1789/1789/1789 1797/1797/1797 1790/1790/1790
f 1796/1796/1796 1797/1797/1797 1789/1789/1789
f 1790/1790/1790 1798/1798/1798 1791/1791/1791
f 1797/1797/1797 1798/1798/1798 1790/1790/1790
f 1791/1791/1791 1799/1799/1799 1792/1792/1792
f 1798/1798/1798 1799/1799/1799 1791/1791/1791
f 1792/1792/1792 1800/1800/1800 1793/1793/1793
f 1799/1799/1799 1800/1800/1800 1792/1792/1792
f 1793/1793/1793 1801/1801/1801 1794/1794/1794
f 1800/1800/1800 1801/1801/1801 1793/1793/1793
f 1794/1794/1794 1802/1802/1802 1783/1783/1783
f 1801/1801/1801 1802/1802/1802 1794/1794/1794
f 1802/1802/1802 1803/1803/1803 1783/1783/1783
f 1783/1783/1783 1803/1803/1803 1784/1784/1784
f 1803/1803/1803 1804/1804/1804 1784/1784/1784
f 1784/1784/1784 1804/1804/1804 1785/1785/1785
f 1804/1804/1804 1805/1805/1805 1785/1785/1785
f 1785/1785/1785 1805/1805/1805 1786/1786/1786
f 1805/1805/1805 1806/1806/1806 1786/1786/1786
f 1786/1786/1786 1806/1806/1806 1787/1787/1787
f 1806/1806/1806 1795/1795/1795 1787/1787/1787
f 1799/1799/1799 1807/1807/1807 1800/1800/1800
f 1800/1800/1800 1808/1808/1808 1801/1801/1801
f 1807/1807/1807 1808/1808/1808 1800/1800/1800
f 1801/1801/1801 1809/1809/1809 1802/1802/1802
f 1808/1808/1808 1809/1809/1809 1801/1801/1801
f 1802/1802/1802 1810/1810/1810 1803/1803/1803
f 1809/1809/1809 1810/1810/1810 1802/1802/1802
f 1803/1803/1803 1811/1811/1811 1804/1804/1804
f 1810/1810/1810 1811/1811/1811 1803/1803/1803
f 1804/1804/1804 1812/1812/1812 1805/1805/1805
f 1811/1811/1811 1812/1812/1812 1804/1804/1804
f 1805/1805/1805 1813/1813/1813 1806/1806/1806
f 1812/1812/1812 1813/1813/1813 1805/1805/1805
f 1806/1806/1806 1814/1814/1814 1795/1795/1795
f 1813/1813/1813 1814/1814/1814 1806/1806/1806
f 1814/1814/1814 1815/1815/1815 1795/1795/1795
f 1795/1795/1795 1815/1815/1815 1796/1796/1796
f 1815/1815/1815 1816/1816/1816 1796/1796/1796
f 1796/1796/1796 1816/1816/1816 1797/1797/1797
f 1816/1816/1816 1817/1817/1817 1797/1797/1797
f 1797/1797/1797 1817/1817/1817 1798/1798/1798
f 1817/1817/1817 1818/1818/1818 1798/1798/1798
f 1798/1798/1798 1818/1818/1818 1799/1799/1799
f 1818/1818/1818 1807/1807/1807 1799/1799/1799
f 1811/1811/1811 1819/1819/1819 1812/1812/1812
f 1812/1812/1812 1820/1820/1820 1813/1813/1813
f 1819/1819/1819 1820/1820/1820 1812/1812/1812
f 1813/1813/1813 1821/1821/1821 1814/1814/1814
f 1820/1820/1820 1821/1821/1821 1813/1813/1813
f 1814/1814/1814 1822/1822/1822 1815/1815/1815
f 1821/1821/1821 1822/1822/1822 1814/1814/1814
f 1815/1815/1815 1823/1823/1823 1816/1816/1816
f 1822/1822/1822 1823/1823/1823 1815/1815/1815
f 1816/1816/1816 1824/1824/1824 1817/1817/1817
f 1823/1823/1823 1824/1824/1824 1816/1816/1816
f 1817/1817/1817 1825/1825/1825 1818/1818/1818
f 1824/1824/1824 1825/1825/1825 1817/1817/1817
f 1818/1818/1818 1826/1826/1826 1807/1807/1807
f 1825/1825/1825 1826/1826/1826 1818/1818/1818
f 1826/1826/1826 1827/1827/1827 1807/1807/1807
f 1807/1807/1807 1827/1827/1827 1808/1808/1808
f 1827/1827/1827 1828/1828/1828 1808/1808/1808
f 1808/1808/1808 1828/1828/1828 1809/1809/1809
f 1828/1828/1828 1829/1829/1829 1809/1809/1809
f 1809/1809/1809 1829/1829/1829 1810/1810/1810
f 1829/1829/1829 1830/1830/1830 1810/1810/1810
f 1810/1810/1810 1830/1830/1830 1811/1811/1811
f 1830/1830/1830 1819/1819/1819 1811/1811/1811
f 1823/1823/1823 1831/1831/1831 1824/1824/1824
f 1824/1824/1824 1832/1832/1832 1825/1825/1825
f 1831/1831/1831 1832/1832/1832 1824/1824/1824
f 1825/1825/1825 1833/1833/1833 1826/1826/1826
f 1832/1832/1832 1833/1833/1833 1825/1825/1825
f 1826/1826/1826 1834/1834/1834 1827/1827/1827
f 1833/1833/1833 1834/1834/1834 1826/1826/1826
f 1827/1827/1827 1835/1835/1835 1828/1828/1828
f 1834/1834/1834 1835/1835/1835 1827/1827/1827
f 1828/1828/1828 1836/1836/1836 1829/1829/1829
f 1835/1835/1835 1836/1836/1836 1828/1828/1828
f 1829/1829/1829 1837/1837/1837 1830/1830/1830
f 1836/1836/1836 1837/1837/1837 1829/1829/1829
f 1830/1830/1830 1838/1838/1838 1819/1819/1819
f 1837/1837/1837 1838/1838/1838 1830/1830/1830
f 1838/1838/1838 1839/1839/1839 1819/1819/1819
f 1819/1819/1819 1839/1839/1839 1820/1820/1820
f 1839/1839/1839 1840/1840/1840 1820/1820/1820
f 1820/1820/1820 1840/1840/1840 1821/1821/1821
f 1840/1840/1840 1841/1841/1841 1821/1821/1821
f 1821/1821/1821 1841/1841/1841 1822/1822/1822
f 1841/1841/1841 1842/1842/1842 1822/1822/1822
f 1822/1822/1822 1842/1842/1842 1823/1823/1823
f 1842/1842/1842 1831/1831/1831 1823/1823/1823
f 1835/1835/1835 1843/1843/1843 1836/1836/1836
f 1836/1836/1836 1844/1844/1844 1837/1837/1837
f 1843/1843/1843 1844/1844/1844 1836/1836/1836
f 1837/1837/1837 1845/1845/1845 1838/1838/1838
f 1844/1844/1844 1845/1845/1845 1837/1837/1837
f 1838/1838/1838 1846/1846/1846 1839/1839/1839
f 1845/1845/1845 1846/1846/1846 1838/1838/1838
f 1839/1839/1839 1847/1847/1847 1840/1840/1840
f 1846/1846/1846 1847/1847/1847 1839/1839/1839
f 1840/1840/1840 1848/1848/1848 1841/1841/1841
f 1847/1847/1847 1848/1848/1848 1840/1840/1840
f 1841/1841/1841 1849/1849/1849 1842/1842/1842
f 1848/1848/1848 1849/1849/1849 1841/1841/1841
f 1842/1842/1842 1850/1850/1850 1831/1831/1831
f 1849/1849/1849 1850/1850/1850 1842/1842/1842
f 1850/1850/1850 1851/1851/1851 1831/1831/1831
f 1831/1831/1831 1851/1851/1851 1832/1832/1832
f 1851/1851/1851 1852/1852/1852 1832/1832/1832
f 1832/1832/1832 1852/1852/1852 1833/1833/1833
f 1852/1852/1852 1853/1853/1853 1833/1833/1833
f 1833/1833/1833 1853/1853/1853 1834/1834/1834
f 1853/1853/1853 1854/1854/1854 1834/1834/1834
f 1834/1834/1834 1854/1854/1854 1835/1835/1835
f 1854/1854/1854 1843/1843/1843 1835/1835/1835
f 1847/1847/1847 1855/1855/1855 1848/1848/1848
f 1848/1848/1848 1856/1856/1856 1849/1849/1849
f 1855/1855/1855 1856/1856/1856 1848/1848/1848
f 1849/1849/1849 1857/1857/1857 1850/1850/1850
f 1856/1856/1856 1857/1857/1857 1849/1849/1849
f 1850/1850/1850 1858/1858/1858 1851/1851/1851
f 1857/1857/1857 1858/1858/1858 1850/1850/1850
f 1851/1851/1851 1859/1859/1859 1852/1852/1852
f 1858/1858/1858 1859/1859/1859 1851/1851/1851
f 1852/1852/1852 1860/1860/1860 1853/1853/1853
f 1859/1859/1859 1860/1860/1860 1852/1852/1852
f 1853/1853/1853 1861/1861/1861 1854/1854/1854
f 1860/1860/1860 1861/1861/1861 1853/1853/1853
f 1854/1854/1854 1862/1862/1862 1843/1843/1843
f 1861/1861/1861 1862/1862/1862 1854/1854/1854
f 1862/1862/1862 1863/1863/1863 1843/1843/1843
f 1843/1843/1843 1863/1863/1863 1844/1844/1844
f 1863/1863/1863 1864/1864/1864 1844/1844/1844
f 1844/1844/1844 1864/1864/1864 1845/1845/1845
f 1864/1864/1864 1865/1865/1865 1845/1845/1845
f 1845/1845/1845 1865/1865/1865 1846/1846/1846
f 1865/1865/1865 1866/1866/1866 1846/1846/1846
f 1846/1846/1846 1866/1866/1866 1847/1847/1847
f 1866/1866/1866 1855/1855/1855 1847/1847/1847
f 1859/1859/1859 1867/1867/1867 1860/1860/1860
f 1860/1860/1860 1868/1868/1868 1861/1861/1861
f 1867/1867/1867 1868/1868/1868 1860/1860/1860
f 1861/1861/1861 1869/1869/1869 1862/1862/1862
f 1868/1868/1868 1869/1869/1869 1861/1861/1861
f 1862/1862/1862 1870/1870/1870 1863/1863/1863
f 1869/1869/1869 1870/1870/1870 1862/1862/1862
f 1863/1863/1863 1871/1871/1871 1864/1864/1864
f 1870/1870/1870 1871/1871/1871 1863/1863/1863
f 1864/1864/1864 1872/1872/1872 1865/1865/1865
f 1871/1871/1871 1872/1872/1872 1864/1864/1864
f 1865/1865/1865 1873/1873/1873 1866/1866/1866
f 1872/1872/1872 1873/1873/1873 1865/1865/1865
f 1866/1866/1866 1874/1874/1874 1855/1855/1855
f 1873/1873/1873 1874/1874/1874 1866/1866/1866
f 1874/1874/1874 1875/1875/1875 1855/1855/1855
f 1855/1855/1855 1875/1875/1875 1856/1856/1856
f 1875/1875/1875 1876/1876/1876 1856/1856/1856
f 1856/1856/1856 1876/1876/1876 1857/1857/1857
f 1876/1876/1876 1877/1877/1877 1857/1857/1857
f 1857/1857/1857 1877/1877/1877 1858/1858/1858
f 1877/1877/1877 1878/1878/1878 1858/1858/1858
f 1858/1858/1858 1878/1878/1878 1859/1859/1859
f 1878/1878/1878 1867/1867/1867 1859/1859/1859
f 1871/1871/1871 1879/1879/1879 1872/1872/1872
f 1872/1872/1872 1880/1880/1880 1873/1873/1873
f 1879/1879/1879 1880/1880/1880 1872/1872/1872
f 1873/1873/1873 1881/1881/1881 1874/1874/1874
f 1880/1880/1880 1881/1881/1881 1873/1873/1873
f 1874/1874/1874 1882/1882/1882 1875/1875/1875
f 1881/1881/1881 1882/1882/1882 1874/1874/1874
f 1875/1875/1875 1883/1883/1883 1876/1876/1876
f 1882/1882/1882 1883/1883/1883 1875/1875/1875
f 1876/1876/1876 1884/1884/1884 1877/1877/1877
f 1883/1883/1883 1884/1884/1884 1876/1876/1876
f 1877/1877/1877 1885/1885/1885 1878/1878/1878
f 1884/1884/1884 1885/1885/1885 1877/1877/1877
f 1878/1878/1878 1886/1886/1886 1867/1867/1867
f 1885/1885/1885 1886/1886/1886 1878/1878/1878
f 1886/1886/1886 1887/1887/1887 1867/1867/1867
f 1867/1867/1867 1887/1887/1887 1868/1868/1868
f 1887/1887/1887 1888/1888/1888 1868/1868/1868
f 1868/1868/1868 1888/1888/1888 1869/1869/1869
f 1888/1888/1888 1889/1889/1889 1869/1869/1869
f 1869/1869/1869 1889/1889/1889 1870/1870/1870
f 1889/1889/1889 1890/1890/1890 1870/1870/1870
f 1870/1870/1870 1890/1890/1890 1871/1871/1871
f 1890/1890/1890 1879/1879/1879 1871/1871/1871
f 1883/1883/1883 1891/1891/1891 1884/1884/1884
f 1884/1884/1884 1892/1892/1892 1885/1885/1885
f 1891/1891/1891 1892/1892/1892 1884/1884/1884
f 1892/1892/1892 1893/1893/1893 1885/1885/1885
f 1893/1893/1893 1892/1892/1892 1891/1891/1891
f 1885/1885/1885 1893/1893/1893 1886/1886/1886
f 1894/1894/1894 1891/1891/1891 1883/1883/1883
f 1893/1893/1893 1891/1891/1891 1894/1894/1894
f 1882/1882/1882 1894/1894/1894 1883/1883/1883
f 1893/1893/1893 1895/1895/1895 1886/1886/1886
f 1895/1895/1895 1893/1893/1893 1894/1894/1894
f 1886/1886/1886 1895/1895/1895 1887/1887/1887
f 1896/1896/1896 1894/1894/1894 1882/1882/1882
f 1895/1895/1895 1894/1894/1894 1896/1896/1896
f 1881/1881/1881 1896/1896/1896 1882/1882/1882
f 1895/1895/1895 1897/1897/1897 1887/1887/1887
f 1897/1897/1897 1895/1895/1895 1896/1896/1896
f 1887/1887/1887 1897/1897/1897 1888/1888/1888
f 1898/1898/1898 1896/1896/1896 1881/1881/1881
f 1897/1897/1897 1896/1896/1896 1898/1898/1898
f 1880/1880/1880 1898/1898/1898 1881/1881/1881
f 1897/1897/1897 1899/1899/1899 1888/1888/1888
f 1899/1899/1899 1897/1897/1897 1898/1898/1898
f 1888/1888/1888 1899/1899/1899 1889/1889/1889
f 1900/1900/1900 1898/1898/1898 1880/1880/1880
f 1899/1899/1899 1898/1898/1898 1900/1900/1900
f 1879/1879/1879 1900/1900/1900 1880/1880/1880
f 1899/1899/1899 1901/1901/1901 1889/1889/1889
f 1901/1901/1901 1899/1899/1899 1900/1900/1900
f 1889/1889/1889 1901/1901/1901 1890/1890/1890
f 1902/1902/1902 1900/1900/1900 1879/1879/1879
f 1890/1890/1890 1902/1902/1902 1879/1879/1879
f 1901/1901/1901 1902/1902/1902 1890/1890/1890
f 1900/1900/1900 1902/1902/1902 1901/1901/1901
f 1905/1905/1905 1904/1904/1904 1903/1903/1903
f 1906/1906/1906 1905/1905/1905 1903/1903/1903
f 1905/1905/1905 1907/1907/1907 1904/1904/1904
f 1906/1906/1906 1903/1903/1903 1908/1908/1908
f 1907/1907/1907 1909/1909/1909 1904/1904/1904
f 1910/1910/1910 1906/1906/1906 1908/1908/1908
f 1907/1907/1907 1911/1911/1911 1909/1909/1909
f 1910/1910/1910 1908/1908/1908 1912/1912/1912
f 1911/1911/1911 1913/1913/1913 1909/1909/1909
f 1914/1914/1914 1910/1910/1910 1912/1912/1912
f 1911/1911/1911 1915/1915/1915 1913/1913/1913
f 1914/1914/1914 1912/1912/1912 1916/1916/1916
f 1915/1915/1915 1917/1917/1917 1913/1913/1913
f 1918/1918/1918 1914/1914/1914 1916/1916/1916
f 1915/1915/1915 1919/1919/1919 1917/1917/1917
f 1918/1918/1918 1916/1916/1916 1920/1920/1920
f 1919/1919/1919 1921/1921/1921 1917/1917/1917
f 1922/1922/1922 1918/1918/1918 1920/1920/1920
f 1919/1919/1919 1923/1923/1923 1921/1921/1921
f 1922/1922/1922 1920/1920/1920 1924/1924/1924
f 1923/1923/1923 1925/1925/1925 1921/1921/1921
f 1926/1926/1926 1922/1922/1922 1924/1924/1924
f 1923/1923/1923 1927/1927/1927 1925/1925/1925
f 1926/1926/1926 1924/1924/1924 1928/1928/1928
f 1927/1927/1927 1929/1929/1929 1925/1925/1925
f 1930/1930/1930 1926/1926/1926 1928/1928/1928
f 1927/1927/1927 1931/1931/1931 1929/1929/1929
f 1930/1930/1930 1928/1928/1928 1932/1932/1932
f 1931/1931/1931 1933/1933/1933 1929/1929/1929
f 1934/1934/1934 1930/1930/1930 1932/1932/1932
f 1931/1931/1931 1935/1935/1935 1933/1933/1933
f 1934/1934/1934 1932/1932/1932 1936/1936/1936
f 1935/1935/1935 1937/1937/1937 1933/1933/1933
f 1938/1938/1938 1934/1934/1934 1936/1936/1936
f 1935/1935/1935 1939/1939/1939 1937/1937/1937
f 1938/1938/1938 1936/1936/1936 1940/1940/1940
f 1939/1939/1939 1941/1941/1941 1937/1937/1937
f 1942/1942/1942 1938/1938/1938 1940/1940/1940
f 1939/1939/1939 1943/1943/1943 1941/1941/1941
f 1942/1942/1942 1940/1940/1940 1944/1944/1944
f 1943/1943/1943 1945/1945/1945 1941/1941/1941
f 1946/1946/1946 1942/1942/1942 1944/1944/1944
f 1943/1943/1943 1947/1947/1947 1945/1945/1945
f 1946/1946/1946 1944/1944/1944 1948/1948/1948
f 1947/1947/1947 1949/1949/1949 1945/1945/1945
f 1950/1950/1950 1946/1946/1946 1948/1948/1948
f 1947/1947/1947 1951/1951/1951 1949/1949/1949
f 1950/1950/1950 1948/1948/1948 1952/1952/1952
f 1951/1951/1951 1953/1953/1953 1949/1949/1949
f 1954/1954/1954 1950/1950/1950 1952/1952/1952
f 1951/1951/1951 1955/1955/1955 1953/1953/1953
f 1954/1954/1954 1952/1952/1952 1956/1956/1956
f 1955/1955/1955 1957/1957/1957 1953/1953/1953
f 1958/1958/1958 1954/1954/1954 1956/1956/1956
f 1955/1955/1955 1959/1959/1959 1957/1957/1957
f 1958/1958/1958 1956/1956/1956 1960/1960/1960
f 1959/1959/1959 1961/1961/1961 1957/1957/1957
f 1962/1962/1962 1958/1958/1958 1960/1960/1960
f 1959/1959/1959 1963/1963/1963 1961/1961/1961
f 1962/1962/1962 1960/1960/1960 1964/1964/1964
f 1963/1963/1963 1965/1965/1965 1961/1961/1961
f 1966/1966/1966 1962/1962/1962 1964/1964/1964
f 1966/1966/1966 1964/1964/1964 1965/1965/1965
f 1963/1963/1963 1966/1966/1966 1965/1965/1965
f 1969/1969/1969 1968/1968/1968 1967/1967/1967
f 1970/1970/1970 1969/1969/1969 1967/1967/1967
f 1970/1970/1970 1967/1967/1967 1971/1971/1971
f 1969/1969/1969 1972/1972/1972 1968/1968/1968
f 1972/1972/1972 1973/1973/1973 1968/1968/1968
f 1974/1974/1974 1970/1970/1970 1971/1971/1971
f 1974/1974/1974 1971/1971/1971 1975/1975/1975
f 1972/1972/1972 1976/1976/1976 1973/1973/1973
f 1976/1976/1976 1977/1977/1977 1973/1973/1973
f 1978/1978/1978 1975/1975/1975 1977/1977/1977
f 1978/1978/1978 1974/1974/1974 1975/1975/1975
f 1976/1976/1976 1978/1978/1978 1977/1977/1977
f 1969/1969/1969 1979/1979/1979 1972/1972/1972
f 1970/1970/1970 1980/1980/1980 1969/1969/1969
f 1980/1980/1980 1979/1979/1979 1969/1969/1969
f 1970/1970/1970 1974/1974/1974 1981/1981/1981
f 1980/1980/1980 1970/1970/1970 1981/1981/1981
f 1974/1974/1974 1978/1978/1978 1982/1982/1982
f 1981/1981/1981 1974/1974/1974 1982/1982/1982
f 1972/1972/1972 1983/1983/1983 1976/1976/1976
f 1979/1979/1979 1983/1983/1983 1972/1972/1972
f 1978/1978/1978 1976/1976/1976 1984/1984/1984
f 1982/1982/1982 1978/1978/1978 1984/1984/1984
f 1983/1983/1983 1984/1984/1984 1976/1976/1976
f 1985/1985/1985 1979/1979/1979 1980/1980/1980
f 1986/1986/1986 1980/1980/1980 1981/1981/1981
f 1986/1986/1986 1985/1985/1985 1980/1980/1980
f 1987/1987/1987 1981/1981/1981 1982/1982/1982
f 1987/1987/1987 1986/1986/1986 1981/1981/1981
f 1988/1988/1988 1982/1982/1982 1984/1984/1984
f 1988/1988/1988 1987/1987/1987 1982/1982/1982
f 1989/1989/1989 1984/1984/1984 1983/1983/1983
f 1989/1989/1989 1988/1988/1988 1984/1984/1984
f 1990/1990/1990 1983/1983/1983 1979/1979/1979
f 1985/1985/1985 1990/1990/1990 1979/1979/1979
f 1990/1990/1990 1989/1989/1989 1983/1983/1983
f 1991/1991/1991 1985/1985/1985 1986/1986/1986
f 1992/1992/1992 1986/1986/1986 1987/1987/1987
f 1992/1992/1992 1991/1991/1991 1986/1986/1986
f 1993/1993/1993 1987/1987/1987 1988/1988/1988
f 1993/1993/1993 1992/1992/1992 1987/1987/1987
f 1994/1994/1994 1988/1988/1988 1989/1989/1989
f 1994/1994/1994 1993/1993/1993 1988/1988/1988
f 1995/1995/1995 1989/1989/1989 1990/1990/1990
f 1995/1995/1995 1994/1994/1994 1989/1989/1989
f 1996/1996/1996 1990/1990/1990 1985/1985/1985
f 1991/1991/1991 1996/1996/1996 1985/1985/1985
f 1996/1996/1996 1995/1995/1995 1990/1990/1990
f 1996/1996/1996 1997/1997/1997 1995/1995/1995
f 1995/1995/1995 1998/1998/1998 1994/1994/1994
f 1997/1997/1997 1998/1998/1998 1995/1995/1995
f 1994/1994/1994 1999/1999/1999 1993/1993/1993
f 1998/1998/1998 1999/1999/1999 1994/1994/1994
f 1998/1998/1998 2000/2000/2000 1999/1999/1999
f 1993/1993/1993 2001/2001/2001 1992/1992/1992
f 1999/1999/1999 2001/2001/2001 1993/1993/1993
f 1992/1992/1992 2002/2002/2002 1991/1991/1991
f 2001/2001/2001 2002/2002/2002 1992/1992/1992
f 1991/1991/1991 2003/2003/2003 1996/1996/1996
f 2003/2003/2003 1997/1997/1997 1996/1996/1996
f 2002/2002/2002 2003/2003/2003 1991/1991/1991
f 1999/1999/1999 2004/2004/2004 2001/2001/2001
f 2000/2000/2000 2004/2004/2004 1999/1999/1999
f 2001/2001/2001 2005/2005/2005 2002/2002/2002
f 2004/2004/2004 2005/2005/2005 2001/2001/2001
f 2002/2002/2002 2006/2006/2006 2003/2003/2003
f 2005/2005/2005 2006/2006/2006 2002/2002/2002
f 2003/2003/2003 2007/2007/2007 1997/1997/1997
f 2006/2006/2006 2007/2007/2007 2003/2003/2003
f 2004/2004/2004 2008/2008/2008 2005/2005/2005
f 2005/2005/2005 2009/2009/2009 2006/2006/2006
f 2008/2008/2008 2009/2009/2009 2005/2005/2005
f 2000/2000/2000 2010/2010/2010 2004/2004/2004
f 2010/2010/2010 2008/2008/2008 2004/2004/2004
f 2006/2006/2006 2011/2011/2011 2007/2007/2007
f 2009/2009/2009 2011/2011/2011 2006/2006/2006
f 2009/2009/2009 2008/2008/2008 2012/2012/2012
f 2008/2008/2008 2010/2010/2010 2013/2013/2013
f 2008/2008/2008 2013/2013/2013 2012/2012/2012
f 2010/2010/2010 2014/2014/2014 2013/2013/2013
f 2015/2015/2015 2010/2010/2010 2000/2000/2000
f 2010/2010/2010 2015/2015/2015 2014/2014/2014
f 2011/2011/2011 2009/2009/2009 2016/2016/2016
f 2009/2009/2009 2012/2012/2012 2016/2016/2016
f 2011/2011/2011 2017/2017/2017 2007/2007/2007
f 2011/2011/2011 2016/2016/2016 2018/2018/2018
f 2017/2017/2017 2011/2011/2011 2018/2018/2018
f 2007/2007/2007 2017/2017/2017 2019/2019/2019
f 2017/2017/2017 2015/2015/2015 2019/2019/2019
f 2019/2019/2019 2015/2015/2015 2000/2000/2000
f 2007/2007/2007 2019/2019/2019 1997/1997/1997
f 2015/2015/2015 2017/2017/2017 2020/2020/2020
f 2015/2015/2015 2020/2020/2020 2014/2014/2014
f 2017/2017/2017 2018/2018/2018 2020/2020/2020
f 2020/2020/2020 2018/2018/2018 2021/2021/2021
f 2018/2018/2018 2016/2016/2016 2022/2022/2022
f 2018/2018/2018 2022/2022/2022 2021/2021/2021
f 2016/2016/2016 2012/2012/2012 2023/2023/2023
f 2016/2016/2016 2023/2023/2023 2022/2022/2022
f 2012/2012/2012 2024/2024/2024 2023/2023/2023
f 2012/2012/2012 2013/2013/2013 2024/2024/2024
f 2013/2013/2013 2014/2014/2014 2025/2025/2025
f 2013/2013/2013 2025/2025/2025 2024/2024/2024
f 2019/2019/2019 2026/2026/2026 1997/1997/1997
f 2026/2026/2026 2027/2027/2027 1997/1997/1997
f 1997/1997/1997 2027/2027/2027 1998/1998/1998
f 2027/2027/2027 2028/2028/2028 1998/1998/1998
f 2027/2027/2027 2026/2026/2026 2028/2028/2028
f 1998/1998/1998 2028/2028/2028 2000/2000/2000
f 2029/2029/2029 2026/2026/2026 2019/2019/2019
f 2000/2000/2000 2029/2029/2029 2019/2019/2019
f 2028/2028/2028 2029/2029/2029 2000/2000/2000
f 2026/2026/2026 2029/2029/2029 2028/2028/2028
f 2022/2022/2022 2023/2023/2023 2030/2030/2030
f 2023/2023/2023 2024/2024/2024 2031/2031/2031
f 2023/2023/2023 2031/2031/2031 2030/2030/2030
f 2024/2024/2024 2025/2025/2025 2032/2032/2032
f 2024/2024/2024 2032/2032/2032 2031/2031/2031
f 2022/2022/2022 2030/2030/2030 2033/2033/2033
f 2021/2021/2021 2022/2022/2022 2033/2033/2033
f 2030/2030/2030 2031/2031/2031 2034/2034/2034
f 2031/2031/2031 2032/2032/2032 2035/2035/2035
f 2034/2034/2034 2031/2031/2031 2035/2035/2035
f 2033/2033/2033 2030/2030/2030 2036/2036/2036
f 2036/2036/2036 2030/2030/2030 2034/2034/2034
f 2025/2025/2025 2037/2037/2037 2032/2032/2032
f 2035/2035/2035 2032/2032/2032 2038/2038/2038
f 2032/2032/2032 2037/2037/2037 2038/2038/2038
f 2025/2025/2025 2039/2039/2039 2037/2037/2037
f 2014/2014/2014 2039/2039/2039 2025/2025/2025
f 2034/2034/2034 2035/2035/2035 2040/2040/2040
f 2036/2036/2036 2034/2034/2034 2041/2041/2041
f 2041/2041/2041 2034/2034/2034 2040/2040/2040
f 2035/2035/2035 2038/2038/2038 2042/2042/2042
f 2040/2040/2040 2035/2035/2035 2042/2042/2042
f 2043/2043/2043 2033/2033/2033 2036/2036/2036
f 2044/2044/2044 2036/2036/2036 2041/2041/2041
f 2043/2043/2043 2036/2036/2036 2044/2044/2044
f 2045/2045/2045 2033/2033/2033 2043/2043/2043
f 2039/2039/2039 2045/2045/2045 2037/2037/2037
f 2021/2021/2021 2033/2033/2033 2045/2045/2045
f 2039/2039/2039 2021/2021/2021 2045/2045/2045
f 2037/2037/2037 2045/2045/2045 2046/2046/2046
f 2038/2038/2038 2037/2037/2037 2046/2046/2046
f 2046/2046/2046 2045/2045/2045 2043/2043/2043
f 2038/2038/2038 2046/2046/2046 2047/2047/2047
f 2042/2042/2042 2038/2038/2038 2047/2047/2047
f 2046/2046/2046 2043/2043/2043 2048/2048/2048
f 2048/2048/2048 2043/2043/2043 2044/2044/2044
f 2047/2047/2047 2046/2046/2046 2048/2048/2048
f 2041/2041/2041 2040/2040/2040 2049/2049/2049
f 2040/2040/2040 2042/2042/2042 2050/2050/2050
f 2049/2049/2049 2040/2040/2040 2050/2050/2050
f 2041/2041/2041 2051/2051/2051 2044/2044/2044
f 2051/2051/2051 2041/2041/2041 2049/2049/2049
f 2044/2044/2044 2052/2052/2052 2048/2048/2048
f 2051/2051/2051 2052/2052/2052 2044/2044/2044
f 2048/2048/2048 2053/2053/2053 2047/2047/2047
f 2052/2052/2052 2053/2053/2053 2048/2048/2048
f 2042/2042/2042 2047/2047/2047 2054/2054/2054
f 2050/2050/2050 2042/2042/2042 2054/2054/2054
f 2053/2053/2053 2054/2054/2054 2047/2047/2047
f 2051/2051/2051 2049/2049/2049 2055/2055/2055
f 2056/2056/2056 2051/2051/2051 2055/2055/2055
f 2052/2052/2052 2051/2051/2051 2056/2056/2056
f 2055/2055/2055 2049/2049/2049 2057/2057/2057
f 2049/2049/2049 2050/2050/2050 2057/2057/2057
f 2058/2058/2058 2052/2052/2052 2056/2056/2056
f 2053/2053/2053 2052/2052/2052 2058/2058/2058
f 2057/2057/2057 2050/2050/2050 2059/2059/2059
f 2050/2050/2050 2054/2054/2054 2059/2059/2059
f 2060/2060/2060 2053/2053/2053 2058/2058/2058
f 2059/2059/2059 2054/2054/2054 2060/2060/2060
f 2054/2054/2054 2053/2053/2053 2060/2060/2060
f 2061/2061/2061 2020/2020/2020 2021/2021/2021
f 2062/2062/2062 2061/2061/2061 2021/2021/2021
f 2062/2062/2062 2021/2021/2021 2039/2039/2039
f 2063/2063/2063 2062/2062/2062 2039/2039/2039
f 2061/2061/2061 2062/2062/2062 2063/2063/2063
f 2063/2063/2063 2039/2039/2039 2014/2014/2014
f 2064/2064/2064 2014/2014/2014 2020/2020/2020
f 2061/2061/2061 2064/2064/2064 2020/2020/2020
f 2064/2064/2064 2063/2063/2063 2014/2014/2014
f 2064/2064/2064 2061/2061/2061 2063/2063/2063
f 2067/2067/2067 2066/2066/2066 2065/2065/2065
f 2068/2068/2068 2067/2067/2067 2065/2065/2065
f 2068/2068/2068 2065/2065/2065 2069/2069/2069
f 2070/2070/2070 2068/2068/2068 2069/2069/2069
f 2067/2067/2067 2068/2068/2068 2070/2070/2070
f 2070/2070/2070 2069/2069/2069 2071/2071/2071
f 2072/2072/2072 2070/2070/2070 2071/2071/2071
f 2070/2070/2070 2072/2072/2072 2067/2067/2067
f 2072/2072/2072 2071/2071/2071 2073/2073/2073
f 2067/2067/2067 2074/2074/2074 2066/2066/2066
f 2072/2072/2072 2074/2074/2074 2067/2067/2067
f 2074/2074/2074 2075/2075/2075 2066/2066/2066
f 2076/2076/2076 2072/2072/2072 2073/2073/2073
f 2072/2072/2072 2076/2076/2076 2074/2074/2074
f 2076/2076/2076 2073/2073/2073 2077/2077/2077
f 2074/2074/2074 2078/2078/2078 2075/2075/2075
f 2076/2076/2076 2078/2078/2078 2074/2074/2074
f 2078/2078/2078 2079/2079/2079 2075/2075/2075
f 2080/2080/2080 2076/2076/2076 2077/2077/2077
f 2076/2076/2076 2080/2080/2080 2078/2078/2078
f 2080/2080/2080 2077/2077/2077 2081/2081/2081
f 2078/2078/2078 2082/2082/2082 2079/2079/2079
f 2080/2080/2080 2082/2082/2082 2078/2078/2078
f 2082/2082/2082 2083/2083/2083 2079/2079/2079
f 2084/2084/2084 2080/2080/2080 2081/2081/2081
f 2080/2080/2080 2084/2084/2084 2082/2082/2082
f 2084/2084/2084 2081/2081/2081 2085/2085/2085
f 2082/2082/2082 2086/2086/2086 2083/2083/2083
f 2084/2084/2084 2086/2086/2086 2082/2082/2082
f 2086/2086/2086 2087/2087/2087 2083/2083/2083
f 2088/2088/2088 2085/2085/2085 2087/2087/2087
f 2088/2088/2088 2084/2084/2084 2085/2085/2085
f 2086/2086/2086 2088/2088/2088 2087/2087/2087
f 2084/2084/2084 2088/2088/2088 2086/2086/2086
f 2091/2091/2091 2090/2090/2090 2089/2089/2089
f 2092/2092/2092 2091/2091/2091 2089/2089/2089
f 2092/2092/2092 2089/2089/2089 2093/2093/2093
f 2094/2094/2094 2092/2092/2092 2093/2093/2093
f 2091/2091/2091 2092/2092/2092 2094/2094/2094
f 2094/2094/2094 2093/2093/2093 2095/2095/2095
f 2096/2096/2096 2094/2094/2094 2095/2095/2095
f 2094/2094/2094 2096/2096/2096 2091/2091/2091
f 2096/2096/2096 2095/2095/2095 2097/2097/2097
f 2091/2091/2091 2098/2098/2098 2090/2090/2090
f 2096/2096/2096 2098/2098/2098 2091/2091/2091
f 2098/2098/2098 2099/2099/2099 2090/2090/2090
f 2100/2100/2100 2096/2096/2096 2097/2097/2097
f 2096/2096/2096 2100/2100/2100 2098/2098/2098
f 2100/2100/2100 2097/2097/2097 2101/2101/2101
f 2098/2098/2098 2102/2102/2102 2099/2099/2099
f 2100/2100/2100 2102/2102/2102 2098/2098/2098
f 2102/2102/2102 2103/2103/2103 2099/2099/2099
f 2104/2104/2104 2100/2100/2100 2101/2101/2101
f 2100/2100/2100 2104/2104/2104 2102/2102/2102
f 2104/2104/2104 2101/2101/2101 2105/2105/2105
f 2102/2102/2102 2106/2106/2106 2103/2103/2103
f 2104/2104/2104 2106/2106/2106 2102/2102/2102
f 2106/2106/2106 2107/2107/2107 2103/2103/2103
f 2108/2108/2108 2104/2104/2104 2105/2105/2105
f 2104/2104/2104 2108/2108/2108 2106/2106/2106
f 2108/2108/2108 2105/2105/2105 2109/2109/2109
f 2106/2106/2106 2110/2110/2110 2107/2107/2107
f 2108/2108/2108 2110/2110/2110 2106/2106/2106
f 2110/2110/2110 2111/2111/2111 2107/2107/2107
f 2112/2112/2112 2109/2109/2109 2111/2111/2111
f 2112/2112/2112 2108/2108/2108 2109/2109/2109
f 2110/2110/2110 2112/2112/2112 2111/2111/2111
f 2108/2108/2108 2112/2112/2112 2110/2110/2110
f 2115/2115/2115 2114/2114/2114 2113/2113/2113
f 2116/2116/2116 2115/2115/2115 2113/2113/2113
f 2116/2116/2116 2113/2113/2113 2117/2117/2117
f 2115/2115/2115 2118/2118/2118 2114/2114/2114
f 2118/2118/2118 2119/2119/2119 2114/2114/2114
f 2118/2118/2118 2120/2120/2120 2119/2119/2119
f 2120/2120/2120 2121/2121/2121 2119/2119/2119
f 2122/2122/2122 2120/2120/2120 2118/2118/2118
f 2120/2120/2120 2122/2122/2122 2121/2121/2121
f 2118/2118/2118 2115/2115/2115 2122/2122/2122
f 2122/2122/2122 2123/2123/2123 2121/2121/2121
f 2115/2115/2115 2124/2124/2124 2122/2122/2122
f 2122/2122/2122 2124/2124/2124 2123/2123/2123
f 2115/2115/2115 2116/2116/2116 2124/2124/2124
f 2124/2124/2124 2125/2125/2125 2123/2123/2123
f 2124/2124/2124 2126/2126/2126 2125/2125/2125
f 2116/2116/2116 2126/2126/2126 2124/2124/2124
f 2126/2126/2126 2127/2127/2127 2125/2125/2125
f 2128/2128/2128 2116/2116/2116 2117/2117/2117
f 2116/2116/2116 2128/2128/2128 2126/2126/2126
f 2128/2128/2128 2117/2117/2117 2129/2129/2129
f 2126/2126/2126 2130/2130/2130 2127/2127/2127
f 2128/2128/2128 2130/2130/2130 2126/2126/2126
f 2130/2130/2130 2131/2131/2131 2127/2127/2127
f 2132/2132/2132 2128/2128/2128 2129/2129/2129
f 2128/2128/2128 2132/2132/2132 2130/2130/2130
f 2132/2132/2132 2129/2129/2129 2133/2133/2133
f 2130/2130/2130 2134/2134/2134 2131/2131/2131
f 2132/2132/2132 2134/2134/2134 2130/2130/2130
f 2134/2134/2134 2135/2135/2135 2131/2131/2131
f 2136/2136/2136 2133/2133/2133 2135/2135/2135
f 2136/2136/2136 2132/2132/2132 2133/2133/2133
f 2134/2134/2134 2136/2136/2136 2135/2135/2135
f 2132/2132/2132 2136/2136/2136 2134/2134/2134
f 2139/2139/2139 2138/2138/2138 2137/2137/2137
f 2140/2140/2140 2139/2139/2139 2137/2137/2137
f 2140/2140/2140 2137/2137/2137 2141/2141/2141
f 2139/2139/2139 2142/2142/2142 2138/2138/2138
f 2142/2142/2142 2143/2143/2143 2138/2138/2138
f 2144/2144/2144 2140/2140/2140 2141/2141/2141
f 2144/2144/2144 2141/2141/2141 2145/2145/2145
f 2142/2142/2142 2146/2146/2146 2143/2143/2143
f 2146/2146/2146 2147/2147/2147 2143/2143/2143
f 2146/2146/2146 2148/2148/2148 2147/2147/2147
f 2148/2148/2148 2146/2146/2146 2142/2142/2142
f 2148/2148/2148 2149/2149/2149 2147/2147/2147
f 2150/2150/2150 2148/2148/2148 2142/2142/2142
f 2148/2148/2148 2150/2150/2150 2149/2149/2149
f 2150/2150/2150 2142/2142/2142 2139/2139/2139
f 2150/2150/2150 2151/2151/2151 2149/2149/2149
f 2152/2152/2152 2150/2150/2150 2139/2139/2139
f 2150/2150/2150 2152/2152/2152 2151/2151/2151
f 2152/2152/2152 2139/2139/2139 2140/2140/2140
f 2152/2152/2152 2153/2153/2153 2151/2151/2151
f 2154/2154/2154 2152/2152/2152 2140/2140/2140
f 2152/2152/2152 2154/2154/2154 2153/2153/2153
f 2154/2154/2154 2140/2140/2140 2144/2144/2144
f 2154/2154/2154 2155/2155/2155 2153/2153/2153
f 2154/2154/2154 2156/2156/2156 2155/2155/2155
f 2156/2156/2156 2154/2154/2154 2144/2144/2144
f 2156/2156/2156 2157/2157/2157 2155/2155/2155
f 2156/2156/2156 2144/2144/2144 2158/2158/2158
f 2158/2158/2158 2144/2144/2144 2145/2145/2145
f 2158/2158/2158 2145/2145/2145 2159/2159/2159
f 2160/2160/2160 2159/2159/2159 2157/2157/2157
f 2156/2156/2156 2160/2160/2160 2157/2157/2157
f 2160/2160/2160 2158/2158/2158 2159/2159/2159
f 2158/2158/2158 2160/2160/2160 2156/2156/2156
f 2163/2163/2163 2162/2162/2162 2161/2161/2161
f 2164/2164/2164 2163/2163/2163 2161/2161/2161
f 2164/2164/2164 2161/2161/2161 2165/2165/2165
f 2166/2166/2166 2164/2164/2164 2165/2165/2165
f 2163/2163/2163 2164/2164/2164 2166/2166/2166
f 2166/2166/2166 2165/2165/2165 2167/2167/2167
f 2168/2168/2168 2166/2166/2166 2167/2167/2167
f 2166/2166/2166 2168/2168/2168 2163/2163/2163
f 2168/2168/2168 2167/2167/2167 2169/2169/2169
f 2163/2163/2163 2170/2170/2170 2162/2162/2162
f 2168/2168/2168 2170/2170/2170 2163/2163/2163
f 2170/2170/2170 2171/2171/2171 2162/2162/2162
f 2172/2172/2172 2168/2168/2168 2169/2169/2169
f 2168/2168/2168 2172/2172/2172 2170/2170/2170
f 2172/2172/2172 2169/2169/2169 2173/2173/2173
f 2170/2170/2170 2174/2174/2174 2171/2171/2171
f 2172/2172/2172 2174/2174/2174 2170/2170/2170
f 2174/2174/2174 2175/2175/2175 2171/2171/2171
f 2176/2176/2176 2172/2172/2172 2173/2173/2173
f 2172/2172/2172 2176/2176/2176 2174/2174/2174
f 2176/2176/2176 2173/2173/2173 2177/2177/2177
f 2174/2174/2174 2178/2178/2178 2175/2175/2175
f 2176/2176/2176 2178/2178/2178 2174/2174/2174
f 2178/2178/2178 2179/2179/2179 2175/2175/2175
f 2180/2180/2180 2176/2176/2176 2177/2177/2177
f 2176/2176/2176 2180/2180/2180 2178/2178/2178
f 2180/2180/2180 2177/2177/2177 2181/2181/2181
f 2178/2178/2178 2182/2182/2182 2179/2179/2179
f 2180/2180/2180 2182/2182/2182 2178/2178/2178
f 2182/2182/2182 2183/2183/2183 2179/2179/2179
f 2184/2184/2184 2181/2181/2181 2183/2183/2183
f 2184/2184/2184 2180/2180/2180 2181/2181/2181
f 2182/2182/2182 2184/2184/2184 2183/2183/2183
f 2180/2180/2180 2184/2184/2184 2182/2182/2182
f 2187/2187/2187 2186/2186/2186 2185/2185/2185
f 2185/2185/2185 2186/2186/2186 2188/2188/2188
f 2188/2188/2188 2189/2189/2189 2185/2185/2185
f 2187/2187/2187 2190/2190/2190 2186/2186/2186
f 2190/2190/2190 2188/2188/2188 2186/2186/2186
f 2190/2190/2190 2189/2189/2189 2188/2188/2188
f 2191/2191/2191 2187/2187/2187 2185/2185/2185
f 2189/2189/2189 2192/2192/2192 2185/2185/2185
f 2185/2185/2185 2192/2192/2192 2191/2191/2191
f 2193/2193/2193 2190/2190/2190 2187/2187/2187
f 2193/2193/2193 2187/2187/2187 2191/2191/2191
f 2194/2194/2194 2190/2190/2190 2193/2193/2193
f 2195/2195/2195 2193/2193/2193 2191/2191/2191
f 2194/2194/2194 2193/2193/2193 2195/2195/2195
f 2196/2196/2196 2190/2190/2190 2194/2194/2194
f 2188/2188/2188 2190/2190/2190 2197/2197/2197
f 2190/2190/2190 2198/2198/2198 2197/2197/2197
f 2197/2197/2197 2199/2199/2199 2188/2188/2188
f 2197/2197/2197 2198/2198/2198 2199/2199/2199
f 2200/2200/2200 2189/2189/2189 2188/2188/2188
f 2199/2199/2199 2200/2200/2200 2188/2188/2188
f 2192/2192/2192 2201/2201/2201 2191/2191/2191
f 2191/2191/2191 2201/2201/2201 2195/2195/2195
f 2202/2202/2202 2194/2194/2194 2195/2195/2195
f 2196/2196/2196 2194/2194/2194 2202/2202/2202
f 2201/2201/2201 2203/2203/2203 2195/2195/2195
f 2195/2195/2195 2203/2203/2203 2202/2202/2202
f 2198/2198/2198 2204/2204/2204 2199/2199/2199
f 2190/2190/2190 2205/2205/2205 2198/2198/2198
f 2198/2198/2198 2205/2205/2205 2204/2204/2204
f 2206/2206/2206 2200/2200/2200 2199/2199/2199
f 2204/2204/2204 2206/2206/2206 2199/2199/2199
f 2207/2207/2207 2201/2201/2201 2192/2192/2192
f 2208/2208/2208 2203/2203/2203 2201/2201/2201
f 2207/2207/2207 2208/2208/2208 2201/2201/2201
f 2190/2190/2190 2208/2208/2208 2207/2207/2207
f 2209/2209/2209 2207/2207/2207 2192/2192/2192
f 2190/2190/2190 2207/2207/2207 2209/2209/2209
f 2209/2209/2209 2192/2192/2192 2189/2189/2189
f 2189/2189/2189 2190/2190/2190 2209/2209/2209
f 2200/2200/2200 2210/2210/2210 2189/2189/2189
f 2190/2190/2190 2189/2189/2189 2210/2210/2210
f 2190/2190/2190 2211/2211/2211 2208/2208/2208
f 2208/2208/2208 2211/2211/2211 2203/2203/2203
f 2212/2212/2212 2190/2190/2190 2210/2210/2210
f 2212/2212/2212 2210/2210/2210 2200/2200/2200
f 2206/2206/2206 2212/2212/2212 2200/2200/2200
f 2213/2213/2213 2190/2190/2190 2212/2212/2212
f 2213/2213/2213 2212/2212/2212 2206/2206/2206
f 2214/2214/2214 2206/2206/2206 2204/2204/2204
f 2214/2214/2214 2213/2213/2213 2206/2206/2206
f 2211/2211/2211 2215/2215/2215 2203/2203/2203
f 2203/2203/2203 2215/2215/2215 2202/2202/2202
f 2190/2190/2190 2216/2216/2216 2211/2211/2211
f 2211/2211/2211 2216/2216/2216 2215/2215/2215
f 2202/2202/2202 2215/2215/2215 2217/2217/2217
f 2217/2217/2217 2196/2196/2196 2202/2202/2202
f 2215/2215/2215 2218/2218/2218 2217/2217/2217
f 2216/2216/2216 2218/2218/2218 2215/2215/2215
f 2196/2196/2196 2217/2217/2217 2219/2219/2219
f 2217/2217/2217 2218/2218/2218 2219/2219/2219
f 2218/2218/2218 2216/2216/2216 2220/2220/2220
f 2218/2218/2218 2220/2220/2220 2219/2219/2219
f 2221/2221/2221 2196/2196/2196 2219/2219/2219
f 2221/2221/2221 2190/2190/2190 2196/2196/2196
f 2221/2221/2221 2219/2219/2219 2222/2222/2222
f 2219/2219/2219 2220/2220/2220 2222/2222/2222
f 2216/2216/2216 2223/2223/2223 2220/2220/2220
f 2190/2190/2190 2223/2223/2223 2216/2216/2216
f 2220/2220/2220 2223/2223/2223 2224/2224/2224
f 2220/2220/2220 2224/2224/2224 2222/2222/2222
f 2225/2225/2225 2221/2221/2221 2222/2222/2222
f 2225/2225/2225 2190/2190/2190 2221/2221/2221
f 2190/2190/2190 2226/2226/2226 2223/2223/2223
f 2223/2223/2223 2226/2226/2226 2224/2224/2224
f 2225/2225/2225 2222/2222/2222 2227/2227/2227
f 2222/2222/2222 2224/2224/2224 2227/2227/2227
f 2228/2228/2228 2190/2190/2190 2225/2225/2225
f 2228/2228/2228 2225/2225/2225 2227/2227/2227
f 2190/2190/2190 2229/2229/2229 2226/2226/2226
f 2230/2230/2230 2190/2190/2190 2228/2228/2228
f 2224/2224/2224 2226/2226/2226 2231/2231/2231
f 2224/2224/2224 2231/2231/2231 2227/2227/2227
f 2226/2226/2226 2229/2229/2229 2231/2231/2231
f 2228/2228/2228 2227/2227/2227 2232/2232/2232
f 2227/2227/2227 2231/2231/2231 2232/2232/2232
f 2230/2230/2230 2228/2228/2228 2232/2232/2232
f 2231/2231/2231 2229/2229/2229 2233/2233/2233
f 2231/2231/2231 2233/2233/2233 2232/2232/2232
f 2230/2230/2230 2232/2232/2232 2234/2234/2234
f 2232/2232/2232 2233/2233/2233 2234/2234/2234
f 2229/2229/2229 2235/2235/2235 2233/2233/2233
f 2190/2190/2190 2235/2235/2235 2229/2229/2229
f 2233/2233/2233 2235/2235/2235 2236/2236/2236
f 2233/2233/2233 2236/2236/2236 2234/2234/2234
f 2237/2237/2237 2230/2230/2230 2234/2234/2234
f 2237/2237/2237 2190/2190/2190 2230/2230/2230
f 2237/2237/2237 2234/2234/2234 2238/2238/2238
f 2234/2234/2234 2236/2236/2236 2238/2238/2238
f 2235/2235/2235 2239/2239/2239 2236/2236/2236
f 2190/2190/2190 2239/2239/2239 2235/2235/2235
f 2240/2240/2240 2237/2237/2237 2238/2238/2238
f 2240/2240/2240 2190/2190/2190 2237/2237/2237
f 2236/2236/2236 2241/2241/2241 2238/2238/2238
f 2236/2236/2236 2239/2239/2239 2241/2241/2241
f 2238/2238/2238 2241/2241/2241 2240/2240/2240
f 2239/2239/2239 2242/2242/2242 2241/2241/2241
f 2241/2241/2241 2242/2242/2242 2240/2240/2240
f 2190/2190/2190 2242/2242/2242 2239/2239/2239
f 2240/2240/2240 2242/2242/2242 2190/2190/2190
f 2243/2243/2243 2190/2190/2190 2213/2213/2213
f 2244/2244/2244 2190/2190/2190 2243/2243/2243
f 2243/2243/2243 2213/2213/2213 2214/2214/2214
f 2245/2245/2245 2243/2243/2243 2214/2214/2214
f 2244/2244/2244 2243/2243/2243 2245/2245/2245
f 2245/2245/2245 2214/2214/2214 2246/2246/2246
f 2246/2246/2246 2214/2214/2214 2204/2204/2204
f 2205/2205/2205 2246/2246/2246 2204/2204/2204
f 2205/2205/2205 2247/2247/2247 2246/2246/2246
f 2190/2190/2190 2247/2247/2247 2205/2205/2205
f 2248/2248/2248 2245/2245/2245 2246/2246/2246
f 2247/2247/2247 2248/2248/2248 2246/2246/2246
f 2249/2249/2249 2244/2244/2244 2245/2245/2245
f 2249/2249/2249 2245/2245/2245 2248/2248/2248
f 2247/2247/2247 2250/2250/2250 2248/2248/2248
f 2190/2190/2190 2250/2250/2250 2247/2247/2247
f 2251/2251/2251 2249/2249/2249 2248/2248/2248
f 2250/2250/2250 2251/2251/2251 2248/2248/2248
f 2244/2244/2244 2249/2249/2249 2252/2252/2252
f 2252/2252/2252 2249/2249/2249 2251/2251/2251
f 2251/2251/2251 2250/2250/2250 2253/2253/2253
f 2253/2253/2253 2252/2252/2252 2251/2251/2251
f 2254/2254/2254 2244/2244/2244 2252/2252/2252
f 2254/2254/2254 2190/2190/2190 2244/2244/2244
f 2254/2254/2254 2252/2252/2252 2255/2255/2255
f 2255/2255/2255 2252/2252/2252 2253/2253/2253
f 2250/2250/2250 2256/2256/2256 2253/2253/2253
f 2190/2190/2190 2256/2256/2256 2250/2250/2250
f 2257/2257/2257 2190/2190/2190 2254/2254/2254
f 2257/2257/2257 2254/2254/2254 2255/2255/2255
f 2253/2253/2253 2256/2256/2256 2258/2258/2258
f 2258/2258/2258 2255/2255/2255 2253/2253/2253
f 2190/2190/2190 2259/2259/2259 2256/2256/2256
f 2256/2256/2256 2259/2259/2259 2258/2258/2258
f 2260/2260/2260 2190/2190/2190 2257/2257/2257
f 2190/2190/2190 2261/2261/2261 2259/2259/2259
f 2257/2257/2257 2255/2255/2255 2262/2262/2262
f 2262/2262/2262 2255/2255/2255 2258/2258/2258
f 2260/2260/2260 2257/2257/2257 2262/2262/2262
f 2258/2258/2258 2259/2259/2259 2263/2263/2263
f 2263/2263/2263 2262/2262/2262 2258/2258/2258
f 2259/2259/2259 2261/2261/2261 2263/2263/2263
f 2260/2260/2260 2262/2262/2262 2264/2264/2264
f 2264/2264/2264 2262/2262/2262 2263/2263/2263
f 2263/2263/2263 2261/2261/2261 2265/2265/2265
f 2265/2265/2265 2264/2264/2264 2263/2263/2263
f 2266/2266/2266 2260/2260/2260 2264/2264/2264
f 2266/2266/2266 2190/2190/2190 2260/2260/2260
f 2266/2266/2266 2264/2264/2264 2267/2267/2267
f 2267/2267/2267 2264/2264/2264 2265/2265/2265
f 2261/2261/2261 2268/2268/2268 2265/2265/2265
f 2190/2190/2190 2268/2268/2268 2261/2261/2261
f 2265/2265/2265 2268/2268/2268 2269/2269/2269
f 2269/2269/2269 2267/2267/2267 2265/2265/2265
f 2270/2270/2270 2266/2266/2266 2267/2267/2267
f 2270/2270/2270 2190/2190/2190 2266/2266/2266
f 2270/2270/2270 2267/2267/2267 2271/2271/2271
f 2271/2271/2271 2267/2267/2267 2269/2269/2269
f 2268/2268/2268 2272/2272/2272 2269/2269/2269
f 2190/2190/2190 2272/2272/2272 2268/2268/2268
f 2273/2273/2273 2270/2270/2270 2271/2271/2271
f 2273/2273/2273 2190/2190/2190 2270/2270/2270
f 2274/2274/2274 2271/2271/2271 2269/2269/2269
f 2269/2269/2269 2272/2272/2272 2274/2274/2274
f 2273/2273/2273 2271/2271/2271 2274/2274/2274
f 2190/2190/2190 2275/2275/2275 2272/2272/2272
f 2272/2272/2272 2275/2275/2275 2274/2274/2274
f 2275/2275/2275 2273/2273/2273 2274/2274/2274
f 2190/2190/2190 2273/2273/2273 2275/2275/2275
f 2278/2278/2278 2277/2277/2277 2276/2276/2276
f 2277/2277/2277 2279/2279/2279 2276/2276/2276
f 2276/2276/2276 2280/2280/2280 2278/2278/2278
f 2279/2279/2279 2281/2281/2281 2276/2276/2276
f 2281/2281/2281 2280/2280/2280 2276/2276/2276
f 2277/2277/2277 2282/2282/2282 2279/2279/2279
f 2278/2278/2278 2283/2283/2283 2277/2277/2277
f 2284/2284/2284 2282/2282/2282 2277/2277/2277
f 2283/2283/2283 2284/2284/2284 2277/2277/2277
f 2278/2278/2278 2280/2280/2280 2285/2285/2285
f 2286/2286/2286 2283/2283/2283 2278/2278/2278
f 2278/2278/2278 2285/2285/2285 2286/2286/2286
f 2283/2283/2283 2287/2287/2287 2284/2284/2284
f 2286/2286/2286 2288/2288/2288 2283/2283/2283
f 2283/2283/2283 2288/2288/2288 2287/2287/2287
f 2284/2284/2284 2289/2289/2289 2282/2282/2282
f 2287/2287/2287 2289/2289/2289 2284/2284/2284
f 2285/2285/2285 2290/2290/2290 2286/2286/2286
f 2290/2290/2290 2288/2288/2288 2286/2286/2286
f 2282/2282/2282 2291/2291/2291 2279/2279/2279
f 2279/2279/2279 2292/2292/2292 2281/2281/2281
f 2291/2291/2291 2292/2292/2292 2279/2279/2279
f 2282/2282/2282 2293/2293/2293 2291/2291/2291
f 2282/2282/2282 2289/2289/2289 2293/2293/2293
f 2291/2291/2291 2294/2294/2294 2292/2292/2292
f 2293/2293/2293 2294/2294/2294 2291/2291/2291
f 2287/2287/2287 2295/2295/2295 2289/2289/2289
f 2288/2288/2288 2296/2296/2296 2287/2287/2287
f 2296/2296/2296 2295/2295/2295 2287/2287/2287
f 2289/2289/2289 2297/2297/2297 2293/2293/2293
f 2295/2295/2295 2297/2297/2297 2289/2289/2289
f 2298/2298/2298 2296/2296/2296 2288/2288/2288
f 2290/2290/2290 2298/2298/2298 2288/2288/2288
f 2297/2297/2297 2299/2299/2299 2293/2293/2293
f 2293/2293/2293 2299/2299/2299 2294/2294/2294
f 2295/2295/2295 2300/2300/2300 2297/2297/2297
f 2297/2297/2297 2300/2300/2300 2299/2299/2299
f 2296/2296/2296 2301/2301/2301 2295/2295/2295
f 2298/2298/2298 2301/2301/2301 2296/2296/2296
f 2295/2295/2295 2301/2301/2301 2300/2300/2300
f 2292/2292/2292 2294/2294/2294 2302/2302/2302
f 2299/2299/2299 2303/2303/2303 2294/2294/2294
f 2294/2294/2294 2303/2303/2303 2302/2302/2302
f 2299/2299/2299 2300/2300/2300 2304/2304/2304
f 2299/2299/2299 2304/2304/2304 2303/2303/2303
f 2301/2301/2301 2305/2305/2305 2300/2300/2300
f 2300/2300/2300 2305/2305/2305 2304/2304/2304
f 2298/2298/2298 2306/2306/2306 2301/2301/2301
f 2306/2306/2306 2305/2305/2305 2301/2301/2301
f 2307/2307/2307 2298/2298/2298 2290/2290/2290
f 2307/2307/2307 2306/2306/2306 2298/2298/2298
f 2303/2303/2303 2304/2304/2304 2308/2308/2308
f 2303/2303/2303 2308/2308/2308 2302/2302/2302
f 2304/2304/2304 2305/2305/2305 2309/2309/2309
f 2309/2309/2309 2305/2305/2305 2306/2306/2306
f 2308/2308/2308 2304/2304/2304 2309/2309/2309
f 2292/2292/2292 2302/2302/2302 2310/2310/2310
f 2292/2292/2292 2310/2310/2310 2281/2281/2281
f 2311/2311/2311 2307/2307/2307 2290/2290/2290
f 2285/2285/2285 2311/2311/2311 2290/2290/2290
f 2312/2312/2312 2306/2306/2306 2307/2307/2307
f 2312/2312/2312 2309/2309/2309 2306/2306/2306
f 2312/2312/2312 2307/2307/2307 2311/2311/2311
f 2308/2308/2308 2309/2309/2309 2313/2313/2313
f 2313/2313/2313 2309/2309/2309 2312/2312/2312
f 2302/2302/2302 2308/2308/2308 2314/2314/2314
f 2302/2302/2302 2314/2314/2314 2310/2310/2310
f 2308/2308/2308 2313/2313/2313 2314/2314/2314
f 2310/2310/2310 2315/2315/2315 2281/2281/2281
f 2310/2310/2310 2314/2314/2314 2315/2315/2315
f 2281/2281/2281 2315/2315/2315 2280/2280/2280
f 2280/2280/2280 2316/2316/2316 2285/2285/2285
f 2316/2316/2316 2311/2311/2311 2285/2285/2285
f 2315/2315/2315 2316/2316/2316 2280/2280/2280
f 2317/2317/2317 2312/2312/2312 2311/2311/2311
f 2313/2313/2313 2312/2312/2312 2317/2317/2317
f 2314/2314/2314 2313/2313/2313 2317/2317/2317
f 2317/2317/2317 2311/2311/2311 2316/2316/2316
f 2315/2315/2315 2317/2317/2317 2316/2316/2316
f 2315/2315/2315 2314/2314/2314 2317/2317/2317
f 2320/2320/2320 2319/2319/2319 2318/2318/2318
f 2319/2319/2319 2321/2321/2321 2318/2318/2318
f 2318/2318/2318 2322/2322/2322 2320/2320/2320
f 2321/2321/2321 2323/2323/2323 2318/2318/2318
f 2323/2323/2323 2322/2322/2322 2318/2318/2318
f 2319/2319/2319 2324/2324/2324 2321/2321/2321
f 2320/2320/2320 2325/2325/2325 2319/2319/2319
f 2326/2326/2326 2324/2324/2324 2319/2319/2319
f 2325/2325/2325 2326/2326/2326 2319/2319/2319
f 2320/2320/2320 2322/2322/2322 2327/2327/2327
f 2328/2328/2328 2325/2325/2325 2320/2320/2320
f 2320/2320/2320 2327/2327/2327 2328/2328/2328
f 2325/2325/2325 2329/2329/2329 2326/2326/2326
f 2328/2328/2328 2330/2330/2330 2325/2325/2325
f 2325/2325/2325 2330/2330/2330 2329/2329/2329
f 2326/2326/2326 2331/2331/2331 2324/2324/2324
f 2329/2329/2329 2331/2331/2331 2326/2326/2326
f 2327/2327/2327 2332/2332/2332 2328/2328/2328
f 2332/2332/2332 2330/2330/2330 2328/2328/2328
f 2324/2324/2324 2333/2333/2333 2321/2321/2321
f 2321/2321/2321 2334/2334/2334 2323/2323/2323
f 2333/2333/2333 2334/2334/2334 2321/2321/2321
f 2324/2324/2324 2335/2335/2335 2333/2333/2333
f 2324/2324/2324 2331/2331/2331 2335/2335/2335
f 2333/2333/2333 2336/2336/2336 2334/2334/2334
f 2335/2335/2335 2336/2336/2336 2333/2333/2333
f 2329/2329/2329 2337/2337/2337 2331/2331/2331
f 2330/2330/2330 2338/2338/2338 2329/2329/2329
f 2338/2338/2338 2337/2337/2337 2329/2329/2329
f 2331/2331/2331 2339/2339/2339 2335/2335/2335
f 2337/2337/2337 2339/2339/2339 2331/2331/2331
f 2340/2340/2340 2338/2338/2338 2330/2330/2330
f 2332/2332/2332 2340/2340/2340 2330/2330/2330
f 2339/2339/2339 2341/2341/2341 2335/2335/2335
f 2335/2335/2335 2341/2341/2341 2336/2336/2336
f 2337/2337/2337 2342/2342/2342 2339/2339/2339
f 2339/2339/2339 2342/2342/2342 2341/2341/2341
f 2338/2338/2338 2343/2343/2343 2337/2337/2337
f 2340/2340/2340 2343/2343/2343 2338/2338/2338
f 2337/2337/2337 2343/2343/2343 2342/2342/2342
f 2334/2334/2334 2336/2336/2336 2344/2344/2344
f 2341/2341/2341 2345/2345/2345 2336/2336/2336
f 2336/2336/2336 2345/2345/2345 2344/2344/2344
f 2341/2341/2341 2342/2342/2342 2346/2346/2346
f 2341/2341/2341 2346/2346/2346 2345/2345/2345
f 2343/2343/2343 2347/2347/2347 2342/2342/2342
f 2342/2342/2342 2347/2347/2347 2346/2346/2346
f 2340/2340/2340 2348/2348/2348 2343/2343/2343
f 2348/2348/2348 2347/2347/2347 2343/2343/2343
f 2349/2349/2349 2340/2340/2340 2332/2332/2332
f 2349/2349/2349 2348/2348/2348 2340/2340/2340
f 2345/2345/2345 2346/2346/2346 2350/2350/2350
f 2345/2345/2345 2350/2350/2350 2344/2344/2344
f 2346/2346/2346 2347/2347/2347 2351/2351/2351
f 2351/2351/2351 2347/2347/2347 2348/2348/2348
f 2350/2350/2350 2346/2346/2346 2351/2351/2351
f 2334/2334/2334 2344/2344/2344 2352/2352/2352
f 2334/2334/2334 2352/2352/2352 2323/2323/2323
f 2353/2353/2353 2349/2349/2349 2332/2332/2332
f 2327/2327/2327 2353/2353/2353 2332/2332/2332
f 2354/2354/2354 2348/2348/2348 2349/2349/2349
f 2354/2354/2354 2351/2351/2351 2348/2348/2348
f 2354/2354/2354 2349/2349/2349 2353/2353/2353
f 2350/2350/2350 2351/2351/2351 2355/2355/2355
f 2355/2355/2355 2351/2351/2351 2354/2354/2354
f 2344/2344/2344 2350/2350/2350 2356/2356/2356
f 2344/2344/2344 2356/2356/2356 2352/2352/2352
f 2350/2350/2350 2355/2355/2355 2356/2356/2356
f 2352/2352/2352 2357/2357/2357 2323/2323/2323
f 2352/2352/2352 2356/2356/2356 2357/2357/2357
f 2323/2323/2323 2357/2357/2357 2322/2322/2322
f 2322/2322/2322 2358/2358/2358 2327/2327/2327
f 2358/2358/2358 2353/2353/2353 2327/2327/2327
f 2357/2357/2357 2358/2358/2358 2322/2322/2322
f 2359/2359/2359 2354/2354/2354 2353/2353/2353
f 2355/2355/2355 2354/2354/2354 2359/2359/2359
f 2356/2356/2356 2355/2355/2355 2359/2359/2359
f 2359/2359/2359 2353/2353/2353 2358/2358/2358
f 2357/2357/2357 2359/2359/2359 2358/2358/2358
f 2357/2357/2357 2356/2356/2356 2359/2359/2359
f 2362/2362/2362 2361/2361/2361 2360/2360/2360
f 2361/2361/2361 2363/2363/2363 2360/2360/2360
f 2360/2360/2360 2364/2364/2364 2362/2362/2362
f 2363/2363/2363 2365/2365/2365 2360/2360/2360
f 2365/2365/2365 2364/2364/2364 2360/2360/2360
f 2361/2361/2361 2366/2366/2366 2363/2363/2363
f 2362/2362/2362 2367/2367/2367 2361/2361/2361
f 2368/2368/2368 2366/2366/2366 2361/2361/2361
f 2367/2367/2367 2368/2368/2368 2361/2361/2361
f 2362/2362/2362 2364/2364/2364 2369/2369/2369
f 2370/2370/2370 2367/2367/2367 2362/2362/2362
f 2362/2362/2362 2369/2369/2369 2370/2370/2370
f 2367/2367/2367 2371/2371/2371 2368/2368/2368
f 2370/2370/2370 2372/2372/2372 2367/2367/2367
f 2367/2367/2367 2372/2372/2372 2371/2371/2371
f 2368/2368/2368 2373/2373/2373 2366/2366/2366
f 2371/2371/2371 2373/2373/2373 2368/2368/2368
f 2369/2369/2369 2374/2374/2374 2370/2370/2370
f 2374/2374/2374 2372/2372/2372 2370/2370/2370
f 2366/2366/2366 2375/2375/2375 2363/2363/2363
f 2363/2363/2363 2376/2376/2376 2365/2365/2365
f 2375/2375/2375 2376/2376/2376 2363/2363/2363
f 2366/2366/2366 2377/2377/2377 2375/2375/2375
f 2366/2366/2366 2373/2373/2373 2377/2377/2377
f 2375/2375/2375 2378/2378/2378 2376/2376/2376
f 2377/2377/2377 2378/2378/2378 2375/2375/2375
f 2371/2371/2371 2379/2379/2379 2373/2373/2373
f 2372/2372/2372 2380/2380/2380 2371/2371/2371
f 2380/2380/2380 2379/2379/2379 2371/2371/2371
f 2373/2373/2373 2381/2381/2381 2377/2377/2377
f 2379/2379/2379 2381/2381/2381 2373/2373/2373
f 2382/2382/2382 2380/2380/2380 2372/2372/2372
f 2374/2374/2374 2382/2382/2382 2372/2372/2372
f 2381/2381/2381 2383/2383/2383 2377/2377/2377
f 2377/2377/2377 2383/2383/2383 2378/2378/2378
f 2379/2379/2379 2384/2384/2384 2381/2381/2381
f 2381/2381/2381 2384/2384/2384 2383/2383/2383
f 2380/2380/2380 2385/2385/2385 2379/2379/2379
f 2382/2382/2382 2385/2385/2385 2380/2380/2380
f 2379/2379/2379 2385/2385/2385 2384/2384/2384
f 2376/2376/2376 2378/2378/2378 2386/2386/2386
f 2383/2383/2383 2387/2387/2387 2378/2378/2378
f 2378/2378/2378 2387/2387/2387 2386/2386/2386
f 2383/2383/2383 2384/2384/2384 2388/2388/2388
f 2383/2383/2383 2388/2388/2388 2387/2387/2387
f 2385/2385/2385 2389/2389/2389 2384/2384/2384
f 2384/2384/2384 2389/2389/2389 2388/2388/2388
f 2382/2382/2382 2390/2390/2390 2385/2385/2385
f 2390/2390/2390 2389/2389/2389 2385/2385/2385
f 2391/2391/2391 2382/2382/2382 2374/2374/2374
f 2391/2391/2391 2390/2390/2390 2382/2382/2382
f 2387/2387/2387 2388/2388/2388 2392/2392/2392
f 2387/2387/2387 2392/2392/2392 2386/2386/2386
f 2388/2388/2388 2389/2389/2389 2393/2393/2393
f 2393/2393/2393 2389/2389/2389 2390/2390/2390
f 2392/2392/2392 2388/2388/2388 2393/2393/2393
f 2376/2376/2376 2386/2386/2386 2394/2394/2394
f 2376/2376/2376 2394/2394/2394 2365/2365/2365
f 2395/2395/2395 2391/2391/2391 2374/2374/2374
f 2369/2369/2369 2395/2395/2395 2374/2374/2374
f 2396/2396/2396 2390/2390/2390 2391/2391/2391
f 2396/2396/2396 2393/2393/2393 2390/2390/2390
f 2396/2396/2396 2391/2391/2391 2395/2395/2395
f 2392/2392/2392 2393/2393/2393 2397/2397/2397
f 2397/2397/2397 2393/2393/2393 2396/2396/2396
f 2386/2386/2386 2392/2392/2392 2398/2398/2398
f 2386/2386/2386 2398/2398/2398 2394/2394/2394
f 2392/2392/2392 2397/2397/2397 2398/2398/2398
f 2394/2394/2394 2399/2399/2399 2365/2365/2365
f 2394/2394/2394 2398/2398/2398 2399/2399/2399
f 2365/2365/2365 2399/2399/2399 2364/2364/2364
f 2364/2364/2364 2400/2400/2400 2369/2369/2369
f 2400/2400/2400 2395/2395/2395 2369/2369/2369
f 2399/2399/2399 2400/2400/2400 2364/2364/2364
f 2401/2401/2401 2396/2396/2396 2395/2395/2395
f 2397/2397/2397 2396/2396/2396 2401/2401/2401
f 2398/2398/2398 2397/2397/2397 2401/2401/2401
f 2401/2401/2401 2395/2395/2395 2400/2400/2400
f 2399/2399/2399 2401/2401/2401 2400/2400/2400
f 2399/2399/2399 2398/2398/2398 2401/2401/2401
f 2404/2404/2404 2403/2403/2403 2402/2402/2402
f 2403/2403/2403 2405/2405/2405 2402/2402/2402
f 2402/2402/2402 2406/2406/2406 2404/2404/2404
f 2405/2405/2405 2407/2407/2407 2402/2402/2402
f 2407/2407/2407 2406/2406/2406 2402/2402/2402
f 2403/2403/2403 2408/2408/2408 2405/2405/2405
f 2404/2404/2404 2409/2409/2409 2403/2403/2403
f 2410/2410/2410 2408/2408/2408 2403/2403/2403
f 2409/2409/2409 2410/2410/2410 2403/2403/2403
f 2404/2404/2404 2406/2406/2406 2411/2411/2411
f 2412/2412/2412 2409/2409/2409 2404/2404/2404
f 2404/2404/2404 2411/2411/2411 2412/2412/2412
f 2409/2409/2409 2413/2413/2413 2410/2410/2410
f 2412/2412/2412 2414/2414/2414 2409/2409/2409
f 2409/2409/2409 2414/2414/2414 2413/2413/2413
f 2410/2410/2410 2415/2415/2415 2408/2408/2408
f 2413/2413/2413 2415/2415/2415 2410/2410/2410
f 2411/2411/2411 2416/2416/2416 2412/2412/2412
f 2416/2416/2416 2414/2414/2414 2412/2412/2412
f 2408/2408/2408 2417/2417/2417 2405/2405/2405
f 2405/2405/2405 2418/2418/2418 2407/2407/2407
f 2417/2417/2417 2418/2418/2418 2405/2405/2405
f 2408/2408/2408 2419/2419/2419 2417/2417/2417
f 2408/2408/2408 2415/2415/2415 2419/2419/2419
f 2417/2417/2417 2420/2420/2420 2418/2418/2418
f 2419/2419/2419 2420/2420/2420 2417/2417/2417
f 2413/2413/2413 2421/2421/2421 2415/2415/2415
f 2414/2414/2414 2422/2422/2422 2413/2413/2413
f 2422/2422/2422 2421/2421/2421 2413/2413/2413
f 2415/2415/2415 2423/2423/2423 2419/2419/2419
f 2421/2421/2421 2423/2423/2423 2415/2415/2415
f 2424/2424/2424 2422/2422/2422 2414/2414/2414
f 2416/2416/2416 2424/2424/2424 2414/2414/2414
f 2423/2423/2423 2425/2425/2425 2419/2419/2419
f 2419/2419/2419 2425/2425/2425 2420/2420/2420
f 2421/2421/2421 2426/2426/2426 2423/2423/2423
f 2423/2423/2423 2426/2426/2426 2425/2425/2425
f 2422/2422/2422 2427/2427/2427 2421/2421/2421
f 2424/2424/2424 2427/2427/2427 2422/2422/2422
f 2421/2421/2421 2427/2427/2427 2426/2426/2426
f 2418/2418/2418 2420/2420/2420 2428/2428/2428
f 2425/2425/2425 2429/2429/2429 2420/2420/2420
f 2420/2420/2420 2429/2429/2429 2428/2428/2428
f 2425/2425/2425 2426/2426/2426 2430/2430/2430
f 2425/2425/2425 2430/2430/2430 2429/2429/2429
f 2427/2427/2427 2431/2431/2431 2426/2426/2426
f 2426/2426/2426 2431/2431/2431 2430/2430/2430
f 2424/2424/2424 2432/2432/2432 2427/2427/2427
f 2432/2432/2432 2431/2431/2431 2427/2427/2427
f 2433/2433/2433 2424/2424/2424 2416/2416/2416
f 2433/2433/2433 2432/2432/2432 2424/2424/2424
f 2429/2429/2429 2430/2430/2430 2434/2434/2434
f 2429/2429/2429 2434/2434/2434 2428/2428/2428
f 2430/2430/2430 2431/2431/2431 2435/2435/2435
f 2435/2435/2435 2431/2431/2431 2432/2432/2432
f 2434/2434/2434 2430/2430/2430 2435/2435/2435
f 2418/2418/2418 2428/2428/2428 2436/2436/2436
f 2418/2418/2418 2436/2436/2436 2407/2407/2407
f 2437/2437/2437 2433/2433/2433 2416/2416/2416
f 2411/2411/2411 2437/2437/2437 2416/2416/2416
f 2438/2438/2438 2432/2432/2432 2433/2433/2433
f 2438/2438/2438 2435/2435/2435 2432/2432/2432
f 2438/2438/2438 2433/2433/2433 2437/2437/2437
f 2434/2434/2434 2435/2435/2435 2439/2439/2439
f 2439/2439/2439 2435/2435/2435 2438/2438/2438
f 2428/2428/2428 2434/2434/2434 2440/2440/2440
f 2428/2428/2428 2440/2440/2440 2436/2436/2436
f 2434/2434/2434 2439/2439/2439 2440/2440/2440
f 2436/2436/2436 2441/2441/2441 2407/2407/2407
f 2436/2436/2436 2440/2440/2440 2441/2441/2441
f 2407/2407/2407 2441/2441/2441 2406/2406/2406
f 2406/2406/2406 2442/2442/2442 2411/2411/2411
f 2442/2442/2442 2437/2437/2437 2411/2411/2411
f 2441/2441/2441 2442/2442/2442 2406/2406/2406
f 2443/2443/2443 2438/2438/2438 2437/2437/2437
f 2439/2439/2439 2438/2438/2438 2443/2443/2443
f 2440/2440/2440 2439/2439/2439 2443/2443/2443
f 2443/2443/2443 2437/2437/2437 2442/2442/2442
f 2441/2441/2441 2443/2443/2443 2442/2442/2442
f 2441/2441/2441 2440/2440/2440 2443/2443/2443
f 2446/2446/2446 2445/2445/2445 2444/2444/2444
f 2445/2445/2445 2447/2447/2447 2444/2444/2444
f 2444/2444/2444 2448/2448/2448 2446/2446/2446
f 2447/2447/2447 2449/2449/2449 2444/2444/2444
f 2449/2449/2449 2448/2448/2448 2444/2444/2444
f 2445/2445/2445 2450/2450/2450 2447/2447/2447
f 2446/2446/2446 2451/2451/2451 2445/2445/2445
f 2452/2452/2452 2450/2450/2450 2445/2445/2445
f 2451/2451/2451 2452/2452/2452 2445/2445/2445
f 2446/2446/2446 2448/2448/2448 2453/2453/2453
f 2454/2454/2454 2451/2451/2451 2446/2446/2446
f 2446/2446/2446 2453/2453/2453 2454/2454/2454
f 2451/2451/2451 2455/2455/2455 2452/2452/2452
f 2454/2454/2454 2456/2456/2456 2451/2451/2451
f 2451/2451/2451 2456/2456/2456 2455/2455/2455
f 2452/2452/2452 2457/2457/2457 2450/2450/2450
f 2455/2455/2455 2457/2457/2457 2452/2452/2452
f 2453/2453/2453 2458/2458/2458 2454/2454/2454
f 2458/2458/2458 2456/2456/2456 2454/2454/2454
f 2450/2450/2450 2459/2459/2459 2447/2447/2447
f 2447/2447/2447 2460/2460/2460 2449/2449/2449
f 2459/2459/2459 2460/2460/2460 2447/2447/2447
f 2450/2450/2450 2461/2461/2461 2459/2459/2459
f 2450/2450/2450 2457/2457/2457 2461/2461/2461
f 2459/2459/2459 2462/2462/2462 2460/2460/2460
f 2461/2461/2461 2462/2462/2462 2459/2459/2459
f 2455/2455/2455 2463/2463/2463 2457/2457/2457
f 2456/2456/2456 2464/2464/2464 2455/2455/2455
f 2464/2464/2464 2463/2463/2463 2455/2455/2455
f 2457/2457/2457 2465/2465/2465 2461/2461/2461
f 2463/2463/2463 2465/2465/2465 2457/2457/2457
f 2466/2466/2466 2464/2464/2464 2456/2456/2456
f 2458/2458/2458 2466/2466/2466 2456/2456/2456
f 2465/2465/2465 2467/2467/2467 2461/2461/2461
f 2461/2461/2461 2467/2467/2467 2462/2462/2462
f 2463/2463/2463 2468/2468/2468 2465/2465/2465
f 2465/2465/2465 2468/2468/2468 2467/2467/2467
f 2464/2464/2464 2469/2469/2469 2463/2463/2463
f 2466/2466/2466 2469/2469/2469 2464/2464/2464
f 2463/2463/2463 2469/2469/2469 2468/2468/2468
f 2460/2460/2460 2462/2462/2462 2470/2470/2470
f 2467/2467/2467 2471/2471/2471 2462/2462/2462
f 2462/2462/2462 2471/2471/2471 2470/2470/2470
f 2467/2467/2467 2468/2468/2468 2472/2472/2472
f 2467/2467/2467 2472/2472/2472 2471/2471/2471
f 2469/2469/2469 2473/2473/2473 2468/2468/2468
f 2468/2468/2468 2473/2473/2473 2472/2472/2472
f 2466/2466/2466 2474/2474/2474 2469/2469/2469
f 2474/2474/2474 2473/2473/2473 2469/2469/2469
f 2475/2475/2475 2466/2466/2466 2458/2458/2458
f 2475/2475/2475 2474/2474/2474 2466/2466/2466
f 2471/2471/2471 2472/2472/2472 2476/2476/2476
f 2471/2471/2471 2476/2476/2476 2470/2470/2470
f 2472/2472/2472 2473/2473/2473 2477/2477/2477
f 2477/2477/2477 2473/2473/2473 2474/2474/2474
f 2476/2476/2476 2472/2472/2472 2477/2477/2477
f 2460/2460/2460 2470/2470/2470 2478/2478/2478
f 2460/2460/2460 2478/2478/2478 2449/2449/2449
f 2479/2479/2479 2475/2475/2475 2458/2458/2458
f 2453/2453/2453 2479/2479/2479 2458/2458/2458
f 2480/2480/2480 2474/2474/2474 2475/2475/2475
f 2480/2480/2480 2477/2477/2477 2474/2474/2474
f 2480/2480/2480 2475/2475/2475 2479/2479/2479
f 2476/2476/2476 2477/2477/2477 2481/2481/2481
f 2481/2481/2481 2477/2477/2477 2480/2480/2480
f 2470/2470/2470 2476/2476/2476 2482/2482/2482
f 2470/2470/2470 2482/2482/2482 2478/2478/2478
f 2476/2476/2476 2481/2481/2481 2482/2482/2482
f 2478/2478/2478 2483/2483/2483 2449/2449/2449
f 2478/2478/2478 2482/2482/2482 2483/2483/2483
f 2449/2449/2449 2483/2483/2483 2448/2448/2448
f 2448/2448/2448 2484/2484/2484 2453/2453/2453
f 2484/2484/2484 2479/2479/2479 2453/2453/2453
f 2483/2483/2483 2484/2484/2484 2448/2448/2448
f 2485/2485/2485 2480/2480/2480 2479/2479/2479
f 2481/2481/2481 2480/2480/2480 2485/2485/2485
f 2482/2482/2482 2481/2481/2481 2485/2485/2485
f 2485/2485/2485 2479/2479/2479 2484/2484/2484
f 2483/2483/2483 2485/2485/2485 2484/2484/2484
f 2483/2483/2483 2482/2482/2482 2485/2485/2485
f 2488/2488/2488 2487/2487/2487 2486/2486/2486
f 2489/2489/2489 2488/2488/2488 2486/2486/2486
f 2488/2488/2488 2490/2490/2490 2487/2487/2487
f 2489/2489/2489 2491/2491/2491 2488/2488/2488
f 2488/2488/2488 2492/2492/2492 2490/2490/2490
f 2491/2491/2491 2492/2492/2492 2488/2488/2488
f 2489/2489/2489 2486/2486/2486 2493/2493/2493
f 2486/2486/2486 2487/2487/2487 2494/2494/2494
f 2493/2493/2493 2486/2486/2486 2495/2495/2495
f 2495/2495/2495 2486/2486/2486 2494/2494/2494
f 2490/2490/2490 2496/2496/2496 2487/2487/2487
f 2494/2494/2494 2487/2487/2487 2497/2497/2497
f 2487/2487/2487 2496/2496/2496 2497/2497/2497
f 2492/2492/2492 2498/2498/2498 2490/2490/2490
f 2490/2490/2490 2499/2499/2499 2496/2496/2496
f 2490/2490/2490 2498/2498/2498 2499/2499/2499
f 2491/2491/2491 2500/2500/2500 2492/2492/2492
f 2492/2492/2492 2501/2501/2501 2498/2498/2498
f 2500/2500/2500 2501/2501/2501 2492/2492/2492
f 2502/2502/2502 2491/2491/2491 2489/2489/2489
f 2503/2503/2503 2489/2489/2489 2493/2493/2493
f 2503/2503/2503 2502/2502/2502 2489/2489/2489
f 2504/2504/2504 2500/2500/2500 2491/2491/2491
f 2502/2502/2502 2504/2504/2504 2491/2491/2491
f 2494/2494/2494 2497/2497/2497 2505/2505/2505
f 2506/2506/2506 2494/2494/2494 2505/2505/2505
f 2495/2495/2495 2494/2494/2494 2506/2506/2506
f 2507/2507/2507 2493/2493/2493 2495/2495/2495
f 2503/2503/2503 2493/2493/2493 2508/2508/2508
f 2508/2508/2508 2493/2493/2493 2507/2507/2507
f 2509/2509/2509 2495/2495/2495 2506/2506/2506
f 2507/2507/2507 2495/2495/2495 2509/2509/2509
f 2510/2510/2510 2502/2502/2502 2503/2503/2503
f 2511/2511/2511 2504/2504/2504 2502/2502/2502
f 2510/2510/2510 2511/2511/2511 2502/2502/2502
f 2512/2512/2512 2503/2503/2503 2508/2508/2508
f 2512/2512/2512 2510/2510/2510 2503/2503/2503
f 2513/2513/2513 2508/2508/2508 2507/2507/2507
f 2514/2514/2514 2507/2507/2507 2509/2509/2509
f 2513/2513/2513 2507/2507/2507 2514/2514/2514
f 2512/2512/2512 2508/2508/2508 2515/2515/2515
f 2515/2515/2515 2508/2508/2508 2513/2513/2513
f 2509/2509/2509 2506/2506/2506 2516/2516/2516
f 2514/2514/2514 2509/2509/2509 2517/2517/2517
f 2517/2517/2517 2509/2509/2509 2516/2516/2516
f 2516/2516/2516 2506/2506/2506 2518/2518/2518
f 2506/2506/2506 2505/2505/2505 2518/2518/2518
f 2519/2519/2519 2510/2510/2510 2512/2512/2512
f 2520/2520/2520 2511/2511/2511 2510/2510/2510
f 2519/2519/2519 2520/2520/2520 2510/2510/2510
f 2521/2521/2521 2512/2512/2512 2515/2515/2515
f 2521/2521/2521 2519/2519/2519 2512/2512/2512
f 2522/2522/2522 2513/2513/2513 2514/2514/2514
f 2523/2523/2523 2515/2515/2515 2513/2513/2513
f 2523/2523/2523 2513/2513/2513 2522/2522/2522
f 2524/2524/2524 2514/2514/2514 2517/2517/2517
f 2522/2522/2522 2514/2514/2514 2524/2524/2524
f 2521/2521/2521 2515/2515/2515 2525/2525/2525
f 2525/2525/2525 2515/2515/2515 2523/2523/2523
f 2526/2526/2526 2519/2519/2519 2521/2521/2521
f 2527/2527/2527 2520/2520/2520 2519/2519/2519
f 2526/2526/2526 2527/2527/2527 2519/2519/2519
f 2528/2528/2528 2521/2521/2521 2525/2525/2525
f 2528/2528/2528 2526/2526/2526 2521/2521/2521
f 2529/2529/2529 2523/2523/2523 2522/2522/2522
f 2530/2530/2530 2525/2525/2525 2523/2523/2523
f 2530/2530/2530 2523/2523/2523 2529/2529/2529
f 2531/2531/2531 2522/2522/2522 2524/2524/2524
f 2529/2529/2529 2522/2522/2522 2531/2531/2531
f 2528/2528/2528 2525/2525/2525 2532/2532/2532
f 2532/2532/2532 2525/2525/2525 2530/2530/2530
f 2533/2533/2533 2526/2526/2526 2528/2528/2528
f 2534/2534/2534 2527/2527/2527 2526/2526/2526
f 2533/2533/2533 2534/2534/2534 2526/2526/2526
f 2535/2535/2535 2528/2528/2528 2532/2532/2532
f 2535/2535/2535 2533/2533/2533 2528/2528/2528
f 2536/2536/2536 2530/2530/2530 2529/2529/2529
f 2537/2537/2537 2532/2532/2532 2530/2530/2530
f 2537/2537/2537 2530/2530/2530 2536/2536/2536
f 2538/2538/2538 2529/2529/2529 2531/2531/2531
f 2536/2536/2536 2529/2529/2529 2538/2538/2538
f 2535/2535/2535 2532/2532/2532 2539/2539/2539
f 2539/2539/2539 2532/2532/2532 2537/2537/2537
f 2540/2540/2540 2533/2533/2533 2535/2535/2535
f 2541/2541/2541 2534/2534/2534 2533/2533/2533
f 2540/2540/2540 2541/2541/2541 2533/2533/2533
f 2542/2542/2542 2535/2535/2535 2539/2539/2539
f 2542/2542/2542 2540/2540/2540 2535/2535/2535
f 2543/2543/2543 2537/2537/2537 2536/2536/2536
f 2544/2544/2544 2539/2539/2539 2537/2537/2537
f 2544/2544/2544 2537/2537/2537 2543/2543/2543
f 2545/2545/2545 2536/2536/2536 2538/2538/2538
f 2543/2543/2543 2536/2536/2536 2545/2545/2545
f 2542/2542/2542 2539/2539/2539 2546/2546/2546
f 2546/2546/2546 2539/2539/2539 2544/2544/2544
f 2547/2547/2547 2540/2540/2540 2542/2542/2542
f 2548/2548/2548 2541/2541/2541 2540/2540/2540
f 2547/2547/2547 2548/2548/2548 2540/2540/2540
f 2549/2549/2549 2542/2542/2542 2546/2546/2546
f 2549/2549/2549 2547/2547/2547 2542/2542/2542
f 2550/2550/2550 2544/2544/2544 2543/2543/2543
f 2551/2551/2551 2546/2546/2546 2544/2544/2544
f 2551/2551/2551 2544/2544/2544 2550/2550/2550
f 2552/2552/2552 2543/2543/2543 2545/2545/2545
f 2550/2550/2550 2543/2543/2543 2552/2552/2552
f 2549/2549/2549 2546/2546/2546 2553/2553/2553
f 2553/2553/2553 2546/2546/2546 2551/2551/2551
f 2554/2554/2554 2547/2547/2547 2549/2549/2549
f 2555/2555/2555 2548/2548/2548 2547/2547/2547
f 2554/2554/2554 2555/2555/2555 2547/2547/2547
f 2556/2556/2556 2549/2549/2549 2553/2553/2553
f 2556/2556/2556 2554/2554/2554 2549/2549/2549
f 2557/2557/2557 2551/2551/2551 2550/2550/2550
f 2558/2558/2558 2553/2553/2553 2551/2551/2551
f 2558/2558/2558 2551/2551/2551 2557/2557/2557
f 2559/2559/2559 2550/2550/2550 2552/2552/2552
f 2557/2557/2557 2550/2550/2550 2559/2559/2559
f 2556/2556/2556 2553/2553/2553 2560/2560/2560
f 2560/2560/2560 2553/2553/2553 2558/2558/2558
f 2561/2561/2561 2554/2554/2554 2556/2556/2556
f 2562/2562/2562 2555/2555/2555 2554/2554/2554
f 2561/2561/2561 2562/2562/2562 2554/2554/2554
f 2563/2563/2563 2556/2556/2556 2560/2560/2560
f 2563/2563/2563 2561/2561/2561 2556/2556/2556
f 2564/2564/2564 2558/2558/2558 2557/2557/2557
f 2565/2565/2565 2560/2560/2560 2558/2558/2558
f 2565/2565/2565 2558/2558/2558 2564/2564/2564
f 2566/2566/2566 2557/2557/2557 2559/2559/2559
f 2564/2564/2564 2557/2557/2557 2566/2566/2566
f 2563/2563/2563 2560/2560/2560 2567/2567/2567
f 2567/2567/2567 2560/2560/2560 2565/2565/2565
f 2568/2568/2568 2561/2561/2561 2563/2563/2563
f 2569/2569/2569 2562/2562/2562 2561/2561/2561
f 2568/2568/2568 2569/2569/2569 2561/2561/2561
f 2570/2570/2570 2563/2563/2563 2567/2567/2567
f 2570/2570/2570 2568/2568/2568 2563/2563/2563
f 2571/2571/2571 2565/2565/2565 2564/2564/2564
f 2572/2572/2572 2567/2567/2567 2565/2565/2565
f 2572/2572/2572 2565/2565/2565 2571/2571/2571
f 2573/2573/2573 2564/2564/2564 2566/2566/2566
f 2571/2571/2571 2564/2564/2564 2573/2573/2573
f 2570/2570/2570 2567/2567/2567 2574/2574/2574
f 2574/2574/2574 2567/2567/2567 2572/2572/2572
f 2575/2575/2575 2568/2568/2568 2570/2570/2570
f 2576/2576/2576 2569/2569/2569 2568/2568/2568
f 2575/2575/2575 2576/2576/2576 2568/2568/2568
f 2577/2577/2577 2570/2570/2570 2574/2574/2574
f 2577/2577/2577 2575/2575/2575 2570/2570/2570
f 2578/2578/2578 2572/2572/2572 2571/2571/2571
f 2579/2579/2579 2574/2574/2574 2572/2572/2572
f 2579/2579/2579 2572/2572/2572 2578/2578/2578
f 2580/2580/2580 2571/2571/2571 2573/2573/2573
f 2578/2578/2578 2571/2571/2571 2580/2580/2580
f 2577/2577/2577 2574/2574/2574 2581/2581/2581
f 2581/2581/2581 2574/2574/2574 2579/2579/2579
f 2582/2582/2582 2575/2575/2575 2577/2577/2577
f 2583/2583/2583 2576/2576/2576 2575/2575/2575
f 2582/2582/2582 2583/2583/2583 2575/2575/2575
f 2584/2584/2584 2577/2577/2577 2581/2581/2581
f 2584/2584/2584 2582/2582/2582 2577/2577/2577
f 2585/2585/2585 2579/2579/2579 2578/2578/2578
f 2586/2586/2586 2581/2581/2581 2579/2579/2579
f 2586/2586/2586 2579/2579/2579 2585/2585/2585
f 2587/2587/2587 2578/2578/2578 2580/2580/2580
f 2585/2585/2585 2578/2578/2578 2587/2587/2587
f 2584/2584/2584 2581/2581/2581 2588/2588/2588
f 2588/2588/2588 2581/2581/2581 2586/2586/2586
f 2589/2589/2589 2582/2582/2582 2584/2584/2584
f 2590/2590/2590 2583/2583/2583 2582/2582/2582
f 2589/2589/2589 2590/2590/2590 2582/2582/2582
f 2591/2591/2591 2584/2584/2584 2588/2588/2588
f 2591/2591/2591 2589/2589/2589 2584/2584/2584
f 2592/2592/2592 2586/2586/2586 2585/2585/2585
f 2593/2593/2593 2588/2588/2588 2586/2586/2586
f 2593/2593/2593 2586/2586/2586 2592/2592/2592
f 2594/2594/2594 2585/2585/2585 2587/2587/2587
f 2592/2592/2592 2585/2585/2585 2594/2594/2594
f 2591/2591/2591 2588/2588/2588 2595/2595/2595
f 2595/2595/2595 2588/2588/2588 2593/2593/2593
f 2596/2596/2596 2589/2589/2589 2591/2591/2591
f 2597/2597/2597 2590/2590/2590 2589/2589/2589
f 2596/2596/2596 2597/2597/2597 2589/2589/2589
f 2598/2598/2598 2591/2591/2591 2595/2595/2595
f 2598/2598/2598 2596/2596/2596 2591/2591/2591
f 2599/2599/2599 2593/2593/2593 2592/2592/2592
f 2600/2600/2600 2595/2595/2595 2593/2593/2593
f 2600/2600/2600 2593/2593/2593 2599/2599/2599
f 2601/2601/2601 2592/2592/2592 2594/2594/2594
f 2599/2599/2599 2592/2592/2592 2601/2601/2601
f 2598/2598/2598 2595/2595/2595 2602/2602/2602
f 2602/2602/2602 2595/2595/2595 2600/2600/2600
f 2603/2603/2603 2596/2596/2596 2598/2598/2598
f 2604/2604/2604 2597/2597/2597 2596/2596/2596
f 2603/2603/2603 2604/2604/2604 2596/2596/2596
f 2605/2605/2605 2598/2598/2598 2602/2602/2602
f 2605/2605/2605 2603/2603/2603 2598/2598/2598
f 2606/2606/2606 2600/2600/2600 2599/2599/2599
f 2607/2607/2607 2602/2602/2602 2600/2600/2600
f 2607/2607/2607 2600/2600/2600 2606/2606/2606
f 2608/2608/2608 2599/2599/2599 2601/2601/2601
f 2606/2606/2606 2599/2599/2599 2608/2608/2608
f 2605/2605/2605 2602/2602/2602 2609/2609/2609
f 2609/2609/2609 2602/2602/2602 2607/2607/2607
f 2610/2610/2610 2603/2603/2603 2605/2605/2605
f 2611/2611/2611 2604/2604/2604 2603/2603/2603
f 2610/2610/2610 2611/2611/2611 2603/2603/2603
f 2612/2612/2612 2605/2605/2605 2609/2609/2609
f 2612/2612/2612 2610/2610/2610 2605/2605/2605
f 2613/2613/2613 2607/2607/2607 2606/2606/2606
f 2614/2614/2614 2609/2609/2609 2607/2607/2607
f 2614/2614/2614 2607/2607/2607 2613/2613/2613
f 2615/2615/2615 2606/2606/2606 2608/2608/2608
f 2613/2613/2613 2606/2606/2606 2615/2615/2615
f 2612/2612/2612 2609/2609/2609 2616/2616/2616
f 2616/2616/2616 2609/2609/2609 2614/2614/2614
f 2617/2617/2617 2610/2610/2610 2612/2612/2612
f 2618/2618/2618 2611/2611/2611 2610/2610/2610
f 2617/2617/2617 2618/2618/2618 2610/2610/2610
f 2619/2619/2619 2612/2612/2612 2616/2616/2616
f 2619/2619/2619 2617/2617/2617 2612/2612/2612
f 2620/2620/2620 2614/2614/2614 2613/2613/2613
f 2621/2621/2621 2616/2616/2616 2614/2614/2614
f 2621/2621/2621 2614/2614/2614 2620/2620/2620
f 2622/2622/2622 2613/2613/2613 2615/2615/2615
f 2620/2620/2620 2613/2613/2613 2622/2622/2622
f 2619/2619/2619 2616/2616/2616 2623/2623/2623
f 2623/2623/2623 2616/2616/2616 2621/2621/2621
f 2624/2624/2624 2617/2617/2617 2619/2619/2619
f 2625/2625/2625 2618/2618/2618 2617/2617/2617
f 2624/2624/2624 2625/2625/2625 2617/2617/2617
f 2626/2626/2626 2619/2619/2619 2623/2623/2623
f 2626/2626/2626 2624/2624/2624 2619/2619/2619
f 2627/2627/2627 2621/2621/2621 2620/2620/2620
f 2628/2628/2628 2623/2623/2623 2621/2621/2621
f 2628/2628/2628 2621/2621/2621 2627/2627/2627
f 2629/2629/2629 2620/2620/2620 2622/2622/2622
f 2627/2627/2627 2620/2620/2620 2629/2629/2629
f 2626/2626/2626 2623/2623/2623 2630/2630/2630
f 2630/2630/2630 2623/2623/2623 2628/2628/2628
f 2631/2631/2631 2624/2624/2624 2626/2626/2626
f 2632/2632/2632 2625/2625/2625 2624/2624/2624
f 2631/2631/2631 2632/2632/2632 2624/2624/2624
f 2633/2633/2633 2626/2626/2626 2630/2630/2630
f 2633/2633/2633 2631/2631/2631 2626/2626/2626
f 2634/2634/2634 2628/2628/2628 2627/2627/2627
f 2635/2635/2635 2630/2630/2630 2628/2628/2628
f 2635/2635/2635 2628/2628/2628 2634/2634/2634
f 2636/2636/2636 2627/2627/2627 2629/2629/2629
f 2634/2634/2634 2627/2627/2627 2636/2636/2636
f 2633/2633/2633 2630/2630/2630 2637/2637/2637
f 2637/2637/2637 2630/2630/2630 2635/2635/2635
f 2638/2638/2638 2631/2631/2631 2633/2633/2633
f 2639/2639/2639 2632/2632/2632 2631/2631/2631
f 2638/2638/2638 2639/2639/2639 2631/2631/2631
f 2640/2640/2640 2633/2633/2633 2637/2637/2637
f 2640/2640/2640 2638/2638/2638 2633/2633/2633
f 2641/2641/2641 2635/2635/2635 2634/2634/2634
f 2642/2642/2642 2637/2637/2637 2635/2635/2635
f 2642/2642/2642 2635/2635/2635 2641/2641/2641
f 2643/2643/2643 2634/2634/2634 2636/2636/2636
f 2641/2641/2641 2634/2634/2634 2643/2643/2643
f 2640/2640/2640 2637/2637/2637 2644/2644/2644
f 2644/2644/2644 2637/2637/2637 2642/2642/2642
f 2645/2645/2645 2638/2638/2638 2640/2640/2640
f 2646/2646/2646 2639/2639/2639 2638/2638/2638
f 2645/2645/2645 2646/2646/2646 2638/2638/2638
f 2647/2647/2647 2640/2640/2640 2644/2644/2644
f 2647/2647/2647 2645/2645/2645 2640/2640/2640
f 2648/2648/2648 2642/2642/2642 2641/2641/2641
f 2649/2649/2649 2644/2644/2644 2642/2642/2642
f 2649/2649/2649 2642/2642/2642 2648/2648/2648
f 2650/2650/2650 2641/2641/2641 2643/2643/2643
f 2648/2648/2648 2641/2641/2641 2650/2650/2650
f 2647/2647/2647 2644/2644/2644 2651/2651/2651
f 2651/2651/2651 2644/2644/2644 2649/2649/2649
f 2652/2652/2652 2645/2645/2645 2647/2647/2647
f 2653/2653/2653 2646/2646/2646 2645/2645/2645
f 2652/2652/2652 2653/2653/2653 2645/2645/2645
f 2654/2654/2654 2647/2647/2647 2651/2651/2651
f 2654/2654/2654 2652/2652/2652 2647/2647/2647
f 2655/2655/2655 2649/2649/2649 2648/2648/2648
f 2656/2656/2656 2651/2651/2651 2649/2649/2649
f 2656/2656/2656 2649/2649/2649 2655/2655/2655
f 2657/2657/2657 2648/2648/2648 2650/2650/2650
f 2655/2655/2655 2648/2648/2648 2657/2657/2657
f 2654/2654/2654 2651/2651/2651 2658/2658/2658
f 2658/2658/2658 2651/2651/2651 2656/2656/2656
f 2659/2659/2659 2652/2652/2652 2654/2654/2654
f 2660/2660/2660 2653/2653/2653 2652/2652/2652
f 2659/2659/2659 2660/2660/2660 2652/2652/2652
f 2661/2661/2661 2654/2654/2654 2658/2658/2658
f 2661/2661/2661 2659/2659/2659 2654/2654/2654
f 2662/2662/2662 2656/2656/2656 2655/2655/2655
f 2663/2663/2663 2658/2658/2658 2656/2656/2656
f 2663/2663/2663 2656/2656/2656 2662/2662/2662
f 2664/2664/2664 2655/2655/2655 2657/2657/2657
f 2662/2662/2662 2655/2655/2655 2664/2664/2664
f 2661/2661/2661 2658/2658/2658 2665/2665/2665
f 2665/2665/2665 2658/2658/2658 2663/2663/2663
f 2666/2666/2666 2659/2659/2659 2661/2661/2661
f 2667/2667/2667 2660/2660/2660 2659/2659/2659
f 2666/2666/2666 2667/2667/2667 2659/2659/2659
f 2668/2668/2668 2661/2661/2661 2665/2665/2665
f 2668/2668/2668 2666/2666/2666 2661/2661/2661
f 2669/2669/2669 2663/2663/2663 2662/2662/2662
f 2670/2670/2670 2665/2665/2665 2663/2663/2663
f 2670/2670/2670 2663/2663/2663 2669/2669/2669
f 2671/2671/2671 2662/2662/2662 2664/2664/2664
f 2669/2669/2669 2662/2662/2662 2671/2671/2671
f 2668/2668/2668 2665/2665/2665 2672/2672/2672
f 2672/2672/2672 2665/2665/2665 2670/2670/2670
f 2673/2673/2673 2666/2666/2666 2668/2668/2668
f 2674/2674/2674 2667/2667/2667 2666/2666/2666
f 2673/2673/2673 2674/2674/2674 2666/2666/2666
f 2675/2675/2675 2668/2668/2668 2672/2672/2672
f 2675/2675/2675 2673/2673/2673 2668/2668/2668
f 2676/2676/2676 2670/2670/2670 2669/2669/2669
f 2677/2677/2677 2672/2672/2672 2670/2670/2670
f 2677/2677/2677 2670/2670/2670 2676/2676/2676
f 2678/2678/2678 2669/2669/2669 2671/2671/2671
f 2676/2676/2676 2669/2669/2669 2678/2678/2678
f 2675/2675/2675 2672/2672/2672 2679/2679/2679
f 2679/2679/2679 2672/2672/2672 2677/2677/2677
f 2680/2680/2680 2673/2673/2673 2675/2675/2675
f 2681/2681/2681 2674/2674/2674 2673/2673/2673
f 2680/2680/2680 2681/2681/2681 2673/2673/2673
f 2682/2682/2682 2675/2675/2675 2679/2679/2679
f 2682/2682/2682 2680/2680/2680 2675/2675/2675
f 2683/2683/2683 2677/2677/2677 2676/2676/2676
f 2684/2684/2684 2679/2679/2679 2677/2677/2677
f 2684/2684/2684 2677/2677/2677 2683/2683/2683
f 2685/2685/2685 2676/2676/2676 2678/2678/2678
f 2683/2683/2683 2676/2676/2676 2685/2685/2685
f 2682/2682/2682 2679/2679/2679 2686/2686/2686
f 2686/2686/2686 2679/2679/2679 2684/2684/2684
f 2687/2687/2687 2680/2680/2680 2682/2682/2682
f 2688/2688/2688 2681/2681/2681 2680/2680/2680
f 2687/2687/2687 2688/2688/2688 2680/2680/2680
f 2689/2689/2689 2682/2682/2682 2686/2686/2686
f 2689/2689/2689 2687/2687/2687 2682/2682/2682
f 2690/2690/2690 2684/2684/2684 2683/2683/2683
f 2691/2691/2691 2686/2686/2686 2684/2684/2684
f 2691/2691/2691 2684/2684/2684 2690/2690/2690
f 2692/2692/2692 2683/2683/2683 2685/2685/2685
f 2690/2690/2690 2683/2683/2683 2692/2692/2692
f 2689/2689/2689 2686/2686/2686 2693/2693/2693
f 2693/2693/2693 2686/2686/2686 2691/2691/2691
f 2694/2694/2694 2687/2687/2687 2689/2689/2689
f 2695/2695/2695 2688/2688/2688 2687/2687/2687
f 2694/2694/2694 2695/2695/2695 2687/2687/2687
f 2696/2696/2696 2689/2689/2689 2693/2693/2693
f 2696/2696/2696 2694/2694/2694 2689/2689/2689
f 2697/2697/2697 2691/2691/2691 2690/2690/2690
f 2698/2698/2698 2693/2693/2693 2691/2691/2691
f 2698/2698/2698 2691/2691/2691 2697/2697/2697
f 2699/2699/2699 2690/2690/2690 2692/2692/2692
f 2697/2697/2697 2690/2690/2690 2699/2699/2699
f 2696/2696/2696 2693/2693/2693 2700/2700/2700
f 2700/2700/2700 2693/2693/2693 2698/2698/2698
f 2701/2701/2701 2694/2694/2694 2696/2696/2696
f 2702/2702/2702 2695/2695/2695 2694/2694/2694
f 2701/2701/2701 2702/2702/2702 2694/2694/2694
f 2703/2703/2703 2696/2696/2696 2700/2700/2700
f 2703/2703/2703 2701/2701/2701 2696/2696/2696
f 2704/2704/2704 2698/2698/2698 2697/2697/2697
f 2705/2705/2705 2700/2700/2700 2698/2698/2698
f 2705/2705/2705 2698/2698/2698 2704/2704/2704
f 2706/2706/2706 2697/2697/2697 2699/2699/2699
f 2704/2704/2704 2697/2697/2697 2706/2706/2706
f 2703/2703/2703 2700/2700/2700 2707/2707/2707
f 2707/2707/2707 2700/2700/2700 2705/2705/2705
f 2708/2708/2708 2701/2701/2701 2703/2703/2703
f 2709/2709/2709 2702/2702/2702 2701/2701/2701
f 2708/2708/2708 2709/2709/2709 2701/2701/2701
f 2710/2710/2710 2703/2703/2703 2707/2707/2707
f 2710/2710/2710 2708/2708/2708 2703/2703/2703
f 2711/2711/2711 2705/2705/2705 2704/2704/2704
f 2712/2712/2712 2707/2707/2707 2705/2705/2705
f 2712/2712/2712 2705/2705/2705 2711/2711/2711
f 2713/2713/2713 2704/2704/2704 2706/2706/2706
f 2711/2711/2711 2704/2704/2704 2713/2713/2713
f 2710/2710/2710 2707/2707/2707 2714/2714/2714
f 2714/2714/2714 2707/2707/2707 2712/2712/2712
f 2715/2715/2715 2708/2708/2708 2710/2710/2710
f 2716/2716/2716 2709/2709/2709 2708/2708/2708
f 2715/2715/2715 2716/2716/2716 2708/2708/2708
f 2717/2717/2717 2710/2710/2710 2714/2714/2714
f 2717/2717/2717 2715/2715/2715 2710/2710/2710
f 2718/2718/2718 2712/2712/2712 2711/2711/2711
f 2719/2719/2719 2714/2714/2714 2712/2712/2712
f 2719/2719/2719 2712/2712/2712 2718/2718/2718
f 2720/2720/2720 2711/2711/2711 2713/2713/2713
f 2718/2718/2718 2711/2711/2711 2720/2720/2720
f 2717/2717/2717 2714/2714/2714 2721/2721/2721
f 2721/2721/2721 2714/2714/2714 2719/2719/2719
f 2722/2722/2722 2715/2715/2715 2717/2717/2717
f 2723/2723/2723 2716/2716/2716 2715/2715/2715
f 2722/2722/2722 2723/2723/2723 2715/2715/2715
f 2724/2724/2724 2717/2717/2717 2721/2721/2721
f 2724/2724/2724 2722/2722/2722 2717/2717/2717
f 2725/2725/2725 2719/2719/2719 2718/2718/2718
f 2726/2726/2726 2721/2721/2721 2719/2719/2719
f 2726/2726/2726 2719/2719/2719 2725/2725/2725
f 2727/2727/2727 2718/2718/2718 2720/2720/2720
f 2725/2725/2725 2718/2718/2718 2727/2727/2727
f 2724/2724/2724 2721/2721/2721 2728/2728/2728
f 2728/2728/2728 2721/2721/2721 2726/2726/2726
f 2729/2729/2729 2722/2722/2722 2724/2724/2724
f 2730/2730/2730 2723/2723/2723 2722/2722/2722
f 2729/2729/2729 2730/2730/2730 2722/2722/2722
f 2731/2731/2731 2724/2724/2724 2728/2728/2728
f 2731/2731/2731 2729/2729/2729 2724/2724/2724
f 2732/2732/2732 2726/2726/2726 2725/2725/2725
f 2733/2733/2733 2728/2728/2728 2726/2726/2726
f 2733/2733/2733 2726/2726/2726 2732/2732/2732
f 2734/2734/2734 2725/2725/2725 2727/2727/2727
f 2732/2732/2732 2725/2725/2725 2734/2734/2734
f 2731/2731/2731 2728/2728/2728 2735/2735/2735
f 2735/2735/2735 2728/2728/2728 2733/2733/2733
f 2736/2736/2736 2729/2729/2729 2731/2731/2731
f 2737/2737/2737 2730/2730/2730 2729/2729/2729
f 2736/2736/2736 2737/2737/2737 2729/2729/2729
f 2738/2738/2738 2731/2731/2731 2735/2735/2735
f 2738/2738/2738 2736/2736/2736 2731/2731/2731
f 2739/2739/2739 2733/2733/2733 2732/2732/2732
f 2740/2740/2740 2735/2735/2735 2733/2733/2733
f 2740/2740/2740 2733/2733/2733 2739/2739/2739
f 2741/2741/2741 2732/2732/2732 2734/2734/2734
f 2739/2739/2739 2732/2732/2732 2741/2741/2741
f 2738/2738/2738 2735/2735/2735 2742/2742/2742
f 2742/2742/2742 2735/2735/2735 2740/2740/2740
f 2743/2743/2743 2736/2736/2736 2738/2738/2738
f 2744/2744/2744 2737/2737/2737 2736/2736/2736
f 2743/2743/2743 2744/2744/2744 2736/2736/2736
f 2745/2745/2745 2738/2738/2738 2742/2742/2742
f 2745/2745/2745 2743/2743/2743 2738/2738/2738
f 2746/2746/2746 2740/2740/2740 2739/2739/2739
f 2747/2747/2747 2742/2742/2742 2740/2740/2740
f 2747/2747/2747 2740/2740/2740 2746/2746/2746
f 2748/2748/2748 2739/2739/2739 2741/2741/2741
f 2746/2746/2746 2739/2739/2739 2748/2748/2748
f 2745/2745/2745 2742/2742/2742 2749/2749/2749
f 2749/2749/2749 2742/2742/2742 2747/2747/2747
f 2750/2750/2750 2743/2743/2743 2745/2745/2745
f 2751/2751/2751 2744/2744/2744 2743/2743/2743
f 2750/2750/2750 2751/2751/2751 2743/2743/2743
f 2752/2752/2752 2745/2745/2745 2749/2749/2749
f 2752/2752/2752 2750/2750/2750 2745/2745/2745
f 2753/2753/2753 2747/2747/2747 2746/2746/2746
f 2754/2754/2754 2749/2749/2749 2747/2747/2747
f 2754/2754/2754 2747/2747/2747 2753/2753/2753
f 2755/2755/2755 2746/2746/2746 2748/2748/2748
f 2753/2753/2753 2746/2746/2746 2755/2755/2755
f 2752/2752/2752 2749/2749/2749 2756/2756/2756
f 2756/2756/2756 2749/2749/2749 2754/2754/2754
f 2757/2757/2757 2750/2750/2750 2752/2752/2752
f 2758/2758/2758 2751/2751/2751 2750/2750/2750
f 2757/2757/2757 2758/2758/2758 2750/2750/2750
f 2759/2759/2759 2752/2752/2752 2756/2756/2756
f 2759/2759/2759 2757/2757/2757 2752/2752/2752
f 2760/2760/2760 2754/2754/2754 2753/2753/2753
f 2761/2761/2761 2756/2756/2756 2754/2754/2754
f 2761/2761/2761 2754/2754/2754 2760/2760/2760
f 2762/2762/2762 2753/2753/2753 2755/2755/2755
f 2760/2760/2760 2753/2753/2753 2762/2762/2762
f 2759/2759/2759 2756/2756/2756 2763/2763/2763
f 2763/2763/2763 2756/2756/2756 2761/2761/2761
f 2764/2764/2764 2757/2757/2757 2759/2759/2759
f 2765/2765/2765 2758/2758/2758 2757/2757/2757
f 2764/2764/2764 2765/2765/2765 2757/2757/2757
f 2766/2766/2766 2759/2759/2759 2763/2763/2763
f 2766/2766/2766 2764/2764/2764 2759/2759/2759
f 2767/2767/2767 2761/2761/2761 2760/2760/2760
f 2768/2768/2768 2763/2763/2763 2761/2761/2761
f 2768/2768/2768 2761/2761/2761 2767/2767/2767
f 2769/2769/2769 2760/2760/2760 2762/2762/2762
f 2767/2767/2767 2760/2760/2760 2769/2769/2769
f 2766/2766/2766 2763/2763/2763 2770/2770/2770
f 2770/2770/2770 2763/2763/2763 2768/2768/2768
f 2771/2771/2771 2764/2764/2764 2766/2766/2766
f 2772/2772/2772 2765/2765/2765 2764/2764/2764
f 2771/2771/2771 2772/2772/2772 2764/2764/2764
f 2773/2773/2773 2766/2766/2766 2770/2770/2770
f 2773/2773/2773 2771/2771/2771 2766/2766/2766
f 2774/2774/2774 2768/2768/2768 2767/2767/2767
f 2775/2775/2775 2770/2770/2770 2768/2768/2768
f 2775/2775/2775 2768/2768/2768 2774/2774/2774
f 2776/2776/2776 2767/2767/2767 2769/2769/2769
f 2774/2774/2774 2767/2767/2767 2776/2776/2776
f 2773/2773/2773 2770/2770/2770 2777/2777/2777
f 2777/2777/2777 2770/2770/2770 2775/2775/2775
f 2778/2778/2778 2771/2771/2771 2773/2773/2773
f 2779/2779/2779 2772/2772/2772 2771/2771/2771
f 2778/2778/2778 2779/2779/2779 2771/2771/2771
f 2780/2780/2780 2773/2773/2773 2777/2777/2777
f 2780/2780/2780 2778/2778/2778 2773/2773/2773
f 2781/2781/2781 2775/2775/2775 2774/2774/2774
f 2782/2782/2782 2777/2777/2777 2775/2775/2775
f 2782/2782/2782 2775/2775/2775 2781/2781/2781
f 2783/2783/2783 2774/2774/2774 2776/2776/2776
f 2781/2781/2781 2774/2774/2774 2783/2783/2783
f 2780/2780/2780 2777/2777/2777 2784/2784/2784
f 2784/2784/2784 2777/2777/2777 2782/2782/2782
f 2785/2785/2785 2778/2778/2778 2780/2780/2780
f 2786/2786/2786 2779/2779/2779 2778/2778/2778
f 2785/2785/2785 2786/2786/2786 2778/2778/2778
f 2787/2787/2787 2780/2780/2780 2784/2784/2784
f 2787/2787/2787 2785/2785/2785 2780/2780/2780
f 2788/2788/2788 2782/2782/2782 2781/2781/2781
f 2789/2789/2789 2784/2784/2784 2782/2782/2782
f 2789/2789/2789 2782/2782/2782 2788/2788/2788
f 2790/2790/2790 2781/2781/2781 2783/2783/2783
f 2788/2788/2788 2781/2781/2781 2790/2790/2790
f 2787/2787/2787 2784/2784/2784 2791/2791/2791
f 2791/2791/2791 2784/2784/2784 2789/2789/2789
f 2792/2792/2792 2785/2785/2785 2787/2787/2787
f 2793/2793/2793 2786/2786/2786 2785/2785/2785
f 2792/2792/2792 2793/2793/2793 2785/2785/2785
f 2794/2794/2794 2787/2787/2787 2791/2791/2791
f 2794/2794/2794 2792/2792/2792 2787/2787/2787
f 2795/2795/2795 2789/2789/2789 2788/2788/2788
f 2796/2796/2796 2791/2791/2791 2789/2789/2789
f 2796/2796/2796 2789/2789/2789 2795/2795/2795
f 2797/2797/2797 2788/2788/2788 2790/2790/2790
f 2795/2795/2795 2788/2788/2788 2797/2797/2797
f 2794/2794/2794 2791/2791/2791 2798/2798/2798
f 2798/2798/2798 2791/2791/2791 2796/2796/2796
f 2799/2799/2799 2792/2792/2792 2794/2794/2794
f 2800/2800/2800 2793/2793/2793 2792/2792/2792
f 2799/2799/2799 2800/2800/2800 2792/2792/2792
f 2801/2801/2801 2794/2794/2794 2798/2798/2798
f 2801/2801/2801 2799/2799/2799 2794/2794/2794
f 2802/2802/2802 2796/2796/2796 2795/2795/2795
f 2803/2803/2803 2798/2798/2798 2796/2796/2796
f 2803/2803/2803 2796/2796/2796 2802/2802/2802
f 2804/2804/2804 2795/2795/2795 2797/2797/2797
f 2802/2802/2802 2795/2795/2795 2804/2804/2804
f 2801/2801/2801 2798/2798/2798 2805/2805/2805
f 2805/2805/2805 2798/2798/2798 2803/2803/2803
f 2806/2806/2806 2799/2799/2799 2801/2801/2801
f 2807/2807/2807 2800/2800/2800 2799/2799/2799
f 2806/2806/2806 2807/2807/2807 2799/2799/2799
f 2808/2808/2808 2801/2801/2801 2805/2805/2805
f 2808/2808/2808 2806/2806/2806 2801/2801/2801
f 2809/2809/2809 2803/2803/2803 2802/2802/2802
f 2810/2810/2810 2805/2805/2805 2803/2803/2803
f 2810/2810/2810 2803/2803/2803 2809/2809/2809
f 2811/2811/2811 2802/2802/2802 2804/2804/2804
f 2809/2809/2809 2802/2802/2802 2811/2811/2811
f 2808/2808/2808 2805/2805/2805 2812/2812/2812
f 2812/2812/2812 2805/2805/2805 2810/2810/2810
f 2813/2813/2813 2806/2806/2806 2808/2808/2808
f 2814/2814/2814 2807/2807/2807 2806/2806/2806
f 2813/2813/2813 2814/2814/2814 2806/2806/2806
f 2499/2499/2499 2808/2808/2808 2812/2812/2812
f 2499/2499/2499 2813/2813/2813 2808/2808/2808
f 2499/2499/2499 2812/2812/2812 2496/2496/2496
f 2498/2498/2498 2813/2813/2813 2499/2499/2499
f 2496/2496/2496 2812/2812/2812 2815/2815/2815
f 2815/2815/2815 2812/2812/2812 2810/2810/2810
f 2497/2497/2497 2496/2496/2496 2815/2815/2815
f 2498/2498/2498 2816/2816/2816 2813/2813/2813
f 2816/2816/2816 2814/2814/2814 2813/2813/2813
f 2501/2501/2501 2816/2816/2816 2498/2498/2498
f 2817/2817/2817 2810/2810/2810 2809/2809/2809
f 2815/2815/2815 2810/2810/2810 2817/2817/2817
f 2497/2497/2497 2815/2815/2815 2818/2818/2818
f 2818/2818/2818 2815/2815/2815 2817/2817/2817
f 2505/2505/2505 2497/2497/2497 2818/2818/2818
f 2817/2817/2817 2809/2809/2809 2819/2819/2819
f 2819/2819/2819 2809/2809/2809 2811/2811/2811
f 2818/2818/2818 2817/2817/2817 2820/2820/2820
f 2820/2820/2820 2817/2817/2817 2819/2819/2819
f 2505/2505/2505 2818/2818/2818 2821/2821/2821
f 2821/2821/2821 2818/2818/2818 2820/2820/2820
f 2518/2518/2518 2505/2505/2505 2821/2821/2821
f 2816/2816/2816 2822/2822/2822 2814/2814/2814
f 2501/2501/2501 2823/2823/2823 2816/2816/2816
f 2823/2823/2823 2822/2822/2822 2816/2816/2816
f 2822/2822/2822 2824/2824/2824 2814/2814/2814
f 2814/2814/2814 2824/2824/2824 2807/2807/2807
f 2825/2825/2825 2823/2823/2823 2501/2501/2501
f 2500/2500/2500 2825/2825/2825 2501/2501/2501
f 2824/2824/2824 2826/2826/2826 2807/2807/2807
f 2807/2807/2807 2826/2826/2826 2800/2800/2800
f 2827/2827/2827 2825/2825/2825 2500/2500/2500
f 2504/2504/2504 2827/2827/2827 2500/2500/2500
f 2826/2826/2826 2828/2828/2828 2800/2800/2800
f 2800/2800/2800 2828/2828/2828 2793/2793/2793
f 2829/2829/2829 2827/2827/2827 2504/2504/2504
f 2511/2511/2511 2829/2829/2829 2504/2504/2504
f 2828/2828/2828 2830/2830/2830 2793/2793/2793
f 2793/2793/2793 2830/2830/2830 2786/2786/2786
f 2831/2831/2831 2829/2829/2829 2511/2511/2511
f 2520/2520/2520 2831/2831/2831 2511/2511/2511
f 2830/2830/2830 2832/2832/2832 2786/2786/2786
f 2786/2786/2786 2832/2832/2832 2779/2779/2779
f 2833/2833/2833 2831/2831/2831 2520/2520/2520
f 2527/2527/2527 2833/2833/2833 2520/2520/2520
f 2832/2832/2832 2834/2834/2834 2779/2779/2779
f 2779/2779/2779 2834/2834/2834 2772/2772/2772
f 2835/2835/2835 2833/2833/2833 2527/2527/2527
f 2534/2534/2534 2835/2835/2835 2527/2527/2527
f 2834/2834/2834 2836/2836/2836 2772/2772/2772
f 2772/2772/2772 2836/2836/2836 2765/2765/2765
f 2837/2837/2837 2835/2835/2835 2534/2534/2534
f 2541/2541/2541 2837/2837/2837 2534/2534/2534
f 2836/2836/2836 2838/2838/2838 2765/2765/2765
f 2765/2765/2765 2838/2838/2838 2758/2758/2758
f 2839/2839/2839 2837/2837/2837 2541/2541/2541
f 2548/2548/2548 2839/2839/2839 2541/2541/2541
f 2838/2838/2838 2840/2840/2840 2758/2758/2758
f 2758/2758/2758 2840/2840/2840 2751/2751/2751
f 2841/2841/2841 2839/2839/2839 2548/2548/2548
f 2555/2555/2555 2841/2841/2841 2548/2548/2548
f 2840/2840/2840 2842/2842/2842 2751/2751/2751
f 2751/2751/2751 2842/2842/2842 2744/2744/2744
f 2843/2843/2843 2841/2841/2841 2555/2555/2555
f 2562/2562/2562 2843/2843/2843 2555/2555/2555
f 2842/2842/2842 2844/2844/2844 2744/2744/2744
f 2744/2744/2744 2844/2844/2844 2737/2737/2737
f 2845/2845/2845 2843/2843/2843 2562/2562/2562
f 2569/2569/2569 2845/2845/2845 2562/2562/2562
f 2844/2844/2844 2846/2846/2846 2737/2737/2737
f 2737/2737/2737 2846/2846/2846 2730/2730/2730
f 2847/2847/2847 2845/2845/2845 2569/2569/2569
f 2576/2576/2576 2847/2847/2847 2569/2569/2569
f 2846/2846/2846 2848/2848/2848 2730/2730/2730
f 2730/2730/2730 2848/2848/2848 2723/2723/2723
f 2849/2849/2849 2847/2847/2847 2576/2576/2576
f 2583/2583/2583 2849/2849/2849 2576/2576/2576
f 2848/2848/2848 2850/2850/2850 2723/2723/2723
f 2723/2723/2723 2850/2850/2850 2716/2716/2716
f 2851/2851/2851 2849/2849/2849 2583/2583/2583
f 2590/2590/2590 2851/2851/2851 2583/2583/2583
f 2850/2850/2850 2852/2852/2852 2716/2716/2716
f 2716/2716/2716 2852/2852/2852 2709/2709/2709
f 2853/2853/2853 2851/2851/2851 2590/2590/2590
f 2597/2597/2597 2853/2853/2853 2590/2590/2590
f 2852/2852/2852 2854/2854/2854 2709/2709/2709
f 2709/2709/2709 2854/2854/2854 2702/2702/2702
f 2855/2855/2855 2853/2853/2853 2597/2597/2597
f 2604/2604/2604 2855/2855/2855 2597/2597/2597
f 2854/2854/2854 2856/2856/2856 2702/2702/2702
f 2702/2702/2702 2856/2856/2856 2695/2695/2695
f 2857/2857/2857 2855/2855/2855 2604/2604/2604
f 2611/2611/2611 2857/2857/2857 2604/2604/2604
f 2856/2856/2856 2858/2858/2858 2695/2695/2695
f 2695/2695/2695 2858/2858/2858 2688/2688/2688
f 2859/2859/2859 2857/2857/2857 2611/2611/2611
f 2618/2618/2618 2859/2859/2859 2611/2611/2611
f 2858/2858/2858 2860/2860/2860 2688/2688/2688
f 2688/2688/2688 2860/2860/2860 2681/2681/2681
f 2861/2861/2861 2859/2859/2859 2618/2618/2618
f 2625/2625/2625 2861/2861/2861 2618/2618/2618
f 2860/2860/2860 2862/2862/2862 2681/2681/2681
f 2681/2681/2681 2862/2862/2862 2674/2674/2674
f 2863/2863/2863 2861/2861/2861 2625/2625/2625
f 2632/2632/2632 2863/2863/2863 2625/2625/2625
f 2862/2862/2862 2864/2864/2864 2674/2674/2674
f 2674/2674/2674 2864/2864/2864 2667/2667/2667
f 2865/2865/2865 2863/2863/2863 2632/2632/2632
f 2639/2639/2639 2865/2865/2865 2632/2632/2632
f 2864/2864/2864 2866/2866/2866 2667/2667/2667
f 2667/2667/2667 2866/2866/2866 2660/2660/2660
f 2867/2867/2867 2865/2865/2865 2639/2639/2639
f 2646/2646/2646 2867/2867/2867 2639/2639/2639
f 2866/2866/2866 2868/2868/2868 2660/2660/2660
f 2660/2660/2660 2868/2868/2868 2653/2653/2653
f 2653/2653/2653 2869/2869/2869 2646/2646/2646
f 2869/2869/2869 2867/2867/2867 2646/2646/2646
f 2868/2868/2868 2869/2869/2869 2653/2653/2653
f 2862/2862/2862 2870/2870/2870 2864/2864/2864
f 2864/2864/2864 2871/2871/2871 2866/2866/2866
f 2870/2870/2870 2871/2871/2871 2864/2864/2864
f 2866/2866/2866 2872/2872/2872 2868/2868/2868
f 2871/2871/2871 2872/2872/2872 2866/2866/2866
f 2868/2868/2868 2873/2873/2873 2869/2869/2869
f 2872/2872/2872 2873/2873/2873 2868/2868/2868
f 2869/2869/2869 2874/2874/2874 2867/2867/2867
f 2873/2873/2873 2874/2874/2874 2869/2869/2869
f 2867/2867/2867 2875/2875/2875 2865/2865/2865
f 2874/2874/2874 2875/2875/2875 2867/2867/2867
f 2876/2876/2876 2870/2870/2870 2862/2862/2862
f 2860/2860/2860 2876/2876/2876 2862/2862/2862
f 2875/2875/2875 2877/2877/2877 2865/2865/2865
f 2865/2865/2865 2877/2877/2877 2863/2863/2863
f 2878/2878/2878 2876/2876/2876 2860/2860/2860
f 2858/2858/2858 2878/2878/2878 2860/2860/2860
f 2877/2877/2877 2879/2879/2879 2863/2863/2863
f 2863/2863/2863 2879/2879/2879 2861/2861/2861
f 2880/2880/2880 2878/2878/2878 2858/2858/2858
f 2856/2856/2856 2880/2880/2880 2858/2858/2858
f 2879/2879/2879 2881/2881/2881 2861/2861/2861
f 2861/2861/2861 2881/2881/2881 2859/2859/2859
f 2882/2882/2882 2880/2880/2880 2856/2856/2856
f 2854/2854/2854 2882/2882/2882 2856/2856/2856
f 2881/2881/2881 2883/2883/2883 2859/2859/2859
f 2859/2859/2859 2883/2883/2883 2857/2857/2857
f 2884/2884/2884 2882/2882/2882 2854/2854/2854
f 2852/2852/2852 2884/2884/2884 2854/2854/2854
f 2883/2883/2883 2885/2885/2885 2857/2857/2857
f 2857/2857/2857 2885/2885/2885 2855/2855/2855
f 2886/2886/2886 2884/2884/2884 2852/2852/2852
f 2850/2850/2850 2886/2886/2886 2852/2852/2852
f 2885/2885/2885 2887/2887/2887 2855/2855/2855
f 2855/2855/2855 2887/2887/2887 2853/2853/2853
f 2888/2888/2888 2886/2886/2886 2850/2850/2850
f 2848/2848/2848 2888/2888/2888 2850/2850/2850
f 2887/2887/2887 2889/2889/2889 2853/2853/2853
f 2853/2853/2853 2889/2889/2889 2851/2851/2851
f 2890/2890/2890 2888/2888/2888 2848/2848/2848
f 2846/2846/2846 2890/2890/2890 2848/2848/2848
f 2889/2889/2889 2891/2891/2891 2851/2851/2851
f 2851/2851/2851 2891/2891/2891 2849/2849/2849
f 2892/2892/2892 2890/2890/2890 2846/2846/2846
f 2844/2844/2844 2892/2892/2892 2846/2846/2846
f 2891/2891/2891 2893/2893/2893 2849/2849/2849
f 2849/2849/2849 2893/2893/2893 2847/2847/2847
f 2894/2894/2894 2892/2892/2892 2844/2844/2844
f 2842/2842/2842 2894/2894/2894 2844/2844/2844
f 2893/2893/2893 2895/2895/2895 2847/2847/2847
f 2847/2847/2847 2895/2895/2895 2845/2845/2845
f 2896/2896/2896 2894/2894/2894 2842/2842/2842
f 2840/2840/2840 2896/2896/2896 2842/2842/2842
f 2895/2895/2895 2897/2897/2897 2845/2845/2845
f 2845/2845/2845 2897/2897/2897 2843/2843/2843
f 2898/2898/2898 2896/2896/2896 2840/2840/2840
f 2838/2838/2838 2898/2898/2898 2840/2840/2840
f 2897/2897/2897 2899/2899/2899 2843/2843/2843
f 2843/2843/2843 2899/2899/2899 2841/2841/2841
f 2900/2900/2900 2898/2898/2898 2838/2838/2838
f 2836/2836/2836 2900/2900/2900 2838/2838/2838
f 2899/2899/2899 2901/2901/2901 2841/2841/2841
f 2841/2841/2841 2901/2901/2901 2839/2839/2839
f 2902/2902/2902 2900/2900/2900 2836/2836/2836
f 2834/2834/2834 2902/2902/2902 2836/2836/2836
f 2901/2901/2901 2903/2903/2903 2839/2839/2839
f 2839/2839/2839 2903/2903/2903 2837/2837/2837
f 2904/2904/2904 2902/2902/2902 2834/2834/2834
f 2832/2832/2832 2904/2904/2904 2834/2834/2834
f 2903/2903/2903 2905/2905/2905 2837/2837/2837
f 2837/2837/2837 2905/2905/2905 2835/2835/2835
f 2906/2906/2906 2904/2904/2904 2832/2832/2832
f 2830/2830/2830 2906/2906/2906 2832/2832/2832
f 2905/2905/2905 2907/2907/2907 2835/2835/2835
f 2835/2835/2835 2907/2907/2907 2833/2833/2833
f 2908/2908/2908 2906/2906/2906 2830/2830/2830
f 2828/2828/2828 2908/2908/2908 2830/2830/2830
f 2907/2907/2907 2909/2909/2909 2833/2833/2833
f 2833/2833/2833 2909/2909/2909 2831/2831/2831
f 2910/2910/2910 2908/2908/2908 2828/2828/2828
f 2826/2826/2826 2910/2910/2910 2828/2828/2828
f 2909/2909/2909 2911/2911/2911 2831/2831/2831
f 2831/2831/2831 2911/2911/2911 2829/2829/2829
f 2912/2912/2912 2910/2910/2910 2826/2826/2826
f 2824/2824/2824 2912/2912/2912 2826/2826/2826
f 2911/2911/2911 2913/2913/2913 2829/2829/2829
f 2829/2829/2829 2913/2913/2913 2827/2827/2827
f 2914/2914/2914 2912/2912/2912 2824/2824/2824
f 2822/2822/2822 2914/2914/2914 2824/2824/2824
f 2913/2913/2913 2915/2915/2915 2827/2827/2827
f 2827/2827/2827 2915/2915/2915 2825/2825/2825
f 2916/2916/2916 2914/2914/2914 2822/2822/2822
f 2823/2823/2823 2916/2916/2916 2822/2822/2822
f 2825/2825/2825 2917/2917/2917 2823/2823/2823
f 2915/2915/2915 2917/2917/2917 2825/2825/2825
f 2917/2917/2917 2916/2916/2916 2823/2823/2823
f 2912/2912/2912 2918/2918/2918 2910/2910/2910
f 2914/2914/2914 2919/2919/2919 2912/2912/2912
f 2919/2919/2919 2918/2918/2918 2912/2912/2912
f 2916/2916/2916 2920/2920/2920 2914/2914/2914
f 2920/2920/2920 2919/2919/2919 2914/2914/2914
f 2917/2917/2917 2921/2921/2921 2916/2916/2916
f 2921/2921/2921 2920/2920/2920 2916/2916/2916
f 2915/2915/2915 2922/2922/2922 2917/2917/2917
f 2922/2922/2922 2921/2921/2921 2917/2917/2917
f 2913/2913/2913 2923/2923/2923 2915/2915/2915
f 2923/2923/2923 2922/2922/2922 2915/2915/2915
f 2918/2918/2918 2924/2924/2924 2910/2910/2910
f 2910/2910/2910 2924/2924/2924 2908/2908/2908
f 2925/2925/2925 2923/2923/2923 2913/2913/2913
f 2911/2911/2911 2925/2925/2925 2913/2913/2913
f 2924/2924/2924 2926/2926/2926 2908/2908/2908
f 2908/2908/2908 2926/2926/2926 2906/2906/2906
f 2927/2927/2927 2925/2925/2925 2911/2911/2911
f 2909/2909/2909 2927/2927/2927 2911/2911/2911
f 2926/2926/2926 2928/2928/2928 2906/2906/2906
f 2906/2906/2906 2928/2928/2928 2904/2904/2904
f 2929/2929/2929 2927/2927/2927 2909/2909/2909
f 2907/2907/2907 2929/2929/2929 2909/2909/2909
f 2928/2928/2928 2930/2930/2930 2904/2904/2904
f 2904/2904/2904 2930/2930/2930 2902/2902/2902
f 2931/2931/2931 2929/2929/2929 2907/2907/2907
f 2905/2905/2905 2931/2931/2931 2907/2907/2907
f 2930/2930/2930 2932/2932/2932 2902/2902/2902
f 2902/2902/2902 2932/2932/2932 2900/2900/2900
f 2933/2933/2933 2931/2931/2931 2905/2905/2905
f 2903/2903/2903 2933/2933/2933 2905/2905/2905
f 2932/2932/2932 2934/2934/2934 2900/2900/2900
f 2900/2900/2900 2934/2934/2934 2898/2898/2898
f 2935/2935/2935 2933/2933/2933 2903/2903/2903
f 2901/2901/2901 2935/2935/2935 2903/2903/2903
f 2934/2934/2934 2936/2936/2936 2898/2898/2898
f 2898/2898/2898 2936/2936/2936 2896/2896/2896
f 2937/2937/2937 2935/2935/2935 2901/2901/2901
f 2899/2899/2899 2937/2937/2937 2901/2901/2901
f 2936/2936/2936 2938/2938/2938 2896/2896/2896
f 2896/2896/2896 2938/2938/2938 2894/2894/2894
f 2939/2939/2939 2937/2937/2937 2899/2899/2899
f 2897/2897/2897 2939/2939/2939 2899/2899/2899
f 2938/2938/2938 2940/2940/2940 2894/2894/2894
f 2894/2894/2894 2940/2940/2940 2892/2892/2892
f 2941/2941/2941 2939/2939/2939 2897/2897/2897
f 2895/2895/2895 2941/2941/2941 2897/2897/2897
f 2940/2940/2940 2942/2942/2942 2892/2892/2892
f 2892/2892/2892 2942/2942/2942 2890/2890/2890
f 2943/2943/2943 2941/2941/2941 2895/2895/2895
f 2893/2893/2893 2943/2943/2943 2895/2895/2895
f 2942/2942/2942 2944/2944/2944 2890/2890/2890
f 2890/2890/2890 2944/2944/2944 2888/2888/2888
f 2945/2945/2945 2943/2943/2943 2893/2893/2893
f 2891/2891/2891 2945/2945/2945 2893/2893/2893
f 2944/2944/2944 2946/2946/2946 2888/2888/2888
f 2888/2888/2888 2946/2946/2946 2886/2886/2886
f 2947/2947/2947 2945/2945/2945 2891/2891/2891
f 2889/2889/2889 2947/2947/2947 2891/2891/2891
f 2946/2946/2946 2948/2948/2948 2886/2886/2886
f 2886/2886/2886 2948/2948/2948 2884/2884/2884
f 2949/2949/2949 2947/2947/2947 2889/2889/2889
f 2887/2887/2887 2949/2949/2949 2889/2889/2889
f 2948/2948/2948 2950/2950/2950 2884/2884/2884
f 2884/2884/2884 2950/2950/2950 2882/2882/2882
f 2951/2951/2951 2949/2949/2949 2887/2887/2887
f 2885/2885/2885 2951/2951/2951 2887/2887/2887
f 2950/2950/2950 2952/2952/2952 2882/2882/2882
f 2882/2882/2882 2952/2952/2952 2880/2880/2880
f 2953/2953/2953 2951/2951/2951 2885/2885/2885
f 2883/2883/2883 2953/2953/2953 2885/2885/2885
f 2952/2952/2952 2954/2954/2954 2880/2880/2880
f 2880/2880/2880 2954/2954/2954 2878/2878/2878
f 2955/2955/2955 2953/2953/2953 2883/2883/2883
f 2881/2881/2881 2955/2955/2955 2883/2883/2883
f 2954/2954/2954 2956/2956/2956 2878/2878/2878
f 2878/2878/2878 2956/2956/2956 2876/2876/2876
f 2957/2957/2957 2955/2955/2955 2881/2881/2881
f 2879/2879/2879 2957/2957/2957 2881/2881/2881
f 2956/2956/2956 2958/2958/2958 2876/2876/2876
f 2876/2876/2876 2958/2958/2958 2870/2870/2870
f 2959/2959/2959 2957/2957/2957 2879/2879/2879
f 2877/2877/2877 2959/2959/2959 2879/2879/2879
f 2958/2958/2958 2960/2960/2960 2870/2870/2870
f 2870/2870/2870 2960/2960/2960 2871/2871/2871
f 2961/2961/2961 2959/2959/2959 2877/2877/2877
f 2875/2875/2875 2961/2961/2961 2877/2877/2877
f 2960/2960/2960 2962/2962/2962 2871/2871/2871
f 2871/2871/2871 2962/2962/2962 2872/2872/2872
f 2963/2963/2963 2961/2961/2961 2875/2875/2875
f 2874/2874/2874 2963/2963/2963 2875/2875/2875
f 2962/2962/2962 2964/2964/2964 2872/2872/2872
f 2872/2872/2872 2964/2964/2964 2873/2873/2873
f 2873/2873/2873 2965/2965/2965 2874/2874/2874
f 2965/2965/2965 2963/2963/2963 2874/2874/2874
f 2964/2964/2964 2965/2965/2965 2873/2873/2873
f 2958/2958/2958 2966/2966/2966 2960/2960/2960
f 2960/2960/2960 2967/2967/2967 2962/2962/2962
f 2966/2966/2966 2967/2967/2967 2960/2960/2960
f 2962/2962/2962 2968/2968/2968 2964/2964/2964
f 2967/2967/2967 2968/2968/2968 2962/2962/2962
f 2964/2964/2964 2969/2969/2969 2965/2965/2965
f 2968/2968/2968 2969/2969/2969 2964/2964/2964
f 2965/2965/2965 2970/2970/2970 2963/2963/2963
f 2969/2969/2969 2970/2970/2970 2965/2965/2965
f 2963/2963/2963 2971/2971/2971 2961/2961/2961
f 2970/2970/2970 2971/2971/2971 2963/2963/2963
f 2972/2972/2972 2966/2966/2966 2958/2958/2958
f 2956/2956/2956 2972/2972/2972 2958/2958/2958
f 2971/2971/2971 2973/2973/2973 2961/2961/2961
f 2961/2961/2961 2973/2973/2973 2959/2959/2959
f 2974/2974/2974 2972/2972/2972 2956/2956/2956
f 2954/2954/2954 2974/2974/2974 2956/2956/2956
f 2973/2973/2973 2975/2975/2975 2959/2959/2959
f 2959/2959/2959 2975/2975/2975 2957/2957/2957
f 2976/2976/2976 2974/2974/2974 2954/2954/2954
f 2952/2952/2952 2976/2976/2976 2954/2954/2954
f 2975/2975/2975 2977/2977/2977 2957/2957/2957
f 2957/2957/2957 2977/2977/2977 2955/2955/2955
f 2978/2978/2978 2976/2976/2976 2952/2952/2952
f 2950/2950/2950 2978/2978/2978 2952/2952/2952
f 2977/2977/2977 2979/2979/2979 2955/2955/2955
f 2955/2955/2955 2979/2979/2979 2953/2953/2953
f 2980/2980/2980 2978/2978/2978 2950/2950/2950
f 2948/2948/2948 2980/2980/2980 2950/2950/2950
f 2979/2979/2979 2981/2981/2981 2953/2953/2953
f 2953/2953/2953 2981/2981/2981 2951/2951/2951
f 2982/2982/2982 2980/2980/2980 2948/2948/2948
f 2946/2946/2946 2982/2982/2982 2948/2948/2948
f 2981/2981/2981 2983/2983/2983 2951/2951/2951
f 2951/2951/2951 2983/2983/2983 2949/2949/2949
f 2984/2984/2984 2982/2982/2982 2946/2946/2946
f 2944/2944/2944 2984/2984/2984 2946/2946/2946
f 2983/2983/2983 2985/2985/2985 2949/2949/2949
f 2949/2949/2949 2985/2985/2985 2947/2947/2947
f 2986/2986/2986 2984/2984/2984 2944/2944/2944
f 2942/2942/2942 2986/2986/2986 2944/2944/2944
f 2985/2985/2985 2987/2987/2987 2947/2947/2947
f 2947/2947/2947 2987/2987/2987 2945/2945/2945
f 2988/2988/2988 2986/2986/2986 2942/2942/2942
f 2940/2940/2940 2988/2988/2988 2942/2942/2942
f 2987/2987/2987 2989/2989/2989 2945/2945/2945
f 2945/2945/2945 2989/2989/2989 2943/2943/2943
f 2990/2990/2990 2988/2988/2988 2940/2940/2940
f 2938/2938/2938 2990/2990/2990 2940/2940/2940
f 2989/2989/2989 2991/2991/2991 2943/2943/2943
f 2943/2943/2943 2991/2991/2991 2941/2941/2941
f 2992/2992/2992 2990/2990/2990 2938/2938/2938
f 2936/2936/2936 2992/2992/2992 2938/2938/2938
f 2991/2991/2991 2993/2993/2993 2941/2941/2941
f 2941/2941/2941 2993/2993/2993 2939/2939/2939
f 2994/2994/2994 2992/2992/2992 2936/2936/2936
f 2934/2934/2934 2994/2994/2994 2936/2936/2936
f 2993/2993/2993 2995/2995/2995 2939/2939/2939
f 2939/2939/2939 2995/2995/2995 2937/2937/2937
f 2996/2996/2996 2994/2994/2994 2934/2934/2934
f 2932/2932/2932 2996/2996/2996 2934/2934/2934
f 2995/2995/2995 2997/2997/2997 2937/2937/2937
f 2937/2937/2937 2997/2997/2997 2935/2935/2935
f 2998/2998/2998 2996/2996/2996 2932/2932/2932
f 2930/2930/2930 2998/2998/2998 2932/2932/2932
f 2997/2997/2997 2999/2999/2999 2935/2935/2935
f 2935/2935/2935 2999/2999/2999 2933/2933/2933
f 3000/3000/3000 2998/2998/2998 2930/2930/2930
f 2928/2928/2928 3000/3000/3000 2930/2930/2930
f 2999/2999/2999 3001/3001/3001 2933/2933/2933
f 2933/2933/2933 3001/3001/3001 2931/2931/2931
f 3002/3002/3002 3000/3000/3000 2928/2928/2928
f 2926/2926/2926 3002/3002/3002 2928/2928/2928
f 3001/3001/3001 3003/3003/3003 2931/2931/2931
f 2931/2931/2931 3003/3003/3003 2929/2929/2929
f 3004/3004/3004 3002/3002/3002 2926/2926/2926
f 2924/2924/2924 3004/3004/3004 2926/2926/2926
f 3003/3003/3003 3005/3005/3005 2929/2929/2929
f 2929/2929/2929 3005/3005/3005 2927/2927/2927
f 3006/3006/3006 3004/3004/3004 2924/2924/2924
f 2918/2918/2918 3006/3006/3006 2924/2924/2924
f 3005/3005/3005 3007/3007/3007 2927/2927/2927
f 2927/2927/2927 3007/3007/3007 2925/2925/2925
f 3008/3008/3008 3006/3006/3006 2918/2918/2918
f 2919/2919/2919 3008/3008/3008 2918/2918/2918
f 3007/3007/3007 3009/3009/3009 2925/2925/2925
f 2925/2925/2925 3009/3009/3009 2923/2923/2923
f 3010/3010/3010 3008/3008/3008 2919/2919/2919
f 2920/2920/2920 3010/3010/3010 2919/2919/2919
f 3009/3009/3009 3011/3011/3011 2923/2923/2923
f 2923/2923/2923 3011/3011/3011 2922/2922/2922
f 3012/3012/3012 3010/3010/3010 2920/2920/2920
f 2921/2921/2921 3012/3012/3012 2920/2920/2920
f 2922/2922/2922 3013/3013/3013 2921/2921/2921
f 3011/3011/3011 3013/3013/3013 2922/2922/2922
f 3013/3013/3013 3012/3012/3012 2921/2921/2921
f 3008/3008/3008 3014/3014/3014 3006/3006/3006
f 3010/3010/3010 3015/3015/3015 3008/3008/3008
f 3015/3015/3015 3014/3014/3014 3008/3008/3008
f 3012/3012/3012 3016/3016/3016 3010/3010/3010
f 3016/3016/3016 3015/3015/3015 3010/3010/3010
f 3013/3013/3013 3017/3017/3017 3012/3012/3012
f 3017/3017/3017 3016/3016/3016 3012/3012/3012
f 3011/3011/3011 3018/3018/3018 3013/3013/3013
f 3018/3018/3018 3017/3017/3017 3013/3013/3013
f 3009/3009/3009 3019/3019/3019 3011/3011/3011
f 3019/3019/3019 3018/3018/3018 3011/3011/3011
f 3014/3014/3014 3020/3020/3020 3006/3006/3006
f 3006/3006/3006 3020/3020/3020 3004/3004/3004
f 3021/3021/3021 3019/3019/3019 3009/3009/3009
f 3007/3007/3007 3021/3021/3021 3009/3009/3009
f 3020/3020/3020 3022/3022/3022 3004/3004/3004
f 3004/3004/3004 3022/3022/3022 3002/3002/3002
f 3023/3023/3023 3021/3021/3021 3007/3007/3007
f 3005/3005/3005 3023/3023/3023 3007/3007/3007
f 3022/3022/3022 3024/3024/3024 3002/3002/3002
f 3002/3002/3002 3024/3024/3024 3000/3000/3000
f 3025/3025/3025 3023/3023/3023 3005/3005/3005
f 3003/3003/3003 3025/3025/3025 3005/3005/3005
f 3024/3024/3024 3026/3026/3026 3000/3000/3000
f 3000/3000/3000 3026/3026/3026 2998/2998/2998
f 3027/3027/3027 3025/3025/3025 3003/3003/3003
f 3001/3001/3001 3027/3027/3027 3003/3003/3003
f 3026/3026/3026 3028/3028/3028 2998/2998/2998
f 2998/2998/2998 3028/3028/3028 2996/2996/2996
f 3029/3029/3029 3027/3027/3027 3001/3001/3001
f 2999/2999/2999 3029/3029/3029 3001/3001/3001
f 3028/3028/3028 3030/3030/3030 2996/2996/2996
f 2996/2996/2996 3030/3030/3030 2994/2994/2994
f 3031/3031/3031 3029/3029/3029 2999/2999/2999
f 2997/2997/2997 3031/3031/3031 2999/2999/2999
f 3030/3030/3030 3032/3032/3032 2994/2994/2994
f 2994/2994/2994 3032/3032/3032 2992/2992/2992
f 3033/3033/3033 3031/3031/3031 2997/2997/2997
f 2995/2995/2995 3033/3033/3033 2997/2997/2997
f 3032/3032/3032 3034/3034/3034 2992/2992/2992
f 2992/2992/2992 3034/3034/3034 2990/2990/2990
f 3035/3035/3035 3033/3033/3033 2995/2995/2995
f 2993/2993/2993 3035/3035/3035 2995/2995/2995
f 3034/3034/3034 3036/3036/3036 2990/2990/2990
f 2990/2990/2990 3036/3036/3036 2988/2988/2988
f 3037/3037/3037 3035/3035/3035 2993/2993/2993
f 2991/2991/2991 3037/3037/3037 2993/2993/2993
f 3036/3036/3036 3038/3038/3038 2988/2988/2988
f 2988/2988/2988 3038/3038/3038 2986/2986/2986
f 3039/3039/3039 3037/3037/3037 2991/2991/2991
f 2989/2989/2989 3039/3039/3039 2991/2991/2991
f 3038/3038/3038 3040/3040/3040 2986/2986/2986
f 2986/2986/2986 3040/3040/3040 2984/2984/2984
f 3041/3041/3041 3039/3039/3039 2989/2989/2989
f 2987/2987/2987 3041/3041/3041 2989/2989/2989
f 3040/3040/3040 3042/3042/3042 2984/2984/2984
f 2984/2984/2984 3042/3042/3042 2982/2982/2982
f 3043/3043/3043 3041/3041/3041 2987/2987/2987
f 2985/2985/2985 3043/3043/3043 2987/2987/2987
f 3042/3042/3042 3044/3044/3044 2982/2982/2982
f 2982/2982/2982 3044/3044/3044 2980/2980/2980
f 3045/3045/3045 3043/3043/3043 2985/2985/2985
f 2983/2983/2983 3045/3045/3045 2985/2985/2985
f 3044/3044/3044 3046/3046/3046 2980/2980/2980
f 2980/2980/2980 3046/3046/3046 2978/2978/2978
f 3047/3047/3047 3045/3045/3045 2983/2983/2983
f 2981/2981/2981 3047/3047/3047 2983/2983/2983
f 3046/3046/3046 3048/3048/3048 2978/2978/2978
f 2978/2978/2978 3048/3048/3048 2976/2976/2976
f 3049/3049/3049 3047/3047/3047 2981/2981/2981
f 2979/2979/2979 3049/3049/3049 2981/2981/2981
f 3048/3048/3048 3050/3050/3050 2976/2976/2976
f 2976/2976/2976 3050/3050/3050 2974/2974/2974
f 3051/3051/3051 3049/3049/3049 2979/2979/2979
f 2977/2977/2977 3051/3051/3051 2979/2979/2979
f 3050/3050/3050 3052/3052/3052 2974/2974/2974
f 2974/2974/2974 3052/3052/3052 2972/2972/2972
f 3053/3053/3053 3051/3051/3051 2977/2977/2977
f 2975/2975/2975 3053/3053/3053 2977/2977/2977
f 3052/3052/3052 3054/3054/3054 2972/2972/2972
f 2972/2972/2972 3054/3054/3054 2966/2966/2966
f 3055/3055/3055 3053/3053/3053 2975/2975/2975
f 2973/2973/2973 3055/3055/3055 2975/2975/2975
f 3054/3054/3054 3056/3056/3056 2966/2966/2966
f 2966/2966/2966 3056/3056/3056 2967/2967/2967
f 3057/3057/3057 3055/3055/3055 2973/2973/2973
f 2971/2971/2971 3057/3057/3057 2973/2973/2973
f 3056/3056/3056 3058/3058/3058 2967/2967/2967
f 2967/2967/2967 3058/3058/3058 2968/2968/2968
f 3059/3059/3059 3057/3057/3057 2971/2971/2971
f 2970/2970/2970 3059/3059/3059 2971/2971/2971
f 3058/3058/3058 3060/3060/3060 2968/2968/2968
f 2968/2968/2968 3060/3060/3060 2969/2969/2969
f 2969/2969/2969 3061/3061/3061 2970/2970/2970
f 3061/3061/3061 3059/3059/3059 2970/2970/2970
f 3060/3060/3060 3061/3061/3061 2969/2969/2969
f 3054/3054/3054 3062/3062/3062 3056/3056/3056
f 3056/3056/3056 3063/3063/3063 3058/3058/3058
f 3062/3062/3062 3063/3063/3063 3056/3056/3056
f 3058/3058/3058 3064/3064/3064 3060/3060/3060
f 3063/3063/3063 3064/3064/3064 3058/3058/3058
f 3060/3060/3060 3065/3065/3065 3061/3061/3061
f 3064/3064/3064 3065/3065/3065 3060/3060/3060
f 3061/3061/3061 3066/3066/3066 3059/3059/3059
f 3065/3065/3065 3066/3066/3066 3061/3061/3061
f 3059/3059/3059 3067/3067/3067 3057/3057/3057
f 3066/3066/3066 3067/3067/3067 3059/3059/3059
f 3068/3068/3068 3062/3062/3062 3054/3054/3054
f 3052/3052/3052 3068/3068/3068 3054/3054/3054
f 3067/3067/3067 3069/3069/3069 3057/3057/3057
f 3057/3057/3057 3069/3069/3069 3055/3055/3055
f 3070/3070/3070 3068/3068/3068 3052/3052/3052
f 3050/3050/3050 3070/3070/3070 3052/3052/3052
f 3069/3069/3069 3071/3071/3071 3055/3055/3055
f 3055/3055/3055 3071/3071/3071 3053/3053/3053
f 3072/3072/3072 3070/3070/3070 3050/3050/3050
f 3048/3048/3048 3072/3072/3072 3050/3050/3050
f 3071/3071/3071 3073/3073/3073 3053/3053/3053
f 3053/3053/3053 3073/3073/3073 3051/3051/3051
f 3074/3074/3074 3072/3072/3072 3048/3048/3048
f 3046/3046/3046 3074/3074/3074 3048/3048/3048
f 3073/3073/3073 3075/3075/3075 3051/3051/3051
f 3051/3051/3051 3075/3075/3075 3049/3049/3049
f 3076/3076/3076 3074/3074/3074 3046/3046/3046
f 3044/3044/3044 3076/3076/3076 3046/3046/3046
f 3075/3075/3075 3077/3077/3077 3049/3049/3049
f 3049/3049/3049 3077/3077/3077 3047/3047/3047
f 3078/3078/3078 3076/3076/3076 3044/3044/3044
f 3042/3042/3042 3078/3078/3078 3044/3044/3044
f 3077/3077/3077 3079/3079/3079 3047/3047/3047
f 3047/3047/3047 3079/3079/3079 3045/3045/3045
f 3080/3080/3080 3078/3078/3078 3042/3042/3042
f 3040/3040/3040 3080/3080/3080 3042/3042/3042
f 3079/3079/3079 3081/3081/3081 3045/3045/3045
f 3045/3045/3045 3081/3081/3081 3043/3043/3043
f 3082/3082/3082 3080/3080/3080 3040/3040/3040
f 3038/3038/3038 3082/3082/3082 3040/3040/3040
f 3081/3081/3081 3083/3083/3083 3043/3043/3043
f 3043/3043/3043 3083/3083/3083 3041/3041/3041
f 3084/3084/3084 3082/3082/3082 3038/3038/3038
f 3036/3036/3036 3084/3084/3084 3038/3038/3038
f 3083/3083/3083 3085/3085/3085 3041/3041/3041
f 3041/3041/3041 3085/3085/3085 3039/3039/3039
f 3086/3086/3086 3084/3084/3084 3036/3036/3036
f 3034/3034/3034 3086/3086/3086 3036/3036/3036
f 3085/3085/3085 3087/3087/3087 3039/3039/3039
f 3039/3039/3039 3087/3087/3087 3037/3037/3037
f 3088/3088/3088 3086/3086/3086 3034/3034/3034
f 3032/3032/3032 3088/3088/3088 3034/3034/3034
f 3087/3087/3087 3089/3089/3089 3037/3037/3037
f 3037/3037/3037 3089/3089/3089 3035/3035/3035
f 3090/3090/3090 3088/3088/3088 3032/3032/3032
f 3030/3030/3030 3090/3090/3090 3032/3032/3032
f 3089/3089/3089 3091/3091/3091 3035/3035/3035
f 3035/3035/3035 3091/3091/3091 3033/3033/3033
f 3092/3092/3092 3090/3090/3090 3030/3030/3030
f 3028/3028/3028 3092/3092/3092 3030/3030/3030
f 3091/3091/3091 3093/3093/3093 3033/3033/3033
f 3033/3033/3033 3093/3093/3093 3031/3031/3031
f 3094/3094/3094 3092/3092/3092 3028/3028/3028
f 3026/3026/3026 3094/3094/3094 3028/3028/3028
f 3093/3093/3093 3095/3095/3095 3031/3031/3031
f 3031/3031/3031 3095/3095/3095 3029/3029/3029
f 3096/3096/3096 3094/3094/3094 3026/3026/3026
f 3024/3024/3024 3096/3096/3096 3026/3026/3026
f 3095/3095/3095 3097/3097/3097 3029/3029/3029
f 3029/3029/3029 3097/3097/3097 3027/3027/3027
f 3098/3098/3098 3096/3096/3096 3024/3024/3024
f 3022/3022/3022 3098/3098/3098 3024/3024/3024
f 3097/3097/3097 3099/3099/3099 3027/3027/3027
f 3027/3027/3027 3099/3099/3099 3025/3025/3025
f 3100/3100/3100 3098/3098/3098 3022/3022/3022
f 3020/3020/3020 3100/3100/3100 3022/3022/3022
f 3099/3099/3099 3101/3101/3101 3025/3025/3025
f 3025/3025/3025 3101/3101/3101 3023/3023/3023
f 3102/3102/3102 3100/3100/3100 3020/3020/3020
f 3014/3014/3014 3102/3102/3102 3020/3020/3020
f 3101/3101/3101 3103/3103/3103 3023/3023/3023
f 3023/3023/3023 3103/3103/3103 3021/3021/3021
f 3104/3104/3104 3102/3102/3102 3014/3014/3014
f 3015/3015/3015 3104/3104/3104 3014/3014/3014
f 3103/3103/3103 3105/3105/3105 3021/3021/3021
f 3021/3021/3021 3105/3105/3105 3019/3019/3019
f 3106/3106/3106 3104/3104/3104 3015/3015/3015
f 3016/3016/3016 3106/3106/3106 3015/3015/3015
f 3105/3105/3105 3107/3107/3107 3019/3019/3019
f 3019/3019/3019 3107/3107/3107 3018/3018/3018
f 3108/3108/3108 3106/3106/3106 3016/3016/3016
f 3017/3017/3017 3108/3108/3108 3016/3016/3016
f 3018/3018/3018 3109/3109/3109 3017/3017/3017
f 3107/3107/3107 3109/3109/3109 3018/3018/3018
f 3109/3109/3109 3108/3108/3108 3017/3017/3017
f 3104/3104/3104 3110/3110/3110 3102/3102/3102
f 3106/3106/3106 3111/3111/3111 3104/3104/3104
f 3111/3111/3111 3110/3110/3110 3104/3104/3104
f 3108/3108/3108 3112/3112/3112 3106/3106/3106
f 3112/3112/3112 3111/3111/3111 3106/3106/3106
f 3109/3109/3109 3113/3113/3113 3108/3108/3108
f 3113/3113/3113 3112/3112/3112 3108/3108/3108
f 3107/3107/3107 3114/3114/3114 3109/3109/3109
f 3114/3114/3114 3113/3113/3113 3109/3109/3109
f 3105/3105/3105 3115/3115/3115 3107/3107/3107
f 3115/3115/3115 3114/3114/3114 3107/3107/3107
f 3110/3110/3110 3116/3116/3116 3102/3102/3102
f 3102/3102/3102 3116/3116/3116 3100/3100/3100
f 3117/3117/3117 3115/3115/3115 3105/3105/3105
f 3103/3103/3103 3117/3117/3117 3105/3105/3105
f 3116/3116/3116 3118/3118/3118 3100/3100/3100
f 3100/3100/3100 3118/3118/3118 3098/3098/3098
f 3119/3119/3119 3117/3117/3117 3103/3103/3103
f 3101/3101/3101 3119/3119/3119 3103/3103/3103
f 3118/3118/3118 3120/3120/3120 3098/3098/3098
f 3098/3098/3098 3120/3120/3120 3096/3096/3096
f 3121/3121/3121 3119/3119/3119 3101/3101/3101
f 3099/3099/3099 3121/3121/3121 3101/3101/3101
f 3120/3120/3120 3122/3122/3122 3096/3096/3096
f 3096/3096/3096 3122/3122/3122 3094/3094/3094
f 3123/3123/3123 3121/3121/3121 3099/3099/3099
f 3097/3097/3097 3123/3123/3123 3099/3099/3099
f 3122/3122/3122 3124/3124/3124 3094/3094/3094
f 3094/3094/3094 3124/3124/3124 3092/3092/3092
f 3125/3125/3125 3123/3123/3123 3097/3097/3097
f 3095/3095/3095 3125/3125/3125 3097/3097/3097
f 3124/3124/3124 3126/3126/3126 3092/3092/3092
f 3092/3092/3092 3126/3126/3126 3090/3090/3090
f 3127/3127/3127 3125/3125/3125 3095/3095/3095
f 3093/3093/3093 3127/3127/3127 3095/3095/3095
f 3126/3126/3126 3128/3128/3128 3090/3090/3090
f 3090/3090/3090 3128/3128/3128 3088/3088/3088
f 3129/3129/3129 3127/3127/3127 3093/3093/3093
f 3091/3091/3091 3129/3129/3129 3093/3093/3093
f 3128/3128/3128 3130/3130/3130 3088/3088/3088
f 3088/3088/3088 3130/3130/3130 3086/3086/3086
f 3131/3131/3131 3129/3129/3129 3091/3091/3091
f 3089/3089/3089 3131/3131/3131 3091/3091/3091
f 3130/3130/3130 3132/3132/3132 3086/3086/3086
f 3086/3086/3086 3132/3132/3132 3084/3084/3084
f 3133/3133/3133 3131/3131/3131 3089/3089/3089
f 3087/3087/3087 3133/3133/3133 3089/3089/3089
f 3132/3132/3132 3134/3134/3134 3084/3084/3084
f 3084/3084/3084 3134/3134/3134 3082/3082/3082
f 3135/3135/3135 3133/3133/3133 3087/3087/3087
f 3085/3085/3085 3135/3135/3135 3087/3087/3087
f 3134/3134/3134 3136/3136/3136 3082/3082/3082
f 3082/3082/3082 3136/3136/3136 3080/3080/3080
f 3137/3137/3137 3135/3135/3135 3085/3085/3085
f 3083/3083/3083 3137/3137/3137 3085/3085/3085
f 3136/3136/3136 3138/3138/3138 3080/3080/3080
f 3080/3080/3080 3138/3138/3138 3078/3078/3078
f 3139/3139/3139 3137/3137/3137 3083/3083/3083
f 3081/3081/3081 3139/3139/3139 3083/3083/3083
f 3138/3138/3138 3140/3140/3140 3078/3078/3078
f 3078/3078/3078 3140/3140/3140 3076/3076/3076
f 3141/3141/3141 3139/3139/3139 3081/3081/3081
f 3079/3079/3079 3141/3141/3141 3081/3081/3081
f 3140/3140/3140 3142/3142/3142 3076/3076/3076
f 3076/3076/3076 3142/3142/3142 3074/3074/3074
f 3143/3143/3143 3141/3141/3141 3079/3079/3079
f 3077/3077/3077 3143/3143/3143 3079/3079/3079
f 3142/3142/3142 3144/3144/3144 3074/3074/3074
f 3074/3074/3074 3144/3144/3144 3072/3072/3072
f 3145/3145/3145 3143/3143/3143 3077/3077/3077
f 3075/3075/3075 3145/3145/3145 3077/3077/3077
f 3144/3144/3144 3146/3146/3146 3072/3072/3072
f 3072/3072/3072 3146/3146/3146 3070/3070/3070
f 3147/3147/3147 3145/3145/3145 3075/3075/3075
f 3073/3073/3073 3147/3147/3147 3075/3075/3075
f 3146/3146/3146 3148/3148/3148 3070/3070/3070
f 3070/3070/3070 3148/3148/3148 3068/3068/3068
f 3149/3149/3149 3147/3147/3147 3073/3073/3073
f 3071/3071/3071 3149/3149/3149 3073/3073/3073
f 3148/3148/3148 3150/3150/3150 3068/3068/3068
f 3068/3068/3068 3150/3150/3150 3062/3062/3062
f 3151/3151/3151 3149/3149/3149 3071/3071/3071
f 3069/3069/3069 3151/3151/3151 3071/3071/3071
f 3150/3150/3150 3152/3152/3152 3062/3062/3062
f 3062/3062/3062 3152/3152/3152 3063/3063/3063
f 3153/3153/3153 3151/3151/3151 3069/3069/3069
f 3067/3067/3067 3153/3153/3153 3069/3069/3069
f 3152/3152/3152 3154/3154/3154 3063/3063/3063
f 3063/3063/3063 3154/3154/3154 3064/3064/3064
f 3155/3155/3155 3153/3153/3153 3067/3067/3067
f 3066/3066/3066 3155/3155/3155 3067/3067/3067
f 3154/3154/3154 3156/3156/3156 3064/3064/3064
f 3064/3064/3064 3156/3156/3156 3065/3065/3065
f 3065/3065/3065 3157/3157/3157 3066/3066/3066
f 3157/3157/3157 3155/3155/3155 3066/3066/3066
f 3156/3156/3156 3157/3157/3157 3065/3065/3065
f 3150/3150/3150 3158/3158/3158 3152/3152/3152
f 3152/3152/3152 3159/3159/3159 3154/3154/3154
f 3158/3158/3158 3159/3159/3159 3152/3152/3152
f 3154/3154/3154 3160/3160/3160 3156/3156/3156
f 3159/3159/3159 3160/3160/3160 3154/3154/3154
f 3156/3156/3156 3161/3161/3161 3157/3157/3157
f 3160/3160/3160 3161/3161/3161 3156/3156/3156
f 3157/3157/3157 3162/3162/3162 3155/3155/3155
f 3161/3161/3161 3162/3162/3162 3157/3157/3157
f 3155/3155/3155 3163/3163/3163 3153/3153/3153
f 3162/3162/3162 3163/3163/3163 3155/3155/3155
f 3164/3164/3164 3158/3158/3158 3150/3150/3150
f 3148/3148/3148 3164/3164/3164 3150/3150/3150
f 3163/3163/3163 3165/3165/3165 3153/3153/3153
f 3153/3153/3153 3165/3165/3165 3151/3151/3151
f 3166/3166/3166 3164/3164/3164 3148/3148/3148
f 3146/3146/3146 3166/3166/3166 3148/3148/3148
f 3165/3165/3165 3167/3167/3167 3151/3151/3151
f 3151/3151/3151 3167/3167/3167 3149/3149/3149
f 3168/3168/3168 3166/3166/3166 3146/3146/3146
f 3144/3144/3144 3168/3168/3168 3146/3146/3146
f 3167/3167/3167 3169/3169/3169 3149/3149/3149
f 3149/3149/3149 3169/3169/3169 3147/3147/3147
f 3170/3170/3170 3168/3168/3168 3144/3144/3144
f 3142/3142/3142 3170/3170/3170 3144/3144/3144
f 3169/3169/3169 3171/3171/3171 3147/3147/3147
f 3147/3147/3147 3171/3171/3171 3145/3145/3145
f 3172/3172/3172 3170/3170/3170 3142/3142/3142
f 3140/3140/3140 3172/3172/3172 3142/3142/3142
f 3171/3171/3171 3173/3173/3173 3145/3145/3145
f 3145/3145/3145 3173/3173/3173 3143/3143/3143
f 3174/3174/3174 3172/3172/3172 3140/3140/3140
f 3138/3138/3138 3174/3174/3174 3140/3140/3140
f 3173/3173/3173 3175/3175/3175 3143/3143/3143
f 3143/3143/3143 3175/3175/3175 3141/3141/3141
f 3176/3176/3176 3174/3174/3174 3138/3138/3138
f 3136/3136/3136 3176/3176/3176 3138/3138/3138
f 3175/3175/3175 3177/3177/3177 3141/3141/3141
f 3141/3141/3141 3177/3177/3177 3139/3139/3139
f 3178/3178/3178 3176/3176/3176 3136/3136/3136
f 3134/3134/3134 3178/3178/3178 3136/3136/3136
f 3177/3177/3177 3179/3179/3179 3139/3139/3139
f 3139/3139/3139 3179/3179/3179 3137/3137/3137
f 3180/3180/3180 3178/3178/3178 3134/3134/3134
f 3132/3132/3132 3180/3180/3180 3134/3134/3134
f 3179/3179/3179 3181/3181/3181 3137/3137/3137
f 3137/3137/3137 3181/3181/3181 3135/3135/3135
f 3182/3182/3182 3180/3180/3180 3132/3132/3132
f 3130/3130/3130 3182/3182/3182 3132/3132/3132
f 3181/3181/3181 3183/3183/3183 3135/3135/3135
f 3135/3135/3135 3183/3183/3183 3133/3133/3133
f 3184/3184/3184 3182/3182/3182 3130/3130/3130
f 3128/3128/3128 3184/3184/3184 3130/3130/3130
f 3183/3183/3183 3185/3185/3185 3133/3133/3133
f 3133/3133/3133 3185/3185/3185 3131/3131/3131
f 3186/3186/3186 3184/3184/3184 3128/3128/3128
f 3126/3126/3126 3186/3186/3186 3128/3128/3128
f 3185/3185/3185 3187/3187/3187 3131/3131/3131
f 3131/3131/3131 3187/3187/3187 3129/3129/3129
f 3188/3188/3188 3186/3186/3186 3126/3126/3126
f 3124/3124/3124 3188/3188/3188 3126/3126/3126
f 3187/3187/3187 3189/3189/3189 3129/3129/3129
f 3129/3129/3129 3189/3189/3189 3127/3127/3127
f 3190/3190/3190 3188/3188/3188 3124/3124/3124
f 3122/3122/3122 3190/3190/3190 3124/3124/3124
f 3189/3189/3189 3191/3191/3191 3127/3127/3127
f 3127/3127/3127 3191/3191/3191 3125/3125/3125
f 3192/3192/3192 3190/3190/3190 3122/3122/3122
f 3120/3120/3120 3192/3192/3192 3122/3122/3122
f 3191/3191/3191 3193/3193/3193 3125/3125/3125
f 3125/3125/3125 3193/3193/3193 3123/3123/3123
f 3194/3194/3194 3192/3192/3192 3120/3120/3120
f 3118/3118/3118 3194/3194/3194 3120/3120/3120
f 3193/3193/3193 3195/3195/3195 3123/3123/3123
f 3123/3123/3123 3195/3195/3195 3121/3121/3121
f 3196/3196/3196 3194/3194/3194 3118/3118/3118
f 3116/3116/3116 3196/3196/3196 3118/3118/3118
f 3195/3195/3195 3197/3197/3197 3121/3121/3121
f 3121/3121/3121 3197/3197/3197 3119/3119/3119
f 3198/3198/3198 3196/3196/3196 3116/3116/3116
f 3110/3110/3110 3198/3198/3198 3116/3116/3116
f 3197/3197/3197 3199/3199/3199 3119/3119/3119
f 3119/3119/3119 3199/3199/3199 3117/3117/3117
f 3200/3200/3200 3198/3198/3198 3110/3110/3110
f 3111/3111/3111 3200/3200/3200 3110/3110/3110
f 3199/3199/3199 3201/3201/3201 3117/3117/3117
f 3117/3117/3117 3201/3201/3201 3115/3115/3115
f 3202/3202/3202 3200/3200/3200 3111/3111/3111
f 3112/3112/3112 3202/3202/3202 3111/3111/3111
f 3201/3201/3201 3203/3203/3203 3115/3115/3115
f 3115/3115/3115 3203/3203/3203 3114/3114/3114
f 3204/3204/3204 3202/3202/3202 3112/3112/3112
f 3113/3113/3113 3204/3204/3204 3112/3112/3112
f 3114/3114/3114 3205/3205/3205 3113/3113/3113
f 3203/3203/3203 3205/3205/3205 3114/3114/3114
f 3205/3205/3205 3204/3204/3204 3113/3113/3113
f 3198/3198/3198 3200/3200/3200 3206/3206/3206
f 3200/3200/3200 3202/3202/3202 3207/3207/3207
f 3206/3206/3206 3200/3200/3200 3207/3207/3207
f 3202/3202/3202 3204/3204/3204 3208/3208/3208
f 3207/3207/3207 3202/3202/3202 3208/3208/3208
f 3204/3204/3204 3205/3205/3205 3209/3209/3209
f 3208/3208/3208 3204/3204/3204 3209/3209/3209
f 3205/3205/3205 3203/3203/3203 3210/3210/3210
f 3209/3209/3209 3205/3205/3205 3210/3210/3210
f 3203/3203/3203 3201/3201/3201 3211/3211/3211
f 3210/3210/3210 3203/3203/3203 3211/3211/3211
f 3212/3212/3212 3198/3198/3198 3206/3206/3206
f 3196/3196/3196 3198/3198/3198 3212/3212/3212
f 3211/3211/3211 3201/3201/3201 3213/3213/3213
f 3201/3201/3201 3199/3199/3199 3213/3213/3213
f 3214/3214/3214 3196/3196/3196 3212/3212/3212
f 3194/3194/3194 3196/3196/3196 3214/3214/3214
f 3213/3213/3213 3199/3199/3199 3215/3215/3215
f 3199/3199/3199 3197/3197/3197 3215/3215/3215
f 3216/3216/3216 3194/3194/3194 3214/3214/3214
f 3192/3192/3192 3194/3194/3194 3216/3216/3216
f 3215/3215/3215 3197/3197/3197 3217/3217/3217
f 3197/3197/3197 3195/3195/3195 3217/3217/3217
f 3218/3218/3218 3192/3192/3192 3216/3216/3216
f 3190/3190/3190 3192/3192/3192 3218/3218/3218
f 3217/3217/3217 3195/3195/3195 3219/3219/3219
f 3195/3195/3195 3193/3193/3193 3219/3219/3219
f 3220/3220/3220 3190/3190/3190 3218/3218/3218
f 3188/3188/3188 3190/3190/3190 3220/3220/3220
f 3219/3219/3219 3193/3193/3193 3221/3221/3221
f 3193/3193/3193 3191/3191/3191 3221/3221/3221
f 3222/3222/3222 3188/3188/3188 3220/3220/3220
f 3186/3186/3186 3188/3188/3188 3222/3222/3222
f 3221/3221/3221 3191/3191/3191 3223/3223/3223
f 3191/3191/3191 3189/3189/3189 3223/3223/3223
f 3224/3224/3224 3186/3186/3186 3222/3222/3222
f 3184/3184/3184 3186/3186/3186 3224/3224/3224
f 3223/3223/3223 3189/3189/3189 3225/3225/3225
f 3189/3189/3189 3187/3187/3187 3225/3225/3225
f 3226/3226/3226 3184/3184/3184 3224/3224/3224
f 3182/3182/3182 3184/3184/3184 3226/3226/3226
f 3225/3225/3225 3187/3187/3187 3227/3227/3227
f 3187/3187/3187 3185/3185/3185 3227/3227/3227
f 3228/3228/3228 3182/3182/3182 3226/3226/3226
f 3180/3180/3180 3182/3182/3182 3228/3228/3228
f 3227/3227/3227 3185/3185/3185 3229/3229/3229
f 3185/3185/3185 3183/3183/3183 3229/3229/3229
f 3230/3230/3230 3180/3180/3180 3228/3228/3228
f 3178/3178/3178 3180/3180/3180 3230/3230/3230
f 3229/3229/3229 3183/3183/3183 3231/3231/3231
f 3183/3183/3183 3181/3181/3181 3231/3231/3231
f 3232/3232/3232 3178/3178/3178 3230/3230/3230
f 3176/3176/3176 3178/3178/3178 3232/3232/3232
f 3231/3231/3231 3181/3181/3181 3233/3233/3233
f 3181/3181/3181 3179/3179/3179 3233/3233/3233
f 3234/3234/3234 3176/3176/3176 3232/3232/3232
f 3174/3174/3174 3176/3176/3176 3234/3234/3234
f 3233/3233/3233 3179/3179/3179 3235/3235/3235
f 3179/3179/3179 3177/3177/3177 3235/3235/3235
f 3236/3236/3236 3174/3174/3174 3234/3234/3234
f 3172/3172/3172 3174/3174/3174 3236/3236/3236
f 3235/3235/3235 3177/3177/3177 3237/3237/3237
f 3177/3177/3177 3175/3175/3175 3237/3237/3237
f 3238/3238/3238 3172/3172/3172 3236/3236/3236
f 3170/3170/3170 3172/3172/3172 3238/3238/3238
f 3237/3237/3237 3175/3175/3175 3239/3239/3239
f 3175/3175/3175 3173/3173/3173 3239/3239/3239
f 3240/3240/3240 3170/3170/3170 3238/3238/3238
f 3168/3168/3168 3170/3170/3170 3240/3240/3240
f 3239/3239/3239 3173/3173/3173 3241/3241/3241
f 3173/3173/3173 3171/3171/3171 3241/3241/3241
f 3242/3242/3242 3168/3168/3168 3240/3240/3240
f 3166/3166/3166 3168/3168/3168 3242/3242/3242
f 3241/3241/3241 3171/3171/3171 3243/3243/3243
f 3171/3171/3171 3169/3169/3169 3243/3243/3243
f 3244/3244/3244 3166/3166/3166 3242/3242/3242
f 3164/3164/3164 3166/3166/3166 3244/3244/3244
f 3243/3243/3243 3169/3169/3169 3245/3245/3245
f 3169/3169/3169 3167/3167/3167 3245/3245/3245
f 3246/3246/3246 3164/3164/3164 3244/3244/3244
f 3158/3158/3158 3164/3164/3164 3246/3246/3246
f 3245/3245/3245 3167/3167/3167 3247/3247/3247
f 3167/3167/3167 3165/3165/3165 3247/3247/3247
f 3248/3248/3248 3158/3158/3158 3246/3246/3246
f 3159/3159/3159 3158/3158/3158 3248/3248/3248
f 3247/3247/3247 3165/3165/3165 3249/3249/3249
f 3165/3165/3165 3163/3163/3163 3249/3249/3249
f 3250/3250/3250 3159/3159/3159 3248/3248/3248
f 3160/3160/3160 3159/3159/3159 3250/3250/3250
f 3249/3249/3249 3163/3163/3163 3251/3251/3251
f 3163/3163/3163 3162/3162/3162 3251/3251/3251
f 3252/3252/3252 3160/3160/3160 3250/3250/3250
f 3161/3161/3161 3160/3160/3160 3252/3252/3252
f 3162/3162/3162 3161/3161/3161 3253/3253/3253
f 3251/3251/3251 3162/3162/3162 3253/3253/3253
f 3253/3253/3253 3161/3161/3161 3252/3252/3252
f 3248/3248/3248 3246/3246/3246 3254/3254/3254
f 3250/3250/3250 3248/3248/3248 3255/3255/3255
f 3248/3248/3248 3254/3254/3254 3255/3255/3255
f 3252/3252/3252 3250/3250/3250 3256/3256/3256
f 3250/3250/3250 3255/3255/3255 3256/3256/3256
f 3253/3253/3253 3252/3252/3252 3257/3257/3257
f 3252/3252/3252 3256/3256/3256 3257/3257/3257
f 3251/3251/3251 3253/3253/3253 3258/3258/3258
f 3253/3253/3253 3257/3257/3257 3258/3258/3258
f 3249/3249/3249 3251/3251/3251 3259/3259/3259
f 3251/3251/3251 3258/3258/3258 3259/3259/3259
f 3246/3246/3246 3260/3260/3260 3254/3254/3254
f 3246/3246/3246 3244/3244/3244 3260/3260/3260
f 3249/3249/3249 3259/3259/3259 3261/3261/3261
f 3247/3247/3247 3249/3249/3249 3261/3261/3261
f 3244/3244/3244 3262/3262/3262 3260/3260/3260
f 3244/3244/3244 3242/3242/3242 3262/3262/3262
f 3247/3247/3247 3261/3261/3261 3263/3263/3263
f 3245/3245/3245 3247/3247/3247 3263/3263/3263
f 3242/3242/3242 3264/3264/3264 3262/3262/3262
f 3242/3242/3242 3240/3240/3240 3264/3264/3264
f 3245/3245/3245 3263/3263/3263 3265/3265/3265
f 3243/3243/3243 3245/3245/3245 3265/3265/3265
f 3240/3240/3240 3266/3266/3266 3264/3264/3264
f 3240/3240/3240 3238/3238/3238 3266/3266/3266
f 3243/3243/3243 3265/3265/3265 3267/3267/3267
f 3241/3241/3241 3243/3243/3243 3267/3267/3267
f 3238/3238/3238 3268/3268/3268 3266/3266/3266
f 3238/3238/3238 3236/3236/3236 3268/3268/3268
f 3241/3241/3241 3267/3267/3267 3269/3269/3269
f 3239/3239/3239 3241/3241/3241 3269/3269/3269
f 3236/3236/3236 3270/3270/3270 3268/3268/3268
f 3236/3236/3236 3234/3234/3234 3270/3270/3270
f 3239/3239/3239 3269/3269/3269 3271/3271/3271
f 3237/3237/3237 3239/3239/3239 3271/3271/3271
f 3234/3234/3234 3272/3272/3272 3270/3270/3270
f 3234/3234/3234 3232/3232/3232 3272/3272/3272
f 3237/3237/3237 3271/3271/3271 3273/3273/3273
f 3235/3235/3235 3237/3237/3237 3273/3273/3273
f 3232/3232/3232 3274/3274/3274 3272/3272/3272
f 3232/3232/3232 3230/3230/3230 3274/3274/3274
f 3235/3235/3235 3273/3273/3273 3275/3275/3275
f 3233/3233/3233 3235/3235/3235 3275/3275/3275
f 3230/3230/3230 3276/3276/3276 3274/3274/3274
f 3230/3230/3230 3228/3228/3228 3276/3276/3276
f 3233/3233/3233 3275/3275/3275 3277/3277/3277
f 3231/3231/3231 3233/3233/3233 3277/3277/3277
f 3228/3228/3228 3278/3278/3278 3276/3276/3276
f 3228/3228/3228 3226/3226/3226 3278/3278/3278
f 3231/3231/3231 3277/3277/3277 3279/3279/3279
f 3229/3229/3229 3231/3231/3231 3279/3279/3279
f 3226/3226/3226 3280/3280/3280 3278/3278/3278
f 3226/3226/3226 3224/3224/3224 3280/3280/3280
f 3229/3229/3229 3279/3279/3279 3281/3281/3281
f 3227/3227/3227 3229/3229/3229 3281/3281/3281
f 3224/3224/3224 3282/3282/3282 3280/3280/3280
f 3224/3224/3224 3222/3222/3222 3282/3282/3282
f 3227/3227/3227 3281/3281/3281 3283/3283/3283
f 3225/3225/3225 3227/3227/3227 3283/3283/3283
f 3222/3222/3222 3284/3284/3284 3282/3282/3282
f 3222/3222/3222 3220/3220/3220 3284/3284/3284
f 3225/3225/3225 3283/3283/3283 3285/3285/3285
f 3223/3223/3223 3225/3225/3225 3285/3285/3285
f 3220/3220/3220 3286/3286/3286 3284/3284/3284
f 3220/3220/3220 3218/3218/3218 3286/3286/3286
f 3223/3223/3223 3285/3285/3285 3287/3287/3287
f 3221/3221/3221 3223/3223/3223 3287/3287/3287
f 3218/3218/3218 3288/3288/3288 3286/3286/3286
f 3218/3218/3218 3216/3216/3216 3288/3288/3288
f 3221/3221/3221 3287/3287/3287 3289/3289/3289
f 3219/3219/3219 3221/3221/3221 3289/3289/3289
f 3216/3216/3216 3290/3290/3290 3288/3288/3288
f 3216/3216/3216 3214/3214/3214 3290/3290/3290
f 3219/3219/3219 3289/3289/3289 3291/3291/3291
f 3217/3217/3217 3219/3219/3219 3291/3291/3291
f 3214/3214/3214 3292/3292/3292 3290/3290/3290
f 3214/3214/3214 3212/3212/3212 3292/3292/3292
f 3217/3217/3217 3291/3291/3291 3293/3293/3293
f 3215/3215/3215 3217/3217/3217 3293/3293/3293
f 3212/3212/3212 3294/3294/3294 3292/3292/3292
f 3212/3212/3212 3206/3206/3206 3294/3294/3294
f 3215/3215/3215 3293/3293/3293 3295/3295/3295
f 3213/3213/3213 3215/3215/3215 3295/3295/3295
f 3206/3206/3206 3296/3296/3296 3294/3294/3294
f 3206/3206/3206 3207/3207/3207 3296/3296/3296
f 3213/3213/3213 3295/3295/3295 3297/3297/3297
f 3211/3211/3211 3213/3213/3213 3297/3297/3297
f 3207/3207/3207 3298/3298/3298 3296/3296/3296
f 3207/3207/3207 3208/3208/3208 3298/3298/3298
f 3211/3211/3211 3297/3297/3297 3299/3299/3299
f 3210/3210/3210 3211/3211/3211 3299/3299/3299
f 3208/3208/3208 3300/3300/3300 3298/3298/3298
f 3208/3208/3208 3209/3209/3209 3300/3300/3300
f 3209/3209/3209 3210/3210/3210 3301/3301/3301
f 3210/3210/3210 3299/3299/3299 3301/3301/3301
f 3209/3209/3209 3301/3301/3301 3300/3300/3300
f 3296/3296/3296 3302/3302/3302 3294/3294/3294
f 3298/3298/3298 3303/3303/3303 3296/3296/3296
f 3303/3303/3303 3302/3302/3302 3296/3296/3296
f 3300/3300/3300 3304/3304/3304 3298/3298/3298
f 3304/3304/3304 3303/3303/3303 3298/3298/3298
f 3301/3301/3301 3305/3305/3305 3300/3300/3300
f 3305/3305/3305 3304/3304/3304 3300/3300/3300
f 3299/3299/3299 3306/3306/3306 3301/3301/3301
f 3306/3306/3306 3305/3305/3305 3301/3301/3301
f 3297/3297/3297 3307/3307/3307 3299/3299/3299
f 3307/3307/3307 3306/3306/3306 3299/3299/3299
f 3302/3302/3302 3308/3308/3308 3294/3294/3294
f 3294/3294/3294 3308/3308/3308 3292/3292/3292
f 3309/3309/3309 3307/3307/3307 3297/3297/3297
f 3295/3295/3295 3309/3309/3309 3297/3297/3297
f 3308/3308/3308 3310/3310/3310 3292/3292/3292
f 3292/3292/3292 3310/3310/3310 3290/3290/3290
f 3311/3311/3311 3309/3309/3309 3295/3295/3295
f 3293/3293/3293 3311/3311/3311 3295/3295/3295
f 3310/3310/3310 3312/3312/3312 3290/3290/3290
f 3290/3290/3290 3312/3312/3312 3288/3288/3288
f 3313/3313/3313 3311/3311/3311 3293/3293/3293
f 3291/3291/3291 3313/3313/3313 3293/3293/3293
f 3312/3312/3312 3314/3314/3314 3288/3288/3288
f 3288/3288/3288 3314/3314/3314 3286/3286/3286
f 3315/3315/3315 3313/3313/3313 3291/3291/3291
f 3289/3289/3289 3315/3315/3315 3291/3291/3291
f 3314/3314/3314 3316/3316/3316 3286/3286/3286
f 3286/3286/3286 3316/3316/3316 3284/3284/3284
f 3317/3317/3317 3315/3315/3315 3289/3289/3289
f 3287/3287/3287 3317/3317/3317 3289/3289/3289
f 3316/3316/3316 3318/3318/3318 3284/3284/3284
f 3284/3284/3284 3318/3318/3318 3282/3282/3282
f 3319/3319/3319 3317/3317/3317 3287/3287/3287
f 3285/3285/3285 3319/3319/3319 3287/3287/3287
f 3318/3318/3318 3320/3320/3320 3282/3282/3282
f 3282/3282/3282 3320/3320/3320 3280/3280/3280
f 3321/3321/3321 3319/3319/3319 3285/3285/3285
f 3283/3283/3283 3321/3321/3321 3285/3285/3285
f 3320/3320/3320 3322/3322/3322 3280/3280/3280
f 3280/3280/3280 3322/3322/3322 3278/3278/3278
f 3323/3323/3323 3321/3321/3321 3283/3283/3283
f 3281/3281/3281 3323/3323/3323 3283/3283/3283
f 3322/3322/3322 3324/3324/3324 3278/3278/3278
f 3278/3278/3278 3324/3324/3324 3276/3276/3276
f 3325/3325/3325 3323/3323/3323 3281/3281/3281
f 3279/3279/3279 3325/3325/3325 3281/3281/3281
f 3324/3324/3324 3326/3326/3326 3276/3276/3276
f 3276/3276/3276 3326/3326/3326 3274/3274/3274
f 3327/3327/3327 3325/3325/3325 3279/3279/3279
f 3277/3277/3277 3327/3327/3327 3279/3279/3279
f 3326/3326/3326 3328/3328/3328 3274/3274/3274
f 3274/3274/3274 3328/3328/3328 3272/3272/3272
f 3329/3329/3329 3327/3327/3327 3277/3277/3277
f 3275/3275/3275 3329/3329/3329 3277/3277/3277
f 3328/3328/3328 3330/3330/3330 3272/3272/3272
f 3272/3272/3272 3330/3330/3330 3270/3270/3270
f 3331/3331/3331 3329/3329/3329 3275/3275/3275
f 3273/3273/3273 3331/3331/3331 3275/3275/3275
f 3330/3330/3330 3332/3332/3332 3270/3270/3270
f 3270/3270/3270 3332/3332/3332 3268/3268/3268
f 3333/3333/3333 3331/3331/3331 3273/3273/3273
f 3271/3271/3271 3333/3333/3333 3273/3273/3273
f 3332/3332/3332 3334/3334/3334 3268/3268/3268
f 3268/3268/3268 3334/3334/3334 3266/3266/3266
f 3335/3335/3335 3333/3333/3333 3271/3271/3271
f 3269/3269/3269 3335/3335/3335 3271/3271/3271
f 3334/3334/3334 3336/3336/3336 3266/3266/3266
f 3266/3266/3266 3336/3336/3336 3264/3264/3264
f 3337/3337/3337 3335/3335/3335 3269/3269/3269
f 3267/3267/3267 3337/3337/3337 3269/3269/3269
f 3336/3336/3336 3338/3338/3338 3264/3264/3264
f 3264/3264/3264 3338/3338/3338 3262/3262/3262
f 3339/3339/3339 3337/3337/3337 3267/3267/3267
f 3265/3265/3265 3339/3339/3339 3267/3267/3267
f 3338/3338/3338 3340/3340/3340 3262/3262/3262
f 3262/3262/3262 3340/3340/3340 3260/3260/3260
f 3341/3341/3341 3339/3339/3339 3265/3265/3265
f 3263/3263/3263 3341/3341/3341 3265/3265/3265
f 3340/3340/3340 3342/3342/3342 3260/3260/3260
f 3260/3260/3260 3342/3342/3342 3254/3254/3254
f 3343/3343/3343 3341/3341/3341 3263/3263/3263
f 3261/3261/3261 3343/3343/3343 3263/3263/3263
f 3342/3342/3342 3344/3344/3344 3254/3254/3254
f 3254/3254/3254 3344/3344/3344 3255/3255/3255
f 3345/3345/3345 3343/3343/3343 3261/3261/3261
f 3259/3259/3259 3345/3345/3345 3261/3261/3261
f 3344/3344/3344 3346/3346/3346 3255/3255/3255
f 3255/3255/3255 3346/3346/3346 3256/3256/3256
f 3347/3347/3347 3345/3345/3345 3259/3259/3259
f 3258/3258/3258 3347/3347/3347 3259/3259/3259
f 3346/3346/3346 3348/3348/3348 3256/3256/3256
f 3256/3256/3256 3348/3348/3348 3257/3257/3257
f 3257/3257/3257 3349/3349/3349 3258/3258/3258
f 3349/3349/3349 3347/3347/3347 3258/3258/3258
f 3348/3348/3348 3349/3349/3349 3257/3257/3257
f 3342/3342/3342 3350/3350/3350 3344/3344/3344
f 3344/3344/3344 3351/3351/3351 3346/3346/3346
f 3350/3350/3350 3351/3351/3351 3344/3344/3344
f 3346/3346/3346 3352/3352/3352 3348/3348/3348
f 3351/3351/3351 3352/3352/3352 3346/3346/3346
f 3348/3348/3348 3353/3353/3353 3349/3349/3349
f 3352/3352/3352 3353/3353/3353 3348/3348/3348
f 3349/3349/3349 3354/3354/3354 3347/3347/3347
f 3353/3353/3353 3354/3354/3354 3349/3349/3349
f 3347/3347/3347 3355/3355/3355 3345/3345/3345
f 3354/3354/3354 3355/3355/3355 3347/3347/3347
f 3356/3356/3356 3350/3350/3350 3342/3342/3342
f 3340/3340/3340 3356/3356/3356 3342/3342/3342
f 3355/3355/3355 3357/3357/3357 3345/3345/3345
f 3345/3345/3345 3357/3357/3357 3343/3343/3343
f 3358/3358/3358 3356/3356/3356 3340/3340/3340
f 3338/3338/3338 3358/3358/3358 3340/3340/3340
f 3357/3357/3357 3359/3359/3359 3343/3343/3343
f 3343/3343/3343 3359/3359/3359 3341/3341/3341
f 3360/3360/3360 3358/3358/3358 3338/3338/3338
f 3336/3336/3336 3360/3360/3360 3338/3338/3338
f 3359/3359/3359 3361/3361/3361 3341/3341/3341
f 3341/3341/3341 3361/3361/3361 3339/3339/3339
f 3362/3362/3362 3360/3360/3360 3336/3336/3336
f 3334/3334/3334 3362/3362/3362 3336/3336/3336
f 3361/3361/3361 3363/3363/3363 3339/3339/3339
f 3339/3339/3339 3363/3363/3363 3337/3337/3337
f 3364/3364/3364 3362/3362/3362 3334/3334/3334
f 3332/3332/3332 3364/3364/3364 3334/3334/3334
f 3363/3363/3363 3365/3365/3365 3337/3337/3337
f 3337/3337/3337 3365/3365/3365 3335/3335/3335
f 3366/3366/3366 3364/3364/3364 3332/3332/3332
f 3330/3330/3330 3366/3366/3366 3332/3332/3332
f 3365/3365/3365 3367/3367/3367 3335/3335/3335
f 3335/3335/3335 3367/3367/3367 3333/3333/3333
f 3368/3368/3368 3366/3366/3366 3330/3330/3330
f 3328/3328/3328 3368/3368/3368 3330/3330/3330
f 3367/3367/3367 3369/3369/3369 3333/3333/3333
f 3333/3333/3333 3369/3369/3369 3331/3331/3331
f 3370/3370/3370 3368/3368/3368 3328/3328/3328
f 3326/3326/3326 3370/3370/3370 3328/3328/3328
f 3369/3369/3369 3371/3371/3371 3331/3331/3331
f 3331/3331/3331 3371/3371/3371 3329/3329/3329
f 3372/3372/3372 3370/3370/3370 3326/3326/3326
f 3324/3324/3324 3372/3372/3372 3326/3326/3326
f 3371/3371/3371 3373/3373/3373 3329/3329/3329
f 3329/3329/3329 3373/3373/3373 3327/3327/3327
f 3374/3374/3374 3372/3372/3372 3324/3324/3324
f 3322/3322/3322 3374/3374/3374 3324/3324/3324
f 3373/3373/3373 3375/3375/3375 3327/3327/3327
f 3327/3327/3327 3375/3375/3375 3325/3325/3325
f 3376/3376/3376 3374/3374/3374 3322/3322/3322
f 3320/3320/3320 3376/3376/3376 3322/3322/3322
f 3375/3375/3375 3377/3377/3377 3325/3325/3325
f 3325/3325/3325 3377/3377/3377 3323/3323/3323
f 3378/3378/3378 3376/3376/3376 3320/3320/3320
f 3318/3318/3318 3378/3378/3378 3320/3320/3320
f 3377/3377/3377 3379/3379/3379 3323/3323/3323
f 3323/3323/3323 3379/3379/3379 3321/3321/3321
f 3380/3380/3380 3378/3378/3378 3318/3318/3318
f 3316/3316/3316 3380/3380/3380 3318/3318/3318
f 3379/3379/3379 3381/3381/3381 3321/3321/3321
f 3321/3321/3321 3381/3381/3381 3319/3319/3319
f 3382/3382/3382 3380/3380/3380 3316/3316/3316
f 3314/3314/3314 3382/3382/3382 3316/3316/3316
f 3381/3381/3381 3383/3383/3383 3319/3319/3319
f 3319/3319/3319 3383/3383/3383 3317/3317/3317
f 3384/3384/3384 3382/3382/3382 3314/3314/3314
f 3312/3312/3312 3384/3384/3384 3314/3314/3314
f 3383/3383/3383 3385/3385/3385 3317/3317/3317
f 3317/3317/3317 3385/3385/3385 3315/3315/3315
f 3386/3386/3386 3384/3384/3384 3312/3312/3312
f 3310/3310/3310 3386/3386/3386 3312/3312/3312
f 3385/3385/3385 3387/3387/3387 3315/3315/3315
f 3315/3315/3315 3387/3387/3387 3313/3313/3313
f 3388/3388/3388 3386/3386/3386 3310/3310/3310
f 3308/3308/3308 3388/3388/3388 3310/3310/3310
f 3387/3387/3387 3389/3389/3389 3313/3313/3313
f 3313/3313/3313 3389/3389/3389 3311/3311/3311
f 3390/3390/3390 3388/3388/3388 3308/3308/3308
f 3302/3302/3302 3390/3390/3390 3308/3308/3308
f 3389/3389/3389 3391/3391/3391 3311/3311/3311
f 3311/3311/3311 3391/3391/3391 3309/3309/3309
f 3392/3392/3392 3390/3390/3390 3302/3302/3302
f 3303/3303/3303 3392/3392/3392 3302/3302/3302
f 3391/3391/3391 3393/3393/3393 3309/3309/3309
f 3309/3309/3309 3393/3393/3393 3307/3307/3307
f 3394/3394/3394 3392/3392/3392 3303/3303/3303
f 3304/3304/3304 3394/3394/3394 3303/3303/3303
f 3393/3393/3393 3395/3395/3395 3307/3307/3307
f 3307/3307/3307 3395/3395/3395 3306/3306/3306
f 3396/3396/3396 3394/3394/3394 3304/3304/3304
f 3305/3305/3305 3396/3396/3396 3304/3304/3304
f 3306/3306/3306 3397/3397/3397 3305/3305/3305
f 3395/3395/3395 3397/3397/3397 3306/3306/3306
f 3397/3397/3397 3396/3396/3396 3305/3305/3305
f 3392/3392/3392 2524/2524/2524 3390/3390/3390
f 2524/2524/2524 2517/2517/2517 3390/3390/3390
f 2531/2531/2531 2524/2524/2524 3392/3392/3392
f 3394/3394/3394 2531/2531/2531 3392/3392/3392
f 3390/3390/3390 2517/2517/2517 3388/3388/3388
f 2538/2538/2538 2531/2531/2531 3394/3394/3394
f 3396/3396/3396 2538/2538/2538 3394/3394/3394
f 2517/2517/2517 2516/2516/2516 3388/3388/3388
f 2545/2545/2545 2538/2538/2538 3396/3396/3396
f 3397/3397/3397 2545/2545/2545 3396/3396/3396
f 3388/3388/3388 2516/2516/2516 3386/3386/3386
f 2552/2552/2552 2545/2545/2545 3397/3397/3397
f 3395/3395/3395 2552/2552/2552 3397/3397/3397
f 2516/2516/2516 2518/2518/2518 3386/3386/3386
f 2559/2559/2559 2552/2552/2552 3395/3395/3395
f 3386/3386/3386 2518/2518/2518 3384/3384/3384
f 3393/3393/3393 2559/2559/2559 3395/3395/3395
f 2518/2518/2518 2821/2821/2821 3384/3384/3384
f 2566/2566/2566 2559/2559/2559 3393/3393/3393
f 3384/3384/3384 2821/2821/2821 3382/3382/3382
f 3391/3391/3391 2566/2566/2566 3393/3393/3393
f 2821/2821/2821 2820/2820/2820 3382/3382/3382
f 2573/2573/2573 2566/2566/2566 3391/3391/3391
f 3382/3382/3382 2820/2820/2820 3380/3380/3380
f 3389/3389/3389 2573/2573/2573 3391/3391/3391
f 2820/2820/2820 2819/2819/2819 3380/3380/3380
f 2580/2580/2580 2573/2573/2573 3389/3389/3389
f 3380/3380/3380 2819/2819/2819 3378/3378/3378
f 3387/3387/3387 2580/2580/2580 3389/3389/3389
f 2819/2819/2819 2811/2811/2811 3378/3378/3378
f 2587/2587/2587 2580/2580/2580 3387/3387/3387
f 3378/3378/3378 2811/2811/2811 3376/3376/3376
f 3385/3385/3385 2587/2587/2587 3387/3387/3387
f 2811/2811/2811 2804/2804/2804 3376/3376/3376
f 2594/2594/2594 2587/2587/2587 3385/3385/3385
f 3376/3376/3376 2804/2804/2804 3374/3374/3374
f 3383/3383/3383 2594/2594/2594 3385/3385/3385
f 2804/2804/2804 2797/2797/2797 3374/3374/3374
f 2601/2601/2601 2594/2594/2594 3383/3383/3383
f 3374/3374/3374 2797/2797/2797 3372/3372/3372
f 3381/3381/3381 2601/2601/2601 3383/3383/3383
f 2797/2797/2797 2790/2790/2790 3372/3372/3372
f 2608/2608/2608 2601/2601/2601 3381/3381/3381
f 3372/3372/3372 2790/2790/2790 3370/3370/3370
f 3379/3379/3379 2608/2608/2608 3381/3381/3381
f 2790/2790/2790 2783/2783/2783 3370/3370/3370
f 2615/2615/2615 2608/2608/2608 3379/3379/3379
f 3370/3370/3370 2783/2783/2783 3368/3368/3368
f 3377/3377/3377 2615/2615/2615 3379/3379/3379
f 2783/2783/2783 2776/2776/2776 3368/3368/3368
f 2622/2622/2622 2615/2615/2615 3377/3377/3377
f 3368/3368/3368 2776/2776/2776 3366/3366/3366
f 3375/3375/3375 2622/2622/2622 3377/3377/3377
f 2776/2776/2776 2769/2769/2769 3366/3366/3366
f 2629/2629/2629 2622/2622/2622 3375/3375/3375
f 3366/3366/3366 2769/2769/2769 3364/3364/3364
f 3373/3373/3373 2629/2629/2629 3375/3375/3375
f 2769/2769/2769 2762/2762/2762 3364/3364/3364
f 2636/2636/2636 2629/2629/2629 3373/3373/3373
f 3364/3364/3364 2762/2762/2762 3362/3362/3362
f 3371/3371/3371 2636/2636/2636 3373/3373/3373
f 2762/2762/2762 2755/2755/2755 3362/3362/3362
f 2643/2643/2643 2636/2636/2636 3371/3371/3371
f 3362/3362/3362 2755/2755/2755 3360/3360/3360
f 3369/3369/3369 2643/2643/2643 3371/3371/3371
f 2755/2755/2755 2748/2748/2748 3360/3360/3360
f 2650/2650/2650 2643/2643/2643 3369/3369/3369
f 3360/3360/3360 2748/2748/2748 3358/3358/3358
f 3367/3367/3367 2650/2650/2650 3369/3369/3369
f 2748/2748/2748 2741/2741/2741 3358/3358/3358
f 2657/2657/2657 2650/2650/2650 3367/3367/3367
f 3358/3358/3358 2741/2741/2741 3356/3356/3356
f 3365/3365/3365 2657/2657/2657 3367/3367/3367
f 2741/2741/2741 2734/2734/2734 3356/3356/3356
f 2664/2664/2664 2657/2657/2657 3365/3365/3365
f 3356/3356/3356 2734/2734/2734 3350/3350/3350
f 3363/3363/3363 2664/2664/2664 3365/3365/3365
f 2734/2734/2734 2727/2727/2727 3350/3350/3350
f 2671/2671/2671 2664/2664/2664 3363/3363/3363
f 3350/3350/3350 2727/2727/2727 3351/3351/3351
f 3361/3361/3361 2671/2671/2671 3363/3363/3363
f 2727/2727/2727 2720/2720/2720 3351/3351/3351
f 2678/2678/2678 2671/2671/2671 3361/3361/3361
f 3351/3351/3351 2720/2720/2720 3352/3352/3352
f 3359/3359/3359 2678/2678/2678 3361/3361/3361
f 2720/2720/2720 2713/2713/2713 3352/3352/3352
f 2685/2685/2685 2678/2678/2678 3359/3359/3359
f 3352/3352/3352 2713/2713/2713 3353/3353/3353
f 3357/3357/3357 2685/2685/2685 3359/3359/3359
f 2713/2713/2713 2706/2706/2706 3353/3353/3353
f 2692/2692/2692 2685/2685/2685 3357/3357/3357
f 3353/3353/3353 2706/2706/2706 3354/3354/3354
f 3355/3355/3355 2692/2692/2692 3357/3357/3357
f 2706/2706/2706 2699/2699/2699 3354/3354/3354
f 2699/2699/2699 2692/2692/2692 3355/3355/3355
f 3354/3354/3354 2699/2699/2699 3355/3355/3355
g 02_Cloth_10_1
f 3400/3400/3400 3399/3399/3399 3398/3398/3398
f 3399/3399/3399 3401/3401/3401 3398/3398/3398
f 3399/3399/3399 3402/3402/3402 3401/3401/3401
f 3401/3401/3401 3403/3403/3403 3398/3398/3398
f 3403/3403/3403 3404/3404/3404 3398/3398/3398
f 3403/3403/3403 3405/3405/3405 3404/3404/3404
f 3405/3405/3405 3406/3406/3406 3404/3404/3404
f 3405/3405/3405 3407/3407/3407 3406/3406/3406
f 3407/3407/3407 3408/3408/3408 3406/3406/3406
f 3407/3407/3407 3409/3409/3409 3408/3408/3408
f 3409/3409/3409 3410/3410/3410 3408/3408/3408
f 3410/3410/3410 3409/3409/3409 3411/3411/3411
f 3409/3409/3409 3412/3412/3412 3411/3411/3411
f 3411/3411/3411 3412/3412/3412 3413/3413/3413
f 3414/3414/3414 3409/3409/3409 3407/3407/3407
f 3409/3409/3409 3414/3414/3414 3412/3412/3412
f 3415/3415/3415 3407/3407/3407 3405/3405/3405
f 3415/3415/3415 3414/3414/3414 3407/3407/3407
f 3416/3416/3416 3405/3405/3405 3403/3403/3403
f 3416/3416/3416 3415/3415/3415 3405/3405/3405
f 3417/3417/3417 3403/3403/3403 3401/3401/3401
f 3417/3417/3417 3416/3416/3416 3403/3403/3403
f 3412/3412/3412 3418/3418/3418 3413/3413/3413
f 3413/3413/3413 3418/3418/3418 3419/3419/3419
f 3414/3414/3414 3420/3420/3420 3412/3412/3412
f 3412/3412/3412 3420/3420/3420 3418/3418/3418
f 3421/3421/3421 3414/3414/3414 3415/3415/3415
f 3414/3414/3414 3421/3421/3421 3420/3420/3420
f 3422/3422/3422 3415/3415/3415 3416/3416/3416
f 3422/3422/3422 3421/3421/3421 3415/3415/3415
f 3418/3418/3418 3423/3423/3423 3419/3419/3419
f 3419/3419/3419 3423/3423/3423 3424/3424/3424
f 3420/3420/3420 3425/3425/3425 3418/3418/3418
f 3418/3418/3418 3425/3425/3425 3423/3423/3423
f 3421/3421/3421 3426/3426/3426 3420/3420/3420
f 3420/3420/3420 3426/3426/3426 3425/3425/3425
f 3427/3427/3427 3416/3416/3416 3417/3417/3417
f 3427/3427/3427 3422/3422/3422 3416/3416/3416
f 3428/3428/3428 3421/3421/3421 3422/3422/3422
f 3421/3421/3421 3428/3428/3428 3426/3426/3426
f 3429/3429/3429 3428/3428/3428 3422/3422/3422
f 3429/3429/3429 3422/3422/3422 3427/3427/3427
f 3428/3428/3428 3430/3430/3430 3426/3426/3426
f 3431/3431/3431 3429/3429/3429 3427/3427/3427
f 3426/3426/3426 3430/3430/3430 3432/3432/3432
f 3426/3426/3426 3432/3432/3432 3425/3425/3425
f 3430/3430/3430 3433/3433/3433 3432/3432/3432
f 3431/3431/3431 3427/3427/3427 3434/3434/3434
f 3434/3434/3434 3427/3427/3427 3417/3417/3417
f 3435/3435/3435 3431/3431/3431 3434/3434/3434
f 3425/3425/3425 3432/3432/3432 3436/3436/3436
f 3425/3425/3425 3436/3436/3436 3423/3423/3423
f 3432/3432/3432 3433/3433/3433 3437/3437/3437
f 3432/3432/3432 3437/3437/3437 3436/3436/3436
f 3433/3433/3433 3438/3438/3438 3437/3437/3437
f 3434/3434/3434 3417/3417/3417 3439/3439/3439
f 3439/3439/3439 3417/3417/3417 3401/3401/3401
f 3402/3402/3402 3439/3439/3439 3401/3401/3401
f 3435/3435/3435 3434/3434/3434 3440/3440/3440
f 3440/3440/3440 3434/3434/3434 3439/3439/3439
f 3441/3441/3441 3435/3435/3435 3440/3440/3440
f 3442/3442/3442 3441/3441/3441 3440/3440/3440
f 3443/3443/3443 3440/3440/3440 3439/3439/3439
f 3443/3443/3443 3442/3442/3442 3440/3440/3440
f 3402/3402/3402 3443/3443/3443 3439/3439/3439
f 3444/3444/3444 3442/3442/3442 3443/3443/3443
f 3445/3445/3445 3443/3443/3443 3402/3402/3402
f 3445/3445/3445 3444/3444/3444 3443/3443/3443
f 3446/3446/3446 3445/3445/3445 3402/3402/3402
f 3447/3447/3447 3444/3444/3444 3445/3445/3445
f 3448/3448/3448 3445/3445/3445 3446/3446/3446
f 3448/3448/3448 3447/3447/3447 3445/3445/3445
f 3449/3449/3449 3448/3448/3448 3446/3446/3446
f 3450/3450/3450 3448/3448/3448 3449/3449/3449
f 3451/3451/3451 3450/3450/3450 3449/3449/3449
f 3451/3451/3451 3452/3452/3452 3450/3450/3450
f 3453/3453/3453 3447/3447/3447 3448/3448/3448
f 3450/3450/3450 3453/3453/3453 3448/3448/3448
f 3452/3452/3452 3454/3454/3454 3450/3450/3450
f 3450/3450/3450 3454/3454/3454 3453/3453/3453
f 3452/3452/3452 3455/3455/3455 3454/3454/3454
f 3453/3453/3453 3456/3456/3456 3447/3447/3447
f 3454/3454/3454 3456/3456/3456 3453/3453/3453
f 3456/3456/3456 3457/3457/3457 3447/3447/3447
f 3455/3455/3455 3458/3458/3458 3454/3454/3454
f 3454/3454/3454 3458/3458/3458 3456/3456/3456
f 3455/3455/3455 3459/3459/3459 3458/3458/3458
f 3456/3456/3456 3460/3460/3460 3457/3457/3457
f 3458/3458/3458 3460/3460/3460 3456/3456/3456
f 3460/3460/3460 3461/3461/3461 3457/3457/3457
f 3459/3459/3459 3462/3462/3462 3458/3458/3458
f 3458/3458/3458 3462/3462/3462 3460/3460/3460
f 3459/3459/3459 3463/3463/3463 3462/3462/3462
f 3460/3460/3460 3464/3464/3464 3461/3461/3461
f 3462/3462/3462 3464/3464/3464 3460/3460/3460
f 3464/3464/3464 3465/3465/3465 3461/3461/3461
f 3463/3463/3463 3466/3466/3466 3462/3462/3462
f 3462/3462/3462 3466/3466/3466 3464/3464/3464
f 3464/3464/3464 3467/3467/3467 3465/3465/3465
f 3466/3466/3466 3467/3467/3467 3464/3464/3464
f 3467/3467/3467 3468/3468/3468 3465/3465/3465
f 3468/3468/3468 3467/3467/3467 3469/3469/3469
f 3467/3467/3467 3470/3470/3470 3469/3469/3469
f 3467/3467/3467 3466/3466/3466 3470/3470/3470
f 3469/3469/3469 3470/3470/3470 3471/3471/3471
f 3466/3466/3466 3463/3463/3463 3472/3472/3472
f 3466/3466/3466 3472/3472/3472 3470/3470/3470
f 3463/3463/3463 3473/3473/3473 3472/3472/3472
f 3470/3470/3470 3474/3474/3474 3471/3471/3471
f 3470/3470/3470 3472/3472/3472 3474/3474/3474
f 3471/3471/3471 3474/3474/3474 3475/3475/3475
f 3472/3472/3472 3473/3473/3473 3476/3476/3476
f 3472/3472/3472 3476/3476/3476 3474/3474/3474
f 3473/3473/3473 3477/3477/3477 3476/3476/3476
f 3474/3474/3474 3478/3478/3478 3475/3475/3475
f 3474/3474/3474 3476/3476/3476 3478/3478/3478
f 3475/3475/3475 3478/3478/3478 3479/3479/3479
f 3476/3476/3476 3477/3477/3477 3480/3480/3480
f 3476/3476/3476 3480/3480/3480 3478/3478/3478
f 3477/3477/3477 3481/3481/3481 3480/3480/3480
f 3478/3478/3478 3480/3480/3480 3482/3482/3482
f 3478/3478/3478 3482/3482/3482 3479/3479/3479
f 3480/3480/3480 3481/3481/3481 3483/3483/3483
f 3480/3480/3480 3483/3483/3483 3482/3482/3482
f 3481/3481/3481 3484/3484/3484 3483/3483/3483
f 3483/3483/3483 3484/3484/3484 3485/3485/3485
f 3482/3482/3482 3483/3483/3483 3486/3486/3486
f 3486/3486/3486 3483/3483/3483 3485/3485/3485
f 3479/3479/3479 3482/3482/3482 3486/3486/3486
f 3486/3486/3486 3485/3485/3485 3487/3487/3487
f 3479/3479/3479 3486/3486/3486 3488/3488/3488
f 3488/3488/3488 3486/3486/3486 3487/3487/3487
f 3489/3489/3489 3479/3479/3479 3488/3488/3488
f 3488/3488/3488 3487/3487/3487 3490/3490/3490
f 3489/3489/3489 3488/3488/3488 3491/3491/3491
f 3491/3491/3491 3488/3488/3488 3490/3490/3490
f 3492/3492/3492 3489/3489/3489 3491/3491/3491
f 3492/3492/3492 3491/3491/3491 3493/3493/3493
f 3494/3494/3494 3492/3492/3492 3493/3493/3493
f 3438/3438/3438 3494/3494/3494 3493/3493/3493
f 3437/3437/3437 3438/3438/3438 3493/3493/3493
f 3493/3493/3493 3491/3491/3491 3495/3495/3495
f 3437/3437/3437 3493/3493/3493 3495/3495/3495
f 3491/3491/3491 3490/3490/3490 3495/3495/3495
f 3436/3436/3436 3437/3437/3437 3495/3495/3495
f 3495/3495/3495 3490/3490/3490 3496/3496/3496
f 3436/3436/3436 3495/3495/3495 3496/3496/3496
f 3423/3423/3423 3436/3436/3436 3496/3496/3496
f 3490/3490/3490 3497/3497/3497 3496/3496/3496
f 3423/3423/3423 3496/3496/3496 3424/3424/3424
f 3496/3496/3496 3497/3497/3497 3424/3424/3424
f 3497/3497/3497 3498/3498/3498 3424/3424/3424
f 3501/3501/3501 3500/3500/3500 3499/3499/3499
f 3500/3500/3500 3502/3502/3502 3499/3499/3499
f 3499/3499/3499 3502/3502/3502 3503/3503/3503
f 3500/3500/3500 3504/3504/3504 3502/3502/3502
f 3502/3502/3502 3505/3505/3505 3503/3503/3503
f 3503/3503/3503 3505/3505/3505 3506/3506/3506
f 3505/3505/3505 3507/3507/3507 3506/3506/3506
f 3504/3504/3504 3508/3508/3508 3502/3502/3502
f 3502/3502/3502 3508/3508/3508 3505/3505/3505
f 3504/3504/3504 3509/3509/3509 3508/3508/3508
f 3505/3505/3505 3510/3510/3510 3507/3507/3507
f 3508/3508/3508 3510/3510/3510 3505/3505/3505
f 3510/3510/3510 3511/3511/3511 3507/3507/3507
f 3509/3509/3509 3512/3512/3512 3508/3508/3508
f 3508/3508/3508 3512/3512/3512 3510/3510/3510
f 3509/3509/3509 3513/3513/3513 3512/3512/3512
f 3510/3510/3510 3514/3514/3514 3511/3511/3511
f 3512/3512/3512 3514/3514/3514 3510/3510/3510
f 3514/3514/3514 3515/3515/3515 3511/3511/3511
f 3513/3513/3513 3516/3516/3516 3512/3512/3512
f 3512/3512/3512 3516/3516/3516 3514/3514/3514
f 3514/3514/3514 3517/3517/3517 3515/3515/3515
f 3516/3516/3516 3517/3517/3517 3514/3514/3514
f 3517/3517/3517 3518/3518/3518 3515/3515/3515
f 3518/3518/3518 3517/3517/3517 3519/3519/3519
f 3517/3517/3517 3520/3520/3520 3519/3519/3519
f 3517/3517/3517 3516/3516/3516 3520/3520/3520
f 3519/3519/3519 3520/3520/3520 3521/3521/3521
f 3516/3516/3516 3513/3513/3513 3522/3522/3522
f 3516/3516/3516 3522/3522/3522 3520/3520/3520
f 3513/3513/3513 3523/3523/3523 3522/3522/3522
f 3520/3520/3520 3524/3524/3524 3521/3521/3521
f 3520/3520/3520 3522/3522/3522 3524/3524/3524
f 3521/3521/3521 3524/3524/3524 3525/3525/3525
f 3522/3522/3522 3523/3523/3523 3526/3526/3526
f 3522/3522/3522 3526/3526/3526 3524/3524/3524
f 3523/3523/3523 3527/3527/3527 3526/3526/3526
f 3524/3524/3524 3528/3528/3528 3525/3525/3525
f 3524/3524/3524 3526/3526/3526 3528/3528/3528
f 3525/3525/3525 3528/3528/3528 3529/3529/3529
f 3528/3528/3528 3530/3530/3530 3529/3529/3529
f 3526/3526/3526 3527/3527/3527 3531/3531/3531
f 3526/3526/3526 3531/3531/3531 3528/3528/3528
f 3528/3528/3528 3531/3531/3531 3530/3530/3530
f 3527/3527/3527 3532/3532/3532 3531/3531/3531
f 3531/3531/3531 3533/3533/3533 3530/3530/3530
f 3531/3531/3531 3532/3532/3532 3533/3533/3533
f 3532/3532/3532 3534/3534/3534 3533/3533/3533
f 3537/3537/3537 3536/3536/3536 3535/3535/3535
f 3536/3536/3536 3538/3538/3538 3535/3535/3535
f 3539/3539/3539 3537/3537/3537 3535/3535/3535
f 3539/3539/3539 3535/3535/3535 3540/3540/3540
f 3541/3541/3541 3537/3537/3537 3539/3539/3539
f 3538/3538/3538 3542/3542/3542 3535/3535/3535
f 3535/3535/3535 3542/3542/3542 3540/3540/3540
f 3538/3538/3538 3543/3543/3543 3542/3542/3542
f 3544/3544/3544 3541/3541/3541 3539/3539/3539
f 3545/3545/3545 3541/3541/3541 3544/3544/3544
f 3543/3543/3543 3546/3546/3546 3542/3542/3542
f 3543/3543/3543 3547/3547/3547 3546/3546/3546
f 3548/3548/3548 3539/3539/3539 3540/3540/3540
f 3544/3544/3544 3539/3539/3539 3548/3548/3548
f 3549/3549/3549 3545/3545/3545 3544/3544/3544
f 3550/3550/3550 3545/3545/3545 3549/3549/3549
f 3542/3542/3542 3551/3551/3551 3540/3540/3540
f 3542/3542/3542 3546/3546/3546 3551/3551/3551
f 3540/3540/3540 3551/3551/3551 3552/3552/3552
f 3547/3547/3547 3553/3553/3553 3546/3546/3546
f 3547/3547/3547 3554/3554/3554 3553/3553/3553
f 3546/3546/3546 3555/3555/3555 3551/3551/3551
f 3551/3551/3551 3555/3555/3555 3552/3552/3552
f 3556/3556/3556 3550/3550/3550 3549/3549/3549
f 3557/3557/3557 3550/3550/3550 3556/3556/3556
f 3553/3553/3553 3558/3558/3558 3546/3546/3546
f 3558/3558/3558 3555/3555/3555 3546/3546/3546
f 3554/3554/3554 3559/3559/3559 3553/3553/3553
f 3554/3554/3554 3560/3560/3560 3559/3559/3559
f 3558/3558/3558 3553/3553/3553 3561/3561/3561
f 3553/3553/3553 3559/3559/3559 3561/3561/3561
f 3562/3562/3562 3558/3558/3558 3561/3561/3561
f 3558/3558/3558 3562/3562/3562 3555/3555/3555
f 3561/3561/3561 3559/3559/3559 3563/3563/3563
f 3560/3560/3560 3564/3564/3564 3559/3559/3559
f 3559/3559/3559 3564/3564/3564 3563/3563/3563
f 3560/3560/3560 3565/3565/3565 3564/3564/3564
f 3562/3562/3562 3566/3566/3566 3555/3555/3555
f 3555/3555/3555 3566/3566/3566 3552/3552/3552
f 3562/3562/3562 3567/3567/3567 3566/3566/3566
f 3552/3552/3552 3566/3566/3566 3567/3567/3567
f 3563/3563/3563 3564/3564/3564 3568/3568/3568
f 3565/3565/3565 3568/3568/3568 3564/3564/3564
f 3569/3569/3569 3563/3563/3563 3568/3568/3568
f 3565/3565/3565 3570/3570/3570 3568/3568/3568
f 3568/3568/3568 3571/3571/3571 3569/3569/3569
f 3570/3570/3570 3571/3571/3571 3568/3568/3568
f 3571/3571/3571 3572/3572/3572 3569/3569/3569
f 3570/3570/3570 3573/3573/3573 3571/3571/3571
f 3571/3571/3571 3574/3574/3574 3572/3572/3572
f 3573/3573/3573 3574/3574/3574 3571/3571/3571
f 3574/3574/3574 3575/3575/3575 3572/3572/3572
f 3573/3573/3573 3576/3576/3576 3574/3574/3574
f 3575/3575/3575 3574/3574/3574 3577/3577/3577
f 3576/3576/3576 3577/3577/3577 3574/3574/3574
f 3578/3578/3578 3575/3575/3575 3577/3577/3577
f 3576/3576/3576 3579/3579/3579 3577/3577/3577
f 3578/3578/3578 3577/3577/3577 3580/3580/3580
f 3579/3579/3579 3581/3581/3581 3577/3577/3577
f 3577/3577/3577 3581/3581/3581 3580/3580/3580
f 3579/3579/3579 3582/3582/3582 3581/3581/3581
f 3580/3580/3580 3581/3581/3581 3583/3583/3583
f 3582/3582/3582 3584/3584/3584 3581/3581/3581
f 3581/3581/3581 3584/3584/3584 3583/3583/3583
f 3584/3584/3584 3582/3582/3582 3585/3585/3585
f 3584/3584/3584 3585/3585/3585 3583/3583/3583
f 3582/3582/3582 3586/3586/3586 3585/3585/3585
f 3585/3585/3585 3587/3587/3587 3583/3583/3583
f 3585/3585/3585 3586/3586/3586 3588/3588/3588
f 3585/3585/3585 3588/3588/3588 3587/3587/3587
f 3588/3588/3588 3589/3589/3589 3587/3587/3587
f 3586/3586/3586 3590/3590/3590 3588/3588/3588
f 3591/3591/3591 3589/3589/3589 3588/3588/3588
f 3588/3588/3588 3590/3590/3590 3592/3592/3592
f 3592/3592/3592 3591/3591/3591 3588/3588/3588
f 3590/3590/3590 3593/3593/3593 3592/3592/3592
f 3591/3591/3591 3592/3592/3592 3594/3594/3594
f 3592/3592/3592 3593/3593/3593 3595/3595/3595
f 3592/3592/3592 3595/3595/3595 3594/3594/3594
f 3593/3593/3593 3596/3596/3596 3595/3595/3595
f 3594/3594/3594 3595/3595/3595 3597/3597/3597
f 3595/3595/3595 3596/3596/3596 3598/3598/3598
f 3595/3595/3595 3598/3598/3598 3597/3597/3597
f 3596/3596/3596 3599/3599/3599 3598/3598/3598
f 3600/3600/3600 3597/3597/3597 3598/3598/3598
f 3598/3598/3598 3599/3599/3599 3601/3601/3601
f 3601/3601/3601 3600/3600/3600 3598/3598/3598
f 3599/3599/3599 3557/3557/3557 3601/3601/3601
f 3601/3601/3601 3557/3557/3557 3556/3556/3556
f 3601/3601/3601 3556/3556/3556 3600/3600/3600
f 3556/3556/3556 3602/3602/3602 3600/3600/3600
f 3556/3556/3556 3549/3549/3549 3602/3602/3602
f 3549/3549/3549 3603/3603/3603 3602/3602/3602
f 3603/3603/3603 3549/3549/3549 3544/3544/3544
f 3602/3602/3602 3603/3603/3603 3604/3604/3604
f 3605/3605/3605 3603/3603/3603 3544/3544/3544
f 3604/3604/3604 3603/3603/3603 3605/3605/3605
f 3605/3605/3605 3544/3544/3544 3548/3548/3548
f 3606/3606/3606 3604/3604/3604 3605/3605/3605
f 3606/3606/3606 3607/3607/3607 3604/3604/3604
f 3605/3605/3605 3548/3548/3548 3608/3608/3608
f 3606/3606/3606 3605/3605/3605 3608/3608/3608
f 3606/3606/3606 3608/3608/3608 3607/3607/3607
f 3548/3548/3548 3540/3540/3540 3608/3608/3608
f 3540/3540/3540 3609/3609/3609 3608/3608/3608
f 3609/3609/3609 3540/3540/3540 3552/3552/3552
f 3608/3608/3608 3610/3610/3610 3607/3607/3607
f 3608/3608/3608 3609/3609/3609 3610/3610/3610
f 3609/3609/3609 3552/3552/3552 3611/3611/3611
f 3609/3609/3609 3611/3611/3611 3610/3610/3610
f 3612/3612/3612 3607/3607/3607 3610/3610/3610
f 3612/3612/3612 3610/3610/3610 3611/3611/3611
f 3613/3613/3613 3607/3607/3607 3612/3612/3612
f 3612/3612/3612 3614/3614/3614 3613/3613/3613
f 3614/3614/3614 3612/3612/3612 3611/3611/3611
f 3552/3552/3552 3615/3615/3615 3611/3611/3611
f 3615/3615/3615 3552/3552/3552 3567/3567/3567
f 3615/3615/3615 3616/3616/3616 3611/3611/3611
f 3567/3567/3567 3616/3616/3616 3615/3615/3615
f 3616/3616/3616 3614/3614/3614 3611/3611/3611
f 3567/3567/3567 3617/3617/3617 3616/3616/3616
f 3614/3614/3614 3616/3616/3616 3617/3617/3617
f 3614/3614/3614 3618/3618/3618 3613/3613/3613
f 3618/3618/3618 3614/3614/3614 3617/3617/3617
f 3619/3619/3619 3613/3613/3613 3618/3618/3618
f 3617/3617/3617 3619/3619/3619 3618/3618/3618
f 3622/3622/3622 3621/3621/3621 3620/3620/3620
f 3621/3621/3621 3622/3622/3622 3623/3623/3623
f 3621/3621/3621 3624/3624/3624 3620/3620/3620
f 3620/3620/3620 3624/3624/3624 3625/3625/3625
f 3626/3626/3626 3621/3621/3621 3623/3623/3623
f 3626/3626/3626 3623/3623/3623 3627/3627/3627
f 3624/3624/3624 3628/3628/3628 3625/3625/3625
f 3625/3625/3625 3628/3628/3628 3629/3629/3629
f 3630/3630/3630 3625/3625/3625 3629/3629/3629
f 3630/3630/3630 3629/3629/3629 3631/3631/3631
f 3629/3629/3629 3632/3632/3632 3631/3631/3631
f 3633/3633/3633 3631/3631/3631 3632/3632/3632
f 3629/3629/3629 3628/3628/3628 3634/3634/3634
f 3629/3629/3629 3634/3634/3634 3632/3632/3632
f 3624/3624/3624 3635/3635/3635 3628/3628/3628
f 3628/3628/3628 3635/3635/3635 3634/3634/3634
f 3636/3636/3636 3624/3624/3624 3621/3621/3621
f 3636/3636/3636 3635/3635/3635 3624/3624/3624
f 3637/3637/3637 3633/3633/3633 3632/3632/3632
f 3638/3638/3638 3632/3632/3632 3634/3634/3634
f 3632/3632/3632 3638/3638/3638 3637/3637/3637
f 3634/3634/3634 3635/3635/3635 3639/3639/3639
f 3639/3639/3639 3638/3638/3638 3634/3634/3634
f 3635/3635/3635 3640/3640/3640 3639/3639/3639
f 3635/3635/3635 3636/3636/3636 3640/3640/3640
f 3637/3637/3637 3641/3641/3641 3633/3633/3633
f 3641/3641/3641 3642/3642/3642 3633/3633/3633
f 3627/3627/3627 3642/3642/3642 3641/3641/3641
f 3643/3643/3643 3627/3627/3627 3641/3641/3641
f 3643/3643/3643 3626/3626/3626 3627/3627/3627
f 3644/3644/3644 3641/3641/3641 3637/3637/3637
f 3643/3643/3643 3641/3641/3641 3644/3644/3644
f 3645/3645/3645 3626/3626/3626 3643/3643/3643
f 3645/3645/3645 3643/3643/3643 3644/3644/3644
f 3637/3637/3637 3646/3646/3646 3644/3644/3644
f 3638/3638/3638 3646/3646/3646 3637/3637/3637
f 3639/3639/3639 3647/3647/3647 3638/3638/3638
f 3639/3639/3639 3640/3640/3640 3647/3647/3647
f 3645/3645/3645 3648/3648/3648 3626/3626/3626
f 3626/3626/3626 3648/3648/3648 3621/3621/3621
f 3645/3645/3645 3644/3644/3644 3649/3649/3649
f 3646/3646/3646 3649/3649/3649 3644/3644/3644
f 3650/3650/3650 3649/3649/3649 3646/3646/3646
f 3651/3651/3651 3645/3645/3645 3649/3649/3649
f 3648/3648/3648 3645/3645/3645 3651/3651/3651
f 3651/3651/3651 3649/3649/3649 3650/3650/3650
f 3646/3646/3646 3638/3638/3638 3652/3652/3652
f 3647/3647/3647 3652/3652/3652 3638/3638/3638
f 3648/3648/3648 3653/3653/3653 3621/3621/3621
f 3653/3653/3653 3636/3636/3636 3621/3621/3621
f 3654/3654/3654 3653/3653/3653 3648/3648/3648
f 3653/3653/3653 3654/3654/3654 3636/3636/3636
f 3655/3655/3655 3648/3648/3648 3651/3651/3651
f 3655/3655/3655 3654/3654/3654 3648/3648/3648
f 3656/3656/3656 3655/3655/3655 3651/3651/3651
f 3656/3656/3656 3651/3651/3651 3650/3650/3650
f 3656/3656/3656 3657/3657/3657 3655/3655/3655
f 3655/3655/3655 3657/3657/3657 3654/3654/3654
f 3654/3654/3654 3658/3658/3658 3636/3636/3636
f 3636/3636/3636 3658/3658/3658 3640/3640/3640
f 3659/3659/3659 3646/3646/3646 3652/3652/3652
f 3659/3659/3659 3650/3650/3650 3646/3646/3646
f 3640/3640/3640 3660/3660/3660 3647/3647/3647
f 3658/3658/3658 3660/3660/3660 3640/3640/3640
f 3661/3661/3661 3656/3656/3656 3650/3650/3650
f 3661/3661/3661 3657/3657/3657 3656/3656/3656
f 3662/3662/3662 3657/3657/3657 3661/3661/3661
f 3657/3657/3657 3663/3663/3663 3654/3654/3654
f 3654/3654/3654 3663/3663/3663 3658/3658/3658
f 3664/3664/3664 3661/3661/3661 3650/3650/3650
f 3662/3662/3662 3661/3661/3661 3664/3664/3664
f 3665/3665/3665 3664/3664/3664 3650/3650/3650
f 3659/3659/3659 3665/3665/3665 3650/3650/3650
f 3666/3666/3666 3664/3664/3664 3665/3665/3665
f 3666/3666/3666 3662/3662/3662 3664/3664/3664
f 3659/3659/3659 3667/3667/3667 3665/3665/3665
f 3667/3667/3667 3666/3666/3666 3665/3665/3665
f 3657/3657/3657 3668/3668/3668 3663/3663/3663
f 3668/3668/3668 3657/3657/3657 3662/3662/3662
f 3669/3669/3669 3667/3667/3667 3659/3659/3659
f 3669/3669/3669 3659/3659/3659 3652/3652/3652
f 3652/3652/3652 3670/3670/3670 3669/3669/3669
f 3670/3670/3670 3671/3671/3671 3669/3669/3669
f 3666/3666/3666 3672/3672/3672 3662/3662/3662
f 3667/3667/3667 3672/3672/3672 3666/3666/3666
f 3669/3669/3669 3673/3673/3673 3667/3667/3667
f 3671/3671/3671 3673/3673/3673 3669/3669/3669
f 3674/3674/3674 3670/3670/3670 3652/3652/3652
f 3647/3647/3647 3674/3674/3674 3652/3652/3652
f 3647/3647/3647 3675/3675/3675 3674/3674/3674
f 3675/3675/3675 3647/3647/3647 3660/3660/3660
f 3676/3676/3676 3672/3672/3672 3667/3667/3667
f 3673/3673/3673 3676/3676/3676 3667/3667/3667
f 3677/3677/3677 3670/3670/3670 3674/3674/3674
f 3675/3675/3675 3677/3677/3677 3674/3674/3674
f 3662/3662/3662 3672/3672/3672 3678/3678/3678
f 3672/3672/3672 3676/3676/3676 3679/3679/3679
f 3679/3679/3679 3678/3678/3678 3672/3672/3672
f 3678/3678/3678 3680/3680/3680 3662/3662/3662
f 3680/3680/3680 3668/3668/3668 3662/3662/3662
f 3668/3668/3668 3680/3680/3680 3681/3681/3681
f 3668/3668/3668 3681/3681/3681 3663/3663/3663
f 3663/3663/3663 3681/3681/3681 3682/3682/3682
f 3680/3680/3680 3683/3683/3683 3681/3681/3681
f 3682/3682/3682 3681/3681/3681 3683/3683/3683
f 3684/3684/3684 3680/3680/3680 3678/3678/3678
f 3680/3680/3680 3684/3684/3684 3683/3683/3683
f 3685/3685/3685 3663/3663/3663 3682/3682/3682
f 3663/3663/3663 3685/3685/3685 3658/3658/3658
f 3658/3658/3658 3685/3685/3685 3686/3686/3686
f 3658/3658/3658 3686/3686/3686 3660/3660/3660
f 3687/3687/3687 3685/3685/3685 3682/3682/3682
f 3686/3686/3686 3685/3685/3685 3687/3687/3687
f 3660/3660/3660 3686/3686/3686 3688/3688/3688
f 3688/3688/3688 3675/3675/3675 3660/3660/3660
f 3689/3689/3689 3686/3686/3686 3687/3687/3687
f 3686/3686/3686 3689/3689/3689 3688/3688/3688
f 3688/3688/3688 3690/3690/3690 3675/3675/3675
f 3689/3689/3689 3690/3690/3690 3688/3688/3688
f 3690/3690/3690 3677/3677/3677 3675/3675/3675
f 3689/3689/3689 3687/3687/3687 3691/3691/3691
f 3687/3687/3687 3682/3682/3682 3691/3691/3691
f 3689/3689/3689 3692/3692/3692 3690/3690/3690
f 3692/3692/3692 3689/3689/3689 3691/3691/3691
f 3677/3677/3677 3690/3690/3690 3693/3693/3693
f 3692/3692/3692 3693/3693/3693 3690/3690/3690
f 3694/3694/3694 3677/3677/3677 3693/3693/3693
f 3677/3677/3677 3694/3694/3694 3670/3670/3670
f 3682/3682/3682 3695/3695/3695 3691/3691/3691
f 3691/3691/3691 3696/3696/3696 3692/3692/3692
f 3691/3691/3691 3695/3695/3695 3696/3696/3696
f 3682/3682/3682 3697/3697/3697 3695/3695/3695
f 3697/3697/3697 3682/3682/3682 3683/3683/3683
f 3692/3692/3692 3698/3698/3698 3693/3693/3693
f 3696/3696/3696 3698/3698/3698 3692/3692/3692
f 3695/3695/3695 3699/3699/3699 3696/3696/3696
f 3699/3699/3699 3695/3695/3695 3697/3697/3697
f 3699/3699/3699 3697/3697/3697 3700/3700/3700
f 3697/3697/3697 3683/3683/3683 3701/3701/3701
f 3697/3697/3697 3701/3701/3701 3700/3700/3700
f 3702/3702/3702 3696/3696/3696 3699/3699/3699
f 3698/3698/3698 3696/3696/3696 3702/3702/3702
f 3683/3683/3683 3703/3703/3703 3701/3701/3701
f 3684/3684/3684 3703/3703/3703 3683/3683/3683
f 3699/3699/3699 3700/3700/3700 3704/3704/3704
f 3704/3704/3704 3702/3702/3702 3699/3699/3699
f 3705/3705/3705 3702/3702/3702 3704/3704/3704
f 3706/3706/3706 3698/3698/3698 3702/3702/3702
f 3706/3706/3706 3702/3702/3702 3705/3705/3705
f 3698/3698/3698 3707/3707/3707 3693/3693/3693
f 3698/3698/3698 3706/3706/3706 3708/3708/3708
f 3707/3707/3707 3698/3698/3698 3708/3708/3708
f 3707/3707/3707 3709/3709/3709 3693/3693/3693
f 3709/3709/3709 3694/3694/3694 3693/3693/3693
f 3707/3707/3707 3708/3708/3708 3710/3710/3710
f 3709/3709/3709 3707/3707/3707 3710/3710/3710
f 3694/3694/3694 3709/3709/3709 3711/3711/3711
f 3694/3694/3694 3711/3711/3711 3670/3670/3670
f 3709/3709/3709 3710/3710/3710 3712/3712/3712
f 3709/3709/3709 3712/3712/3712 3711/3711/3711
f 3711/3711/3711 3713/3713/3713 3670/3670/3670
f 3670/3670/3670 3713/3713/3713 3671/3671/3671
f 3714/3714/3714 3713/3713/3713 3711/3711/3711
f 3712/3712/3712 3714/3714/3714 3711/3711/3711
f 3714/3714/3714 3671/3671/3671 3713/3713/3713
f 3715/3715/3715 3714/3714/3714 3712/3712/3712
f 3671/3671/3671 3714/3714/3714 3715/3715/3715
f 3708/3708/3708 3706/3706/3706 3716/3716/3716
f 3710/3710/3710 3708/3708/3708 3717/3717/3717
f 3708/3708/3708 3716/3716/3716 3717/3717/3717
f 3710/3710/3710 3718/3718/3718 3712/3712/3712
f 3710/3710/3710 3717/3717/3717 3718/3718/3718
f 3719/3719/3719 3715/3715/3715 3712/3712/3712
f 3718/3718/3718 3719/3719/3719 3712/3712/3712
f 3715/3715/3715 3720/3720/3720 3671/3671/3671
f 3715/3715/3715 3719/3719/3719 3720/3720/3720
f 3706/3706/3706 3721/3721/3721 3716/3716/3716
f 3721/3721/3721 3706/3706/3706 3705/3705/3705
f 3721/3721/3721 3722/3722/3722 3716/3716/3716
f 3721/3721/3721 3705/3705/3705 3722/3722/3722
f 3716/3716/3716 3723/3723/3723 3717/3717/3717
f 3722/3722/3722 3723/3723/3723 3716/3716/3716
f 3720/3720/3720 3724/3724/3724 3671/3671/3671
f 3671/3671/3671 3724/3724/3724 3673/3673/3673
f 3724/3724/3724 3725/3725/3725 3673/3673/3673
f 3673/3673/3673 3725/3725/3725 3676/3676/3676
f 3725/3725/3725 3726/3726/3726 3676/3676/3676
f 3676/3676/3676 3726/3726/3726 3679/3679/3679
f 3726/3726/3726 3727/3727/3727 3679/3679/3679
f 3679/3679/3679 3727/3727/3727 3678/3678/3678
f 3727/3727/3727 3728/3728/3728 3678/3678/3678
f 3728/3728/3728 3684/3684/3684 3678/3678/3678
f 3729/3729/3729 3684/3684/3684 3728/3728/3728
f 3684/3684/3684 3729/3729/3729 3703/3703/3703
f 3720/3720/3720 3730/3730/3730 3724/3724/3724
f 3724/3724/3724 3731/3731/3731 3725/3725/3725
f 3730/3730/3730 3731/3731/3731 3724/3724/3724
f 3725/3725/3725 3732/3732/3732 3726/3726/3726
f 3731/3731/3731 3732/3732/3732 3725/3725/3725
f 3726/3726/3726 3733/3733/3733 3727/3727/3727
f 3732/3732/3732 3733/3733/3733 3726/3726/3726
f 3727/3727/3727 3734/3734/3734 3728/3728/3728
f 3733/3733/3733 3734/3734/3734 3727/3727/3727
f 3734/3734/3734 3735/3735/3735 3728/3728/3728
f 3735/3735/3735 3729/3729/3729 3728/3728/3728
f 3734/3734/3734 3736/3736/3736 3735/3735/3735
f 3733/3733/3733 3736/3736/3736 3734/3734/3734
f 3720/3720/3720 3700/3700/3700 3730/3730/3730
f 3700/3700/3700 3720/3720/3720 3719/3719/3719
f 3735/3735/3735 3737/3737/3737 3729/3729/3729
f 3736/3736/3736 3737/3737/3737 3735/3735/3735
f 3704/3704/3704 3700/3700/3700 3719/3719/3719
f 3704/3704/3704 3719/3719/3719 3738/3738/3738
f 3738/3738/3738 3719/3719/3719 3718/3718/3718
f 3705/3705/3705 3704/3704/3704 3738/3738/3738
f 3700/3700/3700 3739/3739/3739 3730/3730/3730
f 3700/3700/3700 3701/3701/3701 3739/3739/3739
f 3740/3740/3740 3738/3738/3738 3718/3718/3718
f 3717/3717/3717 3740/3740/3740 3718/3718/3718
f 3717/3717/3717 3741/3741/3741 3740/3740/3740
f 3723/3723/3723 3741/3741/3741 3717/3717/3717
f 3740/3740/3740 3742/3742/3742 3738/3738/3738
f 3741/3741/3741 3742/3742/3742 3740/3740/3740
f 3705/3705/3705 3738/3738/3738 3743/3743/3743
f 3738/3738/3738 3742/3742/3742 3743/3743/3743
f 3701/3701/3701 3744/3744/3744 3739/3739/3739
f 3701/3701/3701 3703/3703/3703 3744/3744/3744
f 3745/3745/3745 3705/3705/3705 3743/3743/3743
f 3722/3722/3722 3705/3705/3705 3745/3745/3745
f 3722/3722/3722 3746/3746/3746 3723/3723/3723
f 3746/3746/3746 3722/3722/3722 3745/3745/3745
f 3723/3723/3723 3747/3747/3747 3741/3741/3741
f 3746/3746/3746 3747/3747/3747 3723/3723/3723
f 3741/3741/3741 3748/3748/3748 3742/3742/3742
f 3747/3747/3747 3748/3748/3748 3741/3741/3741
f 3703/3703/3703 3749/3749/3749 3744/3744/3744
f 3729/3729/3729 3749/3749/3749 3703/3703/3703
f 3729/3729/3729 3750/3750/3750 3749/3749/3749
f 3737/3737/3737 3750/3750/3750 3729/3729/3729
f 3749/3749/3749 3751/3751/3751 3744/3744/3744
f 3750/3750/3750 3751/3751/3751 3749/3749/3749
f 3748/3748/3748 3752/3752/3752 3742/3742/3742
f 3743/3743/3743 3742/3742/3742 3752/3752/3752
f 3751/3751/3751 3753/3753/3753 3744/3744/3744
f 3744/3744/3744 3753/3753/3753 3739/3739/3739
f 3753/3753/3753 3754/3754/3754 3739/3739/3739
f 3739/3739/3739 3754/3754/3754 3730/3730/3730
f 3754/3754/3754 3755/3755/3755 3730/3730/3730
f 3730/3730/3730 3755/3755/3755 3731/3731/3731
f 3731/3731/3731 3755/3755/3755 3756/3756/3756
f 3731/3731/3731 3756/3756/3756 3732/3732/3732
f 3756/3756/3756 3757/3757/3757 3732/3732/3732
f 3732/3732/3732 3757/3757/3757 3733/3733/3733
f 3756/3756/3756 3755/3755/3755 3758/3758/3758
f 3756/3756/3756 3758/3758/3758 3757/3757/3757
f 3757/3757/3757 3759/3759/3759 3733/3733/3733
f 3759/3759/3759 3736/3736/3736 3733/3733/3733
f 3758/3758/3758 3760/3760/3760 3757/3757/3757
f 3757/3757/3757 3760/3760/3760 3759/3759/3759
f 3761/3761/3761 3736/3736/3736 3759/3759/3759
f 3736/3736/3736 3761/3761/3761 3737/3737/3737
f 3760/3760/3760 3762/3762/3762 3759/3759/3759
f 3762/3762/3762 3761/3761/3761 3759/3759/3759
f 3761/3761/3761 3763/3763/3763 3737/3737/3737
f 3737/3737/3737 3763/3763/3763 3750/3750/3750
f 3764/3764/3764 3761/3761/3761 3762/3762/3762
f 3761/3761/3761 3764/3764/3764 3763/3763/3763
f 3763/3763/3763 3765/3765/3765 3750/3750/3750
f 3750/3750/3750 3765/3765/3765 3751/3751/3751
f 3763/3763/3763 3764/3764/3764 3766/3766/3766
f 3763/3763/3763 3766/3766/3766 3765/3765/3765
f 3765/3765/3765 3767/3767/3767 3751/3751/3751
f 3751/3751/3751 3767/3767/3767 3753/3753/3753
f 3766/3766/3766 3768/3768/3768 3765/3765/3765
f 3765/3765/3765 3768/3768/3768 3767/3767/3767
f 3767/3767/3767 3769/3769/3769 3753/3753/3753
f 3753/3753/3753 3769/3769/3769 3754/3754/3754
f 3768/3768/3768 3770/3770/3770 3767/3767/3767
f 3767/3767/3767 3770/3770/3770 3769/3769/3769
f 3769/3769/3769 3771/3771/3771 3754/3754/3754
f 3754/3754/3754 3771/3771/3771 3755/3755/3755
f 3770/3770/3770 3772/3772/3772 3769/3769/3769
f 3769/3769/3769 3772/3772/3772 3771/3771/3771
f 3771/3771/3771 3773/3773/3773 3755/3755/3755
f 3755/3755/3755 3773/3773/3773 3758/3758/3758
f 3758/3758/3758 3773/3773/3773 3774/3774/3774
f 3758/3758/3758 3774/3774/3774 3760/3760/3760
f 3771/3771/3771 3775/3775/3775 3773/3773/3773
f 3773/3773/3773 3775/3775/3775 3774/3774/3774
f 3774/3774/3774 3776/3776/3776 3760/3760/3760
f 3760/3760/3760 3776/3776/3776 3762/3762/3762
f 3772/3772/3772 3777/3777/3777 3771/3771/3771
f 3777/3777/3777 3775/3775/3775 3771/3771/3771
f 3774/3774/3774 3775/3775/3775 3778/3778/3778
f 3774/3774/3774 3778/3778/3778 3776/3776/3776
f 3776/3776/3776 3779/3779/3779 3762/3762/3762
f 3779/3779/3779 3764/3764/3764 3762/3762/3762
f 3775/3775/3775 3777/3777/3777 3780/3780/3780
f 3775/3775/3775 3780/3780/3780 3778/3778/3778
f 3776/3776/3776 3781/3781/3781 3779/3779/3779
f 3778/3778/3778 3781/3781/3781 3776/3776/3776
f 3782/3782/3782 3764/3764/3764 3779/3779/3779
f 3782/3782/3782 3766/3766/3766 3764/3764/3764
f 3781/3781/3781 3783/3783/3783 3779/3779/3779
f 3783/3783/3783 3782/3782/3782 3779/3779/3779
f 3772/3772/3772 3784/3784/3784 3777/3777/3777
f 3777/3777/3777 3785/3785/3785 3780/3780/3780
f 3784/3784/3784 3785/3785/3785 3777/3777/3777
f 3780/3780/3780 3786/3786/3786 3778/3778/3778
f 3785/3785/3785 3786/3786/3786 3780/3780/3780
f 3778/3778/3778 3787/3787/3787 3781/3781/3781
f 3786/3786/3786 3787/3787/3787 3778/3778/3778
f 3781/3781/3781 3788/3788/3788 3783/3783/3783
f 3787/3787/3787 3788/3788/3788 3781/3781/3781
f 3783/3783/3783 3789/3789/3789 3782/3782/3782
f 3788/3788/3788 3789/3789/3789 3783/3783/3783
f 3782/3782/3782 3790/3790/3790 3766/3766/3766
f 3789/3789/3789 3790/3790/3790 3782/3782/3782
f 3791/3791/3791 3784/3784/3784 3772/3772/3772
f 3770/3770/3770 3791/3791/3791 3772/3772/3772
f 3790/3790/3790 3792/3792/3792 3766/3766/3766
f 3766/3766/3766 3792/3792/3792 3768/3768/3768
f 3768/3768/3768 3793/3793/3793 3770/3770/3770
f 3793/3793/3793 3791/3791/3791 3770/3770/3770
f 3792/3792/3792 3793/3793/3793 3768/3768/3768
f 3793/3793/3793 3794/3794/3794 3791/3791/3791
f 3792/3792/3792 3794/3794/3794 3793/3793/3793
f 3791/3791/3791 3795/3795/3795 3784/3784/3784
f 3794/3794/3794 3795/3795/3795 3791/3791/3791
f 3795/3795/3795 3796/3796/3796 3784/3784/3784
f 3784/3784/3784 3796/3796/3796 3785/3785/3785
f 3788/3788/3788 3797/3797/3797 3789/3789/3789
f 3789/3789/3789 3798/3798/3798 3790/3790/3790
f 3797/3797/3797 3798/3798/3798 3789/3789/3789
f 3790/3790/3790 3799/3799/3799 3792/3792/3792
f 3798/3798/3798 3799/3799/3799 3790/3790/3790
f 3792/3792/3792 3800/3800/3800 3794/3794/3794
f 3799/3799/3799 3800/3800/3800 3792/3792/3792
f 3801/3801/3801 3799/3799/3799 3798/3798/3798
f 3800/3800/3800 3799/3799/3799 3801/3801/3801
f 3801/3801/3801 3798/3798/3798 3797/3797/3797
f 3800/3800/3800 3802/3802/3802 3794/3794/3794
f 3794/3794/3794 3802/3802/3802 3795/3795/3795
f 3802/3802/3802 3800/3800/3800 3801/3801/3801
f 3795/3795/3795 3803/3803/3803 3796/3796/3796
f 3802/3802/3802 3803/3803/3803 3795/3795/3795
f 3802/3802/3802 3801/3801/3801 3804/3804/3804
f 3803/3803/3803 3802/3802/3802 3804/3804/3804
f 3804/3804/3804 3801/3801/3801 3797/3797/3797
f 3803/3803/3803 3805/3805/3805 3796/3796/3796
f 3805/3805/3805 3803/3803/3803 3804/3804/3804
f 3796/3796/3796 3805/3805/3805 3785/3785/3785
f 3806/3806/3806 3804/3804/3804 3797/3797/3797
f 3806/3806/3806 3805/3805/3805 3804/3804/3804
f 3805/3805/3805 3807/3807/3807 3785/3785/3785
f 3785/3785/3785 3807/3807/3807 3786/3786/3786
f 3807/3807/3807 3805/3805/3805 3808/3808/3808
f 3807/3807/3807 3808/3808/3808 3786/3786/3786
f 3805/3805/3805 3806/3806/3806 3808/3808/3808
f 3786/3786/3786 3808/3808/3808 3787/3787/3787
f 3809/3809/3809 3806/3806/3806 3797/3797/3797
f 3808/3808/3808 3806/3806/3806 3809/3809/3809
f 3808/3808/3808 3809/3809/3809 3787/3787/3787
f 3809/3809/3809 3797/3797/3797 3788/3788/3788
f 3787/3787/3787 3809/3809/3809 3788/3788/3788
f 3812/3812/3812 3811/3811/3811 3810/3810/3810
f 3811/3811/3811 3812/3812/3812 3813/3813/3813
f 3814/3814/3814 3812/3812/3812 3810/3810/3810
f 3814/3814/3814 3810/3810/3810 3815/3815/3815
f 3812/3812/3812 3816/3816/3816 3813/3813/3813
f 3813/3813/3813 3816/3816/3816 3817/3817/3817
f 3818/3818/3818 3814/3814/3814 3815/3815/3815
f 3818/3818/3818 3815/3815/3815 3819/3819/3819
f 3815/3815/3815 3820/3820/3820 3819/3819/3819
f 3819/3819/3819 3820/3820/3820 3821/3821/3821
f 3822/3822/3822 3819/3819/3819 3821/3821/3821
f 3821/3821/3821 3823/3823/3823 3822/3822/3822
f 3818/3818/3818 3819/3819/3819 3824/3824/3824
f 3824/3824/3824 3819/3819/3819 3822/3822/3822
f 3825/3825/3825 3814/3814/3814 3818/3818/3818
f 3825/3825/3825 3818/3818/3818 3824/3824/3824
f 3814/3814/3814 3826/3826/3826 3812/3812/3812
f 3825/3825/3825 3826/3826/3826 3814/3814/3814
f 3823/3823/3823 3827/3827/3827 3822/3822/3822
f 3822/3822/3822 3828/3828/3828 3824/3824/3824
f 3828/3828/3828 3822/3822/3822 3827/3827/3827
f 3825/3825/3825 3824/3824/3824 3829/3829/3829
f 3828/3828/3828 3829/3829/3829 3824/3824/3824
f 3830/3830/3830 3825/3825/3825 3829/3829/3829
f 3826/3826/3826 3825/3825/3825 3830/3830/3830
f 3831/3831/3831 3827/3827/3827 3823/3823/3823
f 3832/3832/3832 3831/3831/3831 3823/3823/3823
f 3832/3832/3832 3817/3817/3817 3831/3831/3831
f 3817/3817/3817 3833/3833/3833 3831/3831/3831
f 3816/3816/3816 3833/3833/3833 3817/3817/3817
f 3831/3831/3831 3834/3834/3834 3827/3827/3827
f 3831/3831/3831 3833/3833/3833 3834/3834/3834
f 3816/3816/3816 3835/3835/3835 3833/3833/3833
f 3833/3833/3833 3835/3835/3835 3834/3834/3834
f 3836/3836/3836 3827/3827/3827 3834/3834/3834
f 3836/3836/3836 3828/3828/3828 3827/3827/3827
f 3837/3837/3837 3829/3829/3829 3828/3828/3828
f 3830/3830/3830 3829/3829/3829 3837/3837/3837
f 3838/3838/3838 3835/3835/3835 3816/3816/3816
f 3838/3838/3838 3816/3816/3816 3812/3812/3812
f 3834/3834/3834 3835/3835/3835 3839/3839/3839
f 3839/3839/3839 3836/3836/3836 3834/3834/3834
f 3839/3839/3839 3840/3840/3840 3836/3836/3836
f 3835/3835/3835 3841/3841/3841 3839/3839/3839
f 3835/3835/3835 3838/3838/3838 3841/3841/3841
f 3839/3839/3839 3841/3841/3841 3840/3840/3840
f 3828/3828/3828 3836/3836/3836 3842/3842/3842
f 3842/3842/3842 3837/3837/3837 3828/3828/3828
f 3843/3843/3843 3838/3838/3838 3812/3812/3812
f 3826/3826/3826 3843/3843/3843 3812/3812/3812
f 3843/3843/3843 3844/3844/3844 3838/3838/3838
f 3844/3844/3844 3843/3843/3843 3826/3826/3826
f 3845/3845/3845 3826/3826/3826 3830/3830/3830
f 3845/3845/3845 3844/3844/3844 3826/3826/3826
f 3838/3838/3838 3846/3846/3846 3841/3841/3841
f 3844/3844/3844 3846/3846/3846 3838/3838/3838
f 3846/3846/3846 3847/3847/3847 3841/3841/3841
f 3841/3841/3841 3847/3847/3847 3840/3840/3840
f 3848/3848/3848 3846/3846/3846 3844/3844/3844
f 3848/3848/3848 3847/3847/3847 3846/3846/3846
f 3836/3836/3836 3849/3849/3849 3842/3842/3842
f 3840/3840/3840 3849/3849/3849 3836/3836/3836
f 3850/3850/3850 3830/3830/3830 3837/3837/3837
f 3850/3850/3850 3845/3845/3845 3830/3830/3830
f 3851/3851/3851 3848/3848/3848 3844/3844/3844
f 3851/3851/3851 3844/3844/3844 3845/3845/3845
f 3847/3847/3847 3852/3852/3852 3840/3840/3840
f 3848/3848/3848 3852/3852/3852 3847/3847/3847
f 3848/3848/3848 3853/3853/3853 3852/3852/3852
f 3852/3852/3852 3854/3854/3854 3840/3840/3840
f 3852/3852/3852 3853/3853/3853 3854/3854/3854
f 3854/3854/3854 3855/3855/3855 3840/3840/3840
f 3855/3855/3855 3849/3849/3849 3840/3840/3840
f 3854/3854/3854 3856/3856/3856 3855/3855/3855
f 3853/3853/3853 3856/3856/3856 3854/3854/3854
f 3857/3857/3857 3849/3849/3849 3855/3855/3855
f 3856/3856/3856 3857/3857/3857 3855/3855/3855
f 3858/3858/3858 3848/3848/3848 3851/3851/3851
f 3848/3848/3848 3858/3858/3858 3853/3853/3853
f 3857/3857/3857 3859/3859/3859 3849/3849/3849
f 3849/3849/3849 3859/3859/3859 3842/3842/3842
f 3860/3860/3860 3842/3842/3842 3859/3859/3859
f 3861/3861/3861 3860/3860/3860 3859/3859/3859
f 3862/3862/3862 3856/3856/3856 3853/3853/3853
f 3862/3862/3862 3857/3857/3857 3856/3856/3856
f 3863/3863/3863 3859/3859/3859 3857/3857/3857
f 3863/3863/3863 3861/3861/3861 3859/3859/3859
f 3860/3860/3860 3864/3864/3864 3842/3842/3842
f 3864/3864/3864 3837/3837/3837 3842/3842/3842
f 3865/3865/3865 3837/3837/3837 3864/3864/3864
f 3837/3837/3837 3865/3865/3865 3850/3850/3850
f 3862/3862/3862 3866/3866/3866 3857/3857/3857
f 3866/3866/3866 3863/3863/3863 3857/3857/3857
f 3860/3860/3860 3867/3867/3867 3864/3864/3864
f 3867/3867/3867 3865/3865/3865 3864/3864/3864
f 3862/3862/3862 3853/3853/3853 3868/3868/3868
f 3866/3866/3866 3862/3862/3862 3869/3869/3869
f 3868/3868/3868 3869/3869/3869 3862/3862/3862
f 3870/3870/3870 3868/3868/3868 3853/3853/3853
f 3858/3858/3858 3870/3870/3870 3853/3853/3853
f 3870/3870/3870 3858/3858/3858 3871/3871/3871
f 3871/3871/3871 3858/3858/3858 3851/3851/3851
f 3871/3871/3871 3851/3851/3851 3872/3872/3872
f 3873/3873/3873 3870/3870/3870 3871/3871/3871
f 3871/3871/3871 3872/3872/3872 3873/3873/3873
f 3870/3870/3870 3874/3874/3874 3868/3868/3868
f 3874/3874/3874 3870/3870/3870 3873/3873/3873
f 3851/3851/3851 3875/3875/3875 3872/3872/3872
f 3875/3875/3875 3851/3851/3851 3845/3845/3845
f 3875/3875/3875 3845/3845/3845 3876/3876/3876
f 3876/3876/3876 3845/3845/3845 3850/3850/3850
f 3875/3875/3875 3877/3877/3877 3872/3872/3872
f 3875/3875/3875 3876/3876/3876 3877/3877/3877
f 3876/3876/3876 3850/3850/3850 3878/3878/3878
f 3865/3865/3865 3878/3878/3878 3850/3850/3850
f 3876/3876/3876 3879/3879/3879 3877/3877/3877
f 3879/3879/3879 3876/3876/3876 3878/3878/3878
f 3880/3880/3880 3878/3878/3878 3865/3865/3865
f 3880/3880/3880 3879/3879/3879 3878/3878/3878
f 3867/3867/3867 3880/3880/3880 3865/3865/3865
f 3877/3877/3877 3879/3879/3879 3881/3881/3881
f 3872/3872/3872 3877/3877/3877 3881/3881/3881
f 3882/3882/3882 3879/3879/3879 3880/3880/3880
f 3879/3879/3879 3882/3882/3882 3881/3881/3881
f 3880/3880/3880 3867/3867/3867 3883/3883/3883
f 3883/3883/3883 3882/3882/3882 3880/3880/3880
f 3867/3867/3867 3884/3884/3884 3883/3883/3883
f 3884/3884/3884 3867/3867/3867 3860/3860/3860
f 3885/3885/3885 3872/3872/3872 3881/3881/3881
f 3886/3886/3886 3881/3881/3881 3882/3882/3882
f 3885/3885/3885 3881/3881/3881 3886/3886/3886
f 3887/3887/3887 3872/3872/3872 3885/3885/3885
f 3872/3872/3872 3887/3887/3887 3873/3873/3873
f 3888/3888/3888 3882/3882/3882 3883/3883/3883
f 3888/3888/3888 3886/3886/3886 3882/3882/3882
f 3889/3889/3889 3885/3885/3885 3886/3886/3886
f 3885/3885/3885 3889/3889/3889 3887/3887/3887
f 3887/3887/3887 3889/3889/3889 3890/3890/3890
f 3873/3873/3873 3887/3887/3887 3891/3891/3891
f 3891/3891/3891 3887/3887/3887 3890/3890/3890
f 3886/3886/3886 3892/3892/3892 3889/3889/3889
f 3886/3886/3886 3888/3888/3888 3892/3892/3892
f 3893/3893/3893 3873/3873/3873 3891/3891/3891
f 3893/3893/3893 3874/3874/3874 3873/3873/3873
f 3890/3890/3890 3889/3889/3889 3894/3894/3894
f 3892/3892/3892 3894/3894/3894 3889/3889/3889
f 3892/3892/3892 3895/3895/3895 3894/3894/3894
f 3888/3888/3888 3896/3896/3896 3892/3892/3892
f 3892/3892/3892 3896/3896/3896 3895/3895/3895
f 3897/3897/3897 3888/3888/3888 3883/3883/3883
f 3896/3896/3896 3888/3888/3888 3898/3898/3898
f 3888/3888/3888 3897/3897/3897 3898/3898/3898
f 3899/3899/3899 3897/3897/3897 3883/3883/3883
f 3884/3884/3884 3899/3899/3899 3883/3883/3883
f 3898/3898/3898 3897/3897/3897 3900/3900/3900
f 3897/3897/3897 3899/3899/3899 3900/3900/3900
f 3899/3899/3899 3884/3884/3884 3901/3901/3901
f 3901/3901/3901 3884/3884/3884 3860/3860/3860
f 3900/3900/3900 3899/3899/3899 3902/3902/3902
f 3902/3902/3902 3899/3899/3899 3901/3901/3901
f 3903/3903/3903 3901/3901/3901 3860/3860/3860
f 3903/3903/3903 3860/3860/3860 3861/3861/3861
f 3903/3903/3903 3904/3904/3904 3901/3901/3901
f 3904/3904/3904 3902/3902/3902 3901/3901/3901
f 3861/3861/3861 3904/3904/3904 3903/3903/3903
f 3904/3904/3904 3905/3905/3905 3902/3902/3902
f 3904/3904/3904 3861/3861/3861 3905/3905/3905
f 3896/3896/3896 3898/3898/3898 3906/3906/3906
f 3898/3898/3898 3900/3900/3900 3907/3907/3907
f 3906/3906/3906 3898/3898/3898 3907/3907/3907
f 3908/3908/3908 3900/3900/3900 3902/3902/3902
f 3907/3907/3907 3900/3900/3900 3908/3908/3908
f 3905/3905/3905 3909/3909/3909 3902/3902/3902
f 3909/3909/3909 3908/3908/3908 3902/3902/3902
f 3910/3910/3910 3905/3905/3905 3861/3861/3861
f 3909/3909/3909 3905/3905/3905 3910/3910/3910
f 3911/3911/3911 3896/3896/3896 3906/3906/3906
f 3896/3896/3896 3911/3911/3911 3895/3895/3895
f 3912/3912/3912 3911/3911/3911 3906/3906/3906
f 3895/3895/3895 3911/3911/3911 3912/3912/3912
f 3913/3913/3913 3906/3906/3906 3907/3907/3907
f 3913/3913/3913 3912/3912/3912 3906/3906/3906
f 3914/3914/3914 3910/3910/3910 3861/3861/3861
f 3914/3914/3914 3861/3861/3861 3863/3863/3863
f 3915/3915/3915 3914/3914/3914 3863/3863/3863
f 3915/3915/3915 3863/3863/3863 3866/3866/3866
f 3916/3916/3916 3915/3915/3915 3866/3866/3866
f 3916/3916/3916 3866/3866/3866 3869/3869/3869
f 3917/3917/3917 3916/3916/3916 3869/3869/3869
f 3917/3917/3917 3869/3869/3869 3868/3868/3868
f 3918/3918/3918 3917/3917/3917 3868/3868/3868
f 3874/3874/3874 3918/3918/3918 3868/3868/3868
f 3874/3874/3874 3919/3919/3919 3918/3918/3918
f 3919/3919/3919 3874/3874/3874 3893/3893/3893
f 3920/3920/3920 3910/3910/3910 3914/3914/3914
f 3921/3921/3921 3914/3914/3914 3915/3915/3915
f 3921/3921/3921 3920/3920/3920 3914/3914/3914
f 3922/3922/3922 3915/3915/3915 3916/3916/3916
f 3922/3922/3922 3921/3921/3921 3915/3915/3915
f 3923/3923/3923 3916/3916/3916 3917/3917/3917
f 3923/3923/3923 3922/3922/3922 3916/3916/3916
f 3924/3924/3924 3917/3917/3917 3918/3918/3918
f 3924/3924/3924 3923/3923/3923 3917/3917/3917
f 3925/3925/3925 3924/3924/3924 3918/3918/3918
f 3919/3919/3919 3925/3925/3925 3918/3918/3918
f 3926/3926/3926 3924/3924/3924 3925/3925/3925
f 3926/3926/3926 3923/3923/3923 3924/3924/3924
f 3890/3890/3890 3910/3910/3910 3920/3920/3920
f 3910/3910/3910 3890/3890/3890 3909/3909/3909
f 3927/3927/3927 3925/3925/3925 3919/3919/3919
f 3927/3927/3927 3926/3926/3926 3925/3925/3925
f 3890/3890/3890 3894/3894/3894 3909/3909/3909
f 3909/3909/3909 3894/3894/3894 3928/3928/3928
f 3909/3909/3909 3928/3928/3928 3908/3908/3908
f 3894/3894/3894 3895/3895/3895 3928/3928/3928
f 3929/3929/3929 3890/3890/3890 3920/3920/3920
f 3891/3891/3891 3890/3890/3890 3929/3929/3929
f 3928/3928/3928 3930/3930/3930 3908/3908/3908
f 3930/3930/3930 3907/3907/3907 3908/3908/3908
f 3931/3931/3931 3907/3907/3907 3930/3930/3930
f 3931/3931/3931 3913/3913/3913 3907/3907/3907
f 3932/3932/3932 3930/3930/3930 3928/3928/3928
f 3932/3932/3932 3931/3931/3931 3930/3930/3930
f 3928/3928/3928 3895/3895/3895 3933/3933/3933
f 3932/3932/3932 3928/3928/3928 3933/3933/3933
f 3934/3934/3934 3891/3891/3891 3929/3929/3929
f 3893/3893/3893 3891/3891/3891 3934/3934/3934
f 3895/3895/3895 3935/3935/3935 3933/3933/3933
f 3895/3895/3895 3912/3912/3912 3935/3935/3935
f 3936/3936/3936 3912/3912/3912 3913/3913/3913
f 3912/3912/3912 3936/3936/3936 3935/3935/3935
f 3937/3937/3937 3913/3913/3913 3931/3931/3931
f 3937/3937/3937 3936/3936/3936 3913/3913/3913
f 3938/3938/3938 3931/3931/3931 3932/3932/3932
f 3938/3938/3938 3937/3937/3937 3931/3931/3931
f 3939/3939/3939 3893/3893/3893 3934/3934/3934
f 3939/3939/3939 3919/3919/3919 3893/3893/3893
f 3940/3940/3940 3919/3919/3919 3939/3939/3939
f 3940/3940/3940 3927/3927/3927 3919/3919/3919
f 3941/3941/3941 3939/3939/3939 3934/3934/3934
f 3941/3941/3941 3940/3940/3940 3939/3939/3939
f 3942/3942/3942 3938/3938/3938 3932/3932/3932
f 3932/3932/3932 3933/3933/3933 3942/3942/3942
f 3943/3943/3943 3941/3941/3941 3934/3934/3934
f 3943/3943/3943 3934/3934/3934 3929/3929/3929
f 3944/3944/3944 3943/3943/3943 3929/3929/3929
f 3944/3944/3944 3929/3929/3929 3920/3920/3920
f 3945/3945/3945 3944/3944/3944 3920/3920/3920
f 3945/3945/3945 3920/3920/3920 3921/3921/3921
f 3945/3945/3945 3921/3921/3921 3946/3946/3946
f 3946/3946/3946 3921/3921/3921 3922/3922/3922
f 3947/3947/3947 3946/3946/3946 3922/3922/3922
f 3947/3947/3947 3922/3922/3922 3923/3923/3923
f 3945/3945/3945 3946/3946/3946 3948/3948/3948
f 3948/3948/3948 3946/3946/3946 3947/3947/3947
f 3949/3949/3949 3947/3947/3947 3923/3923/3923
f 3926/3926/3926 3949/3949/3949 3923/3923/3923
f 3950/3950/3950 3948/3948/3948 3947/3947/3947
f 3950/3950/3950 3947/3947/3947 3949/3949/3949
f 3926/3926/3926 3951/3951/3951 3949/3949/3949
f 3951/3951/3951 3926/3926/3926 3927/3927/3927
f 3952/3952/3952 3950/3950/3950 3949/3949/3949
f 3951/3951/3951 3952/3952/3952 3949/3949/3949
f 3953/3953/3953 3951/3951/3951 3927/3927/3927
f 3953/3953/3953 3927/3927/3927 3940/3940/3940
f 3951/3951/3951 3954/3954/3954 3952/3952/3952
f 3954/3954/3954 3951/3951/3951 3953/3953/3953
f 3955/3955/3955 3953/3953/3953 3940/3940/3940
f 3955/3955/3955 3940/3940/3940 3941/3941/3941
f 3954/3954/3954 3953/3953/3953 3956/3956/3956
f 3956/3956/3956 3953/3953/3953 3955/3955/3955
f 3957/3957/3957 3955/3955/3955 3941/3941/3941
f 3957/3957/3957 3941/3941/3941 3943/3943/3943
f 3958/3958/3958 3956/3956/3956 3955/3955/3955
f 3958/3958/3958 3955/3955/3955 3957/3957/3957
f 3959/3959/3959 3957/3957/3957 3943/3943/3943
f 3959/3959/3959 3943/3943/3943 3944/3944/3944
f 3960/3960/3960 3958/3958/3958 3957/3957/3957
f 3960/3960/3960 3957/3957/3957 3959/3959/3959
f 3961/3961/3961 3959/3959/3959 3944/3944/3944
f 3961/3961/3961 3944/3944/3944 3945/3945/3945
f 3962/3962/3962 3960/3960/3960 3959/3959/3959
f 3962/3962/3962 3959/3959/3959 3961/3961/3961
f 3963/3963/3963 3961/3961/3961 3945/3945/3945
f 3963/3963/3963 3945/3945/3945 3948/3948/3948
f 3963/3963/3963 3948/3948/3948 3964/3964/3964
f 3964/3964/3964 3948/3948/3948 3950/3950/3950
f 3965/3965/3965 3961/3961/3961 3963/3963/3963
f 3965/3965/3965 3963/3963/3963 3964/3964/3964
f 3966/3966/3966 3964/3964/3964 3950/3950/3950
f 3966/3966/3966 3950/3950/3950 3952/3952/3952
f 3967/3967/3967 3962/3962/3962 3961/3961/3961
f 3965/3965/3965 3967/3967/3967 3961/3961/3961
f 3965/3965/3965 3964/3964/3964 3968/3968/3968
f 3968/3968/3968 3964/3964/3964 3966/3966/3966
f 3969/3969/3969 3966/3966/3966 3952/3952/3952
f 3954/3954/3954 3969/3969/3969 3952/3952/3952
f 3967/3967/3967 3965/3965/3965 3970/3970/3970
f 3970/3970/3970 3965/3965/3965 3968/3968/3968
f 3971/3971/3971 3966/3966/3966 3969/3969/3969
f 3971/3971/3971 3968/3968/3968 3966/3966/3966
f 3954/3954/3954 3972/3972/3972 3969/3969/3969
f 3956/3956/3956 3972/3972/3972 3954/3954/3954
f 3973/3973/3973 3971/3971/3971 3969/3969/3969
f 3972/3972/3972 3973/3973/3973 3969/3969/3969
f 3974/3974/3974 3962/3962/3962 3967/3967/3967
f 3975/3975/3975 3967/3967/3967 3970/3970/3970
f 3975/3975/3975 3974/3974/3974 3967/3967/3967
f 3976/3976/3976 3970/3970/3970 3968/3968/3968
f 3976/3976/3976 3975/3975/3975 3970/3970/3970
f 3977/3977/3977 3968/3968/3968 3971/3971/3971
f 3977/3977/3977 3976/3976/3976 3968/3968/3968
f 3978/3978/3978 3971/3971/3971 3973/3973/3973
f 3978/3978/3978 3977/3977/3977 3971/3971/3971
f 3979/3979/3979 3973/3973/3973 3972/3972/3972
f 3979/3979/3979 3978/3978/3978 3973/3973/3973
f 3980/3980/3980 3972/3972/3972 3956/3956/3956
f 3980/3980/3980 3979/3979/3979 3972/3972/3972
f 3974/3974/3974 3981/3981/3981 3962/3962/3962
f 3981/3981/3981 3960/3960/3960 3962/3962/3962
f 3982/3982/3982 3980/3980/3980 3956/3956/3956
f 3982/3982/3982 3956/3956/3956 3958/3958/3958
f 3983/3983/3983 3958/3958/3958 3960/3960/3960
f 3981/3981/3981 3983/3983/3983 3960/3960/3960
f 3983/3983/3983 3982/3982/3982 3958/3958/3958
f 3984/3984/3984 3983/3983/3983 3981/3981/3981
f 3984/3984/3984 3982/3982/3982 3983/3983/3983
f 3985/3985/3985 3981/3981/3981 3974/3974/3974
f 3985/3985/3985 3984/3984/3984 3981/3981/3981
f 3986/3986/3986 3985/3985/3985 3974/3974/3974
f 3986/3986/3986 3974/3974/3974 3975/3975/3975
f 3987/3987/3987 3978/3978/3978 3979/3979/3979
f 3988/3988/3988 3979/3979/3979 3980/3980/3980
f 3988/3988/3988 3987/3987/3987 3979/3979/3979
f 3989/3989/3989 3980/3980/3980 3982/3982/3982
f 3989/3989/3989 3988/3988/3988 3980/3980/3980
f 3990/3990/3990 3982/3982/3982 3984/3984/3984
f 3990/3990/3990 3989/3989/3989 3982/3982/3982
f 3989/3989/3989 3991/3991/3991 3988/3988/3988
f 3989/3989/3989 3990/3990/3990 3991/3991/3991
f 3988/3988/3988 3991/3991/3991 3987/3987/3987
f 3992/3992/3992 3990/3990/3990 3984/3984/3984
f 3992/3992/3992 3984/3984/3984 3985/3985/3985
f 3990/3990/3990 3992/3992/3992 3991/3991/3991
f 3993/3993/3993 3985/3985/3985 3986/3986/3986
f 3993/3993/3993 3992/3992/3992 3985/3985/3985
f 3991/3991/3991 3992/3992/3992 3994/3994/3994
f 3992/3992/3992 3993/3993/3993 3994/3994/3994
f 3991/3991/3991 3994/3994/3994 3987/3987/3987
f 3995/3995/3995 3993/3993/3993 3986/3986/3986
f 3993/3993/3993 3995/3995/3995 3994/3994/3994
f 3995/3995/3995 3986/3986/3986 3975/3975/3975
f 3994/3994/3994 3996/3996/3996 3987/3987/3987
f 3995/3995/3995 3996/3996/3996 3994/3994/3994
f 3997/3997/3997 3995/3995/3995 3975/3975/3975
f 3997/3997/3997 3975/3975/3975 3976/3976/3976
f 3995/3995/3995 3997/3997/3997 3998/3998/3998
f 3998/3998/3998 3997/3997/3997 3976/3976/3976
f 3996/3996/3996 3995/3995/3995 3998/3998/3998
f 3998/3998/3998 3976/3976/3976 3977/3977/3977
f 3996/3996/3996 3999/3999/3999 3987/3987/3987
f 3996/3996/3996 3998/3998/3998 3999/3999/3999
f 3999/3999/3999 3998/3998/3998 3977/3977/3977
f 3987/3987/3987 3999/3999/3999 3978/3978/3978
f 3999/3999/3999 3977/3977/3977 3978/3978/3978
f 3748/3748/3748 4000/4000/4000 3752/3752/3752
f 4000/4000/4000 4001/4001/4001 3752/3752/3752
f 3752/3752/3752 4001/4001/4001 3743/3743/3743
f 4002/4002/4002 4000/4000/4000 3748/3748/3748
f 3747/3747/3747 4002/4002/4002 3748/3748/3748
f 4001/4001/4001 4003/4003/4003 3743/3743/3743
f 3743/3743/3743 4003/4003/4003 3745/3745/3745
f 4004/4004/4004 4002/4002/4002 3747/3747/3747
f 3746/3746/3746 4004/4004/4004 3747/3747/3747
f 3745/3745/3745 4005/4005/4005 3746/3746/3746
f 4003/4003/4003 4005/4005/4005 3745/3745/3745
f 4005/4005/4005 4004/4004/4004 3746/3746/3746
f 4002/4002/4002 4006/4006/4006 4000/4000/4000
f 4000/4000/4000 4007/4007/4007 4001/4001/4001
f 4006/4006/4006 4007/4007/4007 4000/4000/4000
f 4008/4008/4008 4006/4006/4006 4002/4002/4002
f 4004/4004/4004 4008/4008/4008 4002/4002/4002
f 4006/4006/4006 4008/4008/4008 4007/4007/4007
f 4007/4007/4007 4009/4009/4009 4001/4001/4001
f 4001/4001/4001 4009/4009/4009 4003/4003/4003
f 4008/4008/4008 4009/4009/4009 4007/4007/4007
f 4010/4010/4010 4008/4008/4008 4004/4004/4004
f 4005/4005/4005 4010/4010/4010 4004/4004/4004
f 4008/4008/4008 4010/4010/4010 4009/4009/4009
f 4009/4009/4009 4011/4011/4011 4003/4003/4003
f 4003/4003/4003 4011/4011/4011 4005/4005/4005
f 4011/4011/4011 4010/4010/4010 4005/4005/4005
f 4010/4010/4010 4011/4011/4011 4009/4009/4009
f 4012/4012/4012 3938/3938/3938 3942/3942/3942
f 4013/4013/4013 4012/4012/4012 3942/3942/3942
f 4013/4013/4013 3942/3942/3942 3933/3933/3933
f 4012/4012/4012 4014/4014/4014 3938/3938/3938
f 4014/4014/4014 3937/3937/3937 3938/3938/3938
f 4015/4015/4015 4013/4013/4013 3933/3933/3933
f 4015/4015/4015 3933/3933/3933 3935/3935/3935
f 4014/4014/4014 4016/4016/4016 3937/3937/3937
f 4016/4016/4016 3936/3936/3936 3937/3937/3937
f 4017/4017/4017 3935/3935/3935 3936/3936/3936
f 4017/4017/4017 4015/4015/4015 3935/3935/3935
f 4016/4016/4016 4017/4017/4017 3936/3936/3936
f 4018/4018/4018 4014/4014/4014 4012/4012/4012
f 4019/4019/4019 4012/4012/4012 4013/4013/4013
f 4019/4019/4019 4018/4018/4018 4012/4012/4012
f 4018/4018/4018 4020/4020/4020 4014/4014/4014
f 4020/4020/4020 4016/4016/4016 4014/4014/4014
f 4020/4020/4020 4018/4018/4018 4019/4019/4019
f 4021/4021/4021 4019/4019/4019 4013/4013/4013
f 4021/4021/4021 4013/4013/4013 4015/4015/4015
f 4021/4021/4021 4020/4020/4020 4019/4019/4019
f 4020/4020/4020 4022/4022/4022 4016/4016/4016
f 4022/4022/4022 4017/4017/4017 4016/4016/4016
f 4022/4022/4022 4020/4020/4020 4021/4021/4021
f 4023/4023/4023 4021/4021/4021 4015/4015/4015
f 4023/4023/4023 4015/4015/4015 4017/4017/4017
f 4022/4022/4022 4023/4023/4023 4017/4017/4017
f 4023/4023/4023 4022/4022/4022 4021/4021/4021
g 02_Cloth_10_2
f 4026/4026/4026 4025/4025/4025 4024/4024/4024
f 4029/4029/4029 4028/4028/4028 4027/4027/4027
f 4032/4032/4032 4031/4031/4031 4030/4030/4030
f 4031/4031/4031 4033/4033/4033 4030/4030/4030
f 4030/4030/4030 4033/4033/4033 4034/4034/4034
f 4033/4033/4033 4031/4031/4031 4035/4035/4035
f 4031/4031/4031 4036/4036/4036 4035/4035/4035
f 4035/4035/4035 4037/4037/4037 4033/4033/4033
f 4033/4033/4033 4038/4038/4038 4034/4034/4034
f 4037/4037/4037 4038/4038/4038 4033/4033/4033
f 4034/4034/4034 4038/4038/4038 4039/4039/4039
f 4040/4040/4040 4038/4038/4038 4037/4037/4037
f 4038/4038/4038 4040/4040/4040 4039/4039/4039
f 4041/4041/4041 4040/4040/4040 4037/4037/4037
f 4039/4039/4039 4040/4040/4040 4042/4042/4042
f 4040/4040/4040 4041/4041/4041 4043/4043/4043
f 4040/4040/4040 4044/4044/4044 4042/4042/4042
f 4044/4044/4044 4040/4040/4040 4043/4043/4043
f 4042/4042/4042 4044/4044/4044 4045/4045/4045
f 4045/4045/4045 4044/4044/4044 4043/4043/4043
f 4046/4046/4046 4045/4045/4045 4043/4043/4043
f 4047/4047/4047 4042/4042/4042 4045/4045/4045
f 4046/4046/4046 4048/4048/4048 4045/4045/4045
f 4045/4045/4045 4049/4049/4049 4047/4047/4047
f 4048/4048/4048 4049/4049/4049 4045/4045/4045
f 4049/4049/4049 4050/4050/4050 4047/4047/4047
f 4048/4048/4048 4051/4051/4051 4049/4049/4049
f 4049/4049/4049 4052/4052/4052 4050/4050/4050
f 4051/4051/4051 4052/4052/4052 4049/4049/4049
f 4051/4051/4051 4053/4053/4053 4052/4052/4052
f 4052/4052/4052 4054/4054/4054 4050/4050/4050
f 4053/4053/4053 4055/4055/4055 4052/4052/4052
f 4052/4052/4052 4055/4055/4055 4054/4054/4054
f 4055/4055/4055 4056/4056/4056 4054/4054/4054
f 4055/4055/4055 4057/4057/4057 4056/4056/4056
f 4057/4057/4057 4058/4058/4058 4056/4056/4056
f 4059/4059/4059 4057/4057/4057 4055/4055/4055
f 4060/4060/4060 4059/4059/4059 4055/4055/4055
f 4063/4063/4063 4062/4062/4062 4061/4061/4061
f 4061/4061/4061 4062/4062/4062 4064/4064/4064
f 4064/4064/4064 4062/4062/4062 4065/4065/4065
f 4066/4066/4066 4064/4064/4064 4065/4065/4065
f 4067/4067/4067 4064/4064/4064 4066/4066/4066
f 4065/4065/4065 4062/4062/4062 4068/4068/4068
f 4062/4062/4062 4069/4069/4069 4068/4068/4068
f 4070/4070/4070 4068/4068/4068 4069/4069/4069
f 4071/4071/4071 4070/4070/4070 4069/4069/4069
f 4071/4071/4071 4072/4072/4072 4070/4070/4070
f 4072/4072/4072 4073/4073/4073 4070/4070/4070
f 4070/4070/4070 4073/4073/4073 4074/4074/4074
f 4075/4075/4075 4070/4070/4070 4074/4074/4074
f 4074/4074/4074 4076/4076/4076 4075/4075/4075
f 4076/4076/4076 4077/4077/4077 4075/4075/4075
f 4076/4076/4076 4078/4078/4078 4077/4077/4077
f 4078/4078/4078 4079/4079/4079 4077/4077/4077
f 4078/4078/4078 4080/4080/4080 4079/4079/4079
f 4076/4076/4076 4081/4081/4081 4078/4078/4078
f 4076/4076/4076 4082/4082/4082 4081/4081/4081
f 4084/4084/4084 4083/4083/4083 4080/4080/4080
f 4085/4085/4085 4084/4084/4084 4080/4080/4080
f 4085/4085/4085 4080/4080/4080 4086/4086/4086
f 4084/4084/4084 4087/4087/4087 4083/4083/4083
f 4087/4087/4087 4088/4088/4088 4083/4083/4083
f 4088/4088/4088 4087/4087/4087 4089/4089/4089
f 4087/4087/4087 4090/4090/4090 4089/4089/4089
f 4089/4089/4089 4090/4090/4090 4067/4067/4067
f 4084/4084/4084 4085/4085/4085 4091/4091/4091
f 4090/4090/4090 4092/4092/4092 4067/4067/4067
f 4067/4067/4067 4092/4092/4092 4093/4093/4093
f 4092/4092/4092 4090/4090/4090 4094/4094/4094
f 4095/4095/4095 4085/4085/4085 4086/4086/4086
f 4095/4095/4095 4086/4086/4086 4096/4096/4096
f 4092/4092/4092 4097/4097/4097 4093/4093/4093
f 4093/4093/4093 4097/4097/4097 4098/4098/4098
f 4085/4085/4085 4099/4099/4099 4091/4091/4091
f 4085/4085/4085 4095/4095/4095 4099/4099/4099
f 4100/4100/4100 4092/4092/4092 4094/4094/4094
f 4097/4097/4097 4092/4092/4092 4100/4100/4100
f 4101/4101/4101 4095/4095/4095 4096/4096/4096
f 4095/4095/4095 4102/4102/4102 4099/4099/4099
f 4095/4095/4095 4101/4101/4101 4102/4102/4102
f 4101/4101/4101 4096/4096/4096 4103/4103/4103
f 4103/4103/4103 4096/4096/4096 4104/4104/4104
f 4105/4105/4105 4103/4103/4103 4104/4104/4104
f 4105/4105/4105 4104/4104/4104 4106/4106/4106
f 4107/4107/4107 4105/4105/4105 4106/4106/4106
f 4106/4106/4106 4108/4108/4108 4107/4107/4107
f 4109/4109/4109 4101/4101/4101 4103/4103/4103
f 4103/4103/4103 4105/4105/4105 4110/4110/4110
f 4109/4109/4109 4103/4103/4103 4110/4110/4110
f 4105/4105/4105 4111/4111/4111 4110/4110/4110
f 4107/4107/4107 4111/4111/4111 4105/4105/4105
f 4107/4107/4107 4112/4112/4112 4111/4111/4111
f 4107/4107/4107 4113/4113/4113 4112/4112/4112
f 4101/4101/4101 4114/4114/4114 4102/4102/4102
f 4101/4101/4101 4109/4109/4109 4114/4114/4114
f 4115/4115/4115 4109/4109/4109 4110/4110/4110
f 4115/4115/4115 4110/4110/4110 4116/4116/4116
f 4108/4108/4108 4117/4117/4117 4107/4107/4107
f 4107/4107/4107 4117/4117/4117 4113/4113/4113
f 4109/4109/4109 4118/4118/4118 4114/4114/4114
f 4109/4109/4109 4115/4115/4115 4118/4118/4118
f 4119/4119/4119 4115/4115/4115 4116/4116/4116
f 4119/4119/4119 4116/4116/4116 4120/4120/4120
f 4115/4115/4115 4121/4121/4121 4118/4118/4118
f 4115/4115/4115 4119/4119/4119 4121/4121/4121
f 4122/4122/4122 4102/4102/4102 4114/4114/4114
f 4123/4123/4123 4122/4122/4122 4114/4114/4114
f 4114/4114/4114 4118/4118/4118 4123/4123/4123
f 4102/4102/4102 4122/4122/4122 4124/4124/4124
f 4099/4099/4099 4102/4102/4102 4124/4124/4124
f 4118/4118/4118 4125/4125/4125 4123/4123/4123
f 4125/4125/4125 4118/4118/4118 4121/4121/4121
f 4123/4123/4123 4125/4125/4125 4126/4126/4126
f 4124/4124/4124 4127/4127/4127 4099/4099/4099
f 4127/4127/4127 4091/4091/4091 4099/4099/4099
f 4127/4127/4127 4124/4124/4124 4128/4128/4128
f 4125/4125/4125 4129/4129/4129 4126/4126/4126
f 4130/4130/4130 4126/4126/4126 4129/4129/4129
f 4091/4091/4091 4127/4127/4127 4131/4131/4131
f 4132/4132/4132 4091/4091/4091 4131/4131/4131
f 4094/4094/4094 4132/4132/4132 4131/4131/4131
f 4133/4133/4133 4127/4127/4127 4128/4128/4128
f 4133/4133/4133 4128/4128/4128 4134/4134/4134
f 4135/4135/4135 4094/4094/4094 4131/4131/4131
f 4094/4094/4094 4135/4135/4135 4100/4100/4100
f 4131/4131/4131 4127/4127/4127 4136/4136/4136
f 4127/4127/4127 4133/4133/4133 4136/4136/4136
f 4135/4135/4135 4131/4131/4131 4136/4136/4136
f 4137/4137/4137 4130/4130/4130 4129/4129/4129
f 4130/4130/4130 4137/4137/4137 4138/4138/4138
f 4139/4139/4139 4133/4133/4133 4134/4134/4134
f 4140/4140/4140 4136/4136/4136 4133/4133/4133
f 4139/4139/4139 4140/4140/4140 4133/4133/4133
f 4140/4140/4140 4139/4139/4139 4141/4141/4141
f 4142/4142/4142 4139/4139/4139 4134/4134/4134
f 4139/4139/4139 4142/4142/4142 4141/4141/4141
f 4143/4143/4143 4142/4142/4142 4134/4134/4134
f 4142/4142/4142 4143/4143/4143 4144/4144/4144
f 4136/4136/4136 4140/4140/4140 4145/4145/4145
f 4145/4145/4145 4135/4135/4135 4136/4136/4136
f 4146/4146/4146 4142/4142/4142 4144/4144/4144
f 4142/4142/4142 4146/4146/4146 4141/4141/4141
f 4146/4146/4146 4144/4144/4144 4147/4147/4147
f 4144/4144/4144 4148/4148/4148 4147/4147/4147
f 4140/4140/4140 4149/4149/4149 4145/4145/4145
f 4149/4149/4149 4140/4140/4140 4141/4141/4141
f 4146/4146/4146 4150/4150/4150 4141/4141/4141
f 4146/4146/4146 4147/4147/4147 4150/4150/4150
f 4151/4151/4151 4147/4147/4147 4148/4148/4148
f 4152/4152/4152 4151/4151/4151 4148/4148/4148
f 4153/4153/4153 4151/4151/4151 4152/4152/4152
f 4154/4154/4154 4153/4153/4153 4152/4152/4152
f 4155/4155/4155 4153/4153/4153 4154/4154/4154
f 4156/4156/4156 4155/4155/4155 4154/4154/4154
f 4157/4157/4157 4155/4155/4155 4156/4156/4156
f 4158/4158/4158 4157/4157/4157 4156/4156/4156
f 4145/4145/4145 4149/4149/4149 4159/4159/4159
f 4160/4160/4160 4145/4145/4145 4159/4159/4159
f 4135/4135/4135 4145/4145/4145 4160/4160/4160
f 4161/4161/4161 4135/4135/4135 4160/4160/4160
f 4135/4135/4135 4161/4161/4161 4100/4100/4100
f 4149/4149/4149 4162/4162/4162 4159/4159/4159
f 4162/4162/4162 4163/4163/4163 4159/4159/4159
f 4162/4162/4162 4149/4149/4149 4141/4141/4141
f 4163/4163/4163 4162/4162/4162 4164/4164/4164
f 4165/4165/4165 4100/4100/4100 4161/4161/4161
f 4166/4166/4166 4165/4165/4165 4161/4161/4161
f 4165/4165/4165 4097/4097/4097 4100/4100/4100
f 4167/4167/4167 4162/4162/4162 4141/4141/4141
f 4162/4162/4162 4167/4167/4167 4164/4164/4164
f 4150/4150/4150 4167/4167/4167 4141/4141/4141
f 4164/4164/4164 4167/4167/4167 4168/4168/4168
f 4168/4168/4168 4167/4167/4167 4150/4150/4150
f 4169/4169/4169 4164/4164/4164 4168/4168/4168
f 4165/4165/4165 4166/4166/4166 4170/4170/4170
f 4166/4166/4166 4171/4171/4171 4170/4170/4170
f 4172/4172/4172 4097/4097/4097 4165/4165/4165
f 4170/4170/4170 4172/4172/4172 4165/4165/4165
f 4097/4097/4097 4172/4172/4172 4098/4098/4098
f 4098/4098/4098 4172/4172/4172 4173/4173/4173
f 4098/4098/4098 4173/4173/4173 4174/4174/4174
f 4175/4175/4175 4172/4172/4172 4170/4170/4170
f 4172/4172/4172 4175/4175/4175 4173/4173/4173
f 4176/4176/4176 4170/4170/4170 4171/4171/4171
f 4176/4176/4176 4175/4175/4175 4170/4170/4170
f 4173/4173/4173 4177/4177/4177 4174/4174/4174
f 4174/4174/4174 4177/4177/4177 4178/4178/4178
f 4173/4173/4173 4175/4175/4175 4179/4179/4179
f 4177/4177/4177 4173/4173/4173 4179/4179/4179
f 4177/4177/4177 4180/4180/4180 4178/4178/4178
f 4181/4181/4181 4178/4178/4178 4180/4180/4180
f 4182/4182/4182 4177/4177/4177 4179/4179/4179
f 4182/4182/4182 4180/4180/4180 4177/4177/4177
f 4183/4183/4183 4180/4180/4180 4182/4182/4182
f 4184/4184/4184 4180/4180/4180 4183/4183/4183
f 4175/4175/4175 4185/4185/4185 4179/4179/4179
f 4185/4185/4185 4175/4175/4175 4176/4176/4176
f 4179/4179/4179 4185/4185/4185 4186/4186/4186
f 4187/4187/4187 4176/4176/4176 4171/4171/4171
f 4187/4187/4187 4171/4171/4171 4188/4188/4188
f 4185/4185/4185 4189/4189/4189 4186/4186/4186
f 4186/4186/4186 4189/4189/4189 4190/4190/4190
f 4191/4191/4191 4185/4185/4185 4176/4176/4176
f 4176/4176/4176 4187/4187/4187 4191/4191/4191
f 4189/4189/4189 4185/4185/4185 4191/4191/4191
f 4192/4192/4192 4180/4180/4180 4184/4184/4184
f 4192/4192/4192 4181/4181/4181 4180/4180/4180
f 4193/4193/4193 4187/4187/4187 4188/4188/4188
f 4188/4188/4188 4194/4194/4194 4193/4193/4193
f 4194/4194/4194 4195/4195/4195 4193/4193/4193
f 4195/4195/4195 4194/4194/4194 4196/4196/4196
f 4187/4187/4187 4193/4193/4193 4197/4197/4197
f 4197/4197/4197 4193/4193/4193 4198/4198/4198
f 4193/4193/4193 4195/4195/4195 4198/4198/4198
f 4199/4199/4199 4187/4187/4187 4197/4197/4197
f 4187/4187/4187 4199/4199/4199 4191/4191/4191
f 4198/4198/4198 4195/4195/4195 4200/4200/4200
f 4201/4201/4201 4191/4191/4191 4199/4199/4199
f 4202/4202/4202 4201/4201/4201 4199/4199/4199
f 4201/4201/4201 4189/4189/4189 4191/4191/4191
f 4195/4195/4195 4203/4203/4203 4200/4200/4200
f 4203/4203/4203 4195/4195/4195 4196/4196/4196
f 4200/4200/4200 4203/4203/4203 4204/4204/4204
f 4205/4205/4205 4203/4203/4203 4196/4196/4196
f 4203/4203/4203 4205/4205/4205 4204/4204/4204
f 4206/4206/4206 4205/4205/4205 4196/4196/4196
f 4204/4204/4204 4205/4205/4205 4207/4207/4207
f 4208/4208/4208 4205/4205/4205 4206/4206/4206
f 4205/4205/4205 4208/4208/4208 4207/4207/4207
f 4209/4209/4209 4208/4208/4208 4206/4206/4206
f 4209/4209/4209 4210/4210/4210 4208/4208/4208
f 4208/4208/4208 4211/4211/4211 4207/4207/4207
f 4210/4210/4210 4211/4211/4211 4208/4208/4208
f 4211/4211/4211 4212/4212/4212 4207/4207/4207
f 4210/4210/4210 4213/4213/4213 4211/4211/4211
f 4211/4211/4211 4214/4214/4214 4212/4212/4212
f 4213/4213/4213 4214/4214/4214 4211/4211/4211
f 4214/4214/4214 4215/4215/4215 4212/4212/4212
f 4213/4213/4213 4216/4216/4216 4214/4214/4214
f 4214/4214/4214 4217/4217/4217 4215/4215/4215
f 4216/4216/4216 4217/4217/4217 4214/4214/4214
f 4217/4217/4217 4218/4218/4218 4215/4215/4215
f 4216/4216/4216 4219/4219/4219 4217/4217/4217
f 4217/4217/4217 4220/4220/4220 4218/4218/4218
f 4219/4219/4219 4220/4220/4220 4217/4217/4217
f 4220/4220/4220 4221/4221/4221 4218/4218/4218
f 4219/4219/4219 4222/4222/4222 4220/4220/4220
f 4220/4220/4220 4223/4223/4223 4221/4221/4221
f 4222/4222/4222 4223/4223/4223 4220/4220/4220
f 4219/4219/4219 4224/4224/4224 4222/4222/4222
f 4225/4225/4225 4224/4224/4224 4219/4219/4219
f 4226/4226/4226 4224/4224/4224 4225/4225/4225
f 4223/4223/4223 4227/4227/4227 4221/4221/4221
f 4227/4227/4227 4228/4228/4228 4221/4221/4221
f 4221/4221/4221 4228/4228/4228 4229/4229/4229
f 4229/4229/4229 4228/4228/4228 4230/4230/4230
f 4222/4222/4222 4231/4231/4231 4223/4223/4223
f 4223/4223/4223 4232/4232/4232 4227/4227/4227
f 4231/4231/4231 4232/4232/4232 4223/4223/4223
f 4224/4224/4224 4233/4233/4233 4222/4222/4222
f 4233/4233/4233 4231/4231/4231 4222/4222/4222
f 4227/4227/4227 4234/4234/4234 4228/4228/4228
f 4232/4232/4232 4234/4234/4234 4227/4227/4227
f 4231/4231/4231 4235/4235/4235 4232/4232/4232
f 4233/4233/4233 4236/4236/4236 4231/4231/4231
f 4236/4236/4236 4235/4235/4235 4231/4231/4231
f 4232/4232/4232 4237/4237/4237 4234/4234/4234
f 4235/4235/4235 4237/4237/4237 4232/4232/4232
f 4238/4238/4238 4233/4233/4233 4224/4224/4224
f 4239/4239/4239 4236/4236/4236 4233/4233/4233
f 4238/4238/4238 4239/4239/4239 4233/4233/4233
f 4240/4240/4240 4238/4238/4238 4224/4224/4224
f 4240/4240/4240 4224/4224/4224 4226/4226/4226
f 4236/4236/4236 4241/4241/4241 4235/4235/4235
f 4241/4241/4241 4242/4242/4242 4235/4235/4235
f 4235/4235/4235 4242/4242/4242 4237/4237/4237
f 4243/4243/4243 4241/4241/4241 4236/4236/4236
f 4239/4239/4239 4243/4243/4243 4236/4236/4236
f 4242/4242/4242 4244/4244/4244 4237/4237/4237
f 4245/4245/4245 4243/4243/4243 4239/4239/4239
f 4237/4237/4237 4244/4244/4244 4246/4246/4246
f 4237/4237/4237 4246/4246/4246 4234/4234/4234
f 4244/4244/4244 4247/4247/4247 4246/4246/4246
f 4248/4248/4248 4245/4245/4245 4239/4239/4239
f 4249/4249/4249 4245/4245/4245 4248/4248/4248
f 4248/4248/4248 4239/4239/4239 4238/4238/4238
f 4250/4250/4250 4249/4249/4249 4248/4248/4248
f 4234/4234/4234 4246/4246/4246 4251/4251/4251
f 4234/4234/4234 4251/4251/4251 4228/4228/4228
f 4246/4246/4246 4247/4247/4247 4252/4252/4252
f 4246/4246/4246 4252/4252/4252 4251/4251/4251
f 4247/4247/4247 4253/4253/4253 4252/4252/4252
f 4254/4254/4254 4248/4248/4248 4238/4238/4238
f 4254/4254/4254 4238/4238/4238 4240/4240/4240
f 4255/4255/4255 4250/4250/4250 4248/4248/4248
f 4255/4255/4255 4248/4248/4248 4254/4254/4254
f 4228/4228/4228 4251/4251/4251 4256/4256/4256
f 4230/4230/4230 4228/4228/4228 4256/4256/4256
f 4251/4251/4251 4252/4252/4252 4257/4257/4257
f 4251/4251/4251 4257/4257/4257 4256/4256/4256
f 4252/4252/4252 4253/4253/4253 4258/4258/4258
f 4252/4252/4252 4258/4258/4258 4257/4257/4257
f 4253/4253/4253 4259/4259/4259 4258/4258/4258
f 4260/4260/4260 4254/4254/4254 4240/4240/4240
f 4260/4260/4260 4240/4240/4240 4226/4226/4226
f 4258/4258/4258 4259/4259/4259 4261/4261/4261
f 4259/4259/4259 4262/4262/4262 4261/4261/4261
f 4257/4257/4257 4258/4258/4258 4263/4263/4263
f 4258/4258/4258 4261/4261/4261 4263/4263/4263
f 4256/4256/4256 4257/4257/4257 4264/4264/4264
f 4257/4257/4257 4263/4263/4263 4264/4264/4264
f 4230/4230/4230 4256/4256/4256 4265/4265/4265
f 4256/4256/4256 4264/4264/4264 4265/4265/4265
f 4261/4261/4261 4262/4262/4262 4266/4266/4266
f 4262/4262/4262 4267/4267/4267 4266/4266/4266
f 4263/4263/4263 4261/4261/4261 4268/4268/4268
f 4261/4261/4261 4266/4266/4266 4268/4268/4268
f 4264/4264/4264 4263/4263/4263 4269/4269/4269
f 4263/4263/4263 4268/4268/4268 4269/4269/4269
f 4266/4266/4266 4267/4267/4267 4270/4270/4270
f 4267/4267/4267 4271/4271/4271 4270/4270/4270
f 4271/4271/4271 4272/4272/4272 4270/4270/4270
f 4268/4268/4268 4266/4266/4266 4273/4273/4273
f 4266/4266/4266 4270/4270/4270 4273/4273/4273
f 4272/4272/4272 4274/4274/4274 4270/4270/4270
f 4270/4270/4270 4274/4274/4274 4273/4273/4273
f 4272/4272/4272 4275/4275/4275 4274/4274/4274
f 4268/4268/4268 4273/4273/4273 4276/4276/4276
f 4269/4269/4269 4268/4268/4268 4276/4276/4276
f 4264/4264/4264 4269/4269/4269 4277/4277/4277
f 4265/4265/4265 4264/4264/4264 4277/4277/4277
f 4274/4274/4274 4278/4278/4278 4273/4273/4273
f 4273/4273/4273 4278/4278/4278 4276/4276/4276
f 4275/4275/4275 4279/4279/4279 4274/4274/4274
f 4274/4274/4274 4279/4279/4279 4278/4278/4278
f 4275/4275/4275 4280/4280/4280 4279/4279/4279
f 4269/4269/4269 4276/4276/4276 4281/4281/4281
f 4277/4277/4277 4269/4269/4269 4281/4281/4281
f 4278/4278/4278 4282/4282/4282 4276/4276/4276
f 4276/4276/4276 4282/4282/4282 4281/4281/4281
f 4279/4279/4279 4283/4283/4283 4278/4278/4278
f 4278/4278/4278 4283/4283/4283 4282/4282/4282
f 4280/4280/4280 4284/4284/4284 4279/4279/4279
f 4279/4279/4279 4284/4284/4284 4283/4283/4283
f 4280/4280/4280 4285/4285/4285 4284/4284/4284
f 4285/4285/4285 4286/4286/4286 4284/4284/4284
f 4285/4285/4285 4287/4287/4287 4286/4286/4286
f 4284/4284/4284 4288/4288/4288 4283/4283/4283
f 4284/4284/4284 4286/4286/4286 4288/4288/4288
f 4283/4283/4283 4289/4289/4289 4282/4282/4282
f 4283/4283/4283 4288/4288/4288 4289/4289/4289
f 4282/4282/4282 4290/4290/4290 4281/4281/4281
f 4282/4282/4282 4289/4289/4289 4290/4290/4290
f 4277/4277/4277 4281/4281/4281 4291/4291/4291
f 4281/4281/4281 4290/4290/4290 4291/4291/4291
f 4287/4287/4287 4292/4292/4292 4286/4286/4286
f 4287/4287/4287 4293/4293/4293 4292/4292/4292
f 4286/4286/4286 4294/4294/4294 4288/4288/4288
f 4286/4286/4286 4292/4292/4292 4294/4294/4294
f 4288/4288/4288 4295/4295/4295 4289/4289/4289
f 4288/4288/4288 4294/4294/4294 4295/4295/4295
f 4289/4289/4289 4296/4296/4296 4290/4290/4290
f 4289/4289/4289 4295/4295/4295 4296/4296/4296
f 4293/4293/4293 4297/4297/4297 4292/4292/4292
f 4293/4293/4293 4298/4298/4298 4297/4297/4297
f 4292/4292/4292 4299/4299/4299 4294/4294/4294
f 4292/4292/4292 4297/4297/4297 4299/4299/4299
f 4294/4294/4294 4300/4300/4300 4295/4295/4295
f 4294/4294/4294 4299/4299/4299 4300/4300/4300
f 4298/4298/4298 4301/4301/4301 4297/4297/4297
f 4298/4298/4298 4302/4302/4302 4301/4301/4301
f 4297/4297/4297 4303/4303/4303 4299/4299/4299
f 4297/4297/4297 4301/4301/4301 4303/4303/4303
f 4302/4302/4302 4304/4304/4304 4301/4301/4301
f 4302/4302/4302 4305/4305/4305 4304/4304/4304
f 4290/4290/4290 4296/4296/4296 4306/4306/4306
f 4290/4290/4290 4306/4306/4306 4291/4291/4291
f 4295/4295/4295 4307/4307/4307 4296/4296/4296
f 4300/4300/4300 4307/4307/4307 4295/4295/4295
f 4296/4296/4296 4307/4307/4307 4308/4308/4308
f 4296/4296/4296 4308/4308/4308 4306/4306/4306
f 4300/4300/4300 4309/4309/4309 4307/4307/4307
f 4307/4307/4307 4310/4310/4310 4308/4308/4308
f 4300/4300/4300 4311/4311/4311 4309/4309/4309
f 4308/4308/4308 4310/4310/4310 4312/4312/4312
f 4310/4310/4310 4313/4313/4313 4312/4312/4312
f 4306/4306/4306 4308/4308/4308 4314/4314/4314
f 4308/4308/4308 4312/4312/4312 4314/4314/4314
f 4291/4291/4291 4306/4306/4306 4315/4315/4315
f 4306/4306/4306 4314/4314/4314 4315/4315/4315
f 4312/4312/4312 4313/4313/4313 4316/4316/4316
f 4313/4313/4313 4317/4317/4317 4316/4316/4316
f 4314/4314/4314 4312/4312/4312 4318/4318/4318
f 4312/4312/4312 4316/4316/4316 4318/4318/4318
f 4316/4316/4316 4317/4317/4317 4319/4319/4319
f 4317/4317/4317 4320/4320/4320 4319/4319/4319
f 4316/4316/4316 4319/4319/4319 4321/4321/4321
f 4318/4318/4318 4316/4316/4316 4321/4321/4321
f 4319/4319/4319 4320/4320/4320 4322/4322/4322
f 4319/4319/4319 4322/4322/4322 4321/4321/4321
f 4320/4320/4320 4323/4323/4323 4322/4322/4322
f 4323/4323/4323 4324/4324/4324 4322/4322/4322
f 4314/4314/4314 4318/4318/4318 4325/4325/4325
f 4315/4315/4315 4314/4314/4314 4325/4325/4325
f 4326/4326/4326 4291/4291/4291 4315/4315/4315
f 4326/4326/4326 4277/4277/4277 4291/4291/4291
f 4265/4265/4265 4277/4277/4277 4326/4326/4326
f 4327/4327/4327 4326/4326/4326 4315/4315/4315
f 4327/4327/4327 4315/4315/4315 4325/4325/4325
f 4328/4328/4328 4265/4265/4265 4326/4326/4326
f 4328/4328/4328 4326/4326/4326 4327/4327/4327
f 4230/4230/4230 4265/4265/4265 4328/4328/4328
f 4329/4329/4329 4230/4230/4230 4328/4328/4328
f 4329/4329/4329 4328/4328/4328 4330/4330/4330
f 4330/4330/4330 4328/4328/4328 4327/4327/4327
f 4331/4331/4331 4329/4329/4329 4330/4330/4330
f 4325/4325/4325 4318/4318/4318 4332/4332/4332
f 4318/4318/4318 4321/4321/4321 4332/4332/4332
f 4333/4333/4333 4327/4327/4327 4325/4325/4325
f 4330/4330/4330 4327/4327/4327 4333/4333/4333
f 4333/4333/4333 4325/4325/4325 4332/4332/4332
f 4331/4331/4331 4330/4330/4330 4334/4334/4334
f 4334/4334/4334 4330/4330/4330 4333/4333/4333
f 4335/4335/4335 4331/4331/4331 4334/4334/4334
f 4336/4336/4336 4333/4333/4333 4332/4332/4332
f 4334/4334/4334 4333/4333/4333 4336/4336/4336
f 4335/4335/4335 4334/4334/4334 4337/4337/4337
f 4337/4337/4337 4334/4334/4334 4336/4336/4336
f 4338/4338/4338 4335/4335/4335 4337/4337/4337
f 4338/4338/4338 4337/4337/4337 4339/4339/4339
f 4339/4339/4339 4337/4337/4337 4336/4336/4336
f 4340/4340/4340 4338/4338/4338 4339/4339/4339
f 4341/4341/4341 4340/4340/4340 4339/4339/4339
f 4332/4332/4332 4321/4321/4321 4342/4342/4342
f 4336/4336/4336 4332/4332/4332 4342/4342/4342
f 4343/4343/4343 4339/4339/4339 4336/4336/4336
f 4343/4343/4343 4336/4336/4336 4342/4342/4342
f 4342/4342/4342 4344/4344/4344 4343/4343/4343
f 4321/4321/4321 4345/4345/4345 4342/4342/4342
f 4344/4344/4344 4342/4342/4342 4345/4345/4345
f 4322/4322/4322 4345/4345/4345 4321/4321/4321
f 4346/4346/4346 4341/4341/4341 4339/4339/4339
f 4346/4346/4346 4339/4339/4339 4343/4343/4343
f 4322/4322/4322 4347/4347/4347 4345/4345/4345
f 4324/4324/4324 4347/4347/4347 4322/4322/4322
f 4344/4344/4344 4348/4348/4348 4343/4343/4343
f 4348/4348/4348 4346/4346/4346 4343/4343/4343
f 4346/4346/4346 4348/4348/4348 4349/4349/4349
f 4348/4348/4348 4344/4344/4344 4349/4349/4349
f 4346/4346/4346 4350/4350/4350 4341/4341/4341
f 4350/4350/4350 4346/4346/4346 4349/4349/4349
f 4350/4350/4350 4351/4351/4351 4341/4341/4341
f 4351/4351/4351 4350/4350/4350 4352/4352/4352
f 4352/4352/4352 4350/4350/4350 4349/4349/4349
f 4353/4353/4353 4351/4351/4351 4352/4352/4352
f 4352/4352/4352 4354/4354/4354 4353/4353/4353
f 4354/4354/4354 4355/4355/4355 4353/4353/4353
f 4356/4356/4356 4344/4344/4344 4345/4345/4345
f 4347/4347/4347 4356/4356/4356 4345/4345/4345
f 4344/4344/4344 4356/4356/4356 4357/4357/4357
f 4356/4356/4356 4347/4347/4347 4357/4357/4357
f 4344/4344/4344 4358/4358/4358 4349/4349/4349
f 4358/4358/4358 4344/4344/4344 4357/4357/4357
f 4359/4359/4359 4352/4352/4352 4349/4349/4349
f 4354/4354/4354 4352/4352/4352 4359/4359/4359
f 4349/4349/4349 4358/4358/4358 4360/4360/4360
f 4358/4358/4358 4357/4357/4357 4360/4360/4360
f 4359/4359/4359 4349/4349/4349 4360/4360/4360
f 4347/4347/4347 4361/4361/4361 4357/4357/4357
f 4361/4361/4361 4347/4347/4347 4324/4324/4324
f 4362/4362/4362 4361/4361/4361 4324/4324/4324
f 4361/4361/4361 4362/4362/4362 4363/4363/4363
f 4361/4361/4361 4363/4363/4363 4357/4357/4357
f 4362/4362/4362 4364/4364/4364 4363/4363/4363
f 4357/4357/4357 4365/4365/4365 4360/4360/4360
f 4363/4363/4363 4365/4365/4365 4357/4357/4357
f 4366/4366/4366 4363/4363/4363 4364/4364/4364
f 4363/4363/4363 4366/4366/4366 4365/4365/4365
f 4367/4367/4367 4366/4366/4366 4364/4364/4364
f 4360/4360/4360 4368/4368/4368 4359/4359/4359
f 4368/4368/4368 4360/4360/4360 4365/4365/4365
f 4369/4369/4369 4354/4354/4354 4359/4359/4359
f 4368/4368/4368 4369/4369/4369 4359/4359/4359
f 4370/4370/4370 4368/4368/4368 4365/4365/4365
f 4366/4366/4366 4370/4370/4370 4365/4365/4365
f 4368/4368/4368 4371/4371/4371 4369/4369/4369
f 4371/4371/4371 4368/4368/4368 4370/4370/4370
f 4354/4354/4354 4369/4369/4369 4372/4372/4372
f 4371/4371/4371 4372/4372/4372 4369/4369/4369
f 4370/4370/4370 4366/4366/4366 4373/4373/4373
f 4373/4373/4373 4371/4371/4371 4370/4370/4370
f 4374/4374/4374 4366/4366/4366 4367/4367/4367
f 4366/4366/4366 4374/4374/4374 4373/4373/4373
f 4375/4375/4375 4371/4371/4371 4373/4373/4373
f 4371/4371/4371 4375/4375/4375 4372/4372/4372
f 4376/4376/4376 4354/4354/4354 4372/4372/4372
f 4354/4354/4354 4376/4376/4376 4355/4355/4355
f 4377/4377/4377 4374/4374/4374 4367/4367/4367
f 4367/4367/4367 4378/4378/4378 4377/4377/4377
f 4379/4379/4379 4373/4373/4373 4374/4374/4374
f 4379/4379/4379 4375/4375/4375 4373/4373/4373
f 4375/4375/4375 4379/4379/4379 4380/4380/4380
f 4375/4375/4375 4381/4381/4381 4372/4372/4372
f 4372/4372/4372 4381/4381/4381 4376/4376/4376
f 4381/4381/4381 4375/4375/4375 4380/4380/4380
f 4376/4376/4376 4382/4382/4382 4355/4355/4355
f 4202/4202/4202 4355/4355/4355 4382/4382/4382
f 4201/4201/4201 4202/4202/4202 4382/4382/4382
f 4383/4383/4383 4379/4379/4379 4374/4374/4374
f 4383/4383/4383 4374/4374/4374 4377/4377/4377
f 4378/4378/4378 4384/4384/4384 4377/4377/4377
f 4384/4384/4384 4378/4378/4378 4385/4385/4385
f 4381/4381/4381 4386/4386/4386 4376/4376/4376
f 4376/4376/4376 4386/4386/4386 4382/4382/4382
f 4382/4382/4382 4387/4387/4387 4201/4201/4201
f 4386/4386/4386 4387/4387/4387 4382/4382/4382
f 4387/4387/4387 4189/4189/4189 4201/4201/4201
f 4189/4189/4189 4387/4387/4387 4190/4190/4190
f 4386/4386/4386 4381/4381/4381 4388/4388/4388
f 4388/4388/4388 4381/4381/4381 4380/4380/4380
f 4387/4387/4387 4386/4386/4386 4389/4389/4389
f 4190/4190/4190 4387/4387/4387 4389/4389/4389
f 4389/4389/4389 4386/4386/4386 4388/4388/4388
f 4190/4190/4190 4389/4389/4389 4390/4390/4390
f 4390/4390/4390 4389/4389/4389 4388/4388/4388
f 4391/4391/4391 4190/4190/4190 4390/4390/4390
f 4390/4390/4390 4392/4392/4392 4391/4391/4391
f 4393/4393/4393 4390/4390/4390 4388/4388/4388
f 4388/4388/4388 4380/4380/4380 4393/4393/4393
f 4393/4393/4393 4392/4392/4392 4390/4390/4390
f 4391/4391/4391 4392/4392/4392 4394/4394/4394
f 4394/4394/4394 4392/4392/4392 4395/4395/4395
f 4394/4394/4394 4396/4396/4396 4391/4391/4391
f 4395/4395/4395 4396/4396/4396 4394/4394/4394
f 4397/4397/4397 4396/4396/4396 4395/4395/4395
f 4395/4395/4395 4398/4398/4398 4397/4397/4397
f 4399/4399/4399 4398/4398/4398 4395/4395/4395
f 4400/4400/4400 4398/4398/4398 4399/4399/4399
f 4395/4395/4395 4401/4401/4401 4399/4399/4399
f 4399/4399/4399 4401/4401/4401 4400/4400/4400
f 4402/4402/4402 4398/4398/4398 4400/4400/4400
f 4400/4400/4400 4403/4403/4403 4402/4402/4402
f 4395/4395/4395 4392/4392/4392 4404/4404/4404
f 4404/4404/4404 4401/4401/4401 4395/4395/4395
f 4404/4404/4404 4392/4392/4392 4405/4405/4405
f 4405/4405/4405 4401/4401/4401 4404/4404/4404
f 4406/4406/4406 4392/4392/4392 4393/4393/4393
f 4405/4405/4405 4392/4392/4392 4406/4406/4406
f 4393/4393/4393 4407/4407/4407 4406/4406/4406
f 4406/4406/4406 4407/4407/4407 4405/4405/4405
f 4408/4408/4408 4407/4407/4407 4393/4393/4393
f 4380/4380/4380 4408/4408/4408 4393/4393/4393
f 4408/4408/4408 4380/4380/4380 4409/4409/4409
f 4407/4407/4407 4408/4408/4408 4409/4409/4409
f 4380/4380/4380 4410/4410/4410 4409/4409/4409
f 4379/4379/4379 4410/4410/4410 4380/4380/4380
f 4379/4379/4379 4383/4383/4383 4410/4410/4410
f 4383/4383/4383 4411/4411/4411 4410/4410/4410
f 4412/4412/4412 4409/4409/4409 4410/4410/4410
f 4411/4411/4411 4412/4412/4412 4410/4410/4410
f 4413/4413/4413 4409/4409/4409 4412/4412/4412
f 4383/4383/4383 4414/4414/4414 4411/4411/4411
f 4414/4414/4414 4383/4383/4383 4377/4377/4377
f 4414/4414/4414 4377/4377/4377 4384/4384/4384
f 4411/4411/4411 4120/4120/4120 4412/4412/4412
f 4414/4414/4414 4120/4120/4120 4411/4411/4411
f 4414/4414/4414 4119/4119/4119 4120/4120/4120
f 4119/4119/4119 4414/4414/4414 4384/4384/4384
f 4119/4119/4119 4384/4384/4384 4121/4121/4121
f 4121/4121/4121 4384/4384/4384 4385/4385/4385
f 4385/4385/4385 4125/4125/4125 4121/4121/4121
f 4125/4125/4125 4385/4385/4385 4415/4415/4415
f 4129/4129/4129 4125/4125/4125 4415/4415/4415
f 4129/4129/4129 4415/4415/4415 4416/4416/4416
f 4120/4120/4120 4417/4417/4417 4412/4412/4412
f 4413/4413/4413 4412/4412/4412 4417/4417/4417
f 4137/4137/4137 4129/4129/4129 4416/4416/4416
f 4137/4137/4137 4416/4416/4416 4418/4418/4418
f 4419/4419/4419 4137/4137/4137 4418/4418/4418
f 4419/4419/4419 4418/4418/4418 4420/4420/4420
f 4137/4137/4137 4419/4419/4419 4138/4138/4138
f 4421/4421/4421 4419/4419/4419 4420/4420/4420
f 4419/4419/4419 4421/4421/4421 4138/4138/4138
f 4421/4421/4421 4422/4422/4422 4138/4138/4138
f 4421/4421/4421 4420/4420/4420 4423/4423/4423
f 4421/4421/4421 4424/4424/4424 4422/4422/4422
f 4424/4424/4424 4421/4421/4421 4423/4423/4423
f 4424/4424/4424 4425/4425/4425 4422/4422/4422
f 4426/4426/4426 4425/4425/4425 4424/4424/4424
f 4427/4427/4427 4424/4424/4424 4423/4423/4423
f 4427/4427/4427 4426/4426/4426 4424/4424/4424
f 4428/4428/4428 4427/4427/4427 4423/4423/4423
f 4429/4429/4429 4426/4426/4426 4427/4427/4427
f 4430/4430/4430 4427/4427/4427 4428/4428/4428
f 4430/4430/4430 4429/4429/4429 4427/4427/4427
f 4431/4431/4431 4430/4430/4430 4428/4428/4428
f 4432/4432/4432 4429/4429/4429 4430/4430/4430
f 4433/4433/4433 4430/4430/4430 4431/4431/4431
f 4433/4433/4433 4432/4432/4432 4430/4430/4430
f 4434/4434/4434 4433/4433/4433 4431/4431/4431
f 4435/4435/4435 4432/4432/4432 4433/4433/4433
f 4436/4436/4436 4433/4433/4433 4434/4434/4434
f 4436/4436/4436 4435/4435/4435 4433/4433/4433
f 4311/4311/4311 4436/4436/4436 4434/4434/4434
f 4437/4437/4437 4435/4435/4435 4436/4436/4436
f 4438/4438/4438 4436/4436/4436 4311/4311/4311
f 4438/4438/4438 4437/4437/4437 4436/4436/4436
f 4439/4439/4439 4435/4435/4435 4437/4437/4437
f 4439/4439/4439 4440/4440/4440 4435/4435/4435
f 4439/4439/4439 4158/4158/4158 4440/4440/4440
f 4441/4441/4441 4438/4438/4438 4311/4311/4311
f 4300/4300/4300 4441/4441/4441 4311/4311/4311
f 4299/4299/4299 4441/4441/4441 4300/4300/4300
f 4299/4299/4299 4303/4303/4303 4441/4441/4441
f 4303/4303/4303 4438/4438/4438 4441/4441/4441
f 4303/4303/4303 4442/4442/4442 4438/4438/4438
f 4442/4442/4442 4437/4437/4437 4438/4438/4438
f 4301/4301/4301 4442/4442/4442 4303/4303/4303
f 4301/4301/4301 4304/4304/4304 4442/4442/4442
f 4442/4442/4442 4443/4443/4443 4437/4437/4437
f 4304/4304/4304 4443/4443/4443 4442/4442/4442
f 4443/4443/4443 4439/4439/4439 4437/4437/4437
f 4304/4304/4304 4444/4444/4444 4443/4443/4443
f 4305/4305/4305 4444/4444/4444 4304/4304/4304
f 4305/4305/4305 4445/4445/4445 4444/4444/4444
f 4443/4443/4443 4446/4446/4446 4439/4439/4439
f 4444/4444/4444 4446/4446/4446 4443/4443/4443
f 4445/4445/4445 4447/4447/4447 4444/4444/4444
f 4444/4444/4444 4447/4447/4447 4446/4446/4446
f 4445/4445/4445 4448/4448/4448 4447/4447/4447
f 4448/4448/4448 4250/4250/4250 4447/4447/4447
f 4250/4250/4250 4255/4255/4255 4447/4447/4447
f 4446/4446/4446 4449/4449/4449 4439/4439/4439
f 4439/4439/4439 4449/4449/4449 4158/4158/4158
f 4447/4447/4447 4450/4450/4450 4446/4446/4446
f 4447/4447/4447 4255/4255/4255 4450/4450/4450
f 4446/4446/4446 4450/4450/4450 4449/4449/4449
f 4449/4449/4449 4451/4451/4451 4158/4158/4158
f 4450/4450/4450 4451/4451/4451 4449/4449/4449
f 4451/4451/4451 4157/4157/4157 4158/4158/4158
f 4255/4255/4255 4452/4452/4452 4450/4450/4450
f 4450/4450/4450 4452/4452/4452 4451/4451/4451
f 4452/4452/4452 4255/4255/4255 4254/4254/4254
f 4452/4452/4452 4254/4254/4254 4260/4260/4260
f 4452/4452/4452 4453/4453/4453 4451/4451/4451
f 4451/4451/4451 4453/4453/4453 4157/4157/4157
f 4453/4453/4453 4452/4452/4452 4260/4260/4260
f 4453/4453/4453 4454/4454/4454 4157/4157/4157
f 4157/4157/4157 4454/4454/4454 4155/4155/4155
f 4453/4453/4453 4260/4260/4260 4455/4455/4455
f 4454/4454/4454 4453/4453/4453 4455/4455/4455
f 4455/4455/4455 4260/4260/4260 4226/4226/4226
f 4455/4455/4455 4226/4226/4226 4456/4456/4456
f 4457/4457/4457 4455/4455/4455 4456/4456/4456
f 4454/4454/4454 4455/4455/4455 4457/4457/4457
f 4457/4457/4457 4456/4456/4456 4458/4458/4458
f 4454/4454/4454 4459/4459/4459 4155/4155/4155
f 4459/4459/4459 4454/4454/4454 4457/4457/4457
f 4155/4155/4155 4459/4459/4459 4153/4153/4153
f 4460/4460/4460 4457/4457/4457 4458/4458/4458
f 4459/4459/4459 4457/4457/4457 4460/4460/4460
f 4460/4460/4460 4458/4458/4458 4461/4461/4461
f 4459/4459/4459 4462/4462/4462 4153/4153/4153
f 4462/4462/4462 4459/4459/4459 4460/4460/4460
f 4153/4153/4153 4462/4462/4462 4151/4151/4151
f 4463/4463/4463 4460/4460/4460 4461/4461/4461
f 4462/4462/4462 4460/4460/4460 4463/4463/4463
f 4463/4463/4463 4461/4461/4461 4169/4169/4169
f 4168/4168/4168 4463/4463/4463 4169/4169/4169
f 4462/4462/4462 4464/4464/4464 4151/4151/4151
f 4464/4464/4464 4462/4462/4462 4463/4463/4463
f 4464/4464/4464 4463/4463/4463 4168/4168/4168
f 4151/4151/4151 4464/4464/4464 4147/4147/4147
f 4465/4465/4465 4464/4464/4464 4168/4168/4168
f 4464/4464/4464 4465/4465/4465 4147/4147/4147
f 4465/4465/4465 4168/4168/4168 4150/4150/4150
f 4147/4147/4147 4465/4465/4465 4150/4150/4150
f 4468/4468/4468 4467/4467/4467 4466/4466/4466
f 4468/4468/4468 4466/4466/4466 4469/4469/4469
f 4466/4466/4466 4470/4470/4470 4469/4469/4469
f 4470/4470/4470 4471/4471/4471 4469/4469/4469
f 4471/4471/4471 4472/4472/4472 4469/4469/4469
f 4472/4472/4472 4473/4473/4473 4469/4469/4469
f 4469/4469/4469 4473/4473/4473 4468/4468/4468
f 4473/4473/4473 4472/4472/4472 4474/4474/4474
f 4473/4473/4473 4475/4475/4475 4468/4468/4468
f 4475/4475/4475 4473/4473/4473 4474/4474/4474
f 4475/4475/4475 4476/4476/4476 4468/4468/4468
f 4475/4475/4475 4474/4474/4474 4477/4477/4477
f 4476/4476/4476 4475/4475/4475 4477/4477/4477
f 4478/4478/4478 4476/4476/4476 4477/4477/4477
f 4474/4474/4474 4479/4479/4479 4477/4477/4477
f 4480/4480/4480 4478/4478/4478 4477/4477/4477
f 4477/4477/4477 4479/4479/4479 4481/4481/4481
f 4481/4481/4481 4480/4480/4480 4477/4477/4477
f 4479/4479/4479 4482/4482/4482 4481/4481/4481
f 4482/4482/4482 4483/4483/4483 4481/4481/4481
f 4481/4481/4481 4484/4484/4484 4480/4480/4480
f 4483/4483/4483 4484/4484/4484 4481/4481/4481
f 4484/4484/4484 4485/4485/4485 4480/4480/4480
f 4485/4485/4485 4484/4484/4484 4486/4486/4486
f 4486/4486/4486 4484/4484/4484 4487/4487/4487
f 4488/4488/4488 4484/4484/4484 4483/4483/4483
f 4484/4484/4484 4488/4488/4488 4487/4487/4487
f 4489/4489/4489 4488/4488/4488 4483/4483/4483
f 4487/4487/4487 4488/4488/4488 4490/4490/4490
f 4489/4489/4489 4491/4491/4491 4488/4488/4488
f 4488/4488/4488 4492/4492/4492 4490/4490/4490
f 4491/4491/4491 4492/4492/4492 4488/4488/4488
f 4495/4495/4495 4494/4494/4494 4493/4493/4493
f 4496/4496/4496 4495/4495/4495 4493/4493/4493
f 4493/4493/4493 4497/4497/4497 4496/4496/4496
f 4496/4496/4496 4497/4497/4497 4498/4498/4498
f 4498/4498/4498 4495/4495/4495 4496/4496/4496
f 4498/4498/4498 4497/4497/4497 4499/4499/4499
f 4499/4499/4499 4500/4500/4500 4498/4498/4498
f 4500/4500/4500 4501/4501/4501 4498/4498/4498
f 4501/4501/4501 4502/4502/4502 4498/4498/4498
f 4498/4498/4498 4502/4502/4502 4495/4495/4495
f 4502/4502/4502 4503/4503/4503 4495/4495/4495
f 4495/4495/4495 4503/4503/4503 4504/4504/4504
f 4503/4503/4503 4505/4505/4505 4504/4504/4504
f 4504/4504/4504 4505/4505/4505 4506/4506/4506
f 4505/4505/4505 4507/4507/4507 4506/4506/4506
f 4506/4506/4506 4507/4507/4507 4508/4508/4508
f 4507/4507/4507 4509/4509/4509 4508/4508/4508
f 4508/4508/4508 4509/4509/4509 4510/4510/4510
f 4510/4510/4510 4511/4511/4511 4508/4508/4508
f 4510/4510/4510 4512/4512/4512 4511/4511/4511
f 4508/4508/4508 4511/4511/4511 4513/4513/4513
f 4513/4513/4513 4514/4514/4514 4508/4508/4508
f 4515/4515/4515 4506/4506/4506 4508/4508/4508
f 4508/4508/4508 4516/4516/4516 4515/4515/4515
f 4517/4517/4517 4506/4506/4506 4515/4515/4515
f 4515/4515/4515 4518/4518/4518 4517/4517/4517
f 4519/4519/4519 4506/4506/4506 4517/4517/4517
f 4504/4504/4504 4506/4506/4506 4519/4519/4519
f 4517/4517/4517 4520/4520/4520 4519/4519/4519
f 4519/4519/4519 4520/4520/4520 4504/4504/4504
f 4504/4504/4504 4520/4520/4520 4521/4521/4521
f 4521/4521/4521 4520/4520/4520 4522/4522/4522
f 4521/4521/4521 4495/4495/4495 4504/4504/4504
f 4522/4522/4522 4495/4495/4495 4521/4521/4521
f 4523/4523/4523 4495/4495/4495 4522/4522/4522
f 4526/4526/4526 4525/4525/4525 4524/4524/4524
f 4527/4527/4527 4526/4526/4526 4524/4524/4524
f 4524/4524/4524 4528/4528/4528 4527/4527/4527
f 4526/4526/4526 4527/4527/4527 4529/4529/4529
f 4530/4530/4530 4526/4526/4526 4529/4529/4529
f 4529/4529/4529 4527/4527/4527 4531/4531/4531
f 4528/4528/4528 4532/4532/4532 4527/4527/4527
f 4527/4527/4527 4532/4532/4532 4531/4531/4531
f 4531/4531/4531 4532/4532/4532 4533/4533/4533
f 4532/4532/4532 4528/4528/4528 4534/4534/4534
f 4532/4532/4532 4535/4535/4535 4533/4533/4533
f 4535/4535/4535 4532/4532/4532 4534/4534/4534
f 4533/4533/4533 4535/4535/4535 4536/4536/4536
f 4535/4535/4535 4534/4534/4534 4537/4537/4537
f 4535/4535/4535 4537/4537/4537 4536/4536/4536
f 4534/4534/4534 4538/4538/4538 4537/4537/4537
f 4538/4538/4538 4539/4539/4539 4537/4537/4537
f 4536/4536/4536 4537/4537/4537 4540/4540/4540
f 4539/4539/4539 4540/4540/4540 4537/4537/4537
f 4541/4541/4541 4536/4536/4536 4540/4540/4540
f 4539/4539/4539 4542/4542/4542 4540/4540/4540
f 4540/4540/4540 4543/4543/4543 4541/4541/4541
f 4542/4542/4542 4543/4543/4543 4540/4540/4540
f 4543/4543/4543 4544/4544/4544 4541/4541/4541
f 4542/4542/4542 4545/4545/4545 4543/4543/4543
f 4543/4543/4543 4546/4546/4546 4544/4544/4544
f 4545/4545/4545 4546/4546/4546 4543/4543/4543
f 4546/4546/4546 4547/4547/4547 4544/4544/4544
f 4545/4545/4545 4548/4548/4548 4546/4546/4546
f 4546/4546/4546 4549/4549/4549 4547/4547/4547
f 4548/4548/4548 4549/4549/4549 4546/4546/4546
f 4548/4548/4548 4550/4550/4550 4549/4549/4549
f 4549/4549/4549 4551/4551/4551 4547/4547/4547
f 4550/4550/4550 4552/4552/4552 4549/4549/4549
f 4549/4549/4549 4552/4552/4552 4551/4551/4551
f 4552/4552/4552 4553/4553/4553 4551/4551/4551
f 4556/4556/4556 4555/4555/4555 4554/4554/4554
f 4554/4554/4554 4557/4557/4557 4556/4556/4556
f 4558/4558/4558 4557/4557/4557 4554/4554/4554
f 4554/4554/4554 4559/4559/4559 4558/4558/4558
f 4560/4560/4560 4557/4557/4557 4558/4558/4558
f 4559/4559/4559 4561/4561/4561 4558/4558/4558
f 4560/4560/4560 4558/4558/4558 4562/4562/4562
f 4558/4558/4558 4561/4561/4561 4562/4562/4562
f 4565/4565/4565 4564/4564/4564 4563/4563/4563
f 4566/4566/4566 4565/4565/4565 4563/4563/4563
f 4566/4566/4566 4563/4563/4563 4567/4567/4567
f 4567/4567/4567 4563/4563/4563 4568/4568/4568
f 4568/4568/4568 4569/4569/4569 4567/4567/4567
f 4567/4567/4567 4569/4569/4569 4570/4570/4570
f 4571/4571/4571 4565/4565/4565 4566/4566/4566
f 4570/4570/4570 4403/4403/4403 4567/4567/4567
f 4572/4572/4572 4571/4571/4571 4566/4566/4566
f 4567/4567/4567 4572/4572/4572 4566/4566/4566
f 4573/4573/4573 4571/4571/4571 4572/4572/4572
f 4567/4567/4567 4403/4403/4403 4574/4574/4574
f 4574/4574/4574 4572/4572/4572 4567/4567/4567
f 4574/4574/4574 4403/4403/4403 4575/4575/4575
f 4575/4575/4575 4572/4572/4572 4574/4574/4574
f 4576/4576/4576 4573/4573/4573 4572/4572/4572
f 4576/4576/4576 4572/4572/4572 4575/4575/4575
f 4577/4577/4577 4573/4573/4573 4576/4576/4576
f 4578/4578/4578 4577/4577/4577 4576/4576/4576
f 4575/4575/4575 4578/4578/4578 4576/4576/4576
f 4579/4579/4579 4577/4577/4577 4578/4578/4578
f 4575/4575/4575 4403/4403/4403 4580/4580/4580
f 4580/4580/4580 4581/4581/4581 4575/4575/4575
f 4580/4580/4580 4403/4403/4403 4400/4400/4400
f 4400/4400/4400 4581/4581/4581 4580/4580/4580
f 4582/4582/4582 4578/4578/4578 4575/4575/4575
f 4575/4575/4575 4581/4581/4581 4582/4582/4582
f 4583/4583/4583 4578/4578/4578 4582/4582/4582
f 4582/4582/4582 4581/4581/4581 4583/4583/4583
f 4584/4584/4584 4579/4579/4579 4578/4578/4578
f 4584/4584/4584 4578/4578/4578 4583/4583/4583
f 4585/4585/4585 4579/4579/4579 4584/4584/4584
f 4586/4586/4586 4585/4585/4585 4584/4584/4584
f 4583/4583/4583 4586/4586/4586 4584/4584/4584
f 4587/4587/4587 4581/4581/4581 4400/4400/4400
f 4588/4588/4588 4581/4581/4581 4587/4587/4587
f 4400/4400/4400 4401/4401/4401 4587/4587/4587
f 4587/4587/4587 4401/4401/4401 4588/4588/4588
f 4585/4585/4585 4586/4586/4586 4589/4589/4589
f 4586/4586/4586 4590/4590/4590 4589/4589/4589
f 4591/4591/4591 4585/4585/4585 4589/4589/4589
f 4591/4591/4591 4589/4589/4589 4592/4592/4592
f 4592/4592/4592 4589/4589/4589 4590/4590/4590
f 4593/4593/4593 4591/4591/4591 4592/4592/4592
f 4594/4594/4594 4586/4586/4586 4583/4583/4583
f 4586/4586/4586 4594/4594/4594 4590/4590/4590
f 4583/4583/4583 4595/4595/4595 4594/4594/4594
f 4595/4595/4595 4590/4590/4590 4594/4594/4594
f 4583/4583/4583 4581/4581/4581 4596/4596/4596
f 4596/4596/4596 4581/4581/4581 4588/4588/4588
f 4596/4596/4596 4595/4595/4595 4583/4583/4583
f 4588/4588/4588 4595/4595/4595 4596/4596/4596
f 4588/4588/4588 4401/4401/4401 4597/4597/4597
f 4597/4597/4597 4598/4598/4598 4588/4588/4588
f 4597/4597/4597 4401/4401/4401 4405/4405/4405
f 4405/4405/4405 4598/4598/4598 4597/4597/4597
f 4593/4593/4593 4592/4592/4592 4599/4599/4599
f 4592/4592/4592 4600/4600/4600 4599/4599/4599
f 4601/4601/4601 4593/4593/4593 4599/4599/4599
f 4601/4601/4601 4599/4599/4599 4602/4602/4602
f 4602/4602/4602 4599/4599/4599 4600/4600/4600
f 4603/4603/4603 4601/4601/4601 4602/4602/4602
f 4604/4604/4604 4595/4595/4595 4588/4588/4588
f 4588/4588/4588 4598/4598/4598 4604/4604/4604
f 4595/4595/4595 4604/4604/4604 4605/4605/4605
f 4598/4598/4598 4605/4605/4605 4604/4604/4604
f 4606/4606/4606 4598/4598/4598 4405/4405/4405
f 4598/4598/4598 4606/4606/4606 4607/4607/4607
f 4405/4405/4405 4407/4407/4407 4606/4606/4606
f 4407/4407/4407 4607/4607/4607 4606/4606/4606
f 4592/4592/4592 4608/4608/4608 4600/4600/4600
f 4609/4609/4609 4600/4600/4600 4608/4608/4608
f 4592/4592/4592 4590/4590/4590 4608/4608/4608
f 4609/4609/4609 4608/4608/4608 4590/4590/4590
f 4595/4595/4595 4610/4610/4610 4590/4590/4590
f 4595/4595/4595 4605/4605/4605 4610/4610/4610
f 4609/4609/4609 4590/4590/4590 4610/4610/4610
f 4609/4609/4609 4610/4610/4610 4605/4605/4605
f 4598/4598/4598 4611/4611/4611 4605/4605/4605
f 4598/4598/4598 4607/4607/4607 4611/4611/4611
f 4612/4612/4612 4605/4605/4605 4611/4611/4611
f 4612/4612/4612 4611/4611/4611 4607/4607/4607
f 4407/4407/4407 4613/4613/4613 4607/4607/4607
f 4407/4407/4407 4409/4409/4409 4613/4613/4613
f 4413/4413/4413 4613/4613/4613 4409/4409/4409
f 4413/4413/4413 4607/4607/4607 4613/4613/4613
f 4609/4609/4609 4605/4605/4605 4614/4614/4614
f 4612/4612/4612 4614/4614/4614 4605/4605/4605
f 4609/4609/4609 4614/4614/4614 4615/4615/4615
f 4612/4612/4612 4615/4615/4615 4614/4614/4614
f 4413/4413/4413 4616/4616/4616 4607/4607/4607
f 4612/4612/4612 4607/4607/4607 4616/4616/4616
f 4413/4413/4413 4617/4617/4617 4616/4616/4616
f 4612/4612/4612 4616/4616/4616 4617/4617/4617
f 4609/4609/4609 4615/4615/4615 4618/4618/4618
f 4609/4609/4609 4618/4618/4618 4600/4600/4600
f 4619/4619/4619 4600/4600/4600 4618/4618/4618
f 4619/4619/4619 4618/4618/4618 4615/4615/4615
f 4413/4413/4413 4620/4620/4620 4617/4617/4617
f 4413/4413/4413 4417/4417/4417 4620/4620/4620
f 4621/4621/4621 4620/4620/4620 4417/4417/4417
f 4621/4621/4621 4617/4617/4617 4620/4620/4620
f 4621/4621/4621 4622/4622/4622 4617/4617/4617
f 4623/4623/4623 4617/4617/4617 4622/4622/4622
f 4612/4612/4612 4617/4617/4617 4624/4624/4624
f 4623/4623/4623 4624/4624/4624 4617/4617/4617
f 4612/4612/4612 4624/4624/4624 4615/4615/4615
f 4623/4623/4623 4615/4615/4615 4624/4624/4624
f 4623/4623/4623 4625/4625/4625 4615/4615/4615
f 4619/4619/4619 4615/4615/4615 4625/4625/4625
f 4619/4619/4619 4626/4626/4626 4600/4600/4600
f 4619/4619/4619 4627/4627/4627 4626/4626/4626
f 4602/4602/4602 4600/4600/4600 4626/4626/4626
f 4602/4602/4602 4626/4626/4626 4627/4627/4627
f 4619/4619/4619 4628/4628/4628 4627/4627/4627
f 4629/4629/4629 4627/4627/4627 4628/4628/4628
f 4629/4629/4629 4630/4630/4630 4627/4627/4627
f 4631/4631/4631 4627/4627/4627 4630/4630/4630
f 4602/4602/4602 4627/4627/4627 4632/4632/4632
f 4631/4631/4631 4632/4632/4632 4627/4627/4627
f 4603/4603/4603 4602/4602/4602 4632/4632/4632
f 4633/4633/4633 4603/4603/4603 4632/4632/4632
f 4633/4633/4633 4632/4632/4632 4631/4631/4631
f 4634/4634/4634 4633/4633/4633 4631/4631/4631
f 4637/4637/4637 4636/4636/4636 4635/4635/4635
f 4638/4638/4638 4637/4637/4637 4635/4635/4635
f 4639/4639/4639 4637/4637/4637 4638/4638/4638
f 4639/4639/4639 4640/4640/4640 4637/4637/4637
f 4641/4641/4641 4640/4640/4640 4639/4639/4639
f 4639/4639/4639 4642/4642/4642 4641/4641/4641
f 4635/4635/4635 4643/4643/4643 4638/4638/4638
f 4638/4638/4638 4643/4643/4643 4639/4639/4639
f 4644/4644/4644 4642/4642/4642 4639/4639/4639
f 4639/4639/4639 4643/4643/4643 4644/4644/4644
f 4645/4645/4645 4642/4642/4642 4644/4644/4644
f 4644/4644/4644 4643/4643/4643 4645/4645/4645
f 4646/4646/4646 4642/4642/4642 4645/4645/4645
f 4645/4645/4645 4647/4647/4647 4646/4646/4646
f 4648/4648/4648 4643/4643/4643 4635/4635/4635
f 4645/4645/4645 4643/4643/4643 4648/4648/4648
f 4635/4635/4635 4649/4649/4649 4648/4648/4648
f 4648/4648/4648 4649/4649/4649 4645/4645/4645
f 4650/4650/4650 4647/4647/4647 4645/4645/4645
f 4645/4645/4645 4649/4649/4649 4650/4650/4650
f 4651/4651/4651 4647/4647/4647 4650/4650/4650
f 4650/4650/4650 4649/4649/4649 4651/4651/4651
f 4652/4652/4652 4647/4647/4647 4651/4651/4651
f 4651/4651/4651 4653/4653/4653 4652/4652/4652
f 4654/4654/4654 4653/4653/4653 4651/4651/4651
f 4651/4651/4651 4649/4649/4649 4655/4655/4655
f 4655/4655/4655 4656/4656/4656 4651/4651/4651
f 4651/4651/4651 4656/4656/4656 4654/4654/4654
f 4654/4654/4654 4656/4656/4656 4657/4657/4657
f 4657/4657/4657 4653/4653/4653 4654/4654/4654
f 4657/4657/4657 4656/4656/4656 4658/4658/4658
f 4658/4658/4658 4659/4659/4659 4657/4657/4657
f 4657/4657/4657 4659/4659/4659 4660/4660/4660
f 4660/4660/4660 4653/4653/4653 4657/4657/4657
f 4660/4660/4660 4659/4659/4659 4661/4661/4661
f 4661/4661/4661 4653/4653/4653 4660/4660/4660
f 4662/4662/4662 4653/4653/4653 4661/4661/4661
f 4663/4663/4663 4653/4653/4653 4662/4662/4662
f 4664/4664/4664 4653/4653/4653 4663/4663/4663
f 4663/4663/4663 4665/4665/4665 4664/4664/4664
f 4666/4666/4666 4653/4653/4653 4664/4664/4664
f 4665/4665/4665 4667/4667/4667 4664/4664/4664
f 4666/4666/4666 4664/4664/4664 4668/4668/4668
f 4664/4664/4664 4667/4667/4667 4668/4668/4668
f 4671/4671/4671 4670/4670/4670 4669/4669/4669
f 4670/4670/4670 4672/4672/4672 4669/4669/4669
f 4669/4669/4669 4672/4672/4672 4673/4673/4673
f 4670/4670/4670 4674/4674/4674 4672/4672/4672
f 4670/4670/4670 4675/4675/4675 4674/4674/4674
f 4672/4672/4672 4676/4676/4676 4673/4673/4673
f 4673/4673/4673 4676/4676/4676 4677/4677/4677
f 4672/4672/4672 4678/4678/4678 4676/4676/4676
f 4674/4674/4674 4678/4678/4678 4672/4672/4672
f 4676/4676/4676 4679/4679/4679 4677/4677/4677
f 4678/4678/4678 4679/4679/4679 4676/4676/4676
f 4675/4675/4675 4680/4680/4680 4674/4674/4674
f 4681/4681/4681 4680/4680/4680 4675/4675/4675
f 4679/4679/4679 4682/4682/4682 4677/4677/4677
f 4677/4677/4677 4682/4682/4682 4184/4184/4184
f 4682/4682/4682 4683/4683/4683 4184/4184/4184
f 4184/4184/4184 4683/4683/4683 4192/4192/4192
f 4683/4683/4683 4684/4684/4684 4192/4192/4192
f 4192/4192/4192 4684/4684/4684 4181/4181/4181
f 4684/4684/4684 4685/4685/4685 4181/4181/4181
f 4181/4181/4181 4685/4685/4685 4686/4686/4686
f 4674/4674/4674 4687/4687/4687 4678/4678/4678
f 4680/4680/4680 4688/4688/4688 4674/4674/4674
f 4688/4688/4688 4687/4687/4687 4674/4674/4674
f 4681/4681/4681 4689/4689/4689 4680/4680/4680
f 4689/4689/4689 4688/4688/4688 4680/4680/4680
f 4687/4687/4687 4690/4690/4690 4678/4678/4678
f 4678/4678/4678 4690/4690/4690 4679/4679/4679
f 4691/4691/4691 4689/4689/4689 4681/4681/4681
f 4692/4692/4692 4691/4691/4691 4681/4681/4681
f 4690/4690/4690 4693/4693/4693 4679/4679/4679
f 4679/4679/4679 4693/4693/4693 4682/4682/4682
f 4694/4694/4694 4691/4691/4691 4692/4692/4692
f 4695/4695/4695 4694/4694/4694 4692/4692/4692
f 4693/4693/4693 4696/4696/4696 4682/4682/4682
f 4682/4682/4682 4696/4696/4696 4683/4683/4683
f 4696/4696/4696 4697/4697/4697 4683/4683/4683
f 4683/4683/4683 4697/4697/4697 4684/4684/4684
f 4687/4687/4687 4698/4698/4698 4690/4690/4690
f 4690/4690/4690 4699/4699/4699 4693/4693/4693
f 4698/4698/4698 4699/4699/4699 4690/4690/4690
f 4693/4693/4693 4700/4700/4700 4696/4696/4696
f 4699/4699/4699 4700/4700/4700 4693/4693/4693
f 4696/4696/4696 4701/4701/4701 4697/4697/4697
f 4700/4700/4700 4701/4701/4701 4696/4696/4696
f 4702/4702/4702 4698/4698/4698 4687/4687/4687
f 4688/4688/4688 4702/4702/4702 4687/4687/4687
f 4703/4703/4703 4702/4702/4702 4688/4688/4688
f 4689/4689/4689 4703/4703/4703 4688/4688/4688
f 4704/4704/4704 4703/4703/4703 4689/4689/4689
f 4691/4691/4691 4704/4704/4704 4689/4689/4689
f 4705/4705/4705 4704/4704/4704 4691/4691/4691
f 4694/4694/4694 4705/4705/4705 4691/4691/4691
f 4706/4706/4706 4700/4700/4700 4699/4699/4699
f 4707/4707/4707 4699/4699/4699 4698/4698/4698
f 4707/4707/4707 4706/4706/4706 4699/4699/4699
f 4708/4708/4708 4698/4698/4698 4702/4702/4702
f 4708/4708/4708 4707/4707/4707 4698/4698/4698
f 4709/4709/4709 4702/4702/4702 4703/4703/4703
f 4709/4709/4709 4708/4708/4708 4702/4702/4702
f 4710/4710/4710 4703/4703/4703 4704/4704/4704
f 4710/4710/4710 4709/4709/4709 4703/4703/4703
f 4711/4711/4711 4704/4704/4704 4705/4705/4705
f 4711/4711/4711 4710/4710/4710 4704/4704/4704
f 4706/4706/4706 4712/4712/4712 4700/4700/4700
f 4712/4712/4712 4701/4701/4701 4700/4700/4700
f 4713/4713/4713 4705/4705/4705 4694/4694/4694
f 4714/4714/4714 4711/4711/4711 4705/4705/4705
f 4714/4714/4714 4705/4705/4705 4713/4713/4713
f 4715/4715/4715 4713/4713/4713 4694/4694/4694
f 4715/4715/4715 4694/4694/4694 4695/4695/4695
f 4716/4716/4716 4715/4715/4715 4695/4695/4695
f 4716/4716/4716 4695/4695/4695 4717/4717/4717
f 4710/4710/4710 4718/4718/4718 4709/4709/4709
f 4711/4711/4711 4719/4719/4719 4710/4710/4710
f 4719/4719/4719 4718/4718/4718 4710/4710/4710
f 4714/4714/4714 4720/4720/4720 4711/4711/4711
f 4720/4720/4720 4719/4719/4719 4711/4711/4711
f 4718/4718/4718 4721/4721/4721 4709/4709/4709
f 4709/4709/4709 4721/4721/4721 4708/4708/4708
f 4721/4721/4721 4722/4722/4722 4708/4708/4708
f 4708/4708/4708 4722/4722/4722 4707/4707/4707
f 4722/4722/4722 4723/4723/4723 4707/4707/4707
f 4707/4707/4707 4723/4723/4723 4706/4706/4706
f 4723/4723/4723 4724/4724/4724 4706/4706/4706
f 4706/4706/4706 4724/4724/4724 4712/4712/4712
f 4719/4719/4719 4725/4725/4725 4718/4718/4718
f 4718/4718/4718 4726/4726/4726 4721/4721/4721
f 4725/4725/4725 4726/4726/4726 4718/4718/4718
f 4721/4721/4721 4727/4727/4727 4722/4722/4722
f 4726/4726/4726 4727/4727/4727 4721/4721/4721
f 4722/4722/4722 4728/4728/4728 4723/4723/4723
f 4727/4727/4727 4728/4728/4728 4722/4722/4722
f 4720/4720/4720 4729/4729/4729 4719/4719/4719
f 4729/4729/4729 4725/4725/4725 4719/4719/4719
f 4723/4723/4723 4730/4730/4730 4724/4724/4724
f 4728/4728/4728 4730/4730/4730 4723/4723/4723
f 4725/4725/4725 4731/4731/4731 4726/4726/4726
f 4731/4731/4731 4732/4732/4732 4726/4726/4726
f 4726/4726/4726 4732/4732/4732 4727/4727/4727
f 4733/4733/4733 4731/4731/4731 4725/4725/4725
f 4729/4729/4729 4733/4733/4733 4725/4725/4725
f 4732/4732/4732 4734/4734/4734 4727/4727/4727
f 4727/4727/4727 4734/4734/4734 4728/4728/4728
f 4734/4734/4734 4735/4735/4735 4728/4728/4728
f 4728/4728/4728 4735/4735/4735 4730/4730/4730
f 4736/4736/4736 4733/4733/4733 4729/4729/4729
f 4735/4735/4735 4737/4737/4737 4730/4730/4730
f 4738/4738/4738 4736/4736/4736 4729/4729/4729
f 4738/4738/4738 4729/4729/4729 4720/4720/4720
f 4739/4739/4739 4736/4736/4736 4738/4738/4738
f 4730/4730/4730 4737/4737/4737 4740/4740/4740
f 4730/4730/4730 4740/4740/4740 4724/4724/4724
f 4737/4737/4737 4741/4741/4741 4740/4740/4740
f 4742/4742/4742 4738/4738/4738 4720/4720/4720
f 4742/4742/4742 4720/4720/4720 4714/4714/4714
f 4743/4743/4743 4739/4739/4739 4738/4738/4738
f 4743/4743/4743 4738/4738/4738 4742/4742/4742
f 4744/4744/4744 4739/4739/4739 4743/4743/4743
f 4724/4724/4724 4740/4740/4740 4745/4745/4745
f 4724/4724/4724 4745/4745/4745 4712/4712/4712
f 4740/4740/4740 4741/4741/4741 4746/4746/4746
f 4740/4740/4740 4746/4746/4746 4745/4745/4745
f 4741/4741/4741 4747/4747/4747 4746/4746/4746
f 4748/4748/4748 4742/4742/4742 4714/4714/4714
f 4748/4748/4748 4714/4714/4714 4713/4713/4713
f 4749/4749/4749 4743/4743/4743 4742/4742/4742
f 4749/4749/4749 4742/4742/4742 4748/4748/4748
f 4750/4750/4750 4744/4744/4744 4743/4743/4743
f 4750/4750/4750 4743/4743/4743 4749/4749/4749
f 4751/4751/4751 4744/4744/4744 4750/4750/4750
f 4712/4712/4712 4745/4745/4745 4752/4752/4752
f 4712/4712/4712 4752/4752/4752 4701/4701/4701
f 4745/4745/4745 4746/4746/4746 4753/4753/4753
f 4745/4745/4745 4753/4753/4753 4752/4752/4752
f 4748/4748/4748 4713/4713/4713 4754/4754/4754
f 4754/4754/4754 4713/4713/4713 4715/4715/4715
f 4755/4755/4755 4749/4749/4749 4748/4748/4748
f 4755/4755/4755 4748/4748/4748 4754/4754/4754
f 4756/4756/4756 4750/4750/4750 4749/4749/4749
f 4756/4756/4756 4749/4749/4749 4755/4755/4755
f 4757/4757/4757 4751/4751/4751 4750/4750/4750
f 4757/4757/4757 4750/4750/4750 4756/4756/4756
f 4758/4758/4758 4751/4751/4751 4757/4757/4757
f 4759/4759/4759 4754/4754/4754 4715/4715/4715
f 4759/4759/4759 4715/4715/4715 4716/4716/4716
f 4755/4755/4755 4754/4754/4754 4760/4760/4760
f 4760/4760/4760 4754/4754/4754 4759/4759/4759
f 4761/4761/4761 4756/4756/4756 4755/4755/4755
f 4761/4761/4761 4755/4755/4755 4760/4760/4760
f 4762/4762/4762 4757/4757/4757 4756/4756/4756
f 4762/4762/4762 4756/4756/4756 4761/4761/4761
f 4763/4763/4763 4758/4758/4758 4757/4757/4757
f 4763/4763/4763 4757/4757/4757 4762/4762/4762
f 4764/4764/4764 4758/4758/4758 4763/4763/4763
f 4765/4765/4765 4759/4759/4759 4716/4716/4716
f 4765/4765/4765 4716/4716/4716 4717/4717/4717
f 4766/4766/4766 4760/4760/4760 4759/4759/4759
f 4766/4766/4766 4759/4759/4759 4765/4765/4765
f 4761/4761/4761 4760/4760/4760 4767/4767/4767
f 4767/4767/4767 4760/4760/4760 4766/4766/4766
f 4768/4768/4768 4762/4762/4762 4761/4761/4761
f 4768/4768/4768 4761/4761/4761 4767/4767/4767
f 4769/4769/4769 4763/4763/4763 4762/4762/4762
f 4769/4769/4769 4762/4762/4762 4768/4768/4768
f 4770/4770/4770 4764/4764/4764 4763/4763/4763
f 4770/4770/4770 4763/4763/4763 4769/4769/4769
f 4747/4747/4747 4764/4764/4764 4770/4770/4770
f 4746/4746/4746 4747/4747/4747 4770/4770/4770
f 4746/4746/4746 4770/4770/4770 4753/4753/4753
f 4753/4753/4753 4770/4770/4770 4769/4769/4769
f 4753/4753/4753 4769/4769/4769 4771/4771/4771
f 4771/4771/4771 4769/4769/4769 4768/4768/4768
f 4752/4752/4752 4753/4753/4753 4771/4771/4771
f 4768/4768/4768 4767/4767/4767 4772/4772/4772
f 4771/4771/4771 4768/4768/4768 4772/4772/4772
f 4752/4752/4752 4771/4771/4771 4773/4773/4773
f 4771/4771/4771 4772/4772/4772 4773/4773/4773
f 4752/4752/4752 4773/4773/4773 4701/4701/4701
f 4701/4701/4701 4773/4773/4773 4697/4697/4697
f 4697/4697/4697 4773/4773/4773 4774/4774/4774
f 4773/4773/4773 4772/4772/4772 4774/4774/4774
f 4697/4697/4697 4774/4774/4774 4684/4684/4684
f 4772/4772/4772 4767/4767/4767 4775/4775/4775
f 4774/4774/4774 4772/4772/4772 4775/4775/4775
f 4775/4775/4775 4767/4767/4767 4766/4766/4766
f 4684/4684/4684 4774/4774/4774 4776/4776/4776
f 4774/4774/4774 4775/4775/4775 4776/4776/4776
f 4684/4684/4684 4776/4776/4776 4685/4685/4685
f 4775/4775/4775 4766/4766/4766 4777/4777/4777
f 4776/4776/4776 4775/4775/4775 4777/4777/4777
f 4777/4777/4777 4766/4766/4766 4765/4765/4765
f 4685/4685/4685 4776/4776/4776 4778/4778/4778
f 4776/4776/4776 4777/4777/4777 4778/4778/4778
f 4778/4778/4778 4777/4777/4777 4765/4765/4765
f 4685/4685/4685 4778/4778/4778 4686/4686/4686
f 4779/4779/4779 4778/4778/4778 4765/4765/4765
f 4778/4778/4778 4779/4779/4779 4686/4686/4686
f 4779/4779/4779 4765/4765/4765 4717/4717/4717
f 4779/4779/4779 4780/4780/4780 4686/4686/4686
f 4779/4779/4779 4717/4717/4717 4780/4780/4780
f 4783/4783/4783 4782/4782/4782 4781/4781/4781
f 4781/4781/4781 4782/4782/4782 4784/4784/4784
f 4782/4782/4782 4785/4785/4785 4784/4784/4784
f 4784/4784/4784 4785/4785/4785 4786/4786/4786
f 4782/4782/4782 4787/4787/4787 4785/4785/4785
f 4785/4785/4785 4788/4788/4788 4786/4786/4786
f 4785/4785/4785 4787/4787/4787 4788/4788/4788
f 4786/4786/4786 4788/4788/4788 4789/4789/4789
f 4787/4787/4787 4790/4790/4790 4788/4788/4788
f 4788/4788/4788 4791/4791/4791 4789/4789/4789
f 4788/4788/4788 4790/4790/4790 4791/4791/4791
f 4789/4789/4789 4791/4791/4791 4792/4792/4792
f 4790/4790/4790 4793/4793/4793 4791/4791/4791
f 4791/4791/4791 4794/4794/4794 4792/4792/4792
f 4791/4791/4791 4793/4793/4793 4794/4794/4794
f 4792/4792/4792 4794/4794/4794 4795/4795/4795
f 4793/4793/4793 4796/4796/4796 4794/4794/4794
f 4794/4794/4794 4797/4797/4797 4795/4795/4795
f 4794/4794/4794 4796/4796/4796 4797/4797/4797
f 4800/4800/4800 4799/4799/4799 4798/4798/4798
f 4799/4799/4799 4801/4801/4801 4798/4798/4798
f 4799/4799/4799 4802/4802/4802 4801/4801/4801
f 4798/4798/4798 4801/4801/4801 4803/4803/4803
f 4802/4802/4802 4804/4804/4804 4801/4801/4801
f 4801/4801/4801 4805/4805/4805 4803/4803/4803
f 4801/4801/4801 4804/4804/4804 4805/4805/4805
f 4803/4803/4803 4805/4805/4805 4806/4806/4806
f 4804/4804/4804 4807/4807/4807 4805/4805/4805
f 4805/4805/4805 4808/4808/4808 4806/4806/4806
f 4805/4805/4805 4807/4807/4807 4808/4808/4808
f 4806/4806/4806 4808/4808/4808 4809/4809/4809
f 4807/4807/4807 4810/4810/4810 4808/4808/4808
f 4808/4808/4808 4811/4811/4811 4809/4809/4809
f 4808/4808/4808 4810/4810/4810 4811/4811/4811
f 4809/4809/4809 4811/4811/4811 4812/4812/4812
f 4810/4810/4810 4813/4813/4813 4811/4811/4811
f 4811/4811/4811 4814/4814/4814 4812/4812/4812
f 4811/4811/4811 4813/4813/4813 4814/4814/4814
f 4813/4813/4813 4815/4815/4815 4814/4814/4814
f 4812/4812/4812 4814/4814/4814 4816/4816/4816
f 4814/4814/4814 4815/4815/4815 4817/4817/4817
f 4814/4814/4814 4817/4817/4817 4816/4816/4816
f 4815/4815/4815 4818/4818/4818 4817/4817/4817
f 4818/4818/4818 4819/4819/4819 4817/4817/4817
f 4817/4817/4817 4820/4820/4820 4816/4816/4816
f 4819/4819/4819 4820/4820/4820 4817/4817/4817
f 4820/4820/4820 4821/4821/4821 4816/4816/4816
f 4819/4819/4819 4822/4822/4822 4820/4820/4820
f 4820/4820/4820 4823/4823/4823 4821/4821/4821
f 4822/4822/4822 4823/4823/4823 4820/4820/4820
f 4823/4823/4823 4824/4824/4824 4821/4821/4821
f 4822/4822/4822 4825/4825/4825 4823/4823/4823
f 4823/4823/4823 4826/4826/4826 4824/4824/4824
f 4825/4825/4825 4826/4826/4826 4823/4823/4823
f 4826/4826/4826 4827/4827/4827 4824/4824/4824
f 4825/4825/4825 4828/4828/4828 4826/4826/4826
f 4826/4826/4826 4829/4829/4829 4827/4827/4827
f 4828/4828/4828 4829/4829/4829 4826/4826/4826
f 4829/4829/4829 4830/4830/4830 4827/4827/4827
f 4828/4828/4828 4831/4831/4831 4829/4829/4829
f 4829/4829/4829 4832/4832/4832 4830/4830/4830
f 4831/4831/4831 4832/4832/4832 4829/4829/4829
f 4831/4831/4831 4833/4833/4833 4832/4832/4832
f 4832/4832/4832 4834/4834/4834 4830/4830/4830
f 4833/4833/4833 4835/4835/4835 4832/4832/4832
f 4832/4832/4832 4835/4835/4835 4834/4834/4834
f 4835/4835/4835 4836/4836/4836 4834/4834/4834
f 4839/4839/4839 4838/4838/4838 4837/4837/4837
f 4840/4840/4840 4839/4839/4839 4837/4837/4837
f 4840/4840/4840 4837/4837/4837 4841/4841/4841
f 4842/4842/4842 4839/4839/4839 4840/4840/4840
f 4843/4843/4843 4840/4840/4840 4841/4841/4841
f 4844/4844/4844 4842/4842/4842 4840/4840/4840
f 4844/4844/4844 4840/4840/4840 4843/4843/4843
f 4845/4845/4845 4842/4842/4842 4844/4844/4844
f 4846/4846/4846 4844/4844/4844 4843/4843/4843
f 4847/4847/4847 4845/4845/4845 4844/4844/4844
f 4847/4847/4847 4844/4844/4844 4846/4846/4846
f 4848/4848/4848 4845/4845/4845 4847/4847/4847
f 4849/4849/4849 4847/4847/4847 4846/4846/4846
f 4850/4850/4850 4848/4848/4848 4847/4847/4847
f 4850/4850/4850 4847/4847/4847 4849/4849/4849
f 4851/4851/4851 4848/4848/4848 4850/4850/4850
f 4852/4852/4852 4850/4850/4850 4849/4849/4849
f 4853/4853/4853 4851/4851/4851 4850/4850/4850
f 4853/4853/4853 4850/4850/4850 4852/4852/4852
f 4854/4854/4854 4853/4853/4853 4852/4852/4852
f 4855/4855/4855 4851/4851/4851 4853/4853/4853
f 4856/4856/4856 4853/4853/4853 4854/4854/4854
f 4856/4856/4856 4855/4855/4855 4853/4853/4853
f 4857/4857/4857 4856/4856/4856 4854/4854/4854
f 4856/4856/4856 4857/4857/4857 4858/4858/4858
f 4855/4855/4855 4856/4856/4856 4859/4859/4859
f 4859/4859/4859 4856/4856/4856 4858/4858/4858
f 4860/4860/4860 4855/4855/4855 4859/4859/4859
f 4859/4859/4859 4858/4858/4858 4861/4861/4861
f 4860/4860/4860 4859/4859/4859 4862/4862/4862
f 4862/4862/4862 4859/4859/4859 4861/4861/4861
f 4863/4863/4863 4860/4860/4860 4862/4862/4862
f 4862/4862/4862 4861/4861/4861 4864/4864/4864
f 4863/4863/4863 4862/4862/4862 4865/4865/4865
f 4865/4865/4865 4862/4862/4862 4864/4864/4864
f 4866/4866/4866 4863/4863/4863 4865/4865/4865
f 4865/4865/4865 4864/4864/4864 4867/4867/4867
f 4866/4866/4866 4865/4865/4865 4868/4868/4868
f 4868/4868/4868 4865/4865/4865 4867/4867/4867
f 4869/4869/4869 4866/4866/4866 4868/4868/4868
f 4868/4868/4868 4867/4867/4867 4870/4870/4870
f 4869/4869/4869 4868/4868/4868 4871/4871/4871
f 4871/4871/4871 4868/4868/4868 4870/4870/4870
f 4871/4871/4871 4870/4870/4870 4872/4872/4872
f 4873/4873/4873 4869/4869/4869 4871/4871/4871
f 4874/4874/4874 4871/4871/4871 4872/4872/4872
f 4873/4873/4873 4871/4871/4871 4874/4874/4874
f 4875/4875/4875 4873/4873/4873 4874/4874/4874
f 4878/4878/4878 4877/4877/4877 4876/4876/4876
f 4879/4879/4879 4878/4878/4878 4876/4876/4876
f 4880/4880/4880 4878/4878/4878 4879/4879/4879
f 4881/4881/4881 4880/4880/4880 4879/4879/4879
f 4884/4884/4884 4883/4883/4883 4882/4882/4882
f 4883/4883/4883 4885/4885/4885 4882/4882/4882
f 4882/4882/4882 4885/4885/4885 4886/4886/4886
f 4885/4885/4885 4887/4887/4887 4886/4886/4886
f 4886/4886/4886 4887/4887/4887 4888/4888/4888
f 4887/4887/4887 4889/4889/4889 4888/4888/4888
f 4888/4888/4888 4889/4889/4889 4890/4890/4890
f 4889/4889/4889 4891/4891/4891 4890/4890/4890
f 4890/4890/4890 4891/4891/4891 4892/4892/4892
f 4891/4891/4891 4893/4893/4893 4892/4892/4892
f 4892/4892/4892 4893/4893/4893 4894/4894/4894
f 4893/4893/4893 4895/4895/4895 4894/4894/4894
f 4894/4894/4894 4895/4895/4895 4896/4896/4896
f 4895/4895/4895 4897/4897/4897 4896/4896/4896
f 4896/4896/4896 4897/4897/4897 4898/4898/4898
f 4897/4897/4897 4899/4899/4899 4898/4898/4898
f 4898/4898/4898 4899/4899/4899 4900/4900/4900
f 4899/4899/4899 4901/4901/4901 4900/4900/4900
f 4904/4904/4904 4903/4903/4903 4902/4902/4902
f 4905/4905/4905 4904/4904/4904 4902/4902/4902
f 4908/4908/4908 4907/4907/4907 4906/4906/4906
f 4909/4909/4909 4908/4908/4908 4906/4906/4906
f 4912/4912/4912 4911/4911/4911 4910/4910/4910
f 4913/4913/4913 4912/4912/4912 4910/4910/4910
f 4916/4916/4916 4915/4915/4915 4914/4914/4914
f 4917/4917/4917 4916/4916/4916 4914/4914/4914
f 4920/4920/4920 4919/4919/4919 4918/4918/4918
f 4921/4921/4921 4920/4920/4920 4918/4918/4918
f 4924/4924/4924 4923/4923/4923 4922/4922/4922
f 4925/4925/4925 4924/4924/4924 4922/4922/4922
f 4928/4928/4928 4927/4927/4927 4926/4926/4926
f 4926/4926/4926 4929/4929/4929 4928/4928/4928
f 4929/4929/4929 4930/4930/4930 4928/4928/4928
f 4929/4929/4929 4931/4931/4931 4930/4930/4930
f 4931/4931/4931 4932/4932/4932 4930/4930/4930
f 4931/4931/4931 4933/4933/4933 4932/4932/4932
f 4936/4936/4936 4935/4935/4935 4934/4934/4934
f 4937/4937/4937 4936/4936/4936 4934/4934/4934
f 4940/4940/4940 4939/4939/4939 4938/4938/4938
f 4941/4941/4941 4940/4940/4940 4938/4938/4938
f 4944/4944/4944 4943/4943/4943 4942/4942/4942
f 4945/4945/4945 4944/4944/4944 4942/4942/4942
f 4945/4945/4945 4942/4942/4942 4946/4946/4946
f 4944/4944/4944 4945/4945/4945 4947/4947/4947
f 4948/4948/4948 4944/4944/4944 4947/4947/4947
f 4949/4949/4949 4947/4947/4947 4945/4945/4945
f 4950/4950/4950 4945/4945/4945 4946/4946/4946
f 4950/4950/4950 4949/4949/4949 4945/4945/4945
f 4950/4950/4950 4946/4946/4946 4951/4951/4951
f 4950/4950/4950 4952/4952/4952 4949/4949/4949
f 4952/4952/4952 4950/4950/4950 4951/4951/4951
f 4952/4952/4952 4953/4953/4953 4949/4949/4949
f 4952/4952/4952 4951/4951/4951 4954/4954/4954
f 4953/4953/4953 4952/4952/4952 4955/4955/4955
f 4956/4956/4956 4952/4952/4952 4954/4954/4954
f 4952/4952/4952 4956/4956/4956 4955/4955/4955
f 4956/4956/4956 4954/4954/4954 4957/4957/4957
f 4956/4956/4956 4957/4957/4957 4955/4955/4955
f 4957/4957/4957 4958/4958/4958 4955/4955/4955
f 4954/4954/4954 4959/4959/4959 4957/4957/4957
f 4960/4960/4960 4958/4958/4958 4957/4957/4957
f 4961/4961/4961 4957/4957/4957 4959/4959/4959
f 4961/4961/4961 4960/4960/4960 4957/4957/4957
f 4962/4962/4962 4961/4961/4961 4959/4959/4959
f 4963/4963/4963 4960/4960/4960 4961/4961/4961
f 4964/4964/4964 4961/4961/4961 4962/4962/4962
f 4964/4964/4964 4963/4963/4963 4961/4961/4961
f 4965/4965/4965 4964/4964/4964 4962/4962/4962
f 4966/4966/4966 4964/4964/4964 4965/4965/4965
f 4963/4963/4963 4964/4964/4964 4966/4966/4966
f 4967/4967/4967 4966/4966/4966 4965/4965/4965
f 4966/4966/4966 4968/4968/4968 4963/4963/4963
f 4968/4968/4968 4969/4969/4969 4963/4963/4963
f 4970/4970/4970 4966/4966/4966 4967/4967/4967
f 4971/4971/4971 4970/4970/4970 4967/4967/4967
f 4972/4972/4972 4966/4966/4966 4970/4970/4970
f 4970/4970/4970 4973/4973/4973 4972/4972/4972
f 4970/4970/4970 4974/4974/4974 4973/4973/4973
f 4977/4977/4977 4976/4976/4976 4975/4975/4975
f 4975/4975/4975 4976/4976/4976 4978/4978/4978
f 4979/4979/4979 4975/4975/4975 4978/4978/4978
f 4980/4980/4980 4979/4979/4979 4978/4978/4978
f 4981/4981/4981 4980/4980/4980 4978/4978/4978
f 4982/4982/4982 4981/4981/4981 4978/4978/4978
f 4982/4982/4982 4978/4978/4978 4976/4976/4976
f 4981/4981/4981 4982/4982/4982 4983/4983/4983
f 4984/4984/4984 4982/4982/4982 4976/4976/4976
f 4982/4982/4982 4984/4984/4984 4983/4983/4983
f 4985/4985/4985 4984/4984/4984 4976/4976/4976
f 4983/4983/4983 4984/4984/4984 4986/4986/4986
f 4984/4984/4984 4985/4985/4985 4986/4986/4986
f 4985/4985/4985 4987/4987/4987 4986/4986/4986
f 4988/4988/4988 4983/4983/4983 4986/4986/4986
f 4987/4987/4987 4989/4989/4989 4986/4986/4986
f 4988/4988/4988 4986/4986/4986 4990/4990/4990
f 4989/4989/4989 4990/4990/4990 4986/4986/4986
f 4991/4991/4991 4988/4988/4988 4990/4990/4990
f 4992/4992/4992 4991/4991/4991 4990/4990/4990
f 4993/4993/4993 4990/4990/4990 4989/4989/4989
f 4993/4993/4993 4992/4992/4992 4990/4990/4990
f 4994/4994/4994 4993/4993/4993 4989/4989/4989
f 4993/4993/4993 4994/4994/4994 4995/4995/4995
f 4993/4993/4993 4995/4995/4995 4996/4996/4996
f 4993/4993/4993 4997/4997/4997 4992/4992/4992
f 4997/4997/4997 4993/4993/4993 4996/4996/4996
f 4997/4997/4997 4998/4998/4998 4992/4992/4992
f 4997/4997/4997 4996/4996/4996 4999/4999/4999
f 5000/5000/5000 4998/4998/4998 4997/4997/4997
f 5001/5001/5001 4997/4997/4997 4999/4999/4999
f 5001/5001/5001 5000/5000/5000 4997/4997/4997
f 5004/5004/5004 5003/5003/5003 5002/5002/5002
f 5003/5003/5003 5005/5005/5005 5002/5002/5002
f 5006/5006/5006 5002/5002/5002 5005/5005/5005
f 5006/5006/5006 5005/5005/5005 5007/5007/5007
f 5003/5003/5003 5007/5007/5007 5005/5005/5005
f 5006/5006/5006 5007/5007/5007 5008/5008/5008
f 5009/5009/5009 5008/5008/5008 5007/5007/5007
f 5010/5010/5010 5009/5009/5009 5007/5007/5007
f 5011/5011/5011 5010/5010/5010 5007/5007/5007
f 5011/5011/5011 5007/5007/5007 5003/5003/5003
f 5012/5012/5012 5011/5011/5011 5003/5003/5003
f 5012/5012/5012 5003/5003/5003 5013/5013/5013
f 5014/5014/5014 5012/5012/5012 5013/5013/5013
f 5014/5014/5014 5013/5013/5013 5015/5015/5015
f 5016/5016/5016 5014/5014/5014 5015/5015/5015
f 5016/5016/5016 5015/5015/5015 5017/5017/5017
f 5018/5018/5018 5016/5016/5016 5017/5017/5017
f 5019/5019/5019 5018/5018/5018 5017/5017/5017
f 5017/5017/5017 5020/5020/5020 5019/5019/5019
f 5020/5020/5020 5021/5021/5021 5019/5019/5019
f 5020/5020/5020 5017/5017/5017 5022/5022/5022
f 5023/5023/5023 5022/5022/5022 5017/5017/5017
f 5015/5015/5015 5024/5024/5024 5017/5017/5017
f 5025/5025/5025 5017/5017/5017 5024/5024/5024
f 5015/5015/5015 5026/5026/5026 5024/5024/5024
f 5027/5027/5027 5024/5024/5024 5026/5026/5026
f 5015/5015/5015 5028/5028/5028 5026/5026/5026
f 5015/5015/5015 5013/5013/5013 5028/5028/5028
f 5029/5029/5029 5026/5026/5026 5028/5028/5028
f 5029/5029/5029 5028/5028/5028 5013/5013/5013
f 5029/5029/5029 5013/5013/5013 5030/5030/5030
f 5029/5029/5029 5030/5030/5030 5031/5031/5031
f 5003/5003/5003 5030/5030/5030 5013/5013/5013
f 5003/5003/5003 5031/5031/5031 5030/5030/5030
f 5003/5003/5003 5032/5032/5032 5031/5031/5031
f 5035/5035/5035 5034/5034/5034 5033/5033/5033
f 5034/5034/5034 5036/5036/5036 5033/5033/5033
f 5037/5037/5037 5033/5033/5033 5036/5036/5036
f 5036/5036/5036 5034/5034/5034 5038/5038/5038
f 5034/5034/5034 5039/5039/5039 5038/5038/5038
f 5036/5036/5036 5038/5038/5038 5040/5040/5040
f 5041/5041/5041 5037/5037/5037 5036/5036/5036
f 5041/5041/5041 5036/5036/5036 5040/5040/5040
f 5041/5041/5041 5040/5040/5040 5042/5042/5042
f 5037/5037/5037 5041/5041/5041 5043/5043/5043
f 5044/5044/5044 5041/5041/5041 5042/5042/5042
f 5041/5041/5041 5044/5044/5044 5043/5043/5043
f 5044/5044/5044 5042/5042/5042 5045/5045/5045
f 5043/5043/5043 5044/5044/5044 5046/5046/5046
f 5046/5046/5046 5044/5044/5044 5045/5045/5045
f 5047/5047/5047 5043/5043/5043 5046/5046/5046
f 5048/5048/5048 5047/5047/5047 5046/5046/5046
f 5046/5046/5046 5045/5045/5045 5049/5049/5049
f 5049/5049/5049 5048/5048/5048 5046/5046/5046
f 5045/5045/5045 5050/5050/5050 5049/5049/5049
f 5051/5051/5051 5048/5048/5048 5049/5049/5049
f 5052/5052/5052 5049/5049/5049 5050/5050/5050
f 5052/5052/5052 5051/5051/5051 5049/5049/5049
f 5053/5053/5053 5052/5052/5052 5050/5050/5050
f 5054/5054/5054 5051/5051/5051 5052/5052/5052
f 5055/5055/5055 5052/5052/5052 5053/5053/5053
f 5055/5055/5055 5054/5054/5054 5052/5052/5052
f 5056/5056/5056 5055/5055/5055 5053/5053/5053
f 5057/5057/5057 5054/5054/5054 5055/5055/5055
f 5058/5058/5058 5055/5055/5055 5056/5056/5056
f 5058/5058/5058 5057/5057/5057 5055/5055/5055
f 5059/5059/5059 5057/5057/5057 5058/5058/5058
f 5060/5060/5060 5058/5058/5058 5056/5056/5056
f 5061/5061/5061 5059/5059/5059 5058/5058/5058
f 5061/5061/5061 5058/5058/5058 5060/5060/5060
f 5062/5062/5062 5061/5061/5061 5060/5060/5060
f 5065/5065/5065 5064/5064/5064 5063/5063/5063
f 5066/5066/5066 5063/5063/5063 5064/5064/5064
f 5066/5066/5066 5067/5067/5067 5063/5063/5063
f 5068/5068/5068 5063/5063/5063 5067/5067/5067
f 5066/5066/5066 5069/5069/5069 5067/5067/5067
f 5070/5070/5070 5068/5068/5068 5067/5067/5067
f 5067/5067/5067 5069/5069/5069 5071/5071/5071
f 5070/5070/5070 5067/5067/5067 5071/5071/5071
f 5074/5074/5074 5073/5073/5073 5072/5072/5072
f 5073/5073/5073 5075/5075/5075 5072/5072/5072
f 5073/5073/5073 5076/5076/5076 5075/5075/5075
f 5077/5077/5077 5076/5076/5076 5073/5073/5073
f 5077/5077/5077 5078/5078/5078 5076/5076/5076
f 5079/5079/5079 5076/5076/5076 5078/5078/5078
f 5080/5080/5080 5072/5072/5072 5075/5075/5075
f 5080/5080/5080 5075/5075/5075 5076/5076/5076
f 5079/5079/5079 5081/5081/5081 5076/5076/5076
f 5080/5080/5080 5076/5076/5076 5081/5081/5081
f 5079/5079/5079 5082/5082/5082 5081/5081/5081
f 5080/5080/5080 5081/5081/5081 5082/5082/5082
f 5079/5079/5079 5083/5083/5083 5082/5082/5082
f 5084/5084/5084 5082/5082/5082 5083/5083/5083
f 5080/5080/5080 5085/5085/5085 5072/5072/5072
f 5080/5080/5080 5082/5082/5082 5085/5085/5085
f 5086/5086/5086 5072/5072/5072 5085/5085/5085
f 5086/5086/5086 5085/5085/5085 5082/5082/5082
f 5084/5084/5084 5087/5087/5087 5082/5082/5082
f 5086/5086/5086 5082/5082/5082 5087/5087/5087
f 5084/5084/5084 5088/5088/5088 5087/5087/5087
f 5086/5086/5086 5087/5087/5087 5088/5088/5088
f 5084/5084/5084 5089/5089/5089 5088/5088/5088
f 5090/5090/5090 5088/5088/5088 5089/5089/5089
f 5090/5090/5090 5091/5091/5091 5088/5088/5088
f 5086/5086/5086 5088/5088/5088 5092/5092/5092
f 5093/5093/5093 5092/5092/5092 5088/5088/5088
f 5093/5093/5093 5088/5088/5088 5091/5091/5091
f 5093/5093/5093 5091/5091/5091 5094/5094/5094
f 5090/5090/5090 5094/5094/5094 5091/5091/5091
f 5093/5093/5093 5094/5094/5094 5095/5095/5095
f 5096/5096/5096 5095/5095/5095 5094/5094/5094
f 5096/5096/5096 5094/5094/5094 5097/5097/5097
f 5090/5090/5090 5097/5097/5097 5094/5094/5094
f 5096/5096/5096 5097/5097/5097 5098/5098/5098
f 5090/5090/5090 5098/5098/5098 5097/5097/5097
f 5090/5090/5090 5099/5099/5099 5098/5098/5098
f 5090/5090/5090 5100/5100/5100 5099/5099/5099
f 5090/5090/5090 5101/5101/5101 5100/5100/5100
f 5102/5102/5102 5100/5100/5100 5101/5101/5101
f 5090/5090/5090 5103/5103/5103 5101/5101/5101
f 5104/5104/5104 5102/5102/5102 5101/5101/5101
f 5101/5101/5101 5103/5103/5103 5105/5105/5105
f 5104/5104/5104 5101/5101/5101 5105/5105/5105
f 5108/5108/5108 5107/5107/5107 5106/5106/5106
f 5109/5109/5109 5108/5108/5108 5106/5106/5106
f 5109/5109/5109 5106/5106/5106 5110/5110/5110
f 5111/5111/5111 5108/5108/5108 5109/5109/5109
f 5112/5112/5112 5108/5108/5108 5111/5111/5111
f 5113/5113/5113 5109/5109/5109 5110/5110/5110
f 5113/5113/5113 5110/5110/5110 5114/5114/5114
f 5115/5115/5115 5109/5109/5109 5113/5113/5113
f 5115/5115/5115 5111/5111/5111 5109/5109/5109
f 5116/5116/5116 5113/5113/5113 5114/5114/5114
f 5116/5116/5116 5115/5115/5115 5113/5113/5113
f 5117/5117/5117 5112/5112/5112 5111/5111/5111
f 5117/5117/5117 5118/5118/5118 5112/5112/5112
f 5119/5119/5119 5116/5116/5116 5114/5114/5114
f 5119/5119/5119 5114/5114/5114 4113/4113/4113
f 5120/5120/5120 5119/5119/5119 4113/4113/4113
f 5120/5120/5120 4113/4113/4113 4117/4117/4117
f 5121/5121/5121 5120/5120/5120 4117/4117/4117
f 5121/5121/5121 4117/4117/4117 4108/4108/4108
f 5122/5122/5122 5121/5121/5121 4108/4108/4108
f 5122/5122/5122 4108/4108/4108 5123/5123/5123
f 5124/5124/5124 5111/5111/5111 5115/5115/5115
f 5125/5125/5125 5117/5117/5117 5111/5111/5111
f 5124/5124/5124 5125/5125/5125 5111/5111/5111
f 5126/5126/5126 5118/5118/5118 5117/5117/5117
f 5125/5125/5125 5126/5126/5126 5117/5117/5117
f 5127/5127/5127 5124/5124/5124 5115/5115/5115
f 5127/5127/5127 5115/5115/5115 5116/5116/5116
f 5126/5126/5126 5128/5128/5128 5118/5118/5118
f 5128/5128/5128 5129/5129/5129 5118/5118/5118
f 5130/5130/5130 5127/5127/5127 5116/5116/5116
f 5130/5130/5130 5116/5116/5116 5119/5119/5119
f 5128/5128/5128 5131/5131/5131 5129/5129/5129
f 5131/5131/5131 5132/5132/5132 5129/5129/5129
f 5133/5133/5133 5130/5130/5130 5119/5119/5119
f 5133/5133/5133 5119/5119/5119 5120/5120/5120
f 5134/5134/5134 5133/5133/5133 5120/5120/5120
f 5134/5134/5134 5120/5120/5120 5121/5121/5121
f 5135/5135/5135 5124/5124/5124 5127/5127/5127
f 5136/5136/5136 5127/5127/5127 5130/5130/5130
f 5136/5136/5136 5135/5135/5135 5127/5127/5127
f 5137/5137/5137 5130/5130/5130 5133/5133/5133
f 5137/5137/5137 5136/5136/5136 5130/5130/5130
f 5138/5138/5138 5133/5133/5133 5134/5134/5134
f 5138/5138/5138 5137/5137/5137 5133/5133/5133
f 5135/5135/5135 5139/5139/5139 5124/5124/5124
f 5139/5139/5139 5125/5125/5125 5124/5124/5124
f 5139/5139/5139 5140/5140/5140 5125/5125/5125
f 5140/5140/5140 5126/5126/5126 5125/5125/5125
f 5140/5140/5140 5141/5141/5141 5126/5126/5126
f 5141/5141/5141 5128/5128/5128 5126/5126/5126
f 5141/5141/5141 5142/5142/5142 5128/5128/5128
f 5142/5142/5142 5131/5131/5131 5128/5128/5128
f 5137/5137/5137 5143/5143/5143 5136/5136/5136
f 5136/5136/5136 5144/5144/5144 5135/5135/5135
f 5143/5143/5143 5144/5144/5144 5136/5136/5136
f 5135/5135/5135 5145/5145/5145 5139/5139/5139
f 5144/5144/5144 5145/5145/5145 5135/5135/5135
f 5139/5139/5139 5146/5146/5146 5140/5140/5140
f 5145/5145/5145 5146/5146/5146 5139/5139/5139
f 5140/5140/5140 5147/5147/5147 5141/5141/5141
f 5146/5146/5146 5147/5147/5147 5140/5140/5140
f 5141/5141/5141 5148/5148/5148 5142/5142/5142
f 5147/5147/5147 5148/5148/5148 5141/5141/5141
f 5149/5149/5149 5143/5143/5143 5137/5137/5137
f 5138/5138/5138 5149/5149/5149 5137/5137/5137
f 5142/5142/5142 5150/5150/5150 5131/5131/5131
f 5148/5148/5148 5151/5151/5151 5142/5142/5142
f 5142/5142/5142 5151/5151/5151 5150/5150/5150
f 5150/5150/5150 5152/5152/5152 5131/5131/5131
f 5131/5131/5131 5152/5152/5152 5132/5132/5132
f 5152/5152/5152 5153/5153/5153 5132/5132/5132
f 5132/5132/5132 5153/5153/5153 5154/5154/5154
f 5155/5155/5155 5147/5147/5147 5146/5146/5146
f 5156/5156/5156 5148/5148/5148 5147/5147/5147
f 5155/5155/5155 5156/5156/5156 5147/5147/5147
f 5157/5157/5157 5151/5151/5151 5148/5148/5148
f 5156/5156/5156 5157/5157/5157 5148/5148/5148
f 5158/5158/5158 5155/5155/5155 5146/5146/5146
f 5158/5158/5158 5146/5146/5146 5145/5145/5145
f 5159/5159/5159 5158/5158/5158 5145/5145/5145
f 5159/5159/5159 5145/5145/5145 5144/5144/5144
f 5160/5160/5160 5159/5159/5159 5144/5144/5144
f 5160/5160/5160 5144/5144/5144 5143/5143/5143
f 5161/5161/5161 5160/5160/5160 5143/5143/5143
f 5161/5161/5161 5143/5143/5143 5149/5149/5149
f 5162/5162/5162 5156/5156/5156 5155/5155/5155
f 5163/5163/5163 5155/5155/5155 5158/5158/5158
f 5163/5163/5163 5162/5162/5162 5155/5155/5155
f 5164/5164/5164 5158/5158/5158 5159/5159/5159
f 5164/5164/5164 5163/5163/5163 5158/5158/5158
f 5165/5165/5165 5159/5159/5159 5160/5160/5160
f 5165/5165/5165 5164/5164/5164 5159/5159/5159
f 5166/5166/5166 5157/5157/5157 5156/5156/5156
f 5162/5162/5162 5166/5166/5166 5156/5156/5156
f 5167/5167/5167 5160/5160/5160 5161/5161/5161
f 5167/5167/5167 5165/5165/5165 5160/5160/5160
f 5168/5168/5168 5162/5162/5162 5163/5163/5163
f 5169/5169/5169 5168/5168/5168 5163/5163/5163
f 5169/5169/5169 5163/5163/5163 5164/5164/5164
f 5168/5168/5168 5170/5170/5170 5162/5162/5162
f 5170/5170/5170 5166/5166/5166 5162/5162/5162
f 5171/5171/5171 5169/5169/5169 5164/5164/5164
f 5171/5171/5171 5164/5164/5164 5165/5165/5165
f 5172/5172/5172 5171/5171/5171 5165/5165/5165
f 5172/5172/5172 5165/5165/5165 5167/5167/5167
f 5170/5170/5170 5173/5173/5173 5166/5166/5166
f 5174/5174/5174 5172/5172/5172 5167/5167/5167
f 5173/5173/5173 5175/5175/5175 5166/5166/5166
f 5166/5166/5166 5175/5175/5175 5157/5157/5157
f 5173/5173/5173 5176/5176/5176 5175/5175/5175
f 5174/5174/5174 5167/5167/5167 5177/5177/5177
f 5177/5177/5177 5167/5167/5167 5161/5161/5161
f 5178/5178/5178 5174/5174/5174 5177/5177/5177
f 5175/5175/5175 5179/5179/5179 5157/5157/5157
f 5157/5157/5157 5179/5179/5179 5151/5151/5151
f 5176/5176/5176 5180/5180/5180 5175/5175/5175
f 5175/5175/5175 5180/5180/5180 5179/5179/5179
f 5176/5176/5176 5181/5181/5181 5180/5180/5180
f 5177/5177/5177 5161/5161/5161 5182/5182/5182
f 5182/5182/5182 5161/5161/5161 5149/5149/5149
f 5178/5178/5178 5177/5177/5177 5183/5183/5183
f 5183/5183/5183 5177/5177/5177 5182/5182/5182
f 5184/5184/5184 5178/5178/5178 5183/5183/5183
f 5179/5179/5179 5185/5185/5185 5151/5151/5151
f 5151/5151/5151 5185/5185/5185 5150/5150/5150
f 5180/5180/5180 5186/5186/5186 5179/5179/5179
f 5179/5179/5179 5186/5186/5186 5185/5185/5185
f 5181/5181/5181 5187/5187/5187 5180/5180/5180
f 5180/5180/5180 5187/5187/5187 5186/5186/5186
f 5181/5181/5181 5188/5188/5188 5187/5187/5187
f 5182/5182/5182 5149/5149/5149 5189/5189/5189
f 5189/5189/5189 5149/5149/5149 5138/5138/5138
f 5183/5183/5183 5182/5182/5182 5190/5190/5190
f 5190/5190/5190 5182/5182/5182 5189/5189/5189
f 5184/5184/5184 5183/5183/5183 5191/5191/5191
f 5191/5191/5191 5183/5183/5183 5190/5190/5190
f 5192/5192/5192 5184/5184/5184 5191/5191/5191
f 5188/5188/5188 5193/5193/5193 5187/5187/5187
f 5188/5188/5188 5194/5194/5194 5193/5193/5193
f 5194/5194/5194 5192/5192/5192 5195/5195/5195
f 5192/5192/5192 5191/5191/5191 5195/5195/5195
f 5194/5194/5194 5195/5195/5195 5193/5193/5193
f 5196/5196/5196 5189/5189/5189 5138/5138/5138
f 5196/5196/5196 5138/5138/5138 5134/5134/5134
f 5190/5190/5190 5189/5189/5189 5197/5197/5197
f 5197/5197/5197 5189/5189/5189 5196/5196/5196
f 5191/5191/5191 5190/5190/5190 5198/5198/5198
f 5195/5195/5195 5191/5191/5191 5198/5198/5198
f 5198/5198/5198 5190/5190/5190 5197/5197/5197
f 5187/5187/5187 5193/5193/5193 5199/5199/5199
f 5187/5187/5187 5199/5199/5199 5186/5186/5186
f 5193/5193/5193 5195/5195/5195 5200/5200/5200
f 5195/5195/5195 5198/5198/5198 5200/5200/5200
f 5193/5193/5193 5200/5200/5200 5199/5199/5199
f 5196/5196/5196 5134/5134/5134 5201/5201/5201
f 5201/5201/5201 5134/5134/5134 5121/5121/5121
f 5202/5202/5202 5197/5197/5197 5196/5196/5196
f 5202/5202/5202 5196/5196/5196 5201/5201/5201
f 5198/5198/5198 5197/5197/5197 5203/5203/5203
f 5200/5200/5200 5198/5198/5198 5203/5203/5203
f 5203/5203/5203 5197/5197/5197 5202/5202/5202
f 5186/5186/5186 5199/5199/5199 5204/5204/5204
f 5186/5186/5186 5204/5204/5204 5185/5185/5185
f 5199/5199/5199 5200/5200/5200 5205/5205/5205
f 5200/5200/5200 5203/5203/5203 5205/5205/5205
f 5199/5199/5199 5205/5205/5205 5204/5204/5204
f 5201/5201/5201 5121/5121/5121 5206/5206/5206
f 5206/5206/5206 5121/5121/5121 5122/5122/5122
f 5202/5202/5202 5201/5201/5201 5207/5207/5207
f 5207/5207/5207 5201/5201/5201 5206/5206/5206
f 5208/5208/5208 5203/5203/5203 5202/5202/5202
f 5205/5205/5205 5203/5203/5203 5208/5208/5208
f 5208/5208/5208 5202/5202/5202 5207/5207/5207
f 5185/5185/5185 5204/5204/5204 5209/5209/5209
f 5150/5150/5150 5185/5185/5185 5209/5209/5209
f 5150/5150/5150 5209/5209/5209 5152/5152/5152
f 5204/5204/5204 5205/5205/5205 5210/5210/5210
f 5210/5210/5210 5205/5205/5205 5208/5208/5208
f 5209/5209/5209 5204/5204/5204 5210/5210/5210
f 5209/5209/5209 5211/5211/5211 5152/5152/5152
f 5209/5209/5209 5210/5210/5210 5211/5211/5211
f 5152/5152/5152 5211/5211/5211 5153/5153/5153
f 5210/5210/5210 5208/5208/5208 5212/5212/5212
f 5208/5208/5208 5207/5207/5207 5212/5212/5212
f 5210/5210/5210 5212/5212/5212 5211/5211/5211
f 5211/5211/5211 5213/5213/5213 5153/5153/5153
f 5211/5211/5211 5212/5212/5212 5213/5213/5213
f 5153/5153/5153 5213/5213/5213 5154/5154/5154
f 5212/5212/5212 5207/5207/5207 5214/5214/5214
f 5212/5212/5212 5214/5214/5214 5213/5213/5213
f 5207/5207/5207 5206/5206/5206 5214/5214/5214
f 5214/5214/5214 5206/5206/5206 5215/5215/5215
f 5214/5214/5214 5215/5215/5215 5213/5213/5213
f 5206/5206/5206 5122/5122/5122 5215/5215/5215
f 5215/5215/5215 5122/5122/5122 5123/5123/5123
f 5213/5213/5213 5216/5216/5216 5154/5154/5154
f 5215/5215/5215 5216/5216/5216 5213/5213/5213
f 5216/5216/5216 5215/5215/5215 5123/5123/5123
f 5154/5154/5154 5216/5216/5216 5217/5217/5217
f 5217/5217/5217 5216/5216/5216 5123/5123/5123
f 5220/5220/5220 5219/5219/5219 5218/5218/5218
f 5220/5220/5220 5218/5218/5218 5221/5221/5221
f 5222/5222/5222 5220/5220/5220 5221/5221/5221
f 5222/5222/5222 5221/5221/5221 5223/5223/5223
f 5224/5224/5224 5220/5220/5220 5222/5222/5222
f 5225/5225/5225 5222/5222/5222 5223/5223/5223
f 5224/5224/5224 5222/5222/5222 5225/5225/5225
f 5225/5225/5225 5223/5223/5223 5226/5226/5226
f 5227/5227/5227 5224/5224/5224 5225/5225/5225
f 5228/5228/5228 5225/5225/5225 5226/5226/5226
f 5227/5227/5227 5225/5225/5225 5228/5228/5228
f 5228/5228/5228 5226/5226/5226 5229/5229/5229
f 5230/5230/5230 5227/5227/5227 5228/5228/5228
f 5231/5231/5231 5228/5228/5228 5229/5229/5229
f 5230/5230/5230 5228/5228/5228 5231/5231/5231
f 5231/5231/5231 5229/5229/5229 5232/5232/5232
f 5233/5233/5233 5230/5230/5230 5231/5231/5231
f 5234/5234/5234 5231/5231/5231 5232/5232/5232
f 5233/5233/5233 5231/5231/5231 5234/5234/5234
f 5237/5237/5237 5236/5236/5236 5235/5235/5235
f 5236/5236/5236 5238/5238/5238 5235/5235/5235
f 5236/5236/5236 5239/5239/5239 5238/5238/5238
f 5239/5239/5239 5240/5240/5240 5238/5238/5238
f 5243/5243/5243 5242/5242/5242 5241/5241/5241
f 5244/5244/5244 5243/5243/5243 5241/5241/5241
f 5244/5244/5244 5241/5241/5241 5245/5245/5245
f 5246/5246/5246 5244/5244/5244 5245/5245/5245
f 5246/5246/5246 5245/5245/5245 5247/5247/5247
f 5248/5248/5248 5246/5246/5246 5247/5247/5247
f 5248/5248/5248 5247/5247/5247 5249/5249/5249
f 5250/5250/5250 5248/5248/5248 5249/5249/5249
f 5250/5250/5250 5249/5249/5249 5251/5251/5251
f 5252/5252/5252 5250/5250/5250 5251/5251/5251
f 5252/5252/5252 5251/5251/5251 5253/5253/5253
f 5254/5254/5254 5252/5252/5252 5253/5253/5253
f 5254/5254/5254 5253/5253/5253 5255/5255/5255
f 5256/5256/5256 5254/5254/5254 5255/5255/5255
f 5256/5256/5256 5255/5255/5255 5257/5257/5257
f 5258/5258/5258 5256/5256/5256 5257/5257/5257
f 5258/5258/5258 5257/5257/5257 5259/5259/5259
f 5260/5260/5260 5258/5258/5258 5259/5259/5259
f 5263/5263/5263 5262/5262/5262 5261/5261/5261
f 5264/5264/5264 5263/5263/5263 5261/5261/5261
f 5267/5267/5267 5266/5266/5266 5265/5265/5265
f 5268/5268/5268 5267/5267/5267 5265/5265/5265
f 5271/5271/5271 5270/5270/5270 5269/5269/5269
f 5272/5272/5272 5271/5271/5271 5269/5269/5269
f 5275/5275/5275 5274/5274/5274 5273/5273/5273
f 5276/5276/5276 5275/5275/5275 5273/5273/5273
f 5279/5279/5279 5278/5278/5278 5277/5277/5277
f 5280/5280/5280 5279/5279/5279 5277/5277/5277
f 5283/5283/5283 5282/5282/5282 5281/5281/5281
f 5284/5284/5284 5283/5283/5283 5281/5281/5281
f 5287/5287/5287 5286/5286/5286 5285/5285/5285
f 5285/5285/5285 5288/5288/5288 5287/5287/5287
f 5285/5285/5285 5289/5289/5289 5288/5288/5288
f 5289/5289/5289 5290/5290/5290 5288/5288/5288
f 5289/5289/5289 5291/5291/5291 5290/5290/5290
f 5291/5291/5291 5292/5292/5292 5290/5290/5290
f 5295/5295/5295 5294/5294/5294 5293/5293/5293
f 5296/5296/5296 5295/5295/5295 5293/5293/5293
f 5299/5299/5299 5298/5298/5298 5297/5297/5297
f 5300/5300/5300 5299/5299/5299 5297/5297/5297
