g 02_Cloth_07
v 0.01614339 1.3855932 0.07877962
v 0.021335095 1.3916688 0.07340484
v 0.0064688507 1.3899053 0.07433049
v -0.008466067 1.3855602 0.08679273
v -0.012589831 1.3911748 0.09983759
v -0.005789158 1.3908944 0.091917746
v -0.005789158 1.3908944 0.091917746
v -0.012589831 1.3911748 0.09983759
v -0.007304557 1.4000372 0.09164155
v -0.023083124 1.3967702 0.09388996
v -0.012589831 1.3911748 0.09983759
v -0.022360127 1.3899164 0.09185697
v -0.024840761 1.3907597 0.0811075
v -0.022360127 1.3899164 0.09185697
v -0.018227484 1.3860784 0.07657263
v -0.023083124 1.3967702 0.09388996
v -0.022360127 1.3899164 0.09185697
v -0.024840761 1.3907597 0.0811075
v -0.024840761 1.3907597 0.0811075
v -0.018227484 1.3860784 0.07657263
v -0.022018425 1.396194 0.0684535
v -0.006487922 1.3897687 0.07439209
v -0.018227484 1.3860784 0.07657263
v -0.008466067 1.3855602 0.08679273
v -0.006487922 1.3897687 0.07439209
v -0.008466067 1.3855602 0.08679273
v -0.005789158 1.3908944 0.091917746
v 0.021486744 1.3914626 0.09202339
v 0.021335095 1.3916688 0.07340484
v 0.01614339 1.3855932 0.07877962
v -0.008603181 1.4002743 0.07304477
v -0.007304557 1.4000372 0.09164155
v -0.019596303 1.4034241 0.08071528
v -0.019596303 1.4034241 0.08071528
v -0.022018425 1.396194 0.0684535
v -0.008603181 1.4002743 0.07304477
v 0.006996236 1.3855661 0.087912045
v 0.01614339 1.3855932 0.07877962
v 0.0064688507 1.3899053 0.07433049
v 0.006996236 1.3855661 0.087912045
v 0.0064688507 1.3899053 0.07433049
v 0.0042918823 1.3908794 0.09261485
v 0.006996236 1.3855661 0.087912045
v 0.0042918823 1.3908794 0.09261485
v 0.010090754 1.3907158 0.10111872
v 0.010090754 1.3907158 0.10111872
v 0.0042918823 1.3908794 0.09261485
v 0.0059390017 1.3998123 0.093690805
v 0.03538263 1.2911698 0.13300788
v 0.00018764453 1.2632729 0.1350364
v -0 1.2894913 0.13152154
v -0.03466846 1.2916403 0.12439303
v 0.03538263 1.2911698 0.13300788
v -0 1.3212957 0.11647792
v -0.03466846 1.2916403 0.12439303
v 0.034595054 1.3223509 0.116623886
v 0.07343553 1.3252089 0.10907156
v -0.034595054 1.3223509 0.116623886
v -0.07343553 1.3252089 0.10907156
v 0.03193834 1.3438046 0.09567941
v -0.03193834 1.3438046 0.09567941
v 0.06904903 1.3449913 0.08943798
v 0.07343553 1.3252089 0.10907156
v 0.0598802 1.3603828 0.071951374
v 0.09599325 1.3468986 0.077026464
v -0.06904903 1.3449913 0.08943798
v -0.07343553 1.3252089 0.10907156
v -0.0598802 1.3603828 0.071951374
v -0.09599325 1.3468986 0.077026464
v 0.085030995 1.3603332 0.05653413
v 0.077207886 1.3738099 0.042633973
v -0.085030995 1.3603332 0.05653413
v -0.077207886 1.3738099 0.042633973
v 0.10145215 1.3615134 0.037159193
v 0.10683955 1.3584676 0.043714777
v 0.116565056 1.3677402 0.0012481937
v 0.092028484 1.3759644 0.022783022
v 0.08329714 1.3814161 0.017573407
v 0.10346806 1.3773038 0.0009932648
v 0.085566774 1.3878574 -0.006296633
v 0.08411369 1.3903472 -0.024728822
v 0.103677414 1.3780308 -0.028140169
v 0.11766261 1.369002 -0.030872457
v 0.07640456 1.3913032 -0.04477364
v 0.10316126 1.3656054 -0.054810807
v 0.092617124 1.3747002 -0.050724667
v 0.06268501 1.3914865 -0.060472444
v 0.08249928 1.3626665 -0.07285974
v 0.07515878 1.3732413 -0.06904019
v 0.054942623 1.3583262 -0.08318975
v 0.041864626 1.3899273 -0.071229
v 0.05054454 1.3698218 -0.07578427
v 0.027053779 1.3584288 -0.08744982
v 0.025483321 1.3699592 -0.08065025
v 0.02121521 1.3899717 -0.075962
v -0 1.359074 -0.090917066
v -0 1.370821 -0.08456359
v -0 1.3900461 -0.07842414
v -0.02121521 1.3899717 -0.075962
v -0.025483321 1.3699592 -0.08065025
v -0.027053779 1.3584288 -0.08744982
v -0.041864626 1.3899273 -0.071229
v -0.05054454 1.3698218 -0.07578427
v -0.054942623 1.3583262 -0.08318975
v -0.07515878 1.3732413 -0.06904019
v -0.06268501 1.3914865 -0.060472444
v -0.08249928 1.3626665 -0.07285974
v -0.092617124 1.3747002 -0.050724667
v -0.07640456 1.3913032 -0.04477364
v -0.10316126 1.3656054 -0.054810807
v -0.103677414 1.3780308 -0.028140169
v -0.11766261 1.369002 -0.030872457
v -0.08411369 1.3903472 -0.024728822
v -0.116565056 1.3677402 0.0012481937
v -0.10346806 1.3773038 0.0009932648
v -0.085566774 1.3878574 -0.006296633
v -0.08329714 1.3814161 0.017573407
v -0.10145215 1.3615134 0.037159193
v -0.10683955 1.3584676 0.043714777
v -0.092028484 1.3759644 0.022783022
v 0.37356102 0.30704123 0.19177154
v 0.3885644 0.24319394 0.20796984
v 0.38091218 0.24242552 0.27960342
v 0.36616772 0.30629882 0.2609809
v 0.35855764 0.37088853 0.17557321
v 0.35550925 0.2416648 0.3422231
v 0.3514233 0.3701721 0.24235843
v 0.34355426 0.4347358 0.15937488
v 0.3416245 0.30556384 0.32148147
v 0.31263065 0.24094594 0.39134887
v 0.33667886 0.4340454 0.22373594
v 0.32855088 0.4985831 0.14317657
v 0.30019695 0.3048693 0.36894476
v 0.25644165 0.24012206 0.42763114
v 0.32773972 0.36946288 0.30073988
v 0.32193443 0.4979187 0.20511347
v 0.3135475 0.5624304 0.12697825
v 0.24590945 0.3040733 0.4039992
v 0.19108595 0.23919791 0.4474402
v 0.31385493 0.43336192 0.27999827
v 0.28776324 0.36879268 0.34654072
v 0.30719 0.561792 0.18649098
v 0.2985441 0.6262777 0.11077992
v 0.18276545 0.30318043 0.4231379
v 0.120478444 0.23784934 0.45543557
v 0.29997018 0.49726093 0.25925663
v 0.23537725 0.36802456 0.3803673
v 0.27532953 0.43271607 0.32413667
v 0.29244557 0.62566525 0.1678685
v 0.28354073 0.690125 0.0945816
v 0.11454739 0.3018775 0.43086272
v 0.065546535 0.23667938 0.45814177
v 0.05958776 0.3007471 0.43347734
v 0.2860854 0.56116 0.23851503
v 0.26289582 0.49663943 0.30173257
v 0.22484505 0.43197578 0.3567354
v 0.17444496 0.36716294 0.39883563
v 0.10861633 0.36590564 0.40628988
v 0.053628985 0.36481485 0.4088129
v 0.16612446 0.43114546 0.37453336
v 0.10268527 0.4299338 0.38171706
v 0.047670208 0.4288826 0.38414848
v 0.21431285 0.49592704 0.33310348
v 0.2504621 0.5605628 0.2793285
v 0.15780397 0.49512798 0.35023108
v 0.096754216 0.49396193 0.3571442
v 0.041711435 0.49295035 0.35948405
v 0.20378064 0.5598783 0.30947158
v 0.27220064 0.62505907 0.21777342
v 0.14948347 0.5591105 0.3259288
v 0.09082316 0.5579901 0.33257136
v 0.035752658 0.5570181 0.33481964
v 0.23802842 0.62448615 0.25692442
v 0.27770114 0.68953854 0.149246
v 0.2685373 0.7539723 0.078383274
v 0.19324842 0.62382954 0.28583968
v 0.14116298 0.62309307 0.30162653
v 0.0848921 0.6220182 0.3079985
v 0.02979388 0.6210859 0.3101552
v 0.25831586 0.6889581 0.19703181
v 0.2629567 0.7534118 0.13062353
v 0.2535339 0.81781954 0.06218494
v 0.22559471 0.6884095 0.23452032
v 0.18271622 0.6877808 0.26220775
v 0.13284248 0.68707556 0.27732426
v 0.078961045 0.68604636 0.28342566
v 0.023835104 0.68515366 0.28549078
v 0.24821228 0.8172851 0.11200105
v 0.23853052 0.8816668 0.046254814
v 0.2444311 0.7528571 0.17629021
v 0.213161 0.75233287 0.21211624
v 0.17218402 0.75173205 0.23857585
v 0.124521986 0.75105804 0.25302202
v 0.07302999 0.75007457 0.25885284
v 0.017876327 0.7492214 0.26082638
v 0.23346785 0.8811584 0.093713515
v 0.22352712 0.9455141 0.030905891
v 0.23054633 0.8167561 0.15554862
v 0.2007273 0.8162562 0.18971215
v 0.1616518 0.8156833 0.21494393
v 0.11620149 0.8150406 0.22871974
v 0.06709893 0.8141027 0.23427999
v 0.011917552 0.8132891 0.23616195
v 0.21872342 0.9450317 0.07702658
v 0.19715771 0.98096776 0.017658245
v 0.21666157 0.88065517 0.13492878
v 0.18829359 0.8801795 0.16730806
v 0.15111959 0.87963456 0.19131202
v 0.107880995 0.87902313 0.20441747
v 0.061167877 0.87813085 0.20970714
v 0.005958776 0.8773568 0.21149752
v 0.2027768 0.94455415 0.116721556
v 0.17585988 0.9441029 0.14720634
v 0.14058739 0.9435857 0.1694461
v 0.09956049 0.94300556 0.18160866
v 0.055236824 0.94215906 0.18642338
v -0 0.9414246 0.18742509
v 0.19239403 0.9804611 0.06477876
v 0.17751694 0.98001266 0.10264012
v 0.15240528 0.97959167 0.13139871
v 0.11949844 0.97910917 0.15187193
v 0.08122313 0.97856796 0.16283593
v 0.03987216 0.97777814 0.16688228
v 0.1681308 0.98743045 0.098205164
v 0.18245286 0.98820597 0.062394176
v 0.14453663 0.9870107 0.12537274
v 0.11368276 0.9865323 0.14429648
v 0.07786066 0.98608357 0.15431704
v 0.039194513 0.985392 0.15801017
v 0.18663381 0.98924595 0.018551478
v 0.18148346 0.9886405 -0.025034063
v -0 0.98485005 0.15794575
v 0.19172801 0.98058355 -0.029160384
v 0.21044765 0.9460337 -0.0007080906
v 0.1685466 0.9878408 -0.05900088
v -0 0.977093 0.1672491
v -0.03987216 0.97777814 0.16688228
v -0.039194513 0.985392 0.15801017
v 0.20494471 0.94562805 -0.046365898
v 0.2241273 0.8836831 -0.026341094
v 0.17791481 0.98037225 -0.06557694
v 0.14471775 0.98733914 -0.08131004
v -0.055236824 0.94215906 0.18642338
v -0.005958776 0.8773568 0.21149752
v -0.08122313 0.97856796 0.16283593
v -0.07786066 0.98608357 0.15431704
v 0.2183153 0.88325465 -0.073852345
v 0.23780693 0.82133245 -0.051582195
v 0.15246885 0.97997886 -0.08959503
v 0.11358078 0.98693806 -0.0986321
v 0.1901385 0.94541425 -0.08444341
v -0.061167877 0.87813085 0.20970714
v -0.011917552 0.8132891 0.23616195
v -0.11949844 0.97910917 0.15187193
v -0.11368276 0.9865323 0.14429648
v -0.09956049 0.94300556 0.18160866
v 0.11917476 0.9795387 -0.10791567
v 0.07789626 0.9870847 -0.10972318
v 0.16286324 0.9450162 -0.11004753
v -0.06709893 0.8141027 0.23427999
v -0.017876327 0.7492214 0.26082638
v -0.15240528 0.97959167 0.13139871
v -0.14453663 0.9870107 0.12537274
v -0.14058739 0.9435857 0.1694461
v -0.107880995 0.87902313 0.20441747
v 0.081236154 0.97982156 -0.11960209
v 0.03922307 0.9870531 -0.11652782
v -0.07302999 0.75007457 0.25885284
v -0.023835104 0.68515366 0.28549078
v -0.17751694 0.98001266 0.10264012
v -0.1681308 0.98743045 0.098205164
v -0.17585988 0.9441029 0.14720634
v -0.15111959 0.87963456 0.19131202
v -0.11620149 0.8150406 0.22871974
v -0.078961045 0.68604636 0.28342566
v -0.02979388 0.6210859 0.3101552
v -0.19239403 0.9804611 0.06477876
v -0.18245286 0.98820597 0.062394176
v -0.2027768 0.94455415 0.116721556
v -0.18829359 0.8801795 0.16730806
v -0.1616518 0.8156833 0.21494393
v -0.124521986 0.75105804 0.25302202
v -0.0848921 0.6220182 0.3079985
v -0.035752658 0.5570181 0.33481964
v -0.19715771 0.98096776 0.017658245
v -0.18663381 0.98924595 0.018551478
v -0.18148346 0.9886405 -0.025034063
v -0.13284248 0.68707556 0.27732426
v -0.17218402 0.75173205 0.23857585
v -0.09082316 0.5579901 0.33257136
v -0.041711435 0.49295035 0.35948405
v -0.14116298 0.62309307 0.30162653
v -0.096754216 0.49396193 0.3571442
v -0.047670208 0.4288826 0.38414848
v -0.19172801 0.98058355 -0.029160384
v -0.1685466 0.9878408 -0.05900088
v -0.2007273 0.8162562 0.18971215
v -0.18271622 0.6877808 0.26220775
v -0.14948347 0.5591105 0.3259288
v -0.10268527 0.4299338 0.38171706
v -0.053628985 0.36481485 0.4088129
v -0.17791481 0.98037225 -0.06557694
v -0.14471775 0.98733914 -0.08131004
v -0.213161 0.75233287 0.21211624
v -0.19324842 0.62382954 0.28583968
v -0.15780397 0.49512798 0.35023108
v -0.10861633 0.36590564 0.40628988
v -0.05958776 0.3007471 0.43347734
v -0.15246885 0.97997886 -0.08959503
v -0.11358078 0.98693806 -0.0986321
v -0.22559471 0.6884095 0.23452032
v -0.20378064 0.5598783 0.30947158
v -0.16612446 0.43114546 0.37453336
v -0.11454739 0.3018775 0.43086272
v -0.065546535 0.23667938 0.45814177
v -0.120478444 0.23784934 0.45543557
v -0.17444496 0.36716294 0.39883563
v -0.18276545 0.30318043 0.4231379
v -0.19108595 0.23919791 0.4474402
v -0.21431285 0.49592704 0.33310348
v -0.23802842 0.62448615 0.25692442
v -0.22484505 0.43197578 0.3567354
v -0.24590945 0.3040733 0.4039992
v -0.25644165 0.24012206 0.42763114
v -0.23537725 0.36802456 0.3803673
v -0.2504621 0.5605628 0.2793285
v -0.30019695 0.3048693 0.36894476
v -0.31263065 0.24094594 0.39134887
v -0.26289582 0.49663943 0.30173257
v -0.27532953 0.43271607 0.32413667
v -0.28776324 0.36879268 0.34654072
v -0.3416245 0.30556384 0.32148147
v -0.35550925 0.2416648 0.3422231
v -0.32773972 0.36946288 0.30073988
v -0.31385493 0.43336192 0.27999827
v -0.29997018 0.49726093 0.25925663
v -0.2860854 0.56116 0.23851503
v -0.36616772 0.30629882 0.2609809
v -0.38091218 0.24242552 0.27960342
v -0.3514233 0.3701721 0.24235843
v -0.37356102 0.30704123 0.19177154
v -0.3885644 0.24319394 0.20796984
v -0.35855764 0.37088853 0.17557321
v -0.34355426 0.4347358 0.15937488
v -0.33667886 0.4340454 0.22373594
v -0.32855088 0.4985831 0.14317657
v -0.32193443 0.4979187 0.20511347
v -0.3135475 0.5624304 0.12697825
v -0.30719 0.561792 0.18649098
v -0.2985441 0.6262777 0.11077992
v -0.29244557 0.62566525 0.1678685
v -0.28354073 0.690125 0.0945816
v -0.27220064 0.62505907 0.21777342
v -0.27770114 0.68953854 0.149246
v -0.2685373 0.7539723 0.078383274
v -0.25831586 0.6889581 0.19703181
v -0.2629567 0.7534118 0.13062353
v -0.2535339 0.81781954 0.06218494
v -0.2444311 0.7528571 0.17629021
v -0.24821228 0.8172851 0.11200105
v -0.23853052 0.8816668 0.046254814
v -0.23054633 0.8167561 0.15554862
v -0.23346785 0.8811584 0.093713515
v -0.22352712 0.9455141 0.030905891
v -0.21666157 0.88065517 0.13492878
v -0.21872342 0.9450317 0.07702658
v -0.21044765 0.9460337 -0.0007080906
v -0.20494471 0.94562805 -0.046365898
v -0.2241273 0.8836831 -0.026341094
v -0.1901385 0.94541425 -0.08444341
v -0.2183153 0.88325465 -0.073852345
v -0.23780693 0.82133245 -0.051582195
v -0.2316859 0.8208813 -0.101601765
v -0.25148657 0.7589818 -0.076855205
v -0.2026776 0.88302886 -0.11392887
v -0.16286324 0.9450162 -0.11004753
v -0.2450565 0.7585079 -0.12940018
v -0.2651662 0.6966312 -0.102128215
v -0.21521668 0.8206435 -0.14385837
v -0.25842708 0.6961345 -0.15719861
v -0.27884582 0.63428056 -0.12740123
v -0.11917476 0.9795387 -0.10791567
v -0.07789626 0.9870847 -0.10972318
v -0.17387058 0.8826085 -0.14120534
v -0.22775577 0.7582581 -0.17379026
v -0.27179766 0.63376105 -0.18499702
v -0.29252547 0.57193 -0.15267424
v -0.081236154 0.97982156 -0.11960209
v -0.03922307 0.9870531 -0.11652782
v -0.12717566 0.94455874 -0.12951508
v -0.18487792 0.82020074 -0.17258772
v -0.24029486 0.69587266 -0.20372216
v -0.28516826 0.57138765 -0.21279544
v -0.3062051 0.5095794 -0.17794727
v -0.039880726 0.9798306 -0.1267282
v -0 0.98676795 -0.12041775
v -0.08650967 0.94486195 -0.14195435
v -0.13617882 0.88212526 -0.16200194
v -0.19588526 0.75779295 -0.2039701
v -0.25283396 0.6334872 -0.23365405
v -0.29853886 0.50901425 -0.24059387
v -0.31988472 0.4472288 -0.20322028
v -0.14518197 0.8196918 -0.19449012
v -0.09322905 0.8824455 -0.17514122
v -0.2068926 0.69538516 -0.2353525
v -0.26537305 0.57110184 -0.26358593
v -0.31190947 0.4466409 -0.26839226
v -0.33356437 0.3848782 -0.22849329
v -0.15418512 0.75725836 -0.22697832
v -0.21789993 0.6329774 -0.26673487
v -0.27791214 0.5087164 -0.29351783
v -0.32528007 0.38426748 -0.29619068
v -0.34724402 0.3225276 -0.2537663
v -0.09994843 0.820029 -0.20832807
v -0.16318828 0.6948249 -0.25946653
v -0.22890726 0.5705697 -0.29811725
v -0.29045123 0.446331 -0.3234497
v -0.33865067 0.32189408 -0.32398912
v -0.36092365 0.26017696 -0.2790393
v -0.35202128 0.25952068 -0.35178754
v -0.30299032 0.38394558 -0.3533816
v -0.3155294 0.3215602 -0.38331348
v -0.3280685 0.2591748 -0.41324535
v -0.2399146 0.5081619 -0.32949966
v -0.17219144 0.63239145 -0.29195473
v -0.25092193 0.44575414 -0.36088204
v -0.27293658 0.32093862 -0.4236468
v -0.28394392 0.25853086 -0.4550292
v -0.26192927 0.38334638 -0.39226443
v -0.18119459 0.56995803 -0.32444292
v -0.21720718 0.32022426 -0.45439577
v -0.22621033 0.25779077 -0.48688397
v -0.19019774 0.5075246 -0.35693112
v -0.19920088 0.44509116 -0.38941932
v -0.20820403 0.3826577 -0.42190754
v -0.15370348 0.3206977 -0.47382295
v -0.16042288 0.2582813 -0.5070098
v -0.1469841 0.3831141 -0.44063607
v -0.14026472 0.4455305 -0.4074492
v -0.13354534 0.5079469 -0.37426236
v -0.12682596 0.57036334 -0.3410755
v -0.084480554 0.32071286 -0.48563838
v -0.088710494 0.258297 -0.51925015
v -0.08025062 0.38312876 -0.45202658
v -0.07602069 0.44554463 -0.41841477
v -0.07179075 0.5079605 -0.38480303
v -0 0.3200939 -0.49250764
v -0 0.25765577 -0.5263665
v 0.088710494 0.258297 -0.51925015
v -0 0.38253203 -0.4586488
v 0.084480554 0.32071286 -0.48563838
v 0.16042288 0.2582813 -0.5070098
v -0 0.4449702 -0.42478997
v 0.15370348 0.3206977 -0.47382295
v 0.22621033 0.25779077 -0.48688397
v 0.08025062 0.38312876 -0.45202658
v -0 0.5074083 -0.39093116
v 0.21720718 0.32022426 -0.45439577
v 0.28394392 0.25853086 -0.4550292
v 0.1469841 0.3831141 -0.44063607
v 0.07602069 0.44554463 -0.41841477
v 0.27293658 0.32093862 -0.4236468
v 0.3280685 0.2591748 -0.41324535
v 0.20820403 0.3826577 -0.42190754
v 0.14026472 0.4455305 -0.4074492
v 0.07179075 0.5079605 -0.38480303
v -0 0.56984645 -0.35707235
v 0.3155294 0.3215602 -0.38331348
v 0.35202128 0.25952068 -0.35178754
v 0.26192927 0.38334638 -0.39226443
v 0.19920088 0.44509116 -0.38941932
v 0.13354534 0.5079469 -0.37426236
v 0.33865067 0.32189408 -0.32398912
v 0.36092365 0.26017696 -0.2790393
v 0.34724402 0.3225276 -0.2537663
v 0.30299032 0.38394558 -0.3533816
v 0.32528007 0.38426748 -0.29619068
v 0.33356437 0.3848782 -0.22849329
v 0.25092193 0.44575414 -0.36088204
v 0.29045123 0.446331 -0.3234497
v 0.31190947 0.4466409 -0.26839226
v 0.31988472 0.4472288 -0.20322028
v 0.19019774 0.5075246 -0.35693112
v 0.2399146 0.5081619 -0.32949966
v 0.27791214 0.5087164 -0.29351783
v 0.29853886 0.50901425 -0.24059387
v 0.3062051 0.5095794 -0.17794727
v 0.28516826 0.57138765 -0.21279544
v 0.29252547 0.57193 -0.15267424
v 0.26537305 0.57110184 -0.26358593
v 0.22890726 0.5705697 -0.29811725
v 0.18119459 0.56995803 -0.32444292
v 0.12682596 0.57036334 -0.3410755
v 0.27179766 0.63376105 -0.18499702
v 0.27884582 0.63428056 -0.12740123
v 0.25283396 0.6334872 -0.23365405
v 0.21789993 0.6329774 -0.26673487
v 0.17219144 0.63239145 -0.29195473
v 0.25842708 0.6961345 -0.15719861
v 0.2651662 0.6966312 -0.102128215
v 0.24029486 0.69587266 -0.20372216
v 0.2068926 0.69538516 -0.2353525
v 0.2450565 0.7585079 -0.12940018
v 0.25148657 0.7589818 -0.076855205
v 0.22775577 0.7582581 -0.17379026
v 0.2316859 0.8208813 -0.101601765
v 0.21521668 0.8206435 -0.14385837
v 0.2026776 0.88302886 -0.11392887
v 0.19588526 0.75779295 -0.2039701
v 0.17387058 0.8826085 -0.14120534
v 0.18487792 0.82020074 -0.17258772
v 0.12717566 0.94455874 -0.12951508
v 0.13617882 0.88212526 -0.16200194
v 0.14518197 0.8196918 -0.19449012
v 0.15418512 0.75725836 -0.22697832
v 0.08650967 0.94486195 -0.14195435
v 0.09322905 0.8824455 -0.17514122
v 0.039880726 0.9798306 -0.1267282
v 0.042181216 0.94487166 -0.14952062
v -0 0.97946084 -0.13091783
v 0.09994843 0.820029 -0.20832807
v 0.16318828 0.6948249 -0.25946653
v 0.04641115 0.8824557 -0.18313241
v -0.042181216 0.94487166 -0.14952062
v -0 0.9444753 -0.1539195
v -0.04641115 0.8824557 -0.18313241
v -0 0.8820371 -0.18777832
v 0.050641082 0.8200398 -0.21674418
v -0.050641082 0.8200398 -0.21674418
v 0.10666781 0.7576126 -0.24151492
v -0 0.819599 -0.22163713
v -0.10666781 0.7576126 -0.24151492
v 0.11338719 0.69519615 -0.27470177
v 0.054871015 0.757624 -0.25035596
v -0.054871015 0.757624 -0.25035596
v -0.11338719 0.69519615 -0.27470177
v 0.12010658 0.6327797 -0.30788863
v 0.05910095 0.69520813 -0.28396773
v -0 0.75716084 -0.25549594
v -0.12010658 0.6327797 -0.30788863
v -0.05910095 0.69520813 -0.28396773
v 0.06333088 0.63279223 -0.31757948
v -0 0.6947227 -0.28935474
v -0.06333088 0.63279223 -0.31757948
v 0.067560814 0.57037634 -0.35119125
v -0 0.6322846 -0.32321355
v -0.067560814 0.57037634 -0.35119125
v 0.061043687 1.0796125 0.14862874
v 0.01725696 1.0843184 0.16548362
v 0.015293635 1.0813628 0.15424842
v 0.06300701 1.0825678 0.15991028
v 0.10676232 1.0813628 0.14254025
v 0.019032568 1.0791212 0.17376328
v 0.10872564 1.0843184 0.15385628
v 0.0646234 1.0773835 0.16809724
v 0.11017514 1.0791212 0.16198528
v 0.020281114 1.0622865 0.17651483
v 0.110648245 1.0622865 0.16429193
v 0.06540095 1.0623642 0.17033985
v 0.06583884 1.0151262 0.16643584
v 0.019358587 1.0148165 0.17258081
v 0.112120956 1.0148165 0.1585759
v 0.017247468 0.9890689 0.16978534
v 0.1141292 0.9890689 0.15443258
v 0.065965936 0.98858774 0.16389744
v 0.020404667 0.95997417 0.195121
v 0.07098965 0.95946276 0.18855105
v 0.02710981 0.90818745 0.21356633
v 0.12098448 0.9599741 0.17825353
v 0.07769479 0.90767604 0.20624657
v 0.12768963 0.90818745 0.19563708
v 0.08439993 0.85588926 0.22655071
v 0.13439476 0.85640067 0.215922
v 0.03381495 0.8564007 0.2338726
v 0.02710981 0.90818745 0.21356633
v 0.040520094 0.804614 0.25417888
v 0.09110507 0.80410254 0.24685697
v 0.1410999 0.80461395 0.23622824
v 0.047225237 0.7528273 0.27448514
v 0.09781021 0.7523158 0.26716325
v 0.14780505 0.7528272 0.25653452
v 0.05393038 0.70104057 0.2947914
v 0.10451535 0.7005291 0.2874695
v 0.10451535 0.7005291 0.2874695
v 0.09781021 0.7523158 0.26716325
v 0.06063552 0.6492538 0.31509763
v 0.15451019 0.7010405 0.27684078
v 0.111220494 0.6487424 0.30777577
v 0.16121532 0.6492538 0.29714704
v 0.1008694 1.8626733 -0.49244532
v 0.0003287371 1.8626361 -0.5011547
v -0.100211926 1.8626733 -0.49244526
v 0.19692168 1.862764 -0.4664518
v -0.19626419 1.862764 -0.4664518
v 0.28412214 1.862869 -0.42353922
v -0.2834647 1.862869 -0.42353922
v 0.35881564 1.8629136 -0.3644564
v -0.3581582 1.8629136 -0.3644564
v 0.4178985 1.8628691 -0.28976288
v -0.41724104 1.8628691 -0.28976288
v 0.46081108 1.8627641 -0.20256247
v -0.46015352 1.8627641 -0.20256245
v 0.48680452 1.8626734 -0.1065102
v -0.4861469 1.8626734 -0.106510185
v 0.495514 1.8626362 -0.0059695435
v -0.49485633 1.8626362 -0.005969544
v -0.4861469 1.8626734 0.094571084
v 0.48680452 1.8626734 0.094571106
v -0.46015355 1.8627641 0.19062334
v 0.460811 1.8627641 0.19062336
v -0.41724107 1.8628691 0.2778239
v 0.41789848 1.8628691 0.27782387
v 0.35881564 1.8629136 0.35251728
v -0.35815817 1.8629136 0.35251737
v 0.28412217 1.8628693 0.4116002
v -0.2834647 1.8628693 0.4116001
v -0.19626418 1.8627642 0.45451263
v 0.19692166 1.8627642 0.45451272
v -0.10021189 1.8626735 0.480506
v 0.10086937 1.8626735 0.480506
v 0.00032874415 1.8626363 0.48921543
v 0.010090754 1.3907158 0.10111872
v 0.0059390017 1.3998123 0.093690805
v 0.01985627 1.4018583 0.09187474
v 0.021486744 1.3914626 0.09202339
v -0.019596303 1.4034241 0.08071528
v -0.007304557 1.4000372 0.09164155
v -0.012589831 1.3911748 0.09983759
v -0.023083124 1.3967702 0.09388996
v 0.0059390017 1.3998123 0.093690805
v 0.0056948815 1.400177 0.073971905
v 0.020099271 1.4014506 0.07391581
v 0.01985627 1.4018583 0.09187474
v 0.24825977 1.8571203 -0.0028016453
v 0.2600119 1.8588495 -0.0066483733
v 0.2605163 1.8621931 0.047427706
v 0.24865438 1.8604861 0.05120867
v -0.026574846 1.3160319 0.16527402
v -0.021956773 1.3097807 0.1496191
v -0.03199799 1.3094196 0.13887636
v -0.03661606 1.3156707 0.15471105
v 0.06590646 1.2635521 0.17778495
v 0.061301526 1.257252 0.1615004
v 0.05126031 1.2576132 0.1700333
v 0.05586524 1.2639132 0.18613935
v -0.2324824 1.8659365 0.0057080635
v -0.240705 1.8698453 0.018683935
v -0.24917999 1.869109 0.0015529431
v -0.24012424 1.8652474 -0.011532966
v -0.008603181 1.4002743 0.07304477
v -0.022018425 1.396194 0.0684535
v -0.018227484 1.3860784 0.07657263
v -0.006487922 1.3897687 0.07439209
v 0.0064688507 1.3899053 0.07433049
v 0.021335095 1.3916688 0.07340484
v 0.020099271 1.4014506 0.07391581
v 0.0056948815 1.400177 0.073971905
v -0.24012424 1.8652474 -0.011532966
v -0.2641433 1.7558908 0.0053292904
v -0.25598887 1.757704 0.022255722
v -0.2324824 1.8659365 0.0057080635
v -0.24917999 1.869109 0.0015529431
v -0.2726445 1.7590905 0.0183991
v -0.2641433 1.7558908 0.0053292904
v -0.24012424 1.8652474 -0.011532966
v -0.240705 1.8698453 0.018683935
v -0.26467127 1.7607942 0.035268772
v -0.2726445 1.7590905 0.0183991
v -0.24917999 1.869109 0.0015529431
v -0.2324824 1.8659365 0.0057080635
v -0.25598887 1.757704 0.022255722
v -0.26467127 1.7607942 0.035268772
v -0.240705 1.8698453 0.018683935
v -0.2641433 1.7558908 0.0053292904
v -0.2632196 1.6614664 0.018851766
v -0.25584164 1.6645898 0.035377566
v -0.25598887 1.757704 0.022255722
v -0.2726445 1.7590905 0.0183991
v -0.27192217 1.66249 0.03204722
v -0.2632196 1.6614664 0.018851766
v -0.2641433 1.7558908 0.0053292904
v -0.26467127 1.7607942 0.035268772
v -0.26456773 1.6655874 0.048544887
v -0.27192217 1.66249 0.03204722
v -0.2726445 1.7590905 0.0183991
v -0.25598887 1.757704 0.022255722
v -0.25584164 1.6645898 0.035377566
v -0.26456773 1.6655874 0.048544887
v -0.26467127 1.7607942 0.035268772
v -0.2632196 1.6614664 0.018851766
v -0.23439983 1.5577028 0.032584682
v -0.22794515 1.5622188 0.048727114
v -0.25584164 1.6645898 0.035377566
v -0.27192217 1.66249 0.03204722
v -0.24266425 1.5561352 0.045958787
v -0.23439983 1.5577028 0.032584682
v -0.2632196 1.6614664 0.018851766
v -0.26456773 1.6655874 0.048544887
v -0.2361945 1.5606761 0.062098496
v -0.24266425 1.5561352 0.045958787
v -0.27192217 1.66249 0.03204722
v -0.25584164 1.6645898 0.035377566
v -0.22794515 1.5622188 0.048727114
v -0.2361945 1.5606761 0.062098496
v -0.26456773 1.6655874 0.048544887
v -0.23439983 1.5577028 0.032584682
v -0.19763322 1.4945331 0.040400926
v -0.1920246 1.5008025 0.056307722
v -0.22794515 1.5622188 0.048727114
v -0.24266425 1.5561352 0.045958787
v -0.20472537 1.4908022 0.05403626
v -0.19763322 1.4945331 0.040400926
v -0.23439983 1.5577028 0.032584682
v -0.2361945 1.5606761 0.062098496
v -0.19911675 1.4970717 0.069943056
v -0.20472537 1.4908022 0.05403626
v -0.24266425 1.5561352 0.045958787
v -0.22794515 1.5622188 0.048727114
v -0.1920246 1.5008025 0.056307722
v -0.19911675 1.4970717 0.069943056
v -0.2361945 1.5606761 0.062098496
v -0.19763322 1.4945331 0.040400926
v -0.14956073 1.446156 0.046320494
v -0.14499442 1.4535184 0.06199004
v -0.1920246 1.5008025 0.056307722
v -0.20472537 1.4908022 0.05403626
v -0.15531875 1.4410259 0.060024895
v -0.14956073 1.446156 0.046320494
v -0.19763322 1.4945331 0.040400926
v -0.19911675 1.4970717 0.069943056
v -0.15075244 1.4483882 0.07572913
v -0.15531875 1.4410259 0.060024895
v -0.20472537 1.4908022 0.05403626
v -0.1920246 1.5008025 0.056307722
v -0.14499442 1.4535184 0.06199004
v -0.15075244 1.4483882 0.07572913
v -0.19911675 1.4970717 0.069943056
v -0.14956073 1.446156 0.046320494
v -0.07627469 1.4062085 0.05686833
v -0.07379302 1.4149014 0.0735786
v -0.14499442 1.4535184 0.06199004
v -0.15531875 1.4410259 0.060024895
v -0.07869933 1.3993953 0.072717085
v -0.07627469 1.4062085 0.05686833
v -0.14956073 1.446156 0.046320494
v -0.15075244 1.4483882 0.07572913
v -0.07599716 1.4080882 0.08870668
v -0.07869933 1.3993953 0.072717085
v -0.15531875 1.4410259 0.060024895
v -0.14499442 1.4535184 0.06199004
v -0.07379302 1.4149014 0.0735786
v -0.07599716 1.4080882 0.08870668
v -0.15075244 1.4483882 0.07572913
v -0.07627469 1.4062085 0.05686833
v -0.022018425 1.396194 0.0684535
v -0.019596303 1.4034241 0.08071528
v -0.07379302 1.4149014 0.0735786
v -0.07869933 1.3993953 0.072717085
v -0.024840761 1.3907597 0.0811075
v -0.022018425 1.396194 0.0684535
v -0.07627469 1.4062085 0.05686833
v -0.07599716 1.4080882 0.08870668
v -0.023083124 1.3967702 0.09388996
v -0.024840761 1.3907597 0.0811075
v -0.07869933 1.3993953 0.072717085
v -0.07379302 1.4149014 0.0735786
v -0.019596303 1.4034241 0.08071528
v -0.023083124 1.3967702 0.09388996
v -0.07599716 1.4080882 0.08870668
v 0.0064688507 1.3899053 0.07433049
v -0.006487922 1.3897687 0.07439209
v -0.005789158 1.3908944 0.091917746
v 0.0042918823 1.3908794 0.09261485
v 0.0042918823 1.3908794 0.09261485
v -0.005789158 1.3908944 0.091917746
v -0.007304557 1.4000372 0.09164155
v 0.0059390017 1.3998123 0.093690805
v 0.0059390017 1.3998123 0.093690805
v -0.007304557 1.4000372 0.09164155
v -0.008603181 1.4002743 0.07304477
v 0.0056948815 1.400177 0.073971905
v 0.0056948815 1.400177 0.073971905
v -0.008603181 1.4002743 0.07304477
v -0.006487922 1.3897687 0.07439209
v 0.0064688507 1.3899053 0.07433049
v 0.006996236 1.3855661 0.087912045
v 0.05126031 1.2576132 0.1700333
v 0.061301526 1.257252 0.1615004
v 0.01614339 1.3855932 0.07877962
v 0.010090754 1.3907158 0.10111872
v 0.05586524 1.2639132 0.18613935
v 0.05126031 1.2576132 0.1700333
v 0.006996236 1.3855661 0.087912045
v 0.021486744 1.3914626 0.09202339
v 0.06590646 1.2635521 0.17778495
v 0.05586524 1.2639132 0.18613935
v 0.010090754 1.3907158 0.10111872
v 0.01614339 1.3855932 0.07877962
v 0.061301526 1.257252 0.1615004
v 0.06590646 1.2635521 0.17778495
v 0.021486744 1.3914626 0.09202339
v -0.018227484 1.3860784 0.07657263
v -0.03199799 1.3094196 0.13887636
v -0.021956773 1.3097807 0.1496191
v -0.008466067 1.3855602 0.08679273
v -0.022360127 1.3899164 0.09185697
v -0.03661606 1.3156707 0.15471105
v -0.03199799 1.3094196 0.13887636
v -0.018227484 1.3860784 0.07657263
v -0.012589831 1.3911748 0.09983759
v -0.026574846 1.3160319 0.16527402
v -0.03661606 1.3156707 0.15471105
v -0.022360127 1.3899164 0.09185697
v -0.008466067 1.3855602 0.08679273
v -0.021956773 1.3097807 0.1496191
v -0.026574846 1.3160319 0.16527402
v -0.012589831 1.3911748 0.09983759
v 0.021486744 1.3914626 0.09202339
v 0.08133894 1.4014609 0.08791124
v 0.083111756 1.4006335 0.06572674
v 0.021335095 1.3916688 0.07340484
v 0.01985627 1.4018583 0.09187474
v 0.07727855 1.4125075 0.0886185
v 0.08133894 1.4014609 0.08791124
v 0.021486744 1.3914626 0.09202339
v 0.020099271 1.4014506 0.07391581
v 0.07873608 1.4116802 0.066609256
v 0.07727855 1.4125075 0.0886185
v 0.01985627 1.4018583 0.09187474
v 0.021335095 1.3916688 0.07340484
v 0.07873608 1.4116802 0.066609256
v 0.020099271 1.4014506 0.07391581
v 0.083111756 1.4006335 0.06572674
v 0.13060139 1.4379995 0.06108813
v 0.1365653 1.4279023 0.06021033
v 0.08133894 1.4014609 0.08791124
v 0.13566014 1.4288821 0.08200067
v 0.1365653 1.4279023 0.06021033
v 0.083111756 1.4006335 0.06572674
v 0.07727855 1.4125075 0.0886185
v 0.13566014 1.4288821 0.08200067
v 0.08133894 1.4014609 0.08791124
v 0.12997383 1.4389793 0.08271372
v 0.20445083 1.4908181 0.07048902
v 0.19567727 1.4981561 0.07173443
v 0.2438444 1.5549326 0.06364588
v 0.23361878 1.5596173 0.06602395
v 0.07873608 1.4116802 0.066609256
v 0.13060139 1.4379995 0.06108813
v 0.12997383 1.4389793 0.08271372
v 0.07727855 1.4125075 0.0886185
v 0.13566014 1.4288821 0.08200067
v 0.20445083 1.4908181 0.07048902
v 0.20303561 1.4893793 0.0489936
v 0.1365653 1.4279023 0.06021033
v 0.13060139 1.4379995 0.06108813
v 0.19426204 1.4967173 0.050370153
v 0.19567727 1.4981561 0.07173443
v 0.12997383 1.4389793 0.08271372
v 0.1365653 1.4279023 0.06021033
v 0.20303561 1.4893793 0.0489936
v 0.19426204 1.4967173 0.050370153
v 0.13060139 1.4379995 0.06108813
v 0.20445083 1.4908181 0.07048902
v 0.2438444 1.5549326 0.06364588
v 0.24214536 1.5530759 0.038033914
v 0.20303561 1.4893793 0.0489936
v 0.19426204 1.4967173 0.050370153
v 0.23191778 1.5577626 0.040512532
v 0.23361878 1.5596173 0.06602395
v 0.19567727 1.4981561 0.07173443
v 0.20303561 1.4893793 0.0489936
v 0.24214536 1.5530759 0.038033914
v 0.23191778 1.5577626 0.040512532
v 0.19426204 1.4967173 0.050370153
v 0.2438444 1.5549326 0.06364588
v 0.27591386 1.6596165 0.06516603
v 0.27442282 1.6568896 0.023014529
v 0.24214536 1.5530759 0.038033914
v 0.23361878 1.5596173 0.06602395
v 0.26465967 1.6615782 0.06832918
v 0.27591386 1.6596165 0.06516603
v 0.2438444 1.5549326 0.06364588
v 0.23191778 1.5577626 0.040512532
v 0.2631661 1.6588438 0.026218839
v 0.26465967 1.6615782 0.06832918
v 0.23361878 1.5596173 0.06602395
v 0.24214536 1.5530759 0.038033914
v 0.27442282 1.6568896 0.023014529
v 0.2631661 1.6588438 0.026218839
v 0.23191778 1.5577626 0.040512532
v 0.27591386 1.6596165 0.06516603
v 0.27966315 1.754445 0.06356487
v 0.27882314 1.7509906 0.009718943
v 0.27442282 1.6568896 0.023014529
v 0.26465967 1.6615782 0.06832918
v 0.26802558 1.7539325 0.06715951
v 0.27966315 1.754445 0.06356487
v 0.27591386 1.6596165 0.06516603
v 0.2631661 1.6588438 0.026218839
v 0.26708373 1.7505093 0.013340557
v 0.26802558 1.7539325 0.06715951
v 0.26465967 1.6615782 0.06832918
v 0.27442282 1.6568896 0.023014529
v 0.27882314 1.7509906 0.009718943
v 0.26708373 1.7505093 0.013340557
v 0.2631661 1.6588438 0.026218839
v 0.27966315 1.754445 0.06356487
v 0.2605163 1.8621931 0.047427706
v 0.2600119 1.8588495 -0.0066483733
v 0.27882314 1.7509906 0.009718943
v 0.26802558 1.7539325 0.06715951
v 0.24865438 1.8604861 0.05120867
v 0.2605163 1.8621931 0.047427706
v 0.27966315 1.754445 0.06356487
v 0.26708373 1.7505093 0.013340557
v 0.24825977 1.8571203 -0.0028016453
v 0.24865438 1.8604861 0.05120867
v 0.26802558 1.7539325 0.06715951
v 0.27882314 1.7509906 0.009718943
v 0.2600119 1.8588495 -0.0066483733
v 0.24825977 1.8571203 -0.0028016453
v 0.26708373 1.7505093 0.013340557
v -0.17885521 1.7809567 0.2170859
v -0.18139198 1.8329546 0.2195904
v -0.16725475 1.8328599 0.23061268
v -0.16476743 1.7808073 0.22782218
v 0.11681487 1.7801834 0.2499335
v 0.13912188 1.8327141 0.24355084
v 0.13695045 1.7805527 0.24047753
v 0.11888653 1.8324958 0.2533321
v 0.06093947 1.779119 0.26570293
v 0.062164944 1.8318667 0.2699165
v 0.00032975178 1.7778307 0.27366465
v 0.00032975152 1.8310993 0.2786429
v -0.06027998 1.779119 0.26570287
v 0.00032975152 1.8310993 0.2786429
v -0.06150547 1.8318667 0.26991647
v -0.116155356 1.7801834 0.24993347
v -0.06150547 1.8318667 0.26991647
v -0.06027998 1.779119 0.26570287
v -0.118226975 1.8324958 0.25333214
v -0.16476743 1.7808073 0.22782218
v -0.16725475 1.8328599 0.23061268
v -0.116155356 1.7801834 0.24993347
v -0.16725475 1.8328599 0.23061268
v -0.118945196 1.8640783 0.25547788
v -0.118226975 1.8324958 0.25333214
v -0.16832586 1.8642193 0.23249014
v -0.18139198 1.8329546 0.2195904
v -0.20820057 1.8642547 0.20255934
v -0.17885521 1.7809567 0.2170859
v -0.20259754 1.7496442 0.19695632
v -0.16476743 1.7808073 0.22782218
v -0.23154671 1.7494383 0.15802759
v -0.16366872 1.7494383 0.2259055
v -0.23813145 1.8642193 0.1626847
v -0.116155356 1.7801834 0.24993347
v -0.25329003 1.7487328 0.10973233
v -0.11537354 1.7487328 0.24764879
v -0.2611191 1.8640783 0.11330404
v -0.06027998 1.779119 0.26570287
v -0.26861346 1.7475283 0.054169595
v -0.059810802 1.7475283 0.26297218
v -0.27795127 1.8638198 0.05625765
v 0.00032975178 1.7778307 0.27366465
v -0.27607703 1.7460805 -0.005970947
v 0.00032975303 1.7460805 0.2704358
v -0.28691128 1.8634933 -0.0059709703
v 0.06093947 1.779119 0.26570293
v -0.26861343 1.7475283 -0.06611149
v 0.06047029 1.7475283 0.26297224
v -0.27795124 1.8638198 -0.06819961
v 0.11681487 1.7801834 0.2499335
v -0.25329003 1.7487328 -0.12167422
v 0.11603305 1.7487328 0.24764882
v -0.2611191 1.8640783 -0.12524591
v 0.13695045 1.7805527 0.24047753
v -0.23154669 1.7494383 -0.16996941
v -0.23813137 1.8642193 -0.1746266
v -0.20259757 1.7496442 -0.20889823
v -0.20820062 1.8642547 -0.21450125
v -0.16366875 1.7494383 -0.23784739
v -0.16832589 1.8642193 -0.24443214
v -0.11537354 1.7487328 -0.25959072
v -0.118945196 1.8640783 -0.2674198
v -0.05981079 1.7475283 -0.27491415
v -0.061898895 1.8638198 -0.28425196
v 0.00032976308 1.7460805 -0.28237772
v 0.00032976127 1.8634933 -0.29321197
v 0.06047031 1.7475283 -0.2749141
v 0.06255838 1.8638198 -0.2842519
v 0.11603304 1.7487328 -0.2595907
v 0.11960475 1.8640783 -0.2674198
v 0.16432822 1.7494383 -0.23784739
v 0.16898538 1.8642193 -0.2444321
v 0.20325707 1.7496442 -0.20889823
v 0.20886007 1.8642547 -0.21450125
v 0.23220624 1.7494383 -0.16996941
v 0.23879093 1.8642193 -0.1746266
v 0.25394952 1.7487328 -0.12167422
v 0.26177862 1.8640783 -0.12524591
v 0.26927295 1.7475283 -0.06611149
v 0.27861077 1.8638198 -0.06819961
v 0.27673653 1.7460805 -0.0059709405
v 0.2875708 1.8634933 -0.0059709633
v 0.26927292 1.7475283 0.054169606
v 0.27861074 1.8638198 0.056257654
v 0.2539495 1.7487328 0.10973233
v 0.26177862 1.8640783 0.11330404
v 0.23220623 1.7494383 0.1580275
v 0.2387909 1.8642193 0.16268463
v 0.20325707 1.7496442 0.19695632
v 0.20886007 1.8642547 0.20255934
v 0.16432823 1.7494383 0.2259055
v 0.16898541 1.8642193 0.23249014
v 0.13912188 1.8327141 0.24355084
v 0.11888653 1.8324958 0.2533321
v 0.11960475 1.8640783 0.25547788
v 0.062164944 1.8318667 0.2699165
v 0.06255837 1.8638198 0.27231005
v 0.00032975152 1.8310993 0.2786429
v 0.00032975085 1.8634933 0.28127003
v -0.06150547 1.8318667 0.26991647
v -0.06189889 1.8638198 0.27231
v -0.118226975 1.8324958 0.25333214
v -0.118945196 1.8640783 0.25547788
v -0.06150547 1.8318667 0.26991647
v -0.012153948 2.152666 0.0065301578
v -0.012153948 2.152666 -0.018800214
v -0.012153948 2.1779964 -0.01880022
v -0.012153948 2.1779964 0.0065301536
v -0.012153948 2.152666 -0.018800214
v 0.013176428 2.152666 -0.018800214
v 0.013176428 2.1779964 -0.01880022
v -0.012153948 2.1779964 -0.01880022
v 0.013176428 2.152666 -0.018800214
v 0.013176428 2.152666 0.0065301578
v 0.013176428 2.1779964 0.0065301536
v 0.013176428 2.1779964 -0.01880022
v 0.013176428 2.152666 0.0065301578
v -0.012153948 2.152666 0.0065301578
v -0.012153948 2.1779964 0.0065301536
v 0.013176428 2.1779964 0.0065301536
v -0.012153948 2.152666 -0.018800214
v -0.012153948 2.152666 0.0065301578
v 0.013176428 2.152666 0.0065301578
v 0.013176428 2.152666 -0.018800214
v 0.013176428 2.1779964 -0.01880022
v 0.013176428 2.1779964 0.0065301536
v -0.012153948 2.1779964 0.0065301536
v -0.012153948 2.1779964 -0.01880022
v 0.03057896 2.1518364 -0.021197587
v 0.044167597 2.1422431 -0.0020939845
v 0.059064366 2.1627278 -0.0024034998
v 0.045475725 2.172321 -0.021507058
v 0.044167597 2.1422431 -0.0020939845
v 0.028835777 2.153644 0.014536857
v 0.043732528 2.1741288 0.014227342
v 0.059064366 2.1627278 -0.0024034998
v 0.028835777 2.153644 0.014536857
v 0.015247153 2.1632373 -0.004566761
v 0.030143905 2.1837218 -0.004876202
v 0.043732528 2.1741288 0.014227342
v 0.015247153 2.1632373 -0.004566761
v 0.03057896 2.1518364 -0.021197587
v 0.045475725 2.172321 -0.021507058
v 0.030143905 2.1837218 -0.004876202
v 0.044167597 2.1422431 -0.0020939845
v 0.03057896 2.1518364 -0.021197587
v 0.015247153 2.1632373 -0.004566761
v 0.028835777 2.153644 0.014536857
v 0.043732528 2.1741288 0.014227342
v 0.030143905 2.1837218 -0.004876202
v 0.045475725 2.172321 -0.021507058
v 0.059064366 2.1627278 -0.0024034998
v 0.06624407 2.1326394 -0.024699388
v 0.081669666 2.1258872 -0.0057761483
v 0.0916478 2.149169 -0.0056027174
v 0.07622223 2.155921 -0.024525942
v 0.081669666 2.1258872 -0.0057761483
v 0.0642307 2.133236 0.011061582
v 0.07420888 2.1565175 0.011234998
v 0.0916478 2.149169 -0.0056027174
v 0.0642307 2.133236 0.011061582
v 0.04880514 2.139988 -0.007861672
v 0.058783285 2.1632695 -0.007688197
v 0.07420888 2.1565175 0.011234998
v 0.04880514 2.139988 -0.007861672
v 0.06624407 2.1326394 -0.024699388
v 0.07622223 2.155921 -0.024525942
v 0.058783285 2.1632695 -0.007688197
v 0.081669666 2.1258872 -0.0057761483
v 0.06624407 2.1326394 -0.024699388
v 0.04880514 2.139988 -0.007861672
v 0.0642307 2.133236 0.011061582
v 0.07420888 2.1565175 0.011234998
v 0.058783285 2.1632695 -0.007688197
v 0.07622223 2.155921 -0.024525942
v 0.0916478 2.149169 -0.0056027174
v 0.10629255 2.1238708 -0.028631594
v 0.123163156 2.121804 -0.009850214
v 0.12519248 2.147035 -0.008896321
v 0.10832188 2.149102 -0.027677655
v 0.123163156 2.121804 -0.009850214
v 0.10437767 2.1226733 0.0071197194
v 0.10640702 2.1479042 0.008073598
v 0.12519248 2.147035 -0.008896321
v 0.10437767 2.1226733 0.0071197194
v 0.08750711 2.1247404 -0.011661645
v 0.089536466 2.1499712 -0.010707721
v 0.10640702 2.1479042 0.008073598
v 0.08750711 2.1247404 -0.011661645
v 0.10629255 2.1238708 -0.028631594
v 0.10832188 2.149102 -0.027677655
v 0.089536466 2.1499712 -0.010707721
v 0.123163156 2.121804 -0.009850214
v 0.10629255 2.1238708 -0.028631594
v 0.08750711 2.1247404 -0.011661645
v 0.10437767 2.1226733 0.0071197194
v 0.10640702 2.1479042 0.008073598
v 0.089536466 2.1499712 -0.010707721
v 0.10832188 2.149102 -0.027677655
v 0.12519248 2.147035 -0.008896321
v 0.12210854 2.1164153 -0.02376392
v 0.17055534 2.0854375 -0.036085177
v 0.1841283 2.1245701 -0.03340381
v 0.13064912 2.1402497 -0.022979764
v 0.1841283 2.1245701 -0.03340381
v 0.21296054 2.0858083 -0.018683229
v 0.21254584 2.0799794 0.016049366
v 0.17782807 2.1239445 0.007616852
v 0.16425514 2.084812 0.0049355137
v 0.118134186 2.1170168 0.001245489
v 0.12667476 2.1408508 0.002029614
v 0.17782807 2.1239445 0.007616852
v 0.118134186 2.1170168 0.001245489
v 0.12210854 2.1164153 -0.02376392
v 0.13064912 2.1402497 -0.022979764
v 0.12667476 2.1408508 0.002029614
v 0.17055534 2.0854375 -0.036085177
v 0.12210854 2.1164153 -0.02376392
v 0.118134186 2.1170168 0.001245489
v 0.16425514 2.084812 0.0049355137
v 0.17782807 2.1239445 0.007616852
v 0.12667476 2.1408508 0.002029614
v 0.13064912 2.1402497 -0.022979764
v 0.1841283 2.1245701 -0.03340381
v 0.21296054 2.0858083 -0.018683229
v 0.2598652 2.023951 -0.029423336
v 0.2597345 2.0221143 -0.018478299
v 0.21254584 2.0799794 0.016049366
v 0.17055534 2.0854375 -0.036085177
v 0.1955233 2.0556633 -0.023950249
v 0.21296054 2.0858083 -0.018683229
v 0.1841283 2.1245701 -0.03340381
v 0.17782807 2.1239445 0.007616852
v 0.21254584 2.0799794 0.016049366
v 0.1951086 2.0498347 0.010782392
v 0.16425514 2.084812 0.0049355137
v 0.16425514 2.084812 0.0049355137
v 0.1951086 2.0498347 0.010782392
v 0.1955233 2.0556633 -0.023950249
v 0.17055534 2.0854375 -0.036085177
v 0.2543703 2.014452 -0.031083055
v 0.25423965 2.0126152 -0.020138033
v 0.2597345 2.0221143 -0.018478299
v 0.2598652 2.023951 -0.029423336
v 0.1955233 2.0556633 -0.023950249
v 0.2543703 2.014452 -0.031083055
v 0.2598652 2.023951 -0.029423336
v 0.21296054 2.0858083 -0.018683229
v 0.21254584 2.0799794 0.016049366
v 0.2597345 2.0221143 -0.018478299
v 0.25423965 2.0126152 -0.020138033
v 0.1951086 2.0498347 0.010782392
v 0.1951086 2.0498347 0.010782392
v 0.25423965 2.0126152 -0.020138033
v 0.2543703 2.014452 -0.031083055
v 0.1955233 2.0556633 -0.023950249
v 0.28202164 2.1179206 -0.014275083
v 0.14051396 2.1420538 -0.014958664
v 0.17507145 2.1360514 -0.049188014
v 0.2753861 2.118864 -0.07378664
v 0.4225977 2.0939085 -0.025508946
v 0.37698895 2.101509 -0.08190604
v 0.56224203 2.0700178 -0.048660297
v 0.4225977 2.0939085 -0.025508946
v 0.37698895 2.101509 -0.08190604
v 0.4798802 2.0696373 -0.073546246
v 0.34381616 2.048816 -0.031545565
v 0.3361682 2.076325 0.06063349
v 0.18612224 2.12588 0.02490269
v 0.13347352 2.1420033 -0.02723333
v 0.76167804 1.9311078 0.015180355
v 0.6401642 1.9734527 0.05555764
v 0.48751545 1.9943752 0.070851795
v 0.55321777 2.0004992 -0.017407661
v 0.55321777 2.0004992 -0.017407661
v 0.48751545 1.9943752 0.070851795
v 0.3361682 2.076325 0.06063349
v 0.34381616 2.048816 -0.031545565
v 0.28030604 2.1111271 -0.014157825
v 0.17335585 2.129258 -0.04907077
v 0.13879839 2.1352603 -0.014841406
v 0.2736705 2.1120706 -0.0736694
v 0.42088208 2.087115 -0.025391703
v 0.37527335 2.0947156 -0.0817888
v 0.5605265 2.0632243 -0.04854302
v 0.4781646 2.0628438 -0.073429
v 0.37527335 2.0947156 -0.0817888
v 0.42088208 2.087115 -0.025391703
v 0.34210056 2.0420225 -0.03142829
v 0.13175793 2.1352098 -0.027116058
v 0.18440665 2.1190865 0.02501995
v 0.33445257 2.0695314 0.060750734
v 0.75996256 1.9243143 0.015297598
v 0.55150217 1.9937057 -0.017290417
v 0.48579985 1.9875817 0.070969045
v 0.63844866 1.9666591 0.05567488
v 0.55150217 1.9937057 -0.017290417
v 0.34210056 2.0420225 -0.03142829
v 0.33445257 2.0695314 0.060750734
v 0.48579985 1.9875817 0.070969045
v 0.18612224 2.12588 0.02490269
v 0.3361682 2.076325 0.06063349
v 0.33445257 2.0695314 0.060750734
v 0.18440665 2.1190865 0.02501995
v 0.28202164 2.1179206 -0.014275083
v 0.4225977 2.0939085 -0.025508946
v 0.42088208 2.087115 -0.025391703
v 0.28030604 2.1111271 -0.014157825
v 0.4798802 2.0696373 -0.073546246
v 0.37698895 2.101509 -0.08190604
v 0.37527335 2.0947156 -0.0817888
v 0.4781646 2.0628438 -0.073429
v 0.3361682 2.076325 0.06063349
v 0.48751545 1.9943752 0.070851795
v 0.48579985 1.9875817 0.070969045
v 0.33445257 2.0695314 0.060750734
v 0.56224203 2.0700178 -0.048660297
v 0.4798802 2.0696373 -0.073546246
v 0.4781646 2.0628438 -0.073429
v 0.5605265 2.0632243 -0.04854302
v 0.76167804 1.9311078 0.015180355
v 0.55321777 2.0004992 -0.017407661
v 0.55150217 1.9937057 -0.017290417
v 0.75996256 1.9243143 0.015297598
v 0.14051396 2.1420538 -0.014958664
v 0.28202164 2.1179206 -0.014275083
v 0.28030604 2.1111271 -0.014157825
v 0.13879839 2.1352603 -0.014841406
v 0.55321777 2.0004992 -0.017407661
v 0.34381616 2.048816 -0.031545565
v 0.34210056 2.0420225 -0.03142829
v 0.55150217 1.9937057 -0.017290417
v 0.48751545 1.9943752 0.070851795
v 0.6401642 1.9734527 0.05555764
v 0.63844866 1.9666591 0.05567488
v 0.48579985 1.9875817 0.070969045
v 0.17507145 2.1360514 -0.049188014
v 0.14051396 2.1420538 -0.014958664
v 0.13879839 2.1352603 -0.014841406
v 0.17335585 2.129258 -0.04907077
v 0.6401642 1.9734527 0.05555764
v 0.76167804 1.9311078 0.015180355
v 0.75996256 1.9243143 0.015297598
v 0.63844866 1.9666591 0.05567488
v 0.2753861 2.118864 -0.07378664
v 0.17507145 2.1360514 -0.049188014
v 0.17335585 2.129258 -0.04907077
v 0.2736705 2.1120706 -0.0736694
v 0.34381616 2.048816 -0.031545565
v 0.13347352 2.1420033 -0.02723333
v 0.13175793 2.1352098 -0.027116058
v 0.34210056 2.0420225 -0.03142829
v 0.37698895 2.101509 -0.08190604
v 0.2753861 2.118864 -0.07378664
v 0.2736705 2.1120706 -0.0736694
v 0.37527335 2.0947156 -0.0817888
v 0.13347352 2.1420033 -0.02723333
v 0.18612224 2.12588 0.02490269
v 0.18440665 2.1190865 0.02501995
v 0.13175793 2.1352098 -0.027116058
v 0.4225977 2.0939085 -0.025508946
v 0.56224203 2.0700178 -0.048660297
v 0.5605265 2.0632243 -0.04854302
v 0.42088208 2.087115 -0.025391703
v 0.20040114 1.082301 0.015605659
v 0.18823804 1.1071763 0.059437595
v 0.20554562 1.0907377 0.012339369
v 0.1949902 1.1187894 -0.036072474
v 0.19040361 1.0852201 0.066350974
v 0.1925222 1.0942651 -0.029717289
v 0.18317214 1.0831517 0.019488463
v 0.17771263 1.0823902 0.063967064
v 0.17803276 1.0880644 -0.020901496
v 0.17250073 1.0915651 0.10961347
v 0.16147892 1.0841602 0.10336044
v 0.16550554 1.118512 0.10295629
v 0.17477418 1.0952005 -0.05503228
v 0.1634264 1.0869867 -0.04727826
v 0.16954 1.1237563 -0.05845148
v 0.14690931 1.0919596 0.13891645
v 0.1381565 1.0833983 0.1304389
v 0.14943743 1.092249 -0.07466131
v 0.14025818 1.0836605 -0.067236215
v 0.11308783 1.0839763 -0.08732375
v 0.14655371 1.1271341 -0.07493655
v 0.17091343 1.1538837 -0.06732816
v 0.19575943 1.197689 -0.09063225
v 0.12042678 1.0927274 -0.096712604
v 0.1497453 1.1668037 -0.08519864
v 0.1700281 1.2217687 -0.0964541
v 0.1950554 1.2927166 -0.104858965
v 0.113672 1.1323318 -0.09553686
v 0.08449447 1.0917047 -0.11140829
v 0.07966991 1.0830736 -0.10070831
v 0.116793446 1.1793544 -0.099888965
v 0.13168836 1.2394148 -0.10172813
v 0.14398123 1.305784 -0.102229975
v 0.19218357 1.3348407 -0.08470201
v 0.08244856 1.1327002 -0.107912615
v 0.040278167 1.0905598 -0.12035656
v 0.039620936 1.0821328 -0.10905664
v 0.08633579 1.2436429 -0.11235229
v 0.08386463 1.1838969 -0.11207103
v 0.03650815 1.131976 -0.11718348
v -0 1.088331 -0.12291089
v -0 1.0804332 -0.1117844
v -0.039620936 1.0821328 -0.10905664
v 0.045161095 1.1848952 -0.11400812
v -0 1.1321781 -0.12099296
v -0.040278167 1.0905598 -0.12035656
v -0.07966991 1.0830736 -0.10070831
v -0 1.1858577 -0.118185595
v 0.04510685 1.242707 -0.11483316
v -0.08449447 1.0917047 -0.11140829
v -0.11308783 1.0839763 -0.08732375
v -0.03650815 1.131976 -0.11718348
v -0 1.2417419 -0.11769516
v -0 1.2959323 -0.11241496
v 0.042717554 1.2979853 -0.11177335
v -0.045161095 1.1848952 -0.11400812
v -0.08244856 1.1327002 -0.107912615
v -0.12042678 1.0927274 -0.096712604
v -0.04510685 1.242707 -0.11483316
v -0.08386463 1.1838969 -0.11207103
v 0.08729648 1.2995347 -0.10944545
v 0.07168251 1.3349648 -0.095047146
v -0.14943743 1.092249 -0.07466131
v -0.14025818 1.0836605 -0.067236215
v -0.1634264 1.0869867 -0.04727826
v -0.113672 1.1323318 -0.09553686
v -0.17477418 1.0952005 -0.05503228
v -0.17803276 1.0880644 -0.020901496
v -0.14655371 1.1271341 -0.07493655
v -0.1925222 1.0942651 -0.029717289
v -0.18317214 1.0831517 0.019488463
v -0.16954 1.1237563 -0.05845148
v -0.1497453 1.1668037 -0.08519864
v -0.116793446 1.1793544 -0.099888965
v -0.08633579 1.2436429 -0.11235229
v -0.042717554 1.2979853 -0.11177335
v -0.20040114 1.082301 0.015605659
v -0.1949902 1.1187894 -0.036072474
v -0.17091343 1.1538837 -0.06732816
v -0.1700281 1.2217687 -0.0964541
v -0.13168836 1.2394148 -0.10172813
v -0.14398123 1.305784 -0.102229975
v -0.1950554 1.2927166 -0.104858965
v -0.19575943 1.197689 -0.09063225
v -0.2039207 1.1431363 -0.031885434
v -0.19218357 1.3348407 -0.08470201
v -0.20554562 1.0907377 0.012339369
v -0.21447855 1.1268737 0.004066091
v -0.2025821 1.13366 0.041492492
v -0.18823804 1.1071763 0.059437595
v -0.19040361 1.0852201 0.066350974
v -0.17771263 1.0823902 0.063967064
v -0.16550554 1.118512 0.10295629
v -0.17250073 1.0915651 0.10961347
v -0.16147892 1.0841602 0.10336044
v -0.14690931 1.0919596 0.13891645
v -0.1381565 1.0833983 0.1304389
v -0.17130348 1.1424556 0.09687191
v -0.18655862 1.1710231 0.09224346
v -0.17821814 1.2533641 0.11459354
v -0.13746753 1.1305515 0.13344324
v -0.14744014 1.1676539 0.12317801
v -0.11775025 1.0916754 0.15459277
v -0.110833876 1.0830699 0.14522056
v -0.11120339 1.1317819 0.15001613
v -0.1181413 1.1810281 0.1404884
v -0.12870851 1.2465817 0.13048115
v -0.08066086 1.0911382 0.16319983
v -0.07668658 1.0826461 0.15320471
v -0.07581817 1.131857 0.15971892
v -0.082825385 1.1839355 0.1506805
v -0.1336319 1.2844065 0.11367187
v -0.17567112 1.3050857 0.09675596
v -0.039019026 1.0903184 0.16695659
v -0.038158186 1.081956 0.15625942
v -0.033135578 1.1313944 0.16493116
v -0 1.0884064 0.16393138
v -0 1.0805013 0.15444924
v 0.038158186 1.081956 0.15625942
v -0 1.1317884 0.16257821
v -0 1.1861155 0.15259713
v -0.040475465 1.1853088 0.15535735
v 0.039019026 1.0903184 0.16695659
v 0.07668658 1.0826461 0.15320471
v 0.033135578 1.1313944 0.16493116
v 0.08066086 1.0911382 0.16319983
v 0.110833876 1.0830699 0.14522056
v 0.11775025 1.0916754 0.15459277
v 0.07581817 1.131857 0.15971892
v 0.11120339 1.1317819 0.15001613
v 0.040475465 1.1853088 0.15535735
v 0.082825385 1.1839355 0.1506805
v 0.13746753 1.1305515 0.13344324
v 0.1181413 1.1810281 0.1404884
v 0.14744014 1.1676539 0.12317801
v 0.039400354 1.2435809 0.14716059
v 0.12870851 1.2465817 0.13048115
v 0.17130348 1.1424556 0.09687191
v 0.18655862 1.1710231 0.09224346
v 0.17821814 1.2533641 0.11459354
v 0.08495193 1.244381 0.14184761
v 0.1336319 1.2844065 0.11367187
v 0.17567112 1.3050857 0.09675596
v 0.011907903 1.2419779 0.14229468
v -0 1.2396115 0.14328814
v 0.04496496 1.2736176 0.13531767
v -0.011907903 1.2419779 0.14229468
v 0.08394232 1.2904428 0.12832057
v 0.0855728 1.3197289 0.10757073
v -0.039400354 1.2435809 0.14716059
v -0.04496496 1.2736176 0.13531767
v 0.11659938 1.3248591 0.0978155
v 0.107652225 1.3433951 0.075865775
v -0.08495193 1.244381 0.14184761
v -0.08394232 1.2904428 0.12832057
v -0.0855728 1.3197289 0.10757073
v -0.11659938 1.3248591 0.0978155
v -0.107652225 1.3433951 0.075865775
v 0.14472376 1.3334161 0.08171681
v 0.1846167 1.339069 0.057352073
v 0.121126205 1.3494914 0.061999287
v 0.11551112 1.354422 0.050166138
v 0.13916944 1.3568249 0.041778073
v 0.12320023 1.3648031 0.009815666
v 0.1547977 1.3634883 0.015741887
v 0.18891 1.3594048 0.021947369
v 0.19020252 1.3601539 -0.036163244
v 0.15682429 1.3633113 -0.03786208
v 0.12480895 1.3660773 -0.03292567
v 0.1732571 1.3458722 -0.07447735
v 0.13570085 1.3544273 -0.06461209
v 0.11066559 1.3616763 -0.05744382
v 0.10991406 1.3396709 -0.084090576
v 0.088195115 1.3566881 -0.075475805
v 0.058787633 1.3516415 -0.086819746
v 0.028629651 1.3511544 -0.09142519
v 0.033840377 1.3339182 -0.10001306
v -0 1.3515229 -0.09468267
v -0 1.3335892 -0.10255841
v -0.033840377 1.3339182 -0.10001306
v -0.028629651 1.3511544 -0.09142519
v -0.07168251 1.3349648 -0.095047146
v -0.058787633 1.3516415 -0.086819746
v -0.088195115 1.3566881 -0.075475805
v -0.08729648 1.2995347 -0.10944545
v -0.10991406 1.3396709 -0.084090576
v -0.11066559 1.3616763 -0.05744382
v -0.1732571 1.3458722 -0.07447735
v -0.19020252 1.3601539 -0.036163244
v -0.13570085 1.3544273 -0.06461209
v -0.12480895 1.3660773 -0.03292567
v -0.15682429 1.3633113 -0.03786208
v -0.12320023 1.3648031 0.009815666
v -0.1547977 1.3634883 0.015741887
v -0.18891 1.3594048 0.021947369
v -0.1846167 1.339069 0.057352073
v -0.13916944 1.3568249 0.041778073
v -0.11551112 1.354422 0.050166138
v -0.14472376 1.3334161 0.08171681
v -0.121126205 1.3494914 0.061999287
v 0.2772869 1.3041242 0.08163569
v 0.27847955 1.3418471 0.03738085
v 0.33324048 1.3310806 0.03652623
v 0.27845746 1.3417144 -0.035670314
v 0.3346896 1.2991852 0.08464536
v 0.2865999 1.2144405 0.084251486
v 0.33332995 1.3314399 -0.029551264
v 0.27381414 1.3091815 -0.08938307
v 0.33407915 1.3027422 -0.08742838
v 0.277203 1.2507477 -0.099016875
v 0.33667585 1.254232 -0.099663645
v 0.28973043 1.1623021 -0.062506795
v 0.38484618 1.2971267 -0.091741845
v 0.33016855 1.2203839 0.08738116
v 0.38457903 1.2960985 0.08491401
v 0.38333166 1.3258027 0.033273466
v 0.38324508 1.3257064 -0.034389615
v 0.326892 1.105207 0.03262289
v 0.2817621 1.110174 0.037229147
v 0.32343563 1.0891509 -0.013945926
v 0.2800332 1.0984136 -0.011165098
v 0.3380138 1.1599197 -0.06401962
v 0.37914932 1.0757394 -0.010287674
v 0.37866586 1.0920568 0.031811148
v 0.38534948 1.2122413 0.08662577
v 0.4253913 1.2929827 0.08437367
v 0.37863362 1.1487395 -0.060895827
v 0.41826108 1.0638423 -0.004935205
v 0.41837358 1.0782503 0.031759847
v 0.38452488 1.2436883 -0.10047641
v 0.41681328 1.1328988 -0.0502677
v 0.42393795 1.2902653 -0.08983502
v 0.42323372 1.3193486 0.033639617
v 0.42279118 1.2176664 0.08847708
v 0.4619573 1.0570258 -0.0019213919
v 0.4226102 1.2387285 -0.0951466
v 0.42312154 1.3179857 -0.03605343
v 0.47712183 1.2926896 0.07359755
v 0.46227524 1.0706979 0.033073645
v 0.5009302 1.0468082 -0.003932546
v 0.46052253 1.118943 -0.038302947
v 0.47302592 1.2880851 -0.081295036
v 0.4700654 1.3146664 0.029130721
v 0.47477934 1.2095938 0.08309145
v 0.47009552 1.2294489 -0.08633623
v 0.4698623 1.3129005 -0.034391835
v 0.5086619 1.3137846 0.02791883
v 0.508306 1.3099879 -0.050081618
v 0.5380368 1.2908303 0.06967701
v 0.50103205 1.0646427 0.03672597
v 0.5374695 1.191794 0.079412
v 0.54638994 1.3155177 0.018866928
v 0.50629693 1.2830813 -0.09256861
v 0.5426113 1.060456 0.034254074
v 0.6137046 1.2725294 0.06376297
v 0.503546 1.2311763 -0.09634745
v 0.54081875 1.2855339 -0.09940802
v 0.546166 1.3134483 -0.051890153
v 0.49926892 1.1149529 -0.0451606
v 0.5382403 1.2217021 -0.10315843
v 0.5396062 1.1008712 -0.043780167
v 0.542332 1.045905 -0.0058906972
v 0.6081718 1.0416148 -0.010047621
v 0.61364245 1.3090649 0.015820043
v 0.61249834 1.2776914 -0.10271467
v 0.609794 1.1241254 -0.054048486
v 0.60847676 1.0549982 0.031345956
v 0.6159221 1.1691815 0.069048315
v 0.7002437 1.0460949 -0.011050479
v 0.61153644 1.2269756 -0.104926914
v 0.6133753 1.3081617 -0.05486574
v 0.7014858 1.2623966 0.05997982
v 0.7003978 1.0600196 0.031053126
v 0.7707257 1.0465757 -0.016097972
v 0.7000016 1.103441 -0.053883698
v 0.6999812 1.2784597 -0.09767799
v 0.7012228 1.30838 0.013181045
v 0.6988581 1.1557158 0.06525672
v 0.699062 1.2256964 -0.09823898
v 0.701022 1.3074473 -0.055604484
v 0.7673554 1.2609558 0.064371765
v 0.77174157 1.064293 0.029120037
v 0.7769433 1.1123091 -0.058281608
v 0.7697571 1.2772862 -0.097678274
v 0.78026146 1.3013766 0.02588085
v 0.7675909 1.1536146 0.06559602
v 0.8002863 1.2594172 0.064671844
v 0.77889246 1.3017269 -0.063334286
v 0.76732194 1.228166 -0.09620075
v 0.7977415 1.1373233 0.06605734
v 0.8260543 1.3032216 0.026830913
v 0.80225706 1.2743069 -0.09711887
v 0.7990092 1.1909268 -0.095232226
v 0.82579947 1.3011434 -0.05983972
v 0.8207154 1.0736012 0.028863406
v 0.8248871 1.2537556 0.06736203
v 0.8189426 1.100492 -0.0662235
v 0.82563657 1.2594708 -0.1001058
v 0.8241502 1.1412005 0.068122186
v 0.85177207 1.2580402 0.07038948
v 0.8595471 1.3005098 0.025047773
v 0.8513955 1.1494532 0.06976069
v 0.8596146 1.2989248 -0.061091624
v 0.85783684 1.0829604 0.02726453
v 0.8514867 1.2537824 -0.10125306
v 0.8579772 1.0648245 -0.021422388
v 0.8246762 1.1807019 -0.096584044
v 0.8500038 1.1715949 -0.09724652
v 0.84794605 1.1116395 -0.06716187
v 0.82506317 1.0537843 -0.020457054
v 0.14453527 0.9769253 -0.013897715
v 0.19160534 0.8753785 0.0031828412
v 0.14836657 0.9771433 0.018817699
v 0.14492998 0.9769491 0.05157426
v 0.18855153 0.87047595 -0.03692572
v 0.17247708 0.91287476 -0.06300126
v 0.13476622 0.9769167 -0.039747342
v 0.11697973 0.97667855 -0.057167605
v 0.14988387 0.91051245 -0.08921365
v 0.09371154 0.9763689 -0.07048013
v 0.17832685 0.86793196 -0.072454065
v 0.18329564 0.81634754 -0.0885272
v 0.15420897 0.86337423 -0.09675477
v 0.121733665 0.8628635 -0.11284649
v 0.067256875 0.97660035 -0.07873426
v 0.15518849 0.81403625 -0.11677116
v 0.08432197 0.86464125 -0.12186508
v 0.038354043 0.9766184 -0.08371303
v 0.122115865 0.8139346 -0.13358009
v 0.044889085 0.8666891 -0.12555437
v -0 0.9763423 -0.086694054
v 0.15401596 0.79058 -0.12030733
v 0.15283023 0.76654387 -0.1238435
v 0.08342012 0.81377614 -0.14305687
v 0.117264 0.78409314 -0.13511533
v -0 0.86786586 -0.12828264
v 0.04463735 0.8121471 -0.14591473
v 0.07934547 0.78214157 -0.1424101
v 0.11241214 0.7542517 -0.13665055
v -0.044889085 0.8666891 -0.12555437
v -0.038354043 0.9766184 -0.08371303
v -0.08432197 0.86464125 -0.12186508
v -0.067256875 0.97660035 -0.07873426
v -0.121733665 0.8628635 -0.11284649
v -0.09371154 0.9763689 -0.07048013
v -0.14988387 0.91051245 -0.08921365
v -0.11697973 0.97667855 -0.057167605
v -0.17247708 0.91287476 -0.06300126
v -0.13476622 0.9769167 -0.039747342
v -0.14453527 0.9769253 -0.013897715
v -0.04463735 0.8121471 -0.14591473
v -0.08342012 0.81377614 -0.14305687
v -0.122115865 0.8139346 -0.13358009
v -0 0.8137566 -0.14833455
v 0.042277575 0.77964437 -0.14461823
v 0.075270824 0.75050706 -0.14176331
v 0.055017184 0.69111776 -0.114059374
v 0.039917804 0.7471416 -0.1433217
v -0 0.7807375 -0.14616874
v -0.042277575 0.77964437 -0.14461823
v -0.07934547 0.78214157 -0.1424101
v -0.117264 0.78409314 -0.13511533
v 0.084197976 0.6774117 -0.113481015
v -0.039917804 0.7471416 -0.1433217
v -0.075270824 0.75050706 -0.14176331
v -0.055017184 0.69111776 -0.114059374
v -0.11241214 0.7542517 -0.13665055
v -0.15283023 0.76654387 -0.1238435
v -0.15401596 0.79058 -0.12030733
v -0.18329564 0.81634754 -0.0885272
v -0.15518849 0.81403625 -0.11677116
v -0.15420897 0.86337423 -0.09675477
v -0.17832685 0.86793196 -0.072454065
v -0.18855153 0.87047595 -0.03692572
v -0.084197976 0.6774117 -0.113481015
v -0.19160534 0.8753785 0.0031828412
v -0.14836657 0.9771433 0.018817699
v -0.14492998 0.9769491 0.05157426
v -0.19676682 0.82855475 -0.04640625
v -0.20059563 0.8338988 -0.0015125722
v -0.18793075 0.87102336 0.042997498
v -0.19767465 0.8261522 0.039311226
v -0.16916189 0.91855913 0.08020823
v -0.13456634 0.9767103 0.07789982
v -0.14483303 0.92174464 0.106424496
v -0.11697076 0.97639865 0.098078005
v -0.09399624 0.97606933 0.11266684
v -0.12139507 0.87721413 0.1255791
v -0.0672546 0.9756744 0.12050655
v -0.17438665 0.87283814 0.082504876
v -0.17573622 0.84456176 0.085734986
v -0.18525736 0.7871742 0.08683138
v -0.15175416 0.87407446 0.10788039
v -0.15404618 0.81438696 0.10863164
v -0.08453336 0.8835218 0.13566002
v -0.038354043 0.9751087 0.123295486
v -0.043823645 0.88690037 0.13895957
v -0 0.97460103 0.12331267
v -0.084948696 0.8439302 0.14342636
v -0.20423457 0.7955894 0.041611657
v -0.21027796 0.79836065 -0.002990966
v -0.11779982 0.8304836 0.12772807
v -0.11296209 0.76791996 0.12787572
v -0.08536403 0.8043386 0.14565575
v -0.04333692 0.85023075 0.14716762
v -0.14921191 0.77695966 0.114356846
v -0.21076746 0.7563209 0.04293867
v -0.20739684 0.79423314 -0.049385414
v -0.14141726 0.72524375 0.105517775
v -0 0.8877721 0.14088283
v -0.21647514 0.7598263 -0.0030885471
v -0.1883915 0.7822634 -0.091129854
v -0.21218011 0.75847507 -0.05003905
v -0.19077924 0.7460414 -0.092245534
v 0.043823645 0.88690037 0.13895957
v 0.038354043 0.9751087 0.123295486
v -0.14552319 0.72018903 -0.11654207
v 0.08453336 0.8835218 0.13566002
v 0.0672546 0.9756744 0.12050655
v 0.12139507 0.87721413 0.1255791
v 0.09399624 0.97606933 0.11266684
v 0.084948696 0.8439302 0.14342636
v 0.04333692 0.85023075 0.14716762
v 0.14483303 0.92174464 0.106424496
v 0.11697076 0.97639865 0.098078005
v 0.13456634 0.9767103 0.07789982
v -0 0.84919983 0.14918686
v 0.16916189 0.91855913 0.08020823
v 0.18793075 0.87102336 0.042997498
v 0.17438665 0.87283814 0.082504876
v 0.15175416 0.87407446 0.10788039
v 0.17573622 0.84456176 0.085734986
v 0.19767465 0.8261522 0.039311226
v 0.18525736 0.7871742 0.08683138
v 0.15404618 0.81438696 0.10863164
v 0.20059563 0.8338988 -0.0015125722
v 0.11779982 0.8304836 0.12772807
v 0.11296209 0.76791996 0.12787572
v 0.08536403 0.8043386 0.14565575
v 0.042850196 0.813782 0.14946179
v 0.20423457 0.7955894 0.041611657
v 0.19676682 0.82855475 -0.04640625
v 0.21027796 0.79836065 -0.002990966
v 0.20739684 0.79423314 -0.049385414
v 0.21076746 0.7563209 0.04293867
v 0.07523353 0.7705237 0.13730589
v 0.1883915 0.7822634 -0.091129854
v 0.21647514 0.7598263 -0.0030885471
v 0.21218011 0.75847507 -0.05003905
v 0.19077924 0.7460414 -0.092245534
v 0.14552319 0.72018903 -0.11654207
v 0.1913323 0.6718948 -0.083841614
v 0.14449677 0.6557014 -0.10634407
v 0.21597709 0.6813941 -0.044461474
v 0.09407034 0.63558227 -0.09912087
v 0.14744887 0.5769451 -0.09613605
v 0.19067256 0.5843623 -0.07628224
v 0.09756184 0.57118917 -0.088120155
v 0.22198206 0.68197715 -0.0009621585
v 0.21556792 0.58829826 -0.039969042
v 0.21582156 0.68001145 0.04195389
v 0.058767308 0.6165007 -0.05782849
v 0.06615177 0.56429124 -0.05178648
v 0.05239429 0.6490417 -0.06463039
v 0.10029036 0.5064471 -0.08084144
v 0.1445662 0.5077279 -0.09071006
v 0.18932104 0.5092813 -0.07167148
v 0.07273279 0.5051284 -0.04703042
v 0.046654776 0.55767787 -0.0011210663
v 0.04294728 0.605455 -0.0007833793
v 0.05189722 0.50001204 -0.0013971244
v 0.102484025 0.45995042 -0.0774875
v 0.076488286 0.4599258 -0.04490576
v 0.056186743 0.45605925 -0.0009420117
v 0.14496233 0.4599794 -0.087580904
v 0.07994816 0.4173444 -0.04267625
v 0.10071589 0.37909746 -0.08174268
v 0.059281886 0.5640546 0.05026257
v 0.058675695 0.6191183 0.05369317
v 0.061414547 0.5017785 0.046711545
v 0.18833017 0.45999727 -0.06960862
v 0.1455299 0.37912908 -0.094661936
v 0.21379939 0.5099961 -0.037409253
v 0.22224751 0.5889664 0.0002923114
v 0.21555617 0.58851933 0.040344775
v 0.22031927 0.50999135 0.001275134
v 0.2120004 0.45999548 -0.036562517
v 0.21380287 0.5099358 0.039863043
v 0.19026889 0.5858986 0.07633653
v 0.18930325 0.5091346 0.07383152
v 0.19121176 0.67050153 0.07942561
v 0.18905805 0.7405738 0.082362674
v 0.21200603 0.4600022 0.040357575
v 0.21825817 0.45998296 0.0018632018
v 0.18830523 0.4599708 0.07326315
v 0.1447881 0.5078214 0.09252437
v 0.14396606 0.5817505 0.09610356
v 0.14441855 0.6583573 0.09925376
v 0.14141726 0.72524375 0.105517775
v 0.1452107 0.45993534 0.09086799
v 0.14921191 0.77695966 0.114356846
v 0.18794161 0.4170112 0.073285915
v 0.14597805 0.4166537 0.09007422
v 0.21115991 0.41738516 0.04111239
v 0.2171609 0.41737264 0.002871815
v 0.2111633 0.41736728 -0.035364304
v 0.19200695 0.37909722 -0.07510336
v 0.08357753 0.6748347 0.10088502
v 0.09398103 0.6368615 0.09146082
v 0.0665981 0.7317267 0.12815109
v 0.096927166 0.5741362 0.08720484
v 0.10025837 0.50700533 0.08280662
v 0.10247877 0.4599441 0.0809225
v 0.10465835 0.41720968 0.08012941
v 0.06519998 0.45606914 0.04585753
v 0.052334893 0.65162164 0.056391828
v 0.06871023 0.4133967 0.045621376
v 0.060149286 0.41348675 7.3668816E-05
v 0.074344695 0.37910366 -0.04832491
v 0.06299574 0.37834367 -0.0018698614
v 0.07213129 0.37820816 0.045317587
v 0.07008768 0.3144113 -0.0070569613
v 0.07861385 0.3143901 -0.05164191
v 0.100760505 0.3788844 0.07905449
v 0.0786113 0.3143082 0.03739366
v 0.14579177 0.37785026 0.08961414
v 0.102892295 0.314382 -0.084207974
v 0.08976773 0.2676891 -0.009316034
v 0.0960055 0.26769304 -0.04414997
v 0.09599657 0.26761532 0.025458055
v 0.11399146 0.26769343 -0.06986645
v 0.102925524 0.31422082 0.069548726
v 0.11428663 0.26754022 0.05048305
v 0.1452585 0.3144244 -0.09452938
v 0.14509267 0.2677248 -0.07740945
v 0.14548959 0.3130708 0.07960933
v 0.14552635 0.26670533 0.058408305
v 0.18963893 0.31439868 -0.07826888
v 0.17757258 0.26769966 -0.064760625
v 0.19186485 0.37849927 0.07258022
v 0.18948549 0.3138514 0.06373722
v 0.1774711 0.267304 0.04591199
v 0.21751958 0.37909865 0.03927727
v 0.21431214 0.3143951 0.032093283
v 0.19604841 0.26764306 0.02126064
v 0.2240104 0.37910986 -0.0012114464
v 0.2202543 0.31441846 -0.0070175366
v 0.2005424 0.2676844 -0.009287955
v 0.19606163 0.267691 -0.039917722
v 0.21432424 0.31440106 -0.046248466
v 0.21753404 0.37908363 -0.041622184
v 0.054881334 0.6934402 0.10218658
v 0.028915906 0.7043653 0.10364745
v 0.035383135 0.730586 0.13066
v 0.040377837 0.7690417 0.14202301
v -0 0.8124506 0.15135731
v -0 0.76819766 0.14360365
v -0.042850196 0.813782 0.14946179
v -0.040377837 0.7690417 0.14202301
v -0.07523353 0.7705237 0.13730589
v -0.035383135 0.730586 0.13066
v -0 0.7307877 0.13279751
v -0 0.70607436 0.105919026
v -0.0665981 0.7317267 0.12815109
v -0.028915906 0.7043653 0.10364745
v -0 0.6739221 0.059656266
v -0.08357753 0.6748347 0.10088502
v -0.054881334 0.6934402 0.10218658
v 0.020104967 0.67263293 0.057944145
v -0 0.6507156 -0.0025675679
v -0.020104967 0.67263293 0.057944145
v 0.03843572 0.6663434 0.05713408
v 0.011215441 0.64983034 -0.0027854042
v 0.03541707 0.6310577 -0.0020724493
v 0.025562515 0.6440499 -0.0027505308
v 0.038488977 0.6637527 -0.0669686
v 0.020153664 0.6699917 -0.067587994
v 0.028945843 0.70033985 -0.11428094
v -0 0.6712382 -0.068315625
v -0 0.7019632 -0.11511958
v -0 0.74771845 -0.14400291
v -0.028945843 0.70033985 -0.11428094
v -0.020153664 0.6699917 -0.067587994
v -0.011215441 0.64983034 -0.0027854042
v -0.038488977 0.6637527 -0.0669686
v -0.03843572 0.6663434 0.05713408
v -0.05239429 0.6490417 -0.06463039
v -0.025562515 0.6440499 -0.0027505308
v -0.03541707 0.6310577 -0.0020724493
v -0.052334893 0.65162164 0.056391828
v -0.04294728 0.605455 -0.0007833793
v -0.058767308 0.6165007 -0.05782849
v -0.058675695 0.6191183 0.05369317
v -0.09407034 0.63558227 -0.09912087
v -0.046654776 0.55767787 -0.0011210663
v -0.09398103 0.6368615 0.09146082
v -0.14449677 0.6557014 -0.10634407
v -0.06615177 0.56429124 -0.05178648
v -0.059281886 0.5640546 0.05026257
v -0.1913323 0.6718948 -0.083841614
v -0.09756184 0.57118917 -0.088120155
v -0.05189722 0.50001204 -0.0013971244
v -0.21597709 0.6813941 -0.044461474
v -0.14744887 0.5769451 -0.09613605
v -0.07273279 0.5051284 -0.04703042
v -0.19067256 0.5843623 -0.07628224
v -0.10029036 0.5064471 -0.08084144
v -0.1445662 0.5077279 -0.09071006
v -0.061414547 0.5017785 0.046711545
v -0.056186743 0.45605925 -0.0009420117
v -0.076488286 0.4599258 -0.04490576
v -0.102484025 0.45995042 -0.0774875
v -0.096927166 0.5741362 0.08720484
v -0.07994816 0.4173444 -0.04267625
v -0.14441855 0.6583573 0.09925376
v -0.18905805 0.7405738 0.082362674
v -0.19121176 0.67050153 0.07942561
v -0.14396606 0.5817505 0.09610356
v -0.10025837 0.50700533 0.08280662
v -0.06519998 0.45606914 0.04585753
v -0.21582156 0.68001145 0.04195389
v -0.19026889 0.5858986 0.07633653
v -0.1447881 0.5078214 0.09252437
v -0.22198206 0.68197715 -0.0009621585
v -0.21555617 0.58851933 0.040344775
v -0.21556792 0.58829826 -0.039969042
v -0.060149286 0.41348675 7.3668816E-05
v -0.10247877 0.4599441 0.0809225
v -0.18930325 0.5091346 0.07383152
v -0.22224751 0.5889664 0.0002923114
v -0.18932104 0.5092813 -0.07167148
v -0.06871023 0.4133967 0.045621376
v -0.1452107 0.45993534 0.09086799
v -0.21380287 0.5099358 0.039863043
v -0.21379939 0.5099961 -0.037409253
v -0.14496233 0.4599794 -0.087580904
v -0.10465835 0.41720968 0.08012941
v -0.18830523 0.4599708 0.07326315
v -0.22031927 0.50999135 0.001275134
v -0.18833017 0.45999727 -0.06960862
v -0.10071589 0.37909746 -0.08174268
v -0.14597805 0.4166537 0.09007422
v -0.21200603 0.4600022 0.040357575
v -0.2120004 0.45999548 -0.036562517
v -0.1455299 0.37912908 -0.094661936
v -0.074344695 0.37910366 -0.04832491
v -0.18794161 0.4170112 0.073285915
v -0.21825817 0.45998296 0.0018632018
v -0.21115991 0.41738516 0.04111239
v -0.2171609 0.41737264 0.002871815
v -0.2111633 0.41736728 -0.035364304
v -0.06299574 0.37834367 -0.0018698614
v -0.07213129 0.37820816 0.045317587
v -0.07008768 0.3144113 -0.0070569613
v -0.100760505 0.3788844 0.07905449
v -0.19200695 0.37909722 -0.07510336
v -0.07861385 0.3143901 -0.05164191
v -0.0786113 0.3143082 0.03739366
v -0.14579177 0.37785026 0.08961414
v -0.102892295 0.314382 -0.084207974
v -0.08976773 0.2676891 -0.009316034
v -0.0960055 0.26769304 -0.04414997
v -0.09599657 0.26761532 0.025458055
v -0.11399146 0.26769343 -0.06986645
v -0.102925524 0.31422082 0.069548726
v -0.11428663 0.26754022 0.05048305
v -0.1452585 0.3144244 -0.09452938
v -0.14509267 0.2677248 -0.07740945
v -0.14548959 0.3130708 0.07960933
v -0.14552635 0.26670533 0.058408305
v -0.18963893 0.31439868 -0.07826888
v -0.17757258 0.26769966 -0.064760625
v -0.19186485 0.37849927 0.07258022
v -0.18948549 0.3138514 0.06373722
v -0.1774711 0.267304 0.04591199
v -0.21751958 0.37909865 0.03927727
v -0.21431214 0.3143951 0.032093283
v -0.19604841 0.26764306 0.02126064
v -0.2240104 0.37910986 -0.0012114464
v -0.2202543 0.31441846 -0.0070175366
v -0.2005424 0.2676844 -0.009287955
v -0.19606163 0.267691 -0.039917722
v -0.21432424 0.31440106 -0.046248466
v -0.21753404 0.37908363 -0.041622184
v 0.17821814 1.2533641 0.11459354
v 0.24544771 1.2100685 0.090176746
v 0.18655862 1.1710231 0.09224346
v 0.25033644 1.1175677 0.04083197
v 0.18823804 1.1071763 0.059437595
v 0.17567112 1.3050857 0.09675596
v 0.20554562 1.0907377 0.012339369
v 0.23763804 1.294896 0.0881844
v 0.1846167 1.339069 0.057352073
v 0.2865999 1.2144405 0.084251486
v 0.2817621 1.110174 0.037229147
v 0.2772869 1.3041242 0.08163569
v 0.2800332 1.0984136 -0.011165098
v 0.21968961 1.3306808 0.062786244
v 0.18891 1.3594048 0.021947369
v 0.27847955 1.3418471 0.03738085
v 0.19020252 1.3601539 -0.036163244
v 0.27845746 1.3417144 -0.035670314
v 0.19218357 1.3348407 -0.08470201
v 0.27381414 1.3091815 -0.08938307
v 0.1950554 1.2927166 -0.104858965
v 0.277203 1.2507477 -0.099016875
v 0.19575943 1.197689 -0.09063225
v 0.258357 1.1560109 -0.059885282
v 0.28973043 1.1623021 -0.062506795
v 0.1949902 1.1187894 -0.036072474
v 0.25192165 1.1028821 -0.008059228
v 0.039194513 0.985392 0.15801017
v -0 0.98485005 0.15794575
v -0 1.0098603 0.1566263
v -0.039194513 0.985392 0.15801017
v 0.03840972 1.0096558 0.1582068
v -0.03840972 1.0096558 0.1582068
v 0.07786066 0.98608357 0.15431704
v -0.07786066 0.98608357 0.15431704
v 0.07668425 1.0100279 0.15477552
v -0.07668425 1.0100279 0.15477552
v 0.11368276 0.9865323 0.14429648
v -0.11368276 0.9865323 0.14429648
v 0.112254426 1.0100349 0.14565793
v -0.112254426 1.0100349 0.14565793
v 0.14453663 0.9870107 0.12537274
v -0.14453663 0.9870107 0.12537274
v 0.14305255 1.0106257 0.1277703
v -0.14305255 1.0106257 0.1277703
v 0.1681308 0.98743045 0.098205164
v -0.1681308 0.98743045 0.098205164
v 0.16628157 1.010937 0.10003485
v -0.16628157 1.010937 0.10003485
v 0.18245286 0.98820597 0.062394176
v -0.18245286 0.98820597 0.062394176
v 0.18135843 1.0132036 0.0631655
v -0.18135843 1.0132036 0.0631655
v 0.18663381 0.98924595 0.018551478
v 0.18429522 1.0132973 0.020168962
v 0.17922348 1.0130155 -0.02195908
v 0.18148346 0.9886405 -0.025034063
v 0.16707373 1.0119004 -0.055114
v 0.1685466 0.9878408 -0.05900088
v 0.14360368 1.0110016 -0.07654956
v 0.14471775 0.98733914 -0.08131004
v 0.11276132 1.0109228 -0.09387581
v 0.11358078 0.98693806 -0.0986321
v 0.07680144 1.0103023 -0.105535775
v 0.07789626 0.9870847 -0.10972318
v 0.03851944 1.009947 -0.11273967
v 0.03922307 0.9870531 -0.11652782
v -0 1.0101181 -0.11638673
v -0 0.98676795 -0.12041775
v -0.03922307 0.9870531 -0.11652782
v -0.03851944 1.009947 -0.11273967
v -0.07789626 0.9870847 -0.10972318
v -0.07680144 1.0103023 -0.105535775
v -0.11358078 0.98693806 -0.0986321
v -0.11276132 1.0109228 -0.09387581
v -0.14471775 0.98733914 -0.08131004
v -0.14360368 1.0110016 -0.07654956
v -0.1685466 0.9878408 -0.05900088
v -0.16707373 1.0119004 -0.055114
v -0.18148346 0.9886405 -0.025034063
v -0.17922348 1.0130155 -0.02195908
v -0.18663381 0.98924595 0.018551478
v -0.18429522 1.0132973 0.020168962
v 0.038160007 1.0615579 0.15754166
v -0 1.0616553 0.15491568
v -0 1.0805013 0.15444924
v -0.038160007 1.0615579 0.15754166
v 0.038158186 1.081956 0.15625942
v -0.038158186 1.081956 0.15625942
v 0.07611612 1.0618498 0.15433477
v -0.07611612 1.0618498 0.15433477
v 0.07668658 1.0826461 0.15320471
v -0.07668658 1.0826461 0.15320471
v 0.11076079 1.0618968 0.14631508
v -0.11076079 1.0618968 0.14631508
v 0.110833876 1.0830699 0.14522056
v -0.110833876 1.0830699 0.14522056
v 0.13961022 1.0625556 0.13067701
v -0.13961022 1.0625556 0.13067701
v 0.1381565 1.0833983 0.1304389
v -0.1381565 1.0833983 0.1304389
v 0.16276291 1.0630325 0.10303412
v -0.16276291 1.0630325 0.10303412
v 0.16147892 1.0841602 0.10336044
v -0.16147892 1.0841602 0.10336044
v 0.17896882 1.063872 0.06440047
v -0.17896882 1.063872 0.06440047
v 0.17771263 1.0823902 0.063967064
v -0.17771263 1.0823902 0.063967064
v 0.18247116 1.062644 0.021454135
v 0.18317214 1.0831517 0.019488463
v 0.17803276 1.0880644 -0.020901496
v 0.17757721 1.064005 -0.019086441
v 0.1634264 1.0869867 -0.04727826
v 0.16437362 1.0644406 -0.048816383
v -0.18247116 1.062644 0.021454135
v -0.18317214 1.0831517 0.019488463
v -0.17803276 1.0880644 -0.020901496
v -0.17757721 1.064005 -0.019086441
v -0.1634264 1.0869867 -0.04727826
v -0.16437362 1.0644406 -0.048816383
v 0.14025818 1.0836605 -0.067236215
v 0.14119194 1.0631392 -0.069337636
v -0.14025818 1.0836605 -0.067236215
v -0.14119194 1.0631392 -0.069337636
v 0.112553366 1.0629013 -0.08835273
v 0.11308783 1.0839763 -0.08732375
v 0.07966991 1.0830736 -0.10070831
v 0.077868894 1.0622149 -0.10119969
v 0.039620936 1.0821328 -0.10905664
v 0.038798038 1.0618566 -0.10931256
v -0.112553366 1.0629013 -0.08835273
v -0.11308783 1.0839763 -0.08732375
v -0.07966991 1.0830736 -0.10070831
v -0.077868894 1.0622149 -0.10119969
v -0.039620936 1.0821328 -0.10905664
v -0.038798038 1.0618566 -0.10931256
v -0 1.0804332 -0.1117844
v -0 1.0619389 -0.11240039
v -0.2772869 1.3041242 0.08163569
v -0.33324048 1.3310806 0.03652623
v -0.27847955 1.3418471 0.03738085
v -0.27845746 1.3417144 -0.035670314
v -0.3346896 1.2991852 0.08464536
v -0.2865999 1.2144405 0.084251486
v -0.33332995 1.3314399 -0.029551264
v -0.27381414 1.3091815 -0.08938307
v -0.33407915 1.3027422 -0.08742838
v -0.277203 1.2507477 -0.099016875
v -0.33667585 1.254232 -0.099663645
v -0.28973043 1.1623021 -0.062506795
v -0.38484618 1.2971267 -0.091741845
v -0.33016855 1.2203839 0.08738116
v -0.38457903 1.2960985 0.08491401
v -0.38333166 1.3258027 0.033273466
v -0.38324508 1.3257064 -0.034389615
v -0.326892 1.105207 0.03262289
v -0.2817621 1.110174 0.037229147
v -0.32343563 1.0891509 -0.013945926
v -0.2800332 1.0984136 -0.011165098
v -0.3380138 1.1599197 -0.06401962
v -0.37914932 1.0757394 -0.010287674
v -0.37866586 1.0920568 0.031811148
v -0.38534948 1.2122413 0.08662577
v -0.4253913 1.2929827 0.08437367
v -0.37863362 1.1487395 -0.060895827
v -0.41826108 1.0638423 -0.004935205
v -0.41837358 1.0782503 0.031759847
v -0.38452488 1.2436883 -0.10047641
v -0.41681328 1.1328988 -0.0502677
v -0.42393795 1.2902653 -0.08983502
v -0.42323372 1.3193486 0.033639617
v -0.42279118 1.2176664 0.08847708
v -0.4619573 1.0570258 -0.0019213919
v -0.4226102 1.2387285 -0.0951466
v -0.42312154 1.3179857 -0.03605343
v -0.47712183 1.2926896 0.07359755
v -0.46227524 1.0706979 0.033073645
v -0.5009302 1.0468082 -0.003932546
v -0.46052253 1.118943 -0.038302947
v -0.47302592 1.2880851 -0.081295036
v -0.4700654 1.3146664 0.029130721
v -0.47477934 1.2095938 0.08309145
v -0.47009552 1.2294489 -0.08633623
v -0.4698623 1.3129005 -0.034391835
v -0.5086619 1.3137846 0.02791883
v -0.508306 1.3099879 -0.050081618
v -0.5380368 1.2908303 0.06967701
v -0.50103205 1.0646427 0.03672597
v -0.5374695 1.191794 0.079412
v -0.54638994 1.3155177 0.018866928
v -0.50629693 1.2830813 -0.09256861
v -0.5426113 1.060456 0.034254074
v -0.6137046 1.2725294 0.06376297
v -0.503546 1.2311763 -0.09634745
v -0.54081875 1.2855339 -0.09940802
v -0.546166 1.3134483 -0.051890153
v -0.49926892 1.1149529 -0.0451606
v -0.5382403 1.2217021 -0.10315843
v -0.5396062 1.1008712 -0.043780167
v -0.542332 1.045905 -0.0058906972
v -0.6081718 1.0416148 -0.010047621
v -0.61364245 1.3090649 0.015820043
v -0.61249834 1.2776914 -0.10271467
v -0.609794 1.1241254 -0.054048486
v -0.60847676 1.0549982 0.031345956
v -0.6159221 1.1691815 0.069048315
v -0.7002437 1.0460949 -0.011050479
v -0.61153644 1.2269756 -0.104926914
v -0.6133753 1.3081617 -0.05486574
v -0.7014858 1.2623966 0.05997982
v -0.7003978 1.0600196 0.031053126
v -0.7707257 1.0465757 -0.016097972
v -0.7000016 1.103441 -0.053883698
v -0.6999812 1.2784597 -0.09767799
v -0.7012228 1.30838 0.013181045
v -0.6988581 1.1557158 0.06525672
v -0.699062 1.2256964 -0.09823898
v -0.701022 1.3074473 -0.055604484
v -0.7673554 1.2609558 0.064371765
v -0.77174157 1.064293 0.029120037
v -0.7769433 1.1123091 -0.058281608
v -0.7697571 1.2772862 -0.097678274
v -0.78026146 1.3013766 0.02588085
v -0.7675909 1.1536146 0.06559602
v -0.8002863 1.2594172 0.064671844
v -0.77889246 1.3017269 -0.063334286
v -0.76732194 1.228166 -0.09620075
v -0.7977415 1.1373233 0.06605734
v -0.8260543 1.3032216 0.026830913
v -0.80225706 1.2743069 -0.09711887
v -0.7990092 1.1909268 -0.095232226
v -0.82579947 1.3011434 -0.05983972
v -0.8207154 1.0736012 0.028863406
v -0.8248871 1.2537556 0.06736203
v -0.8189426 1.100492 -0.0662235
v -0.82563657 1.2594708 -0.1001058
v -0.8241502 1.1412005 0.068122186
v -0.85177207 1.2580402 0.07038948
v -0.8595471 1.3005098 0.025047773
v -0.8513955 1.1494532 0.06976069
v -0.8596146 1.2989248 -0.061091624
v -0.85783684 1.0829604 0.02726453
v -0.8514867 1.2537824 -0.10125306
v -0.8579772 1.0648245 -0.021422388
v -0.8246762 1.1807019 -0.096584044
v -0.8500038 1.1715949 -0.09724652
v -0.84794605 1.1116395 -0.06716187
v -0.82506317 1.0537843 -0.020457054
v -0.258357 1.1560109 -0.059885282
v -0.2039207 1.1431363 -0.031885434
v -0.19575943 1.197689 -0.09063225
v -0.21447855 1.1268737 0.004066091
v -0.277203 1.2507477 -0.099016875
v -0.1950554 1.2927166 -0.104858965
v -0.27381414 1.3091815 -0.08938307
v -0.19218357 1.3348407 -0.08470201
v -0.27845746 1.3417144 -0.035670314
v -0.19020252 1.3601539 -0.036163244
v -0.28973043 1.1623021 -0.062506795
v -0.27847955 1.3418471 0.03738085
v -0.18891 1.3594048 0.021947369
v -0.2800332 1.0984136 -0.011165098
v -0.21968961 1.3306808 0.062786244
v -0.2772869 1.3041242 0.08163569
v -0.1846167 1.339069 0.057352073
v -0.23763804 1.294896 0.0881844
v -0.17567112 1.3050857 0.09675596
v -0.2865999 1.2144405 0.084251486
v -0.24544771 1.2100685 0.090176746
v -0.25033644 1.1175677 0.04083197
v -0.17821814 1.2533641 0.11459354
v -0.18655862 1.1710231 0.09224346
v -0.2817621 1.110174 0.037229147
v -0.2025821 1.13366 0.041492492
v -0.25192165 1.1028821 -0.008059228
v 0.26797783 1.752668 0.05440658
v 0.26544183 1.7503791 0.06573951
v 0.27477822 1.7496442 0.06811467
v 0.26345855 1.7541618 0.076778635
v 0.2773142 1.7519331 0.056781728
v 0.27036205 1.7604234 0.04594009
v 0.2727949 1.7534269 0.079153836
v 0.26258427 1.7629945 0.08444252
v 0.27969837 1.7596886 0.048315253
v 0.27198964 1.7715561 0.04243979
v 0.27890342 1.7949634 0.065921836
v 0.2719206 1.7622595 0.08681769
v 0.28132597 1.7708211 0.044814963
v 0.2630192 1.7745212 0.08684639
v 0.27242464 1.783083 0.044843644
v 0.2723555 1.7737863 0.089221574
v 0.26464686 1.785654 0.083346106
v 0.281761 1.7823482 0.047218803
v 0.27155033 1.7919157 0.052507535
v 0.2739832 1.784919 0.08572129
v 0.267031 1.7934095 0.074879594
v 0.28088668 1.7911806 0.054882683
v 0.26956704 1.7956983 0.06354668
v 0.27636743 1.7926745 0.077254765
v 8.881784E-16 1.7288911 -0.28180295
v 0.06569512 1.8181896 -0.26183775
v 8.881784E-16 1.8027599 -0.26796868
v -0.06569512 1.8181896 -0.26183775
v 0.070320874 1.7274462 -0.27478322
v 0.1488292 1.8108616 -0.21520722
v -0.070320874 1.7274462 -0.27478322
v -0.1488292 1.8108616 -0.21520722
v 0.13401179 1.7299049 -0.25375572
v 0.17701142 1.8030329 -0.20982061
v 4.440892E-16 1.6476344 -0.2870043
v -0.13401179 1.7299049 -0.25375572
v -0.17701142 1.8030329 -0.20982061
v 0.18454257 1.7256635 -0.22739439
v 0.20239887 1.7848291 -0.17987105
v 0.07057798 1.6484394 -0.27984366
v -0.07057798 1.6484394 -0.27984366
v -0.18454257 1.7256635 -0.22739439
v -0.20239887 1.7848291 -0.17987105
v 0.22360767 1.7221818 -0.18749057
v 0.23197974 1.771358 -0.13688
v 0.13648011 1.6484694 -0.2571182
v 4.440892E-16 1.5487089 -0.25594142
v -0.13648011 1.6484694 -0.2571182
v -0.22360767 1.7221818 -0.18749057
v -0.23197974 1.771358 -0.13688
v 0.24716523 1.7220641 -0.14096163
v 0.25031367 1.7725296 -0.08298765
v 0.060910285 1.5592948 -0.24747959
v -0.060910285 1.5592948 -0.24747959
v -0.18609174 1.647228 -0.22557327
v -0.24716523 1.7220641 -0.14096163
v -0.25031367 1.7725296 -0.08298765
v 0.26241606 1.7180473 -0.08178861
v 0.25693744 1.7716268 -0.028164944
v 4.440892E-16 1.4917996 -0.19967356
v -0.1193296 1.5713536 -0.22889732
v -0.22671455 1.6449938 -0.1864482
v -0.26241606 1.7180473 -0.08178861
v -0.25693744 1.7716268 -0.028164944
v 0.2705258 1.7181584 -0.02554519
v 0.25377825 1.7695754 0.018977797
v -0.05980739 1.4928828 -0.19361876
v -0 1.451979 -0.14659765
v -0.17954579 1.5814523 -0.1986931
v -0.2527219 1.6470622 -0.12860024
v -0.2705258 1.7181584 -0.02554519
v -0.25377825 1.7695754 0.018977797
v -0.12391347 1.5015796 -0.17894459
v -0.21507289 1.5870259 -0.15942939
v -0.25723755 1.6471032 -0.070512645
v -0.2624424 1.7240753 0.023606224
v -0.24604695 1.7769165 0.09890379
v -0.0647539 1.4581867 -0.1441715
v -0.16403624 1.5124333 -0.15912925
v -0.24204533 1.5937003 -0.10062979
v -0.26221254 1.6536614 -0.019841114
v -0.24917027 1.5984695 -0.029996691
v -0.25699475 1.6669675 0.048935015
v -0.2166614 1.52459 -0.06422551
v -0.1941318 1.5237446 -0.12715167
v -0.11047696 1.4653629 -0.13437586
v -0.24156517 1.6852223 0.10944484
v -0.21705133 1.62858 0.1234706
v -0.22596233 1.5510414 -0.08133318
v -0.17891502 1.4925786 -0.10182366
v -0.16203189 1.4665976 -0.06015627
v -0.12711789 1.4521208 -0.081657775
v -0.14666776 1.4755431 -0.1223832
v -0.089557305 1.44032 -0.0999278
v -0.0449808 1.4326967 -0.11606622
v -0 1.4333622 -0.11339344
v 0.0449808 1.4326967 -0.11606622
v 0.0647539 1.4581867 -0.1441715
v 0.089557305 1.44032 -0.0999278
v 0.05980739 1.4928828 -0.19361876
v 0.11047696 1.4653629 -0.13437586
v 0.12711789 1.4521208 -0.081657775
v 0.1193296 1.5713536 -0.22889732
v 0.12391347 1.5015796 -0.17894459
v 0.18609174 1.647228 -0.22557327
v 0.17954579 1.5814523 -0.1986931
v 0.22671455 1.6449938 -0.1864482
v 0.16403624 1.5124333 -0.15912925
v 0.14666776 1.4755431 -0.1223832
v 0.2527219 1.6470622 -0.12860024
v 0.21507289 1.5870259 -0.15942939
v 0.17891502 1.4925786 -0.10182366
v 0.16203189 1.4665976 -0.06015627
v 0.2166614 1.52459 -0.06422551
v 0.1941318 1.5237446 -0.12715167
v 0.25723755 1.6471032 -0.070512645
v 0.24204533 1.5937003 -0.10062979
v 0.22596233 1.5510414 -0.08133318
v 0.24917027 1.5984695 -0.029996691
v 0.26221254 1.6536614 -0.019841114
v 0.25699475 1.6669675 0.048935015
v 0.2624424 1.7240753 0.023606224
v 0.24604695 1.7769165 0.09890379
v 0.24156517 1.6852223 0.10944484
v 0.21705133 1.62858 0.1234706
v 0.24483255 1.7400066 0.10148419
v 0.2367601 1.773752 0.12022464
v 0.23494604 1.749876 0.12813924
v 0.21223073 1.7755258 0.14465828
v 0.2311097 1.6989836 0.13910863
v 0.2167379 1.6747298 0.13833582
v 0.2130122 1.7185216 0.14264058
v -0.2311097 1.6989836 0.13910863
v -0.2167379 1.6747298 0.13833582
v -0.2130122 1.7185216 0.14264058
v -0.21223073 1.7755258 0.14465828
v -0.23494604 1.749876 0.12813924
v -0.2367601 1.773752 0.12022464
v -0.24483255 1.7400066 0.10148419
v -0.263654 1.752668 0.07463465
v -0.26584727 1.7503791 0.06323043
v -0.27535635 1.7496442 0.064775094
v -0.26843023 1.7541618 0.052316044
v -0.27316308 1.7519331 0.0761793
v -0.26246446 1.7604234 0.08334963
v -0.27793932 1.7534269 0.053860653
v -0.27068442 1.7629945 0.044939164
v -0.27197355 1.7596886 0.08489427
v -0.26256132 1.7715561 0.08720862
v -0.27826506 1.7949634 0.068430945
v -0.28019345 1.7622595 0.04648379
v -0.2720704 1.7708211 0.08875324
v -0.2720418 1.7745212 0.04290809
v -0.26391882 1.783083 0.08517758
v -0.28155082 1.7737863 0.04445269
v -0.2721387 1.785654 0.046767086
v -0.2734279 1.7823482 0.086722225
v -0.26617295 1.7919157 0.07780069
v -0.28164786 1.784919 0.04831171
v -0.27094918 1.7934095 0.05548207
v -0.27568203 1.7911806 0.079345345
v -0.2687559 1.7956983 0.06688628
v -0.28045833 1.7926745 0.057026733
v 0.011907903 1.2419779 0.14229468
v -0 1.2396115 0.14328814
v 0.00018764453 1.2632729 0.1350364
v -0.011907903 1.2419779 0.14229468
v 0.03538263 1.2911698 0.13300788
v -0.03466846 1.2916403 0.12439303
v 0.04496496 1.2736176 0.13531767
v -0.04496496 1.2736176 0.13531767
v 0.07343553 1.3252089 0.10907156
v -0.07343553 1.3252089 0.10907156
v 0.0855728 1.3197289 0.10757073
v -0.0855728 1.3197289 0.10757073
v 0.09599325 1.3468986 0.077026464
v -0.09599325 1.3468986 0.077026464
v 0.107652225 1.3433951 0.075865775
v -0.107652225 1.3433951 0.075865775
v 0.10683955 1.3584676 0.043714777
v -0.10683955 1.3584676 0.043714777
v 0.11551112 1.354422 0.050166138
v -0.11551112 1.354422 0.050166138
v 0.116565056 1.3677402 0.0012481937
v -0.116565056 1.3677402 0.0012481937
v 0.12320023 1.3648031 0.009815666
v -0.12320023 1.3648031 0.009815666
v 0.11766261 1.369002 -0.030872457
v -0.11766261 1.369002 -0.030872457
v 0.12480895 1.3660773 -0.03292567
v -0.12480895 1.3660773 -0.03292567
v 0.10316126 1.3656054 -0.054810807
v -0.10316126 1.3656054 -0.054810807
v 0.11066559 1.3616763 -0.05744382
v -0.11066559 1.3616763 -0.05744382
v 0.08249928 1.3626665 -0.07285974
v -0.08249928 1.3626665 -0.07285974
v 0.088195115 1.3566881 -0.075475805
v -0.088195115 1.3566881 -0.075475805
v 0.054942623 1.3583262 -0.08318975
v -0.054942623 1.3583262 -0.08318975
v 0.058787633 1.3516415 -0.086819746
v -0.058787633 1.3516415 -0.086819746
v 0.027053779 1.3584288 -0.08744982
v -0.027053779 1.3584288 -0.08744982
v 0.028629651 1.3511544 -0.09142519
v -0.028629651 1.3511544 -0.09142519
v -0 1.359074 -0.090917066
v -0 1.3515229 -0.09468267
v -0 1.0098603 0.1566263
v -0 1.0616553 0.15491568
v 0.038160007 1.0615579 0.15754166
v -0.038160007 1.0615579 0.15754166
v 0.03840972 1.0096558 0.1582068
v -0.03840972 1.0096558 0.1582068
v 0.07611612 1.0618498 0.15433477
v -0.07611612 1.0618498 0.15433477
v 0.07668425 1.0100279 0.15477552
v -0.07668425 1.0100279 0.15477552
v 0.11076079 1.0618968 0.14631508
v -0.11076079 1.0618968 0.14631508
v 0.112254426 1.0100349 0.14565793
v -0.112254426 1.0100349 0.14565793
v 0.13961022 1.0625556 0.13067701
v -0.13961022 1.0625556 0.13067701
v 0.14305255 1.0106257 0.1277703
v -0.14305255 1.0106257 0.1277703
v 0.16276291 1.0630325 0.10303412
v -0.16276291 1.0630325 0.10303412
v 0.16628157 1.010937 0.10003485
v -0.16628157 1.010937 0.10003485
v 0.17896882 1.063872 0.06440047
v -0.17896882 1.063872 0.06440047
v 0.18135843 1.0132036 0.0631655
v -0.18135843 1.0132036 0.0631655
v 0.18247116 1.062644 0.021454135
v -0.18247116 1.062644 0.021454135
v 0.18429522 1.0132973 0.020168962
v -0.18429522 1.0132973 0.020168962
v 0.17757721 1.064005 -0.019086441
v -0.17757721 1.064005 -0.019086441
v 0.17922348 1.0130155 -0.02195908
v -0.17922348 1.0130155 -0.02195908
v 0.16437362 1.0644406 -0.048816383
v -0.16437362 1.0644406 -0.048816383
v 0.16707373 1.0119004 -0.055114
v -0.16707373 1.0119004 -0.055114
v 0.14119194 1.0631392 -0.069337636
v -0.14119194 1.0631392 -0.069337636
v 0.14360368 1.0110016 -0.07654956
v -0.14360368 1.0110016 -0.07654956
v 0.112553366 1.0629013 -0.08835273
v -0.112553366 1.0629013 -0.08835273
v 0.11276132 1.0109228 -0.09387581
v -0.11276132 1.0109228 -0.09387581
v 0.077868894 1.0622149 -0.10119969
v -0.077868894 1.0622149 -0.10119969
v 0.07680144 1.0103023 -0.105535775
v -0.07680144 1.0103023 -0.105535775
v 0.038798038 1.0618566 -0.10931256
v -0.038798038 1.0618566 -0.10931256
v 0.03851944 1.009947 -0.11273967
v -0.03851944 1.009947 -0.11273967
v -0 1.0619389 -0.11240039
v -0 1.0101181 -0.11638673
v -0.37020534 1.8687842 0.36456454
v -0.43117005 1.8687468 0.28729042
v -0.4230968 1.8788188 0.28149617
v -0.36302924 1.8788228 0.35738847
v -0.29293126 1.8687469 0.42552906
v -0.4666237 1.878808 0.1930008
v -0.4751097 1.8686647 0.19700858
v -0.28713697 1.8788189 0.41745597
v -0.2026494 1.8686649 0.4694688
v -0.4928065 1.8788024 0.095707074
v -0.501489 1.8685951 0.09774185
v -0.19864161 1.8788081 0.46098283
v -0.10338267 1.8685951 0.49584815
v -0.50160027 1.8788002 -0.005969545
v -0.510391 1.8685621 -0.005969549
v -0.101347886 1.8788025 0.48716557
v 0.00032874473 1.8685622 0.50475025
v -0.49280643 1.8788024 -0.107646175
v -0.501489 1.868595 -0.10968096
v 0.0003287475 1.8788003 0.49595943
v 0.10404015 1.8685952 0.49584815
v -0.46662375 1.878808 -0.20493989
v -0.47510976 1.8686647 -0.20894767
v 0.10200536 1.8788025 0.48716563
v 0.20330688 1.8686649 0.4694689
v -0.42309684 1.8788188 -0.2934352
v -0.43117002 1.8687468 -0.2992295
v 0.1992991 1.8788081 0.4609829
v 0.29358873 1.8687469 0.42552912
v -0.36302927 1.8788227 -0.36932746
v -0.37020534 1.8687841 -0.3765035
v 0.28779444 1.8788189 0.4174559
v 0.3708628 1.8687842 0.3645645
v -0.28713697 1.8788186 -0.42939493
v -0.29293123 1.8687466 -0.4374682
v 0.3636867 1.8788228 0.3573884
v 0.43182743 1.8687468 0.28729042
v -0.19864163 1.8788079 -0.472922
v -0.20264941 1.8686646 -0.481408
v 0.4237543 1.8788188 0.28149614
v 0.47576725 1.8686647 0.19700858
v -0.10134791 1.8788023 -0.49910483
v -0.10338269 1.868595 -0.5077872
v 0.4672813 1.878808 0.1930008
v 0.5021466 1.868595 0.097741865
v 0.00032873248 1.8788 -0.5078987
v 0.00032873746 1.8685619 -0.51668936
v 0.49346402 1.8788024 0.095707096
v 0.5110487 1.868562 -0.0059695486
v 0.10200539 1.8788023 -0.49910483
v 0.104040176 1.8685949 -0.5077872
v 0.50225794 1.8788002 -0.005969552
v 0.5021466 1.8685951 -0.10968096
v 0.1992991 1.8788079 -0.47292203
v 0.2033069 1.8686646 -0.4814079
v 0.49346417 1.8788024 -0.10764619
v 0.47576725 1.8686647 -0.20894769
v 0.28779444 1.8788186 -0.42939505
v 0.2935887 1.8687466 -0.43746817
v 0.46728125 1.878808 -0.2049399
v 0.4318275 1.8687468 -0.2992295
v 0.36368665 1.8788227 -0.3693275
v 0.37086272 1.8687841 -0.3765036
v 0.42375425 1.8788188 -0.29343522
v 0.18346158 1.8778323 -0.43492404
v 0.09405111 1.8778807 -0.4594545
v 0.26458743 1.8777839 -0.3947962
v 0.33410203 1.8777603 -0.33974284
v 0.00032867756 1.8779044 -0.46760967
v 0.38915542 1.8777839 -0.2702282
v 0.42928332 1.8778325 -0.18910232
v -0.09339375 1.8778807 -0.45945445
v 0.4538138 1.8778808 -0.099691875
v -0.18280418 1.8778324 -0.434924
v 0.46196896 1.8779045 -0.0059694517
v -0.2639301 1.8777838 -0.39479616
v 0.45381373 1.8778808 0.08775295
v -0.3334447 1.8777603 -0.33974275
v 0.4292833 1.8778324 0.17716339
v -0.38849813 1.877784 -0.2702282
v 0.38915548 1.877784 0.25828928
v -0.42862597 1.8778324 -0.18910232
v 0.33410203 1.8777603 0.32780388
v -0.4531563 1.8778808 -0.099691845
v 0.2645875 1.877784 0.38285726
v -0.46131137 1.8779045 -0.0059694625
v 0.18346155 1.8778327 0.4229851
v -0.45315626 1.8778808 0.08775294
v 0.094051085 1.8778809 0.44751543
v -0.42862594 1.8778325 0.17716336
v 0.00032867407 1.8779047 0.4556706
v -0.38849816 1.8777839 0.25828934
v -0.09339372 1.8778809 0.44751543
v -0.3334447 1.8777603 0.32780394
v -0.18280418 1.8778325 0.42298508
v -0.2639301 1.8777841 0.3828573
v -0.2903839 1.8881357 0.28474313
v -0.20532465 1.9144504 0.14002833
v -0.17946519 1.9143698 0.17437163
v -0.33698994 1.8881916 0.22528227
v -0.22513638 1.9145991 0.097434394
v -0.23092307 1.8881916 0.33134907
v -0.14512187 1.9144504 0.20023108
v -0.37109715 1.8883044 0.15511495
v -0.23946792 1.9147232 0.048197374
v -0.16075577 1.8883044 0.3654563
v -0.102527946 1.9145991 0.2200428
v -0.39282608 1.8884025 0.07687066
v -0.24697141 1.914777 -0.00542638
v -0.08251142 1.8884026 0.38718528
v -0.053290945 1.9147232 0.23437433
v -0.40038562 1.8884444 -0.005969458
v -0.2394679 1.9147232 -0.059050143
v 0.00032866574 1.8884445 0.39474478
v 0.0003328311 1.914777 0.24187787
v -0.39282617 1.8884025 -0.08880956
v -0.22513634 1.9145991 -0.10828715
v 0.083168775 1.8884026 0.38718528
v 0.053956594 1.9147232 0.23437436
v -0.37109718 1.8883044 -0.16705391
v -0.20532463 1.9144504 -0.15088107
v 0.16141312 1.8883044 0.36545643
v 0.103193626 1.9145991 0.22004282
v -0.33698994 1.8881917 -0.23722121
v -0.1794652 1.9143698 -0.18522443
v 0.23158045 1.8881916 0.33134916
v 0.14578754 1.9144504 0.2002311
v -0.29038393 1.8881357 -0.296682
v -0.14512189 1.9144504 -0.21108389
v 0.29104128 1.8881357 0.28474307
v 0.18013088 1.9143698 0.17437163
v -0.2309231 1.8881916 -0.343288
v -0.10252795 1.9145991 -0.23089558
v 0.33764726 1.8881916 0.22528222
v 0.20599034 1.9144504 0.1400283
v -0.16075575 1.8883042 -0.3773953
v -0.05329093 1.9147232 -0.24522711
v 0.3717545 1.8883044 0.15511496
v 0.22580205 1.9145991 0.097434394
v -0.08251144 1.8884023 -0.39912426
v 0.00033284008 1.914777 -0.25273064
v 0.39348355 1.8884025 0.076870665
v 0.2401336 1.9147232 0.048197396
v 0.00032868184 1.8884443 -0.4066839
v 0.053956613 1.9147232 -0.24522708
v 0.40104315 1.8884444 -0.0059694457
v 0.24763712 1.914777 -0.005426374
v 0.083168805 1.8884023 -0.39912432
v 0.10319362 1.9145991 -0.23089555
v 0.39348355 1.8884025 -0.08880958
v 0.24013363 1.9147232 -0.059050143
v 0.16141313 1.8883042 -0.3773953
v 0.14578752 1.9144504 -0.21108384
v 0.37175456 1.8883044 -0.1670539
v 0.22580208 1.9145991 -0.10828716
v 0.2315804 1.8881916 -0.343288
v 0.18013088 1.9143698 -0.18522443
v 0.3376473 1.8881916 -0.23722121
v 0.20599036 1.9144504 -0.15088107
v 0.29104123 1.8881357 -0.29668203
v 0.4538138 1.8778808 -0.099691875
v 0.42928332 1.8778325 -0.18910232
v 0.46196896 1.8779045 -0.0059694517
v 0.38915542 1.8777839 -0.2702282
v 0.33410203 1.8777603 -0.33974284
v 0.45381373 1.8778808 0.08775295
v 0.26458743 1.8777839 -0.3947962
v 0.18346158 1.8778323 -0.43492404
v 0.4292833 1.8778324 0.17716339
v 0.09405111 1.8778807 -0.4594545
v 0.38915548 1.877784 0.25828928
v 0.00032867756 1.8779044 -0.46760967
v 0.33410203 1.8777603 0.32780388
v -0.09339375 1.8778807 -0.45945445
v 0.2645875 1.877784 0.38285726
v -0.18280418 1.8778324 -0.434924
v 0.18346155 1.8778327 0.4229851
v -0.2639301 1.8777838 -0.39479616
v 0.094051085 1.8778809 0.44751543
v -0.3334447 1.8777603 -0.33974275
v 0.00032867407 1.8779047 0.4556706
v -0.38849813 1.877784 -0.2702282
v -0.09339372 1.8778809 0.44751543
v -0.42862597 1.8778324 -0.18910232
v -0.18280418 1.8778325 0.42298508
v -0.4531563 1.8778808 -0.099691845
v -0.2639301 1.8777841 0.3828573
v -0.46131137 1.8779045 -0.0059694625
v -0.3334447 1.8777603 0.32780394
v -0.45315626 1.8778808 0.08775294
v -0.38849816 1.8777839 0.25828934
v -0.42862594 1.8778325 0.17716336
v -0.10012082 2.106224 0.09447776
v -0.015383543 2.1459773 0.009740525
v -0.012373375 2.145987 0.011989922
v -0.0808822 2.106286 0.10885412
v -0.008637571 2.1460078 0.013688707
v -0.114497215 2.106286 0.07523918
v -0.01763294 2.145987 0.0067303632
v -0.057005916 2.1064196 0.11971141
v -0.004333657 2.1460316 0.014896878
v -0.12535442 2.1064196 0.051362872
v -0.019331718 2.1460078 0.0029945527
v -0.029498726 2.1065717 0.12743309
v 0.00033415787 2.1460528 0.015521505
v -0.13307616 2.1065717 0.02385569
v -0.020539897 2.1460316 -0.0013093551
v 0.00033424053 2.1067085 0.13142516
v 0.0050019734 2.1460316 0.0148968855
v -0.13706821 2.1067085 -0.00597728
v -0.021164516 2.1460528 -0.005977171
v 0.03016721 2.1065717 0.1274331
v 0.009305884 2.1460078 0.013688707
v -0.13307613 2.1065717 -0.035810247
v -0.020539897 2.1460316 -0.010644984
v 0.057674397 2.1064196 0.11971141
v 0.013041684 2.145987 0.01198993
v -0.12535445 2.1064196 -0.063317426
v -0.019331725 2.1460078 -0.014948896
v 0.08155067 2.106286 0.108854145
v 0.016051853 2.1459773 0.009740525
v -0.1144972 2.106286 -0.08719369
v -0.01763294 2.145987 -0.018684693
v 0.10078929 2.106224 0.094477765
v 0.01830125 2.145987 0.006730356
v -0.10012082 2.106224 -0.10643231
v -0.015383543 2.1459773 -0.021694869
v 0.11516562 2.106286 0.07523913
v 0.020000035 2.1460078 0.0029945527
v -0.0808822 2.106286 -0.1208087
v -0.012373375 2.145987 -0.023944266
v 0.12602295 2.1064196 0.051362872
v 0.021208214 2.1460316 -0.0013093551
v -0.057005916 2.1064196 -0.13166596
v -0.008637571 2.1460078 -0.02564305
v 0.13374463 2.1065717 0.02385569
v 0.021832833 2.1460528 -0.0059771705
v -0.029498724 2.1065717 -0.1393877
v -0.004333657 2.1460316 -0.02685123
v 0.13773671 2.1067085 -0.0059772767
v 0.021208214 2.1460316 -0.010644984
v 0.00033424553 2.1067085 -0.14337973
v 0.00033415866 2.1460528 -0.027475841
v 0.13374466 2.1065717 -0.035810247
v 0.020000035 2.1460078 -0.014948896
v 0.030167224 2.1065717 -0.13938765
v 0.005001975 2.1460316 -0.026851222
v 0.12602295 2.1064196 -0.063317426
v 0.018301258 2.145987 -0.0186847
v 0.057674397 2.1064196 -0.13166596
v 0.009305884 2.1460078 -0.02564305
v 0.11516568 2.106286 -0.08719371
v 0.016051853 2.1459773 -0.021694869
v 0.081550665 2.106286 -0.1208087
v 0.013041684 2.145987 -0.023944266
v 0.10078929 2.106224 -0.10643231
v 0.04436222 2.0422225 -0.20286644
v 0.08492416 2.0421207 -0.19139697
v 0.120123856 2.0419986 -0.17534709
v 0.14849259 2.0419323 -0.15413563
v 0.16970402 2.0419986 -0.12576687
v 0.18575394 2.0421207 -0.090567164
v 0.0003342442 2.0422666 -0.20886654
v 0.19722348 2.0422225 -0.05000524
v -0.043693725 2.0422225 -0.2028665
v 0.2032235 2.0422666 -0.0059772655
v -0.084255636 2.0421207 -0.19139697
v 0.19722342 2.0422225 0.0380507
v -0.11945539 2.0419986 -0.1753471
v 0.18575394 2.0421207 0.078612655
v -0.14782415 2.0419323 -0.15413563
v 0.16970399 2.0419986 0.11381233
v -0.16903555 2.0419986 -0.12576687
v 0.14849259 2.0419323 0.14218108
v -0.18508548 2.0421207 -0.090567164
v 0.120123856 2.0419986 0.16339248
v -0.19655496 2.0422225 -0.05000524
v 0.08492416 2.0421207 0.17944242
v -0.20255505 2.0422666 -0.0059772707
v 0.044362206 2.0422225 0.19091195
v -0.19655499 2.0422225 0.0380507
v 0.00033423683 2.0422666 0.19691198
v -0.18508548 2.0421207 0.078612655
v -0.043693732 2.0422225 0.19091189
v -0.16903564 2.0419986 0.11381236
v -0.084255636 2.0421207 0.17944242
v -0.14782415 2.0419323 0.14218108
v -0.11945537 2.0419986 0.16339248
v -0.23946792 1.9147232 0.048197374
v -0.22513638 1.9145991 0.097434394
v -0.24697141 1.914777 -0.00542638
v -0.20532465 1.9144504 0.14002833
v -0.17946519 1.9143698 0.17437163
v -0.2394679 1.9147232 -0.059050143
v -0.14512187 1.9144504 0.20023108
v -0.102527946 1.9145991 0.2200428
v -0.22513634 1.9145991 -0.10828715
v -0.053290945 1.9147232 0.23437433
v -0.20532463 1.9144504 -0.15088107
v 0.0003328311 1.914777 0.24187787
v -0.1794652 1.9143698 -0.18522443
v 0.053956594 1.9147232 0.23437436
v -0.14512189 1.9144504 -0.21108389
v 0.103193626 1.9145991 0.22004282
v -0.10252795 1.9145991 -0.23089558
v 0.14578754 1.9144504 0.2002311
v -0.05329093 1.9147232 -0.24522711
v 0.18013088 1.9143698 0.17437163
v 0.00033284008 1.914777 -0.25273064
v 0.20599034 1.9144504 0.1400283
v 0.053956613 1.9147232 -0.24522708
v 0.22580205 1.9145991 0.097434394
v 0.10319362 1.9145991 -0.23089555
v 0.2401336 1.9147232 0.048197396
v 0.14578752 1.9144504 -0.21108384
v 0.24763712 1.914777 -0.005426374
v 0.18013088 1.9143698 -0.18522443
v 0.24013363 1.9147232 -0.059050143
v 0.20599036 1.9144504 -0.15088107
v 0.22580208 1.9145991 -0.10828716
v -0.071214214 1.587488 0.25312412
v -0.05242375 1.6000247 0.25399885
v -0.051329207 1.590947 0.28413588
v -0 1.613354 0.25399885
v -0.041632146 1.5781374 0.2745225
v -0 1.6049165 0.28413588
v -0.04081835 1.5713879 0.29692963
v 0.05242375 1.6000247 0.25399885
v -0.06789207 1.5844927 0.28799817
v -0.108114645 1.54067 0.23299098
v -0.063826956 1.5504717 0.24206068
v -0.102144346 1.5387746 0.2605841
v -0.06028354 1.5441983 0.27654707
v -0 1.5878674 0.27521506
v -0 1.5794299 0.3053521
v 0.041632146 1.5781374 0.2745225
v -0.10786364 1.5106485 0.2236132
v -0.07821106 1.522946 0.2281041
v 0.051329207 1.590947 0.28413588
v 0.04081835 1.5713879 0.29692963
v 0.06789207 1.5844927 0.28799817
v 0.071214214 1.587488 0.25312412
v 0.06277241 1.5465219 0.25547546
v 0.06028354 1.5441983 0.27654707
v 0.102144346 1.5387746 0.2605841
v 0.108114645 1.54067 0.23299098
v 0.07715652 1.5189962 0.24151887
v 0.10786364 1.5106485 0.2236132
v 0.18169804 0.26303077 -0.073692694
v 0.17757258 0.26769966 -0.064760625
v 0.14509267 0.2677248 -0.07740945
v 0.14484103 0.26305312 -0.08810325
v 0.11399146 0.26769343 -0.06986645
v 0.20291762 0.26302195 -0.04542555
v 0.19606163 0.267691 -0.039917722
v 0.10949555 0.26301375 -0.079781346
v 0.0960055 0.26769304 -0.04414997
v 0.20808321 0.2630218 -0.010464558
v 0.2005424 0.2676844 -0.009287955
v 0.08896278 0.26301995 -0.050268207
v 0.08976773 0.2676891 -0.009316034
v 0.20290416 0.26299155 0.02441349
v 0.19604841 0.26764306 0.02126064
v 0.08188401 0.2630249 -0.010495708
v 0.084563226 0.22782138 -0.013103096
v 0.09599657 0.26761532 0.025458055
v 0.088947415 0.2629449 0.029232673
v 0.11428663 0.26754022 0.05048305
v 0.091256894 0.22784223 -0.05126738
v 0.109980315 0.26288584 0.057755202
v 0.14552635 0.26670533 0.058408305
v 0.18159021 0.26262948 0.052515283
v 0.1774711 0.267304 0.04591199
v 0.14548232 0.26192844 0.06682903
v 0.09123342 0.22775868 0.02507438
v 0.11175158 0.22769968 0.052323613
v 0.14544706 0.2269213 0.061110105
v 0.17928539 0.22753803 0.047257762
v 0.14489193 0.18002562 0.05601255
v 0.11109017 0.17892997 0.045899414
v 0.19995952 0.22775069 0.020380946
v 0.17800544 0.17960134 0.040896274
v 0.08823026 0.17818144 0.020355301
v 0.14459455 0.1534436 0.06047425
v 0.10862063 0.15201882 0.046327543
v 0.20504077 0.22780564 -0.013076536
v 0.19930081 0.17852166 0.016255861
v 0.17889515 0.15263332 0.0399282
v 0.14422427 0.14281812 0.06875011
v 0.10469488 0.1292086 0.046058454
v 0.18592921 0.12794007 0.038687214
v 0.08624477 0.15224399 0.01976859
v 0.20063442 0.15259291 0.015789254
v 0.19997752 0.22783084 -0.046597894
v 0.20555009 0.17832854 -0.016864821
v 0.1966198 0.1783361 -0.0483864
v 0.17937377 0.22785212 -0.073507175
v 0.20653592 0.15238044 -0.017301837
v 0.20811161 0.12959327 0.014747756
v 0.17805316 0.17834564 -0.07416726
v 0.14450844 0.22787799 -0.08726677
v 0.1450546 0.17834766 -0.08935835
v 0.1109533 0.22784455 -0.07992314
v 0.112363346 0.17835076 -0.078379236
v 0.14401561 0.1294532 -0.09299417
v 0.17891295 0.1294557 -0.07741365
v 0.0916067 0.17834313 -0.052954745
v 0.19859321 0.12945521 -0.050313294
v 0.0839371 0.17832485 -0.018903796
v 0.08232093 0.15204749 -0.02068327
v 0.08869875 0.12945604 -0.054474212
v 0.10935599 0.12945451 -0.08176856
v 0.14255793 0.06424534 -0.10260717
v 0.08184203 0.12900425 0.019024543
v 0.18171859 0.06413018 -0.09365455
v 0.103498764 0.06418716 -0.09360815
v 0.079544544 0.12943794 -0.021139944
v 0.1422677 0.021336015 -0.10772684
v 0.08112076 0.06425119 -0.05888579
v 0.1007807 0.021265978 -0.0982144
v 0.20404312 0.06422449 -0.058895744
v 0.1837657 0.021225328 -0.098240554
v 0.14223664 0.004870945 -0.10945602
v 0.20883396 0.12945022 -0.018589644
v 0.06726015 0.06408693 0.015021463
v 0.06834193 0.064196244 -0.022820096
v 0.07706912 0.02134669 -0.06157312
v 0.07069244 0.063898705 0.041564524
v 0.06243851 0.02125563 0.01638557
v 0.09991929 0.00480401 -0.09978329
v 0.063539796 0.021307118 -0.023512598
v 0.07577659 0.004888536 -0.06252129
v 0.21875452 0.064122334 0.015010164
v 0.21650214 0.06423308 -0.022818897
v 0.21600436 0.06377282 0.041643567
v 0.20741959 0.021333696 -0.061576974
v 0.18456471 0.0047579953 -0.09980832
v 0.14223087 0.004201773 -0.06277117
v 0.06209161 0.0048438394 -0.0238094
v 0.22373414 0.02123894 0.016388047
v 0.22084543 0.0213492 -0.02351176
v 0.20868333 0.004878641 -0.06252407
v 0.06108167 0.0047922293 0.016774364
v 0.14216502 0.0027808037 -0.023916632
v 0.22231534 0.004891523 -0.023808274
v 0.14258966 0.0030927819 0.017030932
v 0.22515644 0.004783408 0.016776428
v 0.06012913 0.0044551115 0.045257002
v 0.14340912 0.0034041621 0.045350134
v 0.22713524 0.0043239812 0.0453152
v 0.22577958 0.020754954 0.04446612
v 0.22769715 0.0032235668 0.081295274
v 0.22036347 0.06239679 0.0757699
v 0.061388396 0.020895382 0.04439776
v 0.14346695 0.0029516513 0.08088353
v 0.22653274 0.019537717 0.07998945
v 0.065802135 0.06243637 0.07573053
v 0.059259348 0.0032830522 0.08126419
v 0.22967525 0.00031415437 0.13351947
v 0.06040839 0.019617707 0.07994153
v 0.14286797 0.0008546505 0.13278043
v 0.05662041 0.0004715105 0.13335976
v 0.2289602 0.015997687 0.13216642
v 0.2312604 -0.001948256 0.18930101
v 0.2242082 0.057946723 0.12960859
v 0.1424407 -0.0014072943 0.18909216
v 0.05737322 0.016212622 0.1319296
v 0.06119173 0.0582035 0.129211
v 0.054317374 -0.0019036726 0.18923
v 0.2311906 0.012564047 0.18886983
v 0.20546411 -0.0021593715 0.25857505
v 0.14216389 -0.0021593687 0.28044364
v 0.22693656 0.052983448 0.1858633
v 0.20546696 0.01189004 0.25857505
v 0.20095372 0.050499186 0.25204167
v 0.14216389 0.011890043 0.2810026
v 0.054472197 0.012633784 0.18874756
v 0.07886392 -0.0021593703 0.25857505
v 0.078862146 0.011890041 0.25857505
v 0.058049176 0.053218648 0.18537395
v 0.08331992 0.050499186 0.25204167
v 0.14216389 0.050368417 0.27032474
v 0.18357836 0.08228515 0.23855488
v 0.10086159 0.08230315 0.23840825
v 0.08744416 0.09420125 0.18194272
v 0.14235573 0.09179507 0.24360289
v 0.19717363 0.09417562 0.18226607
v 0.092289574 0.10494391 0.12444407
v 0.14262259 0.1109287 0.18186526
v 0.19332096 0.104623474 0.12532191
v 0.099584356 0.116650365 0.068436705
v 0.14322181 0.12545863 0.12317788
v 0.18728435 0.11653867 0.06869625
v 0.14378655 0.13447025 0.09048813
v -0.18169804 0.26303077 -0.073692694
v -0.14484103 0.26305312 -0.08810325
v -0.14509267 0.2677248 -0.07740945
v -0.17757258 0.26769966 -0.064760625
v -0.11399146 0.26769343 -0.06986645
v -0.20291762 0.26302195 -0.04542555
v -0.19606163 0.267691 -0.039917722
v -0.10949555 0.26301375 -0.079781346
v -0.0960055 0.26769304 -0.04414997
v -0.20808321 0.2630218 -0.010464558
v -0.2005424 0.2676844 -0.009287955
v -0.08896278 0.26301995 -0.050268207
v -0.08976773 0.2676891 -0.009316034
v -0.20290416 0.26299155 0.02441349
v -0.19604841 0.26764306 0.02126064
v -0.08188401 0.2630249 -0.010495708
v -0.084563226 0.22782138 -0.013103096
v -0.09599657 0.26761532 0.025458055
v -0.088947415 0.2629449 0.029232673
v -0.11428663 0.26754022 0.05048305
v -0.091256894 0.22784223 -0.05126738
v -0.109980315 0.26288584 0.057755202
v -0.14552635 0.26670533 0.058408305
v -0.18159021 0.26262948 0.052515283
v -0.1774711 0.267304 0.04591199
v -0.14548232 0.26192844 0.06682903
v -0.09123342 0.22775868 0.02507438
v -0.11175158 0.22769968 0.052323613
v -0.14544706 0.2269213 0.061110105
v -0.17928539 0.22753803 0.047257762
v -0.14489193 0.18002562 0.05601255
v -0.11109017 0.17892997 0.045899414
v -0.19995952 0.22775069 0.020380946
v -0.17800544 0.17960134 0.040896274
v -0.08823026 0.17818144 0.020355301
v -0.14459455 0.1534436 0.06047425
v -0.10862063 0.15201882 0.046327543
v -0.20504077 0.22780564 -0.013076536
v -0.19930081 0.17852166 0.016255861
v -0.17889515 0.15263332 0.0399282
v -0.14422427 0.14281812 0.06875011
v -0.10469488 0.1292086 0.046058454
v -0.18592921 0.12794007 0.038687214
v -0.08624477 0.15224399 0.01976859
v -0.20063442 0.15259291 0.015789254
v -0.19997752 0.22783084 -0.046597894
v -0.20555009 0.17832854 -0.016864821
v -0.1966198 0.1783361 -0.0483864
v -0.17937377 0.22785212 -0.073507175
v -0.20653592 0.15238044 -0.017301837
v -0.20811161 0.12959327 0.014747756
v -0.17805316 0.17834564 -0.07416726
v -0.14450844 0.22787799 -0.08726677
v -0.1450546 0.17834766 -0.08935835
v -0.1109533 0.22784455 -0.07992314
v -0.112363346 0.17835076 -0.078379236
v -0.14401561 0.1294532 -0.09299417
v -0.17891295 0.1294557 -0.07741365
v -0.0916067 0.17834313 -0.052954745
v -0.19859321 0.12945521 -0.050313294
v -0.0839371 0.17832485 -0.018903796
v -0.08232093 0.15204749 -0.02068327
v -0.08869875 0.12945604 -0.054474212
v -0.10935599 0.12945451 -0.08176856
v -0.14255793 0.06424534 -0.10260717
v -0.08184203 0.12900425 0.019024543
v -0.18171859 0.06413018 -0.09365455
v -0.103498764 0.06418716 -0.09360815
v -0.079544544 0.12943794 -0.021139944
v -0.1422677 0.021336015 -0.10772684
v -0.08112076 0.06425119 -0.05888579
v -0.1007807 0.021265978 -0.0982144
v -0.20404312 0.06422449 -0.058895744
v -0.1837657 0.021225328 -0.098240554
v -0.14223664 0.004870945 -0.10945602
v -0.20883396 0.12945022 -0.018589644
v -0.06726015 0.06408693 0.015021463
v -0.06834193 0.064196244 -0.022820096
v -0.07706912 0.02134669 -0.06157312
v -0.07069244 0.063898705 0.041564524
v -0.06243851 0.02125563 0.01638557
v -0.09991929 0.00480401 -0.09978329
v -0.063539796 0.021307118 -0.023512598
v -0.07577659 0.004888536 -0.06252129
v -0.21875452 0.064122334 0.015010164
v -0.21650214 0.06423308 -0.022818897
v -0.21600436 0.06377282 0.041643567
v -0.22373414 0.02123894 0.016388047
v -0.20741959 0.021333696 -0.061576974
v -0.18456471 0.0047579953 -0.09980832
v -0.14223087 0.004201773 -0.06277117
v -0.06209161 0.0048438394 -0.0238094
v -0.22084543 0.0213492 -0.02351176
v -0.20868333 0.004878641 -0.06252407
v -0.06108167 0.0047922293 0.016774364
v -0.14216502 0.0027808037 -0.023916632
v -0.22231534 0.004891523 -0.023808274
v -0.14258966 0.0030927819 0.017030932
v -0.22515644 0.004783408 0.016776428
v -0.06012913 0.0044551115 0.045257002
v -0.14340912 0.0034041621 0.045350134
v -0.22713524 0.0043239812 0.0453152
v -0.22577958 0.020754954 0.04446612
v -0.22769715 0.0032235668 0.081295274
v -0.22036347 0.06239679 0.0757699
v -0.061388396 0.020895382 0.04439776
v -0.14346695 0.0029516513 0.08088353
v -0.22653274 0.019537717 0.07998945
v -0.065802135 0.06243637 0.07573053
v -0.059259348 0.0032830522 0.08126419
v -0.22967525 0.00031415437 0.13351947
v -0.06040839 0.019617707 0.07994153
v -0.14286797 0.0008546505 0.13278043
v -0.05662041 0.0004715105 0.13335976
v -0.2289602 0.015997687 0.13216642
v -0.2312604 -0.001948256 0.18930101
v -0.2242082 0.057946723 0.12960859
v -0.1424407 -0.0014072943 0.18909216
v -0.05737322 0.016212622 0.1319296
v -0.06119173 0.0582035 0.129211
v -0.054317374 -0.0019036726 0.18923
v -0.2311906 0.012564047 0.18886983
v -0.20546411 -0.0021593715 0.25857505
v -0.14216389 -0.0021593687 0.28044364
v -0.22693656 0.052983448 0.1858633
v -0.20546696 0.01189004 0.25857505
v -0.20095372 0.050499186 0.25204167
v -0.14216389 0.011890043 0.2810026
v -0.054472197 0.012633784 0.18874756
v -0.07886392 -0.0021593703 0.25857505
v -0.078862146 0.011890041 0.25857505
v -0.058049176 0.053218648 0.18537395
v -0.08331992 0.050499186 0.25204167
v -0.14216389 0.050368417 0.27032474
v -0.18357836 0.08228515 0.23855488
v -0.10086159 0.08230315 0.23840825
v -0.08744416 0.09420125 0.18194272
v -0.14235573 0.09179507 0.24360289
v -0.19717363 0.09417562 0.18226607
v -0.092289574 0.10494391 0.12444407
v -0.14262259 0.1109287 0.18186526
v -0.19332096 0.104623474 0.12532191
v -0.099584356 0.116650365 0.068436705
v -0.14322181 0.12545863 0.12317788
v -0.18728435 0.11653867 0.06869625
v -0.14378655 0.13447025 0.09048813
v -0.29293126 1.8687469 0.42552906
v -0.2834647 1.8628693 0.4116001
v -0.35815817 1.8629136 0.35251737
v -0.37020534 1.8687842 0.36456454
v -0.2026494 1.8686649 0.4694688
v -0.41724107 1.8628691 0.2778239
v -0.19626418 1.8627642 0.45451263
v -0.43117005 1.8687468 0.28729042
v -0.10338267 1.8685951 0.49584815
v -0.46015355 1.8627641 0.19062334
v -0.10021189 1.8626735 0.480506
v -0.4751097 1.8686647 0.19700858
v 0.00032874473 1.8685622 0.50475025
v -0.4861469 1.8626734 0.094571084
v 0.00032874415 1.8626363 0.48921543
v -0.501489 1.8685951 0.09774185
v 0.10404015 1.8685952 0.49584815
v -0.49485633 1.8626362 -0.005969544
v 0.10086937 1.8626735 0.480506
v -0.510391 1.8685621 -0.005969549
v 0.20330688 1.8686649 0.4694689
v -0.4861469 1.8626734 -0.106510185
v 0.19692166 1.8627642 0.45451272
v -0.501489 1.868595 -0.10968096
v 0.29358873 1.8687469 0.42552912
v -0.46015352 1.8627641 -0.20256245
v 0.28412217 1.8628693 0.4116002
v -0.47510976 1.8686647 -0.20894767
v 0.3708628 1.8687842 0.3645645
v -0.41724104 1.8628691 -0.28976288
v 0.35881564 1.8629136 0.35251728
v -0.43117002 1.8687468 -0.2992295
v 0.43182743 1.8687468 0.28729042
v -0.3581582 1.8629136 -0.3644564
v 0.41789848 1.8628691 0.27782387
v -0.37020534 1.8687841 -0.3765035
v 0.47576725 1.8686647 0.19700858
v -0.2834647 1.862869 -0.42353922
v 0.460811 1.8627641 0.19062336
v -0.29293123 1.8687466 -0.4374682
v 0.5021466 1.868595 0.097741865
v -0.19626419 1.862764 -0.4664518
v 0.48680452 1.8626734 0.094571106
v -0.20264941 1.8686646 -0.481408
v 0.5110487 1.868562 -0.0059695486
v -0.100211926 1.8626733 -0.49244526
v 0.495514 1.8626362 -0.0059695435
v -0.10338269 1.868595 -0.5077872
v 0.5021466 1.8685951 -0.10968096
v 0.0003287371 1.8626361 -0.5011547
v 0.48680452 1.8626734 -0.1065102
v 0.00032873746 1.8685619 -0.51668936
v 0.47576725 1.8686647 -0.20894769
v 0.1008694 1.8626733 -0.49244532
v 0.46081108 1.8627641 -0.20256247
v 0.104040176 1.8685949 -0.5077872
v 0.4318275 1.8687468 -0.2992295
v 0.19692168 1.862764 -0.4664518
v 0.4178985 1.8628691 -0.28976288
v 0.2033069 1.8686646 -0.4814079
v 0.37086272 1.8687841 -0.3765036
v 0.28412214 1.862869 -0.42353922
v 0.35881564 1.8629136 -0.3644564
v 0.2935887 1.8687466 -0.43746817
v 0.021208214 2.1460316 -0.010644984
v 0.025779683 2.1607594 -0.01166725
v 0.02430691 2.1607304 -0.016913729
v 0.020000035 2.1460078 -0.014948896
v 0.021832833 2.1460528 -0.0059771705
v 0.022236096 2.160705 -0.021467682
v 0.018301258 2.145987 -0.0186847
v 0.019494066 2.1606932 -0.025137084
v 0.016051853 2.1459773 -0.021694869
v 0.026541095 2.1607857 -0.005977173
v 0.021208214 2.1460316 -0.0013093551
v -0.021567777 2.160705 -0.021467673
v 0.015824663 2.160705 -0.027879104
v 0.013041684 2.145987 -0.023944266
v 0.025779683 2.1607594 -0.00028709508
v 0.020000035 2.1460078 0.0029945527
v -0.018825756 2.1606932 -0.025137084
v 0.011270713 2.1607304 -0.029949928
v 0.009305884 2.1460078 -0.02564305
v 0.02430691 2.1607304 0.0049593784
v 0.01830125 2.145987 0.006730356
v -0.015156354 2.160705 -0.027879104
v 0.0060242387 2.1607594 -0.03142269
v 0.005001975 2.1460316 -0.026851222
v 0.022236086 2.160705 0.009513332
v 0.016051853 2.1459773 0.009740525
v 0.019494066 2.1606932 0.013182735
v 0.013041684 2.145987 0.01198993
v -0.021567777 2.160705 0.009513341
v -0.023638593 2.1607304 0.0049593784
v -0.0106024 2.1607304 -0.029949928
v 0.00033415924 2.1607857 -0.0321841
v 0.00033415866 2.1460528 -0.027475841
v -0.005355919 2.1607594 -0.031422697
v -0.004333657 2.1460316 -0.02685123
v -0.008637571 2.1460078 -0.02564305
v -0.012373375 2.145987 -0.023944266
v -0.015383543 2.1459773 -0.021694869
v -0.01763294 2.145987 -0.018684693
v -0.023638602 2.1607304 -0.016913729
v -0.019331725 2.1460078 -0.014948896
v -0.025111364 2.1607594 -0.01166725
v -0.020539897 2.1460316 -0.010644984
v -0.025872778 2.1607857 -0.0059771733
v -0.021164516 2.1460528 -0.005977171
v -0.025111364 2.1607594 -0.00028709508
v -0.020539897 2.1460316 -0.0013093551
v -0.019331718 2.1460078 0.0029945527
v -0.01763294 2.145987 0.0067303632
v -0.018825756 2.1606932 0.013182735
v -0.015383543 2.1459773 0.009740525
v -0.015156354 2.160705 0.015924755
v -0.012373375 2.145987 0.011989922
v 0.015824663 2.160705 0.015924765
v 0.009305884 2.1460078 0.013688707
v -0.0106024 2.1607304 0.017995577
v -0.008637571 2.1460078 0.013688707
v 0.011270713 2.1607304 0.017995577
v 0.0050019734 2.1460316 0.0148968855
v -0.005355919 2.1607594 0.019468341
v -0.004333657 2.1460316 0.014896878
v 0.006024237 2.1607594 0.01946835
v 0.00033415787 2.1460528 0.015521505
v 0.00033415828 2.1607857 0.020229762
v 0.04260571 1.0257711 0.15890537
v 0.072397634 1.0263292 0.15643598
v 0.07195542 1.0487305 0.15622549
v 0.07300053 1.0270978 0.16172902
v 0.07255831 1.0494994 0.16151899
v 0.043208603 1.0265399 0.16420299
v 0.04241134 1.0481611 0.15880886
v 0.043014232 1.0489298 0.16410603
v 0.14349064 1.0265512 0.12593238
v 0.1629844 1.0271251 0.102857
v 0.16033523 1.0495534 0.10388863
v 0.16704538 1.0278913 0.10654626
v 0.16439624 1.050318 0.10761886
v 0.14755164 1.02732 0.12957276
v 0.1412764 1.0489448 0.12733558
v 0.1453374 1.0497124 0.13100927
v 0.16504183 1.0291528 -0.05137441
v 0.14171523 1.0296165 -0.0723671
v 0.13998592 1.0522197 -0.06938845
v 0.14503583 1.030486 -0.07686377
v 0.1433065 1.0530899 -0.07398619
v 0.16836241 1.030023 -0.05593224
v 0.16340147 1.051765 -0.047992025
v 0.16672206 1.0526356 -0.05266424
v 0.07350782 1.0244578 -0.10291752
v 0.04412038 1.0249681 -0.10919272
v 0.04420417 1.0475013 -0.106841065
v 0.045144908 1.0258356 -0.11455113
v 0.04522868 1.0483688 -0.11232294
v 0.07453234 1.0253247 -0.1083528
v 0.073467925 1.0470047 -0.100984015
v 0.07449244 1.0478702 -0.10654547
v -0.04260571 1.0257711 0.15890537
v -0.07195542 1.0487305 0.15622549
v -0.072397634 1.0263292 0.15643598
v -0.07300053 1.0270978 0.16172902
v -0.07255831 1.0494994 0.16151899
v -0.043208603 1.0265399 0.16420299
v -0.04241134 1.0481611 0.15880886
v -0.043014232 1.0489298 0.16410603
v -0.14349064 1.0265512 0.12593238
v -0.16033523 1.0495534 0.10388863
v -0.1629844 1.0271251 0.102857
v -0.16704538 1.0278913 0.10654626
v -0.16439624 1.050318 0.10761886
v -0.14755164 1.02732 0.12957276
v -0.1412764 1.0489448 0.12733558
v -0.1453374 1.0497124 0.13100927
v -0.16504183 1.0291528 -0.05137441
v -0.13998592 1.0522197 -0.06938845
v -0.14171523 1.0296165 -0.0723671
v -0.14503583 1.030486 -0.07686377
v -0.1433065 1.0530899 -0.07398619
v -0.16836241 1.030023 -0.05593224
v -0.16340147 1.051765 -0.047992025
v -0.16672206 1.0526356 -0.05266424
v -0.07350782 1.0244578 -0.10291752
v -0.04420417 1.0475013 -0.106841065
v -0.04412038 1.0249681 -0.10919272
v -0.045144908 1.0258356 -0.11455113
v -0.04522868 1.0483688 -0.11232294
v -0.07453234 1.0253247 -0.1083528
v -0.073467925 1.0470047 -0.100984015
v -0.07449244 1.0478702 -0.10654547
v 0.017214667 1.4918796 0.25853005
v -0.017191643 1.499605 0.22893432
v 0.017191643 1.499605 0.22893432
v 0.027489236 1.4729756 0.26229298
v 0.027452474 1.480701 0.23269728
v -0.017214667 1.4918796 0.25853005
v -0.027489236 1.4729756 0.26229298
v -0.027452474 1.480701 0.23269728
v 0.09565701 1.4895608 0.21122655
v -0.07575257 1.4811233 0.24133159
v -0.09565701 1.4895608 0.21122655
v -0.01716701 1.4287775 0.19410497
v 0.09554572 1.4376274 0.1737456
v 0.01716701 1.4287775 0.19410497
v 0.022471983 1.4261441 0.27341214
v -0.022471983 1.4261441 0.27341214
v 0.07575257 1.4811233 0.24133159
v 0.073238336 1.4346888 0.25542557
v -0.017000454 1.3391284 0.23370996
v 0.017000454 1.3391284 0.23370996
v -0.042438447 1.3472801 0.23281243
v -0.09554572 1.4376274 0.1737456
v -0.016970837 1.3505132 0.28245288
v 0.016970837 1.3505132 0.28245288
v 0.042323515 1.3565922 0.27266458
v -0.073238336 1.4346888 0.25542557
v 0.042438447 1.3472801 0.23281243
v -0.042323515 1.3565922 0.27266458
v -0.069547094 1.3787074 0.23505926
v -0.06665206 1.3836066 0.24824812
v -0.09994721 1.442025 0.1889567
v -0.09082474 1.4374341 0.23333102
v -0.10174258 1.4735373 0.22426966
v -0.107569225 1.4754326 0.21298692
v -0.08127291 1.5170867 0.2251332
v -0.10782023 1.5054543 0.2219907
v 0.09994721 1.442025 0.1889567
v 0.069547094 1.3787074 0.23505926
v 0.06665206 1.3836066 0.24824812
v 0.09082474 1.4374341 0.23333102
v 0.107569225 1.4754326 0.21298692
v 0.10174258 1.4735373 0.22426966
v 0.08127291 1.5170867 0.2251332
v 0.10782023 1.5054543 0.2219907
v 0.19292231 1.6515917 0.17987125
v 0.14748746 1.762007 0.21690719
v 0.1937387 1.7538452 0.17229858
v 0.14480527 1.6497438 0.2292871
v 0.17761041 1.5578294 0.1732561
v 0.09703002 1.7709256 0.24014401
v 0.13436912 1.5477276 0.21604642
v 0.16014545 1.4992578 0.15735233
v 0.12588331 1.4770509 0.17651105
v 0.0948438 1.6487191 0.25418147
v 0.04776758 1.775468 0.25156173
v 0.08835367 1.5381076 0.23783535
v 0.08322876 1.4598403 0.1899558
v 0.04663715 1.648283 0.26608434
v -0 1.7765483 0.2563864
v 0.043562997 1.5332313 0.24804123
v 0.041019306 1.4518971 0.19682515
v -0 1.6481686 0.27097252
v -0 1.5319853 0.25215602
v -0 1.4499726 0.198786
v -0.041019306 1.4518971 0.19682515
v -0.043562997 1.5332313 0.24804123
v -0.08322876 1.4598403 0.1899558
v -0.04663715 1.648283 0.26608434
v -0.04776758 1.775468 0.25156173
v -0.08835367 1.5381076 0.23783535
v -0.12588331 1.4770509 0.17651105
v -0.0948438 1.6487191 0.25418147
v -0.09703002 1.7709256 0.24014401
v -0.13436912 1.5477276 0.21604642
v -0.16014545 1.4992578 0.15735233
v -0.17761041 1.5578294 0.1732561
v -0.14480527 1.6497438 0.2292871
v -0.14748746 1.762007 0.21690719
v -0.19292231 1.6515917 0.17987125
v -0.1937387 1.7538452 0.17229858
v 0.03193834 1.3438046 0.09567941
v -0 1.3212957 0.11647792
v -0 1.3435154 0.09629994
v -0.03193834 1.3438046 0.09567941
v -0 1.3605967 0.0811114
v 0.029219376 1.3602009 0.079764634
v 0.0598802 1.3603828 0.071951374
v -0.029219376 1.3602009 0.079764634
v -0.0598802 1.3603828 0.071951374
v 0.053806998 1.3737885 0.057140794
v 0.077207886 1.3738099 0.042633973
v -0 1.3746078 0.072132535
v -0.053806998 1.3737885 0.057140794
v -0.077207886 1.3738099 0.042633973
v 0.028396105 1.374517 0.0680712
v -0 1.3903658 0.0640489
v -0.028396105 1.374517 0.0680712
v 0.048286464 1.3903261 0.052643638
v -0.048286464 1.3903261 0.052643638
v 0.026080292 1.390329 0.061623324
v 0.06642226 1.3904221 0.036762923
v 0.08329714 1.3814161 0.017573407
v 0.0450983 1.4232492 0.05010131
v 0.078169 1.3905258 0.015870787
v 0.085566774 1.3878574 -0.006296633
v 0.059413154 1.4233117 0.035253294
v -0.06642226 1.3904221 0.036762923
v -0.08329714 1.3814161 0.017573407
v 0.025104836 1.423218 0.05915251
v 0.07008863 1.423434 0.016041305
v -0.078169 1.3905258 0.015870787
v -0.085566774 1.3878574 -0.006296633
v 0.055341072 1.4617844 0.031350646
v 0.038629614 1.4616492 0.044808313
v 0.065290846 1.461973 0.014042042
v 0.020018779 1.4615871 0.053239107
v 0.06992338 1.4619004 -0.0032442333
v -0 1.4225992 0.059822477
v -0 1.4616239 0.054203086
v -0.020018779 1.4615871 0.053239107
v 0.07492939 1.4233364 -0.0030751522
v 0.06959492 1.4616804 -0.020548569
v -0.025104836 1.423218 0.05915251
v -0.038629614 1.4616492 0.044808313
v 0.074559845 1.4231359 -0.022419235
v 0.08411369 1.3903472 -0.024728822
v 0.064342864 1.461471 -0.036995076
v 0.06839166 1.4229696 -0.04017183
v 0.07640456 1.3913032 -0.04477364
v 0.05380916 1.4612775 -0.05243078
v 0.056434747 1.4228461 -0.055823125
v 0.06268501 1.3914865 -0.060472444
v 0.03708048 1.461143 -0.06404285
v 0.0382361 1.422802 -0.06617942
v 0.041864626 1.3899273 -0.071229
v 0.0191169 1.4610873 -0.071956195
v 0.02121521 1.3899717 -0.075962
v 0.019364225 1.4228004 -0.07225215
v -0 1.4611162 -0.07511135
v -0 1.3900461 -0.07842414
v -0 1.4228271 -0.07501966
v -0.019364225 1.4228004 -0.07225215
v -0.0191169 1.4610873 -0.071956195
v -0.02121521 1.3899717 -0.075962
v -0.0382361 1.422802 -0.06617942
v -0.041864626 1.3899273 -0.071229
v -0.03708048 1.461143 -0.06404285
v -0.06268501 1.3914865 -0.060472444
v -0.056434747 1.4228461 -0.055823125
v -0.05380916 1.4612775 -0.05243078
v -0.07640456 1.3913032 -0.04477364
v -0.06839166 1.4229696 -0.04017183
v -0.064342864 1.461471 -0.036995076
v -0.08411369 1.3903472 -0.024728822
v -0.074559845 1.4231359 -0.022419235
v -0.06959492 1.4616804 -0.020548569
v -0.07492939 1.4233364 -0.0030751522
v -0.06992338 1.4619004 -0.0032442333
v -0.07008863 1.423434 0.016041305
v -0.065290846 1.461973 0.014042042
v -0.059413154 1.4233117 0.035253294
v -0.055341072 1.4617844 0.031350646
v -0.0450983 1.4232492 0.05010131
v -0.026080292 1.390329 0.061623324
v 0.8521048 1.2849102 0.01093099
v 0.85475844 1.2641163 0.0445649
v 0.8405233 1.2661998 0.040666845
v 0.8354725 1.2302034 0.04050328
v 0.8773659 1.2831465 0.010944428
v 0.85219455 1.2843136 -0.045805044
v 0.8476916 1.2261751 0.04367258
v 0.8423948 1.2152042 0.012345532
v 0.8293552 1.2176474 0.012425866
v 0.83974177 1.210509 -0.02074863
v 0.8291699 1.2102988 -0.020087682
v 0.82901293 1.2157105 -0.049428634
v 0.84095377 1.213945 -0.050336603
v 0.83598536 1.2304199 -0.068011224
v 0.8754521 1.2130798 -0.056114122
v 0.84825057 1.2271272 -0.070003815
v 0.85470146 1.2623898 -0.073064245
v 0.84014094 1.2641981 -0.0704857
v 0.87488526 1.208268 -0.021511318
v 0.8756313 1.2223883 -0.082218505
v 0.9005931 1.2179639 -0.09000394
v 0.87788767 1.2833215 -0.048085667
v 0.8757357 1.2520247 -0.08222289
v 0.87726945 1.2694511 -0.07128007
v 0.90074164 1.2493583 -0.0900082
v 0.90282565 1.27391 -0.066595085
v 0.90531296 1.210891 -0.060363594
v 0.9077479 1.2848487 -0.02506758
v 0.9034824 1.2724307 0.046436317
v 0.95422137 1.2734741 0.039524138
v 0.91929305 1.2493016 -0.089952596
v 0.9528585 1.2840966 -0.023954246
v 0.87701374 1.2674391 0.043027394
v 0.8708239 1.2466925 0.06401058
v 0.94689345 1.2721506 -0.0684018
v 0.8866114 1.238177 0.07928043
v 0.93813956 1.2225586 -0.09189109
v 0.94106436 1.2501498 -0.09241257
v 0.93777275 1.2133248 -0.06419232
v 0.90943354 1.2039324 -0.023005653
v 0.912343 1.1885267 0.008638763
v 0.94206506 1.2124858 -0.022622004
v 0.9545065 1.2178532 -0.0646213
v 0.87453115 1.2010111 0.00877844
v 0.8642712 1.1997138 0.023357937
v 0.89853626 1.1882652 0.024242114
v 0.86715406 1.2203127 0.05467953
v 0.88693196 1.1930013 0.04347553
v 0.8825119 1.2130493 0.069145784
v 0.91447306 1.1899472 0.037005555
v 0.90482813 1.1944075 0.05695639
v 0.89940923 1.2099221 0.08155065
v 0.90360004 1.2333364 0.09401602
v 0.9304296 1.1986489 0.023509495
v 0.9541715 1.1986384 0.062438868
v 0.9456152 1.2076615 0.021170702
v 0.93902665 1.1946007 0.07918764
v 0.96171373 1.210212 0.049932882
v 0.97391176 1.2225853 0.049852453
v 0.96556616 1.2133068 0.017841619
v 0.96263534 1.2013304 0.07196919
v 0.9598497 1.2159535 -0.022112712
v 0.9693515 1.2144825 0.0636361
v 0.9810547 1.2065388 0.08303541
v 0.9497457 1.1947097 0.08596784
v 0.9266164 1.2062899 0.096188255
v 0.9400098 1.2041793 0.10494356
v 0.9251446 1.2274947 0.106568106
v 0.9399496 1.2249774 0.114459984
v 0.9186199 1.2630897 0.07283573
v 0.9395302 1.2538966 0.08787306
v 0.92588794 1.2687759 0.056303646
v 0.9398143 1.2622979 0.059078082
v 0.9566329 1.2506495 0.061501034
v 0.9602077 1.201374 0.11893482
v 0.959288 1.221296 0.12525156
v 0.955085 1.2480534 0.09807553
v 0.96731865 1.2416109 0.06996302
v 0.9713707 1.2464734 0.058641255
v 0.9715816 1.1931349 0.09908073
v 0.9887857 1.1886928 0.10997091
v 0.9797272 1.1989114 0.12917039
v 0.97206366 1.2738663 0.040849794
v 0.97048944 1.2846457 -0.02300954
v 0.96561736 1.2730542 -0.06924234
v 0.95825577 1.2532781 -0.09347668
v 0.9548446 1.2272607 -0.09309137
v 0.9712404 1.2223817 -0.06505029
v 0.98504186 1.2474369 0.05661493
v 0.9899061 1.2742585 0.042175464
v 0.98812026 1.2851948 -0.022064824
v 0.9843413 1.2739581 -0.070082866
v 0.9754473 1.2564064 -0.09454079
v 0.97154975 1.2319628 -0.09429165
v 1.0051155 1.2603097 -0.09366497
v 1.009268 1.2392272 -0.093578465
v 0.98326653 1.232996 0.08627531
v 0.9850452 1.2280241 0.048111297
v 0.9717423 1.2431396 0.10926974
v 0.9793351 1.219196 0.13655007
v 0.99410003 1.2391167 0.12001095
v 1.0177784 1.227644 0.10738152
v 0.9808551 1.2188152 0.016675625
v 1.0131797 1.203906 0.10421772
v 1.0031065 1.1868881 0.11834847
v 0.99475515 1.1973062 0.1370602
v 0.995258 1.217198 0.14435756
v 0.9749312 1.2195483 -0.022421237
v 1.0120082 1.2309009 -0.063766435
v 1.0131646 1.2285455 -0.021160975
v 1.0090297 1.2363185 0.1284088
v 1.0153883 1.2288195 0.014604545
v 1.0178374 1.2334534 0.046507724
v 1.0147165 1.2493004 0.054506738
v 1.0155706 1.2742616 0.04102121
v 1.0119712 1.2852505 -0.021584094
v 1.0244169 1.2742625 0.040623363
v 1.0078846 1.2746181 -0.068903245
v 1.0222116 1.2852744 -0.021377672
v 1.0192637 1.2604051 -0.09359862
v 1.019402 1.2749413 -0.06832617
v 1.0220337 1.2393665 -0.0935066
v 1.0431406 1.2605389 -0.09350547
v 1.0237509 1.2310871 -0.063653745
v 1.063486 1.2398964 -0.0932329
v 1.0244998 1.2288188 -0.02104046
v 1.0624354 1.2317953 -0.063224584
v 1.0260283 1.2292074 0.014632127
v 1.0623432 1.2298586 -0.020581454
v 1.0278807 1.2339168 0.046421677
v 1.0634403 1.2306855 0.014737203
v 1.0258456 1.2495981 0.054171216
v 1.0408496 1.274264 0.040064733
v 1.0454837 1.2500163 0.05370011
v 1.0406013 1.2853078 -0.021087855
v 1.0670911 1.2356814 0.046093967
v 1.0640905 1.2742697 0.03795399
v 1.039585 1.2753946 -0.06751589
v 1.067144 1.2507325 0.052893467
v 1.0643827 1.2854209 -0.020110963
v 1.0626559 1.2607682 -0.09334599
v 1.0620505 1.2768309 -0.06494893
v 1.0802838 1.2315252 0.01420136
v 1.097226 1.2359452 0.040808126
v 1.0978311 1.2513552 0.049616847
v 1.097521 1.2737575 0.03580232
v 1.0980326 1.2843186 -0.020215057
v 1.0959357 1.276213 -0.06334397
v 1.0938579 1.2605927 -0.09114799
v 1.0772641 1.2306297 -0.020597579
v 1.0942266 1.2392851 -0.088674806
v 1.0795956 1.2324632 -0.062676154
v 1.1072847 1.2335494 -0.061947547
v 1.1106981 1.2317989 -0.02115865
v 1.109502 1.232636 0.012623363
v 1.1398104 1.2721703 -0.021692827
v 1.1324457 1.2662926 -0.05897228
v 1.1200093 1.2595931 -0.08463335
v 1.1186061 1.2426164 -0.08493908
v 1.1393994 1.2565863 -0.06061143
v 1.1316239 1.2365927 -0.059688874
v 1.1430947 1.2354097 -0.022362536
v 1.1508693 1.2524474 -0.022301242
v 1.1384681 1.2341449 0.0072859777
v 1.1420695 1.252002 0.015123872
v 1.1303376 1.2374051 0.032965757
v 1.1276394 1.251549 0.038903754
v 1.1334106 1.2651184 0.023584383
v -0.8521048 1.2849102 0.01093099
v -0.8405233 1.2661998 0.040666845
v -0.85475844 1.2641163 0.0445649
v -0.8354725 1.2302034 0.04050328
v -0.8773659 1.2831465 0.010944428
v -0.85219455 1.2843136 -0.045805044
v -0.8476916 1.2261751 0.04367258
v -0.8423948 1.2152042 0.012345532
v -0.8293552 1.2176474 0.012425866
v -0.83974177 1.210509 -0.02074863
v -0.8291699 1.2102988 -0.020087682
v -0.82901293 1.2157105 -0.049428634
v -0.84095377 1.213945 -0.050336603
v -0.83598536 1.2304199 -0.068011224
v -0.8754521 1.2130798 -0.056114122
v -0.84825057 1.2271272 -0.070003815
v -0.85470146 1.2623898 -0.073064245
v -0.84014094 1.2641981 -0.0704857
v -0.87488526 1.208268 -0.021511318
v -0.8756313 1.2223883 -0.082218505
v -0.9005931 1.2179639 -0.09000394
v -0.87788767 1.2833215 -0.048085667
v -0.8757357 1.2520247 -0.08222289
v -0.87726945 1.2694511 -0.07128007
v -0.90074164 1.2493583 -0.0900082
v -0.90282565 1.27391 -0.066595085
v -0.90531296 1.210891 -0.060363594
v -0.9077479 1.2848487 -0.02506758
v -0.9034824 1.2724307 0.046436317
v -0.95422137 1.2734741 0.039524138
v -0.91929305 1.2493016 -0.089952596
v -0.9528585 1.2840966 -0.023954246
v -0.87701374 1.2674391 0.043027394
v -0.8708239 1.2466925 0.06401058
v -0.94689345 1.2721506 -0.0684018
v -0.8866114 1.238177 0.07928043
v -0.93813956 1.2225586 -0.09189109
v -0.94106436 1.2501498 -0.09241257
v -0.93777275 1.2133248 -0.06419232
v -0.90943354 1.2039324 -0.023005653
v -0.912343 1.1885267 0.008638763
v -0.94206506 1.2124858 -0.022622004
v -0.9545065 1.2178532 -0.0646213
v -0.87453115 1.2010111 0.00877844
v -0.8642712 1.1997138 0.023357937
v -0.89853626 1.1882652 0.024242114
v -0.86715406 1.2203127 0.05467953
v -0.88693196 1.1930013 0.04347553
v -0.8825119 1.2130493 0.069145784
v -0.91447306 1.1899472 0.037005555
v -0.90482813 1.1944075 0.05695639
v -0.89940923 1.2099221 0.08155065
v -0.90360004 1.2333364 0.09401602
v -0.9304296 1.1986489 0.023509495
v -0.9541715 1.1986384 0.062438868
v -0.9456152 1.2076615 0.021170702
v -0.93902665 1.1946007 0.07918764
v -0.96171373 1.210212 0.049932882
v -0.97391176 1.2225853 0.049852453
v -0.96556616 1.2133068 0.017841619
v -0.96263534 1.2013304 0.07196919
v -0.9598497 1.2159535 -0.022112712
v -0.9693515 1.2144825 0.0636361
v -0.9810547 1.2065388 0.08303541
v -0.9497457 1.1947097 0.08596784
v -0.9266164 1.2062899 0.096188255
v -0.9400098 1.2041793 0.10494356
v -0.9251446 1.2274947 0.106568106
v -0.9399496 1.2249774 0.114459984
v -0.9186199 1.2630897 0.07283573
v -0.9395302 1.2538966 0.08787306
v -0.92588794 1.2687759 0.056303646
v -0.9398143 1.2622979 0.059078082
v -0.9566329 1.2506495 0.061501034
v -0.9602077 1.201374 0.11893482
v -0.959288 1.221296 0.12525156
v -0.955085 1.2480534 0.09807553
v -0.96731865 1.2416109 0.06996302
v -0.9713707 1.2464734 0.058641255
v -0.9715816 1.1931349 0.09908073
v -0.9887857 1.1886928 0.10997091
v -0.9797272 1.1989114 0.12917039
v -0.97206366 1.2738663 0.040849794
v -0.97048944 1.2846457 -0.02300954
v -0.96561736 1.2730542 -0.06924234
v -0.95825577 1.2532781 -0.09347668
v -0.9548446 1.2272607 -0.09309137
v -0.9712404 1.2223817 -0.06505029
v -0.98504186 1.2474369 0.05661493
v -0.9899061 1.2742585 0.042175464
v -0.98812026 1.2851948 -0.022064824
v -0.9843413 1.2739581 -0.070082866
v -0.9754473 1.2564064 -0.09454079
v -0.97154975 1.2319628 -0.09429165
v -1.0051155 1.2603097 -0.09366497
v -1.009268 1.2392272 -0.093578465
v -0.98326653 1.232996 0.08627531
v -0.9850452 1.2280241 0.048111297
v -0.9717423 1.2431396 0.10926974
v -0.9793351 1.219196 0.13655007
v -0.99410003 1.2391167 0.12001095
v -1.0177784 1.227644 0.10738152
v -0.9808551 1.2188152 0.016675625
v -1.0131797 1.203906 0.10421772
v -1.0031065 1.1868881 0.11834847
v -0.99475515 1.1973062 0.1370602
v -0.995258 1.217198 0.14435756
v -0.9749312 1.2195483 -0.022421237
v -1.0120082 1.2309009 -0.063766435
v -1.0131646 1.2285455 -0.021160975
v -1.0090297 1.2363185 0.1284088
v -1.0153883 1.2288195 0.014604545
v -1.0178374 1.2334534 0.046507724
v -1.0147165 1.2493004 0.054506738
v -1.0155706 1.2742616 0.04102121
v -1.0119712 1.2852505 -0.021584094
v -1.0244169 1.2742625 0.040623363
v -1.0078846 1.2746181 -0.068903245
v -1.0222116 1.2852744 -0.021377672
v -1.0192637 1.2604051 -0.09359862
v -1.019402 1.2749413 -0.06832617
v -1.0220337 1.2393665 -0.0935066
v -1.0431406 1.2605389 -0.09350547
v -1.0237509 1.2310871 -0.063653745
v -1.063486 1.2398964 -0.0932329
v -1.0244998 1.2288188 -0.02104046
v -1.0624354 1.2317953 -0.063224584
v -1.0260283 1.2292074 0.014632127
v -1.0623432 1.2298586 -0.020581454
v -1.0278807 1.2339168 0.046421677
v -1.0634403 1.2306855 0.014737203
v -1.0258456 1.2495981 0.054171216
v -1.0408496 1.274264 0.040064733
v -1.0454837 1.2500163 0.05370011
v -1.0406013 1.2853078 -0.021087855
v -1.0670911 1.2356814 0.046093967
v -1.0640905 1.2742697 0.03795399
v -1.039585 1.2753946 -0.06751589
v -1.067144 1.2507325 0.052893467
v -1.0643827 1.2854209 -0.020110963
v -1.0626559 1.2607682 -0.09334599
v -1.0620505 1.2768309 -0.06494893
v -1.0802838 1.2315252 0.01420136
v -1.097226 1.2359452 0.040808126
v -1.0978311 1.2513552 0.049616847
v -1.097521 1.2737575 0.03580232
v -1.0980326 1.2843186 -0.020215057
v -1.0959357 1.276213 -0.06334397
v -1.0938579 1.2605927 -0.09114799
v -1.0772641 1.2306297 -0.020597579
v -1.0942266 1.2392851 -0.088674806
v -1.0795956 1.2324632 -0.062676154
v -1.1072847 1.2335494 -0.061947547
v -1.1106981 1.2317989 -0.02115865
v -1.109502 1.232636 0.012623363
v -1.1398104 1.2721703 -0.021692827
v -1.1324457 1.2662926 -0.05897228
v -1.1200093 1.2595931 -0.08463335
v -1.1186061 1.2426164 -0.08493908
v -1.1393994 1.2565863 -0.06061143
v -1.1316239 1.2365927 -0.059688874
v -1.1430947 1.2354097 -0.022362536
v -1.1508693 1.2524474 -0.022301242
v -1.1384681 1.2341449 0.0072859777
v -1.1420695 1.252002 0.015123872
v -1.1303376 1.2374051 0.032965757
v -1.1276394 1.251549 0.038903754
v -1.1334106 1.2651184 0.023584383
v 0.17613502 1.4892168 0.09656954
v 0.16014545 1.4992578 0.15735233
v 0.17761041 1.5578294 0.1732561
v 0.12588331 1.4770509 0.17651105
v 0.21175978 1.5596632 0.09902133
v 0.19292231 1.6515917 0.17987125
v 0.13145366 1.4470074 0.103771545
v 0.08322876 1.4598403 0.1899558
v 0.19090955 1.4920952 0.0049608173
v 0.23264149 1.6546247 0.09964503
v 0.1937387 1.7538452 0.17229858
v 0.08732149 1.4248106 0.111636624
v 0.041019306 1.4518971 0.19682515
v 0.23150139 1.5638225 0.0036126322
v 0.14333166 1.4476683 0.0027187732
v 0.044012025 1.4160538 0.11717563
v -0 1.4499726 0.198786
v 0.1928771 1.507362 -0.083393954
v 0.100423105 1.4254589 -0.0025127984
v 0.14630291 1.4695742 -0.09060383
v 0.2535572 1.6575334 0.0017574185
v 0.2282285 1.5711546 -0.08823237
v 0.18583712 1.526497 -0.139652
v 0.22979505 1.7582585 0.095991604
v -0 1.4141858 0.11796251
v 0.048762582 1.4171402 -0.004703112
v 0.095286034 1.4495316 -0.099652715
v 0.15012237 1.5096258 -0.15899791
v 0.2039279 1.5771985 -0.15826839
v 0.24729128 1.6571879 -0.09372615
v 0.24907936 1.7600805 -0.000437044
v -0.044012025 1.4160538 0.11717563
v -0.041019306 1.4518971 0.19682515
v -0.08732149 1.4248106 0.111636624
v -0.08322876 1.4598403 0.1899558
v -0.13145366 1.4470074 0.103771545
v -0.12588331 1.4770509 0.17651105
v -0.17613502 1.4892168 0.09656954
v -0.16014545 1.4992578 0.15735233
v -0.17761041 1.5578294 0.1732561
v -0.21175978 1.5596632 0.09902133
v -0.19292231 1.6515917 0.17987125
v -0.19090955 1.4920952 0.0049608173
v -0.14333166 1.4476683 0.0027187732
v -0.100423105 1.4254589 -0.0025127984
v -0.048762582 1.4171402 -0.004703112
v -0.23264149 1.6546247 0.09964503
v -0.1937387 1.7538452 0.17229858
v -0.23150139 1.5638225 0.0036126322
v -0.1928771 1.507362 -0.083393954
v -0.14630291 1.4695742 -0.09060383
v -0 1.4155934 -0.004658983
v -0.095286034 1.4495316 -0.099652715
v 0.046506573 1.4417834 -0.10517493
v -0.046506573 1.4417834 -0.10517493
v 0.10075605 1.4954844 -0.17553803
v -0 1.440378 -0.10753317
v 0.16110776 1.5718439 -0.2011614
v 0.049924072 1.4889483 -0.18569972
v 0.2169351 1.6563013 -0.17098662
v 0.10846411 1.564376 -0.22679515
v 0.2431571 1.7530646 -0.09496374
v 0.169826 1.6559718 -0.22198148
v 0.21543404 1.7457874 -0.16938958
v -0.049924072 1.4889483 -0.18569972
v -0 1.4876351 -0.19017906
v 0.054090884 1.560382 -0.24047092
v 0.114242256 1.6558473 -0.25112513
v 0.16985871 1.7531282 -0.21673384
v -0.10075605 1.4954844 -0.17553803
v -0.15012237 1.5096258 -0.15899791
v -0.18583712 1.526497 -0.139652
v -0.2282285 1.5711546 -0.08823237
v -0.2039279 1.5771985 -0.15826839
v -0.16110776 1.5718439 -0.2011614
v -0.10846411 1.564376 -0.22679515
v -0.2535572 1.6575334 0.0017574185
v -0.24729128 1.6571879 -0.09372615
v -0.2169351 1.6563013 -0.17098662
v -0.22979505 1.7582585 0.095991604
v -0.24907936 1.7600805 -0.000437044
v -0.054090884 1.560382 -0.24047092
v -0.169826 1.6559718 -0.22198148
v -0.2431571 1.7530646 -0.09496374
v -0 1.5594823 -0.24640489
v -0.114242256 1.6558473 -0.25112513
v -0.21543404 1.7457874 -0.16938958
v 0.0570407 1.6557391 -0.26645216
v -0.0570407 1.6557391 -0.26645216
v -0.16985871 1.7531282 -0.21673384
v 0.114265315 1.7626395 -0.24496743
v -0 1.655654 -0.27313957
v -0.114265315 1.7626395 -0.24496743
v 0.05696401 1.7675903 -0.26018095
v -0.05696401 1.7675903 -0.26018095
v -0 1.7686633 -0.26692182
v -0.20412111 1.8134894 -0.15609927
v -0.16563857 1.8392512 -0.18057859
v -0.21579632 1.8370967 -0.095283546
v -0.11088235 1.8610513 -0.20183858
v -0.21767911 1.8512392 -0.0035150948
v -0.16664526 1.8934927 -0.1068432
v -0.054716345 1.8713391 -0.21471466
v -0.20369628 1.8465555 0.09046883
v -0.178735 1.9150766 -0.007328448
v -0.11691705 1.9279125 -0.12865126
v -0.18498643 1.8270917 0.15427391
v -0.15619616 1.9043078 0.094562896
v -0.1475775 1.8542541 0.17445281
v -0.14748746 1.762007 0.21690719
v -0.10448872 1.951637 -0.011834505
v -0.051949695 1.9412761 -0.1279443
v -0.10037112 1.9372692 0.099610925
v -0.09747816 1.875449 0.18958028
v -0.09703002 1.7709256 0.24014401
v -0.04960646 1.9982717 -0.014534332
v -0 1.8736409 -0.22058105
v -0.04773005 1.8850949 0.19799528
v -0.04776758 1.775468 0.25156173
v -0.048169333 1.9511275 0.10288646
v -0 1.9445184 -0.13186833
v 0.054716345 1.8713391 -0.21471466
v -0 1.8873005 0.20167875
v -0 1.7765483 0.2563864
v 0.04776758 1.775468 0.25156173
v -0 2.0017967 -0.015805723
v -0 1.954277 0.10437371
v 0.04773005 1.8850949 0.19799528
v 0.09703002 1.7709256 0.24014401
v 0.051949695 1.9412761 -0.1279443
v 0.11088235 1.8610513 -0.20183858
v 0.04960646 1.9982717 -0.014534332
v 0.048169333 1.9511275 0.10288646
v 0.09747816 1.875449 0.18958028
v 0.14748746 1.762007 0.21690719
v 0.11691705 1.9279125 -0.12865126
v 0.16563857 1.8392512 -0.18057859
v 0.10448872 1.951637 -0.011834505
v 0.10037112 1.9372692 0.099610925
v 0.1475775 1.8542541 0.17445281
v 0.16664526 1.8934927 -0.1068432
v 0.20412111 1.8134894 -0.15609927
v 0.21579632 1.8370967 -0.095283546
v 0.21767911 1.8512392 -0.0035150948
v 0.178735 1.9150766 -0.007328448
v 0.20369628 1.8465555 0.09046883
v 0.15619616 1.9043078 0.094562896
v 0.18498643 1.8270917 0.15427391
v 1.0120196 1.2145872 0.1530287
v 1.0266345 1.2330507 0.13826105
v 1.0118673 1.1933637 0.14715827
v 1.0346048 1.2241063 0.11712046
v 1.0207841 1.18286 0.12825978
v 1.0301806 1.1999869 0.11295123
v 1.0255162 1.1947788 0.15245652
v 1.0250158 1.2100768 0.15636751
v 1.0384998 1.1875104 0.13861588
v 1.0417966 1.2220613 0.14552373
v 1.0435535 1.2019851 0.12222664
v 1.0447071 1.2175995 0.12627718
v -1.0120196 1.2145872 0.1530287
v -1.0266345 1.2330507 0.13826105
v -1.0118673 1.1933637 0.14715827
v -1.0346048 1.2241063 0.11712046
v -1.0207841 1.18286 0.12825978
v -1.0301806 1.1999869 0.11295123
v -1.0255162 1.1947788 0.15245652
v -1.0250158 1.2100768 0.15636751
v -1.0384998 1.1875104 0.13861588
v -1.0417966 1.2220613 0.14552373
v -1.0435535 1.2019851 0.12222664
v -1.0447071 1.2175995 0.12627718
vt 0.15307617 0.85546875
vt 0.15307617 0.85546875
vt 0.15307617 0.85546875
vt 0.15307617 0.85546875
vt 0.15307617 0.85546875
vt 0.15307617 0.85546875
vt 0.15307617 0.85546875
vt 0.15307617 0.85546875
vt 0.15307617 0.85546875
vt 0.15307617 0.85546875
vt 0.15307617 0.85546875
vt 0.15307617 0.85546875
vt 0.15307617 0.85546875
vt 0.15307617 0.85546875
vt 0.15307617 0.85546875
vt 0.15307617 0.85546875
vt 0.15307617 0.85546875
vt 0.15307617 0.85546875
vt 0.15307617 0.85546875
vt 0.15307617 0.85546875
vt 0.15307617 0.85546875
vt 0.15307617 0.85546875
vt 0.15307617 0.85546875
vt 0.15307617 0.85546875
vt 0.15307617 0.85546875
vt 0.15307617 0.85546875
vt 0.15307617 0.85546875
vt 0.15307617 0.85546875
vt 0.15307617 0.85546875
vt 0.15307617 0.85546875
vt 0.15307617 0.85546875
vt 0.15307617 0.85546875
vt 0.15307617 0.85546875
vt 0.15307617 0.85546875
vt 0.15307617 0.85546875
vt 0.15307617 0.85546875
vt 0.15307617 0.85546875
vt 0.15307617 0.85546875
vt 0.15307617 0.85546875
vt 0.15307617 0.85546875
vt 0.15307617 0.85546875
vt 0.15307617 0.85546875
vt 0.15307617 0.85546875
vt 0.15307617 0.85546875
vt 0.15307617 0.85546875
vt 0.15307617 0.85546875
vt 0.15307617 0.85546875
vt 0.15307617 0.85546875
vt 0.038635254 0.9589844
vt 0.038635254 0.9589844
vt 0.038635254 0.9589844
vt 0.038635254 0.9589844
vt 0.038635254 0.9589844
vt 0.038635254 0.9589844
vt 0.038635254 0.9589844
vt 0.038635254 0.9589844
vt 0.038635254 0.9589844
vt 0.038635254 0.9589844
vt 0.038635254 0.9589844
vt 0.038635254 0.9589844
vt 0.038635254 0.9589844
vt 0.038635254 0.9589844
vt 0.038635254 0.9589844
vt 0.038635254 0.9589844
vt 0.038635254 0.9589844
vt 0.038635254 0.9589844
vt 0.038635254 0.9589844
vt 0.038635254 0.9589844
vt 0.038635254 0.9589844
vt 0.038635254 0.9589844
vt 0.038635254 0.9589844
vt 0.038635254 0.9589844
vt 0.038635254 0.9589844
vt 0.038635254 0.9589844
vt 0.038635254 0.9589844
vt 0.038635254 0.9589844
vt 0.038635254 0.9589844
vt 0.038635254 0.9589844
vt 0.038635254 0.9589844
vt 0.038635254 0.9589844
vt 0.038635254 0.9589844
vt 0.038635254 0.9589844
vt 0.038635254 0.9589844
vt 0.038635254 0.9589844
vt 0.038635254 0.9589844
vt 0.038635254 0.9589844
vt 0.038635254 0.9589844
vt 0.038635254 0.9589844
vt 0.038635254 0.9589844
vt 0.038635254 0.9589844
vt 0.038635254 0.9589844
vt 0.038635254 0.9589844
vt 0.038635254 0.9589844
vt 0.038635254 0.9589844
vt 0.038635254 0.9589844
vt 0.038635254 0.9589844
vt 0.038635254 0.9589844
vt 0.038635254 0.9589844
vt 0.038635254 0.9589844
vt 0.038635254 0.9589844
vt 0.038635254 0.9589844
vt 0.038635254 0.9589844
vt 0.038635254 0.9589844
vt 0.038635254 0.9589844
vt 0.038635254 0.9589844
vt 0.038635254 0.9589844
vt 0.038635254 0.9589844
vt 0.038635254 0.9589844
vt 0.038635254 0.9589844
vt 0.038635254 0.9589844
vt 0.038635254 0.9589844
vt 0.038635254 0.9589844
vt 0.038635254 0.9589844
vt 0.038635254 0.9589844
vt 0.038635254 0.9589844
vt 0.038635254 0.9589844
vt 0.038635254 0.9589844
vt 0.038635254 0.9589844
vt 0.038635254 0.9589844
vt 0.038635254 0.9589844
vt 0.34643555 0.8496094
vt 0.34643555 0.8496094
vt 0.34643555 0.8496094
vt 0.34643555 0.8496094
vt 0.34643555 0.8496094
vt 0.34643555 0.8496094
vt 0.34643555 0.8496094
vt 0.34643555 0.8496094
vt 0.34643555 0.8496094
vt 0.34643555 0.8496094
vt 0.34643555 0.8496094
vt 0.34643555 0.8496094
vt 0.34643555 0.8496094
vt 0.34643555 0.8496094
vt 0.34643555 0.8496094
vt 0.34643555 0.8496094
vt 0.34643555 0.8496094
vt 0.34643555 0.8496094
vt 0.34643555 0.8496094
vt 0.34643555 0.8496094
vt 0.34643555 0.8496094
vt 0.34643555 0.8496094
vt 0.34643555 0.8496094
vt 0.34643555 0.8496094
vt 0.34643555 0.8496094
vt 0.34643555 0.8496094
vt 0.34643555 0.8496094
vt 0.34643555 0.8496094
vt 0.34643555 0.8496094
vt 0.34643555 0.8496094
vt 0.34643555 0.8496094
vt 0.34643555 0.8496094
vt 0.34643555 0.8496094
vt 0.34643555 0.8496094
vt 0.34643555 0.8496094
vt 0.34643555 0.8496094
vt 0.34643555 0.8496094
vt 0.34643555 0.8496094
vt 0.34643555 0.8496094
vt 0.34643555 0.8496094
vt 0.34643555 0.8496094
vt 0.34643555 0.8496094
vt 0.34643555 0.8496094
vt 0.34643555 0.8496094
vt 0.34643555 0.8496094
vt 0.34643555 0.8496094
vt 0.34643555 0.8496094
vt 0.34643555 0.8496094
vt 0.34643555 0.8496094
vt 0.34643555 0.8496094
vt 0.34643555 0.8496094
vt 0.34643555 0.8496094
vt 0.34643555 0.8496094
vt 0.34643555 0.8496094
vt 0.34643555 0.8496094
vt 0.34643555 0.8496094
vt 0.34643555 0.8496094
vt 0.34643555 0.8496094
vt 0.34643555 0.8496094
vt 0.34643555 0.8496094
vt 0.34643555 0.8496094
vt 0.34643555 0.8496094
vt 0.34643555 0.8496094
vt 0.34643555 0.8496094
vt 0.34643555 0.8496094
vt 0.34643555 0.8496094
vt 0.34643555 0.8496094
vt 0.34643555 0.8496094
vt 0.34643555 0.8496094
vt 0.34643555 0.8496094
vt 0.34643555 0.8496094
vt 0.34643555 0.8496094
vt 0.34643555 0.8496094
vt 0.34643555 0.8496094
vt 0.34643555 0.8496094
vt 0.34643555 0.8496094
vt 0.34643555 0.8496094
vt 0.34643555 0.8496094
vt 0.34643555 0.8496094
vt 0.34643555 0.8496094
vt 0.34643555 0.8496094
vt 0.34643555 0.8496094
vt 0.34643555 0.8496094
vt 0.34643555 0.8496094
vt 0.34643555 0.8496094
vt 0.34643555 0.8496094
vt 0.34643555 0.8496094
vt 0.34643555 0.8496094
vt 0.34643555 0.8496094
vt 0.34643555 0.8496094
vt 0.34643555 0.8496094
vt 0.34643555 0.8496094
vt 0.34643555 0.8496094
vt 0.34643555 0.8496094
vt 0.34643555 0.8496094
vt 0.34643555 0.8496094
vt 0.34643555 0.8496094
vt 0.34643555 0.8496094
vt 0.34643555 0.8496094
vt 0.34643555 0.8496094
vt 0.34643555 0.8496094
vt 0.34643555 0.8496094
vt 0.34643555 0.8496094
vt 0.34643555 0.8496094
vt 0.34643555 0.8496094
vt 0.34643555 0.8496094
vt 0.34643555 0.8496094
vt 0.34643555 0.8496094
vt 0.34643555 0.8496094
vt 0.34643555 0.8496094
vt 0.34643555 0.8496094
vt 0.34643555 0.8496094
vt 0.34643555 0.8496094
vt 0.34643555 0.8496094
vt 0.34643555 0.8496094
vt 0.34643555 0.8496094
vt 0.34643555 0.8496094
vt 0.34643555 0.8496094
vt 0.34643555 0.8496094
vt 0.34643555 0.8496094
vt 0.34643555 0.8496094
vt 0.34643555 0.8496094
vt 0.34643555 0.8496094
vt 0.34643555 0.8496094
vt 0.34643555 0.8496094
vt 0.34643555 0.8496094
vt 0.34643555 0.8496094
vt 0.34643555 0.8496094
vt 0.34643555 0.8496094
vt 0.34643555 0.8496094
vt 0.34643555 0.8496094
vt 0.34643555 0.8496094
vt 0.34643555 0.8496094
vt 0.34643555 0.8496094
vt 0.34643555 0.8496094
vt 0.34643555 0.8496094
vt 0.34643555 0.8496094
vt 0.34643555 0.8496094
vt 0.34643555 0.8496094
vt 0.34643555 0.8496094
vt 0.34643555 0.8496094
vt 0.34643555 0.8496094
vt 0.34643555 0.8496094
vt 0.34643555 0.8496094
vt 0.34643555 0.8496094
vt 0.34643555 0.8496094
vt 0.34643555 0.8496094
vt 0.34643555 0.8496094
vt 0.34643555 0.8496094
vt 0.34643555 0.8496094
vt 0.34643555 0.8496094
vt 0.34643555 0.8496094
vt 0.34643555 0.8496094
vt 0.34643555 0.8496094
vt 0.34643555 0.8496094
vt 0.34643555 0.8496094
vt 0.34643555 0.8496094
vt 0.34643555 0.8496094
vt 0.34643555 0.8496094
vt 0.34643555 0.8496094
vt 0.34643555 0.8496094
vt 0.34643555 0.8496094
vt 0.34643555 0.8496094
vt 0.34643555 0.8496094
vt 0.34643555 0.8496094
vt 0.34643555 0.8496094
vt 0.34643555 0.8496094
vt 0.34643555 0.8496094
vt 0.34643555 0.8496094
vt 0.34643555 0.8496094
vt 0.34643555 0.8496094
vt 0.34643555 0.8496094
vt 0.34643555 0.8496094
vt 0.34643555 0.8496094
vt 0.34643555 0.8496094
vt 0.34643555 0.8496094
vt 0.34643555 0.8496094
vt 0.34643555 0.8496094
vt 0.34643555 0.8496094
vt 0.34643555 0.8496094
vt 0.34643555 0.8496094
vt 0.34643555 0.8496094
vt 0.34643555 0.8496094
vt 0.34643555 0.8496094
vt 0.34643555 0.8496094
vt 0.34643555 0.8496094
vt 0.34643555 0.8496094
vt 0.34643555 0.8496094
vt 0.34643555 0.8496094
vt 0.34643555 0.8496094
vt 0.34643555 0.8496094
vt 0.34643555 0.8496094
vt 0.34643555 0.8496094
vt 0.34643555 0.8496094
vt 0.34643555 0.8496094
vt 0.34643555 0.8496094
vt 0.34643555 0.8496094
vt 0.34643555 0.8496094
vt 0.34643555 0.8496094
vt 0.34643555 0.8496094
vt 0.34643555 0.8496094
vt 0.34643555 0.8496094
vt 0.34643555 0.8496094
vt 0.34643555 0.8496094
vt 0.34643555 0.8496094
vt 0.34643555 0.8496094
vt 0.34643555 0.8496094
vt 0.34643555 0.8496094
vt 0.34643555 0.8496094
vt 0.34643555 0.8496094
vt 0.34643555 0.8496094
vt 0.34643555 0.8496094
vt 0.34643555 0.8496094
vt 0.34643555 0.8496094
vt 0.34643555 0.8496094
vt 0.34643555 0.8496094
vt 0.34643555 0.8496094
vt 0.34643555 0.8496094
vt 0.34643555 0.8496094
vt 0.34643555 0.8496094
vt 0.34643555 0.8496094
vt 0.34643555 0.8496094
vt 0.34643555 0.8496094
vt 0.34643555 0.8496094
vt 0.34643555 0.8496094
vt 0.34643555 0.8496094
vt 0.34643555 0.8496094
vt 0.34643555 0.8496094
vt 0.34643555 0.8496094
vt 0.34643555 0.8496094
vt 0.34643555 0.8496094
vt 0.34643555 0.8496094
vt 0.34643555 0.8496094
vt 0.34643555 0.8496094
vt 0.34643555 0.8496094
vt 0.34643555 0.8496094
vt 0.34643555 0.8496094
vt 0.34643555 0.8496094
vt 0.34643555 0.8496094
vt 0.34643555 0.8496094
vt 0.34643555 0.8496094
vt 0.34643555 0.8496094
vt 0.34643555 0.8496094
vt 0.34643555 0.8496094
vt 0.34643555 0.8496094
vt 0.34643555 0.8496094
vt 0.34643555 0.8496094
vt 0.34643555 0.8496094
vt 0.34643555 0.8496094
vt 0.34643555 0.8496094
vt 0.34643555 0.8496094
vt 0.34643555 0.8496094
vt 0.34643555 0.8496094
vt 0.34643555 0.8496094
vt 0.34643555 0.8496094
vt 0.34643555 0.8496094
vt 0.34643555 0.8496094
vt 0.34643555 0.8496094
vt 0.34643555 0.8496094
vt 0.34643555 0.8496094
vt 0.34643555 0.8496094
vt 0.34643555 0.8496094
vt 0.34643555 0.8496094
vt 0.34643555 0.8496094
vt 0.34643555 0.8496094
vt 0.34643555 0.8496094
vt 0.34643555 0.8496094
vt 0.34643555 0.8496094
vt 0.34643555 0.8496094
vt 0.34643555 0.8496094
vt 0.34643555 0.8496094
vt 0.34643555 0.8496094
vt 0.34643555 0.8496094
vt 0.34643555 0.8496094
vt 0.34643555 0.8496094
vt 0.34643555 0.8496094
vt 0.34643555 0.8496094
vt 0.34643555 0.8496094
vt 0.34643555 0.8496094
vt 0.34643555 0.8496094
vt 0.34643555 0.8496094
vt 0.34643555 0.8496094
vt 0.34643555 0.8496094
vt 0.34643555 0.8496094
vt 0.34643555 0.8496094
vt 0.34643555 0.8496094
vt 0.34643555 0.8496094
vt 0.34643555 0.8496094
vt 0.34643555 0.8496094
vt 0.34643555 0.8496094
vt 0.34643555 0.8496094
vt 0.34643555 0.8496094
vt 0.34643555 0.8496094
vt 0.34643555 0.8496094
vt 0.34643555 0.8496094
vt 0.34643555 0.8496094
vt 0.34643555 0.8496094
vt 0.34643555 0.8496094
vt 0.34643555 0.8496094
vt 0.34643555 0.8496094
vt 0.34643555 0.8496094
vt 0.34643555 0.8496094
vt 0.34643555 0.8496094
vt 0.34643555 0.8496094
vt 0.34643555 0.8496094
vt 0.34643555 0.8496094
vt 0.34643555 0.8496094
vt 0.34643555 0.8496094
vt 0.34643555 0.8496094
vt 0.34643555 0.8496094
vt 0.34643555 0.8496094
vt 0.34643555 0.8496094
vt 0.34643555 0.8496094
vt 0.34643555 0.8496094
vt 0.34643555 0.8496094
vt 0.34643555 0.8496094
vt 0.34643555 0.8496094
vt 0.34643555 0.8496094
vt 0.34643555 0.8496094
vt 0.34643555 0.8496094
vt 0.34643555 0.8496094
vt 0.34643555 0.8496094
vt 0.34643555 0.8496094
vt 0.34643555 0.8496094
vt 0.34643555 0.8496094
vt 0.34643555 0.8496094
vt 0.34643555 0.8496094
vt 0.34643555 0.8496094
vt 0.34643555 0.8496094
vt 0.34643555 0.8496094
vt 0.34643555 0.8496094
vt 0.34643555 0.8496094
vt 0.34643555 0.8496094
vt 0.34643555 0.8496094
vt 0.34643555 0.8496094
vt 0.34643555 0.8496094
vt 0.34643555 0.8496094
vt 0.34643555 0.8496094
vt 0.34643555 0.8496094
vt 0.34643555 0.8496094
vt 0.34643555 0.8496094
vt 0.34643555 0.8496094
vt 0.34643555 0.8496094
vt 0.34643555 0.8496094
vt 0.34643555 0.8496094
vt 0.34643555 0.8496094
vt 0.34643555 0.8496094
vt 0.34643555 0.8496094
vt 0.34643555 0.8496094
vt 0.34643555 0.8496094
vt 0.34643555 0.8496094
vt 0.34643555 0.8496094
vt 0.34643555 0.8496094
vt 0.34643555 0.8496094
vt 0.34643555 0.8496094
vt 0.34643555 0.8496094
vt 0.34643555 0.8496094
vt 0.34643555 0.8496094
vt 0.34643555 0.8496094
vt 0.34643555 0.8496094
vt 0.34643555 0.8496094
vt 0.34643555 0.8496094
vt 0.34643555 0.8496094
vt 0.34643555 0.8496094
vt 0.34643555 0.8496094
vt 0.34643555 0.8496094
vt 0.34643555 0.8496094
vt 0.34643555 0.8496094
vt 0.34643555 0.8496094
vt 0.34643555 0.8496094
vt 0.34643555 0.8496094
vt 0.34643555 0.8496094
vt 0.34643555 0.8496094
vt 0.34643555 0.8496094
vt 0.34643555 0.8496094
vt 0.34643555 0.8496094
vt 0.34643555 0.8496094
vt 0.34643555 0.8496094
vt 0.34643555 0.8496094
vt 0.34643555 0.8496094
vt 0.34643555 0.8496094
vt 0.34643555 0.8496094
vt 0.34643555 0.8496094
vt 0.34643555 0.8496094
vt 0.34643555 0.8496094
vt 0.34643555 0.8496094
vt 0.34643555 0.8496094
vt 0.34643555 0.8496094
vt 0.34643555 0.8496094
vt 0.34643555 0.8496094
vt 0.34643555 0.8496094
vt 0.34643555 0.8496094
vt 0.34643555 0.8496094
vt 0.34643555 0.8496094
vt 0.34643555 0.8496094
vt 0.34643555 0.8496094
vt 0.34643555 0.8496094
vt 0.34643555 0.8496094
vt 0.34643555 0.8496094
vt 0.34643555 0.8496094
vt 0.34643555 0.8496094
vt 0.34643555 0.8496094
vt 0.34643555 0.8496094
vt 0.34643555 0.8496094
vt 0.34643555 0.8496094
vt 0.34643555 0.8496094
vt 0.34643555 0.8496094
vt 0.34643555 0.8496094
vt 0.34643555 0.8496094
vt 0.34643555 0.8496094
vt 0.34643555 0.8496094
vt 0.34643555 0.8496094
vt 0.34643555 0.8496094
vt 0.34643555 0.8496094
vt 0.34643555 0.8496094
vt 0.34643555 0.8496094
vt 0.34643555 0.8496094
vt 0.34643555 0.8496094
vt 0.34643555 0.8496094
vt 0.34643555 0.8496094
vt 0.34643555 0.8496094
vt 0.34643555 0.8496094
vt 0.34643555 0.8496094
vt 0.34643555 0.8496094
vt 0.34643555 0.8496094
vt 0.34643555 0.8496094
vt 0.34643555 0.8496094
vt 0.3503418 0.5917969
vt 0.3503418 0.5917969
vt 0.3503418 0.5917969
vt 0.3503418 0.5917969
vt 0.3503418 0.5917969
vt 0.3503418 0.5917969
vt 0.3503418 0.5917969
vt 0.3503418 0.5917969
vt 0.3503418 0.5917969
vt 0.3503418 0.5917969
vt 0.3503418 0.5917969
vt 0.3503418 0.5917969
vt 0.3503418 0.5917969
vt 0.3503418 0.5917969
vt 0.3503418 0.5917969
vt 0.3503418 0.5917969
vt 0.3503418 0.5917969
vt 0.3503418 0.5917969
vt 0.3503418 0.5917969
vt 0.3503418 0.5917969
vt 0.3503418 0.5917969
vt 0.3503418 0.5917969
vt 0.3503418 0.5917969
vt 0.3503418 0.5917969
vt 0.3503418 0.5917969
vt 0.3503418 0.5917969
vt 0.3503418 0.5917969
vt 0.3503418 0.5917969
vt 0.3503418 0.5917969
vt 0.3503418 0.5917969
vt 0.3503418 0.5917969
vt 0.3503418 0.5917969
vt 0.3503418 0.5917969
vt 0.3503418 0.5917969
vt 0.3503418 0.5917969
vt 0.3503418 0.5917969
vt 0.3503418 0.5917969
vt 0.3503418 0.5917969
vt 0.3503418 0.5917969
vt 0.3503418 0.5917969
vt 0.3503418 0.5917969
vt 0.3503418 0.5917969
vt 0.2788086 0.6479492
vt 0.2788086 0.6479492
vt 0.2788086 0.6479492
vt 0.2788086 0.6479492
vt 0.2788086 0.6479492
vt 0.2788086 0.6479492
vt 0.2788086 0.6479492
vt 0.2788086 0.6479492
vt 0.2788086 0.6479492
vt 0.2788086 0.6479492
vt 0.2788086 0.6479492
vt 0.2788086 0.6479492
vt 0.2788086 0.6479492
vt 0.2788086 0.6479492
vt 0.2788086 0.6479492
vt 0.2788086 0.6479492
vt 0.2788086 0.6479492
vt 0.2788086 0.6479492
vt 0.2788086 0.6479492
vt 0.2788086 0.6479492
vt 0.2788086 0.6479492
vt 0.2788086 0.6479492
vt 0.2788086 0.6479492
vt 0.2788086 0.6479492
vt 0.2788086 0.6479492
vt 0.2788086 0.6479492
vt 0.2788086 0.6479492
vt 0.2788086 0.6479492
vt 0.2788086 0.6479492
vt 0.2788086 0.6479492
vt 0.2788086 0.6479492
vt 0.2788086 0.6479492
vt 0.15307617 0.85546875
vt 0.15307617 0.85546875
vt 0.15307617 0.85546875
vt 0.15307617 0.85546875
vt 0.15307617 0.85546875
vt 0.15307617 0.85546875
vt 0.15307617 0.85546875
vt 0.15307617 0.85546875
vt 0.15307617 0.85546875
vt 0.15307617 0.85546875
vt 0.15307617 0.85546875
vt 0.15307617 0.85546875
vt 0.15307617 0.85546875
vt 0.15307617 0.85546875
vt 0.15307617 0.85546875
vt 0.15307617 0.85546875
vt 0.15307617 0.85546875
vt 0.15307617 0.85546875
vt 0.15307617 0.85546875
vt 0.15307617 0.85546875
vt 0.15307617 0.85546875
vt 0.15307617 0.85546875
vt 0.15307617 0.85546875
vt 0.15307617 0.85546875
vt 0.15307617 0.85546875
vt 0.15307617 0.85546875
vt 0.15307617 0.85546875
vt 0.15307617 0.85546875
vt 0.15307617 0.85546875
vt 0.15307617 0.85546875
vt 0.15307617 0.85546875
vt 0.15307617 0.85546875
vt 0.15307617 0.85546875
vt 0.15307617 0.85546875
vt 0.15307617 0.85546875
vt 0.15307617 0.85546875
vt 0.15307617 0.85546875
vt 0.15307617 0.85546875
vt 0.15307617 0.85546875
vt 0.15307617 0.85546875
vt 0.15307617 0.85546875
vt 0.15307617 0.85546875
vt 0.15307617 0.85546875
vt 0.15307617 0.85546875
vt 0.15307617 0.85546875
vt 0.15307617 0.85546875
vt 0.15307617 0.85546875
vt 0.15307617 0.85546875
vt 0.15307617 0.85546875
vt 0.15307617 0.85546875
vt 0.15307617 0.85546875
vt 0.15307617 0.85546875
vt 0.15307617 0.85546875
vt 0.15307617 0.85546875
vt 0.15307617 0.85546875
vt 0.15307617 0.85546875
vt 0.15307617 0.85546875
vt 0.15307617 0.85546875
vt 0.15307617 0.85546875
vt 0.15307617 0.85546875
vt 0.15307617 0.85546875
vt 0.15307617 0.85546875
vt 0.15307617 0.85546875
vt 0.15307617 0.85546875
vt 0.15307617 0.85546875
vt 0.15307617 0.85546875
vt 0.15307617 0.85546875
vt 0.15307617 0.85546875
vt 0.15307617 0.85546875
vt 0.15307617 0.85546875
vt 0.15307617 0.85546875
vt 0.15307617 0.85546875
vt 0.15307617 0.85546875
vt 0.15307617 0.85546875
vt 0.15307617 0.85546875
vt 0.15307617 0.85546875
vt 0.15307617 0.85546875
vt 0.15307617 0.85546875
vt 0.15307617 0.85546875
vt 0.15307617 0.85546875
vt 0.15307617 0.85546875
vt 0.15307617 0.85546875
vt 0.15307617 0.85546875
vt 0.15307617 0.85546875
vt 0.15307617 0.85546875
vt 0.15307617 0.85546875
vt 0.15307617 0.85546875
vt 0.15307617 0.85546875
vt 0.15307617 0.85546875
vt 0.15307617 0.85546875
vt 0.15307617 0.85546875
vt 0.15307617 0.85546875
vt 0.15307617 0.85546875
vt 0.15307617 0.85546875
vt 0.15307617 0.85546875
vt 0.15307617 0.85546875
vt 0.15307617 0.85546875
vt 0.15307617 0.85546875
vt 0.15307617 0.85546875
vt 0.15307617 0.85546875
vt 0.15307617 0.85546875
vt 0.15307617 0.85546875
vt 0.15307617 0.85546875
vt 0.15307617 0.85546875
vt 0.15307617 0.85546875
vt 0.15307617 0.85546875
vt 0.15307617 0.85546875
vt 0.15307617 0.85546875
vt 0.15307617 0.85546875
vt 0.15307617 0.85546875
vt 0.15307617 0.85546875
vt 0.15307617 0.85546875
vt 0.15307617 0.85546875
vt 0.15307617 0.85546875
vt 0.15307617 0.85546875
vt 0.15307617 0.85546875
vt 0.15307617 0.85546875
vt 0.15307617 0.85546875
vt 0.15307617 0.85546875
vt 0.15307617 0.85546875
vt 0.15307617 0.85546875
vt 0.15307617 0.85546875
vt 0.15307617 0.85546875
vt 0.15307617 0.85546875
vt 0.15307617 0.85546875
vt 0.15307617 0.85546875
vt 0.15307617 0.85546875
vt 0.15307617 0.85546875
vt 0.15307617 0.85546875
vt 0.15307617 0.85546875
vt 0.15307617 0.85546875
vt 0.15307617 0.85546875
vt 0.15307617 0.85546875
vt 0.15307617 0.85546875
vt 0.15307617 0.85546875
vt 0.15307617 0.85546875
vt 0.15307617 0.85546875
vt 0.15307617 0.85546875
vt 0.15307617 0.85546875
vt 0.15307617 0.85546875
vt 0.15307617 0.85546875
vt 0.15307617 0.85546875
vt 0.15307617 0.85546875
vt 0.15307617 0.85546875
vt 0.15307617 0.85546875
vt 0.15307617 0.85546875
vt 0.15307617 0.85546875
vt 0.15307617 0.85546875
vt 0.15307617 0.85546875
vt 0.15307617 0.85546875
vt 0.15307617 0.85546875
vt 0.15307617 0.85546875
vt 0.15307617 0.85546875
vt 0.15307617 0.85546875
vt 0.15307617 0.85546875
vt 0.15307617 0.85546875
vt 0.15307617 0.85546875
vt 0.15307617 0.85546875
vt 0.15307617 0.85546875
vt 0.15307617 0.85546875
vt 0.15307617 0.85546875
vt 0.15307617 0.85546875
vt 0.15307617 0.85546875
vt 0.15307617 0.85546875
vt 0.15307617 0.85546875
vt 0.15307617 0.85546875
vt 0.15307617 0.85546875
vt 0.15307617 0.85546875
vt 0.15307617 0.85546875
vt 0.15307617 0.85546875
vt 0.15307617 0.85546875
vt 0.15307617 0.85546875
vt 0.15307617 0.85546875
vt 0.15307617 0.85546875
vt 0.15307617 0.85546875
vt 0.15307617 0.85546875
vt 0.15307617 0.85546875
vt 0.15307617 0.85546875
vt 0.15307617 0.85546875
vt 0.15307617 0.85546875
vt 0.15307617 0.85546875
vt 0.15307617 0.85546875
vt 0.15307617 0.85546875
vt 0.15307617 0.85546875
vt 0.15307617 0.85546875
vt 0.15307617 0.85546875
vt 0.15307617 0.85546875
vt 0.15307617 0.85546875
vt 0.15307617 0.85546875
vt 0.15307617 0.85546875
vt 0.15307617 0.85546875
vt 0.15307617 0.85546875
vt 0.15307617 0.85546875
vt 0.15307617 0.85546875
vt 0.15307617 0.85546875
vt 0.15307617 0.85546875
vt 0.15307617 0.85546875
vt 0.15307617 0.85546875
vt 0.15307617 0.85546875
vt 0.15307617 0.85546875
vt 0.15307617 0.85546875
vt 0.15307617 0.85546875
vt 0.15307617 0.85546875
vt 0.15307617 0.85546875
vt 0.15307617 0.85546875
vt 0.15307617 0.85546875
vt 0.15307617 0.85546875
vt 0.15307617 0.85546875
vt 0.15307617 0.85546875
vt 0.15307617 0.85546875
vt 0.15307617 0.85546875
vt 0.15307617 0.85546875
vt 0.15307617 0.85546875
vt 0.15307617 0.85546875
vt 0.15307617 0.85546875
vt 0.15307617 0.85546875
vt 0.15307617 0.85546875
vt 0.15307617 0.85546875
vt 0.15307617 0.85546875
vt 0.15307617 0.85546875
vt 0.15307617 0.85546875
vt 0.15307617 0.85546875
vt 0.15307617 0.85546875
vt 0.15307617 0.85546875
vt 0.15307617 0.85546875
vt 0.15307617 0.85546875
vt 0.15307617 0.85546875
vt 0.15307617 0.85546875
vt 0.15307617 0.85546875
vt 0.15307617 0.85546875
vt 0.15307617 0.85546875
vt 0.15307617 0.85546875
vt 0.15307617 0.85546875
vt 0.15307617 0.85546875
vt 0.15307617 0.85546875
vt 0.15307617 0.85546875
vt 0.15307617 0.85546875
vt 0.15307617 0.85546875
vt 0.15307617 0.85546875
vt 0.15307617 0.85546875
vt 0.15307617 0.85546875
vt 0.15307617 0.85546875
vt 0.15307617 0.85546875
vt 0.15307617 0.85546875
vt 0.15307617 0.85546875
vt 0.15307617 0.85546875
vt 0.15307617 0.85546875
vt 0.15307617 0.85546875
vt 0.15307617 0.85546875
vt 0.15307617 0.85546875
vt 0.15307617 0.85546875
vt 0.15307617 0.85546875
vt 0.15307617 0.85546875
vt 0.15307617 0.85546875
vt 0.15307617 0.85546875
vt 0.15307617 0.85546875
vt 0.15307617 0.85546875
vt 0.15307617 0.85546875
vt 0.15307617 0.85546875
vt 0.15307617 0.85546875
vt 0.15307617 0.85546875
vt 0.15307617 0.85546875
vt 0.15307617 0.85546875
vt 0.15307617 0.85546875
vt 0.15307617 0.85546875
vt 0.15307617 0.85546875
vt 0.15307617 0.85546875
vt 0.15307617 0.85546875
vt 0.15307617 0.85546875
vt 0.15307617 0.85546875
vt 0.15307617 0.85546875
vt 0.15307617 0.85546875
vt 0.15307617 0.85546875
vt 0.15307617 0.85546875
vt 0.15307617 0.85546875
vt 0.15307617 0.85546875
vt 0.15307617 0.85546875
vt 0.15307617 0.85546875
vt 0.15307617 0.85546875
vt 0.15307617 0.85546875
vt 0.15307617 0.85546875
vt 0.15307617 0.85546875
vt 0.15307617 0.85546875
vt 0.15307617 0.85546875
vt 0.15307617 0.85546875
vt 0.15307617 0.85546875
vt 0.15307617 0.85546875
vt 0.15307617 0.85546875
vt 0.15307617 0.85546875
vt 0.15307617 0.85546875
vt 0.15307617 0.85546875
vt 0.15307617 0.85546875
vt 0.15307617 0.85546875
vt 0.15307617 0.85546875
vt 0.15307617 0.85546875
vt 0.15307617 0.85546875
vt 0.15307617 0.85546875
vt 0.15307617 0.85546875
vt 0.15307617 0.85546875
vt 0.15307617 0.85546875
vt 0.15307617 0.85546875
vt 0.15307617 0.85546875
vt 0.09301758 0.86376953
vt 0.09301758 0.86376953
vt 0.09301758 0.86376953
vt 0.09301758 0.86376953
vt 0.09301758 0.86376953
vt 0.09301758 0.86376953
vt 0.09301758 0.86376953
vt 0.09301758 0.86376953
vt 0.09301758 0.86376953
vt 0.09301758 0.86376953
vt 0.09301758 0.86376953
vt 0.09301758 0.86376953
vt 0.09301758 0.86376953
vt 0.09301758 0.86376953
vt 0.09301758 0.86376953
vt 0.09301758 0.86376953
vt 0.09301758 0.86376953
vt 0.09301758 0.86376953
vt 0.09301758 0.86376953
vt 0.09301758 0.86376953
vt 0.09301758 0.86376953
vt 0.09301758 0.86376953
vt 0.08343506 0.9379883
vt 0.08343506 0.9379883
vt 0.08343506 0.9379883
vt 0.08343506 0.9379883
vt 0.08343506 0.9379883
vt 0.08343506 0.9379883
vt 0.08343506 0.9379883
vt 0.08343506 0.9379883
vt 0.08343506 0.9379883
vt 0.08343506 0.9379883
vt 0.08343506 0.9379883
vt 0.08343506 0.9379883
vt 0.08343506 0.9379883
vt 0.08343506 0.9379883
vt 0.08343506 0.9379883
vt 0.08343506 0.9379883
vt 0.08343506 0.9379883
vt 0.08343506 0.9379883
vt 0.08343506 0.9379883
vt 0.08343506 0.9379883
vt 0.08343506 0.9379883
vt 0.08343506 0.9379883
vt 0.08343506 0.9379883
vt 0.08343506 0.9379883
vt 0.08343506 0.9379883
vt 0.08343506 0.9379883
vt 0.08343506 0.9379883
vt 0.08343506 0.9379883
vt 0.08343506 0.9379883
vt 0.08343506 0.9379883
vt 0.08343506 0.9379883
vt 0.08343506 0.9379883
vt 0.08343506 0.9379883
vt 0.08343506 0.9379883
vt 0.08343506 0.9379883
vt 0.08343506 0.9379883
vt 0.08343506 0.9379883
vt 0.08343506 0.9379883
vt 0.08343506 0.9379883
vt 0.08343506 0.9379883
vt 0.08343506 0.9379883
vt 0.08343506 0.9379883
vt 0.08343506 0.9379883
vt 0.08343506 0.9379883
vt 0.08343506 0.9379883
vt 0.08343506 0.9379883
vt 0.08343506 0.9379883
vt 0.08343506 0.9379883
vt 0.08343506 0.9379883
vt 0.08343506 0.9379883
vt 0.08343506 0.9379883
vt 0.08343506 0.9379883
vt 0.08343506 0.9379883
vt 0.08343506 0.9379883
vt 0.08343506 0.9379883
vt 0.08343506 0.9379883
vt 0.08343506 0.9379883
vt 0.08343506 0.9379883
vt 0.08343506 0.9379883
vt 0.08343506 0.9379883
vt 0.08343506 0.9379883
vt 0.08343506 0.9379883
vt 0.08343506 0.9379883
vt 0.08343506 0.9379883
vt 0.08343506 0.9379883
vt 0.08343506 0.9379883
vt 0.08343506 0.9379883
vt 0.08343506 0.9379883
vt 0.08343506 0.9379883
vt 0.08343506 0.9379883
vt 0.08343506 0.9379883
vt 0.08343506 0.9379883
vt 0.08343506 0.9379883
vt 0.08343506 0.9379883
vt 0.08343506 0.9379883
vt 0.08343506 0.9379883
vt 0.08343506 0.9379883
vt 0.08343506 0.9379883
vt 0.08343506 0.9379883
vt 0.08343506 0.9379883
vt 0.08343506 0.9379883
vt 0.08343506 0.9379883
vt 0.08343506 0.9379883
vt 0.23046875 0.828125
vt 0.23046875 0.828125
vt 0.23046875 0.828125
vt 0.23046875 0.828125
vt 0.23046875 0.828125
vt 0.23046875 0.828125
vt 0.23046875 0.828125
vt 0.23046875 0.828125
vt 0.23046875 0.828125
vt 0.23046875 0.828125
vt 0.23046875 0.828125
vt 0.23046875 0.828125
vt 0.23046875 0.828125
vt 0.23046875 0.828125
vt 0.23046875 0.828125
vt 0.23046875 0.828125
vt 0.23046875 0.828125
vt 0.23046875 0.828125
vt 0.23046875 0.828125
vt 0.23046875 0.828125
vt 0.23046875 0.828125
vt 0.23046875 0.828125
vt 0.23046875 0.828125
vt 0.23046875 0.828125
vt 0.52490234 0.66064453
vt 0.52490234 0.66064453
vt 0.52490234 0.66064453
vt 0.52490234 0.66064453
vt 0.52490234 0.66064453
vt 0.52490234 0.66064453
vt 0.52490234 0.66064453
vt 0.52490234 0.66064453
vt 0.52490234 0.66064453
vt 0.52490234 0.66064453
vt 0.52490234 0.66064453
vt 0.52490234 0.66064453
vt 0.52490234 0.66064453
vt 0.52490234 0.66064453
vt 0.52490234 0.66064453
vt 0.52490234 0.66064453
vt 0.52490234 0.66064453
vt 0.52490234 0.66064453
vt 0.52490234 0.66064453
vt 0.52490234 0.66064453
vt 0.52490234 0.66064453
vt 0.52490234 0.66064453
vt 0.52490234 0.66064453
vt 0.52490234 0.66064453
vt 0.34838867 0.71191406
vt 0.34838867 0.71191406
vt 0.34838867 0.71191406
vt 0.34838867 0.71191406
vt 0.34838867 0.71191406
vt 0.34838867 0.71191406
vt 0.34838867 0.71191406
vt 0.34838867 0.71191406
vt 0.34838867 0.71191406
vt 0.34838867 0.71191406
vt 0.34838867 0.71191406
vt 0.34838867 0.71191406
vt 0.34838867 0.71191406
vt 0.34838867 0.71191406
vt 0.34838867 0.71191406
vt 0.34838867 0.71191406
vt 0.34838867 0.71191406
vt 0.34838867 0.71191406
vt 0.34838867 0.71191406
vt 0.34838867 0.71191406
vt 0.34838867 0.71191406
vt 0.34838867 0.71191406
vt 0.34838867 0.71191406
vt 0.34838867 0.71191406
vt 0.52490234 0.66064453
vt 0.52490234 0.66064453
vt 0.52490234 0.66064453
vt 0.52490234 0.66064453
vt 0.52490234 0.66064453
vt 0.52490234 0.66064453
vt 0.52490234 0.66064453
vt 0.52490234 0.66064453
vt 0.52490234 0.66064453
vt 0.52490234 0.66064453
vt 0.52490234 0.66064453
vt 0.52490234 0.66064453
vt 0.52490234 0.66064453
vt 0.52490234 0.66064453
vt 0.52490234 0.66064453
vt 0.52490234 0.66064453
vt 0.52490234 0.66064453
vt 0.52490234 0.66064453
vt 0.52490234 0.66064453
vt 0.52490234 0.66064453
vt 0.52490234 0.66064453
vt 0.52490234 0.66064453
vt 0.52490234 0.66064453
vt 0.52490234 0.66064453
vt 0.39746094 0.65478516
vt 0.39746094 0.65478516
vt 0.39746094 0.65478516
vt 0.39746094 0.65478516
vt 0.39746094 0.65478516
vt 0.39746094 0.65478516
vt 0.39746094 0.65478516
vt 0.39746094 0.65478516
vt 0.39746094 0.65478516
vt 0.39746094 0.65478516
vt 0.39746094 0.65478516
vt 0.39746094 0.65478516
vt 0.39746094 0.65478516
vt 0.39746094 0.65478516
vt 0.39746094 0.65478516
vt 0.39746094 0.65478516
vt 0.39746094 0.65478516
vt 0.39746094 0.65478516
vt 0.39746094 0.65478516
vt 0.39746094 0.65478516
vt 0.39746094 0.65478516
vt 0.39746094 0.65478516
vt 0.39746094 0.65478516
vt 0.39746094 0.65478516
vt 0.39746094 0.65478516
vt 0.39746094 0.65478516
vt 0.39746094 0.65478516
vt 0.39746094 0.65478516
vt 0.39746094 0.65478516
vt 0.39746094 0.65478516
vt 0.39746094 0.65478516
vt 0.39746094 0.65478516
vt 0.39746094 0.65478516
vt 0.39746094 0.65478516
vt 0.39746094 0.65478516
vt 0.39746094 0.65478516
vt 0.39746094 0.65478516
vt 0.39746094 0.65478516
vt 0.39746094 0.65478516
vt 0.39746094 0.65478516
vt 0.39746094 0.65478516
vt 0.39746094 0.65478516
vt 0.39746094 0.65478516
vt 0.39746094 0.65478516
vt 0.39746094 0.65478516
vt 0.39746094 0.65478516
vt 0.39746094 0.65478516
vt 0.39746094 0.65478516
vt 0.39746094 0.65478516
vt 0.39746094 0.65478516
vt 0.39746094 0.65478516
vt 0.39746094 0.65478516
vt 0.39746094 0.65478516
vt 0.39746094 0.65478516
vt 0.39746094 0.65478516
vt 0.39746094 0.65478516
vt 0.39746094 0.65478516
vt 0.39746094 0.65478516
vt 0.39746094 0.65478516
vt 0.39746094 0.65478516
vt 0.39746094 0.65478516
vt 0.39746094 0.65478516
vt 0.39746094 0.65478516
vt 0.39746094 0.65478516
vt 0.39746094 0.65478516
vt 0.39746094 0.65478516
vt 0.39746094 0.65478516
vt 0.39746094 0.65478516
vt 0.39746094 0.65478516
vt 0.39746094 0.65478516
vt 0.39746094 0.65478516
vt 0.39746094 0.65478516
vt 0.39746094 0.65478516
vt 0.39746094 0.65478516
vt 0.39746094 0.65478516
vt 0.39746094 0.65478516
vt 0.39746094 0.65478516
vt 0.39746094 0.65478516
vt 0.39746094 0.65478516
vt 0.39746094 0.65478516
vt 0.39746094 0.65478516
vt 0.39746094 0.65478516
vt 0.39746094 0.65478516
vt 0.39746094 0.65478516
vt 0.39746094 0.65478516
vt 0.39746094 0.65478516
vt 0.39746094 0.65478516
vt 0.39746094 0.65478516
vt 0.39746094 0.65478516
vt 0.39746094 0.65478516
vt 0.39746094 0.65478516
vt 0.39746094 0.65478516
vt 0.39746094 0.65478516
vt 0.39746094 0.65478516
vt 0.39746094 0.65478516
vt 0.39746094 0.65478516
vt 0.39746094 0.65478516
vt 0.39746094 0.65478516
vt 0.39746094 0.65478516
vt 0.39746094 0.65478516
vt 0.39746094 0.65478516
vt 0.39746094 0.65478516
vt 0.39746094 0.65478516
vt 0.39746094 0.65478516
vt 0.39746094 0.65478516
vt 0.39746094 0.65478516
vt 0.39746094 0.65478516
vt 0.39746094 0.65478516
vt 0.39746094 0.65478516
vt 0.39746094 0.65478516
vt 0.39746094 0.65478516
vt 0.39746094 0.65478516
vt 0.39746094 0.65478516
vt 0.39746094 0.65478516
vt 0.39746094 0.65478516
vt 0.39746094 0.65478516
vt 0.39746094 0.65478516
vt 0.39746094 0.65478516
vt 0.39746094 0.65478516
vt 0.39746094 0.65478516
vt 0.39746094 0.65478516
vt 0.39746094 0.65478516
vt 0.39746094 0.65478516
vt 0.39746094 0.65478516
vt 0.39746094 0.65478516
vt 0.39746094 0.65478516
vt 0.39746094 0.65478516
vt 0.39746094 0.65478516
vt 0.39746094 0.65478516
vt 0.39746094 0.65478516
vt 0.39746094 0.65478516
vt 0.39746094 0.65478516
vt 0.39746094 0.65478516
vt 0.39746094 0.65478516
vt 0.39746094 0.65478516
vt 0.39746094 0.65478516
vt 0.39746094 0.65478516
vt 0.39746094 0.65478516
vt 0.39746094 0.65478516
vt 0.39746094 0.65478516
vt 0.39746094 0.65478516
vt 0.39746094 0.65478516
vt 0.39746094 0.65478516
vt 0.39746094 0.65478516
vt 0.39746094 0.65478516
vt 0.39746094 0.65478516
vt 0.39746094 0.65478516
vt 0.39746094 0.65478516
vt 0.39746094 0.65478516
vt 0.39746094 0.65478516
vt 0.39746094 0.65478516
vt 0.39746094 0.65478516
vt 0.39746094 0.65478516
vt 0.39746094 0.65478516
vt 0.39746094 0.65478516
vt 0.39746094 0.65478516
vt 0.39746094 0.65478516
vt 0.39746094 0.65478516
vt 0.39746094 0.65478516
vt 0.39746094 0.65478516
vt 0.39746094 0.65478516
vt 0.39746094 0.65478516
vt 0.39746094 0.65478516
vt 0.39746094 0.65478516
vt 0.34643555 0.8496094
vt 0.34643555 0.8496094
vt 0.34643555 0.8496094
vt 0.34643555 0.8496094
vt 0.34643555 0.8496094
vt 0.34643555 0.8496094
vt 0.34643555 0.8496094
vt 0.34643555 0.8496094
vt 0.34643555 0.8496094
vt 0.34643555 0.8496094
vt 0.34643555 0.8496094
vt 0.34643555 0.8496094
vt 0.34643555 0.8496094
vt 0.34643555 0.8496094
vt 0.34643555 0.8496094
vt 0.34643555 0.8496094
vt 0.34643555 0.8496094
vt 0.34643555 0.8496094
vt 0.34643555 0.8496094
vt 0.34643555 0.8496094
vt 0.34643555 0.8496094
vt 0.34643555 0.8496094
vt 0.34643555 0.8496094
vt 0.34643555 0.8496094
vt 0.34643555 0.8496094
vt 0.34643555 0.8496094
vt 0.34643555 0.8496094
vt 0.34643555 0.8496094
vt 0.34643555 0.8496094
vt 0.34643555 0.8496094
vt 0.34643555 0.8496094
vt 0.34643555 0.8496094
vt 0.34643555 0.8496094
vt 0.34643555 0.8496094
vt 0.34643555 0.8496094
vt 0.34643555 0.8496094
vt 0.34643555 0.8496094
vt 0.34643555 0.8496094
vt 0.34643555 0.8496094
vt 0.34643555 0.8496094
vt 0.34643555 0.8496094
vt 0.34643555 0.8496094
vt 0.34643555 0.8496094
vt 0.34643555 0.8496094
vt 0.34643555 0.8496094
vt 0.34643555 0.8496094
vt 0.34643555 0.8496094
vt 0.34643555 0.8496094
vt 0.34643555 0.8496094
vt 0.34643555 0.8496094
vt 0.34643555 0.8496094
vt 0.34643555 0.8496094
vt 0.34643555 0.8496094
vt 0.34643555 0.8496094
vt 0.34643555 0.8496094
vt 0.34643555 0.8496094
vt 0.34643555 0.8496094
vt 0.34643555 0.8496094
vt 0.34643555 0.8496094
vt 0.34643555 0.8496094
vt 0.34643555 0.8496094
vt 0.34643555 0.8496094
vt 0.34643555 0.8496094
vt 0.34643555 0.8496094
vt 0.34643555 0.8496094
vt 0.34643555 0.8496094
vt 0.34643555 0.8496094
vt 0.34643555 0.8496094
vt 0.34643555 0.8496094
vt 0.34643555 0.8496094
vt 0.34643555 0.8496094
vt 0.34643555 0.8496094
vt 0.34643555 0.8496094
vt 0.34643555 0.8496094
vt 0.34643555 0.8496094
vt 0.34643555 0.8496094
vt 0.34643555 0.8496094
vt 0.34643555 0.8496094
vt 0.34643555 0.8496094
vt 0.34643555 0.8496094
vt 0.34643555 0.8496094
vt 0.34643555 0.8496094
vt 0.34643555 0.8496094
vt 0.34643555 0.8496094
vt 0.34643555 0.8496094
vt 0.34643555 0.8496094
vt 0.34643555 0.8496094
vt 0.34643555 0.8496094
vt 0.34643555 0.8496094
vt 0.34643555 0.8496094
vt 0.34643555 0.8496094
vt 0.34643555 0.8496094
vt 0.34643555 0.8496094
vt 0.34643555 0.8496094
vt 0.34643555 0.8496094
vt 0.34643555 0.8496094
vt 0.34643555 0.8496094
vt 0.34643555 0.8496094
vt 0.34643555 0.8496094
vt 0.34643555 0.8496094
vt 0.34643555 0.8496094
vt 0.34643555 0.8496094
vt 0.34643555 0.8496094
vt 0.34643555 0.8496094
vt 0.34643555 0.8496094
vt 0.34643555 0.8496094
vt 0.34643555 0.8496094
vt 0.34643555 0.8496094
vt 0.34643555 0.8496094
vt 0.34643555 0.8496094
vt 0.34643555 0.8496094
vt 0.34643555 0.8496094
vt 0.34643555 0.8496094
vt 0.34643555 0.8496094
vt 0.34643555 0.8496094
vt 0.34643555 0.8496094
vt 0.34643555 0.8496094
vt 0.34643555 0.8496094
vt 0.34643555 0.8496094
vt 0.34643555 0.8496094
vt 0.34643555 0.8496094
vt 0.34643555 0.8496094
vt 0.34643555 0.8496094
vt 0.34643555 0.8496094
vt 0.34643555 0.8496094
vt 0.34643555 0.8496094
vt 0.34643555 0.8496094
vt 0.34643555 0.8496094
vt 0.34643555 0.8496094
vt 0.34643555 0.8496094
vt 0.34643555 0.8496094
vt 0.34643555 0.8496094
vt 0.34643555 0.8496094
vt 0.34643555 0.8496094
vt 0.34643555 0.8496094
vt 0.34643555 0.8496094
vt 0.34643555 0.8496094
vt 0.34643555 0.8496094
vt 0.34643555 0.8496094
vt 0.34643555 0.8496094
vt 0.34643555 0.8496094
vt 0.34643555 0.8496094
vt 0.34643555 0.8496094
vt 0.34643555 0.8496094
vt 0.34643555 0.8496094
vt 0.34643555 0.8496094
vt 0.34643555 0.8496094
vt 0.34643555 0.8496094
vt 0.34643555 0.8496094
vt 0.34643555 0.8496094
vt 0.34643555 0.8496094
vt 0.34643555 0.8496094
vt 0.34643555 0.8496094
vt 0.34643555 0.8496094
vt 0.34643555 0.8496094
vt 0.34643555 0.8496094
vt 0.34643555 0.8496094
vt 0.34643555 0.8496094
vt 0.34643555 0.8496094
vt 0.34643555 0.8496094
vt 0.34643555 0.8496094
vt 0.34643555 0.8496094
vt 0.34643555 0.8496094
vt 0.34643555 0.8496094
vt 0.34643555 0.8496094
vt 0.34643555 0.8496094
vt 0.34643555 0.8496094
vt 0.34643555 0.8496094
vt 0.34643555 0.8496094
vt 0.34643555 0.8496094
vt 0.34643555 0.8496094
vt 0.34643555 0.8496094
vt 0.34643555 0.8496094
vt 0.34643555 0.8496094
vt 0.34643555 0.8496094
vt 0.34643555 0.8496094
vt 0.34643555 0.8496094
vt 0.34643555 0.8496094
vt 0.34643555 0.8496094
vt 0.34643555 0.8496094
vt 0.34643555 0.8496094
vt 0.34643555 0.8496094
vt 0.34643555 0.8496094
vt 0.34643555 0.8496094
vt 0.34643555 0.8496094
vt 0.34643555 0.8496094
vt 0.34643555 0.8496094
vt 0.34643555 0.8496094
vt 0.34643555 0.8496094
vt 0.34643555 0.8496094
vt 0.34643555 0.8496094
vt 0.34643555 0.8496094
vt 0.34643555 0.8496094
vt 0.34643555 0.8496094
vt 0.34643555 0.8496094
vt 0.34643555 0.8496094
vt 0.34643555 0.8496094
vt 0.34643555 0.8496094
vt 0.34643555 0.8496094
vt 0.34643555 0.8496094
vt 0.33740234 0.6582031
vt 0.33740234 0.6582031
vt 0.33740234 0.6582031
vt 0.33740234 0.6582031
vt 0.33740234 0.6582031
vt 0.33740234 0.6582031
vt 0.33740234 0.6582031
vt 0.33740234 0.6582031
vt 0.33740234 0.6582031
vt 0.33740234 0.6582031
vt 0.33740234 0.6582031
vt 0.33740234 0.6582031
vt 0.33740234 0.6582031
vt 0.33740234 0.6582031
vt 0.33740234 0.6582031
vt 0.33740234 0.6582031
vt 0.33740234 0.6582031
vt 0.33740234 0.6582031
vt 0.33740234 0.6582031
vt 0.33740234 0.6582031
vt 0.33740234 0.6582031
vt 0.33740234 0.6582031
vt 0.33740234 0.6582031
vt 0.33740234 0.6582031
vt 0.33740234 0.6582031
vt 0.33740234 0.6582031
vt 0.33740234 0.6582031
vt 0.33740234 0.6582031
vt 0.33740234 0.6582031
vt 0.33740234 0.6582031
vt 0.33740234 0.6582031
vt 0.33740234 0.6582031
vt 0.33740234 0.6582031
vt 0.33740234 0.6582031
vt 0.33740234 0.6582031
vt 0.33740234 0.6582031
vt 0.33740234 0.6582031
vt 0.33740234 0.6582031
vt 0.33740234 0.6582031
vt 0.33740234 0.6582031
vt 0.33740234 0.6582031
vt 0.33740234 0.6582031
vt 0.33740234 0.6582031
vt 0.33740234 0.6582031
vt 0.33740234 0.6582031
vt 0.33740234 0.6582031
vt 0.33740234 0.6582031
vt 0.33740234 0.6582031
vt 0.33740234 0.6582031
vt 0.33740234 0.6582031
vt 0.33740234 0.6582031
vt 0.33740234 0.6582031
vt 0.33740234 0.6582031
vt 0.33740234 0.6582031
vt 0.33740234 0.6582031
vt 0.33740234 0.6582031
vt 0.33740234 0.6582031
vt 0.33740234 0.6582031
vt 0.33740234 0.6582031
vt 0.33740234 0.6582031
vt 0.33740234 0.6582031
vt 0.33740234 0.6582031
vt 0.33740234 0.6582031
vt 0.33740234 0.6582031
vt 0.33740234 0.6582031
vt 0.33740234 0.6582031
vt 0.33740234 0.6582031
vt 0.33740234 0.6582031
vt 0.33740234 0.6582031
vt 0.33740234 0.6582031
vt 0.33740234 0.6582031
vt 0.33740234 0.6582031
vt 0.33740234 0.6582031
vt 0.33740234 0.6582031
vt 0.33740234 0.6582031
vt 0.33740234 0.6582031
vt 0.33740234 0.6582031
vt 0.33740234 0.6582031
vt 0.33740234 0.6582031
vt 0.33740234 0.6582031
vt 0.33740234 0.6582031
vt 0.33740234 0.6582031
vt 0.33740234 0.6582031
vt 0.33740234 0.6582031
vt 0.33740234 0.6582031
vt 0.33740234 0.6582031
vt 0.33740234 0.6582031
vt 0.33740234 0.6582031
vt 0.33740234 0.6582031
vt 0.33740234 0.6582031
vt 0.33740234 0.6582031
vt 0.33740234 0.6582031
vt 0.33740234 0.6582031
vt 0.33740234 0.6582031
vt 0.33740234 0.6582031
vt 0.33740234 0.6582031
vt 0.33740234 0.6582031
vt 0.33740234 0.6582031
vt 0.33740234 0.6582031
vt 0.33740234 0.6582031
vt 0.33740234 0.6582031
vt 0.33740234 0.6582031
vt 0.33740234 0.6582031
vt 0.33740234 0.6582031
vt 0.33740234 0.6582031
vt 0.33740234 0.6582031
vt 0.33740234 0.6582031
vt 0.33740234 0.6582031
vt 0.33740234 0.6582031
vt 0.33740234 0.6582031
vt 0.34350586 0.5961914
vt 0.34350586 0.5961914
vt 0.34350586 0.5961914
vt 0.34350586 0.5961914
vt 0.34350586 0.5961914
vt 0.34350586 0.5961914
vt 0.34350586 0.5961914
vt 0.34350586 0.5961914
vt 0.34350586 0.5961914
vt 0.34350586 0.5961914
vt 0.34350586 0.5961914
vt 0.34350586 0.5961914
vt 0.34350586 0.5961914
vt 0.34350586 0.5961914
vt 0.34350586 0.5961914
vt 0.34350586 0.5961914
vt 0.34350586 0.5961914
vt 0.34350586 0.5961914
vt 0.34350586 0.5961914
vt 0.34350586 0.5961914
vt 0.34350586 0.5961914
vt 0.34350586 0.5961914
vt 0.34350586 0.5961914
vt 0.34350586 0.5961914
vt 0.34350586 0.5961914
vt 0.34350586 0.5961914
vt 0.34350586 0.5961914
vt 0.34350586 0.5961914
vt 0.34350586 0.5961914
vt 0.34350586 0.5961914
vt 0.34350586 0.5961914
vt 0.34350586 0.5961914
vt 0.34350586 0.5961914
vt 0.34350586 0.5961914
vt 0.34350586 0.5961914
vt 0.34350586 0.5961914
vt 0.34350586 0.5961914
vt 0.34350586 0.5961914
vt 0.34350586 0.5961914
vt 0.34350586 0.5961914
vt 0.34350586 0.5961914
vt 0.34350586 0.5961914
vt 0.34350586 0.5961914
vt 0.34350586 0.5961914
vt 0.34350586 0.5961914
vt 0.34350586 0.5961914
vt 0.34350586 0.5961914
vt 0.34350586 0.5961914
vt 0.34350586 0.5961914
vt 0.34350586 0.5961914
vt 0.34350586 0.5961914
vt 0.34350586 0.5961914
vt 0.34350586 0.5961914
vt 0.34350586 0.5961914
vt 0.34350586 0.5961914
vt 0.34350586 0.5961914
vt 0.34350586 0.5961914
vt 0.34350586 0.5961914
vt 0.34350586 0.5961914
vt 0.34350586 0.5961914
vt 0.34350586 0.5961914
vt 0.34350586 0.5961914
vt 0.34350586 0.5961914
vt 0.34350586 0.5961914
vt 0.34350586 0.5961914
vt 0.34350586 0.5961914
vt 0.34350586 0.5961914
vt 0.34350586 0.5961914
vt 0.34350586 0.5961914
vt 0.34350586 0.5961914
vt 0.34350586 0.5961914
vt 0.34350586 0.5961914
vt 0.34350586 0.5961914
vt 0.34350586 0.5961914
vt 0.34350586 0.5961914
vt 0.34350586 0.5961914
vt 0.34350586 0.5961914
vt 0.34350586 0.5961914
vt 0.34350586 0.5961914
vt 0.34350586 0.5961914
vt 0.34350586 0.5961914
vt 0.34350586 0.5961914
vt 0.34350586 0.5961914
vt 0.34350586 0.5961914
vt 0.34350586 0.5961914
vt 0.34350586 0.5961914
vt 0.34350586 0.5961914
vt 0.34350586 0.5961914
vt 0.34350586 0.5961914
vt 0.34350586 0.5961914
vt 0.34350586 0.5961914
vt 0.34350586 0.5961914
vt 0.34350586 0.5961914
vt 0.34350586 0.5961914
vt 0.34350586 0.5961914
vt 0.34350586 0.5961914
vt 0.34350586 0.5961914
vt 0.34350586 0.5961914
vt 0.34350586 0.5961914
vt 0.34350586 0.5961914
vt 0.34350586 0.5961914
vt 0.34350586 0.5961914
vt 0.34350586 0.5961914
vt 0.34350586 0.5961914
vt 0.34350586 0.5961914
vt 0.34350586 0.5961914
vt 0.34350586 0.5961914
vt 0.34350586 0.5961914
vt 0.34350586 0.5961914
vt 0.34350586 0.5961914
vt 0.34350586 0.5961914
vt 0.34350586 0.5961914
vt 0.34350586 0.5961914
vt 0.34350586 0.5961914
vt 0.34350586 0.5961914
vt 0.34350586 0.5961914
vt 0.34350586 0.5961914
vt 0.34350586 0.5961914
vt 0.34350586 0.5961914
vt 0.34350586 0.5961914
vt 0.34350586 0.5961914
vt 0.34350586 0.5961914
vt 0.34350586 0.5961914
vt 0.34350586 0.5961914
vt 0.34350586 0.5961914
vt 0.34350586 0.5961914
vt 0.34350586 0.5961914
vt 0.34350586 0.5961914
vt 0.34350586 0.5961914
vt 0.34350586 0.5961914
vt 0.34350586 0.5961914
vt 0.34350586 0.5961914
vt 0.34350586 0.5961914
vt 0.34350586 0.5961914
vt 0.34350586 0.5961914
vt 0.34350586 0.5961914
vt 0.34350586 0.5961914
vt 0.34350586 0.5961914
vt 0.34350586 0.5961914
vt 0.34350586 0.5961914
vt 0.34350586 0.5961914
vt 0.34350586 0.5961914
vt 0.34350586 0.5961914
vt 0.34350586 0.5961914
vt 0.34350586 0.5961914
vt 0.34350586 0.5961914
vt 0.34350586 0.5961914
vt 0.34350586 0.5961914
vt 0.34350586 0.5961914
vt 0.34350586 0.5961914
vt 0.34350586 0.5961914
vt 0.34350586 0.5961914
vt 0.34350586 0.5961914
vt 0.34350586 0.5961914
vt 0.34350586 0.5961914
vt 0.34350586 0.5961914
vt 0.34350586 0.5961914
vt 0.34350586 0.5961914
vt 0.34350586 0.5961914
vt 0.34350586 0.5961914
vt 0.34350586 0.5961914
vt 0.34350586 0.5961914
vt 0.34350586 0.5961914
vt 0.34350586 0.5961914
vt 0.34350586 0.5961914
vt 0.34350586 0.5961914
vt 0.34350586 0.5961914
vt 0.34350586 0.5961914
vt 0.34350586 0.5961914
vt 0.34350586 0.5961914
vt 0.34350586 0.5961914
vt 0.34350586 0.5961914
vt 0.34350586 0.5961914
vt 0.34350586 0.5961914
vt 0.34350586 0.5961914
vt 0.34350586 0.5961914
vt 0.34350586 0.5961914
vt 0.34350586 0.5961914
vt 0.34350586 0.5961914
vt 0.34350586 0.5961914
vt 0.34350586 0.5961914
vt 0.34350586 0.5961914
vt 0.34350586 0.5961914
vt 0.34350586 0.5961914
vt 0.34350586 0.5961914
vt 0.34350586 0.5961914
vt 0.34350586 0.5961914
vt 0.34350586 0.5961914
vt 0.34350586 0.5961914
vt 0.34350586 0.5961914
vt 0.34350586 0.5961914
vt 0.34350586 0.5961914
vt 0.34350586 0.5961914
vt 0.34350586 0.5961914
vt 0.34350586 0.5961914
vt 0.34350586 0.5961914
vt 0.34350586 0.5961914
vt 0.34350586 0.5961914
vt 0.34350586 0.5961914
vt 0.34350586 0.5961914
vt 0.34350586 0.5961914
vt 0.34350586 0.5961914
vt 0.34350586 0.5961914
vt 0.34350586 0.5961914
vt 0.34350586 0.5961914
vt 0.34350586 0.5961914
vt 0.34350586 0.5961914
vt 0.34350586 0.5961914
vt 0.34350586 0.5961914
vt 0.34350586 0.5961914
vt 0.34350586 0.5961914
vt 0.34350586 0.5961914
vt 0.34350586 0.5961914
vt 0.34350586 0.5961914
vt 0.34350586 0.5961914
vt 0.34350586 0.5961914
vt 0.34350586 0.5961914
vt 0.34350586 0.5961914
vt 0.34350586 0.5961914
vt 0.34350586 0.5961914
vt 0.34350586 0.5961914
vt 0.34350586 0.5961914
vt 0.34350586 0.5961914
vt 0.34350586 0.5961914
vt 0.34350586 0.5961914
vt 0.34350586 0.5961914
vt 0.34350586 0.5961914
vt 0.34350586 0.5961914
vt 0.34350586 0.5961914
vt 0.34350586 0.5961914
vt 0.34350586 0.5961914
vt 0.34350586 0.5961914
vt 0.34350586 0.5961914
vt 0.34350586 0.5961914
vt 0.34350586 0.5961914
vt 0.34350586 0.5961914
vt 0.34350586 0.5961914
vt 0.34350586 0.5961914
vt 0.34350586 0.5961914
vt 0.34350586 0.5961914
vt 0.34350586 0.5961914
vt 0.34350586 0.5961914
vt 0.34350586 0.5961914
vt 0.34350586 0.5961914
vt 0.34350586 0.5961914
vt 0.34350586 0.5961914
vt 0.34350586 0.5961914
vt 0.34350586 0.5961914
vt 0.34350586 0.5961914
vt 0.34350586 0.5961914
vt 0.34350586 0.5961914
vt 0.34350586 0.5961914
vt 0.34350586 0.5961914
vt 0.34350586 0.5961914
vt 0.34350586 0.5961914
vt 0.34350586 0.5961914
vt 0.34350586 0.5961914
vt 0.34350586 0.5961914
vt 0.34350586 0.5961914
vt 0.34350586 0.5961914
vt 0.34350586 0.5961914
vt 0.34350586 0.5961914
vt 0.34350586 0.5961914
vt 0.34350586 0.5961914
vt 0.34350586 0.5961914
vt 0.34350586 0.5961914
vt 0.34350586 0.5961914
vt 0.34350586 0.5961914
vt 0.34350586 0.5961914
vt 0.34350586 0.5961914
vt 0.34350586 0.5961914
vt 0.34350586 0.5961914
vt 0.34350586 0.5961914
vt 0.34350586 0.5961914
vt 0.34350586 0.5961914
vt 0.34350586 0.5961914
vt 0.34350586 0.5961914
vt 0.34350586 0.5961914
vt 0.34350586 0.5961914
vt 0.34350586 0.5961914
vt 0.34350586 0.5961914
vt 0.34350586 0.5961914
vt 0.34350586 0.5961914
vt 0.34350586 0.5961914
vt 0.34350586 0.5961914
vt 0.34350586 0.5961914
vt 0.34350586 0.5961914
vt 0.34350586 0.5961914
vt 0.34350586 0.5961914
vt 0.34350586 0.5961914
vt 0.34350586 0.5961914
vt 0.34350586 0.5961914
vt 0.34350586 0.5961914
vt 0.34350586 0.5961914
vt 0.34350586 0.5961914
vt 0.34350586 0.5961914
vt 0.34350586 0.5961914
vt 0.34350586 0.5961914
vt 0.34350586 0.5961914
vt 0.34350586 0.5961914
vt 0.34350586 0.5961914
vt 0.34350586 0.5961914
vt 0.34350586 0.5961914
vt 0.34350586 0.5961914
vt 0.34350586 0.5961914
vt 0.34350586 0.5961914
vt 0.34350586 0.5961914
vt 0.34350586 0.5961914
vt 0.34350586 0.5961914
vt 0.34350586 0.5961914
vt 0.34350586 0.5961914
vt 0.34350586 0.5961914
vt 0.34350586 0.5961914
vt 0.34350586 0.5961914
vt 0.34350586 0.5961914
vt 0.34350586 0.5961914
vt 0.34350586 0.5961914
vt 0.34350586 0.5961914
vt 0.34350586 0.5961914
vt 0.34350586 0.5961914
vt 0.34350586 0.5961914
vt 0.34350586 0.5961914
vt 0.34350586 0.5961914
vt 0.34350586 0.5961914
vt 0.34350586 0.5961914
vt 0.34350586 0.5961914
vt 0.34350586 0.5961914
vt 0.34350586 0.5961914
vt 0.34350586 0.5961914
vt 0.34350586 0.5961914
vt 0.34350586 0.5961914
vt 0.34350586 0.5961914
vt 0.34350586 0.5961914
vt 0.34350586 0.5961914
vt 0.34350586 0.5961914
vt 0.34350586 0.5961914
vt 0.34350586 0.5961914
vt 0.34350586 0.5961914
vt 0.34350586 0.5961914
vt 0.34350586 0.5961914
vt 0.34350586 0.5961914
vt 0.34350586 0.5961914
vt 0.34350586 0.5961914
vt 0.34350586 0.5961914
vt 0.34350586 0.5961914
vt 0.34350586 0.5961914
vt 0.34350586 0.5961914
vt 0.34350586 0.5961914
vt 0.34350586 0.5961914
vt 0.34350586 0.5961914
vt 0.34350586 0.5961914
vt 0.34350586 0.5961914
vt 0.34350586 0.5961914
vt 0.34350586 0.5961914
vt 0.34350586 0.5961914
vt 0.34350586 0.5961914
vt 0.34350586 0.5961914
vt 0.34350586 0.5961914
vt 0.34350586 0.5961914
vt 0.34350586 0.5961914
vt 0.34350586 0.5961914
vt 0.34350586 0.5961914
vt 0.34350586 0.5961914
vt 0.34350586 0.5961914
vt 0.34350586 0.5961914
vt 0.34350586 0.5961914
vt 0.34350586 0.5961914
vt 0.34350586 0.5961914
vt 0.34350586 0.5961914
vt 0.34350586 0.5961914
vt 0.34350586 0.5961914
vt 0.34350586 0.5961914
vt 0.34350586 0.5961914
vt 0.34350586 0.5961914
vt 0.46557617 0.78271484
vt 0.46557617 0.78271484
vt 0.46557617 0.78271484
vt 0.46557617 0.78271484
vt 0.46557617 0.78271484
vt 0.46557617 0.78271484
vt 0.46557617 0.78271484
vt 0.46557617 0.78271484
vt 0.46557617 0.78271484
vt 0.46557617 0.78271484
vt 0.46557617 0.78271484
vt 0.46557617 0.78271484
vt 0.46557617 0.78271484
vt 0.46557617 0.78271484
vt 0.46557617 0.78271484
vt 0.46557617 0.78271484
vt 0.46557617 0.78271484
vt 0.46557617 0.78271484
vt 0.46557617 0.78271484
vt 0.46557617 0.78271484
vt 0.46557617 0.78271484
vt 0.46557617 0.78271484
vt 0.46557617 0.78271484
vt 0.46557617 0.78271484
vt 0.46557617 0.78271484
vt 0.46557617 0.78271484
vt 0.46557617 0.78271484
vt 0.34643555 0.6513672
vt 0.34643555 0.6513672
vt 0.34643555 0.6513672
vt 0.34643555 0.6513672
vt 0.34643555 0.6513672
vt 0.34643555 0.6513672
vt 0.34643555 0.6513672
vt 0.34643555 0.6513672
vt 0.34643555 0.6513672
vt 0.34643555 0.6513672
vt 0.34643555 0.6513672
vt 0.34643555 0.6513672
vt 0.34643555 0.6513672
vt 0.34643555 0.6513672
vt 0.34643555 0.6513672
vt 0.34643555 0.6513672
vt 0.34643555 0.6513672
vt 0.34643555 0.6513672
vt 0.34643555 0.6513672
vt 0.34643555 0.6513672
vt 0.34643555 0.6513672
vt 0.34643555 0.6513672
vt 0.34643555 0.6513672
vt 0.34643555 0.6513672
vt 0.34643555 0.6513672
vt 0.34643555 0.6513672
vt 0.34643555 0.6513672
vt 0.34643555 0.6513672
vt 0.34643555 0.6513672
vt 0.34643555 0.6513672
vt 0.34643555 0.6513672
vt 0.34643555 0.6513672
vt 0.34643555 0.6513672
vt 0.34643555 0.6513672
vt 0.34643555 0.6513672
vt 0.34643555 0.6513672
vt 0.34643555 0.6513672
vt 0.34643555 0.6513672
vt 0.34643555 0.6513672
vt 0.34643555 0.6513672
vt 0.34643555 0.6513672
vt 0.34643555 0.6513672
vt 0.34643555 0.6513672
vt 0.34643555 0.6513672
vt 0.34643555 0.6513672
vt 0.34643555 0.6513672
vt 0.34643555 0.6513672
vt 0.34643555 0.6513672
vt 0.34643555 0.6513672
vt 0.34643555 0.6513672
vt 0.34643555 0.6513672
vt 0.34643555 0.6513672
vt 0.34643555 0.6513672
vt 0.34643555 0.6513672
vt 0.34643555 0.6513672
vt 0.34643555 0.6513672
vt 0.34643555 0.6513672
vt 0.34643555 0.6513672
vt 0.34643555 0.6513672
vt 0.34643555 0.6513672
vt 0.34643555 0.6513672
vt 0.34643555 0.6513672
vt 0.34643555 0.6513672
vt 0.34643555 0.6513672
vt 0.34643555 0.6513672
vt 0.34643555 0.6513672
vt 0.34643555 0.6513672
vt 0.34643555 0.6513672
vt 0.34643555 0.6513672
vt 0.34643555 0.6513672
vt 0.34643555 0.6513672
vt 0.34643555 0.6513672
vt 0.34643555 0.6513672
vt 0.34643555 0.6513672
vt 0.34643555 0.6513672
vt 0.34643555 0.6513672
vt 0.34643555 0.6513672
vt 0.34643555 0.6513672
vt 0.34643555 0.6513672
vt 0.34643555 0.6513672
vt 0.34643555 0.6513672
vt 0.34643555 0.6513672
vt 0.34643555 0.6513672
vt 0.34643555 0.6513672
vt 0.34643555 0.6513672
vt 0.34643555 0.6513672
vt 0.34643555 0.6513672
vt 0.34643555 0.6513672
vt 0.34643555 0.6513672
vt 0.34643555 0.6513672
vt 0.34643555 0.6513672
vt 0.34643555 0.6513672
vt 0.34643555 0.6513672
vt 0.34643555 0.6513672
vt 0.34643555 0.6513672
vt 0.34643555 0.6513672
vt 0.34643555 0.6513672
vt 0.34643555 0.6513672
vt 0.34643555 0.6513672
vt 0.34643555 0.6513672
vt 0.34643555 0.6513672
vt 0.34643555 0.6513672
vt 0.34643555 0.6513672
vt 0.34643555 0.6513672
vt 0.34643555 0.6513672
vt 0.34643555 0.6513672
vt 0.34643555 0.6513672
vt 0.34643555 0.6513672
vt 0.34643555 0.6513672
vt 0.34643555 0.6513672
vt 0.34643555 0.6513672
vt 0.34643555 0.6513672
vt 0.33740234 0.6582031
vt 0.33740234 0.6582031
vt 0.33740234 0.6582031
vt 0.33740234 0.6582031
vt 0.33740234 0.6582031
vt 0.33740234 0.6582031
vt 0.33740234 0.6582031
vt 0.33740234 0.6582031
vt 0.33740234 0.6582031
vt 0.33740234 0.6582031
vt 0.33740234 0.6582031
vt 0.33740234 0.6582031
vt 0.33740234 0.6582031
vt 0.33740234 0.6582031
vt 0.33740234 0.6582031
vt 0.33740234 0.6582031
vt 0.33740234 0.6582031
vt 0.33740234 0.6582031
vt 0.33740234 0.6582031
vt 0.33740234 0.6582031
vt 0.33740234 0.6582031
vt 0.33740234 0.6582031
vt 0.33740234 0.6582031
vt 0.33740234 0.6582031
vt 0.33740234 0.6582031
vt 0.33740234 0.6582031
vt 0.33740234 0.6582031
vt 0.33740234 0.6582031
vt 0.33740234 0.6582031
vt 0.33740234 0.6582031
vt 0.33740234 0.6582031
vt 0.33740234 0.6582031
vt 0.33740234 0.6582031
vt 0.33740234 0.6582031
vt 0.33740234 0.6582031
vt 0.33740234 0.6582031
vt 0.33740234 0.6582031
vt 0.33740234 0.6582031
vt 0.33740234 0.6582031
vt 0.33740234 0.6582031
vt 0.33740234 0.6582031
vt 0.33740234 0.6582031
vt 0.33740234 0.6582031
vt 0.33740234 0.6582031
vt 0.33740234 0.6582031
vt 0.33740234 0.6582031
vt 0.33740234 0.6582031
vt 0.33740234 0.6582031
vt 0.33740234 0.6582031
vt 0.33740234 0.6582031
vt 0.33740234 0.6582031
vt 0.33740234 0.6582031
vt 0.33740234 0.6582031
vt 0.33740234 0.6582031
vt 0.33740234 0.6582031
vt 0.33740234 0.6582031
vt 0.33740234 0.6582031
vt 0.33740234 0.6582031
vt 0.33740234 0.6582031
vt 0.33740234 0.6582031
vt 0.33740234 0.6582031
vt 0.33740234 0.6582031
vt 0.33740234 0.6582031
vt 0.33740234 0.6582031
vt 0.33740234 0.6582031
vt 0.33740234 0.6582031
vt 0.33740234 0.6582031
vt 0.33740234 0.6582031
vt 0.33740234 0.6582031
vt 0.33740234 0.6582031
vt 0.33740234 0.6582031
vt 0.33740234 0.6582031
vt 0.33740234 0.6582031
vt 0.33740234 0.6582031
vt 0.33740234 0.6582031
vt 0.33740234 0.6582031
vt 0.33740234 0.6582031
vt 0.33740234 0.6582031
vt 0.33740234 0.6582031
vt 0.33740234 0.6582031
vt 0.33740234 0.6582031
vt 0.33740234 0.6582031
vt 0.33740234 0.6582031
vt 0.33740234 0.6582031
vt 0.33740234 0.6582031
vt 0.33740234 0.6582031
vt 0.33740234 0.6582031
vt 0.33740234 0.6582031
vt 0.33740234 0.6582031
vt 0.33740234 0.6582031
vt 0.33740234 0.6582031
vt 0.33740234 0.6582031
vt 0.33740234 0.6582031
vt 0.33740234 0.6582031
vt 0.33740234 0.6582031
vt 0.33740234 0.6582031
vt 0.33740234 0.6582031
vt 0.33740234 0.6582031
vt 0.33740234 0.6582031
vt 0.33740234 0.6582031
vt 0.33740234 0.6582031
vt 0.33740234 0.6582031
vt 0.33740234 0.6582031
vt 0.33740234 0.6582031
vt 0.33740234 0.6582031
vt 0.33740234 0.6582031
vt 0.33740234 0.6582031
vt 0.33740234 0.6582031
vt 0.33740234 0.6582031
vt 0.33740234 0.6582031
vt 0.46557617 0.78271484
vt 0.46557617 0.78271484
vt 0.46557617 0.78271484
vt 0.46557617 0.78271484
vt 0.46557617 0.78271484
vt 0.46557617 0.78271484
vt 0.46557617 0.78271484
vt 0.46557617 0.78271484
vt 0.46557617 0.78271484
vt 0.46557617 0.78271484
vt 0.46557617 0.78271484
vt 0.46557617 0.78271484
vt 0.46557617 0.78271484
vt 0.46557617 0.78271484
vt 0.46557617 0.78271484
vt 0.46557617 0.78271484
vt 0.46557617 0.78271484
vt 0.46557617 0.78271484
vt 0.46557617 0.78271484
vt 0.46557617 0.78271484
vt 0.46557617 0.78271484
vt 0.46557617 0.78271484
vt 0.46557617 0.78271484
vt 0.46557617 0.78271484
vt 0.46557617 0.78271484
vt 0.46557617 0.78271484
vt 0.46557617 0.78271484
vt 0.22473145 0.84716797
vt 0.22473145 0.84716797
vt 0.22473145 0.84716797
vt 0.22473145 0.84716797
vt 0.22473145 0.84716797
vt 0.22473145 0.84716797
vt 0.22473145 0.84716797
vt 0.22473145 0.84716797
vt 0.22473145 0.84716797
vt 0.22473145 0.84716797
vt 0.22473145 0.84716797
vt 0.22473145 0.84716797
vt 0.22473145 0.84716797
vt 0.22473145 0.84716797
vt 0.22473145 0.84716797
vt 0.22473145 0.84716797
vt 0.22473145 0.84716797
vt 0.22473145 0.84716797
vt 0.22473145 0.84716797
vt 0.22473145 0.84716797
vt 0.22473145 0.84716797
vt 0.22473145 0.84716797
vt 0.22473145 0.84716797
vt 0.22473145 0.84716797
vt 0.08874512 0.9033203
vt 0.08874512 0.9033203
vt 0.08874512 0.9033203
vt 0.08874512 0.9033203
vt 0.08874512 0.9033203
vt 0.08874512 0.9033203
vt 0.08874512 0.9033203
vt 0.08874512 0.9033203
vt 0.08874512 0.9033203
vt 0.08874512 0.9033203
vt 0.08874512 0.9033203
vt 0.08874512 0.9033203
vt 0.08874512 0.9033203
vt 0.08874512 0.9033203
vt 0.08874512 0.9033203
vt 0.08874512 0.9033203
vt 0.08874512 0.9033203
vt 0.08874512 0.9033203
vt 0.08874512 0.9033203
vt 0.08874512 0.9033203
vt 0.08874512 0.9033203
vt 0.08874512 0.9033203
vt 0.08874512 0.9033203
vt 0.08874512 0.9033203
vt 0.08874512 0.9033203
vt 0.08874512 0.9033203
vt 0.08874512 0.9033203
vt 0.08874512 0.9033203
vt 0.08874512 0.9033203
vt 0.08874512 0.9033203
vt 0.08874512 0.9033203
vt 0.08874512 0.9033203
vt 0.08874512 0.9033203
vt 0.08874512 0.9033203
vt 0.08874512 0.9033203
vt 0.08874512 0.9033203
vt 0.08874512 0.9033203
vt 0.08874512 0.9033203
vt 0.08874512 0.9033203
vt 0.08874512 0.9033203
vt 0.08874512 0.9033203
vt 0.08874512 0.9033203
vt 0.08874512 0.9033203
vt 0.08874512 0.9033203
vt 0.08874512 0.9033203
vt 0.08874512 0.9033203
vt 0.08874512 0.9033203
vt 0.08874512 0.9033203
vt 0.08874512 0.9033203
vt 0.08874512 0.9033203
vt 0.08874512 0.9033203
vt 0.08874512 0.9033203
vt 0.08874512 0.9033203
vt 0.08874512 0.9033203
vt 0.08874512 0.9033203
vt 0.08874512 0.9033203
vt 0.08874512 0.9033203
vt 0.08874512 0.9033203
vt 0.08874512 0.9033203
vt 0.08874512 0.9033203
vt 0.08874512 0.9033203
vt 0.08874512 0.9033203
vt 0.08874512 0.9033203
vt 0.08874512 0.9033203
vt 0.08874512 0.9033203
vt 0.08874512 0.9033203
vt 0.08874512 0.9033203
vt 0.08874512 0.9033203
vt 0.08874512 0.9033203
vt 0.08874512 0.9033203
vt 0.08874512 0.9033203
vt 0.08874512 0.9033203
vt 0.08874512 0.9033203
vt 0.08874512 0.9033203
vt 0.08874512 0.9033203
vt 0.08874512 0.9033203
vt 0.08874512 0.9033203
vt 0.08874512 0.9033203
vt 0.08874512 0.9033203
vt 0.08874512 0.9033203
vt 0.08874512 0.9033203
vt 0.08874512 0.9033203
vt 0.08874512 0.9033203
vt 0.08874512 0.9033203
vt 0.08874512 0.9033203
vt 0.08874512 0.9033203
vt 0.08874512 0.9033203
vt 0.08874512 0.9033203
vt 0.08874512 0.9033203
vt 0.08874512 0.9033203
vt 0.08874512 0.9033203
vt 0.08874512 0.9033203
vt 0.08874512 0.9033203
vt 0.08874512 0.9033203
vt 0.08874512 0.9033203
vt 0.08874512 0.9033203
vt 0.08874512 0.9033203
vt 0.08874512 0.9033203
vt 0.08874512 0.9033203
vt 0.08874512 0.9033203
vt 0.08874512 0.9033203
vt 0.08874512 0.9033203
vt 0.08874512 0.9033203
vt 0.08874512 0.9033203
vt 0.08874512 0.9033203
vt 0.08874512 0.9033203
vt 0.08874512 0.9033203
vt 0.08874512 0.9033203
vt 0.08874512 0.9033203
vt 0.08874512 0.9033203
vt 0.08874512 0.9033203
vt 0.08874512 0.9033203
vt 0.08874512 0.9033203
vt 0.08874512 0.9033203
vt 0.08874512 0.9033203
vt 0.22473145 0.84716797
vt 0.22473145 0.84716797
vt 0.22473145 0.84716797
vt 0.22473145 0.84716797
vt 0.22473145 0.84716797
vt 0.22473145 0.84716797
vt 0.22473145 0.84716797
vt 0.22473145 0.84716797
vt 0.22473145 0.84716797
vt 0.22473145 0.84716797
vt 0.22473145 0.84716797
vt 0.22473145 0.84716797
vt 0.22473145 0.84716797
vt 0.22473145 0.84716797
vt 0.22473145 0.84716797
vt 0.22473145 0.84716797
vt 0.22473145 0.84716797
vt 0.22473145 0.84716797
vt 0.22473145 0.84716797
vt 0.22473145 0.84716797
vt 0.22473145 0.84716797
vt 0.22473145 0.84716797
vt 0.22473145 0.84716797
vt 0.22473145 0.84716797
vt 0.46557617 0.78271484
vt 0.46557617 0.78271484
vt 0.46557617 0.78271484
vt 0.46557617 0.78271484
vt 0.46557617 0.78271484
vt 0.46557617 0.78271484
vt 0.46557617 0.78271484
vt 0.46557617 0.78271484
vt 0.46557617 0.78271484
vt 0.46557617 0.78271484
vt 0.46557617 0.78271484
vt 0.46557617 0.78271484
vt 0.46557617 0.78271484
vt 0.46557617 0.78271484
vt 0.46557617 0.78271484
vt 0.46557617 0.78271484
vt 0.46557617 0.78271484
vt 0.46557617 0.78271484
vt 0.46557617 0.78271484
vt 0.46557617 0.78271484
vt 0.46557617 0.78271484
vt 0.46557617 0.78271484
vt 0.46557617 0.78271484
vt 0.46557617 0.78271484
vt 0.46557617 0.78271484
vt 0.46557617 0.78271484
vt 0.46557617 0.78271484
vt 0.46557617 0.78271484
vt 0.46557617 0.78271484
vt 0.46557617 0.78271484
vt 0.46557617 0.78271484
vt 0.46557617 0.78271484
vt 0.46557617 0.78271484
vt 0.46557617 0.78271484
vt 0.46557617 0.78271484
vt 0.46557617 0.78271484
vt 0.46557617 0.78271484
vt 0.46557617 0.78271484
vt 0.46557617 0.78271484
vt 0.46557617 0.78271484
vt 0.46557617 0.78271484
vt 0.46557617 0.78271484
vt 0.46557617 0.78271484
vt 0.46557617 0.78271484
vt 0.46557617 0.78271484
vt 0.46557617 0.78271484
vt 0.28588867 0.5336914
vt 0.28588867 0.5336914
vt 0.28588867 0.5336914
vt 0.28588867 0.5336914
vt 0.28588867 0.5336914
vt 0.28588867 0.5336914
vt 0.28588867 0.5336914
vt 0.28588867 0.5336914
vt 0.28588867 0.5336914
vt 0.28588867 0.5336914
vt 0.28588867 0.5336914
vt 0.28588867 0.5336914
vt 0.28588867 0.5336914
vt 0.28588867 0.5336914
vt 0.28588867 0.5336914
vt 0.28588867 0.5336914
vt 0.28588867 0.5336914
vt 0.28588867 0.5336914
vt 0.28588867 0.5336914
vt 0.28588867 0.5336914
vt 0.28588867 0.5336914
vt 0.28588867 0.5336914
vt 0.28588867 0.5336914
vt 0.28588867 0.5336914
vt 0.28588867 0.5336914
vt 0.28588867 0.5336914
vt 0.28588867 0.5336914
vt 0.28588867 0.5336914
vt 0.28588867 0.5336914
vt 0.28588867 0.5336914
vt 0.28588867 0.5336914
vt 0.28588867 0.5336914
vt 0.28588867 0.5336914
vt 0.28588867 0.5336914
vt 0.28588867 0.5336914
vt 0.28588867 0.5336914
vt 0.28588867 0.5336914
vt 0.28588867 0.5336914
vt 0.28588867 0.5336914
vt 0.28588867 0.5336914
vt 0.28588867 0.5336914
vt 0.28588867 0.5336914
vt 0.28588867 0.5336914
vt 0.28588867 0.5336914
vt 0.28588867 0.5336914
vt 0.28588867 0.5336914
vt 0.28588867 0.5336914
vt 0.28588867 0.5336914
vt 0.28588867 0.5336914
vt 0.28588867 0.5336914
vt 0.28588867 0.5336914
vt 0.28588867 0.5336914
vt 0.28588867 0.5336914
vt 0.28588867 0.5336914
vt 0.28588867 0.5336914
vt 0.28588867 0.5336914
vt 0.08538818 0.93115234
vt 0.08538818 0.93115234
vt 0.08538818 0.93115234
vt 0.08538818 0.93115234
vt 0.08538818 0.93115234
vt 0.08538818 0.93115234
vt 0.08538818 0.93115234
vt 0.08538818 0.93115234
vt 0.08538818 0.93115234
vt 0.08538818 0.93115234
vt 0.08538818 0.93115234
vt 0.08538818 0.93115234
vt 0.08538818 0.93115234
vt 0.08538818 0.93115234
vt 0.08538818 0.93115234
vt 0.08538818 0.93115234
vt 0.08538818 0.93115234
vt 0.08538818 0.93115234
vt 0.08538818 0.93115234
vt 0.08538818 0.93115234
vt 0.08538818 0.93115234
vt 0.08538818 0.93115234
vt 0.08538818 0.93115234
vt 0.08538818 0.93115234
vt 0.08538818 0.93115234
vt 0.08538818 0.93115234
vt 0.08538818 0.93115234
vt 0.08538818 0.93115234
vt 0.08538818 0.93115234
vt 0.08538818 0.93115234
vt 0.08538818 0.93115234
vt 0.08538818 0.93115234
vt 0.08538818 0.93115234
vt 0.08538818 0.93115234
vt 0.08538818 0.93115234
vt 0.08538818 0.93115234
vt 0.08538818 0.93115234
vt 0.08538818 0.93115234
vt 0.08538818 0.93115234
vt 0.08538818 0.93115234
vt 0.08538818 0.93115234
vt 0.08538818 0.93115234
vt 0.08538818 0.93115234
vt 0.08538818 0.93115234
vt 0.08538818 0.93115234
vt 0.08538818 0.93115234
vt 0.08538818 0.93115234
vt 0.08538818 0.93115234
vt 0.08538818 0.93115234
vt 0.08538818 0.93115234
vt 0.08538818 0.93115234
vt 0.08538818 0.93115234
vt 0.08538818 0.93115234
vt 0.08538818 0.93115234
vt 0.08538818 0.93115234
vt 0.08538818 0.93115234
vt 0.08538818 0.93115234
vt 0.08538818 0.93115234
vt 0.08538818 0.93115234
vt 0.08538818 0.93115234
vt 0.08538818 0.93115234
vt 0.08538818 0.93115234
vt 0.08538818 0.93115234
vt 0.08538818 0.93115234
vt 0.08538818 0.93115234
vt 0.08538818 0.93115234
vt 0.08538818 0.93115234
vt 0.08538818 0.93115234
vt 0.08538818 0.93115234
vt 0.08538818 0.93115234
vt 0.08538818 0.93115234
vt 0.08538818 0.93115234
vt 0.08538818 0.93115234
vt 0.08538818 0.93115234
vt 0.08538818 0.93115234
vt 0.08538818 0.93115234
vt 0.08538818 0.93115234
vt 0.08538818 0.93115234
vt 0.08538818 0.93115234
vt 0.08538818 0.93115234
vt 0.08538818 0.93115234
vt 0.08538818 0.93115234
vt 0.08538818 0.93115234
vt 0.08538818 0.93115234
vt 0.08538818 0.93115234
vt 0.08538818 0.93115234
vt 0.08538818 0.93115234
vt 0.08538818 0.93115234
vt 0.08538818 0.93115234
vt 0.08538818 0.93115234
vt 0.08538818 0.93115234
vt 0.08538818 0.93115234
vt 0.08538818 0.93115234
vt 0.08538818 0.93115234
vt 0.08538818 0.93115234
vt 0.08538818 0.93115234
vt 0.09814453 0.9355469
vt 0.09814453 0.9355469
vt 0.09814453 0.9355469
vt 0.09814453 0.9355469
vt 0.09814453 0.9355469
vt 0.09814453 0.9355469
vt 0.09814453 0.9355469
vt 0.09814453 0.9355469
vt 0.09814453 0.9355469
vt 0.09814453 0.9355469
vt 0.09814453 0.9355469
vt 0.09814453 0.9355469
vt 0.09814453 0.9355469
vt 0.09814453 0.9355469
vt 0.09814453 0.9355469
vt 0.09814453 0.9355469
vt 0.09814453 0.9355469
vt 0.09814453 0.9355469
vt 0.09814453 0.9355469
vt 0.09814453 0.9355469
vt 0.09814453 0.9355469
vt 0.09814453 0.9355469
vt 0.09814453 0.9355469
vt 0.09814453 0.9355469
vt 0.09814453 0.9355469
vt 0.09814453 0.9355469
vt 0.09814453 0.9355469
vt 0.09814453 0.9355469
vt 0.09814453 0.9355469
vt 0.09814453 0.9355469
vt 0.09814453 0.9355469
vt 0.09814453 0.9355469
vt 0.09814453 0.9355469
vt 0.09814453 0.9355469
vt 0.09814453 0.9355469
vt 0.09814453 0.9355469
vt 0.09814453 0.9355469
vt 0.09814453 0.9355469
vt 0.09814453 0.9355469
vt 0.09814453 0.9355469
vt 0.09814453 0.9355469
vt 0.09814453 0.9355469
vt 0.09814453 0.9355469
vt 0.09814453 0.9355469
vt 0.09814453 0.9355469
vt 0.09814453 0.9355469
vt 0.09814453 0.9355469
vt 0.09814453 0.9355469
vt 0.09814453 0.9355469
vt 0.09814453 0.9355469
vt 0.09814453 0.9355469
vt 0.09814453 0.9355469
vt 0.09814453 0.9355469
vt 0.09814453 0.9355469
vt 0.09814453 0.9355469
vt 0.09814453 0.9355469
vt 0.09814453 0.9355469
vt 0.09814453 0.9355469
vt 0.09814453 0.9355469
vt 0.09814453 0.9355469
vt 0.09814453 0.9355469
vt 0.09814453 0.9355469
vt 0.09814453 0.9355469
vt 0.09814453 0.9355469
vt 0.09814453 0.9355469
vt 0.09814453 0.9355469
vt 0.09814453 0.9355469
vt 0.09814453 0.9355469
vt 0.09814453 0.9355469
vt 0.09814453 0.9355469
vt 0.09814453 0.9355469
vt 0.09814453 0.9355469
vt 0.09814453 0.9355469
vt 0.09814453 0.9355469
vt 0.09814453 0.9355469
vt 0.09814453 0.9355469
vt 0.09814453 0.9355469
vt 0.09814453 0.9355469
vt 0.09814453 0.9355469
vt 0.09814453 0.9355469
vt 0.09814453 0.9355469
vt 0.09814453 0.9355469
vt 0.09814453 0.9355469
vt 0.09814453 0.9355469
vt 0.09814453 0.9355469
vt 0.09814453 0.9355469
vt 0.09814453 0.9355469
vt 0.09814453 0.9355469
vt 0.09814453 0.9355469
vt 0.09814453 0.9355469
vt 0.09814453 0.9355469
vt 0.09814453 0.9355469
vt 0.09814453 0.9355469
vt 0.09814453 0.9355469
vt 0.09814453 0.9355469
vt 0.09814453 0.9355469
vt 0.08343506 0.9379883
vt 0.08343506 0.9379883
vt 0.08343506 0.9379883
vt 0.08343506 0.9379883
vt 0.08343506 0.9379883
vt 0.08343506 0.9379883
vt 0.08343506 0.9379883
vt 0.08343506 0.9379883
vt 0.08343506 0.9379883
vt 0.08343506 0.9379883
vt 0.08343506 0.9379883
vt 0.08343506 0.9379883
vt 0.08343506 0.9379883
vt 0.08343506 0.9379883
vt 0.08343506 0.9379883
vt 0.08343506 0.9379883
vt 0.08343506 0.9379883
vt 0.08343506 0.9379883
vt 0.08343506 0.9379883
vt 0.08343506 0.9379883
vt 0.08343506 0.9379883
vt 0.08343506 0.9379883
vt 0.08343506 0.9379883
vt 0.08343506 0.9379883
vt 0.08343506 0.9379883
vt 0.08343506 0.9379883
vt 0.08343506 0.9379883
vt 0.08343506 0.9379883
vt 0.08343506 0.9379883
vt 0.08343506 0.9379883
vt 0.08343506 0.9379883
vt 0.08343506 0.9379883
vt 0.08343506 0.9379883
vt 0.08343506 0.9379883
vt 0.08343506 0.9379883
vt 0.08343506 0.9379883
vt 0.08343506 0.9379883
vt 0.08343506 0.9379883
vt 0.08343506 0.9379883
vt 0.08343506 0.9379883
vt 0.08343506 0.9379883
vt 0.08343506 0.9379883
vt 0.08343506 0.9379883
vt 0.08343506 0.9379883
vt 0.08343506 0.9379883
vt 0.08343506 0.9379883
vt 0.08343506 0.9379883
vt 0.08343506 0.9379883
vt 0.08343506 0.9379883
vt 0.08343506 0.9379883
vt 0.08343506 0.9379883
vt 0.08343506 0.9379883
vt 0.08343506 0.9379883
vt 0.08343506 0.9379883
vt 0.08343506 0.9379883
vt 0.08343506 0.9379883
vt 0.08343506 0.9379883
vt 0.08343506 0.9379883
vt 0.08343506 0.9379883
vt 0.08343506 0.9379883
vt 0.08343506 0.9379883
vt 0.08343506 0.9379883
vt 0.08343506 0.9379883
vt 0.08343506 0.9379883
vt 0.08343506 0.9379883
vt 0.08343506 0.9379883
vt 0.08343506 0.9379883
vt 0.08343506 0.9379883
vt 0.08343506 0.9379883
vt 0.08343506 0.9379883
vt 0.08343506 0.9379883
vt 0.08343506 0.9379883
vt 0.08343506 0.9379883
vt 0.08343506 0.9379883
vt 0.08343506 0.9379883
vt 0.08343506 0.9379883
vt 0.08343506 0.9379883
vt 0.08343506 0.9379883
vt 0.08343506 0.9379883
vt 0.08343506 0.9379883
vt 0.08343506 0.9379883
vt 0.08343506 0.9379883
vt 0.08343506 0.9379883
vt 0.08343506 0.9379883
vt 0.08343506 0.9379883
vt 0.08343506 0.9379883
vt 0.08343506 0.9379883
vt 0.08343506 0.9379883
vt 0.08343506 0.9379883
vt 0.08343506 0.9379883
vt 0.08343506 0.9379883
vt 0.08343506 0.9379883
vt 0.08343506 0.9379883
vt 0.08343506 0.9379883
vt 0.08343506 0.9379883
vt 0.08343506 0.9379883
vt 0.08343506 0.9379883
vt 0.08343506 0.9379883
vt 0.08343506 0.9379883
vt 0.08343506 0.9379883
vt 0.08343506 0.9379883
vt 0.08343506 0.9379883
vt 0.08343506 0.9379883
vt 0.08343506 0.9379883
vt 0.08343506 0.9379883
vt 0.08343506 0.9379883
vt 0.08343506 0.9379883
vt 0.08343506 0.9379883
vt 0.08343506 0.9379883
vt 0.08343506 0.9379883
vt 0.08343506 0.9379883
vt 0.08343506 0.9379883
vt 0.08343506 0.9379883
vt 0.08343506 0.9379883
vt 0.08343506 0.9379883
vt 0.08343506 0.9379883
vt 0.08343506 0.9379883
vt 0.08343506 0.9379883
vt 0.08343506 0.9379883
vt 0.08343506 0.9379883
vt 0.08343506 0.9379883
vt 0.08343506 0.9379883
vt 0.08343506 0.9379883
vt 0.08343506 0.9379883
vt 0.08343506 0.9379883
vt 0.08343506 0.9379883
vt 0.08343506 0.9379883
vt 0.08343506 0.9379883
vt 0.095825195 0.8769531
vt 0.095825195 0.8769531
vt 0.095825195 0.8769531
vt 0.095825195 0.8769531
vt 0.095825195 0.8769531
vt 0.095825195 0.8769531
vt 0.095825195 0.8769531
vt 0.095825195 0.8769531
vt 0.095825195 0.8769531
vt 0.095825195 0.8769531
vt 0.095825195 0.8769531
vt 0.095825195 0.8769531
vt 0.095825195 0.8769531
vt 0.095825195 0.8769531
vt 0.095825195 0.8769531
vt 0.095825195 0.8769531
vt 0.095825195 0.8769531
vt 0.095825195 0.8769531
vt 0.095825195 0.8769531
vt 0.095825195 0.8769531
vt 0.095825195 0.8769531
vt 0.095825195 0.8769531
vt 0.095825195 0.8769531
vt 0.095825195 0.8769531
vt 0.095825195 0.8769531
vt 0.095825195 0.8769531
vt 0.095825195 0.8769531
vt 0.095825195 0.8769531
vt 0.15820312 0.83154297
vt 0.15820312 0.83154297
vt 0.15820312 0.83154297
vt 0.15820312 0.83154297
vt 0.15820312 0.83154297
vt 0.15820312 0.83154297
vt 0.15820312 0.83154297
vt 0.15820312 0.83154297
vt 0.15820312 0.83154297
vt 0.15820312 0.83154297
vt 0.15820312 0.83154297
vt 0.15820312 0.83154297
vt 0.15820312 0.83154297
vt 0.15820312 0.83154297
vt 0.15820312 0.83154297
vt 0.15820312 0.83154297
vt 0.15820312 0.83154297
vt 0.15820312 0.83154297
vt 0.15820312 0.83154297
vt 0.15820312 0.83154297
vt 0.15820312 0.83154297
vt 0.15820312 0.83154297
vt 0.15820312 0.83154297
vt 0.15820312 0.83154297
vt 0.15820312 0.83154297
vt 0.15820312 0.83154297
vt 0.15820312 0.83154297
vt 0.15820312 0.83154297
vt 0.15820312 0.83154297
vt 0.15820312 0.83154297
vt 0.15820312 0.83154297
vt 0.15820312 0.83154297
vt 0.15820312 0.83154297
vt 0.15820312 0.83154297
vt 0.15820312 0.83154297
vt 0.15820312 0.83154297
vt 0.15820312 0.83154297
vt 0.15820312 0.83154297
vt 0.15820312 0.83154297
vt 0.15820312 0.83154297
vt 0.15820312 0.83154297
vt 0.15820312 0.83154297
vt 0.15820312 0.83154297
vt 0.15820312 0.83154297
vt 0.15820312 0.83154297
vt 0.15820312 0.83154297
vt 0.15820312 0.83154297
vt 0.15820312 0.83154297
vt 0.15820312 0.83154297
vt 0.15820312 0.83154297
vt 0.15820312 0.83154297
vt 0.15820312 0.83154297
vt 0.15820312 0.83154297
vt 0.15820312 0.83154297
vt 0.15820312 0.83154297
vt 0.15820312 0.83154297
vt 0.15820312 0.83154297
vt 0.15820312 0.83154297
vt 0.15820312 0.83154297
vt 0.15820312 0.83154297
vt 0.15820312 0.83154297
vt 0.15820312 0.83154297
vt 0.15820312 0.83154297
vt 0.15820312 0.83154297
vt 0.15820312 0.83154297
vt 0.15820312 0.83154297
vt 0.15820312 0.83154297
vt 0.15820312 0.83154297
vt 0.15820312 0.83154297
vt 0.15820312 0.83154297
vt 0.15820312 0.83154297
vt 0.15820312 0.83154297
vt 0.15820312 0.83154297
vt 0.15820312 0.83154297
vt 0.15820312 0.83154297
vt 0.15820312 0.83154297
vt 0.15820312 0.83154297
vt 0.15820312 0.83154297
vt 0.15820312 0.83154297
vt 0.15820312 0.83154297
vt 0.15820312 0.83154297
vt 0.15820312 0.83154297
vt 0.15820312 0.83154297
vt 0.15820312 0.83154297
vt 0.15820312 0.83154297
vt 0.15820312 0.83154297
vt 0.15820312 0.83154297
vt 0.15820312 0.83154297
vt 0.15820312 0.83154297
vt 0.15820312 0.83154297
vt 0.15820312 0.83154297
vt 0.15820312 0.83154297
vt 0.15820312 0.83154297
vt 0.15820312 0.83154297
vt 0.15820312 0.83154297
vt 0.15820312 0.83154297
vt 0.15820312 0.83154297
vt 0.15820312 0.83154297
vt 0.15820312 0.83154297
vt 0.15820312 0.83154297
vt 0.15820312 0.83154297
vt 0.15820312 0.83154297
vt 0.15820312 0.83154297
vt 0.15820312 0.83154297
vt 0.15820312 0.83154297
vt 0.15820312 0.83154297
vt 0.15820312 0.83154297
vt 0.15820312 0.83154297
vt 0.15820312 0.83154297
vt 0.15820312 0.83154297
vt 0.15820312 0.83154297
vt 0.15820312 0.83154297
vt 0.15820312 0.83154297
vt 0.15820312 0.83154297
vt 0.15820312 0.83154297
vt 0.15820312 0.83154297
vt 0.15820312 0.83154297
vt 0.15820312 0.83154297
vt 0.15820312 0.83154297
vt 0.15820312 0.83154297
vt 0.15820312 0.83154297
vt 0.15820312 0.83154297
vt 0.15820312 0.83154297
vt 0.15820312 0.83154297
vt 0.15820312 0.83154297
vt 0.15820312 0.83154297
vt 0.15820312 0.83154297
vt 0.15820312 0.83154297
vt 0.15820312 0.83154297
vt 0.15820312 0.83154297
vt 0.15820312 0.83154297
vt 0.15820312 0.83154297
vt 0.15820312 0.83154297
vt 0.15820312 0.83154297
vt 0.15820312 0.83154297
vt 0.15820312 0.83154297
vt 0.15820312 0.83154297
vt 0.15820312 0.83154297
vt 0.15820312 0.83154297
vt 0.15820312 0.83154297
vt 0.15820312 0.83154297
vt 0.15820312 0.83154297
vt 0.15820312 0.83154297
vt 0.15820312 0.83154297
vt 0.15820312 0.83154297
vt 0.15820312 0.83154297
vt 0.15820312 0.83154297
vt 0.15820312 0.83154297
vt 0.15820312 0.83154297
vt 0.15820312 0.83154297
vt 0.15820312 0.83154297
vt 0.15820312 0.83154297
vt 0.15820312 0.83154297
vt 0.15820312 0.83154297
vt 0.15820312 0.83154297
vt 0.15820312 0.83154297
vt 0.15820312 0.83154297
vt 0.15820312 0.83154297
vt 0.15820312 0.83154297
vt 0.15820312 0.83154297
vt 0.15820312 0.83154297
vt 0.15820312 0.83154297
vt 0.15820312 0.83154297
vt 0.15820312 0.83154297
vt 0.15820312 0.83154297
vt 0.15820312 0.83154297
vt 0.15820312 0.83154297
vt 0.15820312 0.83154297
vt 0.15820312 0.83154297
vt 0.15820312 0.83154297
vt 0.15820312 0.83154297
vt 0.15820312 0.83154297
vt 0.15820312 0.83154297
vt 0.15820312 0.83154297
vt 0.15820312 0.83154297
vt 0.15820312 0.83154297
vt 0.15820312 0.83154297
vt 0.15820312 0.83154297
vt 0.15820312 0.83154297
vt 0.15820312 0.83154297
vt 0.15820312 0.83154297
vt 0.15820312 0.83154297
vt 0.15820312 0.83154297
vt 0.15820312 0.83154297
vt 0.15820312 0.83154297
vt 0.15820312 0.83154297
vt 0.15820312 0.83154297
vt 0.15820312 0.83154297
vt 0.15820312 0.83154297
vt 0.15820312 0.83154297
vt 0.15820312 0.83154297
vt 0.15820312 0.83154297
vt 0.15820312 0.83154297
vt 0.15820312 0.83154297
vt 0.15820312 0.83154297
vt 0.15820312 0.83154297
vt 0.15820312 0.83154297
vt 0.15820312 0.83154297
vt 0.15820312 0.83154297
vt 0.15820312 0.83154297
vt 0.15820312 0.83154297
vt 0.15820312 0.83154297
vt 0.15820312 0.83154297
vt 0.15820312 0.83154297
vt 0.15820312 0.83154297
vt 0.15820312 0.83154297
vt 0.15820312 0.83154297
vt 0.15820312 0.83154297
vt 0.15820312 0.83154297
vt 0.15820312 0.83154297
vt 0.15820312 0.83154297
vt 0.15820312 0.83154297
vt 0.15820312 0.83154297
vt 0.15820312 0.83154297
vt 0.15820312 0.83154297
vt 0.15820312 0.83154297
vt 0.15820312 0.83154297
vt 0.15820312 0.83154297
vt 0.15820312 0.83154297
vt 0.15820312 0.83154297
vt 0.15820312 0.83154297
vt 0.15820312 0.83154297
vt 0.15820312 0.83154297
vt 0.15820312 0.83154297
vt 0.15820312 0.83154297
vt 0.15820312 0.83154297
vt 0.15820312 0.83154297
vt 0.15820312 0.83154297
vt 0.15820312 0.83154297
vt 0.15820312 0.83154297
vt 0.15820312 0.83154297
vt 0.15820312 0.83154297
vt 0.15820312 0.83154297
vt 0.15820312 0.83154297
vt 0.15820312 0.83154297
vt 0.15820312 0.83154297
vt 0.15820312 0.83154297
vt 0.15820312 0.83154297
vt 0.15820312 0.83154297
vt 0.15820312 0.83154297
vt 0.15820312 0.83154297
vt 0.15820312 0.83154297
vt 0.15820312 0.83154297
vt 0.15820312 0.83154297
vt 0.15820312 0.83154297
vt 0.15820312 0.83154297
vt 0.15820312 0.83154297
vt 0.15820312 0.83154297
vt 0.15820312 0.83154297
vt 0.15820312 0.83154297
vt 0.15820312 0.83154297
vt 0.15820312 0.83154297
vt 0.15820312 0.83154297
vt 0.15820312 0.83154297
vt 0.15820312 0.83154297
vt 0.15820312 0.83154297
vt 0.15820312 0.83154297
vt 0.15820312 0.83154297
vt 0.15820312 0.83154297
vt 0.15820312 0.83154297
vt 0.15820312 0.83154297
vt 0.15820312 0.83154297
vt 0.15820312 0.83154297
vt 0.15820312 0.83154297
vt 0.15820312 0.83154297
vt 0.15820312 0.83154297
vt 0.15820312 0.83154297
vt 0.15820312 0.83154297
vt 0.15820312 0.83154297
vt 0.15820312 0.83154297
vt 0.15820312 0.83154297
vt 0.15820312 0.83154297
vt 0.15820312 0.83154297
vt 0.15820312 0.83154297
vt 0.15820312 0.83154297
vt 0.15820312 0.83154297
vt 0.15820312 0.83154297
vt 0.15820312 0.83154297
vt 0.15820312 0.83154297
vt 0.15820312 0.83154297
vt 0.15820312 0.83154297
vt 0.15820312 0.83154297
vt 0.15820312 0.83154297
vt 0.15820312 0.83154297
vt 0.15820312 0.83154297
vt 0.15820312 0.83154297
vt 0.15820312 0.83154297
vt 0.15820312 0.83154297
vt 0.15820312 0.83154297
vt 0.15820312 0.83154297
vt 0.15820312 0.83154297
vt 0.15820312 0.83154297
vt 0.08343506 0.9379883
vt 0.08343506 0.9379883
vt 0.08343506 0.9379883
vt 0.08343506 0.9379883
vt 0.08343506 0.9379883
vt 0.08343506 0.9379883
vt 0.08343506 0.9379883
vt 0.08343506 0.9379883
vt 0.08343506 0.9379883
vt 0.08343506 0.9379883
vt 0.08343506 0.9379883
vt 0.08343506 0.9379883
vt 0.08343506 0.9379883
vt 0.08343506 0.9379883
vt 0.08343506 0.9379883
vt 0.08343506 0.9379883
vt 0.08343506 0.9379883
vt 0.08343506 0.9379883
vt 0.08343506 0.9379883
vt 0.08343506 0.9379883
vt 0.08343506 0.9379883
vt 0.08343506 0.9379883
vt 0.08343506 0.9379883
vt 0.08343506 0.9379883
vt 0.08343506 0.9379883
vt 0.08343506 0.9379883
vt 0.08343506 0.9379883
vt 0.08343506 0.9379883
vt 0.08343506 0.9379883
vt 0.08343506 0.9379883
vt 0.08343506 0.9379883
vt 0.08343506 0.9379883
vt 0.08343506 0.9379883
vt 0.08343506 0.9379883
vt 0.08343506 0.9379883
vt 0.08343506 0.9379883
vt 0.08343506 0.9379883
vt 0.08343506 0.9379883
vt 0.08343506 0.9379883
vt 0.08343506 0.9379883
vt 0.08343506 0.9379883
vt 0.08343506 0.9379883
vt 0.08343506 0.9379883
vt 0.08343506 0.9379883
vt 0.08343506 0.9379883
vt 0.08343506 0.9379883
vt 0.08343506 0.9379883
vt 0.08343506 0.9379883
vt 0.08343506 0.9379883
vt 0.08343506 0.9379883
vt 0.08343506 0.9379883
vt 0.08343506 0.9379883
vt 0.08343506 0.9379883
vt 0.08343506 0.9379883
vt 0.08343506 0.9379883
vt 0.08343506 0.9379883
vt 0.08343506 0.9379883
vt 0.08343506 0.9379883
vt 0.08343506 0.9379883
vt 0.08343506 0.9379883
vt 0.08343506 0.9379883
vt 0.08343506 0.9379883
vt 0.08343506 0.9379883
vt 0.08343506 0.9379883
vt 0.08343506 0.8496094
vt 0.08343506 0.8496094
vt 0.08343506 0.8496094
vt 0.08343506 0.8496094
vt 0.08343506 0.8496094
vt 0.08343506 0.8496094
vt 0.08343506 0.8496094
vt 0.08343506 0.8496094
vt 0.08343506 0.8496094
vt 0.08343506 0.8496094
vt 0.08343506 0.8496094
vt 0.08343506 0.8496094
vt 0.08343506 0.8496094
vt 0.08343506 0.8496094
vt 0.08343506 0.8496094
vt 0.08343506 0.8496094
vt 0.08343506 0.8496094
vt 0.08343506 0.8496094
vt 0.08343506 0.8496094
vt 0.08343506 0.8496094
vt 0.08343506 0.8496094
vt 0.08343506 0.8496094
vt 0.08343506 0.8496094
vt 0.08343506 0.8496094
vt 0.08343506 0.8496094
vt 0.08343506 0.8496094
vt 0.08343506 0.8496094
vt 0.08343506 0.8496094
vt 0.08343506 0.8496094
vt 0.08343506 0.8496094
vt 0.08343506 0.8496094
vt 0.08343506 0.8496094
vt 0.08343506 0.8496094
vt 0.08343506 0.8496094
vt 0.08343506 0.8496094
vt 0.08343506 0.8496094
vt 0.08343506 0.8496094
vt 0.08343506 0.8496094
vt 0.08343506 0.8496094
vt 0.08343506 0.8496094
vt 0.08343506 0.8496094
vt 0.08343506 0.8496094
vt 0.08343506 0.8496094
vt 0.08343506 0.8496094
vt 0.08343506 0.8496094
vt 0.08343506 0.8496094
vt 0.08343506 0.8496094
vt 0.08343506 0.8496094
vt 0.08343506 0.8496094
vt 0.08343506 0.8496094
vt 0.08343506 0.8496094
vt 0.08343506 0.8496094
vt 0.08343506 0.8496094
vt 0.08343506 0.8496094
vt 0.08343506 0.8496094
vt 0.08343506 0.8496094
vt 0.08343506 0.8496094
vt 0.08343506 0.8496094
vt 0.08343506 0.8496094
vt 0.08343506 0.8496094
vt 0.08343506 0.8496094
vt 0.08343506 0.8496094
vt 0.08343506 0.8496094
vt 0.08343506 0.8496094
vt 0.35107422 0.7211914
vt 0.35107422 0.7211914
vt 0.35107422 0.7211914
vt 0.35107422 0.7211914
vt 0.35107422 0.7211914
vt 0.35107422 0.7211914
vt 0.35107422 0.7211914
vt 0.35107422 0.7211914
vt 0.35107422 0.7211914
vt 0.35107422 0.7211914
vt 0.35107422 0.7211914
vt 0.35107422 0.7211914
vt 0.35107422 0.7211914
vt 0.35107422 0.7211914
vt 0.35107422 0.7211914
vt 0.35107422 0.7211914
vt 0.35107422 0.7211914
vt 0.35107422 0.7211914
vt 0.35107422 0.7211914
vt 0.35107422 0.7211914
vt 0.35107422 0.7211914
vt 0.35107422 0.7211914
vt 0.35107422 0.7211914
vt 0.35107422 0.7211914
vt 0.35107422 0.7211914
vt 0.35107422 0.7211914
vt 0.35107422 0.7211914
vt 0.35107422 0.7211914
vt 0.35107422 0.7211914
vt 0.35107422 0.7211914
vt 0.35107422 0.7211914
vt 0.35107422 0.7211914
vt 0.35107422 0.7211914
vt 0.35107422 0.7211914
vt 0.35107422 0.7211914
vt 0.35107422 0.7211914
vt 0.35107422 0.7211914
vt 0.35107422 0.7211914
vt 0.35107422 0.7211914
vt 0.35107422 0.7211914
vt 0.35107422 0.7211914
vt 0.35107422 0.7211914
vt 0.35107422 0.7211914
vt 0.35107422 0.7211914
vt 0.35107422 0.7211914
vt 0.35107422 0.7211914
vt 0.35107422 0.7211914
vt 0.35107422 0.7211914
vt 0.35107422 0.7211914
vt 0.35107422 0.7211914
vt 0.35107422 0.7211914
vt 0.35107422 0.7211914
vt 0.35107422 0.7211914
vt 0.35107422 0.7211914
vt 0.35107422 0.7211914
vt 0.35107422 0.7211914
vt 0.35107422 0.7211914
vt 0.35107422 0.7211914
vt 0.35107422 0.7211914
vt 0.35107422 0.7211914
vt 0.35107422 0.7211914
vt 0.35107422 0.7211914
vt 0.35107422 0.7211914
vt 0.35107422 0.7211914
vt 0.095825195 0.8769531
vt 0.095825195 0.8769531
vt 0.095825195 0.8769531
vt 0.095825195 0.8769531
vt 0.095825195 0.8769531
vt 0.095825195 0.8769531
vt 0.095825195 0.8769531
vt 0.095825195 0.8769531
vt 0.095825195 0.8769531
vt 0.095825195 0.8769531
vt 0.095825195 0.8769531
vt 0.095825195 0.8769531
vt 0.095825195 0.8769531
vt 0.095825195 0.8769531
vt 0.095825195 0.8769531
vt 0.095825195 0.8769531
vt 0.095825195 0.8769531
vt 0.095825195 0.8769531
vt 0.095825195 0.8769531
vt 0.095825195 0.8769531
vt 0.095825195 0.8769531
vt 0.095825195 0.8769531
vt 0.095825195 0.8769531
vt 0.095825195 0.8769531
vt 0.095825195 0.8769531
vt 0.095825195 0.8769531
vt 0.095825195 0.8769531
vt 0.095825195 0.8769531
vt 0.095825195 0.8769531
vt 0.095825195 0.8769531
vt 0.095825195 0.8769531
vt 0.095825195 0.8769531
vt 0.095825195 0.8769531
vt 0.095825195 0.8769531
vt 0.095825195 0.8769531
vt 0.095825195 0.8769531
vt 0.095825195 0.8769531
vt 0.095825195 0.8769531
vt 0.095825195 0.8769531
vt 0.095825195 0.8769531
vt 0.095825195 0.8769531
vt 0.095825195 0.8769531
vt 0.095825195 0.8769531
vt 0.095825195 0.8769531
vt 0.22229004 0.65234375
vt 0.19958496 0.7080078
vt 0.22265625 0.7036133
vt 0.19824219 0.6513672
vt 0.21459961 0.60546875
vt 0.1743164 0.71240234
vt 0.19299316 0.60058594
vt 0.20593262 0.5761719
vt 0.1887207 0.5649414
vt 0.17321777 0.6508789
vt 0.14953613 0.71435547
vt 0.16992188 0.5957031
vt 0.1673584 0.5566406
vt 0.14904785 0.6508789
vt 0.12561035 0.71533203
vt 0.14746094 0.5932617
vt 0.14624023 0.5522461
vt 0.12561035 0.6508789
vt 0.12561035 0.59277344
vt 0.12561035 0.55126953
vt 0.10510254 0.5522461
vt 0.1038208 0.5932617
vt 0.08392334 0.5566406
vt 0.10229492 0.6508789
vt 0.10168457 0.71435547
vt 0.08135986 0.5957031
vt 0.062561035 0.5649414
vt 0.078125 0.6508789
vt 0.07702637 0.71240234
vt 0.05831909 0.60058594
vt 0.045410156 0.5761719
vt 0.03665161 0.60546875
vt 0.053100586 0.6513672
vt 0.051757812 0.7080078
vt 0.0289917 0.65234375
vt 0.028579712 0.7036133
vt 0.050354004 0.5576172
vt 0.050354004 0.5576172
vt 0.050354004 0.5576172
vt 0.050354004 0.5576172
vt 0.050354004 0.5576172
vt 0.050354004 0.5576172
vt 0.050354004 0.5576172
vt 0.050354004 0.5576172
vt 0.050354004 0.5576172
vt 0.050354004 0.5576172
vt 0.050354004 0.5576172
vt 0.050354004 0.5576172
vt 0.050354004 0.5576172
vt 0.050354004 0.5576172
vt 0.050354004 0.5576172
vt 0.050354004 0.5576172
vt 0.050354004 0.5576172
vt 0.050354004 0.5576172
vt 0.050354004 0.5576172
vt 0.050354004 0.5576172
vt 0.050354004 0.5576172
vt 0.050354004 0.5576172
vt 0.050354004 0.5576172
vt 0.050354004 0.5576172
vt 0.050354004 0.5576172
vt 0.050354004 0.5576172
vt 0.050354004 0.5576172
vt 0.050354004 0.5576172
vt 0.050354004 0.5576172
vt 0.050354004 0.5576172
vt 0.050354004 0.5576172
vt 0.050354004 0.5576172
vt 0.050354004 0.5576172
vt 0.050354004 0.5576172
vt 0.050354004 0.5576172
vt 0.050354004 0.5576172
vt 0.050354004 0.5576172
vt 0.050354004 0.5576172
vt 0.050354004 0.5576172
vt 0.050354004 0.5576172
vt 0.050354004 0.5576172
vt 0.050354004 0.5576172
vt 0.050354004 0.5576172
vt 0.050354004 0.5576172
vt 0.050354004 0.5576172
vt 0.050354004 0.5576172
vt 0.050354004 0.5576172
vt 0.050354004 0.5576172
vt 0.050354004 0.5576172
vt 0.050354004 0.5576172
vt 0.050354004 0.5576172
vt 0.050354004 0.5576172
vt 0.050354004 0.5576172
vt 0.050354004 0.5576172
vt 0.050354004 0.5576172
vt 0.050354004 0.5576172
vt 0.050354004 0.5576172
vt 0.050354004 0.5576172
vt 0.050354004 0.5576172
vt 0.050354004 0.5576172
vt 0.050354004 0.5576172
vt 0.050354004 0.5576172
vt 0.050354004 0.5576172
vt 0.050354004 0.5576172
vt 0.050354004 0.5576172
vt 0.050354004 0.5576172
vt 0.050354004 0.5576172
vt 0.050354004 0.5576172
vt 0.050354004 0.5576172
vt 0.050354004 0.5576172
vt 0.050354004 0.5576172
vt 0.050354004 0.5576172
vt 0.050354004 0.5576172
vt 0.050354004 0.5576172
vt 0.050354004 0.5576172
vt 0.050354004 0.5576172
vt 0.050354004 0.5576172
vt 0.050354004 0.5576172
vt 0.050354004 0.5576172
vt 0.050354004 0.5576172
vt 0.050354004 0.5576172
vt 0.050354004 0.5576172
vt 0.050354004 0.5576172
vt 0.050354004 0.5576172
vt 0.050354004 0.5576172
vt 0.050354004 0.5576172
vt 0.050354004 0.5576172
vt 0.050354004 0.5576172
vt 0.050354004 0.5576172
vt 0.050354004 0.5576172
vt 0.050354004 0.5576172
vt 0.050354004 0.5576172
vt 0.050354004 0.5576172
vt 0.050354004 0.5576172
vt 0.050354004 0.5576172
vt 0.050354004 0.5576172
vt 0.050354004 0.5576172
vt 0.050354004 0.5576172
vt 0.050354004 0.5576172
vt 0.050354004 0.5576172
vt 0.050354004 0.5576172
vt 0.050354004 0.5576172
vt 0.050354004 0.5576172
vt 0.050354004 0.5576172
vt 0.050354004 0.5576172
vt 0.050354004 0.5576172
vt 0.050354004 0.5576172
vt 0.050354004 0.5576172
vt 0.050354004 0.5576172
vt 0.050354004 0.5576172
vt 0.050354004 0.5576172
vt 0.050354004 0.5576172
vt 0.050354004 0.5576172
vt 0.050354004 0.5576172
vt 0.050354004 0.5576172
vt 0.050354004 0.5576172
vt 0.050354004 0.5576172
vt 0.050354004 0.5576172
vt 0.050354004 0.5576172
vt 0.050354004 0.5576172
vt 0.050354004 0.5576172
vt 0.050354004 0.5576172
vt 0.050354004 0.5576172
vt 0.050354004 0.5576172
vt 0.050354004 0.5576172
vt 0.050354004 0.5576172
vt 0.050354004 0.5576172
vt 0.050354004 0.5576172
vt 0.050354004 0.5576172
vt 0.050354004 0.5576172
vt 0.050354004 0.5576172
vt 0.050354004 0.5576172
vt 0.050354004 0.5576172
vt 0.050354004 0.5576172
vt 0.050354004 0.5576172
vt 0.050354004 0.5576172
vt 0.050354004 0.5576172
vt 0.050354004 0.5576172
vt 0.050354004 0.5576172
vt 0.050354004 0.5576172
vt 0.050354004 0.5576172
vt 0.050354004 0.5576172
vt 0.050354004 0.5576172
vt 0.050354004 0.5576172
vt 0.050354004 0.5576172
vt 0.050354004 0.5576172
vt 0.050354004 0.5576172
vt 0.050354004 0.5576172
vt 0.050354004 0.5576172
vt 0.050354004 0.5576172
vt 0.050354004 0.5576172
vt 0.050354004 0.5576172
vt 0.050354004 0.5576172
vt 0.050354004 0.5576172
vt 0.050354004 0.5576172
vt 0.050354004 0.5576172
vt 0.050354004 0.5576172
vt 0.050354004 0.5576172
vt 0.050354004 0.5576172
vt 0.050354004 0.5576172
vt 0.050354004 0.5576172
vt 0.050354004 0.5576172
vt 0.050354004 0.5576172
vt 0.050354004 0.5576172
vt 0.050354004 0.5576172
vt 0.050354004 0.5576172
vt 0.050354004 0.5576172
vt 0.050354004 0.5576172
vt 0.050354004 0.5576172
vt 0.050354004 0.5576172
vt 0.050354004 0.5576172
vt 0.050354004 0.5576172
vt 0.050354004 0.5576172
vt 0.050354004 0.5576172
vt 0.050354004 0.5576172
vt 0.050354004 0.5576172
vt 0.050354004 0.5576172
vt 0.050354004 0.5576172
vt 0.050354004 0.5576172
vt 0.050354004 0.5576172
vt 0.050354004 0.5576172
vt 0.050354004 0.5576172
vt 0.050354004 0.5576172
vt 0.050354004 0.5576172
vt 0.050354004 0.5576172
vt 0.050354004 0.5576172
vt 0.050354004 0.5576172
vt 0.050354004 0.5576172
vt 0.050354004 0.5576172
vt 0.050354004 0.5576172
vt 0.050354004 0.5576172
vt 0.050354004 0.5576172
vt 0.050354004 0.5576172
vt 0.050354004 0.5576172
vt 0.050354004 0.5576172
vt 0.050354004 0.5576172
vt 0.050354004 0.5576172
vt 0.050354004 0.5576172
vt 0.050354004 0.5576172
vt 0.050354004 0.5576172
vt 0.050354004 0.5576172
vt 0.050354004 0.5576172
vt 0.050354004 0.5576172
vt 0.050354004 0.5576172
vt 0.050354004 0.5576172
vt 0.050354004 0.5576172
vt 0.050354004 0.5576172
vt 0.050354004 0.5576172
vt 0.050354004 0.5576172
vt 0.050354004 0.5576172
vt 0.050354004 0.5576172
vt 0.050354004 0.5576172
vt 0.050354004 0.5576172
vt 0.050354004 0.5576172
vt 0.050354004 0.5576172
vt 0.050354004 0.5576172
vt 0.050354004 0.5576172
vt 0.050354004 0.5576172
vt 0.050354004 0.5576172
vt 0.050354004 0.5576172
vt 0.050354004 0.5576172
vt 0.050354004 0.5576172
vt 0.050354004 0.5576172
vt 0.050354004 0.5576172
vt 0.050354004 0.5576172
vt 0.050354004 0.5576172
vt 0.050354004 0.5576172
vt 0.050354004 0.5576172
vt 0.050354004 0.5576172
vt 0.050354004 0.5576172
vt 0.050354004 0.5576172
vt 0.050354004 0.5576172
vt 0.050354004 0.5576172
vt 0.050354004 0.5576172
vt 0.050354004 0.5576172
vt 0.050354004 0.5576172
vt 0.050354004 0.5576172
vt 0.050354004 0.5576172
vt 0.050354004 0.5576172
vt 0.050354004 0.5576172
vt 0.050354004 0.5576172
vt 0.050354004 0.5576172
vt 0.050354004 0.5576172
vt 0.050354004 0.5576172
vt 0.050354004 0.5576172
vt 0.050354004 0.5576172
vt 0.050354004 0.5576172
vt 0.050354004 0.5576172
vt 0.050354004 0.5576172
vt 0.050354004 0.5576172
vt 0.050354004 0.5576172
vt 0.050354004 0.5576172
vt 0.050354004 0.5576172
vt 0.050354004 0.5576172
vt 0.050354004 0.5576172
vt 0.050354004 0.5576172
vt 0.050354004 0.5576172
vt 0.050354004 0.5576172
vt 0.050354004 0.5576172
vt 0.050354004 0.5576172
vt 0.050354004 0.5576172
vt 0.050354004 0.5576172
vt 0.050354004 0.5576172
vt 0.050354004 0.5576172
vt 0.050354004 0.5576172
vt 0.050354004 0.5576172
vt 0.050354004 0.5576172
vt 0.050354004 0.5576172
vt 0.050354004 0.5576172
vt 0.050354004 0.5576172
vt 0.050354004 0.5576172
vt 0.050354004 0.5576172
vt 0.050354004 0.5576172
vt 0.050354004 0.5576172
vt 0.050354004 0.5576172
vt 0.050354004 0.5576172
vt 0.050354004 0.5576172
vt 0.050354004 0.5576172
vt 0.050354004 0.5576172
vt 0.050354004 0.5576172
vt 0.050354004 0.5576172
vt 0.050354004 0.5576172
vt 0.050354004 0.5576172
vt 0.050354004 0.5576172
vt 0.050354004 0.5576172
vt 0.050354004 0.5576172
vt 0.050354004 0.5576172
vt 0.050354004 0.5576172
vt 0.050354004 0.5576172
vt 0.050354004 0.5576172
vt 0.050354004 0.5576172
vt 0.050354004 0.5576172
vt 0.050354004 0.5576172
vt 0.050354004 0.5576172
vt 0.050354004 0.5576172
vt 0.050354004 0.5576172
vt 0.050354004 0.5576172
vt 0.050354004 0.5576172
vt 0.050354004 0.5576172
vt 0.050354004 0.5576172
vt 0.050354004 0.5576172
vt 0.050354004 0.5576172
vt 0.050354004 0.5576172
vt 0.050354004 0.5576172
vt 0.050354004 0.5576172
vt 0.050354004 0.5576172
vt 0.050354004 0.5576172
vt 0.050354004 0.5576172
vt 0.050354004 0.5576172
vt 0.050354004 0.5576172
vt 0.050354004 0.5576172
vt 0.050354004 0.5576172
vt 0.050354004 0.5576172
vt 0.050354004 0.5576172
vt 0.050354004 0.5576172
vt 0.050354004 0.5576172
vt 0.050354004 0.5576172
vt 0.050354004 0.5576172
vt 0.050354004 0.5576172
vt 0.050354004 0.5576172
vt 0.050354004 0.5576172
vt 0.050354004 0.5576172
vt 0.050354004 0.5576172
vt 0.050354004 0.5576172
vt 0.050354004 0.5576172
vt 0.050354004 0.5576172
vt 0.050354004 0.5576172
vt 0.050354004 0.5576172
vt 0.050354004 0.5576172
vt 0.050354004 0.5576172
vt 0.050354004 0.5576172
vt 0.050354004 0.5576172
vt 0.050354004 0.5576172
vt 0.050354004 0.5576172
vt 0.050354004 0.5576172
vt 0.050354004 0.5576172
vt 0.050354004 0.5576172
vt 0.050354004 0.5576172
vt 0.050354004 0.5576172
vt 0.050354004 0.5576172
vt 0.050354004 0.5576172
vt 0.050354004 0.5576172
vt 0.050354004 0.5576172
vt 0.050354004 0.5576172
vt 0.050354004 0.5576172
vt 0.050354004 0.5576172
vt 0.050354004 0.5576172
vt 0.050354004 0.5576172
vt 0.050354004 0.5576172
vt 0.050354004 0.5576172
vt 0.050354004 0.5576172
vt 0.050354004 0.5576172
vt 0.050354004 0.5576172
vt 0.050354004 0.5576172
vt 0.050354004 0.5576172
vt 0.050354004 0.5576172
vt 0.050354004 0.5576172
vt 0.050354004 0.5576172
vt 0.050354004 0.5576172
vt 0.050354004 0.5576172
vt 0.050354004 0.5576172
vt 0.050354004 0.5576172
vt 0.050354004 0.5576172
vt 0.050354004 0.5576172
vt 0.050354004 0.5576172
vt 0.050354004 0.5576172
vt 0.050354004 0.5576172
vt 0.050354004 0.5576172
vt 0.050354004 0.5576172
vt 0.050354004 0.5576172
vt 0.050354004 0.5576172
vt 0.050354004 0.5576172
vt 0.050354004 0.5576172
vt 0.050354004 0.5576172
vt 0.050354004 0.5576172
vt 0.050354004 0.5576172
vt 0.050354004 0.5576172
vt 0.050354004 0.5576172
vt 0.050354004 0.5576172
vt 0.050354004 0.5576172
vt 0.050354004 0.5576172
vt 0.050354004 0.5576172
vt 0.050354004 0.5576172
vt 0.050354004 0.5576172
vt 0.050354004 0.5576172
vt 0.050354004 0.5576172
vt 0.050354004 0.5576172
vt 0.050354004 0.5576172
vt 0.050354004 0.5576172
vt 0.050354004 0.5576172
vt 0.050354004 0.5576172
vt 0.050354004 0.5576172
vt 0.050354004 0.5576172
vt 0.050354004 0.5576172
vt 0.050354004 0.5576172
vt 0.050354004 0.5576172
vt 0.050354004 0.5576172
vt 0.050354004 0.5576172
vt 0.050354004 0.5576172
vt 0.050354004 0.5576172
vt 0.050354004 0.5576172
vt 0.050354004 0.5576172
vt 0.050354004 0.5576172
vt 0.050354004 0.5576172
vt 0.050354004 0.5576172
vt 0.050354004 0.5576172
vt 0.050354004 0.5576172
vt 0.050354004 0.5576172
vt 0.050354004 0.5576172
vt 0.050354004 0.5576172
vt 0.050354004 0.5576172
vt 0.050354004 0.5576172
vt 0.050354004 0.5576172
vt 0.050354004 0.5576172
vt 0.050354004 0.5576172
vt 0.050354004 0.5576172
vt 0.050354004 0.5576172
vt 0.050354004 0.5576172
vt 0.050354004 0.5576172
vt 0.050354004 0.5576172
vt 0.050354004 0.5576172
vt 0.050354004 0.5576172
vt 0.050354004 0.5576172
vt 0.050354004 0.5576172
vt 0.050354004 0.5576172
vt 0.050354004 0.5576172
vt 0.050354004 0.5576172
vt 0.050354004 0.5576172
vt 0.050354004 0.5576172
vt 0.050354004 0.5576172
vt 0.050354004 0.5576172
vt 0.050354004 0.5576172
vt 0.050354004 0.5576172
vt 0.050354004 0.5576172
vt 0.050354004 0.5576172
vt 0.050354004 0.5576172
vt 0.050354004 0.5576172
vt 0.050354004 0.5576172
vt 0.050354004 0.5576172
vt 0.050354004 0.5576172
vt 0.050354004 0.5576172
vt 0.050354004 0.5576172
vt 0.050354004 0.5576172
vt 0.050354004 0.5576172
vt 0.050354004 0.5576172
vt 0.050354004 0.5576172
vt 0.050354004 0.5576172
vt 0.050354004 0.5576172
vt 0.050354004 0.5576172
vt 0.050354004 0.5576172
vt 0.050354004 0.5576172
vt 0.050354004 0.5576172
vt 0.050354004 0.5576172
vt 0.050354004 0.5576172
vt 0.050354004 0.5576172
vt 0.050354004 0.5576172
vt 0.050354004 0.5576172
vt 0.050354004 0.5576172
vt 0.050354004 0.5576172
vt 0.050354004 0.5576172
vt 0.050354004 0.5576172
vt 0.050354004 0.5576172
vt 0.050354004 0.5576172
vt 0.050354004 0.5576172
vt 0.050354004 0.5576172
vt 0.050354004 0.5576172
vt 0.050354004 0.5576172
vt 0.050354004 0.5576172
vt 0.050354004 0.5576172
vt 0.050354004 0.5576172
vt 0.050354004 0.5576172
vt 0.050354004 0.5576172
vt 0.050354004 0.5576172
vt 0.050354004 0.5576172
vt 0.050354004 0.5576172
vt 0.050354004 0.5576172
vt 0.050354004 0.5576172
vt 0.050354004 0.5576172
vt 0.050354004 0.5576172
vt 0.050354004 0.5576172
vt 0.050354004 0.5576172
vt 0.050354004 0.5576172
vt 0.050354004 0.5576172
vt 0.050354004 0.5576172
vt 0.050354004 0.5576172
vt 0.050354004 0.5576172
vt 0.050354004 0.5576172
vt 0.050354004 0.5576172
vt 0.050354004 0.5576172
vt 0.050354004 0.5576172
vt 0.050354004 0.5576172
vt 0.050354004 0.5576172
vt 0.050354004 0.5576172
vt 0.050354004 0.5576172
vt 0.050354004 0.5576172
vt 0.050354004 0.5576172
vt 0.050354004 0.5576172
vt 0.050354004 0.5576172
vt 0.050354004 0.5576172
vt 0.050354004 0.5576172
vt 0.050354004 0.5576172
vt 0.050354004 0.5576172
vt 0.050354004 0.5576172
vt 0.050354004 0.5576172
vt 0.050354004 0.5576172
vt 0.050354004 0.5576172
vt 0.050354004 0.5576172
vt 0.050354004 0.5576172
vt 0.050354004 0.5576172
vt 0.050354004 0.5576172
vt 0.050354004 0.5576172
vt 0.050354004 0.5576172
vt 0.050354004 0.5576172
vt 0.050354004 0.5576172
vt 0.050354004 0.5576172
vt 0.050354004 0.5576172
vt 0.050354004 0.5576172
vt 0.050354004 0.5576172
vt 0.050354004 0.5576172
vt 0.050354004 0.5576172
vt 0.050354004 0.5576172
vt 0.050354004 0.5576172
vt 0.050354004 0.5576172
vt 0.050354004 0.5576172
vt 0.050354004 0.5576172
vt 0.050354004 0.5576172
vt 0.050354004 0.5576172
vt 0.050354004 0.5576172
vt 0.050354004 0.5576172
vt 0.050354004 0.5576172
vt 0.050354004 0.5576172
vt 0.050354004 0.5576172
vt 0.050354004 0.5576172
vt 0.050354004 0.5576172
vt 0.050354004 0.5576172
vt 0.050354004 0.5576172
vt 0.050354004 0.5576172
vt 0.050354004 0.5576172
vt 0.050354004 0.5576172
vt 0.050354004 0.5576172
vt 0.050354004 0.5576172
vt 0.050354004 0.5576172
vt 0.050354004 0.5576172
vt 0.050354004 0.5576172
vt 0.050354004 0.5576172
vt 0.050354004 0.5576172
vt 0.050354004 0.5576172
vt 0.050354004 0.5576172
vt 0.050354004 0.5576172
vt 0.050354004 0.5576172
vt 0.050354004 0.5576172
vt 0.050354004 0.5576172
vt 0.050354004 0.5576172
vt 0.050354004 0.5576172
vt 0.050354004 0.5576172
vt 0.050354004 0.5576172
vt 0.050354004 0.5576172
vt 0.050354004 0.5576172
vt 0.050354004 0.5576172
vt 0.050354004 0.5576172
vt 0.050354004 0.5576172
vt 0.050354004 0.5576172
vt 0.050354004 0.5576172
vt 0.050354004 0.5576172
vt 0.050354004 0.5576172
vt 0.050354004 0.5576172
vt 0.050354004 0.5576172
vt 0.050354004 0.5576172
vt 0.050354004 0.5576172
vt 0.050354004 0.5576172
vt 0.050354004 0.5576172
vt 0.050354004 0.5576172
vt 0.050354004 0.5576172
vt 0.050354004 0.5576172
vt 0.050354004 0.5576172
vt 0.050354004 0.5576172
vt 0.050354004 0.5576172
vt 0.050354004 0.5576172
vt 0.050354004 0.5576172
vt 0.050354004 0.5576172
vt 0.050354004 0.5576172
vt 0.050354004 0.5576172
vt 0.050354004 0.5576172
vt 0.050354004 0.5576172
vt 0.050354004 0.5576172
vt 0.050354004 0.5576172
vt 0.050354004 0.5576172
vt 0.050354004 0.5576172
vt 0.050354004 0.5576172
vt 0.050354004 0.5576172
vt 0.050354004 0.5576172
vt 0.050354004 0.5576172
vn 0.03483358 -0.6787008 -0.7335884
vn 0.03483358 -0.6787008 -0.7335884
vn 0.03483358 -0.6787008 -0.7335884
vn 0.5191801 -0.7131258 0.47106653
vn 0.5191801 -0.7131258 0.47106653
vn 0.5191801 -0.7131258 0.47106653
vn 0.753256 0.14423628 0.6417174
vn 0.753256 0.14423628 0.6417174
vn 0.753256 0.14423628 0.6417174
vn -0.5835734 -0.28689733 0.7596921
vn -0.5835734 -0.28689733 0.7596921
vn -0.5835734 -0.28689733 0.7596921
vn -0.54841954 -0.8339655 0.061134577
vn -0.54841954 -0.8339655 0.061134577
vn -0.54841954 -0.8339655 0.061134577
vn -0.96395916 -0.16385695 0.20960328
vn -0.96395916 -0.16385695 0.20960328
vn -0.96395916 -0.16385695 0.20960328
vn -0.69716066 -0.58914614 -0.408502
vn -0.69716066 -0.58914614 -0.408502
vn -0.69716066 -0.58914614 -0.408502
vn 0.24088942 -0.93011636 -0.2772288
vn 0.24088942 -0.93011636 -0.2772288
vn 0.24088942 -0.93011636 -0.2772288
vn 0.89654016 -0.4429022 -0.0073009687
vn 0.89654016 -0.4429022 -0.0073009687
vn 0.89654016 -0.4429022 -0.0073009687
vn 0.7542828 -0.6564126 -0.01341483
vn 0.7542828 -0.6564126 -0.01341483
vn 0.7542828 -0.6564126 -0.01341483
vn 0.27114218 0.9625163 -0.0066562705
vn 0.27114218 0.9625163 -0.0066562705
vn 0.27114218 0.9625163 -0.0066562705
vn -0.09501794 0.86560076 -0.49163696
vn -0.09501794 0.86560076 -0.49163696
vn -0.09501794 0.86560076 -0.49163696
vn -0.27921054 -0.917774 -0.28236908
vn -0.27921054 -0.917774 -0.28236908
vn -0.27921054 -0.917774 -0.28236908
vn -0.91719043 -0.38849467 -0.08850752
vn -0.91719043 -0.38849467 -0.08850752
vn -0.91719043 -0.38849467 -0.08850752
vn -0.61622125 -0.6740966 0.40726548
vn -0.61622125 -0.6740966 0.40726548
vn -0.61622125 -0.6740966 0.40726548
vn -0.82252926 0.08391143 0.56249845
vn -0.82252926 0.08391143 0.56249845
vn -0.82252926 0.08391143 0.56249845
vn 0.076382495 0.32720926 0.9418598
vn -0.022764986 0.25548047 0.9665462
vn -0.09207194 0.2601649 0.96116436
vn -0.06198275 0.34233227 0.93753225
vn 0.076382495 0.32720926 0.9418598
vn -0.0071871392 0.5642303 0.82558614
vn -0.06198275 0.34233227 0.93753225
vn 0.04348882 0.5807841 0.81289524
vn 0.22915852 0.5540935 0.8002916
vn -0.083314255 0.5031573 0.8601694
vn -0.15834957 0.5704248 0.805941
vn 0.057658255 0.70473886 0.70711994
vn -0.05762284 0.70476496 0.7070969
vn 0.17320664 0.7561005 0.6311193
vn 0.22915852 0.5540935 0.8002916
vn 0.22724667 0.7667935 0.6003222
vn 0.27359125 0.7890068 0.5501054
vn -0.17288989 0.75720894 0.629876
vn -0.15834957 0.5704248 0.805941
vn -0.22724667 0.7667935 0.60032225
vn -0.2735913 0.78900707 0.55010515
vn 0.32583728 0.8205186 0.46965873
vn 0.5043096 0.6908132 0.5181206
vn -0.32524934 0.8212854 0.46872503
vn -0.50430983 0.6908135 0.51812005
vn 0.37495843 0.85983574 0.3465381
vn 0.23138355 0.9168104 0.325454
vn 0.44029507 0.885468 0.14861573
vn 0.4600659 0.8159968 0.34998378
vn 0.62474984 0.69713795 0.3516907
vn 0.52265376 0.8296437 0.19627601
vn 0.76372105 0.63142943 0.13426451
vn 0.7838799 0.59969026 -0.16094717
vn 0.5400636 0.8281426 -0.15003715
vn 0.43275362 0.8883413 -0.15353794
vn 0.7139765 0.5273791 -0.46055257
vn 0.4008367 0.78522295 -0.4719692
vn 0.51447153 0.7311312 -0.44806954
vn 0.52052456 0.40822962 -0.7499352
vn 0.3120936 0.631724 -0.7095931
vn 0.37558332 0.591596 -0.7134082
vn 0.16671439 0.53307337 -0.8294812
vn 0.29758975 0.26911387 -0.91597927
vn 0.20608328 0.464312 -0.86136174
vn 0.1298648 0.5052884 -0.85312295
vn 0.15631582 0.40460435 -0.90103316
vn 0.18038388 0.20585415 -0.9618138
vn -0 0.4853797 -0.87430346
vn 0.07522509 0.39504644 -0.915576
vn -0 0.35915455 -0.93327814
vn -0.18038383 0.20585412 -0.9618138
vn -0.15631606 0.40460512 -0.9010327
vn -0.12986499 0.50528914 -0.85312253
vn -0.29758966 0.26911393 -0.91597927
vn -0.20608334 0.46431205 -0.86136174
vn -0.16671455 0.53307366 -0.829481
vn -0.375583 0.59159535 -0.7134089
vn -0.52052414 0.40822947 -0.74993557
vn -0.31209368 0.63172436 -0.70959276
vn -0.5144713 0.73113084 -0.4480703
vn -0.7139765 0.5273792 -0.46055248
vn -0.4008364 0.78522235 -0.4719704
vn -0.5400637 0.82814246 -0.15003744
vn -0.43275347 0.88834107 -0.15353993
vn -0.78388 0.5996902 -0.16094646
vn -0.440295 0.8854681 0.14861515
vn -0.52255183 0.8297091 0.19627145
vn -0.76372105 0.6314295 0.13426492
vn -0.6260548 0.69683284 0.3499706
vn -0.3772111 0.8587001 0.34690902
vn -0.2313836 0.9168104 0.32545406
vn -0.4589994 0.81678784 0.34953856
vn 0.9620444 0.2537064 0.10051663
vn 0.9626501 0.2513215 0.100709334
vn 0.9251826 0.28638843 0.24903595
vn 0.9308491 0.27831033 0.23677711
vn 0.9620443 0.25370672 0.1005169
vn 0.79096144 0.3374315 0.5104116
vn 0.92857814 0.28814784 0.23390901
vn 0.96204424 0.253707 0.1005171
vn 0.80059767 0.3350974 0.49674243
vn 0.5964117 0.36500892 0.7148857
vn 0.9285781 0.28814796 0.23390922
vn 0.9620418 0.25369766 0.10056416
vn 0.6072146 0.3603277 0.7081343
vn 0.37842736 0.3742637 0.8465929
vn 0.8019554 0.33506542 0.49456918
vn 0.9285781 0.28814778 0.23390928
vn 0.9620443 0.25370646 0.10051719
vn 0.3796591 0.3752353 0.8456106
vn 0.17999053 0.3693503 0.91169274
vn 0.80198145 0.33506736 0.49452558
vn 0.60521364 0.37061572 0.7045285
vn 0.92857814 0.28814763 0.23390932
vn 0.96204424 0.25370696 0.10051751
vn 0.17818145 0.3697762 0.9118755
vn 0.068491295 0.3632222 0.92918164
vn 0.80187833 0.33505934 0.49469823
vn 0.3908742 0.37539598 0.8404137
vn 0.60521376 0.37061608 0.7045282
vn 0.92858917 0.28810108 0.2339231
vn 0.9620441 0.25370723 0.100517705
vn 0.067435846 0.363169 0.92927974
vn 0.03351755 0.36141738 0.9318015
vn 0.03280743 0.3612442 0.9318939
vn 0.8019557 0.33506525 0.49456888
vn 0.6052138 0.37061602 0.70452815
vn 0.3908739 0.3753963 0.8404137
vn 0.18541068 0.36989692 0.9103841
vn 0.06678518 0.3631321 0.9293411
vn 0.03150246 0.36115378 0.93197405
vn 0.18541071 0.36989698 0.910384
vn 0.066134766 0.36309507 0.92940205
vn 0.03019809 0.36106282 0.93205243
vn 0.39087385 0.37539625 0.8404137
vn 0.60521376 0.37061584 0.70452845
vn 0.18545887 0.36989915 0.91037333
vn 0.065484844 0.363058 0.92946255
vn 0.028942576 0.36097467 0.9321264
vn 0.3908738 0.37539604 0.84041387
vn 0.8019557 0.33506554 0.4945687
vn 0.18545872 0.36989903 0.91037345
vn 0.064835295 0.36302075 0.92952263
vn 0.027783662 0.36089277 0.9321934
vn 0.60521394 0.37061623 0.70452803
vn 0.92857796 0.2881482 0.2339095
vn 0.962044 0.25370786 0.1005175
vn 0.39087397 0.37539613 0.8404137
vn 0.18541038 0.36989686 0.9103841
vn 0.06418618 0.36298335 0.92958224
vn 0.026291676 0.3607866 0.93227774
vn 0.8019814 0.33506757 0.49452555
vn 0.92857796 0.28814813 0.2339095
vn 0.9621176 0.25344205 0.100483306
vn 0.60521394 0.3706162 0.7045281
vn 0.39087406 0.3753962 0.84041363
vn 0.18541063 0.36989674 0.9103841
vn 0.0635378 0.36294585 0.9296415
vn 0.025182053 0.36070716 0.9323392
vn 0.92868674 0.28773156 0.23399025
vn 0.96253204 0.25213772 0.09979368
vn 0.8019297 0.33506337 0.49461234
vn 0.6052139 0.37061593 0.7045283
vn 0.39087424 0.3753961 0.84041363
vn 0.18541087 0.3698967 0.9103841
vn 0.062889494 0.36290836 0.92970014
vn 0.023690984 0.36060005 0.9324196
vn 0.9300742 0.28385732 0.23321016
vn 0.8786395 0.46875075 0.090914264
vn 0.8018359 0.334717 0.4949987
vn 0.6051178 0.37041652 0.7047156
vn 0.39087456 0.37539628 0.8404134
vn 0.18541063 0.36989698 0.9103841
vn 0.062241413 0.36287084 0.9297584
vn 0.022391984 0.360506 0.9324881
vn 0.8633787 0.4574011 0.21298221
vn 0.7391903 0.6734558 -0.007420919
vn 0.8044824 0.32649413 0.49619526
vn 0.60678256 0.36019683 0.7085712
vn 0.39135423 0.3652822 0.8446365
vn 0.18530644 0.36065465 0.914106
vn 0.06002618 0.35535094 0.93280363
vn 0.018191831 0.35396007 0.9350836
vn 0.75119704 0.4744647 0.45889685
vn 0.57699007 0.47778264 0.6624245
vn 0.3661519 0.46814626 0.8042212
vn 0.17925467 0.43900803 0.88042027
vn 0.053621985 0.42240778 0.9048184
vn -0 0.4164885 0.90914094
vn 0.6771 0.7161692 0.16922553
vn 0.58925426 0.7188972 0.36873606
vn 0.45666435 0.7026231 0.54569066
vn 0.28413004 0.6777279 0.6781999
vn 0.13187325 0.6465149 0.7514172
vn 0.027952338 0.6347696 0.77219576
vn 0.7470584 0.48075476 0.45910633
vn 0.84856826 0.4859823 0.20917279
vn 0.5716991 0.45217222 0.68461686
vn 0.34799173 0.43297756 0.831524
vn 0.1543448 0.42287993 0.8929447
vn 0.030493967 0.42774957 0.9033827
vn 0.87261885 0.48825198 -0.012099197
vn 0.830173 0.51674587 -0.209252
vn 0.001910944 0.4337204 0.90104544
vn 0.75384593 0.630226 -0.18582661
vn 0.93041646 0.34826398 -0.11418089
vn 0.6762633 0.5672571 -0.46998674
vn 0.0042525637 0.6340862 0.77325064
vn -0.02795226 0.63476926 0.77219605
vn -0.030493898 0.42774928 0.90338296
vn 0.901348 0.37167957 -0.22231977
vn 0.9586241 0.25857404 -0.11907692
vn 0.61906743 0.67222387 -0.40604287
vn 0.47438028 0.5656829 -0.67451173
vn -0.05362198 0.42240766 0.9048184
vn -0.018664349 0.35589465 0.93433964
vn -0.13184191 0.6466285 0.75132495
vn -0.1543447 0.42287937 0.89294505
vn 0.92320186 0.30153638 -0.23827346
vn 0.9585137 0.25873408 -0.11961682
vn 0.4192396 0.6972495 -0.5814475
vn 0.3215672 0.56159836 -0.76236594
vn 0.7421617 0.44923624 -0.4973761
vn -0.060026195 0.3553509 0.93280363
vn -0.022865226 0.3624382 0.9317273
vn -0.28440225 0.67776954 0.6780441
vn -0.34799176 0.4329775 0.831524
vn -0.17913622 0.43911815 0.8803893
vn 0.27859575 0.6939616 -0.663929
vn 0.19936225 0.5471559 -0.81294215
vn 0.5073724 0.49935067 -0.7022978
vn -0.06224131 0.36287075 0.9297584
vn -0.024164097 0.3625321 0.9316579
vn -0.45646396 0.70287496 0.5455341
vn -0.57169896 0.45217222 0.68461704
vn -0.36638716 0.4682075 0.80407846
vn -0.18378402 0.36306384 0.91345936
vn 0.17028727 0.6938569 -0.6996892
vn 0.11418052 0.53852487 -0.83483756
vn -0.06288946 0.3629084 0.92970014
vn -0.02546418 0.36262512 0.93158716
vn -0.5892955 0.7188995 0.3686657
vn -0.7470583 0.48075458 0.45910683
vn -0.576825 0.47814816 0.66230434
vn -0.3875966 0.37001836 0.84430754
vn -0.18394095 0.37229332 0.9097051
vn -0.06353774 0.36294582 0.9296415
vn -0.026764939 0.362718 0.93151444
vn -0.67717165 0.71616554 0.16895421
vn -0.84856826 0.48598215 0.20917282
vn -0.7511971 0.47446465 0.45889673
vn -0.60367095 0.35802102 0.71232176
vn -0.38710058 0.3800892 0.8400508
vn -0.18394133 0.3722931 0.9097051
vn -0.064186126 0.3629834 0.92958224
vn -0.028152458 0.36277074 0.9314531
vn -0.7391903 0.67345566 -0.0074206037
vn -0.87261885 0.48825186 -0.012099062
vn -0.83017313 0.5167459 -0.2092517
vn -0.18394108 0.37229317 0.90970516
vn -0.38710016 0.38008896 0.84005105
vn -0.064835325 0.36302072 0.92952263
vn -0.029411262 0.36288223 0.9313708
vn -0.1839408 0.37229323 0.90970516
vn -0.06548484 0.3630579 0.92946255
vn -0.030671187 0.36299336 0.9312868
vn -0.75365436 0.63046193 -0.18580322
vn -0.6762632 0.5672569 -0.4699869
vn -0.601944 0.36832273 0.70852077
vn -0.3871001 0.3800891 0.8400512
vn -0.1839411 0.37229326 0.9097051
vn -0.066134706 0.36309507 0.92940205
vn -0.031975623 0.36308393 0.93120766
vn -0.6190444 0.6722596 -0.40601853
vn -0.47438043 0.5656831 -0.67451155
vn -0.60205925 0.36843014 0.7083671
vn -0.38710013 0.380089 0.84005105
vn -0.18394119 0.37229335 0.909705
vn -0.066785224 0.36313203 0.9293411
vn -0.033323877 0.36315423 0.9311329
vn -0.41924688 0.69725037 -0.5814413
vn -0.32156742 0.56159866 -0.76236564
vn -0.60202134 0.3684571 0.7083852
vn -0.38709992 0.38008896 0.8400512
vn -0.18394111 0.3722933 0.9097051
vn -0.06743591 0.36316898 0.92927974
vn -0.03356547 0.3614193 0.9317991
vn -0.068491265 0.36322233 0.92918164
vn -0.1839411 0.3722932 0.9097051
vn -0.17967172 0.36716658 0.9126373
vn -0.1799427 0.36934406 0.91170484
vn -0.38709977 0.38008907 0.8400512
vn -0.6020214 0.36845723 0.70838517
vn -0.38709983 0.38008904 0.8400512
vn -0.38354176 0.3699454 0.84618914
vn -0.37842736 0.3742636 0.8465929
vn -0.38710025 0.3800888 0.8400512
vn -0.6020211 0.36845687 0.7083855
vn -0.6104848 0.362952 0.7039703
vn -0.59641176 0.36500883 0.7148857
vn -0.6020211 0.36845705 0.70838547
vn -0.6020211 0.36845705 0.7083854
vn -0.60205907 0.36842993 0.70836735
vn -0.80100083 0.3342594 0.4966571
vn -0.79110646 0.33740848 0.510202
vn -0.801284 0.3350139 0.4956909
vn -0.8015772 0.33579832 0.4946852
vn -0.8015323 0.3356775 0.4948399
vn -0.80157715 0.33579817 0.4946854
vn -0.93092686 0.2834839 0.23024364
vn -0.92518264 0.2863884 0.24903587
vn -0.92838556 0.28337127 0.2404182
vn -0.9620444 0.25370646 0.100516595
vn -0.96265 0.25132158 0.10070931
vn -0.9620443 0.25370663 0.10051691
vn -0.96204424 0.253707 0.10051716
vn -0.92838556 0.28337133 0.24041839
vn -0.9620418 0.25369778 0.10056414
vn -0.92838556 0.2833712 0.24041846
vn -0.9620443 0.25370646 0.10051714
vn -0.92838556 0.28337112 0.2404185
vn -0.96204424 0.25370687 0.10051753
vn -0.9283855 0.28337133 0.24041857
vn -0.9620441 0.25370717 0.10051781
vn -0.80155474 0.33573812 0.4947625
vn -0.9283854 0.28337166 0.2404187
vn -0.9620441 0.25370726 0.10051746
vn -0.80157715 0.3357985 0.49468517
vn -0.9283854 0.28337166 0.24041875
vn -0.96211505 0.2534328 0.10053029
vn -0.8015657 0.33576813 0.4947242
vn -0.9284992 0.2829501 0.24047533
vn -0.96253204 0.25213754 0.09979367
vn -0.8014746 0.33536464 0.49514553
vn -0.9299219 0.27905017 0.23953307
vn -0.8786395 0.46875048 0.09091452
vn -0.8042122 0.32732868 0.4960833
vn -0.86347884 0.4573561 0.21267267
vn -0.93041646 0.34826392 -0.114180855
vn -0.9013185 0.3717053 -0.22239633
vn -0.9586241 0.25857404 -0.119076885
vn -0.7422267 0.44921663 -0.49729657
vn -0.9229735 0.30658183 -0.23265317
vn -0.9585137 0.2587341 -0.11961685
vn -0.92268974 0.30725026 -0.23289675
vn -0.95849913 0.25878307 -0.11962793
vn -0.76243395 0.39856535 -0.5097451
vn -0.5073888 0.49934906 -0.7022871
vn -0.9226841 0.307292 -0.23286405
vn -0.95849913 0.25878283 -0.11962783
vn -0.7621742 0.39977545 -0.5091856
vn -0.9226841 0.30729187 -0.23286413
vn -0.958499 0.25878298 -0.11962838
vn -0.27860427 0.6939327 -0.66395557
vn -0.1993622 0.5471558 -0.8129423
vn -0.5207297 0.45241266 -0.72399133
vn -0.7622007 0.39986354 -0.50907683
vn -0.9226842 0.3072918 -0.23286414
vn -0.9584989 0.25878343 -0.11962879
vn -0.17026764 0.6939687 -0.699583
vn -0.11418038 0.5385246 -0.83483773
vn -0.3322576 0.50976056 -0.79356724
vn -0.52141804 0.45355877 -0.7227778
vn -0.76219463 0.39982837 -0.5091135
vn -0.9226841 0.30729204 -0.23286408
vn -0.9584989 0.25878337 -0.119628556
vn -0.094211705 0.69340545 -0.714362
vn -0 0.5787067 -0.8155357
vn -0.20048106 0.5139378 -0.8340716
vn -0.3424354 0.47397533 -0.81122464
vn -0.5212634 0.45331314 -0.72304326
vn -0.7621768 0.39972308 -0.5092228
vn -0.92268395 0.3072922 -0.23286405
vn -0.958499 0.25878328 -0.11962833
vn -0.34278435 0.4744286 -0.8108121
vn -0.20605351 0.47664034 -0.85460865
vn -0.52120465 0.4532205 -0.72314376
vn -0.7621949 0.3998285 -0.509113
vn -0.92268395 0.30729216 -0.23286429
vn -0.9584989 0.25878352 -0.11962839
vn -0.34279048 0.4743855 -0.8108349
vn -0.52122456 0.45325145 -0.72311
vn -0.7621947 0.39982867 -0.50911325
vn -0.92268395 0.307292 -0.23286426
vn -0.9584989 0.25878334 -0.11962856
vn -0.20615108 0.47664428 -0.8545829
vn -0.34281567 0.47421223 -0.81092536
vn -0.5212048 0.45322067 -0.7231436
vn -0.76218265 0.3997583 -0.50918645
vn -0.92591554 0.2968597 -0.23356964
vn -0.958499 0.258783 -0.119628504
vn -0.91608775 0.31041038 -0.2538278
vn -0.7621949 0.3998284 -0.5091132
vn -0.76138866 0.39689696 -0.5126013
vn -0.73965657 0.40663984 -0.53623897
vn -0.5212048 0.45322058 -0.72314364
vn -0.34281588 0.47421235 -0.8109253
vn -0.52122444 0.45325145 -0.72311
vn -0.5234323 0.45620582 -0.7196492
vn -0.5108184 0.45624125 -0.72863454
vn -0.5212249 0.45325142 -0.7231098
vn -0.342791 0.47438565 -0.8108345
vn -0.34344763 0.4698339 -0.8132034
vn -0.33719176 0.47207364 -0.8145233
vn -0.34278452 0.4744287 -0.81081206
vn -0.34279087 0.47438556 -0.81083465
vn -0.3427847 0.4744288 -0.8108119
vn -0.20354019 0.47664624 -0.8552074
vn -0.20332275 0.47657815 -0.85529715
vn -0.20600872 0.47664174 -0.85461867
vn -0.20468356 0.47661397 -0.85495245
vn -0.20615071 0.4766443 -0.85458297
vn -0.20605606 0.4766426 -0.85460687
vn -0.107998826 0.4767756 -0.8723654
vn -0.10817589 0.47672775 -0.8723696
vn -0.10911068 0.47721252 -0.871988
vn -0.1094857 0.4770654 -0.87202144
vn -0.1096739 0.476732 -0.87218016
vn 0.084681295 0.4788489 -0.8738036
vn -0 0.40046644 -0.9163114
vn 0.108514726 0.47669047 -0.8723479
vn -0.08470496 0.47892517 -0.87375957
vn 0.10799892 0.47677565 -0.8723653
vn 0.20341773 0.4765826 -0.855272
vn -0.084731296 0.47900975 -0.8737106
vn 0.20476192 0.47588423 -0.8553401
vn 0.33719173 0.4720736 -0.81452334
vn 0.10843752 0.47765884 -0.87182754
vn -0.084760696 0.47910476 -0.8736556
vn 0.34563538 0.47218868 -0.8109094
vn 0.51081836 0.45624143 -0.72863466
vn 0.20454454 0.4779011 -0.854267
vn 0.10905345 0.47674823 -0.8722491
vn 0.5226528 0.45253253 -0.7225291
vn 0.7396869 0.40664044 -0.5361967
vn 0.34060892 0.4721759 -0.8130408
vn 0.20457709 0.47760066 -0.85442716
vn 0.10963334 0.47732916 -0.87185854
vn -0.08479369 0.47921148 -0.87359405
vn 0.76233095 0.39613053 -0.511793
vn 0.9160878 0.31041026 -0.25382778
vn 0.5218411 0.45713505 -0.72021484
vn 0.34060887 0.47217587 -0.8130409
vn 0.20454459 0.4779007 -0.8542672
vn 0.9255623 0.30231914 -0.22789809
vn 0.95849913 0.25878274 -0.1196285
vn 0.9584989 0.25878334 -0.11962852
vn 0.76149386 0.4002961 -0.50979424
vn 0.9229093 0.3022467 -0.23850659
vn 0.9584989 0.25878352 -0.11962833
vn 0.5218718 0.45696005 -0.7203036
vn 0.7614846 0.4003414 -0.50977254
vn 0.9229092 0.30224675 -0.2385066
vn 0.958499 0.25878328 -0.11962831
vn 0.34056303 0.47217816 -0.81305885
vn 0.52183294 0.45717886 -0.72019297
vn 0.76148444 0.40034163 -0.5097725
vn 0.9229092 0.3022469 -0.23850638
vn 0.9584989 0.25878352 -0.11962856
vn 0.9229093 0.30224675 -0.23850642
vn 0.9584989 0.25878346 -0.1196288
vn 0.76152146 0.40016052 -0.50985944
vn 0.5218329 0.45717895 -0.72019297
vn 0.3405631 0.47217828 -0.81305873
vn 0.20454451 0.47790083 -0.85426706
vn 0.92290944 0.30224633 -0.23850647
vn 0.95849913 0.25878286 -0.11962847
vn 0.76148474 0.40034124 -0.5097725
vn 0.52184075 0.45713505 -0.72021514
vn 0.34056288 0.4721782 -0.81305885
vn 0.92290944 0.30224642 -0.23850656
vn 0.95849925 0.2587827 -0.11962798
vn 0.761512 0.40020567 -0.5098381
vn 0.52183276 0.4571788 -0.7201931
vn 0.9229093 0.30224666 -0.23850647
vn 0.95849913 0.25878295 -0.11962805
vn 0.7614844 0.40034145 -0.50977266
vn 0.9229155 0.30220488 -0.23853558
vn 0.7614884 0.40023303 -0.50985193
vn 0.7617444 0.39914137 -0.510325
vn 0.52184814 0.45709124 -0.7202376
vn 0.5213573 0.45637274 -0.7210482
vn 0.5218379 0.45713338 -0.72021824
vn 0.33225584 0.50977045 -0.7935617
vn 0.34036502 0.47193104 -0.8132851
vn 0.34056285 0.4721782 -0.81305885
vn 0.34056273 0.4721783 -0.81305885
vn 0.20048125 0.51389533 -0.8340976
vn 0.20454197 0.47789863 -0.8542689
vn 0.09416081 0.6934067 -0.7143675
vn 0.11320641 0.51244545 -0.8512249
vn -0 0.75232875 -0.65878785
vn 0.20454496 0.47790074 -0.85426706
vn 0.34056285 0.47217813 -0.813059
vn 0.11571978 0.47737068 -0.87104887
vn -0.11417888 0.5124399 -0.8510984
vn -0 0.5849004 -0.81110513
vn -0.11634914 0.47698206 -0.8711779
vn -0.085045084 0.48003936 -0.87311494
vn 0.11427797 0.47741324 -0.87121594
vn -0.11494363 0.47705102 -0.8713267
vn 0.20459148 0.477472 -0.8544957
vn -0.08497854 0.47981828 -0.8732428
vn -0.20600927 0.4766415 -0.85461867
vn 0.20459129 0.47747165 -0.85449594
vn 0.1130645 0.4773627 -0.8714019
vn -0.11372484 0.47708595 -0.87146753
vn -0.20610379 0.47664312 -0.854595
vn 0.20454924 0.47785774 -0.85429007
vn 0.11201105 0.4775195 -0.871452
vn -0.08492196 0.47963107 -0.87335116
vn -0.20563023 0.47663364 -0.8547144
vn -0.11275239 0.4771679 -0.871549
vn 0.111163706 0.47669202 -0.87201345
vn -0.08487324 0.4794711 -0.8734438
vn -0.11116385 0.476692 -0.87201333
vn 0.11037193 0.47671345 -0.8721022
vn -0.084830865 0.47933242 -0.87352395
vn -0.11087599 0.47708306 -0.87183607
vn -0.030616779 0.96817565 -0.24839163
vn 0.053200692 0.9908981 0.123655446
vn 0.0058219293 0.96696424 -0.25484586
vn 0.019736258 0.98806155 0.15278988
vn -0.06909339 0.9680132 -0.24119808
vn 0.12343457 0.57841796 0.8063477
vn -0.01542273 0.9858764 0.16676316
vn 0.10847053 0.5437365 0.83221674
vn 0.09187861 0.54740447 0.8318092
vn -0.1516831 -0.24317358 0.95804954
vn 0.39972222 0.3050649 0.86438274
vn 0.13636878 0.032205764 0.99013454
vn 0.14645587 -0.10054543 0.9840942
vn -0.5973785 -0.041767202 0.8008711
vn 0.8037071 -0.024936128 0.5945024
vn -0.2574013 0.29839855 0.9190772
vn 0.52605295 0.3204532 0.78776777
vn 0.14930123 0.30074438 0.94194585
vn -0.79515374 0.23013806 0.561041
vn 0.018384717 0.9772839 0.21113549
vn -0.731996 0.14898375 0.6648201
vn 0.9276245 0.29017714 0.23518081
vn 0.80698884 0.26947734 0.52550066
vn 0.9069733 0.24159385 0.34500986
vn 0.81036 0.28152686 0.5138669
vn 0.9109545 0.24550855 0.3314929
vn -0.73392504 0.16125092 0.65981215
vn -0.731996 0.14898375 0.6648201
vn -0.7339171 0.16126019 0.6598188
vn 0.8103869 0.28155026 0.5138119
vn 0.9110254 0.24544254 0.33134657
vn -0.7339168 0.16126043 0.6598191
vn 0.810387 0.2815502 0.5138116
vn 0.9110256 0.24544261 0.33134618
vn -0.73391724 0.16125983 0.6598187
vn -0.582666 0.281534 0.7623904
vn -0.582666 0.281534 0.7623904
vn 0.810387 0.2815502 0.5138116
vn -0.44826895 -0.34389415 0.825101
vn 0.9110254 0.2454425 0.33134693
vn 0.1624603 -0.3897394 0.9064821
vn 0.7347638 -0.312673 0.6019616
vn 0.03246331 -0.982079 -0.1856527
vn -0 -0.9817301 -0.19027874
vn -0.03246343 -0.98207873 -0.18565416
vn 0.0641974 -0.9829679 -0.17219941
vn -0.06419728 -0.98296803 -0.17219895
vn 0.0951839 -0.9838388 -0.15166153
vn -0.09518409 -0.9838395 -0.15165697
vn 0.12565547 -0.9840844 -0.12565327
vn -0.12565546 -0.9840847 -0.12564984
vn 0.15166152 -0.9838388 -0.09518423
vn -0.1516613 -0.98383904 -0.09518177
vn 0.17220064 -0.9829677 -0.06419909
vn -0.17219922 -0.98296803 -0.064197205
vn 0.18565369 -0.98207885 -0.03246303
vn -0.18565269 -0.982079 -0.032462385
vn 0.19027726 -0.98173046 0
vn -0.1902793 -0.98173 0
vn -0.1856552 -0.9820786 0.03246239
vn 0.18565202 -0.98207915 0.03246347
vn -0.1722009 -0.9829677 0.06419698
vn 0.17219919 -0.98296803 0.06419684
vn -0.1516623 -0.98383856 0.095185585
vn 0.15166183 -0.98383904 0.09518182
vn 0.12565568 -0.98408383 0.1256574
vn -0.12565598 -0.9840837 0.12565796
vn 0.095183775 -0.9838381 0.15166582
vn -0.0951839 -0.98383844 0.15166378
vn -0.06419694 -0.9829678 0.17220084
vn 0.064196944 -0.9829674 0.1722032
vn -0.03246282 -0.9820794 0.1856508
vn 0.032463014 -0.982079 0.18565284
vn -0 -0.9817313 0.19027257
vn 0.31864068 0.4240353 0.84773946
vn 0.31864068 0.4240353 0.84773946
vn 0.31864068 0.4240353 0.84773946
vn 0.31864068 0.4240353 0.84773946
vn -0.09056991 0.8231868 0.5605002
vn -0.09056991 0.8231868 0.5605002
vn -0.09056991 0.8231868 0.5605002
vn -0.09056991 0.8231868 0.5605002
vn -0.11648819 0.9931914 -0.0011303299
vn -0.11648819 0.9931914 -0.0011303299
vn -0.11648819 0.9931914 -0.0011303299
vn -0.11648819 0.9931914 -0.0011303299
vn -0.16262564 0.984875 -0.059783805
vn -0.16262564 0.984875 -0.059783805
vn -0.16262564 0.984875 -0.059783805
vn -0.16262564 0.984875 -0.059783805
vn -0.27014408 -0.9194238 0.28580046
vn -0.27014408 -0.9194238 0.28580046
vn -0.27014408 -0.9194238 0.28580046
vn -0.27014408 -0.9194238 0.28580046
vn 0.21825339 -0.92886925 0.299278
vn 0.21825339 -0.92886925 0.299278
vn 0.21825339 -0.92886925 0.299278
vn 0.21825339 -0.92886925 0.299278
vn 0.21890081 0.96526074 -0.14266822
vn 0.21890081 0.96526074 -0.14266822
vn 0.21890081 0.96526074 -0.14266822
vn 0.21890081 0.96526074 -0.14266822
vn 0.19889861 -0.36123994 -0.91101325
vn 0.19889861 -0.36123994 -0.91101325
vn 0.19889861 -0.36123994 -0.91101325
vn 0.19889861 -0.36123994 -0.91101325
vn -0.033955123 0.004191472 -0.99941456
vn -0.033955123 0.004191472 -0.99941456
vn -0.033955123 0.004191472 -0.99941456
vn -0.033955123 0.004191472 -0.99941456
vn 0.8850245 -0.25328293 -0.39061418
vn 0.8850245 -0.25328293 -0.39061418
vn 0.8850245 -0.25328293 -0.39061418
vn 0.8850245 -0.25328293 -0.39061418
vn -0.8157608 0.088750094 -0.5715397
vn -0.8157608 0.088750094 -0.5715397
vn -0.8157608 0.088750094 -0.5715397
vn -0.8157608 0.088750094 -0.5715397
vn -0.8780758 0.25217366 0.40668353
vn -0.8780758 0.25217366 0.40668353
vn -0.8780758 0.25217366 0.40668353
vn -0.8780758 0.25217366 0.40668353
vn 0.82273436 -0.09427763 0.5605532
vn 0.82273436 -0.09427763 0.5605532
vn 0.82273436 -0.09427763 0.5605532
vn 0.82273436 -0.09427763 0.5605532
vn 0.90869284 -0.053629875 -0.4140062
vn 0.90869284 -0.053629875 -0.4140062
vn 0.90869284 -0.053629875 -0.4140062
vn 0.90869284 -0.053629875 -0.4140062
vn -0.8397073 -0.08355532 -0.5365725
vn -0.8397073 -0.08355532 -0.5365725
vn -0.8397073 -0.08355532 -0.5365725
vn -0.8397073 -0.08355532 -0.5365725
vn -0.9103079 0.05369387 0.41043445
vn -0.9103079 0.05369387 0.41043445
vn -0.9103079 0.05369387 0.41043445
vn -0.9103079 0.05369387 0.41043445
vn 0.8357431 0.077319525 0.5436498
vn 0.8357431 0.077319525 0.5436498
vn 0.8357431 0.077319525 0.5436498
vn 0.8357431 0.077319525 0.5436498
vn 0.8876012 0.1890304 -0.42003757
vn 0.8876012 0.1890304 -0.42003757
vn 0.8876012 0.1890304 -0.42003757
vn 0.8876012 0.1890304 -0.42003757
vn -0.8037629 -0.2904758 -0.5192197
vn -0.8037629 -0.2904758 -0.5192197
vn -0.8037629 -0.2904758 -0.5192197
vn -0.8037629 -0.2904758 -0.5192197
vn -0.8879185 -0.18761301 0.42000267
vn -0.8879185 -0.18761301 0.42000267
vn -0.8879185 -0.18761301 0.42000267
vn -0.8879185 -0.18761301 0.42000267
vn 0.8045511 0.28596252 0.5205027
vn 0.8045511 0.28596252 0.5205027
vn 0.8045511 0.28596252 0.5205027
vn 0.8045511 0.28596252 0.5205027
vn 0.79857844 0.41164654 -0.4391123
vn 0.79857844 0.41164654 -0.4391123
vn 0.79857844 0.41164654 -0.4391123
vn 0.79857844 0.41164654 -0.4391123
vn -0.71879655 -0.48006967 -0.5028565
vn -0.71879655 -0.48006967 -0.5028565
vn -0.71879655 -0.48006967 -0.5028565
vn -0.71879655 -0.48006967 -0.5028565
vn -0.7988961 -0.41052002 0.4395888
vn -0.7988961 -0.41052002 0.4395888
vn -0.7988961 -0.41052002 0.4395888
vn -0.7988961 -0.41052002 0.4395888
vn 0.7184145 0.4814257 0.5021054
vn 0.7184145 0.4814257 0.5021054
vn 0.7184145 0.4814257 0.5021054
vn 0.7184145 0.4814257 0.5021054
vn 0.6546287 0.59411657 -0.46742558
vn 0.6546287 0.59411657 -0.46742558
vn 0.6546287 0.59411657 -0.46742558
vn 0.6546287 0.59411657 -0.46742558
vn -0.58982265 -0.64475805 -0.48620594
vn -0.58982265 -0.64475805 -0.48620594
vn -0.58982265 -0.64475805 -0.48620594
vn -0.58982265 -0.64475805 -0.48620594
vn -0.654738 -0.5943048 0.4670331
vn -0.654738 -0.5943048 0.4670331
vn -0.654738 -0.5943048 0.4670331
vn -0.654738 -0.5943048 0.4670331
vn 0.5902132 0.64473736 0.48575938
vn 0.5902132 0.64473736 0.48575938
vn 0.5902132 0.64473736 0.48575938
vn 0.5902132 0.64473736 0.48575938
vn 0.47590205 0.74233085 -0.47165883
vn 0.47590205 0.74233085 -0.47165883
vn 0.47590205 0.74233085 -0.47165883
vn 0.47590205 0.74233085 -0.47165883
vn -0.3774756 -0.8175348 -0.43491262
vn -0.3774756 -0.8175348 -0.43491262
vn -0.3774756 -0.8175348 -0.43491262
vn -0.3774756 -0.8175348 -0.43491262
vn -0.47891542 -0.7339443 0.48162836
vn -0.47891542 -0.7339443 0.48162836
vn -0.47891542 -0.7339443 0.48162836
vn -0.47891542 -0.7339443 0.48162836
vn 0.3685376 0.81869245 0.44036654
vn 0.3685376 0.81869245 0.44036654
vn 0.3685376 0.81869245 0.44036654
vn 0.3685376 0.81869245 0.44036654
vn 0.2505139 0.82989603 -0.49851322
vn 0.2505139 0.82989603 -0.49851322
vn 0.2505139 0.82989603 -0.49851322
vn 0.2505139 0.82989603 -0.49851322
vn -0.08195551 -0.91011804 -0.40616304
vn -0.08195551 -0.91011804 -0.40616304
vn -0.08195551 -0.91011804 -0.40616304
vn -0.08195551 -0.91011804 -0.40616304
vn -0.21953523 -0.85452986 0.47072583
vn -0.21953523 -0.85452986 0.47072583
vn -0.21953523 -0.85452986 0.47072583
vn -0.21953523 -0.85452986 0.47072583
vn 0.13653028 0.88359964 0.44789645
vn 0.13653028 0.88359964 0.44789645
vn 0.13653028 0.88359964 0.44789645
vn 0.13653028 0.88359964 0.44789645
vn 0.00365003 -0.99827003 0.058681328
vn 0.00365003 -0.99827003 0.058681328
vn 0.00365003 -0.99827003 0.058681328
vn 0.00365003 -0.99827003 0.058681328
vn -0.11726587 -0.043043915 0.9921673
vn -0.11726587 -0.043043915 0.9921673
vn -0.11726587 -0.043043915 0.9921673
vn -0.11726587 -0.043043915 0.9921673
vn 0.010039885 0.9998324 0.01530594
vn 0.010039885 0.9998324 0.01530594
vn 0.010039885 0.9998324 0.01530594
vn 0.010039885 0.9998324 0.01530594
vn 0.031757187 -0.077399015 -0.99649423
vn 0.031757187 -0.077399015 -0.99649423
vn 0.031757187 -0.077399015 -0.99649423
vn 0.031757187 -0.077399015 -0.99649423
vn -0.55824864 -0.57775396 -0.5954485
vn -0.55824864 -0.57775396 -0.5954485
vn -0.55824864 -0.57775396 -0.5954485
vn -0.55824864 -0.57775396 -0.5954485
vn -0.943848 -0.1360618 0.30106148
vn -0.943848 -0.1360618 0.30106148
vn -0.943848 -0.1360618 0.30106148
vn -0.943848 -0.1360618 0.30106148
vn 0.49974185 0.5974522 0.62714344
vn 0.49974185 0.5974522 0.62714344
vn 0.49974185 0.5974522 0.62714344
vn 0.49974185 0.5974522 0.62714344
vn 0.9311446 0.093818404 -0.35237455
vn 0.9311446 0.093818404 -0.35237455
vn 0.9311446 0.093818404 -0.35237455
vn 0.9311446 0.093818404 -0.35237455
vn 0.59465456 -0.57096845 -0.5660221
vn 0.59465456 -0.57096845 -0.5660221
vn 0.59465456 -0.57096845 -0.5660221
vn 0.59465456 -0.57096845 -0.5660221
vn -0.96502596 -0.036125634 -0.25965315
vn -0.96502596 -0.036125634 -0.25965315
vn -0.96502596 -0.036125634 -0.25965315
vn -0.96502596 -0.036125634 -0.25965315
vn -0.575728 0.5926135 0.56333506
vn -0.575728 0.5926135 0.56333506
vn -0.575728 0.5926135 0.56333506
vn -0.575728 0.5926135 0.56333506
vn 0.96125156 0.05463733 0.2702037
vn 0.96125156 0.05463733 0.2702037
vn 0.96125156 0.05463733 0.2702037
vn 0.96125156 0.05463733 0.2702037
vn 0.15602191 -0.9875252 0.021237027
vn 0.15602191 -0.9875252 0.021237027
vn 0.15602191 -0.9875252 0.021237027
vn 0.15602191 -0.9875252 0.021237027
vn 0.064271696 -0.008939134 0.99789244
vn 0.064271696 -0.008939134 0.99789244
vn 0.064271696 -0.008939134 0.99789244
vn 0.064271696 -0.008939134 0.99789244
vn -0.18028016 0.98287946 -0.038040206
vn -0.18028016 0.98287946 -0.038040206
vn -0.18028016 0.98287946 -0.038040206
vn -0.18028016 0.98287946 -0.038040206
vn -0.1284065 0.031720217 -0.9912142
vn -0.1284065 0.031720217 -0.9912142
vn -0.1284065 0.031720217 -0.9912142
vn -0.1284065 0.031720217 -0.9912142
vn -0.11699336 0.02544394 -0.9928067
vn -0.11699336 0.02544394 -0.9928067
vn 0.4569955 -0.88714236 0.06429252
vn 0.4569955 -0.88714236 0.06429252
vn 0.4569955 -0.88714236 0.06429252
vn 0.4569955 -0.88714236 0.06429252
vn 0.116257206 -0.01312167 0.99313253
vn 0.116257206 -0.01312167 0.99313253
vn 0.116257206 -0.01312167 0.99313253
vn 0.116257206 -0.01312167 0.99313253
vn 0.15183952 0.01491423 0.98829263
vn 0.15183952 0.01491423 0.98829263
vn 0.1797647 -0.012375067 0.98363185
vn 0.1797647 -0.012375067 0.98363185
vn -0.45501584 0.8885572 -0.05853791
vn -0.45501584 0.8885572 -0.05853791
vn -0.45501584 0.8885572 -0.05853791
vn -0.45501584 0.8885572 -0.05853791
vn 0.6766745 -0.7355369 0.033123996
vn 0.6766745 -0.7355369 0.033123996
vn 0.6766745 -0.7355369 0.033123996
vn 0.6766745 -0.7355369 0.033123996
vn -0.6759548 0.7363707 -0.029040288
vn -0.6759548 0.7363707 -0.029040288
vn -0.6759548 0.7363707 -0.029040288
vn -0.6759548 0.7363707 -0.029040288
vn -0.15964526 -0.0073056906 -0.9871474
vn -0.15964526 -0.0073056906 -0.9871474
vn -0.15964526 -0.0073056906 -0.9871474
vn -0.15964526 -0.0073056906 -0.9871474
vn 0.8507279 -0.5252444 -0.019497272
vn 0.8507279 -0.5252444 -0.019497272
vn 0.8507279 -0.5252444 -0.019497272
vn 0.8507279 -0.5252444 -0.019497272
vn -0.8497414 0.5268399 0.019477367
vn -0.8497414 0.5268399 0.019477367
vn -0.8497414 0.5268399 0.019477367
vn -0.8497414 0.5268399 0.019477367
vn -0.21665817 -0.02951342 -0.9758012
vn -0.21665817 -0.02951342 -0.9758012
vn -0.21665817 -0.02951342 -0.9758012
vn -0.21665817 -0.02951342 -0.9758012
vn 0.95477694 -0.29627812 -0.024908034
vn 0.95477694 -0.29627812 -0.024908034
vn 0.95477694 -0.29627812 -0.024908034
vn 0.95477694 -0.29627812 -0.024908034
vn 0.22374162 -0.08630326 0.97082
vn 0.22374162 -0.08630326 0.97082
vn 0.22374162 -0.08630326 0.97082
vn 0.22374162 -0.08630326 0.97082
vn -0.9553044 0.29455277 0.025140936
vn -0.9553044 0.29455277 0.025140936
vn -0.9553044 0.29455277 0.025140936
vn -0.9553044 0.29455277 0.025140936
vn -0.27079037 -0.053549416 -0.9611477
vn -0.27079037 -0.053549416 -0.9611477
vn -0.27079037 -0.053549416 -0.9611477
vn -0.27079037 -0.053549416 -0.9611477
vn 0.99876875 -0.044767447 -0.021369955
vn 0.99876875 -0.044767447 -0.021369955
vn 0.99876875 -0.044767447 -0.021369955
vn 0.99876875 -0.044767447 -0.021369955
vn 0.28332528 0.0034264354 0.95901763
vn 0.28332528 0.0034264354 0.95901763
vn 0.28332528 0.0034264354 0.95901763
vn 0.28332528 0.0034264354 0.95901763
vn -0.99889 0.041269947 0.022710314
vn -0.99889 0.041269947 0.022710314
vn -0.99889 0.041269947 0.022710314
vn -0.99889 0.041269947 0.022710314
vn -0.28957677 -0.12081478 -0.9494994
vn -0.28957677 -0.12081478 -0.9494994
vn -0.28957677 -0.12081478 -0.9494994
vn -0.28957677 -0.12081478 -0.9494994
vn 0.9851798 0.16997889 -0.022979276
vn 0.9851798 0.16997889 -0.022979276
vn 0.9851798 0.16997889 -0.022979276
vn 0.9851798 0.16997889 -0.022979276
vn 0.2774997 0.1908621 0.9415761
vn 0.2774997 0.1908621 0.9415761
vn 0.2774997 0.1908621 0.9415761
vn 0.2774997 0.1908621 0.9415761
vn -0.98465884 -0.17295575 0.02309294
vn -0.98465884 -0.17295575 0.02309294
vn -0.98465884 -0.17295575 0.02309294
vn -0.98465884 -0.17295575 0.02309294
vn -0.28090632 -0.19183533 -0.94036746
vn -0.28090632 -0.19183533 -0.94036746
vn -0.28090632 -0.19183533 -0.94036746
vn -0.28090632 -0.19183533 -0.94036746
vn -0.5983688 -0.06720628 0.79839724
vn -0.5999139 -0.0713986 0.7968725
vn -0.51588035 -0.07225642 0.8536079
vn -0.51495373 -0.07125052 0.8542517
vn 0.35279357 -0.075947225 0.93261397
vn 0.4198299 -0.07376753 0.90459996
vn 0.4161478 -0.06989389 0.9066068
vn 0.35473734 -0.075991556 0.93187267
vn 0.20554931 -0.08289582 0.9751296
vn 0.20960224 -0.07926125 0.97456896
vn -0 -0.08795227 0.9961247
vn -0 -0.08330723 0.9965239
vn -0.20554928 -0.08289634 0.9751296
vn -0 -0.08330723 0.9965239
vn -0.20960182 -0.079261065 0.9745691
vn -0.3462464 -0.07527984 0.93511844
vn -0.20960182 -0.079261065 0.9745691
vn -0.20554928 -0.08289634 0.9751296
vn -0.35018355 -0.07344672 0.9337972
vn -0.51495373 -0.07125052 0.8542517
vn -0.51588035 -0.07225642 0.8536079
vn -0.3462464 -0.07527984 0.93511844
vn -0.51588035 -0.07225642 0.8536079
vn -0.35205266 -0.07172464 0.93322796
vn -0.35018355 -0.07344672 0.9337972
vn -0.51446646 -0.0732895 0.8543728
vn -0.5999139 -0.0713986 0.7968725
vn -0.7051505 -0.07130773 0.7054631
vn -0.5983688 -0.06720628 0.79839724
vn -0.70422053 -0.06849261 0.7066698
vn -0.5086499 -0.06931161 0.8581789
vn -0.85812676 -0.070817836 0.50853044
vn -0.5076514 -0.0693561 0.8587665
vn -0.8573876 -0.07080079 0.50977826
vn -0.34230357 -0.0775684 0.9363821
vn -0.9355352 -0.074953206 0.34518987
vn -0.34097728 -0.07764844 0.93685925
vn -0.9350163 -0.0748922 0.34660602
vn -0.20010158 -0.08792771 0.9758217
vn -0.97557133 -0.08235386 0.20366253
vn -0.19844437 -0.08807041 0.97614723
vn -0.9753019 -0.08227278 0.20498157
vn -0 -0.09462275 0.99551314
vn -0.9961915 -0.087191336 0
vn -0 -0.094622746 0.99551314
vn -0.9961916 -0.08719134 0
vn 0.20010117 -0.087927595 0.9758218
vn -0.97557133 -0.082354024 -0.20366244
vn 0.19844393 -0.0880703 0.97614735
vn -0.9753018 -0.08227293 -0.2049815
vn 0.3438261 -0.07508093 0.93602693
vn -0.93553483 -0.07495336 -0.34519053
vn 0.34238216 -0.07521533 0.9365453
vn -0.935016 -0.07489236 -0.34660673
vn 0.4161478 -0.06989389 0.9066068
vn -0.85812706 -0.070817925 -0.5085301
vn -0.8573877 -0.07080086 -0.5097779
vn -0.7053784 -0.069884054 -0.7053775
vn -0.7053785 -0.069884054 -0.70537746
vn -0.50852984 -0.0708179 -0.85812724
vn -0.5097776 -0.07080084 -0.8573879
vn -0.34518993 -0.07495329 -0.9355351
vn -0.34660608 -0.07489228 -0.9350163
vn -0.20366248 -0.08235414 -0.97557133
vn -0.20498152 -0.08227305 -0.9753018
vn -0 -0.08719174 -0.9961915
vn -0 -0.08719173 -0.9961915
vn 0.20366262 -0.08235415 -0.97557133
vn 0.20498163 -0.08227305 -0.9753018
vn 0.34518975 -0.07495344 -0.9355352
vn 0.34660593 -0.07489243 -0.9350163
vn 0.50852984 -0.070817985 -0.85812724
vn 0.5097776 -0.070800915 -0.85738784
vn 0.7053777 -0.06988389 -0.7053782
vn 0.7053777 -0.06988389 -0.70537823
vn 0.85812676 -0.07081797 -0.50853044
vn 0.8573875 -0.07080089 -0.50977826
vn 0.93553495 -0.07495366 -0.34519023
vn 0.9350161 -0.074892655 -0.3466064
vn 0.97557133 -0.0823543 -0.20366234
vn 0.9753019 -0.08227321 -0.2049814
vn 0.9961915 -0.08719172 0
vn 0.9961915 -0.08719173 0
vn 0.97557133 -0.08235427 0.20366253
vn 0.9753018 -0.08227317 0.20498152
vn 0.93553495 -0.074953385 0.34519008
vn 0.93501616 -0.07489238 0.34660628
vn 0.85812706 -0.070817776 0.50853014
vn 0.8573877 -0.07080071 0.5097779
vn 0.7053781 -0.06988365 0.7053778
vn 0.7053781 -0.06988365 0.7053778
vn 0.5064511 -0.069364205 0.8594742
vn 0.5101282 -0.071954645 0.8570833
vn 0.4198299 -0.07376753 0.90459996
vn 0.35473734 -0.075991556 0.93187267
vn 0.35432503 -0.07613373 0.9320179
vn 0.20960224 -0.07926125 0.97456896
vn 0.2120659 -0.075767644 0.9743138
vn -0 -0.08330723 0.9965239
vn -0 -0.07865627 0.99690187
vn -0.20960182 -0.079261065 0.9745691
vn -0.21206513 -0.07576675 0.97431403
vn -0.35018355 -0.07344672 0.9337972
vn -0.35205266 -0.07172464 0.93322796
vn -0.20960182 -0.079261065 0.9745691
vn -1 0 0
vn -1 0 0
vn -1 0 0
vn -1 0 0
vn -0 0 -1
vn -0 0 -1
vn -0 0 -1
vn -0 0 -1
vn 1 0 0
vn 1 0 0
vn 1 0 0
vn 1 0 0
vn -0 0 1
vn -0 0 1
vn -0 0 1
vn -0 0 1
vn -0 -1 0
vn -0 -1 0
vn -0 -1 0
vn -0 -1 0
vn -0 1 0
vn -0 1 0
vn -0 1 0
vn -0 1 0
vn 0.60527617 -0.45008555 -0.6565544
vn 0.60527617 -0.45008555 -0.6565544
vn 0.60527617 -0.45008555 -0.6565544
vn 0.60527617 -0.45008555 -0.6565544
vn 0.5364483 -0.3787179 0.7541857
vn 0.5364483 -0.3787179 0.7541857
vn 0.5364483 -0.3787179 0.7541857
vn 0.5364483 -0.3787179 0.7541857
vn -0.60527444 0.45008567 0.65655595
vn -0.60527444 0.45008567 0.65655595
vn -0.60527444 0.45008567 0.65655595
vn -0.60527444 0.45008567 0.65655595
vn -0.53645444 0.37872642 -0.754177
vn -0.53645444 0.37872642 -0.754177
vn -0.53645444 0.37872642 -0.754177
vn -0.53645444 0.37872642 -0.754177
vn -0.5881006 -0.80869555 0.012209979
vn -0.5881006 -0.80869555 0.012209979
vn -0.5881006 -0.80869555 0.012209979
vn -0.5881006 -0.80869555 0.012209979
vn 0.58809566 0.8086989 -0.012227451
vn 0.58809566 0.8086989 -0.012227451
vn 0.58809566 0.8086989 -0.012227451
vn 0.58809566 0.8086989 -0.012227451
vn 0.6884613 -0.29011106 -0.6647229
vn 0.6884613 -0.29011106 -0.6647229
vn 0.6884613 -0.29011106 -0.6647229
vn 0.6884613 -0.29011106 -0.6647229
vn 0.6089742 -0.2665613 0.7470579
vn 0.6089742 -0.2665613 0.7470579
vn 0.6089742 -0.2665613 0.7470579
vn 0.6089742 -0.2665613 0.7470579
vn -0.6884606 0.29011264 0.6647229
vn -0.6884606 0.29011264 0.6647229
vn -0.6884606 0.29011264 0.6647229
vn -0.6884606 0.29011264 0.6647229
vn -0.6089759 0.2665646 -0.7470553
vn -0.6089759 0.2665646 -0.7470553
vn -0.6089759 0.2665646 -0.7470553
vn -0.6089759 0.2665646 -0.7470553
vn -0.39392084 -0.9191188 -0.0068510673
vn -0.39392084 -0.9191188 -0.0068510673
vn -0.39392084 -0.9191188 -0.0068510673
vn -0.39392084 -0.9191188 -0.0068510673
vn 0.39391547 0.9191212 0.006845289
vn 0.39391547 0.9191212 0.006845289
vn 0.39391547 0.9191212 0.006845289
vn 0.39391547 0.9191212 0.006845289
vn 0.74161935 -0.034319554 -0.66994244
vn 0.74161935 -0.034319554 -0.66994244
vn 0.74161935 -0.034319554 -0.66994244
vn 0.74161935 -0.034319554 -0.66994244
vn 0.6660233 -0.08160023 0.7414542
vn 0.6660233 -0.08160023 0.7414542
vn 0.6660233 -0.08160023 0.7414542
vn 0.6660233 -0.08160023 0.7414542
vn -0.7416183 0.034320664 0.66994363
vn -0.7416183 0.034320664 0.66994363
vn -0.7416183 0.034320664 0.66994363
vn -0.7416183 0.034320664 0.66994363
vn -0.66602373 0.081601605 -0.74145365
vn -0.66602373 0.081601605 -0.74145365
vn -0.66602373 0.081601605 -0.74145365
vn -0.66602373 0.081601605 -0.74145365
vn -0.08011611 -0.99607396 -0.037657678
vn -0.08011611 -0.99607396 -0.037657678
vn -0.08011611 -0.99607396 -0.037657678
vn -0.08011611 -0.99607396 -0.037657678
vn 0.080115795 0.9960736 0.037669357
vn 0.080115795 0.9960736 0.037669357
vn 0.080115795 0.9960736 0.037669357
vn 0.080115795 0.9960736 0.037669357
vn -0.16704825 0.11257478 -0.9795009
vn -0.16704825 0.11257478 -0.9795009
vn -0.16704825 0.11257478 -0.9795009
vn -0.16704825 0.11257478 -0.9795009
vn 0.770402 0.62585187 0.12161521
vn 0.770402 0.62585187 0.12161521
vn 0.770402 0.62585187 0.12161521
vn 0.770402 0.62585187 0.12161521
vn -0.10402546 -0.018195683 0.99440825
vn -0.10402546 -0.018195683 0.99440825
vn -0.10402546 -0.018195683 0.99440825
vn -0.10402546 -0.018195683 0.99440825
vn -0.928278 0.33775207 -0.15563874
vn -0.928278 0.33775207 -0.15563874
vn -0.928278 0.33775207 -0.15563874
vn -0.928278 0.33775207 -0.15563874
vn -0.55891156 -0.82462245 -0.08726799
vn -0.55891156 -0.82462245 -0.08726799
vn -0.55891156 -0.82462245 -0.08726799
vn -0.55891156 -0.82462245 -0.08726799
vn 0.29899338 0.95310277 0.046884116
vn 0.29899338 0.95310277 0.046884116
vn 0.29899338 0.95310277 0.046884116
vn 0.29899338 0.95310277 0.046884116
vn 0.80110085 0.5886407 0.10834993
vn 0.80110085 0.5886407 0.10834993
vn 0.80110085 0.5886407 0.10834993
vn 0.80110085 0.5886407 0.10834993
vn 0.37935 -0.063902825 -0.9230439
vn 0.37935 -0.063902825 -0.9230439
vn 0.37935 -0.063902825 -0.9230439
vn 0.37935 -0.063902825 -0.9230439
vn -0.22530483 -0.010922312 0.97422713
vn -0.22530483 -0.010922312 0.97422713
vn -0.22530483 -0.010922312 0.97422713
vn -0.22530483 -0.010922312 0.97422713
vn -0.73474294 -0.6672879 -0.1219818
vn -0.73474294 -0.6672879 -0.1219818
vn -0.73474294 -0.6672879 -0.1219818
vn -0.73474294 -0.6672879 -0.1219818
vn 0.86876106 -0.48998994 -0.07186263
vn 0.86876106 -0.48998994 -0.07186263
vn 0.86876106 -0.48998994 -0.07186263
vn 0.86876106 -0.48998994 -0.07186263
vn 0.0008077582 0.17166206 -0.9851555
vn 0.0008077582 0.17166206 -0.9851555
vn 0.0008077582 0.17166206 -0.9851555
vn 0.0008077582 0.17166206 -0.9851555
vn 0.27473944 -0.31750113 0.90758544
vn 0.27473944 -0.31750113 0.90758544
vn 0.27473944 -0.31750113 0.90758544
vn 0.27473944 -0.31750113 0.90758544
vn -0.5793138 -0.802708 -0.14161657
vn -0.5793138 -0.802708 -0.14161657
vn -0.5793138 -0.802708 -0.14161657
vn -0.5793138 -0.802708 -0.14161657
vn 0.16812979 0.9857599 -0.0031246175
vn 0.16812979 0.9857599 -0.0031246175
vn 0.16812979 0.9857599 -0.0031246175
vn 0.16812979 0.9857599 -0.0031246175
vn 0.16813031 0.9857598 -0.0031207148
vn 0.16813031 0.9857598 -0.0031207148
vn 0.20396355 0.9499241 -0.2367342
vn 0.20396355 0.9499241 -0.2367342
vn 0.20396355 0.9499241 -0.2367342
vn 0.20396355 0.9499241 -0.2367342
vn 0.37580672 0.90726936 -0.18876366
vn 0.37580672 0.90726936 -0.18876366
vn 0.37580672 0.90726936 -0.18876366
vn 0.37580672 0.90726936 -0.18876366
vn 0.23858856 0.96825075 0.074604966
vn 0.23858856 0.96825075 0.074604966
vn 0.23858856 0.96825075 0.074604966
vn 0.23858856 0.96825075 0.074604966
vn 0.33797455 0.940799 0.025891732
vn 0.33797455 0.940799 0.025891732
vn 0.33797455 0.940799 0.025891732
vn 0.33797455 0.940799 0.025891732
vn -0.16812983 -0.9857599 0.0031219465
vn -0.16812983 -0.9857599 0.0031219465
vn -0.16812983 -0.9857599 0.0031219465
vn -0.16812983 -0.9857599 0.0031219465
vn -0.16813034 -0.9857598 0.003119452
vn -0.16813034 -0.9857598 0.003119452
vn -0.2039636 -0.9499241 0.2367342
vn -0.2039636 -0.9499241 0.2367342
vn -0.2039636 -0.9499241 0.2367342
vn -0.2039636 -0.9499241 0.2367342
vn -0.3758069 -0.90726924 0.18876326
vn -0.3758069 -0.90726924 0.18876326
vn -0.3758069 -0.90726924 0.18876326
vn -0.3758069 -0.90726924 0.18876326
vn -0.23858859 -0.968251 -0.074602574
vn -0.23858859 -0.968251 -0.074602574
vn -0.23858859 -0.968251 -0.074602574
vn -0.23858859 -0.968251 -0.074602574
vn -0.33797452 -0.940799 -0.02589131
vn -0.33797452 -0.940799 -0.02589131
vn -0.33797452 -0.940799 -0.02589131
vn -0.33797452 -0.940799 -0.02589131
vn -0.20925167 0.06967749 0.9753762
vn -0.20925167 0.06967749 0.9753762
vn -0.20925167 0.06967749 0.9753762
vn -0.20925167 0.06967749 0.9753762
vn 0.07918343 -0.0027920422 0.9968561
vn 0.07918343 -0.0027920422 0.9968561
vn 0.07918343 -0.0027920422 0.9968561
vn 0.07918343 -0.0027920422 0.9968561
vn 0.07017846 -0.034927323 -0.9969228
vn 0.07017846 -0.034927323 -0.9969228
vn 0.07017846 -0.034927323 -0.9969228
vn 0.07017846 -0.034927323 -0.9969228
vn -0.051082715 0.030128643 0.9982399
vn -0.051082715 0.030128643 0.9982399
vn -0.051082715 0.030128643 0.9982399
vn -0.051082715 0.030128643 0.9982399
vn 0.2884676 -0.089303814 -0.9533159
vn 0.2884676 -0.089303814 -0.9533159
vn 0.2884676 -0.089303814 -0.9533159
vn 0.2884676 -0.089303814 -0.9533159
vn 0.13739832 -0.051766336 -0.9891623
vn 0.13739832 -0.051766336 -0.9891623
vn 0.13739832 -0.051766336 -0.9891623
vn 0.13739832 -0.051766336 -0.9891623
vn -0.0018088806 0.017714348 0.99984145
vn -0.0018088806 0.017714348 0.99984145
vn -0.0018088806 0.017714348 0.99984145
vn -0.0018088806 0.017714348 0.99984145
vn 0.05989473 -0.032345977 -0.9976804
vn 0.05989473 -0.032345977 -0.9976804
vn 0.05989473 -0.032345977 -0.9976804
vn 0.05989473 -0.032345977 -0.9976804
vn 0.09864147 -0.007735999 0.995093
vn 0.09864147 -0.007735999 0.995093
vn 0.09864147 -0.007735999 0.995093
vn 0.09864147 -0.007735999 0.995093
vn -0.6805857 0.15952699 -0.71509045
vn -0.6805857 0.15952699 -0.71509045
vn -0.6805857 0.15952699 -0.71509045
vn -0.6805857 0.15952699 -0.71509045
vn 0.2964039 -0.058395445 0.95327574
vn 0.2964039 -0.058395445 0.95327574
vn 0.2964039 -0.058395445 0.95327574
vn 0.2964039 -0.058395445 0.95327574
vn -0.23122029 0.04161631 -0.97201097
vn -0.23122029 0.04161631 -0.97201097
vn -0.23122029 0.04161631 -0.97201097
vn -0.23122029 0.04161631 -0.97201097
vn -0.025307141 -0.010865437 -0.9996207
vn -0.025307141 -0.010865437 -0.9996207
vn -0.025307141 -0.010865437 -0.9996207
vn -0.025307141 -0.010865437 -0.9996207
vn -0.079185106 0.0027929707 -0.996856
vn -0.079185106 0.0027929707 -0.996856
vn -0.079185106 0.0027929707 -0.996856
vn -0.079185106 0.0027929707 -0.996856
vn -0.66372603 0.18014456 0.7259585
vn -0.66372603 0.18014456 0.7259585
vn -0.66372603 0.18014456 0.7259585
vn -0.66372603 0.18014456 0.7259585
vn 0.15963587 -0.023279086 0.98690146
vn 0.15963587 -0.023279086 0.98690146
vn 0.15963587 -0.023279086 0.98690146
vn 0.15963587 -0.023279086 0.98690146
vn 0.711378 -0.70231766 -0.026293088
vn 0.27565482 -0.6263684 0.7291619
vn 0.27623418 -0.8494582 0.4495725
vn -0.040929914 -0.46361864 -0.885089
vn 0.7722497 -0.5554869 0.3083256
vn 0.67360777 -0.61554986 -0.40908557
vn 0.7134033 -0.6977492 -0.064821966
vn 0.74588287 -0.61986655 0.24377081
vn 0.6823484 -0.658485 -0.3174872
vn 0.78818506 -0.34461704 0.50990534
vn 0.70565695 -0.52476376 0.47609994
vn 0.8092141 0.10917021 0.5772819
vn 0.62327117 -0.49148685 -0.6082546
vn 0.67939204 -0.519028 -0.51868707
vn 0.60510594 -0.15146066 -0.7816051
vn 0.61538815 -0.3256607 0.717804
vn 0.55087334 -0.4679121 0.6910838
vn 0.5537747 -0.45195946 -0.69933265
vn 0.5736699 -0.41375118 -0.70690364
vn 0.42955348 -0.4510442 -0.7823317
vn 0.5418124 -0.082107075 -0.83647937
vn 0.40297762 -0.4045172 -0.8209597
vn -0.085860595 -0.5513016 -0.8298761
vn 0.45335528 -0.39006138 -0.8014495
vn 0.31575722 -0.25555176 -0.9137783
vn 0.11038081 -0.18016581 -0.97742337
vn -0.1809577 0.09238672 -0.979142
vn 0.42680702 -0.030003948 -0.9038448
vn 0.27664295 -0.39560106 -0.8757674
vn 0.26566795 -0.45414272 -0.8503969
vn 0.3055705 -0.12349768 -0.94412655
vn 0.15413511 -0.06985942 -0.98557705
vn 0.071813 0.29994577 -0.9512494
vn -0.11746749 0.6899926 -0.71422094
vn 0.26320386 0.016581176 -0.96459776
vn 0.14228432 -0.40305614 -0.9040469
vn 0.1410947 -0.45463967 -0.87942874
vn 0.1389678 -0.0021266975 -0.9902946
vn 0.20136355 -0.045866124 -0.97844213
vn 0.12438002 0.04733711 -0.9911048
vn 0.07412656 -0.42961052 -0.89996666
vn -0 -0.41162273 -0.9113544
vn -0.14109471 -0.4546402 -0.87942857
vn 0.091186345 0.001465357 -0.99583274
vn 0.0657614 0.055526473 -0.99628925
vn -0.14228438 -0.40305674 -0.9040467
vn -0.2656677 -0.4541428 -0.85039693
vn -0 0.08853033 -0.9960735
vn 0.056109514 0.02929685 -0.99799466
vn -0.2766429 -0.39560103 -0.8757674
vn -0.42955318 -0.45104405 -0.782332
vn -0.12437996 0.0473371 -0.9911048
vn -0 0.08115893 -0.9967012
vn 0.025130117 0.1799208 -0.98336005
vn 0.04991121 0.19965287 -0.9785947
vn -0.09118631 0.0014653589 -0.99583274
vn -0.26320386 0.016581172 -0.96459776
vn -0.45335528 -0.39006132 -0.8014495
vn -0.056109488 0.029296858 -0.99799466
vn -0.20136355 -0.045866124 -0.97844213
vn 0.108361326 0.23127782 -0.96683425
vn 0.12011942 0.4818934 -0.8679574
vn -0.55377495 -0.45196006 -0.6993321
vn -0.57367015 -0.41375172 -0.70690304
vn -0.6793923 -0.51902837 -0.5186864
vn -0.426807 -0.03000397 -0.9038449
vn -0.62327135 -0.49148703 -0.60825425
vn -0.6823484 -0.6584851 -0.31748703
vn -0.5418123 -0.08210705 -0.8364794
vn -0.6736077 -0.6155498 -0.40908563
vn -0.7134032 -0.6977492 -0.06482193
vn -0.6364586 -0.118059225 -0.76222205
vn -0.31575716 -0.25555176 -0.9137783
vn -0.30557048 -0.12349768 -0.94412655
vn -0.13896777 -0.0021266914 -0.9902946
vn -0.04991117 0.1996529 -0.9785947
vn -0.711378 -0.7023177 -0.026293073
vn -0.7994578 -0.2069336 -0.5639554
vn -0.45493868 -0.38976696 -0.800695
vn -0.11038081 -0.18016581 -0.97742337
vn -0.15413506 -0.06985942 -0.98557705
vn -0.071812965 0.29994583 -0.9512494
vn 0.18183783 0.094278574 -0.97879857
vn -0.01176092 -0.61828065 -0.7858694
vn 0.070453085 -0.7190161 -0.6914132
vn 0.11921961 0.6681188 -0.7344412
vn -0.9769308 -0.21321125 -0.012133566
vn 0.34725603 -0.8464055 -0.40374625
vn -0.012214476 -0.70734847 0.7067595
vn -0.92048055 -0.005471205 0.39074993
vn -0.7722497 -0.5554869 0.30832565
vn -0.745883 -0.61986655 0.24377054
vn -0.8223099 0.12178687 0.5558546
vn -0.78818524 -0.3446173 0.509905
vn -0.7056571 -0.52476406 0.47609943
vn -0.6153884 -0.3256611 0.71780366
vn -0.5508735 -0.46791247 0.6910834
vn -0.7571347 -0.15273274 0.63515335
vn -0.08364594 -0.57522905 0.8137044
vn -0.10521456 0.06067787 0.9925966
vn -0.6219414 0.14153467 0.7701669
vn -0.5757344 -0.026286954 0.8172142
vn -0.36072183 -0.35090786 0.8641432
vn -0.317682 -0.43788004 0.84103465
vn -0.37817553 0.142162 0.9147531
vn -0.36392647 0.085402794 0.927504
vn -0.30097005 0.19321671 0.9338545
vn -0.16717334 -0.3773986 0.91083664
vn -0.14615266 -0.4193966 0.8959608
vn -0.17823783 0.1260872 0.9758757
vn -0.19419602 0.13762914 0.9712601
vn -0.23235439 0.4061668 0.8837646
vn -0.083284974 0.5000987 0.8619542
vn -0.030078122 -0.39366743 0.9187607
vn -0.023695637 -0.4191623 0.907602
vn -0.011962894 0.11272276 0.9935545
vn -0 -0.43470043 0.90057516
vn -0.00032455075 -0.39715773 0.91775036
vn 0.023695761 -0.4191627 0.90760183
vn -0 0.09563332 0.99541664
vn -0 0.16811444 0.9857675
vn -0.023089053 0.1622252 0.9864835
vn 0.030078232 -0.39366794 0.91876054
vn 0.14615272 -0.41939762 0.89596033
vn 0.011962902 0.112722784 0.9935545
vn 0.16717361 -0.3773996 0.91083616
vn 0.31768197 -0.43788052 0.8410345
vn 0.36072195 -0.3509081 0.864143
vn 0.17823789 0.12608725 0.9758757
vn 0.37817577 0.14216211 0.914753
vn 0.023089107 0.16222525 0.9864835
vn 0.19419602 0.1376292 0.9712601
vn 0.6219415 0.14153467 0.7701667
vn 0.3639266 0.085402876 0.927504
vn 0.57573444 -0.026286945 0.81721413
vn -0.026471004 0.25822276 0.9657227
vn 0.30097 0.19321674 0.93385464
vn 0.72547525 -0.16234359 0.66882753
vn 0.12675633 -0.59586495 0.79301816
vn 0.115175515 0.026843123 0.9929824
vn 0.18059278 0.22102652 0.95840156
vn 0.23235436 0.4061668 0.8837646
vn 0.08302575 0.49455985 0.8651689
vn -0.07274642 0.24037497 0.96795034
vn -2.2581375E-05 0.24026895 0.9707064
vn 0.037769727 0.31436306 0.9485512
vn 0.080716975 0.27490374 0.95807767
vn 0.107641116 0.4540304 0.8844602
vn 0.23223951 0.55580133 0.7982166
vn 0.026639208 0.2582397 0.96571356
vn 0.017394237 0.3819376 0.92402446
vn 0.16577305 0.64901066 0.7424988
vn 0.17563796 0.8167878 0.54955345
vn -0.18059285 0.22102648 0.95840156
vn -0.10764112 0.4540304 0.8844602
vn -0.18667185 0.5780159 0.79438734
vn -0.16577308 0.6490107 0.7424988
vn -0.17563798 0.8167878 0.54955345
vn 0.19795074 0.72746193 0.6569738
vn 0.06194718 0.7829999 0.61892956
vn 0.073630005 0.8936778 0.44262713
vn 0.10089339 0.9372799 0.333657
vn 0.1053465 0.92799973 0.35737744
vn 0.1256843 0.9771278 0.1715366
vn 0.08578687 0.97875845 0.18620577
vn -0.0035778857 0.9717758 0.23587906
vn -0.016161278 0.9748182 -0.2224145
vn 0.08504339 0.9769569 -0.19576238
vn 0.19706152 0.9676398 -0.15760683
vn 0.12498672 0.77033335 -0.6252719
vn 0.10866302 0.82436997 -0.55552363
vn 0.2510872 0.84603024 -0.47030634
vn 0.12822758 0.6131515 -0.77948886
vn 0.23271629 0.66731083 -0.7074881
vn 0.15593925 0.53147227 -0.8325985
vn 0.10806854 0.47475997 -0.8734553
vn 0.07380746 0.39304063 -0.91655415
vn -0 0.45291182 -0.8915553
vn 0.027415192 0.35992858 -0.93257695
vn -0.0738074 0.39304063 -0.91655415
vn -0.108068526 0.47475997 -0.8734553
vn -0.12011956 0.48189384 -0.8679572
vn -0.15593961 0.5314731 -0.83259785
vn -0.23271675 0.667312 -0.70748687
vn -0.10836133 0.23127797 -0.9668342
vn -0.12822771 0.6131521 -0.7794883
vn -0.25108713 0.8460301 -0.4703064
vn -0.1249867 0.77033335 -0.6252719
vn 0.012302249 0.96796376 -0.2507884
vn -0.10866306 0.8243702 -0.55552334
vn -0.1970614 0.9676397 -0.15760785
vn -0.08504339 0.9769569 -0.19576223
vn -0.12568432 0.9771278 0.17153654
vn -0.08578689 0.97875834 0.1862059
vn 0.00662107 0.96875405 0.24793479
vn -0.052806865 0.7971344 0.60148823
vn -0.105346456 0.9279996 0.3573777
vn -0.10089343 0.9372799 0.33365706
vn -0.19795069 0.7274618 0.656974
vn -0.07362996 0.89367753 0.44262737
vn 0.07544431 0.4622236 0.8835482
vn 0.14017154 0.9338383 0.32908657
vn 0.1268514 0.9449378 0.3016643
vn 0.1703111 0.95079666 -0.25880462
vn 0.036160123 0.47415933 0.8796962
vn 0.062222265 -0.21145876 0.9754043
vn 0.13573973 0.96515244 -0.22373074
vn 0.09999035 0.5301546 -0.8419846
vn 0.061061725 0.6073772 -0.7920633
vn 0.019004634 -0.121172026 -0.99244964
vn -0.02001568 -0.06224661 -0.99786
vn -0.04476588 -0.49166393 -0.8696337
vn 0.08797851 0.5898252 -0.80272406
vn -0.027790034 -0.1801778 0.9832413
vn 0.052394986 0.51211524 0.8573172
vn 0.12337545 0.96043587 0.2496831
vn 0.12867256 0.96402264 -0.23260188
vn -0.1138163 -0.73534894 0.6680626
vn -0.07474617 -0.7624327 0.64273584
vn -0.17258799 -0.9272239 -0.3323691
vn -0.13463953 -0.9401783 -0.31294888
vn -0.0694045 -0.46703294 -0.881512
vn -0.20486517 -0.92432624 -0.3219494
vn -0.18142647 -0.7042929 0.6863351
vn -0.039934978 -0.21185273 0.9764854
vn 0.10244867 0.51906717 0.84857154
vn -0.018265938 -0.47054258 -0.88218814
vn -0.16055557 -0.94150794 -0.29628456
vn -0.15877071 -0.7086444 0.68746996
vn 0.029397942 -0.11869836 -0.99249506
vn 0.042081337 -0.47647405 -0.8781809
vn 0.16330887 0.5394135 -0.82605284
vn 0.12776211 0.96317476 0.23658232
vn 0.02023084 -0.14067766 0.9898488
vn -0.18465073 -0.93729204 -0.29561412
vn 0.12802114 -0.14378703 -0.9812929
vn 0.1436374 0.95864755 -0.24568923
vn 0.11237072 0.575592 0.80997944
vn -0.14513262 -0.69009477 0.70901746
vn -0.16609666 -0.9430449 -0.28823295
vn -0.06730627 -0.46566433 -0.8823981
vn -0.020782227 0.5917474 -0.8058555
vn 0.07711857 0.975256 0.20719151
vn 0.044046078 -0.11758796 0.99208516
vn -0.0690455 -0.18266083 -0.98074853
vn 0.047364507 0.9726667 -0.2273242
vn 0.023625042 0.9738541 0.22594246
vn -0.075203516 0.9494297 -0.30484027
vn 0.120098695 0.5592151 0.8202773
vn -0.09267318 -0.6757939 0.7312416
vn 0.051567793 -0.116283506 0.9918765
vn 0.06361856 0.9725432 0.22385821
vn -0.20492299 0.4848772 -0.8502357
vn -0.011407437 -0.6987179 0.7153063
vn 0.11728268 0.45961496 0.8803402
vn -0.25725242 -0.13036998 -0.95750964
vn -0.08340751 0.52528524 -0.8468285
vn -0.005856178 0.9609872 -0.27653107
vn -0.16483799 -0.45951054 -0.87274194
vn -0.11921368 -0.20631781 -0.97119564
vn -0.05996603 -0.49353 -0.8676591
vn -0.068567194 -0.94405466 -0.3225824
vn -0.022166515 -0.9383757 -0.34490526
vn 0.091027305 0.94770616 0.30588722
vn 0.027948678 0.47774684 -0.8780529
vn -0.014659167 -0.46041018 -0.8875852
vn 0.0078121503 -0.72100896 0.69288176
vn 0.048991878 -0.1411146 0.9887804
vn 0.0104468195 -0.94878966 -0.3157359
vn 0.007816216 -0.18563104 -0.9825884
vn 0.042354334 0.9552178 -0.29285672
vn 0.011587854 0.4114412 0.9113626
vn 0.03367512 -0.7106689 0.7027202
vn 0.026688352 -0.96071535 -0.27624944
vn -0.019277062 -0.46447814 -0.8853748
vn 0.028820464 0.47767872 -0.8780618
vn 0.034872107 0.93999726 0.33939505
vn 0.008974947 -0.16075557 0.98695344
vn 0.019972704 -0.18154055 -0.9831806
vn 0.030029476 0.9568133 -0.28914794
vn -0.018389316 0.38580412 0.92239743
vn 0.069027185 -0.731115 0.67875326
vn -0.11612775 -0.4588159 -0.88090986
vn 0.030062718 0.45613 -0.88940525
vn -0.0018841341 0.9111199 0.41213715
vn -0.04520515 -0.14894924 0.987811
vn -0.009693565 0.37859255 0.9255127
vn 0.039220154 0.9431133 -0.33015004
vn -0.02817609 -0.13194709 -0.9908563
vn -0.0733988 -0.26935205 0.9602406
vn 0.002555166 0.9164055 0.400243
vn 0.099165544 0.4560808 -0.88439614
vn -0.20166428 -0.20490631 -0.9577813
vn 0.06964221 0.9286272 -0.36441946
vn 0.17061858 -0.7419476 0.6483849
vn -0.04731026 0.31843057 0.9467648
vn -0.037366234 -0.53788704 -0.8421885
vn 0.031315573 0.3070873 -0.9511659
vn 0.00085855636 -0.27342167 0.96189386
vn -0.06474626 0.40721798 0.9110331
vn 0.025953919 0.92047226 0.38994497
vn 0.023271834 -0.2598373 0.9653719
vn 0.074800245 0.9009036 -0.42752504
vn 0.22244817 -0.75079596 0.6219504
vn 0.0022727584 0.28644466 -0.95809406
vn 0.29891437 -0.93060464 -0.21124671
vn -0.09230476 -0.2052753 -0.97434175
vn -0.020484714 -0.2829283 -0.95892227
vn 0.10335268 -0.55226785 -0.8272354
vn 0.1557763 -0.95733625 -0.24339516
vn 0.5912884 0.8008759 -0.09474084
vn 0.952033 0.30599532 -0.00038765083
vn 0.6583204 0.7526829 0.00908925
vn 0.59678596 0.7947157 0.11078607
vn 0.9481846 0.26992047 -0.16759717
vn 0.83992887 0.39563465 -0.37147367
vn 0.40221408 0.87631565 -0.2651316
vn 0.29446626 0.8652344 -0.4057822
vn 0.47309303 0.38063705 -0.79454297
vn 0.19130062 0.7732704 -0.60453033
vn 0.8427293 0.21520467 -0.4934514
vn 0.7902256 0.22242565 -0.57102567
vn 0.5679545 0.26064673 -0.780699
vn 0.30738539 0.34646714 -0.88627017
vn 0.1445471 0.7253651 -0.6730167
vn 0.5590318 0.19054624 -0.80695456
vn 0.17489639 0.37502068 -0.9103685
vn 0.07558923 0.7252292 -0.68434566
vn 0.32491967 0.19213316 -0.92601943
vn 0.08567109 0.3594436 -0.92922586
vn 2.0864418E-05 0.7315597 -0.6817773
vn 0.5505994 0.058777373 -0.8326977
vn 0.47420126 -0.052886855 -0.87882656
vn 0.15187983 0.1766944 -0.97247714
vn 0.27672702 0.017060962 -0.9607971
vn 0.07294257 0.3524146 -0.9329969
vn 0.065570116 0.15363158 -0.9859503
vn 0.12467464 -0.02472692 -0.99188954
vn 0.1995846 -0.16467996 -0.9659433
vn -0.0856711 0.3594437 -0.92922586
vn -0.075589806 0.7252292 -0.6843455
vn -0.17489639 0.37502074 -0.91036844
vn -0.14454791 0.7253651 -0.67301667
vn -0.30738539 0.34646714 -0.88627017
vn -0.19130082 0.7732704 -0.60453016
vn -0.47309297 0.38063702 -0.794543
vn -0.2944663 0.8652344 -0.40578216
vn -0.83992887 0.39563456 -0.37147373
vn -0.40221405 0.87631565 -0.26513156
vn -0.5912884 0.80087596 -0.094740726
vn -0.06557021 0.1536316 -0.9859503
vn -0.15187992 0.17669444 -0.972477
vn -0.32491964 0.19213314 -0.92601943
vn 0.056782816 0.15191038 -0.9867618
vn 0.04815602 -0.04518158 -0.9978174
vn 0.056652088 -0.21590266 -0.97476995
vn -0.17146838 -0.59489924 -0.78529835
vn 0.014375647 -0.2847195 -0.95850307
vn -0 -0.018571869 -0.9998275
vn -0.04815614 -0.045181587 -0.9978174
vn -0.124674685 -0.02472692 -0.99188954
vn -0.27672702 0.01706098 -0.9607971
vn -0.15849142 -0.40430778 -0.90078616
vn -0.014375727 -0.28471947 -0.95850307
vn -0.05665213 -0.21590266 -0.97476995
vn 0.17146832 -0.59489924 -0.78529835
vn -0.19958459 -0.16467991 -0.9659433
vn -0.47420132 -0.052886814 -0.87882656
vn -0.55059934 0.058777407 -0.83269775
vn -0.7902255 0.22242558 -0.5710258
vn -0.55903167 0.19054618 -0.8069546
vn -0.5679544 0.26064667 -0.78069913
vn -0.84272915 0.2152046 -0.49345154
vn -0.9481846 0.2699205 -0.1675971
vn 0.1584914 -0.4043077 -0.9007863
vn -0.952033 0.30599535 -0.00038765324
vn -0.65832037 0.75268304 0.00908864
vn -0.5967861 0.7947157 0.110785544
vn -0.93384916 0.2550516 -0.25074786
vn -0.97204924 0.23469883 0.0060622008
vn -0.9520523 0.23387106 0.19723259
vn -0.94724965 0.20374914 0.2473952
vn -0.87279344 0.31324163 0.37431458
vn -0.4473786 0.8452594 0.29221386
vn -0.5810685 0.2639833 0.76985204
vn -0.36509234 0.8144886 0.4509056
vn -0.25095358 0.69843096 0.6702363
vn -0.40559393 0.111905634 0.9071773
vn -0.13826928 0.6470388 0.7498149
vn -0.85736525 0.09926854 0.5050451
vn -0.8232037 0.10412818 0.5581156
vn -0.76739967 0.06017647 0.6383389
vn -0.6228723 0.07543344 0.77867836
vn -0.55504346 0.050243746 0.83030254
vn -0.2183888 0.17431341 0.9601673
vn -0.039959047 0.64950234 0.75930893
vn -0.067726806 0.19579342 0.9783036
vn -2.3727307E-05 0.6484294 0.7612748
vn -0.26133847 0.09192064 0.9608604
vn -0.94034153 0.18201467 0.2874518
vn -0.9771597 0.21160772 0.019523703
vn -0.45600158 0.017741174 0.88980204
vn -0.3292001 -0.18802133 0.92535144
vn -0.26903364 -0.08445204 0.9594211
vn -0.073950164 0.13862395 0.9875802
vn -0.49477702 -0.060919337 0.8668821
vn -0.9446907 0.09057357 0.31520763
vn -0.94373685 0.19661082 -0.2659041
vn -0.33408827 -0.17903449 0.9253819
vn -0 0.15486899 0.98793507
vn -0.99379313 0.10979397 0.017899847
vn -0.77594614 0.10670758 -0.6217082
vn -0.95292073 0.07465192 -0.29388624
vn -0.74172145 -0.03838254 -0.6696089
vn 0.06772681 0.19579345 0.9783036
vn 0.039959688 0.64950234 0.75930893
vn -0.36165196 -0.20175132 -0.9102221
vn 0.21838881 0.1743135 0.9601673
vn 0.13826793 0.6470388 0.74981517
vn 0.40559387 0.11190564 0.9071773
vn 0.25095332 0.69843096 0.67023635
vn 0.26133844 0.0919207 0.9608604
vn 0.073950216 0.13862401 0.9875802
vn 0.5810685 0.2639833 0.76985204
vn 0.3650926 0.8144887 0.45090538
vn 0.44737858 0.8452594 0.29221398
vn 0.048425954 0.13756509 0.9893082
vn 0.8727934 0.31324166 0.37431458
vn 0.9520523 0.23387101 0.19723265
vn 0.8573653 0.099268556 0.50504506
vn 0.6228722 0.07543347 0.77867836
vn 0.8232036 0.10412813 0.55811566
vn 0.94724965 0.20374912 0.24739508
vn 0.76739955 0.060176354 0.6383389
vn 0.55504334 0.05024373 0.8303027
vn 0.97204924 0.23469886 0.006062186
vn 0.4560015 0.017741188 0.88980216
vn 0.32920003 -0.18802133 0.92535144
vn 0.26903358 -0.08445211 0.9594211
vn 0.06995579 -0.055098362 0.99602735
vn 0.94034153 0.18201463 0.28745183
vn 0.93384916 0.25505158 -0.2507478
vn 0.9771597 0.21160771 0.019523734
vn 0.94373685 0.19661084 -0.26590404
vn 0.9446907 0.09057353 0.31520766
vn 0.15544885 -0.2588249 0.9533338
vn 0.7759461 0.10670761 -0.6217083
vn 0.99379313 0.10979402 0.017899867
vn 0.95292073 0.07465195 -0.29388627
vn 0.74172145 -0.038382556 -0.6696089
vn 0.36165202 -0.20175137 -0.91022205
vn 0.6899776 -0.07072371 -0.7203674
vn 0.22613874 -0.15395212 -0.9618524
vn 0.9452351 -0.0018966992 -0.32638463
vn -0.3841366 -0.24241015 -0.8908851
vn 0.15561616 -0.10692712 -0.9820134
vn 0.65352964 -0.06473012 -0.75412804
vn -0.46925 -0.14114524 -0.8717123
vn 0.9995235 0.030112673 0.006779932
vn 0.9310642 -0.029705921 -0.36364424
vn 0.93705726 0.020619374 0.3485662
vn -0.8329198 -0.2238296 -0.5061076
vn -0.8463166 -0.13032548 -0.5164914
vn -0.68489534 -0.502394 -0.52774876
vn -0.51279557 -0.099152885 -0.85276586
vn 0.09943767 -0.07698356 -0.9920614
vn 0.6318542 -0.054619774 -0.7731604
vn -0.84369 -0.103163525 -0.52682495
vn -0.99382 -0.09127502 -0.06317184
vn -0.9861162 -0.16589755 -0.00726849
vn -0.98971367 -0.09381283 -0.10801001
vn -0.55357474 -0.03128038 -0.83221173
vn -0.844295 -0.09352647 -0.527654
vn -0.987636 -0.09500922 -0.12469277
vn 0.07907294 0.007188702 -0.996843
vn -0.88114214 0.017497342 -0.47252765
vn -0.56916034 0.05008343 -0.8206999
vn -0.8622945 -0.06680164 0.5019817
vn -0.836633 -0.15839845 0.52436167
vn -0.8698057 -0.07700512 0.48734817
vn 0.63564706 0.0027971456 -0.7719747
vn 0.063564084 0.04693085 -0.9968736
vn 0.92492694 -0.03853638 -0.37818667
vn 0.9999037 -0.013834209 0.001086481
vn 0.9280347 -0.017566662 0.37207928
vn 0.99949026 -0.031925425 0.00023782668
vn 0.92338854 -0.0357495 -0.38219836
vn 0.92395574 -0.027636902 0.38149965
vn 0.6328465 -0.03188398 0.77362055
vn 0.6251319 -0.02854345 0.779997
vn 0.6550126 -0.021228204 0.7553197
vn 0.6895785 0.004940422 0.7241941
vn 0.9236242 -0.02186809 0.3826749
vn 0.99951756 -0.03105209 -0.00062730315
vn 0.6188549 -0.015477295 0.7853528
vn 0.09518822 -0.043114413 0.9945252
vn 0.11486597 -0.050132718 0.9921151
vn 0.1815415 -0.07979461 0.9801405
vn 0.33408818 -0.17903447 0.92538196
vn 0.080149315 -0.025842944 0.9964478
vn 0.494777 -0.060919352 0.8668821
vn 0.6030987 0.019240338 0.79743445
vn 0.073450625 -0.009398463 0.99725455
vn 0.91731536 0.055578 0.3942633
vn 0.9970663 0.076267645 0.0064846836
vn 0.932527 0.08800887 -0.35021117
vn 0.6229024 0.063168705 -0.77974504
vn -0.23141333 -0.38140482 0.8949739
vn -0.40349662 -0.1524671 0.9021886
vn 0.109741285 -0.39781928 0.9108768
vn -0.4534142 -0.06714905 0.8887668
vn -0.4601296 -0.06312506 0.88560486
vn -0.46974874 -0.04897534 0.8814405
vn -0.47528598 -0.025280938 0.879468
vn -0.8726907 -0.07696624 0.4821693
vn -0.7020667 -0.45950258 0.5440217
vn -0.88187563 -0.0626979 0.4672948
vn -0.99439245 -0.053086653 -0.09146272
vn -0.8926303 0.048116647 -0.44821417
vn -0.99758327 -0.055362534 -0.04198326
vn -0.89122516 -0.09263819 0.44399974
vn -0.97075987 -0.239843 -0.010025988
vn -0.89078623 -0.20571011 -0.4051954
vn -0.5188276 -0.07725452 0.85138106
vn -0.8790257 -0.26692018 0.39505377
vn 0.061827805 -0.07689119 0.9951206
vn -0.5443495 -0.17870405 -0.81960267
vn -0.9404127 0.34002212 0.002990263
vn -0.8596835 0.37458268 -0.34732118
vn -0.8677449 0.33771965 0.36464256
vn -0.5099638 0.44734713 -0.73472273
vn -0.5255789 -0.28284094 0.8023514
vn -0.51994973 0.35636508 0.7763093
vn 0.056283154 -0.16406377 -0.9848428
vn 0.06537538 0.4468751 -0.89220446
vn 0.0541381 -0.2847208 0.95708054
vn 0.06660399 0.35795146 0.9313618
vn 0.5886347 -0.17285863 -0.78970194
vn 0.55480343 0.41386864 -0.7217381
vn 0.59966475 -0.04065239 0.79921806
vn 0.5750878 -0.27002147 0.7722451
vn 0.5659577 0.33346087 0.7539865
vn 0.92017543 0.017772196 0.39110258
vn 0.8925769 -0.24627024 0.37770045
vn 0.8725856 0.32622176 0.36355716
vn 0.9982309 0.05945603 -0.00052373565
vn 0.97532564 -0.22075637 -0.0025374617
vn 0.9465441 0.32256103 0.0029281822
vn 0.863517 0.36602524 -0.3469351
vn 0.90022063 -0.19712305 -0.38825926
vn 0.91550213 0.09553026 -0.39080665
vn -0.2755694 -0.63626796 0.7205724
vn -0.071759924 -0.7418832 0.66667813
vn 0.031978678 -0.49126807 0.8704211
vn 0.07501507 -0.23369522 0.9694118
vn -0 -0.10328721 0.9946516
vn 0.04642965 -0.2265372 0.9728953
vn -0.06995579 -0.055098306 0.99602735
vn -0.07501502 -0.23369513 0.9694118
vn -0.15544881 -0.25882483 0.9533338
vn -0.031978633 -0.4912678 0.8704213
vn -0 -0.55131245 0.83429885
vn 0.011565982 -0.7745827 0.63236696
vn -0.10974128 -0.3978192 0.9108769
vn 0.071759924 -0.74188304 0.6666784
vn -0.02180067 -0.8798724 0.47470972
vn 0.23141342 -0.3814049 0.89497375
vn 0.27556944 -0.63626796 0.7205724
vn -0.16009785 -0.8619672 0.48102108
vn -0.05174259 -0.9981096 0.033166222
vn 0.16009785 -0.86196715 0.48102117
vn -0.44188163 -0.73818195 0.50973326
vn -0.19281577 -0.9808652 0.02693941
vn -0.8915247 -0.45267233 0.016479006
vn -0.5647511 -0.8249346 0.023218876
vn -0.42201316 -0.7671281 -0.48313496
vn -0.1717696 -0.87866503 -0.44546938
vn -0.07750498 -0.66674757 -0.74124265
vn 2.9679959E-05 -0.9192952 -0.3935689
vn -0 -0.70361096 -0.7105854
vn 0.014170386 -0.29913908 -0.9541043
vn 0.07750494 -0.66674775 -0.7412425
vn 0.17176959 -0.8786652 -0.44546905
vn 0.19281575 -0.9808652 0.026939616
vn 0.42201313 -0.76712817 -0.48313484
vn 0.4418817 -0.73818195 0.5097332
vn 0.68489534 -0.50239396 -0.52774876
vn 0.5647511 -0.8249346 0.023219071
vn 0.8915247 -0.45267227 0.016479133
vn 0.7020667 -0.45950273 0.54402167
vn 0.9861162 -0.1658975 -0.0072685685
vn 0.83291984 -0.2238296 -0.5061075
vn 0.8366331 -0.15839845 0.52436155
vn 0.38413665 -0.24241014 -0.8908851
vn 0.99382 -0.091275014 -0.06317193
vn 0.40349665 -0.1524671 0.9021886
vn -0.22613874 -0.15395209 -0.9618524
vn 0.8463166 -0.13032547 -0.5164914
vn 0.8622946 -0.06680164 0.5019816
vn -0.6899776 -0.070723705 -0.7203674
vn 0.4692501 -0.14114523 -0.8717123
vn 0.98971367 -0.09381282 -0.108010076
vn -0.9452351 -0.0018967115 -0.3263846
vn -0.15561615 -0.10692712 -0.9820134
vn 0.84369 -0.103163496 -0.52682495
vn -0.6535296 -0.06473012 -0.75412804
vn 0.5127955 -0.099152856 -0.85276586
vn -0.099437654 -0.07698356 -0.9920614
vn 0.8698057 -0.07700511 0.48734814
vn 0.987636 -0.09500919 -0.12469283
vn 0.844295 -0.093526475 -0.5276541
vn 0.5535748 -0.031280387 -0.83221173
vn 0.45341426 -0.06714905 0.8887668
vn 0.88114214 0.01749733 -0.4725277
vn -0.18154153 -0.07979463 0.9801405
vn -0.6895785 0.004940467 0.7241941
vn -0.6550126 -0.021228185 0.75531965
vn -0.11486601 -0.050132718 0.9921151
vn 0.46012962 -0.063125044 0.8856048
vn 0.8726907 -0.07696622 0.48216942
vn -0.93705726 0.020619377 0.34856617
vn -0.63284653 -0.031883977 0.77362055
vn -0.09518826 -0.0431144 0.9945252
vn -0.9995235 0.030112615 0.006779895
vn -0.9280347 -0.017566629 0.37207913
vn -0.9310642 -0.02970598 -0.3636442
vn 0.99439245 -0.053086646 -0.09146274
vn 0.4697487 -0.04897534 0.88144064
vn -0.62513196 -0.02854347 0.779997
vn -0.9999037 -0.013834224 0.0010864617
vn -0.63185424 -0.054619808 -0.77316034
vn 0.88187563 -0.06269789 0.46729472
vn -0.08014941 -0.025842944 0.9964478
vn -0.92395574 -0.027636927 0.3814997
vn -0.92492694 -0.038536478 -0.3781866
vn -0.079072885 0.0071886973 -0.996843
vn 0.47528598 -0.025280958 0.879468
vn -0.6188548 -0.015477314 0.7853528
vn -0.99949026 -0.031925507 0.00023784593
vn -0.6356471 0.0027971214 -0.7719747
vn 0.5691603 0.050083436 -0.82069975
vn -0.07345073 -0.009398478 0.99725455
vn -0.9236242 -0.021868091 0.38267502
vn -0.9233886 -0.035749618 -0.38219827
vn -0.06356408 0.046930857 -0.9968736
vn 0.8926303 0.04811666 -0.44821417
vn -0.60309875 0.01924033 0.79743445
vn -0.99951756 -0.031052181 -0.0006272791
vn -0.91731536 0.055578083 0.39426336
vn -0.9970663 0.07626765 0.0064846883
vn -0.932527 0.08800878 -0.35021123
vn 0.99758327 -0.05536251 -0.04198324
vn 0.8912253 -0.0926382 0.44399974
vn 0.97075987 -0.239843 -0.010025993
vn 0.5188276 -0.07725453 0.85138106
vn -0.6229024 0.06316871 -0.77974504
vn 0.89078623 -0.20571011 -0.4051954
vn 0.8790257 -0.26692018 0.3950537
vn -0.061827905 -0.076891184 0.9951206
vn 0.54434943 -0.17870407 -0.81960267
vn 0.9404127 0.34002215 0.0029902512
vn 0.85968345 0.37458265 -0.34732142
vn 0.8677449 0.33771977 0.36464256
vn 0.5099638 0.44734716 -0.7347227
vn 0.52557886 -0.28284088 0.8023515
vn 0.5199497 0.3563651 0.7763094
vn -0.056283176 -0.16406375 -0.9848428
vn -0.065375425 0.4468753 -0.89220434
vn -0.054138172 -0.28472075 0.95708054
vn -0.06660404 0.35795158 0.9313617
vn -0.5886347 -0.17285863 -0.78970194
vn -0.55480355 0.41386884 -0.721738
vn -0.5996648 -0.04065238 0.79921806
vn -0.5750877 -0.27002147 0.7722451
vn -0.56595767 0.333461 0.7539865
vn -0.92017543 0.017772205 0.39110258
vn -0.8925768 -0.2462703 0.37770045
vn -0.8725856 0.3262217 0.3635571
vn -0.9982309 0.059456 -0.00052374543
vn -0.97532564 -0.22075637 -0.0025374962
vn -0.9465441 0.32256097 0.0029280279
vn -0.86351705 0.3660253 -0.3469349
vn -0.90022063 -0.19712305 -0.3882592
vn -0.91550213 0.09553025 -0.39080665
vn 0.115175515 0.026843123 0.9929824
vn 0.18996958 -0.21254344 0.95850766
vn 0.12675633 -0.59586495 0.79301816
vn 0.03990786 -0.7936292 0.6070915
vn 0.27565482 -0.6263684 0.7291619
vn 0.08302575 0.49455985 0.8651689
vn 0.27623418 -0.8494582 0.4495725
vn 0.13555852 0.34799245 0.92764497
vn 0.06194718 0.7829999 0.61892956
vn 0.062222265 -0.21145876 0.9754043
vn -0.07474617 -0.7624327 0.64273584
vn 0.07544431 0.4622236 0.8835482
vn -0.13463953 -0.9401783 -0.31294888
vn 0.059043586 0.7678165 0.63794327
vn -0.0035778857 0.9717758 0.23587906
vn 0.14017154 0.9338383 0.32908657
vn -0.016161278 0.9748182 -0.2224145
vn 0.1703111 0.95079666 -0.25880462
vn -0.11746749 0.6899926 -0.71422094
vn 0.09999035 0.5301546 -0.8419846
vn -0.1809577 0.09238672 -0.979142
vn 0.019004634 -0.121172026 -0.99244964
vn -0.085860595 -0.5513016 -0.8298761
vn -0.05129868 -0.5965287 -0.8009506
vn -0.04476588 -0.49166393 -0.8696337
vn -0.040929914 -0.46361864 -0.885089
vn -0.16860259 -0.9392401 -0.29900047
vn 0.030493967 0.42774957 0.9033827
vn 0.001910944 0.4337204 0.90104544
vn -0 0.022608157 0.99974436
vn -0.030493898 0.42774928 0.90338296
vn 0.025344294 0.011827169 0.9996088
vn -0.025344206 0.011827179 0.9996088
vn 0.1543448 0.42287993 0.8929447
vn -0.1543447 0.42287937 0.89294505
vn 0.16818364 -0.0045398786 0.9857452
vn -0.16818352 -0.0045398697 0.9857452
vn 0.34799173 0.43297756 0.831524
vn -0.34799176 0.4329775 0.831524
vn 0.3765093 -0.01595967 0.9262754
vn -0.37650937 -0.01595968 0.9262754
vn 0.5716991 0.45217222 0.68461686
vn -0.57169896 0.45217222 0.68461704
vn 0.6413869 -0.008559023 0.76716983
vn -0.64138687 -0.008559088 0.76717
vn 0.7470584 0.48075476 0.45910633
vn -0.7470583 0.48075458 0.45910683
vn 0.8537934 0.020800851 0.52019626
vn -0.8537933 0.020800743 0.5201965
vn 0.84856826 0.4859823 0.20917279
vn -0.84856826 0.48598215 0.20917282
vn 0.97163004 0.045164127 0.23215349
vn -0.97163004 0.04516403 0.23215339
vn 0.87261885 0.48825198 -0.012099197
vn 0.99786144 0.062490907 -0.019171609
vn 0.9667976 0.08529465 -0.24088846
vn 0.830173 0.51674587 -0.209252
vn 0.81822634 0.12615554 -0.5608835
vn 0.6762633 0.5672571 -0.46998674
vn 0.58513576 0.15172777 -0.7966146
vn 0.47438028 0.5656829 -0.67451173
vn 0.40680397 0.14680095 -0.90164304
vn 0.3215672 0.56159836 -0.76236594
vn 0.24734308 0.13104415 -0.9600254
vn 0.19936225 0.5471559 -0.81294215
vn 0.13754316 0.12148366 -0.98301756
vn 0.11418052 0.53852487 -0.83483756
vn -0 0.11993994 -0.9927812
vn -0 0.5787067 -0.8155357
vn -0.11418038 0.5385246 -0.83483773
vn -0.13754304 0.12148362 -0.98301756
vn -0.1993622 0.5471558 -0.8129423
vn -0.24734311 0.13104415 -0.9600254
vn -0.32156742 0.56159866 -0.76236564
vn -0.40680414 0.146801 -0.9016428
vn -0.47438043 0.5656831 -0.67451155
vn -0.58513576 0.15172775 -0.79661465
vn -0.6762632 0.5672569 -0.4699869
vn -0.81822634 0.12615551 -0.56088364
vn -0.83017313 0.5167459 -0.2092517
vn -0.9667976 0.085294686 -0.24088845
vn -0.87261885 0.48825186 -0.012099062
vn -0.99786144 0.06249089 -0.019171635
vn 0.013401962 0.033910066 0.999335
vn -0 0.03367445 0.99943286
vn -0.00032455075 -0.39715773 0.91775036
vn -0.013401874 0.033910062 0.999335
vn 0.023695761 -0.4191627 0.90760183
vn -0.023695637 -0.4191623 0.907602
vn 0.15706569 0.029985491 0.9871329
vn -0.15706572 0.029985504 0.9871329
vn 0.14615272 -0.41939762 0.89596033
vn -0.14615266 -0.4193966 0.8959608
vn 0.3584177 0.021985495 0.9333024
vn -0.3584178 0.021985505 0.93330234
vn 0.31768197 -0.43788052 0.8410345
vn -0.317682 -0.43788004 0.84103465
vn 0.6321113 0.025184548 0.7744682
vn -0.6321112 0.025184585 0.7744683
vn 0.55087334 -0.4679121 0.6910838
vn -0.5508735 -0.46791247 0.6910834
vn 0.852165 0.040324397 0.5217172
vn -0.852165 0.040324423 0.5217172
vn 0.70565695 -0.52476376 0.47609994
vn -0.7056571 -0.52476406 0.47609943
vn 0.969828 0.039939202 0.24049638
vn -0.9698281 0.039939232 0.24049604
vn 0.74588287 -0.61986655 0.24377081
vn -0.745883 -0.61986655 0.24377054
vn 0.9997633 0.017293347 -0.013200025
vn 0.7134033 -0.6977492 -0.064821966
vn 0.6823484 -0.658485 -0.3174872
vn 0.9644398 0.019698871 -0.26356733
vn 0.67939204 -0.519028 -0.51868707
vn 0.8036457 0.07628624 -0.59019834
vn -0.9997633 0.01729346 -0.013200014
vn -0.7134032 -0.6977492 -0.06482193
vn -0.6823484 -0.6584851 -0.31748703
vn -0.9644398 0.019698828 -0.26356724
vn -0.6793923 -0.51902837 -0.5186864
vn -0.8036456 0.07628612 -0.5901984
vn 0.5736699 -0.41375118 -0.70690364
vn 0.6024883 0.101481825 -0.79164976
vn -0.57367015 -0.41375172 -0.70690304
vn -0.6024882 0.10148177 -0.7916498
vn 0.44665998 0.07140837 -0.8918496
vn 0.42955348 -0.4510442 -0.7823317
vn 0.26566795 -0.45414272 -0.8503969
vn 0.2697598 0.04431034 -0.9619076
vn 0.1410947 -0.45463967 -0.87942874
vn 0.1389434 0.042131975 -0.9894037
vn -0.44665986 0.07140833 -0.8918496
vn -0.42955318 -0.45104405 -0.782332
vn -0.2656677 -0.4541428 -0.85039693
vn -0.26975968 0.044310343 -0.9619076
vn -0.14109471 -0.4546402 -0.87942857
vn -0.13894331 0.042131975 -0.9894037
vn -0 -0.41162273 -0.9113544
vn -0 0.046023563 -0.9989404
vn -0.075444296 0.4622235 0.88354826
vn -0.1268514 0.9449377 0.30166435
vn -0.13997488 0.93373674 0.32945818
vn -0.17033269 0.95051265 -0.2598316
vn -0.036160138 0.4741594 0.87969613
vn -0.06222225 -0.21145879 0.9754043
vn -0.13573977 0.96515256 -0.22373056
vn -0.099992186 0.5302003 -0.8419556
vn -0.061061766 0.6073773 -0.7920633
vn -0.019294415 -0.118990555 -0.9927079
vn 0.020015683 -0.062246595 -0.99786
vn 0.044765864 -0.49166387 -0.8696337
vn -0.08797853 0.5898252 -0.80272406
vn 0.02779004 -0.18017784 0.9832413
vn -0.052395042 0.51211554 0.85731703
vn -0.12337546 0.96043587 0.24968277
vn -0.12867263 0.96402264 -0.232602
vn 0.11381627 -0.73534894 0.6680627
vn 0.074746124 -0.7624326 0.6427361
vn 0.17258798 -0.9272239 -0.3323689
vn 0.13463953 -0.9401784 -0.3129486
vn 0.0694045 -0.4670329 -0.88151187
vn 0.2048651 -0.9243261 -0.3219495
vn 0.18142651 -0.7042931 0.68633497
vn 0.039934993 -0.21185274 0.9764854
vn -0.10244874 0.51906747 0.84857136
vn 0.018265981 -0.47054276 -0.8821881
vn 0.16055551 -0.94150805 -0.2962846
vn 0.15877075 -0.7086445 0.68746984
vn -0.02939789 -0.118698396 -0.99249506
vn -0.04208133 -0.47647408 -0.8781808
vn -0.16330889 0.5394136 -0.8260528
vn -0.12776214 0.963175 0.23658168
vn -0.020230798 -0.14067774 0.9898488
vn 0.18465076 -0.93729204 -0.2956142
vn -0.12802108 -0.14378704 -0.9812929
vn -0.14363742 0.95864755 -0.24568926
vn -0.11237076 0.57559216 0.80997926
vn 0.14513262 -0.6900948 0.7090174
vn 0.16609663 -0.9430448 -0.2882332
vn 0.067306265 -0.46566442 -0.8823981
vn 0.020782296 0.5917474 -0.8058555
vn -0.07711858 0.97525615 0.20719111
vn -0.044046056 -0.11758807 0.99208516
vn 0.06904556 -0.1826609 -0.98074853
vn -0.0473645 0.97266656 -0.2273242
vn -0.023625044 0.9738541 0.22594255
vn 0.075203516 0.94942975 -0.30484015
vn -0.12009869 0.5592152 0.82027715
vn 0.09267322 -0.675794 0.7312415
vn -0.051567785 -0.11628355 0.9918765
vn -0.063618585 0.9725432 0.22385821
vn 0.20492305 0.48487723 -0.8502357
vn 0.011407438 -0.698718 0.7153062
vn -0.11728271 0.45961514 0.88034016
vn 0.2572525 -0.13037004 -0.95750964
vn 0.083407514 0.5252851 -0.8468287
vn 0.005856191 0.9609872 -0.2765311
vn 0.16483799 -0.45951048 -0.87274194
vn 0.11921367 -0.20631783 -0.97119564
vn 0.059966005 -0.49353 -0.8676591
vn 0.06856717 -0.94405466 -0.32258233
vn 0.022166518 -0.9383757 -0.34490517
vn -0.09102734 0.9477063 0.30588698
vn -0.027948674 0.47774684 -0.8780529
vn 0.014659165 -0.46041018 -0.8875852
vn -0.0078121517 -0.72100884 0.6928819
vn -0.048991874 -0.14111458 0.9887804
vn -0.010446817 -0.94878966 -0.3157358
vn -0.007816224 -0.18563105 -0.9825884
vn -0.042354323 0.9552178 -0.2928568
vn -0.011587858 0.41144133 0.9113626
vn -0.03367511 -0.71066874 0.7027204
vn -0.026688388 -0.9607155 -0.2762493
vn 0.01927706 -0.46447814 -0.8853748
vn -0.028820494 0.47767887 -0.8780616
vn -0.034872107 0.9399974 0.33939493
vn -0.008974948 -0.16075547 0.98695344
vn -0.019972723 -0.18154055 -0.9831806
vn -0.030029489 0.9568134 -0.2891477
vn 0.018389303 0.38580418 0.92239743
vn -0.06902719 -0.73111486 0.6787535
vn 0.11612778 -0.4588159 -0.88090986
vn -0.030062707 0.45613 -0.88940525
vn 0.0018841341 0.9111199 0.41213718
vn 0.04520513 -0.1489492 0.987811
vn 0.009693535 0.37859255 0.9255127
vn -0.03922017 0.9431133 -0.33014992
vn 0.028176129 -0.1319471 -0.9908563
vn 0.073398784 -0.26935205 0.9602407
vn -0.002555191 0.9164055 0.40024304
vn -0.09916552 0.4560808 -0.88439614
vn 0.20166427 -0.2049063 -0.9577813
vn -0.06964221 0.9286273 -0.3644193
vn -0.1706186 -0.74194753 0.648385
vn 0.047310248 0.31843054 0.9467648
vn 0.037366234 -0.53788704 -0.8421885
vn -0.03131556 0.3070875 -0.9511659
vn -0.0008585538 -0.2734216 0.961894
vn 0.06474594 0.40721828 0.91103303
vn -0.025953969 0.92047226 0.3899452
vn -0.023271734 -0.25983718 0.965372
vn -0.07480023 0.9009038 -0.42752457
vn -0.22244817 -0.75079596 0.6219504
vn -0.0022727067 0.28644508 -0.95809394
vn -0.29891446 -0.93060446 -0.21124719
vn 0.09230477 -0.20527524 -0.97434175
vn 0.02048474 -0.28292817 -0.95892227
vn -0.10335269 -0.5522676 -0.8272356
vn -0.15577634 -0.95733625 -0.24339516
vn 0.1018412 -0.60473925 -0.7898853
vn 0.070453085 -0.7190161 -0.6914132
vn -0.01176092 -0.61828065 -0.7858694
vn 0.34725603 -0.8464055 -0.40374625
vn -0.019294415 -0.118990555 -0.9927079
vn 0.18183783 0.094278574 -0.97879857
vn -0.099992186 0.5302003 -0.8419556
vn 0.11921961 0.6681188 -0.7344412
vn -0.17033269 0.95051265 -0.2598316
vn 0.012302249 0.96796376 -0.2507884
vn 0.044765864 -0.49166387 -0.8696337
vn -0.13997488 0.93373674 0.32945818
vn 0.00662107 0.96875405 0.24793479
vn 0.13463953 -0.9401784 -0.3129486
vn -0.0619129 0.7721019 0.63247573
vn -0.075444296 0.4622235 0.88354826
vn -0.052806865 0.7971344 0.60148823
vn -0.1355226 0.3484016 0.9274967
vn -0.083284974 0.5000987 0.8619542
vn -0.06222225 -0.21145879 0.9754043
vn -0.1927064 -0.22120623 0.9559979
vn 0.19187035 -0.7979082 0.5714266
vn -0.10521456 0.06067787 0.9925966
vn -0.08364594 -0.57522905 0.8137044
vn 0.074746124 -0.7624326 0.6427361
vn -0.012214476 -0.70734847 0.7067595
vn 0.29645938 -0.9234217 -0.24373019
vn 0.04433318 -0.89182615 -0.4502005
vn -0.09129383 -0.99494284 0.041883335
vn 0.5654 -0.8063539 0.17353994
vn -0.19741124 -0.8292491 0.52285266
vn 0.65893745 -0.7251982 -0.19972222
vn 0.16495447 -0.55013186 -0.8186238
vn 0.49238414 -0.6811747 0.5418107
vn -0.2539221 -0.43696734 0.8628923
vn 0.74555737 -0.46479258 -0.47761092
vn 0.24087718 -0.06876919 -0.9681162
vn 0.7061385 0.70122415 0.098250546
vn 0.4571267 -0.38424844 0.8021149
vn 0.8008419 -0.10145845 -0.59021884
vn -0.2408807 0.0687672 0.96811545
vn 0.25421247 0.43045944 -0.866072
vn 0.46951166 -1.8301338E-05 0.8829262
vn -0.1635187 0.5561426 0.8148418
vn 0.81289405 0.274986 -0.5134063
vn 0.20024443 0.82239544 -0.532511
vn 0.52584136 0.3706228 0.76559097
vn -0.04135093 0.8969283 0.44023833
vn 0.7776379 0.57154226 -0.26195174
vn 0.09009882 0.99444145 -0.054482665
vn 0.61173934 0.63003373 0.47836438
vn -0 0.25932792 -0.9657894
vn 0.25787264 0.20582066 -0.9440019
vn 0.02457263 0.2976122 -0.95437056
vn -0.25787267 0.20582066 -0.9440019
vn 0.23153983 0.13016981 -0.9640774
vn 0.40371874 0.26744762 -0.8749188
vn -0.23153983 0.1301698 -0.9640774
vn -0.40371868 0.26744753 -0.8749188
vn 0.41069642 0.15322271 -0.89880544
vn 0.5498665 0.2863389 -0.78463805
vn 0.0038702274 -0.13303787 -0.9911034
vn -0.41069636 0.1532227 -0.89880544
vn -0.5498666 0.2863389 -0.7846379
vn 0.60044783 0.14756759 -0.78593016
vn 0.7842415 0.2849888 -0.5511321
vn 0.22716889 -0.14470251 -0.96304494
vn -0.22716878 -0.14470248 -0.96304494
vn -0.6004479 0.14756766 -0.78593016
vn -0.7842417 0.28498882 -0.5511319
vn 0.8142724 0.14982447 -0.5608146
vn 0.88279235 0.29006338 -0.36951444
vn 0.41783336 -0.17010564 -0.89245695
vn 0.039360978 -0.5116078 -0.858317
vn -0.41783333 -0.17010559 -0.89245707
vn -0.81427246 0.14982449 -0.5608146
vn -0.88279223 0.29006326 -0.3695146
vn 0.9284837 0.14448011 -0.3421164
vn 0.9496084 0.23988643 -0.20173852
vn 0.23195454 -0.50727046 -0.8299842
vn -0.20266066 -0.48718348 -0.84945923
vn -0.6019317 -0.18505651 -0.776809
vn -0.9284836 0.14448002 -0.34211648
vn -0.9496083 0.23988639 -0.20173882
vn 0.981753 0.084690906 -0.17025976
vn 0.9737553 0.22693141 -0.017395921
vn -0 -0.44990724 -0.8930753
vn -0.413727 -0.45133337 -0.7906505
vn -0.80592436 -0.18380536 -0.56276244
vn -0.981753 0.08469089 -0.17025986
vn -0.9737553 0.22693151 -0.017395921
vn 0.9968016 0.07989214 -0.0019740092
vn 0.9771138 0.18955348 0.096530505
vn -0.39091876 -0.60403484 -0.6944958
vn -0.12089952 -0.8133537 -0.5690685
vn -0.5645083 -0.44572785 -0.6947352
vn -0.94746697 -0.15759665 -0.27833387
vn -0.9977748 0.064653344 0.016293729
vn -0.9705236 0.19038579 0.14777407
vn -0.22769345 -0.6879716 -0.6890942
vn -0.79670566 -0.4141823 -0.44012856
vn -0.98249704 -0.1526162 -0.10680729
vn -0.98865414 0.08747591 0.122110054
vn -0.9761704 -0.036328204 0.21394311
vn -0.028911306 -0.8271571 -0.5612264
vn -0.68531966 -0.54880774 -0.47869307
vn -0.9205179 -0.35217103 -0.16918138
vn -0.98247194 -0.1858785 -0.0140705
vn -0.9367021 -0.32435614 0.1318418
vn -0.96639496 -0.107024424 0.23372334
vn -0.8674188 -0.48607975 -0.10635376
vn -0.65760344 -0.5790745 -0.48190293
vn -0.2870676 -0.83275175 -0.4734097
vn -0.9490154 -0.29148018 0.12003773
vn -0.8416417 -0.27339777 0.46571767
vn -0.89888704 -0.36189565 -0.2470499
vn -0.6548205 -0.69896245 -0.28750953
vn -0.29035467 -0.40786013 -0.8656468
vn -0.58882946 -0.1798516 -0.7879931
vn -0.46622744 -0.7976709 -0.38256118
vn -0.48718134 -0.113356665 -0.8659126
vn -0.3647755 -0.028549341 -0.9306577
vn -0.32315665 -0.94492453 0.051840246
vn -0.09336938 -0.05877339 -0.99389523
vn 0.10996247 -0.89067405 -0.44114384
vn 0.27441657 -0.15384674 -0.94922423
vn 0.081391335 -0.8446654 -0.5290707
vn 0.30071545 -0.8418421 -0.44818753
vn 0.45716202 -0.22700904 -0.8599243
vn 0.38479948 -0.4844691 -0.78563297
vn 0.34816656 -0.7604883 -0.5481219
vn 0.6019317 -0.18505651 -0.776809
vn 0.5793562 -0.4608762 -0.6722645
vn 0.80592424 -0.18380535 -0.56276256
vn 0.5165339 -0.7174644 -0.46737295
vn 0.47491008 -0.80096734 -0.3645707
vn 0.9474174 -0.15773873 -0.27842182
vn 0.769125 -0.44772768 -0.45605555
vn 0.6611062 -0.7042025 -0.25891593
vn 0.6093629 -0.18309502 -0.77146167
vn 0.7803465 -0.61098355 -0.13326094
vn 0.6976724 -0.6430629 -0.31578988
vn 0.9825325 -0.15312512 -0.105747975
vn 0.9038592 -0.38344893 -0.18975113
vn 0.83789796 -0.52234656 -0.15837021
vn 0.9094529 -0.41059756 0.06561309
vn 0.9785943 -0.20572558 0.005492828
vn 0.978234 -0.11599059 0.1720592
vn 0.99237716 0.059223723 0.10807451
vn 0.9583884 -0.03791491 0.2829381
vn 0.91166836 0.12939227 0.39002362
vn 0.86298966 -0.30182716 0.40515342
vn 0.9518774 0.00061310735 0.30647847
vn 0.64855075 -0.034151427 0.7604049
vn 0.8104237 0.08938937 0.5789844
vn 0.29107213 -0.04621444 0.95558417
vn 0.795584 0.12268292 0.59329146
vn 0.75657564 -0.23121135 0.61166537
vn 0.19614393 -0.23985355 0.950788
vn -0.36639306 -0.06281488 0.9283375
vn -0.7559822 -0.24198467 0.6082222
vn -0.15777558 0.2567526 0.95351195
vn -0.65312093 0.44417775 0.6133019
vn -0.7452874 0.0616413 0.66388774
vn -0.98021036 -0.010648623 0.19767192
vn -0.9716789 0.05611122 0.22954673
vn 0.13886055 -0.89182174 0.43054828
vn 0.067025304 -0.9949425 -0.0748129
vn -0.58770454 -0.8063544 0.06630249
vn -0.027447939 -0.8292468 -0.5582081
vn -0.524648 -0.7251953 0.4459106
vn 0.17514561 -0.5501301 0.8165053
vn -0.66759086 -0.68117356 -0.3005413
vn -0.111210905 -0.4369671 -0.89257604
vn -0.49327913 -0.46479148 0.7352854
vn 0.1651339 -0.06877099 0.9838706
vn -0.6867517 0.70122415 0.19145973
vn -0.73905265 -0.3842481 -0.5533125
vn -0.49907443 -0.101459585 0.86059904
vn -0.16512834 0.06876807 -0.9838718
vn 0.11221213 0.43045685 0.8956089
vn -0.78263277 -1.75386E-05 -0.6224837
vn -0.17495571 0.55614716 -0.81245977
vn -0.54075766 0.27498466 0.794962
vn 0.028700553 0.82239264 0.5681959
vn -0.787505 0.37062553 -0.492415
vn -0.1376216 0.89692616 -0.42021868
vn -0.60868996 0.5715408 0.55030686
vn -0.060901113 0.99444216 0.08588269
vn -0.75174665 0.6300342 -0.19476625
vn -0.07274642 0.24037497 0.96795034
vn -2.2581375E-05 0.24026895 0.9707064
vn -0.022764986 0.25548047 0.9665462
vn 0.080716975 0.27490374 0.95807767
vn 0.076382495 0.32720926 0.9418598
vn -0.06198275 0.34233227 0.93753225
vn 0.037769727 0.31436306 0.9485512
vn 0.017394237 0.3819376 0.92402446
vn 0.22915852 0.5540935 0.8002916
vn -0.15834957 0.5704248 0.805941
vn 0.23223951 0.55580133 0.7982166
vn -0.18667185 0.5780159 0.79438734
vn 0.27359125 0.7890068 0.5501054
vn -0.2735913 0.78900707 0.55010515
vn 0.17563796 0.8167878 0.54955345
vn -0.17563798 0.8167878 0.54955345
vn 0.23138355 0.9168104 0.325454
vn -0.2313836 0.9168104 0.32545406
vn 0.10089339 0.9372799 0.333657
vn -0.10089343 0.9372799 0.33365706
vn 0.44029507 0.885468 0.14861573
vn -0.440295 0.8854681 0.14861515
vn 0.1256843 0.9771278 0.1715366
vn -0.12568432 0.9771278 0.17153654
vn 0.43275362 0.8883413 -0.15353794
vn -0.43275347 0.88834107 -0.15353993
vn 0.19706152 0.9676398 -0.15760683
vn -0.1970614 0.9676397 -0.15760785
vn 0.4008367 0.78522295 -0.4719692
vn -0.4008364 0.78522235 -0.4719704
vn 0.2510872 0.84603024 -0.47030634
vn -0.25108713 0.8460301 -0.4703064
vn 0.3120936 0.631724 -0.7095931
vn -0.31209368 0.63172436 -0.70959276
vn 0.23271629 0.66731083 -0.7074881
vn -0.23271675 0.667312 -0.70748687
vn 0.16671439 0.53307337 -0.8294812
vn -0.16671455 0.53307366 -0.829481
vn 0.15593925 0.53147227 -0.8325985
vn -0.15593961 0.5314731 -0.83259785
vn 0.1298648 0.5052884 -0.85312295
vn -0.12986499 0.50528914 -0.85312253
vn 0.10806854 0.47475997 -0.8734553
vn -0.108068526 0.47475997 -0.8734553
vn -0 0.4853797 -0.87430346
vn -0 0.45291182 -0.8915553
vn -0 0.022608157 0.99974436
vn -0 0.03367445 0.99943286
vn 0.013401962 0.033910066 0.999335
vn -0.013401874 0.033910062 0.999335
vn 0.025344294 0.011827169 0.9996088
vn -0.025344206 0.011827179 0.9996088
vn 0.15706569 0.029985491 0.9871329
vn -0.15706572 0.029985504 0.9871329
vn 0.16818364 -0.0045398786 0.9857452
vn -0.16818352 -0.0045398697 0.9857452
vn 0.3584177 0.021985495 0.9333024
vn -0.3584178 0.021985505 0.93330234
vn 0.3765093 -0.01595967 0.9262754
vn -0.37650937 -0.01595968 0.9262754
vn 0.6321113 0.025184548 0.7744682
vn -0.6321112 0.025184585 0.7744683
vn 0.6413869 -0.008559023 0.76716983
vn -0.64138687 -0.008559088 0.76717
vn 0.852165 0.040324397 0.5217172
vn -0.852165 0.040324423 0.5217172
vn 0.8537934 0.020800851 0.52019626
vn -0.8537933 0.020800743 0.5201965
vn 0.969828 0.039939202 0.24049638
vn -0.9698281 0.039939232 0.24049604
vn 0.97163004 0.045164127 0.23215349
vn -0.97163004 0.04516403 0.23215339
vn 0.9997633 0.017293347 -0.013200025
vn -0.9997633 0.01729346 -0.013200014
vn 0.99786144 0.062490907 -0.019171609
vn -0.99786144 0.06249089 -0.019171635
vn 0.9644398 0.019698871 -0.26356733
vn -0.9644398 0.019698828 -0.26356724
vn 0.9667976 0.08529465 -0.24088846
vn -0.9667976 0.085294686 -0.24088845
vn 0.8036457 0.07628624 -0.59019834
vn -0.8036456 0.07628612 -0.5901984
vn 0.81822634 0.12615554 -0.5608835
vn -0.81822634 0.12615551 -0.56088364
vn 0.6024883 0.101481825 -0.79164976
vn -0.6024882 0.10148177 -0.7916498
vn 0.58513576 0.15172777 -0.7966146
vn -0.58513576 0.15172775 -0.79661465
vn 0.44665998 0.07140837 -0.8918496
vn -0.44665986 0.07140833 -0.8918496
vn 0.40680397 0.14680095 -0.90164304
vn -0.40680414 0.146801 -0.9016428
vn 0.2697598 0.04431034 -0.9619076
vn -0.26975968 0.044310343 -0.9619076
vn 0.24734308 0.13104415 -0.9600254
vn -0.24734311 0.13104415 -0.9600254
vn 0.1389434 0.042131975 -0.9894037
vn -0.13894331 0.042131975 -0.9894037
vn 0.13754316 0.12148366 -0.98301756
vn -0.13754304 0.12148362 -0.98301756
vn -0 0.046023563 -0.9989404
vn -0 0.11993994 -0.9927812
vn -0.69117606 -0.21107627 0.6911747
vn -0.82527226 -0.21572347 0.5219091
vn -0.3389818 0.9167481 0.21133949
vn -0.27948177 0.9185757 0.27947927
vn -0.5219102 -0.21572304 0.8252716
vn -0.38589323 0.9115223 0.14217384
vn -0.91170365 -0.22478466 0.3439015
vn -0.21134137 0.91674787 0.33898097
vn -0.3439024 -0.22478929 0.91170216
vn -0.41518027 0.9069196 0.07156912
vn -0.95766455 -0.23260263 0.16963072
vn -0.14217569 0.9115205 0.38589713
vn -0.16963159 -0.23261109 0.95766234
vn -0.4251792 0.90510917 0
vn -0.9719383 -0.23523594 0
vn -0.071568824 0.9069183 0.41518325
vn -0 -0.23524156 0.97193694
vn -0.41517973 0.9069199 -0.0715691
vn -0.9576638 -0.23260534 -0.16963166
vn -0 0.9051096 0.42517844
vn 0.16963483 -0.23260131 0.95766413
vn -0.38589373 0.911522 -0.14217553
vn -0.9117017 -0.2247871 -0.3439054
vn 0.07156941 0.9069213 0.4151766
vn 0.34390527 -0.22478218 0.91170293
vn -0.33898243 0.91674757 -0.21134053
vn -0.82527274 -0.21572644 -0.521907
vn 0.1421764 0.9115226 0.38589162
vn 0.5219093 -0.2157202 0.8252729
vn -0.27948105 0.9185754 -0.27948093
vn -0.6911801 -0.21108231 -0.69116884
vn 0.21134098 0.91674846 0.3389795
vn 0.69117504 -0.21107674 0.69117546
vn -0.2113398 0.9167477 -0.33898246
vn -0.52191085 -0.21572982 -0.8252695
vn 0.27948138 0.9185757 0.2794796
vn 0.8252727 -0.21572754 0.52190673
vn -0.14217588 0.91152114 -0.3858952
vn -0.34390417 -0.22478928 -0.91170144
vn 0.33898288 0.9167474 0.21134046
vn 0.91170275 -0.22478713 0.34390235
vn -0.07156966 0.90691936 -0.41518068
vn -0.16963422 -0.23260428 -0.95766354
vn 0.3858942 0.91152173 0.14217475
vn 0.95766336 -0.23260596 0.1696328
vn -0 0.9051099 -0.42517784
vn -0 -0.23523518 -0.97193855
vn 0.41518024 0.90691966 0.07156905
vn 0.9719376 -0.23523906 0
vn 0.071569815 0.9069186 -0.41518226
vn 0.16963416 -0.2326073 -0.9576628
vn 0.4251803 0.9051087 0
vn 0.9576639 -0.2326044 -0.16963224
vn 0.14217637 0.91151965 -0.38589847
vn 0.3439036 -0.22479218 -0.91170096
vn 0.41518152 0.9069191 -0.07156825
vn 0.9117023 -0.22478534 -0.34390482
vn 0.21134083 0.916747 -0.33898377
vn 0.52190804 -0.21572734 -0.82527184
vn 0.38589433 0.911522 -0.14217328
vn 0.8252736 -0.21572396 -0.52190673
vn 0.27948114 0.9185754 -0.27948073
vn 0.6911769 -0.21108057 -0.6911726
vn 0.33898214 0.9167483 -0.21133783
vn -0.008220339 0.9997174 0.022302028
vn -0.0038542675 0.9997377 0.022577833
vn -0.0130590135 0.99969566 0.02093024
vn -0.017715279 0.9996861 0.01771466
vn -0 0.9997459 0.022543862
vn -0.020929331 0.99969566 0.013059047
vn -0.022300173 0.99971753 0.008221133
vn 0.0038543777 0.99973756 0.022579199
vn -0.022577753 0.9997377 0.0038553844
vn 0.008219914 0.9997174 0.022301657
vn -0.022543143 0.9997459 0
vn 0.013059156 0.99969566 0.020930767
vn -0.022578599 0.9997377 -0.0038535055
vn 0.017715646 0.9996861 0.017714206
vn -0.02230072 0.99971753 -0.008219242
vn 0.020928727 0.99969566 0.0130590815
vn -0.020929042 0.99969566 -0.01306
vn 0.022300797 0.99971753 0.008220198
vn -0.017715719 0.9996861 -0.01771617
vn 0.022578675 0.9997377 0.0038535083
vn -0.013058887 0.99969566 -0.020928638
vn 0.022543242 0.9997459 0
vn -0.00821992 0.99971753 -0.022299994
vn 0.022577869 0.9997377 -0.003853512
vn -0.0038543663 0.9997377 -0.022578074
vn 0.022300294 0.99971753 -0.00821927
vn -0 0.9997458 -0.022544187
vn 0.020929802 0.99969566 -0.013058147
vn 0.003854284 0.99973756 -0.02257975
vn 0.017715422 0.9996861 -0.017715234
vn 0.00822037 0.99971753 -0.022300761
vn 0.013058769 0.99969566 -0.020929372
vn -0.1322665 0.9856522 0.10485824
vn -0.1488489 0.98612726 0.07346403
vn -0.13076408 0.9861057 0.10245128
vn -0.15084828 0.98570234 0.07507029
vn -0.1488489 0.98612726 0.07346403
vn -0.07506639 0.9857028 0.15084726
vn -0.07357229 0.9860844 0.1490797
vn -0.15084828 0.98570234 0.07507029
vn -0.15979269 0.98603487 0.04691923
vn -0.045773264 0.9856023 0.16276687
vn -0.0470249 0.98596954 0.16016476
vn -0.16277006 0.98560184 0.045770608
vn -0.16742373 0.9856985 0.01917325
vn -0.015476129 0.9853631 0.1697648
vn -0.019228842 0.98561096 0.1679321
vn -0.16976348 0.98536336 0.01547484
vn -0.16729312 0.985721 -0.019158851
vn 0.015476132 0.9853638 0.1697606
vn 0.019228946 0.98561054 0.1679352
vn -0.16976371 0.98536325 -0.015474859
vn -0.15948705 0.9860886 -0.046832845
vn 0.045772344 0.9856021 0.16276835
vn 0.047025383 0.98596907 0.16016737
vn -0.1627706 0.9856016 -0.045773283
vn -0.14840172 0.98621076 -0.07324734
vn 0.07506776 0.9857034 0.15084322
vn 0.07357396 0.9860833 0.14908516
vn -0.15085012 0.98570246 -0.0750661
vn -0.13021559 0.98622173 -0.10203162
vn 0.07506776 0.9857034 0.15084322
vn 0.07357396 0.9860833 0.14908516
vn -0.13021559 0.98622173 -0.10203162
vn -0.07313858 0.98625284 -0.14817615
vn 0.13076954 0.9861044 0.1024571
vn 0.13076954 0.9861044 0.1024571
vn -0.07506825 0.98570216 -0.15085077
vn -0.07313858 0.98625284 -0.14817615
vn 0.15084891 0.98570246 0.0750675
vn 0.14885595 0.98612624 0.07346455
vn -0.07506825 0.98570216 -0.15085077
vn -0.0467303 0.986152 -0.15912443
vn 0.1627706 0.9856017 0.045771927
vn 0.1598006 0.9860335 0.046921562
vn -0.04577223 0.9856015 -0.16277169
vn -0.019103525 0.9858066 -0.16679417
vn 0.16976357 0.98536325 0.015476206
vn 0.16743232 0.98569715 0.019174237
vn -0.015476288 0.9853631 -0.16976458
vn 0.019103536 0.9858063 -0.1667963
vn 0.16976349 0.98536336 -0.015474836
vn 0.1673018 0.9857196 -0.019157063
vn 0.015476206 0.9853631 -0.16976437
vn 0.046731114 0.98615164 -0.15912625
vn 0.16276985 0.98560184 -0.045770537
vn 0.15949503 0.9860869 -0.046838034
vn 0.045773037 0.9856011 -0.16277355
vn 0.07314026 0.98625237 -0.14817804
vn 0.15084836 0.98570234 -0.075070366
vn 0.14840849 0.9862096 -0.07325074
vn 0.075067125 0.98570246 -0.15084945
vn 0.101975225 0.9862365 -0.13014838
vn 0.15084836 0.98570234 -0.075070366
vn 0.14840849 0.9862096 -0.07325074
vn 0.101975225 0.9862365 -0.13014838
vn 0.16276985 0.98560184 -0.045770537
vn 0.15084836 0.98570234 -0.075070366
vn 0.16976349 0.98536336 -0.015474836
vn 0.15084836 0.98570234 -0.075070366
vn 0.104861036 0.98565185 -0.13226674
vn 0.16976357 0.98536325 0.015476206
vn 0.075067125 0.98570246 -0.15084945
vn 0.045773037 0.9856011 -0.16277355
vn 0.1627706 0.9856017 0.045771927
vn 0.015476206 0.9853631 -0.16976437
vn 0.15084891 0.98570246 0.0750675
vn -0.015476288 0.9853631 -0.16976458
vn 0.13226525 0.9856522 0.10485973
vn -0.04577223 0.9856015 -0.16277169
vn 0.07506776 0.9857034 0.15084322
vn -0.07506825 0.98570216 -0.15085077
vn 0.07506776 0.9857034 0.15084322
vn -0.07506825 0.98570216 -0.15085077
vn 0.045772344 0.9856021 0.16276835
vn -0.13226566 0.98565173 -0.104864225
vn 0.015476132 0.9853638 0.1697606
vn -0.15085012 0.98570246 -0.0750661
vn -0.015476129 0.9853631 0.1697648
vn -0.1627706 0.9856016 -0.045773283
vn -0.045773264 0.9856023 0.16276687
vn -0.16976371 0.98536325 -0.015474859
vn -0.07506639 0.9857028 0.15084726
vn -0.16976348 0.98536336 0.01547484
vn -0.1322665 0.9856522 0.10485824
vn -0.16277006 0.98560184 0.045770608
vn -0.15084828 0.98570234 0.07507029
vn -0.15084828 0.98570234 0.07507029
vn -0.37435153 0.84836394 0.37435228
vn -0.6211501 0.47786292 0.6211438
vn -0.44901806 0.4700817 0.7598724
vn -0.2717179 0.84801614 0.45501438
vn -0.30481836 0.46387494 0.83180875
vn -0.45501554 0.8480153 0.27171832
vn -0.7598725 0.47008204 0.44901735
vn -0.18603253 0.8465275 0.4987815
vn -0.18106613 0.46276796 0.86779076
vn -0.49878085 0.84652764 0.18603401
vn -0.8318075 0.46387473 0.30482227
vn -0.11153327 0.84551054 0.5221802
vn -0 0.47423398 0.8803988
vn -0.52217996 0.84551024 0.11153692
vn -0.8677916 0.46276784 0.18106247
vn -0 0.84312975 0.53771013
vn 0.18106374 0.4627705 0.86779
vn -0.53770864 0.84313065 0
vn -0.8803985 0.47423446 0
vn 0.11153325 0.84551066 0.52218014
vn 0.3048171 0.46387503 0.83180916
vn -0.5221797 0.8455104 -0.11153701
vn -0.8677915 0.46276772 -0.1810632
vn 0.18603252 0.8465273 0.49878195
vn 0.44901693 0.47008067 0.7598736
vn -0.49878082 0.8465274 -0.18603525
vn -0.8318092 0.4638743 -0.3048179
vn 0.27171776 0.8480151 0.45501626
vn 0.621151 0.47786286 0.62114286
vn -0.45501533 0.8480151 -0.27171928
vn -0.7598761 0.47008118 -0.44901213
vn 0.37435248 0.8483638 0.37435138
vn 0.7598756 0.47008264 0.44901147
vn -0.37435204 0.84836376 -0.37435207
vn -0.62114817 0.47786424 -0.6211447
vn 0.45501527 0.84801596 0.27171665
vn 0.8318099 0.46387452 0.3048161
vn -0.27171743 0.84801567 -0.45501542
vn -0.44901508 0.4700817 -0.7598741
vn 0.49878073 0.8465274 0.18603536
vn 0.86779165 0.46276778 0.18106245
vn -0.18603227 0.8465269 -0.4987826
vn -0.30481878 0.46387374 -0.8318093
vn 0.5221799 0.8455105 0.111535944
vn 0.88039815 0.47423515 0
vn -0.11153343 0.84551054 -0.5221802
vn -0.18106437 0.46277013 -0.86779
vn 0.5377087 0.84313077 0
vn 0.86779165 0.46276778 -0.18106231
vn -0 0.84313005 -0.53770953
vn -0 0.47423306 -0.88039935
vn 0.52217984 0.84551054 -0.11153545
vn 0.8318098 0.46387517 -0.30481517
vn 0.11153344 0.84551066 -0.5221801
vn 0.18106495 0.4627677 -0.8677911
vn 0.4987809 0.846528 -0.18603219
vn 0.7598733 0.47008324 -0.44901478
vn 0.18603231 0.84652764 -0.49878156
vn 0.3048152 0.4638761 -0.8318092
vn 0.4550156 0.8480157 -0.27171704
vn 0.6211503 0.47786084 -0.6211451
vn 0.2717176 0.84801567 -0.4550154
vn 0.4490179 0.47008064 -0.75987303
vn 0.37435174 0.8483632 -0.37435365
vn 0.1760848 0.5261789 -0.83194345
vn 0.29636136 0.52734375 -0.7962906
vn 0.4349612 0.53016657 -0.727827
vn 0.59873474 0.53179014 -0.5989291
vn 0.72741294 0.5307481 -0.43494466
vn 0.7956724 0.5283252 -0.29627353
vn -0 0.52443546 -0.85145015
vn 0.8311436 0.52745926 -0.17603137
vn -0.1760842 0.5261803 -0.8319427
vn 0.8504133 0.5261152 -0.00018742491
vn -0.2963601 0.52734655 -0.796289
vn 0.83076113 0.5281503 0.17576438
vn -0.4349587 0.5301703 -0.72782576
vn 0.79506075 0.52948195 0.2958502
vn -0.5987318 0.53179604 -0.5989267
vn 0.72661775 0.5324502 0.43419293
vn -0.7274089 0.5307553 -0.43494254
vn 0.5978748 0.5341576 0.59768
vn -0.79566777 0.5283329 -0.29627246
vn 0.43417406 0.53303355 0.7262012
vn -0.83113825 0.52746725 -0.17603223
vn 0.29576167 0.53046274 0.7944396
vn -0.8504081 0.5261237 -0.00018888533
vn 0.17571089 0.5294312 0.82995677
vn -0.830756 0.52815855 0.17576398
vn -0 0.5277976 0.84937024
vn -0.7950564 0.5294901 0.29584715
vn -0.17571017 0.5294328 0.82995594
vn -0.7266138 0.53245735 0.4341908
vn -0.29576054 0.5304657 0.7944381
vn -0.5978705 0.53416336 0.59767914
vn -0.43417192 0.53303796 0.72619927
vn -0.9245206 0.32647914 0.196655
vn -0.8850596 0.32691902 0.33135092
vn -0.9445334 0.3284154 0.00032303334
vn -0.8091378 0.33042186 0.48591903
vn -0.6663352 0.3340016 0.6666636
vn -0.92510146 0.3249639 -0.19643249
vn -0.48540482 0.3316571 0.8089411
vn -0.3308793 0.32904667 0.88444746
vn -0.8860082 0.3243576 -0.33133307
vn -0.19626011 0.32927966 0.92361075
vn -0.8104825 0.3266696 -0.48621497
vn -0 0.33203912 0.94326556
vn -0.6679389 0.32887268 -0.667608
vn 0.19625968 0.32927606 0.9236121
vn -0.48673037 0.3254205 -0.81067574
vn 0.3308792 0.32904017 0.88444984
vn -0.33180732 0.3222073 -0.88661516
vn 0.48540568 0.33164772 0.8089444
vn -0.19682933 0.32213533 -0.9260059
vn 0.66633856 0.3339893 0.6666664
vn -0 0.32475662 -0.9457976
vn 0.8091423 0.3304065 0.48592207
vn 0.19682844 0.32213095 -0.9260077
vn 0.88506484 0.3269019 0.33135393
vn 0.3318072 0.32220033 -0.8866178
vn 0.9245265 0.3264611 0.19665694
vn 0.48673138 0.32541066 -0.810679
vn 0.94453967 0.3283971 0.00032501706
vn 0.6679407 0.32885963 -0.6676127
vn 0.92510754 0.32494608 -0.19643341
vn 0.8104864 0.326654 -0.48621908
vn 0.88601327 0.32434046 -0.33133617
vn -0.33040664 0.74349695 -0.5814151
vn -0.2312443 0.9528811 -0.19632517
vn -0.25963572 0.79564667 0.5472985
vn -0 0.9590389 0.2832742
vn 0.6413221 -0.5897638 -0.49079993
vn -0 0.82820964 0.56041855
vn 0.21618764 -0.42896238 0.8770714
vn 0.23124461 0.95288104 -0.19632532
vn -0.5505021 0.43680525 0.7114411
vn -0.7398635 0.42113575 -0.52463967
vn 0.70503336 0.041498583 -0.70795894
vn -0.7906638 -0.0416994 0.610829
vn 0.47492594 -0.6458709 0.5977424
vn -0 -0.9596888 -0.28106466
vn -0 -0.45122892 0.89240813
vn -0.624316 -0.6033151 -0.49622625
vn -0.77495015 -0.1999736 0.59955233
vn 0.905276 0.15866213 -0.39408335
vn 0.25963554 0.7956468 0.54729855
vn -0.21608286 -0.42736983 0.8778743
vn 0.55050266 0.4368053 0.7114407
vn 0.28312844 0.6783569 -0.67798984
vn -0.7778182 -0.12269413 -0.61639684
vn -0.45148155 -0.63251656 0.62935466
vn 0.80784583 0.044056743 0.58774495
vn 0.6516988 0.39588714 -0.64696366
vn -0.77921283 -0.3240728 0.5364739
vn 0.89376295 0.2172887 -0.39239454
vn 0.5302269 0.47640255 -0.701356
vn 0.55480343 0.41386864 -0.7217381
vn 0.06537538 0.4468751 -0.89220446
vn 0.062158994 0.4959975 -0.8660963
vn -0.5099638 0.44734713 -0.73472273
vn 0.82333606 0.4480945 -0.34832323
vn 0.863517 0.36602524 -0.3469351
vn -0.48987013 0.485685 -0.72397333
vn -0.8596835 0.37458268 -0.34732118
vn 0.9031972 0.4292235 0.0013683462
vn 0.9465441 0.32256103 0.0029281822
vn -0.8154412 0.4679725 -0.34067202
vn -0.9404127 0.34002212 0.002990263
vn 0.8388382 0.40370628 0.36520088
vn 0.8725856 0.32622176 0.36355716
vn -0.89754415 0.4409222 0.0015107786
vn -0.99956053 -0.027124159 -0.011952955
vn -0.8677449 0.33771965 0.36464256
vn -0.8297122 0.4188403 0.3689857
vn -0.51994973 0.35636508 0.7763093
vn -0.91858375 -0.023033215 -0.39455462
vn -0.4999907 0.40370795 0.76617837
vn 0.06660399 0.35795146 0.9313618
vn 0.54704255 0.39365003 0.73877203
vn 0.5659577 0.33346087 0.7539865
vn 0.05746398 0.3842283 0.92144805
vn -0.9137752 -0.06149777 0.40153828
vn -0.5467297 -0.117617674 0.82900715
vn 0.06694063 -0.14380103 0.9873399
vn 0.5994756 -0.12862377 0.7899905
vn 0.07411835 -0.018261703 0.9970822
vn -0.5568613 0.004216848 0.8305949
vn 0.9125254 -0.08717815 0.39962152
vn 0.6126601 -0.032136485 0.78969294
vn -0.91793525 0.028873194 0.3956784
vn 0.078745805 0.20593654 0.97539186
vn -0.5922025 0.1458689 0.7924761
vn 0.9986106 -0.051823884 -0.009549725
vn 0.90599144 -0.010375491 0.42316887
vn 0.63458675 0.13752493 0.7605172
vn 0.036623485 0.73796433 0.67384523
vn -0.75116915 0.43182585 0.49927083
vn 0.7701795 0.41305938 0.48600966
vn -0.9143286 0.105423264 0.39101064
vn 0.8936169 0.11854826 0.4328915
vn 0.9150875 -0.04265289 -0.40099317
vn 0.99919325 0.013110928 -0.037959218
vn 0.90439224 0.015444175 -0.42642263
vn 0.6097321 -0.020623442 -0.79233915
vn 0.99265164 0.09796916 -0.07102677
vn 0.93171793 0.21279454 0.29431313
vn 0.6255541 0.03059238 -0.7795808
vn 0.069437675 -0.0047139735 -0.9975751
vn 0.06385069 0.04485818 -0.99695075
vn -0.55903816 -0.01621994 -0.8289833
vn -0.56743956 0.03857981 -0.8225108
vn 0.038733054 0.13470471 -0.99012846
vn 0.6212748 0.12180958 -0.7740671
vn -0.90624326 0.038868517 -0.42096618
vn 0.89322233 0.10390167 -0.4374454
vn -0.9979115 0.04487819 -0.04645902
vn -0.992097 0.09897777 -0.07711691
vn -0.8916986 0.1195616 -0.43655318
vn -0.5749329 0.12864143 -0.8080246
vn 0.010514486 0.15207326 -0.98831326
vn -0.9330549 0.20269656 0.29719135
vn 0.57580966 0.14775153 -0.8041223
vn -0.5681809 0.14727263 -0.8096179
vn -0.9804205 0.15702958 -0.11881674
vn -0.0007013342 0.111935236 -0.9937152
vn -0.8896274 0.13224557 -0.4371203
vn -0.5702665 0.115214065 -0.81334
vn 0.8897012 0.12092122 -0.44023842
vn 0.5699435 0.11007894 -0.814277
vn -0.0005456557 -0.617031 -0.78693867
vn 0.9792964 0.14661144 -0.13958399
vn -0.97504145 0.19258052 0.110485196
vn -0.9763312 0.14259608 -0.16261594
vn -0.8924779 0.10267538 -0.4392505
vn -0.95157593 0.29038954 0.10088237
vn -0.9938545 0.11021893 -0.010245048
vn -0.46227464 -0.5875508 -0.66414326
vn -0.9782516 0.100258924 -0.18158226
vn -0.6867754 -0.6388126 -0.34678245
vn 0.97966355 0.17809978 0.092411
vn 0.9752939 0.11841166 -0.18649551
vn 0.9520422 0.28809613 0.10303478
vn 0.89399344 0.09568149 -0.43774498
vn 0.4614653 -0.58858544 -0.66378987
vn -7.168102E-05 -0.99988484 -0.0151798325
vn -0.76116496 -0.6323805 -0.14395429
vn 0.9925768 0.11226067 -0.046786606
vn 0.9749624 0.09643655 -0.20037034
vn 0.68689644 -0.6394585 -0.34534937
vn -0.7420068 -0.6700569 -0.021204606
vn -0 -0.9999522 -0.009785933
vn 0.7547445 -0.6363633 -0.15938166
vn -0.00030311683 -1 0.00018743906
vn 0.7425931 -0.6677241 -0.05196172
vn -0.7401851 -0.6717529 -0.029563123
vn -0.0003903682 -0.9999263 -0.012129118
vn 0.7445293 -0.66640145 -0.03981345
vn 0.9913119 0.1265501 -0.035857197
vn 0.7304256 -0.6814272 -0.04621036
vn 0.9406617 0.33842742 -0.024948727
vn -0.9925207 0.11962533 -0.024341576
vn -0.00058673334 -0.9993907 -0.034898743
vn 0.9933108 0.10768284 -0.04169085
vn -0.94078404 0.33573613 -0.046976186
vn -0.7287994 -0.6826256 -0.05360769
vn 0.71748686 -0.6942061 -0.05736255
vn -0.99384564 0.097165674 -0.053194772
vn -0.0005776599 -0.99902403 -0.04416705
vn -0.71819437 -0.69269025 -0.06615881
vn 0.99621385 0.077704646 -0.03898653
vn 0.7363686 -0.6679381 0.107795596
vn 0.93855214 0.34489986 -0.0128053455
vn -0.0003188372 -0.9997166 -0.023800928
vn -0.99636155 0.06785868 -0.051564105
vn -0.94155467 0.3358522 -0.026038243
vn -0.7386737 -0.66703093 0.097113006
vn 0.9838991 0.07165794 0.16373053
vn 0.54556817 -0.6280493 0.5548959
vn -7.1903625E-05 -0.64902395 0.760768
vn 0.9229004 0.3473036 0.16623831
vn 0.6904857 0.09678421 0.7168418
vn 0.6419467 0.3787339 0.6666822
vn 2.6184804E-05 0.1061274 0.9943526
vn -0.9863055 0.06640747 0.15096885
vn -0.55146414 -0.6260614 0.5513025
vn -0.69593453 0.095814645 0.7116843
vn -0.92746836 0.33992395 0.15573737
vn -0.6467928 0.37699956 0.6629709
vn -0.00033137886 0.37575397 0.9267195
vn 0.45687762 0.7144239 0.5299635
vn -0.45787588 0.7159944 0.52697396
vn -0.5979724 0.7769621 0.19687316
vn 0.0003073079 0.79993826 0.60008216
vn 0.59691244 0.7763135 0.20256604
vn -0.6310814 0.76993245 0.094552904
vn 0.00095961423 0.9707954 0.23990688
vn 0.63382417 0.7662823 0.10525393
vn -0.7029233 0.70263726 0.1104526
vn 0.0026636897 0.9802412 0.19778785
vn 0.6998637 0.70124984 0.13579227
vn 0.0060017495 0.96507406 0.2619083
vn -0.5302269 0.47640267 -0.7013558
vn -0.062159024 0.49599767 -0.86609626
vn -0.065375425 0.4468753 -0.89220434
vn -0.55480355 0.41386884 -0.721738
vn 0.5099638 0.44734716 -0.7347227
vn -0.82333606 0.44809467 -0.34832302
vn -0.86351705 0.3660253 -0.3469349
vn 0.48987004 0.48568505 -0.72397333
vn 0.85968345 0.37458265 -0.34732142
vn -0.90319735 0.42922342 0.001368239
vn -0.9465441 0.32256097 0.0029280279
vn 0.8154412 0.4679725 -0.34067222
vn 0.9404127 0.34002215 0.0029902512
vn -0.8388382 0.4037063 0.36520082
vn -0.8725856 0.3262217 0.3635571
vn 0.89754415 0.44092223 0.0015107725
vn 0.99956053 -0.027124198 -0.01195295
vn 0.8677449 0.33771977 0.36464256
vn 0.82971215 0.4188404 0.36898562
vn 0.5199497 0.3563651 0.7763094
vn 0.91858375 -0.02303327 -0.39455464
vn 0.4999907 0.40370795 0.76617837
vn -0.06660404 0.35795158 0.9313617
vn -0.5470426 0.39365008 0.7387719
vn -0.56595767 0.333461 0.7539865
vn -0.057463963 0.38422838 0.92144805
vn 0.9137752 -0.061497785 0.40153825
vn 0.5467297 -0.1176177 0.82900715
vn -0.06694058 -0.14380106 0.9873399
vn -0.5994756 -0.12862375 0.7899904
vn -0.07411831 -0.018261706 0.9970822
vn 0.5568613 0.0042168535 0.8305948
vn -0.9125254 -0.08717807 0.39962152
vn -0.61266005 -0.03213648 0.78969294
vn 0.91793525 0.028873201 0.39567834
vn -0.078745805 0.2059365 0.97539186
vn 0.59220254 0.14586896 0.79247606
vn -0.9986106 -0.05182385 -0.009549741
vn -0.90599144 -0.010375482 0.42316887
vn -0.63458675 0.13752487 0.7605172
vn -0.036623508 0.7379644 0.6738451
vn 0.75116915 0.4318259 0.49927077
vn -0.7701795 0.41305944 0.48600975
vn 0.9143286 0.10542327 0.39101055
vn -0.8936169 0.118548244 0.43289158
vn -0.9150875 -0.04265284 -0.40099317
vn -0.99919325 0.01311096 -0.037959218
vn -0.90439224 0.015444169 -0.42642254
vn -0.6097322 -0.020623421 -0.79233915
vn -0.99265164 0.0979691 -0.07102677
vn -0.93171793 0.21279459 0.29431316
vn -0.6255541 0.030592347 -0.7795808
vn -0.06943767 -0.0047139847 -0.9975751
vn -0.063850656 0.04485816 -0.99695075
vn 0.55903804 -0.016219957 -0.82898337
vn 0.5674396 0.03857981 -0.82251066
vn -0.03873305 0.13470471 -0.99012846
vn -0.6212748 0.121809565 -0.7740671
vn 0.90624326 0.038868513 -0.42096615
vn -0.89322233 0.10390167 -0.4374454
vn 0.9979115 0.04487817 -0.04645901
vn 0.992097 0.09897776 -0.07711692
vn 0.8916986 0.1195616 -0.43655312
vn 0.5749329 0.12864144 -0.80802447
vn -0.010514535 0.15207326 -0.98831326
vn 0.9330549 0.20269658 0.29719135
vn -0.5758097 0.14775153 -0.8041223
vn 0.56818086 0.14727262 -0.80961794
vn 0.9804205 0.15702957 -0.11881675
vn 0.0007012855 0.111935265 -0.9937152
vn 0.8896274 0.13224557 -0.43712032
vn 0.5702664 0.11521405 -0.81334
vn -0.8897012 0.1209212 -0.4402384
vn -0.5699435 0.11007891 -0.814277
vn 0.0005456286 -0.6170309 -0.7869387
vn -0.9792964 0.14661144 -0.13958398
vn 0.97504145 0.19258054 0.11048518
vn 0.9763312 0.14259605 -0.16261593
vn 0.8924779 0.10267531 -0.4392505
vn 0.95157593 0.29038954 0.100882344
vn 0.9938545 0.11021887 -0.010245053
vn 0.4622746 -0.5875508 -0.6641432
vn 0.9782516 0.100258835 -0.18158226
vn 0.68677527 -0.6388128 -0.34678245
vn -0.97966355 0.17809983 0.092411004
vn -0.9752939 0.11841168 -0.18649551
vn -0.9520422 0.28809616 0.1030348
vn -0.9925768 0.11226065 -0.046786606
vn -0.89399344 0.095681325 -0.43774498
vn -0.4614653 -0.58858544 -0.6637898
vn 7.168027E-05 -0.99988484 -0.015179832
vn 0.7611649 -0.6323806 -0.14395429
vn -0.9749624 0.09643642 -0.20037031
vn -0.6868963 -0.63945854 -0.34534934
vn 0.7420067 -0.67005694 -0.021204604
vn -0 -0.9999522 -0.009785935
vn -0.75474447 -0.6363634 -0.15938166
vn 0.0003031174 -1 0.00018743906
vn -0.74259305 -0.66772413 -0.051961716
vn 0.740185 -0.671753 -0.029563121
vn 0.00039036848 -0.9999263 -0.012129118
vn -0.7445292 -0.6664017 -0.039813455
vn -0.99131197 0.12655002 -0.035857204
vn -0.73042554 -0.68142724 -0.04621035
vn -0.9406617 0.33842742 -0.024948716
vn 0.9925207 0.119625285 -0.024341581
vn 0.00058673415 -0.9993907 -0.034898747
vn -0.9933108 0.107682616 -0.041690856
vn 0.94078404 0.33573613 -0.046976183
vn 0.72879934 -0.68262565 -0.053607687
vn -0.7174869 -0.6942061 -0.05736255
vn 0.99384564 0.097165644 -0.053194772
vn 0.00057765987 -0.99902403 -0.044167046
vn 0.71819437 -0.6926903 -0.06615881
vn -0.99621385 0.07770464 -0.03898653
vn -0.7363686 -0.6679382 0.10779559
vn -0.93855214 0.3448999 -0.012805354
vn 0.00031883657 -0.9997166 -0.023800928
vn 0.99636155 0.067858666 -0.051564105
vn 0.94155467 0.3358522 -0.02603823
vn 0.7386736 -0.667031 0.09711301
vn -0.9838991 0.071657956 0.16373056
vn -0.5455681 -0.6280494 0.5548958
vn 7.191399E-05 -0.64902395 0.760768
vn -0.9229004 0.3473036 0.1662383
vn -0.6904857 0.09678413 0.7168418
vn -0.6419467 0.3787338 0.6666822
vn -2.6242204E-05 0.1061274 0.9943526
vn 0.9863055 0.066407435 0.15096883
vn 0.55146414 -0.6260614 0.5513025
vn 0.6959345 0.095814675 0.7116844
vn 0.92746836 0.33992398 0.15573737
vn 0.64679277 0.3769996 0.6629709
vn 0.0003312556 0.37575403 0.9267195
vn -0.45687768 0.7144239 0.52996355
vn 0.45787588 0.7159944 0.52697396
vn 0.59797233 0.7769621 0.19687316
vn -0.00030736893 0.7999382 0.6000822
vn -0.59691244 0.7763135 0.20256609
vn 0.63108134 0.7699325 0.094552875
vn -0.00095961423 0.9707954 0.23990689
vn -0.63382417 0.7662823 0.10525393
vn 0.7029233 0.70263726 0.11045255
vn -0.0026637001 0.9802412 0.19778784
vn -0.6998637 0.70124984 0.13579223
vn -0.006001739 0.9650742 0.26190826
vn -0.5219102 -0.21572304 0.8252716
vn -0.0951839 -0.98383844 0.15166378
vn -0.12565598 -0.9840837 0.12565796
vn -0.69117606 -0.21107627 0.6911747
vn -0.3439024 -0.22478929 0.91170216
vn -0.1516623 -0.98383856 0.095185585
vn -0.06419694 -0.9829678 0.17220084
vn -0.82527226 -0.21572347 0.5219091
vn -0.16963159 -0.23261109 0.95766234
vn -0.1722009 -0.9829677 0.06419698
vn -0.03246282 -0.9820794 0.1856508
vn -0.91170365 -0.22478466 0.3439015
vn -0 -0.23524156 0.97193694
vn -0.1856552 -0.9820786 0.03246239
vn -0 -0.9817313 0.19027257
vn -0.95766455 -0.23260263 0.16963072
vn 0.16963483 -0.23260131 0.95766413
vn -0.1902793 -0.98173 0
vn 0.032463014 -0.982079 0.18565284
vn -0.9719383 -0.23523594 0
vn 0.34390527 -0.22478218 0.91170293
vn -0.18565269 -0.982079 -0.032462385
vn 0.064196944 -0.9829674 0.1722032
vn -0.9576638 -0.23260534 -0.16963166
vn 0.5219093 -0.2157202 0.8252729
vn -0.17219922 -0.98296803 -0.064197205
vn 0.095183775 -0.9838381 0.15166582
vn -0.9117017 -0.2247871 -0.3439054
vn 0.69117504 -0.21107674 0.69117546
vn -0.1516613 -0.98383904 -0.09518177
vn 0.12565568 -0.98408383 0.1256574
vn -0.82527274 -0.21572644 -0.521907
vn 0.8252727 -0.21572754 0.52190673
vn -0.12565546 -0.9840847 -0.12564984
vn 0.15166183 -0.98383904 0.09518182
vn -0.6911801 -0.21108231 -0.69116884
vn 0.91170275 -0.22478713 0.34390235
vn -0.09518409 -0.9838395 -0.15165697
vn 0.17219919 -0.98296803 0.06419684
vn -0.52191085 -0.21572982 -0.8252695
vn 0.95766336 -0.23260596 0.1696328
vn -0.06419728 -0.98296803 -0.17219895
vn 0.18565202 -0.98207915 0.03246347
vn -0.34390417 -0.22478928 -0.91170144
vn 0.9719376 -0.23523906 0
vn -0.03246343 -0.98207873 -0.18565416
vn 0.19027726 -0.98173046 0
vn -0.16963422 -0.23260428 -0.95766354
vn 0.9576639 -0.2326044 -0.16963224
vn -0 -0.9817301 -0.19027874
vn 0.18565369 -0.98207885 -0.03246303
vn -0 -0.23523518 -0.97193855
vn 0.9117023 -0.22478534 -0.34390482
vn 0.03246331 -0.982079 -0.1856527
vn 0.17220064 -0.9829677 -0.06419909
vn 0.16963416 -0.2326073 -0.9576628
vn 0.8252736 -0.21572396 -0.52190673
vn 0.0641974 -0.9829679 -0.17219941
vn 0.15166152 -0.9838388 -0.09518423
vn 0.3439036 -0.22479218 -0.91170096
vn 0.6911769 -0.21108057 -0.6911726
vn 0.0951839 -0.9838388 -0.15166153
vn 0.12565547 -0.9840844 -0.12565327
vn 0.52190804 -0.21572734 -0.82527184
vn 0.86779165 0.46276778 -0.18106231
vn 0.8023647 0.57382214 -0.16413105
vn 0.7711359 0.57130235 -0.28100345
vn 0.8318098 0.46387517 -0.30481517
vn 0.88039815 0.47423515 0
vn 0.711843 0.56191355 -0.42134634
vn 0.7598733 0.47008324 -0.44901478
vn 0.58959204 0.5520663 -0.5895794
vn 0.6211503 0.47786084 -0.6211451
vn 0.82796955 0.5607731 0
vn 0.86779165 0.46276778 0.18106245
vn -0.711847 0.56191367 -0.42133948
vn 0.42135102 0.5619141 -0.71183974
vn 0.4490179 0.47008064 -0.75987303
vn 0.8023638 0.5738217 0.16413683
vn 0.8318099 0.46387452 0.3048161
vn -0.58958787 0.5520682 -0.58958185
vn 0.28100854 0.57130283 -0.77113366
vn 0.3048152 0.4638761 -0.8318092
vn 0.77113587 0.571301 0.28100654
vn 0.7598756 0.47008264 0.44901147
vn -0.42134655 0.5619143 -0.7118423
vn 0.16414145 0.5738231 -0.8023619
vn 0.18106495 0.4627677 -0.8677911
vn 0.71184385 0.5619123 0.4213465
vn 0.621151 0.47786286 0.62114286
vn 0.5895892 0.55206555 0.5895832
vn 0.44901693 0.47008067 0.7598736
vn -0.7118414 0.5619118 0.42135122
vn -0.77113235 0.5713018 0.28101453
vn -0.28101307 0.5713013 -0.77113324
vn -0 0.5607734 -0.8279694
vn -0 0.47423306 -0.88039935
vn -0.16414064 0.5738241 -0.8023613
vn -0.18106437 0.46277013 -0.86779
vn -0.30481878 0.46387374 -0.8318093
vn -0.44901508 0.4700817 -0.7598741
vn -0.62114817 0.47786424 -0.6211447
vn -0.7598761 0.47008118 -0.44901213
vn -0.7711368 0.5713011 -0.28100374
vn -0.8318092 0.4638743 -0.3048179
vn -0.80236393 0.573823 -0.16413231
vn -0.8677915 0.46276772 -0.1810632
vn -0.82797 0.56077236 0
vn -0.8803985 0.47423446 0
vn -0.80236346 0.5738222 0.16413683
vn -0.8677916 0.46276784 0.18106247
vn -0.8318075 0.46387473 0.30482227
vn -0.7598725 0.47008204 0.44901735
vn -0.5895883 0.55206555 0.589584
vn -0.6211501 0.47786292 0.6211438
vn -0.42134795 0.56191146 0.7118436
vn -0.44901806 0.4700817 0.7598724
vn 0.42134804 0.5619111 0.71184385
vn 0.3048171 0.46387503 0.83180916
vn -0.28101096 0.57129884 0.7711358
vn -0.30481836 0.46387494 0.83180875
vn 0.28100947 0.5713001 0.77113545
vn 0.18106374 0.4627705 0.86779
vn -0.16414195 0.5738206 0.80236363
vn -0.18106613 0.46276796 0.86779076
vn 0.1641391 0.5738224 0.8023629
vn -0 0.47423398 0.8803988
vn -0 0.56077117 0.8279708
vn -0.61358905 -0.6285972 -0.47788486
vn 0.525244 -0.6145893 -0.5885566
vn 0.5087253 0.54048806 -0.6701278
vn 0.65359384 -0.5164149 0.55329084
vn 0.6109862 0.63179004 0.47700864
vn -0.5135243 -0.53778917 0.6686371
vn -0.651206 0.519523 -0.5531967
vn -0.52138805 0.6165029 0.5899819
vn -0.7445078 -0.6651989 0.056732785
vn 0.011009177 -0.593382 -0.8048457
vn -0.1273434 0.5513591 -0.8244918
vn 0.87424123 -0.48179623 -0.05978861
vn 0.74136174 0.6685192 -0.058863327
vn 0.123067275 -0.55369014 0.82357854
vn -0.87287045 0.48291746 0.069913276
vn -0.0013547783 0.59093636 0.8067171
vn 0.1356888 -0.66675526 0.7328205
vn -0.75566053 -0.6549555 0.0032265878
vn -0.853922 0.4979525 0.15119697
vn -0.04190826 -0.47093043 -0.8811743
vn -0.13378467 0.65948737 -0.73971474
vn 0.85191184 -0.49868602 -0.15986991
vn 0.04556361 0.4639296 0.8846996
vn 0.75693834 0.65347975 -0.0029077972
vn 0.45634142 -0.65360636 0.6037808
vn -0.67261 -0.63667643 0.3771459
vn -0.681665 0.51256716 0.5221184
vn -0.45598802 -0.48903233 -0.74358755
vn -0.45585936 0.6545093 -0.6031665
vn 0.6859193 -0.5109987 -0.51806873
vn 0.45622352 0.49112996 0.742059
vn 0.6677393 0.63637745 -0.38619688
vn 0.6135902 -0.6285979 -0.4778825
vn -0.50872535 0.54048795 -0.67012787
vn -0.52524513 -0.61459005 -0.5885546
vn -0.653593 -0.51641375 0.5532928
vn -0.61098623 0.6317901 0.47700855
vn 0.51352346 -0.53778785 0.6686388
vn 0.6512059 0.51952296 -0.5531968
vn 0.5213881 0.61650294 0.5899819
vn 0.74450785 -0.665199 0.05673181
vn 0.12734443 0.5513596 -0.8244913
vn -0.011008218 -0.59338135 -0.80484605
vn -0.8742409 -0.48179656 -0.059791062
vn -0.74136174 0.6685193 -0.058862545
vn -0.12306791 -0.553691 0.82357794
vn 0.8728704 0.4829173 0.06991546
vn 0.0013543033 0.5909357 0.80671763
vn -0.13568875 -0.66675615 0.7328198
vn 0.853922 0.49795258 0.15119678
vn 0.75566053 -0.6549555 0.0032240904
vn 0.04190781 -0.47092927 -0.881175
vn 0.13378423 0.65948737 -0.73971486
vn -0.85191166 -0.49868578 -0.15987177
vn -0.045563355 0.4639295 0.8846996
vn -0.75693834 0.6534799 -0.0029074943
vn -0.4563413 -0.65360636 0.603781
vn 0.6816653 0.5125675 0.52211773
vn 0.67261 -0.6366765 0.37714577
vn 0.4559878 -0.4890322 -0.7435877
vn 0.45585883 0.654509 -0.6031671
vn -0.6859193 -0.5109987 -0.5180685
vn -0.45622364 0.49113023 0.7420587
vn -0.66773903 0.63637733 -0.3861973
vn 0.39519975 0.6749488 0.6231062
vn -0.41023415 0.68874204 -0.5977812
vn 0.4102341 0.688742 -0.5977812
vn 0.2804782 0.47440478 0.8344292
vn 0.21213424 0.83053017 -0.5149938
vn -0.39519975 0.6749488 0.6231061
vn -0.28047803 0.47440475 0.8344293
vn -0.21213417 0.8305304 -0.5149936
vn -0.037930127 0.5436357 -0.8384637
vn -0.137812 0.47222143 0.8706404
vn 0.036499847 0.5448679 -0.8377271
vn 0.11041732 0.08226406 -0.990475
vn 0.3944465 -0.0409669 -0.9180052
vn -0.11041722 0.082263865 -0.990475
vn 0.16310701 0.16156976 0.97328895
vn -0.1631067 0.16156964 0.9732891
vn 0.14519496 0.46828294 0.87156725
vn 0.5764614 0.04060473 0.81611496
vn -0.07267206 -0.9095171 -0.40926445
vn 0.07267206 -0.9095171 -0.40926448
vn -0.40092742 -0.8449523 -0.3539954
vn -0.39444694 -0.04096667 -0.91800505
vn -0.18623486 -0.5647969 0.8039409
vn 0.18623503 -0.56479686 0.8039409
vn 0.5602712 -0.50670445 0.65524566
vn -0.5764606 0.040604685 0.8161155
vn 0.40092742 -0.8449522 -0.3539957
vn -0.5602707 -0.50670457 0.6552459
vn -0.8527535 -0.52132547 0.03211312
vn -0.8482495 -0.36403683 0.38464272
vn -0.95356905 -0.15522555 -0.2580911
vn -0.8657925 -0.16497673 0.4724258
vn -0.8330641 -0.18748957 0.5204344
vn -0.98006344 0.036372457 -0.19532725
vn 0.9157257 -0.37615877 0.14124808
vn -0.9508564 -0.28528416 0.12035416
vn 0.95356905 -0.15522553 -0.2580914
vn 0.85275346 -0.52132565 0.032112367
vn 0.8482498 -0.3640368 0.38464198
vn 0.8657927 -0.16497679 0.4724253
vn 0.9804032 0.03145198 -0.1944745
vn 0.83122474 -0.18929541 0.52271664
vn -0.85438514 -0.15278059 -0.49667305
vn 0.8289511 -0.25361314 0.49851832
vn 0.8162908 -0.06638063 0.57381445
vn 0.56334406 0.20693704 0.79988784
vn 0.8049365 0.15157825 0.5736735
vn 0.5838993 -0.043832425 0.8106419
vn 0.7956705 -0.28471127 0.53464735
vn 0.33669373 0.25809082 0.90555304
vn 0.5722263 -0.30328563 0.76195467
vn 0.73911047 -0.5092409 0.44089606
vn 0.56049794 -0.6228335 0.5458209
vn 0.34196493 -0.029133927 0.939261
vn 0.16898637 0.27696595 0.9459035
vn 0.34489316 -0.3375105 0.8758626
vn 0.34723133 -0.70697165 0.61613435
vn 0.17025639 -0.023999205 0.9851075
vn -0 0.28033876 0.95990103
vn 0.16609848 -0.3529446 0.92078304
vn 0.15355095 -0.74720913 0.64660704
vn -0 -0.023233036 0.99973005
vn -0 -0.35620752 0.9344069
vn -0 -0.7574992 0.652836
vn -0.15355101 -0.74720913 0.646607
vn -0.16609858 -0.35294464 0.9207829
vn -0.34723145 -0.7069717 0.6161342
vn -0.17025632 -0.023999207 0.9851075
vn -0.16898628 0.27696595 0.9459035
vn -0.3448932 -0.3375106 0.8758626
vn -0.560498 -0.62283355 0.5458209
vn -0.3419648 -0.02913392 0.939261
vn -0.3366938 0.25809085 0.90555304
vn -0.5722261 -0.3032856 0.7619548
vn -0.73911047 -0.509241 0.44089615
vn -0.7956705 -0.28471127 0.53464746
vn -0.5838992 -0.04383241 0.810642
vn -0.56334424 0.20693704 0.7998877
vn -0.8162908 -0.06638066 0.5738145
vn -0.8049365 0.15157826 0.5736735
vn 0.057658255 0.70473886 0.70711994
vn -0.0071871392 0.5642303 0.82558614
vn 0.065341555 0.67646176 0.7335734
vn -0.05762284 0.70476496 0.7070969
vn -0 0.57198244 0.8202659
vn 0.11252898 0.6824407 0.722227
vn 0.22724667 0.7667935 0.6003222
vn -0.11264349 0.68251497 0.722139
vn -0.22724667 0.7667935 0.60032225
vn 0.3746367 0.6017518 0.7053666
vn 0.5043096 0.6908132 0.5181206
vn -0 0.39341512 0.919361
vn -0.37463656 0.6017515 0.70536697
vn -0.50430983 0.6908135 0.51812005
vn 0.20255183 0.5386848 0.8177967
vn 0.106211014 0.27090818 0.95672774
vn -0.20255186 0.53868467 0.8177968
vn 0.49710193 0.28356728 0.8200484
vn -0.49710202 0.28356722 0.8200482
vn 0.23474805 0.2587734 0.936979
vn 0.71465886 0.36971062 0.59378177
vn 0.62474984 0.69713795 0.3516907
vn 0.54300725 0.15452497 0.8253879
vn 0.8509121 0.39583296 0.34534752
vn 0.76372105 0.63142943 0.13426451
vn 0.77070284 0.16897863 0.61438054
vn -0.7153908 0.36908203 0.5932912
vn -0.6260548 0.69683284 0.3499706
vn 0.2308196 0.13717738 0.9632781
vn 0.9091058 0.18006058 0.3756395
vn -0.85091245 0.39643136 0.34465954
vn -0.76372105 0.6314295 0.13426492
vn 0.49967366 0.7740671 0.3887755
vn 0.33145782 0.79860055 0.5023673
vn 0.58846754 0.7739972 0.23373964
vn 0.13303326 0.78348714 0.6070009
vn 0.6346031 0.769453 0.07225674
vn -0 0.043045152 0.99907315
vn -4.618521E-05 0.9970421 0.0768562
vn -0.13303438 0.7834872 0.6070005
vn 0.972375 0.19920991 0.12166483
vn 0.62955636 0.7690809 -0.11033332
vn -0.23081976 0.1371774 0.963278
vn -0.33145806 0.79860055 0.50236714
vn 0.9615485 0.21120782 -0.17554376
vn 0.7838799 0.59969026 -0.16094717
vn 0.5677862 0.7685697 -0.2948211
vn 0.8609474 0.20215534 -0.46680072
vn 0.7139765 0.5273791 -0.46055257
vn 0.45588043 0.7416598 -0.4920506
vn 0.6457269 0.17128491 -0.7441091
vn 0.52052456 0.40822962 -0.7499352
vn 0.3066809 0.7185551 -0.6241999
vn 0.40330267 0.11951472 -0.90722823
vn 0.29758975 0.26911387 -0.91597927
vn 0.1827196 0.69091606 -0.6994631
vn 0.18038388 0.20585415 -0.9618138
vn 0.22454493 0.07518891 -0.97155863
vn 2.7605332E-05 0.9848542 -0.17338434
vn -0 0.35915455 -0.93327814
vn 0.16812523 0.057982136 -0.98405886
vn -0.22454482 0.0751889 -0.97155863
vn -0.18271929 0.690916 -0.6994632
vn -0.18038383 0.20585412 -0.9618138
vn -0.40330234 0.11951463 -0.90722847
vn -0.29758966 0.26911393 -0.91597927
vn -0.30667874 0.71855503 -0.62420106
vn -0.52052414 0.40822947 -0.74993557
vn -0.64572656 0.17128477 -0.74410933
vn -0.4558802 0.74165976 -0.4920509
vn -0.7139765 0.5273792 -0.46055248
vn -0.8609473 0.20215525 -0.46680084
vn -0.5677862 0.76856965 -0.29482123
vn -0.78388 0.5996902 -0.16094646
vn -0.9615486 0.21120779 -0.17554373
vn -0.6295567 0.7690808 -0.11033185
vn -0.972375 0.1992099 0.12166506
vn -0.63460284 0.769453 0.07225781
vn -0.90910566 0.18006055 0.3756396
vn -0.5884676 0.7739972 0.23373947
vn -0.77070284 0.1689786 0.6143805
vn -0.49967268 0.77406704 0.38877675
vn -0.5430075 0.15452501 0.82538766
vn -0.23474814 0.25877345 0.936979
vn 0.04144872 0.9612367 0.27259135
vn -0.21597078 0.5708587 0.79213446
vn -0.12935255 0.49999914 0.85631114
vn -0.30824596 -0.49032292 0.81521034
vn 0.027652696 0.9737802 0.22580414
vn 0.017431933 0.94175595 -0.33584505
vn -0.5243961 -0.45220658 0.7214693
vn -0.32366937 -0.92757744 0.18664975
vn -0.1788413 -0.92983884 0.3215827
vn -0.11533461 -0.9928076 -0.032109607
vn -0.0797973 -0.99664223 0.018346995
vn -0.15910545 -0.8908185 -0.4255913
vn -0.12925917 -0.9162415 -0.37920123
vn -0.21953827 -0.42288804 -0.87918633
vn -0.14743502 -0.95553225 -0.2553842
vn -0.2787402 -0.49790213 -0.82121694
vn -0.19200456 0.44013837 -0.8771615
vn -0.11117702 0.40976518 -0.9053906
vn -0.15864536 -0.97383785 -0.16270083
vn -0.3733091 -0.5303256 -0.76118004
vn -0.13448727 -0.60768795 -0.7827059
vn 0.0049805245 0.9552916 -0.29562327
vn -0.24950945 0.28422508 -0.92572194
vn -0.120448865 0.7387505 -0.66312885
vn -0.10233075 0.33609506 -0.9362524
vn 0.009513763 0.84294444 -0.5379164
vn 0.006169278 -0.98131895 -0.19228919
vn 0.03324654 0.9984666 -0.044261754
vn -0.12220013 0.9069336 0.40316075
vn 0.08080285 0.90107596 0.42606696
vn -0.04446079 0.3874562 -0.9208154
vn -0.0121228555 0.9988813 -0.04570885
vn -0.16144703 0.8189571 0.550676
vn -0.51366204 0.34024563 0.78764474
vn -0.0459711 0.8787302 -0.47509983
vn -0.599813 0.27310953 0.7520874
vn 0.062353987 -0.6055672 -0.7933475
vn -0.10717865 0.39322072 -0.9131759
vn 0.17174959 -0.9664071 -0.19120482
vn 0.063289315 -0.9720792 -0.22595704
vn 0.14495574 -0.96816707 -0.20405951
vn 0.2623156 -0.9548439 -0.13951258
vn 0.23901305 -0.95295656 -0.18640405
vn -0.28772262 -0.9363753 -0.20103993
vn -0.51214933 -0.8564035 0.06539135
vn -0.10321973 -0.9931035 -0.0555974
vn -0.6724144 -0.396332 0.6251238
vn -0.37944427 -0.88562816 0.26774028
vn -0.6212134 -0.49007726 0.6114885
vn 0.18106501 -0.9831213 0.026229652
vn -0.18411605 -0.9337128 0.30705324
vn -0.4954532 -0.5859341 0.6412545
vn -0.5209881 0.20612362 0.8283022
vn 0.44930938 -0.8864894 -0.1107139
vn 0.40064734 -0.89989865 -0.17223264
vn 0.4156567 -0.8976976 -0.14617963
vn -0.07943767 -0.97769576 0.19442399
vn 0.56644636 -0.8041429 -0.18025711
vn 0.6776059 -0.6615533 0.32124355
vn 0.3516987 -0.93593293 -0.018367385
vn 0.4511488 -0.8250777 -0.34016383
vn 0.24400634 -0.9661279 -0.08401153
vn 0.86284584 -0.39348927 -0.3172748
vn 0.55033296 -0.47621718 -0.68582124
vn -0.012135477 -0.99881893 0.047047332
vn -0.428199 -0.66376615 0.6132374
vn -0.437688 -0.68498075 0.582435
vn -0.44922146 0.14735658 0.8811845
vn -0.45964608 0.18597545 0.86841154
vn -0.1290679 0.8392908 0.52814054
vn 0.08653849 0.8547218 0.511822
vn 0.10825612 0.9250424 0.36411163
vn 0.33627796 0.8150386 0.47183603
vn 0.3613732 0.804254 0.471789
vn -0.44837144 -0.6660121 0.5961469
vn -0.4519292 0.20545742 0.868071
vn 0.1091177 0.90580875 0.40939444
vn 0.7654901 0.64098847 0.05620223
vn 0.4124026 0.36535072 0.8345316
vn -0.037648078 -0.9916147 -0.12362407
vn -0.026111674 -0.9847585 -0.1719559
vn -0.4269035 -0.6582974 0.6199983
vn 0.0087161 0.8438843 0.5364544
vn -0.03826552 0.998602 -0.036469012
vn -0.08105369 0.8993918 -0.4295635
vn -0.103394605 0.4330754 -0.89540786
vn 0.10881209 -0.5782632 -0.8085615
vn 0.22689971 -0.9552431 -0.18980785
vn 0.098561056 0.06372849 0.9930883
vn 0.0012280409 0.8103127 0.58599645
vn -0.02038176 0.99941504 -0.027463755
vn -0.051030137 0.9154953 -0.39907947
vn -0.068642296 0.45676595 -0.8869346
vn 0.11017242 -0.5635505 -0.818702
vn -0.008725278 0.5041314 -0.8635829
vn 0.07529894 -0.5755267 -0.8143089
vn 0.6310217 0.5731742 -0.52276474
vn 0.26877654 -0.72938067 0.6290969
vn 0.04945995 0.94285107 0.3295234
vn -0.41792843 0.23720405 0.8769664
vn 0.04136257 0.97120583 0.23462366
vn 0.48922768 0.57370186 -0.65690374
vn 0.295625 -0.9531383 0.06429003
vn 0.42814857 -0.36317 -0.8275242
vn -0.056649137 -0.9771503 -0.204861
vn -0.44790682 -0.628692 0.6357089
vn -0.41842443 0.2606996 0.8700326
vn 0.24962401 -0.96594965 -0.06803836
vn 0.112518914 -0.97831136 -0.17391449
vn 0.1327142 -0.99040484 -0.038539335
vn 0.050164826 0.96886325 0.24246131
vn 0.14036655 -0.9872131 0.0755487
vn 0.11112471 -0.7887805 0.60454667
vn 0.05706895 0.03201361 0.9978568
vn 0.018249853 0.8117651 0.58369887
vn -0.0033392196 0.99969995 -0.024268964
vn 0.01251258 0.8137849 0.5810315
vn -0.0039581736 0.9313556 -0.36408958
vn -0.00334622 0.99980265 -0.019584471
vn 0.0017960459 0.4994142 -0.86636144
vn -0.0043420917 0.9329318 -0.360027
vn 0.013268121 -0.6072704 -0.7943845
vn 0.0026093703 0.49866095 -0.8667932
vn 0.019083017 -0.98688835 -0.16027224
vn 0.051249042 -0.6055237 -0.7941754
vn 0.026782209 -0.9994373 -0.020193933
vn 0.02850469 -0.987783 -0.1532066
vn 0.036766384 -0.9962218 0.07867834
vn 0.038235594 -0.999175 -0.013685295
vn 0.04126731 -0.80697185 0.5891464
vn 0.04211865 -0.99559325 0.08378566
vn 0.030744363 0.02453116 0.9992262
vn 0.018481715 0.81447214 0.5799082
vn 0.037727553 0.03902928 0.9985257
vn -0.0056676515 0.9998815 -0.014310671
vn 0.07269556 -0.7921917 0.6059271
vn 0.03995292 0.8263144 0.56179035
vn -0.0066769025 0.9333898 -0.3588022
vn 0.08450968 0.05424436 0.9949451
vn 0.011551879 0.9999325 -0.0012426827
vn 0.04390526 0.48790923 -0.8717895
vn 0.011497753 0.93913877 -0.3433456
vn 0.043282714 -0.9955831 0.08331286
vn 0.1448393 -0.8016705 0.5799535
vn 0.22531693 0.0657322 0.97206557
vn 0.18826672 0.81650394 0.545781
vn 0.15807344 0.98742616 -0.0015472396
vn 0.14242011 0.9334715 -0.32916185
vn 0.16284385 0.4752927 -0.86462635
vn 0.042951047 -0.99902594 -0.010119097
vn 0.13899449 -0.64499587 -0.7514392
vn 0.037518017 -0.98888725 -0.14385563
vn 0.09759136 -0.9815802 -0.16424437
vn 0.06983572 -0.9973642 -0.0196859
vn 0.06298516 -0.994612 0.08234003
vn 0.6232643 0.78197336 -0.007700692
vn 0.55015904 0.76632524 -0.33176917
vn 0.5080158 0.3881432 -0.7689374
vn 0.4462045 -0.5334975 -0.7185277
vn 0.89742476 0.13080531 -0.42132962
vn 0.5754918 -0.7454955 -0.3362229
vn 0.64527786 -0.7620705 -0.053526472
vn 0.99749064 0.05876686 -0.039484095
vn 0.6021869 -0.7742595 0.19466175
vn 0.94256467 0.07235497 0.32609278
vn 0.5276317 -0.6715437 0.52022475
vn 0.5694905 0.06547008 0.81938654
vn 0.61946124 0.650132 0.4399957
vn -0.04145061 0.9612366 0.2725912
vn 0.12939659 0.4999642 0.85632485
vn 0.21597089 0.5708586 0.79213446
vn 0.30824956 -0.49032217 0.81520945
vn -0.02765271 0.9737802 0.2258042
vn -0.01743198 0.941756 -0.33584478
vn 0.5243963 -0.45220655 0.7214692
vn 0.32366946 -0.92757756 0.18664958
vn 0.17884153 -0.92983884 0.32158273
vn 0.11533449 -0.9928076 -0.032109633
vn 0.07979526 -0.99664235 0.018349063
vn 0.15909998 -0.8908194 -0.42559135
vn 0.12925899 -0.9162417 -0.37920085
vn 0.21953578 -0.4228892 -0.87918633
vn 0.14743498 -0.95553213 -0.25538456
vn 0.27874035 -0.49790248 -0.8212168
vn 0.19200474 0.44013843 -0.87716144
vn 0.111177094 0.40976548 -0.9053905
vn 0.15864527 -0.97383773 -0.16270149
vn 0.37330925 -0.5303256 -0.7611799
vn 0.13448732 -0.60768825 -0.78270566
vn -0.0049805404 0.9552916 -0.29562315
vn 0.24950972 0.28422523 -0.9257218
vn 0.12044887 0.7387506 -0.6631287
vn 0.1023308 0.3360952 -0.9362523
vn -0.009513736 0.84294444 -0.5379164
vn -0.0061693615 -0.98131895 -0.19228904
vn -0.033246536 0.9984666 -0.04426221
vn 0.122200094 0.9069337 0.40316048
vn -0.08080282 0.9010758 0.42606717
vn 0.044460796 0.38745618 -0.9208154
vn 0.012122881 0.99888116 -0.04570938
vn 0.16144706 0.8189572 0.550676
vn 0.51366216 0.34024566 0.7876447
vn 0.045971084 0.8787298 -0.47510064
vn 0.599813 0.27310976 0.75208735
vn -0.062353868 -0.60556763 -0.79334724
vn 0.10717862 0.39322034 -0.91317606
vn -0.17174952 -0.96640736 -0.19120397
vn -0.06328949 -0.9720791 -0.22595735
vn -0.14495587 -0.96816707 -0.20405962
vn -0.26231575 -0.9548439 -0.1395119
vn -0.23901288 -0.9529567 -0.18640386
vn 0.28772253 -0.9363752 -0.20104024
vn 0.51214933 -0.8564035 0.065391175
vn 0.10321977 -0.9931035 -0.055597324
vn 0.6724147 -0.39633217 0.62512344
vn 0.37944442 -0.88562804 0.26774025
vn 0.62121356 -0.4900772 0.61148846
vn -0.1810651 -0.9831213 0.026230158
vn 0.18411623 -0.93371266 0.30705366
vn 0.49545336 -0.5859343 0.64125425
vn 0.52098805 0.20612378 0.8283022
vn -0.44930953 -0.8864893 -0.11071397
vn -0.40064767 -0.8998986 -0.17223237
vn -0.41565695 -0.8976976 -0.14617938
vn 0.07943731 -0.9776959 0.1944238
vn -0.56644666 -0.8041427 -0.18025719
vn -0.6776058 -0.66155314 0.32124418
vn -0.35169873 -0.93593305 -0.018366536
vn -0.451149 -0.8250775 -0.34016442
vn -0.24400614 -0.966128 -0.08401072
vn -0.86284596 -0.39348906 -0.3172747
vn -0.5503329 -0.47621682 -0.68582165
vn 0.012134994 -0.99881893 0.047046974
vn 0.42819902 -0.6637667 0.6132369
vn 0.43768802 -0.6849805 0.5824353
vn 0.44922146 0.14735658 0.8811845
vn 0.45964625 0.18597578 0.8684115
vn 0.12906787 0.83929104 0.5281402
vn -0.08653866 0.8547218 0.51182187
vn -0.10825609 0.9250424 0.36411142
vn -0.33627796 0.8150387 0.47183582
vn -0.36137342 0.8042537 0.47178945
vn 0.4483715 -0.6660117 0.5961471
vn 0.45192945 0.20545755 0.8680708
vn -0.10911788 0.90580887 0.4093942
vn -0.7654901 0.6409884 0.05620213
vn -0.4124025 0.36535022 0.83453184
vn 0.037648086 -0.9916147 -0.123624146
vn 0.026111785 -0.9847586 -0.17195515
vn 0.42690355 -0.65829706 0.61999875
vn -0.008716027 0.8438841 0.53645474
vn 0.038265552 0.99860185 -0.03646916
vn 0.081053644 0.89939153 -0.42956382
vn 0.10339451 0.433075 -0.89540803
vn -0.108812 -0.578263 -0.80856156
vn -0.22689961 -0.9552431 -0.18980804
vn -0.098561086 0.063728474 0.9930883
vn -0.0012280117 0.81031257 0.58599657
vn 0.020381782 0.99941504 -0.027463831
vn 0.051030107 0.9154953 -0.39907947
vn 0.06864226 0.45676625 -0.8869345
vn -0.11017243 -0.56355006 -0.8187022
vn 0.008725373 0.5041313 -0.8635829
vn -0.07529886 -0.57552695 -0.81430876
vn -0.6310214 0.5731742 -0.5227649
vn -0.26877645 -0.7293803 0.6290975
vn -0.049459875 0.9428511 0.32952303
vn 0.41792852 0.23720405 0.8769664
vn -0.041362584 0.97120595 0.23462354
vn -0.48922768 0.5737017 -0.6569038
vn -0.2956247 -0.95313835 0.06429074
vn -0.4281485 -0.36317006 -0.8275243
vn 0.056649283 -0.97715056 -0.20485973
vn 0.4479067 -0.6286915 0.6357096
vn 0.41842464 0.2606995 0.8700326
vn -0.24962367 -0.9659498 -0.068038
vn -0.11251889 -0.9783115 -0.17391387
vn -0.13271411 -0.99040484 -0.038539182
vn -0.050165072 0.96886325 0.24246104
vn -0.14036648 -0.9872131 0.0755488
vn -0.11112469 -0.78878 0.60454726
vn -0.057068896 0.03201456 0.9978568
vn -0.018249787 0.8117651 0.58369887
vn 0.003339217 0.99969995 -0.024268841
vn -0.012512537 0.8137851 0.5810313
vn 0.003958157 0.93135536 -0.36408994
vn 0.0033462155 0.99980265 -0.019584129
vn -0.0017959728 0.49941385 -0.8663616
vn 0.00434206 0.93293154 -0.36002743
vn -0.013268049 -0.6072706 -0.79438436
vn -0.0026094122 0.49866068 -0.8667934
vn -0.019083042 -0.98688847 -0.1602718
vn -0.051248994 -0.6055235 -0.79417557
vn -0.026782237 -0.9994373 -0.02019353
vn -0.0285047 -0.9877829 -0.15320696
vn -0.036766384 -0.9962218 0.07867838
vn -0.038235586 -0.999175 -0.013685277
vn -0.041267328 -0.8069718 0.5891465
vn -0.042118624 -0.99559325 0.08378558
vn -0.030744372 0.024532223 0.9992262
vn -0.018481731 0.81447226 0.5799081
vn -0.037727576 0.039029397 0.9985257
vn 0.005667644 0.9998815 -0.014310332
vn -0.07269564 -0.79219204 0.60592663
vn -0.03995297 0.8263145 0.56179005
vn 0.006676858 0.9333898 -0.35880217
vn -0.08450986 0.054244235 0.9949451
vn -0.011551885 0.9999325 -0.00124261
vn -0.043905225 0.48790896 -0.8717897
vn -0.011497763 0.93913877 -0.3433457
vn -0.043282673 -0.9955831 0.08331259
vn -0.14483929 -0.8016709 0.57995296
vn -0.22531687 0.06573201 0.9720657
vn -0.18826659 0.816504 0.545781
vn -0.15807356 0.98742616 -0.0015471012
vn -0.14242019 0.9334716 -0.32916152
vn -0.16284393 0.4752929 -0.8646262
vn -0.042951033 -0.99902594 -0.010119909
vn -0.13899459 -0.64499587 -0.7514392
vn -0.03751801 -0.98888713 -0.1438563
vn -0.097591355 -0.9815802 -0.16424476
vn -0.06983571 -0.9973642 -0.019686038
vn -0.06298522 -0.9946121 0.082339406
vn -0.6232642 0.7819734 -0.0077006896
vn -0.5501593 0.76632524 -0.33176875
vn -0.5080161 0.3881437 -0.76893705
vn -0.4462044 -0.53349763 -0.71852756
vn -0.8974249 0.13080469 -0.42132977
vn -0.57549155 -0.7454956 -0.33622292
vn -0.6452778 -0.76207054 -0.053526055
vn -0.99749064 0.05876704 -0.03948419
vn -0.60218686 -0.7742595 0.1946618
vn -0.9425646 0.0723557 0.32609284
vn -0.5276318 -0.67154413 0.520224
vn -0.5694902 0.06546999 0.8193868
vn -0.6194608 0.65013236 0.43999568
vn 0.7811369 -0.5861904 0.21495567
vn 0.73911047 -0.5092409 0.44089606
vn 0.7956705 -0.28471127 0.53464735
vn 0.56049794 -0.6228335 0.5458209
vn 0.90537333 -0.3213402 0.2775602
vn 0.8162908 -0.06638063 0.57381445
vn 0.5662214 -0.79894006 0.20270161
vn 0.34723133 -0.70697165 0.61613435
vn 0.7856309 -0.6186523 0.0073202443
vn 0.94494516 -0.083216906 0.3164705
vn 0.8049365 0.15157825 0.5736735
vn 0.32987702 -0.91997886 0.21170738
vn 0.15355095 -0.74720913 0.64660704
vn 0.93368363 -0.35399112 0.0540848
vn 0.5648441 -0.8234337 -0.05392782
vn 0.12744501 -0.9687695 0.21270506
vn -0 -0.7574992 0.652836
vn 0.7579889 -0.6175782 -0.20988098
vn 0.31704593 -0.9426862 -0.10404188
vn 0.5216061 -0.80140966 -0.2926938
vn 0.99365634 -0.08887789 0.06890387
vn 0.9173521 -0.3478286 -0.19359846
vn 0.7053698 -0.5630674 -0.43059108
vn 0.93952173 0.15947902 0.30309308
vn -0 -0.97869897 0.20530076
vn 0.107116245 -0.98666453 -0.122553185
vn 0.29411384 -0.8867856 -0.35652256
vn 0.5065164 -0.66258276 -0.55174744
vn 0.79466414 -0.34486198 -0.499579
vn 0.9731026 -0.09260147 -0.21094134
vn 0.9815294 0.18173856 0.05975781
vn -0.12744501 -0.9687695 0.21270506
vn -0.15355101 -0.74720913 0.646607
vn -0.32987708 -0.9199789 0.21170726
vn -0.34723145 -0.7069717 0.6161342
vn -0.56622154 -0.7989402 0.20270148
vn -0.560498 -0.62283355 0.5458209
vn -0.781137 -0.5861904 0.21495566
vn -0.73911047 -0.509241 0.44089615
vn -0.7956705 -0.28471127 0.53464746
vn -0.90537333 -0.32134026 0.2775602
vn -0.8162908 -0.06638066 0.5738145
vn -0.78563076 -0.6186522 0.0073204953
vn -0.5648441 -0.8234337 -0.053927723
vn -0.31704587 -0.9426862 -0.104041934
vn -0.107116245 -0.98666453 -0.12255321
vn -0.94494516 -0.08321694 0.31647053
vn -0.8049365 0.15157826 0.5736735
vn -0.9336836 -0.35399112 0.054084882
vn -0.757989 -0.6175782 -0.2098805
vn -0.5216062 -0.8014097 -0.29269353
vn -0 -0.9923453 -0.12349453
vn -0.29411384 -0.8867856 -0.35652262
vn 0.11596833 -0.92078114 -0.3724424
vn -0.11596835 -0.92078125 -0.3724424
vn 0.31121856 -0.7199999 -0.62027675
vn -0 -0.9270442 -0.3749521
vn 0.5577201 -0.38874975 -0.7333634
vn 0.14760488 -0.7453554 -0.6501216
vn 0.8418062 -0.09818413 -0.530775
vn 0.34190193 -0.4287117 -0.8362472
vn 0.9645314 0.16327395 -0.20741452
vn 0.59781414 -0.10311419 -0.7949752
vn 0.8361182 0.14544685 -0.52891546
vn -0.14760496 -0.7453555 -0.6501215
vn -0 -0.7501414 -0.6612775
vn 0.17453559 -0.44324136 -0.87924653
vn 0.36059538 -0.10460817 -0.92683774
vn 0.5919259 0.1832434 -0.7848857
vn -0.3112185 -0.71999985 -0.62027675
vn -0.5065164 -0.66258264 -0.5517477
vn -0.7053698 -0.56306744 -0.43059102
vn -0.9173521 -0.34782863 -0.19359843
vn -0.79466397 -0.34486187 -0.4995792
vn -0.5577198 -0.38874966 -0.7333636
vn -0.34190184 -0.4287118 -0.8362472
vn -0.99365634 -0.08887793 0.06890389
vn -0.9731026 -0.09260148 -0.21094133
vn -0.8418062 -0.09818411 -0.530775
vn -0.93952173 0.15947907 0.30309314
vn -0.9815294 0.18173857 0.05975781
vn -0.17453563 -0.44324136 -0.87924653
vn -0.59781414 -0.1031142 -0.7949754
vn -0.9645314 0.16327396 -0.20741446
vn -0 -0.4454037 -0.8953299
vn -0.36059523 -0.10460814 -0.92683774
vn -0.8361182 0.14544687 -0.52891546
vn 0.18716975 -0.10537564 -0.9766593
vn -0.18716966 -0.10537562 -0.9766594
vn -0.5919259 0.18324341 -0.7848857
vn 0.3682697 0.2212334 -0.9030134
vn -0 -0.10606165 -0.99435955
vn -0.3682697 0.22123334 -0.9030134
vn 0.1928982 0.2318886 -0.9534244
vn -0.19289815 0.23188852 -0.9534244
vn -0 0.23233959 -0.97263473
vn -0.79009354 0.3806573 -0.4804709
vn -0.6098831 0.48242432 -0.62873626
vn -0.86120766 0.44823682 -0.23959342
vn -0.378824 0.55493385 -0.7406355
vn -0.8897531 0.45532456 0.031920545
vn -0.65358377 0.68526727 -0.32130536
vn -0.17559235 0.5971452 -0.78267807
vn -0.8469592 0.44423106 0.2920941
vn -0.6747108 0.7380686 0.0044874665
vn -0.43766218 0.788553 -0.4320139
vn -0.7682454 0.38009837 0.5150964
vn -0.6108604 0.7219189 0.32508868
vn -0.5685006 0.521912 0.63593626
vn -0.56334424 0.20693704 0.7998877
vn -0.48419467 0.8748365 -0.0147129875
vn -0.21451275 0.8401528 -0.49812412
vn -0.4199642 0.82836306 0.37073526
vn -0.35041475 0.6092708 0.7113358
vn -0.3366938 0.25809085 0.90555304
vn -0.26662275 0.96334714 -0.029574662
vn -0 0.60595083 -0.7955021
vn -0.1670108 0.64524513 0.74549717
vn -0.16898628 0.27696595 0.9459035
vn -0.22225755 0.8696662 0.44077474
vn -0 0.84182715 -0.5397472
vn 0.17559235 0.59714526 -0.78267807
vn -0 0.65102434 0.7590568
vn -0 0.28033876 0.95990103
vn 0.16898637 0.27696595 0.9459035
vn -0 0.9989146 -0.04657824
vn -0 0.8814169 0.4723391
vn 0.16701077 0.64524525 0.74549705
vn 0.33669373 0.25809082 0.90555304
vn 0.21451275 0.8401528 -0.49812397
vn 0.3788239 0.55493367 -0.7406355
vn 0.26662272 0.96334714 -0.029574502
vn 0.22225755 0.8696662 0.44077462
vn 0.35041466 0.60927075 0.7113358
vn 0.56334406 0.20693704 0.79988784
vn 0.43766224 0.788553 -0.4320138
vn 0.6098831 0.48242435 -0.62873614
vn 0.48419476 0.8748366 -0.014712817
vn 0.41996422 0.8283631 0.37073523
vn 0.5685004 0.52191186 0.6359365
vn 0.6535838 0.68526727 -0.3213052
vn 0.79009354 0.38065732 -0.48047087
vn 0.86120766 0.44823694 -0.23959328
vn 0.8897531 0.45532462 0.031920638
vn 0.6747108 0.7380686 0.0044875485
vn 0.84695923 0.44423094 0.29209402
vn 0.6108604 0.7219188 0.3250887
vn 0.7682452 0.3800983 0.51509655
vn -0.30150756 0.2625697 0.9165971
vn 0.2231675 0.9186475 0.32601085
vn -0.34919626 -0.6431259 0.6815065
vn 0.59366995 0.5538998 -0.5837388
vn 0.06535361 -0.9896801 -0.12752321
vn 0.4812143 -0.39717752 -0.78146195
vn 0.1498898 -0.5285799 0.83554554
vn 0.15441433 0.07874731 0.984863
vn 0.636938 -0.7329568 0.23892337
vn 0.72461575 0.4427778 0.5280908
vn 0.8574647 -0.2930055 -0.42296806
vn 0.9168999 0.30417693 -0.2584006
vn 0.30150762 0.26256943 0.91659725
vn -0.22316748 0.91864747 0.3260109
vn 0.3491961 -0.6431262 0.6815063
vn -0.59367 0.55389994 -0.5837386
vn -0.06535402 -0.9896801 -0.12752296
vn -0.4812148 -0.39717743 -0.78146166
vn -0.14988965 -0.52858007 0.8355454
vn -0.15441407 0.07874755 0.984863
vn -0.63693833 -0.7329565 0.23892324
vn -0.72461504 0.44277853 0.5280912
vn -0.8574653 -0.29300454 -0.42296746
vn -0.9168998 0.30417794 -0.2584
g 02_Cloth_07_0
f 3/3/3 2/2/2 1/1/1
f 6/6/6 5/5/5 4/4/4
f 9/9/9 8/8/8 7/7/7
f 12/12/12 11/11/11 10/10/10
f 15/15/15 14/14/14 13/13/13
f 18/18/18 17/17/17 16/16/16
f 21/21/21 20/20/20 19/19/19
f 24/24/24 23/23/23 22/22/22
f 27/27/27 26/26/26 25/25/25
f 30/30/30 29/29/29 28/28/28
f 33/33/33 32/32/32 31/31/31
f 36/36/36 35/35/35 34/34/34
f 39/39/39 38/38/38 37/37/37
f 42/42/42 41/41/41 40/40/40
f 45/45/45 44/44/44 43/43/43
f 48/48/48 47/47/47 46/46/46
f 51/51/51 50/50/50 49/49/49
f 50/50/50 51/51/51 52/52/52
f 54/54/54 51/51/51 53/53/53
f 51/51/51 54/54/54 55/55/55
f 56/56/56 54/54/54 53/53/53
f 56/56/56 53/53/53 57/57/57
f 54/54/54 58/58/58 55/55/55
f 55/55/55 58/58/58 59/59/59
f 60/60/60 54/54/54 56/56/56
f 54/54/54 61/61/61 58/58/58
f 60/60/60 56/56/56 62/62/62
f 56/56/56 63/63/63 62/62/62
f 64/64/64 60/60/60 62/62/62
f 62/62/62 63/63/63 65/65/65
f 58/58/58 61/61/61 66/66/66
f 67/67/67 58/58/58 66/66/66
f 61/61/61 68/68/68 66/66/66
f 67/67/67 66/66/66 69/69/69
f 64/64/64 62/62/62 70/70/70
f 62/62/62 65/65/65 70/70/70
f 70/70/70 71/71/71 64/64/64
f 66/66/66 68/68/68 72/72/72
f 69/69/69 66/66/66 72/72/72
f 73/73/73 72/72/72 68/68/68
f 70/70/70 65/65/65 74/74/74
f 65/65/65 75/75/75 74/74/74
f 75/75/75 76/76/76 74/74/74
f 77/77/77 71/71/71 70/70/70
f 74/74/74 77/77/77 70/70/70
f 78/78/78 71/71/71 77/77/77
f 79/79/79 77/77/77 74/74/74
f 78/78/78 77/77/77 79/79/79
f 76/76/76 79/79/79 74/74/74
f 80/80/80 78/78/78 79/79/79
f 80/80/80 79/79/79 81/81/81
f 82/82/82 79/79/79 76/76/76
f 79/79/79 82/82/82 81/81/81
f 83/83/83 82/82/82 76/76/76
f 84/84/84 81/81/81 82/82/82
f 82/82/82 83/83/83 85/85/85
f 86/86/86 84/84/84 82/82/82
f 86/86/86 82/82/82 85/85/85
f 87/87/87 84/84/84 86/86/86
f 86/86/86 85/85/85 88/88/88
f 89/89/89 87/87/87 86/86/86
f 89/89/89 86/86/86 88/88/88
f 89/89/89 88/88/88 90/90/90
f 87/87/87 89/89/89 91/91/91
f 92/92/92 89/89/89 90/90/90
f 89/89/89 92/92/92 91/91/91
f 92/92/92 90/90/90 93/93/93
f 91/91/91 92/92/92 94/94/94
f 94/94/94 92/92/92 93/93/93
f 95/95/95 91/91/91 94/94/94
f 94/94/94 93/93/93 96/96/96
f 95/95/95 94/94/94 97/97/97
f 97/97/97 94/94/94 96/96/96
f 98/98/98 95/95/95 97/97/97
f 99/99/99 98/98/98 97/97/97
f 100/100/100 97/97/97 96/96/96
f 100/100/100 99/99/99 97/97/97
f 101/101/101 100/100/100 96/96/96
f 102/102/102 99/99/99 100/100/100
f 103/103/103 100/100/100 101/101/101
f 103/103/103 102/102/102 100/100/100
f 104/104/104 103/103/103 101/101/101
f 103/103/103 105/105/105 102/102/102
f 105/105/105 103/103/103 104/104/104
f 105/105/105 106/106/106 102/102/102
f 107/107/107 105/105/105 104/104/104
f 106/106/106 105/105/105 108/108/108
f 108/108/108 105/105/105 107/107/107
f 109/109/109 106/106/106 108/108/108
f 110/110/110 108/108/108 107/107/107
f 109/109/109 108/108/108 111/111/111
f 111/111/111 108/108/108 110/110/110
f 112/112/112 111/111/111 110/110/110
f 113/113/113 109/109/109 111/111/111
f 111/111/111 112/112/112 114/114/114
f 111/111/111 115/115/115 113/113/113
f 115/115/115 111/111/111 114/114/114
f 115/115/115 116/116/116 113/113/113
f 117/117/117 116/116/116 115/115/115
f 115/115/115 114/114/114 118/118/118
f 114/114/114 119/119/119 118/118/118
f 119/119/119 69/69/69 118/118/118
f 69/69/69 72/72/72 118/118/118
f 120/120/120 117/117/117 115/115/115
f 120/120/120 115/115/115 118/118/118
f 120/120/120 118/118/118 72/72/72
f 73/73/73 117/117/117 120/120/120
f 73/73/73 120/120/120 72/72/72
f 123/123/123 122/122/122 121/121/121
f 124/124/124 123/123/123 121/121/121
f 124/124/124 121/121/121 125/125/125
f 126/126/126 123/123/123 124/124/124
f 127/127/127 124/124/124 125/125/125
f 127/127/127 125/125/125 128/128/128
f 129/129/129 126/126/126 124/124/124
f 129/129/129 124/124/124 127/127/127
f 130/130/130 126/126/126 129/129/129
f 131/131/131 127/127/127 128/128/128
f 131/131/131 128/128/128 132/132/132
f 133/133/133 130/130/130 129/129/129
f 134/134/134 130/130/130 133/133/133
f 135/135/135 129/129/129 127/127/127
f 135/135/135 127/127/127 131/131/131
f 133/133/133 129/129/129 135/135/135
f 136/136/136 131/131/131 132/132/132
f 136/136/136 132/132/132 137/137/137
f 138/138/138 134/134/134 133/133/133
f 139/139/139 134/134/134 138/138/138
f 140/140/140 135/135/135 131/131/131
f 140/140/140 131/131/131 136/136/136
f 141/141/141 133/133/133 135/135/135
f 138/138/138 133/133/133 141/141/141
f 141/141/141 135/135/135 140/140/140
f 142/142/142 136/136/136 137/137/137
f 142/142/142 137/137/137 143/143/143
f 144/144/144 139/139/139 138/138/138
f 145/145/145 139/139/139 144/144/144
f 146/146/146 140/140/140 136/136/136
f 146/146/146 136/136/136 142/142/142
f 147/147/147 138/138/138 141/141/141
f 144/144/144 138/138/138 147/147/147
f 148/148/148 141/141/141 140/140/140
f 148/148/148 140/140/140 146/146/146
f 147/147/147 141/141/141 148/148/148
f 149/149/149 142/142/142 143/143/143
f 149/149/149 143/143/143 150/150/150
f 151/151/151 145/145/145 144/144/144
f 152/152/152 145/145/145 151/151/151
f 153/153/153 152/152/152 151/151/151
f 154/154/154 146/146/146 142/142/142
f 154/154/154 142/142/142 149/149/149
f 155/155/155 148/148/148 146/146/146
f 155/155/155 146/146/146 154/154/154
f 156/156/156 147/147/147 148/148/148
f 156/156/156 148/148/148 155/155/155
f 157/157/157 144/144/144 147/147/147
f 151/151/151 144/144/144 157/157/157
f 157/157/157 147/147/147 156/156/156
f 153/153/153 151/151/151 158/158/158
f 158/158/158 151/151/151 157/157/157
f 159/159/159 153/153/153 158/158/158
f 160/160/160 157/157/157 156/156/156
f 158/158/158 157/157/157 160/160/160
f 159/159/159 158/158/158 161/161/161
f 161/161/161 158/158/158 160/160/160
f 162/162/162 159/159/159 161/161/161
f 163/163/163 156/156/156 155/155/155
f 160/160/160 156/156/156 163/163/163
f 164/164/164 155/155/155 154/154/154
f 163/163/163 155/155/155 164/164/164
f 161/161/161 160/160/160 165/165/165
f 165/165/165 160/160/160 163/163/163
f 162/162/162 161/161/161 166/166/166
f 166/166/166 161/161/161 165/165/165
f 167/167/167 162/162/162 166/166/166
f 165/165/165 163/163/163 168/168/168
f 168/168/168 163/163/163 164/164/164
f 164/164/164 154/154/154 169/169/169
f 169/169/169 154/154/154 149/149/149
f 166/166/166 165/165/165 170/170/170
f 170/170/170 165/165/165 168/168/168
f 167/167/167 166/166/166 171/171/171
f 171/171/171 166/166/166 170/170/170
f 172/172/172 167/167/167 171/171/171
f 168/168/168 164/164/164 173/173/173
f 173/173/173 164/164/164 169/169/169
f 169/169/169 149/149/149 174/174/174
f 174/174/174 149/149/149 150/150/150
f 174/174/174 150/150/150 175/175/175
f 170/170/170 168/168/168 176/176/176
f 176/176/176 168/168/168 173/173/173
f 171/171/171 170/170/170 177/177/177
f 177/177/177 170/170/170 176/176/176
f 172/172/172 171/171/171 178/178/178
f 178/178/178 171/171/171 177/177/177
f 179/179/179 172/172/172 178/178/178
f 180/180/180 169/169/169 174/174/174
f 173/173/173 169/169/169 180/180/180
f 181/181/181 174/174/174 175/175/175
f 180/180/180 174/174/174 181/181/181
f 181/181/181 175/175/175 182/182/182
f 176/176/176 173/173/173 183/183/183
f 183/183/183 173/173/173 180/180/180
f 177/177/177 176/176/176 184/184/184
f 184/184/184 176/176/176 183/183/183
f 178/178/178 177/177/177 185/185/185
f 185/185/185 177/177/177 184/184/184
f 179/179/179 178/178/178 186/186/186
f 186/186/186 178/178/178 185/185/185
f 187/187/187 179/179/179 186/186/186
f 188/188/188 181/181/181 182/182/182
f 188/188/188 182/182/182 189/189/189
f 190/190/190 180/180/180 181/181/181
f 183/183/183 180/180/180 190/190/190
f 190/190/190 181/181/181 188/188/188
f 184/184/184 183/183/183 191/191/191
f 191/191/191 183/183/183 190/190/190
f 185/185/185 184/184/184 192/192/192
f 192/192/192 184/184/184 191/191/191
f 186/186/186 185/185/185 193/193/193
f 193/193/193 185/185/185 192/192/192
f 187/187/187 186/186/186 194/194/194
f 194/194/194 186/186/186 193/193/193
f 195/195/195 187/187/187 194/194/194
f 196/196/196 188/188/188 189/189/189
f 196/196/196 189/189/189 197/197/197
f 198/198/198 190/190/190 188/188/188
f 191/191/191 190/190/190 198/198/198
f 198/198/198 188/188/188 196/196/196
f 192/192/192 191/191/191 199/199/199
f 199/199/199 191/191/191 198/198/198
f 193/193/193 192/192/192 200/200/200
f 200/200/200 192/192/192 199/199/199
f 194/194/194 193/193/193 201/201/201
f 201/201/201 193/193/193 200/200/200
f 195/195/195 194/194/194 202/202/202
f 202/202/202 194/194/194 201/201/201
f 203/203/203 195/195/195 202/202/202
f 204/204/204 196/196/196 197/197/197
f 204/204/204 197/197/197 205/205/205
f 206/206/206 198/198/198 196/196/196
f 199/199/199 198/198/198 206/206/206
f 206/206/206 196/196/196 204/204/204
f 200/200/200 199/199/199 207/207/207
f 207/207/207 199/199/199 206/206/206
f 201/201/201 200/200/200 208/208/208
f 208/208/208 200/200/200 207/207/207
f 202/202/202 201/201/201 209/209/209
f 209/209/209 201/201/201 208/208/208
f 203/203/203 202/202/202 210/210/210
f 210/210/210 202/202/202 209/209/209
f 211/211/211 203/203/203 210/210/210
f 212/212/212 206/206/206 204/204/204
f 207/207/207 206/206/206 212/212/212
f 208/208/208 207/207/207 213/213/213
f 213/213/213 207/207/207 212/212/212
f 209/209/209 208/208/208 214/214/214
f 214/214/214 208/208/208 213/213/213
f 210/210/210 209/209/209 215/215/215
f 215/215/215 209/209/209 214/214/214
f 211/211/211 210/210/210 216/216/216
f 216/216/216 210/210/210 215/215/215
f 217/217/217 211/211/211 216/216/216
f 212/212/212 204/204/204 218/218/218
f 218/218/218 204/204/204 205/205/205
f 213/213/213 212/212/212 219/219/219
f 219/219/219 212/212/212 218/218/218
f 214/214/214 213/213/213 220/220/220
f 220/220/220 213/213/213 219/219/219
f 215/215/215 214/214/214 221/221/221
f 221/221/221 214/214/214 220/220/220
f 216/216/216 215/215/215 222/222/222
f 222/222/222 215/215/215 221/221/221
f 217/217/217 216/216/216 223/223/223
f 223/223/223 216/216/216 222/222/222
f 224/224/224 219/219/219 218/218/218
f 225/225/225 224/224/224 218/218/218
f 225/225/225 218/218/218 205/205/205
f 224/224/224 226/226/226 219/219/219
f 226/226/226 220/220/220 219/219/219
f 226/226/226 227/227/227 220/220/220
f 227/227/227 221/221/221 220/220/220
f 227/227/227 228/228/228 221/221/221
f 228/228/228 222/222/222 221/221/221
f 228/228/228 229/229/229 222/222/222
f 229/229/229 223/223/223 222/222/222
f 230/230/230 225/225/225 205/205/205
f 231/231/231 230/230/230 205/205/205
f 229/229/229 232/232/232 223/223/223
f 233/233/233 231/231/231 205/205/205
f 205/205/205 234/234/234 233/233/233
f 235/235/235 231/231/231 233/233/233
f 232/232/232 236/236/236 223/223/223
f 236/236/236 217/217/217 223/223/223
f 236/236/236 232/232/232 237/237/237
f 217/217/217 236/236/236 237/237/237
f 232/232/232 238/238/238 237/237/237
f 234/234/234 239/239/239 233/233/233
f 234/234/234 240/240/240 239/239/239
f 241/241/241 235/235/235 233/233/233
f 233/233/233 239/239/239 241/241/241
f 242/242/242 235/235/235 241/241/241
f 243/243/243 217/217/217 237/237/237
f 244/244/244 217/217/217 243/243/243
f 237/237/237 238/238/238 245/245/245
f 243/243/243 237/237/237 245/245/245
f 238/238/238 246/246/246 245/245/245
f 240/240/240 247/247/247 239/239/239
f 240/240/240 248/248/248 247/247/247
f 249/249/249 242/242/242 241/241/241
f 250/250/250 242/242/242 249/249/249
f 239/239/239 251/251/251 241/241/241
f 239/239/239 247/247/247 251/251/251
f 241/241/241 251/251/251 249/249/249
f 252/252/252 244/244/244 243/243/243
f 253/253/253 244/244/244 252/252/252
f 245/245/245 246/246/246 254/254/254
f 246/246/246 255/255/255 254/254/254
f 256/256/256 243/243/243 245/245/245
f 252/252/252 243/243/243 256/256/256
f 256/256/256 245/245/245 254/254/254
f 257/257/257 250/250/250 249/249/249
f 258/258/258 250/250/250 257/257/257
f 251/251/251 259/259/259 249/249/249
f 249/249/249 259/259/259 257/257/257
f 260/260/260 253/253/253 252/252/252
f 261/261/261 253/253/253 260/260/260
f 254/254/254 255/255/255 262/262/262
f 255/255/255 263/263/263 262/262/262
f 264/264/264 256/256/256 254/254/254
f 264/264/264 254/254/254 262/262/262
f 265/265/265 252/252/252 256/256/256
f 260/260/260 252/252/252 265/265/265
f 265/265/265 256/256/256 264/264/264
f 266/266/266 258/258/258 257/257/257
f 267/267/267 258/258/258 266/266/266
f 268/268/268 261/261/261 260/260/260
f 269/269/269 261/261/261 268/268/268
f 262/262/262 263/263/263 270/270/270
f 263/263/263 271/271/271 270/270/270
f 272/272/272 264/264/264 262/262/262
f 272/272/272 262/262/262 270/270/270
f 273/273/273 265/265/265 264/264/264
f 273/273/273 264/264/264 272/272/272
f 274/274/274 260/260/260 265/265/265
f 268/268/268 260/260/260 274/274/274
f 274/274/274 265/265/265 273/273/273
f 275/275/275 269/269/269 268/268/268
f 276/276/276 269/269/269 275/275/275
f 270/270/270 271/271/271 277/277/277
f 271/271/271 278/278/278 277/277/277
f 279/279/279 272/272/272 270/270/270
f 279/279/279 270/270/270 277/277/277
f 280/280/280 273/273/273 272/272/272
f 280/280/280 272/272/272 279/279/279
f 281/281/281 274/274/274 273/273/273
f 281/281/281 273/273/273 280/280/280
f 282/282/282 268/268/268 274/274/274
f 275/275/275 268/268/268 282/282/282
f 282/282/282 274/274/274 281/281/281
f 283/283/283 276/276/276 275/275/275
f 284/284/284 276/276/276 283/283/283
f 277/277/277 278/278/278 285/285/285
f 278/278/278 286/286/286 285/285/285
f 286/286/286 287/287/287 285/285/285
f 288/288/288 275/275/275 282/282/282
f 283/283/283 275/275/275 288/288/288
f 289/289/289 282/282/282 281/281/281
f 288/288/288 282/282/282 289/289/289
f 290/290/290 284/284/284 283/283/283
f 291/291/291 284/284/284 290/290/290
f 292/292/292 283/283/283 288/288/288
f 290/290/290 283/283/283 292/292/292
f 293/293/293 291/291/291 290/290/290
f 294/294/294 291/291/291 293/293/293
f 287/287/287 295/295/295 285/285/285
f 287/287/287 296/296/296 295/295/295
f 289/289/289 281/281/281 297/297/297
f 297/297/297 281/281/281 280/280/280
f 298/298/298 288/288/288 289/289/289
f 292/292/292 288/288/288 298/298/298
f 299/299/299 290/290/290 292/292/292
f 293/293/293 290/290/290 299/299/299
f 300/300/300 294/294/294 293/293/293
f 301/301/301 294/294/294 300/300/300
f 296/296/296 302/302/302 295/295/295
f 296/296/296 303/303/303 302/302/302
f 304/304/304 289/289/289 297/297/297
f 298/298/298 289/289/289 304/304/304
f 305/305/305 292/292/292 298/298/298
f 299/299/299 292/292/292 305/305/305
f 306/306/306 293/293/293 299/299/299
f 300/300/300 293/293/293 306/306/306
f 307/307/307 301/301/301 300/300/300
f 308/308/308 301/301/301 307/307/307
f 303/303/303 309/309/309 302/302/302
f 303/303/303 310/310/310 309/309/309
f 311/311/311 298/298/298 304/304/304
f 305/305/305 298/298/298 311/311/311
f 312/312/312 299/299/299 305/305/305
f 306/306/306 299/299/299 312/312/312
f 313/313/313 300/300/300 306/306/306
f 307/307/307 300/300/300 313/313/313
f 314/314/314 308/308/308 307/307/307
f 315/315/315 308/308/308 314/314/314
f 316/316/316 315/315/315 314/314/314
f 314/314/314 307/307/307 317/317/317
f 317/317/317 307/307/307 313/313/313
f 316/316/316 314/314/314 318/318/318
f 318/318/318 314/314/314 317/317/317
f 319/319/319 316/316/316 318/318/318
f 313/313/313 306/306/306 320/320/320
f 320/320/320 306/306/306 312/312/312
f 312/312/312 305/305/305 321/321/321
f 321/321/321 305/305/305 311/311/311
f 317/317/317 313/313/313 322/322/322
f 322/322/322 313/313/313 320/320/320
f 319/319/319 318/318/318 323/323/323
f 324/324/324 319/319/319 323/323/323
f 318/318/318 317/317/317 325/325/325
f 325/325/325 317/317/317 322/322/322
f 323/323/323 318/318/318 325/325/325
f 320/320/320 312/312/312 326/326/326
f 326/326/326 312/312/312 321/321/321
f 324/324/324 323/323/323 327/327/327
f 328/328/328 324/324/324 327/327/327
f 322/322/322 320/320/320 329/329/329
f 329/329/329 320/320/320 326/326/326
f 325/325/325 322/322/322 330/330/330
f 330/330/330 322/322/322 329/329/329
f 323/323/323 325/325/325 331/331/331
f 327/327/327 323/323/323 331/331/331
f 331/331/331 325/325/325 330/330/330
f 328/328/328 327/327/327 332/332/332
f 333/333/333 328/328/328 332/332/332
f 327/327/327 331/331/331 334/334/334
f 332/332/332 327/327/327 334/334/334
f 331/331/331 330/330/330 335/335/335
f 334/334/334 331/331/331 335/335/335
f 330/330/330 329/329/329 336/336/336
f 335/335/335 330/330/330 336/336/336
f 329/329/329 326/326/326 337/337/337
f 336/336/336 329/329/329 337/337/337
f 333/333/333 332/332/332 338/338/338
f 339/339/339 333/333/333 338/338/338
f 332/332/332 334/334/334 340/340/340
f 338/338/338 332/332/332 340/340/340
f 339/339/339 338/338/338 341/341/341
f 342/342/342 339/339/339 341/341/341
f 341/341/341 338/338/338 343/343/343
f 338/338/338 340/340/340 343/343/343
f 343/343/343 340/340/340 344/344/344
f 340/340/340 334/334/334 345/345/345
f 340/340/340 345/345/345 344/344/344
f 334/334/334 335/335/335 345/345/345
f 344/344/344 345/345/345 346/346/346
f 345/345/345 335/335/335 347/347/347
f 345/345/345 347/347/347 346/346/346
f 335/335/335 336/336/336 347/347/347
f 346/346/346 347/347/347 348/348/348
f 347/347/347 336/336/336 349/349/349
f 347/347/347 349/349/349 348/348/348
f 348/348/348 349/349/349 350/350/350
f 336/336/336 337/337/337 349/349/349
f 349/349/349 351/351/351 350/350/350
f 349/349/349 337/337/337 351/351/351
f 350/350/350 351/351/351 352/352/352
f 337/337/337 353/353/353 351/351/351
f 337/337/337 326/326/326 353/353/353
f 326/326/326 321/321/321 353/353/353
f 351/351/351 354/354/354 352/352/352
f 351/351/351 353/353/353 354/354/354
f 352/352/352 354/354/354 355/355/355
f 353/353/353 321/321/321 356/356/356
f 353/353/353 356/356/356 354/354/354
f 321/321/321 311/311/311 356/356/356
f 354/354/354 357/357/357 355/355/355
f 354/354/354 356/356/356 357/357/357
f 355/355/355 357/357/357 358/358/358
f 356/356/356 311/311/311 359/359/359
f 356/356/356 359/359/359 357/357/357
f 311/311/311 304/304/304 359/359/359
f 357/357/357 360/360/360 358/358/358
f 357/357/357 359/359/359 360/360/360
f 358/358/358 360/360/360 361/361/361
f 359/359/359 304/304/304 362/362/362
f 359/359/359 362/362/362 360/360/360
f 304/304/304 297/297/297 362/362/362
f 360/360/360 363/363/363 361/361/361
f 360/360/360 362/362/362 363/363/363
f 361/361/361 363/363/363 364/364/364
f 362/362/362 297/297/297 365/365/365
f 362/362/362 365/365/365 363/363/363
f 297/297/297 280/280/280 365/365/365
f 365/365/365 280/280/280 279/279/279
f 363/363/363 366/366/366 364/364/364
f 363/363/363 365/365/365 366/366/366
f 365/365/365 279/279/279 366/366/366
f 366/366/366 279/279/279 277/277/277
f 364/364/364 366/366/366 285/285/285
f 366/366/366 277/277/277 285/285/285
f 367/367/367 285/285/285 295/295/295
f 368/368/368 367/367/367 295/295/295
f 368/368/368 295/295/295 302/302/302
f 369/369/369 367/367/367 368/368/368
f 370/370/370 368/368/368 302/302/302
f 370/370/370 302/302/302 309/309/309
f 371/371/371 369/369/369 368/368/368
f 371/371/371 368/368/368 370/370/370
f 372/372/372 369/369/369 371/371/371
f 373/373/373 372/372/372 371/371/371
f 374/374/374 372/372/372 373/373/373
f 375/375/375 371/371/371 370/370/370
f 373/373/373 371/371/371 375/375/375
f 376/376/376 370/370/370 309/309/309
f 375/375/375 370/370/370 376/376/376
f 377/377/377 374/374/374 373/373/373
f 378/378/378 374/374/374 377/377/377
f 379/379/379 373/373/373 375/375/375
f 377/377/377 373/373/373 379/379/379
f 380/380/380 378/378/378 377/377/377
f 381/381/381 378/378/378 380/380/380
f 376/376/376 309/309/309 382/382/382
f 310/310/310 382/382/382 309/309/309
f 310/310/310 383/383/383 382/382/382
f 384/384/384 375/375/375 376/376/376
f 379/379/379 375/375/375 384/384/384
f 385/385/385 377/377/377 379/379/379
f 380/380/380 377/377/377 385/385/385
f 386/386/386 381/381/381 380/380/380
f 387/387/387 381/381/381 386/386/386
f 383/383/383 388/388/388 382/382/382
f 383/383/383 389/389/389 388/388/388
f 390/390/390 376/376/376 382/382/382
f 384/384/384 376/376/376 390/390/390
f 390/390/390 382/382/382 388/388/388
f 391/391/391 379/379/379 384/384/384
f 385/385/385 379/379/379 391/391/391
f 392/392/392 380/380/380 385/385/385
f 386/386/386 380/380/380 392/392/392
f 393/393/393 387/387/387 386/386/386
f 394/394/394 387/387/387 393/393/393
f 389/389/389 395/395/395 388/388/388
f 389/389/389 396/396/396 395/395/395
f 397/397/397 390/390/390 388/388/388
f 397/397/397 388/388/388 395/395/395
f 398/398/398 384/384/384 390/390/390
f 398/398/398 390/390/390 397/397/397
f 391/391/391 384/384/384 398/398/398
f 399/399/399 385/385/385 391/391/391
f 392/392/392 385/385/385 399/399/399
f 400/400/400 386/386/386 392/392/392
f 393/393/393 386/386/386 400/400/400
f 401/401/401 394/394/394 393/393/393
f 402/402/402 394/394/394 401/401/401
f 403/403/403 391/391/391 398/398/398
f 399/399/399 391/391/391 403/403/403
f 404/404/404 398/398/398 397/397/397
f 403/403/403 398/398/398 404/404/404
f 405/405/405 392/392/392 399/399/399
f 400/400/400 392/392/392 405/405/405
f 406/406/406 393/393/393 400/400/400
f 401/401/401 393/393/393 406/406/406
f 407/407/407 402/402/402 401/401/401
f 408/408/408 402/402/402 407/407/407
f 409/409/409 399/399/399 403/403/403
f 405/405/405 399/399/399 409/409/409
f 410/410/410 400/400/400 405/405/405
f 406/406/406 400/400/400 410/410/410
f 411/411/411 401/401/401 406/406/406
f 407/407/407 401/401/401 411/411/411
f 412/412/412 408/408/408 407/407/407
f 413/413/413 408/408/408 412/412/412
f 409/409/409 403/403/403 414/414/414
f 414/414/414 403/403/403 404/404/404
f 415/415/415 405/405/405 409/409/409
f 410/410/410 405/405/405 415/415/415
f 416/416/416 406/406/406 410/410/410
f 411/411/411 406/406/406 416/416/416
f 417/417/417 407/407/407 411/411/411
f 412/412/412 407/407/407 417/417/417
f 418/418/418 413/413/413 412/412/412
f 419/419/419 413/413/413 418/418/418
f 420/420/420 419/419/419 418/418/418
f 418/418/418 412/412/412 421/421/421
f 421/421/421 412/412/412 417/417/417
f 420/420/420 418/418/418 422/422/422
f 422/422/422 418/418/418 421/421/421
f 423/423/423 420/420/420 422/422/422
f 417/417/417 411/411/411 424/424/424
f 424/424/424 411/411/411 416/416/416
f 416/416/416 410/410/410 425/425/425
f 425/425/425 410/410/410 415/415/415
f 421/421/421 417/417/417 426/426/426
f 426/426/426 417/417/417 424/424/424
f 423/423/423 422/422/422 427/427/427
f 428/428/428 423/423/423 427/427/427
f 422/422/422 421/421/421 429/429/429
f 429/429/429 421/421/421 426/426/426
f 427/427/427 422/422/422 429/429/429
f 424/424/424 416/416/416 430/430/430
f 430/430/430 416/416/416 425/425/425
f 428/428/428 427/427/427 431/431/431
f 432/432/432 428/428/428 431/431/431
f 426/426/426 424/424/424 433/433/433
f 433/433/433 424/424/424 430/430/430
f 429/429/429 426/426/426 434/434/434
f 434/434/434 426/426/426 433/433/433
f 427/427/427 429/429/429 435/435/435
f 431/431/431 427/427/427 435/435/435
f 435/435/435 429/429/429 434/434/434
f 432/432/432 431/431/431 436/436/436
f 437/437/437 432/432/432 436/436/436
f 431/431/431 435/435/435 438/438/438
f 436/436/436 431/431/431 438/438/438
f 435/435/435 434/434/434 439/439/439
f 438/438/438 435/435/435 439/439/439
f 434/434/434 433/433/433 440/440/440
f 439/439/439 434/434/434 440/440/440
f 433/433/433 430/430/430 441/441/441
f 440/440/440 433/433/433 441/441/441
f 437/437/437 436/436/436 442/442/442
f 443/443/443 437/437/437 442/442/442
f 436/436/436 438/438/438 444/444/444
f 442/442/442 436/436/436 444/444/444
f 438/438/438 439/439/439 445/445/445
f 444/444/444 438/438/438 445/445/445
f 439/439/439 440/440/440 446/446/446
f 445/445/445 439/439/439 446/446/446
f 443/443/443 442/442/442 447/447/447
f 448/448/448 443/443/443 447/447/447
f 449/449/449 448/448/448 447/447/447
f 442/442/442 444/444/444 450/450/450
f 447/447/447 442/442/442 450/450/450
f 451/451/451 449/449/449 447/447/447
f 451/451/451 447/447/447 450/450/450
f 452/452/452 449/449/449 451/451/451
f 444/444/444 445/445/445 453/453/453
f 450/450/450 444/444/444 453/453/453
f 454/454/454 452/452/452 451/451/451
f 455/455/455 452/452/452 454/454/454
f 456/456/456 451/451/451 450/450/450
f 456/456/456 450/450/450 453/453/453
f 454/454/454 451/451/451 456/456/456
f 453/453/453 445/445/445 457/457/457
f 445/445/445 446/446/446 457/457/457
f 458/458/458 455/455/455 454/454/454
f 459/459/459 455/455/455 458/458/458
f 460/460/460 454/454/454 456/456/456
f 458/458/458 454/454/454 460/460/460
f 461/461/461 456/456/456 453/453/453
f 461/461/461 453/453/453 457/457/457
f 460/460/460 456/456/456 461/461/461
f 462/462/462 459/459/459 458/458/458
f 463/463/463 459/459/459 462/462/462
f 464/464/464 458/458/458 460/460/460
f 462/462/462 458/458/458 464/464/464
f 465/465/465 460/460/460 461/461/461
f 464/464/464 460/460/460 465/465/465
f 466/466/466 461/461/461 457/457/457
f 465/465/465 461/461/461 466/466/466
f 457/457/457 446/446/446 467/467/467
f 466/466/466 457/457/457 467/467/467
f 468/468/468 463/463/463 462/462/462
f 469/469/469 463/463/463 468/468/468
f 470/470/470 462/462/462 464/464/464
f 468/468/468 462/462/462 470/470/470
f 471/471/471 464/464/464 465/465/465
f 470/470/470 464/464/464 471/471/471
f 472/472/472 465/465/465 466/466/466
f 471/471/471 465/465/465 472/472/472
f 473/473/473 469/469/469 468/468/468
f 474/474/474 469/469/469 473/473/473
f 475/475/475 474/474/474 473/473/473
f 476/476/476 468/468/468 470/470/470
f 473/473/473 468/468/468 476/476/476
f 475/475/475 473/473/473 477/477/477
f 477/477/477 473/473/473 476/476/476
f 478/478/478 475/475/475 477/477/477
f 479/479/479 470/470/470 471/471/471
f 476/476/476 470/470/470 479/479/479
f 477/477/477 476/476/476 480/480/480
f 480/480/480 476/476/476 479/479/479
f 478/478/478 477/477/477 481/481/481
f 481/481/481 477/477/477 480/480/480
f 482/482/482 478/478/478 481/481/481
f 479/479/479 471/471/471 483/483/483
f 483/483/483 471/471/471 472/472/472
f 480/480/480 479/479/479 484/484/484
f 484/484/484 479/479/479 483/483/483
f 481/481/481 480/480/480 485/485/485
f 485/485/485 480/480/480 484/484/484
f 482/482/482 481/481/481 486/486/486
f 486/486/486 481/481/481 485/485/485
f 487/487/487 482/482/482 486/486/486
f 487/487/487 486/486/486 488/488/488
f 489/489/489 487/487/487 488/488/488
f 486/486/486 485/485/485 490/490/490
f 488/488/488 486/486/486 490/490/490
f 485/485/485 484/484/484 491/491/491
f 490/490/490 485/485/485 491/491/491
f 484/484/484 483/483/483 492/492/492
f 491/491/491 484/484/484 492/492/492
f 483/483/483 472/472/472 493/493/493
f 492/492/492 483/483/483 493/493/493
f 489/489/489 488/488/488 494/494/494
f 495/495/495 489/489/489 494/494/494
f 488/488/488 490/490/490 496/496/496
f 494/494/494 488/488/488 496/496/496
f 490/490/490 491/491/491 497/497/497
f 496/496/496 490/490/490 497/497/497
f 491/491/491 492/492/492 498/498/498
f 497/497/497 491/491/491 498/498/498
f 495/495/495 494/494/494 499/499/499
f 500/500/500 495/495/495 499/499/499
f 494/494/494 496/496/496 501/501/501
f 499/499/499 494/494/494 501/501/501
f 496/496/496 497/497/497 502/502/502
f 501/501/501 496/496/496 502/502/502
f 500/500/500 499/499/499 503/503/503
f 504/504/504 500/500/500 503/503/503
f 499/499/499 501/501/501 505/505/505
f 503/503/503 499/499/499 505/505/505
f 504/504/504 503/503/503 506/506/506
f 248/248/248 504/504/504 506/506/506
f 248/248/248 506/506/506 247/247/247
f 506/506/506 503/503/503 507/507/507
f 503/503/503 505/505/505 507/507/507
f 247/247/247 506/506/506 508/508/508
f 506/506/506 507/507/507 508/508/508
f 247/247/247 508/508/508 251/251/251
f 251/251/251 508/508/508 259/259/259
f 505/505/505 501/501/501 509/509/509
f 501/501/501 502/502/502 509/509/509
f 508/508/508 507/507/507 510/510/510
f 508/508/508 510/510/510 259/259/259
f 507/507/507 505/505/505 511/511/511
f 505/505/505 509/509/509 511/511/511
f 507/507/507 511/511/511 510/510/510
f 259/259/259 510/510/510 512/512/512
f 259/259/259 512/512/512 257/257/257
f 257/257/257 512/512/512 266/266/266
f 510/510/510 511/511/511 513/513/513
f 510/510/510 513/513/513 512/512/512
f 511/511/511 509/509/509 514/514/514
f 511/511/511 514/514/514 513/513/513
f 509/509/509 502/502/502 515/515/515
f 509/509/509 515/515/515 514/514/514
f 512/512/512 516/516/516 266/266/266
f 512/512/512 513/513/513 516/516/516
f 513/513/513 514/514/514 517/517/517
f 513/513/513 517/517/517 516/516/516
f 266/266/266 516/516/516 518/518/518
f 518/518/518 267/267/267 266/266/266
f 396/396/396 267/267/267 518/518/518
f 516/516/516 519/519/519 518/518/518
f 516/516/516 517/517/517 519/519/519
f 520/520/520 396/396/396 518/518/518
f 518/518/518 519/519/519 520/520/520
f 396/396/396 520/520/520 395/395/395
f 514/514/514 521/521/521 517/517/517
f 514/514/514 515/515/515 521/521/521
f 502/502/502 522/522/522 515/515/515
f 502/502/502 497/497/497 522/522/522
f 497/497/497 498/498/498 522/522/522
f 517/517/517 523/523/523 519/519/519
f 517/517/517 521/521/521 523/523/523
f 524/524/524 395/395/395 520/520/520
f 524/524/524 397/397/397 395/395/395
f 404/404/404 397/397/397 524/524/524
f 519/519/519 525/525/525 520/520/520
f 525/525/525 524/524/524 520/520/520
f 519/519/519 523/523/523 525/525/525
f 526/526/526 404/404/404 524/524/524
f 526/526/526 524/524/524 525/525/525
f 414/414/414 404/404/404 526/526/526
f 523/523/523 527/527/527 525/525/525
f 527/527/527 526/526/526 525/525/525
f 521/521/521 528/528/528 523/523/523
f 523/523/523 528/528/528 527/527/527
f 529/529/529 414/414/414 526/526/526
f 529/529/529 526/526/526 527/527/527
f 521/521/521 530/530/530 528/528/528
f 515/515/515 530/530/530 521/521/521
f 515/515/515 522/522/522 530/530/530
f 528/528/528 531/531/531 527/527/527
f 531/531/531 529/529/529 527/527/527
f 532/532/532 414/414/414 529/529/529
f 532/532/532 409/409/409 414/414/414
f 415/415/415 409/409/409 532/532/532
f 522/522/522 533/533/533 530/530/530
f 522/522/522 498/498/498 533/533/533
f 530/530/530 534/534/534 528/528/528
f 528/528/528 534/534/534 531/531/531
f 530/530/530 533/533/533 534/534/534
f 535/535/535 532/532/532 529/529/529
f 535/535/535 529/529/529 531/531/531
f 536/536/536 415/415/415 532/532/532
f 536/536/536 532/532/532 535/535/535
f 425/425/425 415/415/415 536/536/536
f 498/498/498 537/537/537 533/533/533
f 498/498/498 492/492/492 537/537/537
f 492/492/492 493/493/493 537/537/537
f 533/533/533 538/538/538 534/534/534
f 533/533/533 537/537/537 538/538/538
f 534/534/534 539/539/539 531/531/531
f 539/539/539 535/535/535 531/531/531
f 534/534/534 538/538/538 539/539/539
f 540/540/540 425/425/425 536/536/536
f 430/430/430 425/425/425 540/540/540
f 441/441/441 430/430/430 540/540/540
f 541/541/541 536/536/536 535/535/535
f 541/541/541 535/535/535 539/539/539
f 540/540/540 536/536/536 541/541/541
f 537/537/537 493/493/493 542/542/542
f 537/537/537 542/542/542 538/538/538
f 538/538/538 543/543/543 539/539/539
f 543/543/543 541/541/541 539/539/539
f 538/538/538 542/542/542 543/543/543
f 544/544/544 540/540/540 541/541/541
f 441/441/441 540/540/540 544/544/544
f 544/544/544 541/541/541 543/543/543
f 493/493/493 545/545/545 542/542/542
f 493/493/493 472/472/472 545/545/545
f 472/472/472 466/466/466 545/545/545
f 545/545/545 466/466/466 467/467/467
f 542/542/542 546/546/546 543/543/543
f 542/542/542 545/545/545 546/546/546
f 546/546/546 544/544/544 543/543/543
f 545/545/545 467/467/467 546/546/546
f 547/547/547 441/441/441 544/544/544
f 547/547/547 544/544/544 546/546/546
f 467/467/467 547/547/547 546/546/546
f 440/440/440 441/441/441 547/547/547
f 446/446/446 547/547/547 467/467/467
f 446/446/446 440/440/440 547/547/547
f 550/550/550 549/549/549 548/548/548
f 549/549/549 551/551/551 548/548/548
f 548/548/548 551/551/551 552/552/552
f 551/551/551 549/549/549 553/553/553
f 551/551/551 554/554/554 552/552/552
f 555/555/555 551/551/551 553/553/553
f 551/551/551 555/555/555 554/554/554
f 555/555/555 556/556/556 554/554/554
f 555/555/555 553/553/553 557/557/557
f 556/556/556 555/555/555 558/558/558
f 559/559/559 555/555/555 557/557/557
f 555/555/555 559/559/559 558/558/558
f 559/559/559 557/557/557 560/560/560
f 558/558/558 559/559/559 560/560/560
f 557/557/557 561/561/561 560/560/560
f 562/562/562 558/558/558 560/560/560
f 560/560/560 561/561/561 563/563/563
f 562/562/562 560/560/560 564/564/564
f 565/565/565 560/560/560 563/563/563
f 560/560/560 565/565/565 564/564/564
f 565/565/565 563/563/563 566/566/566
f 564/564/564 565/565/565 567/567/567
f 567/567/567 565/565/565 566/566/566
f 566/566/566 568/568/568 567/567/567
f 569/569/569 564/564/564 567/567/567
f 568/568/568 570/570/570 567/567/567
f 567/567/567 570/570/570 569/569/569
f 570/570/570 571/571/571 569/569/569
f 570/570/570 572/572/572 571/571/571
f 572/572/572 573/573/573 571/571/571
f 574/574/574 572/572/572 570/570/570
f 575/575/575 574/574/574 570/570/570
f 574/574/574 576/576/576 572/572/572
f 572/572/572 577/577/577 573/573/573
f 576/576/576 577/577/577 572/572/572
f 577/577/577 578/578/578 573/573/573
f 576/576/576 579/579/579 577/577/577
f 577/577/577 580/580/580 578/578/578
f 579/579/579 580/580/580 577/577/577
f 580/580/580 581/581/581 578/578/578
f 579/579/579 582/582/582 580/580/580
f 582/582/582 583/583/583 580/580/580
f 585/585/585 584/584/584 581/581/581
f 582/582/582 586/586/586 584/584/584
f 584/584/584 587/587/587 581/581/581
f 586/586/586 588/588/588 584/584/584
f 584/584/584 588/588/588 587/587/587
f 588/588/588 589/589/589 587/587/587
f 592/592/592 591/591/591 590/590/590
f 590/590/590 593/593/593 592/592/592
f 593/593/593 594/594/594 592/592/592
f 593/593/593 595/595/595 594/594/594
f 595/595/595 596/596/596 594/594/594
f 595/595/595 597/597/597 596/596/596
f 597/597/597 598/598/598 596/596/596
f 597/597/597 599/599/599 598/598/598
f 599/599/599 600/600/600 598/598/598
f 599/599/599 601/601/601 600/600/600
f 601/601/601 602/602/602 600/600/600
f 601/601/601 603/603/603 602/602/602
f 603/603/603 604/604/604 602/602/602
f 603/603/603 605/605/605 604/604/604
f 605/605/605 606/606/606 604/604/604
f 605/605/605 607/607/607 606/606/606
f 605/605/605 608/608/608 607/607/607
f 608/608/608 609/609/609 607/607/607
f 608/608/608 610/610/610 609/609/609
f 610/610/610 611/611/611 609/609/609
f 610/610/610 612/612/612 611/611/611
f 612/612/612 613/613/613 611/611/611
f 613/613/613 614/614/614 611/611/611
f 613/613/613 615/615/615 614/614/614
f 615/615/615 616/616/616 614/614/614
f 615/615/615 617/617/617 616/616/616
f 615/615/615 618/618/618 617/617/617
f 618/618/618 619/619/619 617/617/617
f 618/618/618 620/620/620 619/619/619
f 620/620/620 621/621/621 619/619/619
f 624/624/624 623/623/623 622/622/622
f 625/625/625 624/624/624 622/622/622
f 628/628/628 627/627/627 626/626/626
f 629/629/629 628/628/628 626/626/626
f 632/632/632 631/631/631 630/630/630
f 633/633/633 632/632/632 630/630/630
f 636/636/636 635/635/635 634/634/634
f 637/637/637 636/636/636 634/634/634
f 640/640/640 639/639/639 638/638/638
f 641/641/641 640/640/640 638/638/638
f 644/644/644 643/643/643 642/642/642
f 645/645/645 644/644/644 642/642/642
f 648/648/648 647/647/647 646/646/646
f 649/649/649 648/648/648 646/646/646
f 652/652/652 651/651/651 650/650/650
f 653/653/653 652/652/652 650/650/650
f 656/656/656 655/655/655 654/654/654
f 657/657/657 656/656/656 654/654/654
f 660/660/660 659/659/659 658/658/658
f 661/661/661 660/660/660 658/658/658
f 664/664/664 663/663/663 662/662/662
f 665/665/665 664/664/664 662/662/662
f 668/668/668 667/667/667 666/666/666
f 669/669/669 668/668/668 666/666/666
f 672/672/672 671/671/671 670/670/670
f 673/673/673 672/672/672 670/670/670
f 676/676/676 675/675/675 674/674/674
f 677/677/677 676/676/676 674/674/674
f 680/680/680 679/679/679 678/678/678
f 681/681/681 680/680/680 678/678/678
f 684/684/684 683/683/683 682/682/682
f 685/685/685 684/684/684 682/682/682
f 688/688/688 687/687/687 686/686/686
f 689/689/689 688/688/688 686/686/686
f 692/692/692 691/691/691 690/690/690
f 693/693/693 692/692/692 690/690/690
f 696/696/696 695/695/695 694/694/694
f 697/697/697 696/696/696 694/694/694
f 700/700/700 699/699/699 698/698/698
f 701/701/701 700/700/700 698/698/698
f 704/704/704 703/703/703 702/702/702
f 705/705/705 704/704/704 702/702/702
f 708/708/708 707/707/707 706/706/706
f 709/709/709 708/708/708 706/706/706
f 712/712/712 711/711/711 710/710/710
f 713/713/713 712/712/712 710/710/710
f 716/716/716 715/715/715 714/714/714
f 717/717/717 716/716/716 714/714/714
f 720/720/720 719/719/719 718/718/718
f 721/721/721 720/720/720 718/718/718
f 724/724/724 723/723/723 722/722/722
f 725/725/725 724/724/724 722/722/722
f 728/728/728 727/727/727 726/726/726
f 729/729/729 728/728/728 726/726/726
f 732/732/732 731/731/731 730/730/730
f 733/733/733 732/732/732 730/730/730
f 736/736/736 735/735/735 734/734/734
f 737/737/737 736/736/736 734/734/734
f 740/740/740 739/739/739 738/738/738
f 741/741/741 740/740/740 738/738/738
f 744/744/744 743/743/743 742/742/742
f 745/745/745 744/744/744 742/742/742
f 748/748/748 747/747/747 746/746/746
f 749/749/749 748/748/748 746/746/746
f 752/752/752 751/751/751 750/750/750
f 753/753/753 752/752/752 750/750/750
f 756/756/756 755/755/755 754/754/754
f 757/757/757 756/756/756 754/754/754
f 760/760/760 759/759/759 758/758/758
f 761/761/761 760/760/760 758/758/758
f 764/764/764 763/763/763 762/762/762
f 765/765/765 764/764/764 762/762/762
f 768/768/768 767/767/767 766/766/766
f 769/769/769 768/768/768 766/766/766
f 772/772/772 771/771/771 770/770/770
f 773/773/773 772/772/772 770/770/770
f 776/776/776 775/775/775 774/774/774
f 777/777/777 776/776/776 774/774/774
f 780/780/780 779/779/779 778/778/778
f 781/781/781 780/780/780 778/778/778
f 784/784/784 783/783/783 782/782/782
f 785/785/785 784/784/784 782/782/782
f 788/788/788 787/787/787 786/786/786
f 789/789/789 788/788/788 786/786/786
f 792/792/792 791/791/791 790/790/790
f 793/793/793 792/792/792 790/790/790
f 796/796/796 795/795/795 794/794/794
f 797/797/797 796/796/796 794/794/794
f 800/800/800 799/799/799 798/798/798
f 801/801/801 800/800/800 798/798/798
f 804/804/804 803/803/803 802/802/802
f 805/805/805 804/804/804 802/802/802
f 808/808/808 807/807/807 806/806/806
f 809/809/809 808/808/808 806/806/806
f 812/812/812 811/811/811 810/810/810
f 813/813/813 812/812/812 810/810/810
f 816/816/816 815/815/815 814/814/814
f 817/817/817 816/816/816 814/814/814
f 820/820/820 819/819/819 818/818/818
f 821/821/821 820/820/820 818/818/818
f 824/824/824 823/823/823 822/822/822
f 825/825/825 824/824/824 822/822/822
f 828/828/828 827/827/827 826/826/826
f 829/829/829 828/828/828 826/826/826
f 832/832/832 831/831/831 830/830/830
f 831/831/831 833/833/833 830/830/830
f 831/831/831 834/834/834 833/833/833
f 834/834/834 835/835/835 833/833/833
f 838/838/838 837/837/837 836/836/836
f 839/839/839 838/838/838 836/836/836
f 842/842/842 841/841/841 840/840/840
f 841/841/841 843/843/843 840/840/840
f 841/841/841 844/844/844 843/843/843
f 844/844/844 845/845/845 843/843/843
f 844/844/844 846/846/846 845/845/845
f 846/846/846 847/847/847 845/845/845
f 850/850/850 849/849/849 848/848/848
f 851/851/851 850/850/850 848/848/848
f 854/854/854 853/853/853 852/852/852
f 855/855/855 854/854/854 852/852/852
f 858/858/858 857/857/857 856/856/856
f 859/859/859 858/858/858 856/856/856
f 862/862/862 861/861/861 860/860/860
f 863/863/863 862/862/862 860/860/860
f 866/866/866 865/865/865 864/864/864
f 867/867/867 866/866/866 864/864/864
f 870/870/870 869/869/869 868/868/868
f 871/871/871 870/870/870 868/868/868
f 874/874/874 873/873/873 872/872/872
f 875/875/875 874/874/874 872/872/872
f 878/878/878 877/877/877 876/876/876
f 879/879/879 878/878/878 876/876/876
f 882/882/882 881/881/881 880/880/880
f 883/883/883 882/882/882 880/880/880
f 886/886/886 885/885/885 884/884/884
f 887/887/887 886/886/886 884/884/884
f 890/890/890 889/889/889 888/888/888
f 891/891/891 890/890/890 888/888/888
f 894/894/894 893/893/893 892/892/892
f 895/895/895 894/894/894 892/892/892
f 898/898/898 897/897/897 896/896/896
f 899/899/899 898/898/898 896/896/896
f 902/902/902 901/901/901 900/900/900
f 903/903/903 902/902/902 900/900/900
f 906/906/906 905/905/905 904/904/904
f 907/907/907 906/906/906 904/904/904
f 910/910/910 909/909/909 908/908/908
f 911/911/911 910/910/910 908/908/908
f 914/914/914 913/913/913 912/912/912
f 915/915/915 914/914/914 912/912/912
f 918/918/918 917/917/917 916/916/916
f 919/919/919 918/918/918 916/916/916
f 922/922/922 921/921/921 920/920/920
f 923/923/923 922/922/922 920/920/920
f 926/926/926 925/925/925 924/924/924
f 927/927/927 926/926/926 924/924/924
f 930/930/930 929/929/929 928/928/928
f 929/929/929 931/931/931 928/928/928
f 928/928/928 931/931/931 932/932/932
f 931/931/931 933/933/933 932/932/932
f 932/932/932 933/933/933 934/934/934
f 933/933/933 935/935/935 934/934/934
f 934/934/934 937/937/937 936/936/936
f 937/937/937 938/938/938 936/936/936
f 941/941/941 940/940/940 939/939/939
f 940/940/940 942/942/942 939/939/939
f 942/942/942 944/944/944 943/943/943
f 945/945/945 942/942/942 943/943/943
f 948/948/948 947/947/947 946/946/946
f 947/947/947 949/949/949 946/946/946
f 946/946/946 949/949/949 950/950/950
f 949/949/949 951/951/951 950/950/950
f 950/950/950 951/951/951 952/952/952
f 951/951/951 953/953/953 952/952/952
f 952/952/952 953/953/953 954/954/954
f 953/953/953 951/951/951 955/955/955
f 953/953/953 956/956/956 954/954/954
f 951/951/951 957/957/957 955/955/955
f 954/954/954 956/956/956 958/958/958
f 955/955/955 957/957/957 959/959/959
f 956/956/956 960/960/960 958/958/958
f 957/957/957 961/961/961 959/959/959
f 958/958/958 960/960/960 962/962/962
f 959/959/959 961/961/961 963/963/963
f 960/960/960 964/964/964 962/962/962
f 961/961/961 965/965/965 963/963/963
f 962/962/962 964/964/964 966/966/966
f 963/963/963 965/965/965 967/967/967
f 964/964/964 968/968/968 966/966/966
f 965/965/965 969/969/969 967/967/967
f 966/966/966 968/968/968 970/970/970
f 967/967/967 969/969/969 971/971/971
f 968/968/968 972/972/972 970/970/970
f 969/969/969 973/973/973 971/971/971
f 970/970/970 972/972/972 974/974/974
f 971/971/971 973/973/973 975/975/975
f 972/972/972 976/976/976 974/974/974
f 973/973/973 977/977/977 975/975/975
f 974/974/974 976/976/976 978/978/978
f 975/975/975 977/977/977 979/979/979
f 977/977/977 980/980/980 979/979/979
f 979/979/979 980/980/980 981/981/981
f 980/980/980 982/982/982 981/981/981
f 981/981/981 982/982/982 983/983/983
f 982/982/982 984/984/984 983/983/983
f 983/983/983 984/984/984 985/985/985
f 984/984/984 986/986/986 985/985/985
f 985/985/985 986/986/986 987/987/987
f 986/986/986 988/988/988 987/987/987
f 987/987/987 988/988/988 989/989/989
f 988/988/988 990/990/990 989/989/989
f 989/989/989 990/990/990 991/991/991
f 990/990/990 992/992/992 991/991/991
f 991/991/991 992/992/992 993/993/993
f 992/992/992 994/994/994 993/993/993
f 993/993/993 994/994/994 995/995/995
f 994/994/994 996/996/996 995/995/995
f 995/995/995 996/996/996 997/997/997
f 996/996/996 998/998/998 997/997/997
f 997/997/997 998/998/998 999/999/999
f 998/998/998 1000/1000/1000 999/999/999
f 999/999/999 1000/1000/1000 1001/1001/1001
f 1000/1000/1000 1002/1002/1002 1001/1001/1001
f 1001/1001/1001 1002/1002/1002 1003/1003/1003
f 1002/1002/1002 1004/1004/1004 1003/1003/1003
f 1003/1003/1003 1004/1004/1004 1005/1005/1005
f 1004/1004/1004 1006/1006/1006 1005/1005/1005
f 1005/1005/1005 1006/1006/1006 1007/1007/1007
f 1006/1006/1006 1008/1008/1008 1007/1007/1007
f 1007/1007/1007 1008/1008/1008 1009/1009/1009
f 1008/1008/1008 1010/1010/1010 1009/1009/1009
f 1009/1009/1009 1010/1010/1010 1011/1011/1011
f 1010/1010/1010 1012/1012/1012 1011/1011/1011
f 1011/1011/1011 1012/1012/1012 1013/1013/1013
f 1012/1012/1012 1014/1014/1014 1013/1013/1013
f 1013/1013/1013 1014/1014/1014 1015/1015/1015
f 1014/1014/1014 1016/1016/1016 1015/1015/1015
f 1015/1015/1015 1016/1016/1016 1017/1017/1017
f 978/978/978 1015/1015/1015 1017/1017/1017
f 976/976/976 1015/1015/1015 978/978/978
f 1017/1017/1017 1016/1016/1016 1018/1018/1018
f 1016/1016/1016 1019/1019/1019 1018/1018/1018
f 1018/1018/1018 1019/1019/1019 1020/1020/1020
f 1019/1019/1019 1021/1021/1021 1020/1020/1020
f 1020/1020/1020 1021/1021/1021 1022/1022/1022
f 1021/1021/1021 1023/1023/1023 1022/1022/1022
f 1022/1022/1022 1023/1023/1023 1024/1024/1024
f 1023/1023/1023 1025/1025/1025 1024/1024/1024
f 1025/1025/1025 1027/1027/1027 1026/1026/1026
f 1028/1028/1028 1025/1025/1025 1026/1026/1026
f 1031/1031/1031 1030/1030/1030 1029/1029/1029
f 1032/1032/1032 1031/1031/1031 1029/1029/1029
f 1035/1035/1035 1034/1034/1034 1033/1033/1033
f 1036/1036/1036 1035/1035/1035 1033/1033/1033
f 1039/1039/1039 1038/1038/1038 1037/1037/1037
f 1040/1040/1040 1039/1039/1039 1037/1037/1037
f 1043/1043/1043 1042/1042/1042 1041/1041/1041
f 1044/1044/1044 1043/1043/1043 1041/1041/1041
f 1047/1047/1047 1046/1046/1046 1045/1045/1045
f 1048/1048/1048 1047/1047/1047 1045/1045/1045
f 1051/1051/1051 1050/1050/1050 1049/1049/1049
f 1052/1052/1052 1051/1051/1051 1049/1049/1049
f 1055/1055/1055 1054/1054/1054 1053/1053/1053
f 1056/1056/1056 1055/1055/1055 1053/1053/1053
f 1059/1059/1059 1058/1058/1058 1057/1057/1057
f 1060/1060/1060 1059/1059/1059 1057/1057/1057
f 1063/1063/1063 1062/1062/1062 1061/1061/1061
f 1064/1064/1064 1063/1063/1063 1061/1061/1061
f 1067/1067/1067 1066/1066/1066 1065/1065/1065
f 1068/1068/1068 1067/1067/1067 1065/1065/1065
f 1071/1071/1071 1070/1070/1070 1069/1069/1069
f 1072/1072/1072 1071/1071/1071 1069/1069/1069
f 1075/1075/1075 1074/1074/1074 1073/1073/1073
f 1076/1076/1076 1075/1075/1075 1073/1073/1073
f 1079/1079/1079 1078/1078/1078 1077/1077/1077
f 1080/1080/1080 1079/1079/1079 1077/1077/1077
f 1083/1083/1083 1082/1082/1082 1081/1081/1081
f 1084/1084/1084 1083/1083/1083 1081/1081/1081
f 1087/1087/1087 1086/1086/1086 1085/1085/1085
f 1088/1088/1088 1087/1087/1087 1085/1085/1085
f 1091/1091/1091 1090/1090/1090 1089/1089/1089
f 1092/1092/1092 1091/1091/1091 1089/1089/1089
f 1095/1095/1095 1094/1094/1094 1093/1093/1093
f 1096/1096/1096 1095/1095/1095 1093/1093/1093
f 1099/1099/1099 1098/1098/1098 1097/1097/1097
f 1100/1100/1100 1099/1099/1099 1097/1097/1097
f 1103/1103/1103 1102/1102/1102 1101/1101/1101
f 1104/1104/1104 1103/1103/1103 1101/1101/1101
f 1107/1107/1107 1106/1106/1106 1105/1105/1105
f 1108/1108/1108 1107/1107/1107 1105/1105/1105
f 1111/1111/1111 1110/1110/1110 1109/1109/1109
f 1112/1112/1112 1111/1111/1111 1109/1109/1109
f 1115/1115/1115 1114/1114/1114 1113/1113/1113
f 1116/1116/1116 1115/1115/1115 1113/1113/1113
f 1119/1119/1119 1118/1118/1118 1117/1117/1117
f 1120/1120/1120 1119/1119/1119 1117/1117/1117
f 1123/1123/1123 1122/1122/1122 1121/1121/1121
f 1124/1124/1124 1123/1123/1123 1121/1121/1121
f 1127/1127/1127 1126/1126/1126 1125/1125/1125
f 1128/1128/1128 1127/1127/1127 1125/1125/1125
f 1131/1131/1131 1130/1130/1130 1129/1129/1129
f 1132/1132/1132 1131/1131/1131 1129/1129/1129
f 1135/1135/1135 1134/1134/1134 1133/1133/1133
f 1136/1136/1136 1135/1135/1135 1133/1133/1133
f 1139/1139/1139 1138/1138/1138 1137/1137/1137
f 1140/1140/1140 1139/1139/1139 1137/1137/1137
f 1143/1143/1143 1142/1142/1142 1141/1141/1141
f 1144/1144/1144 1143/1143/1143 1141/1141/1141
f 1147/1147/1147 1146/1146/1146 1145/1145/1145
f 1148/1148/1148 1147/1147/1147 1145/1145/1145
f 1151/1151/1151 1150/1150/1150 1149/1149/1149
f 1152/1152/1152 1151/1151/1151 1149/1149/1149
f 1155/1155/1155 1154/1154/1154 1153/1153/1153
f 1156/1156/1156 1155/1155/1155 1153/1153/1153
f 1159/1159/1159 1158/1158/1158 1157/1157/1157
f 1160/1160/1160 1159/1159/1159 1157/1157/1157
f 1163/1163/1163 1162/1162/1162 1161/1161/1161
f 1164/1164/1164 1163/1163/1163 1161/1161/1161
f 1167/1167/1167 1166/1166/1166 1165/1165/1165
f 1168/1168/1168 1167/1167/1167 1165/1165/1165
f 1171/1171/1171 1170/1170/1170 1169/1169/1169
f 1172/1172/1172 1171/1171/1171 1169/1169/1169
f 1175/1175/1175 1174/1174/1174 1173/1173/1173
f 1176/1176/1176 1175/1175/1175 1173/1173/1173
f 1179/1179/1179 1178/1178/1178 1177/1177/1177
f 1180/1180/1180 1179/1179/1179 1177/1177/1177
f 1183/1183/1183 1182/1182/1182 1181/1181/1181
f 1184/1184/1184 1183/1183/1183 1181/1181/1181
f 1184/1184/1184 1181/1181/1181 1185/1185/1185
f 1186/1186/1186 1184/1184/1184 1185/1185/1185
f 1189/1189/1189 1188/1188/1188 1187/1187/1187
f 1190/1190/1190 1189/1189/1189 1187/1187/1187
f 1193/1193/1193 1192/1192/1192 1191/1191/1191
f 1194/1194/1194 1193/1193/1193 1191/1191/1191
f 1197/1197/1197 1196/1196/1196 1195/1195/1195
f 1198/1198/1198 1197/1197/1197 1195/1195/1195
f 1201/1201/1201 1200/1200/1200 1199/1199/1199
f 1202/1202/1202 1201/1201/1201 1199/1199/1199
f 1205/1205/1205 1204/1204/1204 1203/1203/1203
f 1204/1204/1204 1206/1206/1206 1203/1203/1203
f 1203/1203/1203 1206/1206/1206 1207/1207/1207
f 1206/1206/1206 1208/1208/1208 1207/1207/1207
f 1211/1211/1211 1210/1210/1210 1209/1209/1209
f 1212/1212/1212 1211/1211/1211 1209/1209/1209
f 1215/1215/1215 1214/1214/1214 1213/1213/1213
f 1216/1216/1216 1215/1215/1215 1213/1213/1213
f 1219/1219/1219 1218/1218/1218 1217/1217/1217
f 1220/1220/1220 1219/1219/1219 1217/1217/1217
f 1223/1223/1223 1222/1222/1222 1221/1221/1221
f 1224/1224/1224 1223/1223/1223 1221/1221/1221
f 1227/1227/1227 1226/1226/1226 1225/1225/1225
f 1228/1228/1228 1227/1227/1227 1225/1225/1225
f 1231/1231/1231 1230/1230/1230 1229/1229/1229
f 1232/1232/1232 1231/1231/1231 1229/1229/1229
f 1235/1235/1235 1234/1234/1234 1233/1233/1233
f 1236/1236/1236 1235/1235/1235 1233/1233/1233
f 1239/1239/1239 1238/1238/1238 1237/1237/1237
f 1240/1240/1240 1239/1239/1239 1237/1237/1237
f 1243/1243/1243 1242/1242/1242 1241/1241/1241
f 1244/1244/1244 1243/1243/1243 1241/1241/1241
f 1247/1247/1247 1246/1246/1246 1245/1245/1245
f 1248/1248/1248 1247/1247/1247 1245/1245/1245
f 1251/1251/1251 1250/1250/1250 1249/1249/1249
f 1252/1252/1252 1251/1251/1251 1249/1249/1249
f 1255/1255/1255 1254/1254/1254 1253/1253/1253
f 1256/1256/1256 1255/1255/1255 1253/1253/1253
f 1259/1259/1259 1258/1258/1258 1257/1257/1257
f 1260/1260/1260 1259/1259/1259 1257/1257/1257
f 1263/1263/1263 1262/1262/1262 1261/1261/1261
f 1264/1264/1264 1263/1263/1263 1261/1261/1261
f 1267/1267/1267 1266/1266/1266 1265/1265/1265
f 1268/1268/1268 1267/1267/1267 1265/1265/1265
f 1271/1271/1271 1270/1270/1270 1269/1269/1269
f 1272/1272/1272 1271/1271/1271 1269/1269/1269
f 1275/1275/1275 1274/1274/1274 1273/1273/1273
f 1276/1276/1276 1275/1275/1275 1273/1273/1273
f 1279/1279/1279 1278/1278/1278 1277/1277/1277
f 1280/1280/1280 1279/1279/1279 1277/1277/1277
f 1283/1283/1283 1282/1282/1282 1281/1281/1281
f 1284/1284/1284 1283/1283/1283 1281/1281/1281
f 1287/1287/1287 1286/1286/1286 1285/1285/1285
f 1288/1288/1288 1287/1287/1287 1285/1285/1285
f 1291/1291/1291 1290/1290/1290 1289/1289/1289
f 1292/1292/1292 1291/1291/1291 1289/1289/1289
f 1290/1290/1290 1293/1293/1293 1289/1289/1289
f 1294/1294/1294 1292/1292/1292 1289/1289/1289
f 1289/1289/1289 1293/1293/1293 1295/1295/1295
f 1294/1294/1294 1289/1289/1289 1295/1295/1295
f 1293/1293/1293 1296/1296/1296 1295/1295/1295
f 1297/1297/1297 1294/1294/1294 1295/1295/1295
f 1293/1293/1293 1298/1298/1298 1296/1296/1296
f 1298/1298/1298 1299/1299/1299 1296/1296/1296
f 1290/1290/1290 1300/1300/1300 1293/1293/1293
f 1300/1300/1300 1298/1298/1298 1293/1293/1293
f 1301/1301/1301 1294/1294/1294 1297/1297/1297
f 1302/1302/1302 1301/1301/1301 1297/1297/1297
f 1303/1303/1303 1292/1292/1292 1294/1294/1294
f 1301/1301/1301 1303/1303/1303 1294/1294/1294
f 1298/1298/1298 1304/1304/1304 1299/1299/1299
f 1304/1304/1304 1305/1305/1305 1299/1299/1299
f 1306/1306/1306 1301/1301/1301 1302/1302/1302
f 1307/1307/1307 1306/1306/1306 1302/1302/1302
f 1307/1307/1307 1308/1308/1308 1306/1306/1306
f 1306/1306/1306 1309/1309/1309 1301/1301/1301
f 1309/1309/1309 1303/1303/1303 1301/1301/1301
f 1303/1303/1303 1310/1310/1310 1292/1292/1292
f 1311/1311/1311 1292/1292/1292 1310/1310/1310
f 1308/1308/1308 1312/1312/1312 1306/1306/1306
f 1306/1306/1306 1312/1312/1312 1309/1309/1309
f 1313/1313/1313 1310/1310/1310 1303/1303/1303
f 1309/1309/1309 1313/1313/1313 1303/1303/1303
f 1314/1314/1314 1311/1311/1311 1310/1310/1310
f 1313/1313/1313 1314/1314/1314 1310/1310/1310
f 1314/1314/1314 1315/1315/1315 1311/1311/1311
f 1309/1309/1309 1316/1316/1316 1313/1313/1313
f 1312/1312/1312 1316/1316/1316 1309/1309/1309
f 1317/1317/1317 1312/1312/1312 1308/1308/1308
f 1318/1318/1318 1317/1317/1317 1308/1308/1308
f 1313/1313/1313 1319/1319/1319 1314/1314/1314
f 1316/1316/1316 1319/1319/1319 1313/1313/1313
f 1314/1314/1314 1320/1320/1320 1315/1315/1315
f 1319/1319/1319 1320/1320/1320 1314/1314/1314
f 1320/1320/1320 1321/1321/1321 1315/1315/1315
f 1322/1322/1322 1315/1315/1315 1321/1321/1321
f 1323/1323/1323 1316/1316/1316 1312/1312/1312
f 1317/1317/1317 1323/1323/1323 1312/1312/1312
f 1324/1324/1324 1317/1317/1317 1318/1318/1318
f 1325/1325/1325 1324/1324/1324 1318/1318/1318
f 1326/1326/1326 1320/1320/1320 1319/1319/1319
f 1320/1320/1320 1326/1326/1326 1321/1321/1321
f 1327/1327/1327 1319/1319/1319 1316/1316/1316
f 1323/1323/1323 1327/1327/1327 1316/1316/1316
f 1327/1327/1327 1326/1326/1326 1319/1319/1319
f 1328/1328/1328 1323/1323/1323 1317/1317/1317
f 1324/1324/1324 1328/1328/1328 1317/1317/1317
f 1329/1329/1329 1324/1324/1324 1325/1325/1325
f 1330/1330/1330 1329/1329/1329 1325/1325/1325
f 1329/1329/1329 1330/1330/1330 1331/1331/1331
f 1332/1332/1332 1327/1327/1327 1323/1323/1323
f 1328/1328/1328 1332/1332/1332 1323/1323/1323
f 1333/1333/1333 1328/1328/1328 1324/1324/1324
f 1329/1329/1329 1333/1333/1333 1324/1324/1324
f 1334/1334/1334 1329/1329/1329 1331/1331/1331
f 1333/1333/1333 1329/1329/1329 1334/1334/1334
f 1334/1334/1334 1331/1331/1331 1335/1335/1335
f 1333/1333/1333 1336/1336/1336 1328/1328/1328
f 1336/1336/1336 1332/1332/1332 1328/1328/1328
f 1332/1332/1332 1337/1337/1337 1327/1327/1327
f 1337/1337/1337 1326/1326/1326 1327/1327/1327
f 1338/1338/1338 1334/1334/1334 1335/1335/1335
f 1338/1338/1338 1335/1335/1335 1339/1339/1339
f 1340/1340/1340 1333/1333/1333 1334/1334/1334
f 1336/1336/1336 1333/1333/1333 1340/1340/1340
f 1340/1340/1340 1334/1334/1334 1338/1338/1338
f 1336/1336/1336 1341/1341/1341 1332/1332/1332
f 1341/1341/1341 1337/1337/1337 1332/1332/1332
f 1341/1341/1341 1342/1342/1342 1337/1337/1337
f 1337/1337/1337 1343/1343/1343 1326/1326/1326
f 1342/1342/1342 1343/1343/1343 1337/1337/1337
f 1344/1344/1344 1336/1336/1336 1340/1340/1340
f 1341/1341/1341 1336/1336/1336 1344/1344/1344
f 1345/1345/1345 1340/1340/1340 1338/1338/1338
f 1344/1344/1344 1340/1340/1340 1345/1345/1345
f 1346/1346/1346 1338/1338/1338 1339/1339/1339
f 1345/1345/1345 1338/1338/1338 1346/1346/1346
f 1347/1347/1347 1341/1341/1341 1344/1344/1344
f 1342/1342/1342 1341/1341/1341 1347/1347/1347
f 1348/1348/1348 1344/1344/1344 1345/1345/1345
f 1347/1347/1347 1344/1344/1344 1348/1348/1348
f 1343/1343/1343 1349/1349/1349 1326/1326/1326
f 1349/1349/1349 1343/1343/1343 1350/1350/1350
f 1326/1326/1326 1349/1349/1349 1321/1321/1321
f 1349/1349/1349 1350/1350/1350 1321/1321/1321
f 1346/1346/1346 1339/1339/1339 1351/1351/1351
f 1339/1339/1339 1352/1352/1352 1351/1351/1351
f 1351/1351/1351 1352/1352/1352 1353/1353/1353
f 1354/1354/1354 1345/1345/1345 1346/1346/1346
f 1348/1348/1348 1345/1345/1345 1354/1354/1354
f 1355/1355/1355 1351/1351/1351 1353/1353/1353
f 1355/1355/1355 1353/1353/1353 1356/1356/1356
f 1346/1346/1346 1351/1351/1351 1357/1357/1357
f 1354/1354/1354 1346/1346/1346 1357/1357/1357
f 1357/1357/1357 1351/1351/1351 1355/1355/1355
f 1358/1358/1358 1355/1355/1355 1356/1356/1356
f 1358/1358/1358 1356/1356/1356 1359/1359/1359
f 1360/1360/1360 1357/1357/1357 1355/1355/1355
f 1360/1360/1360 1355/1355/1355 1358/1358/1358
f 1354/1354/1354 1357/1357/1357 1361/1361/1361
f 1361/1361/1361 1357/1357/1357 1360/1360/1360
f 1362/1362/1362 1348/1348/1348 1354/1354/1354
f 1362/1362/1362 1354/1354/1354 1361/1361/1361
f 1363/1363/1363 1348/1348/1348 1362/1362/1362
f 1363/1363/1363 1347/1347/1347 1348/1348/1348
f 1364/1364/1364 1347/1347/1347 1363/1363/1363
f 1364/1364/1364 1342/1342/1342 1347/1347/1347
f 1365/1365/1365 1358/1358/1358 1359/1359/1359
f 1366/1366/1366 1360/1360/1360 1358/1358/1358
f 1366/1366/1366 1358/1358/1358 1365/1365/1365
f 1367/1367/1367 1361/1361/1361 1360/1360/1360
f 1367/1367/1367 1360/1360/1360 1366/1366/1366
f 1362/1362/1362 1361/1361/1361 1368/1368/1368
f 1368/1368/1368 1361/1361/1361 1367/1367/1367
f 1369/1369/1369 1363/1363/1363 1362/1362/1362
f 1369/1369/1369 1362/1362/1362 1368/1368/1368
f 1363/1363/1363 1369/1369/1369 1370/1370/1370
f 1369/1369/1369 1368/1368/1368 1371/1371/1371
f 1370/1370/1370 1369/1369/1369 1371/1371/1371
f 1371/1371/1371 1368/1368/1368 1372/1372/1372
f 1372/1372/1372 1368/1368/1368 1367/1367/1367
f 1373/1373/1373 1372/1372/1372 1367/1367/1367
f 1373/1373/1373 1367/1367/1367 1366/1366/1366
f 1371/1371/1371 1374/1374/1374 1370/1370/1370
f 1373/1373/1373 1366/1366/1366 1375/1375/1375
f 1375/1375/1375 1366/1366/1366 1365/1365/1365
f 1376/1376/1376 1373/1373/1373 1375/1375/1375
f 1377/1377/1377 1376/1376/1376 1375/1375/1375
f 1378/1378/1378 1375/1375/1375 1365/1365/1365
f 1378/1378/1378 1377/1377/1377 1375/1375/1375
f 1379/1379/1379 1378/1378/1378 1365/1365/1365
f 1379/1379/1379 1365/1365/1365 1359/1359/1359
f 1380/1380/1380 1379/1379/1379 1359/1359/1359
f 1378/1378/1378 1381/1381/1381 1377/1377/1377
f 1381/1381/1381 1378/1378/1378 1379/1379/1379
f 1382/1382/1382 1379/1379/1379 1380/1380/1380
f 1382/1382/1382 1381/1381/1381 1379/1379/1379
f 1383/1383/1383 1382/1382/1382 1380/1380/1380
f 1384/1384/1384 1382/1382/1382 1383/1383/1383
f 1385/1385/1385 1384/1384/1384 1383/1383/1383
f 1381/1381/1381 1386/1386/1386 1377/1377/1377
f 1386/1386/1386 1387/1387/1387 1377/1377/1377
f 1388/1388/1388 1387/1387/1387 1386/1386/1386
f 1389/1389/1389 1381/1381/1381 1382/1382/1382
f 1384/1384/1384 1389/1389/1389 1382/1382/1382
f 1390/1390/1390 1386/1386/1386 1381/1381/1381
f 1390/1390/1390 1388/1388/1388 1386/1386/1386
f 1389/1389/1389 1390/1390/1390 1381/1381/1381
f 1391/1391/1391 1384/1384/1384 1385/1385/1385
f 1392/1392/1392 1391/1391/1391 1385/1385/1385
f 1393/1393/1393 1389/1389/1389 1384/1384/1384
f 1391/1391/1391 1393/1393/1393 1384/1384/1384
f 1394/1394/1394 1390/1390/1390 1389/1389/1389
f 1393/1393/1393 1394/1394/1394 1389/1389/1389
f 1395/1395/1395 1388/1388/1388 1390/1390/1390
f 1394/1394/1394 1395/1395/1395 1390/1390/1390
f 1396/1396/1396 1391/1391/1391 1392/1392/1392
f 1397/1397/1397 1396/1396/1396 1392/1392/1392
f 1398/1398/1398 1393/1393/1393 1391/1391/1391
f 1396/1396/1396 1398/1398/1398 1391/1391/1391
f 1399/1399/1399 1394/1394/1394 1393/1393/1393
f 1395/1395/1395 1394/1394/1394 1399/1399/1399
f 1398/1398/1398 1399/1399/1399 1393/1393/1393
f 1400/1400/1400 1388/1388/1388 1395/1395/1395
f 1400/1400/1400 1401/1401/1401 1388/1388/1388
f 1402/1402/1402 1396/1396/1396 1397/1397/1397
f 1403/1403/1403 1402/1402/1402 1397/1397/1397
f 1404/1404/1404 1398/1398/1398 1396/1396/1396
f 1402/1402/1402 1404/1404/1404 1396/1396/1396
f 1405/1405/1405 1402/1402/1402 1403/1403/1403
f 1406/1406/1406 1405/1405/1405 1403/1403/1403
f 1405/1405/1405 1406/1406/1406 1407/1407/1407
f 1405/1405/1405 1408/1408/1408 1402/1402/1402
f 1408/1408/1408 1404/1404/1404 1402/1402/1402
f 1408/1408/1408 1409/1409/1409 1404/1404/1404
f 1409/1409/1409 1410/1410/1410 1404/1404/1404
f 1404/1404/1404 1410/1410/1410 1398/1398/1398
f 1410/1410/1410 1399/1399/1399 1398/1398/1398
f 1411/1411/1411 1405/1405/1405 1407/1407/1407
f 1408/1408/1408 1405/1405/1405 1411/1411/1411
f 1411/1411/1411 1407/1407/1407 1412/1412/1412
f 1413/1413/1413 1408/1408/1408 1411/1411/1411
f 1409/1409/1409 1408/1408/1408 1413/1413/1413
f 1414/1414/1414 1411/1411/1411 1412/1412/1412
f 1413/1413/1413 1411/1411/1411 1414/1414/1414
f 1414/1414/1414 1412/1412/1412 1415/1415/1415
f 1416/1416/1416 1414/1414/1414 1415/1415/1415
f 1416/1416/1416 1415/1415/1415 1305/1305/1305
f 1304/1304/1304 1416/1416/1416 1305/1305/1305
f 1417/1417/1417 1413/1413/1413 1414/1414/1414
f 1417/1417/1417 1414/1414/1414 1416/1416/1416
f 1418/1418/1418 1416/1416/1416 1304/1304/1304
f 1418/1418/1418 1417/1417/1417 1416/1416/1416
f 1419/1419/1419 1413/1413/1413 1417/1417/1417
f 1419/1419/1419 1409/1409/1409 1413/1413/1413
f 1420/1420/1420 1419/1419/1419 1417/1417/1417
f 1420/1420/1420 1417/1417/1417 1418/1418/1418
f 1421/1421/1421 1418/1418/1418 1304/1304/1304
f 1421/1421/1421 1304/1304/1304 1298/1298/1298
f 1300/1300/1300 1421/1421/1421 1298/1298/1298
f 1422/1422/1422 1418/1418/1418 1421/1421/1421
f 1422/1422/1422 1420/1420/1420 1418/1418/1418
f 1423/1423/1423 1421/1421/1421 1300/1300/1300
f 1423/1423/1423 1422/1422/1422 1421/1421/1421
f 1409/1409/1409 1419/1419/1419 1424/1424/1424
f 1424/1424/1424 1419/1419/1419 1420/1420/1420
f 1422/1422/1422 1425/1425/1425 1420/1420/1420
f 1425/1425/1425 1422/1422/1422 1423/1423/1423
f 1426/1426/1426 1423/1423/1423 1300/1300/1300
f 1426/1426/1426 1300/1300/1300 1290/1290/1290
f 1427/1427/1427 1426/1426/1426 1290/1290/1290
f 1427/1427/1427 1428/1428/1428 1426/1426/1426
f 1428/1428/1428 1423/1423/1423 1426/1426/1426
f 1428/1428/1428 1425/1425/1425 1423/1423/1423
f 1425/1425/1425 1429/1429/1429 1420/1420/1420
f 1429/1429/1429 1424/1424/1424 1420/1420/1420
f 1428/1428/1428 1430/1430/1430 1425/1425/1425
f 1429/1429/1429 1425/1425/1425 1430/1430/1430
f 1431/1431/1431 1430/1430/1430 1428/1428/1428
f 1424/1424/1424 1432/1432/1432 1409/1409/1409
f 1432/1432/1432 1433/1433/1433 1409/1409/1409
f 1434/1434/1434 1432/1432/1432 1424/1424/1424
f 1434/1434/1434 1424/1424/1424 1429/1429/1429
f 1409/1409/1409 1433/1433/1433 1435/1435/1435
f 1435/1435/1435 1410/1410/1410 1409/1409/1409
f 1436/1436/1436 1434/1434/1434 1429/1429/1429
f 1436/1436/1436 1429/1429/1429 1430/1430/1430
f 1437/1437/1437 1434/1434/1434 1436/1436/1436
f 1435/1435/1435 1438/1438/1438 1410/1410/1410
f 1410/1410/1410 1438/1438/1438 1399/1399/1399
f 1435/1435/1435 1439/1439/1439 1438/1438/1438
f 1436/1436/1436 1430/1430/1430 1440/1440/1440
f 1437/1437/1437 1436/1436/1436 1440/1440/1440
f 1440/1440/1440 1430/1430/1430 1431/1431/1431
f 1441/1441/1441 1437/1437/1437 1440/1440/1440
f 1438/1438/1438 1442/1442/1442 1399/1399/1399
f 1438/1438/1438 1439/1439/1439 1442/1442/1442
f 1442/1442/1442 1395/1395/1395 1399/1399/1399
f 1395/1395/1395 1442/1442/1442 1400/1400/1400
f 1439/1439/1439 1443/1443/1443 1442/1442/1442
f 1442/1442/1442 1443/1443/1443 1400/1400/1400
f 1439/1439/1439 1444/1444/1444 1443/1443/1443
f 1400/1400/1400 1443/1443/1443 1445/1445/1445
f 1443/1443/1443 1444/1444/1444 1445/1445/1445
f 1400/1400/1400 1445/1445/1445 1401/1401/1401
f 1444/1444/1444 1446/1446/1446 1445/1445/1445
f 1447/1447/1447 1440/1440/1440 1431/1431/1431
f 1448/1448/1448 1447/1447/1447 1431/1431/1431
f 1449/1449/1449 1441/1441/1441 1440/1440/1440
f 1447/1447/1447 1449/1449/1449 1440/1440/1440
f 1441/1441/1441 1449/1449/1449 1450/1450/1450
f 1451/1451/1451 1449/1449/1449 1447/1447/1447
f 1449/1449/1449 1451/1451/1451 1450/1450/1450
f 1448/1448/1448 1451/1451/1451 1447/1447/1447
f 1451/1451/1451 1452/1452/1452 1450/1450/1450
f 1448/1448/1448 1453/1453/1453 1451/1451/1451
f 1453/1453/1453 1452/1452/1452 1451/1451/1451
f 1453/1453/1453 1448/1448/1448 1454/1454/1454
f 1453/1453/1453 1454/1454/1454 1455/1455/1455
f 1452/1452/1452 1453/1453/1453 1456/1456/1456
f 1456/1456/1456 1453/1453/1453 1455/1455/1455
f 1457/1457/1457 1452/1452/1452 1456/1456/1456
f 1455/1455/1455 1458/1458/1458 1456/1456/1456
f 1458/1458/1458 1455/1455/1455 1322/1322/1322
f 1458/1458/1458 1322/1322/1322 1321/1321/1321
f 1456/1456/1456 1459/1459/1459 1457/1457/1457
f 1456/1456/1456 1458/1458/1458 1459/1459/1459
f 1457/1457/1457 1459/1459/1459 1460/1460/1460
f 1458/1458/1458 1321/1321/1321 1461/1461/1461
f 1459/1459/1459 1458/1458/1458 1461/1461/1461
f 1459/1459/1459 1461/1461/1461 1460/1460/1460
f 1461/1461/1461 1462/1462/1462 1460/1460/1460
f 1350/1350/1350 1461/1461/1461 1321/1321/1321
f 1461/1461/1461 1350/1350/1350 1462/1462/1462
f 1350/1350/1350 1463/1463/1463 1462/1462/1462
f 1464/1464/1464 1463/1463/1463 1350/1350/1350
f 1465/1465/1465 1464/1464/1464 1350/1350/1350
f 1343/1343/1343 1465/1465/1465 1350/1350/1350
f 1466/1466/1466 1464/1464/1464 1465/1465/1465
f 1343/1343/1343 1342/1342/1342 1465/1465/1465
f 1467/1467/1467 1466/1466/1466 1465/1465/1465
f 1342/1342/1342 1467/1467/1467 1465/1465/1465
f 1466/1466/1466 1467/1467/1467 1468/1468/1468
f 1467/1467/1467 1342/1342/1342 1468/1468/1468
f 1469/1469/1469 1466/1466/1466 1468/1468/1468
f 1469/1469/1469 1468/1468/1468 1470/1470/1470
f 1342/1342/1342 1364/1364/1364 1468/1468/1468
f 1468/1468/1468 1364/1364/1364 1470/1470/1470
f 1471/1471/1471 1469/1469/1469 1470/1470/1470
f 1471/1471/1471 1470/1470/1470 1472/1472/1472
f 1364/1364/1364 1473/1473/1473 1470/1470/1470
f 1473/1473/1473 1364/1364/1364 1363/1363/1363
f 1473/1473/1473 1363/1363/1363 1370/1370/1370
f 1470/1470/1470 1473/1473/1473 1370/1370/1370
f 1470/1470/1470 1474/1474/1474 1472/1472/1472
f 1474/1474/1474 1470/1470/1470 1370/1370/1370
f 1472/1472/1472 1474/1474/1474 1475/1475/1475
f 1370/1370/1370 1476/1476/1476 1474/1474/1474
f 1374/1374/1374 1476/1476/1476 1370/1370/1370
f 1477/1477/1477 1476/1476/1476 1374/1374/1374
f 1474/1474/1474 1478/1478/1478 1475/1475/1475
f 1476/1476/1476 1478/1478/1478 1474/1474/1474
f 1478/1478/1478 1479/1479/1479 1475/1475/1475
f 1476/1476/1476 1480/1480/1480 1478/1478/1478
f 1478/1478/1478 1480/1480/1480 1479/1479/1479
f 1476/1476/1476 1477/1477/1477 1480/1480/1480
f 1481/1481/1481 1479/1479/1479 1480/1480/1480
f 1482/1482/1482 1480/1480/1480 1477/1477/1477
f 1482/1482/1482 1481/1481/1481 1480/1480/1480
f 1483/1483/1483 1482/1482/1482 1477/1477/1477
f 1484/1484/1484 1482/1482/1482 1483/1483/1483
f 1481/1481/1481 1482/1482/1482 1485/1485/1485
f 1482/1482/1482 1484/1484/1484 1485/1485/1485
f 1481/1481/1481 1485/1485/1485 1486/1486/1486
f 1485/1485/1485 1484/1484/1484 1487/1487/1487
f 1487/1487/1487 1484/1484/1484 1401/1401/1401
f 1445/1445/1445 1487/1487/1487 1401/1401/1401
f 1485/1485/1485 1488/1488/1488 1486/1486/1486
f 1488/1488/1488 1485/1485/1485 1487/1487/1487
f 1488/1488/1488 1487/1487/1487 1445/1445/1445
f 1488/1488/1488 1446/1446/1446 1486/1486/1486
f 1446/1446/1446 1488/1488/1488 1445/1445/1445
f 1491/1491/1491 1490/1490/1490 1489/1489/1489
f 1492/1492/1492 1490/1490/1490 1491/1491/1491
f 1493/1493/1493 1491/1491/1491 1489/1489/1489
f 1493/1493/1493 1489/1489/1489 1494/1494/1494
f 1495/1495/1495 1492/1492/1492 1491/1491/1491
f 1492/1492/1492 1495/1495/1495 1496/1496/1496
f 1495/1495/1495 1497/1497/1497 1496/1496/1496
f 1496/1496/1496 1497/1497/1497 1498/1498/1498
f 1497/1497/1497 1499/1499/1499 1498/1498/1498
f 1500/1500/1500 1498/1498/1498 1499/1499/1499
f 1501/1501/1501 1497/1497/1497 1495/1495/1495
f 1497/1497/1497 1501/1501/1501 1499/1499/1499
f 1502/1502/1502 1493/1493/1493 1494/1494/1494
f 1493/1493/1493 1503/1503/1503 1491/1491/1491
f 1503/1503/1503 1493/1493/1493 1502/1502/1502
f 1495/1495/1495 1491/1491/1491 1504/1504/1504
f 1503/1503/1503 1504/1504/1504 1491/1491/1491
f 1505/1505/1505 1501/1501/1501 1495/1495/1495
f 1505/1505/1505 1495/1495/1495 1504/1504/1504
f 1506/1506/1506 1502/1502/1502 1494/1494/1494
f 1507/1507/1507 1506/1506/1506 1494/1494/1494
f 1508/1508/1508 1506/1506/1506 1507/1507/1507
f 1509/1509/1509 1508/1508/1508 1507/1507/1507
f 1508/1508/1508 1509/1509/1509 1500/1500/1500
f 1510/1510/1510 1508/1508/1508 1500/1500/1500
f 1510/1510/1510 1500/1500/1500 1499/1499/1499
f 1508/1508/1508 1511/1511/1511 1506/1506/1506
f 1511/1511/1511 1508/1508/1508 1510/1510/1510
f 1506/1506/1506 1512/1512/1512 1502/1502/1502
f 1511/1511/1511 1512/1512/1512 1506/1506/1506
f 1513/1513/1513 1503/1503/1503 1502/1502/1502
f 1512/1512/1512 1513/1513/1513 1502/1502/1502
f 1503/1503/1503 1514/1514/1514 1504/1504/1504
f 1514/1514/1514 1503/1503/1503 1513/1513/1513
f 1515/1515/1515 1510/1510/1510 1499/1499/1499
f 1515/1515/1515 1511/1511/1511 1510/1510/1510
f 1511/1511/1511 1516/1516/1516 1512/1512/1512
f 1516/1516/1516 1511/1511/1511 1515/1515/1515
f 1512/1512/1512 1517/1517/1517 1513/1513/1513
f 1516/1516/1516 1517/1517/1517 1512/1512/1512
f 1518/1518/1518 1515/1515/1515 1499/1499/1499
f 1501/1501/1501 1518/1518/1518 1499/1499/1499
f 1519/1519/1519 1516/1516/1516 1515/1515/1515
f 1519/1519/1519 1515/1515/1515 1518/1518/1518
f 1501/1501/1501 1520/1520/1520 1518/1518/1518
f 1520/1520/1520 1501/1501/1501 1505/1505/1505
f 1505/1505/1505 1504/1504/1504 1521/1521/1521
f 1514/1514/1514 1521/1521/1521 1504/1504/1504
f 1522/1522/1522 1514/1514/1514 1513/1513/1513
f 1517/1517/1517 1522/1522/1522 1513/1513/1513
f 1516/1516/1516 1523/1523/1523 1517/1517/1517
f 1523/1523/1523 1516/1516/1516 1519/1519/1519
f 1524/1524/1524 1519/1519/1519 1518/1518/1518
f 1520/1520/1520 1524/1524/1524 1518/1518/1518
f 1525/1525/1525 1520/1520/1520 1505/1505/1505
f 1525/1525/1525 1505/1505/1505 1521/1521/1521
f 1514/1514/1514 1526/1526/1526 1521/1521/1521
f 1526/1526/1526 1514/1514/1514 1522/1522/1522
f 1517/1517/1517 1527/1527/1527 1522/1522/1522
f 1523/1523/1523 1527/1527/1527 1517/1517/1517
f 1523/1523/1523 1528/1528/1528 1527/1527/1527
f 1529/1529/1529 1523/1523/1523 1519/1519/1519
f 1529/1529/1529 1519/1519/1519 1524/1524/1524
f 1528/1528/1528 1523/1523/1523 1529/1529/1529
f 1520/1520/1520 1530/1530/1530 1524/1524/1524
f 1530/1530/1530 1520/1520/1520 1525/1525/1525
f 1525/1525/1525 1521/1521/1521 1531/1531/1531
f 1526/1526/1526 1531/1531/1531 1521/1521/1521
f 1527/1527/1527 1532/1532/1532 1522/1522/1522
f 1532/1532/1532 1526/1526/1526 1522/1522/1522
f 1533/1533/1533 1529/1529/1529 1524/1524/1524
f 1530/1530/1530 1533/1533/1533 1524/1524/1524
f 1534/1534/1534 1525/1525/1525 1531/1531/1531
f 1534/1534/1534 1530/1530/1530 1525/1525/1525
f 1526/1526/1526 1535/1535/1535 1531/1531/1531
f 1534/1534/1534 1531/1531/1531 1535/1535/1535
f 1536/1536/1536 1530/1530/1530 1534/1534/1534
f 1536/1536/1536 1534/1534/1534 1535/1535/1535
f 1537/1537/1537 1535/1535/1535 1526/1526/1526
f 1526/1526/1526 1532/1532/1532 1537/1537/1537
f 1527/1527/1527 1538/1538/1538 1532/1532/1532
f 1528/1528/1528 1538/1538/1538 1527/1527/1527
f 1539/1539/1539 1532/1532/1532 1538/1538/1538
f 1532/1532/1532 1539/1539/1539 1537/1537/1537
f 1535/1535/1535 1537/1537/1537 1540/1540/1540
f 1536/1536/1536 1535/1535/1535 1540/1540/1540
f 1533/1533/1533 1530/1530/1530 1541/1541/1541
f 1536/1536/1536 1541/1541/1541 1530/1530/1530
f 1542/1542/1542 1538/1538/1538 1528/1528/1528
f 1542/1542/1542 1539/1539/1539 1538/1538/1538
f 1537/1537/1537 1539/1539/1539 1543/1543/1543
f 1537/1537/1537 1543/1543/1543 1540/1540/1540
f 1544/1544/1544 1533/1533/1533 1541/1541/1541
f 1545/1545/1545 1541/1541/1541 1536/1536/1536
f 1544/1544/1544 1541/1541/1541 1545/1545/1545
f 1546/1546/1546 1536/1536/1536 1540/1540/1540
f 1545/1545/1545 1536/1536/1536 1546/1546/1546
f 1533/1533/1533 1544/1544/1544 1547/1547/1547
f 1547/1547/1547 1529/1529/1529 1533/1533/1533
f 1547/1547/1547 1528/1528/1528 1529/1529/1529
f 1548/1548/1548 1544/1544/1544 1545/1545/1545
f 1547/1547/1547 1544/1544/1544 1548/1548/1548
f 1547/1547/1547 1549/1549/1549 1528/1528/1528
f 1548/1548/1548 1549/1549/1549 1547/1547/1547
f 1550/1550/1550 1542/1542/1542 1528/1528/1528
f 1549/1549/1549 1550/1550/1550 1528/1528/1528
f 1550/1550/1550 1551/1551/1551 1542/1542/1542
f 1551/1551/1551 1550/1550/1550 1549/1549/1549
f 1546/1546/1546 1540/1540/1540 1552/1552/1552
f 1543/1543/1543 1552/1552/1552 1540/1540/1540
f 1553/1553/1553 1545/1545/1545 1546/1546/1546
f 1548/1548/1548 1545/1545/1545 1553/1553/1553
f 1554/1554/1554 1549/1549/1549 1548/1548/1548
f 1554/1554/1554 1551/1551/1551 1549/1549/1549
f 1551/1551/1551 1555/1555/1555 1542/1542/1542
f 1542/1542/1542 1555/1555/1555 1539/1539/1539
f 1539/1539/1539 1556/1556/1556 1543/1543/1543
f 1555/1555/1555 1556/1556/1556 1539/1539/1539
f 1551/1551/1551 1557/1557/1557 1555/1555/1555
f 1557/1557/1557 1551/1551/1551 1554/1554/1554
f 1558/1558/1558 1554/1554/1554 1548/1548/1548
f 1558/1558/1558 1548/1548/1548 1553/1553/1553
f 1559/1559/1559 1553/1553/1553 1546/1546/1546
f 1559/1559/1559 1546/1546/1546 1552/1552/1552
f 1543/1543/1543 1560/1560/1560 1552/1552/1552
f 1543/1543/1543 1556/1556/1556 1560/1560/1560
f 1555/1555/1555 1561/1561/1561 1556/1556/1556
f 1557/1557/1557 1561/1561/1561 1555/1555/1555
f 1557/1557/1557 1562/1562/1562 1561/1561/1561
f 1563/1563/1563 1557/1557/1557 1554/1554/1554
f 1563/1563/1563 1554/1554/1554 1558/1558/1558
f 1562/1562/1562 1557/1557/1557 1563/1563/1563
f 1558/1558/1558 1553/1553/1553 1564/1564/1564
f 1564/1564/1564 1553/1553/1553 1559/1559/1559
f 1559/1559/1559 1552/1552/1552 1565/1565/1565
f 1560/1560/1560 1565/1565/1565 1552/1552/1552
f 1556/1556/1556 1566/1566/1566 1560/1560/1560
f 1561/1561/1561 1566/1566/1566 1556/1556/1556
f 1567/1567/1567 1563/1563/1563 1558/1558/1558
f 1567/1567/1567 1558/1558/1558 1564/1564/1564
f 1568/1568/1568 1564/1564/1564 1559/1559/1559
f 1568/1568/1568 1559/1559/1559 1565/1565/1565
f 1560/1560/1560 1569/1569/1569 1565/1565/1565
f 1560/1560/1560 1566/1566/1566 1569/1569/1569
f 1561/1561/1561 1570/1570/1570 1566/1566/1566
f 1562/1562/1562 1570/1570/1570 1561/1561/1561
f 1571/1571/1571 1562/1562/1562 1563/1563/1563
f 1571/1571/1571 1563/1563/1563 1567/1567/1567
f 1567/1567/1567 1564/1564/1564 1572/1572/1572
f 1572/1572/1572 1564/1564/1564 1568/1568/1568
f 1568/1568/1568 1565/1565/1565 1573/1573/1573
f 1569/1569/1569 1573/1573/1573 1565/1565/1565
f 1566/1566/1566 1574/1574/1574 1569/1569/1569
f 1570/1570/1570 1574/1574/1574 1566/1566/1566
f 1569/1569/1569 1574/1574/1574 1575/1575/1575
f 1569/1569/1569 1575/1575/1575 1573/1573/1573
f 1576/1576/1576 1568/1568/1568 1573/1573/1573
f 1576/1576/1576 1572/1572/1572 1568/1568/1568
f 1577/1577/1577 1567/1567/1567 1572/1572/1572
f 1577/1577/1577 1571/1571/1571 1567/1567/1567
f 1570/1570/1570 1578/1578/1578 1574/1574/1574
f 1574/1574/1574 1578/1578/1578 1575/1575/1575
f 1579/1579/1579 1573/1573/1573 1575/1575/1575
f 1573/1573/1573 1579/1579/1579 1576/1576/1576
f 1580/1580/1580 1572/1572/1572 1576/1576/1576
f 1577/1577/1577 1572/1572/1572 1580/1580/1580
f 1581/1581/1581 1571/1571/1571 1577/1577/1577
f 1581/1581/1581 1577/1577/1577 1580/1580/1580
f 1576/1576/1576 1582/1582/1582 1580/1580/1580
f 1579/1579/1579 1582/1582/1582 1576/1576/1576
f 1583/1583/1583 1578/1578/1578 1570/1570/1570
f 1583/1583/1583 1570/1570/1570 1562/1562/1562
f 1575/1575/1575 1578/1578/1578 1584/1584/1584
f 1584/1584/1584 1579/1579/1579 1575/1575/1575
f 1571/1571/1571 1585/1585/1585 1562/1562/1562
f 1581/1581/1581 1585/1585/1585 1571/1571/1571
f 1581/1581/1581 1580/1580/1580 1586/1586/1586
f 1582/1582/1582 1586/1586/1586 1580/1580/1580
f 1578/1578/1578 1587/1587/1587 1584/1584/1584
f 1578/1578/1578 1583/1583/1583 1587/1587/1587
f 1584/1584/1584 1588/1588/1588 1579/1579/1579
f 1584/1584/1584 1587/1587/1587 1588/1588/1588
f 1588/1588/1588 1589/1589/1589 1579/1579/1579
f 1582/1582/1582 1579/1579/1579 1589/1589/1589
f 1587/1587/1587 1590/1590/1590 1588/1588/1588
f 1591/1591/1591 1582/1582/1582 1589/1589/1589
f 1592/1592/1592 1590/1590/1590 1587/1587/1587
f 1583/1583/1583 1592/1592/1592 1587/1587/1587
f 1591/1591/1591 1593/1593/1593 1582/1582/1582
f 1593/1593/1593 1586/1586/1586 1582/1582/1582
f 1594/1594/1594 1592/1592/1592 1583/1583/1583
f 1595/1595/1595 1581/1581/1581 1586/1586/1586
f 1595/1595/1595 1586/1586/1586 1593/1593/1593
f 1596/1596/1596 1595/1595/1595 1593/1593/1593
f 1596/1596/1596 1597/1597/1597 1595/1595/1595
f 1585/1585/1585 1581/1581/1581 1595/1595/1595
f 1597/1597/1597 1585/1585/1585 1595/1595/1595
f 1597/1597/1597 1594/1594/1594 1585/1585/1585
f 1598/1598/1598 1594/1594/1594 1583/1583/1583
f 1594/1594/1594 1598/1598/1598 1585/1585/1585
f 1598/1598/1598 1583/1583/1583 1562/1562/1562
f 1585/1585/1585 1598/1598/1598 1562/1562/1562
f 1601/1601/1601 1600/1600/1600 1599/1599/1599
f 1600/1600/1600 1601/1601/1601 1602/1602/1602
f 1600/1600/1600 1603/1603/1603 1599/1599/1599
f 1603/1603/1603 1604/1604/1604 1599/1599/1599
f 1599/1599/1599 1604/1604/1604 1605/1605/1605
f 1605/1605/1605 1604/1604/1604 1606/1606/1606
f 1604/1604/1604 1607/1607/1607 1606/1606/1606
f 1606/1606/1606 1607/1607/1607 1608/1608/1608
f 1609/1609/1609 1604/1604/1604 1603/1603/1603
f 1607/1607/1607 1604/1604/1604 1609/1609/1609
f 1609/1609/1609 1603/1603/1603 1610/1610/1610
f 1611/1611/1611 1609/1609/1609 1610/1610/1610
f 1611/1611/1611 1607/1607/1607 1609/1609/1609
f 1607/1607/1607 1612/1612/1612 1608/1608/1608
f 1612/1612/1612 1607/1607/1607 1611/1611/1611
f 1608/1608/1608 1612/1612/1612 1613/1613/1613
f 1614/1614/1614 1611/1611/1611 1610/1610/1610
f 1612/1612/1612 1611/1611/1611 1614/1614/1614
f 1612/1612/1612 1615/1615/1615 1613/1613/1613
f 1613/1613/1613 1615/1615/1615 1616/1616/1616
f 1617/1617/1617 1612/1612/1612 1614/1614/1614
f 1615/1615/1615 1612/1612/1612 1617/1617/1617
f 1615/1615/1615 1618/1618/1618 1616/1616/1616
f 1616/1616/1616 1618/1618/1618 1619/1619/1619
f 1610/1610/1610 1620/1620/1620 1614/1614/1614
f 1617/1617/1617 1614/1614/1614 1620/1620/1620
f 1621/1621/1621 1620/1620/1620 1610/1610/1610
f 1622/1622/1622 1615/1615/1615 1617/1617/1617
f 1618/1618/1618 1615/1615/1615 1622/1622/1622
f 1623/1623/1623 1617/1617/1617 1620/1620/1620
f 1623/1623/1623 1620/1620/1620 1621/1621/1621
f 1622/1622/1622 1617/1617/1617 1623/1623/1623
f 1618/1618/1618 1624/1624/1624 1619/1619/1619
f 1625/1625/1625 1618/1618/1618 1622/1622/1622
f 1624/1624/1624 1618/1618/1618 1625/1625/1625
f 1626/1626/1626 1622/1622/1622 1623/1623/1623
f 1625/1625/1625 1622/1622/1622 1626/1626/1626
f 1627/1627/1627 1623/1623/1623 1621/1621/1621
f 1626/1626/1626 1623/1623/1623 1627/1627/1627
f 1624/1624/1624 1628/1628/1628 1619/1619/1619
f 1628/1628/1628 1629/1629/1629 1619/1619/1619
f 1628/1628/1628 1630/1630/1630 1629/1629/1629
f 1630/1630/1630 1631/1631/1631 1629/1629/1629
f 1630/1630/1630 1632/1632/1632 1631/1631/1631
f 1632/1632/1632 1633/1633/1633 1631/1631/1631
f 1632/1632/1632 1634/1634/1634 1633/1633/1633
f 1634/1634/1634 1635/1635/1635 1633/1633/1633
f 1634/1634/1634 1636/1636/1636 1635/1635/1635
f 1636/1636/1636 1637/1637/1637 1635/1635/1635
f 1636/1636/1636 1638/1638/1638 1637/1637/1637
f 1628/1628/1628 1624/1624/1624 1639/1639/1639
f 1630/1630/1630 1628/1628/1628 1640/1640/1640
f 1628/1628/1628 1639/1639/1639 1640/1640/1640
f 1632/1632/1632 1630/1630/1630 1641/1641/1641
f 1630/1630/1630 1640/1640/1640 1641/1641/1641
f 1624/1624/1624 1642/1642/1642 1639/1639/1639
f 1642/1642/1642 1624/1624/1624 1625/1625/1625
f 1642/1642/1642 1625/1625/1625 1643/1643/1643
f 1643/1643/1643 1625/1625/1625 1626/1626/1626
f 1643/1643/1643 1626/1626/1626 1644/1644/1644
f 1644/1644/1644 1626/1626/1626 1627/1627/1627
f 1644/1644/1644 1627/1627/1627 1645/1645/1645
f 1646/1646/1646 1643/1643/1643 1644/1644/1644
f 1644/1644/1644 1645/1645/1645 1646/1646/1646
f 1647/1647/1647 1642/1642/1642 1643/1643/1643
f 1647/1647/1647 1643/1643/1643 1646/1646/1646
f 1639/1639/1639 1642/1642/1642 1648/1648/1648
f 1642/1642/1642 1647/1647/1647 1648/1648/1648
f 1640/1640/1640 1639/1639/1639 1649/1649/1649
f 1639/1639/1639 1648/1648/1648 1649/1649/1649
f 1641/1641/1641 1640/1640/1640 1650/1650/1650
f 1640/1640/1640 1649/1649/1649 1650/1650/1650
f 1627/1627/1627 1651/1651/1651 1645/1645/1645
f 1627/1627/1627 1621/1621/1621 1651/1651/1651
f 1648/1648/1648 1647/1647/1647 1652/1652/1652
f 1649/1649/1649 1648/1648/1648 1653/1653/1653
f 1648/1648/1648 1652/1652/1652 1653/1653/1653
f 1654/1654/1654 1653/1653/1653 1652/1652/1652
f 1649/1649/1649 1653/1653/1653 1655/1655/1655
f 1650/1650/1650 1649/1649/1649 1655/1655/1655
f 1655/1655/1655 1653/1653/1653 1654/1654/1654
f 1650/1650/1650 1655/1655/1655 1656/1656/1656
f 1641/1641/1641 1650/1650/1650 1657/1657/1657
f 1657/1657/1657 1650/1650/1650 1656/1656/1656
f 1657/1657/1657 1656/1656/1656 1658/1658/1658
f 1657/1657/1657 1658/1658/1658 1659/1659/1659
f 1659/1659/1659 1641/1641/1641 1657/1657/1657
f 1632/1632/1632 1641/1641/1641 1659/1659/1659
f 1660/1660/1660 1632/1632/1632 1659/1659/1659
f 1660/1660/1660 1659/1659/1659 1658/1658/1658
f 1634/1634/1634 1632/1632/1632 1660/1660/1660
f 1634/1634/1634 1660/1660/1660 1661/1661/1661
f 1661/1661/1661 1660/1660/1660 1658/1658/1658
f 1636/1636/1636 1634/1634/1634 1661/1661/1661
f 1636/1636/1636 1661/1661/1661 1662/1662/1662
f 1662/1662/1662 1661/1661/1661 1658/1658/1658
f 1636/1636/1636 1662/1662/1662 1638/1638/1638
f 1663/1663/1663 1655/1655/1655 1654/1654/1654
f 1656/1656/1656 1655/1655/1655 1663/1663/1663
f 1662/1662/1662 1664/1664/1664 1638/1638/1638
f 1664/1664/1664 1665/1665/1665 1638/1638/1638
f 1665/1665/1665 1664/1664/1664 1666/1666/1666
f 1662/1662/1662 1658/1658/1658 1667/1667/1667
f 1664/1664/1664 1662/1662/1662 1668/1668/1668
f 1662/1662/1662 1667/1667/1667 1668/1668/1668
f 1664/1664/1664 1669/1669/1669 1666/1666/1666
f 1664/1664/1664 1668/1668/1668 1670/1670/1670
f 1669/1669/1669 1664/1664/1664 1670/1670/1670
f 1669/1669/1669 1671/1671/1671 1666/1666/1666
f 1666/1666/1666 1671/1671/1671 1672/1672/1672
f 1671/1671/1671 1673/1673/1673 1672/1672/1672
f 1673/1673/1673 1674/1674/1674 1672/1672/1672
f 1673/1673/1673 1675/1675/1675 1674/1674/1674
f 1673/1673/1673 1676/1676/1676 1675/1675/1675
f 1675/1675/1675 1676/1676/1676 1677/1677/1677
f 1671/1671/1671 1669/1669/1669 1678/1678/1678
f 1673/1673/1673 1671/1671/1671 1678/1678/1678
f 1679/1679/1679 1678/1678/1678 1669/1669/1669
f 1679/1679/1679 1669/1669/1669 1670/1670/1670
f 1680/1680/1680 1679/1679/1679 1670/1670/1670
f 1681/1681/1681 1673/1673/1673 1678/1678/1678
f 1678/1678/1678 1679/1679/1679 1681/1681/1681
f 1673/1673/1673 1681/1681/1681 1676/1676/1676
f 1679/1679/1679 1682/1682/1682 1681/1681/1681
f 1679/1679/1679 1680/1680/1680 1682/1682/1682
f 1676/1676/1676 1681/1681/1681 1682/1682/1682
f 1676/1676/1676 1683/1683/1683 1677/1677/1677
f 1677/1677/1677 1683/1683/1683 1684/1684/1684
f 1683/1683/1683 1685/1685/1685 1684/1684/1684
f 1684/1684/1684 1685/1685/1685 1686/1686/1686
f 1687/1687/1687 1683/1683/1683 1676/1676/1676
f 1685/1685/1685 1683/1683/1683 1687/1687/1687
f 1680/1680/1680 1670/1670/1670 1688/1688/1688
f 1670/1670/1670 1668/1668/1668 1688/1688/1688
f 1668/1668/1668 1689/1689/1689 1688/1688/1688
f 1668/1668/1668 1667/1667/1667 1689/1689/1689
f 1690/1690/1690 1676/1676/1676 1682/1682/1682
f 1690/1690/1690 1687/1687/1687 1676/1676/1676
f 1690/1690/1690 1682/1682/1682 1691/1691/1691
f 1692/1692/1692 1687/1687/1687 1690/1690/1690
f 1691/1691/1691 1692/1692/1692 1690/1690/1690
f 1693/1693/1693 1685/1685/1685 1687/1687/1687
f 1693/1693/1693 1687/1687/1687 1692/1692/1692
f 1680/1680/1680 1694/1694/1694 1682/1682/1682
f 1691/1691/1691 1682/1682/1682 1694/1694/1694
f 1688/1688/1688 1689/1689/1689 1695/1695/1695
f 1680/1680/1680 1688/1688/1688 1695/1695/1695
f 1667/1667/1667 1696/1696/1696 1689/1689/1689
f 1667/1667/1667 1658/1658/1658 1696/1696/1696
f 1697/1697/1697 1694/1694/1694 1680/1680/1680
f 1691/1691/1691 1694/1694/1694 1697/1697/1697
f 1698/1698/1698 1685/1685/1685 1693/1693/1693
f 1685/1685/1685 1698/1698/1698 1686/1686/1686
f 1689/1689/1689 1699/1699/1699 1695/1695/1695
f 1689/1689/1689 1696/1696/1696 1699/1699/1699
f 1658/1658/1658 1700/1700/1700 1696/1696/1696
f 1700/1700/1700 1658/1658/1658 1656/1656/1656
f 1696/1696/1696 1700/1700/1700 1701/1701/1701
f 1696/1696/1696 1701/1701/1701 1699/1699/1699
f 1702/1702/1702 1700/1700/1700 1656/1656/1656
f 1700/1700/1700 1702/1702/1702 1701/1701/1701
f 1698/1698/1698 1703/1703/1703 1686/1686/1686
f 1703/1703/1703 1704/1704/1704 1686/1686/1686
f 1705/1705/1705 1702/1702/1702 1656/1656/1656
f 1705/1705/1705 1656/1656/1656 1663/1663/1663
f 1703/1703/1703 1706/1706/1706 1704/1704/1704
f 1706/1706/1706 1707/1707/1707 1704/1704/1704
f 1706/1706/1706 1708/1708/1708 1707/1707/1707
f 1708/1708/1708 1709/1709/1709 1707/1707/1707
f 1706/1706/1706 1703/1703/1703 1710/1710/1710
f 1706/1706/1706 1710/1710/1710 1708/1708/1708
f 1703/1703/1703 1698/1698/1698 1711/1711/1711
f 1703/1703/1703 1711/1711/1711 1710/1710/1710
f 1708/1708/1708 1712/1712/1712 1709/1709/1709
f 1709/1709/1709 1712/1712/1712 1713/1713/1713
f 1713/1713/1713 1712/1712/1712 1714/1714/1714
f 1698/1698/1698 1715/1715/1715 1711/1711/1711
f 1715/1715/1715 1698/1698/1698 1693/1693/1693
f 1712/1712/1712 1716/1716/1716 1714/1714/1714
f 1716/1716/1716 1602/1602/1602 1714/1714/1714
f 1716/1716/1716 1717/1717/1717 1602/1602/1602
f 1717/1717/1717 1600/1600/1600 1602/1602/1602
f 1716/1716/1716 1712/1712/1712 1718/1718/1718
f 1717/1717/1717 1716/1716/1716 1718/1718/1718
f 1712/1712/1712 1719/1719/1719 1718/1718/1718
f 1719/1719/1719 1712/1712/1712 1708/1708/1708
f 1718/1718/1718 1720/1720/1720 1717/1717/1717
f 1720/1720/1720 1718/1718/1718 1719/1719/1719
f 1600/1600/1600 1717/1717/1717 1721/1721/1721
f 1717/1717/1717 1720/1720/1720 1721/1721/1721
f 1720/1720/1720 1722/1722/1722 1721/1721/1721
f 1723/1723/1723 1720/1720/1720 1719/1719/1719
f 1719/1719/1719 1708/1708/1708 1723/1723/1723
f 1722/1722/1722 1720/1720/1720 1723/1723/1723
f 1724/1724/1724 1600/1600/1600 1721/1721/1721
f 1603/1603/1603 1600/1600/1600 1724/1724/1724
f 1708/1708/1708 1725/1725/1725 1723/1723/1723
f 1723/1723/1723 1725/1725/1725 1726/1726/1726
f 1710/1710/1710 1725/1725/1725 1708/1708/1708
f 1710/1710/1710 1727/1727/1727 1725/1725/1725
f 1727/1727/1727 1726/1726/1726 1725/1725/1725
f 1710/1710/1710 1711/1711/1711 1727/1727/1727
f 1711/1711/1711 1728/1728/1728 1727/1727/1727
f 1711/1711/1711 1715/1715/1715 1728/1728/1728
f 1721/1721/1721 1722/1722/1722 1729/1729/1729
f 1724/1724/1724 1721/1721/1721 1729/1729/1729
f 1730/1730/1730 1603/1603/1603 1724/1724/1724
f 1610/1610/1610 1603/1603/1603 1730/1730/1730
f 1731/1731/1731 1724/1724/1724 1729/1729/1729
f 1730/1730/1730 1724/1724/1724 1731/1731/1731
f 1610/1610/1610 1730/1730/1730 1732/1732/1732
f 1732/1732/1732 1730/1730/1730 1731/1731/1731
f 1731/1731/1731 1729/1729/1729 1733/1733/1733
f 1729/1729/1729 1722/1722/1722 1733/1733/1733
f 1726/1726/1726 1727/1727/1727 1734/1734/1734
f 1727/1727/1727 1728/1728/1728 1734/1734/1734
f 1735/1735/1735 1610/1610/1610 1732/1732/1732
f 1610/1610/1610 1735/1735/1735 1621/1621/1621
f 1732/1732/1732 1731/1731/1731 1736/1736/1736
f 1736/1736/1736 1731/1731/1731 1733/1733/1733
f 1735/1735/1735 1732/1732/1732 1737/1737/1737
f 1737/1737/1737 1732/1732/1732 1736/1736/1736
f 1735/1735/1735 1738/1738/1738 1621/1621/1621
f 1738/1738/1738 1735/1735/1735 1737/1737/1737
f 1738/1738/1738 1739/1739/1739 1621/1621/1621
f 1621/1621/1621 1739/1739/1739 1651/1651/1651
f 1740/1740/1740 1738/1738/1738 1737/1737/1737
f 1741/1741/1741 1739/1739/1739 1738/1738/1738
f 1740/1740/1740 1741/1741/1741 1738/1738/1738
f 1742/1742/1742 1737/1737/1737 1736/1736/1736
f 1742/1742/1742 1740/1740/1740 1737/1737/1737
f 1743/1743/1743 1651/1651/1651 1739/1739/1739
f 1741/1741/1741 1743/1743/1743 1739/1739/1739
f 1744/1744/1744 1741/1741/1741 1740/1740/1740
f 1745/1745/1745 1740/1740/1740 1742/1742/1742
f 1745/1745/1745 1744/1744/1744 1740/1740/1740
f 1746/1746/1746 1743/1743/1743 1741/1741/1741
f 1744/1744/1744 1746/1746/1746 1741/1741/1741
f 1747/1747/1747 1742/1742/1742 1736/1736/1736
f 1748/1748/1748 1745/1745/1745 1742/1742/1742
f 1748/1748/1748 1742/1742/1742 1747/1747/1747
f 1749/1749/1749 1747/1747/1747 1736/1736/1736
f 1733/1733/1733 1749/1749/1749 1736/1736/1736
f 1743/1743/1743 1750/1750/1750 1651/1651/1651
f 1746/1746/1746 1751/1751/1751 1743/1743/1743
f 1751/1751/1751 1750/1750/1750 1743/1743/1743
f 1750/1750/1750 1752/1752/1752 1651/1651/1651
f 1651/1651/1651 1752/1752/1752 1645/1645/1645
f 1753/1753/1753 1746/1746/1746 1744/1744/1744
f 1754/1754/1754 1744/1744/1744 1745/1745/1745
f 1754/1754/1754 1753/1753/1753 1744/1744/1744
f 1755/1755/1755 1745/1745/1745 1748/1748/1748
f 1755/1755/1755 1754/1754/1754 1745/1745/1745
f 1756/1756/1756 1751/1751/1751 1746/1746/1746
f 1753/1753/1753 1756/1756/1756 1746/1746/1746
f 1751/1751/1751 1757/1757/1757 1750/1750/1750
f 1750/1750/1750 1758/1758/1758 1752/1752/1752
f 1757/1757/1757 1758/1758/1758 1750/1750/1750
f 1756/1756/1756 1759/1759/1759 1751/1751/1751
f 1759/1759/1759 1757/1757/1757 1751/1751/1751
f 1760/1760/1760 1753/1753/1753 1754/1754/1754
f 1761/1761/1761 1756/1756/1756 1753/1753/1753
f 1760/1760/1760 1761/1761/1761 1753/1753/1753
f 1761/1761/1761 1762/1762/1762 1756/1756/1756
f 1762/1762/1762 1759/1759/1759 1756/1756/1756
f 1763/1763/1763 1754/1754/1754 1755/1755/1755
f 1763/1763/1763 1760/1760/1760 1754/1754/1754
f 1760/1760/1760 1764/1764/1764 1761/1761/1761
f 1761/1761/1761 1764/1764/1764 1762/1762/1762
f 1765/1765/1765 1760/1760/1760 1763/1763/1763
f 1765/1765/1765 1764/1764/1764 1760/1760/1760
f 1757/1757/1757 1759/1759/1759 1766/1766/1766
f 1758/1758/1758 1757/1757/1757 1767/1767/1767
f 1757/1757/1757 1766/1766/1766 1767/1767/1767
f 1759/1759/1759 1762/1762/1762 1768/1768/1768
f 1759/1759/1759 1768/1768/1768 1766/1766/1766
f 1769/1769/1769 1763/1763/1763 1755/1755/1755
f 1770/1770/1770 1765/1765/1765 1763/1763/1763
f 1770/1770/1770 1763/1763/1763 1769/1769/1769
f 1769/1769/1769 1755/1755/1755 1771/1771/1771
f 1771/1771/1771 1755/1755/1755 1748/1748/1748
f 1771/1771/1771 1748/1748/1748 1772/1772/1772
f 1772/1772/1772 1748/1748/1748 1747/1747/1747
f 1773/1773/1773 1772/1772/1772 1747/1747/1747
f 1749/1749/1749 1773/1773/1773 1747/1747/1747
f 1774/1774/1774 1771/1771/1771 1772/1772/1772
f 1775/1775/1775 1769/1769/1769 1771/1771/1771
f 1775/1775/1775 1771/1771/1771 1774/1774/1774
f 1773/1773/1773 1776/1776/1776 1772/1772/1772
f 1776/1776/1776 1774/1774/1774 1772/1772/1772
f 1777/1777/1777 1773/1773/1773 1749/1749/1749
f 1778/1778/1778 1776/1776/1776 1773/1773/1773
f 1777/1777/1777 1778/1778/1778 1773/1773/1773
f 1779/1779/1779 1777/1777/1777 1749/1749/1749
f 1779/1779/1779 1749/1749/1749 1733/1733/1733
f 1780/1780/1780 1779/1779/1779 1733/1733/1733
f 1722/1722/1722 1780/1780/1780 1733/1733/1733
f 1776/1776/1776 1781/1781/1781 1774/1774/1774
f 1782/1782/1782 1775/1775/1775 1774/1774/1774
f 1781/1781/1781 1782/1782/1782 1774/1774/1774
f 1778/1778/1778 1783/1783/1783 1776/1776/1776
f 1783/1783/1783 1781/1781/1781 1776/1776/1776
f 1784/1784/1784 1778/1778/1778 1777/1777/1777
f 1785/1785/1785 1777/1777/1777 1779/1779/1779
f 1785/1785/1785 1784/1784/1784 1777/1777/1777
f 1786/1786/1786 1779/1779/1779 1780/1780/1780
f 1786/1786/1786 1785/1785/1785 1779/1779/1779
f 1722/1722/1722 1787/1787/1787 1780/1780/1780
f 1787/1787/1787 1786/1786/1786 1780/1780/1780
f 1788/1788/1788 1783/1783/1783 1778/1778/1778
f 1784/1784/1784 1788/1788/1788 1778/1778/1778
f 1789/1789/1789 1787/1787/1787 1722/1722/1722
f 1789/1789/1789 1722/1722/1722 1723/1723/1723
f 1723/1723/1723 1726/1726/1726 1789/1789/1789
f 1789/1789/1789 1726/1726/1726 1787/1787/1787
f 1781/1781/1781 1783/1783/1783 1790/1790/1790
f 1783/1783/1783 1788/1788/1788 1791/1791/1791
f 1790/1790/1790 1783/1783/1783 1791/1791/1791
f 1792/1792/1792 1781/1781/1781 1790/1790/1790
f 1782/1782/1782 1781/1781/1781 1792/1792/1792
f 1793/1793/1793 1782/1782/1782 1792/1792/1792
f 1782/1782/1782 1793/1793/1793 1775/1775/1775
f 1793/1793/1793 1794/1794/1794 1775/1775/1775
f 1775/1775/1775 1794/1794/1794 1769/1769/1769
f 1795/1795/1795 1769/1769/1769 1794/1794/1794
f 1795/1795/1795 1770/1770/1770 1769/1769/1769
f 1787/1787/1787 1726/1726/1726 1796/1796/1796
f 1796/1796/1796 1797/1797/1797 1787/1787/1787
f 1797/1797/1797 1786/1786/1786 1787/1787/1787
f 1726/1726/1726 1798/1798/1798 1796/1796/1796
f 1734/1734/1734 1798/1798/1798 1726/1726/1726
f 1797/1797/1797 1799/1799/1799 1786/1786/1786
f 1799/1799/1799 1785/1785/1785 1786/1786/1786
f 1799/1799/1799 1800/1800/1800 1785/1785/1785
f 1800/1800/1800 1784/1784/1784 1785/1785/1785
f 1800/1800/1800 1801/1801/1801 1784/1784/1784
f 1801/1801/1801 1788/1788/1788 1784/1784/1784
f 1788/1788/1788 1801/1801/1801 1802/1802/1802
f 1791/1791/1791 1788/1788/1788 1802/1802/1802
f 1766/1766/1766 1799/1799/1799 1797/1797/1797
f 1767/1767/1767 1766/1766/1766 1797/1797/1797
f 1767/1767/1767 1797/1797/1797 1796/1796/1796
f 1766/1766/1766 1768/1768/1768 1799/1799/1799
f 1768/1768/1768 1800/1800/1800 1799/1799/1799
f 1768/1768/1768 1803/1803/1803 1800/1800/1800
f 1803/1803/1803 1801/1801/1801 1800/1800/1800
f 1762/1762/1762 1803/1803/1803 1768/1768/1768
f 1804/1804/1804 1767/1767/1767 1796/1796/1796
f 1758/1758/1758 1767/1767/1767 1804/1804/1804
f 1801/1801/1801 1803/1803/1803 1805/1805/1805
f 1802/1802/1802 1801/1801/1801 1805/1805/1805
f 1803/1803/1803 1762/1762/1762 1806/1806/1806
f 1805/1805/1805 1803/1803/1803 1806/1806/1806
f 1764/1764/1764 1806/1806/1806 1762/1762/1762
f 1764/1764/1764 1807/1807/1807 1806/1806/1806
f 1764/1764/1764 1765/1765/1765 1807/1807/1807
f 1805/1805/1805 1806/1806/1806 1808/1808/1808
f 1807/1807/1807 1808/1808/1808 1806/1806/1806
f 1802/1802/1802 1805/1805/1805 1809/1809/1809
f 1809/1809/1809 1805/1805/1805 1808/1808/1808
f 1810/1810/1810 1808/1808/1808 1807/1807/1807
f 1808/1808/1808 1810/1810/1810 1809/1809/1809
f 1811/1811/1811 1807/1807/1807 1765/1765/1765
f 1811/1811/1811 1810/1810/1810 1807/1807/1807
f 1812/1812/1812 1802/1802/1802 1809/1809/1809
f 1791/1791/1791 1802/1802/1802 1812/1812/1812
f 1810/1810/1810 1813/1813/1813 1809/1809/1809
f 1809/1809/1809 1813/1813/1813 1812/1812/1812
f 1814/1814/1814 1791/1791/1791 1812/1812/1812
f 1790/1790/1790 1791/1791/1791 1814/1814/1814
f 1815/1815/1815 1811/1811/1811 1765/1765/1765
f 1815/1815/1815 1765/1765/1765 1770/1770/1770
f 1816/1816/1816 1810/1810/1810 1811/1811/1811
f 1810/1810/1810 1816/1816/1816 1813/1813/1813
f 1817/1817/1817 1816/1816/1816 1811/1811/1811
f 1817/1817/1817 1811/1811/1811 1815/1815/1815
f 1816/1816/1816 1818/1818/1818 1813/1813/1813
f 1819/1819/1819 1817/1817/1817 1815/1815/1815
f 1813/1813/1813 1820/1820/1820 1812/1812/1812
f 1813/1813/1813 1818/1818/1818 1820/1820/1820
f 1812/1812/1812 1820/1820/1820 1814/1814/1814
f 1818/1818/1818 1821/1821/1821 1820/1820/1820
f 1822/1822/1822 1815/1815/1815 1770/1770/1770
f 1819/1819/1819 1815/1815/1815 1822/1822/1822
f 1823/1823/1823 1819/1819/1819 1822/1822/1822
f 1822/1822/1822 1770/1770/1770 1795/1795/1795
f 1820/1820/1820 1821/1821/1821 1824/1824/1824
f 1820/1820/1820 1824/1824/1824 1814/1814/1814
f 1821/1821/1821 1825/1825/1825 1824/1824/1824
f 1823/1823/1823 1822/1822/1822 1826/1826/1826
f 1826/1826/1826 1822/1822/1822 1795/1795/1795
f 1827/1827/1827 1823/1823/1823 1826/1826/1826
f 1814/1814/1814 1824/1824/1824 1828/1828/1828
f 1828/1828/1828 1790/1790/1790 1814/1814/1814
f 1792/1792/1792 1790/1790/1790 1828/1828/1828
f 1824/1824/1824 1825/1825/1825 1829/1829/1829
f 1824/1824/1824 1829/1829/1829 1828/1828/1828
f 1825/1825/1825 1830/1830/1830 1829/1829/1829
f 1831/1831/1831 1792/1792/1792 1828/1828/1828
f 1828/1828/1828 1829/1829/1829 1831/1831/1831
f 1793/1793/1793 1792/1792/1792 1831/1831/1831
f 1829/1829/1829 1830/1830/1830 1832/1832/1832
f 1829/1829/1829 1832/1832/1832 1831/1831/1831
f 1830/1830/1830 1833/1833/1833 1832/1832/1832
f 1834/1834/1834 1793/1793/1793 1831/1831/1831
f 1831/1831/1831 1832/1832/1832 1834/1834/1834
f 1793/1793/1793 1834/1834/1834 1794/1794/1794
f 1832/1832/1832 1833/1833/1833 1835/1835/1835
f 1832/1832/1832 1835/1835/1835 1834/1834/1834
f 1833/1833/1833 1836/1836/1836 1835/1835/1835
f 1836/1836/1836 1837/1837/1837 1835/1835/1835
f 1837/1837/1837 1838/1838/1838 1835/1835/1835
f 1835/1835/1835 1838/1838/1838 1834/1834/1834
f 1837/1837/1837 1827/1827/1827 1838/1838/1838
f 1827/1827/1827 1826/1826/1826 1838/1838/1838
f 1834/1834/1834 1839/1839/1839 1794/1794/1794
f 1838/1838/1838 1839/1839/1839 1834/1834/1834
f 1838/1838/1838 1826/1826/1826 1839/1839/1839
f 1839/1839/1839 1795/1795/1795 1794/1794/1794
f 1826/1826/1826 1795/1795/1795 1839/1839/1839
f 1840/1840/1840 1796/1796/1796 1798/1798/1798
f 1804/1804/1804 1796/1796/1796 1840/1840/1840
f 1840/1840/1840 1798/1798/1798 1841/1841/1841
f 1798/1798/1798 1842/1842/1842 1841/1841/1841
f 1798/1798/1798 1734/1734/1734 1842/1842/1842
f 1734/1734/1734 1843/1843/1843 1842/1842/1842
f 1728/1728/1728 1843/1843/1843 1734/1734/1734
f 1728/1728/1728 1844/1844/1844 1843/1843/1843
f 1715/1715/1715 1844/1844/1844 1728/1728/1728
f 1843/1843/1843 1845/1845/1845 1842/1842/1842
f 1844/1844/1844 1845/1845/1845 1843/1843/1843
f 1844/1844/1844 1715/1715/1715 1846/1846/1846
f 1715/1715/1715 1693/1693/1693 1846/1846/1846
f 1846/1846/1846 1693/1693/1693 1692/1692/1692
f 1844/1844/1844 1846/1846/1846 1847/1847/1847
f 1845/1845/1845 1844/1844/1844 1847/1847/1847
f 1846/1846/1846 1692/1692/1692 1848/1848/1848
f 1847/1847/1847 1846/1846/1846 1848/1848/1848
f 1692/1692/1692 1691/1691/1691 1848/1848/1848
f 1845/1845/1845 1847/1847/1847 1849/1849/1849
f 1847/1847/1847 1848/1848/1848 1849/1849/1849
f 1845/1845/1845 1850/1850/1850 1842/1842/1842
f 1850/1850/1850 1845/1845/1845 1849/1849/1849
f 1842/1842/1842 1850/1850/1850 1851/1851/1851
f 1850/1850/1850 1849/1849/1849 1851/1851/1851
f 1841/1841/1841 1842/1842/1842 1851/1851/1851
f 1852/1852/1852 1848/1848/1848 1691/1691/1691
f 1848/1848/1848 1852/1852/1852 1849/1849/1849
f 1849/1849/1849 1853/1853/1853 1851/1851/1851
f 1849/1849/1849 1852/1852/1852 1853/1853/1853
f 1841/1841/1841 1851/1851/1851 1854/1854/1854
f 1851/1851/1851 1853/1853/1853 1854/1854/1854
f 1852/1852/1852 1691/1691/1691 1855/1855/1855
f 1691/1691/1691 1697/1697/1697 1855/1855/1855
f 1852/1852/1852 1856/1856/1856 1853/1853/1853
f 1855/1855/1855 1856/1856/1856 1852/1852/1852
f 1857/1857/1857 1841/1841/1841 1854/1854/1854
f 1857/1857/1857 1854/1854/1854 1858/1858/1858
f 1840/1840/1840 1841/1841/1841 1857/1857/1857
f 1853/1853/1853 1859/1859/1859 1854/1854/1854
f 1853/1853/1853 1856/1856/1856 1859/1859/1859
f 1854/1854/1854 1859/1859/1859 1858/1858/1858
f 1860/1860/1860 1840/1840/1840 1857/1857/1857
f 1860/1860/1860 1804/1804/1804 1840/1840/1840
f 1861/1861/1861 1857/1857/1857 1858/1858/1858
f 1860/1860/1860 1857/1857/1857 1861/1861/1861
f 1862/1862/1862 1804/1804/1804 1860/1860/1860
f 1862/1862/1862 1758/1758/1758 1804/1804/1804
f 1758/1758/1758 1862/1862/1862 1752/1752/1752
f 1863/1863/1863 1862/1862/1862 1860/1860/1860
f 1863/1863/1863 1860/1860/1860 1861/1861/1861
f 1752/1752/1752 1862/1862/1862 1864/1864/1864
f 1862/1862/1862 1863/1863/1863 1864/1864/1864
f 1864/1864/1864 1863/1863/1863 1861/1861/1861
f 1752/1752/1752 1864/1864/1864 1645/1645/1645
f 1865/1865/1865 1864/1864/1864 1861/1861/1861
f 1645/1645/1645 1864/1864/1864 1865/1865/1865
f 1865/1865/1865 1861/1861/1861 1858/1858/1858
f 1866/1866/1866 1645/1645/1645 1865/1865/1865
f 1645/1645/1645 1866/1866/1866 1646/1646/1646
f 1866/1866/1866 1865/1865/1865 1867/1867/1867
f 1867/1867/1867 1865/1865/1865 1858/1858/1858
f 1646/1646/1646 1866/1866/1866 1868/1868/1868
f 1868/1868/1868 1866/1866/1866 1867/1867/1867
f 1869/1869/1869 1646/1646/1646 1868/1868/1868
f 1869/1869/1869 1647/1647/1647 1646/1646/1646
f 1647/1647/1647 1869/1869/1869 1652/1652/1652
f 1652/1652/1652 1869/1869/1869 1868/1868/1868
f 1870/1870/1870 1652/1652/1652 1868/1868/1868
f 1870/1870/1870 1868/1868/1868 1867/1867/1867
f 1870/1870/1870 1654/1654/1654 1652/1652/1652
f 1871/1871/1871 1870/1870/1870 1867/1867/1867
f 1871/1871/1871 1867/1867/1867 1858/1858/1858
f 1654/1654/1654 1870/1870/1870 1871/1871/1871
f 1872/1872/1872 1871/1871/1871 1858/1858/1858
f 1859/1859/1859 1872/1872/1872 1858/1858/1858
f 1873/1873/1873 1654/1654/1654 1871/1871/1871
f 1873/1873/1873 1871/1871/1871 1872/1872/1872
f 1859/1859/1859 1874/1874/1874 1872/1872/1872
f 1856/1856/1856 1874/1874/1874 1859/1859/1859
f 1873/1873/1873 1875/1875/1875 1654/1654/1654
f 1875/1875/1875 1663/1663/1663 1654/1654/1654
f 1876/1876/1876 1873/1873/1873 1872/1872/1872
f 1874/1874/1874 1876/1876/1876 1872/1872/1872
f 1876/1876/1876 1877/1877/1877 1873/1873/1873
f 1877/1877/1877 1876/1876/1876 1874/1874/1874
f 1877/1877/1877 1875/1875/1875 1873/1873/1873
f 1878/1878/1878 1874/1874/1874 1856/1856/1856
f 1878/1878/1878 1877/1877/1877 1874/1874/1874
f 1855/1855/1855 1878/1878/1878 1856/1856/1856
f 1877/1877/1877 1879/1879/1879 1875/1875/1875
f 1879/1879/1879 1877/1877/1877 1878/1878/1878
f 1875/1875/1875 1880/1880/1880 1663/1663/1663
f 1879/1879/1879 1880/1880/1880 1875/1875/1875
f 1881/1881/1881 1878/1878/1878 1855/1855/1855
f 1881/1881/1881 1879/1879/1879 1878/1878/1878
f 1880/1880/1880 1882/1882/1882 1663/1663/1663
f 1663/1663/1663 1882/1882/1882 1705/1705/1705
f 1879/1879/1879 1883/1883/1883 1880/1880/1880
f 1883/1883/1883 1879/1879/1879 1881/1881/1881
f 1884/1884/1884 1881/1881/1881 1855/1855/1855
f 1884/1884/1884 1855/1855/1855 1697/1697/1697
f 1882/1882/1882 1885/1885/1885 1705/1705/1705
f 1705/1705/1705 1885/1885/1885 1702/1702/1702
f 1880/1880/1880 1886/1886/1886 1882/1882/1882
f 1883/1883/1883 1886/1886/1886 1880/1880/1880
f 1887/1887/1887 1883/1883/1883 1881/1881/1881
f 1887/1887/1887 1881/1881/1881 1884/1884/1884
f 1885/1885/1885 1888/1888/1888 1702/1702/1702
f 1702/1702/1702 1888/1888/1888 1701/1701/1701
f 1882/1882/1882 1889/1889/1889 1885/1885/1885
f 1886/1886/1886 1889/1889/1889 1882/1882/1882
f 1883/1883/1883 1890/1890/1890 1886/1886/1886
f 1890/1890/1890 1883/1883/1883 1887/1887/1887
f 1888/1888/1888 1891/1891/1891 1701/1701/1701
f 1701/1701/1701 1891/1891/1891 1699/1699/1699
f 1885/1885/1885 1892/1892/1892 1888/1888/1888
f 1889/1889/1889 1892/1892/1892 1885/1885/1885
f 1886/1886/1886 1893/1893/1893 1889/1889/1889
f 1890/1890/1890 1893/1893/1893 1886/1886/1886
f 1888/1888/1888 1894/1894/1894 1891/1891/1891
f 1892/1892/1892 1894/1894/1894 1888/1888/1888
f 1889/1889/1889 1895/1895/1895 1892/1892/1892
f 1893/1893/1893 1895/1895/1895 1889/1889/1889
f 1892/1892/1892 1896/1896/1896 1894/1894/1894
f 1895/1895/1895 1896/1896/1896 1892/1892/1892
f 1897/1897/1897 1890/1890/1890 1887/1887/1887
f 1890/1890/1890 1898/1898/1898 1893/1893/1893
f 1898/1898/1898 1890/1890/1890 1897/1897/1897
f 1893/1893/1893 1899/1899/1899 1895/1895/1895
f 1898/1898/1898 1899/1899/1899 1893/1893/1893
f 1899/1899/1899 1900/1900/1900 1895/1895/1895
f 1895/1895/1895 1900/1900/1900 1896/1896/1896
f 1897/1897/1897 1887/1887/1887 1901/1901/1901
f 1901/1901/1901 1887/1887/1887 1884/1884/1884
f 1902/1902/1902 1899/1899/1899 1898/1898/1898
f 1902/1902/1902 1900/1900/1900 1899/1899/1899
f 1901/1901/1901 1884/1884/1884 1903/1903/1903
f 1903/1903/1903 1884/1884/1884 1697/1697/1697
f 1903/1903/1903 1697/1697/1697 1904/1904/1904
f 1697/1697/1697 1680/1680/1680 1904/1904/1904
f 1904/1904/1904 1680/1680/1680 1695/1695/1695
f 1905/1905/1905 1903/1903/1903 1904/1904/1904
f 1905/1905/1905 1904/1904/1904 1695/1695/1695
f 1906/1906/1906 1901/1901/1901 1903/1903/1903
f 1906/1906/1906 1903/1903/1903 1905/1905/1905
f 1907/1907/1907 1897/1897/1897 1901/1901/1901
f 1907/1907/1907 1901/1901/1901 1906/1906/1906
f 1908/1908/1908 1898/1898/1898 1897/1897/1897
f 1908/1908/1908 1897/1897/1897 1907/1907/1907
f 1909/1909/1909 1905/1905/1905 1695/1695/1695
f 1909/1909/1909 1695/1695/1695 1699/1699/1699
f 1910/1910/1910 1906/1906/1906 1905/1905/1905
f 1910/1910/1910 1905/1905/1905 1909/1909/1909
f 1911/1911/1911 1907/1907/1907 1906/1906/1906
f 1911/1911/1911 1906/1906/1906 1910/1910/1910
f 1912/1912/1912 1909/1909/1909 1699/1699/1699
f 1891/1891/1891 1912/1912/1912 1699/1699/1699
f 1913/1913/1913 1910/1910/1910 1909/1909/1909
f 1913/1913/1913 1909/1909/1909 1912/1912/1912
f 1891/1891/1891 1914/1914/1914 1912/1912/1912
f 1894/1894/1894 1914/1914/1914 1891/1891/1891
f 1898/1898/1898 1908/1908/1908 1915/1915/1915
f 1915/1915/1915 1902/1902/1902 1898/1898/1898
f 1916/1916/1916 1908/1908/1908 1907/1907/1907
f 1916/1916/1916 1907/1907/1907 1911/1911/1911
f 1917/1917/1917 1911/1911/1911 1910/1910/1910
f 1917/1917/1917 1910/1910/1910 1913/1913/1913
f 1918/1918/1918 1913/1913/1913 1912/1912/1912
f 1914/1914/1914 1918/1918/1918 1912/1912/1912
f 1894/1894/1894 1919/1919/1919 1914/1914/1914
f 1896/1896/1896 1919/1919/1919 1894/1894/1894
f 1908/1908/1908 1920/1920/1920 1915/1915/1915
f 1908/1908/1908 1916/1916/1916 1920/1920/1920
f 1921/1921/1921 1916/1916/1916 1911/1911/1911
f 1921/1921/1921 1911/1911/1911 1917/1917/1917
f 1922/1922/1922 1917/1917/1917 1913/1913/1913
f 1922/1922/1922 1913/1913/1913 1918/1918/1918
f 1914/1914/1914 1923/1923/1923 1918/1918/1918
f 1919/1919/1919 1923/1923/1923 1914/1914/1914
f 1896/1896/1896 1924/1924/1924 1919/1919/1919
f 1900/1900/1900 1924/1924/1924 1896/1896/1896
f 1916/1916/1916 1925/1925/1925 1920/1920/1920
f 1916/1916/1916 1921/1921/1921 1925/1925/1925
f 1926/1926/1926 1921/1921/1921 1917/1917/1917
f 1926/1926/1926 1917/1917/1917 1922/1922/1922
f 1927/1927/1927 1922/1922/1922 1918/1918/1918
f 1923/1923/1923 1927/1927/1927 1918/1918/1918
f 1919/1919/1919 1928/1928/1928 1923/1923/1923
f 1924/1924/1924 1928/1928/1928 1919/1919/1919
f 1900/1900/1900 1929/1929/1929 1924/1924/1924
f 1902/1902/1902 1929/1929/1929 1900/1900/1900
f 1921/1921/1921 1930/1930/1930 1925/1925/1925
f 1921/1921/1921 1926/1926/1926 1930/1930/1930
f 1931/1931/1931 1926/1926/1926 1922/1922/1922
f 1931/1931/1931 1922/1922/1922 1927/1927/1927
f 1923/1923/1923 1932/1932/1932 1927/1927/1927
f 1928/1928/1928 1932/1932/1932 1923/1923/1923
f 1929/1929/1929 1933/1933/1933 1924/1924/1924
f 1924/1924/1924 1933/1933/1933 1928/1928/1928
f 1929/1929/1929 1902/1902/1902 1934/1934/1934
f 1934/1934/1934 1902/1902/1902 1915/1915/1915
f 1926/1926/1926 1935/1935/1935 1930/1930/1930
f 1926/1926/1926 1931/1931/1931 1935/1935/1935
f 1936/1936/1936 1931/1931/1931 1927/1927/1927
f 1932/1932/1932 1936/1936/1936 1927/1927/1927
f 1931/1931/1931 1936/1936/1936 1937/1937/1937
f 1931/1931/1931 1937/1937/1937 1935/1935/1935
f 1938/1938/1938 1936/1936/1936 1932/1932/1932
f 1936/1936/1936 1938/1938/1938 1937/1937/1937
f 1939/1939/1939 1932/1932/1932 1928/1928/1928
f 1939/1939/1939 1938/1938/1938 1932/1932/1932
f 1940/1940/1940 1934/1934/1934 1915/1915/1915
f 1915/1915/1915 1920/1920/1920 1940/1940/1940
f 1920/1920/1920 1941/1941/1941 1940/1940/1940
f 1920/1920/1920 1925/1925/1925 1941/1941/1941
f 1940/1940/1940 1942/1942/1942 1934/1934/1934
f 1942/1942/1942 1940/1940/1940 1941/1941/1941
f 1925/1925/1925 1943/1943/1943 1941/1941/1941
f 1925/1925/1925 1930/1930/1930 1943/1943/1943
f 1928/1928/1928 1944/1944/1944 1939/1939/1939
f 1933/1933/1933 1944/1944/1944 1928/1928/1928
f 1942/1942/1942 1945/1945/1945 1934/1934/1934
f 1934/1934/1934 1945/1945/1945 1929/1929/1929
f 1946/1946/1946 1942/1942/1942 1941/1941/1941
f 1946/1946/1946 1941/1941/1941 1943/1943/1943
f 1930/1930/1930 1947/1947/1947 1943/1943/1943
f 1930/1930/1930 1935/1935/1935 1947/1947/1947
f 1929/1929/1929 1948/1948/1948 1933/1933/1933
f 1945/1945/1945 1948/1948/1948 1929/1929/1929
f 1942/1942/1942 1949/1949/1949 1945/1945/1945
f 1949/1949/1949 1942/1942/1942 1946/1946/1946
f 1949/1949/1949 1950/1950/1950 1945/1945/1945
f 1945/1945/1945 1950/1950/1950 1948/1948/1948
f 1951/1951/1951 1949/1949/1949 1946/1946/1946
f 1950/1950/1950 1952/1952/1952 1948/1948/1948
f 1953/1953/1953 1946/1946/1946 1943/1943/1943
f 1951/1951/1951 1946/1946/1946 1953/1953/1953
f 1953/1953/1953 1943/1943/1943 1947/1947/1947
f 1954/1954/1954 1951/1951/1951 1953/1953/1953
f 1948/1948/1948 1955/1955/1955 1933/1933/1933
f 1948/1948/1948 1952/1952/1952 1955/1955/1955
f 1952/1952/1952 1956/1956/1956 1955/1955/1955
f 1933/1933/1933 1955/1955/1955 1944/1944/1944
f 1954/1954/1954 1953/1953/1953 1957/1957/1957
f 1957/1957/1957 1953/1953/1953 1947/1947/1947
f 1958/1958/1958 1954/1954/1954 1957/1957/1957
f 1955/1955/1955 1956/1956/1956 1959/1959/1959
f 1955/1955/1955 1959/1959/1959 1944/1944/1944
f 1956/1956/1956 1960/1960/1960 1959/1959/1959
f 1957/1957/1957 1947/1947/1947 1961/1961/1961
f 1935/1935/1935 1961/1961/1961 1947/1947/1947
f 1935/1935/1935 1937/1937/1937 1961/1961/1961
f 1958/1958/1958 1957/1957/1957 1962/1962/1962
f 1962/1962/1962 1957/1957/1957 1961/1961/1961
f 1963/1963/1963 1958/1958/1958 1962/1962/1962
f 1937/1937/1937 1964/1964/1964 1961/1961/1961
f 1962/1962/1962 1961/1961/1961 1964/1964/1964
f 1937/1937/1937 1938/1938/1938 1964/1964/1964
f 1963/1963/1963 1962/1962/1962 1965/1965/1965
f 1965/1965/1965 1962/1962/1962 1964/1964/1964
f 1966/1966/1966 1963/1963/1963 1965/1965/1965
f 1938/1938/1938 1967/1967/1967 1964/1964/1964
f 1965/1965/1965 1964/1964/1964 1967/1967/1967
f 1967/1967/1967 1938/1938/1938 1939/1939/1939
f 1966/1966/1966 1965/1965/1965 1968/1968/1968
f 1968/1968/1968 1965/1965/1965 1967/1967/1967
f 1969/1969/1969 1966/1966/1966 1968/1968/1968
f 1970/1970/1970 1969/1969/1969 1968/1968/1968
f 1971/1971/1971 1970/1970/1970 1968/1968/1968
f 1971/1971/1971 1968/1968/1968 1967/1967/1967
f 1960/1960/1960 1970/1970/1970 1971/1971/1971
f 1959/1959/1959 1960/1960/1960 1971/1971/1971
f 1972/1972/1972 1967/1967/1967 1939/1939/1939
f 1972/1972/1972 1971/1971/1971 1967/1967/1967
f 1959/1959/1959 1971/1971/1971 1972/1972/1972
f 1944/1944/1944 1972/1972/1972 1939/1939/1939
f 1944/1944/1944 1959/1959/1959 1972/1972/1972
f 1975/1975/1975 1974/1974/1974 1973/1973/1973
f 1975/1975/1975 1976/1976/1976 1974/1974/1974
f 1975/1975/1975 1977/1977/1977 1976/1976/1976
f 1978/1978/1978 1973/1973/1973 1974/1974/1974
f 1976/1976/1976 1977/1977/1977 1979/1979/1979
f 1980/1980/1980 1978/1978/1978 1974/1974/1974
f 1981/1981/1981 1978/1978/1978 1980/1980/1980
f 1974/1974/1974 1976/1976/1976 1982/1982/1982
f 1980/1980/1980 1974/1974/1974 1982/1982/1982
f 1982/1982/1982 1976/1976/1976 1983/1983/1983
f 1984/1984/1984 1980/1980/1980 1982/1982/1982
f 1985/1985/1985 1983/1983/1983 1976/1976/1976
f 1986/1986/1986 1981/1981/1981 1980/1980/1980
f 1984/1984/1984 1986/1986/1986 1980/1980/1980
f 1986/1986/1986 1987/1987/1987 1981/1981/1981
f 1988/1988/1988 1986/1986/1986 1984/1984/1984
f 1987/1987/1987 1986/1986/1986 1988/1988/1988
f 1989/1989/1989 1987/1987/1987 1988/1988/1988
f 1990/1990/1990 1989/1989/1989 1988/1988/1988
f 1989/1989/1989 1990/1990/1990 1991/1991/1991
f 1991/1991/1991 1990/1990/1990 1992/1992/1992
f 1993/1993/1993 1991/1991/1991 1992/1992/1992
f 1993/1993/1993 1992/1992/1992 1994/1994/1994
f 1995/1995/1995 1993/1993/1993 1994/1994/1994
f 1996/1996/1996 1995/1995/1995 1994/1994/1994
f 1994/1994/1994 1997/1997/1997 1996/1996/1996
f 1997/1997/1997 1985/1985/1985 1996/1996/1996
f 1998/1998/1998 1995/1995/1995 1996/1996/1996
f 1998/1998/1998 1996/1996/1996 1979/1979/1979
f 1985/1985/1985 1999/1999/1999 1996/1996/1996
f 1996/1996/1996 1999/1999/1999 1979/1979/1979
f 1999/1999/1999 1985/1985/1985 1976/1976/1976
f 1999/1999/1999 1976/1976/1976 1979/1979/1979
f 2002/2002/2002 2001/2001/2001 2000/2000/2000
f 2001/2001/2001 2002/2002/2002 2003/2003/2003
f 2004/2004/2004 2002/2002/2002 2000/2000/2000
f 2002/2002/2002 2005/2005/2005 2003/2003/2003
f 2004/2004/2004 2000/2000/2000 2006/2006/2006
f 2003/2003/2003 2005/2005/2005 2007/2007/2007
f 2008/2008/2008 2004/2004/2004 2006/2006/2006
f 2005/2005/2005 2009/2009/2009 2007/2007/2007
f 2008/2008/2008 2006/2006/2006 2010/2010/2010
f 2007/2007/2007 2009/2009/2009 2011/2011/2011
f 2012/2012/2012 2008/2008/2008 2010/2010/2010
f 2009/2009/2009 2013/2013/2013 2011/2011/2011
f 2012/2012/2012 2010/2010/2010 2014/2014/2014
f 2011/2011/2011 2013/2013/2013 2015/2015/2015
f 2016/2016/2016 2012/2012/2012 2014/2014/2014
f 2013/2013/2013 2017/2017/2017 2015/2015/2015
f 2016/2016/2016 2014/2014/2014 2018/2018/2018
f 2015/2015/2015 2017/2017/2017 2019/2019/2019
f 2020/2020/2020 2016/2016/2016 2018/2018/2018
f 2017/2017/2017 2021/2021/2021 2019/2019/2019
f 2020/2020/2020 2018/2018/2018 2022/2022/2022
f 2019/2019/2019 2021/2021/2021 2023/2023/2023
f 2024/2024/2024 2020/2020/2020 2022/2022/2022
f 2021/2021/2021 2025/2025/2025 2023/2023/2023
f 2024/2024/2024 2022/2022/2022 2026/2026/2026
f 2027/2027/2027 2024/2024/2024 2026/2026/2026
f 2028/2028/2028 2027/2027/2027 2026/2026/2026
f 2029/2029/2029 2028/2028/2028 2026/2026/2026
f 2030/2030/2030 2028/2028/2028 2029/2029/2029
f 2031/2031/2031 2030/2030/2030 2029/2029/2029
f 2032/2032/2032 2030/2030/2030 2031/2031/2031
f 2033/2033/2033 2032/2032/2032 2031/2031/2031
f 2034/2034/2034 2032/2032/2032 2033/2033/2033
f 2035/2035/2035 2034/2034/2034 2033/2033/2033
f 2036/2036/2036 2034/2034/2034 2035/2035/2035
f 2037/2037/2037 2036/2036/2036 2035/2035/2035
f 2038/2038/2038 2036/2036/2036 2037/2037/2037
f 2039/2039/2039 2038/2038/2038 2037/2037/2037
f 2040/2040/2040 2038/2038/2038 2039/2039/2039
f 2041/2041/2041 2040/2040/2040 2039/2039/2039
f 2040/2040/2040 2041/2041/2041 2042/2042/2042
f 2043/2043/2043 2040/2040/2040 2042/2042/2042
f 2043/2043/2043 2042/2042/2042 2044/2044/2044
f 2045/2045/2045 2043/2043/2043 2044/2044/2044
f 2045/2045/2045 2044/2044/2044 2046/2046/2046
f 2047/2047/2047 2045/2045/2045 2046/2046/2046
f 2047/2047/2047 2046/2046/2046 2048/2048/2048
f 2049/2049/2049 2047/2047/2047 2048/2048/2048
f 2049/2049/2049 2048/2048/2048 2050/2050/2050
f 2051/2051/2051 2049/2049/2049 2050/2050/2050
f 2051/2051/2051 2050/2050/2050 2052/2052/2052
f 2053/2053/2053 2051/2051/2051 2052/2052/2052
f 2053/2053/2053 2052/2052/2052 2054/2054/2054
f 2055/2055/2055 2053/2053/2053 2054/2054/2054
f 2025/2025/2025 2055/2055/2055 2054/2054/2054
f 2023/2023/2023 2025/2025/2025 2054/2054/2054
f 2058/2058/2058 2057/2057/2057 2056/2056/2056
f 2057/2057/2057 2058/2058/2058 2059/2059/2059
f 2060/2060/2060 2058/2058/2058 2056/2056/2056
f 2058/2058/2058 2061/2061/2061 2059/2059/2059
f 2060/2060/2060 2056/2056/2056 2062/2062/2062
f 2059/2059/2059 2061/2061/2061 2063/2063/2063
f 2064/2064/2064 2060/2060/2060 2062/2062/2062
f 2061/2061/2061 2065/2065/2065 2063/2063/2063
f 2064/2064/2064 2062/2062/2062 2066/2066/2066
f 2063/2063/2063 2065/2065/2065 2067/2067/2067
f 2068/2068/2068 2064/2064/2064 2066/2066/2066
f 2065/2065/2065 2069/2069/2069 2067/2067/2067
f 2068/2068/2068 2066/2066/2066 2070/2070/2070
f 2067/2067/2067 2069/2069/2069 2071/2071/2071
f 2072/2072/2072 2068/2068/2068 2070/2070/2070
f 2069/2069/2069 2073/2073/2073 2071/2071/2071
f 2072/2072/2072 2070/2070/2070 2074/2074/2074
f 2071/2071/2071 2073/2073/2073 2075/2075/2075
f 2076/2076/2076 2072/2072/2072 2074/2074/2074
f 2073/2073/2073 2077/2077/2077 2075/2075/2075
f 2076/2076/2076 2074/2074/2074 2078/2078/2078
f 2075/2075/2075 2077/2077/2077 2079/2079/2079
f 2080/2080/2080 2076/2076/2076 2078/2078/2078
f 2077/2077/2077 2081/2081/2081 2079/2079/2079
f 2080/2080/2080 2078/2078/2078 2082/2082/2082
f 2083/2083/2083 2080/2080/2080 2082/2082/2082
f 2084/2084/2084 2083/2083/2083 2082/2082/2082
f 2085/2085/2085 2084/2084/2084 2082/2082/2082
f 2086/2086/2086 2084/2084/2084 2085/2085/2085
f 2087/2087/2087 2086/2086/2086 2085/2085/2085
f 2079/2079/2079 2081/2081/2081 2088/2088/2088
f 2081/2081/2081 2089/2089/2089 2088/2088/2088
f 2089/2089/2089 2090/2090/2090 2088/2088/2088
f 2090/2090/2090 2091/2091/2091 2088/2088/2088
f 2090/2090/2090 2092/2092/2092 2091/2091/2091
f 2092/2092/2092 2093/2093/2093 2091/2091/2091
f 2094/2094/2094 2086/2086/2086 2087/2087/2087
f 2095/2095/2095 2094/2094/2094 2087/2087/2087
f 2092/2092/2092 2096/2096/2096 2093/2093/2093
f 2096/2096/2096 2097/2097/2097 2093/2093/2093
f 2095/2095/2095 2098/2098/2098 2094/2094/2094
f 2098/2098/2098 2099/2099/2099 2094/2094/2094
f 2100/2100/2100 2099/2099/2099 2098/2098/2098
f 2101/2101/2101 2100/2100/2100 2098/2098/2098
f 2102/2102/2102 2100/2100/2100 2101/2101/2101
f 2103/2103/2103 2102/2102/2102 2101/2101/2101
f 2104/2104/2104 2097/2097/2097 2096/2096/2096
f 2105/2105/2105 2104/2104/2104 2096/2096/2096
f 2105/2105/2105 2106/2106/2106 2104/2104/2104
f 2106/2106/2106 2107/2107/2107 2104/2104/2104
f 2106/2106/2106 2108/2108/2108 2107/2107/2107
f 2108/2108/2108 2109/2109/2109 2107/2107/2107
f 2110/2110/2110 2102/2102/2102 2103/2103/2103
f 2108/2108/2108 2110/2110/2110 2109/2109/2109
f 2111/2111/2111 2110/2110/2110 2103/2103/2103
f 2110/2110/2110 2111/2111/2111 2109/2109/2109
f 2114/2114/2114 2113/2113/2113 2112/2112/2112
f 2114/2114/2114 2115/2115/2115 2113/2113/2113
f 2113/2113/2113 2116/2116/2116 2112/2112/2112
f 2112/2112/2112 2116/2116/2116 2117/2117/2117
f 2115/2115/2115 2118/2118/2118 2113/2113/2113
f 2118/2118/2118 2115/2115/2115 2119/2119/2119
f 2120/2120/2120 2118/2118/2118 2119/2119/2119
f 2120/2120/2120 2119/2119/2119 2121/2121/2121
f 2122/2122/2122 2120/2120/2120 2121/2121/2121
f 2121/2121/2121 2123/2123/2123 2122/2122/2122
f 2120/2120/2120 2124/2124/2124 2118/2118/2118
f 2124/2124/2124 2120/2120/2120 2122/2122/2122
f 2116/2116/2116 2125/2125/2125 2117/2117/2117
f 2126/2126/2126 2116/2116/2116 2113/2113/2113
f 2116/2116/2116 2126/2126/2126 2125/2125/2125
f 2113/2113/2113 2118/2118/2118 2127/2127/2127
f 2127/2127/2127 2126/2126/2126 2113/2113/2113
f 2124/2124/2124 2128/2128/2128 2118/2118/2118
f 2118/2118/2118 2128/2128/2128 2127/2127/2127
f 2125/2125/2125 2129/2129/2129 2117/2117/2117
f 2129/2129/2129 2130/2130/2130 2117/2117/2117
f 2129/2129/2129 2131/2131/2131 2130/2130/2130
f 2131/2131/2131 2132/2132/2132 2130/2130/2130
f 2132/2132/2132 2131/2131/2131 2123/2123/2123
f 2131/2131/2131 2133/2133/2133 2123/2123/2123
f 2123/2123/2123 2133/2133/2133 2122/2122/2122
f 2134/2134/2134 2131/2131/2131 2129/2129/2129
f 2131/2131/2131 2134/2134/2134 2133/2133/2133
f 2135/2135/2135 2129/2129/2129 2125/2125/2125
f 2135/2135/2135 2134/2134/2134 2129/2129/2129
f 2126/2126/2126 2136/2136/2136 2125/2125/2125
f 2136/2136/2136 2135/2135/2135 2125/2125/2125
f 2137/2137/2137 2126/2126/2126 2127/2127/2127
f 2126/2126/2126 2137/2137/2137 2136/2136/2136
f 2133/2133/2133 2138/2138/2138 2122/2122/2122
f 2134/2134/2134 2138/2138/2138 2133/2133/2133
f 2139/2139/2139 2134/2134/2134 2135/2135/2135
f 2134/2134/2134 2139/2139/2139 2138/2138/2138
f 2140/2140/2140 2135/2135/2135 2136/2136/2136
f 2140/2140/2140 2139/2139/2139 2135/2135/2135
f 2138/2138/2138 2141/2141/2141 2122/2122/2122
f 2141/2141/2141 2124/2124/2124 2122/2122/2122
f 2139/2139/2139 2142/2142/2142 2138/2138/2138
f 2138/2138/2138 2142/2142/2142 2141/2141/2141
f 2143/2143/2143 2124/2124/2124 2141/2141/2141
f 2124/2124/2124 2143/2143/2143 2128/2128/2128
f 2127/2127/2127 2128/2128/2128 2144/2144/2144
f 2144/2144/2144 2137/2137/2137 2127/2127/2127
f 2137/2137/2137 2145/2145/2145 2136/2136/2136
f 2145/2145/2145 2140/2140/2140 2136/2136/2136
f 2146/2146/2146 2139/2139/2139 2140/2140/2140
f 2139/2139/2139 2146/2146/2146 2142/2142/2142
f 2142/2142/2142 2147/2147/2147 2141/2141/2141
f 2147/2147/2147 2143/2143/2143 2141/2141/2141
f 2143/2143/2143 2148/2148/2148 2128/2128/2128
f 2128/2128/2128 2148/2148/2148 2144/2144/2144
f 2149/2149/2149 2137/2137/2137 2144/2144/2144
f 2137/2137/2137 2149/2149/2149 2145/2145/2145
f 2150/2150/2150 2140/2140/2140 2145/2145/2145
f 2150/2150/2150 2146/2146/2146 2140/2140/2140
f 2151/2151/2151 2146/2146/2146 2150/2150/2150
f 2146/2146/2146 2152/2152/2152 2142/2142/2142
f 2142/2142/2142 2152/2152/2152 2147/2147/2147
f 2146/2146/2146 2151/2151/2151 2152/2152/2152
f 2153/2153/2153 2143/2143/2143 2147/2147/2147
f 2143/2143/2143 2153/2153/2153 2148/2148/2148
f 2144/2144/2144 2148/2148/2148 2154/2154/2154
f 2154/2154/2154 2149/2149/2149 2144/2144/2144
f 2155/2155/2155 2150/2150/2150 2145/2145/2145
f 2149/2149/2149 2155/2155/2155 2145/2145/2145
f 2152/2152/2152 2156/2156/2156 2147/2147/2147
f 2156/2156/2156 2153/2153/2153 2147/2147/2147
f 2148/2148/2148 2157/2157/2157 2154/2154/2154
f 2153/2153/2153 2157/2157/2157 2148/2148/2148
f 2158/2158/2158 2149/2149/2149 2154/2154/2154
f 2154/2154/2154 2157/2157/2157 2158/2158/2158
f 2153/2153/2153 2159/2159/2159 2157/2157/2157
f 2157/2157/2157 2159/2159/2159 2158/2158/2158
f 2158/2158/2158 2160/2160/2160 2149/2149/2149
f 2155/2155/2155 2149/2149/2149 2160/2160/2160
f 2161/2161/2161 2150/2150/2150 2155/2155/2155
f 2161/2161/2161 2151/2151/2151 2150/2150/2150
f 2155/2155/2155 2162/2162/2162 2161/2161/2161
f 2162/2162/2162 2155/2155/2155 2160/2160/2160
f 2160/2160/2160 2158/2158/2158 2163/2163/2163
f 2158/2158/2158 2159/2159/2159 2163/2163/2163
f 2153/2153/2153 2156/2156/2156 2164/2164/2164
f 2164/2164/2164 2159/2159/2159 2153/2153/2153
f 2161/2161/2161 2165/2165/2165 2151/2151/2151
f 2162/2162/2162 2165/2165/2165 2161/2161/2161
f 2162/2162/2162 2160/2160/2160 2166/2166/2166
f 2166/2166/2166 2160/2160/2160 2163/2163/2163
f 2156/2156/2156 2167/2167/2167 2164/2164/2164
f 2164/2164/2164 2168/2168/2168 2159/2159/2159
f 2164/2164/2164 2167/2167/2167 2168/2168/2168
f 2159/2159/2159 2169/2169/2169 2163/2163/2163
f 2159/2159/2159 2168/2168/2168 2169/2169/2169
f 2167/2167/2167 2156/2156/2156 2170/2170/2170
f 2152/2152/2152 2170/2170/2170 2156/2156/2156
f 2151/2151/2151 2170/2170/2170 2152/2152/2152
f 2167/2167/2167 2171/2171/2171 2168/2168/2168
f 2167/2167/2167 2170/2170/2170 2171/2171/2171
f 2172/2172/2172 2170/2170/2170 2151/2151/2151
f 2172/2172/2172 2171/2171/2171 2170/2170/2170
f 2165/2165/2165 2173/2173/2173 2151/2151/2151
f 2173/2173/2173 2172/2172/2172 2151/2151/2151
f 2174/2174/2174 2173/2173/2173 2165/2165/2165
f 2173/2173/2173 2174/2174/2174 2172/2172/2172
f 2175/2175/2175 2166/2166/2166 2163/2163/2163
f 2163/2163/2163 2169/2169/2169 2175/2175/2175
f 2168/2168/2168 2176/2176/2176 2169/2169/2169
f 2168/2168/2168 2171/2171/2171 2176/2176/2176
f 2172/2172/2172 2177/2177/2177 2171/2171/2171
f 2174/2174/2174 2177/2177/2177 2172/2172/2172
f 2178/2178/2178 2174/2174/2174 2165/2165/2165
f 2178/2178/2178 2165/2165/2165 2162/2162/2162
f 2179/2179/2179 2162/2162/2162 2166/2166/2166
f 2179/2179/2179 2178/2178/2178 2162/2162/2162
f 2180/2180/2180 2174/2174/2174 2178/2178/2178
f 2174/2174/2174 2180/2180/2180 2177/2177/2177
f 2177/2177/2177 2181/2181/2181 2171/2171/2171
f 2171/2171/2171 2181/2181/2181 2176/2176/2176
f 2176/2176/2176 2182/2182/2182 2169/2169/2169
f 2169/2169/2169 2182/2182/2182 2175/2175/2175
f 2183/2183/2183 2166/2166/2166 2175/2175/2175
f 2179/2179/2179 2166/2166/2166 2183/2183/2183
f 2184/2184/2184 2178/2178/2178 2179/2179/2179
f 2184/2184/2184 2180/2180/2180 2178/2178/2178
f 2185/2185/2185 2180/2180/2180 2184/2184/2184
f 2180/2180/2180 2186/2186/2186 2177/2177/2177
f 2177/2177/2177 2186/2186/2186 2181/2181/2181
f 2180/2180/2180 2185/2185/2185 2186/2186/2186
f 2176/2176/2176 2181/2181/2181 2187/2187/2187
f 2176/2176/2176 2187/2187/2187 2182/2182/2182
f 2175/2175/2175 2182/2182/2182 2188/2188/2188
f 2188/2188/2188 2183/2183/2183 2175/2175/2175
f 2189/2189/2189 2179/2179/2179 2183/2183/2183
f 2189/2189/2189 2184/2184/2184 2179/2179/2179
f 2186/2186/2186 2190/2190/2190 2181/2181/2181
f 2181/2181/2181 2190/2190/2190 2187/2187/2187
f 2187/2187/2187 2191/2191/2191 2182/2182/2182
f 2182/2182/2182 2191/2191/2191 2188/2188/2188
f 2192/2192/2192 2183/2183/2183 2188/2188/2188
f 2189/2189/2189 2183/2183/2183 2192/2192/2192
f 2193/2193/2193 2184/2184/2184 2189/2189/2189
f 2193/2193/2193 2185/2185/2185 2184/2184/2184
f 2185/2185/2185 2194/2194/2194 2186/2186/2186
f 2186/2186/2186 2194/2194/2194 2190/2190/2190
f 2187/2187/2187 2190/2190/2190 2195/2195/2195
f 2187/2187/2187 2195/2195/2195 2191/2191/2191
f 2188/2188/2188 2191/2191/2191 2196/2196/2196
f 2196/2196/2196 2192/2192/2192 2188/2188/2188
f 2197/2197/2197 2189/2189/2189 2192/2192/2192
f 2197/2197/2197 2193/2193/2193 2189/2189/2189
f 2197/2197/2197 2192/2192/2192 2198/2198/2198
f 2198/2198/2198 2192/2192/2192 2196/2196/2196
f 2191/2191/2191 2199/2199/2199 2196/2196/2196
f 2195/2195/2195 2199/2199/2199 2191/2191/2191
f 2190/2190/2190 2200/2200/2200 2195/2195/2195
f 2194/2194/2194 2200/2200/2200 2190/2190/2190
f 2201/2201/2201 2193/2193/2193 2197/2197/2197
f 2201/2201/2201 2197/2197/2197 2198/2198/2198
f 2196/2196/2196 2202/2202/2202 2198/2198/2198
f 2202/2202/2202 2196/2196/2196 2199/2199/2199
f 2195/2195/2195 2203/2203/2203 2199/2199/2199
f 2195/2195/2195 2200/2200/2200 2203/2203/2203
f 2194/2194/2194 2204/2204/2204 2200/2200/2200
f 2200/2200/2200 2204/2204/2204 2203/2203/2203
f 2205/2205/2205 2199/2199/2199 2203/2203/2203
f 2205/2205/2205 2202/2202/2202 2199/2199/2199
f 2201/2201/2201 2206/2206/2206 2193/2193/2193
f 2193/2193/2193 2206/2206/2206 2185/2185/2185
f 2201/2201/2201 2198/2198/2198 2207/2207/2207
f 2202/2202/2202 2207/2207/2207 2198/2198/2198
f 2208/2208/2208 2194/2194/2194 2185/2185/2185
f 2208/2208/2208 2204/2204/2204 2194/2194/2194
f 2203/2203/2203 2204/2204/2204 2209/2209/2209
f 2209/2209/2209 2205/2205/2205 2203/2203/2203
f 2210/2210/2210 2201/2201/2201 2207/2207/2207
f 2206/2206/2206 2201/2201/2201 2210/2210/2210
f 2211/2211/2211 2207/2207/2207 2202/2202/2202
f 2210/2210/2210 2207/2207/2207 2211/2211/2211
f 2212/2212/2212 2211/2211/2211 2202/2202/2202
f 2202/2202/2202 2205/2205/2205 2212/2212/2212
f 2213/2213/2213 2210/2210/2210 2211/2211/2211
f 2205/2205/2205 2214/2214/2214 2212/2212/2212
f 2213/2213/2213 2215/2215/2215 2210/2210/2210
f 2215/2215/2215 2206/2206/2206 2210/2210/2210
f 2216/2216/2216 2214/2214/2214 2205/2205/2205
f 2209/2209/2209 2216/2216/2216 2205/2205/2205
f 2215/2215/2215 2217/2217/2217 2206/2206/2206
f 2204/2204/2204 2218/2218/2218 2209/2209/2209
f 2209/2209/2209 2218/2218/2218 2216/2216/2216
f 2218/2218/2218 2219/2219/2219 2216/2216/2216
f 2220/2220/2220 2219/2219/2219 2218/2218/2218
f 2204/2204/2204 2208/2208/2208 2218/2218/2218
f 2208/2208/2208 2220/2220/2220 2218/2218/2218
f 2217/2217/2217 2220/2220/2220 2208/2208/2208
f 2217/2217/2217 2221/2221/2221 2206/2206/2206
f 2221/2221/2221 2217/2217/2217 2208/2208/2208
f 2206/2206/2206 2221/2221/2221 2185/2185/2185
f 2221/2221/2221 2208/2208/2208 2185/2185/2185
f 2224/2224/2224 2223/2223/2223 2222/2222/2222
f 2222/2222/2222 2223/2223/2223 2225/2225/2225
f 2224/2224/2224 2222/2222/2222 2226/2226/2226
f 2227/2227/2227 2224/2224/2224 2226/2226/2226
f 2228/2228/2228 2227/2227/2227 2226/2226/2226
f 2229/2229/2229 2227/2227/2227 2228/2228/2228
f 2230/2230/2230 2229/2229/2229 2228/2228/2228
f 2230/2230/2230 2231/2231/2231 2229/2229/2229
f 2232/2232/2232 2226/2226/2226 2222/2222/2222
f 2231/2231/2231 2230/2230/2230 2233/2233/2233
f 2234/2234/2234 2231/2231/2231 2233/2233/2233
f 2235/2235/2235 2232/2232/2232 2222/2222/2222
f 2236/2236/2236 2234/2234/2234 2233/2233/2233
f 2236/2236/2236 2233/2233/2233 2237/2237/2237
f 2234/2234/2234 2236/2236/2236 2238/2238/2238
f 2236/2236/2236 2237/2237/2237 2239/2239/2239
f 2238/2238/2238 2236/2236/2236 2239/2239/2239
f 2240/2240/2240 2238/2238/2238 2239/2239/2239
f 2239/2239/2239 2237/2237/2237 2241/2241/2241
f 2240/2240/2240 2239/2239/2239 2242/2242/2242
f 2242/2242/2242 2239/2239/2239 2241/2241/2241
f 2243/2243/2243 2242/2242/2242 2241/2241/2241
f 2244/2244/2244 2240/2240/2240 2242/2242/2242
f 2242/2242/2242 2245/2245/2245 2244/2244/2244
f 2243/2243/2243 2245/2245/2245 2242/2242/2242
f 2243/2243/2243 2241/2241/2241 2246/2246/2246
f 2246/2246/2246 2235/2235/2235 2243/2243/2243
f 2247/2247/2247 2245/2245/2245 2243/2243/2243
f 2247/2247/2247 2243/2243/2243 2225/2225/2225
f 2235/2235/2235 2248/2248/2248 2243/2243/2243
f 2243/2243/2243 2248/2248/2248 2225/2225/2225
f 2248/2248/2248 2235/2235/2235 2222/2222/2222
f 2248/2248/2248 2222/2222/2222 2225/2225/2225
f 2251/2251/2251 2250/2250/2250 2249/2249/2249
f 2250/2250/2250 2251/2251/2251 2252/2252/2252
f 2253/2253/2253 2251/2251/2251 2249/2249/2249
f 2253/2253/2253 2249/2249/2249 2254/2254/2254
f 2251/2251/2251 2255/2255/2255 2252/2252/2252
f 2252/2252/2252 2255/2255/2255 2256/2256/2256
f 2257/2257/2257 2253/2253/2253 2254/2254/2254
f 2257/2257/2257 2254/2254/2254 2258/2258/2258
f 2259/2259/2259 2251/2251/2251 2253/2253/2253
f 2255/2255/2255 2251/2251/2251 2259/2259/2259
f 2253/2253/2253 2257/2257/2257 2259/2259/2259
f 2259/2259/2259 2260/2260/2260 2255/2255/2255
f 2255/2255/2255 2260/2260/2260 2256/2256/2256
f 2257/2257/2257 2261/2261/2261 2259/2259/2259
f 2261/2261/2261 2257/2257/2257 2258/2258/2258
f 2256/2256/2256 2260/2260/2260 2262/2262/2262
f 2261/2261/2261 2258/2258/2258 2263/2263/2263
f 2260/2260/2260 2264/2264/2264 2262/2262/2262
f 2259/2259/2259 2264/2264/2264 2260/2260/2260
f 2262/2262/2262 2264/2264/2264 2265/2265/2265
f 2266/2266/2266 2261/2261/2261 2263/2263/2263
f 2261/2261/2261 2266/2266/2266 2259/2259/2259
f 2266/2266/2266 2263/2263/2263 2267/2267/2267
f 2264/2264/2264 2268/2268/2268 2265/2265/2265
f 2259/2259/2259 2268/2268/2268 2264/2264/2264
f 2265/2265/2265 2268/2268/2268 2269/2269/2269
f 2270/2270/2270 2266/2266/2266 2267/2267/2267
f 2266/2266/2266 2270/2270/2270 2259/2259/2259
f 2270/2270/2270 2267/2267/2267 2271/2271/2271
f 2259/2259/2259 2270/2270/2270 2271/2271/2271
f 2269/2269/2269 2272/2272/2272 2271/2271/2271
f 2268/2268/2268 2272/2272/2272 2269/2269/2269
f 2272/2272/2272 2259/2259/2259 2271/2271/2271
f 2259/2259/2259 2272/2272/2272 2268/2268/2268
f 2275/2275/2275 2274/2274/2274 2273/2273/2273
f 2276/2276/2276 2275/2275/2275 2273/2273/2273
f 2274/2274/2274 2277/2277/2277 2273/2273/2273
f 2274/2274/2274 2278/2278/2278 2277/2277/2277
f 2279/2279/2279 2276/2276/2276 2273/2273/2273
f 2280/2280/2280 2276/2276/2276 2279/2279/2279
f 2278/2278/2278 2281/2281/2281 2277/2277/2277
f 2278/2278/2278 2282/2282/2282 2281/2281/2281
f 2273/2273/2273 2277/2277/2277 2283/2283/2283
f 2279/2279/2279 2273/2273/2273 2283/2283/2283
f 2284/2284/2284 2280/2280/2280 2279/2279/2279
f 2285/2285/2285 2280/2280/2280 2284/2284/2284
f 2282/2282/2282 2286/2286/2286 2281/2281/2281
f 2286/2286/2286 2282/2282/2282 2287/2287/2287
f 2277/2277/2277 2281/2281/2281 2288/2288/2288
f 2277/2277/2277 2288/2288/2288 2283/2283/2283
f 2289/2289/2289 2279/2279/2279 2283/2283/2283
f 2284/2284/2284 2279/2279/2279 2289/2289/2289
f 2290/2290/2290 2285/2285/2285 2284/2284/2284
f 2285/2285/2285 2290/2290/2290 2291/2291/2291
f 2292/2292/2292 2286/2286/2286 2287/2287/2287
f 2287/2287/2287 2293/2293/2293 2292/2292/2292
f 2281/2281/2281 2286/2286/2286 2294/2294/2294
f 2281/2281/2281 2294/2294/2294 2288/2288/2288
f 2283/2283/2283 2288/2288/2288 2295/2295/2295
f 2289/2289/2289 2283/2283/2283 2295/2295/2295
f 2296/2296/2296 2284/2284/2284 2289/2289/2289
f 2290/2290/2290 2284/2284/2284 2296/2296/2296
f 2290/2290/2290 2297/2297/2297 2291/2291/2291
f 2298/2298/2298 2291/2291/2291 2297/2297/2297
f 2293/2293/2293 2299/2299/2299 2292/2292/2292
f 2293/2293/2293 2300/2300/2300 2299/2299/2299
f 2288/2288/2288 2294/2294/2294 2301/2301/2301
f 2288/2288/2288 2301/2301/2301 2295/2295/2295
f 2302/2302/2302 2289/2289/2289 2295/2295/2295
f 2296/2296/2296 2289/2289/2289 2302/2302/2302
f 2303/2303/2303 2290/2290/2290 2296/2296/2296
f 2290/2290/2290 2303/2303/2303 2297/2297/2297
f 2304/2304/2304 2298/2298/2298 2297/2297/2297
f 2305/2305/2305 2298/2298/2298 2304/2304/2304
f 2300/2300/2300 2306/2306/2306 2299/2299/2299
f 2300/2300/2300 2307/2307/2307 2306/2306/2306
f 2295/2295/2295 2301/2301/2301 2308/2308/2308
f 2302/2302/2302 2295/2295/2295 2308/2308/2308
f 2309/2309/2309 2296/2296/2296 2302/2302/2302
f 2303/2303/2303 2296/2296/2296 2309/2309/2309
f 2303/2303/2303 2310/2310/2310 2297/2297/2297
f 2304/2304/2304 2297/2297/2297 2310/2310/2310
f 2311/2311/2311 2305/2305/2305 2304/2304/2304
f 2312/2312/2312 2305/2305/2305 2311/2311/2311
f 2307/2307/2307 2313/2313/2313 2306/2306/2306
f 2307/2307/2307 2314/2314/2314 2313/2313/2313
f 2315/2315/2315 2302/2302/2302 2308/2308/2308
f 2309/2309/2309 2302/2302/2302 2315/2315/2315
f 2315/2315/2315 2308/2308/2308 2316/2316/2316
f 2317/2317/2317 2303/2303/2303 2309/2309/2309
f 2303/2303/2303 2317/2317/2317 2310/2310/2310
f 2318/2318/2318 2304/2304/2304 2310/2310/2310
f 2311/2311/2311 2304/2304/2304 2318/2318/2318
f 2319/2319/2319 2312/2312/2312 2311/2311/2311
f 2320/2320/2320 2312/2312/2312 2319/2319/2319
f 2321/2321/2321 2309/2309/2309 2315/2315/2315
f 2317/2317/2317 2309/2309/2309 2321/2321/2321
f 2317/2317/2317 2322/2322/2322 2310/2310/2310
f 2318/2318/2318 2310/2310/2310 2322/2322/2322
f 2323/2323/2323 2311/2311/2311 2318/2318/2318
f 2319/2319/2319 2311/2311/2311 2323/2323/2323
f 2324/2324/2324 2320/2320/2320 2319/2319/2319
f 2325/2325/2325 2320/2320/2320 2324/2324/2324
f 2321/2321/2321 2315/2315/2315 2326/2326/2326
f 2326/2326/2326 2315/2315/2315 2316/2316/2316
f 2327/2327/2327 2317/2317/2317 2321/2321/2321
f 2317/2317/2317 2327/2327/2327 2322/2322/2322
f 2328/2328/2328 2318/2318/2318 2322/2322/2322
f 2323/2323/2323 2318/2318/2318 2328/2328/2328
f 2329/2329/2329 2319/2319/2319 2323/2323/2323
f 2324/2324/2324 2319/2319/2319 2329/2329/2329
f 2329/2329/2329 2323/2323/2323 2330/2330/2330
f 2330/2330/2330 2323/2323/2323 2328/2328/2328
f 2329/2329/2329 2330/2330/2330 2331/2331/2331
f 2331/2331/2331 2324/2324/2324 2329/2329/2329
f 2330/2330/2330 2328/2328/2328 2332/2332/2332
f 2328/2328/2328 2322/2322/2322 2333/2333/2333
f 2327/2327/2327 2333/2333/2333 2322/2322/2322
f 2327/2327/2327 2321/2321/2321 2334/2334/2334
f 2334/2334/2334 2321/2321/2321 2326/2326/2326
f 2331/2331/2331 2335/2335/2335 2324/2324/2324
f 2336/2336/2336 2335/2335/2335 2331/2331/2331
f 2328/2328/2328 2337/2337/2337 2332/2332/2332
f 2337/2337/2337 2328/2328/2328 2333/2333/2333
f 2332/2332/2332 2337/2337/2337 2338/2338/2338
f 2337/2337/2337 2333/2333/2333 2338/2338/2338
f 2339/2339/2339 2332/2332/2332 2338/2338/2338
f 2340/2340/2340 2339/2339/2339 2338/2338/2338
f 2327/2327/2327 2341/2341/2341 2333/2333/2333
f 2341/2341/2341 2338/2338/2338 2333/2333/2333
f 2341/2341/2341 2340/2340/2340 2338/2338/2338
f 2341/2341/2341 2327/2327/2327 2334/2334/2334
f 2340/2340/2340 2341/2341/2341 2334/2334/2334
f 2342/2342/2342 2340/2340/2340 2334/2334/2334
f 2342/2342/2342 2334/2334/2334 2326/2326/2326
f 2343/2343/2343 2342/2342/2342 2326/2326/2326
f 2343/2343/2343 2326/2326/2326 2316/2316/2316
f 2344/2344/2344 2343/2343/2343 2316/2316/2316
f 2345/2345/2345 2344/2344/2344 2316/2316/2316
f 2346/2346/2346 2345/2345/2345 2316/2316/2316
f 2347/2347/2347 2345/2345/2345 2346/2346/2346
f 2348/2348/2348 2346/2346/2346 2316/2316/2316
f 2308/2308/2308 2348/2348/2348 2316/2316/2316
f 2301/2301/2301 2348/2348/2348 2308/2308/2308
f 2349/2349/2349 2347/2347/2347 2346/2346/2346
f 2350/2350/2350 2347/2347/2347 2349/2349/2349
f 2301/2301/2301 2351/2351/2351 2348/2348/2348
f 2294/2294/2294 2351/2351/2351 2301/2301/2301
f 2348/2348/2348 2352/2352/2352 2346/2346/2346
f 2352/2352/2352 2349/2349/2349 2346/2346/2346
f 2351/2351/2351 2352/2352/2352 2348/2348/2348
f 2294/2294/2294 2353/2353/2353 2351/2351/2351
f 2286/2286/2286 2353/2353/2353 2294/2294/2294
f 2353/2353/2353 2286/2286/2286 2292/2292/2292
f 2351/2351/2351 2354/2354/2354 2352/2352/2352
f 2353/2353/2353 2354/2354/2354 2351/2351/2351
f 2355/2355/2355 2353/2353/2353 2292/2292/2292
f 2354/2354/2354 2353/2353/2353 2355/2355/2355
f 2292/2292/2292 2299/2299/2299 2355/2355/2355
f 2352/2352/2352 2356/2356/2356 2349/2349/2349
f 2354/2354/2354 2356/2356/2356 2352/2352/2352
f 2357/2357/2357 2350/2350/2350 2349/2349/2349
f 2356/2356/2356 2357/2357/2357 2349/2349/2349
f 2299/2299/2299 2358/2358/2358 2355/2355/2355
f 2299/2299/2299 2306/2306/2306 2358/2358/2358
f 2359/2359/2359 2354/2354/2354 2355/2355/2355
f 2356/2356/2356 2354/2354/2354 2359/2359/2359
f 2355/2355/2355 2358/2358/2358 2359/2359/2359
f 2350/2350/2350 2357/2357/2357 2360/2360/2360
f 2361/2361/2361 2350/2350/2350 2360/2360/2360
f 2362/2362/2362 2361/2361/2361 2360/2360/2360
f 2357/2357/2357 2356/2356/2356 2363/2363/2363
f 2363/2363/2363 2356/2356/2356 2359/2359/2359
f 2360/2360/2360 2357/2357/2357 2363/2363/2363
f 2306/2306/2306 2364/2364/2364 2358/2358/2358
f 2306/2306/2306 2313/2313/2313 2364/2364/2364
f 2358/2358/2358 2365/2365/2365 2359/2359/2359
f 2359/2359/2359 2365/2365/2365 2363/2363/2363
f 2358/2358/2358 2364/2364/2364 2365/2365/2365
f 2363/2363/2363 2366/2366/2366 2360/2360/2360
f 2366/2366/2366 2362/2362/2362 2360/2360/2360
f 2365/2365/2365 2366/2366/2366 2363/2363/2363
f 2366/2366/2366 2365/2365/2365 2362/2362/2362
f 2365/2365/2365 2367/2367/2367 2362/2362/2362
f 2364/2364/2364 2367/2367/2367 2365/2365/2365
f 2364/2364/2364 2368/2368/2368 2367/2367/2367
f 2313/2313/2313 2368/2368/2368 2364/2364/2364
f 2367/2367/2367 2368/2368/2368 2369/2369/2369
f 2313/2313/2313 2370/2370/2370 2368/2368/2368
f 2370/2370/2370 2369/2369/2369 2368/2368/2368
f 2314/2314/2314 2370/2370/2370 2313/2313/2313
f 2314/2314/2314 2371/2371/2371 2370/2370/2370
f 2372/2372/2372 2369/2369/2369 2370/2370/2370
f 2372/2372/2372 2373/2373/2373 2369/2369/2369
f 2371/2371/2371 2374/2374/2374 2370/2370/2370
f 2374/2374/2374 2372/2372/2372 2370/2370/2370
f 2374/2374/2374 2371/2371/2371 2375/2375/2375
f 2376/2376/2376 2374/2374/2374 2375/2375/2375
f 2372/2372/2372 2374/2374/2374 2376/2376/2376
f 2375/2375/2375 2377/2377/2377 2376/2376/2376
f 2373/2373/2373 2372/2372/2372 2378/2378/2378
f 2378/2378/2378 2372/2372/2372 2376/2376/2376
f 2376/2376/2376 2377/2377/2377 2378/2378/2378
f 2379/2379/2379 2373/2373/2373 2378/2378/2378
f 2377/2377/2377 2380/2380/2380 2378/2378/2378
f 2378/2378/2378 2380/2380/2380 2379/2379/2379
f 2336/2336/2336 2382/2382/2382 2381/2381/2381
f 2383/2383/2383 2381/2381/2381 2382/2382/2382
f 2383/2383/2383 2384/2384/2384 2381/2381/2381
f 2335/2335/2335 2336/2336/2336 2381/2381/2381
f 2384/2384/2384 2385/2385/2385 2381/2381/2381
f 2335/2335/2335 2381/2381/2381 2385/2385/2385
f 2384/2384/2384 2386/2386/2386 2385/2385/2385
f 2387/2387/2387 2335/2335/2335 2385/2385/2385
f 2387/2387/2387 2385/2385/2385 2386/2386/2386
f 2335/2335/2335 2387/2387/2387 2324/2324/2324
f 2325/2325/2325 2387/2387/2387 2386/2386/2386
f 2387/2387/2387 2325/2325/2325 2324/2324/2324
f 2390/2390/2390 2389/2389/2389 2388/2388/2388
f 2389/2389/2389 2390/2390/2390 2391/2391/2391
f 2392/2392/2392 2390/2390/2390 2388/2388/2388
f 2392/2392/2392 2388/2388/2388 2393/2393/2393
f 2390/2390/2390 2394/2394/2394 2391/2391/2391
f 2391/2391/2391 2394/2394/2394 2395/2395/2395
f 2396/2396/2396 2392/2392/2392 2393/2393/2393
f 2396/2396/2396 2393/2393/2393 2397/2397/2397
f 2398/2398/2398 2390/2390/2390 2392/2392/2392
f 2394/2394/2394 2390/2390/2390 2398/2398/2398
f 2392/2392/2392 2396/2396/2396 2398/2398/2398
f 2398/2398/2398 2399/2399/2399 2394/2394/2394
f 2394/2394/2394 2399/2399/2399 2395/2395/2395
f 2396/2396/2396 2400/2400/2400 2398/2398/2398
f 2400/2400/2400 2396/2396/2396 2397/2397/2397
f 2395/2395/2395 2399/2399/2399 2401/2401/2401
f 2400/2400/2400 2397/2397/2397 2402/2402/2402
f 2399/2399/2399 2403/2403/2403 2401/2401/2401
f 2398/2398/2398 2403/2403/2403 2399/2399/2399
f 2401/2401/2401 2403/2403/2403 2404/2404/2404
f 2405/2405/2405 2400/2400/2400 2402/2402/2402
f 2400/2400/2400 2405/2405/2405 2398/2398/2398
f 2405/2405/2405 2402/2402/2402 2406/2406/2406
f 2403/2403/2403 2407/2407/2407 2404/2404/2404
f 2398/2398/2398 2407/2407/2407 2403/2403/2403
f 2404/2404/2404 2407/2407/2407 2408/2408/2408
f 2409/2409/2409 2405/2405/2405 2406/2406/2406
f 2405/2405/2405 2409/2409/2409 2398/2398/2398
f 2409/2409/2409 2406/2406/2406 2410/2410/2410
f 2398/2398/2398 2409/2409/2409 2410/2410/2410
f 2408/2408/2408 2411/2411/2411 2410/2410/2410
f 2407/2407/2407 2411/2411/2411 2408/2408/2408
f 2411/2411/2411 2398/2398/2398 2410/2410/2410
f 2398/2398/2398 2411/2411/2411 2407/2407/2407
f 2414/2414/2414 2413/2413/2413 2412/2412/2412
f 2413/2413/2413 2414/2414/2414 2415/2415/2415
f 2414/2414/2414 2412/2412/2412 2416/2416/2416
f 2415/2415/2415 2414/2414/2414 2417/2417/2417
f 2412/2412/2412 2418/2418/2418 2416/2416/2416
f 2419/2419/2419 2415/2415/2415 2417/2417/2417
f 2416/2416/2416 2418/2418/2418 2420/2420/2420
f 2419/2419/2419 2417/2417/2417 2421/2421/2421
f 2418/2418/2418 2422/2422/2422 2420/2420/2420
f 2423/2423/2423 2419/2419/2419 2421/2421/2421
f 2420/2420/2420 2422/2422/2422 2424/2424/2424
f 2423/2423/2423 2421/2421/2421 2425/2425/2425
f 2422/2422/2422 2426/2426/2426 2424/2424/2424
f 2427/2427/2427 2423/2423/2423 2425/2425/2425
f 2428/2428/2428 2424/2424/2424 2426/2426/2426
f 2425/2425/2425 2429/2429/2429 2427/2427/2427
f 2430/2430/2430 2428/2428/2428 2426/2426/2426
f 2429/2429/2429 2431/2431/2431 2427/2427/2427
f 2432/2432/2432 2428/2428/2428 2430/2430/2430
f 2429/2429/2429 2433/2433/2433 2431/2431/2431
f 2434/2434/2434 2432/2432/2432 2430/2430/2430
f 2433/2433/2433 2435/2435/2435 2431/2431/2431
f 2432/2432/2432 2434/2434/2434 2436/2436/2436
f 2435/2435/2435 2433/2433/2433 2437/2437/2437
f 2434/2434/2434 2438/2438/2438 2436/2436/2436
f 2439/2439/2439 2435/2435/2435 2437/2437/2437
f 2440/2440/2440 2436/2436/2436 2438/2438/2438
f 2437/2437/2437 2441/2441/2441 2439/2439/2439
f 2442/2442/2442 2440/2440/2440 2438/2438/2438
f 2441/2441/2441 2443/2443/2443 2439/2439/2439
f 2444/2444/2444 2440/2440/2440 2442/2442/2442
f 2441/2441/2441 2445/2445/2445 2443/2443/2443
f 2446/2446/2446 2444/2444/2444 2442/2442/2442
f 2445/2445/2445 2447/2447/2447 2443/2443/2443
f 2444/2444/2444 2446/2446/2446 2448/2448/2448
f 2447/2447/2447 2445/2445/2445 2449/2449/2449
f 2446/2446/2446 2450/2450/2450 2448/2448/2448
f 2451/2451/2451 2447/2447/2447 2449/2449/2449
f 2452/2452/2452 2448/2448/2448 2450/2450/2450
f 2449/2449/2449 2453/2453/2453 2451/2451/2451
f 2454/2454/2454 2452/2452/2452 2450/2450/2450
f 2453/2453/2453 2455/2455/2455 2451/2451/2451
f 2452/2452/2452 2454/2454/2454 2456/2456/2456
f 2455/2455/2455 2453/2453/2453 2456/2456/2456
f 2454/2454/2454 2457/2457/2457 2456/2456/2456
f 2457/2457/2457 2455/2455/2455 2456/2456/2456
f 2460/2460/2460 2459/2459/2459 2458/2458/2458
f 2459/2459/2459 2461/2461/2461 2458/2458/2458
f 2462/2462/2462 2460/2460/2460 2458/2458/2458
f 2461/2461/2461 2463/2463/2463 2458/2458/2458
f 2464/2464/2464 2460/2460/2460 2462/2462/2462
f 2461/2461/2461 2465/2465/2465 2463/2463/2463
f 2466/2466/2466 2464/2464/2464 2462/2462/2462
f 2465/2465/2465 2467/2467/2467 2463/2463/2463
f 2468/2468/2468 2464/2464/2464 2466/2466/2466
f 2465/2465/2465 2469/2469/2469 2467/2467/2467
f 2470/2470/2470 2468/2468/2468 2466/2466/2466
f 2469/2469/2469 2471/2471/2471 2467/2467/2467
f 2472/2472/2472 2468/2468/2468 2470/2470/2470
f 2469/2469/2469 2473/2473/2473 2471/2471/2471
f 2474/2474/2474 2472/2472/2472 2470/2470/2470
f 2473/2473/2473 2475/2475/2475 2471/2471/2471
f 2476/2476/2476 2472/2472/2472 2474/2474/2474
f 2473/2473/2473 2477/2477/2477 2475/2475/2475
f 2478/2478/2478 2476/2476/2476 2474/2474/2474
f 2477/2477/2477 2479/2479/2479 2475/2475/2475
f 2480/2480/2480 2476/2476/2476 2478/2478/2478
f 2477/2477/2477 2481/2481/2481 2479/2479/2479
f 2482/2482/2482 2480/2480/2480 2478/2478/2478
f 2481/2481/2481 2483/2483/2483 2479/2479/2479
f 2484/2484/2484 2480/2480/2480 2482/2482/2482
f 2481/2481/2481 2485/2485/2485 2483/2483/2483
f 2486/2486/2486 2484/2484/2484 2482/2482/2482
f 2485/2485/2485 2487/2487/2487 2483/2483/2483
f 2488/2488/2488 2484/2484/2484 2486/2486/2486
f 2485/2485/2485 2489/2489/2489 2487/2487/2487
f 2490/2490/2490 2488/2488/2488 2486/2486/2486
f 2489/2489/2489 2491/2491/2491 2487/2487/2487
f 2492/2492/2492 2488/2488/2488 2490/2490/2490
f 2489/2489/2489 2493/2493/2493 2491/2491/2491
f 2494/2494/2494 2492/2492/2492 2490/2490/2490
f 2493/2493/2493 2495/2495/2495 2491/2491/2491
f 2496/2496/2496 2492/2492/2492 2494/2494/2494
f 2493/2493/2493 2497/2497/2497 2495/2495/2495
f 2498/2498/2498 2496/2496/2496 2494/2494/2494
f 2497/2497/2497 2499/2499/2499 2495/2495/2495
f 2496/2496/2496 2498/2498/2498 2500/2500/2500
f 2499/2499/2499 2497/2497/2497 2501/2501/2501
f 2498/2498/2498 2502/2502/2502 2500/2500/2500
f 2503/2503/2503 2499/2499/2499 2501/2501/2501
f 2504/2504/2504 2500/2500/2500 2502/2502/2502
f 2501/2501/2501 2505/2505/2505 2503/2503/2503
f 2506/2506/2506 2504/2504/2504 2502/2502/2502
f 2505/2505/2505 2507/2507/2507 2503/2503/2503
f 2508/2508/2508 2504/2504/2504 2506/2506/2506
f 2505/2505/2505 2509/2509/2509 2507/2507/2507
f 2510/2510/2510 2508/2508/2508 2506/2506/2506
f 2509/2509/2509 2511/2511/2511 2507/2507/2507
f 2512/2512/2512 2508/2508/2508 2510/2510/2510
f 2509/2509/2509 2512/2512/2512 2511/2511/2511
f 2513/2513/2513 2512/2512/2512 2510/2510/2510
f 2512/2512/2512 2513/2513/2513 2511/2511/2511
f 2516/2516/2516 2515/2515/2515 2514/2514/2514
f 2517/2517/2517 2516/2516/2516 2514/2514/2514
f 2517/2517/2517 2514/2514/2514 2518/2518/2518
f 2516/2516/2516 2519/2519/2519 2515/2515/2515
f 2519/2519/2519 2520/2520/2520 2515/2515/2515
f 2521/2521/2521 2517/2517/2517 2518/2518/2518
f 2521/2521/2521 2518/2518/2518 2522/2522/2522
f 2519/2519/2519 2523/2523/2523 2520/2520/2520
f 2523/2523/2523 2524/2524/2524 2520/2520/2520
f 2525/2525/2525 2521/2521/2521 2522/2522/2522
f 2525/2525/2525 2522/2522/2522 2526/2526/2526
f 2523/2523/2523 2527/2527/2527 2524/2524/2524
f 2527/2527/2527 2528/2528/2528 2524/2524/2524
f 2529/2529/2529 2525/2525/2525 2526/2526/2526
f 2529/2529/2529 2526/2526/2526 2530/2530/2530
f 2527/2527/2527 2531/2531/2531 2528/2528/2528
f 2531/2531/2531 2532/2532/2532 2528/2528/2528
f 2533/2533/2533 2529/2529/2529 2530/2530/2530
f 2533/2533/2533 2530/2530/2530 2534/2534/2534
f 2531/2531/2531 2535/2535/2535 2532/2532/2532
f 2535/2535/2535 2536/2536/2536 2532/2532/2532
f 2537/2537/2537 2533/2533/2533 2534/2534/2534
f 2537/2537/2537 2534/2534/2534 2538/2538/2538
f 2535/2535/2535 2539/2539/2539 2536/2536/2536
f 2539/2539/2539 2540/2540/2540 2536/2536/2536
f 2541/2541/2541 2537/2537/2537 2538/2538/2538
f 2541/2541/2541 2538/2538/2538 2542/2542/2542
f 2539/2539/2539 2543/2543/2543 2540/2540/2540
f 2543/2543/2543 2544/2544/2544 2540/2540/2540
f 2545/2545/2545 2541/2541/2541 2542/2542/2542
f 2545/2545/2545 2542/2542/2542 2546/2546/2546
f 2543/2543/2543 2547/2547/2547 2544/2544/2544
f 2547/2547/2547 2548/2548/2548 2544/2544/2544
f 2549/2549/2549 2545/2545/2545 2546/2546/2546
f 2549/2549/2549 2546/2546/2546 2550/2550/2550
f 2547/2547/2547 2551/2551/2551 2548/2548/2548
f 2551/2551/2551 2552/2552/2552 2548/2548/2548
f 2553/2553/2553 2549/2549/2549 2550/2550/2550
f 2553/2553/2553 2550/2550/2550 2554/2554/2554
f 2551/2551/2551 2555/2555/2555 2552/2552/2552
f 2555/2555/2555 2556/2556/2556 2552/2552/2552
f 2557/2557/2557 2553/2553/2553 2554/2554/2554
f 2557/2557/2557 2554/2554/2554 2558/2558/2558
f 2555/2555/2555 2559/2559/2559 2556/2556/2556
f 2559/2559/2559 2560/2560/2560 2556/2556/2556
f 2561/2561/2561 2557/2557/2557 2558/2558/2558
f 2561/2561/2561 2558/2558/2558 2562/2562/2562
f 2559/2559/2559 2563/2563/2563 2560/2560/2560
f 2563/2563/2563 2564/2564/2564 2560/2560/2560
f 2565/2565/2565 2561/2561/2561 2562/2562/2562
f 2565/2565/2565 2562/2562/2562 2566/2566/2566
f 2563/2563/2563 2567/2567/2567 2564/2564/2564
f 2567/2567/2567 2568/2568/2568 2564/2564/2564
f 2569/2569/2569 2565/2565/2565 2566/2566/2566
f 2569/2569/2569 2566/2566/2566 2570/2570/2570
f 2567/2567/2567 2571/2571/2571 2568/2568/2568
f 2571/2571/2571 2572/2572/2572 2568/2568/2568
f 2573/2573/2573 2569/2569/2569 2570/2570/2570
f 2573/2573/2573 2570/2570/2570 2574/2574/2574
f 2571/2571/2571 2575/2575/2575 2572/2572/2572
f 2575/2575/2575 2576/2576/2576 2572/2572/2572
f 2577/2577/2577 2574/2574/2574 2576/2576/2576
f 2577/2577/2577 2573/2573/2573 2574/2574/2574
f 2575/2575/2575 2577/2577/2577 2576/2576/2576
f 2578/2578/2578 2567/2567/2567 2563/2563/2563
f 2579/2579/2579 2578/2578/2578 2563/2563/2563
f 2578/2578/2578 2580/2580/2580 2567/2567/2567
f 2580/2580/2580 2571/2571/2571 2567/2567/2567
f 2579/2579/2579 2563/2563/2563 2559/2559/2559
f 2580/2580/2580 2581/2581/2581 2571/2571/2571
f 2581/2581/2581 2575/2575/2575 2571/2571/2571
f 2582/2582/2582 2579/2579/2579 2559/2559/2559
f 2581/2581/2581 2583/2583/2583 2575/2575/2575
f 2583/2583/2583 2577/2577/2577 2575/2575/2575
f 2582/2582/2582 2559/2559/2559 2555/2555/2555
f 2583/2583/2583 2584/2584/2584 2577/2577/2577
f 2584/2584/2584 2573/2573/2573 2577/2577/2577
f 2585/2585/2585 2582/2582/2582 2555/2555/2555
f 2584/2584/2584 2586/2586/2586 2573/2573/2573
f 2585/2585/2585 2555/2555/2555 2551/2551/2551
f 2586/2586/2586 2569/2569/2569 2573/2573/2573
f 2587/2587/2587 2585/2585/2585 2551/2551/2551
f 2586/2586/2586 2588/2588/2588 2569/2569/2569
f 2587/2587/2587 2551/2551/2551 2547/2547/2547
f 2588/2588/2588 2565/2565/2565 2569/2569/2569
f 2589/2589/2589 2587/2587/2587 2547/2547/2547
f 2588/2588/2588 2590/2590/2590 2565/2565/2565
f 2589/2589/2589 2547/2547/2547 2543/2543/2543
f 2590/2590/2590 2561/2561/2561 2565/2565/2565
f 2591/2591/2591 2589/2589/2589 2543/2543/2543
f 2590/2590/2590 2592/2592/2592 2561/2561/2561
f 2591/2591/2591 2543/2543/2543 2539/2539/2539
f 2592/2592/2592 2557/2557/2557 2561/2561/2561
f 2593/2593/2593 2591/2591/2591 2539/2539/2539
f 2592/2592/2592 2594/2594/2594 2557/2557/2557
f 2593/2593/2593 2539/2539/2539 2535/2535/2535
f 2594/2594/2594 2553/2553/2553 2557/2557/2557
f 2595/2595/2595 2593/2593/2593 2535/2535/2535
f 2594/2594/2594 2596/2596/2596 2553/2553/2553
f 2595/2595/2595 2535/2535/2535 2531/2531/2531
f 2596/2596/2596 2549/2549/2549 2553/2553/2553
f 2597/2597/2597 2595/2595/2595 2531/2531/2531
f 2596/2596/2596 2598/2598/2598 2549/2549/2549
f 2597/2597/2597 2531/2531/2531 2527/2527/2527
f 2598/2598/2598 2545/2545/2545 2549/2549/2549
f 2599/2599/2599 2597/2597/2597 2527/2527/2527
f 2598/2598/2598 2600/2600/2600 2545/2545/2545
f 2599/2599/2599 2527/2527/2527 2523/2523/2523
f 2600/2600/2600 2541/2541/2541 2545/2545/2545
f 2601/2601/2601 2599/2599/2599 2523/2523/2523
f 2600/2600/2600 2602/2602/2602 2541/2541/2541
f 2601/2601/2601 2523/2523/2523 2519/2519/2519
f 2602/2602/2602 2537/2537/2537 2541/2541/2541
f 2603/2603/2603 2601/2601/2601 2519/2519/2519
f 2602/2602/2602 2604/2604/2604 2537/2537/2537
f 2603/2603/2603 2519/2519/2519 2516/2516/2516
f 2604/2604/2604 2533/2533/2533 2537/2537/2537
f 2605/2605/2605 2603/2603/2603 2516/2516/2516
f 2604/2604/2604 2606/2606/2606 2533/2533/2533
f 2605/2605/2605 2516/2516/2516 2517/2517/2517
f 2606/2606/2606 2529/2529/2529 2533/2533/2533
f 2607/2607/2607 2605/2605/2605 2517/2517/2517
f 2606/2606/2606 2608/2608/2608 2529/2529/2529
f 2607/2607/2607 2517/2517/2517 2521/2521/2521
f 2608/2608/2608 2525/2525/2525 2529/2529/2529
f 2609/2609/2609 2607/2607/2607 2521/2521/2521
f 2609/2609/2609 2521/2521/2521 2525/2525/2525
f 2608/2608/2608 2609/2609/2609 2525/2525/2525
f 2612/2612/2612 2611/2611/2611 2610/2610/2610
f 2611/2611/2611 2613/2613/2613 2610/2610/2610
f 2611/2611/2611 2614/2614/2614 2613/2613/2613
f 2612/2612/2612 2610/2610/2610 2615/2615/2615
f 2616/2616/2616 2612/2612/2612 2615/2615/2615
f 2614/2614/2614 2617/2617/2617 2613/2613/2613
f 2614/2614/2614 2618/2618/2618 2617/2617/2617
f 2616/2616/2616 2615/2615/2615 2619/2619/2619
f 2620/2620/2620 2616/2616/2616 2619/2619/2619
f 2618/2618/2618 2621/2621/2621 2617/2617/2617
f 2618/2618/2618 2622/2622/2622 2621/2621/2621
f 2620/2620/2620 2619/2619/2619 2623/2623/2623
f 2624/2624/2624 2620/2620/2620 2623/2623/2623
f 2622/2622/2622 2625/2625/2625 2621/2621/2621
f 2622/2622/2622 2626/2626/2626 2625/2625/2625
f 2624/2624/2624 2623/2623/2623 2627/2627/2627
f 2628/2628/2628 2624/2624/2624 2627/2627/2627
f 2626/2626/2626 2629/2629/2629 2625/2625/2625
f 2626/2626/2626 2630/2630/2630 2629/2629/2629
f 2628/2628/2628 2627/2627/2627 2631/2631/2631
f 2632/2632/2632 2628/2628/2628 2631/2631/2631
f 2630/2630/2630 2633/2633/2633 2629/2629/2629
f 2630/2630/2630 2634/2634/2634 2633/2633/2633
f 2632/2632/2632 2631/2631/2631 2635/2635/2635
f 2636/2636/2636 2632/2632/2632 2635/2635/2635
f 2634/2634/2634 2637/2637/2637 2633/2633/2633
f 2634/2634/2634 2638/2638/2638 2637/2637/2637
f 2636/2636/2636 2635/2635/2635 2639/2639/2639
f 2640/2640/2640 2636/2636/2636 2639/2639/2639
f 2638/2638/2638 2641/2641/2641 2637/2637/2637
f 2638/2638/2638 2642/2642/2642 2641/2641/2641
f 2640/2640/2640 2639/2639/2639 2643/2643/2643
f 2644/2644/2644 2640/2640/2640 2643/2643/2643
f 2642/2642/2642 2645/2645/2645 2641/2641/2641
f 2642/2642/2642 2646/2646/2646 2645/2645/2645
f 2644/2644/2644 2643/2643/2643 2647/2647/2647
f 2648/2648/2648 2644/2644/2644 2647/2647/2647
f 2646/2646/2646 2649/2649/2649 2645/2645/2645
f 2646/2646/2646 2650/2650/2650 2649/2649/2649
f 2648/2648/2648 2647/2647/2647 2651/2651/2651
f 2652/2652/2652 2648/2648/2648 2651/2651/2651
f 2650/2650/2650 2653/2653/2653 2649/2649/2649
f 2650/2650/2650 2654/2654/2654 2653/2653/2653
f 2652/2652/2652 2651/2651/2651 2655/2655/2655
f 2656/2656/2656 2652/2652/2652 2655/2655/2655
f 2654/2654/2654 2657/2657/2657 2653/2653/2653
f 2654/2654/2654 2658/2658/2658 2657/2657/2657
f 2656/2656/2656 2655/2655/2655 2659/2659/2659
f 2660/2660/2660 2656/2656/2656 2659/2659/2659
f 2658/2658/2658 2661/2661/2661 2657/2657/2657
f 2658/2658/2658 2662/2662/2662 2661/2661/2661
f 2660/2660/2660 2659/2659/2659 2663/2663/2663
f 2664/2664/2664 2660/2660/2660 2663/2663/2663
f 2662/2662/2662 2665/2665/2665 2661/2661/2661
f 2662/2662/2662 2666/2666/2666 2665/2665/2665
f 2664/2664/2664 2663/2663/2663 2667/2667/2667
f 2668/2668/2668 2664/2664/2664 2667/2667/2667
f 2666/2666/2666 2669/2669/2669 2665/2665/2665
f 2666/2666/2666 2670/2670/2670 2669/2669/2669
f 2668/2668/2668 2667/2667/2667 2671/2671/2671
f 2672/2672/2672 2668/2668/2668 2671/2671/2671
f 2670/2670/2670 2672/2672/2672 2673/2673/2673
f 2670/2670/2670 2673/2673/2673 2669/2669/2669
f 2672/2672/2672 2671/2671/2671 2673/2673/2673
f 2663/2663/2663 2659/2659/2659 2674/2674/2674
f 2663/2663/2663 2674/2674/2674 2675/2675/2675
f 2667/2667/2667 2663/2663/2663 2675/2675/2675
f 2659/2659/2659 2676/2676/2676 2674/2674/2674
f 2667/2667/2667 2675/2675/2675 2677/2677/2677
f 2671/2671/2671 2667/2667/2667 2677/2677/2677
f 2659/2659/2659 2655/2655/2655 2676/2676/2676
f 2671/2671/2671 2677/2677/2677 2678/2678/2678
f 2673/2673/2673 2671/2671/2671 2678/2678/2678
f 2655/2655/2655 2679/2679/2679 2676/2676/2676
f 2673/2673/2673 2678/2678/2678 2680/2680/2680
f 2669/2669/2669 2673/2673/2673 2680/2680/2680
f 2655/2655/2655 2651/2651/2651 2679/2679/2679
f 2669/2669/2669 2680/2680/2680 2681/2681/2681
f 2651/2651/2651 2682/2682/2682 2679/2679/2679
f 2665/2665/2665 2669/2669/2669 2681/2681/2681
f 2651/2651/2651 2647/2647/2647 2682/2682/2682
f 2665/2665/2665 2681/2681/2681 2683/2683/2683
f 2647/2647/2647 2684/2684/2684 2682/2682/2682
f 2661/2661/2661 2665/2665/2665 2683/2683/2683
f 2647/2647/2647 2643/2643/2643 2684/2684/2684
f 2661/2661/2661 2683/2683/2683 2685/2685/2685
f 2643/2643/2643 2686/2686/2686 2684/2684/2684
f 2657/2657/2657 2661/2661/2661 2685/2685/2685
f 2643/2643/2643 2639/2639/2639 2686/2686/2686
f 2657/2657/2657 2685/2685/2685 2687/2687/2687
f 2639/2639/2639 2688/2688/2688 2686/2686/2686
f 2653/2653/2653 2657/2657/2657 2687/2687/2687
f 2639/2639/2639 2635/2635/2635 2688/2688/2688
f 2653/2653/2653 2687/2687/2687 2689/2689/2689
f 2635/2635/2635 2690/2690/2690 2688/2688/2688
f 2649/2649/2649 2653/2653/2653 2689/2689/2689
f 2635/2635/2635 2631/2631/2631 2690/2690/2690
f 2649/2649/2649 2689/2689/2689 2691/2691/2691
f 2631/2631/2631 2692/2692/2692 2690/2690/2690
f 2645/2645/2645 2649/2649/2649 2691/2691/2691
f 2631/2631/2631 2627/2627/2627 2692/2692/2692
f 2645/2645/2645 2691/2691/2691 2693/2693/2693
f 2627/2627/2627 2694/2694/2694 2692/2692/2692
f 2641/2641/2641 2645/2645/2645 2693/2693/2693
f 2627/2627/2627 2623/2623/2623 2694/2694/2694
f 2641/2641/2641 2693/2693/2693 2695/2695/2695
f 2623/2623/2623 2696/2696/2696 2694/2694/2694
f 2637/2637/2637 2641/2641/2641 2695/2695/2695
f 2623/2623/2623 2619/2619/2619 2696/2696/2696
f 2637/2637/2637 2695/2695/2695 2697/2697/2697
f 2619/2619/2619 2698/2698/2698 2696/2696/2696
f 2633/2633/2633 2637/2637/2637 2697/2697/2697
f 2619/2619/2619 2615/2615/2615 2698/2698/2698
f 2633/2633/2633 2697/2697/2697 2699/2699/2699
f 2615/2615/2615 2700/2700/2700 2698/2698/2698
f 2629/2629/2629 2633/2633/2633 2699/2699/2699
f 2615/2615/2615 2610/2610/2610 2700/2700/2700
f 2629/2629/2629 2699/2699/2699 2701/2701/2701
f 2610/2610/2610 2702/2702/2702 2700/2700/2700
f 2625/2625/2625 2629/2629/2629 2701/2701/2701
f 2610/2610/2610 2613/2613/2613 2702/2702/2702
f 2625/2625/2625 2701/2701/2701 2703/2703/2703
f 2613/2613/2613 2704/2704/2704 2702/2702/2702
f 2621/2621/2621 2625/2625/2625 2703/2703/2703
f 2613/2613/2613 2617/2617/2617 2704/2704/2704
f 2621/2621/2621 2703/2703/2703 2705/2705/2705
f 2617/2617/2617 2705/2705/2705 2704/2704/2704
f 2617/2617/2617 2621/2621/2621 2705/2705/2705
f 2708/2708/2708 2707/2707/2707 2706/2706/2706
f 2709/2709/2709 2708/2708/2708 2706/2706/2706
f 2710/2710/2710 2708/2708/2708 2709/2709/2709
f 2706/2706/2706 2707/2707/2707 2711/2711/2711
f 2707/2707/2707 2712/2712/2712 2711/2711/2711
f 2713/2713/2713 2710/2710/2710 2709/2709/2709
f 2714/2714/2714 2710/2710/2710 2713/2713/2713
f 2711/2711/2711 2712/2712/2712 2715/2715/2715
f 2712/2712/2712 2716/2716/2716 2715/2715/2715
f 2717/2717/2717 2714/2714/2714 2713/2713/2713
f 2718/2718/2718 2714/2714/2714 2717/2717/2717
f 2715/2715/2715 2716/2716/2716 2719/2719/2719
f 2716/2716/2716 2720/2720/2720 2719/2719/2719
f 2721/2721/2721 2718/2718/2718 2717/2717/2717
f 2722/2722/2722 2718/2718/2718 2721/2721/2721
f 2719/2719/2719 2720/2720/2720 2723/2723/2723
f 2720/2720/2720 2724/2724/2724 2723/2723/2723
f 2725/2725/2725 2722/2722/2722 2721/2721/2721
f 2726/2726/2726 2722/2722/2722 2725/2725/2725
f 2723/2723/2723 2724/2724/2724 2727/2727/2727
f 2724/2724/2724 2728/2728/2728 2727/2727/2727
f 2729/2729/2729 2726/2726/2726 2725/2725/2725
f 2730/2730/2730 2726/2726/2726 2729/2729/2729
f 2727/2727/2727 2728/2728/2728 2731/2731/2731
f 2728/2728/2728 2732/2732/2732 2731/2731/2731
f 2733/2733/2733 2730/2730/2730 2729/2729/2729
f 2734/2734/2734 2730/2730/2730 2733/2733/2733
f 2731/2731/2731 2732/2732/2732 2735/2735/2735
f 2732/2732/2732 2736/2736/2736 2735/2735/2735
f 2737/2737/2737 2734/2734/2734 2733/2733/2733
f 2738/2738/2738 2734/2734/2734 2737/2737/2737
f 2735/2735/2735 2736/2736/2736 2739/2739/2739
f 2736/2736/2736 2740/2740/2740 2739/2739/2739
f 2741/2741/2741 2738/2738/2738 2737/2737/2737
f 2742/2742/2742 2738/2738/2738 2741/2741/2741
f 2739/2739/2739 2740/2740/2740 2743/2743/2743
f 2740/2740/2740 2744/2744/2744 2743/2743/2743
f 2745/2745/2745 2742/2742/2742 2741/2741/2741
f 2746/2746/2746 2742/2742/2742 2745/2745/2745
f 2743/2743/2743 2744/2744/2744 2747/2747/2747
f 2744/2744/2744 2748/2748/2748 2747/2747/2747
f 2749/2749/2749 2746/2746/2746 2745/2745/2745
f 2750/2750/2750 2746/2746/2746 2749/2749/2749
f 2747/2747/2747 2748/2748/2748 2751/2751/2751
f 2748/2748/2748 2752/2752/2752 2751/2751/2751
f 2753/2753/2753 2750/2750/2750 2749/2749/2749
f 2754/2754/2754 2750/2750/2750 2753/2753/2753
f 2751/2751/2751 2752/2752/2752 2755/2755/2755
f 2752/2752/2752 2756/2756/2756 2755/2755/2755
f 2757/2757/2757 2754/2754/2754 2753/2753/2753
f 2758/2758/2758 2754/2754/2754 2757/2757/2757
f 2755/2755/2755 2756/2756/2756 2759/2759/2759
f 2756/2756/2756 2760/2760/2760 2759/2759/2759
f 2761/2761/2761 2758/2758/2758 2757/2757/2757
f 2762/2762/2762 2758/2758/2758 2761/2761/2761
f 2759/2759/2759 2760/2760/2760 2763/2763/2763
f 2760/2760/2760 2764/2764/2764 2763/2763/2763
f 2765/2765/2765 2762/2762/2762 2761/2761/2761
f 2766/2766/2766 2762/2762/2762 2765/2765/2765
f 2763/2763/2763 2764/2764/2764 2767/2767/2767
f 2764/2764/2764 2768/2768/2768 2767/2767/2767
f 2768/2768/2768 2766/2766/2766 2769/2769/2769
f 2769/2769/2769 2766/2766/2766 2765/2765/2765
f 2767/2767/2767 2768/2768/2768 2769/2769/2769
f 2755/2755/2755 2759/2759/2759 2770/2770/2770
f 2759/2759/2759 2763/2763/2763 2771/2771/2771
f 2770/2770/2770 2759/2759/2759 2771/2771/2771
f 2763/2763/2763 2767/2767/2767 2772/2772/2772
f 2771/2771/2771 2763/2763/2763 2772/2772/2772
f 2767/2767/2767 2769/2769/2769 2773/2773/2773
f 2772/2772/2772 2767/2767/2767 2773/2773/2773
f 2769/2769/2769 2765/2765/2765 2774/2774/2774
f 2773/2773/2773 2769/2769/2769 2774/2774/2774
f 2765/2765/2765 2761/2761/2761 2775/2775/2775
f 2774/2774/2774 2765/2765/2765 2775/2775/2775
f 2776/2776/2776 2755/2755/2755 2770/2770/2770
f 2751/2751/2751 2755/2755/2755 2776/2776/2776
f 2775/2775/2775 2761/2761/2761 2777/2777/2777
f 2761/2761/2761 2757/2757/2757 2777/2777/2777
f 2778/2778/2778 2751/2751/2751 2776/2776/2776
f 2747/2747/2747 2751/2751/2751 2778/2778/2778
f 2777/2777/2777 2757/2757/2757 2779/2779/2779
f 2757/2757/2757 2753/2753/2753 2779/2779/2779
f 2780/2780/2780 2747/2747/2747 2778/2778/2778
f 2743/2743/2743 2747/2747/2747 2780/2780/2780
f 2779/2779/2779 2753/2753/2753 2781/2781/2781
f 2753/2753/2753 2749/2749/2749 2781/2781/2781
f 2782/2782/2782 2743/2743/2743 2780/2780/2780
f 2739/2739/2739 2743/2743/2743 2782/2782/2782
f 2781/2781/2781 2749/2749/2749 2783/2783/2783
f 2749/2749/2749 2745/2745/2745 2783/2783/2783
f 2784/2784/2784 2739/2739/2739 2782/2782/2782
f 2735/2735/2735 2739/2739/2739 2784/2784/2784
f 2783/2783/2783 2745/2745/2745 2785/2785/2785
f 2745/2745/2745 2741/2741/2741 2785/2785/2785
f 2786/2786/2786 2735/2735/2735 2784/2784/2784
f 2731/2731/2731 2735/2735/2735 2786/2786/2786
f 2785/2785/2785 2741/2741/2741 2787/2787/2787
f 2741/2741/2741 2737/2737/2737 2787/2787/2787
f 2788/2788/2788 2731/2731/2731 2786/2786/2786
f 2727/2727/2727 2731/2731/2731 2788/2788/2788
f 2787/2787/2787 2737/2737/2737 2789/2789/2789
f 2737/2737/2737 2733/2733/2733 2789/2789/2789
f 2790/2790/2790 2727/2727/2727 2788/2788/2788
f 2723/2723/2723 2727/2727/2727 2790/2790/2790
f 2789/2789/2789 2733/2733/2733 2791/2791/2791
f 2733/2733/2733 2729/2729/2729 2791/2791/2791
f 2792/2792/2792 2723/2723/2723 2790/2790/2790
f 2719/2719/2719 2723/2723/2723 2792/2792/2792
f 2791/2791/2791 2729/2729/2729 2793/2793/2793
f 2729/2729/2729 2725/2725/2725 2793/2793/2793
f 2794/2794/2794 2719/2719/2719 2792/2792/2792
f 2715/2715/2715 2719/2719/2719 2794/2794/2794
f 2793/2793/2793 2725/2725/2725 2795/2795/2795
f 2725/2725/2725 2721/2721/2721 2795/2795/2795
f 2796/2796/2796 2715/2715/2715 2794/2794/2794
f 2711/2711/2711 2715/2715/2715 2796/2796/2796
f 2795/2795/2795 2721/2721/2721 2797/2797/2797
f 2721/2721/2721 2717/2717/2717 2797/2797/2797
f 2798/2798/2798 2711/2711/2711 2796/2796/2796
f 2706/2706/2706 2711/2711/2711 2798/2798/2798
f 2797/2797/2797 2717/2717/2717 2799/2799/2799
f 2717/2717/2717 2713/2713/2713 2799/2799/2799
f 2800/2800/2800 2706/2706/2706 2798/2798/2798
f 2709/2709/2709 2706/2706/2706 2800/2800/2800
f 2713/2713/2713 2709/2709/2709 2801/2801/2801
f 2799/2799/2799 2713/2713/2713 2801/2801/2801
f 2801/2801/2801 2709/2709/2709 2800/2800/2800
f 2796/2796/2796 2794/2794/2794 2802/2802/2802
f 2803/2803/2803 2796/2796/2796 2802/2802/2802
f 2798/2798/2798 2796/2796/2796 2803/2803/2803
f 2802/2802/2802 2794/2794/2794 2804/2804/2804
f 2805/2805/2805 2798/2798/2798 2803/2803/2803
f 2800/2800/2800 2798/2798/2798 2805/2805/2805
f 2794/2794/2794 2792/2792/2792 2804/2804/2804
f 2806/2806/2806 2800/2800/2800 2805/2805/2805
f 2801/2801/2801 2800/2800/2800 2806/2806/2806
f 2804/2804/2804 2792/2792/2792 2807/2807/2807
f 2808/2808/2808 2801/2801/2801 2806/2806/2806
f 2799/2799/2799 2801/2801/2801 2808/2808/2808
f 2792/2792/2792 2790/2790/2790 2807/2807/2807
f 2809/2809/2809 2799/2799/2799 2808/2808/2808
f 2807/2807/2807 2790/2790/2790 2810/2810/2810
f 2797/2797/2797 2799/2799/2799 2809/2809/2809
f 2790/2790/2790 2788/2788/2788 2810/2810/2810
f 2811/2811/2811 2797/2797/2797 2809/2809/2809
f 2810/2810/2810 2788/2788/2788 2812/2812/2812
f 2795/2795/2795 2797/2797/2797 2811/2811/2811
f 2788/2788/2788 2786/2786/2786 2812/2812/2812
f 2813/2813/2813 2795/2795/2795 2811/2811/2811
f 2812/2812/2812 2786/2786/2786 2814/2814/2814
f 2793/2793/2793 2795/2795/2795 2813/2813/2813
f 2786/2786/2786 2784/2784/2784 2814/2814/2814
f 2815/2815/2815 2793/2793/2793 2813/2813/2813
f 2814/2814/2814 2784/2784/2784 2816/2816/2816
f 2791/2791/2791 2793/2793/2793 2815/2815/2815
f 2784/2784/2784 2782/2782/2782 2816/2816/2816
f 2817/2817/2817 2791/2791/2791 2815/2815/2815
f 2816/2816/2816 2782/2782/2782 2818/2818/2818
f 2789/2789/2789 2791/2791/2791 2817/2817/2817
f 2782/2782/2782 2780/2780/2780 2818/2818/2818
f 2819/2819/2819 2789/2789/2789 2817/2817/2817
f 2818/2818/2818 2780/2780/2780 2820/2820/2820
f 2787/2787/2787 2789/2789/2789 2819/2819/2819
f 2780/2780/2780 2778/2778/2778 2820/2820/2820
f 2821/2821/2821 2787/2787/2787 2819/2819/2819
f 2820/2820/2820 2778/2778/2778 2822/2822/2822
f 2785/2785/2785 2787/2787/2787 2821/2821/2821
f 2778/2778/2778 2776/2776/2776 2822/2822/2822
f 2823/2823/2823 2785/2785/2785 2821/2821/2821
f 2822/2822/2822 2776/2776/2776 2824/2824/2824
f 2783/2783/2783 2785/2785/2785 2823/2823/2823
f 2776/2776/2776 2770/2770/2770 2824/2824/2824
f 2825/2825/2825 2783/2783/2783 2823/2823/2823
f 2824/2824/2824 2770/2770/2770 2826/2826/2826
f 2781/2781/2781 2783/2783/2783 2825/2825/2825
f 2770/2770/2770 2771/2771/2771 2826/2826/2826
f 2827/2827/2827 2781/2781/2781 2825/2825/2825
f 2826/2826/2826 2771/2771/2771 2828/2828/2828
f 2779/2779/2779 2781/2781/2781 2827/2827/2827
f 2771/2771/2771 2772/2772/2772 2828/2828/2828
f 2829/2829/2829 2779/2779/2779 2827/2827/2827
f 2828/2828/2828 2772/2772/2772 2830/2830/2830
f 2777/2777/2777 2779/2779/2779 2829/2829/2829
f 2772/2772/2772 2773/2773/2773 2830/2830/2830
f 2831/2831/2831 2777/2777/2777 2829/2829/2829
f 2830/2830/2830 2773/2773/2773 2832/2832/2832
f 2775/2775/2775 2777/2777/2777 2831/2831/2831
f 2773/2773/2773 2774/2774/2774 2832/2832/2832
f 2833/2833/2833 2775/2775/2775 2831/2831/2831
f 2832/2832/2832 2774/2774/2774 2833/2833/2833
f 2774/2774/2774 2775/2775/2775 2833/2833/2833
f 2836/2836/2836 2835/2835/2835 2834/2834/2834
f 2837/2837/2837 2835/2835/2835 2836/2836/2836
f 2834/2834/2834 2835/2835/2835 2838/2838/2838
f 2839/2839/2839 2837/2837/2837 2836/2836/2836
f 2839/2839/2839 2836/2836/2836 2840/2840/2840
f 2841/2841/2841 2837/2837/2837 2839/2839/2839
f 2842/2842/2842 2836/2836/2836 2834/2834/2834
f 2840/2840/2840 2836/2836/2836 2842/2842/2842
f 2842/2842/2842 2834/2834/2834 2843/2843/2843
f 2834/2834/2834 2838/2838/2838 2844/2844/2844
f 2843/2843/2843 2834/2834/2834 2844/2844/2844
f 2840/2840/2840 2842/2842/2842 2845/2845/2845
f 2845/2845/2845 2842/2842/2842 2843/2843/2843
f 2844/2844/2844 2838/2838/2838 2846/2846/2846
f 2838/2838/2838 2840/2840/2840 2846/2846/2846
f 2846/2846/2846 2840/2840/2840 2845/2845/2845
f 2838/2838/2838 2847/2847/2847 2840/2840/2840
f 2847/2847/2847 2848/2848/2848 2840/2840/2840
f 2848/2848/2848 2839/2839/2839 2840/2840/2840
f 2847/2847/2847 2849/2849/2849 2848/2848/2848
f 2845/2845/2845 2843/2843/2843 2850/2850/2850
f 2846/2846/2846 2845/2845/2845 2850/2850/2850
f 2844/2844/2844 2846/2846/2846 2851/2851/2851
f 2843/2843/2843 2844/2844/2844 2851/2851/2851
f 2851/2851/2851 2846/2846/2846 2850/2850/2850
f 2850/2850/2850 2843/2843/2843 2851/2851/2851
f 2852/2852/2852 2839/2839/2839 2848/2848/2848
f 2852/2852/2852 2841/2841/2841 2839/2839/2839
f 2853/2853/2853 2852/2852/2852 2848/2848/2848
f 2849/2849/2849 2853/2853/2853 2848/2848/2848
f 2841/2841/2841 2852/2852/2852 2854/2854/2854
f 2854/2854/2854 2852/2852/2852 2853/2853/2853
f 2849/2849/2849 2841/2841/2841 2855/2855/2855
f 2855/2855/2855 2841/2841/2841 2854/2854/2854
f 2853/2853/2853 2849/2849/2849 2856/2856/2856
f 2854/2854/2854 2853/2853/2853 2857/2857/2857
f 2857/2857/2857 2853/2853/2853 2856/2856/2856
f 2855/2855/2855 2854/2854/2854 2858/2858/2858
f 2858/2858/2858 2854/2854/2854 2857/2857/2857
f 2849/2849/2849 2855/2855/2855 2859/2859/2859
f 2856/2856/2856 2849/2849/2849 2859/2859/2859
f 2859/2859/2859 2855/2855/2855 2858/2858/2858
f 2857/2857/2857 2856/2856/2856 2860/2860/2860
f 2858/2858/2858 2857/2857/2857 2860/2860/2860
f 2859/2859/2859 2858/2858/2858 2861/2861/2861
f 2856/2856/2856 2859/2859/2859 2861/2861/2861
f 2861/2861/2861 2858/2858/2858 2860/2860/2860
f 2860/2860/2860 2856/2856/2856 2861/2861/2861
f 2864/2864/2864 2863/2863/2863 2862/2862/2862
f 2865/2865/2865 2864/2864/2864 2862/2862/2862
f 2866/2866/2866 2864/2864/2864 2865/2865/2865
f 2862/2862/2862 2863/2863/2863 2867/2867/2867
f 2863/2863/2863 2868/2868/2868 2867/2867/2867
f 2869/2869/2869 2866/2866/2866 2865/2865/2865
f 2870/2870/2870 2866/2866/2866 2869/2869/2869
f 2867/2867/2867 2868/2868/2868 2871/2871/2871
f 2868/2868/2868 2872/2872/2872 2871/2871/2871
f 2873/2873/2873 2870/2870/2870 2869/2869/2869
f 2874/2874/2874 2870/2870/2870 2873/2873/2873
f 2871/2871/2871 2872/2872/2872 2875/2875/2875
f 2872/2872/2872 2876/2876/2876 2875/2875/2875
f 2877/2877/2877 2874/2874/2874 2873/2873/2873
f 2878/2878/2878 2877/2877/2877 2873/2873/2873
f 2879/2879/2879 2874/2874/2874 2877/2877/2877
f 2880/2880/2880 2879/2879/2879 2877/2877/2877
f 2877/2877/2877 2878/2878/2878 2880/2880/2880
f 2881/2881/2881 2879/2879/2879 2880/2880/2880
f 2882/2882/2882 2873/2873/2873 2869/2869/2869
f 2882/2882/2882 2878/2878/2878 2873/2873/2873
f 2883/2883/2883 2881/2881/2881 2880/2880/2880
f 2884/2884/2884 2881/2881/2881 2883/2883/2883
f 2875/2875/2875 2876/2876/2876 2885/2885/2885
f 2876/2876/2876 2886/2886/2886 2885/2885/2885
f 2886/2886/2886 2884/2884/2884 2887/2887/2887
f 2887/2887/2887 2884/2884/2884 2883/2883/2883
f 2885/2885/2885 2886/2886/2886 2887/2887/2887
f 2880/2880/2880 2888/2888/2888 2883/2883/2883
f 2878/2878/2878 2888/2888/2888 2880/2880/2880
f 2883/2883/2883 2889/2889/2889 2887/2887/2887
f 2888/2888/2888 2889/2889/2889 2883/2883/2883
f 2887/2887/2887 2890/2890/2890 2885/2885/2885
f 2889/2889/2889 2890/2890/2890 2887/2887/2887
f 2885/2885/2885 2891/2891/2891 2875/2875/2875
f 2890/2890/2890 2891/2891/2891 2885/2885/2885
f 2892/2892/2892 2890/2890/2890 2889/2889/2889
f 2890/2890/2890 2892/2892/2892 2891/2891/2891
f 2893/2893/2893 2889/2889/2889 2888/2888/2888
f 2893/2893/2893 2892/2892/2892 2889/2889/2889
f 2891/2891/2891 2894/2894/2894 2875/2875/2875
f 2875/2875/2875 2894/2894/2894 2871/2871/2871
f 2892/2892/2892 2895/2895/2895 2891/2891/2891
f 2891/2891/2891 2895/2895/2895 2894/2894/2894
f 2896/2896/2896 2888/2888/2888 2878/2878/2878
f 2896/2896/2896 2893/2893/2893 2888/2888/2888
f 2897/2897/2897 2892/2892/2892 2893/2893/2893
f 2892/2892/2892 2897/2897/2897 2895/2895/2895
f 2898/2898/2898 2893/2893/2893 2896/2896/2896
f 2898/2898/2898 2897/2897/2897 2893/2893/2893
f 2894/2894/2894 2899/2899/2899 2871/2871/2871
f 2895/2895/2895 2900/2900/2900 2894/2894/2894
f 2894/2894/2894 2900/2900/2900 2899/2899/2899
f 2897/2897/2897 2901/2901/2901 2895/2895/2895
f 2895/2895/2895 2901/2901/2901 2900/2900/2900
f 2902/2902/2902 2897/2897/2897 2898/2898/2898
f 2897/2897/2897 2902/2902/2902 2901/2901/2901
f 2903/2903/2903 2902/2902/2902 2898/2898/2898
f 2902/2902/2902 2904/2904/2904 2901/2901/2901
f 2905/2905/2905 2898/2898/2898 2896/2896/2896
f 2903/2903/2903 2898/2898/2898 2905/2905/2905
f 2901/2901/2901 2906/2906/2906 2900/2900/2900
f 2901/2901/2901 2904/2904/2904 2906/2906/2906
f 2899/2899/2899 2907/2907/2907 2871/2871/2871
f 2907/2907/2907 2867/2867/2867 2871/2871/2871
f 2900/2900/2900 2908/2908/2908 2899/2899/2899
f 2900/2900/2900 2906/2906/2906 2908/2908/2908
f 2908/2908/2908 2909/2909/2909 2899/2899/2899
f 2909/2909/2909 2907/2907/2907 2899/2899/2899
f 2907/2907/2907 2910/2910/2910 2867/2867/2867
f 2910/2910/2910 2862/2862/2862 2867/2867/2867
f 2906/2906/2906 2911/2911/2911 2908/2908/2908
f 2911/2911/2911 2909/2909/2909 2908/2908/2908
f 2904/2904/2904 2912/2912/2912 2906/2906/2906
f 2906/2906/2906 2912/2912/2912 2911/2911/2911
f 2913/2913/2913 2910/2910/2910 2907/2907/2907
f 2909/2909/2909 2913/2913/2913 2907/2907/2907
f 2910/2910/2910 2914/2914/2914 2862/2862/2862
f 2914/2914/2914 2865/2865/2865 2862/2862/2862
f 2915/2915/2915 2914/2914/2914 2910/2910/2910
f 2913/2913/2913 2915/2915/2915 2910/2910/2910
f 2914/2914/2914 2916/2916/2916 2865/2865/2865
f 2914/2914/2914 2915/2915/2915 2916/2916/2916
f 2916/2916/2916 2869/2869/2869 2865/2865/2865
f 2916/2916/2916 2882/2882/2882 2869/2869/2869
f 2915/2915/2915 2917/2917/2917 2916/2916/2916
f 2916/2916/2916 2917/2917/2917 2882/2882/2882
f 2918/2918/2918 2915/2915/2915 2913/2913/2913
f 2915/2915/2915 2918/2918/2918 2917/2917/2917
f 2919/2919/2919 2913/2913/2913 2909/2909/2909
f 2919/2919/2919 2918/2918/2918 2913/2913/2913
f 2917/2917/2917 2920/2920/2920 2882/2882/2882
f 2882/2882/2882 2920/2920/2920 2878/2878/2878
f 2921/2921/2921 2919/2919/2919 2909/2909/2909
f 2921/2921/2921 2909/2909/2909 2911/2911/2911
f 2920/2920/2920 2922/2922/2922 2878/2878/2878
f 2922/2922/2922 2896/2896/2896 2878/2878/2878
f 2905/2905/2905 2896/2896/2896 2922/2922/2922
f 2920/2920/2920 2923/2923/2923 2922/2922/2922
f 2923/2923/2923 2905/2905/2905 2922/2922/2922
f 2924/2924/2924 2920/2920/2920 2917/2917/2917
f 2924/2924/2924 2923/2923/2923 2920/2920/2920
f 2918/2918/2918 2925/2925/2925 2917/2917/2917
f 2925/2925/2925 2924/2924/2924 2917/2917/2917
f 2926/2926/2926 2918/2918/2918 2919/2919/2919
f 2918/2918/2918 2926/2926/2926 2925/2925/2925
f 2927/2927/2927 2905/2905/2905 2923/2923/2923
f 2927/2927/2927 2903/2903/2903 2905/2905/2905
f 2928/2928/2928 2919/2919/2919 2921/2921/2921
f 2928/2928/2928 2926/2926/2926 2919/2919/2919
f 2926/2926/2926 2929/2929/2929 2925/2925/2925
f 2925/2925/2925 2929/2929/2929 2924/2924/2924
f 2923/2923/2923 2924/2924/2924 2930/2930/2930
f 2930/2930/2930 2927/2927/2927 2923/2923/2923
f 2931/2931/2931 2926/2926/2926 2928/2928/2928
f 2926/2926/2926 2931/2931/2931 2929/2929/2929
f 2929/2929/2929 2932/2932/2932 2924/2924/2924
f 2924/2924/2924 2932/2932/2932 2930/2930/2930
f 2931/2931/2931 2933/2933/2933 2929/2929/2929
f 2929/2929/2929 2933/2933/2933 2932/2932/2932
f 2934/2934/2934 2928/2928/2928 2921/2921/2921
f 2935/2935/2935 2931/2931/2931 2928/2928/2928
f 2935/2935/2935 2928/2928/2928 2934/2934/2934
f 2931/2931/2931 2936/2936/2936 2933/2933/2933
f 2936/2936/2936 2931/2931/2931 2935/2935/2935
f 2934/2934/2934 2921/2921/2921 2937/2937/2937
f 2937/2937/2937 2921/2921/2921 2911/2911/2911
f 2912/2912/2912 2937/2937/2937 2911/2911/2911
f 2938/2938/2938 2927/2927/2927 2930/2930/2930
f 2932/2932/2932 2939/2939/2939 2930/2930/2930
f 2939/2939/2939 2938/2938/2938 2930/2930/2930
f 2933/2933/2933 2940/2940/2940 2932/2932/2932
f 2932/2932/2932 2940/2940/2940 2939/2939/2939
f 2938/2938/2938 2941/2941/2941 2927/2927/2927
f 2941/2941/2941 2903/2903/2903 2927/2927/2927
f 2942/2942/2942 2938/2938/2938 2939/2939/2939
f 2941/2941/2941 2938/2938/2938 2942/2942/2942
f 2936/2936/2936 2943/2943/2943 2933/2933/2933
f 2933/2933/2933 2943/2943/2943 2940/2940/2940
f 2940/2940/2940 2944/2944/2944 2939/2939/2939
f 2944/2944/2944 2942/2942/2942 2939/2939/2939
f 2943/2943/2943 2945/2945/2945 2940/2940/2940
f 2943/2943/2943 2936/2936/2936 2945/2945/2945
f 2940/2940/2940 2945/2945/2945 2944/2944/2944
f 2912/2912/2912 2946/2946/2946 2937/2937/2937
f 2946/2946/2946 2947/2947/2947 2937/2937/2937
f 2947/2947/2947 2934/2934/2934 2937/2937/2937
f 2948/2948/2948 2946/2946/2946 2912/2912/2912
f 2904/2904/2904 2948/2948/2948 2912/2912/2912
f 2949/2949/2949 2934/2934/2934 2947/2947/2947
f 2949/2949/2949 2935/2935/2935 2934/2934/2934
f 2950/2950/2950 2936/2936/2936 2935/2935/2935
f 2950/2950/2950 2935/2935/2935 2949/2949/2949
f 2936/2936/2936 2951/2951/2951 2945/2945/2945
f 2951/2951/2951 2936/2936/2936 2950/2950/2950
f 2945/2945/2945 2952/2952/2952 2944/2944/2944
f 2945/2945/2945 2951/2951/2951 2952/2952/2952
f 2946/2946/2946 2953/2953/2953 2947/2947/2947
f 2946/2946/2946 2948/2948/2948 2953/2953/2953
f 2954/2954/2954 2949/2949/2949 2947/2947/2947
f 2953/2953/2953 2954/2954/2954 2947/2947/2947
f 2955/2955/2955 2950/2950/2950 2949/2949/2949
f 2955/2955/2955 2951/2951/2951 2950/2950/2950
f 2955/2955/2955 2949/2949/2949 2954/2954/2954
f 2952/2952/2952 2956/2956/2956 2944/2944/2944
f 2956/2956/2956 2942/2942/2942 2944/2944/2944
f 2951/2951/2951 2957/2957/2957 2952/2952/2952
f 2957/2957/2957 2951/2951/2951 2955/2955/2955
f 2952/2952/2952 2957/2957/2957 2956/2956/2956
f 2958/2958/2958 2955/2955/2955 2954/2954/2954
f 2958/2958/2958 2957/2957/2957 2955/2955/2955
f 2957/2957/2957 2959/2959/2959 2956/2956/2956
f 2959/2959/2959 2957/2957/2957 2958/2958/2958
f 2960/2960/2960 2958/2958/2958 2954/2954/2954
f 2953/2953/2953 2960/2960/2960 2954/2954/2954
f 2960/2960/2960 2959/2959/2959 2958/2958/2958
f 2956/2956/2956 2961/2961/2961 2942/2942/2942
f 2956/2956/2956 2959/2959/2959 2961/2961/2961
f 2962/2962/2962 2959/2959/2959 2960/2960/2960
f 2959/2959/2959 2962/2962/2962 2961/2961/2961
f 2963/2963/2963 2960/2960/2960 2953/2953/2953
f 2963/2963/2963 2962/2962/2962 2960/2960/2960
f 2964/2964/2964 2963/2963/2963 2953/2953/2953
f 2948/2948/2948 2964/2964/2964 2953/2953/2953
f 2963/2963/2963 2965/2965/2965 2962/2962/2962
f 2965/2965/2965 2963/2963/2963 2964/2964/2964
f 2948/2948/2948 2966/2966/2966 2964/2964/2964
f 2966/2966/2966 2948/2948/2948 2904/2904/2904
f 2961/2961/2961 2967/2967/2967 2942/2942/2942
f 2967/2967/2967 2941/2941/2941 2942/2942/2942
f 2962/2962/2962 2968/2968/2968 2961/2961/2961
f 2965/2965/2965 2968/2968/2968 2962/2962/2962
f 2969/2969/2969 2965/2965/2965 2964/2964/2964
f 2966/2966/2966 2969/2969/2969 2964/2964/2964
f 2970/2970/2970 2941/2941/2941 2967/2967/2967
f 2941/2941/2941 2970/2970/2970 2903/2903/2903
f 2961/2961/2961 2971/2971/2971 2967/2967/2967
f 2968/2968/2968 2971/2971/2971 2961/2961/2961
f 2965/2965/2965 2972/2972/2972 2968/2968/2968
f 2972/2972/2972 2965/2965/2965 2969/2969/2969
f 2973/2973/2973 2970/2970/2970 2967/2967/2967
f 2971/2971/2971 2973/2973/2973 2967/2967/2967
f 2968/2968/2968 2974/2974/2974 2971/2971/2971
f 2972/2972/2972 2974/2974/2974 2968/2968/2968
f 2971/2971/2971 2975/2975/2975 2973/2973/2973
f 2974/2974/2974 2975/2975/2975 2971/2971/2971
f 2976/2976/2976 2972/2972/2972 2969/2969/2969
f 2972/2972/2972 2977/2977/2977 2974/2974/2974
f 2977/2977/2977 2972/2972/2972 2976/2976/2976
f 2966/2966/2966 2978/2978/2978 2969/2969/2969
f 2978/2978/2978 2976/2976/2976 2969/2969/2969
f 2974/2974/2974 2979/2979/2979 2975/2975/2975
f 2977/2977/2977 2979/2979/2979 2974/2974/2974
f 2975/2975/2975 2980/2980/2980 2973/2973/2973
f 2981/2981/2981 2970/2970/2970 2973/2973/2973
f 2980/2980/2980 2981/2981/2981 2973/2973/2973
f 2979/2979/2979 2982/2982/2982 2975/2975/2975
f 2975/2975/2975 2982/2982/2982 2980/2980/2980
f 2983/2983/2983 2977/2977/2977 2976/2976/2976
f 2977/2977/2977 2984/2984/2984 2979/2979/2979
f 2977/2977/2977 2983/2983/2983 2984/2984/2984
f 2984/2984/2984 2985/2985/2985 2979/2979/2979
f 2979/2979/2979 2985/2985/2985 2982/2982/2982
f 2978/2978/2978 2986/2986/2986 2976/2976/2976
f 2986/2986/2986 2983/2983/2983 2976/2976/2976
f 2983/2983/2983 2987/2987/2987 2984/2984/2984
f 2985/2985/2985 2984/2984/2984 2987/2987/2987
f 2988/2988/2988 2987/2987/2987 2983/2983/2983
f 2986/2986/2986 2988/2988/2988 2983/2983/2983
f 2989/2989/2989 2985/2985/2985 2987/2987/2987
f 2989/2989/2989 2987/2987/2987 2988/2988/2988
f 2982/2982/2982 2990/2990/2990 2980/2980/2980
f 2985/2985/2985 2991/2991/2991 2982/2982/2982
f 2990/2990/2990 2982/2982/2982 2991/2991/2991
f 2991/2991/2991 2985/2985/2985 2992/2992/2992
f 2985/2985/2985 2989/2989/2989 2992/2992/2992
f 2992/2992/2992 2990/2990/2990 2991/2991/2991
f 2990/2990/2990 2993/2993/2993 2980/2980/2980
f 2993/2993/2993 2981/2981/2981 2980/2980/2980
f 2992/2992/2992 2994/2994/2994 2990/2990/2990
f 2992/2992/2992 2989/2989/2989 2994/2994/2994
f 2994/2994/2994 2993/2993/2993 2990/2990/2990
f 2995/2995/2995 2989/2989/2989 2988/2988/2988
f 2989/2989/2989 2995/2995/2995 2994/2994/2994
f 2996/2996/2996 2988/2988/2988 2986/2986/2986
f 2995/2995/2995 2988/2988/2988 2996/2996/2996
f 2994/2994/2994 2997/2997/2997 2993/2993/2993
f 2994/2994/2994 2995/2995/2995 2997/2997/2997
f 2993/2993/2993 2998/2998/2998 2981/2981/2981
f 2997/2997/2997 2998/2998/2998 2993/2993/2993
f 2995/2995/2995 2999/2999/2999 2997/2997/2997
f 2999/2999/2999 2995/2995/2995 2996/2996/2996
f 2997/2997/2997 2999/2999/2999 2998/2998/2998
f 3000/3000/3000 2996/2996/2996 2986/2986/2986
f 2999/2999/2999 2996/2996/2996 3000/3000/3000
f 3000/3000/3000 2986/2986/2986 2978/2978/2978
f 2998/2998/2998 3001/3001/3001 2981/2981/2981
f 2981/2981/2981 3001/3001/3001 2970/2970/2970
f 2999/2999/2999 3002/3002/3002 2998/2998/2998
f 3002/3002/3002 2999/2999/2999 3000/3000/3000
f 2998/2998/2998 3002/3002/3002 3001/3001/3001
f 3003/3003/3003 3000/3000/3000 2978/2978/2978
f 3002/3002/3002 3000/3000/3000 3003/3003/3003
f 3003/3003/3003 2978/2978/2978 2966/2966/2966
f 3001/3001/3001 3004/3004/3004 2970/2970/2970
f 2970/2970/2970 3004/3004/3004 2903/2903/2903
f 3002/3002/3002 3005/3005/3005 3001/3001/3001
f 3005/3005/3005 3002/3002/3002 3003/3003/3003
f 3001/3001/3001 3005/3005/3005 3004/3004/3004
f 3006/3006/3006 3003/3003/3003 2966/2966/2966
f 3005/3005/3005 3003/3003/3003 3006/3006/3006
f 3006/3006/3006 2966/2966/2966 2904/2904/2904
f 3004/3004/3004 3007/3007/3007 2903/2903/2903
f 3005/3005/3005 3007/3007/3007 3004/3004/3004
f 3007/3007/3007 3005/3005/3005 3006/3006/3006
f 3007/3007/3007 3006/3006/3006 2904/2904/2904
f 3007/3007/3007 2902/2902/2902 2903/2903/2903
f 2902/2902/2902 3007/3007/3007 2904/2904/2904
f 3010/3010/3010 3009/3009/3009 3008/3008/3008
f 3011/3011/3011 3010/3010/3010 3008/3008/3008
f 3010/3010/3010 3012/3012/3012 3009/3009/3009
f 3011/3011/3011 3008/3008/3008 3013/3013/3013
f 3014/3014/3014 3011/3011/3011 3013/3013/3013
f 3012/3012/3012 3015/3015/3015 3009/3009/3009
f 3012/3012/3012 3016/3016/3016 3015/3015/3015
f 3014/3014/3014 3013/3013/3013 3017/3017/3017
f 3018/3018/3018 3014/3014/3014 3017/3017/3017
f 3016/3016/3016 3019/3019/3019 3015/3015/3015
f 3016/3016/3016 3020/3020/3020 3019/3019/3019
f 3018/3018/3018 3017/3017/3017 3021/3021/3021
f 3022/3022/3022 3018/3018/3018 3021/3021/3021
f 3020/3020/3020 3023/3023/3023 3019/3019/3019
f 3023/3023/3023 3024/3024/3024 3019/3019/3019
f 3020/3020/3020 3025/3025/3025 3023/3023/3023
f 3025/3025/3025 3026/3026/3026 3023/3023/3023
f 3024/3024/3024 3023/3023/3023 3026/3026/3026
f 3025/3025/3025 3027/3027/3027 3026/3026/3026
f 3019/3019/3019 3028/3028/3028 3015/3015/3015
f 3024/3024/3024 3028/3028/3028 3019/3019/3019
f 3027/3027/3027 3029/3029/3029 3026/3026/3026
f 3027/3027/3027 3030/3030/3030 3029/3029/3029
f 3022/3022/3022 3021/3021/3021 3031/3031/3031
f 3032/3032/3032 3022/3022/3022 3031/3031/3031
f 3030/3030/3030 3032/3032/3032 3033/3033/3033
f 3030/3030/3030 3033/3033/3033 3029/3029/3029
f 3032/3032/3032 3031/3031/3031 3033/3033/3033
f 3034/3034/3034 3026/3026/3026 3029/3029/3029
f 3034/3034/3034 3024/3024/3024 3026/3026/3026
f 3035/3035/3035 3029/3029/3029 3033/3033/3033
f 3035/3035/3035 3034/3034/3034 3029/3029/3029
f 3036/3036/3036 3033/3033/3033 3031/3031/3031
f 3036/3036/3036 3035/3035/3035 3033/3033/3033
f 3037/3037/3037 3031/3031/3031 3021/3021/3021
f 3037/3037/3037 3036/3036/3036 3031/3031/3031
f 3036/3036/3036 3038/3038/3038 3035/3035/3035
f 3038/3038/3038 3036/3036/3036 3037/3037/3037
f 3035/3035/3035 3039/3039/3039 3034/3034/3034
f 3038/3038/3038 3039/3039/3039 3035/3035/3035
f 3040/3040/3040 3037/3037/3037 3021/3021/3021
f 3040/3040/3040 3021/3021/3021 3017/3017/3017
f 3041/3041/3041 3038/3038/3038 3037/3037/3037
f 3041/3041/3041 3037/3037/3037 3040/3040/3040
f 3034/3034/3034 3042/3042/3042 3024/3024/3024
f 3039/3039/3039 3042/3042/3042 3034/3034/3034
f 3038/3038/3038 3043/3043/3043 3039/3039/3039
f 3043/3043/3043 3038/3038/3038 3041/3041/3041
f 3039/3039/3039 3044/3044/3044 3042/3042/3042
f 3043/3043/3043 3044/3044/3044 3039/3039/3039
f 3045/3045/3045 3040/3040/3040 3017/3017/3017
f 3046/3046/3046 3041/3041/3041 3040/3040/3040
f 3046/3046/3046 3040/3040/3040 3045/3045/3045
f 3047/3047/3047 3043/3043/3043 3041/3041/3041
f 3047/3047/3047 3041/3041/3041 3046/3046/3046
f 3043/3043/3043 3048/3048/3048 3044/3044/3044
f 3048/3048/3048 3043/3043/3043 3047/3047/3047
f 3048/3048/3048 3049/3049/3049 3044/3044/3044
f 3050/3050/3050 3048/3048/3048 3047/3047/3047
f 3044/3044/3044 3051/3051/3051 3042/3042/3042
f 3044/3044/3044 3049/3049/3049 3051/3051/3051
f 3052/3052/3052 3047/3047/3047 3046/3046/3046
f 3050/3050/3050 3047/3047/3047 3052/3052/3052
f 3053/3053/3053 3045/3045/3045 3017/3017/3017
f 3013/3013/3013 3053/3053/3053 3017/3017/3017
f 3054/3054/3054 3046/3046/3046 3045/3045/3045
f 3052/3052/3052 3046/3046/3046 3054/3054/3054
f 3055/3055/3055 3054/3054/3054 3045/3045/3045
f 3053/3053/3053 3055/3055/3055 3045/3045/3045
f 3056/3056/3056 3053/3053/3053 3013/3013/3013
f 3008/3008/3008 3056/3056/3056 3013/3013/3013
f 3057/3057/3057 3052/3052/3052 3054/3054/3054
f 3055/3055/3055 3057/3057/3057 3054/3054/3054
f 3058/3058/3058 3050/3050/3050 3052/3052/3052
f 3058/3058/3058 3052/3052/3052 3057/3057/3057
f 3059/3059/3059 3055/3055/3055 3053/3053/3053
f 3056/3056/3056 3059/3059/3059 3053/3053/3053
f 3060/3060/3060 3056/3056/3056 3008/3008/3008
f 3009/3009/3009 3060/3060/3060 3008/3008/3008
f 3060/3060/3060 3061/3061/3061 3056/3056/3056
f 3061/3061/3061 3059/3059/3059 3056/3056/3056
f 3062/3062/3062 3060/3060/3060 3009/3009/3009
f 3061/3061/3061 3060/3060/3060 3062/3062/3062
f 3015/3015/3015 3062/3062/3062 3009/3009/3009
f 3028/3028/3028 3062/3062/3062 3015/3015/3015
f 3063/3063/3063 3061/3061/3061 3062/3062/3062
f 3063/3063/3063 3062/3062/3062 3028/3028/3028
f 3061/3061/3061 3064/3064/3064 3059/3059/3059
f 3064/3064/3064 3061/3061/3061 3063/3063/3063
f 3059/3059/3059 3065/3065/3065 3055/3055/3055
f 3064/3064/3064 3065/3065/3065 3059/3059/3059
f 3066/3066/3066 3063/3063/3063 3028/3028/3028
f 3066/3066/3066 3028/3028/3028 3024/3024/3024
f 3065/3065/3065 3067/3067/3067 3055/3055/3055
f 3055/3055/3055 3067/3067/3067 3057/3057/3057
f 3068/3068/3068 3066/3066/3066 3024/3024/3024
f 3042/3042/3042 3068/3068/3068 3024/3024/3024
f 3042/3042/3042 3051/3051/3051 3068/3068/3068
f 3069/3069/3069 3066/3066/3066 3068/3068/3068
f 3051/3051/3051 3069/3069/3069 3068/3068/3068
f 3066/3066/3066 3070/3070/3070 3063/3063/3063
f 3069/3069/3069 3070/3070/3070 3066/3066/3066
f 3071/3071/3071 3064/3064/3064 3063/3063/3063
f 3070/3070/3070 3071/3071/3071 3063/3063/3063
f 3064/3064/3064 3072/3072/3072 3065/3065/3065
f 3072/3072/3072 3064/3064/3064 3071/3071/3071
f 3051/3051/3051 3073/3073/3073 3069/3069/3069
f 3049/3049/3049 3073/3073/3073 3051/3051/3051
f 3065/3065/3065 3074/3074/3074 3067/3067/3067
f 3072/3072/3072 3074/3074/3074 3065/3065/3065
f 3075/3075/3075 3072/3072/3072 3071/3071/3071
f 3075/3075/3075 3071/3071/3071 3070/3070/3070
f 3070/3070/3070 3069/3069/3069 3076/3076/3076
f 3073/3073/3073 3076/3076/3076 3069/3069/3069
f 3072/3072/3072 3077/3077/3077 3074/3074/3074
f 3077/3077/3077 3072/3072/3072 3075/3075/3075
f 3078/3078/3078 3075/3075/3075 3070/3070/3070
f 3078/3078/3078 3070/3070/3070 3076/3076/3076
f 3079/3079/3079 3077/3077/3077 3075/3075/3075
f 3079/3079/3079 3075/3075/3075 3078/3078/3078
f 3074/3074/3074 3080/3080/3080 3067/3067/3067
f 3077/3077/3077 3081/3081/3081 3074/3074/3074
f 3074/3074/3074 3081/3081/3081 3080/3080/3080
f 3082/3082/3082 3077/3077/3077 3079/3079/3079
f 3077/3077/3077 3082/3082/3082 3081/3081/3081
f 3067/3067/3067 3080/3080/3080 3083/3083/3083
f 3067/3067/3067 3083/3083/3083 3057/3057/3057
f 3083/3083/3083 3058/3058/3058 3057/3057/3057
f 3073/3073/3073 3084/3084/3084 3076/3076/3076
f 3085/3085/3085 3078/3078/3078 3076/3076/3076
f 3084/3084/3084 3085/3085/3085 3076/3076/3076
f 3086/3086/3086 3079/3079/3079 3078/3078/3078
f 3086/3086/3086 3078/3078/3078 3085/3085/3085
f 3087/3087/3087 3084/3084/3084 3073/3073/3073
f 3049/3049/3049 3087/3087/3087 3073/3073/3073
f 3084/3084/3084 3088/3088/3088 3085/3085/3085
f 3084/3084/3084 3087/3087/3087 3088/3088/3088
f 3089/3089/3089 3079/3079/3079 3086/3086/3086
f 3089/3089/3089 3082/3082/3082 3079/3079/3079
f 3090/3090/3090 3086/3086/3086 3085/3085/3085
f 3088/3088/3088 3090/3090/3090 3085/3085/3085
f 3091/3091/3091 3089/3089/3089 3086/3086/3086
f 3082/3082/3082 3089/3089/3089 3091/3091/3091
f 3091/3091/3091 3086/3086/3086 3090/3090/3090
f 3092/3092/3092 3058/3058/3058 3083/3083/3083
f 3093/3093/3093 3092/3092/3092 3083/3083/3083
f 3080/3080/3080 3093/3093/3093 3083/3083/3083
f 3092/3092/3092 3094/3094/3094 3058/3058/3058
f 3094/3094/3094 3050/3050/3050 3058/3058/3058
f 3095/3095/3095 3092/3092/3092 3093/3093/3093
f 3094/3094/3094 3092/3092/3092 3095/3095/3095
f 3080/3080/3080 3096/3096/3096 3093/3093/3093
f 3081/3081/3081 3096/3096/3096 3080/3080/3080
f 3082/3082/3082 3097/3097/3097 3081/3081/3081
f 3081/3081/3081 3097/3097/3097 3096/3096/3096
f 3098/3098/3098 3082/3082/3082 3091/3091/3091
f 3082/3082/3082 3098/3098/3098 3097/3097/3097
f 3099/3099/3099 3091/3091/3091 3090/3090/3090
f 3098/3098/3098 3091/3091/3091 3099/3099/3099
f 3096/3096/3096 3100/3100/3100 3093/3093/3093
f 3100/3100/3100 3095/3095/3095 3093/3093/3093
f 3097/3097/3097 3101/3101/3101 3096/3096/3096
f 3098/3098/3098 3101/3101/3101 3097/3097/3097
f 3096/3096/3096 3101/3101/3101 3100/3100/3100
f 3102/3102/3102 3099/3099/3099 3090/3090/3090
f 3088/3088/3088 3102/3102/3102 3090/3090/3090
f 3103/3103/3103 3098/3098/3098 3099/3099/3099
f 3098/3098/3098 3103/3103/3103 3101/3101/3101
f 3103/3103/3103 3099/3099/3099 3102/3102/3102
f 3101/3101/3101 3104/3104/3104 3100/3100/3100
f 3103/3103/3103 3104/3104/3104 3101/3101/3101
f 3105/3105/3105 3103/3103/3103 3102/3102/3102
f 3103/3103/3103 3105/3105/3105 3104/3104/3104
f 3104/3104/3104 3106/3106/3106 3100/3100/3100
f 3106/3106/3106 3095/3095/3095 3100/3100/3100
f 3105/3105/3105 3106/3106/3106 3104/3104/3104
f 3107/3107/3107 3102/3102/3102 3088/3088/3088
f 3105/3105/3105 3102/3102/3102 3107/3107/3107
f 3105/3105/3105 3108/3108/3108 3106/3106/3106
f 3108/3108/3108 3105/3105/3105 3107/3107/3107
f 3106/3106/3106 3109/3109/3109 3095/3095/3095
f 3108/3108/3108 3109/3109/3109 3106/3106/3106
f 3109/3109/3109 3110/3110/3110 3095/3095/3095
f 3110/3110/3110 3094/3094/3094 3095/3095/3095
f 3111/3111/3111 3109/3109/3109 3108/3108/3108
f 3109/3109/3109 3111/3111/3111 3110/3110/3110
f 3112/3112/3112 3094/3094/3094 3110/3110/3110
f 3094/3094/3094 3112/3112/3112 3050/3050/3050
f 3113/3113/3113 3107/3107/3107 3088/3088/3088
f 3087/3087/3087 3113/3113/3113 3088/3088/3088
f 3114/3114/3114 3108/3108/3108 3107/3107/3107
f 3114/3114/3114 3111/3111/3111 3108/3108/3108
f 3111/3111/3111 3115/3115/3115 3110/3110/3110
f 3115/3115/3115 3112/3112/3112 3110/3110/3110
f 3087/3087/3087 3116/3116/3116 3113/3113/3113
f 3116/3116/3116 3087/3087/3087 3049/3049/3049
f 3117/3117/3117 3107/3107/3107 3113/3113/3113
f 3117/3117/3117 3114/3114/3114 3107/3107/3107
f 3118/3118/3118 3111/3111/3111 3114/3114/3114
f 3111/3111/3111 3118/3118/3118 3115/3115/3115
f 3116/3116/3116 3119/3119/3119 3113/3113/3113
f 3119/3119/3119 3117/3117/3117 3113/3113/3113
f 3120/3120/3120 3114/3114/3114 3117/3117/3117
f 3120/3120/3120 3118/3118/3118 3114/3114/3114
f 3121/3121/3121 3117/3117/3117 3119/3119/3119
f 3121/3121/3121 3120/3120/3120 3117/3117/3117
f 3118/3118/3118 3122/3122/3122 3115/3115/3115
f 3123/3123/3123 3118/3118/3118 3120/3120/3120
f 3118/3118/3118 3123/3123/3123 3122/3122/3122
f 3124/3124/3124 3112/3112/3112 3115/3115/3115
f 3122/3122/3122 3124/3124/3124 3115/3115/3115
f 3125/3125/3125 3120/3120/3120 3121/3121/3121
f 3125/3125/3125 3123/3123/3123 3120/3120/3120
f 3126/3126/3126 3121/3121/3121 3119/3119/3119
f 3116/3116/3116 3127/3127/3127 3119/3119/3119
f 3127/3127/3127 3126/3126/3126 3119/3119/3119
f 3128/3128/3128 3125/3125/3125 3121/3121/3121
f 3128/3128/3128 3121/3121/3121 3126/3126/3126
f 3123/3123/3123 3129/3129/3129 3122/3122/3122
f 3130/3130/3130 3123/3123/3123 3125/3125/3125
f 3129/3129/3129 3123/3123/3123 3130/3130/3130
f 3131/3131/3131 3130/3130/3130 3125/3125/3125
f 3131/3131/3131 3125/3125/3125 3128/3128/3128
f 3132/3132/3132 3124/3124/3124 3122/3122/3122
f 3129/3129/3129 3132/3132/3132 3122/3122/3122
f 3133/3133/3133 3129/3129/3129 3130/3130/3130
f 3130/3130/3130 3131/3131/3131 3133/3133/3133
f 3133/3133/3133 3134/3134/3134 3129/3129/3129
f 3134/3134/3134 3132/3132/3132 3129/3129/3129
f 3131/3131/3131 3135/3135/3135 3133/3133/3133
f 3133/3133/3133 3135/3135/3135 3134/3134/3134
f 3136/3136/3136 3128/3128/3128 3126/3126/3126
f 3137/3137/3137 3131/3131/3131 3128/3128/3128
f 3128/3128/3128 3136/3136/3136 3137/3137/3137
f 3131/3131/3131 3137/3137/3137 3138/3138/3138
f 3135/3135/3135 3131/3131/3131 3138/3138/3138
f 3136/3136/3136 3138/3138/3138 3137/3137/3137
f 3139/3139/3139 3136/3136/3136 3126/3126/3126
f 3127/3127/3127 3139/3139/3139 3126/3126/3126
f 3140/3140/3140 3138/3138/3138 3136/3136/3136
f 3135/3135/3135 3138/3138/3138 3140/3140/3140
f 3139/3139/3139 3140/3140/3140 3136/3136/3136
f 3135/3135/3135 3141/3141/3141 3134/3134/3134
f 3141/3141/3141 3135/3135/3135 3140/3140/3140
f 3134/3134/3134 3142/3142/3142 3132/3132/3132
f 3134/3134/3134 3141/3141/3141 3142/3142/3142
f 3143/3143/3143 3140/3140/3140 3139/3139/3139
f 3141/3141/3141 3140/3140/3140 3143/3143/3143
f 3144/3144/3144 3139/3139/3139 3127/3127/3127
f 3144/3144/3144 3143/3143/3143 3139/3139/3139
f 3145/3145/3145 3141/3141/3141 3143/3143/3143
f 3141/3141/3141 3145/3145/3145 3142/3142/3142
f 3145/3145/3145 3143/3143/3143 3144/3144/3144
f 3142/3142/3142 3146/3146/3146 3132/3132/3132
f 3142/3142/3142 3145/3145/3145 3146/3146/3146
f 3132/3132/3132 3146/3146/3146 3124/3124/3124
f 3147/3147/3147 3144/3144/3144 3127/3127/3127
f 3147/3147/3147 3127/3127/3127 3116/3116/3116
f 3148/3148/3148 3145/3145/3145 3144/3144/3144
f 3145/3145/3145 3148/3148/3148 3146/3146/3146
f 3148/3148/3148 3144/3144/3144 3147/3147/3147
f 3146/3146/3146 3149/3149/3149 3124/3124/3124
f 3146/3146/3146 3148/3148/3148 3149/3149/3149
f 3124/3124/3124 3149/3149/3149 3112/3112/3112
f 3150/3150/3150 3147/3147/3147 3116/3116/3116
f 3150/3150/3150 3116/3116/3116 3049/3049/3049
f 3151/3151/3151 3148/3148/3148 3147/3147/3147
f 3148/3148/3148 3151/3151/3151 3149/3149/3149
f 3151/3151/3151 3147/3147/3147 3150/3150/3150
f 3149/3149/3149 3152/3152/3152 3112/3112/3112
f 3149/3149/3149 3151/3151/3151 3152/3152/3152
f 3112/3112/3112 3152/3152/3152 3050/3050/3050
f 3153/3153/3153 3150/3150/3150 3049/3049/3049
f 3153/3153/3153 3151/3151/3151 3150/3150/3150
f 3151/3151/3151 3153/3153/3153 3152/3152/3152
f 3152/3152/3152 3153/3153/3153 3050/3050/3050
f 3048/3048/3048 3153/3153/3153 3049/3049/3049
f 3153/3153/3153 3048/3048/3048 3050/3050/3050
f 3156/3156/3156 3155/3155/3155 3154/3154/3154
f 3157/3157/3157 3156/3156/3156 3154/3154/3154
f 3154/3154/3154 3155/3155/3155 3158/3158/3158
f 3159/3159/3159 3156/3156/3156 3157/3157/3157
f 3155/3155/3155 3160/3160/3160 3158/3158/3158
f 3161/3161/3161 3159/3159/3159 3157/3157/3157
f 3158/3158/3158 3160/3160/3160 3162/3162/3162
f 3163/3163/3163 3159/3159/3159 3161/3161/3161
f 3160/3160/3160 3164/3164/3164 3162/3162/3162
f 3165/3165/3165 3163/3163/3163 3161/3161/3161
f 3162/3162/3162 3164/3164/3164 3166/3166/3166
f 3167/3167/3167 3163/3163/3163 3165/3165/3165
f 3164/3164/3164 3168/3168/3168 3166/3166/3166
f 3169/3169/3169 3167/3167/3167 3165/3165/3165
f 3166/3166/3166 3168/3168/3168 3170/3170/3170
f 3171/3171/3171 3167/3167/3167 3169/3169/3169
f 3168/3168/3168 3172/3172/3172 3170/3170/3170
f 3173/3173/3173 3171/3171/3171 3169/3169/3169
f 3170/3170/3170 3172/3172/3172 3174/3174/3174
f 3175/3175/3175 3171/3171/3171 3173/3173/3173
f 3172/3172/3172 3176/3176/3176 3174/3174/3174
f 3177/3177/3177 3175/3175/3175 3173/3173/3173
f 3174/3174/3174 3176/3176/3176 3178/3178/3178
f 3179/3179/3179 3175/3175/3175 3177/3177/3177
f 3176/3176/3176 3180/3180/3180 3178/3178/3178
f 3181/3181/3181 3179/3179/3179 3177/3177/3177
f 3178/3178/3178 3180/3180/3180 3182/3182/3182
f 3183/3183/3183 3179/3179/3179 3181/3181/3181
f 3180/3180/3180 3184/3184/3184 3182/3182/3182
f 3185/3185/3185 3183/3183/3183 3181/3181/3181
f 3182/3182/3182 3184/3184/3184 3186/3186/3186
f 3187/3187/3187 3183/3183/3183 3185/3185/3185
f 3184/3184/3184 3188/3188/3188 3186/3186/3186
f 3189/3189/3189 3187/3187/3187 3185/3185/3185
f 3186/3186/3186 3188/3188/3188 3190/3190/3190
f 3191/3191/3191 3187/3187/3187 3189/3189/3189
f 3188/3188/3188 3192/3192/3192 3190/3190/3190
f 3193/3193/3193 3191/3191/3191 3189/3189/3189
f 3190/3190/3190 3192/3192/3192 3194/3194/3194
f 3195/3195/3195 3191/3191/3191 3193/3193/3193
f 3192/3192/3192 3196/3196/3196 3194/3194/3194
f 3197/3197/3197 3195/3195/3195 3193/3193/3193
f 3194/3194/3194 3196/3196/3196 3198/3198/3198
f 3199/3199/3199 3195/3195/3195 3197/3197/3197
f 3196/3196/3196 3200/3200/3200 3198/3198/3198
f 3201/3201/3201 3199/3199/3199 3197/3197/3197
f 3198/3198/3198 3200/3200/3200 3202/3202/3202
f 3203/3203/3203 3199/3199/3199 3201/3201/3201
f 3200/3200/3200 3204/3204/3204 3202/3202/3202
f 3205/3205/3205 3203/3203/3203 3201/3201/3201
f 3202/3202/3202 3204/3204/3204 3206/3206/3206
f 3207/3207/3207 3203/3203/3203 3205/3205/3205
f 3204/3204/3204 3208/3208/3208 3206/3206/3206
f 3209/3209/3209 3207/3207/3207 3205/3205/3205
f 3206/3206/3206 3208/3208/3208 3210/3210/3210
f 3211/3211/3211 3207/3207/3207 3209/3209/3209
f 3208/3208/3208 3212/3212/3212 3210/3210/3210
f 3213/3213/3213 3211/3211/3211 3209/3209/3209
f 3210/3210/3210 3212/3212/3212 3214/3214/3214
f 3215/3215/3215 3211/3211/3211 3213/3213/3213
f 3212/3212/3212 3216/3216/3216 3214/3214/3214
f 3217/3217/3217 3215/3215/3215 3213/3213/3213
f 3214/3214/3214 3216/3216/3216 3217/3217/3217
f 3216/3216/3216 3215/3215/3215 3217/3217/3217
f 3220/3220/3220 3219/3219/3219 3218/3218/3218
f 3221/3221/3221 3220/3220/3220 3218/3218/3218
f 3218/3218/3218 3219/3219/3219 3222/3222/3222
f 3223/3223/3223 3220/3220/3220 3221/3221/3221
f 3224/3224/3224 3223/3223/3223 3221/3221/3221
f 3225/3225/3225 3223/3223/3223 3224/3224/3224
f 3226/3226/3226 3225/3225/3225 3224/3224/3224
f 3219/3219/3219 3227/3227/3227 3222/3222/3222
f 3222/3222/3222 3227/3227/3227 3228/3228/3228
f 3229/3229/3229 3220/3220/3220 3223/3223/3223
f 3229/3229/3229 3223/3223/3223 3225/3225/3225
f 3230/3230/3230 3225/3225/3225 3226/3226/3226
f 3231/3231/3231 3230/3230/3230 3226/3226/3226
f 3227/3227/3227 3232/3232/3232 3228/3228/3228
f 3228/3228/3228 3232/3232/3232 3233/3233/3233
f 3234/3234/3234 3229/3229/3229 3225/3225/3225
f 3234/3234/3234 3225/3225/3225 3230/3230/3230
f 3235/3235/3235 3230/3230/3230 3231/3231/3231
f 3236/3236/3236 3235/3235/3235 3231/3231/3231
f 3232/3232/3232 3237/3237/3237 3233/3233/3233
f 3233/3233/3233 3237/3237/3237 3238/3238/3238
f 3239/3239/3239 3234/3234/3234 3230/3230/3230
f 3239/3239/3239 3230/3230/3230 3235/3235/3235
f 3240/3240/3240 3235/3235/3235 3236/3236/3236
f 3241/3241/3241 3240/3240/3240 3236/3236/3236
f 3237/3237/3237 3242/3242/3242 3238/3238/3238
f 3238/3238/3238 3242/3242/3242 3243/3243/3243
f 3242/3242/3242 3244/3244/3244 3243/3243/3243
f 3243/3243/3243 3244/3244/3244 3245/3245/3245
f 3246/3246/3246 3242/3242/3242 3237/3237/3237
f 3246/3246/3246 3244/3244/3244 3242/3242/3242
f 3247/3247/3247 3237/3237/3237 3232/3232/3232
f 3247/3247/3247 3246/3246/3246 3237/3237/3237
f 3248/3248/3248 3239/3239/3239 3235/3235/3235
f 3248/3248/3248 3235/3235/3235 3240/3240/3240
f 3249/3249/3249 3240/3240/3240 3241/3241/3241
f 3250/3250/3250 3249/3249/3249 3241/3241/3241
f 3240/3240/3240 3249/3249/3249 3251/3251/3251
f 3251/3251/3251 3249/3249/3249 3250/3250/3250
f 3251/3251/3251 3248/3248/3248 3240/3240/3240
f 3252/3252/3252 3251/3251/3251 3250/3250/3250
f 3248/3248/3248 3251/3251/3251 3252/3252/3252
f 3253/3253/3253 3248/3248/3248 3252/3252/3252
f 3239/3239/3239 3248/3248/3248 3253/3253/3253
f 3254/3254/3254 3239/3239/3239 3253/3253/3253
f 3234/3234/3234 3239/3239/3239 3254/3254/3254
f 3255/3255/3255 3234/3234/3234 3254/3254/3254
f 3229/3229/3229 3234/3234/3234 3255/3255/3255
f 3256/3256/3256 3229/3229/3229 3255/3255/3255
f 3257/3257/3257 3229/3229/3229 3256/3256/3256
f 3258/3258/3258 3257/3257/3257 3256/3256/3256
f 3229/3229/3229 3257/3257/3257 3220/3220/3220
f 3259/3259/3259 3257/3257/3257 3258/3258/3258
f 3257/3257/3257 3259/3259/3259 3220/3220/3220
f 3260/3260/3260 3259/3259/3259 3258/3258/3258
f 3259/3259/3259 3219/3219/3219 3220/3220/3220
f 3261/3261/3261 3259/3259/3259 3260/3260/3260
f 3259/3259/3259 3261/3261/3261 3219/3219/3219
f 3262/3262/3262 3261/3261/3261 3260/3260/3260
f 3261/3261/3261 3227/3227/3227 3219/3219/3219
f 3263/3263/3263 3261/3261/3261 3262/3262/3262
f 3261/3261/3261 3263/3263/3263 3227/3227/3227
f 3263/3263/3263 3232/3232/3232 3227/3227/3227
f 3264/3264/3264 3263/3263/3263 3262/3262/3262
f 3263/3263/3263 3247/3247/3247 3232/3232/3232
f 3247/3247/3247 3263/3263/3263 3264/3264/3264
f 3265/3265/3265 3247/3247/3247 3264/3264/3264
f 3246/3246/3246 3247/3247/3247 3265/3265/3265
f 3266/3266/3266 3246/3246/3246 3265/3265/3265
f 3267/3267/3267 3246/3246/3246 3266/3266/3266
f 3268/3268/3268 3267/3267/3267 3266/3266/3266
f 3246/3246/3246 3267/3267/3267 3244/3244/3244
f 3269/3269/3269 3267/3267/3267 3268/3268/3268
f 3267/3267/3267 3269/3269/3269 3244/3244/3244
f 3270/3270/3270 3269/3269/3269 3268/3268/3268
f 3269/3269/3269 3271/3271/3271 3244/3244/3244
f 3244/3244/3244 3271/3271/3271 3245/3245/3245
f 3245/3245/3245 3271/3271/3271 3272/3272/3272
f 3273/3273/3273 3269/3269/3269 3270/3270/3270
f 3269/3269/3269 3273/3273/3273 3271/3271/3271
f 3274/3274/3274 3273/3273/3273 3270/3270/3270
f 3271/3271/3271 3275/3275/3275 3272/3272/3272
f 3273/3273/3273 3275/3275/3275 3271/3271/3271
f 3272/3272/3272 3275/3275/3275 3276/3276/3276
f 3277/3277/3277 3273/3273/3273 3274/3274/3274
f 3273/3273/3273 3277/3277/3277 3275/3275/3275
f 3278/3278/3278 3277/3277/3277 3274/3274/3274
f 3275/3275/3275 3279/3279/3279 3276/3276/3276
f 3277/3277/3277 3279/3279/3279 3275/3275/3275
f 3276/3276/3276 3279/3279/3279 3280/3280/3280
f 3281/3281/3281 3277/3277/3277 3278/3278/3278
f 3280/3280/3280 3281/3281/3281 3278/3278/3278
f 3279/3279/3279 3281/3281/3281 3280/3280/3280
f 3277/3277/3277 3281/3281/3281 3279/3279/3279
f 3284/3284/3284 3283/3283/3283 3282/3282/3282
f 3283/3283/3283 3285/3285/3285 3282/3282/3282
f 3286/3286/3286 3285/3285/3285 3283/3283/3283
f 3284/3284/3284 3286/3286/3286 3283/3283/3283
f 3285/3285/3285 3287/3287/3287 3282/3282/3282
f 3285/3285/3285 3286/3286/3286 3287/3287/3287
f 3288/3288/3288 3284/3284/3284 3282/3282/3282
f 3282/3282/3282 3287/3287/3287 3288/3288/3288
f 3286/3286/3286 3289/3289/3289 3287/3287/3287
f 3289/3289/3289 3286/3286/3286 3284/3284/3284
f 3288/3288/3288 3289/3289/3289 3284/3284/3284
f 3287/3287/3287 3289/3289/3289 3288/3288/3288
f 3292/3292/3292 3291/3291/3291 3290/3290/3290
f 3291/3291/3291 3293/3293/3293 3290/3290/3290
f 3294/3294/3294 3293/3293/3293 3291/3291/3291
f 3292/3292/3292 3294/3294/3294 3291/3291/3291
f 3293/3293/3293 3295/3295/3295 3290/3290/3290
f 3293/3293/3293 3294/3294/3294 3295/3295/3295
f 3296/3296/3296 3292/3292/3292 3290/3290/3290
f 3290/3290/3290 3295/3295/3295 3296/3296/3296
f 3294/3294/3294 3297/3297/3297 3295/3295/3295
f 3297/3297/3297 3294/3294/3294 3292/3292/3292
f 3296/3296/3296 3297/3297/3297 3292/3292/3292
f 3295/3295/3295 3297/3297/3297 3296/3296/3296
f 3300/3300/3300 3299/3299/3299 3298/3298/3298
f 3299/3299/3299 3301/3301/3301 3298/3298/3298
f 3302/3302/3302 3301/3301/3301 3299/3299/3299
f 3300/3300/3300 3302/3302/3302 3299/3299/3299
f 3301/3301/3301 3303/3303/3303 3298/3298/3298
f 3301/3301/3301 3302/3302/3302 3303/3303/3303
f 3304/3304/3304 3300/3300/3300 3298/3298/3298
f 3298/3298/3298 3303/3303/3303 3304/3304/3304
f 3302/3302/3302 3305/3305/3305 3303/3303/3303
f 3305/3305/3305 3302/3302/3302 3300/3300/3300
f 3304/3304/3304 3305/3305/3305 3300/3300/3300
f 3303/3303/3303 3305/3305/3305 3304/3304/3304
f 3308/3308/3308 3307/3307/3307 3306/3306/3306
f 3307/3307/3307 3309/3309/3309 3306/3306/3306
f 3310/3310/3310 3309/3309/3309 3307/3307/3307
f 3308/3308/3308 3310/3310/3310 3307/3307/3307
f 3309/3309/3309 3311/3311/3311 3306/3306/3306
f 3309/3309/3309 3310/3310/3310 3311/3311/3311
f 3312/3312/3312 3308/3308/3308 3306/3306/3306
f 3306/3306/3306 3311/3311/3311 3312/3312/3312
f 3310/3310/3310 3313/3313/3313 3311/3311/3311
f 3313/3313/3313 3310/3310/3310 3308/3308/3308
f 3312/3312/3312 3313/3313/3313 3308/3308/3308
f 3311/3311/3311 3313/3313/3313 3312/3312/3312
f 3316/3316/3316 3315/3315/3315 3314/3314/3314
f 3317/3317/3317 3316/3316/3316 3314/3314/3314
f 3317/3317/3317 3318/3318/3318 3316/3316/3316
f 3318/3318/3318 3315/3315/3315 3316/3316/3316
f 3319/3319/3319 3317/3317/3317 3314/3314/3314
f 3318/3318/3318 3317/3317/3317 3319/3319/3319
f 3315/3315/3315 3320/3320/3320 3314/3314/3314
f 3319/3319/3319 3314/3314/3314 3320/3320/3320
f 3321/3321/3321 3318/3318/3318 3319/3319/3319
f 3318/3318/3318 3321/3321/3321 3315/3315/3315
f 3321/3321/3321 3320/3320/3320 3315/3315/3315
f 3321/3321/3321 3319/3319/3319 3320/3320/3320
f 3324/3324/3324 3323/3323/3323 3322/3322/3322
f 3325/3325/3325 3324/3324/3324 3322/3322/3322
f 3325/3325/3325 3326/3326/3326 3324/3324/3324
f 3326/3326/3326 3323/3323/3323 3324/3324/3324
f 3327/3327/3327 3325/3325/3325 3322/3322/3322
f 3326/3326/3326 3325/3325/3325 3327/3327/3327
f 3323/3323/3323 3328/3328/3328 3322/3322/3322
f 3327/3327/3327 3322/3322/3322 3328/3328/3328
f 3329/3329/3329 3326/3326/3326 3327/3327/3327
f 3326/3326/3326 3329/3329/3329 3323/3323/3323
f 3329/3329/3329 3328/3328/3328 3323/3323/3323
f 3329/3329/3329 3327/3327/3327 3328/3328/3328
f 3332/3332/3332 3331/3331/3331 3330/3330/3330
f 3333/3333/3333 3332/3332/3332 3330/3330/3330
f 3333/3333/3333 3334/3334/3334 3332/3332/3332
f 3334/3334/3334 3331/3331/3331 3332/3332/3332
f 3335/3335/3335 3333/3333/3333 3330/3330/3330
f 3334/3334/3334 3333/3333/3333 3335/3335/3335
f 3331/3331/3331 3336/3336/3336 3330/3330/3330
f 3335/3335/3335 3330/3330/3330 3336/3336/3336
f 3337/3337/3337 3334/3334/3334 3335/3335/3335
f 3334/3334/3334 3337/3337/3337 3331/3331/3331
f 3337/3337/3337 3336/3336/3336 3331/3331/3331
f 3337/3337/3337 3335/3335/3335 3336/3336/3336
f 3340/3340/3340 3339/3339/3339 3338/3338/3338
f 3341/3341/3341 3340/3340/3340 3338/3338/3338
f 3341/3341/3341 3342/3342/3342 3340/3340/3340
f 3342/3342/3342 3339/3339/3339 3340/3340/3340
f 3343/3343/3343 3341/3341/3341 3338/3338/3338
f 3342/3342/3342 3341/3341/3341 3343/3343/3343
f 3339/3339/3339 3344/3344/3344 3338/3338/3338
f 3343/3343/3343 3338/3338/3338 3344/3344/3344
f 3345/3345/3345 3342/3342/3342 3343/3343/3343
f 3342/3342/3342 3345/3345/3345 3339/3339/3339
f 3345/3345/3345 3344/3344/3344 3339/3339/3339
f 3345/3345/3345 3343/3343/3343 3344/3344/3344
f 3348/3348/3348 3347/3347/3347 3346/3346/3346
f 3348/3348/3348 3346/3346/3346 3349/3349/3349
f 3347/3347/3347 3348/3348/3348 3350/3350/3350
f 3350/3350/3350 3348/3348/3348 3349/3349/3349
f 3347/3347/3347 3351/3351/3351 3346/3346/3346
f 3346/3346/3346 3351/3351/3351 3352/3352/3352
f 3349/3349/3349 3346/3346/3346 3352/3352/3352
f 3351/3351/3351 3347/3347/3347 3353/3353/3353
f 3353/3353/3353 3347/3347/3347 3350/3350/3350
f 3352/3352/3352 3351/3351/3351 3353/3353/3353
f 3350/3350/3350 3349/3349/3349 3354/3354/3354
f 3355/3355/3355 3352/3352/3352 3353/3353/3353
f 3356/3356/3356 3355/3355/3355 3353/3353/3353
f 3357/3357/3357 3353/3353/3353 3350/3350/3350
f 3356/3356/3356 3353/3353/3353 3357/3357/3357
f 3350/3350/3350 3354/3354/3354 3358/3358/3358
f 3359/3359/3359 3357/3357/3357 3350/3350/3350
f 3359/3359/3359 3350/3350/3350 3358/3358/3358
f 3349/3349/3349 3352/3352/3352 3360/3360/3360
f 3352/3352/3352 3355/3355/3355 3361/3361/3361
f 3352/3352/3352 3361/3361/3361 3360/3360/3360
f 3349/3349/3349 3362/3362/3362 3354/3354/3354
f 3349/3349/3349 3360/3360/3360 3363/3363/3363
f 3362/3362/3362 3349/3349/3349 3363/3363/3363
f 3364/3364/3364 3357/3357/3357 3359/3359/3359
f 3359/3359/3359 3358/3358/3358 3365/3365/3365
f 3365/3365/3365 3364/3364/3364 3359/3359/3359
f 3357/3357/3357 3364/3364/3364 3366/3366/3366
f 3367/3367/3367 3356/3356/3356 3357/3357/3357
f 3367/3367/3367 3357/3357/3357 3366/3366/3366
f 3368/3368/3368 3364/3364/3364 3365/3365/3365
f 3364/3364/3364 3368/3368/3368 3366/3366/3366
f 3360/3360/3360 3361/3361/3361 3369/3369/3369
f 3361/3361/3361 3368/3368/3368 3369/3369/3369
f 3369/3369/3369 3368/3368/3368 3365/3365/3365
f 3360/3360/3360 3369/3369/3369 3370/3370/3370
f 3370/3370/3370 3369/3369/3369 3365/3365/3365
f 3363/3363/3363 3360/3360/3360 3370/3370/3370
f 3361/3361/3361 3371/3371/3371 3368/3368/3368
f 3355/3355/3355 3371/3371/3371 3361/3361/3361
f 3358/3358/3358 3372/3372/3372 3365/3365/3365
f 3372/3372/3372 3370/3370/3370 3365/3365/3365
f 3368/3368/3368 3373/3373/3373 3366/3366/3366
f 3371/3371/3371 3373/3373/3373 3368/3368/3368
f 3366/3366/3366 3374/3374/3374 3367/3367/3367
f 3373/3373/3373 3375/3375/3375 3366/3366/3366
f 3375/3375/3375 3374/3374/3374 3366/3366/3366
f 3374/3374/3374 3376/3376/3376 3367/3367/3367
f 3376/3376/3376 3374/3374/3374 3375/3375/3375
f 3367/3367/3367 3376/3376/3376 3356/3356/3356
f 3375/3375/3375 3373/3373/3373 3377/3377/3377
f 3373/3373/3373 3371/3371/3371 3377/3377/3377
f 3375/3375/3375 3377/3377/3377 3376/3376/3376
f 3377/3377/3377 3371/3371/3371 3378/3378/3378
f 3371/3371/3371 3355/3355/3355 3378/3378/3378
f 3377/3377/3377 3378/3378/3378 3376/3376/3376
f 3376/3376/3376 3379/3379/3379 3356/3356/3356
f 3378/3378/3378 3379/3379/3379 3376/3376/3376
f 3356/3356/3356 3380/3380/3380 3355/3355/3355
f 3355/3355/3355 3380/3380/3380 3378/3378/3378
f 3379/3379/3379 3381/3381/3381 3356/3356/3356
f 3378/3378/3378 3381/3381/3381 3379/3379/3379
f 3381/3381/3381 3380/3380/3380 3356/3356/3356
f 3380/3380/3380 3381/3381/3381 3378/3378/3378
f 3372/3372/3372 3358/3358/3358 3382/3382/3382
f 3383/3383/3383 3372/3372/3372 3382/3382/3382
f 3372/3372/3372 3383/3383/3383 3370/3370/3370
f 3383/3383/3383 3384/3384/3384 3370/3370/3370
f 3384/3384/3384 3383/3383/3383 3382/3382/3382
f 3370/3370/3370 3384/3384/3384 3363/3363/3363
f 3384/3384/3384 3385/3385/3385 3363/3363/3363
f 3382/3382/3382 3385/3385/3385 3384/3384/3384
f 3363/3363/3363 3385/3385/3385 3362/3362/3362
f 3382/3382/3382 3358/3358/3358 3386/3386/3386
f 3358/3358/3358 3354/3354/3354 3386/3386/3386
f 3382/3382/3382 3387/3387/3387 3385/3385/3385
f 3385/3385/3385 3387/3387/3387 3362/3362/3362
f 3382/3382/3382 3386/3386/3386 3387/3387/3387
f 3354/3354/3354 3388/3388/3388 3386/3386/3386
f 3362/3362/3362 3388/3388/3388 3354/3354/3354
f 3387/3387/3387 3389/3389/3389 3362/3362/3362
f 3386/3386/3386 3389/3389/3389 3387/3387/3387
f 3389/3389/3389 3388/3388/3388 3362/3362/3362
f 3388/3388/3388 3389/3389/3389 3386/3386/3386
g 02_Cloth_07_1
f 3392/3392/3392 3391/3391/3391 3390/3390/3390
f 3391/3391/3391 3393/3393/3393 3390/3390/3390
f 3390/3390/3390 3393/3393/3393 3394/3394/3394
f 3391/3391/3391 3395/3395/3395 3393/3393/3393
f 3393/3393/3393 3396/3396/3396 3394/3394/3394
f 3394/3394/3394 3396/3396/3396 3397/3397/3397
f 3396/3396/3396 3398/3398/3398 3397/3397/3397
f 3395/3395/3395 3399/3399/3399 3393/3393/3393
f 3393/3393/3393 3399/3399/3399 3396/3396/3396
f 3395/3395/3395 3400/3400/3400 3399/3399/3399
f 3396/3396/3396 3401/3401/3401 3398/3398/3398
f 3399/3399/3399 3401/3401/3401 3396/3396/3396
f 3401/3401/3401 3402/3402/3402 3398/3398/3398
f 3400/3400/3400 3403/3403/3403 3399/3399/3399
f 3399/3399/3399 3403/3403/3403 3401/3401/3401
f 3400/3400/3400 3404/3404/3404 3403/3403/3403
f 3401/3401/3401 3405/3405/3405 3402/3402/3402
f 3403/3403/3403 3405/3405/3405 3401/3401/3401
f 3405/3405/3405 3406/3406/3406 3402/3402/3402
f 3404/3404/3404 3407/3407/3407 3403/3403/3403
f 3403/3403/3403 3407/3407/3407 3405/3405/3405
f 3405/3405/3405 3408/3408/3408 3406/3406/3406
f 3407/3407/3407 3408/3408/3408 3405/3405/3405
f 3408/3408/3408 3409/3409/3409 3406/3406/3406
f 3409/3409/3409 3408/3408/3408 3410/3410/3410
f 3408/3408/3408 3411/3411/3411 3410/3410/3410
f 3408/3408/3408 3407/3407/3407 3411/3411/3411
f 3410/3410/3410 3411/3411/3411 3412/3412/3412
f 3407/3407/3407 3404/3404/3404 3413/3413/3413
f 3407/3407/3407 3413/3413/3413 3411/3411/3411
f 3404/3404/3404 3414/3414/3414 3413/3413/3413
f 3411/3411/3411 3415/3415/3415 3412/3412/3412
f 3411/3411/3411 3413/3413/3413 3415/3415/3415
f 3412/3412/3412 3415/3415/3415 3416/3416/3416
f 3413/3413/3413 3414/3414/3414 3417/3417/3417
f 3413/3413/3413 3417/3417/3417 3415/3415/3415
f 3414/3414/3414 3418/3418/3418 3417/3417/3417
f 3415/3415/3415 3419/3419/3419 3416/3416/3416
f 3415/3415/3415 3417/3417/3417 3419/3419/3419
f 3416/3416/3416 3419/3419/3419 3420/3420/3420
f 3419/3419/3419 3421/3421/3421 3420/3420/3420
f 3417/3417/3417 3418/3418/3418 3422/3422/3422
f 3417/3417/3417 3422/3422/3422 3419/3419/3419
f 3419/3419/3419 3422/3422/3422 3421/3421/3421
f 3418/3418/3418 3423/3423/3423 3422/3422/3422
f 3422/3422/3422 3424/3424/3424 3421/3421/3421
f 3422/3422/3422 3423/3423/3423 3424/3424/3424
f 3423/3423/3423 3425/3425/3425 3424/3424/3424
f 3428/3428/3428 3427/3427/3427 3426/3426/3426
f 3427/3427/3427 3428/3428/3428 3429/3429/3429
f 3430/3430/3430 3428/3428/3428 3426/3426/3426
f 3428/3428/3428 3430/3430/3430 3429/3429/3429
f 3431/3431/3431 3430/3430/3430 3426/3426/3426
f 3431/3431/3431 3426/3426/3426 3432/3432/3432
f 3430/3430/3430 3433/3433/3433 3429/3429/3429
f 3429/3429/3429 3433/3433/3433 3434/3434/3434
f 3432/3432/3432 3435/3435/3435 3431/3431/3431
f 3432/3432/3432 3436/3436/3436 3435/3435/3435
f 3437/3437/3437 3430/3430/3430 3431/3431/3431
f 3430/3430/3430 3437/3437/3437 3433/3433/3433
f 3438/3438/3438 3434/3434/3434 3433/3433/3433
f 3439/3439/3439 3434/3434/3434 3438/3438/3438
f 3435/3435/3435 3440/3440/3440 3431/3431/3431
f 3440/3440/3440 3437/3437/3437 3431/3431/3431
f 3441/3441/3441 3437/3437/3437 3440/3440/3440
f 3437/3437/3437 3442/3442/3442 3433/3433/3433
f 3442/3442/3442 3438/3438/3438 3433/3433/3433
f 3437/3437/3437 3441/3441/3441 3442/3442/3442
f 3435/3435/3435 3436/3436/3436 3443/3443/3443
f 3435/3435/3435 3443/3443/3443 3440/3440/3440
f 3439/3439/3439 3438/3438/3438 3444/3444/3444
f 3444/3444/3444 3438/3438/3438 3442/3442/3442
f 3445/3445/3445 3441/3441/3441 3440/3440/3440
f 3443/3443/3443 3445/3445/3445 3440/3440/3440
f 3436/3436/3436 3446/3446/3446 3443/3443/3443
f 3446/3446/3446 3436/3436/3436 3447/3447/3447
f 3443/3443/3443 3448/3448/3448 3445/3445/3445
f 3443/3443/3443 3446/3446/3446 3448/3448/3448
f 3449/3449/3449 3446/3446/3446 3447/3447/3447
f 3449/3449/3449 3447/3447/3447 3450/3450/3450
f 3451/3451/3451 3446/3446/3446 3449/3449/3449
f 3446/3446/3446 3451/3451/3451 3448/3448/3448
f 3452/3452/3452 3439/3439/3439 3444/3444/3444
f 3439/3439/3439 3452/3452/3452 3453/3453/3453
f 3445/3445/3445 3454/3454/3454 3441/3441/3441
f 3448/3448/3448 3454/3454/3454 3445/3445/3445
f 3455/3455/3455 3449/3449/3449 3450/3450/3450
f 3455/3455/3455 3451/3451/3451 3449/3449/3449
f 3452/3452/3452 3456/3456/3456 3453/3453/3453
f 3453/3453/3453 3456/3456/3456 3457/3457/3457
f 3451/3451/3451 3458/3458/3458 3448/3448/3448
f 3458/3458/3458 3459/3459/3459 3448/3448/3448
f 3448/3448/3448 3459/3459/3459 3454/3454/3454
f 3460/3460/3460 3458/3458/3458 3451/3451/3451
f 3455/3455/3455 3460/3460/3460 3451/3451/3451
f 3459/3459/3459 3461/3461/3461 3454/3454/3454
f 3462/3462/3462 3460/3460/3460 3455/3455/3455
f 3454/3454/3454 3461/3461/3461 3463/3463/3463
f 3461/3461/3461 3464/3464/3464 3463/3463/3463
f 3464/3464/3464 3465/3465/3465 3463/3463/3463
f 3454/3454/3454 3463/3463/3463 3441/3441/3441
f 3466/3466/3466 3462/3462/3462 3455/3455/3455
f 3466/3466/3466 3455/3455/3455 3450/3450/3450
f 3467/3467/3467 3462/3462/3462 3466/3466/3466
f 3465/3465/3465 3468/3468/3468 3463/3463/3463
f 3463/3463/3463 3468/3468/3468 3441/3441/3441
f 3465/3465/3465 3469/3469/3469 3468/3468/3468
f 3466/3466/3466 3450/3450/3450 3470/3470/3470
f 3470/3470/3470 3467/3467/3467 3466/3466/3466
f 3450/3450/3450 3471/3471/3471 3470/3470/3470
f 3472/3472/3472 3467/3467/3467 3470/3470/3470
f 3473/3473/3473 3470/3470/3470 3471/3471/3471
f 3473/3473/3473 3472/3472/3472 3470/3470/3470
f 3474/3474/3474 3473/3473/3473 3471/3471/3471
f 3475/3475/3475 3472/3472/3472 3473/3473/3473
f 3476/3476/3476 3473/3473/3473 3474/3474/3474
f 3476/3476/3476 3475/3475/3475 3473/3473/3473
f 3477/3477/3477 3476/3476/3476 3474/3474/3474
f 3478/3478/3478 3475/3475/3475 3476/3476/3476
f 3476/3476/3476 3477/3477/3477 3479/3479/3479
f 3479/3479/3479 3478/3478/3478 3476/3476/3476
f 3477/3477/3477 3480/3480/3480 3479/3479/3479
f 3481/3481/3481 3478/3478/3478 3479/3479/3479
f 3479/3479/3479 3480/3480/3480 3482/3482/3482
f 3483/3483/3483 3481/3481/3481 3479/3479/3479
f 3483/3483/3483 3479/3479/3479 3482/3482/3482
f 3484/3484/3484 3481/3481/3481 3483/3483/3483
f 3483/3483/3483 3482/3482/3482 3485/3485/3485
f 3486/3486/3486 3484/3484/3484 3483/3483/3483
f 3486/3486/3486 3483/3483/3483 3485/3485/3485
f 3484/3484/3484 3486/3486/3486 3487/3487/3487
f 3487/3487/3487 3486/3486/3486 3485/3485/3485
f 3488/3488/3488 3484/3484/3484 3487/3487/3487
f 3489/3489/3489 3487/3487/3487 3485/3485/3485
f 3488/3488/3488 3487/3487/3487 3490/3490/3490
f 3490/3490/3490 3487/3487/3487 3489/3489/3489
f 3491/3491/3491 3490/3490/3490 3489/3489/3489
f 3492/3492/3492 3488/3488/3488 3490/3490/3490
f 3491/3491/3491 3493/3493/3493 3490/3490/3490
f 3492/3492/3492 3490/3490/3490 3494/3494/3494
f 3493/3493/3493 3494/3494/3494 3490/3490/3490
f 3495/3495/3495 3492/3492/3492 3494/3494/3494
f 3494/3494/3494 3493/3493/3493 3496/3496/3496
f 3495/3495/3495 3494/3494/3494 3497/3497/3497
f 3497/3497/3497 3494/3494/3494 3496/3496/3496
f 3498/3498/3498 3495/3495/3495 3497/3497/3497
f 3497/3497/3497 3496/3496/3496 3499/3499/3499
f 3498/3498/3498 3497/3497/3497 3500/3500/3500
f 3500/3500/3500 3497/3497/3497 3499/3499/3499
f 3501/3501/3501 3498/3498/3498 3500/3500/3500
f 3499/3499/3499 3457/3457/3457 3500/3500/3500
f 3501/3501/3501 3500/3500/3500 3502/3502/3502
f 3457/3457/3457 3502/3502/3502 3500/3500/3500
f 3503/3503/3503 3501/3501/3501 3502/3502/3502
f 3504/3504/3504 3502/3502/3502 3457/3457/3457
f 3503/3503/3503 3502/3502/3502 3504/3504/3504
f 3456/3456/3456 3504/3504/3504 3457/3457/3457
f 3505/3505/3505 3503/3503/3503 3504/3504/3504
f 3506/3506/3506 3504/3504/3504 3456/3456/3456
f 3505/3505/3505 3504/3504/3504 3506/3506/3506
f 3452/3452/3452 3506/3506/3506 3456/3456/3456
f 3507/3507/3507 3505/3505/3505 3506/3506/3506
f 3506/3506/3506 3452/3452/3452 3508/3508/3508
f 3507/3507/3507 3506/3506/3506 3508/3508/3508
f 3469/3469/3469 3507/3507/3507 3508/3508/3508
f 3452/3452/3452 3444/3444/3444 3508/3508/3508
f 3469/3469/3469 3508/3508/3508 3468/3468/3468
f 3508/3508/3508 3444/3444/3444 3509/3509/3509
f 3468/3468/3468 3508/3508/3508 3509/3509/3509
f 3509/3509/3509 3444/3444/3444 3442/3442/3442
f 3468/3468/3468 3509/3509/3509 3441/3441/3441
f 3441/3441/3441 3509/3509/3509 3442/3442/3442
f 3512/3512/3512 3511/3511/3511 3510/3510/3510
f 3512/3512/3512 3513/3513/3513 3511/3511/3511
f 3511/3511/3511 3514/3514/3514 3510/3510/3510
f 3515/3515/3515 3510/3510/3510 3514/3514/3514
f 3513/3513/3513 3516/3516/3516 3511/3511/3511
f 3517/3517/3517 3516/3516/3516 3513/3513/3513
f 3518/3518/3518 3517/3517/3517 3513/3513/3513
f 3519/3519/3519 3517/3517/3517 3518/3518/3518
f 3520/3520/3520 3519/3519/3519 3518/3518/3518
f 3519/3519/3519 3520/3520/3520 3521/3521/3521
f 3522/3522/3522 3519/3519/3519 3521/3521/3521
f 3522/3522/3522 3521/3521/3521 3523/3523/3523
f 3522/3522/3522 3524/3524/3524 3519/3519/3519
f 3525/3525/3525 3522/3522/3522 3523/3523/3523
f 3525/3525/3525 3524/3524/3524 3522/3522/3522
f 3525/3525/3525 3523/3523/3523 3526/3526/3526
f 3523/3523/3523 3527/3527/3527 3526/3526/3526
f 3526/3526/3526 3527/3527/3527 3515/3515/3515
f 3519/3519/3519 3528/3528/3528 3517/3517/3517
f 3524/3524/3524 3528/3528/3528 3519/3519/3519
f 3529/3529/3529 3525/3525/3525 3526/3526/3526
f 3529/3529/3529 3524/3524/3524 3525/3525/3525
f 3530/3530/3530 3524/3524/3524 3529/3529/3529
f 3531/3531/3531 3526/3526/3526 3515/3515/3515
f 3531/3531/3531 3515/3515/3515 3514/3514/3514
f 3532/3532/3532 3529/3529/3529 3526/3526/3526
f 3530/3530/3530 3529/3529/3529 3532/3532/3532
f 3533/3533/3533 3532/3532/3532 3526/3526/3526
f 3531/3531/3531 3533/3533/3533 3526/3526/3526
f 3534/3534/3534 3532/3532/3532 3533/3533/3533
f 3534/3534/3534 3530/3530/3530 3532/3532/3532
f 3531/3531/3531 3535/3535/3535 3533/3533/3533
f 3535/3535/3535 3534/3534/3534 3533/3533/3533
f 3524/3524/3524 3536/3536/3536 3528/3528/3528
f 3536/3536/3536 3524/3524/3524 3530/3530/3530
f 3537/3537/3537 3531/3531/3531 3514/3514/3514
f 3537/3537/3537 3535/3535/3535 3531/3531/3531
f 3514/3514/3514 3538/3538/3538 3537/3537/3537
f 3538/3538/3538 3539/3539/3539 3537/3537/3537
f 3534/3534/3534 3540/3540/3540 3530/3530/3530
f 3535/3535/3535 3540/3540/3540 3534/3534/3534
f 3537/3537/3537 3541/3541/3541 3535/3535/3535
f 3539/3539/3539 3541/3541/3541 3537/3537/3537
f 3542/3542/3542 3538/3538/3538 3514/3514/3514
f 3511/3511/3511 3542/3542/3542 3514/3514/3514
f 3511/3511/3511 3543/3543/3543 3542/3542/3542
f 3543/3543/3543 3511/3511/3511 3516/3516/3516
f 3544/3544/3544 3540/3540/3540 3535/3535/3535
f 3541/3541/3541 3544/3544/3544 3535/3535/3535
f 3545/3545/3545 3538/3538/3538 3542/3542/3542
f 3543/3543/3543 3545/3545/3545 3542/3542/3542
f 3530/3530/3530 3540/3540/3540 3546/3546/3546
f 3540/3540/3540 3544/3544/3544 3547/3547/3547
f 3547/3547/3547 3546/3546/3546 3540/3540/3540
f 3546/3546/3546 3548/3548/3548 3530/3530/3530
f 3548/3548/3548 3536/3536/3536 3530/3530/3530
f 3536/3536/3536 3548/3548/3548 3549/3549/3549
f 3536/3536/3536 3549/3549/3549 3528/3528/3528
f 3528/3528/3528 3549/3549/3549 3550/3550/3550
f 3548/3548/3548 3551/3551/3551 3549/3549/3549
f 3550/3550/3550 3549/3549/3549 3551/3551/3551
f 3552/3552/3552 3548/3548/3548 3546/3546/3546
f 3548/3548/3548 3552/3552/3552 3551/3551/3551
f 3553/3553/3553 3528/3528/3528 3550/3550/3550
f 3528/3528/3528 3553/3553/3553 3517/3517/3517
f 3517/3517/3517 3553/3553/3553 3554/3554/3554
f 3517/3517/3517 3554/3554/3554 3516/3516/3516
f 3555/3555/3555 3553/3553/3553 3550/3550/3550
f 3554/3554/3554 3553/3553/3553 3555/3555/3555
f 3516/3516/3516 3554/3554/3554 3556/3556/3556
f 3556/3556/3556 3543/3543/3543 3516/3516/3516
f 3557/3557/3557 3554/3554/3554 3555/3555/3555
f 3554/3554/3554 3557/3557/3557 3556/3556/3556
f 3556/3556/3556 3558/3558/3558 3543/3543/3543
f 3557/3557/3557 3558/3558/3558 3556/3556/3556
f 3558/3558/3558 3545/3545/3545 3543/3543/3543
f 3557/3557/3557 3555/3555/3555 3559/3559/3559
f 3555/3555/3555 3550/3550/3550 3559/3559/3559
f 3557/3557/3557 3560/3560/3560 3558/3558/3558
f 3560/3560/3560 3557/3557/3557 3559/3559/3559
f 3545/3545/3545 3558/3558/3558 3561/3561/3561
f 3560/3560/3560 3561/3561/3561 3558/3558/3558
f 3562/3562/3562 3545/3545/3545 3561/3561/3561
f 3545/3545/3545 3562/3562/3562 3538/3538/3538
f 3550/3550/3550 3563/3563/3563 3559/3559/3559
f 3559/3559/3559 3564/3564/3564 3560/3560/3560
f 3559/3559/3559 3563/3563/3563 3564/3564/3564
f 3550/3550/3550 3565/3565/3565 3563/3563/3563
f 3565/3565/3565 3550/3550/3550 3551/3551/3551
f 3560/3560/3560 3566/3566/3566 3561/3561/3561
f 3564/3564/3564 3566/3566/3566 3560/3560/3560
f 3563/3563/3563 3567/3567/3567 3564/3564/3564
f 3567/3567/3567 3563/3563/3563 3565/3565/3565
f 3567/3567/3567 3565/3565/3565 3568/3568/3568
f 3565/3565/3565 3551/3551/3551 3569/3569/3569
f 3565/3565/3565 3569/3569/3569 3568/3568/3568
f 3570/3570/3570 3564/3564/3564 3567/3567/3567
f 3566/3566/3566 3564/3564/3564 3570/3570/3570
f 3551/3551/3551 3571/3571/3571 3569/3569/3569
f 3552/3552/3552 3571/3571/3571 3551/3551/3551
f 3567/3567/3567 3568/3568/3568 3572/3572/3572
f 3572/3572/3572 3570/3570/3570 3567/3567/3567
f 3573/3573/3573 3570/3570/3570 3572/3572/3572
f 3574/3574/3574 3566/3566/3566 3570/3570/3570
f 3574/3574/3574 3570/3570/3570 3573/3573/3573
f 3566/3566/3566 3575/3575/3575 3561/3561/3561
f 3566/3566/3566 3574/3574/3574 3576/3576/3576
f 3575/3575/3575 3566/3566/3566 3576/3576/3576
f 3575/3575/3575 3577/3577/3577 3561/3561/3561
f 3577/3577/3577 3562/3562/3562 3561/3561/3561
f 3575/3575/3575 3576/3576/3576 3578/3578/3578
f 3577/3577/3577 3575/3575/3575 3578/3578/3578
f 3562/3562/3562 3577/3577/3577 3579/3579/3579
f 3562/3562/3562 3579/3579/3579 3538/3538/3538
f 3577/3577/3577 3578/3578/3578 3580/3580/3580
f 3577/3577/3577 3580/3580/3580 3579/3579/3579
f 3579/3579/3579 3581/3581/3581 3538/3538/3538
f 3538/3538/3538 3581/3581/3581 3539/3539/3539
f 3582/3582/3582 3581/3581/3581 3579/3579/3579
f 3580/3580/3580 3582/3582/3582 3579/3579/3579
f 3582/3582/3582 3539/3539/3539 3581/3581/3581
f 3583/3583/3583 3582/3582/3582 3580/3580/3580
f 3539/3539/3539 3582/3582/3582 3583/3583/3583
f 3576/3576/3576 3574/3574/3574 3584/3584/3584
f 3578/3578/3578 3576/3576/3576 3585/3585/3585
f 3576/3576/3576 3584/3584/3584 3585/3585/3585
f 3578/3578/3578 3586/3586/3586 3580/3580/3580
f 3578/3578/3578 3585/3585/3585 3586/3586/3586
f 3587/3587/3587 3583/3583/3583 3580/3580/3580
f 3586/3586/3586 3587/3587/3587 3580/3580/3580
f 3583/3583/3583 3588/3588/3588 3539/3539/3539
f 3583/3583/3583 3587/3587/3587 3588/3588/3588
f 3574/3574/3574 3589/3589/3589 3584/3584/3584
f 3589/3589/3589 3574/3574/3574 3573/3573/3573
f 3589/3589/3589 3590/3590/3590 3584/3584/3584
f 3589/3589/3589 3573/3573/3573 3590/3590/3590
f 3584/3584/3584 3591/3591/3591 3585/3585/3585
f 3590/3590/3590 3591/3591/3591 3584/3584/3584
f 3588/3588/3588 3592/3592/3592 3539/3539/3539
f 3539/3539/3539 3592/3592/3592 3541/3541/3541
f 3592/3592/3592 3593/3593/3593 3541/3541/3541
f 3541/3541/3541 3593/3593/3593 3544/3544/3544
f 3593/3593/3593 3594/3594/3594 3544/3544/3544
f 3544/3544/3544 3594/3594/3594 3547/3547/3547
f 3594/3594/3594 3595/3595/3595 3547/3547/3547
f 3547/3547/3547 3595/3595/3595 3546/3546/3546
f 3595/3595/3595 3596/3596/3596 3546/3546/3546
f 3596/3596/3596 3552/3552/3552 3546/3546/3546
f 3597/3597/3597 3552/3552/3552 3596/3596/3596
f 3552/3552/3552 3597/3597/3597 3571/3571/3571
f 3588/3588/3588 3598/3598/3598 3592/3592/3592
f 3592/3592/3592 3599/3599/3599 3593/3593/3593
f 3598/3598/3598 3599/3599/3599 3592/3592/3592
f 3593/3593/3593 3600/3600/3600 3594/3594/3594
f 3599/3599/3599 3600/3600/3600 3593/3593/3593
f 3594/3594/3594 3601/3601/3601 3595/3595/3595
f 3600/3600/3600 3601/3601/3601 3594/3594/3594
f 3595/3595/3595 3602/3602/3602 3596/3596/3596
f 3601/3601/3601 3602/3602/3602 3595/3595/3595
f 3602/3602/3602 3603/3603/3603 3596/3596/3596
f 3603/3603/3603 3597/3597/3597 3596/3596/3596
f 3602/3602/3602 3604/3604/3604 3603/3603/3603
f 3601/3601/3601 3604/3604/3604 3602/3602/3602
f 3588/3588/3588 3568/3568/3568 3598/3598/3598
f 3568/3568/3568 3588/3588/3588 3587/3587/3587
f 3603/3603/3603 3605/3605/3605 3597/3597/3597
f 3604/3604/3604 3605/3605/3605 3603/3603/3603
f 3572/3572/3572 3568/3568/3568 3587/3587/3587
f 3572/3572/3572 3587/3587/3587 3606/3606/3606
f 3606/3606/3606 3587/3587/3587 3586/3586/3586
f 3573/3573/3573 3572/3572/3572 3606/3606/3606
f 3568/3568/3568 3607/3607/3607 3598/3598/3598
f 3568/3568/3568 3569/3569/3569 3607/3607/3607
f 3608/3608/3608 3606/3606/3606 3586/3586/3586
f 3585/3585/3585 3608/3608/3608 3586/3586/3586
f 3585/3585/3585 3609/3609/3609 3608/3608/3608
f 3591/3591/3591 3609/3609/3609 3585/3585/3585
f 3608/3608/3608 3610/3610/3610 3606/3606/3606
f 3609/3609/3609 3610/3610/3610 3608/3608/3608
f 3573/3573/3573 3606/3606/3606 3611/3611/3611
f 3606/3606/3606 3610/3610/3610 3611/3611/3611
f 3569/3569/3569 3612/3612/3612 3607/3607/3607
f 3569/3569/3569 3571/3571/3571 3612/3612/3612
f 3613/3613/3613 3573/3573/3573 3611/3611/3611
f 3590/3590/3590 3573/3573/3573 3613/3613/3613
f 3590/3590/3590 3614/3614/3614 3591/3591/3591
f 3614/3614/3614 3590/3590/3590 3613/3613/3613
f 3591/3591/3591 3615/3615/3615 3609/3609/3609
f 3614/3614/3614 3615/3615/3615 3591/3591/3591
f 3609/3609/3609 3616/3616/3616 3610/3610/3610
f 3615/3615/3615 3616/3616/3616 3609/3609/3609
f 3571/3571/3571 3617/3617/3617 3612/3612/3612
f 3597/3597/3597 3617/3617/3617 3571/3571/3571
f 3597/3597/3597 3618/3618/3618 3617/3617/3617
f 3605/3605/3605 3618/3618/3618 3597/3597/3597
f 3617/3617/3617 3619/3619/3619 3612/3612/3612
f 3618/3618/3618 3619/3619/3619 3617/3617/3617
f 3616/3616/3616 3620/3620/3620 3610/3610/3610
f 3611/3611/3611 3610/3610/3610 3620/3620/3620
f 3619/3619/3619 3621/3621/3621 3612/3612/3612
f 3612/3612/3612 3621/3621/3621 3607/3607/3607
f 3621/3621/3621 3622/3622/3622 3607/3607/3607
f 3607/3607/3607 3622/3622/3622 3598/3598/3598
f 3622/3622/3622 3623/3623/3623 3598/3598/3598
f 3598/3598/3598 3623/3623/3623 3599/3599/3599
f 3599/3599/3599 3623/3623/3623 3624/3624/3624
f 3599/3599/3599 3624/3624/3624 3600/3600/3600
f 3624/3624/3624 3625/3625/3625 3600/3600/3600
f 3600/3600/3600 3625/3625/3625 3601/3601/3601
f 3624/3624/3624 3623/3623/3623 3626/3626/3626
f 3624/3624/3624 3626/3626/3626 3625/3625/3625
f 3625/3625/3625 3627/3627/3627 3601/3601/3601
f 3627/3627/3627 3604/3604/3604 3601/3601/3601
f 3626/3626/3626 3628/3628/3628 3625/3625/3625
f 3625/3625/3625 3628/3628/3628 3627/3627/3627
f 3629/3629/3629 3604/3604/3604 3627/3627/3627
f 3604/3604/3604 3629/3629/3629 3605/3605/3605
f 3628/3628/3628 3630/3630/3630 3627/3627/3627
f 3630/3630/3630 3629/3629/3629 3627/3627/3627
f 3629/3629/3629 3631/3631/3631 3605/3605/3605
f 3605/3605/3605 3631/3631/3631 3618/3618/3618
f 3632/3632/3632 3629/3629/3629 3630/3630/3630
f 3629/3629/3629 3632/3632/3632 3631/3631/3631
f 3631/3631/3631 3633/3633/3633 3618/3618/3618
f 3618/3618/3618 3633/3633/3633 3619/3619/3619
f 3631/3631/3631 3632/3632/3632 3634/3634/3634
f 3631/3631/3631 3634/3634/3634 3633/3633/3633
f 3633/3633/3633 3635/3635/3635 3619/3619/3619
f 3619/3619/3619 3635/3635/3635 3621/3621/3621
f 3634/3634/3634 3636/3636/3636 3633/3633/3633
f 3633/3633/3633 3636/3636/3636 3635/3635/3635
f 3635/3635/3635 3637/3637/3637 3621/3621/3621
f 3621/3621/3621 3637/3637/3637 3622/3622/3622
f 3636/3636/3636 3638/3638/3638 3635/3635/3635
f 3635/3635/3635 3638/3638/3638 3637/3637/3637
f 3637/3637/3637 3639/3639/3639 3622/3622/3622
f 3622/3622/3622 3639/3639/3639 3623/3623/3623
f 3638/3638/3638 3640/3640/3640 3637/3637/3637
f 3637/3637/3637 3640/3640/3640 3639/3639/3639
f 3639/3639/3639 3641/3641/3641 3623/3623/3623
f 3623/3623/3623 3641/3641/3641 3626/3626/3626
f 3626/3626/3626 3641/3641/3641 3642/3642/3642
f 3626/3626/3626 3642/3642/3642 3628/3628/3628
f 3639/3639/3639 3643/3643/3643 3641/3641/3641
f 3641/3641/3641 3643/3643/3643 3642/3642/3642
f 3642/3642/3642 3644/3644/3644 3628/3628/3628
f 3628/3628/3628 3644/3644/3644 3630/3630/3630
f 3640/3640/3640 3645/3645/3645 3639/3639/3639
f 3645/3645/3645 3643/3643/3643 3639/3639/3639
f 3642/3642/3642 3643/3643/3643 3646/3646/3646
f 3642/3642/3642 3646/3646/3646 3644/3644/3644
f 3644/3644/3644 3647/3647/3647 3630/3630/3630
f 3647/3647/3647 3632/3632/3632 3630/3630/3630
f 3643/3643/3643 3645/3645/3645 3648/3648/3648
f 3643/3643/3643 3648/3648/3648 3646/3646/3646
f 3644/3644/3644 3649/3649/3649 3647/3647/3647
f 3646/3646/3646 3649/3649/3649 3644/3644/3644
f 3650/3650/3650 3632/3632/3632 3647/3647/3647
f 3650/3650/3650 3634/3634/3634 3632/3632/3632
f 3649/3649/3649 3651/3651/3651 3647/3647/3647
f 3651/3651/3651 3650/3650/3650 3647/3647/3647
f 3640/3640/3640 3652/3652/3652 3645/3645/3645
f 3645/3645/3645 3653/3653/3653 3648/3648/3648
f 3652/3652/3652 3653/3653/3653 3645/3645/3645
f 3648/3648/3648 3654/3654/3654 3646/3646/3646
f 3653/3653/3653 3654/3654/3654 3648/3648/3648
f 3646/3646/3646 3655/3655/3655 3649/3649/3649
f 3654/3654/3654 3655/3655/3655 3646/3646/3646
f 3649/3649/3649 3656/3656/3656 3651/3651/3651
f 3655/3655/3655 3656/3656/3656 3649/3649/3649
f 3651/3651/3651 3657/3657/3657 3650/3650/3650
f 3656/3656/3656 3657/3657/3657 3651/3651/3651
f 3650/3650/3650 3658/3658/3658 3634/3634/3634
f 3657/3657/3657 3658/3658/3658 3650/3650/3650
f 3659/3659/3659 3652/3652/3652 3640/3640/3640
f 3638/3638/3638 3659/3659/3659 3640/3640/3640
f 3658/3658/3658 3660/3660/3660 3634/3634/3634
f 3634/3634/3634 3660/3660/3660 3636/3636/3636
f 3636/3636/3636 3661/3661/3661 3638/3638/3638
f 3661/3661/3661 3659/3659/3659 3638/3638/3638
f 3660/3660/3660 3661/3661/3661 3636/3636/3636
f 3661/3661/3661 3662/3662/3662 3659/3659/3659
f 3660/3660/3660 3662/3662/3662 3661/3661/3661
f 3659/3659/3659 3663/3663/3663 3652/3652/3652
f 3662/3662/3662 3663/3663/3663 3659/3659/3659
f 3663/3663/3663 3664/3664/3664 3652/3652/3652
f 3652/3652/3652 3664/3664/3664 3653/3653/3653
f 3656/3656/3656 3665/3665/3665 3657/3657/3657
f 3657/3657/3657 3666/3666/3666 3658/3658/3658
f 3665/3665/3665 3666/3666/3666 3657/3657/3657
f 3658/3658/3658 3667/3667/3667 3660/3660/3660
f 3666/3666/3666 3667/3667/3667 3658/3658/3658
f 3660/3660/3660 3668/3668/3668 3662/3662/3662
f 3667/3667/3667 3668/3668/3668 3660/3660/3660
f 3669/3669/3669 3667/3667/3667 3666/3666/3666
f 3668/3668/3668 3667/3667/3667 3669/3669/3669
f 3669/3669/3669 3666/3666/3666 3665/3665/3665
f 3668/3668/3668 3670/3670/3670 3662/3662/3662
f 3662/3662/3662 3670/3670/3670 3663/3663/3663
f 3670/3670/3670 3668/3668/3668 3669/3669/3669
f 3663/3663/3663 3671/3671/3671 3664/3664/3664
f 3670/3670/3670 3671/3671/3671 3663/3663/3663
f 3670/3670/3670 3669/3669/3669 3672/3672/3672
f 3671/3671/3671 3670/3670/3670 3672/3672/3672
f 3672/3672/3672 3669/3669/3669 3665/3665/3665
f 3671/3671/3671 3673/3673/3673 3664/3664/3664
f 3673/3673/3673 3671/3671/3671 3672/3672/3672
f 3664/3664/3664 3673/3673/3673 3653/3653/3653
f 3674/3674/3674 3672/3672/3672 3665/3665/3665
f 3674/3674/3674 3673/3673/3673 3672/3672/3672
f 3673/3673/3673 3675/3675/3675 3653/3653/3653
f 3653/3653/3653 3675/3675/3675 3654/3654/3654
f 3675/3675/3675 3673/3673/3673 3676/3676/3676
f 3675/3675/3675 3676/3676/3676 3654/3654/3654
f 3673/3673/3673 3674/3674/3674 3676/3676/3676
f 3654/3654/3654 3676/3676/3676 3655/3655/3655
f 3677/3677/3677 3674/3674/3674 3665/3665/3665
f 3676/3676/3676 3674/3674/3674 3677/3677/3677
f 3676/3676/3676 3677/3677/3677 3655/3655/3655
f 3677/3677/3677 3665/3665/3665 3656/3656/3656
f 3655/3655/3655 3677/3677/3677 3656/3656/3656
f 3680/3680/3680 3679/3679/3679 3678/3678/3678
f 3681/3681/3681 3679/3679/3679 3680/3680/3680
f 3682/3682/3682 3680/3680/3680 3678/3678/3678
f 3678/3678/3678 3683/3683/3683 3682/3682/3682
f 3684/3684/3684 3681/3681/3681 3680/3680/3680
f 3684/3684/3684 3685/3685/3685 3681/3681/3681
f 3685/3685/3685 3686/3686/3686 3681/3681/3681
f 3685/3685/3685 3687/3687/3687 3686/3686/3686
f 3687/3687/3687 3688/3688/3688 3686/3686/3686
f 3688/3688/3688 3687/3687/3687 3689/3689/3689
f 3687/3687/3687 3690/3690/3690 3689/3689/3689
f 3689/3689/3689 3690/3690/3690 3691/3691/3691
f 3692/3692/3692 3690/3690/3690 3687/3687/3687
f 3690/3690/3690 3693/3693/3693 3691/3691/3691
f 3692/3692/3692 3693/3693/3693 3690/3690/3690
f 3691/3691/3691 3693/3693/3693 3694/3694/3694
f 3695/3695/3695 3691/3691/3691 3694/3694/3694
f 3695/3695/3695 3694/3694/3694 3683/3683/3683
f 3696/3696/3696 3687/3687/3687 3685/3685/3685
f 3696/3696/3696 3692/3692/3692 3687/3687/3687
f 3693/3693/3693 3697/3697/3697 3694/3694/3694
f 3692/3692/3692 3697/3697/3697 3693/3693/3693
f 3692/3692/3692 3698/3698/3698 3697/3697/3697
f 3694/3694/3694 3699/3699/3699 3683/3683/3683
f 3683/3683/3683 3699/3699/3699 3682/3682/3682
f 3697/3697/3697 3700/3700/3700 3694/3694/3694
f 3697/3697/3697 3698/3698/3698 3700/3700/3700
f 3700/3700/3700 3701/3701/3701 3694/3694/3694
f 3701/3701/3701 3699/3699/3699 3694/3694/3694
f 3700/3700/3700 3702/3702/3702 3701/3701/3701
f 3698/3698/3698 3702/3702/3702 3700/3700/3700
f 3703/3703/3703 3699/3699/3699 3701/3701/3701
f 3702/3702/3702 3703/3703/3703 3701/3701/3701
f 3704/3704/3704 3692/3692/3692 3696/3696/3696
f 3692/3692/3692 3704/3704/3704 3698/3698/3698
f 3699/3699/3699 3705/3705/3705 3682/3682/3682
f 3703/3703/3703 3705/3705/3705 3699/3699/3699
f 3706/3706/3706 3682/3682/3682 3705/3705/3705
f 3707/3707/3707 3706/3706/3706 3705/3705/3705
f 3708/3708/3708 3702/3702/3702 3698/3698/3698
f 3708/3708/3708 3703/3703/3703 3702/3702/3702
f 3709/3709/3709 3705/3705/3705 3703/3703/3703
f 3709/3709/3709 3707/3707/3707 3705/3705/3705
f 3706/3706/3706 3710/3710/3710 3682/3682/3682
f 3710/3710/3710 3680/3680/3680 3682/3682/3682
f 3711/3711/3711 3680/3680/3680 3710/3710/3710
f 3680/3680/3680 3711/3711/3711 3684/3684/3684
f 3708/3708/3708 3712/3712/3712 3703/3703/3703
f 3712/3712/3712 3709/3709/3709 3703/3703/3703
f 3706/3706/3706 3713/3713/3713 3710/3710/3710
f 3713/3713/3713 3711/3711/3711 3710/3710/3710
f 3708/3708/3708 3698/3698/3698 3714/3714/3714
f 3712/3712/3712 3708/3708/3708 3715/3715/3715
f 3714/3714/3714 3715/3715/3715 3708/3708/3708
f 3716/3716/3716 3714/3714/3714 3698/3698/3698
f 3704/3704/3704 3716/3716/3716 3698/3698/3698
f 3716/3716/3716 3704/3704/3704 3717/3717/3717
f 3717/3717/3717 3704/3704/3704 3696/3696/3696
f 3717/3717/3717 3696/3696/3696 3718/3718/3718
f 3719/3719/3719 3716/3716/3716 3717/3717/3717
f 3717/3717/3717 3718/3718/3718 3719/3719/3719
f 3716/3716/3716 3720/3720/3720 3714/3714/3714
f 3720/3720/3720 3716/3716/3716 3719/3719/3719
f 3696/3696/3696 3721/3721/3721 3718/3718/3718
f 3721/3721/3721 3696/3696/3696 3685/3685/3685
f 3721/3721/3721 3685/3685/3685 3722/3722/3722
f 3722/3722/3722 3685/3685/3685 3684/3684/3684
f 3721/3721/3721 3723/3723/3723 3718/3718/3718
f 3721/3721/3721 3722/3722/3722 3723/3723/3723
f 3722/3722/3722 3684/3684/3684 3724/3724/3724
f 3711/3711/3711 3724/3724/3724 3684/3684/3684
f 3722/3722/3722 3725/3725/3725 3723/3723/3723
f 3725/3725/3725 3722/3722/3722 3724/3724/3724
f 3726/3726/3726 3724/3724/3724 3711/3711/3711
f 3726/3726/3726 3725/3725/3725 3724/3724/3724
f 3713/3713/3713 3726/3726/3726 3711/3711/3711
f 3723/3723/3723 3725/3725/3725 3727/3727/3727
f 3718/3718/3718 3723/3723/3723 3727/3727/3727
f 3728/3728/3728 3725/3725/3725 3726/3726/3726
f 3725/3725/3725 3728/3728/3728 3727/3727/3727
f 3726/3726/3726 3713/3713/3713 3729/3729/3729
f 3729/3729/3729 3728/3728/3728 3726/3726/3726
f 3713/3713/3713 3730/3730/3730 3729/3729/3729
f 3730/3730/3730 3713/3713/3713 3706/3706/3706
f 3731/3731/3731 3718/3718/3718 3727/3727/3727
f 3732/3732/3732 3727/3727/3727 3728/3728/3728
f 3731/3731/3731 3727/3727/3727 3732/3732/3732
f 3733/3733/3733 3718/3718/3718 3731/3731/3731
f 3718/3718/3718 3733/3733/3733 3719/3719/3719
f 3734/3734/3734 3728/3728/3728 3729/3729/3729
f 3734/3734/3734 3732/3732/3732 3728/3728/3728
f 3735/3735/3735 3731/3731/3731 3732/3732/3732
f 3731/3731/3731 3735/3735/3735 3733/3733/3733
f 3733/3733/3733 3735/3735/3735 3736/3736/3736
f 3719/3719/3719 3733/3733/3733 3737/3737/3737
f 3737/3737/3737 3733/3733/3733 3736/3736/3736
f 3732/3732/3732 3738/3738/3738 3735/3735/3735
f 3732/3732/3732 3734/3734/3734 3738/3738/3738
f 3739/3739/3739 3719/3719/3719 3737/3737/3737
f 3739/3739/3739 3720/3720/3720 3719/3719/3719
f 3736/3736/3736 3735/3735/3735 3740/3740/3740
f 3738/3738/3738 3740/3740/3740 3735/3735/3735
f 3738/3738/3738 3741/3741/3741 3740/3740/3740
f 3734/3734/3734 3742/3742/3742 3738/3738/3738
f 3738/3738/3738 3742/3742/3742 3741/3741/3741
f 3743/3743/3743 3734/3734/3734 3729/3729/3729
f 3742/3742/3742 3734/3734/3734 3744/3744/3744
f 3734/3734/3734 3743/3743/3743 3744/3744/3744
f 3745/3745/3745 3743/3743/3743 3729/3729/3729
f 3730/3730/3730 3745/3745/3745 3729/3729/3729
f 3744/3744/3744 3743/3743/3743 3746/3746/3746
f 3743/3743/3743 3745/3745/3745 3746/3746/3746
f 3745/3745/3745 3730/3730/3730 3747/3747/3747
f 3747/3747/3747 3730/3730/3730 3706/3706/3706
f 3746/3746/3746 3745/3745/3745 3748/3748/3748
f 3748/3748/3748 3745/3745/3745 3747/3747/3747
f 3749/3749/3749 3747/3747/3747 3706/3706/3706
f 3749/3749/3749 3706/3706/3706 3707/3707/3707
f 3749/3749/3749 3750/3750/3750 3747/3747/3747
f 3750/3750/3750 3748/3748/3748 3747/3747/3747
f 3707/3707/3707 3750/3750/3750 3749/3749/3749
f 3750/3750/3750 3751/3751/3751 3748/3748/3748
f 3750/3750/3750 3707/3707/3707 3751/3751/3751
f 3742/3742/3742 3744/3744/3744 3752/3752/3752
f 3744/3744/3744 3746/3746/3746 3753/3753/3753
f 3752/3752/3752 3744/3744/3744 3753/3753/3753
f 3754/3754/3754 3746/3746/3746 3748/3748/3748
f 3753/3753/3753 3746/3746/3746 3754/3754/3754
f 3751/3751/3751 3755/3755/3755 3748/3748/3748
f 3755/3755/3755 3754/3754/3754 3748/3748/3748
f 3756/3756/3756 3751/3751/3751 3707/3707/3707
f 3755/3755/3755 3751/3751/3751 3756/3756/3756
f 3757/3757/3757 3742/3742/3742 3752/3752/3752
f 3742/3742/3742 3757/3757/3757 3741/3741/3741
f 3758/3758/3758 3757/3757/3757 3752/3752/3752
f 3741/3741/3741 3757/3757/3757 3758/3758/3758
f 3759/3759/3759 3752/3752/3752 3753/3753/3753
f 3759/3759/3759 3758/3758/3758 3752/3752/3752
f 3760/3760/3760 3756/3756/3756 3707/3707/3707
f 3760/3760/3760 3707/3707/3707 3709/3709/3709
f 3761/3761/3761 3760/3760/3760 3709/3709/3709
f 3761/3761/3761 3709/3709/3709 3712/3712/3712
f 3762/3762/3762 3761/3761/3761 3712/3712/3712
f 3762/3762/3762 3712/3712/3712 3715/3715/3715
f 3763/3763/3763 3762/3762/3762 3715/3715/3715
f 3763/3763/3763 3715/3715/3715 3714/3714/3714
f 3764/3764/3764 3763/3763/3763 3714/3714/3714
f 3720/3720/3720 3764/3764/3764 3714/3714/3714
f 3720/3720/3720 3765/3765/3765 3764/3764/3764
f 3765/3765/3765 3720/3720/3720 3739/3739/3739
f 3766/3766/3766 3756/3756/3756 3760/3760/3760
f 3767/3767/3767 3760/3760/3760 3761/3761/3761
f 3767/3767/3767 3766/3766/3766 3760/3760/3760
f 3768/3768/3768 3761/3761/3761 3762/3762/3762
f 3768/3768/3768 3767/3767/3767 3761/3761/3761
f 3769/3769/3769 3762/3762/3762 3763/3763/3763
f 3769/3769/3769 3768/3768/3768 3762/3762/3762
f 3770/3770/3770 3763/3763/3763 3764/3764/3764
f 3770/3770/3770 3769/3769/3769 3763/3763/3763
f 3771/3771/3771 3770/3770/3770 3764/3764/3764
f 3765/3765/3765 3771/3771/3771 3764/3764/3764
f 3772/3772/3772 3770/3770/3770 3771/3771/3771
f 3772/3772/3772 3769/3769/3769 3770/3770/3770
f 3736/3736/3736 3756/3756/3756 3766/3766/3766
f 3756/3756/3756 3736/3736/3736 3755/3755/3755
f 3773/3773/3773 3771/3771/3771 3765/3765/3765
f 3773/3773/3773 3772/3772/3772 3771/3771/3771
f 3736/3736/3736 3740/3740/3740 3755/3755/3755
f 3755/3755/3755 3740/3740/3740 3774/3774/3774
f 3755/3755/3755 3774/3774/3774 3754/3754/3754
f 3740/3740/3740 3741/3741/3741 3774/3774/3774
f 3775/3775/3775 3736/3736/3736 3766/3766/3766
f 3737/3737/3737 3736/3736/3736 3775/3775/3775
f 3774/3774/3774 3776/3776/3776 3754/3754/3754
f 3776/3776/3776 3753/3753/3753 3754/3754/3754
f 3777/3777/3777 3753/3753/3753 3776/3776/3776
f 3777/3777/3777 3759/3759/3759 3753/3753/3753
f 3778/3778/3778 3776/3776/3776 3774/3774/3774
f 3778/3778/3778 3777/3777/3777 3776/3776/3776
f 3774/3774/3774 3741/3741/3741 3779/3779/3779
f 3778/3778/3778 3774/3774/3774 3779/3779/3779
f 3780/3780/3780 3737/3737/3737 3775/3775/3775
f 3739/3739/3739 3737/3737/3737 3780/3780/3780
f 3741/3741/3741 3781/3781/3781 3779/3779/3779
f 3741/3741/3741 3758/3758/3758 3781/3781/3781
f 3782/3782/3782 3758/3758/3758 3759/3759/3759
f 3758/3758/3758 3782/3782/3782 3781/3781/3781
f 3783/3783/3783 3759/3759/3759 3777/3777/3777
f 3783/3783/3783 3782/3782/3782 3759/3759/3759
f 3784/3784/3784 3777/3777/3777 3778/3778/3778
f 3784/3784/3784 3783/3783/3783 3777/3777/3777
f 3785/3785/3785 3739/3739/3739 3780/3780/3780
f 3785/3785/3785 3765/3765/3765 3739/3739/3739
f 3786/3786/3786 3765/3765/3765 3785/3785/3785
f 3786/3786/3786 3773/3773/3773 3765/3765/3765
f 3787/3787/3787 3785/3785/3785 3780/3780/3780
f 3787/3787/3787 3786/3786/3786 3785/3785/3785
f 3788/3788/3788 3784/3784/3784 3778/3778/3778
f 3778/3778/3778 3779/3779/3779 3788/3788/3788
f 3789/3789/3789 3787/3787/3787 3780/3780/3780
f 3789/3789/3789 3780/3780/3780 3775/3775/3775
f 3790/3790/3790 3789/3789/3789 3775/3775/3775
f 3790/3790/3790 3775/3775/3775 3766/3766/3766
f 3791/3791/3791 3790/3790/3790 3766/3766/3766
f 3791/3791/3791 3766/3766/3766 3767/3767/3767
f 3791/3791/3791 3767/3767/3767 3792/3792/3792
f 3792/3792/3792 3767/3767/3767 3768/3768/3768
f 3793/3793/3793 3792/3792/3792 3768/3768/3768
f 3793/3793/3793 3768/3768/3768 3769/3769/3769
f 3791/3791/3791 3792/3792/3792 3794/3794/3794
f 3794/3794/3794 3792/3792/3792 3793/3793/3793
f 3795/3795/3795 3793/3793/3793 3769/3769/3769
f 3772/3772/3772 3795/3795/3795 3769/3769/3769
f 3796/3796/3796 3794/3794/3794 3793/3793/3793
f 3796/3796/3796 3793/3793/3793 3795/3795/3795
f 3772/3772/3772 3797/3797/3797 3795/3795/3795
f 3797/3797/3797 3772/3772/3772 3773/3773/3773
f 3798/3798/3798 3796/3796/3796 3795/3795/3795
f 3797/3797/3797 3798/3798/3798 3795/3795/3795
f 3799/3799/3799 3797/3797/3797 3773/3773/3773
f 3799/3799/3799 3773/3773/3773 3786/3786/3786
f 3797/3797/3797 3800/3800/3800 3798/3798/3798
f 3800/3800/3800 3797/3797/3797 3799/3799/3799
f 3801/3801/3801 3799/3799/3799 3786/3786/3786
f 3801/3801/3801 3786/3786/3786 3787/3787/3787
f 3800/3800/3800 3799/3799/3799 3802/3802/3802
f 3802/3802/3802 3799/3799/3799 3801/3801/3801
f 3803/3803/3803 3801/3801/3801 3787/3787/3787
f 3803/3803/3803 3787/3787/3787 3789/3789/3789
f 3804/3804/3804 3802/3802/3802 3801/3801/3801
f 3804/3804/3804 3801/3801/3801 3803/3803/3803
f 3805/3805/3805 3803/3803/3803 3789/3789/3789
f 3805/3805/3805 3789/3789/3789 3790/3790/3790
f 3806/3806/3806 3804/3804/3804 3803/3803/3803
f 3806/3806/3806 3803/3803/3803 3805/3805/3805
f 3807/3807/3807 3805/3805/3805 3790/3790/3790
f 3807/3807/3807 3790/3790/3790 3791/3791/3791
f 3808/3808/3808 3806/3806/3806 3805/3805/3805
f 3808/3808/3808 3805/3805/3805 3807/3807/3807
f 3809/3809/3809 3807/3807/3807 3791/3791/3791
f 3809/3809/3809 3791/3791/3791 3794/3794/3794
f 3809/3809/3809 3794/3794/3794 3810/3810/3810
f 3810/3810/3810 3794/3794/3794 3796/3796/3796
f 3811/3811/3811 3807/3807/3807 3809/3809/3809
f 3811/3811/3811 3809/3809/3809 3810/3810/3810
f 3812/3812/3812 3810/3810/3810 3796/3796/3796
f 3812/3812/3812 3796/3796/3796 3798/3798/3798
f 3813/3813/3813 3808/3808/3808 3807/3807/3807
f 3811/3811/3811 3813/3813/3813 3807/3807/3807
f 3811/3811/3811 3810/3810/3810 3814/3814/3814
f 3814/3814/3814 3810/3810/3810 3812/3812/3812
f 3815/3815/3815 3812/3812/3812 3798/3798/3798
f 3800/3800/3800 3815/3815/3815 3798/3798/3798
f 3813/3813/3813 3811/3811/3811 3816/3816/3816
f 3816/3816/3816 3811/3811/3811 3814/3814/3814
f 3817/3817/3817 3812/3812/3812 3815/3815/3815
f 3817/3817/3817 3814/3814/3814 3812/3812/3812
f 3800/3800/3800 3818/3818/3818 3815/3815/3815
f 3802/3802/3802 3818/3818/3818 3800/3800/3800
f 3819/3819/3819 3817/3817/3817 3815/3815/3815
f 3818/3818/3818 3819/3819/3819 3815/3815/3815
f 3820/3820/3820 3808/3808/3808 3813/3813/3813
f 3821/3821/3821 3813/3813/3813 3816/3816/3816
f 3821/3821/3821 3820/3820/3820 3813/3813/3813
f 3822/3822/3822 3816/3816/3816 3814/3814/3814
f 3822/3822/3822 3821/3821/3821 3816/3816/3816
f 3823/3823/3823 3814/3814/3814 3817/3817/3817
f 3823/3823/3823 3822/3822/3822 3814/3814/3814
f 3824/3824/3824 3817/3817/3817 3819/3819/3819
f 3824/3824/3824 3823/3823/3823 3817/3817/3817
f 3825/3825/3825 3819/3819/3819 3818/3818/3818
f 3825/3825/3825 3824/3824/3824 3819/3819/3819
f 3826/3826/3826 3818/3818/3818 3802/3802/3802
f 3826/3826/3826 3825/3825/3825 3818/3818/3818
f 3820/3820/3820 3827/3827/3827 3808/3808/3808
f 3827/3827/3827 3806/3806/3806 3808/3808/3808
f 3828/3828/3828 3826/3826/3826 3802/3802/3802
f 3828/3828/3828 3802/3802/3802 3804/3804/3804
f 3829/3829/3829 3804/3804/3804 3806/3806/3806
f 3827/3827/3827 3829/3829/3829 3806/3806/3806
f 3829/3829/3829 3828/3828/3828 3804/3804/3804
f 3830/3830/3830 3829/3829/3829 3827/3827/3827
f 3830/3830/3830 3828/3828/3828 3829/3829/3829
f 3831/3831/3831 3827/3827/3827 3820/3820/3820
f 3831/3831/3831 3830/3830/3830 3827/3827/3827
f 3832/3832/3832 3831/3831/3831 3820/3820/3820
f 3832/3832/3832 3820/3820/3820 3821/3821/3821
f 3833/3833/3833 3824/3824/3824 3825/3825/3825
f 3834/3834/3834 3825/3825/3825 3826/3826/3826
f 3834/3834/3834 3833/3833/3833 3825/3825/3825
f 3835/3835/3835 3826/3826/3826 3828/3828/3828
f 3835/3835/3835 3834/3834/3834 3826/3826/3826
f 3836/3836/3836 3828/3828/3828 3830/3830/3830
f 3836/3836/3836 3835/3835/3835 3828/3828/3828
f 3835/3835/3835 3837/3837/3837 3834/3834/3834
f 3835/3835/3835 3836/3836/3836 3837/3837/3837
f 3834/3834/3834 3837/3837/3837 3833/3833/3833
f 3838/3838/3838 3836/3836/3836 3830/3830/3830
f 3838/3838/3838 3830/3830/3830 3831/3831/3831
f 3836/3836/3836 3838/3838/3838 3837/3837/3837
f 3839/3839/3839 3831/3831/3831 3832/3832/3832
f 3839/3839/3839 3838/3838/3838 3831/3831/3831
f 3837/3837/3837 3838/3838/3838 3840/3840/3840
f 3838/3838/3838 3839/3839/3839 3840/3840/3840
f 3837/3837/3837 3840/3840/3840 3833/3833/3833
f 3841/3841/3841 3839/3839/3839 3832/3832/3832
f 3839/3839/3839 3841/3841/3841 3840/3840/3840
f 3841/3841/3841 3832/3832/3832 3821/3821/3821
f 3840/3840/3840 3842/3842/3842 3833/3833/3833
f 3841/3841/3841 3842/3842/3842 3840/3840/3840
f 3843/3843/3843 3841/3841/3841 3821/3821/3821
f 3843/3843/3843 3821/3821/3821 3822/3822/3822
f 3841/3841/3841 3843/3843/3843 3844/3844/3844
f 3844/3844/3844 3843/3843/3843 3822/3822/3822
f 3842/3842/3842 3841/3841/3841 3844/3844/3844
f 3844/3844/3844 3822/3822/3822 3823/3823/3823
f 3842/3842/3842 3845/3845/3845 3833/3833/3833
f 3842/3842/3842 3844/3844/3844 3845/3845/3845
f 3845/3845/3845 3844/3844/3844 3823/3823/3823
f 3833/3833/3833 3845/3845/3845 3824/3824/3824
f 3845/3845/3845 3823/3823/3823 3824/3824/3824
f 3848/3848/3848 3847/3847/3847 3846/3846/3846
f 3847/3847/3847 3849/3849/3849 3846/3846/3846
f 3850/3850/3850 3848/3848/3848 3846/3846/3846
f 3851/3851/3851 3848/3848/3848 3850/3850/3850
f 3849/3849/3849 3852/3852/3852 3846/3846/3846
f 3849/3849/3849 3853/3853/3853 3852/3852/3852
f 3850/3850/3850 3846/3846/3846 3854/3854/3854
f 3846/3846/3846 3852/3852/3852 3854/3854/3854
f 3855/3855/3855 3851/3851/3851 3850/3850/3850
f 3856/3856/3856 3851/3851/3851 3855/3855/3855
f 3853/3853/3853 3857/3857/3857 3852/3852/3852
f 3853/3853/3853 3858/3858/3858 3857/3857/3857
f 3859/3859/3859 3850/3850/3850 3854/3854/3854
f 3855/3855/3855 3850/3850/3850 3859/3859/3859
f 3852/3852/3852 3860/3860/3860 3854/3854/3854
f 3852/3852/3852 3857/3857/3857 3860/3860/3860
f 3858/3858/3858 3861/3861/3861 3857/3857/3857
f 3858/3858/3858 3862/3862/3862 3861/3861/3861
f 3859/3859/3859 3854/3854/3854 3863/3863/3863
f 3854/3854/3854 3860/3860/3860 3863/3863/3863
f 3857/3857/3857 3864/3864/3864 3860/3860/3860
f 3857/3857/3857 3861/3861/3861 3864/3864/3864
f 3860/3860/3860 3865/3865/3865 3863/3863/3863
f 3860/3860/3860 3864/3864/3864 3865/3865/3865
f 3866/3866/3866 3855/3855/3855 3859/3859/3859
f 3867/3867/3867 3859/3859/3859 3863/3863/3863
f 3866/3866/3866 3859/3859/3859 3867/3867/3867
f 3863/3863/3863 3865/3865/3865 3868/3868/3868
f 3867/3867/3867 3863/3863/3863 3868/3868/3868
f 3869/3869/3869 3855/3855/3855 3866/3866/3866
f 3869/3869/3869 3856/3856/3856 3855/3855/3855
f 3862/3862/3862 3870/3870/3870 3861/3861/3861
f 3861/3861/3861 3871/3871/3871 3864/3864/3864
f 3861/3861/3861 3870/3870/3870 3871/3871/3871
f 3864/3864/3864 3872/3872/3872 3865/3865/3865
f 3864/3864/3864 3871/3871/3871 3872/3872/3872
f 3865/3865/3865 3873/3873/3873 3868/3868/3868
f 3865/3865/3865 3872/3872/3872 3873/3873/3873
f 3874/3874/3874 3867/3867/3867 3868/3868/3868
f 3874/3874/3874 3868/3868/3868 3873/3873/3873
f 3875/3875/3875 3866/3866/3866 3867/3867/3867
f 3875/3875/3875 3867/3867/3867 3874/3874/3874
f 3876/3876/3876 3869/3869/3869 3866/3866/3866
f 3876/3876/3876 3866/3866/3866 3875/3875/3875
f 3870/3870/3870 3862/3862/3862 3877/3877/3877
f 3862/3862/3862 3878/3878/3878 3877/3877/3877
f 3877/3877/3877 3878/3878/3878 3879/3879/3879
f 3878/3878/3878 3880/3880/3880 3879/3879/3879
f 3879/3879/3879 3880/3880/3880 3881/3881/3881
f 3880/3880/3880 3882/3882/3882 3881/3881/3881
f 3881/3881/3881 3882/3882/3882 3883/3883/3883
f 3882/3882/3882 3884/3884/3884 3883/3883/3883
f 3884/3884/3884 3885/3885/3885 3883/3883/3883
f 3885/3885/3885 3886/3886/3886 3883/3883/3883
f 3885/3885/3885 3887/3887/3887 3886/3886/3886
f 3881/3881/3881 3883/3883/3883 3888/3888/3888
f 3883/3883/3883 3886/3886/3886 3888/3888/3888
f 3879/3879/3879 3881/3881/3881 3889/3889/3889
f 3889/3889/3889 3881/3881/3881 3888/3888/3888
f 3877/3877/3877 3879/3879/3879 3890/3890/3890
f 3890/3890/3890 3879/3879/3879 3889/3889/3889
f 3870/3870/3870 3877/3877/3877 3891/3891/3891
f 3891/3891/3891 3877/3877/3877 3890/3890/3890
f 3887/3887/3887 3892/3892/3892 3886/3886/3886
f 3887/3887/3887 3893/3893/3893 3892/3892/3892
f 3886/3886/3886 3894/3894/3894 3888/3888/3888
f 3886/3886/3886 3892/3892/3892 3894/3894/3894
f 3889/3889/3889 3888/3888/3888 3895/3895/3895
f 3888/3888/3888 3894/3894/3894 3895/3895/3895
f 3890/3890/3890 3889/3889/3889 3896/3896/3896
f 3896/3896/3896 3889/3889/3889 3895/3895/3895
f 3897/3897/3897 3870/3870/3870 3891/3891/3891
f 3870/3870/3870 3897/3897/3897 3871/3871/3871
f 3891/3891/3891 3890/3890/3890 3898/3898/3898
f 3898/3898/3898 3890/3890/3890 3896/3896/3896
f 3871/3871/3871 3897/3897/3897 3899/3899/3899
f 3871/3871/3871 3899/3899/3899 3872/3872/3872
f 3897/3897/3897 3891/3891/3891 3900/3900/3900
f 3900/3900/3900 3891/3891/3891 3898/3898/3898
f 3872/3872/3872 3899/3899/3899 3901/3901/3901
f 3872/3872/3872 3901/3901/3901 3873/3873/3873
f 3897/3897/3897 3902/3902/3902 3899/3899/3899
f 3902/3902/3902 3897/3897/3897 3900/3900/3900
f 3903/3903/3903 3873/3873/3873 3901/3901/3901
f 3903/3903/3903 3874/3874/3874 3873/3873/3873
f 3899/3899/3899 3904/3904/3904 3901/3901/3901
f 3899/3899/3899 3902/3902/3902 3904/3904/3904
f 3905/3905/3905 3874/3874/3874 3903/3903/3903
f 3905/3905/3905 3875/3875/3875 3874/3874/3874
f 3906/3906/3906 3903/3903/3903 3901/3901/3901
f 3906/3906/3906 3901/3901/3901 3904/3904/3904
f 3907/3907/3907 3875/3875/3875 3905/3905/3905
f 3907/3907/3907 3876/3876/3876 3875/3875/3875
f 3908/3908/3908 3905/3905/3905 3903/3903/3903
f 3908/3908/3908 3903/3903/3903 3906/3906/3906
f 3909/3909/3909 3907/3907/3907 3905/3905/3905
f 3909/3909/3909 3905/3905/3905 3908/3908/3908
f 3902/3902/3902 3900/3900/3900 3910/3910/3910
f 3902/3902/3902 3911/3911/3911 3904/3904/3904
f 3911/3911/3911 3902/3902/3902 3910/3910/3910
f 3912/3912/3912 3906/3906/3906 3904/3904/3904
f 3912/3912/3912 3904/3904/3904 3911/3911/3911
f 3913/3913/3913 3908/3908/3908 3906/3906/3906
f 3913/3913/3913 3906/3906/3906 3912/3912/3912
f 3914/3914/3914 3909/3909/3909 3908/3908/3908
f 3914/3914/3914 3908/3908/3908 3913/3913/3913
f 3910/3910/3910 3900/3900/3900 3915/3915/3915
f 3900/3900/3900 3898/3898/3898 3915/3915/3915
f 3915/3915/3915 3898/3898/3898 3916/3916/3916
f 3898/3898/3898 3896/3896/3896 3916/3916/3916
f 3916/3916/3916 3896/3896/3896 3917/3917/3917
f 3896/3896/3896 3895/3895/3895 3917/3917/3917
f 3895/3895/3895 3918/3918/3918 3917/3917/3917
f 3894/3894/3894 3918/3918/3918 3895/3895/3895
f 3917/3917/3917 3919/3919/3919 3916/3916/3916
f 3918/3918/3918 3919/3919/3919 3917/3917/3917
f 3916/3916/3916 3920/3920/3920 3915/3915/3915
f 3919/3919/3919 3920/3920/3920 3916/3916/3916
f 3915/3915/3915 3921/3921/3921 3910/3910/3910
f 3920/3920/3920 3921/3921/3921 3915/3915/3915
f 3894/3894/3894 3922/3922/3922 3918/3918/3918
f 3892/3892/3892 3922/3922/3922 3894/3894/3894
f 3918/3918/3918 3923/3923/3923 3919/3919/3919
f 3922/3922/3922 3923/3923/3923 3918/3918/3918
f 3919/3919/3919 3924/3924/3924 3920/3920/3920
f 3923/3923/3923 3924/3924/3924 3919/3919/3919
f 3892/3892/3892 3925/3925/3925 3922/3922/3922
f 3893/3893/3893 3925/3925/3925 3892/3892/3892
f 3922/3922/3922 3926/3926/3926 3923/3923/3923
f 3925/3925/3925 3926/3926/3926 3922/3922/3922
f 3921/3921/3921 3927/3927/3927 3910/3910/3910
f 3910/3910/3910 3927/3927/3927 3911/3911/3911
f 3920/3920/3920 3928/3928/3928 3921/3921/3921
f 3924/3924/3924 3928/3928/3928 3920/3920/3920
f 3923/3923/3923 3929/3929/3929 3924/3924/3924
f 3926/3926/3926 3929/3929/3929 3923/3923/3923
f 3927/3927/3927 3930/3930/3930 3911/3911/3911
f 3930/3930/3930 3912/3912/3912 3911/3911/3911
f 3921/3921/3921 3931/3931/3931 3927/3927/3927
f 3928/3928/3928 3931/3931/3931 3921/3921/3921
f 3924/3924/3924 3932/3932/3932 3928/3928/3928
f 3929/3929/3929 3932/3932/3932 3924/3924/3924
f 3933/3933/3933 3912/3912/3912 3930/3930/3930
f 3933/3933/3933 3913/3913/3913 3912/3912/3912
f 3927/3927/3927 3934/3934/3934 3930/3930/3930
f 3931/3931/3931 3934/3934/3934 3927/3927/3927
f 3928/3928/3928 3935/3935/3935 3931/3931/3931
f 3932/3932/3932 3935/3935/3935 3928/3928/3928
f 3936/3936/3936 3913/3913/3913 3933/3933/3933
f 3936/3936/3936 3914/3914/3914 3913/3913/3913
f 3937/3937/3937 3933/3933/3933 3930/3930/3930
f 3934/3934/3934 3937/3937/3937 3930/3930/3930
f 3931/3931/3931 3938/3938/3938 3934/3934/3934
f 3935/3935/3935 3938/3938/3938 3931/3931/3931
f 3939/3939/3939 3936/3936/3936 3933/3933/3933
f 3939/3939/3939 3933/3933/3933 3937/3937/3937
f 3934/3934/3934 3940/3940/3940 3937/3937/3937
f 3938/3938/3938 3940/3940/3940 3934/3934/3934
f 3941/3941/3941 3939/3939/3939 3937/3937/3937
f 3940/3940/3940 3941/3941/3941 3937/3937/3937
f 3932/3932/3932 3942/3942/3942 3935/3935/3935
f 3935/3935/3935 3943/3943/3943 3938/3938/3938
f 3942/3942/3942 3943/3943/3943 3935/3935/3935
f 3944/3944/3944 3942/3942/3942 3932/3932/3932
f 3943/3943/3943 3942/3942/3942 3944/3944/3944
f 3929/3929/3929 3944/3944/3944 3932/3932/3932
f 3938/3938/3938 3945/3945/3945 3940/3940/3940
f 3943/3943/3943 3945/3945/3945 3938/3938/3938
f 3946/3946/3946 3944/3944/3944 3929/3929/3929
f 3926/3926/3926 3946/3946/3946 3929/3929/3929
f 3947/3947/3947 3943/3943/3943 3944/3944/3944
f 3945/3945/3945 3943/3943/3943 3947/3947/3947
f 3947/3947/3947 3944/3944/3944 3946/3946/3946
f 3945/3945/3945 3948/3948/3948 3940/3940/3940
f 3940/3940/3940 3948/3948/3948 3941/3941/3941
f 3949/3949/3949 3946/3946/3946 3926/3926/3926
f 3925/3925/3925 3949/3949/3949 3926/3926/3926
f 3950/3950/3950 3947/3947/3947 3946/3946/3946
f 3950/3950/3950 3946/3946/3946 3949/3949/3949
f 3951/3951/3951 3945/3945/3945 3947/3947/3947
f 3948/3948/3948 3945/3945/3945 3951/3951/3951
f 3951/3951/3951 3947/3947/3947 3950/3950/3950
f 3952/3952/3952 3949/3949/3949 3925/3925/3925
f 3893/3893/3893 3952/3952/3952 3925/3925/3925
f 3953/3953/3953 3950/3950/3950 3949/3949/3949
f 3953/3953/3953 3949/3949/3949 3952/3952/3952
f 3954/3954/3954 3952/3952/3952 3893/3893/3893
f 3954/3954/3954 3953/3953/3953 3952/3952/3952
f 3955/3955/3955 3954/3954/3954 3893/3893/3893
f 3956/3956/3956 3951/3951/3951 3950/3950/3950
f 3956/3956/3956 3950/3950/3950 3953/3953/3953
f 3957/3957/3957 3948/3948/3948 3951/3951/3951
f 3957/3957/3957 3951/3951/3951 3956/3956/3956
f 3958/3958/3958 3953/3953/3953 3954/3954/3954
f 3958/3958/3958 3956/3956/3956 3953/3953/3953
f 3959/3959/3959 3954/3954/3954 3955/3955/3955
f 3959/3959/3959 3958/3958/3958 3954/3954/3954
f 3960/3960/3960 3959/3959/3959 3955/3955/3955
f 3961/3961/3961 3956/3956/3956 3958/3958/3958
f 3961/3961/3961 3957/3957/3957 3956/3956/3956
f 3962/3962/3962 3948/3948/3948 3957/3957/3957
f 3948/3948/3948 3962/3962/3962 3941/3941/3941
f 3963/3963/3963 3959/3959/3959 3960/3960/3960
f 3964/3964/3964 3963/3963/3963 3960/3960/3960
f 3965/3965/3965 3958/3958/3958 3959/3959/3959
f 3965/3965/3965 3961/3961/3961 3958/3958/3958
f 3963/3963/3963 3965/3965/3965 3959/3959/3959
f 3966/3966/3966 3957/3957/3957 3961/3961/3961
f 3966/3966/3966 3962/3962/3962 3957/3957/3957
f 3962/3962/3962 3967/3967/3967 3941/3941/3941
f 3967/3967/3967 3939/3939/3939 3941/3941/3941
f 3968/3968/3968 3963/3963/3963 3964/3964/3964
f 3969/3969/3969 3968/3968/3968 3964/3964/3964
f 3968/3968/3968 3969/3969/3969 3970/3970/3970
f 3971/3971/3971 3961/3961/3961 3965/3965/3965
f 3971/3971/3971 3966/3966/3966 3961/3961/3961
f 3972/3972/3972 3965/3965/3965 3963/3963/3963
f 3968/3968/3968 3972/3972/3972 3963/3963/3963
f 3972/3972/3972 3971/3971/3971 3965/3965/3965
f 3973/3973/3973 3968/3968/3968 3970/3970/3970
f 3972/3972/3972 3968/3968/3968 3973/3973/3973
f 3973/3973/3973 3970/3970/3970 3974/3974/3974
f 3962/3962/3962 3966/3966/3966 3975/3975/3975
f 3967/3967/3967 3962/3962/3962 3975/3975/3975
f 3967/3967/3967 3976/3976/3976 3939/3939/3939
f 3976/3976/3976 3936/3936/3936 3939/3939/3939
f 3966/3966/3966 3971/3971/3971 3977/3977/3977
f 3975/3975/3975 3966/3966/3966 3977/3977/3977
f 3971/3971/3971 3972/3972/3972 3978/3978/3978
f 3978/3978/3978 3972/3972/3972 3973/3973/3973
f 3977/3977/3977 3971/3971/3971 3978/3978/3978
f 3979/3979/3979 3973/3973/3973 3974/3974/3974
f 3978/3978/3978 3973/3973/3973 3979/3979/3979
f 3979/3979/3979 3974/3974/3974 3980/3980/3980
f 3967/3967/3967 3975/3975/3975 3981/3981/3981
f 3976/3976/3976 3967/3967/3967 3981/3981/3981
f 3976/3976/3976 3982/3982/3982 3936/3936/3936
f 3982/3982/3982 3914/3914/3914 3936/3936/3936
f 3975/3975/3975 3977/3977/3977 3983/3983/3983
f 3981/3981/3981 3975/3975/3975 3983/3983/3983
f 3977/3977/3977 3978/3978/3978 3984/3984/3984
f 3984/3984/3984 3978/3978/3978 3979/3979/3979
f 3983/3983/3983 3977/3977/3977 3984/3984/3984
f 3985/3985/3985 3979/3979/3979 3980/3980/3980
f 3984/3984/3984 3979/3979/3979 3985/3985/3985
f 3985/3985/3985 3980/3980/3980 3856/3856/3856
f 3976/3976/3976 3981/3981/3981 3986/3986/3986
f 3982/3982/3982 3976/3976/3976 3986/3986/3986
f 3982/3982/3982 3987/3987/3987 3914/3914/3914
f 3987/3987/3987 3909/3909/3909 3914/3914/3914
f 3987/3987/3987 3982/3982/3982 3988/3988/3988
f 3987/3987/3987 3988/3988/3988 3909/3909/3909
f 3982/3982/3982 3986/3986/3986 3988/3988/3988
f 3988/3988/3988 3907/3907/3907 3909/3909/3909
f 3988/3988/3988 3989/3989/3989 3907/3907/3907
f 3988/3988/3988 3986/3986/3986 3989/3989/3989
f 3989/3989/3989 3876/3876/3876 3907/3907/3907
f 3986/3986/3986 3981/3981/3981 3990/3990/3990
f 3986/3986/3986 3990/3990/3990 3989/3989/3989
f 3981/3981/3981 3983/3983/3983 3990/3990/3990
f 3989/3989/3989 3991/3991/3991 3876/3876/3876
f 3989/3989/3989 3990/3990/3990 3991/3991/3991
f 3991/3991/3991 3869/3869/3869 3876/3876/3876
f 3990/3990/3990 3983/3983/3983 3992/3992/3992
f 3990/3990/3990 3992/3992/3992 3991/3991/3991
f 3983/3983/3983 3984/3984/3984 3992/3992/3992
f 3992/3992/3992 3984/3984/3984 3985/3985/3985
f 3991/3991/3991 3993/3993/3993 3869/3869/3869
f 3991/3991/3991 3992/3992/3992 3993/3993/3993
f 3992/3992/3992 3985/3985/3985 3993/3993/3993
f 3993/3993/3993 3856/3856/3856 3869/3869/3869
f 3993/3993/3993 3985/3985/3985 3856/3856/3856
f 3616/3616/3616 3994/3994/3994 3620/3620/3620
f 3994/3994/3994 3995/3995/3995 3620/3620/3620
f 3620/3620/3620 3995/3995/3995 3611/3611/3611
f 3996/3996/3996 3994/3994/3994 3616/3616/3616
f 3615/3615/3615 3996/3996/3996 3616/3616/3616
f 3995/3995/3995 3997/3997/3997 3611/3611/3611
f 3611/3611/3611 3997/3997/3997 3613/3613/3613
f 3998/3998/3998 3996/3996/3996 3615/3615/3615
f 3614/3614/3614 3998/3998/3998 3615/3615/3615
f 3613/3613/3613 3999/3999/3999 3614/3614/3614
f 3997/3997/3997 3999/3999/3999 3613/3613/3613
f 3999/3999/3999 3998/3998/3998 3614/3614/3614
f 3996/3996/3996 4000/4000/4000 3994/3994/3994
f 3994/3994/3994 4001/4001/4001 3995/3995/3995
f 4000/4000/4000 4001/4001/4001 3994/3994/3994
f 4002/4002/4002 4000/4000/4000 3996/3996/3996
f 3998/3998/3998 4002/4002/4002 3996/3996/3996
f 4000/4000/4000 4002/4002/4002 4001/4001/4001
f 4001/4001/4001 4003/4003/4003 3995/3995/3995
f 3995/3995/3995 4003/4003/4003 3997/3997/3997
f 4002/4002/4002 4003/4003/4003 4001/4001/4001
f 4004/4004/4004 4002/4002/4002 3998/3998/3998
f 3999/3999/3999 4004/4004/4004 3998/3998/3998
f 4002/4002/4002 4004/4004/4004 4003/4003/4003
f 4003/4003/4003 4005/4005/4005 3997/3997/3997
f 3997/3997/3997 4005/4005/4005 3999/3999/3999
f 4005/4005/4005 4004/4004/4004 3999/3999/3999
f 4004/4004/4004 4005/4005/4005 4003/4003/4003
f 4006/4006/4006 3784/3784/3784 3788/3788/3788
f 4007/4007/4007 4006/4006/4006 3788/3788/3788
f 4007/4007/4007 3788/3788/3788 3779/3779/3779
f 4006/4006/4006 4008/4008/4008 3784/3784/3784
f 4008/4008/4008 3783/3783/3783 3784/3784/3784
f 4009/4009/4009 4007/4007/4007 3779/3779/3779
f 4009/4009/4009 3779/3779/3779 3781/3781/3781
f 4008/4008/4008 4010/4010/4010 3783/3783/3783
f 4010/4010/4010 3782/3782/3782 3783/3783/3783
f 4011/4011/4011 3781/3781/3781 3782/3782/3782
f 4011/4011/4011 4009/4009/4009 3781/3781/3781
f 4010/4010/4010 4011/4011/4011 3782/3782/3782
f 4012/4012/4012 4008/4008/4008 4006/4006/4006
f 4013/4013/4013 4006/4006/4006 4007/4007/4007
f 4013/4013/4013 4012/4012/4012 4006/4006/4006
f 4012/4012/4012 4014/4014/4014 4008/4008/4008
f 4014/4014/4014 4010/4010/4010 4008/4008/4008
f 4014/4014/4014 4012/4012/4012 4013/4013/4013
f 4015/4015/4015 4013/4013/4013 4007/4007/4007
f 4015/4015/4015 4007/4007/4007 4009/4009/4009
f 4015/4015/4015 4014/4014/4014 4013/4013/4013
f 4014/4014/4014 4016/4016/4016 4010/4010/4010
f 4016/4016/4016 4011/4011/4011 4010/4010/4010
f 4016/4016/4016 4014/4014/4014 4015/4015/4015
f 4017/4017/4017 4015/4015/4015 4009/4009/4009
f 4017/4017/4017 4009/4009/4009 4011/4011/4011
f 4016/4016/4016 4017/4017/4017 4011/4011/4011
f 4017/4017/4017 4016/4016/4016 4015/4015/4015
