g 02_Cloth_14
v -0 1.4153404 -0.18104322
v -0.0068891062 1.4033463 -0.17419966
v -0 1.3974173 -0.18291837
v -0 1.4153404 -0.18104322
v -0 1.3974173 -0.18291837
v 0.0068891062 1.4033463 -0.17419966
v 0.26476717 1.7550223 -0.09816964
v 0.27450204 1.6589407 0.009185529
v 0.27125475 1.7627077 0.0053801495
v 0.2501296 1.7607118 0.11101343
v 0.25121945 1.6617728 0.11366806
v 0.19068278 1.7558774 0.20170777
v 0.20689198 1.6559681 0.18454151
v 0.17161661 1.761385 0.20454279
v 0.1865169 1.6489336 0.18109462
v 0.18461335 1.560889 0.20118104
v 0.16883805 1.5619507 0.19557182
v 0.112449214 1.5148447 0.2270493
v 0.12603165 1.5104455 0.22708464
v 0.114366174 1.4794229 0.22694723
v 0.09785378 1.4808419 0.22606575
v 0.14119366 1.4476683 2.6192401E-05
v 0.08497986 1.4248106 0.09974124
v 0.13145384 1.4470074 0.09582598
v 0.0904872 1.4254589 -0.0033473773
v 0.041384026 1.4160538 0.10248395
v 0.043749124 1.4171402 -0.005000204
v -0 1.4141858 0.103961535
v 0.14630312 1.4695742 -0.089032516
v 0.09528616 1.4495316 -0.09893174
v 0.18193299 1.4787322 -0.08592016
v 0.17399073 1.4582846 0.004474864
v 0.18294023 1.4611815 0.0056887963
v 0.16120948 1.4689099 0.10143112
v 0.16958354 1.4706595 0.10300856
v 0.14075845 1.4752159 0.16331305
v 0.14999604 1.4770411 0.16428185
v -0 1.4155934 -0.005273256
v 0.046506643 1.4417834 -0.10511625
v -0.043749124 1.4171402 -0.005000204
v -0.041384026 1.4160538 0.10248395
v -0.0904872 1.4254589 -0.0033473773
v -0.08497986 1.4248106 0.09974124
v -0.14119366 1.4476683 2.6192401E-05
v -0.13145384 1.4470074 0.09582598
v 0.20753223 1.4691418 0.009024515
v 0.19134738 1.4659886 0.10710826
v 0.20968758 1.485866 -0.083495736
v -0.046506643 1.4417834 -0.10511625
v -0.09528616 1.4495316 -0.09893174
v -0.14630312 1.4695742 -0.089032516
v -0 1.440378 -0.107533164
v -0.18193299 1.4787322 -0.08592016
v -0.17399073 1.4582846 0.004474864
v -0.18294023 1.4611815 0.0056887963
v -0.16120948 1.4689099 0.10143112
v -0.16958354 1.4706595 0.10300856
v -0.14075845 1.4752159 0.16331305
v -0.14999604 1.4770411 0.16428185
v -0.10877293 1.4728545 -0.18613094
v -0.16285163 1.4883459 -0.16682102
v -0.17488566 1.5565029 -0.21437912
v -0.18241362 1.4975867 -0.15587872
v -0.05308869 1.4656945 -0.19756687
v -0.20197561 1.5068275 -0.14493641
v -0.20968758 1.485866 -0.083495736
v -0.20753223 1.4691418 0.009024515
v -0.19134738 1.4659886 0.10710826
v -0.11721678 1.5483222 -0.24258511
v -0 1.464256 -0.20247379
v -0.05765326 1.543947 -0.25756627
v 0.05308869 1.4656945 -0.19756687
v 0.10877293 1.4728545 -0.18613094
v 0.16285163 1.4883459 -0.16682102
v 0.17488566 1.5565029 -0.21437912
v 0.18241362 1.4975867 -0.15587872
v 0.20197561 1.5068275 -0.14493641
v 0.11721678 1.5483222 -0.24258511
v 0.05765326 1.543947 -0.25756627
v -0 1.5429615 -0.26406667
v 0.24841353 1.5557479 -0.0894883
v 0.22179326 1.5623688 -0.16647008
v 0.25199884 1.5477159 0.009444498
v 0.23037274 1.5431595 0.11253775
v 0.18443611 1.6486613 -0.23731193
v 0.123546496 1.648525 -0.2692375
v 0.2360421 1.6490222 -0.18144932
v 0.269296 1.6499935 -0.09675397
v 0.27450204 1.6589407 0.009185529
v 0.25121945 1.6617728 0.11366806
v 0.20689198 1.6559681 0.18454151
v 0.26476717 1.7550223 -0.09816964
v 0.18461335 1.560889 0.20118104
v 0.17383148 1.4769881 0.17527354
v 0.12603165 1.5104455 0.22708464
v 0.114366174 1.4794229 0.22694723
v 0.09785378 1.4808419 0.22606575
v 0.16883805 1.5619507 0.19557182
v 0.112449214 1.5148447 0.2270493
v 0.23439777 1.7470503 -0.17969982
v 0.18447194 1.7550918 -0.23156337
v 0.23479462 1.8470756 -0.09851998
v 0.22200492 1.8212149 -0.1651409
v 0.17984897 1.8494357 -0.19195691
v 0.12357175 1.765511 -0.26249203
v 0.23685713 1.8625681 0.0020082835
v 0.27125475 1.7627077 0.0053801495
v 0.18095174 1.908855 -0.11118308
v 0.22153953 1.8574373 0.10496348
v 0.2501296 1.7607118 0.11101343
v 0.06088465 1.6484064 -0.28602758
v 0.119865865 1.8733169 -0.21524629
v 0.17888303 1.9325229 -0.0026023816
v 0.18109505 1.8361156 0.18196255
v 0.19068278 1.7558774 0.20170777
v 0.060800646 1.7709345 -0.27915776
v -0 1.6483132 -0.29335335
v 0.11646886 1.9454825 -0.12509517
v 0.16950521 1.9207025 0.109448366
v 0.16006383 1.8658708 0.1969642
v 0.17161661 1.761385 0.20454279
v 0.16300288 1.7625417 0.20773232
v 0.058338422 1.8845866 -0.22935145
v 0.11286192 1.9725494 -0.007105262
v 0.10518214 1.8890887 0.21353565
v 0.09703015 1.7709256 0.24014403
v 0.10835126 1.9568101 0.11497824
v 0.055307675 1.9611995 -0.1342984
v -0 1.7721099 -0.28654206
v 0.050685238 1.8996555 0.22275393
v 0.047767647 1.775468 0.25156173
v 0.051166456 1.9719913 0.11856645
v 0.052740764 1.9895223 -0.010062799
v -0 1.8871082 -0.23577784
v -0 1.9020716 0.22678901
v -0 1.7765483 0.2563864
v -0.047767647 1.775468 0.25156173
v -0 1.9754415 0.12019566
v -0.050685238 1.8996555 0.22275393
v -0.09703015 1.7709256 0.24014403
v -0 1.9647514 -0.13859697
v -0 1.9933836 -0.011455552
v -0.10518214 1.8890887 0.21353565
v -0.16300288 1.7625417 0.20773232
v -0.051166456 1.9719913 0.11856645
v -0.052740764 1.9895223 -0.010062799
v -0.055307675 1.9611995 -0.1342984
v -0.16006383 1.8658708 0.1969642
v -0.17161661 1.761385 0.20454279
v -0.19068278 1.7558774 0.20170777
v -0.10835126 1.9568101 0.11497824
v -0.18109505 1.8361156 0.18196255
v -0.2501296 1.7607118 0.11101343
v -0.11286192 1.9725494 -0.007105262
v -0.16950521 1.9207025 0.109448366
v -0.22153953 1.8574373 0.10496348
v -0.27125475 1.7627077 0.0053801495
v -0.17888303 1.9325229 -0.0026023816
v -0.23685713 1.8625681 0.0020082835
v -0.26476717 1.7550223 -0.09816964
v -0.11646886 1.9454825 -0.12509517
v -0.18095174 1.908855 -0.11118308
v -0.058338422 1.8845866 -0.22935145
v -0.119865865 1.8733169 -0.21524629
v -0.060800646 1.7709345 -0.27915776
v -0.23479462 1.8470756 -0.09851998
v -0.17984897 1.8494357 -0.19195691
v -0.06088465 1.6484064 -0.28602758
v -0.12357175 1.765511 -0.26249203
v -0.123546496 1.648525 -0.2692375
v -0.18447194 1.7550918 -0.23156337
v -0.18443611 1.6486613 -0.23731193
v -0.22200492 1.8212149 -0.1651409
v -0.23439777 1.7470503 -0.17969982
v -0.2360421 1.6490222 -0.18144932
v -0.22179326 1.5623688 -0.16647008
v -0.269296 1.6499935 -0.09675397
v -0.27450204 1.6589407 0.009185529
v -0.24841353 1.5557479 -0.0894883
v -0.25199884 1.5477159 0.009444498
v -0.25121945 1.6617728 0.11366806
v -0.23037274 1.5431595 0.11253775
v -0.20689198 1.6559681 0.18454151
v -0.18461335 1.560889 0.20118104
v -0.17383148 1.4769881 0.17527354
v -0.12603165 1.5104455 0.22708464
v -0.114366174 1.4794229 0.22694723
v -0.09785378 1.4808419 0.22606575
v -0.16883805 1.5619507 0.19557182
v -0.112449214 1.5148447 0.2270493
v 0.032937873 1.0324188 -0.116182774
v 0.039461266 1.0908866 -0.09929399
v -0 1.088887 -0.101202115
v -0 1.0320721 -0.119440466
v -0.032937873 1.0324188 -0.116182774
v -0.039461266 1.0908866 -0.09929399
v 0.07536554 1.032895 -0.107871175
v 0.039461266 1.0908866 -0.09929399
v 0.032937873 1.0324188 -0.116182774
v 0.07913768 1.0918474 -0.091204226
v 0.11472437 1.0336187 -0.0948618
v 0.043071155 1.1318766 -0.10093325
v -0 1.1320671 -0.10381889
v -0 1.088887 -0.101202115
v -0.039461266 1.0908866 -0.09929399
v 0.11138067 1.0926528 -0.07917923
v 0.08611152 1.1324731 -0.09226227
v 0.13703012 1.0924934 -0.062453393
v 0.14747675 1.0337837 -0.07754603
v 0.17327768 1.034359 -0.05794837
v 0.1597489 1.0931537 -0.045754556
v 0.18920225 1.0341984 -0.02718887
v 0.13945575 1.1329596 -0.06592799
v 0.17692861 1.0927906 -0.023432523
v 0.19568469 1.0342484 0.012702041
v 0.11498349 1.1324819 -0.08144103
v 0.16112766 1.1319728 -0.048878856
v 0.14271298 1.1797388 -0.0688994
v 0.045161095 1.1848934 -0.099896654
v 0.090647 1.1833453 -0.0915252
v 0.11889405 1.182157 -0.08178716
v -0 1.1858577 -0.10315544
v -0.043071155 1.1318766 -0.10093325
v 0.18047145 1.1312724 -0.028070793
v 0.16818102 1.1748213 -0.052211136
v 0.16257642 1.2381343 -0.07242402
v 0.1820542 1.0926057 0.00949002
v 0.17644574 1.092528 0.04612871
v 0.19087793 1.0341812 0.05431078
v 0.15903293 1.0927092 0.08037546
v 0.17175491 1.0340682 0.093431585
v 0.1351441 1.0921293 0.10542984
v 0.14619014 1.0337111 0.12380362
v 0.10897895 1.0918882 0.120441094
v 0.11310899 1.0330846 0.14305012
v 0.075697675 1.0914061 0.12989084
v 0.07442291 1.03292 0.15348233
v 0.018703733 1.0913041 0.13880257
v 0.028109778 1.03257 0.15919633
v -0 1.0889549 0.13518608
v -0 1.131702 0.13537884
v -0 1.0321425 0.15819718
v -0.028109778 1.03257 0.15919633
v -0.018703733 1.0913041 0.13880257
v -0.07442291 1.03292 0.15348233
v 0.01836951 1.1306573 0.13947675
v 0.07989969 1.1317663 0.12714756
v 0.113051176 1.1316956 0.116369106
v -0.075697675 1.0914061 0.12989084
v -0.11310899 1.0330846 0.14305012
v 0.0211511 1.184681 0.13379787
v 0.082825385 1.1839355 0.12267924
v 0.05876664 1.2489077 0.1298729
v 0.13715984 1.1321441 0.10013387
v -0.01836951 1.1306573 0.13947675
v -0.10897895 1.0918882 0.120441094
v -0.14619014 1.0337111 0.12380362
v -0.07989969 1.1317663 0.12714756
v -0.0211511 1.184681 0.13379787
v -0.1351441 1.0921293 0.10542984
v -0.17175491 1.0340682 0.093431585
v -0.113051176 1.1316956 0.116369106
v -0.082825385 1.1839355 0.12267924
v -0.05876664 1.2489077 0.1298729
v -0.15903293 1.0927092 0.08037546
v -0.19087793 1.0341812 0.05431078
v -0.13715984 1.1321441 0.10013387
v -0.17644574 1.092528 0.04612871
v -0.19568469 1.0342484 0.012702041
v -0.117595695 1.1817663 0.11080938
v -0.08495193 1.244381 0.113751136
v -0.08475553 1.2947963 0.09921488
v -0.16033952 1.1315398 0.07389203
v -0.14219522 1.1793834 0.09298466
v -0.12771998 1.2479233 0.100160256
v -0.13345893 1.2846413 0.0840824
v -0.16485251 1.2565143 0.08038629
v -0.16730073 1.1746873 0.064286135
v -0.18000174 1.131112 0.041177604
v -0.18105586 1.168848 0.03625204
v -0.1820542 1.0926057 0.00949002
v -0.18593676 1.1310205 0.0055607287
v -0.17692861 1.0927906 -0.023432523
v -0.18920225 1.0341984 -0.02718887
v -0.18047145 1.1312724 -0.028070793
v -0.1597489 1.0931537 -0.045754556
v -0.17327768 1.034359 -0.05794837
v -0.16112766 1.1319728 -0.048878856
v -0.13703012 1.0924934 -0.062453393
v -0.14747675 1.0337837 -0.07754603
v -0.11472437 1.0336187 -0.0948618
v -0.13945575 1.1329596 -0.06592799
v -0.11138067 1.0926528 -0.07917923
v -0.07913768 1.0918474 -0.091204226
v -0.07536554 1.032895 -0.107871175
v -0.032937873 1.0324188 -0.116182774
v -0.08611152 1.1324731 -0.09226227
v -0.11498349 1.1324819 -0.08144103
v -0.14271298 1.1797388 -0.0688994
v -0.045161095 1.1848934 -0.099896654
v -0.090647 1.1833453 -0.0915252
v -0 1.2417419 -0.10140664
v -0.16818102 1.1748213 -0.052211136
v -0.11889405 1.182157 -0.08178716
v -0.04510685 1.242707 -0.09915675
v -0 1.2959323 -0.09687015
v 0.04510685 1.242707 -0.09915675
v -0.091785334 1.2431569 -0.09178602
v -0.16257642 1.2381343 -0.07242402
v 0.091785334 1.2431569 -0.09178602
v 0.042717554 1.2979853 -0.096602194
v -0.042717554 1.2979853 -0.096602194
v -0.13072781 1.240576 -0.0842651
v -0.14398123 1.305784 -0.08290558
v -0.19918305 1.2948588 -0.074947506
v -0.19866896 1.2365794 -0.062203515
v 0.13072781 1.240576 -0.0842651
v 0.14398123 1.305784 -0.08290558
v 0.19918305 1.2948588 -0.074947506
v -0.09071297 1.3000247 -0.091324024
v -0.070850976 1.3349648 -0.08263953
v 0.09071297 1.3000247 -0.091324024
v 0.070850976 1.3349648 -0.08263953
v 0.19866896 1.2365794 -0.062203515
v -0.033794273 1.3339182 -0.08817023
v 0.033794273 1.3339182 -0.08817023
v -0 1.3335892 -0.09020091
v -0 1.3551847 -0.08448186
v -0.027258823 1.3546984 -0.08113963
v 0.027258823 1.3546984 -0.08113963
v 0.19207631 1.1985791 -0.030901605
v 0.1811854 1.16899 -0.03225659
v 0.18593676 1.1310205 0.0055607287
v 0.1892419 1.1663862 0.0019128965
v 0.18000174 1.131112 0.041177604
v 0.18105586 1.168848 0.03625204
v 0.16033952 1.1315398 0.07389203
v 0.21758224 1.2292407 -0.03882877
v 0.1971139 1.1973219 -0.0014473281
v 0.19170399 1.1985617 0.030649807
v 0.21744533 1.2291117 0.025335884
v 0.16730073 1.1746873 0.064286135
v 0.14219522 1.1793834 0.09298466
v 0.18097892 1.2251109 0.056058303
v 0.16485251 1.2565143 0.08038629
v 0.117595695 1.1817663 0.11080938
v 0.12771998 1.2479233 0.100160256
v 0.08495193 1.244381 0.113751136
v 0.08475553 1.2947963 0.09921488
v 0.13345893 1.2846413 0.0840824
v 0.21877773 1.2568117 0.048392598
v 0.26643082 1.261614 0.03747052
v 0.15651715 1.3081312 0.06485778
v 0.11612123 1.3248591 0.07362674
v 0.23157527 1.3028942 0.04721638
v 0.14468896 1.3334161 0.057253007
v 0.16637762 1.344468 0.03355799
v 0.115774594 1.3494914 0.04252603
v 0.13401766 1.3568249 0.025543131
v 0.09411175 1.3454492 0.056412593
v 0.07614302 1.3241618 0.08592851
v 0.09118722 1.3615134 0.020685872
v 0.064227864 1.3449913 0.067336254
v 0.033740304 1.3223509 0.09468215
v 0.076165475 1.3603332 0.036963552
v 0.029479397 1.3438046 0.07416905
v -0 1.3212957 0.097328804
v 0.2183352 1.3324153 0.032857187
v 0.26473203 1.3080505 0.033497043
v 0.15052302 1.3634883 0.0053210426
v 0.1939773 1.3592671 0.007524803
v 0.2651392 1.3406512 0.005824842
v 0.10750547 1.3650544 -2.6493452E-05
v 0.20950888 1.3558859 -0.036725163
v 0.15419164 1.3633113 -0.03455031
v 0.33297083 1.3305551 0.0019993426
v 0.3344267 1.302934 0.030545091
v 0.26527783 1.340533 -0.037033297
v 0.08184409 1.3734093 -0.008486557
v 0.074740395 1.3733871 0.009252155
v 0.10997394 1.3642333 -0.030979073
v 0.08257485 1.3729022 -0.02541196
v 0.1732571 1.3458722 -0.060697287
v 0.13236912 1.3544273 -0.054211237
v 0.09791061 1.3604494 -0.04768613
v 0.2226137 1.3344849 -0.060672436
v 0.108167775 1.3396709 -0.07255893
v 0.26413006 1.307941 -0.063629515
v 0.07989756 1.3566779 -0.062473655
v 0.07651383 1.3718677 -0.04207402
v 0.05434101 1.3548723 -0.07453635
v 0.06448623 1.3711344 -0.05720755
v 0.044394415 1.3704509 -0.06929002
v 0.022861544 1.3703691 -0.076763235
v -0 1.3709264 -0.08030818
v -0.022861544 1.3703691 -0.076763235
v 0.0396723 1.3899273 -0.06477868
v -0.044394415 1.3704509 -0.06929002
v 0.0573233 1.390038 -0.052425977
v 0.036853056 1.422802 -0.06387053
v -0.05434101 1.3548723 -0.07453635
v 0.06767481 1.3902018 -0.036456816
v 0.05275778 1.4228461 -0.051322795
v 0.036898814 1.461143 -0.063870534
v 0.05286307 1.4612775 -0.051322803
v 0.06225119 1.4229696 -0.03544754
v 0.062380545 1.461471 -0.03544755
v 0.07302375 1.3903472 -0.020766445
v 0.06681104 1.4231359 -0.01951085
v 0.06693361 1.4616804 -0.019510858
v 0.07281471 1.3904341 -0.0057338
v 0.06684854 1.4233364 -0.0032000768
v 0.06693683 1.4619004 -0.0032000823
v 0.062313743 1.423434 0.012789806
v 0.06238519 1.461973 0.012789802
v 0.06745114 1.3905258 0.0102900965
v 0.052810006 1.4233117 0.028807035
v 0.05286399 1.4617844 0.028807027
v 0.05731501 1.3904221 0.026885968
v 0.040070247 1.4232492 0.04144717
v 0.03689881 1.4616492 0.041447163
v 0.06344202 1.3737347 0.025389293
v 0.04166584 1.3903261 0.039862026
v 0.02230373 1.423218 0.0495667
v 0.019116897 1.4615871 0.049566694
v 0.053356428 1.3603828 0.050113417
v 0.044152535 1.3737146 0.038585655
v 0.025958365 1.3602009 0.057784323
v 0.022504387 1.390329 0.04780988
v -0 1.3903658 0.050907325
v -0 1.4225992 0.05090732
v -0 1.4616239 0.050907314
v -0.019116897 1.4615871 0.049566694
v 0.023340173 1.3743991 0.047790192
v -0.02230373 1.423218 0.0495667
v -0.03689881 1.4616492 0.041447163
v -0 1.3744844 0.05033856
v -0 1.3605967 0.060577467
v -0.040070247 1.4232492 0.04144717
v -0.05286399 1.4617844 0.028807027
v -0.022504387 1.390329 0.04780988
v -0.023340173 1.3743991 0.047790192
v -0 1.3435154 0.07681862
v -0.029479397 1.3438046 0.07416905
v -0.033740304 1.3223509 0.09468215
v -0.025958365 1.3602009 0.057784323
v -0.064227864 1.3449913 0.067336254
v -0.07614302 1.3241618 0.08592851
v -0.04166584 1.3903261 0.039862026
v -0.044152535 1.3737146 0.038585655
v -0.053356428 1.3603828 0.050113417
v -0.09411175 1.3454492 0.056412593
v -0.11612123 1.3248591 0.07362674
v -0.06344202 1.3737347 0.025389293
v -0.076165475 1.3603332 0.036963552
v -0.05731501 1.3904221 0.026885968
v -0.074740395 1.3733871 0.009252155
v -0.09118722 1.3615134 0.020685872
v -0.052810006 1.4233117 0.028807035
v -0.06238519 1.461973 0.012789802
v -0.06745114 1.3905258 0.0102900965
v -0.062313743 1.423434 0.012789806
v -0.06693683 1.4619004 -0.0032000823
v -0.08184409 1.3734093 -0.008486557
v -0.07281471 1.3904341 -0.0057338
v -0.06684854 1.4233364 -0.0032000768
v -0.06693361 1.4616804 -0.019510858
v -0.06681104 1.4231359 -0.01951085
v -0.062380545 1.461471 -0.03544755
v -0.07302375 1.3903472 -0.020766445
v -0.06225119 1.4229696 -0.03544754
v -0.05286307 1.4612775 -0.051322803
v -0.05275778 1.4228461 -0.051322795
v -0.036898814 1.461143 -0.063870534
v -0.036853056 1.422802 -0.06387053
v -0.06767481 1.3902018 -0.036456816
v -0.0573233 1.390038 -0.052425977
v -0.0396723 1.3899273 -0.06477868
v -0.08257485 1.3729022 -0.02541196
v -0.07651383 1.3718677 -0.04207402
v -0.06448623 1.3711344 -0.05720755
v -0.07989756 1.3566779 -0.062473655
v -0.09791061 1.3604494 -0.04768613
v -0.108167775 1.3396709 -0.07255893
v -0.10750547 1.3650544 -2.6493452E-05
v -0.10997394 1.3642333 -0.030979073
v -0.13236912 1.3544273 -0.054211237
v -0.1732571 1.3458722 -0.060697287
v -0.15419164 1.3633113 -0.03455031
v -0.2226137 1.3344849 -0.060672436
v -0.20950888 1.3558859 -0.036725163
v -0.15052302 1.3634883 0.0053210426
v -0.13401766 1.3568249 0.025543131
v -0.115774594 1.3494914 0.04252603
v -0.14468896 1.3334161 0.057253007
v -0.16637762 1.344468 0.03355799
v -0.15651715 1.3081312 0.06485778
v -0.1939773 1.3592671 0.007524803
v -0.21877773 1.2568117 0.048392598
v -0.23157527 1.3028942 0.04721638
v -0.26643082 1.261614 0.03747052
v -0.21744533 1.2291117 0.025335884
v -0.18097892 1.2251109 0.056058303
v -0.19170399 1.1985617 0.030649807
v -0.2183352 1.3324153 0.032857187
v -0.2651392 1.3406512 0.005824842
v -0.26473203 1.3080505 0.033497043
v -0.1892419 1.1663862 0.0019128965
v -0.26527783 1.340533 -0.037033297
v -0.33297083 1.3305551 0.0019993426
v -0.26413006 1.307941 -0.063629515
v -0.3344267 1.302934 0.030545091
v -0.1971139 1.1973219 -0.0014473281
v -0.1811854 1.16899 -0.03225659
v -0.19207631 1.1985791 -0.030901605
v -0.26611024 1.2616017 -0.06332438
v -0.21758224 1.2292407 -0.03882877
v -0.2171462 1.2197701 -0.0049996637
v -0.27185148 1.2143854 -0.0064118523
v -0.26909482 1.2295814 -0.039349925
v -0.269003 1.2294914 0.022833109
v -0.3361763 1.2083918 -0.0094752805
v -0.33665365 1.2228643 0.019869754
v -0.33706218 1.2626939 0.035729244
v -0.38461906 1.2987287 0.030924624
v -0.3367763 1.2627223 -0.06190054
v -0.336733 1.2229162 -0.04034722
v -0.3839929 1.2041546 -0.011664235
v -0.38383472 1.2179329 0.017438466
v -0.3840831 1.2172378 -0.04140096
v -0.38667732 1.2577401 0.035220213
v -0.42125696 1.2025986 -0.012619947
v -0.33412084 1.3029287 -0.060145356
v -0.33319503 1.3304827 -0.033130016
v -0.38305247 1.322648 0.0013852237
v -0.3848579 1.2965735 -0.061065197
v -0.38613254 1.2545217 -0.06278452
v -0.38311994 1.3222667 -0.033098575
v -0.42510962 1.2927048 0.032380193
v -0.42138392 1.2146175 -0.04128802
v -0.4239068 1.28998 -0.062428948
v -0.4229079 1.3145171 0.0025622037
v -0.42387074 1.2488388 -0.06370184
v -0.4229955 1.3134352 -0.033886522
v -0.47288 1.2872586 -0.05978563
v -0.42501724 1.251418 0.035830505
v -0.47651905 1.2896724 0.030034281
v -0.46967888 1.3078918 0.0024325855
v -0.46967888 1.3068732 -0.0333514
v -0.50830585 1.3052903 0.0046084966
v -0.42115515 1.2148088 0.01517774
v -0.4645989 1.2025872 -0.012478762
v -0.46455652 1.2136365 0.014179367
v -0.50171316 1.202264 -0.012467168
v -0.4646935 1.2127755 -0.03990794
v -0.4742316 1.242286 0.0355005
v -0.47055966 1.2399665 -0.06253888
v -0.5376006 1.2864153 0.031057786
v -0.5020078 1.2150686 0.016504508
v -0.53481 1.2372402 0.036928505
v -0.5018448 1.2150795 -0.044049274
v -0.5416213 1.2121257 0.014526427
v -0.50610703 1.2825878 -0.062636316
v -0.50312185 1.2401229 -0.065597475
v -0.5081509 1.3030164 -0.037533607
v -0.54617685 1.3054434 0.0029399097
v -0.540659 1.2837186 -0.060847647
v -0.53745806 1.2340124 -0.06388772
v -0.54080105 1.2107314 -0.039805185
v -0.54606384 1.3044268 -0.033718348
v -0.61350477 1.278117 0.030533714
v -0.5413369 1.2019396 -0.01239192
v -0.61044747 1.205009 -0.012583858
v -0.6107507 1.2145703 0.013667777
v -0.6101281 1.213345 -0.039540764
v -0.6124723 1.2756056 -0.05975508
v -0.6136138 1.2999318 0.0032676316
v -0.61218965 1.2401098 0.034144618
v -0.6933639 1.2060645 -0.012698053
v -0.6937896 1.2155632 0.013461588
v -0.6957173 1.2397038 0.033983167
v -0.6974179 1.2748734 0.031683255
v -0.6933455 1.214284 -0.03963594
v -0.6975872 1.2963262 0.0049109743
v -0.6133693 1.2989333 -0.03368771
v -0.69738704 1.2952507 -0.03504203
v -0.6963455 1.2723144 -0.060648423
v -0.61097276 1.2374747 -0.061341874
v -0.694727 1.2371112 -0.061222482
v 0.022861544 1.3703691 -0.076763235
v 0.044394415 1.3704509 -0.06929002
v 0.0396723 1.3899273 -0.06477868
v 0.020723877 1.3899717 -0.07252289
v -0 1.3709264 -0.08030818
v 0.036853056 1.422802 -0.06387053
v -0 1.3900461 -0.07593022
v 0.019112613 1.4228004 -0.07195619
v 0.0191169 1.4610873 -0.071956195
v 0.036898814 1.461143 -0.063870534
v -0 1.4611162 -0.07511135
v -0 1.4228271 -0.075111344
v -0.019112613 1.4228004 -0.07195619
v -0.0191169 1.4610873 -0.071956195
v -0.020723877 1.3899717 -0.07252289
v -0.022861544 1.3703691 -0.076763235
v -0.036853056 1.422802 -0.06387053
v -0.036898814 1.461143 -0.063870534
v -0.0396723 1.3899273 -0.06477868
v -0.044394415 1.3704509 -0.06929002
v 0.11612123 1.3248591 0.07362674
v 0.08475553 1.2947963 0.09921488
v 0.07614302 1.3241618 0.08592851
v 0.033740304 1.3223509 0.09468215
v 0.030758 1.3041797 0.16838789
v -0 1.3212957 0.097328804
v -0 1.3013091 0.18344772
v -0.030758 1.3041797 0.16838789
v -0.033740304 1.3223509 0.09468215
v -0.08475553 1.2947963 0.09921488
v -0.07614302 1.3241618 0.08592851
v -0.11612123 1.3248591 0.07362674
v 0.28744 1.6744792 0.07806813
v 0.28478825 1.6614048 -0.03291859
v 0.25261056 1.6530796 -0.052170247
v 0.25526232 1.666154 0.058816444
v 0.24517208 1.6886704 0.19367322
v 0.21299437 1.6803453 0.17442153
v 0.16082895 1.700357 0.28353417
v 0.12865123 1.6920319 0.26428246
v -0 1.7083578 0.3350771
v -0 1.6992952 0.312776
v -0.12865123 1.6920319 0.26428246
v -0.16082895 1.700357 0.28353417
v -0.21299437 1.6803453 0.17442153
v -0.24517208 1.6886704 0.19367322
v -0.25526232 1.666154 0.058816444
v -0.28744 1.6744792 0.07806813
v -0.25261056 1.6530796 -0.052170247
v -0.28478825 1.6614048 -0.03291859
v 0.28309533 1.7379788 -0.067906365
v 0.25293773 1.7916192 0.0058592767
v 0.2509176 1.7296537 -0.08715804
v 0.28511545 1.7999443 0.025110966
v 0.21003817 1.8547015 0.10349507
v 0.2422159 1.8630266 0.12274675
v 0.12523411 1.9020654 0.18024318
v 0.15741183 1.9103905 0.19949485
v -0 1.9251852 0.22290881
v -0 1.934248 0.24520992
v -0.15741183 1.9103905 0.19949485
v -0.12523411 1.9020654 0.18024318
v -0.2422159 1.8630266 0.12274675
v -0.21003817 1.8547015 0.10349507
v -0.28511545 1.7999443 0.025110966
v -0.25293773 1.7916192 0.0058592767
v -0.28309533 1.7379788 -0.067906365
v -0.2509176 1.7296537 -0.08715804
v 0.0963177 1.857015 0.24253312
v 0.09734057 1.8604199 0.24404827
v 0.11424331 1.8517116 0.24071819
v 0.11245614 1.8487555 0.23943697
v 0.06860725 1.7944982 0.2803653
v 0.067832574 1.7943087 0.28273976
v 0.06796627 1.841186 0.2637314
v 0.06846743 1.8388518 0.26161915
v 0.11273593 1.7719768 0.27199554
v 0.11406243 1.770577 0.27376193
v 0.097107396 1.7667049 0.28214633
v 0.09662273 1.7683374 0.28008583
v 0.09662273 1.7683374 0.28008583
v 0.097107396 1.7667049 0.28214633
v 0.08017928 1.7753835 0.2854162
v 0.08046544 1.776575 0.2831373
v 0.0802167 1.8533901 0.2506524
v 0.08040198 1.8565671 0.25247172
v 0.09734057 1.8604199 0.24404827
v 0.0963177 1.857015 0.24253312
v 0.12252608 1.8280088 0.23375571
v 0.1236611 1.7826228 0.25577328
v 0.111701444 1.7678014 0.26816207
v 0.10973553 1.8464121 0.23002647
v 0.0949488 1.7641673 0.27702647
v 0.09267875 1.8549393 0.23299117
v 0.07789203 1.7726945 0.2799912
v 0.07592609 1.8513052 0.24185562
v 0.06510145 1.7910979 0.276262
v 0.06396644 1.8364837 0.25424445
v 0.12432296 1.8308423 0.24222946
v 0.12660162 1.8328 0.24342223
v 0.12650125 1.7859619 0.26250964
v 0.124487504 1.7865177 0.2610343
v 0.20850262 1.8118848 0.1706834
v 0.20856588 1.7753069 0.1844217
v 0.20233347 1.764124 0.19404934
v 0.20222391 1.8274789 0.17025387
v 0.19379672 1.7622365 0.20217238
v 0.19367021 1.8353924 0.17469569
v 0.18524307 1.7701501 0.20661417
v 0.18513352 1.8335048 0.18281873
v 0.17896438 1.7857441 0.20618464
v 0.17890114 1.8223219 0.1924464
v 0.06796627 1.841186 0.2637314
v 0.08040198 1.8565671 0.25247172
v 0.0802167 1.8533901 0.2506524
v 0.06846743 1.8388518 0.26161915
v 0.08017928 1.7753835 0.2854162
v 0.067832574 1.7943087 0.28273976
v 0.06860725 1.7944982 0.2803653
v 0.08046544 1.776575 0.2831373
v 0.12650125 1.7859619 0.26250964
v 0.11406243 1.770577 0.27376193
v 0.11273593 1.7719768 0.27199554
v 0.124487504 1.7865177 0.2610343
v 0.11424331 1.8517116 0.24071819
v 0.12660162 1.8328 0.24342223
v 0.12432296 1.8308423 0.24222946
v 0.11245614 1.8487555 0.23943697
v 0.19295982 1.7728894 0.21353683
v 0.19369093 1.7719444 0.21613993
v 0.1872239 1.7895176 0.21614769
v 0.18716241 1.7886543 0.21353905
v 0.19165856 1.8358212 0.18867229
v 0.19216982 1.838145 0.19015725
v 0.20048071 1.8398172 0.1799925
v 0.19910166 1.8373203 0.1795682
v 0.20066221 1.7646736 0.20833138
v 0.20196575 1.7631207 0.21054155
v 0.19369093 1.7719444 0.21613993
v 0.19295982 1.7728894 0.21353683
v 0.21524751 1.8137863 0.17405054
v 0.21254349 1.8133192 0.17430843
v 0.20674607 1.8290842 0.17431067
v 0.20910376 1.8305264 0.17406198
v 0.19910166 1.8373203 0.1795682
v 0.20048071 1.8398172 0.1799925
v 0.20910376 1.8305264 0.17406198
v 0.20674607 1.8290842 0.17431067
v 0.21339597 1.7770215 0.18875475
v 0.21613675 1.7766864 0.18883428
v 0.21039057 1.7648233 0.2003524
v 0.20814969 1.7661886 0.19926703
v 0.21613675 1.7766864 0.18883428
v 0.21339597 1.7770215 0.18875475
v 0.21254349 1.8133192 0.17430843
v 0.21524751 1.8137863 0.17405054
v 0.20196575 1.7631207 0.21054155
v 0.20066221 1.7646736 0.20833138
v 0.20814969 1.7661886 0.19926703
v 0.21039057 1.7648233 0.2003524
v 0.186462 1.826365 0.20158917
v 0.18641113 1.8249878 0.19918355
v 0.18716241 1.7886543 0.21353905
v 0.1872239 1.7895176 0.21614769
v 0.18641113 1.8249878 0.19918355
v 0.186462 1.826365 0.20158917
v 0.19216982 1.838145 0.19015725
v 0.19165856 1.8358212 0.18867229
v -0.0068891062 1.4033463 -0.17419966
v -0 1.4153404 -0.18104322
v -0 1.435484 -0.17415996
v -0.024116352 1.3960445 -0.15998918
v -0 1.435484 -0.17415996
v -0 1.4365451 -0.18375596
v -0 1.475397 -0.19902636
v -0 1.4741708 -0.18827014
v -0 1.4911699 -0.19622912
v -0 1.4870529 -0.16431719
v -0 1.4860598 -0.15535642
v -0 1.4836066 -0.19619699
v 0.08171304 1.489111 -0.18436171
v -0 1.4870529 -0.16431719
v -0 1.4911699 -0.19622912
v 0.08703014 1.4854269 -0.15505502
v 0.12400882 1.4853113 -0.15644762
v 0.12280908 1.4822457 -0.13170715
v 0.1617152 1.4797324 -0.11346795
v 0.15485634 1.4775516 -0.09556009
v 0.1838779 1.4729561 -0.05954285
v 0.17384386 1.4718138 -0.049908325
v 0.19433464 1.4663092 -0.0057771076
v 0.18280983 1.4661525 -0.004117287
v 0.19421524 1.4596001 0.049229823
v 0.18258661 1.4604412 0.04271263
v 0.18341221 1.4528872 0.10348761
v 0.1731726 1.4547688 0.08856644
v 0.16067 1.4458742 0.15826163
v 0.15372497 1.4488965 0.13442497
v 0.12229156 1.4404899 0.20166922
v 0.121318385 1.4444168 0.17054984
v 0.0794219 1.4371934 0.22962223
v 0.08530938 1.4416894 0.19369899
v -0 1.4371378 0.23437801
v -0 1.4416864 0.1973377
v -0.08530938 1.4416894 0.19369899
v -0.0794219 1.4371934 0.22962223
v -0.121318385 1.4444168 0.17054984
v -0.12229156 1.4404899 0.20166922
v -0.15372497 1.4488965 0.13442497
v -0.16067 1.4458742 0.15826163
v -0.1731726 1.4547688 0.08856644
v -0.18341221 1.4528872 0.10348761
v -0.18258661 1.4604412 0.04271263
v -0.19421524 1.4596001 0.049229823
v -0.18280983 1.4661525 -0.004117287
v -0.19433464 1.4663092 -0.0057771076
v -0.17384386 1.4718138 -0.049908325
v -0.1838779 1.4729561 -0.05954285
v -0.15485634 1.4775516 -0.09556009
v -0.1617152 1.4797324 -0.11346795
v -0.12280908 1.4822457 -0.13170715
v -0.12400882 1.4853113 -0.15644762
v -0.08703014 1.4854269 -0.15505502
v -0.08171304 1.489111 -0.18436171
v -0 1.4911699 -0.19622912
v 0.14999604 1.4770411 0.16428185
v 0.14075845 1.4752159 0.16331305
v 0.15514453 1.5566101 0.19959569
v 0.16883805 1.5619507 0.19557182
v 0.17842945 1.6496322 0.18398152
v 0.1865169 1.6489336 0.18109462
v 0.1865169 1.6489336 0.18109462
v 0.17842945 1.6496322 0.18398152
v 0.16300288 1.7625417 0.20773232
v 0.17161661 1.761385 0.20454279
v 0.14688079 1.3378917 -0.11410191
v 0.13431178 1.3817781 -0.11575094
v 0.103825346 1.3817713 -0.13158803
v 0.10699105 1.3371587 -0.13358454
v 0.15606214 1.2876431 -0.113001995
v 0.10980859 1.2870682 -0.13289917
v 0.16711499 1.2285571 -0.1264658
v 0.118870914 1.2288624 -0.14686953
v 0.1927773 1.0999494 -0.14160067
v 0.13887596 1.1017569 -0.16256566
v 0.21104589 0.9826175 -0.15820691
v 0.1561837 0.98433465 -0.17916177
v 0.22953163 0.88884324 -0.18157864
v 0.1720305 0.8904911 -0.20250031
v 0.24806404 0.8072268 -0.21577814
v 0.18625131 0.8088766 -0.23670375
v 0.2650704 0.7265247 -0.2501099
v 0.1977911 0.7282051 -0.2710501
v 0.28044382 0.6463401 -0.28474963
v 0.2067646 0.64809114 -0.30571485
v 0.29483652 0.5660721 -0.31986415
v 0.21435109 0.5679477 -0.34082255
v 0.30828986 0.48587108 -0.35507697
v 0.2216165 0.48776573 -0.37601432
v 0.3204415 0.40582722 -0.3900957
v 0.22809647 0.40771198 -0.41103885
v 0.33186117 0.32575828 -0.42465085
v 0.23468497 0.32764217 -0.44563258
v 0.33982438 0.2450662 -0.4594032
v 0.2395583 0.24696735 -0.48037794
v 0.34083924 0.17501876 -0.5056051
v 0.23952636 0.1769199 -0.5265795
v 0.13249232 0.24915737 -0.49346137
v 0.13172911 0.1791099 -0.53959435
v -0 0.25041586 -0.5059439
v -0 0.1803684 -0.5518676
v -0.13172911 0.1791099 -0.53959435
v -0.13249232 0.24915737 -0.49346137
v -0.23952636 0.1769199 -0.5265795
v -0.2395583 0.24696735 -0.48037794
v -0.34083924 0.17501876 -0.5056051
v -0.33982438 0.2450662 -0.4594032
v -0.23468497 0.32764217 -0.44563258
v -0.33186117 0.32575828 -0.42465085
v -0.22809647 0.40771198 -0.41103885
v -0.3204415 0.40582722 -0.3900957
v -0.2216165 0.48776573 -0.37601432
v -0.30828986 0.48587108 -0.35507697
v -0.21435109 0.5679477 -0.34082255
v -0.29483652 0.5660721 -0.31986415
v -0.2067646 0.64809114 -0.30571485
v -0.28044382 0.6463401 -0.28474963
v -0.1977911 0.7282051 -0.2710501
v -0.2650704 0.7265247 -0.2501099
v -0.18625131 0.8088766 -0.23670375
v -0.24806404 0.8072268 -0.21577814
v -0.1720305 0.8904911 -0.20250031
v -0.22953163 0.88884324 -0.18157864
v -0.1561837 0.98433465 -0.17916177
v -0.21104589 0.9826175 -0.15820691
v -0.13887596 1.1017569 -0.16256566
v -0.1927773 1.0999494 -0.14160067
v -0.118870914 1.2288624 -0.14686953
v -0.16711499 1.2285571 -0.1264658
v -0.10980859 1.2870682 -0.13289917
v -0.15606214 1.2876431 -0.113001995
v -0.10699105 1.3371587 -0.13358454
v -0.14688079 1.3378917 -0.11410191
v -0.103825346 1.3817713 -0.13158803
v -0.13431178 1.3817781 -0.11575094
v 0.10699105 1.3371587 -0.13358454
v 0.103825346 1.3817713 -0.13158803
v 0.058378275 1.381308 -0.14445108
v 0.05790496 1.3362842 -0.14798765
v 0.10980859 1.2870682 -0.13289917
v -0 1.3814559 -0.15291944
v 0.06142637 1.2867929 -0.14720051
v 0.118870914 1.2288624 -0.14686953
v -0 1.3344643 -0.15687872
v 0.06584603 1.2288814 -0.1613873
v 0.13887596 1.1017569 -0.16256566
v -0.05790496 1.3362842 -0.14798765
v -0.058378275 1.381308 -0.14445108
v -0 1.2869037 -0.15775439
v 0.080755115 1.1040105 -0.17549029
v 0.1561837 0.98433465 -0.17916177
v -0.10699105 1.3371587 -0.13358454
v -0.103825346 1.3817713 -0.13158803
v -0.10980859 1.2870682 -0.13289917
v -0.06142637 1.2867929 -0.14720051
v -0.118870914 1.2288624 -0.14686953
v -0.06584603 1.2288814 -0.1613873
v -0.13887596 1.1017569 -0.16256566
v -0 1.2285203 -0.17339393
v -0.080755115 1.1040105 -0.17549029
v -0.1561837 0.98433465 -0.17916177
v -0 1.1055075 -0.18761443
v -0.0958225 0.9867177 -0.1920728
v -0.1720305 0.8904911 -0.20250031
v 0.0958225 0.9867177 -0.1920728
v 0.1720305 0.8904911 -0.20250031
v -0 0.98885554 -0.20426056
v -0.10765814 0.8929471 -0.21545759
v -0.18625131 0.8088766 -0.23670375
v 0.10765814 0.8929471 -0.21545759
v 0.18625131 0.8088766 -0.23670375
v -0 0.8955745 -0.22789213
v -0.1164415 0.81148154 -0.24970841
v -0.1977911 0.7282051 -0.2710501
v 0.1164415 0.81148154 -0.24970841
v 0.1977911 0.7282051 -0.2710501
v -0 0.8146321 -0.26233718
v -0.12169175 0.7308649 -0.2841455
v -0.2067646 0.64809114 -0.30571485
v 0.12169175 0.7308649 -0.2841455
v 0.2067646 0.64809114 -0.30571485
v -0 0.73432475 -0.29683557
v -0.12385746 0.6508072 -0.31887037
v -0.21435109 0.5679477 -0.34082255
v 0.12385746 0.6508072 -0.31887037
v 0.21435109 0.5679477 -0.34082255
v -0 0.6542191 -0.3315242
v -0.12498682 0.57070476 -0.35392642
v -0.2216165 0.48776573 -0.37601432
v 0.12498682 0.57070476 -0.35392642
v 0.2216165 0.48776573 -0.37601432
v -0 0.5737231 -0.36660784
v -0.1266798 0.4903805 -0.38907298
v -0.22809647 0.40771198 -0.41103885
v 0.1266798 0.4903805 -0.38907298
v 0.22809647 0.40771198 -0.41103885
v -0 0.49290985 -0.40177506
v -0.1278602 0.4101924 -0.4241024
v -0.23468497 0.32764217 -0.44563258
v 0.1278602 0.4101924 -0.4241024
v 0.23468497 0.32764217 -0.44563258
v -0 0.4123024 -0.43665344
v -0.13019529 0.32996425 -0.4587244
v -0.2395583 0.24696735 -0.48037794
v -0.13249232 0.24915737 -0.49346137
v 0.13019529 0.32996425 -0.4587244
v 0.2395583 0.24696735 -0.48037794
v 0.13249232 0.24915737 -0.49346137
v -0 0.3315276 -0.47118205
v -0 0.25041586 -0.5059439
v 0.035950176 0.58546764 0.30734214
v 0.035950176 0.5295982 0.32726258
v -0 0.52891594 0.32883757
v -0 0.5847854 0.30891714
v 0.035950176 0.58546764 0.30734214
v 0.07479285 0.58622795 0.30293873
v 0.07479285 0.53035843 0.32285914
v 0.035950176 0.5295982 0.32726258
v 0.11073391 0.5867588 0.29197747
v 0.11073391 0.53088933 0.3118979
v 0.07479285 0.53035843 0.32285914
v 0.07479285 0.58622795 0.30293873
v 0.11073391 0.64262825 0.272057
v 0.07479285 0.6420974 0.28301826
v 0.11073391 0.6984977 0.25213656
v 0.07479285 0.6979669 0.26309782
v 0.11073391 0.7543672 0.23221612
v 0.07479285 0.75383633 0.24317738
v 0.11073391 0.81023663 0.21229567
v 0.07479285 0.8097058 0.22325693
v 0.11073391 0.8661061 0.19237524
v 0.07479285 0.86557525 0.20333649
v 0.11073391 0.9219755 0.1724548
v 0.07479285 0.9214447 0.18341604
v 0.11073391 0.977845 0.15253435
v 0.07479285 0.9773141 0.16349559
v 0.035950176 0.97655386 0.16789903
v 0.07479285 0.9773141 0.16349559
v 0.07479285 0.9214447 0.18341604
v 0.035950176 0.9206844 0.18781948
v 0.07479285 0.86557525 0.20333649
v 0.035950176 0.86481494 0.20773992
v 0.07479285 0.8097058 0.22325693
v 0.035950176 0.8089455 0.22766034
v 0.07479285 0.75383633 0.24317738
v 0.035950176 0.753076 0.2475808
v 0.07479285 0.6979669 0.26309782
v 0.035950176 0.69720656 0.26750124
v 0.07479285 0.6420974 0.28301826
v 0.035950176 0.6413371 0.28742167
v 0.07479285 0.58622795 0.30293873
v 0.035950176 0.58546764 0.30734214
v 0.035950176 0.97655386 0.16789903
v -0 0.9200022 0.18939447
v -0 0.9758716 0.16947402
v 0.035950176 0.9206844 0.18781948
v -0 0.86413276 0.20931493
v 0.035950176 0.86481494 0.20773992
v -0 0.8082633 0.22923537
v 0.035950176 0.8089455 0.22766034
v -0 0.75239384 0.24915582
v 0.035950176 0.753076 0.2475808
v -0 0.6965244 0.26907626
v 0.035950176 0.69720656 0.26750124
v -0 0.6406549 0.2889967
v 0.035950176 0.6413371 0.28742167
v -0 0.5847854 0.30891714
v 0.035950176 0.58546764 0.30734214
v 0.3623526 1.7802249 -0.20109321
v 0.31404248 1.7015789 -0.007660696
v 0.30329219 1.7592964 0.007861029
v 0.3589909 1.9807044 -0.21239454
v 0.37282807 1.8380293 -0.2411502
v 0.3715102 1.937958 -0.23458783
v 0.37282807 1.8380293 -0.2411502
v 0.38523293 1.8341132 -0.25215355
v 0.37358406 1.7691679 -0.20710252
v 0.3623526 1.7802249 -0.20109321
v 0.3715102 1.937958 -0.23458783
v 0.38343206 1.9419959 -0.24518897
v 0.38523293 1.8341132 -0.25215355
v 0.37282807 1.8380293 -0.2411502
v 0.3589909 1.9807044 -0.21239454
v 0.36722302 2.0024428 -0.2133869
v 0.38343206 1.9419959 -0.24518897
v 0.3715102 1.937958 -0.23458783
v 0.3623526 1.7802249 -0.20109321
v 0.37358406 1.7691679 -0.20710252
v 0.32061145 1.6836855 0.0029042899
v 0.31404248 1.7015789 -0.007660696
v 0.31404248 1.7015789 -0.007660696
v 0.32061145 1.6836855 0.0029042899
v 0.30700597 1.763164 0.024637263
v 0.30329219 1.7592964 0.007861029
v 0.30329219 1.7592964 0.007861029
v 0.30700597 1.763164 0.024637263
v 0.36722302 2.0024428 -0.2133869
v 0.3589909 1.9807044 -0.21239454
v 0.078378096 1.4735583 -0.18796411
v -0 1.4911699 -0.19622912
v -0 1.475397 -0.19902636
v 0.08171304 1.489111 -0.18436171
v 0.121298924 1.4697951 -0.1599844
v 0.12400882 1.4853113 -0.15644762
v 0.15975255 1.4642117 -0.11664278
v 0.1617152 1.4797324 -0.11346795
v 0.18255366 1.4573683 -0.06188305
v 0.1838779 1.4729561 -0.05954285
v 0.1933389 1.4506105 -0.00694177
v 0.19433464 1.4663092 -0.0057771076
v 0.19310245 1.4437886 0.04925745
v 0.19421524 1.4596001 0.049229823
v 0.18182981 1.4370154 0.10429564
v 0.18341221 1.4528872 0.10348761
v 0.15850973 1.4300013 0.1593467
v 0.16067 1.4458742 0.15826163
v 0.12035033 1.4243859 0.20252557
v 0.12229156 1.4404899 0.20166922
v 0.07717166 1.4211338 0.23030162
v 0.0794219 1.4371934 0.22962223
v -0 1.4211115 0.23470537
v -0 1.4371378 0.23437801
v -0.0794219 1.4371934 0.22962223
v -0.07717166 1.4211338 0.23030162
v -0.12229156 1.4404899 0.20166922
v -0.12035033 1.4243859 0.20252557
v -0.16067 1.4458742 0.15826163
v -0.15850973 1.4300013 0.1593467
v -0.18341221 1.4528872 0.10348761
v -0.18182981 1.4370154 0.10429564
v -0.19421524 1.4596001 0.049229823
v -0.19310245 1.4437886 0.04925745
v -0.19433464 1.4663092 -0.0057771076
v -0.1933389 1.4506105 -0.00694177
v -0.1838779 1.4729561 -0.05954285
v -0.18255366 1.4573683 -0.06188305
v -0.1617152 1.4797324 -0.11346795
v -0.15975255 1.4642117 -0.11664278
v -0.12400882 1.4853113 -0.15644762
v -0.121298924 1.4697951 -0.1599844
v -0.08171304 1.489111 -0.18436171
v -0.078378096 1.4735583 -0.18796411
v -0 1.4911699 -0.19622912
v -0 1.475397 -0.19902636
v -0 1.475397 -0.19902636
v -0 1.4911699 -0.19622912
v -0 1.4836066 -0.19619699
v -0 1.4741708 -0.18827014
v -0.26476717 1.7550223 -0.09816964
v -0.27125475 1.7627077 0.0053801495
v -0.27450204 1.6589407 0.009185529
v -0.2501296 1.7607118 0.11101343
v -0.25121945 1.6617728 0.11366806
v -0.19068278 1.7558774 0.20170777
v -0.20689198 1.6559681 0.18454151
v -0.17161661 1.761385 0.20454279
v -0.1865169 1.6489336 0.18109462
v -0.18461335 1.560889 0.20118104
v -0.16883805 1.5619507 0.19557182
v -0.112449214 1.5148447 0.2270493
v -0.12603165 1.5104455 0.22708464
v -0.114366174 1.4794229 0.22694723
v -0.09785378 1.4808419 0.22606575
v -0.0963177 1.857015 0.24253312
v -0.11245614 1.8487555 0.23943697
v -0.11424331 1.8517116 0.24071819
v -0.09734057 1.8604199 0.24404827
v -0.06860725 1.7944982 0.2803653
v -0.06846743 1.8388518 0.26161915
v -0.06796627 1.841186 0.2637314
v -0.067832574 1.7943087 0.28273976
v -0.11273593 1.7719768 0.27199554
v -0.09662273 1.7683374 0.28008583
v -0.097107396 1.7667049 0.28214633
v -0.11406243 1.770577 0.27376193
v -0.09662273 1.7683374 0.28008583
v -0.08046544 1.776575 0.2831373
v -0.08017928 1.7753835 0.2854162
v -0.097107396 1.7667049 0.28214633
v -0.0802167 1.8533901 0.2506524
v -0.0963177 1.857015 0.24253312
v -0.09734057 1.8604199 0.24404827
v -0.08040198 1.8565671 0.25247172
v -0.07592609 1.8513052 0.24185562
v -0.06396644 1.8364837 0.25424445
v -0.06510145 1.7910979 0.276262
v -0.07789203 1.7726945 0.2799912
v -0.09267875 1.8549393 0.23299117
v -0.0949488 1.7641673 0.27702647
v -0.10973553 1.8464121 0.23002647
v -0.111701444 1.7678014 0.26816207
v -0.12252608 1.8280088 0.23375571
v -0.1236611 1.7826228 0.25577328
v -0.12432296 1.8308423 0.24222946
v -0.124487504 1.7865177 0.2610343
v -0.12650125 1.7859619 0.26250964
v -0.12660162 1.8328 0.24342223
v -0.18513352 1.8335048 0.18281873
v -0.17890114 1.8223219 0.1924464
v -0.17896438 1.7857441 0.20618464
v -0.18524307 1.7701501 0.20661417
v -0.19367021 1.8353924 0.17469569
v -0.19379672 1.7622365 0.20217238
v -0.20222391 1.8274789 0.17025387
v -0.20233347 1.764124 0.19404934
v -0.20850262 1.8118848 0.1706834
v -0.20856588 1.7753069 0.1844217
v -0.06796627 1.841186 0.2637314
v -0.06846743 1.8388518 0.26161915
v -0.0802167 1.8533901 0.2506524
v -0.08040198 1.8565671 0.25247172
v -0.08017928 1.7753835 0.2854162
v -0.08046544 1.776575 0.2831373
v -0.06860725 1.7944982 0.2803653
v -0.067832574 1.7943087 0.28273976
v -0.12650125 1.7859619 0.26250964
v -0.124487504 1.7865177 0.2610343
v -0.11273593 1.7719768 0.27199554
v -0.11406243 1.770577 0.27376193
v -0.11424331 1.8517116 0.24071819
v -0.11245614 1.8487555 0.23943697
v -0.12432296 1.8308423 0.24222946
v -0.12660162 1.8328 0.24342223
v -0.19295982 1.7728894 0.21353683
v -0.18716241 1.7886543 0.21353905
v -0.1872239 1.7895176 0.21614769
v -0.19369093 1.7719444 0.21613993
v -0.19165856 1.8358212 0.18867229
v -0.19910166 1.8373203 0.1795682
v -0.20048071 1.8398172 0.1799925
v -0.19216982 1.838145 0.19015725
v -0.20066221 1.7646736 0.20833138
v -0.19295982 1.7728894 0.21353683
v -0.19369093 1.7719444 0.21613993
v -0.20196575 1.7631207 0.21054155
v -0.21524751 1.8137863 0.17405054
v -0.20910376 1.8305264 0.17406198
v -0.20674607 1.8290842 0.17431067
v -0.21254349 1.8133192 0.17430843
v -0.19910166 1.8373203 0.1795682
v -0.20674607 1.8290842 0.17431067
v -0.20910376 1.8305264 0.17406198
v -0.20048071 1.8398172 0.1799925
v -0.21339597 1.7770215 0.18875475
v -0.20814969 1.7661886 0.19926703
v -0.21039057 1.7648233 0.2003524
v -0.21613675 1.7766864 0.18883428
v -0.21613675 1.7766864 0.18883428
v -0.21524751 1.8137863 0.17405054
v -0.21254349 1.8133192 0.17430843
v -0.21339597 1.7770215 0.18875475
v -0.20196575 1.7631207 0.21054155
v -0.21039057 1.7648233 0.2003524
v -0.20814969 1.7661886 0.19926703
v -0.20066221 1.7646736 0.20833138
v -0.186462 1.826365 0.20158917
v -0.1872239 1.7895176 0.21614769
v -0.18716241 1.7886543 0.21353905
v -0.18641113 1.8249878 0.19918355
v -0.18641113 1.8249878 0.19918355
v -0.19165856 1.8358212 0.18867229
v -0.19216982 1.838145 0.19015725
v -0.186462 1.826365 0.20158917
v 0.0068891062 1.4033463 -0.17419966
v 0.024116352 1.3960445 -0.15998918
v -0 1.435484 -0.17415996
v -0 1.4153404 -0.18104322
v -0.14999604 1.4770411 0.16428185
v -0.15514453 1.5566101 0.19959569
v -0.14075845 1.4752159 0.16331305
v -0.16883805 1.5619507 0.19557182
v -0.17842945 1.6496322 0.18398152
v -0.1865169 1.6489336 0.18109462
v -0.1865169 1.6489336 0.18109462
v -0.17161661 1.761385 0.20454279
v -0.16300288 1.7625417 0.20773232
v -0.17842945 1.6496322 0.18398152
v -0.035950176 0.58546764 0.30734214
v -0 0.5847854 0.30891714
v -0 0.52891594 0.32883757
v -0.035950176 0.5295982 0.32726258
v -0.035950176 0.58546764 0.30734214
v -0.035950176 0.5295982 0.32726258
v -0.07479285 0.53035843 0.32285914
v -0.07479285 0.58622795 0.30293873
v -0.11073391 0.5867588 0.29197747
v -0.07479285 0.53035843 0.32285914
v -0.11073391 0.53088933 0.3118979
v -0.07479285 0.58622795 0.30293873
v -0.11073391 0.64262825 0.272057
v -0.07479285 0.6420974 0.28301826
v -0.11073391 0.6984977 0.25213656
v -0.07479285 0.6979669 0.26309782
v -0.11073391 0.7543672 0.23221612
v -0.07479285 0.75383633 0.24317738
v -0.11073391 0.81023663 0.21229567
v -0.07479285 0.8097058 0.22325693
v -0.11073391 0.8661061 0.19237524
v -0.07479285 0.86557525 0.20333649
v -0.11073391 0.9219755 0.1724548
v -0.07479285 0.9214447 0.18341604
v -0.11073391 0.977845 0.15253435
v -0.07479285 0.9773141 0.16349559
v -0.035950176 0.97655386 0.16789903
v -0.07479285 0.9214447 0.18341604
v -0.07479285 0.9773141 0.16349559
v -0.035950176 0.9206844 0.18781948
v -0.07479285 0.86557525 0.20333649
v -0.035950176 0.86481494 0.20773992
v -0.07479285 0.8097058 0.22325693
v -0.035950176 0.8089455 0.22766034
v -0.07479285 0.75383633 0.24317738
v -0.035950176 0.753076 0.2475808
v -0.07479285 0.6979669 0.26309782
v -0.035950176 0.69720656 0.26750124
v -0.07479285 0.6420974 0.28301826
v -0.035950176 0.6413371 0.28742167
v -0.07479285 0.58622795 0.30293873
v -0.035950176 0.58546764 0.30734214
v -0.035950176 0.97655386 0.16789903
v -0 0.9758716 0.16947402
v -0 0.9200022 0.18939447
v -0.035950176 0.9206844 0.18781948
v -0 0.86413276 0.20931493
v -0.035950176 0.86481494 0.20773992
v -0 0.8082633 0.22923537
v -0.035950176 0.8089455 0.22766034
v -0 0.75239384 0.24915582
v -0.035950176 0.753076 0.2475808
v -0 0.6965244 0.26907626
v -0.035950176 0.69720656 0.26750124
v -0 0.6406549 0.2889967
v -0.035950176 0.6413371 0.28742167
v -0 0.5847854 0.30891714
v -0.035950176 0.58546764 0.30734214
v -0.30303788 1.7592964 0.0106913885
v -0.31361642 1.7015789 -0.004947907
v -0.35979077 1.7802249 -0.19890133
v -0.35630468 1.9807044 -0.21016489
v -0.36982393 1.8380293 -0.23907138
v -0.36857852 1.937958 -0.23249488
v -0.36982393 1.8380293 -0.23907138
v -0.35979077 1.7802249 -0.19890133
v -0.37095532 1.7691679 -0.20503409
v -0.38210678 1.8341132 -0.2502108
v -0.36857852 1.937958 -0.23249488
v -0.36982393 1.8380293 -0.23907138
v -0.38210678 1.8341132 -0.2502108
v -0.38038284 1.9419959 -0.2432268
v -0.35630468 1.9807044 -0.21016489
v -0.36857852 1.937958 -0.23249488
v -0.38038284 1.9419959 -0.2432268
v -0.36452538 2.0024428 -0.21124795
v -0.35979077 1.7802249 -0.19890133
v -0.31361642 1.7015789 -0.004947907
v -0.32030144 1.6836855 0.0055440036
v -0.37095532 1.7691679 -0.20503409
v -0.31361642 1.7015789 -0.004947907
v -0.30303788 1.7592964 0.0106913885
v -0.30693638 1.763164 0.027425677
v -0.32030144 1.6836855 0.0055440036
v -0.30303788 1.7592964 0.0106913885
v -0.35630468 1.9807044 -0.21016489
v -0.36452538 2.0024428 -0.21124795
v -0.30693638 1.763164 0.027425677
v 0.11245614 1.8487555 0.23943697
v 0.12252608 1.8280088 0.23375571
v 0.10973553 1.8464121 0.23002647
v 0.09267875 1.8549393 0.23299117
v 0.12432296 1.8308423 0.24222946
v 0.0963177 1.857015 0.24253312
v 0.124487504 1.7865177 0.2610343
v 0.1236611 1.7826228 0.25577328
v 0.07592609 1.8513052 0.24185562
v 0.0802167 1.8533901 0.2506524
v 0.111701444 1.7678014 0.26816207
v 0.11273593 1.7719768 0.27199554
v 0.09662273 1.7683374 0.28008583
v 0.0949488 1.7641673 0.27702647
v 0.06846743 1.8388518 0.26161915
v 0.06396644 1.8364837 0.25424445
v 0.08046544 1.776575 0.2831373
v 0.07789203 1.7726945 0.2799912
v 0.06510145 1.7910979 0.276262
v 0.06860725 1.7944982 0.2803653
v 0.19367021 1.8353924 0.17469569
v 0.20674607 1.8290842 0.17431067
v 0.20222391 1.8274789 0.17025387
v 0.20850262 1.8118848 0.1706834
v 0.19910166 1.8373203 0.1795682
v 0.21254349 1.8133192 0.17430843
v 0.18513352 1.8335048 0.18281873
v 0.19165856 1.8358212 0.18867229
v 0.17890114 1.8223219 0.1924464
v 0.18641113 1.8249878 0.19918355
v 0.20856588 1.7753069 0.1844217
v 0.21339597 1.7770215 0.18875475
v 0.20814969 1.7661886 0.19926703
v 0.20233347 1.764124 0.19404934
v 0.20066221 1.7646736 0.20833138
v 0.19379672 1.7622365 0.20217238
v 0.17896438 1.7857441 0.20618464
v 0.18716241 1.7886543 0.21353905
v 0.19295982 1.7728894 0.21353683
v 0.18524307 1.7701501 0.20661417
v 0.0211511 1.184681 0.13379787
v -0 1.1861155 0.15504263
v -0.0211511 1.184681 0.13379787
v 0.029745387 1.244161 0.15904951
v 0.05876664 1.2489077 0.1298729
v 0.030758 1.3041797 0.16838789
v -0 1.243843 0.16897303
v -0 1.3013091 0.18344772
v -0.030758 1.3041797 0.16838789
v -0.029745387 1.244161 0.15904951
v -0.05876664 1.2489077 0.1298729
v 0.2171462 1.2197701 -0.0049996637
v 0.27185148 1.2143854 -0.0064118523
v 0.269003 1.2294914 0.022833109
v 0.26909482 1.2295814 -0.039349925
v 0.3361763 1.2083918 -0.0094752805
v 0.33665365 1.2228643 0.019869754
v 0.26611024 1.2616017 -0.06332438
v 0.33706218 1.2626939 0.035729244
v 0.38461906 1.2987287 0.030924624
v 0.336733 1.2229162 -0.04034722
v 0.3367763 1.2627223 -0.06190054
v 0.33412084 1.3029287 -0.060145356
v 0.3839929 1.2041546 -0.011664235
v 0.38383472 1.2179329 0.017438466
v 0.33319503 1.3304827 -0.033130016
v 0.3840831 1.2172378 -0.04140096
v 0.3848579 1.2965735 -0.061065197
v 0.38305247 1.322648 0.0013852237
v 0.38667732 1.2577401 0.035220213
v 0.42125696 1.2025986 -0.012619947
v 0.38613254 1.2545217 -0.06278452
v 0.38311994 1.3222667 -0.033098575
v 0.42510962 1.2927048 0.032380193
v 0.42115515 1.2148088 0.01517774
v 0.42138392 1.2146175 -0.04128802
v 0.4239068 1.28998 -0.062428948
v 0.4229079 1.3145171 0.0025622037
v 0.42501724 1.251418 0.035830505
v 0.4645989 1.2025872 -0.012478762
v 0.42387074 1.2488388 -0.06370184
v 0.4229955 1.3134352 -0.033886522
v 0.47651905 1.2896724 0.030034281
v 0.46455652 1.2136365 0.014179367
v 0.50171316 1.202264 -0.012467168
v 0.4646935 1.2127755 -0.03990794
v 0.47288 1.2872586 -0.05978563
v 0.46967888 1.3078918 0.0024325855
v 0.4742316 1.242286 0.0355005
v 0.47055966 1.2399665 -0.06253888
v 0.46967888 1.3068732 -0.0333514
v 0.50830585 1.3052903 0.0046084966
v 0.5081509 1.3030164 -0.037533607
v 0.5376006 1.2864153 0.031057786
v 0.5020078 1.2150686 0.016504508
v 0.53481 1.2372402 0.036928505
v 0.54617685 1.3054434 0.0029399097
v 0.50610703 1.2825878 -0.062636316
v 0.5416213 1.2121257 0.014526427
v 0.61350477 1.278117 0.030533714
v 0.50312185 1.2401229 -0.065597475
v 0.540659 1.2837186 -0.060847647
v 0.54606384 1.3044268 -0.033718348
v 0.5018448 1.2150795 -0.044049274
v 0.53745806 1.2340124 -0.06388772
v 0.54080105 1.2107314 -0.039805185
v 0.5413369 1.2019396 -0.01239192
v 0.61044747 1.205009 -0.012583858
v 0.6136138 1.2999318 0.0032676316
v 0.6124723 1.2756056 -0.05975508
v 0.6101281 1.213345 -0.039540764
v 0.6107507 1.2145703 0.013667777
v 0.61218965 1.2401098 0.034144618
v 0.6933639 1.2060645 -0.012698053
v 0.6937896 1.2155632 0.013461588
v 0.6957173 1.2397038 0.033983167
v 0.6974179 1.2748734 0.031683255
v 0.6933455 1.214284 -0.03963594
v 0.6975872 1.2963262 0.0049109743
v 0.61097276 1.2374747 -0.061341874
v 0.694727 1.2371112 -0.061222482
v 0.6963455 1.2723144 -0.060648423
v 0.6133693 1.2989333 -0.03368771
v 0.69738704 1.2952507 -0.03504203
v 0.18289885 0.9772975 -0.026710613
v 0.2024504 0.8777777 0.0040852576
v 0.18823424 0.97766083 0.015208592
v 0.18342534 0.97735536 0.05722418
v 0.1968255 0.8722396 -0.040911548
v 0.17780161 0.9128278 -0.073594026
v 0.16923623 0.9771206 -0.060276467
v 0.14521493 0.9767788 -0.08314373
v 0.15258813 0.9097934 -0.100178234
v 0.11394222 0.9763694 -0.100477256
v 0.18153372 0.86861354 -0.08102903
v 0.18489096 0.8165346 -0.088435546
v 0.15448569 0.86343896 -0.10840816
v 0.121733665 0.8628635 -0.12636995
v 0.078386866 0.97668046 -0.111326136
v 0.15520349 0.81403625 -0.11677116
v 0.08432197 0.86464125 -0.13641882
v 0.039541125 0.9767047 -0.117911085
v 0.122115865 0.8139346 -0.13358009
v 0.044889085 0.8666891 -0.14052959
v -0 0.97633356 -0.12179503
v 0.15401685 0.79058 -0.12030733
v 0.15283023 0.76654387 -0.1238435
v 0.08342012 0.81377614 -0.14305687
v 0.117264 0.78409314 -0.13511533
v -0 0.86786586 -0.14356953
v 0.04463735 0.8121471 -0.14591473
v 0.07934547 0.78214157 -0.1424101
v 0.11241214 0.7542517 -0.13665055
v -0.044889085 0.8666891 -0.14052959
v -0.039541125 0.9767047 -0.117911085
v -0.08432197 0.86464125 -0.13641882
v -0.078386866 0.97668046 -0.111326136
v -0.121733665 0.8628635 -0.12636995
v -0.11394222 0.9763694 -0.100477256
v -0.15258813 0.9097934 -0.100178234
v -0.14521493 0.9767788 -0.08314373
v -0.17780161 0.9128278 -0.073594026
v -0.16923623 0.9771206 -0.060276467
v -0.18289885 0.9772975 -0.026710613
v -0.04463735 0.8121471 -0.14591473
v -0.08342012 0.81377614 -0.14305687
v -0.122115865 0.8139346 -0.13358009
v -0 0.8137566 -0.14833455
v 0.042277575 0.77964437 -0.14461823
v 0.075270824 0.75050706 -0.14176331
v 0.055017184 0.69111776 -0.114059374
v 0.039917804 0.7471416 -0.1433217
v -0 0.7807375 -0.14616874
v -0.042277575 0.77964437 -0.14461823
v -0.07934547 0.78214157 -0.1424101
v -0.117264 0.78409314 -0.13511533
v 0.084197976 0.6774117 -0.113481015
v -0.039917804 0.7471416 -0.1433217
v -0.075270824 0.75050706 -0.14176331
v -0.055017184 0.69111776 -0.114059374
v -0.11241214 0.7542517 -0.13665055
v -0.15283023 0.76654387 -0.1238435
v -0.15401685 0.79058 -0.12030733
v -0.18489096 0.8165346 -0.088435546
v -0.15520349 0.81403625 -0.11677116
v -0.15448569 0.86343896 -0.10840816
v -0.18153372 0.86861354 -0.08102903
v -0.1968255 0.8722396 -0.040911548
v -0.084197976 0.6774117 -0.113481015
v -0.2024504 0.8777777 0.0040852576
v -0.18823424 0.97766083 0.015208592
v -0.18342534 0.97735536 0.05722418
v -0.20361064 0.8297077 -0.045841195
v -0.2107414 0.83572555 -0.00061727624
v -0.19859804 0.87342256 0.0484481
v -0.20752761 0.8278846 0.040160272
v -0.17776671 0.9169994 0.09362414
v -0.16911665 0.9769137 0.091498636
v -0.1505636 0.9194264 0.11927358
v -0.14520288 0.9764093 0.11838866
v -0.11432486 0.97596675 0.13842665
v -0.12175967 0.8773317 0.13935117
v -0.078383796 0.97543585 0.14938788
v -0.1816945 0.8745827 0.09215353
v -0.18308535 0.8461062 0.09315561
v -0.1899363 0.7876964 0.08708731
v -0.15477644 0.8748826 0.11996901
v -0.15653114 0.81483954 0.11551718
v -0.08453336 0.8835218 0.15052615
v -0.039541125 0.9746756 0.15379132
v -0.04382365 0.88690037 0.15420264
v -0 0.97399336 0.15536632
v -0.084948696 0.8439302 0.15009008
v -0.21157433 0.7965117 0.042063702
v -0.2174582 0.7992316 -0.002564118
v -0.11797741 0.8305349 0.13441692
v -0.11296336 0.76791996 0.12787572
v -0.08536403 0.8043386 0.14965399
v -0.04333692 0.85023075 0.15383135
v -0.15019366 0.77699405 0.1143737
v -0.21461408 0.7564247 0.042989563
v -0.21191815 0.79465187 -0.0491802
v -0.14160782 0.72524375 0.105517775
v -0 0.8877721 0.15634562
v -0.2203115 0.7599163 -0.0030444372
v -0.18936463 0.7822634 -0.091129854
v -0.21467869 0.7584797 -0.050036762
v -0.19126408 0.7460414 -0.092245534
v 0.04382365 0.88690037 0.15420264
v 0.039541125 0.9746756 0.15379132
v -0.14552319 0.72018903 -0.11654207
v 0.08453336 0.8835218 0.15052615
v 0.078383796 0.97543585 0.14938788
v 0.12175967 0.8773317 0.13935117
v 0.11432486 0.97596675 0.13842665
v 0.084948696 0.8439302 0.15009008
v 0.04333692 0.85023075 0.15383135
v 0.1505636 0.9194264 0.11927358
v 0.14520288 0.9764093 0.11838866
v 0.16911665 0.9769137 0.091498636
v -0 0.84919983 0.15585059
v 0.17776671 0.9169994 0.09362414
v 0.19859804 0.87342256 0.0484481
v 0.1816945 0.8745827 0.09215353
v 0.15477644 0.8748826 0.11996901
v 0.18308535 0.8461062 0.09315561
v 0.20752761 0.8278846 0.040160272
v 0.1899363 0.7876964 0.08708731
v 0.15653114 0.81483954 0.11551718
v 0.2107414 0.83572555 -0.00061727624
v 0.11797741 0.8305349 0.13441692
v 0.11296336 0.76791996 0.12787572
v 0.08536403 0.8043386 0.14965399
v 0.042850196 0.813782 0.15346003
v 0.21157433 0.7965117 0.042063702
v 0.20361064 0.8297077 -0.045841195
v 0.2174582 0.7992316 -0.002564118
v 0.21191815 0.79465187 -0.0491802
v 0.21461408 0.7564247 0.042989563
v 0.07523353 0.7705237 0.13730589
v 0.18936463 0.7822634 -0.091129854
v 0.2203115 0.7599163 -0.0030444372
v 0.21467869 0.7584797 -0.050036762
v 0.19126408 0.7460414 -0.092245534
v 0.14552319 0.72018903 -0.11654207
v 0.1913323 0.6718948 -0.083841614
v 0.14449677 0.6557014 -0.10634407
v 0.21604782 0.6813941 -0.044461474
v 0.09407034 0.63558227 -0.09912087
v 0.14744887 0.5769451 -0.09613605
v 0.19067256 0.5843623 -0.07628224
v 0.09756184 0.57118917 -0.088120155
v 0.222194 0.68197715 -0.0009621585
v 0.21556792 0.58829826 -0.039969042
v 0.21605141 0.68001145 0.04195389
v 0.058767308 0.6165007 -0.05782849
v 0.06615177 0.56429124 -0.05178648
v 0.05239429 0.6490417 -0.06463039
v 0.10029036 0.5064471 -0.08084144
v 0.1445662 0.5077279 -0.09071006
v 0.18932104 0.5092813 -0.07167148
v 0.07273279 0.5051284 -0.04703042
v 0.053428456 0.55998796 0.00046740143
v 0.04294728 0.605455 -0.0007833793
v 0.06318809 0.5038627 0.0012506515
v 0.102484025 0.45995042 -0.0774875
v 0.076488286 0.4599258 -0.04490576
v 0.06747761 0.4599099 0.0017057641
v 0.14496233 0.4599794 -0.087580904
v 0.07969094 0.4173444 -0.044337768
v 0.10541627 0.37909746 -0.07724529
v 0.066055566 0.5663647 0.051851038
v 0.058675695 0.6191183 0.05369317
v 0.07270542 0.5056291 0.04935932
v 0.18833017 0.45999727 -0.06960862
v 0.1455299 0.3791291 -0.087496705
v 0.21379939 0.5099961 -0.037409253
v 0.22224751 0.5889664 0.0002923114
v 0.21555617 0.58851933 0.040344775
v 0.22031927 0.50999135 0.001275134
v 0.2120004 0.45999548 -0.036562517
v 0.21380287 0.5099358 0.039863043
v 0.19026889 0.5858986 0.07633653
v 0.18930325 0.5091346 0.07383152
v 0.19121507 0.67050153 0.07942561
v 0.19108073 0.7405738 0.082362674
v 0.21200603 0.4600022 0.040357575
v 0.21825817 0.45998296 0.0018632018
v 0.18830523 0.4599708 0.07326315
v 0.1447881 0.5078214 0.09252437
v 0.14396606 0.5817505 0.09610356
v 0.14441855 0.6583573 0.09925376
v 0.14160782 0.72524375 0.105517775
v 0.1452107 0.45993534 0.09086799
v 0.15019366 0.77699405 0.1143737
v 0.1876844 0.4170112 0.0716244
v 0.14572084 0.4166537 0.0884127
v 0.2109027 0.41738516 0.039450873
v 0.21690369 0.41737264 0.0012103
v 0.21090609 0.41736728 -0.03702582
v 0.18721372 0.37909722 -0.07097312
v 0.08357753 0.6748347 0.10088502
v 0.09398103 0.6368615 0.09146082
v 0.0665981 0.7317267 0.12815109
v 0.096927166 0.5741362 0.08720484
v 0.10025837 0.50700533 0.08280662
v 0.10247877 0.4599441 0.0809225
v 0.104401134 0.41720968 0.07846789
v 0.07649085 0.45991978 0.048505306
v 0.052334893 0.65162164 0.056391828
v 0.07971122 0.4172362 0.046599977
v 0.07115028 0.41732627 0.0010522706
v 0.08178749 0.37910366 -0.04567553
v 0.07362393 0.37910688 -0.0012936852
v 0.08180945 0.37897137 0.043284275
v 0.07700989 0.32874042 -0.0054945764
v 0.08476507 0.32872984 -0.048114736
v 0.10693396 0.32873124 -0.07905784
v 0.14537184 0.32877794 -0.08891933
v 0.0847688 0.32862574 0.03707001
v 0.18556264 0.32875124 -0.07330019
v 0.10545625 0.3788844 0.07465973
v 0.106966265 0.32854956 0.06766953
v 0.21008617 0.37908363 -0.03934347
v 0.20784831 0.32875296 -0.04274419
v 0.14580458 0.37785026 0.08463543
v 0.14559364 0.3273817 0.07727189
v 0.21588904 0.37910986 -0.001167463
v 0.2132699 0.32876483 -0.005436085
v 0.20783652 0.32874078 0.03180021
v 0.1870864 0.37849927 0.06854349
v 0.18542701 0.32818037 0.062041145
v 0.21007322 0.37909865 0.03708221
v 0.054881334 0.6934402 0.10218658
v 0.028915906 0.7043653 0.10364745
v 0.035383135 0.730586 0.13066
v 0.040377837 0.7690417 0.14668761
v -0 0.8124506 0.15535554
v -0 0.76819766 0.14826825
v -0.042850196 0.813782 0.15346003
v -0.040377837 0.7690417 0.14668761
v -0.07523353 0.7705237 0.13730589
v -0.035383135 0.730586 0.13066
v -0 0.7307877 0.13279751
v -0 0.70607436 0.105919026
v -0.0665981 0.7317267 0.12815109
v -0.028915906 0.7043653 0.10364745
v -0 0.6739221 0.059656266
v -0.08357753 0.6748347 0.10088502
v -0.054881334 0.6934402 0.10218658
v 0.020104967 0.67263293 0.057944145
v -0 0.6507156 -0.0025675679
v -0.020104967 0.67263293 0.057944145
v 0.03843572 0.6663434 0.05713408
v 0.011215441 0.64983034 -0.0027854042
v 0.03541707 0.6310577 -0.0020724493
v 0.025562515 0.6440499 -0.0027505308
v 0.038488977 0.6637527 -0.0669686
v 0.020153664 0.6699917 -0.067587994
v 0.028945843 0.70033985 -0.11428094
v -0 0.6712382 -0.068315625
v -0 0.7019632 -0.11511958
v -0 0.74771845 -0.14400291
v -0.028945843 0.70033985 -0.11428094
v -0.020153664 0.6699917 -0.067587994
v -0.011215441 0.64983034 -0.0027854042
v -0.038488977 0.6637527 -0.0669686
v -0.03843572 0.6663434 0.05713408
v -0.05239429 0.6490417 -0.06463039
v -0.025562515 0.6440499 -0.0027505308
v -0.03541707 0.6310577 -0.0020724493
v -0.052334893 0.65162164 0.056391828
v -0.04294728 0.605455 -0.0007833793
v -0.058767308 0.6165007 -0.05782849
v -0.058675695 0.6191183 0.05369317
v -0.09407034 0.63558227 -0.09912087
v -0.053428456 0.55998796 0.00046740143
v -0.09398103 0.6368615 0.09146082
v -0.14449677 0.6557014 -0.10634407
v -0.06615177 0.56429124 -0.05178648
v -0.066055566 0.5663647 0.051851038
v -0.1913323 0.6718948 -0.083841614
v -0.09756184 0.57118917 -0.088120155
v -0.06318809 0.5038627 0.0012506515
v -0.21604782 0.6813941 -0.044461474
v -0.14744887 0.5769451 -0.09613605
v -0.07273279 0.5051284 -0.04703042
v -0.19067256 0.5843623 -0.07628224
v -0.10029036 0.5064471 -0.08084144
v -0.1445662 0.5077279 -0.09071006
v -0.07270542 0.5056291 0.04935932
v -0.06747761 0.4599099 0.0017057641
v -0.076488286 0.4599258 -0.04490576
v -0.102484025 0.45995042 -0.0774875
v -0.096927166 0.5741362 0.08720484
v -0.07969094 0.4173444 -0.044337768
v -0.14441855 0.6583573 0.09925376
v -0.19108073 0.7405738 0.082362674
v -0.19121507 0.67050153 0.07942561
v -0.14396606 0.5817505 0.09610356
v -0.10025837 0.50700533 0.08280662
v -0.07649085 0.45991978 0.048505306
v -0.21605141 0.68001145 0.04195389
v -0.19026889 0.5858986 0.07633653
v -0.1447881 0.5078214 0.09252437
v -0.222194 0.68197715 -0.0009621585
v -0.21555617 0.58851933 0.040344775
v -0.21556792 0.58829826 -0.039969042
v -0.07115028 0.41732627 0.0010522706
v -0.10247877 0.4599441 0.0809225
v -0.18930325 0.5091346 0.07383152
v -0.22224751 0.5889664 0.0002923114
v -0.18932104 0.5092813 -0.07167148
v -0.07971122 0.4172362 0.046599977
v -0.1452107 0.45993534 0.09086799
v -0.21380287 0.5099358 0.039863043
v -0.21379939 0.5099961 -0.037409253
v -0.14496233 0.4599794 -0.087580904
v -0.104401134 0.41720968 0.07846789
v -0.18830523 0.4599708 0.07326315
v -0.22031927 0.50999135 0.001275134
v -0.18833017 0.45999727 -0.06960862
v -0.10541627 0.37909746 -0.07724529
v -0.14572084 0.4166537 0.0884127
v -0.21200603 0.4600022 0.040357575
v -0.2120004 0.45999548 -0.036562517
v -0.1455299 0.3791291 -0.087496705
v -0.08178749 0.37910366 -0.04567553
v -0.1876844 0.4170112 0.0716244
v -0.21825817 0.45998296 0.0018632018
v -0.2109027 0.41738516 0.039450873
v -0.21690369 0.41737264 0.0012103
v -0.21090609 0.41736728 -0.03702582
v -0.07362393 0.37910688 -0.0012936852
v -0.08180945 0.37897137 0.043284275
v -0.07700989 0.32874042 -0.0054945764
v -0.08476507 0.32872984 -0.048114736
v -0.10693396 0.32873124 -0.07905784
v -0.0847688 0.32862574 0.03707001
v -0.14537184 0.32877794 -0.08891933
v -0.10545625 0.3788844 0.07465973
v -0.106966265 0.32854956 0.06766953
v -0.18721372 0.37909722 -0.07097312
v -0.18556264 0.32875124 -0.07330019
v -0.14580458 0.37785026 0.08463543
v -0.14559364 0.3273817 0.07727189
v -0.21008617 0.37908363 -0.03934347
v -0.20784831 0.32875296 -0.04274419
v -0.1870864 0.37849927 0.06854349
v -0.18542701 0.32818037 0.062041145
v -0.21588904 0.37910986 -0.001167463
v -0.2132699 0.32876483 -0.005436085
v -0.20783652 0.32874078 0.03180021
v -0.21007322 0.37909865 0.03708221
v 0.25526232 1.666154 0.058816444
v 0.25261056 1.6530796 -0.052170247
v 0.2509176 1.7296537 -0.08715804
v 0.28478825 1.6614048 -0.03291859
v 0.25293773 1.7916192 0.0058592767
v 0.28309533 1.7379788 -0.067906365
v 0.21299437 1.6803453 0.17442153
v 0.21003817 1.8547015 0.10349507
v 0.12865123 1.6920319 0.26428246
v 0.12523411 1.9020654 0.18024318
v 0.28744 1.6744792 0.07806813
v -0 1.6992952 0.312776
v -0 1.9251852 0.22290881
v -0.12523411 1.9020654 0.18024318
v -0.12865123 1.6920319 0.26428246
v -0.21003817 1.8547015 0.10349507
v -0.21299437 1.6803453 0.17442153
v -0.25293773 1.7916192 0.0058592767
v -0.25526232 1.666154 0.058816444
v -0.2509176 1.7296537 -0.08715804
v -0.25261056 1.6530796 -0.052170247
v -0.28478825 1.6614048 -0.03291859
v -0.28309533 1.7379788 -0.067906365
v -0.28744 1.6744792 0.07806813
v -0.28511545 1.7999443 0.025110966
v -0.2429888 1.8174419 0.14129023
v -0.2422159 1.8630266 0.12274675
v -0.24413994 1.7495464 0.16890948
v -0.24517208 1.6886704 0.19367322
v -0.21039057 1.7648233 0.2003524
v -0.16082895 1.700357 0.28353417
v -0.20196575 1.7631207 0.21054155
v -0.21613675 1.7766864 0.18883428
v -0.21524751 1.8137863 0.17405054
v -0.20910376 1.8305264 0.17406198
v -0.20048071 1.8398172 0.1799925
v -0.15741183 1.9103905 0.19949485
v -0.19369093 1.7719444 0.21613993
v -0.19216982 1.838145 0.19015725
v -0.1872239 1.7895176 0.21614769
v -0.1586984 1.8313118 0.23113602
v -0.186462 1.826365 0.20158917
v -0.15934736 1.7914231 0.24709648
v -0.12650125 1.7859619 0.26250964
v -0.11406243 1.770577 0.27376193
v -0.12660162 1.8328 0.24342223
v -0.097107396 1.7667049 0.28214633
v -0.08017928 1.7753835 0.2854162
v -0 1.7083578 0.3350771
v -0.11424331 1.8517116 0.24071819
v -0.09734057 1.8604199 0.24404827
v -0.08040198 1.8565671 0.25247172
v -0.067832574 1.7943087 0.28273976
v -0 1.934248 0.24520992
v -0 1.7980952 0.30086195
v -0.06796627 1.841186 0.2637314
v -0 1.8435682 0.2823978
v 0.06796627 1.841186 0.2637314
v 0.08040198 1.8565671 0.25247172
v 0.067832574 1.7943087 0.28273976
v 0.09734057 1.8604199 0.24404827
v 0.11424331 1.8517116 0.24071819
v 0.08017928 1.7753835 0.2854162
v 0.097107396 1.7667049 0.28214633
v 0.15741183 1.9103905 0.19949485
v 0.11406243 1.770577 0.27376193
v 0.12660162 1.8328 0.24342223
v 0.16082895 1.700357 0.28353417
v 0.1586984 1.8313118 0.23113602
v 0.12650125 1.7859619 0.26250964
v 0.15934736 1.7914231 0.24709648
v 0.19216982 1.838145 0.19015725
v 0.20048071 1.8398172 0.1799925
v 0.186462 1.826365 0.20158917
v 0.1872239 1.7895176 0.21614769
v 0.2422159 1.8630266 0.12274675
v 0.19369093 1.7719444 0.21613993
v 0.20196575 1.7631207 0.21054155
v 0.20910376 1.8305264 0.17406198
v 0.21039057 1.7648233 0.2003524
v 0.21524751 1.8137863 0.17405054
v 0.24517208 1.6886704 0.19367322
v 0.2429888 1.8174419 0.14129023
v 0.21613675 1.7766864 0.18883428
v 0.28511545 1.7999443 0.025110966
v 0.24413994 1.7495464 0.16890948
v -0 1.3845524 -0.18733223
v -0 1.3667079 -0.12385046
v 0.07603179 1.3651544 -0.11710126
v -0.07603179 1.3651544 -0.11710126
v 0.061817694 1.3822432 -0.17729984
v 0.1043329 1.3632008 -0.10298727
v -0.061817694 1.3822432 -0.17729984
v -0.1043329 1.3632008 -0.10298727
v 0.1038861 1.3793392 -0.15631999
v 0.13069583 1.3605762 -0.080196366
v 0.14307348 1.3754377 -0.122442305
v 0.14640602 1.3573469 -0.05172853
v 0.09629546 1.3930008 -0.15052278
v 0.05647929 1.3957072 -0.17271486
v -0 1.3974173 -0.18291837
v -0.05647929 1.3957072 -0.17271486
v 0.13315435 1.3890282 -0.11498381
v -0.09629546 1.3930008 -0.15052278
v -0.1038861 1.3793392 -0.15631999
v -0.13069583 1.3605762 -0.080196366
v 0.16642603 1.3706377 -0.08012608
v 0.15424259 1.3540237 -0.020402715
v 0.1545714 1.383969 -0.069525525
v -0.14307348 1.3754377 -0.122442305
v -0.13315435 1.3890282 -0.11498381
v -0.14640602 1.3573469 -0.05172853
v 0.17807476 1.3656979 -0.03356158
v 0.15312566 1.3503528 0.011335851
v 0.1657219 1.3783803 -0.023586517
v -0.16642603 1.3706377 -0.08012608
v -0.1545714 1.383969 -0.069525525
v -0.15424259 1.3540237 -0.020402715
v 0.17641447 1.3602412 0.013616456
v 0.16505632 1.3725712 0.02113764
v 0.14360197 1.3461978 0.044519145
v 0.15314548 1.3662076 0.06851831
v -0.17807476 1.3656979 -0.03356158
v -0.1657219 1.3783803 -0.023586517
v -0.15312566 1.3503528 0.011335851
v 0.16225792 1.354065 0.06294201
v 0.12856853 1.34272 0.07471329
v 0.13207613 1.35985 0.11507347
v -0.17641447 1.3602412 0.013616456
v -0.16505632 1.3725712 0.02113764
v -0.14360197 1.3461978 0.044519145
v -0.15314548 1.3662076 0.06851831
v 0.13991134 1.3488954 0.10782433
v 0.10303196 1.339778 0.09932696
v 0.09756959 1.355073 0.15210749
v -0.16225792 1.354065 0.06294201
v -0.12856853 1.34272 0.07471329
v -0.13207613 1.35985 0.11507347
v 0.10195231 1.3445221 0.1444115
v 0.07552964 1.3382798 0.116517566
v -0.13991134 1.3488954 0.10782433
v -0.10303196 1.339778 0.09932696
v -0.09756959 1.355073 0.15210749
v 0.061071277 1.3422953 0.16996463
v 0.057694957 1.3522 0.17593898
v -0 1.3201419 0.116347104
v -0 1.3513916 0.18551292
v -0.10195231 1.3445221 0.1444115
v -0.07552964 1.3382798 0.116517566
v -0.061071277 1.3422953 0.16996463
v -0.057694957 1.3522 0.17593898
v -0 1.324055 0.17204133
v 0.058308754 1.3678046 0.18595563
v 0.10585157 1.3907082 0.17484878
v 0.09754953 1.3707197 0.16260774
v 0.12865557 1.3758769 0.124926545
v 0.06732474 1.3878217 0.19964261
v -0 1.3680664 0.19381797
v 0.1335818 1.3954815 0.13612682
v 0.14961925 1.3820761 0.076465786
v 0.15436903 1.4016962 0.08700945
v 0.16052033 1.3880801 0.029158207
v 0.15850973 1.4300013 0.1593467
v 0.12035033 1.4243859 0.20252557
v 0.18182981 1.4370154 0.10429564
v 0.07717166 1.4211338 0.23030162
v 0.19310245 1.4437886 0.04925745
v -0 1.3871441 0.20341948
v -0 1.4211115 0.23470537
v -0.07717166 1.4211338 0.23030162
v 0.16441339 1.407743 0.037903063
v 0.1933389 1.4506105 -0.00694177
v -0.06732474 1.3878217 0.19964261
v -0.058308754 1.3678046 0.18595563
v -0.12035033 1.4243859 0.20252557
v 0.16457853 1.4138812 -0.012242476
v 0.1610366 1.3938582 -0.016564721
v 0.18255366 1.4573683 -0.06188305
v -0.10585157 1.3907082 0.17484878
v -0.09754953 1.3707197 0.16260774
v -0.15850973 1.4300013 0.1593467
v -0.12865557 1.3758769 0.124926545
v 0.15496299 1.419992 -0.061271932
v 0.15063848 1.3996619 -0.063349396
v 0.15975255 1.4642117 -0.11664278
v -0.1335818 1.3954815 0.13612682
v -0.18182981 1.4370154 0.10429564
v -0.14961925 1.3820761 0.076465786
v 0.13468276 1.4262139 -0.1101482
v 0.12985396 1.4055839 -0.11066865
v 0.121298924 1.4697951 -0.1599844
v -0.15436903 1.4016962 0.08700945
v -0.19310245 1.4437886 0.04925745
v -0.16052033 1.3880801 0.029158207
v 0.1004943 1.4313401 -0.14884314
v 0.09434485 1.4102068 -0.14757493
v 0.078378096 1.4735583 -0.18796411
v 0.055723887 1.4133353 -0.17093854
v -0.16441339 1.407743 0.037903063
v -0.1933389 1.4506105 -0.00694177
v 0.062270373 1.4348063 -0.17383729
v -0 1.475397 -0.19902636
v -0 1.4153404 -0.18104322
v -0 1.4365451 -0.18375596
v -0.16457853 1.4138812 -0.012242476
v -0.1610366 1.3938582 -0.016564721
v -0.18255366 1.4573683 -0.06188305
v -0.15496299 1.419992 -0.061271932
v -0.15063848 1.3996619 -0.063349396
v -0.15975255 1.4642117 -0.11664278
v -0.13468276 1.4262139 -0.1101482
v -0.12985396 1.4055839 -0.11066865
v -0.121298924 1.4697951 -0.1599844
v -0.1004943 1.4313401 -0.14884314
v -0.09434485 1.4102068 -0.14757493
v -0.078378096 1.4735583 -0.18796411
v -0.055723887 1.4133353 -0.17093854
v -0.062270373 1.4348063 -0.17383729
v -0 1.475397 -0.19902636
v -0 1.4153404 -0.18104322
v -0 1.4365451 -0.18375596
v -0.11245614 1.8487555 0.23943697
v -0.10973553 1.8464121 0.23002647
v -0.12252608 1.8280088 0.23375571
v -0.09267875 1.8549393 0.23299117
v -0.12432296 1.8308423 0.24222946
v -0.0963177 1.857015 0.24253312
v -0.124487504 1.7865177 0.2610343
v -0.1236611 1.7826228 0.25577328
v -0.07592609 1.8513052 0.24185562
v -0.0802167 1.8533901 0.2506524
v -0.111701444 1.7678014 0.26816207
v -0.11273593 1.7719768 0.27199554
v -0.09662273 1.7683374 0.28008583
v -0.0949488 1.7641673 0.27702647
v -0.06846743 1.8388518 0.26161915
v -0.06396644 1.8364837 0.25424445
v -0.08046544 1.776575 0.2831373
v -0.07789203 1.7726945 0.2799912
v -0.06510145 1.7910979 0.276262
v -0.06860725 1.7944982 0.2803653
v -0.19367021 1.8353924 0.17469569
v -0.20222391 1.8274789 0.17025387
v -0.20674607 1.8290842 0.17431067
v -0.20850262 1.8118848 0.1706834
v -0.19910166 1.8373203 0.1795682
v -0.21254349 1.8133192 0.17430843
v -0.18513352 1.8335048 0.18281873
v -0.19165856 1.8358212 0.18867229
v -0.17890114 1.8223219 0.1924464
v -0.18641113 1.8249878 0.19918355
v -0.20856588 1.7753069 0.1844217
v -0.21339597 1.7770215 0.18875475
v -0.20814969 1.7661886 0.19926703
v -0.20233347 1.764124 0.19404934
v -0.20066221 1.7646736 0.20833138
v -0.19379672 1.7622365 0.20217238
v -0.17896438 1.7857441 0.20618464
v -0.18716241 1.7886543 0.21353905
v -0.19295982 1.7728894 0.21353683
v -0.18524307 1.7701501 0.20661417
v 0.14747675 1.0337837 -0.07754603
v 0.11472437 1.0336187 -0.0948618
v 0.12766698 1.0365028 -0.107474804
v 0.07536554 1.032895 -0.107871175
v 0.08345931 1.0357563 -0.12166162
v 0.032937873 1.0324188 -0.116182774
v 0.03733452 1.0353988 -0.13059886
v -0 1.0320721 -0.119440466
v 0.16482171 1.03678 -0.08881587
v 0.19330908 1.0373672 -0.067004226
v 0.17327768 1.034359 -0.05794837
v 0.20990989 1.037259 -0.031560834
v 0.18920225 1.0341984 -0.02718887
v 0.21724842 1.0373851 0.013168695
v 0.19568469 1.0342484 0.012702041
v 0.19087793 1.0341812 0.05431078
v 0.21236904 1.0373169 0.059109688
v 0.17175491 1.0340682 0.093431585
v 0.20243052 0.9802437 0.014048974
v 0.19561875 0.9799638 -0.03310604
v 0.1792542 0.97991097 -0.07068085
v 0.15082687 0.97941697 -0.09513
v 0.19143343 1.0371048 0.10236628
v 0.14619014 1.0337111 0.12380362
v 0.19714499 0.98002696 0.06185813
v 0.18823424 0.97766083 0.015208592
v 0.18289885 0.9772975 -0.026710613
v 0.16923623 0.9771206 -0.060276467
v 0.18342534 0.97735536 0.05722418
v 0.14521493 0.9767788 -0.08314373
v 0.11378473 0.9790349 -0.11470892
v 0.11394222 0.9763694 -0.100477256
v 0.1782592 0.97965765 0.10370393
v 0.16911665 0.9769137 0.091498636
v 0.070702665 0.97885406 -0.12819795
v 0.078386866 0.97668046 -0.111326136
v 0.024703823 0.97869265 -0.136546
v 0.039541125 0.9767047 -0.117911085
v 0.15023561 0.9792018 0.13659452
v 0.14520288 0.9764093 0.11838866
v 0.1636353 1.036793 0.1364261
v 0.11310899 1.0330846 0.14305012
v 0.12618794 1.0360049 0.15827863
v 0.07442291 1.03292 0.15348233
v 0.11328611 0.9785484 0.15936723
v 0.11432486 0.97596675 0.13842665
v 0.08323014 1.0359279 0.16971506
v 0.028109778 1.03257 0.15919633
v 0.07058801 0.9781922 0.17156973
v 0.078383796 0.97543585 0.14938788
v 0.027552312 1.0354775 0.1748174
v -0 1.0321425 0.15819718
v 0.024606392 0.9775146 0.17672189
v 0.039541125 0.9746756 0.15379132
v -0 1.035619 0.17456518
v -0 0.97717524 0.17754218
v -0 0.97399336 0.15536632
v -0.039541125 0.9746756 0.15379132
v -0.024606392 0.9775146 0.17672189
v -0.078383796 0.97543585 0.14938788
v -0.027552312 1.0354775 0.1748174
v -0.028109778 1.03257 0.15919633
v -0.07058801 0.9781922 0.17156973
v -0.11432486 0.97596675 0.13842665
v -0.08323014 1.0359279 0.16971506
v -0.07442291 1.03292 0.15348233
v -0.11328611 0.9785484 0.15936723
v -0.14520288 0.9764093 0.11838866
v -0.12618794 1.0360049 0.15827863
v -0.11310899 1.0330846 0.14305012
v -0.15023561 0.9792018 0.13659452
v -0.16911665 0.9769137 0.091498636
v -0.1636353 1.036793 0.1364261
v -0.14619014 1.0337111 0.12380362
v -0.1782592 0.97965765 0.10370393
v -0.18342534 0.97735536 0.05722418
v -0.19143343 1.0371048 0.10236628
v -0.17175491 1.0340682 0.093431585
v -0.19714499 0.98002696 0.06185813
v -0.18823424 0.97766083 0.015208592
v -0.21236904 1.0373169 0.059109688
v -0.19087793 1.0341812 0.05431078
v -0.20243052 0.9802437 0.014048974
v -0.21724842 1.0373851 0.013168695
v -0.19568469 1.0342484 0.012702041
v -0.18920225 1.0341984 -0.02718887
v -0.20990989 1.037259 -0.031560834
v -0.17327768 1.034359 -0.05794837
v -0.19561875 0.9799638 -0.03310604
v -0.18289885 0.9772975 -0.026710613
v -0.19330908 1.0373672 -0.067004226
v -0.14747675 1.0337837 -0.07754603
v -0.1792542 0.97991097 -0.07068085
v -0.16923623 0.9771206 -0.060276467
v -0.16482171 1.03678 -0.08881587
v -0.15082687 0.97941697 -0.09513
v -0.14521493 0.9767788 -0.08314373
v -0.12766698 1.0365028 -0.107474804
v -0.11472437 1.0336187 -0.0948618
v -0.07536554 1.032895 -0.107871175
v -0.11378473 0.9790349 -0.11470892
v -0.11394222 0.9763694 -0.100477256
v -0.08345931 1.0357563 -0.12166162
v -0.032937873 1.0324188 -0.116182774
v -0.070702665 0.97885406 -0.12819795
v -0.078386866 0.97668046 -0.111326136
v -0.03733452 1.0353988 -0.13059886
v -0.024703823 0.97869265 -0.136546
v -0.039541125 0.9767047 -0.117911085
v -0 1.035543 -0.13449438
v -0 0.9785409 -0.14079258
v -0 0.97633356 -0.12179503
v -0 1.4153404 -0.18104322
v -0 1.3974173 -0.18291837
v 0.05647929 1.3957072 -0.17271486
v 0.055723887 1.4133353 -0.17093854
v 0.09629546 1.3930008 -0.15052278
v 0.09434485 1.4102068 -0.14757493
v 0.13315435 1.3890282 -0.11498381
v 0.12985396 1.4055839 -0.11066865
v 0.1545714 1.383969 -0.069525525
v 0.15063848 1.3996619 -0.063349396
v 0.1657219 1.3783803 -0.023586517
v 0.1610366 1.3938582 -0.016564721
v 0.16505632 1.3725712 0.02113764
v 0.16052033 1.3880801 0.029158207
v 0.15314548 1.3662076 0.06851831
v 0.14961925 1.3820761 0.076465786
v 0.13207613 1.35985 0.11507347
v 0.12865557 1.3758769 0.124926545
v 0.09756959 1.355073 0.15210749
v 0.09754953 1.3707197 0.16260774
v 0.057694957 1.3522 0.17593898
v 0.058308754 1.3678046 0.18595563
v -0 1.3513916 0.18551292
v -0 1.3680664 0.19381797
v -0.058308754 1.3678046 0.18595563
v -0.057694957 1.3522 0.17593898
v -0.09754953 1.3707197 0.16260774
v -0.09756959 1.355073 0.15210749
v -0.12865557 1.3758769 0.124926545
v -0.13207613 1.35985 0.11507347
v -0.14961925 1.3820761 0.076465786
v -0.15314548 1.3662076 0.06851831
v -0.16052033 1.3880801 0.029158207
v -0.16505632 1.3725712 0.02113764
v -0.1610366 1.3938582 -0.016564721
v -0.1657219 1.3783803 -0.023586517
v -0.15063848 1.3996619 -0.063349396
v -0.1545714 1.383969 -0.069525525
v -0.12985396 1.4055839 -0.11066865
v -0.13315435 1.3890282 -0.11498381
v -0.09434485 1.4102068 -0.14757493
v -0.09629546 1.3930008 -0.15052278
v -0.055723887 1.4133353 -0.17093854
v -0.05647929 1.3957072 -0.17271486
v -0 1.4153404 -0.18104322
v 0.36950502 2.0407355 -0.22694981
v 0.36722302 2.0024428 -0.2133869
v 0.30700597 1.763164 0.024637263
v 0.29957813 1.7596327 0.043486517
v 0.32061145 1.6836855 0.0029042899
v 0.38944352 1.9663806 -0.26606905
v 0.38343206 1.9419959 -0.24518897
v 0.31631404 1.6618675 0.01675318
v 0.37358406 1.7691679 -0.20710252
v 0.39165872 1.833676 -0.27463603
v 0.38523293 1.8341132 -0.25215355
v 0.37732965 1.7537876 -0.21921952
v 0.25697345 1.7566723 0.029336598
v 0.32690036 2.037775 -0.24109977
v 0.27370936 1.658907 0.002603186
v 0.334725 1.7508272 -0.23336947
v 0.3490541 1.8307155 -0.28878602
v 0.3468389 1.9634202 -0.280219
v -0.3666577 2.0407355 -0.2248352
v -0.29971683 1.7596327 0.046355695
v -0.30693638 1.763164 0.027425677
v -0.36452538 2.0024428 -0.21124795
v -0.32030144 1.6836855 0.0055440036
v -0.38616365 1.9663806 -0.2641719
v -0.38038284 1.9419959 -0.2432268
v -0.31615692 1.6618675 0.019439416
v -0.37095532 1.7691679 -0.20503409
v -0.38828427 1.833676 -0.2727628
v -0.38210678 1.8341132 -0.2502108
v -0.37456706 1.7537876 -0.21719167
v -0.25695872 1.7566723 0.032676354
v -0.3238996 2.037775 -0.23851456
v -0.27339888 1.658907 0.0057600597
v -0.331809 1.7508272 -0.23087102
v -0.34552622 1.8307155 -0.28644213
v -0.3434056 1.9634202 -0.27785122
v 0.20784831 0.32875296 -0.04274419
v 0.21083736 0.32538265 -0.045216784
v 0.21655743 0.32540527 -0.0060293837
v 0.2132699 0.32876483 -0.005436085
v 0.18556264 0.32875124 -0.07330019
v 0.21088426 0.32538456 0.033104096
v 0.20783652 0.32874078 0.03180021
v 0.187407 0.32537746 -0.077232674
v 0.14537184 0.32877794 -0.08891933
v 0.18732598 0.3248073 0.06485037
v 0.18542701 0.32818037 0.062041145
v 0.1453012 0.32540163 -0.09353727
v 0.10693396 0.32873124 -0.07905784
v 0.14554723 0.32396802 0.08078998
v 0.14559364 0.3273817 0.07727189
v 0.10507669 0.32535157 -0.08322237
v 0.08476507 0.32872984 -0.048114736
v 0.10505616 0.32519263 0.07071082
v 0.106966265 0.32854956 0.06766953
v 0.081856936 0.32536525 -0.050766278
v 0.07700989 0.32874042 -0.0054945764
v 0.08180396 0.32527518 0.03855447
v 0.0847688 0.32862574 0.03707001
v 0.073691785 0.3253891 -0.006082791
v 0.1453961 0.3259509 0.10099524
v 0.09503472 0.32747635 0.08838899
v 0.06606146 0.32756948 0.048206933
v 0.0559891 0.3277021 -0.007418532
v 0.075374834 0.22783794 -0.01308597
v 0.06606886 0.32766578 -0.06319174
v 0.08305445 0.22776575 0.03086905
v 0.09487179 0.32764927 -0.10405606
v 0.19728984 0.32699844 0.08110173
v 0.10667771 0.22769782 0.062242016
v 0.083081484 0.22786194 -0.057025798
v 0.14499974 0.3277084 -0.11672455
v 0.14547245 0.22680165 0.072358206
v 0.22683185 0.3276973 0.041554175
v 0.18443167 0.22751172 0.05640953
v 0.14489193 0.18002562 0.05601255
v 0.23392206 0.32771364 -0.0073699607
v 0.20823449 0.22775654 0.025465341
v 0.10575862 0.22786462 -0.090018146
v 0.11109017 0.17892997 0.045899414
v 0.17800544 0.17960134 0.040896274
v 0.22684473 0.3276841 -0.056436162
v 0.08823026 0.17818144 0.020355301
v 0.14459455 0.1534436 0.06047425
v 0.19746508 0.32767978 -0.09641
v 0.14439179 0.22790311 -0.09847312
v 0.18453343 0.22787334 -0.08263123
v 0.1450546 0.17834766 -0.08935835
v 0.20825523 0.22784884 -0.05164966
v 0.10862063 0.15201882 0.046327543
v 0.112363346 0.17835076 -0.078379236
v 0.17805316 0.17834564 -0.07416726
v 0.21408471 0.22781983 -0.013055391
v 0.0916067 0.17834313 -0.052954745
v 0.0839371 0.17832485 -0.018903796
v 0.08624477 0.15224399 0.01976859
v 0.10469488 0.1292086 0.046058454
v 0.08232093 0.15204749 -0.02068327
v 0.1966198 0.1783361 -0.0483864
v 0.19930081 0.17852166 0.016255861
v 0.14422427 0.14281812 0.06875011
v 0.17889515 0.15263332 0.0399282
v 0.18592921 0.12794007 0.038687214
v 0.20555009 0.17832854 -0.016864821
v 0.20063442 0.15259291 0.015789254
v 0.20653592 0.15238044 -0.017301837
v 0.14378655 0.13447025 0.09048813
v 0.20811161 0.12959327 0.014747756
v 0.19859321 0.12945521 -0.050313294
v 0.20883396 0.12945022 -0.018589644
v 0.17891295 0.1294557 -0.07741365
v 0.14401561 0.1294532 -0.09299417
v 0.18171859 0.06413018 -0.09365455
v 0.14255793 0.06424534 -0.10260717
v 0.10935599 0.12945451 -0.08176856
v 0.08869875 0.12945604 -0.054474212
v 0.103498764 0.06418716 -0.09360815
v 0.20404312 0.06422449 -0.058895744
v 0.1422677 0.021336015 -0.10772684
v 0.1837657 0.021225328 -0.098240554
v 0.079544544 0.12943794 -0.021139944
v 0.08112076 0.06425119 -0.05888579
v 0.1007807 0.021265978 -0.0982144
v 0.14223664 0.004870945 -0.10945602
v 0.08184203 0.12900425 0.019024543
v 0.20741959 0.021333696 -0.061576974
v 0.18456471 0.0047579953 -0.09980832
v 0.21650214 0.06423308 -0.022818897
v 0.21875452 0.064122334 0.015010164
v 0.21600436 0.06377282 0.041643567
v 0.22373414 0.02123894 0.016388047
v 0.22084543 0.0213492 -0.02351176
v 0.20868333 0.004878641 -0.06252407
v 0.14223087 0.004201773 -0.06277117
v 0.22036347 0.06239679 0.0757699
v 0.22577958 0.020754954 0.04446612
v 0.18728435 0.11653867 0.06869625
v 0.22515644 0.004783408 0.016776428
v 0.22231534 0.004891523 -0.023808274
v 0.14216502 0.0027808037 -0.023916632
v 0.22713524 0.0043239812 0.0453152
v 0.14258966 0.0030927819 0.017030932
v 0.14340912 0.0034041621 0.045350134
v 0.22769715 0.0032235668 0.081295274
v 0.22653274 0.019537717 0.07998945
v 0.14322181 0.12545863 0.12317788
v 0.19332096 0.104623474 0.12532191
v 0.2242082 0.057946723 0.12960859
v 0.099584356 0.116650365 0.068436705
v 0.06108167 0.0047922293 0.016774364
v 0.06012913 0.0044551115 0.045257002
v 0.14346695 0.0029516513 0.08088353
v 0.22967525 0.00031415437 0.13351947
v 0.2289602 0.015997687 0.13216642
v 0.06209161 0.0048438394 -0.0238094
v 0.07577659 0.004888536 -0.06252129
v 0.063539796 0.021307118 -0.023512598
v 0.09991929 0.00480401 -0.09978329
v 0.07706912 0.02134669 -0.06157312
v 0.06834193 0.064196244 -0.022820096
v 0.06243851 0.02125563 0.01638557
v 0.06726015 0.06408693 0.015021463
v 0.07069244 0.063898705 0.041564524
v 0.061388396 0.020895382 0.04439776
v 0.065802135 0.06243637 0.07573053
v 0.059259348 0.0032830522 0.08126419
v 0.092289574 0.10494391 0.12444407
v 0.06040839 0.019617707 0.07994153
v 0.14286797 0.0008546505 0.13278043
v 0.14262259 0.1109287 0.18186526
v 0.06119173 0.0582035 0.129211
v 0.05662041 0.0004715105 0.13335976
v 0.2312604 -0.001948256 0.18930101
v 0.19717363 0.09417562 0.18226607
v 0.08744416 0.09420125 0.18194272
v 0.05737322 0.016212622 0.1319296
v 0.1424407 -0.0014072943 0.18909216
v 0.22693656 0.052983448 0.1858633
v 0.14235573 0.09179507 0.24360289
v 0.058049176 0.053218648 0.18537395
v 0.054317374 -0.0019036726 0.18923
v 0.2311906 0.012564047 0.18886983
v 0.18357836 0.08228515 0.23855488
v 0.10086159 0.08230315 0.23840825
v 0.054472197 0.012633784 0.18874756
v 0.20546411 -0.0021593715 0.25857505
v 0.20095372 0.050499186 0.25204167
v 0.14216389 0.050368417 0.27032474
v 0.08331992 0.050499186 0.25204167
v 0.14216389 -0.0021593687 0.28044364
v 0.20546696 0.01189004 0.25857505
v 0.14216389 0.011890043 0.2810026
v 0.078862146 0.011890041 0.25857505
v 0.07886392 -0.0021593703 0.25857505
v 0.698446 1.2360413 -0.06513781
v 0.694727 1.2371112 -0.061222482
v 0.6933455 1.214284 -0.03963594
v 0.6974806 1.2115167 -0.04189441
v 0.6933639 1.2060645 -0.012698053
v 0.7001934 1.2738613 -0.06454316
v 0.6963455 1.2723144 -0.060648423
v 0.70161784 1.2984194 -0.03706916
v 0.69738704 1.2952507 -0.03504203
v 0.69741565 1.2025824 -0.012718205
v 0.6937896 1.2155632 0.013461588
v 0.69790435 1.2129081 0.015722394
v 0.6957173 1.2397038 0.033983167
v 0.7009072 1.1724054 -0.012847638
v 0.699511 1.2388674 0.03787843
v 0.6974179 1.2748734 0.031683255
v 0.7016647 1.1876128 -0.061082695
v 0.7777592 1.199953 -0.016247265
v 0.7018733 1.1901599 0.034856014
v 0.7018902 1.2995826 0.006716554
v 0.6975872 1.2963262 0.0049109743
v 0.7013382 1.2766066 0.035454005
v 0.70388764 1.2933853 0.068775006
v 0.7008533 1.2316382 0.07233266
v 0.70788264 1.3302234 0.022289883
v 0.7787241 1.2148495 0.012159227
v 0.7704642 1.2823348 0.03354949
v 0.7687733 1.2403979 0.03456835
v 0.70694155 1.328156 -0.054658532
v 0.78044355 1.3047727 0.010619648
v 0.8016297 1.2845998 0.033497747
v 0.7991763 1.2357181 0.034491938
v 0.813266 1.215516 0.012524987
v 0.70206296 1.2887479 -0.098519556
v 0.69911385 1.2269385 -0.09899566
v 0.7696477 1.2788385 -0.063462384
v 0.7786975 1.3029066 -0.043126855
v 0.82363015 1.3015409 0.010915841
v 0.8233125 1.2779304 0.03595398
v 0.7798412 1.212319 -0.04312737
v 0.76787496 1.2368318 -0.062733956
v 0.8004622 1.2812248 -0.064368114
v 0.8203187 1.2343966 0.03657275
v 0.7981896 1.2326071 -0.06347468
v 0.81397945 1.2119722 -0.04828551
v 0.8232971 1.299633 -0.04324
v 0.85475844 1.2719526 0.044564895
v 0.82252496 1.2749004 -0.06736607
v 0.85470146 1.2697103 -0.073064245
v 0.82072574 1.2335099 -0.06553217
v 0.8773659 1.2966682 0.010944425
v 0.815484 1.2017033 -0.019232038
v 0.83974177 1.2023298 -0.020748626
v 0.8423948 1.2084278 0.012345534
v 0.84095377 1.2067924 -0.050336603
v 0.84825057 1.2239128 -0.070003815
v 0.8754521 1.2056687 -0.05611412
v 0.87788767 1.2968955 -0.04808567
v 0.8476916 1.2226763 0.043672588
v 0.87488526 1.1994194 -0.021511316
v 0.8756313 1.217758 -0.082218505
v 0.9005931 1.2120119 -0.09000394
v 0.8757357 1.2562485 -0.08222289
v 0.87726945 1.2788813 -0.07128007
v 0.90074164 1.2527856 -0.0900082
v 0.90282565 1.2846723 -0.066595085
v 0.90531296 1.202826 -0.060363594
v 0.9077479 1.2988789 -0.025067585
v 0.9034824 1.282751 0.046436317
v 0.95422137 1.2841061 0.039524138
v 0.91929305 1.2527119 -0.089952596
v 0.9528585 1.2979021 -0.023954248
v 0.87701374 1.2762681 0.04302739
v 0.8708239 1.2493234 0.06401058
v 0.94689345 1.2823873 -0.0684018
v 0.8866114 1.2382637 0.07928043
v 0.93813956 1.2179793 -0.09189109
v 0.94106436 1.2538136 -0.09241257
v 0.93777275 1.2059869 -0.06419231
v 0.90943354 1.1937884 -0.023005651
v 0.912343 1.1737803 0.008638766
v 0.94206506 1.2048972 -0.022622
v 0.9545065 1.2118682 -0.06462129
v 0.87453115 1.1899943 0.008778442
v 0.8642712 1.1883096 0.023357939
v 0.89853626 1.1734406 0.024242116
v 0.86715406 1.2150625 0.05467953
v 0.88693196 1.1795915 0.04347553
v 0.8825119 1.2056291 0.06914579
v 0.91447306 1.1756252 0.03700556
v 0.90482813 1.181418 0.056956396
v 0.89940923 1.2015675 0.08155065
v 0.90360004 1.2319771 0.09401602
v 0.9304296 1.1869265 0.023509497
v 0.9541715 1.1869129 0.062438868
v 0.9456152 1.1986316 0.021170704
v 0.93902665 1.1816689 0.07918764
v 0.96171373 1.2019441 0.049932886
v 0.97391176 1.218014 0.049852457
v 0.96556616 1.2059635 0.01784162
v 0.96263534 1.1904091 0.07196919
v 0.9598497 1.2094009 -0.02211271
v 0.9693515 1.2074906 0.06363611
v 0.9810547 1.1971735 0.08303541
v 0.9497457 1.1818104 0.08596784
v 0.9266164 1.1968503 0.096188255
v 0.9400098 1.1941091 0.10494356
v 0.9251446 1.2243901 0.106568106
v 0.9399496 1.2211207 0.114459984
v 0.9186199 1.2706193 0.07283573
v 0.9395302 1.2586797 0.08787305
v 0.92588794 1.2780044 0.056303643
v 0.9398143 1.269591 0.059078082
v 0.9566329 1.2544625 0.061501037
v 0.9602077 1.1904658 0.11893482
v 0.959288 1.2163395 0.12525156
v 0.955085 1.2510909 0.09807553
v 0.96731865 1.2427236 0.06996302
v 0.9713707 1.2490388 0.05864126
v 0.9715816 1.1797651 0.09908073
v 0.9887857 1.173996 0.10997091
v 0.9797272 1.1872674 0.12917039
v 0.97206366 1.2846155 0.040849794
v 0.97048944 1.2986152 -0.023009544
v 0.96561736 1.2835609 -0.06924234
v 0.95825577 1.2578765 -0.09347669
v 0.9548446 1.2240862 -0.09309137
v 0.9712404 1.2177496 -0.06505029
v 0.98504186 1.2502902 0.05661493
v 0.9899061 1.2851249 0.042175464
v 0.98812026 1.2993283 -0.022064826
v 0.9843413 1.2847347 -0.070082866
v 0.9754473 1.2619394 -0.0945408
v 0.97154975 1.2301931 -0.09429165
v 1.0051155 1.2670088 -0.09366497
v 1.009268 1.2396277 -0.093578465
v 0.98326653 1.231535 0.08627531
v 0.9850452 1.2250777 0.048111297
v 0.9717423 1.244709 0.10926974
v 0.9793351 1.2136121 0.13655007
v 0.99410003 1.2394842 0.12001095
v 1.0177784 1.224584 0.10738152
v 0.9808551 1.2131176 0.016675627
v 1.0131797 1.1937542 0.10421772
v 1.0031065 1.1716521 0.11834847
v 0.99475515 1.1851826 0.1370602
v 0.995258 1.2110173 0.14435756
v 0.9749312 1.2140697 -0.022421235
v 1.0120082 1.2288139 -0.063766435
v 1.0131646 1.2257549 -0.021160975
v 1.0090297 1.23585 0.1284088
v 1.0153883 1.2261107 0.014604546
v 1.0178374 1.232129 0.046507724
v 1.0147165 1.2527103 0.054506738
v 1.0155706 1.2851288 0.04102121
v 1.0119712 1.2994008 -0.0215841
v 1.0244169 1.2851301 0.040623363
v 1.0078846 1.285592 -0.068903245
v 1.0222116 1.2994318 -0.021377673
v 1.0192637 1.2671326 -0.09359862
v 1.019402 1.2860117 -0.06832617
v 1.0220337 1.2398087 -0.0935066
v 1.0431406 1.2673064 -0.09350547
v 1.0237509 1.2290558 -0.063653745
v 1.063486 1.2404969 -0.0932329
v 1.0244998 1.2261097 -0.021040462
v 1.0624354 1.2299756 -0.063224584
v 1.0260283 1.2266145 0.014632127
v 1.0623432 1.2274603 -0.020581454
v 1.0278807 1.2327307 0.046421677
v 1.0634403 1.2285341 0.014737203
v 1.0258456 1.253097 0.054171216
v 1.0408496 1.2851319 0.040064733
v 1.0454837 1.2536402 0.053700116
v 1.0406013 1.2994752 -0.02108786
v 1.0670911 1.2350227 0.04609397
v 1.0640905 1.2851394 0.03795399
v 1.039585 1.2866004 -0.06751589
v 1.067144 1.2545704 0.05289347
v 1.0643827 1.299622 -0.020110967
v 1.0626559 1.2676042 -0.09334599
v 1.0620505 1.2884657 -0.06494893
v 1.0802838 1.2296247 0.01420136
v 1.097226 1.2353653 0.040808126
v 1.0978311 1.2553791 0.049616847
v 1.097521 1.2844741 0.03580232
v 1.0980326 1.2981905 -0.020215062
v 1.0959357 1.2876633 -0.06334397
v 1.0938579 1.2673763 -0.09114799
v 1.0772641 1.2284617 -0.020597577
v 1.0942266 1.2397029 -0.088674806
v 1.0795956 1.2308431 -0.062676154
v 1.1072847 1.2322537 -0.061947547
v 1.1106981 1.2299802 -0.021158652
v 1.109502 1.2310674 0.012623364
v 1.1398104 1.2824128 -0.02169283
v 1.1324457 1.2747791 -0.058972284
v 1.1200093 1.2660781 -0.08463335
v 1.1186061 1.2440295 -0.08493908
v 1.1393994 1.262173 -0.06061143
v 1.1316239 1.2362062 -0.059688874
v 1.1430947 1.2346698 -0.022362536
v 1.1508693 1.2567976 -0.02230124
v 1.1384681 1.2330271 0.007285978
v 1.1420695 1.2562191 0.015123871
v 1.1303376 1.2372613 0.032965757
v 1.1276394 1.2556307 0.038903754
v 1.1334106 1.273254 0.023584383
v 1.0120196 1.2076265 0.1530287
v 1.0266345 1.231606 0.13826105
v 1.0118673 1.1800623 0.14715827
v 1.0346048 1.2199894 0.11712046
v 1.0207841 1.1664206 0.12825978
v 1.0301806 1.1886642 0.11295123
v 1.0255162 1.1819001 0.15245652
v 1.0250158 1.2017685 0.15636751
v 1.0384998 1.1724602 0.13861588
v 1.0417966 1.2173334 0.14552373
v 1.0435535 1.1912594 0.12222664
v 1.0447071 1.2115387 0.12627718
v -0.20784831 0.32875296 -0.04274419
v -0.2132699 0.32876483 -0.005436085
v -0.21655743 0.32540527 -0.0060293837
v -0.21083736 0.32538265 -0.045216784
v -0.18556264 0.32875124 -0.07330019
v -0.21088426 0.32538456 0.033104096
v -0.20783652 0.32874078 0.03180021
v -0.187407 0.32537746 -0.077232674
v -0.14537184 0.32877794 -0.08891933
v -0.18732598 0.3248073 0.06485037
v -0.18542701 0.32818037 0.062041145
v -0.1453012 0.32540163 -0.09353727
v -0.10693396 0.32873124 -0.07905784
v -0.14554723 0.32396802 0.08078998
v -0.14559364 0.3273817 0.07727189
v -0.10507669 0.32535157 -0.08322237
v -0.08476507 0.32872984 -0.048114736
v -0.10505616 0.32519263 0.07071082
v -0.106966265 0.32854956 0.06766953
v -0.081856936 0.32536525 -0.050766278
v -0.07700989 0.32874042 -0.0054945764
v -0.08180396 0.32527518 0.03855447
v -0.0847688 0.32862574 0.03707001
v -0.073691785 0.3253891 -0.006082791
v -0.1453961 0.3259509 0.10099524
v -0.09503472 0.32747635 0.08838899
v -0.06606146 0.32756948 0.048206933
v -0.0559891 0.3277021 -0.007418532
v -0.075374834 0.22783794 -0.01308597
v -0.06606886 0.32766578 -0.06319174
v -0.08305445 0.22776575 0.03086905
v -0.09487179 0.32764927 -0.10405606
v -0.19728984 0.32699844 0.08110173
v -0.10667771 0.22769782 0.062242016
v -0.083081484 0.22786194 -0.057025798
v -0.14499974 0.3277084 -0.11672455
v -0.14547245 0.22680165 0.072358206
v -0.22683185 0.3276973 0.041554175
v -0.18443167 0.22751172 0.05640953
v -0.14489193 0.18002562 0.05601255
v -0.23392206 0.32771364 -0.0073699607
v -0.20823449 0.22775654 0.025465341
v -0.10575862 0.22786462 -0.090018146
v -0.11109017 0.17892997 0.045899414
v -0.17800544 0.17960134 0.040896274
v -0.22684473 0.3276841 -0.056436162
v -0.08823026 0.17818144 0.020355301
v -0.14459455 0.1534436 0.06047425
v -0.19746508 0.32767978 -0.09641
v -0.14439179 0.22790311 -0.09847312
v -0.18453343 0.22787334 -0.08263123
v -0.1450546 0.17834766 -0.08935835
v -0.20825523 0.22784884 -0.05164966
v -0.10862063 0.15201882 0.046327543
v -0.112363346 0.17835076 -0.078379236
v -0.17805316 0.17834564 -0.07416726
v -0.21408471 0.22781983 -0.013055391
v -0.0916067 0.17834313 -0.052954745
v -0.0839371 0.17832485 -0.018903796
v -0.08624477 0.15224399 0.01976859
v -0.10469488 0.1292086 0.046058454
v -0.08232093 0.15204749 -0.02068327
v -0.1966198 0.1783361 -0.0483864
v -0.19930081 0.17852166 0.016255861
v -0.08184203 0.12900425 0.019024543
v -0.08869875 0.12945604 -0.054474212
v -0.14422427 0.14281812 0.06875011
v -0.17889515 0.15263332 0.0399282
v -0.18592921 0.12794007 0.038687214
v -0.20555009 0.17832854 -0.016864821
v -0.20063442 0.15259291 0.015789254
v -0.20653592 0.15238044 -0.017301837
v -0.14378655 0.13447025 0.09048813
v -0.20811161 0.12959327 0.014747756
v -0.19859321 0.12945521 -0.050313294
v -0.20883396 0.12945022 -0.018589644
v -0.17891295 0.1294557 -0.07741365
v -0.14401561 0.1294532 -0.09299417
v -0.10935599 0.12945451 -0.08176856
v -0.14255793 0.06424534 -0.10260717
v -0.18171859 0.06413018 -0.09365455
v -0.103498764 0.06418716 -0.09360815
v -0.20404312 0.06422449 -0.058895744
v -0.1422677 0.021336015 -0.10772684
v -0.1837657 0.021225328 -0.098240554
v -0.08112076 0.06425119 -0.05888579
v -0.1007807 0.021265978 -0.0982144
v -0.14223664 0.004870945 -0.10945602
v -0.079544544 0.12943794 -0.021139944
v -0.21650214 0.06423308 -0.022818897
v -0.20741959 0.021333696 -0.061576974
v -0.18456471 0.0047579953 -0.09980832
v -0.21875452 0.064122334 0.015010164
v -0.21600436 0.06377282 0.041643567
v -0.22373414 0.02123894 0.016388047
v -0.22084543 0.0213492 -0.02351176
v -0.20868333 0.004878641 -0.06252407
v -0.14223087 0.004201773 -0.06277117
v -0.22036347 0.06239679 0.0757699
v -0.22577958 0.020754954 0.04446612
v -0.18728435 0.11653867 0.06869625
v -0.22515644 0.004783408 0.016776428
v -0.22231534 0.004891523 -0.023808274
v -0.14216502 0.0027808037 -0.023916632
v -0.22713524 0.0043239812 0.0453152
v -0.14258966 0.0030927819 0.017030932
v -0.14340912 0.0034041621 0.045350134
v -0.22769715 0.0032235668 0.081295274
v -0.22653274 0.019537717 0.07998945
v -0.14322181 0.12545863 0.12317788
v -0.19332096 0.104623474 0.12532191
v -0.2242082 0.057946723 0.12960859
v -0.099584356 0.116650365 0.068436705
v -0.06108167 0.0047922293 0.016774364
v -0.06012913 0.0044551115 0.045257002
v -0.14346695 0.0029516513 0.08088353
v -0.22967525 0.00031415437 0.13351947
v -0.2289602 0.015997687 0.13216642
v -0.06209161 0.0048438394 -0.0238094
v -0.07577659 0.004888536 -0.06252129
v -0.063539796 0.021307118 -0.023512598
v -0.09991929 0.00480401 -0.09978329
v -0.07706912 0.02134669 -0.06157312
v -0.06834193 0.064196244 -0.022820096
v -0.06243851 0.02125563 0.01638557
v -0.06726015 0.06408693 0.015021463
v -0.07069244 0.063898705 0.041564524
v -0.061388396 0.020895382 0.04439776
v -0.065802135 0.06243637 0.07573053
v -0.059259348 0.0032830522 0.08126419
v -0.06040839 0.019617707 0.07994153
v -0.092289574 0.10494391 0.12444407
v -0.14286797 0.0008546505 0.13278043
v -0.06119173 0.0582035 0.129211
v -0.14262259 0.1109287 0.18186526
v -0.05662041 0.0004715105 0.13335976
v -0.2312604 -0.001948256 0.18930101
v -0.05737322 0.016212622 0.1319296
v -0.08744416 0.09420125 0.18194272
v -0.19717363 0.09417562 0.18226607
v -0.1424407 -0.0014072943 0.18909216
v -0.22693656 0.052983448 0.1858633
v -0.14235573 0.09179507 0.24360289
v -0.058049176 0.053218648 0.18537395
v -0.054317374 -0.0019036726 0.18923
v -0.2311906 0.012564047 0.18886983
v -0.18357836 0.08228515 0.23855488
v -0.10086159 0.08230315 0.23840825
v -0.054472197 0.012633784 0.18874756
v -0.20546411 -0.0021593715 0.25857505
v -0.20095372 0.050499186 0.25204167
v -0.14216389 0.050368417 0.27032474
v -0.08331992 0.050499186 0.25204167
v -0.14216389 -0.0021593687 0.28044364
v -0.20546696 0.01189004 0.25857505
v -0.14216389 0.011890043 0.2810026
v -0.078862146 0.011890041 0.25857505
v -0.07886392 -0.0021593703 0.25857505
v -0.698446 1.2360413 -0.06513781
v -0.6974806 1.2115167 -0.04189441
v -0.6933455 1.214284 -0.03963594
v -0.694727 1.2371112 -0.061222482
v -0.6933639 1.2060645 -0.012698053
v -0.7001934 1.2738613 -0.06454316
v -0.6963455 1.2723144 -0.060648423
v -0.70161784 1.2984194 -0.03706916
v -0.69738704 1.2952507 -0.03504203
v -0.69741565 1.2025824 -0.012718205
v -0.6937896 1.2155632 0.013461588
v -0.69790435 1.2129081 0.015722394
v -0.6957173 1.2397038 0.033983167
v -0.7009072 1.1724054 -0.012847638
v -0.699511 1.2388674 0.03787843
v -0.6974179 1.2748734 0.031683255
v -0.7016647 1.1876128 -0.061082695
v -0.7777592 1.199953 -0.016247265
v -0.7018733 1.1901599 0.034856014
v -0.7018902 1.2995826 0.006716554
v -0.6975872 1.2963262 0.0049109743
v -0.7013382 1.2766066 0.035454005
v -0.70388764 1.2933853 0.068775006
v -0.7008533 1.2316382 0.07233266
v -0.70788264 1.3302234 0.022289883
v -0.7787241 1.2148495 0.012159227
v -0.7704642 1.2823348 0.03354949
v -0.7687733 1.2403979 0.03456835
v -0.70694155 1.328156 -0.054658532
v -0.78044355 1.3047727 0.010619648
v -0.8016297 1.2845998 0.033497747
v -0.7991763 1.2357181 0.034491938
v -0.813266 1.215516 0.012524987
v -0.70206296 1.2887479 -0.098519556
v -0.69911385 1.2269385 -0.09899566
v -0.7696477 1.2788385 -0.063462384
v -0.7786975 1.3029066 -0.043126855
v -0.82363015 1.3015409 0.010915841
v -0.8233125 1.2779304 0.03595398
v -0.7798412 1.212319 -0.04312737
v -0.76787496 1.2368318 -0.062733956
v -0.8004622 1.2812248 -0.064368114
v -0.8203187 1.2343966 0.03657275
v -0.7981896 1.2326071 -0.06347468
v -0.81397945 1.2119722 -0.04828551
v -0.8232971 1.299633 -0.04324
v -0.85475844 1.2719526 0.044564895
v -0.82252496 1.2749004 -0.06736607
v -0.85470146 1.2697103 -0.073064245
v -0.82072574 1.2335099 -0.06553217
v -0.8773659 1.2966682 0.010944425
v -0.815484 1.2017033 -0.019232038
v -0.83974177 1.2023298 -0.020748626
v -0.8423948 1.2084278 0.012345534
v -0.84095377 1.2067924 -0.050336603
v -0.84825057 1.2239128 -0.070003815
v -0.8754521 1.2056687 -0.05611412
v -0.87788767 1.2968955 -0.04808567
v -0.8476916 1.2226763 0.043672588
v -0.87488526 1.1994194 -0.021511316
v -0.8756313 1.217758 -0.082218505
v -0.9005931 1.2120119 -0.09000394
v -0.8757357 1.2562485 -0.08222289
v -0.87726945 1.2788813 -0.07128007
v -0.90074164 1.2527856 -0.0900082
v -0.90282565 1.2846723 -0.066595085
v -0.90531296 1.202826 -0.060363594
v -0.9077479 1.2988789 -0.025067585
v -0.9034824 1.282751 0.046436317
v -0.95422137 1.2841061 0.039524138
v -0.91929305 1.2527119 -0.089952596
v -0.9528585 1.2979021 -0.023954248
v -0.87701374 1.2762681 0.04302739
v -0.8708239 1.2493234 0.06401058
v -0.94689345 1.2823873 -0.0684018
v -0.8866114 1.2382637 0.07928043
v -0.93813956 1.2179793 -0.09189109
v -0.94106436 1.2538136 -0.09241257
v -0.93777275 1.2059869 -0.06419231
v -0.90943354 1.1937884 -0.023005651
v -0.912343 1.1737803 0.008638766
v -0.94206506 1.2048972 -0.022622
v -0.9545065 1.2118682 -0.06462129
v -0.87453115 1.1899943 0.008778442
v -0.8642712 1.1883096 0.023357939
v -0.89853626 1.1734406 0.024242116
v -0.86715406 1.2150625 0.05467953
v -0.88693196 1.1795915 0.04347553
v -0.8825119 1.2056291 0.06914579
v -0.91447306 1.1756252 0.03700556
v -0.90482813 1.181418 0.056956396
v -0.89940923 1.2015675 0.08155065
v -0.90360004 1.2319771 0.09401602
v -0.9304296 1.1869265 0.023509497
v -0.9541715 1.1869129 0.062438868
v -0.9456152 1.1986316 0.021170704
v -0.93902665 1.1816689 0.07918764
v -0.96171373 1.2019441 0.049932886
v -0.97391176 1.218014 0.049852457
v -0.96556616 1.2059635 0.01784162
v -0.96263534 1.1904091 0.07196919
v -0.9598497 1.2094009 -0.02211271
v -0.9693515 1.2074906 0.06363611
v -0.9810547 1.1971735 0.08303541
v -0.9497457 1.1818104 0.08596784
v -0.9266164 1.1968503 0.096188255
v -0.9400098 1.1941091 0.10494356
v -0.9251446 1.2243901 0.106568106
v -0.9399496 1.2211207 0.114459984
v -0.9186199 1.2706193 0.07283573
v -0.9395302 1.2586797 0.08787305
v -0.92588794 1.2780044 0.056303643
v -0.9398143 1.269591 0.059078082
v -0.9566329 1.2544625 0.061501037
v -0.9602077 1.1904658 0.11893482
v -0.959288 1.2163395 0.12525156
v -0.955085 1.2510909 0.09807553
v -0.96731865 1.2427236 0.06996302
v -0.9713707 1.2490388 0.05864126
v -0.9715816 1.1797651 0.09908073
v -0.9887857 1.173996 0.10997091
v -0.9797272 1.1872674 0.12917039
v -0.97206366 1.2846155 0.040849794
v -0.97048944 1.2986152 -0.023009544
v -0.96561736 1.2835609 -0.06924234
v -0.95825577 1.2578765 -0.09347669
v -0.9548446 1.2240862 -0.09309137
v -0.9712404 1.2177496 -0.06505029
v -0.98504186 1.2502902 0.05661493
v -0.9899061 1.2851249 0.042175464
v -0.98812026 1.2993283 -0.022064826
v -0.9843413 1.2847347 -0.070082866
v -0.9754473 1.2619394 -0.0945408
v -0.97154975 1.2301931 -0.09429165
v -1.0051155 1.2670088 -0.09366497
v -1.009268 1.2396277 -0.093578465
v -0.98326653 1.231535 0.08627531
v -0.9850452 1.2250777 0.048111297
v -0.9717423 1.244709 0.10926974
v -0.9793351 1.2136121 0.13655007
v -0.99410003 1.2394842 0.12001095
v -1.0177784 1.224584 0.10738152
v -0.9808551 1.2131176 0.016675627
v -1.0131797 1.1937542 0.10421772
v -1.0031065 1.1716521 0.11834847
v -0.99475515 1.1851826 0.1370602
v -0.995258 1.2110173 0.14435756
v -0.9749312 1.2140697 -0.022421235
v -1.0120082 1.2288139 -0.063766435
v -1.0131646 1.2257549 -0.021160975
v -1.0090297 1.23585 0.1284088
v -1.0153883 1.2261107 0.014604546
v -1.0178374 1.232129 0.046507724
v -1.0147165 1.2527103 0.054506738
v -1.0155706 1.2851288 0.04102121
v -1.0119712 1.2994008 -0.0215841
v -1.0244169 1.2851301 0.040623363
v -1.0078846 1.285592 -0.068903245
v -1.0222116 1.2994318 -0.021377673
v -1.0192637 1.2671326 -0.09359862
v -1.019402 1.2860117 -0.06832617
v -1.0220337 1.2398087 -0.0935066
v -1.0431406 1.2673064 -0.09350547
v -1.0237509 1.2290558 -0.063653745
v -1.063486 1.2404969 -0.0932329
v -1.0244998 1.2261097 -0.021040462
v -1.0624354 1.2299756 -0.063224584
v -1.0260283 1.2266145 0.014632127
v -1.0623432 1.2274603 -0.020581454
v -1.0278807 1.2327307 0.046421677
v -1.0634403 1.2285341 0.014737203
v -1.0258456 1.253097 0.054171216
v -1.0408496 1.2851319 0.040064733
v -1.0454837 1.2536402 0.053700116
v -1.0406013 1.2994752 -0.02108786
v -1.0670911 1.2350227 0.04609397
v -1.0640905 1.2851394 0.03795399
v -1.039585 1.2866004 -0.06751589
v -1.067144 1.2545704 0.05289347
v -1.0643827 1.299622 -0.020110967
v -1.0626559 1.2676042 -0.09334599
v -1.0620505 1.2884657 -0.06494893
v -1.0802838 1.2296247 0.01420136
v -1.097226 1.2353653 0.040808126
v -1.0978311 1.2553791 0.049616847
v -1.097521 1.2844741 0.03580232
v -1.0980326 1.2981905 -0.020215062
v -1.0959357 1.2876633 -0.06334397
v -1.0938579 1.2673763 -0.09114799
v -1.0772641 1.2284617 -0.020597577
v -1.0942266 1.2397029 -0.088674806
v -1.0795956 1.2308431 -0.062676154
v -1.1072847 1.2322537 -0.061947547
v -1.1106981 1.2299802 -0.021158652
v -1.109502 1.2310674 0.012623364
v -1.1398104 1.2824128 -0.02169283
v -1.1324457 1.2747791 -0.058972284
v -1.1200093 1.2660781 -0.08463335
v -1.1186061 1.2440295 -0.08493908
v -1.1393994 1.262173 -0.06061143
v -1.1316239 1.2362062 -0.059688874
v -1.1430947 1.2346698 -0.022362536
v -1.1508693 1.2567976 -0.02230124
v -1.1384681 1.2330271 0.007285978
v -1.1420695 1.2562191 0.015123871
v -1.1303376 1.2372613 0.032965757
v -1.1276394 1.2556307 0.038903754
v -1.1334106 1.273254 0.023584383
v -1.0120196 1.2076265 0.1530287
v -1.0266345 1.231606 0.13826105
v -1.0118673 1.1800623 0.14715827
v -1.0346048 1.2199894 0.11712046
v -1.0207841 1.1664206 0.12825978
v -1.0301806 1.1886642 0.11295123
v -1.0255162 1.1819001 0.15245652
v -1.0250158 1.2017685 0.15636751
v -1.0384998 1.1724602 0.13861588
v -1.0417966 1.2173334 0.14552373
v -1.0435535 1.1912594 0.12222664
v -1.0447071 1.2115387 0.12627718
v 0.31739148 1.3375546 -0.11871334
v 0.4100383 1.3506882 -0.06738003
v 0.28893387 1.3840275 -0.06671091
v 0.21021172 1.3622824 -0.11876729
v 0.31335726 1.2659963 -0.16057257
v 0.40973723 1.3509448 0.02568806
v 0.40285417 1.3121538 -0.06522486
v 0.16881035 1.4001521 -0.061988126
v 0.20531622 1.2959499 -0.16729899
v 0.1214219 1.3808602 -0.1046826
v 0.19713838 1.2654094 -0.14403114
v 0.11423777 1.3423258 -0.10252743
v 0.16162622 1.3616177 -0.059832957
v 0.30520183 1.235459 -0.13729917
v 0.20103338 1.3189048 -0.10279796
v 0.30823606 1.2941769 -0.1027398
v 0.28174976 1.3454931 -0.06455574
v 0.15365967 1.3620021 0.02674921
v 0.1608438 1.4005365 0.024594039
v 0.4025531 1.3124104 0.02784323
v 0.2480223 1.3528357 0.03153476
v 0.19114444 1.3221428 0.06661277
v 0.25520644 1.39137 0.02937959
v 0.19527267 1.3592331 0.085911654
v 0.30810055 1.3330604 0.08438983
v 0.30673876 1.2547246 0.119456135
v 0.30397233 1.2959701 0.06509095
v 0.3027195 1.2208495 0.10002738
v 0.19217417 1.2676321 0.13067281
v 0.18815489 1.233757 0.11124408
v 0.33276537 1.3694608 -0.06278036
v 0.35319507 1.3636483 -0.059381068
v 0.35605305 1.3897228 -0.057698414
v 0.3390713 1.3945544 -0.060524
v 0.31337354 1.3747315 -0.05510658
v 0.32295215 1.3989357 -0.054145318
v 0.36934713 1.3857353 -0.04642568
v 0.36918834 1.3588512 -0.045819562
v 0.30021545 1.378048 -0.03841596
v 0.31201476 1.4016924 -0.040271576
v 0.3753915 1.3836606 -0.029726334
v 0.37645996 1.3563552 -0.025729658
v 0.29681683 1.3785217 -0.017180715
v 0.30918977 1.402086 -0.02262019
v 0.37256652 1.3840542 -0.012074947
v 0.3730614 1.3568288 -0.0044944133
v 0.3040884 1.3760256 0.0029091847
v 0.3152341 1.4000112 -0.005920852
v 0.3616291 1.386811 0.0017988029
v 0.35990322 1.3601453 0.012196206
v 0.32008174 1.3712285 0.01647068
v 0.32852823 1.3960238 0.0053518848
v 0.34551 1.3911921 0.008177473
v 0.34051135 1.3654158 0.019869972
v 0.16551179 0.9925394 0.105291694
v 0.18446663 0.99643165 0.06306599
v 0.19524986 0.89910233 0.12619431
v 0.14650774 0.98647094 0.1055402
v 0.17260456 0.8918711 0.12649043
v 0.16546258 0.99036306 0.063314475
v 0.19050369 0.82507205 0.124253705
v 0.21762955 0.8278607 0.060097843
v 0.21314901 0.8323033 0.123957574
v 0.24027488 0.8350919 0.05980173
v 0.2005373 0.7798844 0.12567505
v 0.22318265 0.7871156 0.12537894
v 0.24500144 0.84313023 -0.0052322024
v 0.19065976 0.9979584 0.01136675
v 0.26699546 0.7646708 0.04753976
v 0.24435017 0.7574396 0.047835868
v 0.22235611 0.83589906 -0.004936089
v 0.17165571 0.99188995 0.011615254
v 0.22747076 0.6882955 0.11666074
v 0.18338442 0.9962545 -0.040163934
v 0.25011608 0.6955267 0.11636462
v 0.1643804 0.990186 -0.03991543
v 0.24711958 0.77087986 -0.011934977
v 0.2594323 0.7083446 0.05055843
v 0.21462438 0.82550955 -0.07085614
v 0.26976493 0.7781111 -0.012231091
v 0.28207764 0.7155757 0.05026232
v 0.23726973 0.8327408 -0.071152255
v 0.27528527 0.6450294 0.05184236
v 0.26785627 0.7143229 -0.014878201
v 0.23710838 0.75931025 -0.07817956
v 0.24218741 0.61320454 0.10966515
v 0.26483276 0.6204357 0.10936904
v 0.29793063 0.6522607 0.05154625
v 0.29050162 0.72155404 -0.015174318
v 0.2831917 0.6521921 -0.015652955
v 0.2599888 0.70549077 -0.083170615
v 0.305837 0.65942323 -0.015949069
v 0.25975367 0.7665415 -0.07847568
v 0.2826341 0.712722 -0.08346674
v 0.27431253 0.6483643 -0.08449192
v 0.21052757 0.7331144 -0.14051102
v 0.23317286 0.74034566 -0.14080712
v 0.29695782 0.65559554 -0.08478804
v 0.22706163 0.6795 -0.1445333
v 0.24970695 0.68673116 -0.1448294
v 0.19092676 0.8155295 -0.12956497
v 0.21357206 0.82276076 -0.12986107
v 0.17288113 0.88525677 -0.118585676
v 0.19552639 0.89248806 -0.118881784
v 0.24001965 0.6220579 -0.1462293
v 0.26266494 0.6292891 -0.1465254
v 0.14591825 0.9868156 -0.08113034
v 0.1649223 0.992884 -0.08137883
v 0.059298817 0.9794693 0.17996092
v 0.05814078 0.9652379 0.18218528
v 0.029375043 0.9645604 0.18733743
v 0.060414087 0.9736859 0.15347464
v 0.05925605 0.95945454 0.15569901
v 0.025321335 0.95877695 0.16085117
v 0.033164233 0.9787918 0.18511307
v 0.033479005 1.0367546 0.18320858
v 0.062398303 1.037205 0.17810625
v 0.05834459 1.0314217 0.15161997
v 0.029425297 1.0309713 0.1567223
v 0.029110525 0.97300833 0.1586268
v -0 0.9744162 0.1641446
v -0 0.98019964 0.19063088
v 0.05890077 1.0463859 0.14550576
v -0 0.96596825 0.19285524
v 0.06295448 1.0521692 0.17199202
v 0.029981479 1.0459355 0.15060809
v -0 1.0473434 0.1561259
v 0.034035187 1.0517188 0.17709437
v -0 1.0531267 0.18261217
v -0 1.0381625 0.1887264
v -0.033479005 1.0367546 0.18320858
v -0.029425297 1.0309713 0.1567223
v -0 1.0323792 0.16224012
v -0.034035187 1.0517188 0.17709437
v -0.029981479 1.0459355 0.15060809
v -0.06295448 1.0521692 0.17199202
v -0.05890077 1.0463859 0.14550576
v -0.062398303 1.037205 0.17810625
v -0.05834459 1.0314217 0.15161997
v -0.059298817 0.9794693 0.17996092
v -0.060414087 0.9736859 0.15347464
v -0.029110525 0.97300833 0.1586268
v -0.033164233 0.9787918 0.18511307
v -0.025321335 0.95877695 0.16085117
v -0.029375043 0.9645604 0.18733743
v -0.05814078 0.9652379 0.18218528
v -0.05925605 0.95945454 0.15569901
v -0 0.9601848 0.16636898
v -0.31739148 1.3375546 -0.11871334
v -0.28893387 1.3840275 -0.06671091
v -0.4100383 1.3506882 -0.06738003
v -0.21021172 1.3622824 -0.11876729
v -0.31335726 1.2659963 -0.16057257
v -0.40973723 1.3509448 0.02568806
v -0.40285417 1.3121538 -0.06522486
v -0.16881035 1.4001521 -0.061988126
v -0.20531622 1.2959499 -0.16729899
v -0.1214219 1.3808602 -0.1046826
v -0.19713838 1.2654094 -0.14403114
v -0.11423777 1.3423258 -0.10252743
v -0.16162622 1.3616177 -0.059832957
v -0.30520183 1.235459 -0.13729917
v -0.20103338 1.3189048 -0.10279796
v -0.30823606 1.2941769 -0.1027398
v -0.28174976 1.3454931 -0.06455574
v -0.15365967 1.3620021 0.02674921
v -0.1608438 1.4005365 0.024594039
v -0.4025531 1.3124104 0.02784323
v -0.2480223 1.3528357 0.03153476
v -0.19114444 1.3221428 0.06661277
v -0.25520644 1.39137 0.02937959
v -0.19527267 1.3592331 0.085911654
v -0.30810055 1.3330604 0.08438983
v -0.30673876 1.2547246 0.119456135
v -0.30397233 1.2959701 0.06509095
v -0.3027195 1.2208495 0.10002738
v -0.19217417 1.2676321 0.13067281
v -0.18815489 1.233757 0.11124408
v -0.33276537 1.3694608 -0.06278036
v -0.3390713 1.3945544 -0.060524
v -0.35605305 1.3897228 -0.057698414
v -0.31337354 1.3747315 -0.05510658
v -0.35319507 1.3636483 -0.059381068
v -0.32295215 1.3989357 -0.054145318
v -0.36934713 1.3857353 -0.04642568
v -0.36918834 1.3588512 -0.045819562
v -0.30021545 1.378048 -0.03841596
v -0.31201476 1.4016924 -0.040271576
v -0.3753915 1.3836606 -0.029726334
v -0.37645996 1.3563552 -0.025729658
v -0.29681683 1.3785217 -0.017180715
v -0.30918977 1.402086 -0.02262019
v -0.37256652 1.3840542 -0.012074947
v -0.3730614 1.3568288 -0.0044944133
v -0.3040884 1.3760256 0.0029091847
v -0.3152341 1.4000112 -0.005920852
v -0.3616291 1.386811 0.0017988029
v -0.35990322 1.3601453 0.012196206
v -0.32008174 1.3712285 0.01647068
v -0.32852823 1.3960238 0.0053518848
v -0.34551 1.3911921 0.008177473
v -0.34051135 1.3654158 0.019869972
v -0.16551179 0.9925394 0.105291694
v -0.19524986 0.89910233 0.12619431
v -0.18446663 0.99643165 0.06306599
v -0.14650774 0.98647094 0.1055402
v -0.17260456 0.8918711 0.12649043
v -0.16546258 0.99036306 0.063314475
v -0.19050369 0.82507205 0.124253705
v -0.21762955 0.8278607 0.060097843
v -0.21314901 0.8323033 0.123957574
v -0.24027488 0.8350919 0.05980173
v -0.2005373 0.7798844 0.12567505
v -0.22318265 0.7871156 0.12537894
v -0.24500144 0.84313023 -0.0052322024
v -0.19065976 0.9979584 0.01136675
v -0.26699546 0.7646708 0.04753976
v -0.24435017 0.7574396 0.047835868
v -0.22235611 0.83589906 -0.004936089
v -0.17165571 0.99188995 0.011615254
v -0.22747076 0.6882955 0.11666074
v -0.18338442 0.9962545 -0.040163934
v -0.25011608 0.6955267 0.11636462
v -0.1643804 0.990186 -0.03991543
v -0.24711958 0.77087986 -0.011934977
v -0.2594323 0.7083446 0.05055843
v -0.21462438 0.82550955 -0.07085614
v -0.26976493 0.7781111 -0.012231091
v -0.28207764 0.7155757 0.05026232
v -0.23726973 0.8327408 -0.071152255
v -0.27528527 0.6450294 0.05184236
v -0.26785627 0.7143229 -0.014878201
v -0.23710838 0.75931025 -0.07817956
v -0.24218741 0.61320454 0.10966515
v -0.26483276 0.6204357 0.10936904
v -0.29793063 0.6522607 0.05154625
v -0.29050162 0.72155404 -0.015174318
v -0.2831917 0.6521921 -0.015652955
v -0.2599888 0.70549077 -0.083170615
v -0.305837 0.65942323 -0.015949069
v -0.25975367 0.7665415 -0.07847568
v -0.2826341 0.712722 -0.08346674
v -0.27431253 0.6483643 -0.08449192
v -0.21052757 0.7331144 -0.14051102
v -0.23317286 0.74034566 -0.14080712
v -0.29695782 0.65559554 -0.08478804
v -0.22706163 0.6795 -0.1445333
v -0.24970695 0.68673116 -0.1448294
v -0.19092676 0.8155295 -0.12956497
v -0.21357206 0.82276076 -0.12986107
v -0.17288113 0.88525677 -0.118585676
v -0.19552639 0.89248806 -0.118881784
v -0.24001965 0.6220579 -0.1462293
v -0.26266494 0.6292891 -0.1465254
v -0.14591825 0.9868156 -0.08113034
v -0.1649223 0.992884 -0.08137883
v 0.17842945 1.6496322 0.18398152
v 0.09703015 1.7709256 0.24014403
v 0.16300288 1.7625417 0.20773232
v 0.109422594 1.6487191 0.25418147
v 0.15514453 1.5566101 0.19959569
v 0.047767647 1.775468 0.25156173
v 0.10293247 1.5381076 0.23783536
v 0.14075845 1.4752159 0.16331305
v 0.08322888 1.4598403 0.1866926
v 0.055747792 1.648283 0.26608434
v -0 1.7765483 0.2563864
v 0.05267363 1.5332313 0.24804123
v 0.041019365 1.4518971 0.19358243
v -0 1.6481686 0.27097252
v -0 1.5319853 0.25215602
v -0 1.4499726 0.1964768
v -0.041019365 1.4518971 0.19358243
v -0.05267363 1.5332313 0.24804123
v -0.08322888 1.4598403 0.1866926
v -0.055747792 1.648283 0.26608434
v -0.047767647 1.775468 0.25156173
v -0.10293247 1.5381076 0.23783536
v -0.14075845 1.4752159 0.16331305
v -0.15514453 1.5566101 0.19959569
v -0.109422594 1.6487191 0.25418147
v -0.09703015 1.7709256 0.24014403
v -0.17842945 1.6496322 0.18398152
v -0.16300288 1.7625417 0.20773232
v 0.17399073 1.4582846 0.004474864
v 0.14119366 1.4476683 2.6192401E-05
v 0.13145384 1.4470074 0.09582598
v 0.16120948 1.4689099 0.10143112
v 0.14075845 1.4752159 0.16331305
v 0.08322888 1.4598403 0.1866926
v 0.08497986 1.4248106 0.09974124
v 0.041019365 1.4518971 0.19358243
v 0.041384026 1.4160538 0.10248395
v -0 1.4499726 0.1964768
v -0 1.4141858 0.103961535
v -0.041384026 1.4160538 0.10248395
v -0.041019365 1.4518971 0.19358243
v -0.08497986 1.4248106 0.09974124
v -0.08322888 1.4598403 0.1866926
v -0.13145384 1.4470074 0.09582598
v -0.14075845 1.4752159 0.16331305
v -0.16120948 1.4689099 0.10143112
v -0.17399073 1.4582846 0.004474864
v -0.14119366 1.4476683 2.6192401E-05
vt 0.5307617 0.7729492
vt 0.5307617 0.7729492
vt 0.5307617 0.7729492
vt 0.5307617 0.7729492
vt 0.5307617 0.7729492
vt 0.5307617 0.7729492
vt 0.08721924 0.8754883
vt 0.08721924 0.8754883
vt 0.08721924 0.8754883
vt 0.08721924 0.8754883
vt 0.08721924 0.8754883
vt 0.08721924 0.8754883
vt 0.08721924 0.8754883
vt 0.08721924 0.8754883
vt 0.08721924 0.8754883
vt 0.08721924 0.8754883
vt 0.08721924 0.8754883
vt 0.08721924 0.8754883
vt 0.08721924 0.8754883
vt 0.08721924 0.8754883
vt 0.08721924 0.8754883
vt 0.08087158 0.8496094
vt 0.08087158 0.8496094
vt 0.08087158 0.8496094
vt 0.08087158 0.8496094
vt 0.08087158 0.8496094
vt 0.08087158 0.8496094
vt 0.08087158 0.8496094
vt 0.08087158 0.8496094
vt 0.08087158 0.8496094
vt 0.08087158 0.8496094
vt 0.08087158 0.8496094
vt 0.08087158 0.8496094
vt 0.08087158 0.8496094
vt 0.08087158 0.8496094
vt 0.08087158 0.8496094
vt 0.08087158 0.8496094
vt 0.08087158 0.8496094
vt 0.08087158 0.8496094
vt 0.08087158 0.8496094
vt 0.08087158 0.8496094
vt 0.08087158 0.8496094
vt 0.08087158 0.8496094
vt 0.08087158 0.8496094
vt 0.08087158 0.8496094
vt 0.08087158 0.8496094
vt 0.08087158 0.8496094
vt 0.08087158 0.8496094
vt 0.08087158 0.8496094
vt 0.08087158 0.8496094
vt 0.08087158 0.8496094
vt 0.08087158 0.8496094
vt 0.08087158 0.8496094
vt 0.08087158 0.8496094
vt 0.08087158 0.8496094
vt 0.08087158 0.8496094
vt 0.08087158 0.8496094
vt 0.08087158 0.8496094
vt 0.08087158 0.8496094
vt 0.08087158 0.8496094
vt 0.08087158 0.8496094
vt 0.08087158 0.8496094
vt 0.08087158 0.8496094
vt 0.08087158 0.8496094
vt 0.08087158 0.8496094
vt 0.08087158 0.8496094
vt 0.08087158 0.8496094
vt 0.08087158 0.8496094
vt 0.08087158 0.8496094
vt 0.08087158 0.8496094
vt 0.08087158 0.8496094
vt 0.08087158 0.8496094
vt 0.08087158 0.8496094
vt 0.08087158 0.8496094
vt 0.08087158 0.8496094
vt 0.08087158 0.8496094
vt 0.08087158 0.8496094
vt 0.08087158 0.8496094
vt 0.08087158 0.8496094
vt 0.08087158 0.8496094
vt 0.08087158 0.8496094
vt 0.08087158 0.8496094
vt 0.08087158 0.8496094
vt 0.08087158 0.8496094
vt 0.08087158 0.8496094
vt 0.08087158 0.8496094
vt 0.08087158 0.8496094
vt 0.08087158 0.8496094
vt 0.08087158 0.8496094
vt 0.08087158 0.8496094
vt 0.08087158 0.8496094
vt 0.08087158 0.8496094
vt 0.08087158 0.8496094
vt 0.08087158 0.8496094
vt 0.08087158 0.8496094
vt 0.08087158 0.8496094
vt 0.08087158 0.8496094
vt 0.08087158 0.8496094
vt 0.08087158 0.8496094
vt 0.08087158 0.8496094
vt 0.08087158 0.8496094
vt 0.08087158 0.8496094
vt 0.08087158 0.8496094
vt 0.08087158 0.8496094
vt 0.08087158 0.8496094
vt 0.08087158 0.8496094
vt 0.08087158 0.8496094
vt 0.08087158 0.8496094
vt 0.08087158 0.8496094
vt 0.08087158 0.8496094
vt 0.08087158 0.8496094
vt 0.08087158 0.8496094
vt 0.08087158 0.8496094
vt 0.08087158 0.8496094
vt 0.08087158 0.8496094
vt 0.08087158 0.8496094
vt 0.08087158 0.8496094
vt 0.08087158 0.8496094
vt 0.08087158 0.8496094
vt 0.08087158 0.8496094
vt 0.08087158 0.8496094
vt 0.08087158 0.8496094
vt 0.08087158 0.8496094
vt 0.08087158 0.8496094
vt 0.08087158 0.8496094
vt 0.08087158 0.8496094
vt 0.08087158 0.8496094
vt 0.08087158 0.8496094
vt 0.08087158 0.8496094
vt 0.08087158 0.8496094
vt 0.08087158 0.8496094
vt 0.08087158 0.8496094
vt 0.08087158 0.8496094
vt 0.08087158 0.8496094
vt 0.08087158 0.8496094
vt 0.08087158 0.8496094
vt 0.08087158 0.8496094
vt 0.08087158 0.8496094
vt 0.08087158 0.8496094
vt 0.08087158 0.8496094
vt 0.08087158 0.8496094
vt 0.08087158 0.8496094
vt 0.08087158 0.8496094
vt 0.08087158 0.8496094
vt 0.08087158 0.8496094
vt 0.08087158 0.8496094
vt 0.08087158 0.8496094
vt 0.08087158 0.8496094
vt 0.08087158 0.8496094
vt 0.08087158 0.8496094
vt 0.08087158 0.8496094
vt 0.08087158 0.8496094
vt 0.08087158 0.8496094
vt 0.08087158 0.8496094
vt 0.08087158 0.8496094
vt 0.08087158 0.8496094
vt 0.08087158 0.8496094
vt 0.08087158 0.8496094
vt 0.08087158 0.8496094
vt 0.08087158 0.8496094
vt 0.08087158 0.8496094
vt 0.08087158 0.8496094
vt 0.08087158 0.8496094
vt 0.08087158 0.8496094
vt 0.08087158 0.8496094
vt 0.08087158 0.8496094
vt 0.08087158 0.8496094
vt 0.08087158 0.8496094
vt 0.08087158 0.8496094
vt 0.08087158 0.8496094
vt 0.08087158 0.8496094
vt 0.08087158 0.8496094
vt 0.08087158 0.8496094
vt 0.08087158 0.8496094
vt 0.08087158 0.8496094
vt 0.08087158 0.8496094
vt 0.08087158 0.8496094
vt 0.08087158 0.8496094
vt 0.08087158 0.8496094
vt 0.08087158 0.8496094
vt 0.08087158 0.8496094
vt 0.08087158 0.8496094
vt 0.08087158 0.8496094
vt 0.08087158 0.8496094
vt 0.08087158 0.8496094
vt 0.08087158 0.8496094
vt 0.08087158 0.8496094
vt 0.08087158 0.8496094
vt 0.08087158 0.8496094
vt 0.08087158 0.8496094
vt 0.08721924 0.8754883
vt 0.08721924 0.8754883
vt 0.08721924 0.8754883
vt 0.08721924 0.8754883
vt 0.08721924 0.8754883
vt 0.08721924 0.8754883
vt 0.38232422 0.96435547
vt 0.38232422 0.96435547
vt 0.38232422 0.96435547
vt 0.38232422 0.96435547
vt 0.38232422 0.96435547
vt 0.38232422 0.96435547
vt 0.38232422 0.96435547
vt 0.38232422 0.96435547
vt 0.38232422 0.96435547
vt 0.38232422 0.96435547
vt 0.38232422 0.96435547
vt 0.38232422 0.96435547
vt 0.38232422 0.96435547
vt 0.38232422 0.96435547
vt 0.38232422 0.96435547
vt 0.38232422 0.96435547
vt 0.38232422 0.96435547
vt 0.38232422 0.96435547
vt 0.38232422 0.96435547
vt 0.38232422 0.96435547
vt 0.38232422 0.96435547
vt 0.38232422 0.96435547
vt 0.38232422 0.96435547
vt 0.38232422 0.96435547
vt 0.38232422 0.96435547
vt 0.38232422 0.96435547
vt 0.38232422 0.96435547
vt 0.38232422 0.96435547
vt 0.38232422 0.96435547
vt 0.38232422 0.96435547
vt 0.38232422 0.96435547
vt 0.38232422 0.96435547
vt 0.38232422 0.96435547
vt 0.38232422 0.96435547
vt 0.38232422 0.96435547
vt 0.38232422 0.96435547
vt 0.38232422 0.96435547
vt 0.38232422 0.96435547
vt 0.38232422 0.96435547
vt 0.38232422 0.96435547
vt 0.38232422 0.96435547
vt 0.38232422 0.96435547
vt 0.38232422 0.96435547
vt 0.38232422 0.96435547
vt 0.38232422 0.96435547
vt 0.38232422 0.96435547
vt 0.38232422 0.96435547
vt 0.38232422 0.96435547
vt 0.38232422 0.96435547
vt 0.38232422 0.96435547
vt 0.38232422 0.96435547
vt 0.38232422 0.96435547
vt 0.38232422 0.96435547
vt 0.38232422 0.96435547
vt 0.38232422 0.96435547
vt 0.38232422 0.96435547
vt 0.38232422 0.96435547
vt 0.38232422 0.96435547
vt 0.38232422 0.96435547
vt 0.38232422 0.96435547
vt 0.38232422 0.96435547
vt 0.38232422 0.96435547
vt 0.38232422 0.96435547
vt 0.38232422 0.96435547
vt 0.38232422 0.96435547
vt 0.38232422 0.96435547
vt 0.38232422 0.96435547
vt 0.38232422 0.96435547
vt 0.38232422 0.96435547
vt 0.38232422 0.96435547
vt 0.38232422 0.96435547
vt 0.38232422 0.96435547
vt 0.38232422 0.96435547
vt 0.38232422 0.96435547
vt 0.38232422 0.96435547
vt 0.38232422 0.96435547
vt 0.38232422 0.96435547
vt 0.38232422 0.96435547
vt 0.38232422 0.96435547
vt 0.38232422 0.96435547
vt 0.38232422 0.96435547
vt 0.38232422 0.96435547
vt 0.38232422 0.96435547
vt 0.38232422 0.96435547
vt 0.38232422 0.96435547
vt 0.38232422 0.96435547
vt 0.38232422 0.96435547
vt 0.38232422 0.96435547
vt 0.38232422 0.96435547
vt 0.38232422 0.96435547
vt 0.38232422 0.96435547
vt 0.38232422 0.96435547
vt 0.38232422 0.96435547
vt 0.38232422 0.96435547
vt 0.38232422 0.96435547
vt 0.38232422 0.96435547
vt 0.38232422 0.96435547
vt 0.38232422 0.96435547
vt 0.38232422 0.96435547
vt 0.38232422 0.96435547
vt 0.38232422 0.96435547
vt 0.38232422 0.96435547
vt 0.38232422 0.96435547
vt 0.38232422 0.96435547
vt 0.38232422 0.96435547
vt 0.38232422 0.96435547
vt 0.38232422 0.96435547
vt 0.38232422 0.96435547
vt 0.38232422 0.96435547
vt 0.38232422 0.96435547
vt 0.38232422 0.96435547
vt 0.38232422 0.96435547
vt 0.38232422 0.96435547
vt 0.38232422 0.96435547
vt 0.38232422 0.96435547
vt 0.38232422 0.96435547
vt 0.38232422 0.96435547
vt 0.38232422 0.96435547
vt 0.38232422 0.96435547
vt 0.38232422 0.96435547
vt 0.38232422 0.96435547
vt 0.38232422 0.96435547
vt 0.38232422 0.96435547
vt 0.38232422 0.96435547
vt 0.38232422 0.96435547
vt 0.38232422 0.96435547
vt 0.38232422 0.96435547
vt 0.38232422 0.96435547
vt 0.38232422 0.96435547
vt 0.38232422 0.96435547
vt 0.38232422 0.96435547
vt 0.38232422 0.96435547
vt 0.38232422 0.96435547
vt 0.38232422 0.96435547
vt 0.38232422 0.96435547
vt 0.38232422 0.96435547
vt 0.38232422 0.96435547
vt 0.38232422 0.96435547
vt 0.38232422 0.96435547
vt 0.38232422 0.96435547
vt 0.38232422 0.96435547
vt 0.38232422 0.96435547
vt 0.38232422 0.96435547
vt 0.38232422 0.96435547
vt 0.38232422 0.96435547
vt 0.38232422 0.96435547
vt 0.38232422 0.96435547
vt 0.38232422 0.96435547
vt 0.38232422 0.96435547
vt 0.38232422 0.96435547
vt 0.38232422 0.96435547
vt 0.38232422 0.96435547
vt 0.38232422 0.96435547
vt 0.38232422 0.96435547
vt 0.38232422 0.96435547
vt 0.38232422 0.96435547
vt 0.38232422 0.96435547
vt 0.38232422 0.96435547
vt 0.38232422 0.96435547
vt 0.38232422 0.96435547
vt 0.38232422 0.96435547
vt 0.38232422 0.96435547
vt 0.38232422 0.96435547
vt 0.38232422 0.96435547
vt 0.38232422 0.96435547
vt 0.38232422 0.96435547
vt 0.38232422 0.96435547
vt 0.38232422 0.96435547
vt 0.38232422 0.96435547
vt 0.38232422 0.96435547
vt 0.38232422 0.96435547
vt 0.38232422 0.96435547
vt 0.38232422 0.96435547
vt 0.38232422 0.96435547
vt 0.38232422 0.96435547
vt 0.38232422 0.96435547
vt 0.38232422 0.96435547
vt 0.38232422 0.96435547
vt 0.38232422 0.96435547
vt 0.38232422 0.96435547
vt 0.38232422 0.96435547
vt 0.38232422 0.96435547
vt 0.38232422 0.96435547
vt 0.38232422 0.96435547
vt 0.38232422 0.96435547
vt 0.38232422 0.96435547
vt 0.38232422 0.96435547
vt 0.38232422 0.96435547
vt 0.38232422 0.96435547
vt 0.38232422 0.96435547
vt 0.38232422 0.96435547
vt 0.38232422 0.96435547
vt 0.38232422 0.96435547
vt 0.38232422 0.96435547
vt 0.38232422 0.96435547
vt 0.38232422 0.96435547
vt 0.38232422 0.96435547
vt 0.38232422 0.96435547
vt 0.38232422 0.96435547
vt 0.38232422 0.96435547
vt 0.38232422 0.96435547
vt 0.38232422 0.96435547
vt 0.38232422 0.96435547
vt 0.38232422 0.96435547
vt 0.38232422 0.96435547
vt 0.38232422 0.96435547
vt 0.38232422 0.96435547
vt 0.38232422 0.96435547
vt 0.38232422 0.96435547
vt 0.38232422 0.96435547
vt 0.38232422 0.96435547
vt 0.38232422 0.96435547
vt 0.38232422 0.96435547
vt 0.38232422 0.96435547
vt 0.38232422 0.96435547
vt 0.38232422 0.96435547
vt 0.38232422 0.96435547
vt 0.38232422 0.96435547
vt 0.38232422 0.96435547
vt 0.38232422 0.96435547
vt 0.38232422 0.96435547
vt 0.38232422 0.96435547
vt 0.38232422 0.96435547
vt 0.38232422 0.96435547
vt 0.38232422 0.96435547
vt 0.38232422 0.96435547
vt 0.38232422 0.96435547
vt 0.38232422 0.96435547
vt 0.38232422 0.96435547
vt 0.38232422 0.96435547
vt 0.38232422 0.96435547
vt 0.38232422 0.96435547
vt 0.38232422 0.96435547
vt 0.38232422 0.96435547
vt 0.38232422 0.96435547
vt 0.38232422 0.96435547
vt 0.38232422 0.96435547
vt 0.38232422 0.96435547
vt 0.38232422 0.96435547
vt 0.38232422 0.96435547
vt 0.38232422 0.96435547
vt 0.38232422 0.96435547
vt 0.38232422 0.96435547
vt 0.38232422 0.96435547
vt 0.38232422 0.96435547
vt 0.38232422 0.96435547
vt 0.38232422 0.96435547
vt 0.38232422 0.96435547
vt 0.38232422 0.96435547
vt 0.38232422 0.96435547
vt 0.38232422 0.96435547
vt 0.38232422 0.96435547
vt 0.38232422 0.96435547
vt 0.38232422 0.96435547
vt 0.38232422 0.96435547
vt 0.38232422 0.96435547
vt 0.38232422 0.96435547
vt 0.38232422 0.96435547
vt 0.38232422 0.96435547
vt 0.38232422 0.96435547
vt 0.38232422 0.96435547
vt 0.38232422 0.96435547
vt 0.38232422 0.96435547
vt 0.38232422 0.96435547
vt 0.38232422 0.96435547
vt 0.38232422 0.96435547
vt 0.38232422 0.96435547
vt 0.38232422 0.96435547
vt 0.38232422 0.96435547
vt 0.38232422 0.96435547
vt 0.38232422 0.96435547
vt 0.38232422 0.96435547
vt 0.38232422 0.96435547
vt 0.38232422 0.96435547
vt 0.38232422 0.96435547
vt 0.38232422 0.96435547
vt 0.38232422 0.96435547
vt 0.38232422 0.96435547
vt 0.38232422 0.96435547
vt 0.38232422 0.96435547
vt 0.38232422 0.96435547
vt 0.38232422 0.96435547
vt 0.38232422 0.96435547
vt 0.38232422 0.96435547
vt 0.38232422 0.96435547
vt 0.38232422 0.96435547
vt 0.38232422 0.96435547
vt 0.38232422 0.96435547
vt 0.38232422 0.96435547
vt 0.38232422 0.96435547
vt 0.38232422 0.96435547
vt 0.38232422 0.96435547
vt 0.38232422 0.96435547
vt 0.38232422 0.96435547
vt 0.38232422 0.96435547
vt 0.38232422 0.96435547
vt 0.38232422 0.96435547
vt 0.38232422 0.96435547
vt 0.38232422 0.96435547
vt 0.38232422 0.96435547
vt 0.38232422 0.96435547
vt 0.38232422 0.96435547
vt 0.38232422 0.96435547
vt 0.38232422 0.96435547
vt 0.38232422 0.96435547
vt 0.38232422 0.96435547
vt 0.38232422 0.96435547
vt 0.38232422 0.96435547
vt 0.38232422 0.96435547
vt 0.38232422 0.96435547
vt 0.38232422 0.96435547
vt 0.38232422 0.96435547
vt 0.38232422 0.96435547
vt 0.38232422 0.96435547
vt 0.38232422 0.96435547
vt 0.38232422 0.96435547
vt 0.38232422 0.96435547
vt 0.38232422 0.96435547
vt 0.38232422 0.96435547
vt 0.38232422 0.96435547
vt 0.38232422 0.96435547
vt 0.38232422 0.96435547
vt 0.38232422 0.96435547
vt 0.38232422 0.96435547
vt 0.38232422 0.96435547
vt 0.38232422 0.96435547
vt 0.38232422 0.96435547
vt 0.38232422 0.96435547
vt 0.38232422 0.96435547
vt 0.38232422 0.96435547
vt 0.38232422 0.96435547
vt 0.38232422 0.96435547
vt 0.38232422 0.96435547
vt 0.38232422 0.96435547
vt 0.38232422 0.96435547
vt 0.38232422 0.96435547
vt 0.38232422 0.96435547
vt 0.38232422 0.96435547
vt 0.38232422 0.96435547
vt 0.38232422 0.96435547
vt 0.38232422 0.96435547
vt 0.38232422 0.96435547
vt 0.38232422 0.96435547
vt 0.38232422 0.96435547
vt 0.38232422 0.96435547
vt 0.38232422 0.96435547
vt 0.38232422 0.96435547
vt 0.38232422 0.96435547
vt 0.38232422 0.96435547
vt 0.38232422 0.96435547
vt 0.38232422 0.96435547
vt 0.38232422 0.96435547
vt 0.38232422 0.96435547
vt 0.38232422 0.96435547
vt 0.38232422 0.96435547
vt 0.38232422 0.96435547
vt 0.38232422 0.96435547
vt 0.38232422 0.96435547
vt 0.38232422 0.96435547
vt 0.38232422 0.96435547
vt 0.38232422 0.96435547
vt 0.38232422 0.96435547
vt 0.38232422 0.96435547
vt 0.38232422 0.96435547
vt 0.38232422 0.96435547
vt 0.38232422 0.96435547
vt 0.38232422 0.96435547
vt 0.38232422 0.96435547
vt 0.38232422 0.96435547
vt 0.38232422 0.96435547
vt 0.38232422 0.96435547
vt 0.38232422 0.96435547
vt 0.38232422 0.96435547
vt 0.38232422 0.96435547
vt 0.38232422 0.96435547
vt 0.38232422 0.96435547
vt 0.38232422 0.96435547
vt 0.38232422 0.96435547
vt 0.38232422 0.96435547
vt 0.38232422 0.96435547
vt 0.38232422 0.96435547
vt 0.38232422 0.96435547
vt 0.38232422 0.96435547
vt 0.38232422 0.96435547
vt 0.38232422 0.96435547
vt 0.38232422 0.96435547
vt 0.38232422 0.96435547
vt 0.38232422 0.96435547
vt 0.38232422 0.96435547
vt 0.38232422 0.96435547
vt 0.38232422 0.96435547
vt 0.38232422 0.96435547
vt 0.38232422 0.96435547
vt 0.08721924 0.8754883
vt 0.08721924 0.8754883
vt 0.08721924 0.8754883
vt 0.08721924 0.8754883
vt 0.08721924 0.8754883
vt 0.08721924 0.8754883
vt 0.08721924 0.8754883
vt 0.08721924 0.8754883
vt 0.08721924 0.8754883
vt 0.08721924 0.8754883
vt 0.08721924 0.8754883
vt 0.08721924 0.8754883
vt 0.08721924 0.8754883
vt 0.08721924 0.8754883
vt 0.08721924 0.8754883
vt 0.08721924 0.8754883
vt 0.08721924 0.8754883
vt 0.08721924 0.8754883
vt 0.08721924 0.8754883
vt 0.08721924 0.8754883
vt 0.3684082 0.9628906
vt 0.3684082 0.9628906
vt 0.3684082 0.9628906
vt 0.3684082 0.9628906
vt 0.3684082 0.9628906
vt 0.3684082 0.9628906
vt 0.3684082 0.9628906
vt 0.3684082 0.9628906
vt 0.3684082 0.9628906
vt 0.3684082 0.9628906
vt 0.3684082 0.9628906
vt 0.3684082 0.9628906
vt 0.08721924 0.8754883
vt 0.08721924 0.8754883
vt 0.08721924 0.8754883
vt 0.08721924 0.8754883
vt 0.08721924 0.8754883
vt 0.08721924 0.8754883
vt 0.08721924 0.8754883
vt 0.08721924 0.8754883
vt 0.08721924 0.8754883
vt 0.08721924 0.8754883
vt 0.08721924 0.8754883
vt 0.08721924 0.8754883
vt 0.08721924 0.8754883
vt 0.08721924 0.8754883
vt 0.08721924 0.8754883
vt 0.08721924 0.8754883
vt 0.08721924 0.8754883
vt 0.08721924 0.8754883
vt 0.062286377 0.8491211
vt 0.062286377 0.8491211
vt 0.062286377 0.8491211
vt 0.062286377 0.8491211
vt 0.062286377 0.8491211
vt 0.062286377 0.8491211
vt 0.062286377 0.8491211
vt 0.062286377 0.8491211
vt 0.062286377 0.8491211
vt 0.062286377 0.8491211
vt 0.062286377 0.8491211
vt 0.062286377 0.8491211
vt 0.062286377 0.8491211
vt 0.062286377 0.8491211
vt 0.062286377 0.8491211
vt 0.062286377 0.8491211
vt 0.062286377 0.8491211
vt 0.062286377 0.8491211
vt 0.090026855 0.8989258
vt 0.090026855 0.8989258
vt 0.090026855 0.8989258
vt 0.090026855 0.8989258
vt 0.090026855 0.8989258
vt 0.090026855 0.8989258
vt 0.090026855 0.8989258
vt 0.090026855 0.8989258
vt 0.090026855 0.8989258
vt 0.090026855 0.8989258
vt 0.090026855 0.8989258
vt 0.090026855 0.8989258
vt 0.090026855 0.8989258
vt 0.090026855 0.8989258
vt 0.090026855 0.8989258
vt 0.090026855 0.8989258
vt 0.090026855 0.8989258
vt 0.090026855 0.8989258
vt 0.090026855 0.8989258
vt 0.090026855 0.8989258
vt 0.092163086 0.921875
vt 0.092163086 0.921875
vt 0.092163086 0.921875
vt 0.092163086 0.921875
vt 0.092163086 0.921875
vt 0.092163086 0.921875
vt 0.092163086 0.921875
vt 0.092163086 0.921875
vt 0.092163086 0.921875
vt 0.092163086 0.921875
vt 0.090026855 0.8989258
vt 0.090026855 0.8989258
vt 0.090026855 0.8989258
vt 0.090026855 0.8989258
vt 0.092163086 0.921875
vt 0.092163086 0.921875
vt 0.092163086 0.921875
vt 0.092163086 0.921875
vt 0.092163086 0.921875
vt 0.092163086 0.921875
vt 0.092163086 0.921875
vt 0.092163086 0.921875
vt 0.092163086 0.921875
vt 0.092163086 0.921875
vt 0.090026855 0.8989258
vt 0.090026855 0.8989258
vt 0.090026855 0.8989258
vt 0.090026855 0.8989258
vt 0.090026855 0.8989258
vt 0.090026855 0.8989258
vt 0.090026855 0.8989258
vt 0.090026855 0.8989258
vt 0.090026855 0.8989258
vt 0.090026855 0.8989258
vt 0.090026855 0.8989258
vt 0.090026855 0.8989258
vt 0.090026855 0.8989258
vt 0.090026855 0.8989258
vt 0.090026855 0.8989258
vt 0.090026855 0.8989258
vt 0.090026855 0.8989258
vt 0.090026855 0.8989258
vt 0.090026855 0.8989258
vt 0.090026855 0.8989258
vt 0.090026855 0.8989258
vt 0.090026855 0.8989258
vt 0.090026855 0.8989258
vt 0.090026855 0.8989258
vt 0.090026855 0.8989258
vt 0.090026855 0.8989258
vt 0.090026855 0.8989258
vt 0.090026855 0.8989258
vt 0.090026855 0.8989258
vt 0.090026855 0.8989258
vt 0.090026855 0.8989258
vt 0.090026855 0.8989258
vt 0.090026855 0.8989258
vt 0.090026855 0.8989258
vt 0.090026855 0.8989258
vt 0.090026855 0.8989258
vt 0.090026855 0.8989258
vt 0.090026855 0.8989258
vt 0.090026855 0.8989258
vt 0.090026855 0.8989258
vt 0.090026855 0.8989258
vt 0.090026855 0.8989258
vt 0.090026855 0.8989258
vt 0.090026855 0.8989258
vt 0.090026855 0.8989258
vt 0.090026855 0.8989258
vt 0.090026855 0.8989258
vt 0.090026855 0.8989258
vt 0.090026855 0.8989258
vt 0.090026855 0.8989258
vt 0.090026855 0.8989258
vt 0.090026855 0.8989258
vt 0.090026855 0.8989258
vt 0.090026855 0.8989258
vt 0.090026855 0.8989258
vt 0.090026855 0.8989258
vt 0.3215332 0.9008789
vt 0.3215332 0.9008789
vt 0.3215332 0.9008789
vt 0.3215332 0.9008789
vt 0.3215332 0.9008789
vt 0.3215332 0.9008789
vt 0.3215332 0.9008789
vt 0.3215332 0.9008789
vt 0.3215332 0.9008789
vt 0.3215332 0.9008789
vt 0.3215332 0.9008789
vt 0.3215332 0.9008789
vt 0.3215332 0.9008789
vt 0.3215332 0.9008789
vt 0.3215332 0.9008789
vt 0.3215332 0.9008789
vt 0.3215332 0.9008789
vt 0.3215332 0.9008789
vt 0.3215332 0.9008789
vt 0.3215332 0.9008789
vt 0.3215332 0.9008789
vt 0.3215332 0.9008789
vt 0.3215332 0.9008789
vt 0.3215332 0.9008789
vt 0.3215332 0.9008789
vt 0.3215332 0.9008789
vt 0.3215332 0.9008789
vt 0.3215332 0.9008789
vt 0.3215332 0.9008789
vt 0.3215332 0.9008789
vt 0.3215332 0.9008789
vt 0.3215332 0.9008789
vt 0.3215332 0.9008789
vt 0.3215332 0.9008789
vt 0.3215332 0.9008789
vt 0.3215332 0.9008789
vt 0.3215332 0.9008789
vt 0.3215332 0.9008789
vt 0.3215332 0.9008789
vt 0.3215332 0.9008789
vt 0.3215332 0.9008789
vt 0.3215332 0.9008789
vt 0.3215332 0.9008789
vt 0.3215332 0.9008789
vt 0.3215332 0.9008789
vt 0.3215332 0.9008789
vt 0.3215332 0.9008789
vt 0.3215332 0.9008789
vt 0.3215332 0.9008789
vt 0.3215332 0.9008789
vt 0.3215332 0.9008789
vt 0.3215332 0.9008789
vt 0.3215332 0.9008789
vt 0.3215332 0.9008789
vt 0.3215332 0.9008789
vt 0.3215332 0.9008789
vt 0.3215332 0.9008789
vt 0.092163086 0.921875
vt 0.092163086 0.921875
vt 0.092163086 0.921875
vt 0.092163086 0.921875
vt 0.092163086 0.921875
vt 0.092163086 0.921875
vt 0.092163086 0.921875
vt 0.092163086 0.921875
vt 0.092163086 0.921875
vt 0.092163086 0.921875
vt 0.5371094 0.7705078
vt 0.5371094 0.7705078
vt 0.5371094 0.7705078
vt 0.5371094 0.7705078
vt 0.5371094 0.7705078
vt 0.5371094 0.7705078
vt 0.5371094 0.7705078
vt 0.5371094 0.7705078
vt 0.5371094 0.7705078
vt 0.5371094 0.7705078
vt 0.5371094 0.7705078
vt 0.5371094 0.7705078
vt 0.5371094 0.7705078
vt 0.5371094 0.7705078
vt 0.5371094 0.7705078
vt 0.5371094 0.7705078
vt 0.5371094 0.7705078
vt 0.5371094 0.7705078
vt 0.5371094 0.7705078
vt 0.5371094 0.7705078
vt 0.5371094 0.7705078
vt 0.5371094 0.7705078
vt 0.5371094 0.7705078
vt 0.5371094 0.7705078
vt 0.5371094 0.7705078
vt 0.5371094 0.7705078
vt 0.5371094 0.7705078
vt 0.5371094 0.7705078
vt 0.5371094 0.7705078
vt 0.5371094 0.7705078
vt 0.5371094 0.7705078
vt 0.5371094 0.7705078
vt 0.5371094 0.7705078
vt 0.5371094 0.7705078
vt 0.5371094 0.7705078
vt 0.5371094 0.7705078
vt 0.5371094 0.7705078
vt 0.5371094 0.7705078
vt 0.5371094 0.7705078
vt 0.5371094 0.7705078
vt 0.5371094 0.7705078
vt 0.5371094 0.7705078
vt 0.5371094 0.7705078
vt 0.5371094 0.7705078
vt 0.5371094 0.7705078
vt 0.5371094 0.7705078
vt 0.5371094 0.7705078
vt 0.5371094 0.7705078
vt 0.5371094 0.7705078
vt 0.5371094 0.7705078
vt 0.5371094 0.7705078
vt 0.5371094 0.7705078
vt 0.5371094 0.7705078
vt 0.5371094 0.7705078
vt 0.5371094 0.7705078
vt 0.5371094 0.7705078
vt 0.5371094 0.7705078
vt 0.5371094 0.7705078
vt 0.5371094 0.7705078
vt 0.5371094 0.7705078
vt 0.5371094 0.7705078
vt 0.5371094 0.7705078
vt 0.5371094 0.7705078
vt 0.5371094 0.7705078
vt 0.5371094 0.7705078
vt 0.5371094 0.7705078
vt 0.5371094 0.7705078
vt 0.5371094 0.7705078
vt 0.5371094 0.7705078
vt 0.5371094 0.7705078
vt 0.35473633 0.96728516
vt 0.35473633 0.96728516
vt 0.35473633 0.96728516
vt 0.35473633 0.96728516
vt 0.35473633 0.96728516
vt 0.35473633 0.96728516
vt 0.35473633 0.96728516
vt 0.35473633 0.96728516
vt 0.35473633 0.96728516
vt 0.35473633 0.96728516
vt 0.35473633 0.96728516
vt 0.35473633 0.96728516
vt 0.35473633 0.96728516
vt 0.35473633 0.96728516
vt 0.35473633 0.96728516
vt 0.35473633 0.96728516
vt 0.35473633 0.96728516
vt 0.35473633 0.96728516
vt 0.35473633 0.96728516
vt 0.35473633 0.96728516
vt 0.35473633 0.96728516
vt 0.35473633 0.96728516
vt 0.35473633 0.96728516
vt 0.35473633 0.96728516
vt 0.35473633 0.96728516
vt 0.35473633 0.96728516
vt 0.35473633 0.96728516
vt 0.35473633 0.96728516
vt 0.35473633 0.96728516
vt 0.35473633 0.96728516
vt 0.35473633 0.96728516
vt 0.35473633 0.96728516
vt 0.35473633 0.96728516
vt 0.35473633 0.96728516
vt 0.35473633 0.96728516
vt 0.35473633 0.96728516
vt 0.35473633 0.96728516
vt 0.35473633 0.96728516
vt 0.35473633 0.96728516
vt 0.35473633 0.96728516
vt 0.35473633 0.96728516
vt 0.35473633 0.96728516
vt 0.35473633 0.96728516
vt 0.35473633 0.96728516
vt 0.35473633 0.96728516
vt 0.35473633 0.96728516
vt 0.35473633 0.96728516
vt 0.35473633 0.96728516
vt 0.35473633 0.96728516
vt 0.35473633 0.96728516
vt 0.35473633 0.96728516
vt 0.35473633 0.96728516
vt 0.35473633 0.96728516
vt 0.35473633 0.96728516
vt 0.35473633 0.96728516
vt 0.35473633 0.96728516
vt 0.35473633 0.96728516
vt 0.35473633 0.96728516
vt 0.35473633 0.96728516
vt 0.35473633 0.96728516
vt 0.35473633 0.96728516
vt 0.35473633 0.96728516
vt 0.35473633 0.96728516
vt 0.35473633 0.96728516
vt 0.35473633 0.96728516
vt 0.35473633 0.96728516
vt 0.35473633 0.96728516
vt 0.35473633 0.96728516
vt 0.35473633 0.96728516
vt 0.35473633 0.96728516
vt 0.35473633 0.96728516
vt 0.35473633 0.96728516
vt 0.35473633 0.96728516
vt 0.35473633 0.96728516
vt 0.35473633 0.96728516
vt 0.52734375 0.77978516
vt 0.52734375 0.77978516
vt 0.52734375 0.77978516
vt 0.52734375 0.77978516
vt 0.52734375 0.77978516
vt 0.52734375 0.77978516
vt 0.52734375 0.77978516
vt 0.52734375 0.77978516
vt 0.52734375 0.77978516
vt 0.52734375 0.77978516
vt 0.52734375 0.77978516
vt 0.52734375 0.77978516
vt 0.52734375 0.77978516
vt 0.52734375 0.77978516
vt 0.52734375 0.77978516
vt 0.52734375 0.77978516
vt 0.52734375 0.77978516
vt 0.52734375 0.77978516
vt 0.52734375 0.77978516
vt 0.52734375 0.77978516
vt 0.52734375 0.77978516
vt 0.52734375 0.77978516
vt 0.52734375 0.77978516
vt 0.52734375 0.77978516
vt 0.52734375 0.77978516
vt 0.52734375 0.77978516
vt 0.3413086 0.8979492
vt 0.3413086 0.8979492
vt 0.3413086 0.8979492
vt 0.3413086 0.8979492
vt 0.3413086 0.8979492
vt 0.3413086 0.8979492
vt 0.3413086 0.8979492
vt 0.3413086 0.8979492
vt 0.3413086 0.8979492
vt 0.3413086 0.8979492
vt 0.3413086 0.8979492
vt 0.3413086 0.8979492
vt 0.3413086 0.8979492
vt 0.3413086 0.8979492
vt 0.3413086 0.8979492
vt 0.3413086 0.8979492
vt 0.3413086 0.8979492
vt 0.3413086 0.8979492
vt 0.3413086 0.8979492
vt 0.3413086 0.8979492
vt 0.3413086 0.8979492
vt 0.3413086 0.8979492
vt 0.3413086 0.8979492
vt 0.3413086 0.8979492
vt 0.3413086 0.8979492
vt 0.3413086 0.8979492
vt 0.3413086 0.8979492
vt 0.3413086 0.8979492
vt 0.3413086 0.8979492
vt 0.3413086 0.8979492
vt 0.3413086 0.8979492
vt 0.3413086 0.8979492
vt 0.53466797 0.7807617
vt 0.53466797 0.7807617
vt 0.53466797 0.7807617
vt 0.53466797 0.7807617
vt 0.53466797 0.7807617
vt 0.53466797 0.7807617
vt 0.53466797 0.7807617
vt 0.53466797 0.7807617
vt 0.53466797 0.7807617
vt 0.53466797 0.7807617
vt 0.53466797 0.7807617
vt 0.53466797 0.7807617
vt 0.53466797 0.7807617
vt 0.53466797 0.7807617
vt 0.53466797 0.7807617
vt 0.53466797 0.7807617
vt 0.53466797 0.7807617
vt 0.53466797 0.7807617
vt 0.53466797 0.7807617
vt 0.53466797 0.7807617
vt 0.53466797 0.7807617
vt 0.53466797 0.7807617
vt 0.53466797 0.7807617
vt 0.53466797 0.7807617
vt 0.53466797 0.7807617
vt 0.53466797 0.7807617
vt 0.53466797 0.7807617
vt 0.53466797 0.7807617
vt 0.53466797 0.7807617
vt 0.53466797 0.7807617
vt 0.5258789 0.77783203
vt 0.5258789 0.77783203
vt 0.5258789 0.77783203
vt 0.5258789 0.77783203
vt 0.5258789 0.77783203
vt 0.5258789 0.77783203
vt 0.5258789 0.77783203
vt 0.5258789 0.77783203
vt 0.5258789 0.77783203
vt 0.5258789 0.77783203
vt 0.5258789 0.77783203
vt 0.5258789 0.77783203
vt 0.5258789 0.77783203
vt 0.5258789 0.77783203
vt 0.5258789 0.77783203
vt 0.5258789 0.77783203
vt 0.5258789 0.77783203
vt 0.5258789 0.77783203
vt 0.5258789 0.77783203
vt 0.5258789 0.77783203
vt 0.5258789 0.77783203
vt 0.5258789 0.77783203
vt 0.5258789 0.77783203
vt 0.5258789 0.77783203
vt 0.5258789 0.77783203
vt 0.5258789 0.77783203
vt 0.5258789 0.77783203
vt 0.5258789 0.77783203
vt 0.5258789 0.77783203
vt 0.5258789 0.77783203
vt 0.5258789 0.77783203
vt 0.5258789 0.77783203
vt 0.5258789 0.77783203
vt 0.5258789 0.77783203
vt 0.5258789 0.77783203
vt 0.5258789 0.77783203
vt 0.5258789 0.77783203
vt 0.5258789 0.77783203
vt 0.5258789 0.77783203
vt 0.5258789 0.77783203
vt 0.5258789 0.77783203
vt 0.5258789 0.77783203
vt 0.5258789 0.77783203
vt 0.5258789 0.77783203
vt 0.5258789 0.77783203
vt 0.5258789 0.77783203
vt 0.5258789 0.77783203
vt 0.5258789 0.77783203
vt 0.5258789 0.77783203
vt 0.5258789 0.77783203
vt 0.08721924 0.8754883
vt 0.08721924 0.8754883
vt 0.08721924 0.8754883
vt 0.08721924 0.8754883
vt 0.08721924 0.8754883
vt 0.08721924 0.8754883
vt 0.08721924 0.8754883
vt 0.08721924 0.8754883
vt 0.08721924 0.8754883
vt 0.08721924 0.8754883
vt 0.08721924 0.8754883
vt 0.08721924 0.8754883
vt 0.08721924 0.8754883
vt 0.08721924 0.8754883
vt 0.08721924 0.8754883
vt 0.090026855 0.8989258
vt 0.090026855 0.8989258
vt 0.090026855 0.8989258
vt 0.090026855 0.8989258
vt 0.090026855 0.8989258
vt 0.090026855 0.8989258
vt 0.090026855 0.8989258
vt 0.090026855 0.8989258
vt 0.090026855 0.8989258
vt 0.090026855 0.8989258
vt 0.090026855 0.8989258
vt 0.090026855 0.8989258
vt 0.090026855 0.8989258
vt 0.090026855 0.8989258
vt 0.090026855 0.8989258
vt 0.090026855 0.8989258
vt 0.090026855 0.8989258
vt 0.090026855 0.8989258
vt 0.090026855 0.8989258
vt 0.090026855 0.8989258
vt 0.092163086 0.921875
vt 0.092163086 0.921875
vt 0.092163086 0.921875
vt 0.092163086 0.921875
vt 0.092163086 0.921875
vt 0.092163086 0.921875
vt 0.092163086 0.921875
vt 0.092163086 0.921875
vt 0.092163086 0.921875
vt 0.092163086 0.921875
vt 0.090026855 0.8989258
vt 0.090026855 0.8989258
vt 0.090026855 0.8989258
vt 0.090026855 0.8989258
vt 0.092163086 0.921875
vt 0.092163086 0.921875
vt 0.092163086 0.921875
vt 0.092163086 0.921875
vt 0.092163086 0.921875
vt 0.092163086 0.921875
vt 0.092163086 0.921875
vt 0.092163086 0.921875
vt 0.092163086 0.921875
vt 0.092163086 0.921875
vt 0.090026855 0.8989258
vt 0.090026855 0.8989258
vt 0.090026855 0.8989258
vt 0.090026855 0.8989258
vt 0.090026855 0.8989258
vt 0.090026855 0.8989258
vt 0.090026855 0.8989258
vt 0.090026855 0.8989258
vt 0.090026855 0.8989258
vt 0.090026855 0.8989258
vt 0.090026855 0.8989258
vt 0.090026855 0.8989258
vt 0.090026855 0.8989258
vt 0.090026855 0.8989258
vt 0.090026855 0.8989258
vt 0.090026855 0.8989258
vt 0.090026855 0.8989258
vt 0.090026855 0.8989258
vt 0.090026855 0.8989258
vt 0.090026855 0.8989258
vt 0.090026855 0.8989258
vt 0.090026855 0.8989258
vt 0.090026855 0.8989258
vt 0.090026855 0.8989258
vt 0.090026855 0.8989258
vt 0.090026855 0.8989258
vt 0.090026855 0.8989258
vt 0.090026855 0.8989258
vt 0.090026855 0.8989258
vt 0.090026855 0.8989258
vt 0.090026855 0.8989258
vt 0.090026855 0.8989258
vt 0.090026855 0.8989258
vt 0.090026855 0.8989258
vt 0.090026855 0.8989258
vt 0.090026855 0.8989258
vt 0.090026855 0.8989258
vt 0.090026855 0.8989258
vt 0.090026855 0.8989258
vt 0.090026855 0.8989258
vt 0.090026855 0.8989258
vt 0.090026855 0.8989258
vt 0.090026855 0.8989258
vt 0.090026855 0.8989258
vt 0.090026855 0.8989258
vt 0.090026855 0.8989258
vt 0.090026855 0.8989258
vt 0.090026855 0.8989258
vt 0.090026855 0.8989258
vt 0.090026855 0.8989258
vt 0.090026855 0.8989258
vt 0.090026855 0.8989258
vt 0.090026855 0.8989258
vt 0.090026855 0.8989258
vt 0.090026855 0.8989258
vt 0.090026855 0.8989258
vt 0.3215332 0.9008789
vt 0.3215332 0.9008789
vt 0.3215332 0.9008789
vt 0.3215332 0.9008789
vt 0.092163086 0.921875
vt 0.092163086 0.921875
vt 0.092163086 0.921875
vt 0.092163086 0.921875
vt 0.092163086 0.921875
vt 0.092163086 0.921875
vt 0.092163086 0.921875
vt 0.092163086 0.921875
vt 0.092163086 0.921875
vt 0.092163086 0.921875
vt 0.52734375 0.77978516
vt 0.52734375 0.77978516
vt 0.52734375 0.77978516
vt 0.52734375 0.77978516
vt 0.52734375 0.77978516
vt 0.52734375 0.77978516
vt 0.52734375 0.77978516
vt 0.52734375 0.77978516
vt 0.52734375 0.77978516
vt 0.52734375 0.77978516
vt 0.52734375 0.77978516
vt 0.52734375 0.77978516
vt 0.52734375 0.77978516
vt 0.52734375 0.77978516
vt 0.52734375 0.77978516
vt 0.52734375 0.77978516
vt 0.52734375 0.77978516
vt 0.52734375 0.77978516
vt 0.52734375 0.77978516
vt 0.52734375 0.77978516
vt 0.52734375 0.77978516
vt 0.52734375 0.77978516
vt 0.52734375 0.77978516
vt 0.52734375 0.77978516
vt 0.52734375 0.77978516
vt 0.52734375 0.77978516
vt 0.3413086 0.8979492
vt 0.3413086 0.8979492
vt 0.3413086 0.8979492
vt 0.3413086 0.8979492
vt 0.3413086 0.8979492
vt 0.3413086 0.8979492
vt 0.3413086 0.8979492
vt 0.3413086 0.8979492
vt 0.3413086 0.8979492
vt 0.3413086 0.8979492
vt 0.3413086 0.8979492
vt 0.3413086 0.8979492
vt 0.3413086 0.8979492
vt 0.3413086 0.8979492
vt 0.3413086 0.8979492
vt 0.3413086 0.8979492
vt 0.3413086 0.8979492
vt 0.3413086 0.8979492
vt 0.3413086 0.8979492
vt 0.3413086 0.8979492
vt 0.3413086 0.8979492
vt 0.3413086 0.8979492
vt 0.3413086 0.8979492
vt 0.3413086 0.8979492
vt 0.3413086 0.8979492
vt 0.3413086 0.8979492
vt 0.3413086 0.8979492
vt 0.3413086 0.8979492
vt 0.3413086 0.8979492
vt 0.3413086 0.8979492
vt 0.3413086 0.8979492
vt 0.3413086 0.8979492
vt 0.5366211 0.77978516
vt 0.5366211 0.77978516
vt 0.5366211 0.77978516
vt 0.5366211 0.77978516
vt 0.5366211 0.77978516
vt 0.5366211 0.77978516
vt 0.5366211 0.77978516
vt 0.5366211 0.77978516
vt 0.5366211 0.77978516
vt 0.5366211 0.77978516
vt 0.5366211 0.77978516
vt 0.5366211 0.77978516
vt 0.5366211 0.77978516
vt 0.5366211 0.77978516
vt 0.5366211 0.77978516
vt 0.5366211 0.77978516
vt 0.5366211 0.77978516
vt 0.5366211 0.77978516
vt 0.5366211 0.77978516
vt 0.5366211 0.77978516
vt 0.5366211 0.77978516
vt 0.5366211 0.77978516
vt 0.5366211 0.77978516
vt 0.5366211 0.77978516
vt 0.5366211 0.77978516
vt 0.5366211 0.77978516
vt 0.5366211 0.77978516
vt 0.5366211 0.77978516
vt 0.5366211 0.77978516
vt 0.5366211 0.77978516
vt 0.090026855 0.8989258
vt 0.090026855 0.8989258
vt 0.090026855 0.8989258
vt 0.090026855 0.8989258
vt 0.090026855 0.8989258
vt 0.090026855 0.8989258
vt 0.090026855 0.8989258
vt 0.090026855 0.8989258
vt 0.090026855 0.8989258
vt 0.090026855 0.8989258
vt 0.090026855 0.8989258
vt 0.090026855 0.8989258
vt 0.090026855 0.8989258
vt 0.090026855 0.8989258
vt 0.090026855 0.8989258
vt 0.090026855 0.8989258
vt 0.090026855 0.8989258
vt 0.090026855 0.8989258
vt 0.090026855 0.8989258
vt 0.090026855 0.8989258
vt 0.090026855 0.8989258
vt 0.090026855 0.8989258
vt 0.090026855 0.8989258
vt 0.090026855 0.8989258
vt 0.090026855 0.8989258
vt 0.090026855 0.8989258
vt 0.090026855 0.8989258
vt 0.090026855 0.8989258
vt 0.090026855 0.8989258
vt 0.090026855 0.8989258
vt 0.090026855 0.8989258
vt 0.090026855 0.8989258
vt 0.090026855 0.8989258
vt 0.090026855 0.8989258
vt 0.090026855 0.8989258
vt 0.090026855 0.8989258
vt 0.090026855 0.8989258
vt 0.090026855 0.8989258
vt 0.090026855 0.8989258
vt 0.090026855 0.8989258
vt 0.38232422 0.96435547
vt 0.38232422 0.96435547
vt 0.38232422 0.96435547
vt 0.38232422 0.96435547
vt 0.38232422 0.96435547
vt 0.38232422 0.96435547
vt 0.38232422 0.96435547
vt 0.38232422 0.96435547
vt 0.38232422 0.96435547
vt 0.38232422 0.96435547
vt 0.38232422 0.96435547
vt 0.38232422 0.96435547
vt 0.38232422 0.96435547
vt 0.38232422 0.96435547
vt 0.38232422 0.96435547
vt 0.38232422 0.96435547
vt 0.38232422 0.96435547
vt 0.38232422 0.96435547
vt 0.38232422 0.96435547
vt 0.38232422 0.96435547
vt 0.38232422 0.96435547
vt 0.38232422 0.96435547
vt 0.38232422 0.96435547
vt 0.38232422 0.96435547
vt 0.38232422 0.96435547
vt 0.38232422 0.96435547
vt 0.38232422 0.96435547
vt 0.38232422 0.96435547
vt 0.38232422 0.96435547
vt 0.38232422 0.96435547
vt 0.38232422 0.96435547
vt 0.38232422 0.96435547
vt 0.38232422 0.96435547
vt 0.38232422 0.96435547
vt 0.38232422 0.96435547
vt 0.38232422 0.96435547
vt 0.38232422 0.96435547
vt 0.38232422 0.96435547
vt 0.38232422 0.96435547
vt 0.38232422 0.96435547
vt 0.38232422 0.96435547
vt 0.38232422 0.96435547
vt 0.38232422 0.96435547
vt 0.38232422 0.96435547
vt 0.38232422 0.96435547
vt 0.38232422 0.96435547
vt 0.38232422 0.96435547
vt 0.38232422 0.96435547
vt 0.38232422 0.96435547
vt 0.38232422 0.96435547
vt 0.38232422 0.96435547
vt 0.38232422 0.96435547
vt 0.38232422 0.96435547
vt 0.38232422 0.96435547
vt 0.38232422 0.96435547
vt 0.38232422 0.96435547
vt 0.38232422 0.96435547
vt 0.38232422 0.96435547
vt 0.38232422 0.96435547
vt 0.38232422 0.96435547
vt 0.38232422 0.96435547
vt 0.38232422 0.96435547
vt 0.38232422 0.96435547
vt 0.38232422 0.96435547
vt 0.38232422 0.96435547
vt 0.38232422 0.96435547
vt 0.38232422 0.96435547
vt 0.38232422 0.96435547
vt 0.38232422 0.96435547
vt 0.38232422 0.96435547
vt 0.38232422 0.96435547
vt 0.38232422 0.96435547
vt 0.38232422 0.96435547
vt 0.38232422 0.96435547
vt 0.38232422 0.96435547
vt 0.38232422 0.96435547
vt 0.38232422 0.96435547
vt 0.38232422 0.96435547
vt 0.38232422 0.96435547
vt 0.38232422 0.96435547
vt 0.38232422 0.96435547
vt 0.38232422 0.96435547
vt 0.38232422 0.96435547
vt 0.38232422 0.96435547
vt 0.4169922 0.98828125
vt 0.4169922 0.98828125
vt 0.4169922 0.98828125
vt 0.4169922 0.98828125
vt 0.4169922 0.98828125
vt 0.4169922 0.98828125
vt 0.4169922 0.98828125
vt 0.4169922 0.98828125
vt 0.4169922 0.98828125
vt 0.4169922 0.98828125
vt 0.4169922 0.98828125
vt 0.4169922 0.98828125
vt 0.4169922 0.98828125
vt 0.4169922 0.98828125
vt 0.4169922 0.98828125
vt 0.4169922 0.98828125
vt 0.4169922 0.98828125
vt 0.4169922 0.98828125
vt 0.4169922 0.98828125
vt 0.4169922 0.98828125
vt 0.4169922 0.98828125
vt 0.4169922 0.98828125
vt 0.4169922 0.98828125
vt 0.4169922 0.98828125
vt 0.4169922 0.98828125
vt 0.4169922 0.98828125
vt 0.4169922 0.98828125
vt 0.4169922 0.98828125
vt 0.4169922 0.98828125
vt 0.4169922 0.98828125
vt 0.4169922 0.98828125
vt 0.4169922 0.98828125
vt 0.4169922 0.98828125
vt 0.4169922 0.98828125
vt 0.4169922 0.98828125
vt 0.4169922 0.98828125
vt 0.4169922 0.98828125
vt 0.4169922 0.98828125
vt 0.4169922 0.98828125
vt 0.4169922 0.98828125
vt 0.4169922 0.98828125
vt 0.4169922 0.98828125
vt 0.4169922 0.98828125
vt 0.4169922 0.98828125
vt 0.4169922 0.98828125
vt 0.4169922 0.98828125
vt 0.4169922 0.98828125
vt 0.4169922 0.98828125
vt 0.4169922 0.98828125
vt 0.4169922 0.98828125
vt 0.4169922 0.98828125
vt 0.4169922 0.98828125
vt 0.4169922 0.98828125
vt 0.4169922 0.98828125
vt 0.4169922 0.98828125
vt 0.4169922 0.98828125
vt 0.4169922 0.98828125
vt 0.4169922 0.98828125
vt 0.4169922 0.98828125
vt 0.4169922 0.98828125
vt 0.4169922 0.98828125
vt 0.4169922 0.98828125
vt 0.4169922 0.98828125
vt 0.4169922 0.98828125
vt 0.4169922 0.98828125
vt 0.4169922 0.98828125
vt 0.4169922 0.98828125
vt 0.4169922 0.98828125
vt 0.4169922 0.98828125
vt 0.4169922 0.98828125
vt 0.4169922 0.98828125
vt 0.4169922 0.98828125
vt 0.4169922 0.98828125
vt 0.4169922 0.98828125
vt 0.4169922 0.98828125
vt 0.4169922 0.98828125
vt 0.4169922 0.98828125
vt 0.4169922 0.98828125
vt 0.4169922 0.98828125
vt 0.4169922 0.98828125
vt 0.4169922 0.98828125
vt 0.4169922 0.98828125
vt 0.4169922 0.98828125
vt 0.4169922 0.98828125
vt 0.4169922 0.98828125
vt 0.4169922 0.98828125
vt 0.4169922 0.98828125
vt 0.4169922 0.98828125
vt 0.4169922 0.98828125
vt 0.4169922 0.98828125
vt 0.4169922 0.98828125
vt 0.4169922 0.98828125
vt 0.4169922 0.98828125
vt 0.4169922 0.98828125
vt 0.4169922 0.98828125
vt 0.4169922 0.98828125
vt 0.4169922 0.98828125
vt 0.4169922 0.98828125
vt 0.4169922 0.98828125
vt 0.4169922 0.98828125
vt 0.4169922 0.98828125
vt 0.4169922 0.98828125
vt 0.4169922 0.98828125
vt 0.4169922 0.98828125
vt 0.4169922 0.98828125
vt 0.4169922 0.98828125
vt 0.4169922 0.98828125
vt 0.4169922 0.98828125
vt 0.4169922 0.98828125
vt 0.4169922 0.98828125
vt 0.4169922 0.98828125
vt 0.4169922 0.98828125
vt 0.4169922 0.98828125
vt 0.4169922 0.98828125
vt 0.4169922 0.98828125
vt 0.4169922 0.98828125
vt 0.4169922 0.98828125
vt 0.4169922 0.98828125
vt 0.4169922 0.98828125
vt 0.4169922 0.98828125
vt 0.4169922 0.98828125
vt 0.4169922 0.98828125
vt 0.4169922 0.98828125
vt 0.4169922 0.98828125
vt 0.4169922 0.98828125
vt 0.4169922 0.98828125
vt 0.4169922 0.98828125
vt 0.4169922 0.98828125
vt 0.4169922 0.98828125
vt 0.4169922 0.98828125
vt 0.4169922 0.98828125
vt 0.4169922 0.98828125
vt 0.4169922 0.98828125
vt 0.4169922 0.98828125
vt 0.4169922 0.98828125
vt 0.4169922 0.98828125
vt 0.4169922 0.98828125
vt 0.4169922 0.98828125
vt 0.4169922 0.98828125
vt 0.4169922 0.98828125
vt 0.4169922 0.98828125
vt 0.4169922 0.98828125
vt 0.4169922 0.98828125
vt 0.4169922 0.98828125
vt 0.4169922 0.98828125
vt 0.4169922 0.98828125
vt 0.4169922 0.98828125
vt 0.4169922 0.98828125
vt 0.4169922 0.98828125
vt 0.4169922 0.98828125
vt 0.4169922 0.98828125
vt 0.4169922 0.98828125
vt 0.4169922 0.98828125
vt 0.4169922 0.98828125
vt 0.4169922 0.98828125
vt 0.4169922 0.98828125
vt 0.4169922 0.98828125
vt 0.4169922 0.98828125
vt 0.4169922 0.98828125
vt 0.4169922 0.98828125
vt 0.4169922 0.98828125
vt 0.4169922 0.98828125
vt 0.4169922 0.98828125
vt 0.4169922 0.98828125
vt 0.4169922 0.98828125
vt 0.4169922 0.98828125
vt 0.4169922 0.98828125
vt 0.4169922 0.98828125
vt 0.4169922 0.98828125
vt 0.4169922 0.98828125
vt 0.4169922 0.98828125
vt 0.4169922 0.98828125
vt 0.4169922 0.98828125
vt 0.4169922 0.98828125
vt 0.4169922 0.98828125
vt 0.4169922 0.98828125
vt 0.4169922 0.98828125
vt 0.4169922 0.98828125
vt 0.4169922 0.98828125
vt 0.4169922 0.98828125
vt 0.4169922 0.98828125
vt 0.4169922 0.98828125
vt 0.4169922 0.98828125
vt 0.4169922 0.98828125
vt 0.4169922 0.98828125
vt 0.4169922 0.98828125
vt 0.4169922 0.98828125
vt 0.4169922 0.98828125
vt 0.4169922 0.98828125
vt 0.4169922 0.98828125
vt 0.4169922 0.98828125
vt 0.4169922 0.98828125
vt 0.4169922 0.98828125
vt 0.4169922 0.98828125
vt 0.4169922 0.98828125
vt 0.4169922 0.98828125
vt 0.4169922 0.98828125
vt 0.4169922 0.98828125
vt 0.4169922 0.98828125
vt 0.4169922 0.98828125
vt 0.4169922 0.98828125
vt 0.4169922 0.98828125
vt 0.4169922 0.98828125
vt 0.4169922 0.98828125
vt 0.4169922 0.98828125
vt 0.4169922 0.98828125
vt 0.4169922 0.98828125
vt 0.4169922 0.98828125
vt 0.4169922 0.98828125
vt 0.4169922 0.98828125
vt 0.4169922 0.98828125
vt 0.4169922 0.98828125
vt 0.4169922 0.98828125
vt 0.4169922 0.98828125
vt 0.4169922 0.98828125
vt 0.4169922 0.98828125
vt 0.4169922 0.98828125
vt 0.4169922 0.98828125
vt 0.4169922 0.98828125
vt 0.4169922 0.98828125
vt 0.4169922 0.98828125
vt 0.4169922 0.98828125
vt 0.4169922 0.98828125
vt 0.4169922 0.98828125
vt 0.4169922 0.98828125
vt 0.4169922 0.98828125
vt 0.4169922 0.98828125
vt 0.4169922 0.98828125
vt 0.4169922 0.98828125
vt 0.4169922 0.98828125
vt 0.4169922 0.98828125
vt 0.4169922 0.98828125
vt 0.4169922 0.98828125
vt 0.4169922 0.98828125
vt 0.4169922 0.98828125
vt 0.4169922 0.98828125
vt 0.4169922 0.98828125
vt 0.4169922 0.98828125
vt 0.4169922 0.98828125
vt 0.4169922 0.98828125
vt 0.4169922 0.98828125
vt 0.4169922 0.98828125
vt 0.4169922 0.98828125
vt 0.4169922 0.98828125
vt 0.4169922 0.98828125
vt 0.4169922 0.98828125
vt 0.4169922 0.98828125
vt 0.4169922 0.98828125
vt 0.4169922 0.98828125
vt 0.4169922 0.98828125
vt 0.4169922 0.98828125
vt 0.4169922 0.98828125
vt 0.4169922 0.98828125
vt 0.4169922 0.98828125
vt 0.4169922 0.98828125
vt 0.4169922 0.98828125
vt 0.4169922 0.98828125
vt 0.4169922 0.98828125
vt 0.4169922 0.98828125
vt 0.4169922 0.98828125
vt 0.4169922 0.98828125
vt 0.4169922 0.98828125
vt 0.4169922 0.98828125
vt 0.4169922 0.98828125
vt 0.4169922 0.98828125
vt 0.4169922 0.98828125
vt 0.4169922 0.98828125
vt 0.4169922 0.98828125
vt 0.4169922 0.98828125
vt 0.4169922 0.98828125
vt 0.4169922 0.98828125
vt 0.4169922 0.98828125
vt 0.4169922 0.98828125
vt 0.4169922 0.98828125
vt 0.4169922 0.98828125
vt 0.4169922 0.98828125
vt 0.4169922 0.98828125
vt 0.4169922 0.98828125
vt 0.4169922 0.98828125
vt 0.4169922 0.98828125
vt 0.4169922 0.98828125
vt 0.4169922 0.98828125
vt 0.4169922 0.98828125
vt 0.4169922 0.98828125
vt 0.4169922 0.98828125
vt 0.4169922 0.98828125
vt 0.4169922 0.98828125
vt 0.4169922 0.98828125
vt 0.4169922 0.98828125
vt 0.4169922 0.98828125
vt 0.4169922 0.98828125
vt 0.4169922 0.98828125
vt 0.4169922 0.98828125
vt 0.4169922 0.98828125
vt 0.4169922 0.98828125
vt 0.4169922 0.98828125
vt 0.4169922 0.98828125
vt 0.4169922 0.98828125
vt 0.4169922 0.98828125
vt 0.4169922 0.98828125
vt 0.4169922 0.98828125
vt 0.4169922 0.98828125
vt 0.4169922 0.98828125
vt 0.4169922 0.98828125
vt 0.4169922 0.98828125
vt 0.4169922 0.98828125
vt 0.4169922 0.98828125
vt 0.4169922 0.98828125
vt 0.4169922 0.98828125
vt 0.4169922 0.98828125
vt 0.4169922 0.98828125
vt 0.4169922 0.98828125
vt 0.4169922 0.98828125
vt 0.4169922 0.98828125
vt 0.4169922 0.98828125
vt 0.4169922 0.98828125
vt 0.4169922 0.98828125
vt 0.4169922 0.98828125
vt 0.4169922 0.98828125
vt 0.4169922 0.98828125
vt 0.4169922 0.98828125
vt 0.4169922 0.98828125
vt 0.4169922 0.98828125
vt 0.4169922 0.98828125
vt 0.4169922 0.98828125
vt 0.4169922 0.98828125
vt 0.4169922 0.98828125
vt 0.4169922 0.98828125
vt 0.4169922 0.98828125
vt 0.4169922 0.98828125
vt 0.4169922 0.98828125
vt 0.4169922 0.98828125
vt 0.4169922 0.98828125
vt 0.4169922 0.98828125
vt 0.4169922 0.98828125
vt 0.4169922 0.98828125
vt 0.4169922 0.98828125
vt 0.4169922 0.98828125
vt 0.4169922 0.98828125
vt 0.4169922 0.98828125
vt 0.4169922 0.98828125
vt 0.4169922 0.98828125
vt 0.4169922 0.98828125
vt 0.4169922 0.98828125
vt 0.4169922 0.98828125
vt 0.4169922 0.98828125
vt 0.4169922 0.98828125
vt 0.4169922 0.98828125
vt 0.4169922 0.98828125
vt 0.4169922 0.98828125
vt 0.08087158 0.8496094
vt 0.08087158 0.8496094
vt 0.08087158 0.8496094
vt 0.08087158 0.8496094
vt 0.08087158 0.8496094
vt 0.08087158 0.8496094
vt 0.08087158 0.8496094
vt 0.08087158 0.8496094
vt 0.08087158 0.8496094
vt 0.08087158 0.8496094
vt 0.08087158 0.8496094
vt 0.08087158 0.8496094
vt 0.08087158 0.8496094
vt 0.08087158 0.8496094
vt 0.08087158 0.8496094
vt 0.08087158 0.8496094
vt 0.08087158 0.8496094
vt 0.08087158 0.8496094
vt 0.08087158 0.8496094
vt 0.08087158 0.8496094
vt 0.08087158 0.8496094
vt 0.08087158 0.8496094
vt 0.08087158 0.8496094
vt 0.08087158 0.8496094
vt 0.08087158 0.8496094
vt 0.08087158 0.8496094
vt 0.08087158 0.8496094
vt 0.08087158 0.8496094
vt 0.08087158 0.8496094
vt 0.08087158 0.8496094
vt 0.08087158 0.8496094
vt 0.08087158 0.8496094
vt 0.08087158 0.8496094
vt 0.08087158 0.8496094
vt 0.08087158 0.8496094
vt 0.08087158 0.8496094
vt 0.08087158 0.8496094
vt 0.08087158 0.8496094
vt 0.08087158 0.8496094
vt 0.08087158 0.8496094
vt 0.08087158 0.8496094
vt 0.08087158 0.8496094
vt 0.08087158 0.8496094
vt 0.08087158 0.8496094
vt 0.08087158 0.8496094
vt 0.08087158 0.8496094
vt 0.08087158 0.8496094
vt 0.08087158 0.8496094
vt 0.08087158 0.8496094
vt 0.08087158 0.8496094
vt 0.08087158 0.8496094
vt 0.08087158 0.8496094
vt 0.08087158 0.8496094
vt 0.08087158 0.8496094
vt 0.08087158 0.8496094
vt 0.08087158 0.8496094
vt 0.08087158 0.8496094
vt 0.08087158 0.8496094
vt 0.08087158 0.8496094
vt 0.08087158 0.8496094
vt 0.08087158 0.8496094
vt 0.08087158 0.8496094
vt 0.08087158 0.8496094
vt 0.08087158 0.8496094
vt 0.08087158 0.8496094
vt 0.08087158 0.8496094
vt 0.08087158 0.8496094
vt 0.08087158 0.8496094
vt 0.08087158 0.8496094
vt 0.08087158 0.8496094
vt 0.08087158 0.8496094
vt 0.08087158 0.8496094
vt 0.08087158 0.8496094
vt 0.08087158 0.8496094
vt 0.08087158 0.8496094
vt 0.08087158 0.8496094
vt 0.08087158 0.8496094
vt 0.08087158 0.8496094
vt 0.08087158 0.8496094
vt 0.08087158 0.8496094
vt 0.08087158 0.8496094
vt 0.08087158 0.8496094
vt 0.08087158 0.8496094
vt 0.08087158 0.8496094
vt 0.08087158 0.8496094
vt 0.08087158 0.8496094
vt 0.3215332 0.9008789
vt 0.3215332 0.9008789
vt 0.3215332 0.9008789
vt 0.3215332 0.9008789
vt 0.3215332 0.9008789
vt 0.3215332 0.9008789
vt 0.3215332 0.9008789
vt 0.3215332 0.9008789
vt 0.3215332 0.9008789
vt 0.3215332 0.9008789
vt 0.3215332 0.9008789
vt 0.3215332 0.9008789
vt 0.3215332 0.9008789
vt 0.3215332 0.9008789
vt 0.3215332 0.9008789
vt 0.3215332 0.9008789
vt 0.3215332 0.9008789
vt 0.3215332 0.9008789
vt 0.3215332 0.9008789
vt 0.3215332 0.9008789
vt 0.3215332 0.9008789
vt 0.3215332 0.9008789
vt 0.3215332 0.9008789
vt 0.3215332 0.9008789
vt 0.3215332 0.9008789
vt 0.3215332 0.9008789
vt 0.3215332 0.9008789
vt 0.3215332 0.9008789
vt 0.3215332 0.9008789
vt 0.3215332 0.9008789
vt 0.3215332 0.9008789
vt 0.3215332 0.9008789
vt 0.3215332 0.9008789
vt 0.3215332 0.9008789
vt 0.3215332 0.9008789
vt 0.3215332 0.9008789
vt 0.3215332 0.9008789
vt 0.3215332 0.9008789
vt 0.3215332 0.9008789
vt 0.3215332 0.9008789
vt 0.3215332 0.9008789
vt 0.3215332 0.9008789
vt 0.3215332 0.9008789
vt 0.3215332 0.9008789
vt 0.3215332 0.9008789
vt 0.3215332 0.9008789
vt 0.3215332 0.9008789
vt 0.3215332 0.9008789
vt 0.3215332 0.9008789
vt 0.3215332 0.9008789
vt 0.3215332 0.9008789
vt 0.3215332 0.9008789
vt 0.3215332 0.9008789
vt 0.3215332 0.9008789
vt 0.3215332 0.9008789
vt 0.3215332 0.9008789
vt 0.3215332 0.9008789
vt 0.3215332 0.9008789
vt 0.3215332 0.9008789
vt 0.3215332 0.9008789
vt 0.3215332 0.9008789
vt 0.3215332 0.9008789
vt 0.3215332 0.9008789
vt 0.3215332 0.9008789
vt 0.3215332 0.9008789
vt 0.3215332 0.9008789
vt 0.3215332 0.9008789
vt 0.3215332 0.9008789
vt 0.3215332 0.9008789
vt 0.3215332 0.9008789
vt 0.3215332 0.9008789
vt 0.3215332 0.9008789
vt 0.3215332 0.9008789
vt 0.3215332 0.9008789
vt 0.3215332 0.9008789
vt 0.3215332 0.9008789
vt 0.3215332 0.9008789
vt 0.3215332 0.9008789
vt 0.3215332 0.9008789
vt 0.3215332 0.9008789
vt 0.3215332 0.9008789
vt 0.3215332 0.9008789
vt 0.3215332 0.9008789
vt 0.3215332 0.9008789
vt 0.3215332 0.9008789
vt 0.3215332 0.9008789
vt 0.3215332 0.9008789
vt 0.3215332 0.9008789
vt 0.3215332 0.9008789
vt 0.3215332 0.9008789
vt 0.3215332 0.9008789
vt 0.3215332 0.9008789
vt 0.3215332 0.9008789
vt 0.3215332 0.9008789
vt 0.3215332 0.9008789
vt 0.3215332 0.9008789
vt 0.3215332 0.9008789
vt 0.3215332 0.9008789
vt 0.3215332 0.9008789
vt 0.3215332 0.9008789
vt 0.3215332 0.9008789
vt 0.3215332 0.9008789
vt 0.3215332 0.9008789
vt 0.3215332 0.9008789
vt 0.3215332 0.9008789
vt 0.3215332 0.9008789
vt 0.3215332 0.9008789
vt 0.3215332 0.9008789
vt 0.3215332 0.9008789
vt 0.3215332 0.9008789
vt 0.3215332 0.9008789
vt 0.3215332 0.9008789
vt 0.3215332 0.9008789
vt 0.3215332 0.9008789
vt 0.3215332 0.9008789
vt 0.3215332 0.9008789
vt 0.3215332 0.9008789
vt 0.3215332 0.9008789
vt 0.3215332 0.9008789
vt 0.3215332 0.9008789
vt 0.3215332 0.9008789
vt 0.3215332 0.9008789
vt 0.3215332 0.9008789
vt 0.3215332 0.9008789
vt 0.3215332 0.9008789
vt 0.3215332 0.9008789
vt 0.3215332 0.9008789
vt 0.3215332 0.9008789
vt 0.3215332 0.9008789
vt 0.3215332 0.9008789
vt 0.3215332 0.9008789
vt 0.3215332 0.9008789
vt 0.3215332 0.9008789
vt 0.3215332 0.9008789
vt 0.3215332 0.9008789
vt 0.090026855 0.8989258
vt 0.090026855 0.8989258
vt 0.090026855 0.8989258
vt 0.090026855 0.8989258
vt 0.090026855 0.8989258
vt 0.090026855 0.8989258
vt 0.090026855 0.8989258
vt 0.090026855 0.8989258
vt 0.090026855 0.8989258
vt 0.090026855 0.8989258
vt 0.090026855 0.8989258
vt 0.090026855 0.8989258
vt 0.090026855 0.8989258
vt 0.090026855 0.8989258
vt 0.090026855 0.8989258
vt 0.090026855 0.8989258
vt 0.090026855 0.8989258
vt 0.090026855 0.8989258
vt 0.090026855 0.8989258
vt 0.090026855 0.8989258
vt 0.090026855 0.8989258
vt 0.090026855 0.8989258
vt 0.090026855 0.8989258
vt 0.090026855 0.8989258
vt 0.090026855 0.8989258
vt 0.090026855 0.8989258
vt 0.090026855 0.8989258
vt 0.090026855 0.8989258
vt 0.090026855 0.8989258
vt 0.090026855 0.8989258
vt 0.090026855 0.8989258
vt 0.090026855 0.8989258
vt 0.090026855 0.8989258
vt 0.090026855 0.8989258
vt 0.090026855 0.8989258
vt 0.090026855 0.8989258
vt 0.090026855 0.8989258
vt 0.090026855 0.8989258
vt 0.090026855 0.8989258
vt 0.090026855 0.8989258
vt 0.34985352 0.78466797
vt 0.34985352 0.78466797
vt 0.34985352 0.78466797
vt 0.34985352 0.78466797
vt 0.34985352 0.78466797
vt 0.34985352 0.78466797
vt 0.34985352 0.78466797
vt 0.34985352 0.78466797
vt 0.34985352 0.78466797
vt 0.34985352 0.78466797
vt 0.34985352 0.78466797
vt 0.34985352 0.78466797
vt 0.34985352 0.78466797
vt 0.34985352 0.78466797
vt 0.34985352 0.78466797
vt 0.34985352 0.78466797
vt 0.34985352 0.78466797
vt 0.34985352 0.78466797
vt 0.34985352 0.78466797
vt 0.34985352 0.78466797
vt 0.34985352 0.78466797
vt 0.34985352 0.78466797
vt 0.34985352 0.78466797
vt 0.34985352 0.78466797
vt 0.34985352 0.78466797
vt 0.34985352 0.78466797
vt 0.34985352 0.78466797
vt 0.34985352 0.78466797
vt 0.34985352 0.78466797
vt 0.34985352 0.78466797
vt 0.34985352 0.78466797
vt 0.34985352 0.78466797
vt 0.34985352 0.78466797
vt 0.34985352 0.78466797
vt 0.34985352 0.78466797
vt 0.34985352 0.78466797
vt 0.34985352 0.78466797
vt 0.34985352 0.78466797
vt 0.34985352 0.78466797
vt 0.34985352 0.78466797
vt 0.34985352 0.78466797
vt 0.34985352 0.78466797
vt 0.34985352 0.78466797
vt 0.34985352 0.78466797
vt 0.34985352 0.78466797
vt 0.34985352 0.78466797
vt 0.34985352 0.78466797
vt 0.34985352 0.78466797
vt 0.34985352 0.78466797
vt 0.34985352 0.78466797
vt 0.34985352 0.78466797
vt 0.34985352 0.78466797
vt 0.34985352 0.78466797
vt 0.34985352 0.78466797
vt 0.34985352 0.78466797
vt 0.34985352 0.78466797
vt 0.34985352 0.78466797
vt 0.34985352 0.78466797
vt 0.34985352 0.78466797
vt 0.34985352 0.78466797
vt 0.34985352 0.78466797
vt 0.34985352 0.78466797
vt 0.34985352 0.78466797
vt 0.34985352 0.78466797
vt 0.34985352 0.78466797
vt 0.34985352 0.78466797
vt 0.34985352 0.78466797
vt 0.34985352 0.78466797
vt 0.34985352 0.78466797
vt 0.34985352 0.78466797
vt 0.34985352 0.78466797
vt 0.34985352 0.78466797
vt 0.34985352 0.78466797
vt 0.34985352 0.78466797
vt 0.34985352 0.78466797
vt 0.34985352 0.78466797
vt 0.34985352 0.78466797
vt 0.34985352 0.78466797
vt 0.34985352 0.78466797
vt 0.34985352 0.78466797
vt 0.34985352 0.78466797
vt 0.34985352 0.78466797
vt 0.34985352 0.78466797
vt 0.34985352 0.78466797
vt 0.34985352 0.78466797
vt 0.34985352 0.78466797
vt 0.34985352 0.78466797
vt 0.34985352 0.78466797
vt 0.34985352 0.78466797
vt 0.34985352 0.78466797
vt 0.34985352 0.78466797
vt 0.34985352 0.78466797
vt 0.34985352 0.78466797
vt 0.34985352 0.78466797
vt 0.34985352 0.78466797
vt 0.34985352 0.78466797
vt 0.34985352 0.78466797
vt 0.34985352 0.78466797
vt 0.34985352 0.78466797
vt 0.34985352 0.78466797
vt 0.34985352 0.78466797
vt 0.34985352 0.78466797
vt 0.34985352 0.78466797
vt 0.34985352 0.78466797
vt 0.34985352 0.78466797
vt 0.34985352 0.78466797
vt 0.34985352 0.78466797
vt 0.34985352 0.78466797
vt 0.34985352 0.78466797
vt 0.34985352 0.78466797
vt 0.34985352 0.78466797
vt 0.34985352 0.78466797
vt 0.5307617 0.7729492
vt 0.5307617 0.7729492
vt 0.5307617 0.7729492
vt 0.5307617 0.7729492
vt 0.5307617 0.7729492
vt 0.5307617 0.7729492
vt 0.5307617 0.7729492
vt 0.5307617 0.7729492
vt 0.5307617 0.7729492
vt 0.5307617 0.7729492
vt 0.5307617 0.7729492
vt 0.5307617 0.7729492
vt 0.5307617 0.7729492
vt 0.5307617 0.7729492
vt 0.5307617 0.7729492
vt 0.5307617 0.7729492
vt 0.5307617 0.7729492
vt 0.5307617 0.7729492
vt 0.5307617 0.7729492
vt 0.5307617 0.7729492
vt 0.5307617 0.7729492
vt 0.5307617 0.7729492
vt 0.5307617 0.7729492
vt 0.5307617 0.7729492
vt 0.5307617 0.7729492
vt 0.5307617 0.7729492
vt 0.5307617 0.7729492
vt 0.5307617 0.7729492
vt 0.5307617 0.7729492
vt 0.5307617 0.7729492
vt 0.5307617 0.7729492
vt 0.5307617 0.7729492
vt 0.5307617 0.7729492
vt 0.5307617 0.7729492
vt 0.5307617 0.7729492
vt 0.5307617 0.7729492
vt 0.5307617 0.7729492
vt 0.5307617 0.7729492
vt 0.5307617 0.7729492
vt 0.5307617 0.7729492
vt 0.5307617 0.7729492
vt 0.5307617 0.7729492
vt 0.5307617 0.7729492
vt 0.5307617 0.7729492
vt 0.5307617 0.7729492
vt 0.53466797 0.7807617
vt 0.53466797 0.7807617
vt 0.53466797 0.7807617
vt 0.53466797 0.7807617
vt 0.53466797 0.7807617
vt 0.53466797 0.7807617
vt 0.53466797 0.7807617
vt 0.53466797 0.7807617
vt 0.53466797 0.7807617
vt 0.53466797 0.7807617
vt 0.53466797 0.7807617
vt 0.53466797 0.7807617
vt 0.53466797 0.7807617
vt 0.53466797 0.7807617
vt 0.53466797 0.7807617
vt 0.53466797 0.7807617
vt 0.53466797 0.7807617
vt 0.53466797 0.7807617
vt 0.5366211 0.77978516
vt 0.5366211 0.77978516
vt 0.5366211 0.77978516
vt 0.5366211 0.77978516
vt 0.5366211 0.77978516
vt 0.5366211 0.77978516
vt 0.5366211 0.77978516
vt 0.5366211 0.77978516
vt 0.5366211 0.77978516
vt 0.5366211 0.77978516
vt 0.5366211 0.77978516
vt 0.5366211 0.77978516
vt 0.5366211 0.77978516
vt 0.5366211 0.77978516
vt 0.5366211 0.77978516
vt 0.5366211 0.77978516
vt 0.5366211 0.77978516
vt 0.5366211 0.77978516
vt 0.34204102 0.7866211
vt 0.34204102 0.7866211
vt 0.34204102 0.7866211
vt 0.34204102 0.7866211
vt 0.34204102 0.7866211
vt 0.34204102 0.7866211
vt 0.34204102 0.7866211
vt 0.34204102 0.7866211
vt 0.34204102 0.7866211
vt 0.34204102 0.7866211
vt 0.34204102 0.7866211
vt 0.34204102 0.7866211
vt 0.34204102 0.7866211
vt 0.34204102 0.7866211
vt 0.34204102 0.7866211
vt 0.34204102 0.7866211
vt 0.34204102 0.7866211
vt 0.34204102 0.7866211
vt 0.34204102 0.7866211
vt 0.34204102 0.7866211
vt 0.34204102 0.7866211
vt 0.34204102 0.7866211
vt 0.34204102 0.7866211
vt 0.34204102 0.7866211
vt 0.34204102 0.7866211
vt 0.34204102 0.7866211
vt 0.34204102 0.7866211
vt 0.34204102 0.7866211
vt 0.34204102 0.7866211
vt 0.34204102 0.7866211
vt 0.34204102 0.7866211
vt 0.34204102 0.7866211
vt 0.34204102 0.7866211
vt 0.34204102 0.7866211
vt 0.34204102 0.7866211
vt 0.34204102 0.7866211
vt 0.34204102 0.7866211
vt 0.34204102 0.7866211
vt 0.34204102 0.7866211
vt 0.34204102 0.7866211
vt 0.34204102 0.7866211
vt 0.34204102 0.7866211
vt 0.34204102 0.7866211
vt 0.34204102 0.7866211
vt 0.34204102 0.7866211
vt 0.34204102 0.7866211
vt 0.34204102 0.7866211
vt 0.34204102 0.7866211
vt 0.34204102 0.7866211
vt 0.34204102 0.7866211
vt 0.34204102 0.7866211
vt 0.34204102 0.7866211
vt 0.34204102 0.7866211
vt 0.34204102 0.7866211
vt 0.34204102 0.7866211
vt 0.34204102 0.7866211
vt 0.34204102 0.7866211
vt 0.34204102 0.7866211
vt 0.34204102 0.7866211
vt 0.34204102 0.7866211
vt 0.34204102 0.7866211
vt 0.34204102 0.7866211
vt 0.34204102 0.7866211
vt 0.34204102 0.7866211
vt 0.34204102 0.7866211
vt 0.34204102 0.7866211
vt 0.34204102 0.7866211
vt 0.34204102 0.7866211
vt 0.34204102 0.7866211
vt 0.34204102 0.7866211
vt 0.34204102 0.7866211
vt 0.34204102 0.7866211
vt 0.34204102 0.7866211
vt 0.34204102 0.7866211
vt 0.34204102 0.7866211
vt 0.34204102 0.7866211
vt 0.34204102 0.7866211
vt 0.34204102 0.7866211
vt 0.34204102 0.7866211
vt 0.34204102 0.7866211
vt 0.34204102 0.7866211
vt 0.34204102 0.7866211
vt 0.34204102 0.7866211
vt 0.34204102 0.7866211
vt 0.34204102 0.7866211
vt 0.34204102 0.7866211
vt 0.34204102 0.7866211
vt 0.34204102 0.7866211
vt 0.34204102 0.7866211
vt 0.34204102 0.7866211
vt 0.34204102 0.7866211
vt 0.34204102 0.7866211
vt 0.34204102 0.7866211
vt 0.34204102 0.7866211
vt 0.34204102 0.7866211
vt 0.34204102 0.7866211
vt 0.34204102 0.7866211
vt 0.34204102 0.7866211
vt 0.34204102 0.7866211
vt 0.34204102 0.7866211
vt 0.34204102 0.7866211
vt 0.34204102 0.7866211
vt 0.34204102 0.7866211
vt 0.34204102 0.7866211
vt 0.34204102 0.7866211
vt 0.34204102 0.7866211
vt 0.34204102 0.7866211
vt 0.34204102 0.7866211
vt 0.34204102 0.7866211
vt 0.34204102 0.7866211
vt 0.34204102 0.7866211
vt 0.34204102 0.7866211
vt 0.34204102 0.7866211
vt 0.34204102 0.7866211
vt 0.34204102 0.7866211
vt 0.34204102 0.7866211
vt 0.34204102 0.7866211
vt 0.34204102 0.7866211
vt 0.34204102 0.7866211
vt 0.34204102 0.7866211
vt 0.34204102 0.7866211
vt 0.34204102 0.7866211
vt 0.34204102 0.7866211
vt 0.34204102 0.7866211
vt 0.34204102 0.7866211
vt 0.34204102 0.7866211
vt 0.34204102 0.7866211
vt 0.34204102 0.7866211
vt 0.34204102 0.7866211
vt 0.34204102 0.7866211
vt 0.34204102 0.7866211
vt 0.34204102 0.7866211
vt 0.34204102 0.7866211
vt 0.34204102 0.7866211
vt 0.34204102 0.7866211
vt 0.34204102 0.7866211
vt 0.34204102 0.7866211
vt 0.34204102 0.7866211
vt 0.34204102 0.7866211
vt 0.34204102 0.7866211
vt 0.34204102 0.7866211
vt 0.34204102 0.7866211
vt 0.34204102 0.7866211
vt 0.34204102 0.7866211
vt 0.34204102 0.7866211
vt 0.34204102 0.7866211
vt 0.34204102 0.7866211
vt 0.34204102 0.7866211
vt 0.34204102 0.7866211
vt 0.34204102 0.7866211
vt 0.34204102 0.7866211
vt 0.34204102 0.7866211
vt 0.34204102 0.7866211
vt 0.34204102 0.7866211
vt 0.34204102 0.7866211
vt 0.34204102 0.7866211
vt 0.34204102 0.7866211
vt 0.34204102 0.7866211
vt 0.35595703 0.7910156
vt 0.35595703 0.7910156
vt 0.35595703 0.7910156
vt 0.35595703 0.7910156
vt 0.35595703 0.7910156
vt 0.35595703 0.7910156
vt 0.35595703 0.7910156
vt 0.35595703 0.7910156
vt 0.35595703 0.7910156
vt 0.35595703 0.7910156
vt 0.35595703 0.7910156
vt 0.35595703 0.7910156
vt 0.35595703 0.7910156
vt 0.35595703 0.7910156
vt 0.35595703 0.7910156
vt 0.35595703 0.7910156
vt 0.35595703 0.7910156
vt 0.35595703 0.7910156
vt 0.35595703 0.7910156
vt 0.35595703 0.7910156
vt 0.35595703 0.7910156
vt 0.35595703 0.7910156
vt 0.35595703 0.7910156
vt 0.35595703 0.7910156
vt 0.35595703 0.7910156
vt 0.35595703 0.7910156
vt 0.35595703 0.7910156
vt 0.35595703 0.7910156
vt 0.35595703 0.7910156
vt 0.35595703 0.7910156
vt 0.35595703 0.7910156
vt 0.35595703 0.7910156
vt 0.35595703 0.7910156
vt 0.35595703 0.7910156
vt 0.35595703 0.7910156
vt 0.35595703 0.7910156
vt 0.35595703 0.7910156
vt 0.35595703 0.7910156
vt 0.35595703 0.7910156
vt 0.35595703 0.7910156
vt 0.35595703 0.7910156
vt 0.35595703 0.7910156
vt 0.35595703 0.7910156
vt 0.35595703 0.7910156
vt 0.35595703 0.7910156
vt 0.35595703 0.7910156
vt 0.35595703 0.7910156
vt 0.35595703 0.7910156
vt 0.35595703 0.7910156
vt 0.35595703 0.7910156
vt 0.35595703 0.7910156
vt 0.35595703 0.7910156
vt 0.35595703 0.7910156
vt 0.35595703 0.7910156
vt 0.35595703 0.7910156
vt 0.35595703 0.7910156
vt 0.35595703 0.7910156
vt 0.35595703 0.7910156
vt 0.35595703 0.7910156
vt 0.35595703 0.7910156
vt 0.35595703 0.7910156
vt 0.35595703 0.7910156
vt 0.35595703 0.7910156
vt 0.35595703 0.7910156
vt 0.35595703 0.7910156
vt 0.35595703 0.7910156
vt 0.35595703 0.7910156
vt 0.35595703 0.7910156
vt 0.35595703 0.7910156
vt 0.35595703 0.7910156
vt 0.35595703 0.7910156
vt 0.35595703 0.7910156
vt 0.35595703 0.7910156
vt 0.35595703 0.7910156
vt 0.35595703 0.7910156
vt 0.35595703 0.7910156
vt 0.35595703 0.7910156
vt 0.35595703 0.7910156
vt 0.35595703 0.7910156
vt 0.35595703 0.7910156
vt 0.35595703 0.7910156
vt 0.35595703 0.7910156
vt 0.35595703 0.7910156
vt 0.35595703 0.7910156
vt 0.35595703 0.7910156
vt 0.35595703 0.7910156
vt 0.35595703 0.7910156
vt 0.35595703 0.7910156
vt 0.35595703 0.7910156
vt 0.35595703 0.7910156
vt 0.35595703 0.7910156
vt 0.35595703 0.7910156
vt 0.35595703 0.7910156
vt 0.35595703 0.7910156
vt 0.35595703 0.7910156
vt 0.35595703 0.7910156
vt 0.35595703 0.7910156
vt 0.35595703 0.7910156
vt 0.35595703 0.7910156
vt 0.35595703 0.7910156
vt 0.35595703 0.7910156
vt 0.35595703 0.7910156
vt 0.35595703 0.7910156
vt 0.35595703 0.7910156
vt 0.35595703 0.7910156
vt 0.35595703 0.7910156
vt 0.35595703 0.7910156
vt 0.35595703 0.7910156
vt 0.35595703 0.7910156
vt 0.35595703 0.7910156
vt 0.35595703 0.7910156
vt 0.35595703 0.7910156
vt 0.35595703 0.7910156
vt 0.35595703 0.7910156
vt 0.35595703 0.7910156
vt 0.35595703 0.7910156
vt 0.35595703 0.7910156
vt 0.35595703 0.7910156
vt 0.35595703 0.7910156
vt 0.35595703 0.7910156
vt 0.35595703 0.7910156
vt 0.35595703 0.7910156
vt 0.35595703 0.7910156
vt 0.35595703 0.7910156
vt 0.35595703 0.7910156
vt 0.35595703 0.7910156
vt 0.35595703 0.7910156
vt 0.35595703 0.7910156
vt 0.35595703 0.7910156
vt 0.35595703 0.7910156
vt 0.35595703 0.7910156
vt 0.35595703 0.7910156
vt 0.35595703 0.7910156
vt 0.35595703 0.7910156
vt 0.35595703 0.7910156
vt 0.35595703 0.7910156
vt 0.35595703 0.7910156
vt 0.35595703 0.7910156
vt 0.35595703 0.7910156
vt 0.35595703 0.7910156
vt 0.35595703 0.7910156
vt 0.35595703 0.7910156
vt 0.35595703 0.7910156
vt 0.35595703 0.7910156
vt 0.35595703 0.7910156
vt 0.35595703 0.7910156
vt 0.35595703 0.7910156
vt 0.35595703 0.7910156
vt 0.35595703 0.7910156
vt 0.35595703 0.7910156
vt 0.35595703 0.7910156
vt 0.35595703 0.7910156
vt 0.35595703 0.7910156
vt 0.35595703 0.7910156
vt 0.35595703 0.7910156
vt 0.35595703 0.7910156
vt 0.35595703 0.7910156
vt 0.35595703 0.7910156
vt 0.35595703 0.7910156
vt 0.35595703 0.7910156
vt 0.35595703 0.7910156
vt 0.35595703 0.7910156
vt 0.35595703 0.7910156
vt 0.35595703 0.7910156
vt 0.35595703 0.7910156
vt 0.35595703 0.7910156
vt 0.35595703 0.7910156
vt 0.35595703 0.7910156
vt 0.35595703 0.7910156
vt 0.35595703 0.7910156
vt 0.35595703 0.7910156
vt 0.35595703 0.7910156
vt 0.35595703 0.7910156
vt 0.35595703 0.7910156
vt 0.35595703 0.7910156
vt 0.35595703 0.7910156
vt 0.35595703 0.7910156
vt 0.35595703 0.7910156
vt 0.35595703 0.7910156
vt 0.35595703 0.7910156
vt 0.35595703 0.7910156
vt 0.35595703 0.7910156
vt 0.35595703 0.7910156
vt 0.35595703 0.7910156
vt 0.35595703 0.7910156
vt 0.35595703 0.7910156
vt 0.35595703 0.7910156
vt 0.35595703 0.7910156
vt 0.35595703 0.7910156
vt 0.35595703 0.7910156
vt 0.35595703 0.7910156
vt 0.35595703 0.7910156
vt 0.35595703 0.7910156
vt 0.35595703 0.7910156
vt 0.35595703 0.7910156
vt 0.35595703 0.7910156
vt 0.35595703 0.7910156
vt 0.35595703 0.7910156
vt 0.35595703 0.7910156
vt 0.35595703 0.7910156
vt 0.35595703 0.7910156
vt 0.35595703 0.7910156
vt 0.35595703 0.7910156
vt 0.35595703 0.7910156
vt 0.35595703 0.7910156
vt 0.35595703 0.7910156
vt 0.35595703 0.7910156
vt 0.35595703 0.7910156
vt 0.35595703 0.7910156
vt 0.35595703 0.7910156
vt 0.35595703 0.7910156
vt 0.35595703 0.7910156
vt 0.35595703 0.7910156
vt 0.35595703 0.7910156
vt 0.35595703 0.7910156
vt 0.35595703 0.7910156
vt 0.35595703 0.7910156
vt 0.35595703 0.7910156
vt 0.35595703 0.7910156
vt 0.35595703 0.7910156
vt 0.34204102 0.7866211
vt 0.34204102 0.7866211
vt 0.34204102 0.7866211
vt 0.34204102 0.7866211
vt 0.34204102 0.7866211
vt 0.34204102 0.7866211
vt 0.34204102 0.7866211
vt 0.34204102 0.7866211
vt 0.34204102 0.7866211
vt 0.34204102 0.7866211
vt 0.34204102 0.7866211
vt 0.34204102 0.7866211
vt 0.34204102 0.7866211
vt 0.34204102 0.7866211
vt 0.34204102 0.7866211
vt 0.34204102 0.7866211
vt 0.34204102 0.7866211
vt 0.34204102 0.7866211
vt 0.34204102 0.7866211
vt 0.34204102 0.7866211
vt 0.34204102 0.7866211
vt 0.34204102 0.7866211
vt 0.34204102 0.7866211
vt 0.34204102 0.7866211
vt 0.34204102 0.7866211
vt 0.34204102 0.7866211
vt 0.34204102 0.7866211
vt 0.34204102 0.7866211
vt 0.34204102 0.7866211
vt 0.34204102 0.7866211
vt 0.34204102 0.7866211
vt 0.34204102 0.7866211
vt 0.34204102 0.7866211
vt 0.34204102 0.7866211
vt 0.34204102 0.7866211
vt 0.34204102 0.7866211
vt 0.34204102 0.7866211
vt 0.34204102 0.7866211
vt 0.34204102 0.7866211
vt 0.34204102 0.7866211
vt 0.34204102 0.7866211
vt 0.34204102 0.7866211
vt 0.34204102 0.7866211
vt 0.34204102 0.7866211
vt 0.34204102 0.7866211
vt 0.34204102 0.7866211
vt 0.34204102 0.7866211
vt 0.34204102 0.7866211
vt 0.34204102 0.7866211
vt 0.34204102 0.7866211
vt 0.34204102 0.7866211
vt 0.34204102 0.7866211
vt 0.34204102 0.7866211
vt 0.34204102 0.7866211
vt 0.34204102 0.7866211
vt 0.34204102 0.7866211
vt 0.34204102 0.7866211
vt 0.34204102 0.7866211
vt 0.34204102 0.7866211
vt 0.34204102 0.7866211
vt 0.34204102 0.7866211
vt 0.34204102 0.7866211
vt 0.34204102 0.7866211
vt 0.34204102 0.7866211
vt 0.34204102 0.7866211
vt 0.34204102 0.7866211
vt 0.34204102 0.7866211
vt 0.34204102 0.7866211
vt 0.34204102 0.7866211
vt 0.34204102 0.7866211
vt 0.34204102 0.7866211
vt 0.34204102 0.7866211
vt 0.34204102 0.7866211
vt 0.34204102 0.7866211
vt 0.34204102 0.7866211
vt 0.34204102 0.7866211
vt 0.34204102 0.7866211
vt 0.34204102 0.7866211
vt 0.34204102 0.7866211
vt 0.34204102 0.7866211
vt 0.34204102 0.7866211
vt 0.34204102 0.7866211
vt 0.34204102 0.7866211
vt 0.34204102 0.7866211
vt 0.34204102 0.7866211
vt 0.34204102 0.7866211
vt 0.34204102 0.7866211
vt 0.34204102 0.7866211
vt 0.34204102 0.7866211
vt 0.34204102 0.7866211
vt 0.34204102 0.7866211
vt 0.34204102 0.7866211
vt 0.34204102 0.7866211
vt 0.34204102 0.7866211
vt 0.34204102 0.7866211
vt 0.34204102 0.7866211
vt 0.34204102 0.7866211
vt 0.34204102 0.7866211
vt 0.34204102 0.7866211
vt 0.34204102 0.7866211
vt 0.34204102 0.7866211
vt 0.34204102 0.7866211
vt 0.34204102 0.7866211
vt 0.34204102 0.7866211
vt 0.34204102 0.7866211
vt 0.34204102 0.7866211
vt 0.34204102 0.7866211
vt 0.34204102 0.7866211
vt 0.34204102 0.7866211
vt 0.34204102 0.7866211
vt 0.34204102 0.7866211
vt 0.34204102 0.7866211
vt 0.34204102 0.7866211
vt 0.34204102 0.7866211
vt 0.34204102 0.7866211
vt 0.34204102 0.7866211
vt 0.34204102 0.7866211
vt 0.34204102 0.7866211
vt 0.34204102 0.7866211
vt 0.34204102 0.7866211
vt 0.34204102 0.7866211
vt 0.34204102 0.7866211
vt 0.34204102 0.7866211
vt 0.34204102 0.7866211
vt 0.34204102 0.7866211
vt 0.34204102 0.7866211
vt 0.34204102 0.7866211
vt 0.34204102 0.7866211
vt 0.34204102 0.7866211
vt 0.34204102 0.7866211
vt 0.34204102 0.7866211
vt 0.34204102 0.7866211
vt 0.34204102 0.7866211
vt 0.34204102 0.7866211
vt 0.34204102 0.7866211
vt 0.34204102 0.7866211
vt 0.34204102 0.7866211
vt 0.34204102 0.7866211
vt 0.34204102 0.7866211
vt 0.34204102 0.7866211
vt 0.34204102 0.7866211
vt 0.34204102 0.7866211
vt 0.34204102 0.7866211
vt 0.34204102 0.7866211
vt 0.34204102 0.7866211
vt 0.34204102 0.7866211
vt 0.34204102 0.7866211
vt 0.34204102 0.7866211
vt 0.34204102 0.7866211
vt 0.34204102 0.7866211
vt 0.34204102 0.7866211
vt 0.34204102 0.7866211
vt 0.34204102 0.7866211
vt 0.34204102 0.7866211
vt 0.34204102 0.7866211
vt 0.34204102 0.7866211
vt 0.34204102 0.7866211
vt 0.34204102 0.7866211
vt 0.35595703 0.7910156
vt 0.35595703 0.7910156
vt 0.35595703 0.7910156
vt 0.35595703 0.7910156
vt 0.35595703 0.7910156
vt 0.35595703 0.7910156
vt 0.35595703 0.7910156
vt 0.35595703 0.7910156
vt 0.35595703 0.7910156
vt 0.35595703 0.7910156
vt 0.35595703 0.7910156
vt 0.35595703 0.7910156
vt 0.35595703 0.7910156
vt 0.35595703 0.7910156
vt 0.35595703 0.7910156
vt 0.35595703 0.7910156
vt 0.35595703 0.7910156
vt 0.35595703 0.7910156
vt 0.35595703 0.7910156
vt 0.35595703 0.7910156
vt 0.35595703 0.7910156
vt 0.35595703 0.7910156
vt 0.35595703 0.7910156
vt 0.35595703 0.7910156
vt 0.35595703 0.7910156
vt 0.35595703 0.7910156
vt 0.35595703 0.7910156
vt 0.35595703 0.7910156
vt 0.35595703 0.7910156
vt 0.35595703 0.7910156
vt 0.35595703 0.7910156
vt 0.35595703 0.7910156
vt 0.35595703 0.7910156
vt 0.35595703 0.7910156
vt 0.35595703 0.7910156
vt 0.35595703 0.7910156
vt 0.35595703 0.7910156
vt 0.35595703 0.7910156
vt 0.35595703 0.7910156
vt 0.35595703 0.7910156
vt 0.35595703 0.7910156
vt 0.35595703 0.7910156
vt 0.35595703 0.7910156
vt 0.35595703 0.7910156
vt 0.35595703 0.7910156
vt 0.35595703 0.7910156
vt 0.35595703 0.7910156
vt 0.35595703 0.7910156
vt 0.35595703 0.7910156
vt 0.35595703 0.7910156
vt 0.35595703 0.7910156
vt 0.35595703 0.7910156
vt 0.35595703 0.7910156
vt 0.35595703 0.7910156
vt 0.35595703 0.7910156
vt 0.35595703 0.7910156
vt 0.35595703 0.7910156
vt 0.35595703 0.7910156
vt 0.35595703 0.7910156
vt 0.35595703 0.7910156
vt 0.35595703 0.7910156
vt 0.35595703 0.7910156
vt 0.35595703 0.7910156
vt 0.35595703 0.7910156
vt 0.35595703 0.7910156
vt 0.35595703 0.7910156
vt 0.35595703 0.7910156
vt 0.35595703 0.7910156
vt 0.35595703 0.7910156
vt 0.35595703 0.7910156
vt 0.35595703 0.7910156
vt 0.35595703 0.7910156
vt 0.35595703 0.7910156
vt 0.35595703 0.7910156
vt 0.35595703 0.7910156
vt 0.35595703 0.7910156
vt 0.35595703 0.7910156
vt 0.35595703 0.7910156
vt 0.35595703 0.7910156
vt 0.35595703 0.7910156
vt 0.35595703 0.7910156
vt 0.35595703 0.7910156
vt 0.35595703 0.7910156
vt 0.35595703 0.7910156
vt 0.35595703 0.7910156
vt 0.35595703 0.7910156
vt 0.35595703 0.7910156
vt 0.35595703 0.7910156
vt 0.35595703 0.7910156
vt 0.35595703 0.7910156
vt 0.35595703 0.7910156
vt 0.35595703 0.7910156
vt 0.35595703 0.7910156
vt 0.35595703 0.7910156
vt 0.35595703 0.7910156
vt 0.35595703 0.7910156
vt 0.35595703 0.7910156
vt 0.35595703 0.7910156
vt 0.35595703 0.7910156
vt 0.35595703 0.7910156
vt 0.35595703 0.7910156
vt 0.35595703 0.7910156
vt 0.35595703 0.7910156
vt 0.35595703 0.7910156
vt 0.35595703 0.7910156
vt 0.35595703 0.7910156
vt 0.35595703 0.7910156
vt 0.35595703 0.7910156
vt 0.35595703 0.7910156
vt 0.35595703 0.7910156
vt 0.35595703 0.7910156
vt 0.35595703 0.7910156
vt 0.35595703 0.7910156
vt 0.35595703 0.7910156
vt 0.35595703 0.7910156
vt 0.35595703 0.7910156
vt 0.35595703 0.7910156
vt 0.35595703 0.7910156
vt 0.35595703 0.7910156
vt 0.35595703 0.7910156
vt 0.35595703 0.7910156
vt 0.35595703 0.7910156
vt 0.35595703 0.7910156
vt 0.35595703 0.7910156
vt 0.35595703 0.7910156
vt 0.35595703 0.7910156
vt 0.35595703 0.7910156
vt 0.35595703 0.7910156
vt 0.35595703 0.7910156
vt 0.35595703 0.7910156
vt 0.35595703 0.7910156
vt 0.35595703 0.7910156
vt 0.35595703 0.7910156
vt 0.35595703 0.7910156
vt 0.35595703 0.7910156
vt 0.35595703 0.7910156
vt 0.35595703 0.7910156
vt 0.35595703 0.7910156
vt 0.35595703 0.7910156
vt 0.35595703 0.7910156
vt 0.35595703 0.7910156
vt 0.35595703 0.7910156
vt 0.35595703 0.7910156
vt 0.35595703 0.7910156
vt 0.35595703 0.7910156
vt 0.35595703 0.7910156
vt 0.35595703 0.7910156
vt 0.35595703 0.7910156
vt 0.35595703 0.7910156
vt 0.35595703 0.7910156
vt 0.35595703 0.7910156
vt 0.35595703 0.7910156
vt 0.35595703 0.7910156
vt 0.35595703 0.7910156
vt 0.35595703 0.7910156
vt 0.35595703 0.7910156
vt 0.35595703 0.7910156
vt 0.35595703 0.7910156
vt 0.35595703 0.7910156
vt 0.35595703 0.7910156
vt 0.35595703 0.7910156
vt 0.35595703 0.7910156
vt 0.35595703 0.7910156
vt 0.35595703 0.7910156
vt 0.35595703 0.7910156
vt 0.35595703 0.7910156
vt 0.35595703 0.7910156
vt 0.35595703 0.7910156
vt 0.35595703 0.7910156
vt 0.35595703 0.7910156
vt 0.35595703 0.7910156
vt 0.35595703 0.7910156
vt 0.35595703 0.7910156
vt 0.35595703 0.7910156
vt 0.35595703 0.7910156
vt 0.35595703 0.7910156
vt 0.35595703 0.7910156
vt 0.35595703 0.7910156
vt 0.35595703 0.7910156
vt 0.35595703 0.7910156
vt 0.35595703 0.7910156
vt 0.35595703 0.7910156
vt 0.35595703 0.7910156
vt 0.35595703 0.7910156
vt 0.35595703 0.7910156
vt 0.35595703 0.7910156
vt 0.35595703 0.7910156
vt 0.35595703 0.7910156
vt 0.35595703 0.7910156
vt 0.35595703 0.7910156
vt 0.35595703 0.7910156
vt 0.35595703 0.7910156
vt 0.35595703 0.7910156
vt 0.35595703 0.7910156
vt 0.35595703 0.7910156
vt 0.35595703 0.7910156
vt 0.35595703 0.7910156
vt 0.35595703 0.7910156
vt 0.35595703 0.7910156
vt 0.35595703 0.7910156
vt 0.35595703 0.7910156
vt 0.35595703 0.7910156
vt 0.35595703 0.7910156
vt 0.35595703 0.7910156
vt 0.35595703 0.7910156
vt 0.35595703 0.7910156
vt 0.35595703 0.7910156
vt 0.35595703 0.7910156
vt 0.35595703 0.7910156
vt 0.35595703 0.7910156
vt 0.35595703 0.7910156
vt 0.35595703 0.7910156
vt 0.35595703 0.7910156
vt 0.35595703 0.7910156
vt 0.35595703 0.7910156
vt 0.35595703 0.7910156
vt 0.35595703 0.7910156
vt 0.35595703 0.7910156
vt 0.35595703 0.7910156
vt 0.35595703 0.7910156
vt 0.37475586 0.9848633
vt 0.37475586 0.9848633
vt 0.37475586 0.9848633
vt 0.37475586 0.9848633
vt 0.37475586 0.9848633
vt 0.37475586 0.9848633
vt 0.37475586 0.9848633
vt 0.37475586 0.9848633
vt 0.37475586 0.9848633
vt 0.37475586 0.9848633
vt 0.37475586 0.9848633
vt 0.37475586 0.9848633
vt 0.37475586 0.9848633
vt 0.37475586 0.9848633
vt 0.37475586 0.9848633
vt 0.37475586 0.9848633
vt 0.37475586 0.9848633
vt 0.37475586 0.9848633
vt 0.37475586 0.9848633
vt 0.37475586 0.9848633
vt 0.37475586 0.9848633
vt 0.37475586 0.9848633
vt 0.37475586 0.9848633
vt 0.37475586 0.9848633
vt 0.37475586 0.9848633
vt 0.37475586 0.9848633
vt 0.37475586 0.9848633
vt 0.37475586 0.9848633
vt 0.37475586 0.9848633
vt 0.37475586 0.9848633
vt 0.53466797 0.79541016
vt 0.53466797 0.79541016
vt 0.53466797 0.79541016
vt 0.53466797 0.79541016
vt 0.53466797 0.79541016
vt 0.53466797 0.79541016
vt 0.53466797 0.79541016
vt 0.53466797 0.79541016
vt 0.53466797 0.79541016
vt 0.53466797 0.79541016
vt 0.53466797 0.79541016
vt 0.53466797 0.79541016
vt 0.53466797 0.79541016
vt 0.53466797 0.79541016
vt 0.53466797 0.79541016
vt 0.53466797 0.79541016
vt 0.53466797 0.79541016
vt 0.53466797 0.79541016
vt 0.53466797 0.79541016
vt 0.53466797 0.79541016
vt 0.53466797 0.79541016
vt 0.53466797 0.79541016
vt 0.53466797 0.79541016
vt 0.53466797 0.79541016
vt 0.37475586 0.9848633
vt 0.37475586 0.9848633
vt 0.37475586 0.9848633
vt 0.37475586 0.9848633
vt 0.37475586 0.9848633
vt 0.37475586 0.9848633
vt 0.37475586 0.9848633
vt 0.37475586 0.9848633
vt 0.37475586 0.9848633
vt 0.37475586 0.9848633
vt 0.37475586 0.9848633
vt 0.37475586 0.9848633
vt 0.37475586 0.9848633
vt 0.37475586 0.9848633
vt 0.37475586 0.9848633
vt 0.37475586 0.9848633
vt 0.37475586 0.9848633
vt 0.37475586 0.9848633
vt 0.37475586 0.9848633
vt 0.37475586 0.9848633
vt 0.37475586 0.9848633
vt 0.37475586 0.9848633
vt 0.37475586 0.9848633
vt 0.37475586 0.9848633
vt 0.37475586 0.9848633
vt 0.37475586 0.9848633
vt 0.37475586 0.9848633
vt 0.37475586 0.9848633
vt 0.37475586 0.9848633
vt 0.37475586 0.9848633
vt 0.37475586 0.9848633
vt 0.37475586 0.9848633
vt 0.37475586 0.9848633
vt 0.37475586 0.9848633
vt 0.37475586 0.9848633
vt 0.37475586 0.9848633
vt 0.37475586 0.9848633
vt 0.37475586 0.9848633
vt 0.37475586 0.9848633
vt 0.37475586 0.9848633
vt 0.37475586 0.9848633
vt 0.37475586 0.9848633
vt 0.37475586 0.9848633
vt 0.37475586 0.9848633
vt 0.37475586 0.9848633
vt 0.37475586 0.9848633
vt 0.37475586 0.9848633
vt 0.37475586 0.9848633
vt 0.37475586 0.9848633
vt 0.37475586 0.9848633
vt 0.37475586 0.9848633
vt 0.37475586 0.9848633
vt 0.37475586 0.9848633
vt 0.37475586 0.9848633
vt 0.5366211 0.7832031
vt 0.5366211 0.7832031
vt 0.5366211 0.7832031
vt 0.5366211 0.7832031
vt 0.5366211 0.7832031
vt 0.5366211 0.7832031
vt 0.5366211 0.7832031
vt 0.5366211 0.7832031
vt 0.5366211 0.7832031
vt 0.5366211 0.7832031
vt 0.5366211 0.7832031
vt 0.5366211 0.7832031
vt 0.5366211 0.7832031
vt 0.5366211 0.7832031
vt 0.5366211 0.7832031
vt 0.5366211 0.7832031
vt 0.5366211 0.7832031
vt 0.5366211 0.7832031
vt 0.5366211 0.7832031
vt 0.5366211 0.7832031
vt 0.5366211 0.7832031
vt 0.5366211 0.7832031
vt 0.5366211 0.7832031
vt 0.5366211 0.7832031
vt 0.5366211 0.7832031
vt 0.5366211 0.7832031
vt 0.5366211 0.7832031
vt 0.5366211 0.7832031
vt 0.5366211 0.7832031
vt 0.5366211 0.7832031
vt 0.5366211 0.7832031
vt 0.5366211 0.7832031
vt 0.5366211 0.7832031
vt 0.5366211 0.7832031
vt 0.5366211 0.7832031
vt 0.5366211 0.7832031
vt 0.5366211 0.7832031
vt 0.5366211 0.7832031
vt 0.5366211 0.7832031
vt 0.5366211 0.7832031
vt 0.37475586 0.9848633
vt 0.37475586 0.9848633
vt 0.37475586 0.9848633
vt 0.37475586 0.9848633
vt 0.37475586 0.9848633
vt 0.37475586 0.9848633
vt 0.37475586 0.9848633
vt 0.37475586 0.9848633
vt 0.37475586 0.9848633
vt 0.37475586 0.9848633
vt 0.37475586 0.9848633
vt 0.37475586 0.9848633
vt 0.37475586 0.9848633
vt 0.37475586 0.9848633
vt 0.37475586 0.9848633
vt 0.37475586 0.9848633
vt 0.37475586 0.9848633
vt 0.37475586 0.9848633
vt 0.37475586 0.9848633
vt 0.37475586 0.9848633
vt 0.37475586 0.9848633
vt 0.37475586 0.9848633
vt 0.37475586 0.9848633
vt 0.37475586 0.9848633
vt 0.37475586 0.9848633
vt 0.37475586 0.9848633
vt 0.37475586 0.9848633
vt 0.37475586 0.9848633
vt 0.37475586 0.9848633
vt 0.37475586 0.9848633
vt 0.53466797 0.79541016
vt 0.53466797 0.79541016
vt 0.53466797 0.79541016
vt 0.53466797 0.79541016
vt 0.53466797 0.79541016
vt 0.53466797 0.79541016
vt 0.53466797 0.79541016
vt 0.53466797 0.79541016
vt 0.53466797 0.79541016
vt 0.53466797 0.79541016
vt 0.53466797 0.79541016
vt 0.53466797 0.79541016
vt 0.53466797 0.79541016
vt 0.53466797 0.79541016
vt 0.53466797 0.79541016
vt 0.53466797 0.79541016
vt 0.53466797 0.79541016
vt 0.53466797 0.79541016
vt 0.53466797 0.79541016
vt 0.53466797 0.79541016
vt 0.53466797 0.79541016
vt 0.53466797 0.79541016
vt 0.53466797 0.79541016
vt 0.53466797 0.79541016
vt 0.37475586 0.9848633
vt 0.37475586 0.9848633
vt 0.37475586 0.9848633
vt 0.37475586 0.9848633
vt 0.37475586 0.9848633
vt 0.37475586 0.9848633
vt 0.37475586 0.9848633
vt 0.37475586 0.9848633
vt 0.37475586 0.9848633
vt 0.37475586 0.9848633
vt 0.37475586 0.9848633
vt 0.37475586 0.9848633
vt 0.37475586 0.9848633
vt 0.37475586 0.9848633
vt 0.37475586 0.9848633
vt 0.37475586 0.9848633
vt 0.37475586 0.9848633
vt 0.37475586 0.9848633
vt 0.37475586 0.9848633
vt 0.37475586 0.9848633
vt 0.37475586 0.9848633
vt 0.37475586 0.9848633
vt 0.37475586 0.9848633
vt 0.37475586 0.9848633
vt 0.37475586 0.9848633
vt 0.37475586 0.9848633
vt 0.37475586 0.9848633
vt 0.37475586 0.9848633
vt 0.37475586 0.9848633
vt 0.37475586 0.9848633
vt 0.37475586 0.9848633
vt 0.37475586 0.9848633
vt 0.37475586 0.9848633
vt 0.37475586 0.9848633
vt 0.37475586 0.9848633
vt 0.37475586 0.9848633
vt 0.37475586 0.9848633
vt 0.37475586 0.9848633
vt 0.37475586 0.9848633
vt 0.37475586 0.9848633
vt 0.37475586 0.9848633
vt 0.37475586 0.9848633
vt 0.37475586 0.9848633
vt 0.37475586 0.9848633
vt 0.37475586 0.9848633
vt 0.37475586 0.9848633
vt 0.37475586 0.9848633
vt 0.37475586 0.9848633
vt 0.37475586 0.9848633
vt 0.37475586 0.9848633
vt 0.37475586 0.9848633
vt 0.37475586 0.9848633
vt 0.37475586 0.9848633
vt 0.37475586 0.9848633
vt 0.47753906 0.15332031
vt 0.42871094 0.22595215
vt 0.46826172 0.22094727
vt 0.4362793 0.15270996
vt 0.46362305 0.09753418
vt 0.39916992 0.22875977
vt 0.43237305 0.08642578
vt 0.45483398 0.048706055
vt 0.42041016 0.039489746
vt 0.40405273 0.15246582
vt 0.37060547 0.22937012
vt 0.4020996 0.083496094
vt 0.39526367 0.034729004
vt 0.37060547 0.15234375
vt 0.37060547 0.08276367
vt 0.37060547 0.033569336
vt 0.34594727 0.034729004
vt 0.3388672 0.083496094
vt 0.32055664 0.039489746
vt 0.3371582 0.15246582
vt 0.34179688 0.22875977
vt 0.3088379 0.08642578
vt 0.2861328 0.048706055
vt 0.2775879 0.09753418
vt 0.30493164 0.15270996
vt 0.3125 0.22595215
vt 0.26367188 0.15332031
vt 0.27294922 0.22094727
vt 0.27929688 0.041381836
vt 0.27929688 0.041381836
vt 0.27929688 0.041381836
vt 0.27929688 0.041381836
vt 0.27929688 0.041381836
vt 0.27929688 0.041381836
vt 0.27929688 0.041381836
vt 0.27929688 0.041381836
vt 0.27929688 0.041381836
vt 0.27929688 0.041381836
vt 0.27929688 0.041381836
vt 0.27929688 0.041381836
vt 0.27929688 0.041381836
vt 0.27929688 0.041381836
vt 0.27929688 0.041381836
vt 0.27929688 0.041381836
vt 0.27929688 0.041381836
vt 0.27929688 0.041381836
vt 0.27929688 0.041381836
vt 0.27929688 0.041381836
vn -0.7914891 0.11813718 -0.599657
vn -0.7868135 0.11021417 -0.6072704
vn -0.759941 0.06763387 -0.64646363
vn 0.7914879 0.11813702 -0.59965885
vn 0.759941 0.06763387 -0.64646363
vn 0.78681237 0.11021401 -0.60727197
vn 0.9651952 0.1616013 -0.20562886
vn 0.9935975 -0.07985006 0.07992462
vn 0.9826598 0.1753877 0.060158335
vn 0.9166949 0.15807447 0.3669917
vn 0.92748106 -0.062645376 0.36858428
vn 0.5404565 0.042824145 0.84028137
vn 0.51716155 -0.05660679 0.8540138
vn 0.3628715 0.09026746 0.92745674
vn -0.036988206 0.07217105 0.9967062
vn 0.4785028 0.008674541 0.87804323
vn -0.053507574 0.27303767 0.9605141
vn -0.7187679 0.585087 0.37556073
vn 0.2576073 0.07833629 0.96306896
vn 0.15160686 -0.68503386 0.71256155
vn -0.87000424 -0.3611536 0.3356495
vn 0.39256045 -0.91673726 -0.07408798
vn 0.30446836 -0.9350678 0.18151353
vn 0.44435728 -0.8775481 0.18015501
vn 0.2965612 -0.9493637 -0.10373114
vn 0.12729795 -0.97501683 0.18203656
vn 0.11142418 -0.986315 -0.121520594
vn 0.051947743 -0.9821019 0.18104477
vn 0.35328278 -0.91490674 -0.19528657
vn 0.27625805 -0.9377643 -0.21042761
vn 0.31066465 -0.9036531 -0.2947855
vn 0.3284881 -0.9436479 -0.040302992
vn 0.22967319 -0.97223794 -0.044761244
vn 0.34735197 -0.9232756 0.16403885
vn 0.07839829 -0.9913026 0.1057018
vn 0.40189388 -0.75134706 0.5234108
vn -0.08232964 -0.96857274 0.23470974
vn 0.039648492 -0.9914033 -0.124689445
vn 0.10929844 -0.96537495 -0.23686522
vn -0.11142419 -0.98631513 -0.12152044
vn -0.12729795 -0.97501683 0.18203664
vn -0.29656124 -0.9493637 -0.10373084
vn -0.30446836 -0.9350678 0.1815137
vn -0.39251852 -0.9167621 -0.07400302
vn -0.4443571 -0.8775482 0.18015508
vn 0.58788615 -0.8088587 -0.0117279915
vn 0.50638556 -0.8385384 0.2010649
vn 0.64300984 -0.7389095 -0.20137312
vn -0.109298445 -0.96537495 -0.23686515
vn -0.27625808 -0.9377643 -0.21042742
vn -0.3532833 -0.9149067 -0.19528611
vn 0.04804368 -0.9698259 -0.23901793
vn -0.3106651 -0.9036531 -0.2947853
vn -0.32848793 -0.9436479 -0.040303364
vn -0.22967306 -0.97223794 -0.04476164
vn -0.34735197 -0.9232758 0.16403808
vn -0.07839823 -0.9913026 0.10570163
vn -0.40189397 -0.7513472 0.5234106
vn 0.08232955 -0.96857285 0.2347092
vn -0.31152067 -0.80722 -0.5013491
vn -0.46299747 -0.76010716 -0.45592803
vn -0.5612628 -0.39272866 -0.7285246
vn -0.52179587 -0.73286486 -0.43662134
vn -0.14467297 -0.82873416 -0.54061943
vn -0.65235287 -0.64548844 -0.39721593
vn -0.64300895 -0.7389104 -0.2013727
vn -0.58790725 -0.8088426 -0.011776164
vn -0.50638545 -0.83853847 0.20106496
vn -0.34421724 -0.43020174 -0.8345304
vn 0.081018314 -0.8302312 -0.55149984
vn -0.17642552 -0.44344345 -0.8787672
vn 0.14467297 -0.82873416 -0.5406194
vn 0.31152064 -0.80721986 -0.50134915
vn 0.46299693 -0.76010716 -0.45592856
vn 0.56126285 -0.39272857 -0.72852486
vn 0.52187073 -0.7324933 -0.43715525
vn 0.65235287 -0.6454884 -0.39721602
vn 0.34421724 -0.4302016 -0.8345304
vn 0.17642552 -0.4434435 -0.8787672
vn 0.1048079 -0.44617182 -0.8887892
vn 0.91928643 -0.34518272 -0.1891068
vn 0.79510957 -0.3496646 -0.49551532
vn 0.93767005 -0.34198692 0.061804786
vn 0.90194744 -0.2947156 0.3156478
vn 0.5987134 -0.10420461 -0.79415596
vn 0.36077827 -0.10473196 -0.9267525
vn 0.8420001 -0.10023071 -0.53008455
vn 0.97460824 -0.092660666 -0.2038452
vn 0.9935975 -0.07985006 0.07992462
vn 0.92748106 -0.062645376 0.36858428
vn 0.51716155 -0.05660679 0.8540138
vn 0.9651952 0.1616013 -0.20562886
vn 0.4785028 0.008674541 0.87804323
vn 0.49226463 -0.7640581 0.41700208
vn 0.2576073 0.07833629 0.96306896
vn 0.15160686 -0.68503386 0.71256155
vn -0.87000424 -0.3611536 0.3356495
vn -0.053507574 0.27303767 0.9605141
vn -0.7187679 0.585087 0.37556073
vn 0.83613974 0.14541936 -0.528889
vn 0.5919254 0.18324335 -0.78488606
vn 0.8540196 0.46755284 -0.22813363
vn 0.7900935 0.38065752 -0.48047072
vn 0.59453577 0.503038 -0.62727976
vn 0.3682691 0.22123323 -0.9030137
vn 0.871716 0.4891063 0.029769622
vn 0.9826598 0.1753877 0.060158335
vn 0.62993544 0.7114851 -0.31140038
vn 0.84081256 0.43792215 0.31821102
vn 0.9166949 0.15807447 0.3669917
vn 0.18867609 -0.10537155 -0.9763699
vn 0.38344616 0.57338023 -0.72401947
vn 0.64793247 0.7616651 -0.007046501
vn 0.7003772 0.30858076 0.64362234
vn 0.5404565 0.042824145 0.84028137
vn 0.19443499 0.23183848 -0.9531243
vn 0.11800138 -0.10663284 -0.9872716
vn 0.39597237 0.8336052 -0.38510814
vn 0.6306662 0.71042234 0.31234637
vn 0.48740536 0.26973343 0.8304697
vn 0.3628715 0.09026746 0.92745674
vn 0.4767787 0.11581063 0.871361
vn 0.19553064 0.6021212 -0.7740917
vn 0.3943956 0.91842246 -0.030861799
vn 0.35400763 0.51510394 0.7806065
vn 0.35880697 0.13427554 0.9237032
vn 0.37676644 0.8623972 0.33810964
vn 0.18544552 0.8871791 -0.42252007
vn 0.12004939 0.23174728 -0.96534
vn 0.16961876 0.55709 0.8129455
vn 0.15660535 0.17054124 0.97282606
vn 0.16721267 0.91958654 0.35552853
vn 0.17251445 0.9841405 -0.041307088
vn -0 0.6900388 -0.72377247
vn -0 0.48339707 0.8754012
vn 0.098197944 0.17051357 0.98045003
vn -0.15660535 0.17054124 0.97282606
vn 0.07409707 0.92948854 0.36133176
vn -0.1696188 0.55709 0.8129454
vn -0.358807 0.13427553 0.9237032
vn 0.08969821 0.89654785 -0.43376985
vn 0.07346146 0.9963341 -0.043838464
vn -0.3535813 0.5153528 0.78063554
vn -0.47677875 0.11581062 0.8713609
vn -0.16721267 0.91958654 0.35552856
vn -0.17251445 0.9841405 -0.041307103
vn -0.18544552 0.8871791 -0.4225202
vn -0.48741326 0.26972768 0.8304669
vn -0.36287147 0.090267375 0.92745674
vn -0.54045653 0.042824365 0.84028137
vn -0.37676653 0.8623972 0.33810946
vn -0.7003775 0.3085799 0.6436224
vn -0.916695 0.15807445 0.3669917
vn -0.39439556 0.91842246 -0.030862175
vn -0.63066614 0.7104224 0.31234622
vn -0.84081256 0.43792218 0.31821105
vn -0.9826598 0.17538773 0.06015838
vn -0.64793247 0.76166517 -0.0070467256
vn -0.87171596 0.48910627 0.029769806
vn -0.9651952 0.16160129 -0.20562887
vn -0.3959723 0.8336051 -0.38510847
vn -0.6299354 0.7114851 -0.31140047
vn -0.1955306 0.6021211 -0.7740917
vn -0.38344607 0.57338023 -0.72401947
vn -0.19443506 0.23183852 -0.9531243
vn -0.8540196 0.46755284 -0.22813363
vn -0.59453577 0.50303805 -0.62727976
vn -0.18867615 -0.10537159 -0.9763699
vn -0.36826915 0.22123323 -0.9030136
vn -0.36077833 -0.10473198 -0.9267525
vn -0.59192544 0.18324333 -0.78488606
vn -0.5987134 -0.10420463 -0.79415584
vn -0.7900935 0.38065755 -0.4804708
vn -0.83613974 0.14541931 -0.528889
vn -0.8420001 -0.10023076 -0.5300845
vn -0.79510957 -0.34966466 -0.49551538
vn -0.97460824 -0.09266069 -0.20384519
vn -0.9935975 -0.07985003 0.07992464
vn -0.9192863 -0.3451827 -0.18910706
vn -0.93767005 -0.34198684 0.061804652
vn -0.92748106 -0.06264536 0.36858433
vn -0.90194744 -0.2947156 0.3156478
vn -0.51716155 -0.0566069 0.85401374
vn -0.47850296 0.008674412 0.8780431
vn -0.49226427 -0.76405865 0.41700178
vn -0.25760767 0.07833624 0.96306896
vn -0.15160723 -0.6850342 0.7125612
vn 0.87000453 -0.36115375 0.33564872
vn 0.05350744 0.2730377 0.9605141
vn 0.71876776 0.5850871 0.37556082
vn 0.054092262 0.8640183 -0.50054604
vn 0.12850451 0.10832314 -0.9857751
vn 0.059652235 0.12864678 -0.9898948
vn -0 0.9081683 -0.4186053
vn -0.05409228 0.86401814 -0.5005462
vn -0.12850451 0.108323194 -0.9857751
vn 0.12396108 0.85680443 -0.5005196
vn 0.12850451 0.10832314 -0.9857751
vn 0.054092262 0.8640183 -0.50054604
vn 0.26539317 0.09333658 -0.9596117
vn 0.20896426 0.8589932 -0.4674019
vn 0.13067712 -0.023197338 -0.99115354
vn 0.06565622 -0.019466951 -0.9976525
vn 0.059652235 0.12864678 -0.9898948
vn -0.12850451 0.108323194 -0.9857751
vn 0.43126813 0.08649285 -0.89806837
vn 0.27169162 -0.040864944 -0.9615163
vn 0.5590042 0.09725567 -0.8234414
vn 0.2773137 0.8616739 -0.42498854
vn 0.34295404 0.8804085 -0.32751098
vn 0.7087515 0.08651613 -0.700133
vn 0.47544834 0.861236 -0.17950347
vn 0.5530855 -0.096173584 -0.8275548
vn 0.92360955 0.06432041 -0.3778997
vn 0.5187622 0.8549168 -0.0017493151
vn 0.43495372 -0.06917787 -0.89779156
vn 0.6756048 -0.11639407 -0.7280183
vn 0.45682436 -0.1483866 -0.8770935
vn 0.122916624 0.0108066695 -0.99235815
vn 0.23740888 -0.017212726 -0.9712573
vn 0.36861533 -0.07280846 -0.92672634
vn -0 0.08477742 -0.9963999
vn -0.13067706 -0.023197332 -0.99115366
vn 0.9007169 -0.110806726 -0.42003667
vn 0.63551253 -0.2278594 -0.73770183
vn 0.30302286 -0.1737261 -0.9370146
vn 0.9975108 0.07041776 -0.0036743204
vn 0.9422017 0.12199029 0.31204882
vn 0.47173643 0.8686566 0.15132888
vn 0.80486023 0.17445932 0.56724244
vn 0.40517226 0.8683484 0.2860182
vn 0.61766624 0.20339419 0.7596836
vn 0.28182554 0.8858106 0.36866495
vn 0.3870006 0.20980962 0.8978922
vn 0.17014273 0.88767034 0.42789334
vn 0.21325481 0.20067434 0.9561654
vn 0.09299619 0.881741 0.46247658
vn -0.009758351 0.1769447 0.9841724
vn 0.0020964625 0.8857702 0.46411923
vn -0 0.17996857 0.98367244
vn -1.6048552E-05 -0.1436983 0.9896215
vn -0.0009939906 0.8682841 0.49606627
vn -0.0020965044 0.8857702 0.4641193
vn 0.00975827 0.1769447 0.9841724
vn -0.092996135 0.8817408 0.46247685
vn 0.14215438 -0.005512372 0.9898291
vn 0.24376704 0.056419052 0.96819144
vn 0.4307095 0.058740698 0.900577
vn -0.21325478 0.2006743 0.9561654
vn -0.17014262 0.88767016 0.42789403
vn 0.20668672 0.0075096707 0.97837836
vn 0.29331917 0.053488135 0.95451707
vn 0.5189867 0.29725862 0.80143
vn 0.6513592 0.0517754 0.757001
vn -0.14215516 -0.005510421 0.989829
vn -0.3870006 0.20980962 0.8978923
vn -0.28182554 0.88581055 0.36866525
vn -0.24376701 0.056419075 0.96819144
vn -0.20668687 0.007509735 0.97837836
vn -0.61766636 0.20339419 0.75968355
vn -0.40517223 0.8683484 0.2860182
vn -0.4307095 0.058740683 0.900577
vn -0.29331967 0.053488716 0.9545168
vn -0.51690465 0.2989376 0.80215067
vn -0.80486035 0.17445931 0.56724226
vn -0.47173634 0.8686567 0.15132879
vn -0.6513593 0.051775377 0.75700086
vn -0.9422017 0.12199028 0.3120489
vn -0.5187622 0.8549168 -0.0017495395
vn -0.43144172 0.06653814 0.89968365
vn -0.40699747 0.11279267 0.9064386
vn -0.45308837 0.42941543 0.78122556
vn -0.8129759 0.027090605 0.5816668
vn -0.6498526 -0.0001131406 0.7600603
vn -0.39266142 0.17796455 0.9023002
vn -0.34836948 0.34339842 0.87219054
vn -0.49494338 0.05781402 0.8669997
vn -0.81443906 -0.068053655 0.5762446
vn -0.9424249 -0.025728192 0.33342662
vn -0.92792374 -0.12618256 0.3507642
vn -0.9975108 0.070417725 -0.0036743705
vn -0.9971175 -0.0758519 0.0017739105
vn -0.92360955 0.06432039 -0.37789977
vn -0.47544834 0.86123586 -0.17950353
vn -0.9007169 -0.110806756 -0.42003685
vn -0.7087515 0.08651613 -0.700133
vn -0.34295404 0.8804085 -0.32751098
vn -0.6756048 -0.11639409 -0.7280183
vn -0.55900425 0.09725569 -0.82344127
vn -0.2773138 0.8616739 -0.42498854
vn -0.20896432 0.8589931 -0.46740222
vn -0.55308557 -0.09617361 -0.8275548
vn -0.4312682 0.08649292 -0.89806837
vn -0.2653933 0.093336664 -0.9596117
vn -0.12396107 0.8568042 -0.5005201
vn -0.05409228 0.86401814 -0.5005462
vn -0.27169174 -0.040864956 -0.9615163
vn -0.43495372 -0.069177896 -0.89779145
vn -0.45682448 -0.14838661 -0.8770934
vn -0.12291657 0.010806672 -0.99235815
vn -0.23740892 -0.017212722 -0.97125727
vn -0 0.087577246 -0.9961577
vn -0.63551253 -0.2278594 -0.73770183
vn -0.3686154 -0.072808474 -0.92672634
vn -0.09758853 0.029989935 -0.9947748
vn 0.024821335 0.1338043 -0.9906969
vn 0.097588524 0.02998993 -0.9947748
vn -0.1787886 -0.004346682 -0.9838779
vn -0.3030229 -0.17372613 -0.9370146
vn 0.17878863 -0.0043466897 -0.9838779
vn 0.076204926 0.14655885 -0.9862623
vn -0.07620495 0.14655882 -0.9862623
vn -0.25630796 -0.07478153 -0.963698
vn -0.16154252 0.21206468 -0.9638115
vn -0.15676068 0.069818355 -0.9851657
vn -0.37319118 -0.4105799 -0.831957
vn 0.2563079 -0.0747815 -0.963698
vn 0.16154249 0.21206456 -0.9638115
vn 0.15676065 0.06981832 -0.9851657
vn -0.1442375 0.17344029 -0.97422475
vn -0.1573198 0.4341989 -0.8869733
vn 0.14423747 0.17344023 -0.97422487
vn 0.15731995 0.4341992 -0.88697326
vn 0.3731911 -0.41057983 -0.83195704
vn -0.09516703 0.3035723 -0.94804376
vn 0.095167 0.30357227 -0.9480439
vn -0 0.3033731 -0.9528719
vn 0.11422135 0.29056188 -0.9500144
vn -0.1601801 0.3482957 -0.9235976
vn 0.16017997 0.34829527 -0.92359775
vn 0.8099073 -0.47949266 -0.3378415
vn 0.87891614 -0.19538575 -0.43512163
vn 0.9971175 -0.07585182 0.0017739491
vn 0.98573655 -0.16829585 0.00016523614
vn 0.9424249 -0.025728146 0.33342662
vn 0.92792374 -0.12618251 0.35076424
vn 0.8129757 0.02709062 0.58166695
vn 0.33358645 -0.8026948 -0.49436927
vn 0.8744156 -0.48517743 -0.00048449126
vn 0.8450149 -0.3529186 0.401744
vn 0.4270394 -0.6985483 0.57416695
vn 0.81443906 -0.06805366 0.5762446
vn 0.6498524 -0.00011314239 0.76006037
vn 0.6786861 -0.2777195 0.679895
vn 0.49494338 0.05781404 0.8669998
vn 0.43144158 0.066538125 0.8996837
vn 0.3926614 0.17796463 0.9023003
vn 0.40699995 0.1127951 0.90643716
vn 0.4530883 0.42941535 0.78122556
vn 0.3483691 0.343398 0.8721908
vn 0.39652532 -0.2640678 0.8792246
vn 0.12378452 -0.19795458 0.9723638
vn 0.35316646 0.37502518 0.8571053
vn 0.2704515 0.5744729 0.7725522
vn 0.28703925 0.2946685 0.9114708
vn 0.334673 0.62215114 0.70775825
vn 0.20385532 0.73919445 0.64189917
vn 0.15337858 0.86181515 0.48347655
vn 0.11642183 0.89807504 0.42415467
vn 0.20016344 0.8108895 0.54990256
vn 0.2721352 0.6923495 0.6682773
vn 0.24516195 0.9065407 0.3436273
vn 0.17120776 0.756582 0.6310875
vn 0.16277455 0.8248711 0.5413798
vn 0.29367927 0.8405116 0.45529413
vn 0.09187798 0.7087699 0.6994309
vn -0 0.8527412 0.5223335
vn 0.22343643 0.65155727 0.7249478
vn 0.19926049 0.39201364 0.8981206
vn 0.08539997 0.9709457 0.22354263
vn 0.17271419 0.9339194 0.31299248
vn 0.21959637 0.8933122 0.39213628
vn 0.15249321 0.9749165 0.16212231
vn 0.19743468 0.93321437 -0.30021733
vn 0.074754514 0.96476984 -0.25225148
vn 0.13800567 0.9194613 0.36816484
vn 0.067474134 0.44257006 0.8941918
vn 0.22318044 0.8891764 -0.39944434
vn 0.6266316 0.7654059 0.14658369
vn 0.6381196 0.66516924 0.3877541
vn 0.1540148 0.9723283 -0.1756619
vn 0.5950853 0.78618044 -0.16671476
vn 0.12831295 0.6474923 -0.75119203
vn 0.0829685 0.78637236 -0.6121558
vn 0.22610117 0.8641677 -0.44954693
vn 0.19161037 0.562772 -0.8040977
vn 0.1418791 0.57230204 -0.8076761
vn 0.14100981 0.29915875 -0.9437268
vn 0.27476358 0.6968306 -0.66251963
vn 0.56721073 0.6978695 -0.43732148
vn 0.24759789 0.5012049 -0.82914954
vn 0.5008727 0.54803354 -0.6699147
vn 0.36403194 0.3901585 -0.8457288
vn 0.2203574 0.2875571 -0.93206954
vn 0.15374847 0.25276393 -0.9552339
vn -0.22035764 0.28755742 -0.9320693
vn 0.46351942 0.19057895 -0.8653493
vn -0.36403215 0.39015886 -0.84572846
vn 0.68108946 0.27149996 -0.68000346
vn 0.5075045 0.034222208 -0.8609692
vn -0.24759789 0.501205 -0.8291495
vn 0.8449256 0.33223894 -0.4191873
vn 0.73857516 0.05913729 -0.67157245
vn 0.52051526 -0.025632063 -0.8534676
vn 0.7476188 -0.0390456 -0.6629793
vn 0.9092649 0.08036472 -0.4083856
vn 0.91535074 -0.029873481 -0.40154767
vn 0.9270847 0.3472561 -0.1411636
vn 0.9854848 0.09042468 -0.1436774
vn 0.9899419 -0.031441476 -0.13793643
vn 0.9389421 0.30046174 0.16766208
vn 0.9857218 0.07942664 0.14847171
vn 0.9899602 -0.029739754 0.13818249
vn 0.91217417 0.055724535 0.4059966
vn 0.91975933 -0.026688823 0.3915744
vn 0.8791898 0.22363888 0.4207269
vn 0.7661735 0.03377666 0.6417455
vn 0.771746 -0.02556693 0.63541675
vn 0.7382004 0.11596094 0.66453975
vn 0.5424852 0.011439107 0.8399876
vn 0.5388312 0.006658954 0.84238744
vn 0.5893753 0.5541458 0.5878429
vn 0.5183743 0.018299539 0.85495794
vn 0.25140935 -0.0057859495 0.96786356
vn 0.23499025 -0.018834686 0.9718152
vn 0.23948845 0.759416 0.60492355
vn 0.43066606 0.41935542 0.799167
vn 0.13857476 0.68037105 0.7196474
vn 0.25513464 -0.018821852 0.9667223
vn 0.11442619 -0.02136403 0.99320203
vn -0 -0.0961759 0.9953643
vn -0 0.2443012 0.96969944
vn -0.23499002 -0.01883469 0.9718152
vn 0.23268166 0.33804646 0.91191214
vn -0.2514094 -0.0057859705 0.96786356
vn -0.53883106 0.006658938 0.84238756
vn -0 0.19049959 0.98168725
vn -0 0.58316594 0.8123531
vn -0.542485 0.011439072 0.8399876
vn -0.7717463 -0.025566917 0.63541645
vn -0.2551347 -0.018821858 0.9667223
vn -0.23268147 0.33804622 0.9119124
vn 0.059030212 0.6958522 0.71575505
vn -0.09187792 0.70876956 0.6994313
vn -0.1627746 0.82487106 0.5413799
vn -0.13857462 0.68037057 0.7196478
vn -0.17120767 0.75658154 0.6310882
vn -0.2721352 0.6923497 0.66827714
vn -0.51837426 0.018299516 0.85495806
vn -0.4306658 0.41935512 0.7991673
vn -0.23948827 0.7594153 0.60492456
vn -0.20016345 0.8108895 0.54990256
vn -0.27045164 0.5744731 0.77255195
vn -0.5893753 0.55414575 0.5878429
vn -0.29367918 0.8405113 0.4552946
vn -0.73820025 0.11596091 0.66454005
vn -0.63811964 0.66516924 0.38775414
vn -0.24516194 0.9065405 0.34362772
vn -0.7661733 0.033776637 0.6417457
vn -0.91975945 -0.026688805 0.3915741
vn -0.87918967 0.22363885 0.420727
vn -0.91217417 0.05572456 0.4059966
vn -0.9899601 -0.029739704 0.13818264
vn -0.6266316 0.7654059 0.14658365
vn -0.9389421 0.30046174 0.16766179
vn -0.98572195 0.07942667 0.14847146
vn -0.98994243 -0.03144142 -0.1379321
vn -0.98548466 0.090424635 -0.14367755
vn -0.9153505 -0.029873336 -0.40154824
vn -0.9270847 0.34725603 -0.1411636
vn -0.9092649 0.08036469 -0.4083857
vn -0.74761826 -0.039045557 -0.6629799
vn -0.73857504 0.05913727 -0.67157257
vn -0.5205142 -0.025632074 -0.8534682
vn -0.5075043 0.034222204 -0.86096936
vn -0.8449256 0.33223897 -0.4191872
vn -0.68108946 0.2715 -0.6800036
vn -0.46351954 0.19057912 -0.86534923
vn -0.5950854 0.78618044 -0.16671446
vn -0.5672108 0.69786966 -0.43732122
vn -0.5008726 0.5480336 -0.6699147
vn -0.27476344 0.6968303 -0.66251993
vn -0.22610116 0.8641677 -0.44954693
vn -0.14187907 0.572302 -0.8076762
vn -0.15249321 0.97491646 0.16212264
vn -0.15401478 0.9723283 -0.17566203
vn -0.08296847 0.7863724 -0.61215585
vn -0.12831293 0.6474923 -0.75119203
vn -0.074754514 0.96476984 -0.25225177
vn -0.19161037 0.5627721 -0.80409765
vn -0.19743468 0.93321437 -0.30021742
vn -0.08539996 0.9709457 0.22354238
vn -0.11642177 0.89807475 0.4241555
vn -0.15337852 0.8618148 0.4834772
vn -0.33467302 0.62215096 0.7077584
vn -0.20385528 0.73919433 0.64189935
vn -0.35316667 0.37502542 0.85710514
vn -0.17271413 0.9339194 0.31299236
vn -0.39652538 -0.26406774 0.8792245
vn -0.28703934 0.2946686 0.91147065
vn -0.12378458 -0.19795457 0.9723638
vn -0.42703938 -0.6985481 0.57416713
vn -0.678686 -0.27771956 0.679895
vn -0.84501505 -0.35291868 0.4017438
vn -0.22343646 0.6515574 0.72494775
vn -0.21959634 0.8933121 0.39213642
vn -0.19926053 0.39201352 0.8981206
vn -0.98573655 -0.16829598 0.00016516869
vn -0.22318044 0.8891764 -0.39944422
vn -0.13800564 0.919461 0.3681653
vn -0.14100982 0.29915866 -0.9437269
vn -0.06747409 0.44256976 0.894192
vn -0.8744155 -0.48517752 -0.00048459723
vn -0.87891614 -0.1953858 -0.4351216
vn -0.80990744 -0.47949266 -0.33784127
vn -0.060438164 -0.3206929 -0.945253
vn -0.33358648 -0.8026948 -0.49436927
vn -0.43391553 -0.90092295 0.007424978
vn 0.068439245 -0.9974317 0.021121256
vn 0.044207923 -0.77320194 -0.632617
vn 0.007384036 -0.6968051 0.71722245
vn 0.09356241 -0.99551624 0.013915359
vn 0.03410314 -0.6846886 0.72803736
vn -0.013649718 -0.13438788 0.9908347
vn -0.059824612 0.4821178 0.87406147
vn 0.020085895 -0.23558182 -0.97164696
vn 0.083015345 -0.73934704 -0.66818744
vn 0.07374951 -0.99723995 0.008567407
vn 0.04127792 -0.704231 0.7087699
vn 0.08354943 -0.742821 -0.66425645
vn 0.012548157 -0.15736601 0.98746055
vn 0.031809773 -0.99945766 0.008515761
vn -0.06481307 0.3942609 -0.9167102
vn -0.14061417 0.9121162 -0.38506043
vn -0.15400243 0.93323046 0.32459852
vn -0.054119173 0.42632616 -0.90294915
vn 0.050048698 -0.24167609 -0.96906537
vn -0.15847254 0.91871053 -0.36174217
vn -0.0632751 0.48378456 0.8728967
vn 0.048052426 -0.77153844 -0.6343653
vn -0.06369006 0.42854396 -0.90127337
vn -0.148537 0.9425731 0.2991535
vn 0.022082634 -0.26371217 -0.9643486
vn -0.15173529 0.92393357 -0.35117397
vn -0.025928995 0.48115999 -0.8762493
vn 0.013081534 -0.20331082 0.9790268
vn -0.03949393 0.52110887 0.85257596
vn -0.093429 0.9586024 0.26898402
vn -0.09094799 0.9409422 -0.32612285
vn -0.031628247 0.9591875 0.28099638
vn 0.034707632 -0.74438024 0.6668533
vn 0.0043527745 -0.99987197 0.015397819
vn 0.021712704 -0.77616906 0.63015085
vn 0.016100042 -0.999706 0.018131513
vn 0.02531843 -0.80739385 -0.58946943
vn 0.019879693 -0.2590854 0.9656497
vn 0.040621486 -0.32215345 -0.9458155
vn -0.03080664 0.5116936 0.8586156
vn 0.03030028 -0.7898235 0.61258525
vn -0.001545433 -0.30195034 0.9533224
vn 0.035521947 -0.81052613 -0.58462435
vn -0.012237364 -0.8203893 0.5716746
vn -0.007680421 0.4333052 -0.9012146
vn 0.044902917 -0.29065877 -0.9557725
vn -0.030714381 0.92890054 -0.36905342
vn -0.044409476 0.95779246 0.28400946
vn -0.048275348 0.4708038 -0.8809162
vn -0.02027052 -0.37149277 -0.92821455
vn -0.010419452 -0.85427135 -0.5197229
vn -0.04590885 0.94043356 -0.33686388
vn -0.032163776 0.47507766 0.87935585
vn -0.0035461541 -0.9997322 0.022867542
vn -0.027181203 -0.99931955 0.024930501
vn -0.025817955 -0.8168381 0.57628894
vn -0.025248555 -0.84769 -0.5298906
vn -0.03352159 0.42652053 -0.9038565
vn -0.05976204 0.94876903 0.31026733
vn -0.01816106 -0.29192385 0.95626915
vn 0.36311907 -0.9313014 0.0286737
vn 0.36271986 -0.75889874 0.54083914
vn 0.4243825 -0.2674336 0.86508894
vn 0.43049568 0.43517083 0.7907589
vn 0.36857963 -0.7885188 -0.49232844
vn 0.36299798 0.88732374 0.28440997
vn -0.06038218 0.9302883 -0.36182532
vn 0.3674188 0.87202054 -0.32339382
vn 0.4357835 0.39715967 -0.80768615
vn -0.018698703 -0.34584117 -0.9381068
vn 0.43285093 -0.3146051 -0.8447862
vn 0.2203574 0.2875571 -0.93206954
vn 0.36403194 0.3901585 -0.8457288
vn 0.46351942 0.19057895 -0.8653493
vn 0.26685613 0.14171965 -0.9532592
vn 0.15374847 0.25276393 -0.9552339
vn 0.5075045 0.034222208 -0.8609692
vn 0.082586475 0.023380727 -0.9963096
vn 0.24511328 0.03792549 -0.9687524
vn 0.29109612 -0.027419202 -0.95630085
vn 0.52051526 -0.025632063 -0.8534676
vn 1.4822114E-05 -0.35126725 -0.9362752
vn -0.16270547 0.010377409 -0.98662007
vn -0.28468013 0.017984115 -0.9584538
vn -0.29109576 -0.027419206 -0.956301
vn -0.2668561 0.14171977 -0.95325935
vn -0.22035764 0.28755742 -0.9320693
vn -0.5075043 0.034222204 -0.86096936
vn -0.5205142 -0.025632074 -0.8534682
vn -0.46351954 0.19057912 -0.86534923
vn -0.36403215 0.39015886 -0.84572846
vn 0.2704515 0.5744729 0.7725522
vn 0.4530883 0.42941535 0.78122556
vn 0.2721352 0.6923495 0.6682773
vn 0.16277455 0.8248711 0.5413798
vn 0.4487529 0.5295343 0.71987104
vn -0 0.8527412 0.5223335
vn 0.0440142 0.44213036 0.8958702
vn -0.448753 0.52953446 0.71987075
vn -0.1627746 0.82487106 0.5413799
vn -0.45308837 0.42941543 0.78122556
vn -0.2721352 0.6923497 0.66827714
vn -0.27045164 0.5744731 0.77255195
vn 0.79694986 -0.5608251 0.22437933
vn 0.74669254 -0.62125397 -0.23768452
vn -0.40369454 -0.7506068 -0.5230872
vn -0.5428861 -0.839627 -0.01735029
vn 0.7025198 -0.48984396 0.51625466
vn -0.43919703 -0.88077 -0.17705956
vn 0.46194017 -0.41678065 0.78288263
vn -0.27259398 -0.92514116 -0.26420912
vn -0 -0.3635371 0.9315797
vn -0 -0.96426356 -0.26494482
vn 0.272594 -0.92514116 -0.2642088
vn -0.4619401 -0.41678053 0.78288263
vn 0.43919703 -0.88077 -0.17705941
vn -0.70255834 -0.48984227 0.5162037
vn 0.5428861 -0.839627 -0.017350076
vn -0.79708815 -0.56054926 0.22457747
vn 0.4036946 -0.7506068 -0.5230871
vn -0.7466924 -0.6212539 -0.23768435
vn 0.7185616 0.31563026 -0.6197151
vn -0.59258115 0.5977754 -0.53991866
vn -0.4121505 0.14807661 -0.89900243
vn 0.7634474 0.60739255 -0.21959588
vn -0.4879267 0.514821 -0.70490205
vn 0.66740865 0.74349356 0.042225655
vn -0.31154642 0.48090127 -0.8195565
vn 0.4333718 0.8550653 0.28469667
vn -0 0.50701886 -0.86193496
vn -0.0020404835 0.89918613 0.4375617
vn -0.43337166 0.8550652 0.28469703
vn 0.31154642 0.48090148 -0.8195564
vn -0.6674084 0.74349374 0.042225692
vn 0.48792666 0.5148212 -0.7049019
vn -0.7634474 0.6073926 -0.21959585
vn 0.59258115 0.59777546 -0.5399186
vn -0.71856165 0.31563023 -0.6197149
vn 0.41215056 0.14807674 -0.8990024
vn -0.023416838 -0.39364934 0.9189624
vn -0.023416838 -0.39364934 0.9189624
vn -0.023416838 -0.39364934 0.9189624
vn -0.023416838 -0.39364934 0.9189624
vn 0.96854424 0.09520912 0.22990721
vn 0.96854424 0.09520912 0.22990721
vn 0.96854424 0.09520912 0.22990721
vn 0.96854424 0.09520912 0.22990721
vn 0.10898773 0.80357903 0.5851346
vn 0.10898773 0.80357903 0.5851346
vn 0.10898773 0.80357903 0.5851346
vn 0.10898773 0.80357903 0.5851346
vn 0.47179174 0.7487399 0.46561906
vn 0.47179174 0.7487399 0.46561906
vn 0.47179174 0.7487399 0.46561906
vn 0.47179174 0.7487399 0.46561906
vn 0.47824168 -0.46515605 0.744926
vn 0.47824168 -0.46515605 0.744926
vn 0.47824168 -0.46515605 0.744926
vn 0.47824168 -0.46515605 0.744926
vn 0.35338145 0.41544822 0.8381673
vn 0.35338145 0.41544822 0.8381673
vn 0.35338145 0.41544822 0.8381673
vn 0.35338145 0.41544822 0.8381673
vn 0.35338145 0.41544822 0.8381673
vn 0.35338145 0.41544822 0.8381673
vn 0.35338145 0.41544822 0.8381673
vn 0.35338145 0.41544822 0.8381673
vn 0.35338145 0.41544822 0.8381673
vn 0.35338145 0.41544822 0.8381673
vn -0.5730826 0.3141934 0.75687444
vn -0.5730826 0.3141934 0.75687444
vn -0.5730826 0.3141934 0.75687444
vn -0.5730826 0.3141934 0.75687444
vn 0.6305089 0.27386737 0.7262611
vn 0.6305089 0.27386737 0.7262611
vn 0.6305089 0.27386737 0.7262611
vn 0.6305089 0.27386737 0.7262611
vn 0.6305089 0.27386737 0.7262611
vn 0.6305089 0.27386737 0.7262611
vn 0.6305089 0.27386737 0.7262611
vn 0.6305089 0.27386737 0.7262611
vn 0.6305089 0.27386737 0.7262611
vn 0.6305089 0.27386737 0.7262611
vn 0.8198313 -0.30066156 0.48731843
vn 0.8198313 -0.30066156 0.48731843
vn 0.8198313 -0.30066156 0.48731843
vn 0.8198313 -0.30066156 0.48731843
vn 0.76308006 0.55115783 0.3375408
vn 0.76308006 0.55115783 0.3375408
vn 0.76308006 0.55115783 0.3375408
vn 0.76308006 0.55115783 0.3375408
vn -0.2448829 0.69768816 0.6732486
vn -0.2448829 0.69768816 0.6732486
vn -0.2448829 0.69768816 0.6732486
vn -0.2448829 0.69768816 0.6732486
vn -0.39907777 -0.12698995 0.9080807
vn -0.39907777 -0.12698995 0.9080807
vn -0.39907777 -0.12698995 0.9080807
vn -0.39907777 -0.12698995 0.9080807
vn 0.9297732 0.34208456 -0.1360143
vn 0.9297732 0.34208456 -0.1360143
vn 0.9297732 0.34208456 -0.1360143
vn 0.9297732 0.34208456 -0.1360143
vn 0.7158307 -0.48112842 0.50606513
vn 0.7158307 -0.48112842 0.50606513
vn 0.7158307 -0.48112842 0.50606513
vn 0.7158307 -0.48112842 0.50606513
vn 0.7401788 0.6714675 0.035592027
vn 0.7401788 0.6714675 0.035592027
vn 0.7401788 0.6714675 0.035592027
vn 0.7401788 0.6714675 0.035592027
vn 0.08765121 0.03178216 0.9956441
vn 0.08765121 0.03178216 0.9956441
vn 0.08765121 0.03178216 0.9956441
vn 0.08765121 0.03178216 0.9956441
vn 0.28656146 -0.31222954 0.9057567
vn 0.28656146 -0.31222954 0.9057567
vn 0.28656146 -0.31222954 0.9057567
vn 0.28656146 -0.31222954 0.9057567
vn 0.061136574 0.6798176 0.73082846
vn 0.061136574 0.6798176 0.73082846
vn 0.061136574 0.6798176 0.73082846
vn 0.061136574 0.6798176 0.73082846
vn 0.021447374 0.3703392 0.928649
vn 0.021447374 0.3703392 0.928649
vn 0.021447374 0.3703392 0.928649
vn 0.021447374 0.3703392 0.928649
vn 0.3224147 0.8536144 0.40913466
vn 0.3224147 0.8536144 0.40913466
vn 0.3224147 0.8536144 0.40913466
vn 0.3224147 0.8536144 0.40913466
vn 0.9995881 0.010046165 -0.026886806
vn 0.9995881 0.010046165 -0.026886806
vn 0.9995881 0.010046165 -0.026886806
vn 0.9995881 0.010046165 -0.026886806
vn 0.93965065 -0.30521873 0.15459038
vn 0.93965065 -0.30521873 0.15459038
vn 0.93965065 -0.30521873 0.15459038
vn 0.93965065 -0.30521873 0.15459038
vn -0.7868135 0.11021417 -0.6072704
vn -0.7914891 0.11813718 -0.599657
vn -0.79999816 0.13303037 -0.585069
vn -0.79999816 0.13303037 -0.585069
vn -1 0 0
vn -1 0 0
vn -1 0 0
vn -1 0 0
vn -1 0 0
vn -1 0 0
vn -1 0 0
vn -1 0 0
vn 0.29129446 0.7458931 -0.5989917
vn 0.005898798 0.9920249 0.12590444
vn 0.10728804 0.77911454 -0.6176323
vn 0.0070907194 0.99222565 0.124249674
vn 0.5047005 0.7254854 -0.4679193
vn 0.0067518596 0.99234796 0.12328781
vn 0.6559126 0.6886185 -0.30916524
vn 0.005310018 0.9924062 0.12288937
vn 0.7240439 0.677149 -0.13126199
vn 0.004348663 0.992496 0.122199796
vn 0.74924636 0.6622422 0.00807039
vn 0.0040047485 0.99258536 0.12148335
vn 0.7458548 0.6490801 0.14965197
vn 0.0034643598 0.9925338 0.1219208
vn 0.7134996 0.6375749 0.29054505
vn 0.0013535848 0.9922563 0.124199644
vn 0.6418427 0.614559 0.45864487
vn -0.00056011253 0.9920364 0.12595002
vn 0.48308623 0.62159854 0.6166384
vn 0.0032014286 0.9921393 0.12509799
vn 0.24912591 0.60410684 0.75696176
vn 0.0054963045 0.9922098 0.12445675
vn -0 0.6599551 0.751305
vn -0 0.99234605 0.123487785
vn -0.005496309 0.9922099 0.124456204
vn -0.24912581 0.6041071 0.7569617
vn -0.003201411 0.9921393 0.12509729
vn -0.48308572 0.6215987 0.61663854
vn 0.00056010776 0.9920365 0.1259498
vn -0.6418429 0.61455923 0.45864442
vn -0.0013536 0.9922563 0.124199584
vn -0.71349984 0.63757485 0.2905446
vn -0.003464365 0.9925339 0.12191979
vn -0.7458549 0.64908004 0.1496515
vn -0.004004755 0.9925855 0.12148257
vn -0.7492465 0.66224205 0.008069693
vn -0.004348673 0.992496 0.122199856
vn -0.7240441 0.6771489 -0.13126168
vn -0.00531002 0.9924062 0.1228892
vn -0.6559125 0.6886185 -0.3091654
vn -0.006751869 0.9923481 0.12328729
vn -0.5047004 0.7254853 -0.46791947
vn -0.0070907422 0.99222565 0.124249674
vn -0.2912949 0.7458932 -0.59899133
vn -0.10728799 0.77911454 -0.6176323
vn -0.08232964 -0.96857274 0.23470974
vn 0.40189388 -0.75134706 0.5234108
vn 0.47908282 -0.26253366 0.83758926
vn -0.053507574 0.27303767 0.9605141
vn 0.50660586 0.021558072 0.8619082
vn -0.036988206 0.07217105 0.9967062
vn 0.32295272 -0.15217507 0.9341008
vn 0.32295272 -0.15217507 0.9341008
vn 0.32295272 -0.15217507 0.9341008
vn 0.32295272 -0.15217507 0.9341008
vn 0.4288329 0.054899868 -0.90171415
vn 0.4463121 0.0828508 -0.8910339
vn 0.3601057 0.075264774 -0.9298705
vn 0.35629255 0.046915803 -0.9331959
vn 0.3974571 0.1628206 -0.90305996
vn 0.33785215 0.143674 -0.93016857
vn 0.37505478 0.22096294 -0.900283
vn 0.31332815 0.21282217 -0.9254903
vn 0.3650088 0.18045168 -0.9133487
vn 0.29774538 0.16905563 -0.9395573
vn 0.3502837 0.23887046 -0.90567225
vn 0.28215367 0.22663069 -0.9322166
vn 0.32623553 0.35804802 -0.8748554
vn 0.2639646 0.3464333 -0.90017045
vn 0.29980096 0.41870454 -0.85720813
vn 0.24207066 0.41133165 -0.87875366
vn 0.2786665 0.41703433 -0.86511695
vn 0.22481363 0.41015223 -0.8838744
vn 0.2575391 0.4166077 -0.87184376
vn 0.20766906 0.41022184 -0.8880268
vn 0.23837487 0.4163679 -0.8773911
vn 0.19222155 0.4105407 -0.89135134
vn 0.2225425 0.41407755 -0.88261807
vn 0.17962691 0.40908408 -0.8946421
vn 0.21016705 0.4097577 -0.88765335
vn 0.169563 0.4056503 -0.8981627
vn 0.20127593 0.40407863 -0.8923051
vn 0.1626428 0.40141806 -0.9013384
vn 0.19014442 0.4717842 -0.86096734
vn 0.15438607 0.47451916 -0.8666005
vn 0.18095988 0.5423911 -0.8204056
vn 0.14491391 0.5448254 -0.825933
vn 0.102456525 0.4728969 -0.8751406
vn 0.0971123 0.54673517 -0.8316549
vn 0.07125859 0.47682697 -0.87610406
vn -0 0.48563632 -0.874161
vn -0.097112305 0.54673517 -0.8316549
vn -0.102456555 0.4728969 -0.8751407
vn -0.14491382 0.5448253 -0.825933
vn -0.15438598 0.47451913 -0.8666006
vn -0.18095969 0.54239106 -0.8204057
vn -0.19014429 0.47178417 -0.86096734
vn -0.16264284 0.40141803 -0.90133834
vn -0.20127597 0.40407875 -0.8923051
vn -0.16956307 0.40565023 -0.8981627
vn -0.21016707 0.40975767 -0.88765335
vn -0.1796269 0.40908396 -0.8946421
vn -0.22254242 0.4140774 -0.88261807
vn -0.19222155 0.41054076 -0.89135134
vn -0.2383748 0.41636786 -0.87739116
vn -0.20766914 0.4102219 -0.8880268
vn -0.25753912 0.41660777 -0.87184376
vn -0.22481373 0.4101523 -0.8838744
vn -0.2786666 0.41703433 -0.86511695
vn -0.24207076 0.41133165 -0.87875366
vn -0.2998011 0.4187046 -0.8572081
vn -0.26396465 0.34643325 -0.9001703
vn -0.32623556 0.35804808 -0.8748554
vn -0.28215376 0.22663075 -0.9322166
vn -0.35028368 0.23887047 -0.90567225
vn -0.29774544 0.1690557 -0.9395573
vn -0.36500883 0.18045172 -0.9133487
vn -0.31332824 0.21282224 -0.9254902
vn -0.37505472 0.22096299 -0.90028286
vn -0.33785212 0.14367406 -0.9301687
vn -0.39745697 0.16282067 -0.90305996
vn -0.35629243 0.046915803 -0.9331959
vn -0.42883265 0.054899883 -0.90171415
vn -0.36010575 0.07526479 -0.9298705
vn -0.44631216 0.082850814 -0.89103377
vn 0.35629255 0.046915803 -0.9331959
vn 0.3601057 0.075264774 -0.9298705
vn 0.21254513 0.073570386 -0.97437775
vn 0.21477936 0.039719556 -0.9758546
vn 0.33785215 0.143674 -0.93016857
vn -0 0.14743575 -0.9890717
vn 0.222028 0.13143204 -0.9661414
vn 0.31332815 0.21282217 -0.9254903
vn 0.06622122 0.04520837 -0.9967803
vn 0.2083146 0.19387873 -0.9586533
vn 0.29774538 0.16905563 -0.9395573
vn -0.21477935 0.039719556 -0.9758546
vn -0.21254508 0.07357039 -0.97437775
vn -0 0.21318848 -0.97701114
vn 0.18923903 0.14579928 -0.97104645
vn 0.28215367 0.22663069 -0.9322166
vn -0.35629243 0.046915803 -0.9331959
vn -0.36010575 0.07526479 -0.9298705
vn -0.33785212 0.14367406 -0.9301687
vn -0.22202802 0.13143207 -0.9661414
vn -0.31332824 0.21282224 -0.9254902
vn -0.20831469 0.19387875 -0.9586533
vn -0.29774544 0.1690557 -0.9395573
vn -0 0.27569932 -0.961244
vn -0.18923911 0.14579931 -0.97104645
vn -0.28215376 0.22663075 -0.9322166
vn -0 0.20972896 -0.97775954
vn -0.17104118 0.20757759 -0.96314925
vn -0.26396465 0.34643325 -0.9001703
vn 0.17104112 0.20757757 -0.96314925
vn 0.2639646 0.3464333 -0.90017045
vn -0 0.27166083 -0.9623931
vn -0.15834989 0.32894492 -0.9309782
vn -0.24207076 0.41133165 -0.87875366
vn 0.15834983 0.32894495 -0.9309782
vn 0.24207066 0.41133165 -0.87875366
vn -0 0.39197254 -0.9199769
vn -0.1465934 0.3980795 -0.9055622
vn -0.22481373 0.4101523 -0.8838744
vn 0.1465934 0.39807954 -0.9055622
vn 0.22481363 0.41015223 -0.8838744
vn -0 0.4624302 -0.8866557
vn -0.13813661 0.3988514 -0.90655166
vn -0.20766914 0.4102219 -0.8880268
vn 0.13813661 0.39885142 -0.90655166
vn 0.20766906 0.41022184 -0.8880268
vn -0 0.46435413 -0.8856497
vn -0.13038889 0.40027624 -0.907071
vn -0.19222155 0.41054076 -0.89135134
vn 0.13038889 0.40027624 -0.907071
vn 0.19222155 0.4105407 -0.89135134
vn -0 0.46628606 -0.88463396
vn -0.12354065 0.40131128 -0.907572
vn -0.1796269 0.40908396 -0.8946421
vn 0.123540625 0.40131128 -0.907572
vn 0.17962691 0.40908408 -0.8946421
vn -0 0.46721974 -0.8841413
vn -0.11762666 0.40070742 -0.90862393
vn -0.16956307 0.40565023 -0.8981627
vn 0.1176266 0.40070742 -0.90862393
vn 0.169563 0.4056503 -0.8981627
vn -0 0.46643224 -0.88455695
vn -0.11222257 0.39828563 -0.9103706
vn -0.16264284 0.40141803 -0.90133834
vn 0.11222254 0.39828563 -0.9103706
vn 0.1626428 0.40141806 -0.9013384
vn -0 0.463945 -0.885864
vn -0.107944414 0.39603502 -0.9118686
vn -0.15438598 0.47451913 -0.8666006
vn -0.102456555 0.4728969 -0.8751407
vn 0.10794441 0.39603508 -0.9118686
vn 0.15438607 0.47451916 -0.8666005
vn 0.102456525 0.4728969 -0.8751406
vn -0 0.46200025 -0.88687986
vn 0.07125859 0.47682697 -0.87610406
vn 0.034870636 0.3356397 0.9413448
vn 0.034870636 0.3356397 0.9413448
vn 0.034870636 0.3356397 0.9413448
vn 0.034870636 0.3356397 0.9413448
vn 0.09970779 0.3341697 0.93722403
vn 0.09970779 0.3341697 0.93722403
vn 0.09970779 0.3341697 0.93722403
vn 0.09970779 0.3341697 0.93722403
vn 0.27168524 0.3232112 0.90648866
vn 0.27168524 0.3232112 0.90648866
vn 0.27168524 0.3232112 0.90648866
vn 0.27168524 0.3232112 0.90648866
vn 0.2716868 0.32321128 0.90648806
vn 0.2716868 0.32321128 0.90648806
vn 0.27168575 0.32321143 0.9064885
vn 0.27168575 0.32321143 0.9064885
vn 0.27168584 0.3232116 0.90648836
vn 0.27168584 0.3232116 0.90648836
vn 0.27168638 0.3232112 0.90648824
vn 0.27168638 0.3232112 0.90648824
vn 0.2716855 0.32321128 0.90648854
vn 0.2716855 0.32321128 0.90648854
vn 0.27168545 0.3232119 0.90648836
vn 0.27168545 0.3232119 0.90648836
vn 0.27168545 0.3232119 0.90648836
vn 0.27168545 0.3232119 0.90648836
vn 0.099708796 0.33417088 0.93722355
vn 0.099708796 0.33417088 0.93722355
vn 0.099708796 0.33417088 0.93722355
vn 0.099708796 0.33417088 0.93722355
vn 0.09970785 0.33417028 0.93722385
vn 0.09970785 0.33417028 0.93722385
vn 0.09970746 0.33417007 0.937224
vn 0.09970746 0.33417007 0.937224
vn 0.09970745 0.33417043 0.93722385
vn 0.09970745 0.33417043 0.93722385
vn 0.09970793 0.33417046 0.93722385
vn 0.09970793 0.33417046 0.93722385
vn 0.09970745 0.3341702 0.93722385
vn 0.09970745 0.3341702 0.93722385
vn 0.09970784 0.3341706 0.93722373
vn 0.09970784 0.3341706 0.93722373
vn 0.034871627 0.3356399 0.94134474
vn 0.034871627 0.3356399 0.94134474
vn 0.034871627 0.3356399 0.94134474
vn 0.034871627 0.3356399 0.94134474
vn 0.034872334 0.33563954 0.9413448
vn 0.034872334 0.33563954 0.9413448
vn 0.03487222 0.33563954 0.9413448
vn 0.03487222 0.33563954 0.9413448
vn 0.03487248 0.3356396 0.9413448
vn 0.03487248 0.3356396 0.9413448
vn 0.034873247 0.33563966 0.94134474
vn 0.034873247 0.33563966 0.94134474
vn 0.03487179 0.3356397 0.9413448
vn 0.03487179 0.3356397 0.9413448
vn 0.03487174 0.3356396 0.9413448
vn 0.03487174 0.3356396 0.9413448
vn 0.9567934 0.04379126 0.28745192
vn 0.9567934 0.04379126 0.28745192
vn 0.9567934 0.04379126 0.28745192
vn 0.9567934 0.04379126 0.28745192
vn 0.9567934 0.04379126 0.28745192
vn 0.9567934 0.04379126 0.28745192
vn 0.680309 0.33083296 0.65401
vn 0.680309 0.33083296 0.65401
vn 0.680309 0.33083296 0.65401
vn 0.680309 0.33083296 0.65401
vn 0.66364443 -0.038667493 0.7470481
vn 0.66364443 -0.038667493 0.7470481
vn 0.66364443 -0.038667493 0.7470481
vn 0.66364443 -0.038667493 0.7470481
vn 0.66335595 -0.19354835 0.72284025
vn 0.66335595 -0.19354835 0.72284025
vn 0.66335595 -0.19354835 0.72284025
vn 0.66335595 -0.19354835 0.72284025
vn 0.7504794 0.5246796 0.40186065
vn 0.7504794 0.5246796 0.40186065
vn 0.7504794 0.5246796 0.40186065
vn 0.7504794 0.5246796 0.40186065
vn 0.943717 0.23164211 -0.23609336
vn 0.943717 0.23164211 -0.23609336
vn 0.943717 0.23164211 -0.23609336
vn 0.943717 0.23164211 -0.23609336
vn 0.92628986 -0.35597947 -0.123554595
vn 0.92628986 -0.35597947 -0.123554595
vn 0.92628986 -0.35597947 -0.123554595
vn 0.92628986 -0.35597947 -0.123554595
vn 0.33700243 -0.14128272 -0.930843
vn 0.10728804 0.77911454 -0.6176323
vn 0.14147678 -0.09274651 -0.98558736
vn 0.29129446 0.7458931 -0.5989917
vn 0.6204633 -0.2176245 -0.7534354
vn 0.5047005 0.7254854 -0.4679193
vn 0.79858464 -0.26918897 -0.5383306
vn 0.6559126 0.6886185 -0.30916524
vn 0.8981016 -0.3118554 -0.31009623
vn 0.7240439 0.677149 -0.13126199
vn 0.93298197 -0.33678612 -0.12696373
vn 0.74924636 0.6622422 0.00807039
vn 0.9313745 -0.35947916 0.057585888
vn 0.7458548 0.6490801 0.14965197
vn 0.8937686 -0.38051385 0.23745936
vn 0.7134996 0.6375749 0.29054505
vn 0.8001266 -0.38176137 0.46266147
vn 0.6418427 0.614559 0.45864487
vn 0.62288845 -0.37655148 0.6857252
vn 0.48308623 0.62159854 0.6166384
vn 0.28732917 -0.35960084 0.8877664
vn 0.24912591 0.60410684 0.75696176
vn -0 -0.34864125 0.93725634
vn -0 0.6599551 0.751305
vn -0.24912581 0.6041071 0.7569617
vn -0.28732896 -0.35960075 0.8877664
vn -0.48308572 0.6215987 0.61663854
vn -0.622888 -0.3765512 0.6857256
vn -0.6418429 0.61455923 0.45864442
vn -0.8001266 -0.38176134 0.46266153
vn -0.71349984 0.63757485 0.2905446
vn -0.89376867 -0.3805139 0.23745893
vn -0.7458549 0.64908004 0.1496515
vn -0.9313745 -0.35947925 0.05758598
vn -0.7492465 0.66224205 0.008069693
vn -0.93298185 -0.3367862 -0.1269637
vn -0.7240441 0.6771489 -0.13126168
vn -0.8981016 -0.31185555 -0.310096
vn -0.6559125 0.6886185 -0.3091654
vn -0.79858464 -0.26918897 -0.5383306
vn -0.5047004 0.7254853 -0.46791947
vn -0.6204634 -0.21762446 -0.7534353
vn -0.2912949 0.7458932 -0.59899133
vn -0.3370027 -0.14128272 -0.9308429
vn -0.10728799 0.77911454 -0.6176323
vn -0.1414768 -0.09274651 -0.98558736
vn -1 0 0
vn -1 0 0
vn -1 0 0
vn -1 0 0
vn -0.9651952 0.16160129 -0.20562887
vn -0.9826598 0.17538773 0.06015838
vn -0.9935975 -0.07985003 0.07992464
vn -0.916695 0.15807445 0.3669917
vn -0.92748106 -0.06264536 0.36858433
vn -0.54045653 0.042824365 0.84028137
vn -0.51716155 -0.0566069 0.85401374
vn -0.36287147 0.090267375 0.92745674
vn 0.03698804 0.07217092 0.9967062
vn -0.47850296 0.008674412 0.8780431
vn 0.05350744 0.2730377 0.9605141
vn 0.71876776 0.5850871 0.37556082
vn -0.25760767 0.07833624 0.96306896
vn -0.15160723 -0.6850342 0.7125612
vn 0.87000453 -0.36115375 0.33564872
vn 0.023417166 -0.39364108 0.9189659
vn 0.023417166 -0.39364108 0.9189659
vn 0.023417166 -0.39364108 0.9189659
vn 0.023417166 -0.39364108 0.9189659
vn -0.96854436 0.09520862 0.22990702
vn -0.96854436 0.09520862 0.22990702
vn -0.96854436 0.09520862 0.22990702
vn -0.96854436 0.09520862 0.22990702
vn -0.10898793 0.8035799 0.58513325
vn -0.10898793 0.8035799 0.58513325
vn -0.10898793 0.8035799 0.58513325
vn -0.10898793 0.8035799 0.58513325
vn -0.47178996 0.7487365 0.46562636
vn -0.47178996 0.7487365 0.46562636
vn -0.47178996 0.7487365 0.46562636
vn -0.47178996 0.7487365 0.46562636
vn -0.4782506 -0.4651647 0.7449149
vn -0.4782506 -0.4651647 0.7449149
vn -0.4782506 -0.4651647 0.7449149
vn -0.4782506 -0.4651647 0.7449149
vn -0.3533819 0.4154484 0.8381671
vn -0.3533819 0.4154484 0.8381671
vn -0.3533819 0.4154484 0.8381671
vn -0.3533819 0.4154484 0.8381671
vn -0.3533819 0.4154484 0.8381671
vn -0.3533819 0.4154484 0.8381671
vn -0.3533819 0.4154484 0.8381671
vn -0.3533819 0.4154484 0.8381671
vn -0.3533819 0.4154484 0.8381671
vn -0.3533819 0.4154484 0.8381671
vn 0.5730809 0.31419417 0.7568754
vn 0.5730809 0.31419417 0.7568754
vn 0.5730809 0.31419417 0.7568754
vn 0.5730809 0.31419417 0.7568754
vn -0.63050926 0.27386716 0.7262609
vn -0.63050926 0.27386716 0.7262609
vn -0.63050926 0.27386716 0.7262609
vn -0.63050926 0.27386716 0.7262609
vn -0.63050926 0.27386716 0.7262609
vn -0.63050926 0.27386716 0.7262609
vn -0.63050926 0.27386716 0.7262609
vn -0.63050926 0.27386716 0.7262609
vn -0.63050926 0.27386716 0.7262609
vn -0.63050926 0.27386716 0.7262609
vn -0.8198267 -0.30066037 0.48732683
vn -0.8198267 -0.30066037 0.48732683
vn -0.8198267 -0.30066037 0.48732683
vn -0.8198267 -0.30066037 0.48732683
vn -0.7630829 0.55116075 0.3375296
vn -0.7630829 0.55116075 0.3375296
vn -0.7630829 0.55116075 0.3375296
vn -0.7630829 0.55116075 0.3375296
vn 0.24488685 0.6976942 0.67324084
vn 0.24488685 0.6976942 0.67324084
vn 0.24488685 0.6976942 0.67324084
vn 0.24488685 0.6976942 0.67324084
vn 0.3990787 -0.12699075 0.9080801
vn 0.3990787 -0.12699075 0.9080801
vn 0.3990787 -0.12699075 0.9080801
vn 0.3990787 -0.12699075 0.9080801
vn -0.92977285 0.3420831 -0.13601984
vn -0.92977285 0.3420831 -0.13601984
vn -0.92977285 0.3420831 -0.13601984
vn -0.92977285 0.3420831 -0.13601984
vn -0.71583384 -0.4811284 0.5060606
vn -0.71583384 -0.4811284 0.5060606
vn -0.71583384 -0.4811284 0.5060606
vn -0.71583384 -0.4811284 0.5060606
vn -0.74017936 0.6714665 0.0355983
vn -0.74017936 0.6714665 0.0355983
vn -0.74017936 0.6714665 0.0355983
vn -0.74017936 0.6714665 0.0355983
vn -0.08765085 0.031782497 0.9956441
vn -0.08765085 0.031782497 0.9956441
vn -0.08765085 0.031782497 0.9956441
vn -0.08765085 0.031782497 0.9956441
vn -0.28656283 -0.3122308 0.9057559
vn -0.28656283 -0.3122308 0.9057559
vn -0.28656283 -0.3122308 0.9057559
vn -0.28656283 -0.3122308 0.9057559
vn -0.06113811 0.67981154 0.730834
vn -0.06113811 0.67981154 0.730834
vn -0.06113811 0.67981154 0.730834
vn -0.06113811 0.67981154 0.730834
vn -0.021449218 0.37033972 0.92864877
vn -0.021449218 0.37033972 0.92864877
vn -0.021449218 0.37033972 0.92864877
vn -0.021449218 0.37033972 0.92864877
vn -0.3224168 0.8536187 0.40912414
vn -0.3224168 0.8536187 0.40912414
vn -0.3224168 0.8536187 0.40912414
vn -0.3224168 0.8536187 0.40912414
vn -0.9995881 0.010046154 -0.026886372
vn -0.9995881 0.010046154 -0.026886372
vn -0.9995881 0.010046154 -0.026886372
vn -0.9995881 0.010046154 -0.026886372
vn -0.9396516 -0.3052184 0.15458503
vn -0.9396516 -0.3052184 0.15458503
vn -0.9396516 -0.3052184 0.15458503
vn -0.9396516 -0.3052184 0.15458503
vn 0.78681237 0.11021401 -0.60727197
vn 0.7999965 0.13303015 -0.5850714
vn 0.7999965 0.13303015 -0.5850714
vn 0.7914879 0.11813702 -0.59965885
vn 0.08232955 -0.96857285 0.2347092
vn -0.47908288 -0.2625336 0.83758914
vn -0.40189397 -0.7513472 0.5234106
vn 0.05350744 0.2730377 0.9605141
vn -0.50660586 0.021558093 0.8619082
vn 0.03698804 0.07217092 0.9967062
vn -0.3229528 -0.1521751 0.9341008
vn -0.3229528 -0.1521751 0.9341008
vn -0.3229528 -0.1521751 0.9341008
vn -0.3229528 -0.1521751 0.9341008
vn -0.03487025 0.3356397 0.9413448
vn -0.03487025 0.3356397 0.9413448
vn -0.03487025 0.3356397 0.9413448
vn -0.03487025 0.3356397 0.9413448
vn -0.099707924 0.3341697 0.93722403
vn -0.099707924 0.3341697 0.93722403
vn -0.099707924 0.3341697 0.93722403
vn -0.099707924 0.3341697 0.93722403
vn -0.27168566 0.32321113 0.90648854
vn -0.27168566 0.32321113 0.90648854
vn -0.27168566 0.32321113 0.90648854
vn -0.27168566 0.32321113 0.90648854
vn -0.2716868 0.32321128 0.90648806
vn -0.2716868 0.32321128 0.90648806
vn -0.27168563 0.32321143 0.9064885
vn -0.27168563 0.32321143 0.9064885
vn -0.27168596 0.32321158 0.90648824
vn -0.27168596 0.32321158 0.90648824
vn -0.27168638 0.3232112 0.90648824
vn -0.27168638 0.3232112 0.90648824
vn -0.27168542 0.32321128 0.90648854
vn -0.27168542 0.32321128 0.90648854
vn -0.27168542 0.3232119 0.90648836
vn -0.27168542 0.3232119 0.90648836
vn -0.27168542 0.3232119 0.90648836
vn -0.27168542 0.3232119 0.90648836
vn -0.09970864 0.33417088 0.93722355
vn -0.09970864 0.33417088 0.93722355
vn -0.09970864 0.33417088 0.93722355
vn -0.09970864 0.33417088 0.93722355
vn -0.099707805 0.33417028 0.93722385
vn -0.099707805 0.33417028 0.93722385
vn -0.09970753 0.33417007 0.937224
vn -0.09970753 0.33417007 0.937224
vn -0.09970762 0.33417043 0.93722385
vn -0.09970762 0.33417043 0.93722385
vn -0.09970781 0.33417046 0.93722385
vn -0.09970781 0.33417046 0.93722385
vn -0.09970744 0.3341702 0.93722385
vn -0.09970744 0.3341702 0.93722385
vn -0.099707924 0.3341706 0.93722373
vn -0.099707924 0.3341706 0.93722373
vn -0.034871552 0.3356399 0.94134474
vn -0.034871552 0.3356399 0.94134474
vn -0.034871552 0.3356399 0.94134474
vn -0.034871552 0.3356399 0.94134474
vn -0.0348724 0.33563954 0.9413448
vn -0.0348724 0.33563954 0.9413448
vn -0.03487243 0.33563954 0.9413448
vn -0.03487243 0.33563954 0.9413448
vn -0.0348724 0.3356396 0.9413448
vn -0.0348724 0.3356396 0.9413448
vn -0.034873303 0.33563966 0.94134474
vn -0.034873303 0.33563966 0.94134474
vn -0.034871995 0.3356397 0.9413448
vn -0.034871995 0.3356397 0.9413448
vn -0.034871962 0.3356396 0.9413448
vn -0.034871962 0.3356396 0.9413448
vn -0.9599047 0.043791376 0.27688485
vn -0.9599047 0.043791376 0.27688485
vn -0.9599047 0.043791376 0.27688485
vn -0.9599047 0.043791376 0.27688485
vn -0.9599047 0.043791376 0.27688485
vn -0.9599047 0.043791376 0.27688485
vn -0.68747735 0.33083647 0.64646894
vn -0.68747735 0.33083647 0.64646894
vn -0.68747735 0.33083647 0.64646894
vn -0.68747735 0.33083647 0.64646894
vn -0.67183816 -0.038667634 0.73968786
vn -0.67183816 -0.038667634 0.73968786
vn -0.67183816 -0.038667634 0.73968786
vn -0.67183816 -0.038667634 0.73968786
vn -0.67128325 -0.19355097 0.71548367
vn -0.67128325 -0.19355097 0.71548367
vn -0.67128325 -0.19355097 0.71548367
vn -0.67128325 -0.19355097 0.71548367
vn -0.7548668 0.5246778 0.3935598
vn -0.7548668 0.5246778 0.3935598
vn -0.7548668 0.5246778 0.3935598
vn -0.7548668 0.5246778 0.3935598
vn -0.9410567 0.23164286 -0.2464827
vn -0.9410567 0.23164286 -0.2464827
vn -0.9410567 0.23164286 -0.2464827
vn -0.9410567 0.23164286 -0.2464827
vn -0.92487186 -0.35597795 -0.1337603
vn -0.92487186 -0.35597795 -0.1337603
vn -0.92487186 -0.35597795 -0.1337603
vn -0.92487186 -0.35597795 -0.1337603
vn -0.6204504 -0.7014005 0.3508256
vn -0.93378097 -0.23682694 0.26826504
vn -0.60880464 -0.7117401 0.35040382
vn -0.060019527 -0.971394 0.22976351
vn -0.93976516 -0.21917391 0.26230568
vn -0.06039388 -0.9713398 0.22989497
vn -0.9646323 0.2619449 -0.02948499
vn -0.9530495 0.29618192 -0.06303152
vn 0.48989323 -0.87105244 -0.035668805
vn 0.5010486 -0.86434335 -0.043135535
vn -0.6618374 0.5925634 -0.45917293
vn -0.6901628 0.5798623 -0.43293756
vn -0.1708635 0.63772833 -0.75107145
vn -0.17017725 0.63762367 -0.751316
vn 0.8071367 -0.47352996 -0.35256162
vn 0.8018917 -0.48947325 -0.3426161
vn 0.39463145 0.4170616 -0.8187341
vn 0.36096144 0.43880266 -0.8228968
vn 0.7456756 0.04636972 -0.6646936
vn 0.76694465 0.0069130436 -0.64167607
vn -0.00066774036 -0.92959815 0.368574
vn -0.48381588 -0.4824175 0.7302024
vn -0.47635448 -0.4948279 0.7267956
vn -0.67010456 0.012143657 0.74216735
vn -0.022342307 -0.92085105 0.38927367
vn -0.6710076 0.016990887 0.7412559
vn 0.47641748 -0.85810834 -0.1915109
vn 0.4675728 -0.8657151 -0.1786424
vn 0.6741965 -0.47936946 -0.5618398
vn 0.6734199 -0.48325682 -0.55943584
vn -0.671817 0.4909932 0.55460566
vn -0.6725229 0.4876099 0.5567312
vn -0.4648964 0.8679384 0.17479815
vn -0.45589328 0.8751866 0.16189387
vn 0.023512704 0.92035085 -0.39038628
vn 0.046598163 0.90998346 -0.41201788
vn 0.6711852 -0.01796416 -0.741072
vn 0.67031646 -0.013281552 -0.7419565
vn 0.48267522 0.4843265 -0.7296934
vn 0.49058956 0.47089264 -0.7331999
vn 0.59770334 -0.24896173 0.762082
vn -0 -0.5375921 0.843205
vn -0.5977033 -0.24896167 0.762082
vn 0.580003 -0.200981 0.7894322
vn 0.6264361 -0.38867095 0.6756572
vn 0.4487529 0.5295343 0.71987104
vn 0.018830154 -0.2749234 0.96128166
vn 0.0440142 0.44213036 0.8958702
vn -0.448753 0.52953446 0.71987075
vn -0.5800022 -0.20098159 0.7894325
vn -0.6281454 -0.3898306 0.6733985
vn 0.43391556 -0.90092295 0.007424728
vn -0.06843923 -0.9974317 0.02112129
vn -0.00738404 -0.6968054 0.7172222
vn -0.044207934 -0.7732022 -0.6326168
vn -0.09356242 -0.99551624 0.013915841
vn -0.03410313 -0.68468857 0.7280374
vn 0.060438134 -0.3206928 -0.9452531
vn 0.0136497235 -0.1343878 0.9908347
vn 0.059824612 0.4821178 0.87406147
vn -0.08301538 -0.7393474 -0.668187
vn -0.0200859 -0.23558182 -0.97164696
vn 0.06481303 0.3942608 -0.9167103
vn -0.07374954 -0.99723995 0.008567629
vn -0.04127792 -0.7042309 0.70877004
vn 0.14061414 0.9121161 -0.38506073
vn -0.08354944 -0.74282104 -0.6642562
vn 0.05411913 0.42632598 -0.9029493
vn 0.15400247 0.93323034 0.32459858
vn -0.012548153 -0.15736605 0.98746055
vn -0.031809773 -0.99945766 0.008515859
vn -0.05004871 -0.24167623 -0.96906537
vn 0.15847255 0.91871053 -0.36174223
vn 0.06327515 0.48378488 0.8728966
vn -0.034707632 -0.74438 0.6668536
vn -0.04805243 -0.7715382 -0.6343657
vn 0.063690044 0.4285438 -0.9012734
vn 0.14853702 0.9425731 0.29915342
vn -0.013081545 -0.20331107 0.9790268
vn -0.0043527726 -0.99987197 0.015397619
vn -0.02208265 -0.26371235 -0.9643486
vn 0.1517353 0.92393357 -0.35117406
vn 0.039493963 0.52110916 0.8525758
vn -0.021712705 -0.776169 0.6301509
vn -0.016100042 -0.999706 0.018131334
vn -0.025318442 -0.8073936 -0.5894698
vn 0.025928989 0.48115978 -0.8762493
vn 0.09342904 0.9586026 0.2689834
vn -0.0198797 -0.25908557 0.9656497
vn -0.04062149 -0.3221535 -0.9458155
vn 0.090948015 0.9409422 -0.32612324
vn 0.03162826 0.9591874 0.2809965
vn 0.030714396 0.92890054 -0.36905333
vn 0.03080664 0.5116936 0.8586156
vn -0.030300274 -0.7898234 0.6125854
vn 0.0015454217 -0.30195013 0.9533224
vn 0.044409476 0.95779246 0.2840094
vn 0.007680409 0.43330517 -0.9012145
vn 0.012237344 -0.8203887 0.5716752
vn 0.032163776 0.47507757 0.87935585
vn -0.044902924 -0.29065877 -0.9557725
vn 0.048275348 0.4708038 -0.8809162
vn 0.045908853 0.94043344 -0.33686388
vn -0.03552194 -0.8105259 -0.5846247
vn 0.020270502 -0.37149262 -0.92821455
vn 0.010419453 -0.8542712 -0.5197231
vn 0.003546159 -0.9997322 0.022868106
vn 0.027181195 -0.99931955 0.024930602
vn 0.05976204 0.94876903 0.31026706
vn 0.03352161 0.42652082 -0.9038563
vn 0.025248554 -0.8476899 -0.52989095
vn 0.025817934 -0.8168378 0.5762894
vn 0.01816105 -0.2919237 0.95626926
vn -0.36311826 -0.9313017 0.028673178
vn -0.3627199 -0.7588988 0.54083896
vn -0.4243823 -0.26743388 0.86508894
vn -0.43049568 0.43517098 0.7907589
vn -0.36857843 -0.7885191 -0.49232873
vn -0.3629979 0.88732386 0.28440964
vn 0.018698705 -0.34584102 -0.9381068
vn -0.43285114 -0.3146052 -0.84478605
vn -0.4357844 0.39715868 -0.8076862
vn 0.060382187 0.9302883 -0.36182532
vn -0.36741924 0.87202024 -0.32339427
vn 0.7787916 -0.596939 -0.192737
vn 0.98645383 0.1628162 -0.019989956
vn 0.79173857 -0.61084336 -0.0045174644
vn 0.76394504 -0.61660963 0.19021156
vn 0.95063484 0.16339126 -0.2638117
vn 0.8240254 0.19008783 -0.5337122
vn 0.6755609 -0.59359956 -0.4373296
vn 0.504276 -0.55587167 -0.6608421
vn 0.5657544 0.21407725 -0.7962995
vn 0.320733 -0.5564675 -0.76646876
vn 0.82489425 0.1412826 -0.54734683
vn 0.7821132 0.15422754 -0.6037491
vn 0.5840269 0.15576814 -0.79664844
vn 0.35963997 0.175176 -0.9165001
vn 0.17926587 -0.5741155 -0.79890865
vn 0.56950706 0.10037235 -0.8158352
vn 0.18913735 0.17194057 -0.96678
vn 0.098048046 -0.58645314 -0.80402696
vn 0.3396954 0.076605104 -0.9374106
vn 0.09379433 0.15563254 -0.983352
vn 0.06392267 -0.6052539 -0.79346186
vn 0.5395055 0.06037165 -0.8398149
vn 0.4694026 -0.054433532 -0.88130486
vn 0.1580643 0.04871307 -0.9862265
vn 0.27671188 0.017039996 -0.96080184
vn 0.074162334 0.14612986 -0.98648167
vn 0.06636191 0.026697952 -0.9974383
vn 0.12467464 -0.02472692 -0.99188954
vn 0.19958398 -0.1646809 -0.9659433
vn -0.0937944 0.15563259 -0.983352
vn -0.098048106 -0.58645314 -0.80402696
vn -0.18913738 0.17194058 -0.96678
vn -0.179266 -0.5741161 -0.7989083
vn -0.35963997 0.17517598 -0.9165001
vn -0.32073325 -0.5564683 -0.766468
vn -0.5657543 0.21407722 -0.7962995
vn -0.5042764 -0.5558725 -0.66084135
vn -0.8240253 0.19008781 -0.5337123
vn -0.67556095 -0.59359974 -0.43732914
vn -0.7787916 -0.596939 -0.192737
vn -0.06636203 0.026697962 -0.9974383
vn -0.15806442 0.048713077 -0.9862265
vn -0.33969527 0.07660512 -0.9374107
vn 0.05448018 0.019003771 -0.998334
vn 0.04815602 -0.04518158 -0.9978174
vn 0.056652088 -0.21590266 -0.97476995
vn -0.17146838 -0.59489924 -0.78529835
vn 0.014375647 -0.2847195 -0.95850307
vn -0 -0.018571869 -0.9998275
vn -0.04815614 -0.045181587 -0.9978174
vn -0.124674685 -0.02472692 -0.99188954
vn -0.2767119 0.017040012 -0.96080184
vn -0.15849142 -0.40430778 -0.90078616
vn -0.014375727 -0.28471947 -0.95850307
vn -0.05665213 -0.21590266 -0.97476995
vn 0.17146832 -0.59489924 -0.78529835
vn -0.19958398 -0.16468085 -0.9659433
vn -0.4694026 -0.05443352 -0.88130486
vn -0.5395054 0.060371682 -0.839815
vn -0.7821131 0.15422748 -0.60374904
vn -0.56950694 0.10037235 -0.8158353
vn -0.5840268 0.15576814 -0.7966486
vn -0.82489425 0.1412826 -0.54734695
vn -0.95063484 0.1633913 -0.26381174
vn 0.1584914 -0.4043077 -0.9007863
vn -0.98645383 0.16281618 -0.01999001
vn -0.7917386 -0.6108433 -0.0045174975
vn -0.76394504 -0.6166097 0.19021155
vn -0.92754865 0.20170987 -0.31458974
vn -0.9822206 0.18602146 -0.025270725
vn -0.9629528 0.11842844 0.24227418
vn -0.9570363 0.13778955 0.25513837
vn -0.83825165 0.09513784 0.5369199
vn -0.65800864 -0.625395 0.41941118
vn -0.62099403 0.06901871 0.78077066
vn -0.499504 -0.63971573 0.58417416
vn -0.32089633 -0.6657818 0.6736172
vn -0.40704924 -0.0188009 0.9132128
vn -0.15664206 -0.66712433 0.7282914
vn -0.83569777 0.048043918 0.5470841
vn -0.80915695 0.02648932 0.5869952
vn -0.7620538 -0.018915728 0.6472375
vn -0.59299076 0.0052505536 0.8051922
vn -0.53641903 -0.07092981 0.8409659
vn -0.20660053 -0.0066579073 0.97840273
vn -0.067247815 -0.65821224 0.74982285
vn -0.07130169 0.0005867606 0.9974546
vn -0 -0.6744776 0.7382953
vn -0.24280427 -0.043557875 0.96909696
vn -0.94810593 0.10164379 0.30127007
vn -0.990921 0.13415119 -0.008892738
vn -0.42582056 -0.090080984 0.90031224
vn -0.31826204 -0.23868136 0.9174642
vn -0.27298844 -0.15649037 0.94920397
vn -0.06737392 -0.011305311 0.99766374
vn -0.48866022 -0.15084656 0.8593349
vn -0.94606596 0.029293403 0.32264718
vn -0.93684 0.14412594 -0.31868225
vn -0.32635885 -0.18566447 0.9268325
vn -0 -0.04798103 0.9988482
vn -0.99885464 0.047825377 0.0014742999
vn -0.75723594 0.08552978 -0.6475171
vn -0.94606555 0.034272783 -0.32215753
vn -0.7304938 -0.05152193 -0.680973
vn 0.0713017 0.0005867613 0.9974546
vn 0.06724776 -0.65821165 0.74982333
vn -0.35999396 -0.20281786 -0.91064215
vn 0.20660046 -0.006657919 0.97840273
vn 0.15664205 -0.6671247 0.72829115
vn 0.40704915 -0.018800912 0.9132128
vn 0.3208962 -0.6657816 0.6736175
vn 0.2428043 -0.043557875 0.96909696
vn 0.067374 -0.011305308 0.99766374
vn 0.62099403 0.06901872 0.78077066
vn 0.49950382 -0.6397154 0.5841748
vn 0.6580087 -0.62539494 0.41941127
vn 0.047362223 -0.010869496 0.9988186
vn 0.83825165 0.09513786 0.5369199
vn 0.9629527 0.11842848 0.24227418
vn 0.8356978 0.048043903 0.54708403
vn 0.5929909 0.0052505373 0.8051921
vn 0.8091571 0.026489325 0.586995
vn 0.9570363 0.13778967 0.2551383
vn 0.76205367 -0.018915664 0.64723754
vn 0.53641886 -0.07092979 0.8409659
vn 0.9822206 0.18602149 -0.025270738
vn 0.42582056 -0.090081 0.90031236
vn 0.31826198 -0.23868133 0.9174642
vn 0.27298832 -0.15649042 0.94920397
vn 0.07813922 -0.10025579 0.9918886
vn 0.94810593 0.10164394 0.30127007
vn 0.92754865 0.20170984 -0.3145898
vn 0.990921 0.13415122 -0.008892788
vn 0.93684 0.14412591 -0.31868234
vn 0.94606596 0.02929345 0.3226472
vn 0.18178014 -0.30747244 0.93403244
vn 0.7572358 0.08552987 -0.64751714
vn 0.99885464 0.047825336 0.0014743047
vn 0.94606555 0.03427279 -0.32215753
vn 0.7304938 -0.05152186 -0.680973
vn 0.35999396 -0.20281787 -0.91064215
vn 0.6864617 -0.07571523 -0.7232134
vn 0.22579451 -0.15432444 -0.96187353
vn 0.94208515 -0.017935835 -0.33489367
vn -0.3841366 -0.24241015 -0.8908851
vn 0.15561616 -0.10692712 -0.9820134
vn 0.6534133 -0.06481906 -0.75422114
vn -0.46925 -0.14114524 -0.8717123
vn 0.99997354 0.0070638806 0.0017319012
vn 0.93083596 -0.030205354 -0.3641868
vn 0.9360888 -0.0015084327 0.35176048
vn -0.8352132 -0.2391325 -0.49521166
vn -0.8697527 -0.16089326 -0.46652293
vn -0.68489534 -0.502394 -0.52774876
vn -0.51279557 -0.099152885 -0.85276586
vn 0.09943767 -0.07698356 -0.9920614
vn 0.6318542 -0.054619774 -0.7731604
vn -0.8936225 -0.115943715 -0.4335849
vn -0.98581254 -0.16776876 0.005233056
vn -0.9751687 -0.22122107 0.01035896
vn -0.9928047 -0.11973628 0.001444034
vn -0.5394997 -0.05802123 -0.8399843
vn -0.904815 -0.08441962 -0.4173524
vn -0.996102 -0.08819797 0.001428479
vn 0.07993204 -0.033219192 -0.99624664
vn -0.91424924 -0.052687984 -0.40171167
vn -0.5584051 -0.0048583318 -0.82955414
vn -0.8687827 -0.13065135 0.4776472
vn -0.83651745 -0.19462682 0.5122099
vn -0.89344585 -0.10094248 0.4376814
vn 0.62494963 -0.02451535 -0.7802801
vn 0.06790813 0.014439964 -0.9975871
vn 0.92492694 -0.03853638 -0.37818667
vn 0.99988973 -0.014836499 0.00060791115
vn 0.92783344 -0.018478839 0.3725368
vn 0.99949026 -0.031925425 0.00023782668
vn 0.9245864 -0.031172909 -0.3796948
vn 0.92395574 -0.027636902 0.38149965
vn 0.63246614 -0.032169037 0.7739197
vn 0.6251319 -0.02854345 0.779997
vn 0.6500403 -0.03160026 0.7592425
vn 0.6799894 -0.03152689 0.73254377
vn 0.92243916 -0.031970035 0.38481686
vn 0.99941945 -0.0340433 0.0013171657
vn 0.61735666 -0.03245918 0.7860135
vn 0.09518822 -0.043114413 0.9945252
vn 0.11486321 -0.05013474 0.9921153
vn 0.18008475 -0.08144596 0.9802735
vn 0.32635882 -0.18566447 0.9268326
vn 0.08042418 -0.045118608 0.9957391
vn 0.48866016 -0.15084654 0.85933495
vn 0.61276764 -0.05707116 0.78819966
vn 0.07251058 -0.07579347 0.99448353
vn 0.92274934 -0.039934944 0.38332608
vn 0.9996382 -0.026810342 0.0021941878
vn 0.92766273 -0.010508297 -0.3732713
vn 0.6186287 0.011285912 -0.78560245
vn -0.23143752 -0.3814179 0.894962
vn -0.40796188 -0.15944226 0.898969
vn 0.1284613 -0.41462648 0.90087885
vn -0.48032683 -0.082402505 0.8732102
vn -0.5134471 -0.07063963 0.8552088
vn -0.529675 -0.066434585 0.84559506
vn -0.53740567 -0.08657415 0.8388684
vn -0.90349627 -0.082540184 0.4205729
vn -0.7020667 -0.45950258 0.5440217
vn -0.90730643 -0.08355242 0.41208482
vn -0.9973335 -0.07294133 0.00230907
vn -0.91691333 -0.034617502 -0.3975822
vn -0.99792695 -0.064351246 0.00087552844
vn -0.91118324 -0.09114335 0.40179357
vn -0.93102896 0.36494154 0.0016407293
vn -0.84229857 0.41145 -0.3481984
vn -0.4986413 0.49203876 -0.7136209
vn 0.057064734 0.50479805 -0.8613492
vn -0.86226684 0.354964 0.36124283
vn 0.5450331 0.47356144 -0.6918659
vn -0.5469551 -0.11627902 0.8290472
vn -0.520311 0.36718628 0.7710062
vn 0.9258049 -0.008005964 -0.37791687
vn 0.8446598 0.41794935 -0.33446693
vn 0.06500109 -0.11954028 0.99069923
vn 0.0650529 0.358717 0.93117684
vn 0.9993175 -0.036925673 0.0009691441
vn 0.93008995 0.36733094 0.00083724555
vn 0.86367613 0.36117396 0.35159183
vn 0.6073836 -0.097313195 0.78842574
vn 0.568095 0.35302174 0.7434001
vn 0.92202336 -0.064721346 0.38168597
vn -0.2755694 -0.63626796 0.7205724
vn -0.071759924 -0.7418832 0.66667813
vn 0.04689189 -0.5292996 0.8471381
vn 0.10402414 -0.28111777 0.9540188
vn -0 -0.13073489 0.99141735
vn 0.04733732 -0.27257064 0.9609706
vn -0.078139134 -0.10025573 0.9918886
vn -0.104024075 -0.28111765 0.9540188
vn -0.18178011 -0.30747235 0.93403256
vn -0.04689187 -0.52929944 0.8471383
vn -0 -0.5961482 0.8028744
vn 0.011565982 -0.7745827 0.63236696
vn -0.1284613 -0.4146264 0.90087885
vn 0.071759924 -0.74188304 0.6666784
vn -0.02180067 -0.8798724 0.47470972
vn 0.23143762 -0.38141805 0.894962
vn 0.27556944 -0.63626796 0.7205724
vn -0.16009785 -0.8619672 0.48102108
vn -0.05174259 -0.9981096 0.033166222
vn 0.16009785 -0.86196715 0.48102117
vn -0.44188163 -0.73818195 0.50973326
vn -0.19281577 -0.9808652 0.02693941
vn -0.8915247 -0.45267233 0.016479006
vn -0.5647511 -0.8249346 0.023218876
vn -0.42201316 -0.7671281 -0.48313496
vn -0.1717696 -0.87866503 -0.44546938
vn -0.07750498 -0.66674757 -0.74124265
vn 2.9679959E-05 -0.9192952 -0.3935689
vn -0 -0.70361096 -0.7105854
vn 0.014170386 -0.29913908 -0.9541043
vn 0.07750494 -0.66674775 -0.7412425
vn 0.17176959 -0.8786652 -0.44546905
vn 0.19281575 -0.9808652 0.026939616
vn 0.42201313 -0.76712817 -0.48313484
vn 0.4418817 -0.73818195 0.5097332
vn 0.68489534 -0.50239396 -0.52774876
vn 0.5647511 -0.8249346 0.023219071
vn 0.8915247 -0.45267227 0.016479133
vn 0.7020667 -0.45950273 0.54402167
vn 0.9751687 -0.22122104 0.010359049
vn 0.8352132 -0.23913246 -0.49521163
vn 0.8365174 -0.19462684 0.51220983
vn 0.38413665 -0.24241014 -0.8908851
vn 0.98581254 -0.16776878 0.0052331486
vn 0.40796196 -0.15944229 0.89896894
vn -0.22579446 -0.15432441 -0.96187353
vn 0.8697527 -0.16089328 -0.46652287
vn 0.8687827 -0.13065135 0.4776472
vn -0.6864617 -0.075715244 -0.72321326
vn 0.4692501 -0.14114523 -0.8717123
vn 0.9928047 -0.11973626 0.001444034
vn -0.94208515 -0.017935844 -0.33489367
vn -0.15561615 -0.10692712 -0.9820134
vn 0.8936225 -0.1159437 -0.4335849
vn -0.6534133 -0.06481907 -0.75422114
vn 0.5127955 -0.099152856 -0.85276586
vn -0.099437654 -0.07698356 -0.9920614
vn 0.89344585 -0.10094246 0.43768138
vn 0.996102 -0.08819796 0.0014284983
vn 0.904815 -0.08441962 -0.41735247
vn 0.5394997 -0.05802123 -0.8399843
vn 0.4803268 -0.08240249 0.8732101
vn 0.91424924 -0.052687977 -0.4017116
vn -0.18008478 -0.08144598 0.9802735
vn -0.6799895 -0.031526912 0.7325437
vn -0.6500404 -0.031600263 0.7592423
vn -0.11486322 -0.050134737 0.9921153
vn 0.5134471 -0.07063963 0.8552088
vn 0.90349627 -0.08254021 0.4205729
vn -0.93608886 -0.0015084222 0.3517604
vn -0.6324662 -0.032169063 0.77391964
vn -0.09518826 -0.0431144 0.9945252
vn -0.99997354 0.0070638913 0.0017319057
vn -0.92783344 -0.018478863 0.37253678
vn -0.9308361 -0.03020539 -0.36418676
vn 0.9973335 -0.07294135 0.0023090602
vn 0.529675 -0.066434585 0.84559506
vn -0.62513196 -0.02854347 0.779997
vn -0.99988973 -0.014836518 0.0006079305
vn -0.63185424 -0.054619808 -0.77316034
vn 0.90730643 -0.08355243 0.41208488
vn -0.080424204 -0.04511858 0.9957391
vn -0.92395574 -0.027636927 0.3814997
vn -0.92492694 -0.038536478 -0.3781866
vn -0.07993201 -0.033219185 -0.99624664
vn 0.5374056 -0.08657413 0.83886844
vn -0.61735666 -0.032459155 0.7860135
vn -0.99949026 -0.031925507 0.00023784593
vn -0.62494963 -0.024515362 -0.7802801
vn 0.5584052 -0.004858352 -0.82955414
vn -0.0725106 -0.07579343 0.99448353
vn -0.92243916 -0.03197 0.38481688
vn -0.9245864 -0.031173036 -0.3796948
vn -0.06790812 0.0144399665 -0.9975871
vn 0.91691333 -0.034617517 -0.3975822
vn -0.6127675 -0.057071134 0.7881997
vn -0.99941945 -0.03404339 0.0013171849
vn -0.92274934 -0.03993497 0.38332614
vn -0.9996382 -0.026810346 0.0021941855
vn -0.92766273 -0.0105082905 -0.37327135
vn 0.99792695 -0.06435127 0.0008755042
vn 0.9111831 -0.09114335 0.40179363
vn 0.93102896 0.36494157 0.0016405605
vn 0.84229845 0.4114498 -0.3481987
vn 0.49864116 0.49203828 -0.71362126
vn 0.8622668 0.35496405 0.36124304
vn -0.057064794 0.5047979 -0.86134934
vn 0.5469551 -0.11627897 0.8290472
vn 0.52031106 0.36718658 0.7710061
vn -0.61862874 0.011285913 -0.78560245
vn -0.54503316 0.4735617 -0.69186556
vn -0.06500105 -0.11954025 0.99069923
vn -0.06505291 0.35871777 0.93117654
vn -0.9258049 -0.008005913 -0.37791684
vn -0.84466 0.41794914 -0.33446673
vn -0.6073836 -0.09731318 0.7884258
vn -0.568095 0.35302225 0.74339986
vn -0.9993175 -0.036925614 0.0009691345
vn -0.93009007 0.36733064 0.0008372101
vn -0.86367613 0.36117408 0.35159168
vn -0.92202336 -0.06472136 0.38168594
vn -0.5428861 -0.839627 -0.01735029
vn -0.40369454 -0.7506068 -0.5230872
vn -0.4121505 0.14807661 -0.89900243
vn 0.74669254 -0.62125397 -0.23768452
vn -0.59258115 0.5977754 -0.53991866
vn 0.7185616 0.31563026 -0.6197151
vn -0.43919703 -0.88077 -0.17705956
vn -0.4879267 0.514821 -0.70490205
vn -0.27259398 -0.92514116 -0.26420912
vn -0.31154642 0.48090127 -0.8195565
vn 0.79694986 -0.5608251 0.22437933
vn -0 -0.96426356 -0.26494482
vn -0 0.50701886 -0.86193496
vn 0.31154642 0.48090148 -0.8195564
vn 0.272594 -0.92514116 -0.2642088
vn 0.48792666 0.5148212 -0.7049019
vn 0.43919703 -0.88077 -0.17705941
vn 0.59258115 0.59777546 -0.5399186
vn 0.5428861 -0.839627 -0.017350076
vn 0.41215056 0.14807674 -0.8990024
vn 0.4036946 -0.7506068 -0.5230871
vn -0.7466924 -0.6212539 -0.23768435
vn -0.71856165 0.31563023 -0.6197149
vn -0.79708815 -0.56054926 0.22457747
vn -0.7634474 0.6073926 -0.21959585
vn -0.85301316 0.46702996 0.23291968
vn -0.6674084 0.74349374 0.042225692
vn -0.8890348 -0.076276675 0.45144117
vn -0.70255834 -0.48984227 0.5162037
vn -0.7193534 0.27189788 0.63922
vn -0.4619401 -0.41678053 0.78288263
vn -0.7191451 0.2721335 0.63935405
vn -0.7195462 0.2716823 0.63909465
vn -0.72006476 0.27105603 0.6387764
vn -0.7223638 0.26845995 0.6372753
vn -0.724297 0.26626357 0.6360012
vn -0.43337166 0.8550652 0.28469703
vn -0.7221117 0.26876256 0.63743335
vn -0.7242954 0.26626322 0.63600326
vn -0.72429675 0.26626378 0.63600147
vn -0.6140467 0.44235837 0.6536555
vn -0.7242951 0.26626348 0.6360035
vn -0.6238337 0.18100214 0.76030904
vn -0.3487004 0.35305747 0.8681926
vn -0.32958105 0.3338695 0.88312376
vn -0.348897 0.35295826 0.868154
vn -0.31325543 0.31049153 0.8974777
vn -0.29081887 0.3264928 0.89934796
vn -0 -0.3635371 0.9315797
vn -0.33408812 0.37289107 0.86564285
vn -0.31765607 0.39428216 0.86234343
vn -0.29968616 0.38127562 0.8745382
vn -0.26080272 0.35242045 0.8987669
vn -0.0020404835 0.89918613 0.4375617
vn -0 0.35732248 0.93398106
vn -0.26541606 0.36482313 0.89244515
vn 0.005905565 0.3820029 0.9241423
vn 0.26541772 0.36486793 0.8924264
vn 0.29971844 0.38124025 0.8745426
vn 0.26073635 0.35249084 0.8987585
vn 0.31765687 0.3942832 0.86234266
vn 0.3340883 0.3728914 0.86564255
vn 0.29077205 0.32662606 0.8993148
vn 0.31325537 0.31049165 0.89747757
vn 0.4333718 0.8550653 0.28469667
vn 0.32964268 0.33379614 0.8831284
vn 0.348897 0.35295817 0.86815405
vn 0.46194017 -0.41678065 0.78288263
vn 0.61404324 0.44236118 0.65365696
vn 0.34870088 0.35305765 0.8681923
vn 0.62382627 0.18099771 0.76031613
vn 0.72429544 0.26626325 0.6360032
vn 0.7242971 0.26626372 0.636001
vn 0.72429484 0.26626334 0.63600385
vn 0.72429615 0.26626375 0.6360021
vn 0.66740865 0.74349356 0.042225655
vn 0.72211134 0.26876268 0.63743377
vn 0.7191451 0.27213344 0.63935405
vn 0.72224724 0.26859134 0.637352
vn 0.7193534 0.271898 0.6392199
vn 0.7200649 0.27105612 0.63877636
vn 0.7025198 -0.48984396 0.51625466
vn 0.85299873 0.46704784 0.23293675
vn 0.7195755 0.27164972 0.63907546
vn 0.7634474 0.60739255 -0.21959588
vn 0.8890334 -0.07627712 0.4514436
vn -0 -0.31799403 -0.94809276
vn -0 -0.9918379 -0.12750523
vn 0.05262642 -0.95753175 -0.28348446
vn -0.052626446 -0.95753163 -0.28348473
vn 0.28669655 -0.3764671 -0.8809527
vn 0.12966168 -0.9487568 -0.28818098
vn -0.28669748 -0.3764666 -0.88095266
vn -0.1296617 -0.9487568 -0.28818125
vn 0.5272125 -0.30158702 -0.79441315
vn 0.22759074 -0.9375312 -0.2631309
vn 0.74991554 -0.22259927 -0.6229575
vn 0.32056728 -0.9244092 -0.20664994
vn 0.5607996 0.3935894 -0.7284169
vn 0.3211126 0.27987427 -0.90474147
vn -0 0.2329956 -0.9724778
vn -0.32111278 0.27987486 -0.9047412
vn 0.7219118 0.5024162 -0.47583744
vn -0.56079966 0.39358976 -0.7284167
vn -0.5272131 -0.3015864 -0.794413
vn -0.2275907 -0.9375312 -0.26313087
vn 0.9022608 -0.18893869 -0.3875922
vn 0.37884292 -0.91668737 -0.1271313
vn 0.8114796 0.539154 -0.22541903
vn -0.7499161 -0.22259909 -0.622957
vn -0.72191185 0.5024163 -0.47583717
vn -0.32056725 -0.92440933 -0.2066494
vn 0.97132945 -0.18441631 -0.15003209
vn 0.39414427 -0.91795933 -0.04473331
vn 0.8590323 0.51114756 -0.02813827
vn -0.90226084 -0.18893866 -0.38759187
vn -0.8114795 0.53915405 -0.22541909
vn -0.3788429 -0.91668755 -0.12712991
vn 0.96568644 -0.24100536 0.096778594
vn 0.89709586 0.40565372 0.17511134
vn 0.37022328 -0.9286899 0.021672597
vn 0.9012342 0.25191864 0.3525816
vn -0.97132957 -0.18441649 -0.15003167
vn -0.8590323 0.5111477 -0.028138272
vn -0.3941442 -0.91795933 -0.044732492
vn 0.8940991 -0.34369084 0.28716412
vn 0.2970465 -0.9518523 0.075766504
vn 0.8250296 -0.03476104 0.5640193
vn -0.96568644 -0.24100524 0.096779004
vn -0.897096 0.40565374 0.17511085
vn -0.37022325 -0.92869 0.021672271
vn -0.9012345 0.25191873 0.35258088
vn 0.7579517 -0.48004925 0.44165832
vn 0.18709484 -0.9764717 0.10723106
vn 0.61141306 -0.3260887 0.72099954
vn -0.89409953 -0.34369078 0.28716296
vn -0.29704645 -0.9518523 0.07576575
vn -0.82502925 -0.03476082 0.5640199
vn 0.501314 -0.68588036 0.52749634
vn 0.1699497 -0.97974056 0.105950445
vn -0.757952 -0.48004925 0.44165757
vn -0.1870948 -0.9764717 0.107230626
vn -0.6114126 -0.3260885 0.721
vn 0.34241694 -0.7213082 0.6020508
vn 0.30622387 -0.4583728 0.83433884
vn -0 -0.99932873 -0.036633275
vn -0 -0.4745194 0.8802451
vn -0.50131357 -0.6858803 0.52749693
vn -0.1699497 -0.97974056 0.105950445
vn -0.34241655 -0.72130793 0.60205126
vn -0.306224 -0.45837322 0.8343386
vn -0 -0.88484246 0.46589053
vn 0.271139 -0.5409331 0.7961627
vn 0.56033957 -0.63114595 0.5363528
vn 0.589025 -0.50455266 0.63124967
vn 0.81595147 -0.33726913 0.46954516
vn 0.26676652 -0.6473892 0.7139487
vn -0 -0.51120245 0.85946035
vn 0.7311653 -0.5767407 0.36437282
vn 0.9432156 -0.15530752 0.29363903
vn 0.8334336 -0.5136835 0.20375872
vn 0.99255306 -0.025366735 0.11914265
vn 0.8001266 -0.38176137 0.46266147
vn 0.62288845 -0.37655148 0.6857252
vn 0.8937686 -0.38051385 0.23745936
vn 0.28732917 -0.35960084 0.8877664
vn 0.9313745 -0.35947916 0.057585888
vn -0 -0.6072936 0.7944775
vn -0 -0.34864125 0.93725634
vn -0.28732896 -0.35960075 0.8877664
vn 0.8918206 -0.4500024 0.046409912
vn 0.93298197 -0.33678612 -0.12696373
vn -0.26676658 -0.6473894 0.7139485
vn -0.27113938 -0.5409338 0.79616207
vn -0.622888 -0.3765512 0.6857256
vn 0.9072221 -0.3980014 -0.13617294
vn 0.9938724 0.06662021 -0.088200554
vn 0.8981016 -0.3118554 -0.31009623
vn -0.5603396 -0.631146 0.53635275
vn -0.58902526 -0.5045529 0.63124925
vn -0.8001266 -0.38176134 0.46266153
vn -0.8159512 -0.33726904 0.4695456
vn 0.8687738 -0.3808953 -0.31646636
vn 0.9510339 0.0832964 -0.29765102
vn 0.79858464 -0.26918897 -0.5383306
vn -0.7311653 -0.57674074 0.36437282
vn -0.89376867 -0.3805139 0.23745893
vn -0.9432156 -0.15530746 0.293639
vn 0.75816894 -0.37581298 -0.5328644
vn 0.8306036 0.050412476 -0.5545775
vn 0.6204633 -0.2176245 -0.7534354
vn -0.8334336 -0.51368356 0.20375861
vn -0.9313745 -0.35947925 0.05758598
vn -0.99255306 -0.025366789 0.11914221
vn 0.5783811 -0.36089 -0.7315967
vn 0.6182295 -0.00892128 -0.785947
vn 0.33700243 -0.14128272 -0.930843
vn 0.33518967 -0.033469893 -0.94155604
vn -0.8918206 -0.45000234 0.04640987
vn -0.93298185 -0.3367862 -0.1269637
vn 0.31845376 -0.3202524 -0.8922027
vn 0.14147678 -0.09274651 -0.98558736
vn 0.17175074 -0.02751951 -0.98475605
vn 0.14433978 -0.26997918 -0.95198596
vn -0.9072221 -0.3980014 -0.13617288
vn -0.9938724 0.06662021 -0.088200405
vn -0.8981016 -0.31185555 -0.310096
vn -0.8687738 -0.38089523 -0.3164663
vn -0.951034 0.08329643 -0.2976509
vn -0.79858464 -0.26918897 -0.5383306
vn -0.7581691 -0.37581307 -0.5328642
vn -0.8306036 0.050412383 -0.5545776
vn -0.6204634 -0.21762446 -0.7534353
vn -0.5783812 -0.36089006 -0.73159665
vn -0.61822927 -0.008921391 -0.7859472
vn -0.3370027 -0.14128272 -0.9308429
vn -0.33518913 -0.033469908 -0.94155616
vn -0.31845358 -0.3202523 -0.89220273
vn -0.1414768 -0.09274651 -0.98558736
vn -0.17175037 -0.027519507 -0.98475605
vn -0.14433964 -0.26997906 -0.95198596
vn 0.6204502 -0.7014012 0.3508245
vn 0.60880464 -0.71174085 0.3504026
vn 0.93378055 -0.236827 0.2682664
vn 0.060019992 -0.9713946 0.2297612
vn 0.93976474 -0.21917392 0.26230693
vn 0.06039431 -0.97134024 0.2298926
vn 0.9646323 0.26194498 -0.029484242
vn 0.9530495 0.296182 -0.06303066
vn -0.48989323 -0.87105244 -0.035668805
vn -0.5010486 -0.86434335 -0.043135535
vn 0.6618383 0.5925649 -0.45916975
vn 0.6901636 0.5798636 -0.43293464
vn 0.17086537 0.63772905 -0.75107044
vn 0.17017911 0.6376243 -0.751315
vn -0.8071365 -0.47353 -0.35256204
vn -0.8018914 -0.4894733 -0.34261644
vn -0.39463013 0.41706023 -0.81873554
vn -0.36096007 0.43880117 -0.8228982
vn -0.74567485 0.046369262 -0.66469455
vn -0.76694393 0.0069126487 -0.64167696
vn 0.0006678243 -0.92959815 0.36857423
vn 0.47635314 -0.49482718 0.72679687
vn 0.48381454 -0.48241678 0.73020375
vn 0.6701033 0.012144106 0.7421685
vn 0.022342393 -0.920851 0.38927388
vn 0.6710063 0.016991314 0.7412569
vn -0.4764174 -0.85810834 -0.1915109
vn -0.4675727 -0.8657151 -0.17864244
vn -0.6741965 -0.47936964 -0.5618398
vn -0.67341983 -0.4832569 -0.5594358
vn 0.671817 0.49099335 0.5546057
vn 0.67252284 0.48760998 0.5567311
vn 0.4648962 0.86793846 0.17479818
vn 0.4558932 0.87518674 0.16189396
vn -0.023512535 0.9203508 -0.39038643
vn -0.046598002 0.9099834 -0.41201812
vn -0.6711853 -0.017964259 -0.74107194
vn -0.6703165 -0.01328167 -0.7419564
vn -0.48267502 0.48432636 -0.7296936
vn -0.49058935 0.47089252 -0.7332
vn 0.2773137 0.8616739 -0.42498854
vn 0.20896426 0.8589932 -0.4674019
vn 0.253226 0.7513032 -0.6094425
vn 0.12396108 0.85680443 -0.5005196
vn 0.150787 0.77011895 -0.61982244
vn 0.054092262 0.8640183 -0.50054604
vn 0.09675671 0.78706634 -0.6092329
vn -0 0.9081683 -0.4186053
vn 0.385021 0.7173526 -0.5806584
vn 0.6160719 0.64798266 -0.44785482
vn 0.34295404 0.8804085 -0.32751098
vn 0.7382695 0.6411353 -0.20953205
vn 0.47544834 0.861236 -0.17950347
vn 0.77209395 0.63525265 -0.018027484
vn 0.5187622 0.8549168 -0.0017493151
vn 0.47173643 0.8686566 0.15132888
vn 0.7490957 0.63161004 0.19981071
vn 0.40517226 0.8683484 0.2860182
vn 0.70622945 -0.70783734 -0.014358895
vn 0.6867551 -0.6970517 -0.20612215
vn 0.5943857 -0.6486094 -0.4754067
vn 0.42448547 -0.62704426 -0.65316737
vn 0.6361053 0.66145664 0.3972971
vn 0.28182554 0.8858106 0.36866495
vn 0.6911521 -0.6955007 0.19643748
vn 0.79173857 -0.61084336 -0.0045174644
vn 0.7787916 -0.596939 -0.192737
vn 0.6755609 -0.59359956 -0.4373296
vn 0.76394504 -0.61660963 0.19021156
vn 0.504276 -0.55587167 -0.6608421
vn 0.29259697 -0.61253256 -0.7342962
vn 0.320733 -0.5564675 -0.76646876
vn 0.61481965 -0.68235874 0.39545345
vn 0.6580087 -0.62539494 0.41941127
vn 0.1825087 -0.6191459 -0.76377285
vn 0.17926587 -0.5741155 -0.79890865
vn 0.12209121 -0.6292627 -0.767543
vn 0.098048046 -0.58645314 -0.80402696
vn 0.47790083 -0.6682065 0.5701848
vn 0.49950382 -0.6397154 0.5841748
vn 0.4906192 0.6649325 0.5631675
vn 0.17014273 0.88767034 0.42789334
vn 0.28750005 0.6984259 0.6553968
vn 0.09299619 0.881741 0.46247658
vn 0.29199415 -0.6530481 0.69876164
vn 0.3208962 -0.6657816 0.6736175
vn 0.12783475 0.74100584 0.65921813
vn 0.0020964625 0.8857702 0.46411923
vn 0.14101076 -0.63906676 0.75611484
vn 0.15664205 -0.6671247 0.72829115
vn 0.03493806 0.766598 0.6411762
vn -0.0009939906 0.8682841 0.49606627
vn 0.052489128 -0.63600993 0.7698937
vn 0.06724776 -0.65821165 0.74982333
vn -0 0.78566337 0.61865425
vn 0.0058551156 -0.63669556 0.7710931
vn -0 -0.6744776 0.7382953
vn -0.067247815 -0.65821224 0.74982285
vn -0.05248921 -0.6360101 0.7698935
vn -0.15664206 -0.66712433 0.7282914
vn -0.03493814 0.7665979 0.6411763
vn -0.0020965044 0.8857702 0.4641193
vn -0.14101079 -0.639067 0.75611454
vn -0.32089633 -0.6657818 0.6736172
vn -0.12783466 0.74100566 0.65921843
vn -0.092996135 0.8817408 0.46247685
vn -0.291994 -0.6530478 0.6987618
vn -0.499504 -0.63971573 0.58417416
vn -0.28749985 0.69842553 0.65539736
vn -0.17014262 0.88767016 0.42789403
vn -0.47790122 -0.66820705 0.570184
vn -0.65800864 -0.625395 0.41941118
vn -0.49061924 0.66493237 0.5631675
vn -0.28182554 0.88581055 0.36866525
vn -0.6148197 -0.68235886 0.39545316
vn -0.76394504 -0.6166097 0.19021155
vn -0.63610524 0.66145676 0.3972972
vn -0.40517223 0.8683484 0.2860182
vn -0.69115204 -0.69550073 0.19643752
vn -0.7917386 -0.6108433 -0.0045174975
vn -0.74909574 0.63161004 0.19981053
vn -0.47173634 0.8686567 0.15132879
vn -0.7062294 -0.7078374 -0.014358899
vn -0.77209395 0.63525265 -0.018027697
vn -0.5187622 0.8549168 -0.0017495395
vn -0.47544834 0.86123586 -0.17950353
vn -0.73826957 0.6411353 -0.2095318
vn -0.34295404 0.8804085 -0.32751098
vn -0.68675524 -0.6970516 -0.20612198
vn -0.7787916 -0.596939 -0.192737
vn -0.61607194 0.64798266 -0.44785458
vn -0.2773138 0.8616739 -0.42498854
vn -0.5943859 -0.64860964 -0.47540602
vn -0.67556095 -0.59359974 -0.43732914
vn -0.38502127 0.71735257 -0.58065826
vn -0.42448598 -0.62704486 -0.6531664
vn -0.5042764 -0.5558725 -0.66084135
vn -0.2532261 0.75130314 -0.6094426
vn -0.20896432 0.8589931 -0.46740222
vn -0.12396107 0.8568042 -0.5005201
vn -0.2925972 -0.61253315 -0.73429555
vn -0.32073325 -0.5564683 -0.766468
vn -0.15078692 0.77011865 -0.6198231
vn -0.05409228 0.86401814 -0.5005462
vn -0.18250877 -0.61914605 -0.7637727
vn -0.179266 -0.5741161 -0.7989083
vn -0.09675669 0.7870661 -0.6092332
vn -0.12209119 -0.62926257 -0.767543
vn -0.098048106 -0.58645314 -0.80402696
vn 0.10258329 0.7853573 -0.6104839
vn -0 -0.502887 -0.8643521
vn 0.06392267 -0.6052539 -0.79346186
vn 0.17175074 -0.02751951 -0.98475605
vn -0 0.2329956 -0.9724778
vn 0.3211126 0.27987427 -0.90474147
vn 0.33518967 -0.033469893 -0.94155604
vn 0.5607996 0.3935894 -0.7284169
vn 0.6182295 -0.00892128 -0.785947
vn 0.7219118 0.5024162 -0.47583744
vn 0.8306036 0.050412476 -0.5545775
vn 0.8114796 0.539154 -0.22541903
vn 0.9510339 0.0832964 -0.29765102
vn 0.8590323 0.51114756 -0.02813827
vn 0.9938724 0.06662021 -0.088200554
vn 0.89709586 0.40565372 0.17511134
vn 0.99255306 -0.025366735 0.11914265
vn 0.9012342 0.25191864 0.3525816
vn 0.9432156 -0.15530752 0.29363903
vn 0.8250296 -0.03476104 0.5640193
vn 0.81595147 -0.33726913 0.46954516
vn 0.61141306 -0.3260887 0.72099954
vn 0.589025 -0.50455266 0.63124967
vn 0.30622387 -0.4583728 0.83433884
vn 0.271139 -0.5409331 0.7961627
vn -0 -0.4745194 0.8802451
vn -0 -0.51120245 0.85946035
vn -0.27113938 -0.5409338 0.79616207
vn -0.306224 -0.45837322 0.8343386
vn -0.58902526 -0.5045529 0.63124925
vn -0.6114126 -0.3260885 0.721
vn -0.8159512 -0.33726904 0.4695456
vn -0.82502925 -0.03476082 0.5640199
vn -0.9432156 -0.15530746 0.293639
vn -0.9012345 0.25191873 0.35258088
vn -0.99255306 -0.025366789 0.11914221
vn -0.897096 0.40565374 0.17511085
vn -0.9938724 0.06662021 -0.088200405
vn -0.8590323 0.5111477 -0.028138272
vn -0.951034 0.08329643 -0.2976509
vn -0.8114795 0.53915405 -0.22541909
vn -0.8306036 0.050412383 -0.5545776
vn -0.72191185 0.5024163 -0.47583717
vn -0.61822927 -0.008921391 -0.7859472
vn -0.56079966 0.39358976 -0.7284167
vn -0.33518913 -0.033469908 -0.94155616
vn -0.32111278 0.27987486 -0.9047412
vn -0.17175037 -0.027519507 -0.98475605
vn 0.50926065 0.85772914 0.07038684
vn 0.9352015 0.068430565 0.34744108
vn 0.9266673 0.058740895 0.37126446
vn 0.30191633 0.22060587 0.9274587
vn 0.9268446 0.054167766 0.37151727
vn 0.7363493 0.08403095 -0.67136323
vn 0.93901956 0.05863546 0.3388278
vn 0.51363796 -0.8426598 -0.16155699
vn 0.96149814 0.01777081 0.2742364
vn 0.74631447 -0.44908652 -0.4912596
vn 0.96149606 -0.00048733753 0.2748181
vn 0.81378114 -0.42273524 -0.39881715
vn -0.8248593 0.16031423 0.5421315
vn -0.55703044 0.7843562 -0.27295107
vn -0.86480033 -0.12637544 0.4859524
vn -0.74481106 -0.19683631 -0.63758296
vn -0.37722376 -0.24677896 -0.89263785
vn -0.40550715 0.19335973 -0.893407
vn -0.5100059 0.8577292 0.064766034
vn -0.31212372 0.2206053 0.9240736
vn -0.9378657 0.07549453 0.3386865
vn -0.9411454 0.079019904 0.32863507
vn -0.954441 0.02480344 0.297367
vn -0.84415066 0.25323358 -0.47252753
vn -0.9567007 0.022466714 0.2902049
vn -0.4790145 -0.69735366 0.5331444
vn -0.96830153 0.0073658996 0.24967545
vn -0.82726705 -0.19518435 -0.5268132
vn -0.96447456 0.009442236 0.26400724
vn -0.771063 -0.5799822 -0.26283568
vn 0.818832 0.1603144 0.5511928
vn 0.56000626 0.7843559 -0.26679346
vn 0.60800904 -0.7706805 0.19072673
vn 0.45501024 -0.63486826 -0.6244262
vn 0.38704354 -0.24677931 -0.88842404
vn 0.4153334 0.19335914 -0.88888156
vn 0.8446598 0.41794935 -0.33446693
vn 0.21834104 0.9703513 -0.103661
vn 0.28780788 0.9576765 -0.0047223736
vn 0.93008995 0.36733094 0.00083724555
vn 0.5450331 0.47356144 -0.6918659
vn 0.23809181 0.96520966 0.10808659
vn 0.86367613 0.36117396 0.35159183
vn 0.12088333 0.9773685 -0.17360336
vn 0.057064734 0.50479805 -0.8613492
vn 0.13688417 0.9669416 0.21514358
vn 0.568095 0.35302174 0.7434001
vn 0.007358243 0.98084235 -0.19466425
vn -0.4986413 0.49203876 -0.7136209
vn 0.016160924 0.96760464 0.2519525
vn 0.0650529 0.358717 0.93117684
vn -0.09984873 0.9817092 -0.16210233
vn -0.84229857 0.41145 -0.3481984
vn -0.11060751 0.97388226 0.19829106
vn -0.520311 0.36718628 0.7710062
vn -0.22086564 0.96921384 -0.108824775
vn -0.93102896 0.36494154 0.0016407293
vn -0.24407022 0.96342033 0.11068416
vn -0.86226684 0.354964 0.36124283
vn -0.27732426 0.96076554 -0.004579442
vn 0.053279605 0.5630414 0.8247095
vn -0.44507796 0.5745243 0.6868969
vn -0.7177757 0.61863726 0.31950894
vn -0.76618856 0.6425839 0.006406797
vn -0.9842868 -0.17630091 -0.009864728
vn -0.7159599 0.63404316 -0.2922169
vn -0.8937258 -0.21645644 0.3929386
vn -0.45270988 0.601629 -0.6581005
vn 0.47840464 0.58786094 0.6523409
vn -0.53006095 -0.28188056 0.79973674
vn -0.9031262 -0.18498074 -0.38748577
vn 0.055233203 0.6097967 -0.790631
vn 0.062883936 -0.30802846 0.94929653
vn 0.722493 0.61402845 0.3177623
vn 0.57980144 -0.28254968 0.7641962
vn 0.07546216 -0.13776955 0.9875854
vn 0.7609536 0.64878553 0.00519764
vn 0.8910914 -0.23510832 0.38817555
vn -0.54880244 -0.20202184 -0.8111738
vn -0.55570835 -0.107015066 0.824461
vn 0.60878575 -0.13766503 0.78129905
vn 0.722449 0.62541926 -0.29481906
vn -0.91745865 -0.070669025 0.39150402
vn 0.078745805 0.20593654 0.97539186
vn 0.48110107 0.6148675 -0.6248837
vn 0.065635346 -0.19346675 -0.9789089
vn 0.5981804 -0.19303818 -0.7777638
vn 0.06627221 -0.07033893 -0.9953192
vn 0.899499 -0.19783272 -0.3895686
vn -0.5922025 0.1458689 0.7924761
vn -0.5685377 -0.073767036 -0.8193433
vn 0.62547565 -0.07419652 -0.77670777
vn 0.98049563 -0.19639044 -0.007687078
vn -0.90694594 -0.060293924 -0.41690972
vn -0.99780124 -0.04779428 -0.045916896
vn -0.9143286 0.105423264 0.39101064
vn -0.75116915 0.43182585 0.49927083
vn -0.992097 0.09897777 -0.07711691
vn 0.90259445 -0.08022282 -0.42295098
vn 0.901822 -0.107386835 0.4185513
vn 0.036623485 0.73796433 0.67384523
vn 0.63458675 0.13752493 0.7605172
vn 0.7701795 0.41305938 0.48600966
vn 0.9961434 -0.07946922 -0.03718875
vn 0.8936169 0.11854826 0.4328915
vn 0.99265164 0.09796916 -0.07102677
vn 0.0060017495 0.96507406 0.2619083
vn 0.93171793 0.21279454 0.29431313
vn 0.89322233 0.10390167 -0.4374454
vn 0.9792964 0.14661144 -0.13958399
vn 0.6212748 0.12180958 -0.7740671
vn 0.038733054 0.13470471 -0.99012846
vn 0.57580966 0.14775153 -0.8041223
vn 0.010514486 0.15207326 -0.98831326
vn -0.5749329 0.12864143 -0.8080246
vn -0.8916986 0.1195616 -0.43655318
vn -0.5681809 0.14727263 -0.8096179
vn 0.8897012 0.12092122 -0.44023842
vn -0.0007013342 0.111935236 -0.9937152
vn 0.5699435 0.11007894 -0.814277
vn -0.9804205 0.15702958 -0.11881674
vn -0.8896274 0.13224557 -0.4371203
vn -0.5702665 0.115214065 -0.81334
vn -0.0005456557 -0.617031 -0.78693867
vn -0.9330549 0.20269656 0.29719135
vn 0.89399344 0.09568149 -0.43774498
vn 0.4614653 -0.58858544 -0.66378987
vn 0.9752939 0.11841166 -0.18649551
vn 0.97966355 0.17809978 0.092411
vn 0.9520422 0.28809613 0.10303478
vn 0.9925768 0.11226067 -0.046786606
vn 0.9749624 0.09643655 -0.20037034
vn 0.68689644 -0.6394585 -0.34534937
vn -7.168102E-05 -0.99988484 -0.0151798325
vn 0.9406617 0.33842742 -0.024948727
vn 0.9913119 0.1265501 -0.035857197
vn 0.6998637 0.70124984 0.13579227
vn 0.7425931 -0.6677241 -0.05196172
vn 0.7547445 -0.6363633 -0.15938166
vn -0 -0.9999522 -0.009785933
vn 0.7445293 -0.66640145 -0.03981345
vn -0.00030311683 -1 0.00018743906
vn -0.0003903682 -0.9999263 -0.012129118
vn 0.7304256 -0.6814272 -0.04621036
vn 0.9933108 0.10768284 -0.04169085
vn 0.0026636897 0.9802412 0.19778785
vn 0.63382417 0.7662823 0.10525393
vn 0.93855214 0.34489986 -0.0128053455
vn -0.7029233 0.70263726 0.1104526
vn -0.7420068 -0.6700569 -0.021204606
vn -0.7401851 -0.6717529 -0.029563123
vn -0.00058673334 -0.9993907 -0.034898743
vn 0.71748686 -0.6942061 -0.05736255
vn 0.99621385 0.077704646 -0.03898653
vn -0.76116496 -0.6323805 -0.14395429
vn -0.6867754 -0.6388126 -0.34678245
vn -0.9782516 0.100258924 -0.18158226
vn -0.46227464 -0.5875508 -0.66414326
vn -0.8924779 0.10267538 -0.4392505
vn -0.9763312 0.14259608 -0.16261594
vn -0.9938545 0.11021893 -0.010245048
vn -0.97504145 0.19258052 0.110485196
vn -0.95157593 0.29038954 0.10088237
vn -0.9925207 0.11962533 -0.024341576
vn -0.94078404 0.33573613 -0.046976186
vn -0.7287994 -0.6826256 -0.05360769
vn -0.6310814 0.76993245 0.094552904
vn -0.99384564 0.097165674 -0.053194772
vn -0.0005776599 -0.99902403 -0.04416705
vn 0.00095961423 0.9707954 0.23990688
vn -0.94155467 0.3358522 -0.026038243
vn -0.71819437 -0.69269025 -0.06615881
vn 0.7363686 -0.6679381 0.107795596
vn 0.59691244 0.7763135 0.20256604
vn -0.5979724 0.7769621 0.19687316
vn -0.99636155 0.06785868 -0.051564105
vn -0.0003188372 -0.9997166 -0.023800928
vn 0.9229004 0.3473036 0.16623831
vn 0.0003073079 0.79993826 0.60008216
vn -0.92746836 0.33992395 0.15573737
vn -0.7386737 -0.66703093 0.097113006
vn 0.9838991 0.07165794 0.16373053
vn 0.45687762 0.7144239 0.5299635
vn -0.45787588 0.7159944 0.52697396
vn -0.9863055 0.06640747 0.15096885
vn 0.54556817 -0.6280493 0.5548959
vn 0.6419467 0.3787339 0.6666822
vn -0.00033137886 0.37575397 0.9267195
vn -0.6467928 0.37699956 0.6629709
vn -7.1903625E-05 -0.64902395 0.760768
vn 0.6904857 0.09678421 0.7168418
vn 2.6184804E-05 0.1061274 0.9943526
vn -0.69593453 0.095814645 0.7116843
vn -0.55146414 -0.6260614 0.5513025
vn -0.9498643 -0.096621305 -0.29735866
vn -0.43285114 -0.3146052 -0.84478605
vn -0.36857843 -0.7885191 -0.49232873
vn -0.91228247 -0.34644282 -0.2184447
vn -0.36311826 -0.9313017 0.028673178
vn -0.9462303 0.18514656 -0.26527154
vn -0.4357844 0.39715868 -0.8076862
vn -0.9097581 0.39667898 -0.122417435
vn -0.36741924 0.87202024 -0.32339427
vn -0.91102 -0.4121065 0.014523552
vn -0.3627199 -0.7588988 0.54083896
vn -0.9103177 -0.32996845 0.24988486
vn -0.4243823 -0.26743388 0.86508894
vn -0.46252623 -0.8860451 0.03152151
vn -0.94446373 -0.07387602 0.3202041
vn -0.43049568 0.43517098 0.7907589
vn -0.45546845 -0.7275461 -0.51305467
vn 0.20867807 -0.97737986 0.034383137
vn -0.4483275 -0.70868105 0.5447692
vn -0.90682685 0.40362722 0.12145036
vn -0.3629979 0.88732386 0.28440964
vn -0.9408913 0.19851005 0.2744399
vn -0.4077499 0.3912832 0.8250076
vn -0.4256965 -0.2656338 0.86499786
vn -0.4156603 0.8534009 0.31453684
vn 0.18585204 -0.7985929 0.572458
vn 0.25752637 0.38576213 0.88592756
vn 0.2627871 -0.31244352 0.91286474
vn -0.42123687 0.8328173 -0.3591308
vn 0.20636667 0.9202641 0.33245546
vn 0.00999776 0.46083778 0.88742805
vn -0.06730072 -0.4012756 0.91348153
vn -0.1012573 -0.858024 0.5035293
vn -0.4241525 0.34630686 -0.83675927
vn -0.44651532 -0.28856537 -0.8469676
vn 0.23492008 0.33159417 -0.9137055
vn 0.20652424 0.8908297 -0.40468532
vn 0.07177421 0.9400373 0.33343437
vn -0.051239178 0.41970292 0.90621406
vn 0.12911549 -0.8112102 -0.570322
vn 0.2417429 -0.324619 -0.91443044
vn -0.013948002 0.4088663 -0.9124877
vn -0.2313753 -0.38971496 0.8913965
vn -0.08754805 -0.36809218 -0.9256584
vn -0.12056666 -0.81377715 -0.5685335
vn 0.052985583 0.9198868 -0.3885881
vn -0.20153199 0.5036425 0.8400769
vn -0.06490164 0.34997118 -0.93450946
vn -0.18730257 0.379355 -0.9060947
vn -0.16487676 -0.31192484 -0.9356915
vn 0.037878007 0.9585322 0.2824557
vn -0.05245346 -0.9983504 0.023349032
vn -0.14882253 -0.9880167 -0.040921867
vn -0.39690617 -0.87914395 0.26376376
vn -0.15224399 -0.86873925 -0.47128955
vn -0.29643753 -0.42667603 -0.8544428
vn -0.18253545 -0.9300247 -0.31895894
vn 0.012175594 0.9325782 -0.36076277
vn -0.5461635 -0.38530466 0.74380493
vn -0.20129305 -0.957848 -0.20495917
vn -0.39672858 -0.48457143 -0.7796133
vn -0.13871263 -0.58745044 -0.79728335
vn -0.2524833 0.22789246 -0.94038135
vn -0.14045198 0.6545042 -0.74289805
vn -0.102535255 0.27851015 -0.9549443
vn 0.01376101 0.78244853 -0.6225631
vn 0.007908564 -0.9693127 -0.24570349
vn 0.04277883 0.99752873 -0.055736028
vn -0.1372008 0.8660898 0.48069167
vn 0.08872835 0.86264116 0.49797335
vn -0.04687666 0.32394204 -0.94491494
vn -0.015743995 0.99820876 -0.057718333
vn -0.18922313 0.74256223 0.64249206
vn -0.5128098 0.29012007 0.8079953
vn -0.052186325 0.8244561 -0.56351465
vn -0.60664487 0.23229523 0.76027685
vn 0.09051881 -0.5726943 -0.81475616
vn -0.11186129 0.33193386 -0.9366467
vn 0.21708754 -0.94606876 -0.24047217
vn 0.07978968 -0.9543663 -0.2877821
vn 0.17486101 -0.95125693 -0.25403512
vn 0.32694504 -0.92909056 -0.17290989
vn 0.3011031 -0.9247442 -0.23277709
vn -0.35867688 -0.89869666 -0.25237918
vn -0.6034629 -0.79507166 0.060774583
vn -0.12848082 -0.9893917 -0.06779988
vn -0.6920608 -0.32937902 0.6423092
vn -0.4382602 -0.84523225 0.30579475
vn -0.64981127 -0.41547066 0.63649774
vn 0.22527696 -0.973438 0.040849272
vn -0.21772443 -0.9020359 0.37272942
vn -0.5238736 -0.5091631 0.6828685
vn -0.52115726 0.18128046 0.8339859
vn 0.54536396 -0.8272882 -0.13480504
vn 0.4681202 -0.86049795 -0.2010147
vn 0.5041889 -0.8446038 -0.18010601
vn -0.092580386 -0.9661438 0.2408216
vn 0.6595073 -0.72207856 -0.20893244
vn 0.74826086 -0.5778316 0.32590827
vn 0.43627936 -0.8994169 -0.0266379
vn 0.52289736 -0.756895 -0.3920312
vn 0.30990002 -0.9447762 -0.106582984
vn 0.8794188 -0.3259881 -0.34692127
vn 0.5609966 -0.41902557 -0.71393305
vn -0.01349497 -0.9981304 0.05961239
vn -0.46643505 -0.5841611 0.6642245
vn -0.4779256 -0.6140144 0.6281509
vn -0.44764963 0.12602536 0.88528377
vn -0.45772424 0.16090633 0.8744128
vn -0.13386029 0.77835256 0.6133911
vn 0.12683503 0.79322463 0.59557337
vn 0.130829 0.8823321 0.4520774
vn 0.39249578 0.73744124 0.5496612
vn 0.42586002 0.7295933 0.5351046
vn -0.48687574 -0.6005096 0.6343029
vn -0.4521508 0.17568663 0.8744678
vn 0.15838747 0.8625952 0.48046118
vn 0.81720877 0.57035077 0.08288416
vn 0.39723948 0.31321102 0.8626121
vn -0.056083225 -0.9870809 -0.15008686
vn -0.05121687 -0.9790658 -0.19699551
vn -0.46571383 -0.5898295 0.65970594
vn 0.0054173945 0.7971037 0.6038181
vn -0.049647406 0.9977068 -0.046003122
vn -0.09675885 0.8517238 -0.51497996
vn -0.11046137 0.37410775 -0.92078316
vn 0.1406749 -0.5365349 -0.8320703
vn 0.28658122 -0.9280333 -0.23796089
vn 0.09693461 0.05296818 0.9938803
vn -0.0010907898 0.763922 0.6453077
vn -0.026418356 0.9990509 -0.03463273
vn -0.060492873 0.8732999 -0.48341286
vn -0.07708659 0.4017101 -0.9125166
vn 0.13631673 -0.52234685 -0.8417669
vn -0.013177258 0.4529462 -0.89144045
vn 0.087812394 -0.5349132 -0.84033144
vn 0.6697544 0.5136566 -0.53627044
vn 0.31212568 -0.6613673 0.68203443
vn 0.088085644 0.9197765 0.38242918
vn -0.41736773 0.20824365 0.8845557
vn 0.07193437 0.96102494 0.2669391
vn 0.5197244 0.52699834 -0.6724279
vn 0.37284392 -0.92448103 0.0795123
vn 0.43604743 -0.3037147 -0.8471246
vn -0.09154507 -0.96785986 -0.23423651
vn -0.4858823 -0.5535209 0.6764118
vn -0.41713542 0.22764233 0.8798734
vn 0.31691316 -0.94451743 -0.08632931
vn 0.14374298 -0.9644059 -0.22194408
vn 0.17011155 -0.98417366 -0.04964162
vn 0.08288369 0.9570115 0.27795562
vn 0.17979111 -0.9788745 0.09736505
vn 0.13395339 -0.73747754 0.6619541
vn 0.05610256 0.027585529 0.9980439
vn 0.019532623 0.7652612 0.6434235
vn -0.004320417 0.9995191 -0.030704698
vn 0.013368669 0.76686335 0.6416712
vn -0.0050591948 0.8942041 -0.44763103
vn -0.004335076 0.9996835 -0.02478281
vn 0.0015644011 0.44712958 -0.89446783
vn -0.005522656 0.8965922 -0.44282266
vn 0.015608348 -0.5766981 -0.8168082
vn 0.0022894265 0.44664726 -0.89470714
vn 0.024611466 -0.97850424 -0.20475304
vn 0.05349042 -0.5730173 -0.81779575
vn 0.03477248 -0.99905175 -0.026201695
vn 0.036805104 -0.9799484 -0.19582263
vn 0.047602635 -0.9936864 0.10159378
vn 0.04962304 -0.99861026 -0.017753894
vn 0.049454365 -0.7641253 0.6431693
vn 0.05454235 -0.99263483 0.10817217
vn 0.030717248 0.020842182 0.99931073
vn 0.020043977 0.76631874 0.64214784
vn 0.038067784 0.032897986 0.99873346
vn -0.0073470552 0.9998085 -0.018139612
vn 0.08176619 -0.7472343 0.6595115
vn 0.044884726 0.7780408 0.62660825
vn -0.008499657 0.89717597 -0.44159144
vn 0.08460228 0.046443522 0.9953318
vn 0.014975306 0.99988675 -0.0015281476
vn 0.044612374 0.4395692 -0.8971002
vn 0.014045325 0.906287 -0.4224294
vn 0.056046523 -0.9926097 0.10763204
vn 0.15945108 -0.75941616 0.6307634
vn 0.22701874 0.056904584 0.97222644
vn 0.21644221 0.7663222 0.60489917
vn 0.1995191 0.97989196 -0.001956754
vn 0.17608869 0.8977736 -0.40372676
vn 0.17193565 0.43189296 -0.88538504
vn 0.055750664 -0.9983584 -0.0131263165
vn 0.14794464 -0.61494863 -0.7745646
vn 0.048425335 -0.9816959 -0.18419592
vn 0.1240029 -0.97023815 -0.20799324
vn 0.090398036 -0.99558073 -0.025440669
vn 0.08141779 -0.99100834 0.106177315
vn 0.6845256 0.72892034 -0.009992792
vn 0.6105225 0.69570076 -0.3785008
vn 0.51394373 0.35492387 -0.7809551
vn 0.46634066 -0.47800004 -0.7443402
vn 0.8989235 0.11099706 -0.42381135
vn 0.6047703 -0.7104887 -0.35980356
vn 0.68619126 -0.7250516 -0.05866731
vn 0.9980869 0.046586182 -0.040648468
vn 0.6294995 -0.7478296 0.21090606
vn 0.94308954 0.05385801 0.3281485
vn 0.54063684 -0.625937 0.5620629
vn 0.58376896 0.05527845 0.8100358
vn 0.6549589 0.5882428 0.4743409
vn -0.29343617 0.23011275 0.9278704
vn 0.27622157 0.88904727 0.36509815
vn -0.37171346 -0.58433425 0.7213756
vn 0.6340645 0.5023848 -0.58785355
vn 0.06624996 -0.9891164 -0.13137583
vn 0.49035048 -0.3482539 -0.7989216
vn 0.15081862 -0.4569432 0.8766166
vn 0.16170083 0.048469443 0.9856489
vn 0.6555758 -0.7165577 0.23825514
vn 0.7273486 0.42243338 0.5408456
vn 0.87822586 -0.23801054 -0.4148135
vn 0.9277263 0.25050542 -0.2767146
vn -0.84466 0.41794914 -0.33446673
vn -0.93009007 0.36733064 0.0008372101
vn -0.28780833 0.95767635 -0.0047224485
vn -0.21834117 0.9703513 -0.10366102
vn -0.54503316 0.4735617 -0.69186556
vn -0.23809181 0.96520966 0.10808652
vn -0.86367613 0.36117408 0.35159168
vn -0.1208833 0.9773685 -0.17360333
vn -0.057064794 0.5047979 -0.86134934
vn -0.13688405 0.9669417 0.21514316
vn -0.568095 0.35302225 0.74339986
vn -0.0073582837 0.98084223 -0.19466461
vn 0.49864116 0.49203828 -0.71362126
vn -0.01616092 0.96760476 0.25195193
vn -0.06505291 0.35871777 0.93117654
vn 0.099848755 0.9817092 -0.16210291
vn 0.84229845 0.4114498 -0.3481987
vn 0.110607505 0.9738824 0.19829077
vn 0.52031106 0.36718658 0.7710061
vn 0.22086568 0.96921384 -0.10882513
vn 0.93102896 0.36494157 0.0016405605
vn 0.24407007 0.96342033 0.11068411
vn 0.8622668 0.35496405 0.36124304
vn 0.2773242 0.96076554 -0.0045796135
vn -0.053279605 0.56304145 0.8247095
vn 0.44507802 0.57452434 0.68689686
vn 0.7177758 0.61863726 0.31950867
vn 0.76618856 0.6425838 0.006406829
vn 0.9842868 -0.17630088 -0.009864723
vn 0.71595997 0.6340431 -0.29221687
vn 0.8937258 -0.21645644 0.39293855
vn 0.45270976 0.60162896 -0.65810066
vn -0.47840467 0.587861 0.65234077
vn 0.5300609 -0.2818806 0.79973674
vn 0.9031262 -0.18498074 -0.38748577
vn -0.055233166 0.6097965 -0.79063106
vn -0.062883936 -0.30802846 0.94929653
vn -0.7224931 0.6140284 0.31776232
vn -0.5798015 -0.28254977 0.7641962
vn -0.07546214 -0.13776956 0.9875854
vn -0.7609536 0.64878553 0.005197564
vn -0.8910914 -0.23510833 0.38817552
vn 0.54880244 -0.20202185 -0.8111739
vn 0.55570847 -0.10701509 0.824461
vn -0.60878575 -0.1376651 0.78129905
vn -0.72244895 0.6254191 -0.29481936
vn 0.9174588 -0.07066904 0.39150405
vn -0.078745805 0.2059365 0.97539186
vn -0.48110095 0.6148675 -0.6248839
vn -0.0656353 -0.19346678 -0.9789089
vn -0.5981804 -0.19303817 -0.7777638
vn -0.06627218 -0.07033895 -0.9953192
vn -0.899499 -0.19783266 -0.38956866
vn 0.59220254 0.14586896 0.79247606
vn 0.5685378 -0.07376703 -0.81934315
vn -0.62547565 -0.07419652 -0.7767079
vn -0.98049563 -0.19639039 -0.007687081
vn 0.90694594 -0.060293913 -0.41690972
vn 0.99780124 -0.04779426 -0.04591689
vn 0.9143286 0.10542327 0.39101055
vn 0.75116915 0.4318259 0.49927077
vn 0.992097 0.09897776 -0.07711692
vn -0.90259445 -0.080222785 -0.42295104
vn -0.901822 -0.107386895 0.41855133
vn 0.9330549 0.20269658 0.29719135
vn 0.8916986 0.1195616 -0.43655312
vn -0.036623508 0.7379644 0.6738451
vn -0.63458675 0.13752487 0.7605172
vn -0.7701795 0.41305944 0.48600975
vn -0.9961434 -0.0794692 -0.037188753
vn -0.8936169 0.118548244 0.43289158
vn -0.99265164 0.0979691 -0.07102677
vn -0.006001739 0.9650742 0.26190826
vn -0.93171793 0.21279459 0.29431316
vn -0.89322233 0.10390167 -0.4374454
vn -0.9792964 0.14661144 -0.13958398
vn -0.6212748 0.121809565 -0.7740671
vn -0.03873305 0.13470471 -0.99012846
vn 0.5749329 0.12864144 -0.80802447
vn -0.010514535 0.15207326 -0.98831326
vn -0.5758097 0.14775153 -0.8041223
vn 0.56818086 0.14727262 -0.80961794
vn -0.8897012 0.1209212 -0.4402384
vn 0.0007012855 0.111935265 -0.9937152
vn -0.5699435 0.11007891 -0.814277
vn 0.8896274 0.13224557 -0.43712032
vn 0.5702664 0.11521405 -0.81334
vn 0.0005456286 -0.6170309 -0.7869387
vn 0.9804205 0.15702957 -0.11881675
vn -0.9752939 0.11841168 -0.18649551
vn -0.89399344 0.095681325 -0.43774498
vn -0.4614653 -0.58858544 -0.6637898
vn -0.97966355 0.17809983 0.092411004
vn -0.9520422 0.28809616 0.1030348
vn -0.9925768 0.11226065 -0.046786606
vn -0.9749624 0.09643642 -0.20037031
vn -0.6868963 -0.63945854 -0.34534934
vn 7.168027E-05 -0.99988484 -0.015179832
vn -0.9406617 0.33842742 -0.024948716
vn -0.99131197 0.12655002 -0.035857204
vn -0.6998637 0.70124984 0.13579223
vn -0.74259305 -0.66772413 -0.051961716
vn -0.75474447 -0.6363634 -0.15938166
vn -0 -0.9999522 -0.009785935
vn -0.7445292 -0.6664017 -0.039813455
vn 0.0003031174 -1 0.00018743906
vn 0.00039036848 -0.9999263 -0.012129118
vn -0.73042554 -0.68142724 -0.04621035
vn -0.9933108 0.107682616 -0.041690856
vn -0.0026637001 0.9802412 0.19778784
vn -0.63382417 0.7662823 0.10525393
vn -0.93855214 0.3448999 -0.012805354
vn 0.7029233 0.70263726 0.11045255
vn 0.7420067 -0.67005694 -0.021204604
vn 0.740185 -0.671753 -0.029563121
vn 0.00058673415 -0.9993907 -0.034898747
vn -0.7174869 -0.6942061 -0.05736255
vn -0.99621385 0.07770464 -0.03898653
vn 0.7611649 -0.6323806 -0.14395429
vn 0.68677527 -0.6388128 -0.34678245
vn 0.9782516 0.100258835 -0.18158226
vn 0.4622746 -0.5875508 -0.6641432
vn 0.8924779 0.10267531 -0.4392505
vn 0.9763312 0.14259605 -0.16261593
vn 0.9938545 0.11021887 -0.010245053
vn 0.97504145 0.19258054 0.11048518
vn 0.95157593 0.29038954 0.100882344
vn 0.9925207 0.119625285 -0.024341581
vn 0.94078404 0.33573613 -0.046976183
vn 0.72879934 -0.68262565 -0.053607687
vn 0.99384564 0.097165644 -0.053194772
vn 0.63108134 0.7699325 0.094552875
vn 0.00057765987 -0.99902403 -0.044167046
vn 0.94155467 0.3358522 -0.02603823
vn -0.00095961423 0.9707954 0.23990689
vn 0.71819437 -0.6926903 -0.06615881
vn -0.7363686 -0.6679382 0.10779559
vn 0.99636155 0.067858666 -0.051564105
vn 0.59797233 0.7769621 0.19687316
vn -0.59691244 0.7763135 0.20256609
vn 0.00031883657 -0.9997166 -0.023800928
vn -0.9229004 0.3473036 0.1662383
vn -0.00030736893 0.7999382 0.6000822
vn 0.92746836 0.33992398 0.15573737
vn 0.7386736 -0.667031 0.09711301
vn -0.9838991 0.071657956 0.16373056
vn -0.45687768 0.7144239 0.52996355
vn 0.45787588 0.7159944 0.52697396
vn 0.9863055 0.066407435 0.15096883
vn -0.5455681 -0.6280494 0.5548958
vn -0.6419467 0.3787338 0.6666822
vn 0.0003312556 0.37575403 0.9267195
vn 0.64679277 0.3769996 0.6629709
vn 7.191399E-05 -0.64902395 0.760768
vn -0.6904857 0.09678413 0.7168418
vn -2.6242204E-05 0.1061274 0.9943526
vn 0.6959345 0.095814675 0.7116844
vn 0.55146414 -0.6260614 0.5513025
vn 0.9498643 -0.096620955 -0.29735872
vn 0.91228276 -0.3464421 -0.21844439
vn 0.36857963 -0.7885188 -0.49232844
vn 0.43285093 -0.3146051 -0.8447862
vn 0.36311907 -0.9313014 0.0286737
vn 0.9462301 0.18514746 -0.26527143
vn 0.4357835 0.39715967 -0.80768615
vn 0.9097578 0.3966798 -0.122417025
vn 0.3674188 0.87202054 -0.32339382
vn 0.91102016 -0.4121061 0.0145235965
vn 0.36271986 -0.75889874 0.54083914
vn 0.9103177 -0.32996854 0.24988483
vn 0.4243825 -0.2674336 0.86508894
vn 0.46252605 -0.88604516 0.031521387
vn 0.94446373 -0.07387601 0.32020384
vn 0.43049568 0.43517083 0.7907589
vn 0.4554685 -0.72754586 -0.51305497
vn -0.208678 -0.97737986 0.03438268
vn 0.44832742 -0.70868105 0.54476935
vn 0.90682685 0.4036271 0.12145055
vn 0.36299798 0.88732374 0.28440997
vn 0.9408913 0.19850983 0.27443987
vn 0.4077499 0.39128298 0.8250077
vn 0.4256963 -0.2656339 0.86499786
vn 0.4156604 0.85340077 0.31453684
vn -0.18585202 -0.79859304 0.572458
vn -0.2575264 0.38576204 0.8859277
vn -0.26278716 -0.3124434 0.91286474
vn 0.42123696 0.832817 -0.35913125
vn -0.20636664 0.9202641 0.33245555
vn -0.009997758 0.46083772 0.88742816
vn 0.06730072 -0.40127558 0.91348153
vn 0.10125734 -0.8580244 0.5035286
vn 0.4241527 0.34630668 -0.8367594
vn 0.44651556 -0.288565 -0.84696764
vn -0.23491985 0.331594 -0.9137057
vn -0.20652416 0.89082956 -0.4046856
vn -0.0717742 0.9400371 0.33343464
vn 0.051239144 0.41970292 0.90621406
vn -0.12911545 -0.81121004 -0.5703223
vn -0.24174282 -0.32461897 -0.91443044
vn 0.013948017 0.40886623 -0.9124877
vn 0.23137534 -0.38971522 0.8913964
vn 0.087548055 -0.36809218 -0.9256584
vn 0.12056676 -0.8137773 -0.56853324
vn -0.0529856 0.91988695 -0.388588
vn 0.20153189 0.5036424 0.8400769
vn 0.064901665 0.34997094 -0.9345095
vn 0.1873025 0.37935472 -0.90609485
vn 0.16487685 -0.311925 -0.93569136
vn -0.037878 0.9585321 0.28245598
vn 0.0524535 -0.9983504 0.023348665
vn 0.14882252 -0.9880167 -0.040921934
vn 0.39690614 -0.87914413 0.2637632
vn 0.15224408 -0.86873937 -0.4712893
vn 0.2964374 -0.42667606 -0.85444266
vn 0.18253542 -0.9300247 -0.3189589
vn -0.012175593 0.9325782 -0.3607627
vn 0.5461635 -0.38530487 0.74380475
vn 0.20129296 -0.957848 -0.20495924
vn 0.3967286 -0.48457152 -0.7796133
vn 0.13871269 -0.58745027 -0.79728353
vn 0.25248334 0.22789262 -0.94038135
vn 0.14045203 0.65450436 -0.7428979
vn 0.10253535 0.2785103 -0.9549442
vn -0.013760984 0.7824486 -0.6225631
vn -0.0079085585 -0.96931267 -0.24570373
vn -0.04277883 0.99752873 -0.055736415
vn 0.13720079 0.86609 0.48069137
vn -0.08872833 0.86264133 0.49797317
vn 0.04687666 0.32394204 -0.94491494
vn 0.015743986 0.99820876 -0.057718832
vn 0.18922313 0.74256223 0.642492
vn 0.51280993 0.2901201 0.8079953
vn 0.052186314 0.8244559 -0.563515
vn 0.60664487 0.23229544 0.76027685
vn -0.09051871 -0.57269406 -0.81475633
vn 0.11186122 0.3319337 -0.9366467
vn -0.21708734 -0.94606876 -0.24047273
vn -0.079789706 -0.9543663 -0.28778216
vn -0.17486104 -0.95125693 -0.25403517
vn -0.3269449 -0.92909056 -0.17290998
vn -0.3011027 -0.9247443 -0.23277715
vn 0.35867676 -0.89869654 -0.25237957
vn 0.6034629 -0.79507166 0.06077431
vn 0.12848075 -0.98939157 -0.0678008
vn 0.6920607 -0.32937896 0.6423094
vn 0.4382603 -0.8452324 0.30579433
vn 0.6498112 -0.41547012 0.63649815
vn -0.22527689 -0.97343814 0.040848166
vn 0.21772462 -0.90203625 0.37272868
vn 0.5238736 -0.5091629 0.6828685
vn 0.52115726 0.18128084 0.8339859
vn -0.54536384 -0.8272884 -0.13480498
vn -0.46812025 -0.86049765 -0.20101514
vn -0.50418895 -0.8446038 -0.1801059
vn 0.092580006 -0.9661441 0.2408203
vn -0.65950733 -0.72207856 -0.2089324
vn -0.7482609 -0.5778316 0.32590827
vn -0.4362792 -0.89941704 -0.026637897
vn -0.52289754 -0.7568947 -0.39203125
vn -0.30989957 -0.94477636 -0.10658301
vn -0.8794189 -0.32598776 -0.34692124
vn -0.5609967 -0.41902536 -0.71393305
vn 0.013494453 -0.9981305 0.059611604
vn 0.4664351 -0.5841617 0.66422397
vn 0.47792575 -0.6140147 0.6281504
vn 0.44764975 0.12602548 0.88528377
vn 0.45772445 0.16090658 0.87441266
vn 0.13386022 0.77835304 0.6133905
vn -0.12683523 0.7932248 0.59557307
vn -0.13082893 0.88233227 0.452077
vn -0.39249575 0.7374415 0.5496609
vn -0.42586026 0.7295929 0.5351048
vn 0.48687595 -0.6005096 0.63430285
vn 0.45215076 0.17568682 0.87446773
vn -0.15838762 0.8625949 0.48046148
vn -0.81720877 0.57035077 0.08288454
vn -0.39723936 0.31321087 0.86261225
vn 0.056083255 -0.98708075 -0.15008724
vn 0.051217154 -0.97906566 -0.19699584
vn 0.4657138 -0.5898296 0.6597058
vn -0.005417331 0.7971035 0.6038185
vn 0.049647413 0.9977068 -0.04600277
vn 0.09675884 0.851724 -0.5149795
vn 0.11046132 0.37410784 -0.92078316
vn -0.14067492 -0.53653497 -0.8320702
vn -0.28658107 -0.9280334 -0.23796089
vn -0.096934475 0.052968383 0.9938803
vn 0.0010908104 0.7639219 0.64530784
vn 0.02641835 0.9990509 -0.034632593
vn 0.060492855 0.8733002 -0.48341236
vn 0.07708661 0.4017107 -0.91251636
vn -0.13631675 -0.5223466 -0.8417671
vn 0.013177204 0.45294586 -0.89144063
vn -0.08781239 -0.53491265 -0.84033173
vn -0.6697544 0.51365703 -0.53626996
vn -0.31212547 -0.6613667 0.6820349
vn -0.08808564 0.9197764 0.3824295
vn 0.4173674 0.20824376 0.8845558
vn -0.07193445 0.96102494 0.26693898
vn -0.5197244 0.52699816 -0.672428
vn -0.37284377 -0.92448103 0.07951281
vn -0.43604738 -0.3037147 -0.8471246
vn 0.091545284 -0.96785975 -0.23423679
vn 0.4858824 -0.55352116 0.6764117
vn 0.41713518 0.22764234 0.8798734
vn -0.3169128 -0.9445177 -0.08632893
vn -0.14374295 -0.9644058 -0.22194442
vn -0.17011154 -0.9841738 -0.0496409
vn -0.08288397 0.9570115 0.27795535
vn -0.17979114 -0.9788744 0.09736583
vn -0.13395336 -0.73747677 0.66195506
vn -0.05610249 0.027586682 0.9980438
vn -0.019532653 0.7652614 0.6434232
vn 0.0043204036 0.9995191 -0.030704744
vn -0.013368709 0.76686335 0.64167106
vn 0.0050591663 0.8942038 -0.44763148
vn 0.004335067 0.9996835 -0.02478261
vn -0.0015644642 0.44712892 -0.89446807
vn 0.0055226125 0.8965918 -0.4428234
vn -0.015608365 -0.5766976 -0.8168085
vn -0.0022894235 0.44664705 -0.8947074
vn -0.02461147 -0.97850424 -0.20475325
vn -0.053490534 -0.5730176 -0.81779563
vn -0.034772456 -0.99905175 -0.026201066
vn -0.03680514 -0.9799486 -0.1958218
vn -0.047602613 -0.9936864 0.10159392
vn -0.049623054 -0.99861026 -0.017753012
vn -0.04945436 -0.76412493 0.64316964
vn -0.054542355 -0.99263483 0.10817245
vn -0.030717269 0.020843316 0.99931073
vn -0.020043995 0.76631874 0.64214784
vn -0.038067814 0.03289812 0.99873346
vn 0.0073470506 0.9998085 -0.018139796
vn -0.08176609 -0.7472342 0.6595115
vn -0.044884734 0.778041 0.62660795
vn 0.00849965 0.89717567 -0.44159216
vn -0.08460221 0.04644375 0.9953318
vn -0.0149753 0.99988675 -0.0015282308
vn -0.044612393 0.43956894 -0.89710027
vn -0.01404529 0.9062869 -0.42242956
vn -0.05604653 -0.9926098 0.10763182
vn -0.15945093 -0.7594161 0.63076353
vn -0.22701858 0.05690487 0.97222644
vn -0.21644223 0.76632255 0.60489875
vn -0.19951902 0.9798921 -0.0019568144
vn -0.17608865 0.8977736 -0.40372676
vn -0.17193563 0.43189266 -0.88538516
vn -0.055750698 -0.9983584 -0.013126362
vn -0.14794476 -0.6149491 -0.77456445
vn -0.048425376 -0.9816961 -0.18419516
vn -0.124002874 -0.97023815 -0.20799342
vn -0.09039808 -0.99558073 -0.025441311
vn -0.081417814 -0.99100834 0.106177166
vn -0.6845261 0.7289199 -0.009992975
vn -0.61052275 0.69570047 -0.37850085
vn -0.51394373 0.35492364 -0.78095514
vn -0.4663407 -0.4780003 -0.74434006
vn -0.89892364 0.11099632 -0.42381126
vn -0.60477036 -0.7104889 -0.35980344
vn -0.686191 -0.72505176 -0.058667433
vn -0.9980869 0.046585217 -0.040648505
vn -0.62949944 -0.7478296 0.21090628
vn -0.9430894 0.053857964 0.32814872
vn -0.5406368 -0.62593627 0.56206375
vn -0.58376884 0.055279024 0.8100358
vn -0.6549591 0.5882428 0.47434053
vn 0.29343635 0.23011246 0.9278704
vn -0.27622163 0.88904715 0.36509827
vn 0.3717135 -0.58433443 0.72137535
vn -0.6340644 0.50238484 -0.5878535
vn -0.06625036 -0.9891164 -0.1313757
vn -0.49035057 -0.34825382 -0.7989216
vn -0.15081868 -0.45694336 0.8766165
vn -0.16170084 0.04846934 0.9856489
vn -0.6555764 -0.716557 0.23825526
vn -0.72734827 0.42243382 0.5408458
vn -0.8782262 -0.2380098 -0.4148133
vn -0.9277262 0.2505063 -0.27671415
vn 0.109206945 0.8691202 -0.48239392
vn 0.54183203 0.7135236 -0.44418713
vn 0.19743475 0.93321466 -0.30021623
vn -0.081092365 0.88594294 -0.45664993
vn -0.3222967 0.07236708 -0.9438685
vn 0.8655291 0.500681 0.013338893
vn 0.57867754 -0.6951553 0.42648736
vn -0.41316548 0.9046093 -0.10476759
vn -0.20270662 0.5907414 -0.78098315
vn -0.17503 0.9014882 0.3958329
vn -0.69865674 -0.62925464 0.34046635
vn 0.1252449 -0.9854382 0.1150006
vn -0.6739882 -0.5377252 0.5065485
vn 0.6341119 -0.7251406 0.2684645
vn 0.40774065 -0.35313404 0.84204745
vn 0.4250777 -0.3289909 0.84325194
vn -0.18883198 -0.8970346 0.39958918
vn -0.8659313 -0.48441634 0.124514714
vn -0.6201063 0.7337035 0.27775437
vn 0.15157875 -0.9554877 0.2531147
vn -0.16609588 -0.89609843 -0.41160628
vn -0.7910583 -0.44009537 -0.42490306
vn 0.1727141 0.9339194 0.31299263
vn -0.40248471 0.511098 0.7594636
vn 0.063930176 0.7949973 0.6032347
vn 0.4329059 0.56684923 0.7009098
vn -0.7793634 -0.21135318 -0.5898496
vn 0.5232552 -0.73051727 -0.4388035
vn -0.547282 0.017852178 0.83675784
vn -0.6230611 -0.7817564 0.025529735
vn -0.238493 -0.56959444 -0.7865642
vn 0.16447204 -0.66530865 -0.7282261
vn 0.46048146 0.60356665 -0.65089494
vn 0.110012054 0.68771863 -0.7175936
vn -0.6131875 -0.46314344 -0.6399213
vn -0.21972014 0.7811103 -0.5844568
vn 0.7245775 0.5546972 -0.40902135
vn 0.49724784 -0.728471 -0.4712479
vn -0.87127215 -0.37146935 -0.32077318
vn -0.42737386 0.85514325 -0.2933967
vn 0.82919306 0.5541024 -0.07354831
vn 0.66555035 -0.74277246 -0.073019326
vn -0.94183725 -0.32130018 0.09853356
vn -0.45408955 0.8887801 0.06223102
vn 0.7608334 0.5971732 0.2540013
vn 0.6141676 -0.70235616 0.3598529
vn -0.7953731 -0.33081374 0.50788194
vn -0.30518493 0.87549776 0.3746543
vn 0.5559346 0.66800433 0.49467874
vn 0.35355428 -0.6155016 0.7043842
vn -0.46578094 -0.3987184 0.78998214
vn -0.039023083 0.82357025 0.5658704
vn 0.26991862 0.74889416 0.6052286
vn -0.0435028 -0.50405246 0.8625767
vn 0.20563428 0.7823985 0.5878495
vn 0.46455708 0.8695864 0.16735017
vn 0.51711786 0.22901276 0.8247073
vn -0.8533907 0.37525985 0.3618071
vn -0.7789311 -0.15743816 0.60702527
vn -0.8452203 0.49718446 -0.19598542
vn -0.81009555 -0.197792 0.5519271
vn -0.9236019 -0.28013757 -0.26169157
vn 0.55271363 0.13401768 0.8225247
vn 0.921889 0.2879615 0.25922748
vn -0.7928182 -0.23648195 0.5617076
vn 0.51797265 0.11436971 0.8477169
vn 0.94002193 0.3401206 -0.026016105
vn 0.48326233 0.8754453 -0.0072777555
vn 0.9146895 0.29472598 0.27654985
vn -0.9146895 -0.2947259 -0.2765497
vn -0.9440919 -0.32865885 0.025954695
vn -0.8702307 0.4925638 0.00890682
vn -0.8013213 -0.2895715 0.52348113
vn 0.4480944 0.8784589 -0.1658954
vn 0.525846 0.07342848 0.8474043
vn -0.85332865 0.47745618 0.20944184
vn -0.93655366 -0.34913775 0.031144038
vn -0.9099878 -0.25794452 -0.3246335
vn -0.9008884 -0.3211049 0.29204735
vn 0.93655366 0.34913787 -0.031143818
vn 0.9099877 0.25794464 0.3246335
vn 0.8993659 0.32779756 -0.28929168
vn -0.4066793 -0.81592363 -0.41095075
vn -0.95396054 -0.29964188 0.013196275
vn -0.8697814 -0.35166922 0.3461346
vn -0.51006275 -0.8036053 0.30668288
vn 0.5827842 -0.6161489 0.5298333
vn 0.8869203 -0.42806983 0.17357628
vn 0.95396066 0.29964152 -0.013196351
vn -0.45652813 -0.8894526 -0.021358375
vn -0.88863146 -0.29714713 0.3493391
vn 0.8984266 -0.43887398 -0.014812807
vn 0.86978143 0.35166883 -0.34613466
vn 0.8886315 0.29714695 -0.34933904
vn -0.3902395 -0.85080886 0.35190544
vn -0.8365466 -0.22281623 -0.5005425
vn 0.43438447 0.23603924 -0.86925006
vn 0.88037866 -0.42143416 -0.21754676
vn -0.84026384 -0.21696724 -0.49687207
vn 0.45328122 0.17709137 -0.87359875
vn -0.83302295 -0.12762307 -0.53831685
vn 0.49375 0.24298696 -0.834966
vn -0.8232808 -0.072743304 -0.562954
vn 0.46679112 0.3470827 -0.81341237
vn -0.52245003 -0.7713338 -0.363442
vn 0.555327 -0.5521814 -0.6218581
vn -0.8725058 0.38943866 -0.2950785
vn 0.19162536 0.8147336 -0.5472558
vn 0.783755 0.018585676 0.6207919
vn 0.6013916 -0.48940554 0.6315143
vn 0.13572048 -0.5877785 0.79755646
vn 0.6489841 -0.09490048 -0.7548599
vn 0.53244 -0.67277926 -0.51368827
vn -0.11677453 -0.81544536 -0.5669327
vn -0.17115644 0.3978205 0.90135694
vn -0.11968621 -0.07161007 0.99022585
vn 0.7621533 0.119788945 0.6362176
vn 0.63863045 -0.18553168 -0.7468127
vn -0.47953954 -0.503729 -0.7185395
vn -0.40755263 0.19609533 -0.8918786
vn -0 0.63007945 -0.7765306
vn -0 0.79002416 0.6130757
vn 0.4703102 0.37125367 -0.80061156
vn -0 -0.5265959 0.8501157
vn 0.6655744 0.69212615 0.27923486
vn -0.15122743 0.45857343 -0.87569445
vn -0 0.5251877 -0.8509864
vn 0.09139547 0.8783969 0.46911168
vn -0 0.8616205 0.5075531
vn -0 -0.42136836 0.90688956
vn 0.119686216 -0.07160986 0.99022585
vn 0.47953963 -0.50372875 -0.71853954
vn -0 -0.912027 -0.41013014
vn -0.091395475 0.878397 0.4691113
vn 0.1512272 0.45857325 -0.8756945
vn -0.66557455 0.6921263 0.27923417
vn -0.4703099 0.37125358 -0.8006118
vn -0.7621534 0.119789176 0.63621753
vn -0.6386304 -0.18553135 -0.74681276
vn -0.783755 0.018585559 0.6207921
vn -0.648984 -0.094900556 -0.75486
vn 0.40755263 0.19609527 -0.8918786
vn 0.17115669 0.39782035 0.901357
vn 0.11677446 -0.8154451 -0.5669329
vn -0.1357203 -0.58777887 0.7975562
vn -0.60139155 -0.48940602 0.63151395
vn -0.5324398 -0.67277926 -0.5136886
vn -0 -0.85882956 -0.5122615
vn -0.10921408 0.8691211 -0.4823908
vn -0.19743478 0.93321466 -0.30021647
vn -0.54183286 0.7135264 -0.44418138
vn 0.081087135 0.8859448 -0.4566472
vn 0.32230353 0.07234201 -0.9438681
vn -0.8655321 0.5006758 0.013338685
vn -0.5786426 -0.69518447 0.42648727
vn 0.4131656 0.90460926 -0.104768045
vn 0.20269331 0.5907423 -0.78098583
vn 0.17501764 0.90149903 0.3958135
vn 0.69863164 -0.62927175 0.34048635
vn -0.12524533 -0.9854365 0.11501507
vn 0.6739886 -0.5377252 0.5065481
vn -0.6340966 -0.7251447 0.2684895
vn -0.40776828 -0.3531745 0.8420171
vn -0.42508912 -0.32901737 0.84323585
vn 0.188832 -0.89703465 0.39958882
vn 0.8659313 -0.48441628 0.12451446
vn 0.62010634 0.73370355 0.27775407
vn -0.15157959 -0.95548564 0.25312215
vn 0.16609585 -0.89609826 -0.4116066
vn 0.7910583 -0.44009537 -0.42490306
vn -0.17271411 0.9339194 0.31299236
vn 0.40248463 0.51109797 0.7594636
vn -0.06395173 0.7950051 0.60322237
vn -0.43286383 0.5668581 0.70092857
vn 0.7793744 -0.21140267 -0.5898173
vn -0.5232673 -0.7305134 -0.4387955
vn 0.54728204 0.017851986 0.83675784
vn 0.623061 -0.78175646 0.025529632
vn 0.23849262 -0.5695943 -0.7865644
vn -0.1100123 0.68771863 -0.71759343
vn -0.4604815 0.60356677 -0.6508946
vn 0.613187 -0.46314356 -0.63992167
vn -0.16447182 -0.6653084 -0.7282264
vn 0.21972005 0.7811104 -0.5844566
vn -0.72457767 0.55469716 -0.40902105
vn -0.49724758 -0.7284708 -0.4712485
vn 0.87127185 -0.3714693 -0.32077405
vn 0.42737383 0.8551434 -0.29339647
vn -0.8291933 0.5541022 -0.0735478
vn -0.6655502 -0.74277246 -0.07301994
vn 0.94183743 -0.32129997 0.09853195
vn 0.45408958 0.8887801 0.062230784
vn -0.7608334 0.5971729 0.25400195
vn -0.61416763 -0.7023563 0.35985243
vn 0.7953737 -0.33081377 0.507881
vn 0.30518508 0.87549776 0.37465426
vn -0.55593425 0.6680041 0.49467927
vn -0.35355425 -0.61550194 0.70438397
vn 0.4657812 -0.39871827 0.7899821
vn 0.039023064 0.82357 0.5658707
vn -0.26991847 0.74889386 0.60522884
vn 0.04350288 -0.5040525 0.8625767
vn -0.20563431 0.78239846 0.58784956
vn -0.51711786 0.22901274 0.82470745
vn -0.46455717 0.8695865 0.16734985
vn 0.8533907 0.37525976 0.36180708
vn 0.7789311 -0.15743816 0.60702527
vn 0.8452202 0.4971844 -0.1959857
vn 0.8100956 -0.19779195 0.55192703
vn 0.9236018 -0.28013763 -0.26169157
vn -0.55271345 0.13401768 0.8225248
vn -0.921889 0.2879615 0.25922748
vn 0.7928182 -0.236482 0.5617076
vn -0.5179726 0.11436971 0.8477169
vn -0.94002193 0.34012055 -0.026016116
vn -0.4832624 0.8754453 -0.0072782114
vn -0.91468936 0.29472598 0.27654982
vn 0.9146895 -0.2947259 -0.27654973
vn 0.9440919 -0.32865888 0.025954675
vn 0.8702308 0.49256378 0.008906324
vn 0.8013212 -0.28957146 0.5234812
vn -0.44809437 0.8784589 -0.1658956
vn -0.5258461 0.07342851 0.8474043
vn 0.8533287 0.47745606 0.20944175
vn 0.9365538 -0.34913778 0.03114401
vn 0.9099878 -0.25794446 -0.32463354
vn 0.9008884 -0.3211049 0.2920474
vn -0.93655366 0.34913778 -0.031143853
vn -0.9099877 0.25794467 0.3246335
vn -0.8993659 0.3277975 -0.28929168
vn 0.40667936 -0.81592345 -0.41095093
vn 0.95396054 -0.2996419 0.013196221
vn 0.86978143 -0.3516692 0.3461346
vn 0.510063 -0.8036053 0.3066825
vn -0.5827842 -0.61614895 0.5298331
vn -0.8869203 -0.4280698 0.17357619
vn -0.95396066 0.29964152 -0.013196361
vn 0.45652813 -0.8894526 -0.021358408
vn 0.88863146 -0.29714715 0.34933898
vn -0.8984266 -0.43887398 -0.0148127545
vn -0.86978143 0.35166878 -0.34613472
vn -0.88863146 0.2971469 -0.34933913
vn 0.3902396 -0.85080904 0.351905
vn 0.8365466 -0.22281629 -0.50054246
vn -0.43438426 0.23603919 -0.8692501
vn -0.88037854 -0.42143434 -0.21754692
vn 0.84026384 -0.21696725 -0.49687216
vn -0.45328116 0.17709132 -0.8735989
vn 0.83302295 -0.12762313 -0.53831685
vn -0.49374992 0.24298696 -0.8349661
vn 0.8232808 -0.07274331 -0.562954
vn -0.46679103 0.3470827 -0.81341237
vn 0.5224501 -0.77133363 -0.36344245
vn -0.55532664 -0.55218154 -0.6218584
vn 0.8725058 0.38943857 -0.29507846
vn -0.1916253 0.8147336 -0.5472558
vn 0.50660586 0.021558072 0.8619082
vn 0.35880697 0.13427554 0.9237032
vn 0.4767787 0.11581063 0.871361
vn 0.44485465 -0.023495702 0.89529455
vn 0.47908282 -0.26253366 0.83758926
vn 0.15660535 0.17054124 0.97282606
vn 0.42434508 -0.3455183 0.8369876
vn 0.40189388 -0.75134706 0.5234108
vn 0.344377 -0.736133 0.5826772
vn 0.1565163 -0.017651042 0.98751765
vn 0.098197944 0.17051357 0.98045003
vn 0.15563194 -0.3723446 0.9149526
vn 0.1475823 -0.7767113 0.6123226
vn 0.10387068 -0.021345379 0.99436164
vn 0.09744453 -0.36761504 0.9248588
vn -0 -0.8264324 0.56303585
vn -0.14758228 -0.7767113 0.61232257
vn -0.15563193 -0.37234467 0.9149526
vn -0.34437698 -0.7361329 0.58267725
vn -0.15651625 -0.01765103 0.98751765
vn -0.15660535 0.17054124 0.97282606
vn -0.42434502 -0.34551835 0.8369876
vn -0.40189397 -0.7513472 0.5234106
vn -0.47908288 -0.2625336 0.83758914
vn -0.44485474 -0.023495696 0.89529455
vn -0.358807 0.13427553 0.9237032
vn -0.50660586 0.021558093 0.8619082
vn -0.47677875 0.11581062 0.8713609
vn 0.3284881 -0.9436479 -0.040302992
vn 0.39256045 -0.91673726 -0.07408798
vn 0.44435728 -0.8775481 0.18015501
vn 0.34735197 -0.9232756 0.16403885
vn 0.40189388 -0.75134706 0.5234108
vn 0.344377 -0.736133 0.5826772
vn 0.30446836 -0.9350678 0.18151353
vn 0.1475823 -0.7767113 0.6123226
vn 0.12729795 -0.97501683 0.18203656
vn -0 -0.8264324 0.56303585
vn 0.051947743 -0.9821019 0.18104477
vn -0.12729795 -0.97501683 0.18203664
vn -0.14758228 -0.7767113 0.61232257
vn -0.30446836 -0.9350678 0.1815137
vn -0.34437698 -0.7361329 0.58267725
vn -0.4443571 -0.8775482 0.18015508
vn -0.40189397 -0.7513472 0.5234106
vn -0.34735197 -0.9232758 0.16403808
vn -0.32848793 -0.9436479 -0.040303364
vn -0.39251852 -0.9167621 -0.07400302
g 02_Cloth_14_0
f 3/3/3 2/2/2 1/1/1
f 6/6/6 5/5/5 4/4/4
f 9/9/9 8/8/8 7/7/7
f 9/9/9 10/10/10 8/8/8
f 10/10/10 11/11/11 8/8/8
f 10/10/10 12/12/12 11/11/11
f 12/12/12 13/13/13 11/11/11
f 12/12/12 14/14/14 13/13/13
f 14/14/14 15/15/15 13/13/13
f 13/13/13 15/15/15 16/16/16
f 15/15/15 17/17/17 16/16/16
f 17/17/17 18/18/18 16/16/16
f 18/18/18 19/19/19 16/16/16
f 19/19/19 18/18/18 20/20/20
f 18/18/18 21/21/21 20/20/20
f 24/24/24 23/23/23 22/22/22
f 23/23/23 25/25/25 22/22/22
f 23/23/23 26/26/26 25/25/25
f 26/26/26 27/27/27 25/25/25
f 26/26/26 28/28/28 27/27/27
f 22/22/22 25/25/25 29/29/29
f 25/25/25 27/27/27 30/30/30
f 25/25/25 30/30/30 29/29/29
f 22/22/22 29/29/29 31/31/31
f 32/32/32 22/22/22 31/31/31
f 32/32/32 31/31/31 33/33/33
f 32/32/32 33/33/33 34/34/34
f 33/33/33 35/35/35 34/34/34
f 34/34/34 35/35/35 36/36/36
f 35/35/35 37/37/37 36/36/36
f 28/28/28 38/38/38 27/27/27
f 27/27/27 39/39/39 30/30/30
f 27/27/27 38/38/38 39/39/39
f 38/38/38 28/28/28 40/40/40
f 28/28/28 41/41/41 40/40/40
f 40/40/40 41/41/41 42/42/42
f 41/41/41 43/43/43 42/42/42
f 42/42/42 43/43/43 44/44/44
f 43/43/43 45/45/45 44/44/44
f 35/35/35 33/33/33 46/46/46
f 37/37/37 35/35/35 47/47/47
f 47/47/47 35/35/35 46/46/46
f 46/46/46 33/33/33 48/48/48
f 33/33/33 31/31/31 48/48/48
f 38/38/38 40/40/40 49/49/49
f 40/40/40 42/42/42 50/50/50
f 49/49/49 40/40/40 50/50/50
f 42/42/42 44/44/44 51/51/51
f 50/50/50 42/42/42 51/51/51
f 52/52/52 38/38/38 49/49/49
f 38/38/38 52/52/52 39/39/39
f 51/51/51 44/44/44 53/53/53
f 44/44/44 54/54/54 53/53/53
f 53/53/53 54/54/54 55/55/55
f 55/55/55 54/54/54 56/56/56
f 57/57/57 55/55/55 56/56/56
f 57/57/57 56/56/56 58/58/58
f 59/59/59 57/57/57 58/58/58
f 49/49/49 50/50/50 60/60/60
f 50/50/50 51/51/51 61/61/61
f 60/60/60 50/50/50 61/61/61
f 61/61/61 62/62/62 60/60/60
f 61/61/61 51/51/51 63/63/63
f 51/51/51 53/53/53 63/63/63
f 62/62/62 61/61/61 63/63/63
f 64/64/64 49/49/49 60/60/60
f 52/52/52 49/49/49 64/64/64
f 63/63/63 53/53/53 65/65/65
f 63/63/63 65/65/65 62/62/62
f 53/53/53 55/55/55 66/66/66
f 53/53/53 66/66/66 65/65/65
f 55/55/55 57/57/57 67/67/67
f 55/55/55 67/67/67 66/66/66
f 57/57/57 59/59/59 68/68/68
f 57/57/57 68/68/68 67/67/67
f 62/62/62 69/69/69 60/60/60
f 60/60/60 69/69/69 64/64/64
f 70/70/70 52/52/52 64/64/64
f 69/69/69 71/71/71 64/64/64
f 64/64/64 71/71/71 70/70/70
f 52/52/52 70/70/70 72/72/72
f 39/39/39 52/52/52 72/72/72
f 39/39/39 72/72/72 73/73/73
f 30/30/30 39/39/39 73/73/73
f 30/30/30 73/73/73 74/74/74
f 75/75/75 74/74/74 73/73/73
f 29/29/29 30/30/30 74/74/74
f 29/29/29 74/74/74 76/76/76
f 76/76/76 74/74/74 75/75/75
f 31/31/31 29/29/29 76/76/76
f 31/31/31 76/76/76 77/77/77
f 75/75/75 77/77/77 76/76/76
f 48/48/48 31/31/31 77/77/77
f 78/78/78 73/73/73 72/72/72
f 78/78/78 75/75/75 73/73/73
f 79/79/79 72/72/72 70/70/70
f 79/79/79 78/78/78 72/72/72
f 80/80/80 79/79/79 70/70/70
f 71/71/71 80/80/80 70/70/70
f 81/81/81 48/48/48 77/77/77
f 75/75/75 82/82/82 77/77/77
f 82/82/82 81/81/81 77/77/77
f 81/81/81 83/83/83 48/48/48
f 83/83/83 46/46/46 48/48/48
f 83/83/83 84/84/84 46/46/46
f 84/84/84 47/47/47 46/46/46
f 85/85/85 75/75/75 78/78/78
f 86/86/86 78/78/78 79/79/79
f 86/86/86 85/85/85 78/78/78
f 87/87/87 82/82/82 75/75/75
f 85/85/85 87/87/87 75/75/75
f 88/88/88 81/81/81 82/82/82
f 87/87/87 88/88/88 82/82/82
f 89/89/89 83/83/83 81/81/81
f 88/88/88 89/89/89 81/81/81
f 89/89/89 90/90/90 83/83/83
f 90/90/90 84/84/84 83/83/83
f 90/90/90 91/91/91 84/84/84
f 92/92/92 89/89/89 88/88/88
f 92/92/92 88/88/88 87/87/87
f 91/91/91 93/93/93 84/84/84
f 84/84/84 93/93/93 47/47/47
f 93/93/93 94/94/94 47/47/47
f 93/93/93 95/95/95 94/94/94
f 95/95/95 96/96/96 94/94/94
f 94/94/94 37/37/37 47/47/47
f 94/94/94 96/96/96 37/37/37
f 96/96/96 97/97/97 37/37/37
f 37/37/37 97/97/97 98/98/98
f 97/97/97 99/99/99 98/98/98
f 100/100/100 92/92/92 87/87/87
f 100/100/100 87/87/87 85/85/85
f 101/101/101 100/100/100 85/85/85
f 101/101/101 85/85/85 86/86/86
f 102/102/102 92/92/92 100/100/100
f 103/103/103 100/100/100 101/101/101
f 103/103/103 102/102/102 100/100/100
f 104/104/104 103/103/103 101/101/101
f 103/103/103 104/104/104 102/102/102
f 105/105/105 101/101/101 86/86/86
f 104/104/104 101/101/101 105/105/105
f 102/102/102 106/106/106 92/92/92
f 106/106/106 107/107/107 92/92/92
f 104/104/104 108/108/108 102/102/102
f 102/102/102 108/108/108 106/106/106
f 106/106/106 109/109/109 107/107/107
f 109/109/109 110/110/110 107/107/107
f 105/105/105 86/86/86 111/111/111
f 111/111/111 86/86/86 79/79/79
f 111/111/111 79/79/79 80/80/80
f 112/112/112 104/104/104 105/105/105
f 104/104/104 112/112/112 108/108/108
f 108/108/108 113/113/113 106/106/106
f 106/106/106 113/113/113 109/109/109
f 109/109/109 114/114/114 110/110/110
f 114/114/114 115/115/115 110/110/110
f 116/116/116 105/105/105 111/111/111
f 112/112/112 105/105/105 116/116/116
f 117/117/117 111/111/111 80/80/80
f 116/116/116 111/111/111 117/117/117
f 112/112/112 118/118/118 108/108/108
f 108/108/108 118/118/118 113/113/113
f 109/109/109 119/119/119 114/114/114
f 113/113/113 119/119/119 109/109/109
f 114/114/114 120/120/120 115/115/115
f 119/119/119 120/120/120 114/114/114
f 120/120/120 121/121/121 115/115/115
f 121/121/121 120/120/120 122/122/122
f 123/123/123 112/112/112 116/116/116
f 112/112/112 123/123/123 118/118/118
f 113/113/113 124/124/124 119/119/119
f 118/118/118 124/124/124 113/113/113
f 120/120/120 125/125/125 122/122/122
f 125/125/125 126/126/126 122/122/122
f 119/119/119 127/127/127 120/120/120
f 124/124/124 127/127/127 119/119/119
f 127/127/127 125/125/125 120/120/120
f 118/118/118 128/128/128 124/124/124
f 123/123/123 128/128/128 118/118/118
f 123/123/123 116/116/116 129/129/129
f 129/129/129 116/116/116 117/117/117
f 125/125/125 130/130/130 126/126/126
f 130/130/130 131/131/131 126/126/126
f 127/127/127 132/132/132 125/125/125
f 132/132/132 130/130/130 125/125/125
f 124/124/124 133/133/133 127/127/127
f 128/128/128 133/133/133 124/124/124
f 133/133/133 132/132/132 127/127/127
f 123/123/123 134/134/134 128/128/128
f 134/134/134 123/123/123 129/129/129
f 130/130/130 135/135/135 131/131/131
f 135/135/135 136/136/136 131/131/131
f 136/136/136 135/135/135 137/137/137
f 132/132/132 138/138/138 130/130/130
f 138/138/138 135/135/135 130/130/130
f 135/135/135 139/139/139 137/137/137
f 135/135/135 138/138/138 139/139/139
f 137/137/137 139/139/139 140/140/140
f 128/128/128 141/141/141 133/133/133
f 134/134/134 141/141/141 128/128/128
f 133/133/133 142/142/142 132/132/132
f 142/142/142 138/138/138 132/132/132
f 141/141/141 142/142/142 133/133/133
f 139/139/139 143/143/143 140/140/140
f 140/140/140 143/143/143 144/144/144
f 138/138/138 145/145/145 139/139/139
f 138/138/138 142/142/142 145/145/145
f 139/139/139 145/145/145 143/143/143
f 142/142/142 141/141/141 146/146/146
f 142/142/142 146/146/146 145/145/145
f 141/141/141 134/134/134 147/147/147
f 141/141/141 147/147/147 146/146/146
f 143/143/143 148/148/148 144/144/144
f 148/148/148 149/149/149 144/144/144
f 149/149/149 148/148/148 150/150/150
f 145/145/145 151/151/151 143/143/143
f 145/145/145 146/146/146 151/151/151
f 143/143/143 151/151/151 148/148/148
f 148/148/148 152/152/152 150/150/150
f 150/150/150 152/152/152 153/153/153
f 146/146/146 154/154/154 151/151/151
f 146/146/146 147/147/147 154/154/154
f 151/151/151 155/155/155 148/148/148
f 148/148/148 155/155/155 152/152/152
f 151/151/151 154/154/154 155/155/155
f 152/152/152 156/156/156 153/153/153
f 155/155/155 156/156/156 152/152/152
f 153/153/153 156/156/156 157/157/157
f 154/154/154 158/158/158 155/155/155
f 155/155/155 158/158/158 156/156/156
f 156/156/156 159/159/159 157/157/157
f 158/158/158 159/159/159 156/156/156
f 157/157/157 159/159/159 160/160/160
f 147/147/147 161/161/161 154/154/154
f 154/154/154 161/161/161 158/158/158
f 158/158/158 162/162/162 159/159/159
f 161/161/161 162/162/162 158/158/158
f 147/147/147 163/163/163 161/161/161
f 134/134/134 163/163/163 147/147/147
f 163/163/163 134/134/134 129/129/129
f 163/163/163 164/164/164 161/161/161
f 161/161/161 164/164/164 162/162/162
f 165/165/165 163/163/163 129/129/129
f 164/164/164 163/163/163 165/165/165
f 165/165/165 129/129/129 117/117/117
f 162/162/162 166/166/166 159/159/159
f 159/159/159 166/166/166 160/160/160
f 164/164/164 167/167/167 162/162/162
f 162/162/162 167/167/167 166/166/166
f 168/168/168 165/165/165 117/117/117
f 168/168/168 117/117/117 80/80/80
f 71/71/71 168/168/168 80/80/80
f 169/169/169 164/164/164 165/165/165
f 169/169/169 165/165/165 168/168/168
f 167/167/167 164/164/164 169/169/169
f 170/170/170 168/168/168 71/71/71
f 170/170/170 169/169/169 168/168/168
f 69/69/69 170/170/170 71/71/71
f 171/171/171 167/167/167 169/169/169
f 171/171/171 169/169/169 170/170/170
f 172/172/172 170/170/170 69/69/69
f 172/172/172 171/171/171 170/170/170
f 62/62/62 172/172/172 69/69/69
f 167/167/167 173/173/173 166/166/166
f 173/173/173 167/167/167 171/171/171
f 166/166/166 173/173/173 174/174/174
f 174/174/174 173/173/173 171/171/171
f 174/174/174 171/171/171 172/172/172
f 160/160/160 166/166/166 174/174/174
f 175/175/175 174/174/174 172/172/172
f 175/175/175 172/172/172 62/62/62
f 160/160/160 174/174/174 175/175/175
f 176/176/176 175/175/175 62/62/62
f 65/65/65 176/176/176 62/62/62
f 177/177/177 160/160/160 175/175/175
f 177/177/177 175/175/175 176/176/176
f 178/178/178 160/160/160 177/177/177
f 179/179/179 176/176/176 65/65/65
f 179/179/179 177/177/177 176/176/176
f 178/178/178 177/177/177 179/179/179
f 66/66/66 179/179/179 65/65/65
f 180/180/180 178/178/178 179/179/179
f 180/180/180 179/179/179 66/66/66
f 181/181/181 178/178/178 180/180/180
f 67/67/67 180/180/180 66/66/66
f 182/182/182 181/181/181 180/180/180
f 182/182/182 180/180/180 67/67/67
f 183/183/183 181/181/181 182/182/182
f 68/68/68 182/182/182 67/67/67
f 184/184/184 183/183/183 182/182/182
f 184/184/184 182/182/182 68/68/68
f 185/185/185 184/184/184 68/68/68
f 186/186/186 184/184/184 185/185/185
f 187/187/187 186/186/186 185/185/185
f 59/59/59 185/185/185 68/68/68
f 187/187/187 185/185/185 59/59/59
f 188/188/188 187/187/187 59/59/59
f 188/188/188 59/59/59 189/189/189
f 190/190/190 188/188/188 189/189/189
f 193/193/193 192/192/192 191/191/191
f 194/194/194 193/193/193 191/191/191
f 193/193/193 194/194/194 195/195/195
f 196/196/196 193/193/193 195/195/195
f 199/199/199 198/198/198 197/197/197
f 198/198/198 200/200/200 197/197/197
f 197/197/197 200/200/200 201/201/201
f 198/198/198 202/202/202 200/200/200
f 203/203/203 202/202/202 198/198/198
f 204/204/204 203/203/203 198/198/198
f 203/203/203 204/204/204 205/205/205
f 200/200/200 206/206/206 201/201/201
f 202/202/202 207/207/207 200/200/200
f 200/200/200 207/207/207 206/206/206
f 201/201/201 206/206/206 208/208/208
f 209/209/209 201/201/201 208/208/208
f 209/209/209 208/208/208 210/210/210
f 208/208/208 211/211/211 210/210/210
f 210/210/210 211/211/211 212/212/212
f 208/208/208 206/206/206 213/213/213
f 208/208/208 213/213/213 211/211/211
f 211/211/211 214/214/214 212/212/212
f 212/212/212 214/214/214 215/215/215
f 207/207/207 216/216/216 206/206/206
f 206/206/206 216/216/216 213/213/213
f 213/213/213 217/217/217 211/211/211
f 211/211/211 217/217/217 214/214/214
f 213/213/213 216/216/216 218/218/218
f 213/213/213 218/218/218 217/217/217
f 202/202/202 219/219/219 207/207/207
f 207/207/207 220/220/220 216/216/216
f 219/219/219 220/220/220 207/207/207
f 216/216/216 221/221/221 218/218/218
f 220/220/220 221/221/221 216/216/216
f 222/222/222 219/219/219 202/202/202
f 203/203/203 222/222/222 202/202/202
f 222/222/222 203/203/203 223/223/223
f 223/223/223 203/203/203 205/205/205
f 217/217/217 224/224/224 214/214/214
f 218/218/218 225/225/225 217/217/217
f 217/217/217 225/225/225 224/224/224
f 218/218/218 221/221/221 226/226/226
f 218/218/218 226/226/226 225/225/225
f 214/214/214 224/224/224 227/227/227
f 214/214/214 227/227/227 215/215/215
f 227/227/227 228/228/228 215/215/215
f 228/228/228 229/229/229 215/215/215
f 228/228/228 230/230/230 229/229/229
f 230/230/230 231/231/231 229/229/229
f 230/230/230 232/232/232 231/231/231
f 232/232/232 233/233/233 231/231/231
f 232/232/232 234/234/234 233/233/233
f 234/234/234 235/235/235 233/233/233
f 234/234/234 236/236/236 235/235/235
f 236/236/236 237/237/237 235/235/235
f 236/236/236 238/238/238 237/237/237
f 238/238/238 239/239/239 237/237/237
f 238/238/238 240/240/240 239/239/239
f 241/241/241 240/240/240 238/238/238
f 240/240/240 242/242/242 239/239/239
f 242/242/242 240/240/240 243/243/243
f 240/240/240 244/244/244 243/243/243
f 240/240/240 241/241/241 244/244/244
f 243/243/243 244/244/244 245/245/245
f 246/246/246 238/238/238 236/236/236
f 246/246/246 241/241/241 238/238/238
f 247/247/247 236/236/236 234/234/234
f 247/247/247 246/246/246 236/236/236
f 248/248/248 234/234/234 232/232/232
f 248/248/248 247/247/247 234/234/234
f 244/244/244 249/249/249 245/245/245
f 245/245/245 249/249/249 250/250/250
f 251/251/251 246/246/246 247/247/247
f 251/251/251 241/241/241 246/246/246
f 252/252/252 251/251/251 247/247/247
f 252/252/252 247/247/247 248/248/248
f 253/253/253 251/251/251 252/252/252
f 254/254/254 248/248/248 232/232/232
f 254/254/254 232/232/232 230/230/230
f 241/241/241 255/255/255 244/244/244
f 244/244/244 255/255/255 249/249/249
f 249/249/249 256/256/256 250/250/250
f 250/250/250 256/256/256 257/257/257
f 255/255/255 258/258/258 249/249/249
f 249/249/249 258/258/258 256/256/256
f 241/241/241 259/259/259 255/255/255
f 255/255/255 259/259/259 258/258/258
f 256/256/256 260/260/260 257/257/257
f 257/257/257 260/260/260 261/261/261
f 258/258/258 262/262/262 256/256/256
f 256/256/256 262/262/262 260/260/260
f 259/259/259 263/263/263 258/258/258
f 258/258/258 263/263/263 262/262/262
f 259/259/259 264/264/264 263/263/263
f 260/260/260 265/265/265 261/261/261
f 261/261/261 265/265/265 266/266/266
f 262/262/262 267/267/267 260/260/260
f 260/260/260 267/267/267 265/265/265
f 265/265/265 268/268/268 266/266/266
f 266/266/266 268/268/268 269/269/269
f 263/263/263 270/270/270 262/262/262
f 262/262/262 270/270/270 267/267/267
f 264/264/264 271/271/271 263/263/263
f 264/264/264 272/272/272 271/271/271
f 267/267/267 273/273/273 265/265/265
f 265/265/265 273/273/273 268/268/268
f 270/270/270 274/274/274 267/267/267
f 267/267/267 274/274/274 273/273/273
f 275/275/275 270/270/270 263/263/263
f 271/271/271 275/275/275 263/263/263
f 270/270/270 275/275/275 274/274/274
f 275/275/275 271/271/271 276/276/276
f 271/271/271 272/272/272 276/276/276
f 275/275/275 277/277/277 274/274/274
f 276/276/276 277/277/277 275/275/275
f 274/274/274 278/278/278 273/273/273
f 274/274/274 277/277/277 278/278/278
f 273/273/273 279/279/279 268/268/268
f 273/273/273 278/278/278 280/280/280
f 279/279/279 273/273/273 280/280/280
f 268/268/268 279/279/279 281/281/281
f 268/268/268 281/281/281 269/269/269
f 279/279/279 280/280/280 282/282/282
f 279/279/279 282/282/282 281/281/281
f 281/281/281 283/283/283 269/269/269
f 283/283/283 284/284/284 269/269/269
f 282/282/282 285/285/285 281/281/281
f 285/285/285 283/283/283 281/281/281
f 283/283/283 286/286/286 284/284/284
f 286/286/286 287/287/287 284/284/284
f 285/285/285 288/288/288 283/283/283
f 288/288/288 286/286/286 283/283/283
f 286/286/286 289/289/289 287/287/287
f 289/289/289 290/290/290 287/287/287
f 291/291/291 290/290/290 289/289/289
f 292/292/292 289/289/289 286/286/286
f 288/288/288 292/292/292 286/286/286
f 293/293/293 291/291/291 289/289/289
f 293/293/293 289/289/289 292/292/292
f 293/293/293 294/294/294 291/291/291
f 294/294/294 295/295/295 291/291/291
f 294/294/294 205/205/205 295/295/295
f 205/205/205 296/296/296 295/295/295
f 223/223/223 205/205/205 294/294/294
f 297/297/297 294/294/294 293/293/293
f 297/297/297 223/223/223 294/294/294
f 298/298/298 293/293/293 292/292/292
f 298/298/298 297/297/297 293/293/293
f 299/299/299 292/292/292 288/288/288
f 298/298/298 292/292/292 299/299/299
f 300/300/300 223/223/223 297/297/297
f 300/300/300 222/222/222 223/223/223
f 301/301/301 297/297/297 298/298/298
f 301/301/301 300/300/300 297/297/297
f 302/302/302 222/222/222 300/300/300
f 222/222/222 302/302/302 219/219/219
f 303/303/303 299/299/299 288/288/288
f 303/303/303 288/288/288 285/285/285
f 304/304/304 298/298/298 299/299/299
f 304/304/304 301/301/301 298/298/298
f 305/305/305 300/300/300 301/301/301
f 305/305/305 302/302/302 300/300/300
f 306/306/306 302/302/302 305/305/305
f 302/302/302 307/307/307 219/219/219
f 302/302/302 306/306/306 307/307/307
f 219/219/219 307/307/307 220/220/220
f 308/308/308 305/305/305 301/301/301
f 308/308/308 301/301/301 304/304/304
f 304/304/304 299/299/299 309/309/309
f 309/309/309 299/299/299 303/303/303
f 307/307/307 310/310/310 220/220/220
f 220/220/220 310/310/310 221/221/221
f 306/306/306 311/311/311 307/307/307
f 307/307/307 311/311/311 310/310/310
f 312/312/312 306/306/306 305/305/305
f 312/312/312 305/305/305 308/308/308
f 313/313/313 308/308/308 304/304/304
f 313/313/313 304/304/304 309/309/309
f 308/308/308 313/313/313 314/314/314
f 313/313/313 309/309/309 315/315/315
f 314/314/314 313/313/313 315/315/315
f 316/316/316 309/309/309 303/303/303
f 315/315/315 309/309/309 316/316/316
f 310/310/310 317/317/317 221/221/221
f 317/317/317 310/310/310 318/318/318
f 221/221/221 317/317/317 226/226/226
f 226/226/226 317/317/317 319/319/319
f 317/317/317 318/318/318 319/319/319
f 320/320/320 312/312/312 308/308/308
f 320/320/320 308/308/308 314/314/314
f 312/312/312 320/320/320 321/321/321
f 321/321/321 320/320/320 314/314/314
f 310/310/310 322/322/322 318/318/318
f 322/322/322 323/323/323 318/318/318
f 311/311/311 322/322/322 310/310/310
f 322/322/322 311/311/311 323/323/323
f 226/226/226 319/319/319 324/324/324
f 226/226/226 324/324/324 225/225/225
f 325/325/325 312/312/312 321/321/321
f 306/306/306 312/312/312 325/325/325
f 311/311/311 306/306/306 326/326/326
f 311/311/311 326/326/326 323/323/323
f 327/327/327 306/306/306 325/325/325
f 306/306/306 327/327/327 326/326/326
f 328/328/328 327/327/327 325/325/325
f 327/327/327 328/328/328 326/326/326
f 329/329/329 325/325/325 321/321/321
f 329/329/329 328/328/328 325/325/325
f 326/326/326 330/330/330 323/323/323
f 328/328/328 330/330/330 326/326/326
f 324/324/324 331/331/331 225/225/225
f 225/225/225 331/331/331 332/332/332
f 225/225/225 332/332/332 224/224/224
f 224/224/224 332/332/332 333/333/333
f 224/224/224 333/333/333 227/227/227
f 332/332/332 331/331/331 334/334/334
f 332/332/332 334/334/334 333/333/333
f 333/333/333 335/335/335 227/227/227
f 335/335/335 228/228/228 227/227/227
f 336/336/336 335/335/335 333/333/333
f 334/334/334 336/336/336 333/333/333
f 335/335/335 337/337/337 228/228/228
f 337/337/337 335/335/335 336/336/336
f 337/337/337 230/230/230 228/228/228
f 337/337/337 254/254/254 230/230/230
f 331/331/331 324/324/324 338/338/338
f 331/331/331 339/339/339 334/334/334
f 331/331/331 338/338/338 339/339/339
f 340/340/340 336/336/336 334/334/334
f 339/339/339 340/340/340 334/334/334
f 341/341/341 340/340/340 339/339/339
f 342/342/342 337/337/337 336/336/336
f 340/340/340 342/342/342 336/336/336
f 343/343/343 254/254/254 337/337/337
f 342/342/342 343/343/343 337/337/337
f 344/344/344 342/342/342 340/340/340
f 344/344/344 340/340/340 341/341/341
f 344/344/344 345/345/345 342/342/342
f 345/345/345 343/343/343 342/342/342
f 343/343/343 346/346/346 254/254/254
f 346/346/346 248/248/248 254/254/254
f 346/346/346 252/252/252 248/248/248
f 347/347/347 346/346/346 343/343/343
f 346/346/346 347/347/347 252/252/252
f 345/345/345 347/347/347 343/343/343
f 347/347/347 348/348/348 252/252/252
f 348/348/348 253/253/253 252/252/252
f 349/349/349 253/253/253 348/348/348
f 348/348/348 347/347/347 350/350/350
f 345/345/345 350/350/350 347/347/347
f 349/349/349 348/348/348 350/350/350
f 344/344/344 351/351/351 345/345/345
f 344/344/344 341/341/341 351/351/351
f 351/351/351 341/341/341 352/352/352
f 353/353/353 350/350/350 345/345/345
f 353/353/353 345/345/345 351/351/351
f 354/354/354 349/349/349 350/350/350
f 354/354/354 350/350/350 353/353/353
f 355/355/355 351/351/351 352/352/352
f 355/355/355 353/353/353 351/351/351
f 356/356/356 354/354/354 353/353/353
f 357/357/357 353/353/353 355/355/355
f 357/357/357 356/356/356 353/353/353
f 356/356/356 358/358/358 354/354/354
f 357/357/357 359/359/359 356/356/356
f 359/359/359 358/358/358 356/356/356
f 358/358/358 360/360/360 354/354/354
f 361/361/361 354/354/354 360/360/360
f 358/358/358 359/359/359 362/362/362
f 360/360/360 358/358/358 362/362/362
f 363/363/363 361/361/361 360/360/360
f 364/364/364 361/361/361 363/363/363
f 365/365/365 360/360/360 362/362/362
f 363/363/363 360/360/360 365/365/365
f 366/366/366 364/364/364 363/363/363
f 367/367/367 364/364/364 366/366/366
f 368/368/368 357/357/357 355/355/355
f 369/369/369 368/368/368 355/355/355
f 369/369/369 355/355/355 352/352/352
f 357/357/357 370/370/370 359/359/359
f 368/368/368 371/371/371 357/357/357
f 370/370/370 357/357/357 371/371/371
f 371/371/371 368/368/368 372/372/372
f 372/372/372 368/368/368 369/369/369
f 359/359/359 373/373/373 362/362/362
f 370/370/370 373/373/373 359/359/359
f 370/370/370 371/371/371 374/374/374
f 374/374/374 371/371/371 372/372/372
f 373/373/373 370/370/370 375/375/375
f 375/375/375 370/370/370 374/374/374
f 376/376/376 372/372/372 369/369/369
f 377/377/377 369/369/369 352/352/352
f 377/377/377 376/376/376 369/369/369
f 378/378/378 374/374/374 372/372/372
f 378/378/378 372/372/372 376/376/376
f 373/373/373 379/379/379 362/362/362
f 379/379/379 380/380/380 362/362/362
f 362/362/362 380/380/380 365/365/365
f 381/381/381 373/373/373 375/375/375
f 382/382/382 379/379/379 373/373/373
f 381/381/381 382/382/382 373/373/373
f 374/374/374 383/383/383 375/375/375
f 375/375/375 384/384/384 381/381/381
f 375/375/375 383/383/383 384/384/384
f 381/381/381 384/384/384 385/385/385
f 382/382/382 381/381/381 385/385/385
f 374/374/374 378/378/378 386/386/386
f 383/383/383 374/374/374 386/386/386
f 384/384/384 383/383/383 387/387/387
f 384/384/384 387/387/387 385/385/385
f 383/383/383 386/386/386 318/318/318
f 383/383/383 318/318/318 387/387/387
f 386/386/386 319/319/319 318/318/318
f 323/323/323 387/387/387 318/318/318
f 386/386/386 378/378/378 388/388/388
f 319/319/319 386/386/386 388/388/388
f 387/387/387 389/389/389 385/385/385
f 387/387/387 323/323/323 389/389/389
f 390/390/390 382/382/382 385/385/385
f 390/390/390 385/385/385 389/389/389
f 323/323/323 391/391/391 389/389/389
f 330/330/330 391/391/391 323/323/323
f 392/392/392 389/389/389 391/391/391
f 392/392/392 390/390/390 389/389/389
f 393/393/393 391/391/391 330/330/330
f 393/393/393 392/392/392 391/391/391
f 394/394/394 393/393/393 330/330/330
f 394/394/394 330/330/330 328/328/328
f 395/395/395 394/394/394 328/328/328
f 396/396/396 395/395/395 328/328/328
f 329/329/329 396/396/396 328/328/328
f 392/392/392 393/393/393 397/397/397
f 398/398/398 396/396/396 329/329/329
f 399/399/399 392/392/392 397/397/397
f 392/392/392 399/399/399 390/390/390
f 399/399/399 397/397/397 400/400/400
f 401/401/401 398/398/398 329/329/329
f 401/401/401 329/329/329 321/321/321
f 399/399/399 402/402/402 390/390/390
f 390/390/390 402/402/402 382/382/382
f 403/403/403 399/399/399 400/400/400
f 399/399/399 403/403/403 402/402/402
f 400/400/400 404/404/404 403/403/403
f 404/404/404 405/405/405 403/403/403
f 403/403/403 405/405/405 406/406/406
f 403/403/403 406/406/406 402/402/402
f 405/405/405 407/407/407 406/406/406
f 402/402/402 408/408/408 382/382/382
f 402/402/402 406/406/406 408/408/408
f 379/379/379 382/382/382 408/408/408
f 406/406/406 407/407/407 409/409/409
f 406/406/406 409/409/409 408/408/408
f 407/407/407 410/410/410 409/409/409
f 411/411/411 379/379/379 408/408/408
f 411/411/411 408/408/408 409/409/409
f 409/409/409 410/410/410 412/412/412
f 412/412/412 411/411/411 409/409/409
f 410/410/410 413/413/413 412/412/412
f 412/412/412 413/413/413 414/414/414
f 412/412/412 414/414/414 411/411/411
f 413/413/413 415/415/415 414/414/414
f 411/411/411 416/416/416 379/379/379
f 414/414/414 416/416/416 411/411/411
f 416/416/416 380/380/380 379/379/379
f 414/414/414 415/415/415 417/417/417
f 414/414/414 417/417/417 416/416/416
f 415/415/415 418/418/418 417/417/417
f 416/416/416 419/419/419 380/380/380
f 417/417/417 419/419/419 416/416/416
f 417/417/417 418/418/418 420/420/420
f 419/419/419 417/417/417 420/420/420
f 418/418/418 421/421/421 420/420/420
f 419/419/419 422/422/422 380/380/380
f 380/380/380 422/422/422 365/365/365
f 423/423/423 419/419/419 420/420/420
f 422/422/422 419/419/419 423/423/423
f 420/420/420 421/421/421 424/424/424
f 421/421/421 425/425/425 424/424/424
f 365/365/365 422/422/422 426/426/426
f 426/426/426 363/363/363 365/365/365
f 422/422/422 427/427/427 426/426/426
f 427/427/427 422/422/422 423/423/423
f 426/426/426 428/428/428 363/363/363
f 426/426/426 427/427/427 428/428/428
f 428/428/428 366/366/366 363/363/363
f 423/423/423 420/420/420 429/429/429
f 420/420/420 424/424/424 429/429/429
f 429/429/429 424/424/424 430/430/430
f 424/424/424 425/425/425 431/431/431
f 424/424/424 431/431/431 430/430/430
f 425/425/425 432/432/432 431/431/431
f 432/432/432 433/433/433 431/431/431
f 427/427/427 423/423/423 434/434/434
f 423/423/423 429/429/429 434/434/434
f 427/427/427 434/434/434 428/428/428
f 429/429/429 430/430/430 434/434/434
f 433/433/433 435/435/435 431/431/431
f 431/431/431 435/435/435 430/430/430
f 433/433/433 436/436/436 435/435/435
f 434/434/434 437/437/437 428/428/428
f 430/430/430 437/437/437 434/434/434
f 428/428/428 438/438/438 366/366/366
f 437/437/437 438/438/438 428/428/428
f 436/436/436 439/439/439 435/435/435
f 436/436/436 440/440/440 439/439/439
f 435/435/435 441/441/441 430/430/430
f 435/435/435 439/439/439 441/441/441
f 437/437/437 430/430/430 442/442/442
f 430/430/430 441/441/441 442/442/442
f 438/438/438 443/443/443 366/366/366
f 443/443/443 367/367/367 366/366/366
f 367/367/367 443/443/443 444/444/444
f 443/443/443 438/438/438 444/444/444
f 445/445/445 367/367/367 444/444/444
f 438/438/438 437/437/437 446/446/446
f 438/438/438 446/446/446 444/444/444
f 437/437/437 442/442/442 446/446/446
f 445/445/445 444/444/444 447/447/447
f 444/444/444 446/446/446 447/447/447
f 448/448/448 445/445/445 447/447/447
f 441/441/441 449/449/449 442/442/442
f 439/439/439 449/449/449 441/441/441
f 442/442/442 450/450/450 446/446/446
f 449/449/449 450/450/450 442/442/442
f 450/450/450 451/451/451 446/446/446
f 446/446/446 451/451/451 447/447/447
f 448/448/448 447/447/447 452/452/452
f 453/453/453 448/448/448 452/452/452
f 454/454/454 450/450/450 449/449/449
f 450/450/450 454/454/454 451/451/451
f 447/447/447 451/451/451 455/455/455
f 452/452/452 447/447/447 455/455/455
f 454/454/454 455/455/455 451/451/451
f 456/456/456 449/449/449 439/439/439
f 456/456/456 454/454/454 449/449/449
f 454/454/454 457/457/457 455/455/455
f 454/454/454 456/456/456 457/457/457
f 452/452/452 455/455/455 458/458/458
f 457/457/457 458/458/458 455/455/455
f 459/459/459 456/456/456 439/439/439
f 440/440/440 459/459/459 439/439/439
f 440/440/440 460/460/460 459/459/459
f 456/456/456 461/461/461 457/457/457
f 456/456/456 459/459/459 461/461/461
f 460/460/460 462/462/462 459/459/459
f 459/459/459 462/462/462 461/461/461
f 460/460/460 463/463/463 462/462/462
f 457/457/457 461/461/461 464/464/464
f 457/457/457 464/464/464 458/458/458
f 461/461/461 462/462/462 465/465/465
f 461/461/461 465/465/465 464/464/464
f 463/463/463 466/466/466 462/462/462
f 462/462/462 466/466/466 465/465/465
f 463/463/463 467/467/467 466/466/466
f 467/467/467 468/468/468 466/466/466
f 465/465/465 466/466/466 468/468/468
f 467/467/467 469/469/469 468/468/468
f 470/470/470 465/465/465 468/468/468
f 464/464/464 465/465/465 470/470/470
f 469/469/469 471/471/471 468/468/468
f 468/468/468 471/471/471 470/470/470
f 469/469/469 472/472/472 471/471/471
f 472/472/472 473/473/473 471/471/471
f 472/472/472 474/474/474 473/473/473
f 474/474/474 475/475/475 473/473/473
f 471/471/471 476/476/476 470/470/470
f 471/471/471 473/473/473 476/476/476
f 477/477/477 473/473/473 475/475/475
f 473/473/473 477/477/477 476/476/476
f 478/478/478 477/477/477 475/475/475
f 479/479/479 464/464/464 470/470/470
f 470/470/470 476/476/476 479/479/479
f 476/476/476 477/477/477 480/480/480
f 476/476/476 480/480/480 479/479/479
f 481/481/481 477/477/477 478/478/478
f 477/477/477 481/481/481 480/480/480
f 398/398/398 481/481/481 478/478/478
f 481/481/481 398/398/398 401/401/401
f 482/482/482 481/481/481 401/401/401
f 480/480/480 481/481/481 482/482/482
f 401/401/401 321/321/321 482/482/482
f 483/483/483 480/480/480 482/482/482
f 479/479/479 480/480/480 483/483/483
f 321/321/321 484/484/484 482/482/482
f 482/482/482 484/484/484 483/483/483
f 484/484/484 321/321/321 314/314/314
f 464/464/464 479/479/479 485/485/485
f 464/464/464 485/485/485 458/458/458
f 486/486/486 479/479/479 483/483/483
f 479/479/479 486/486/486 485/485/485
f 484/484/484 487/487/487 483/483/483
f 487/487/487 486/486/486 483/483/483
f 314/314/314 488/488/488 484/484/484
f 488/488/488 487/487/487 484/484/484
f 487/487/487 489/489/489 486/486/486
f 485/485/485 486/486/486 489/489/489
f 488/488/488 489/489/489 487/487/487
f 490/490/490 488/488/488 314/314/314
f 315/315/315 490/490/490 314/314/314
f 488/488/488 491/491/491 489/489/489
f 491/491/491 488/488/488 490/490/490
f 492/492/492 485/485/485 489/489/489
f 492/492/492 489/489/489 491/491/491
f 485/485/485 493/493/493 458/458/458
f 485/485/485 492/492/492 493/493/493
f 493/493/493 494/494/494 458/458/458
f 494/494/494 452/452/452 458/458/458
f 452/452/452 494/494/494 453/453/453
f 494/494/494 493/493/493 495/495/495
f 494/494/494 495/495/495 453/453/453
f 492/492/492 496/496/496 493/493/493
f 493/493/493 496/496/496 495/495/495
f 453/453/453 495/495/495 497/497/497
f 495/495/495 496/496/496 497/497/497
f 276/276/276 453/453/453 497/497/497
f 272/272/272 453/453/453 276/276/276
f 276/276/276 497/497/497 277/277/277
f 498/498/498 492/492/492 491/491/491
f 496/496/496 492/492/492 498/498/498
f 277/277/277 497/497/497 499/499/499
f 497/497/497 496/496/496 500/500/500
f 497/497/497 500/500/500 499/499/499
f 499/499/499 500/500/500 501/501/501
f 502/502/502 499/499/499 501/501/501
f 499/499/499 503/503/503 277/277/277
f 502/502/502 503/503/503 499/499/499
f 277/277/277 503/503/503 278/278/278
f 278/278/278 503/503/503 504/504/504
f 504/504/504 503/503/503 502/502/502
f 278/278/278 504/504/504 280/280/280
f 498/498/498 505/505/505 496/496/496
f 496/496/496 505/505/505 500/500/500
f 498/498/498 491/491/491 506/506/506
f 505/505/505 498/498/498 506/506/506
f 505/505/505 507/507/507 500/500/500
f 500/500/500 507/507/507 501/501/501
f 505/505/505 506/506/506 507/507/507
f 280/280/280 504/504/504 508/508/508
f 280/280/280 508/508/508 282/282/282
f 491/491/491 509/509/509 506/506/506
f 509/509/509 491/491/491 490/490/490
f 506/506/506 510/510/510 507/507/507
f 506/506/506 509/509/509 510/510/510
f 509/509/509 490/490/490 511/511/511
f 490/490/490 315/315/315 511/511/511
f 507/507/507 512/512/512 501/501/501
f 510/510/510 512/512/512 507/507/507
f 504/504/504 513/513/513 508/508/508
f 504/504/504 502/502/502 513/513/513
f 508/508/508 514/514/514 282/282/282
f 514/514/514 285/285/285 282/282/282
f 514/514/514 303/303/303 285/285/285
f 515/515/515 514/514/514 508/508/508
f 515/515/515 303/303/303 514/514/514
f 513/513/513 515/515/515 508/508/508
f 515/515/515 316/316/316 303/303/303
f 315/315/315 316/316/316 516/516/516
f 511/511/511 315/315/315 516/516/516
f 316/316/316 515/515/515 517/517/517
f 517/517/517 515/515/515 513/513/513
f 316/316/316 517/517/517 516/516/516
f 502/502/502 518/518/518 513/513/513
f 518/518/518 517/517/517 513/513/513
f 519/519/519 518/518/518 502/502/502
f 518/518/518 519/519/519 517/517/517
f 520/520/520 516/516/516 517/517/517
f 519/519/519 520/520/520 517/517/517
f 521/521/521 519/519/519 502/502/502
f 502/502/502 501/501/501 521/521/521
f 522/522/522 519/519/519 521/521/521
f 519/519/519 522/522/522 520/520/520
f 523/523/523 521/521/521 501/501/501
f 523/523/523 522/522/522 521/521/521
f 524/524/524 523/523/523 501/501/501
f 512/512/512 524/524/524 501/501/501
f 512/512/512 525/525/525 524/524/524
f 525/525/525 512/512/512 510/510/510
f 516/516/516 520/520/520 526/526/526
f 522/522/522 527/527/527 520/520/520
f 520/520/520 527/527/527 526/526/526
f 528/528/528 522/522/522 523/523/523
f 522/522/522 528/528/528 527/527/527
f 529/529/529 523/523/523 524/524/524
f 529/529/529 528/528/528 523/523/523
f 528/528/528 530/530/530 527/527/527
f 527/527/527 530/530/530 526/526/526
f 525/525/525 531/531/531 524/524/524
f 531/531/531 529/529/529 524/524/524
f 532/532/532 528/528/528 529/529/529
f 528/528/528 532/532/532 530/530/530
f 526/526/526 533/533/533 516/516/516
f 533/533/533 511/511/511 516/516/516
f 533/533/533 534/534/534 511/511/511
f 534/534/534 509/509/509 511/511/511
f 509/509/509 534/534/534 510/510/510
f 535/535/535 525/525/525 510/510/510
f 510/510/510 534/534/534 535/535/535
f 536/536/536 533/533/533 526/526/526
f 533/533/533 536/536/536 534/534/534
f 530/530/530 537/537/537 526/526/526
f 537/537/537 536/536/536 526/526/526
f 536/536/536 538/538/538 534/534/534
f 534/534/534 538/538/538 535/535/535
f 539/539/539 525/525/525 535/535/535
f 525/525/525 539/539/539 531/531/531
f 530/530/530 540/540/540 537/537/537
f 532/532/532 540/540/540 530/530/530
f 541/541/541 536/536/536 537/537/537
f 536/536/536 541/541/541 538/538/538
f 535/535/535 538/538/538 542/542/542
f 542/542/542 539/539/539 535/535/535
f 540/540/540 543/543/543 537/537/537
f 543/543/543 541/541/541 537/537/537
f 541/541/541 544/544/544 538/538/538
f 538/538/538 544/544/544 542/542/542
f 545/545/545 541/541/541 543/543/543
f 541/541/541 545/545/545 544/544/544
f 539/539/539 546/546/546 531/531/531
f 547/547/547 539/539/539 542/542/542
f 539/539/539 547/547/547 546/546/546
f 542/542/542 544/544/544 548/548/548
f 548/548/548 547/547/547 542/542/542
f 544/544/544 549/549/549 548/548/548
f 545/545/545 549/549/549 544/544/544
f 548/548/548 549/549/549 550/550/550
f 550/550/550 547/547/547 548/548/548
f 546/546/546 551/551/551 531/531/531
f 551/551/551 529/529/529 531/531/531
f 551/551/551 532/532/532 529/529/529
f 552/552/552 532/532/532 551/551/551
f 532/532/532 552/552/552 540/540/540
f 553/553/553 551/551/551 546/546/546
f 553/553/553 552/552/552 551/551/551
f 554/554/554 552/552/552 553/553/553
f 552/552/552 555/555/555 540/540/540
f 552/552/552 554/554/554 555/555/555
f 540/540/540 555/555/555 543/543/543
f 547/547/547 556/556/556 546/546/546
f 556/556/556 553/553/553 546/546/546
f 555/555/555 557/557/557 543/543/543
f 557/557/557 545/545/545 543/543/543
f 550/550/550 558/558/558 547/547/547
f 556/556/556 547/547/547 558/558/558
f 559/559/559 553/553/553 556/556/556
f 559/559/559 554/554/554 553/553/553
f 556/556/556 560/560/560 559/559/559
f 560/560/560 556/556/556 558/558/558
f 554/554/554 561/561/561 555/555/555
f 555/555/555 561/561/561 557/557/557
f 560/560/560 562/562/562 559/559/559
f 559/559/559 562/562/562 554/554/554
f 545/545/545 557/557/557 563/563/563
f 564/564/564 557/557/557 561/561/561
f 557/557/557 564/564/564 563/563/563
f 563/563/563 565/565/565 545/545/545
f 545/545/545 565/565/565 549/549/549
f 549/549/549 565/565/565 550/550/550
f 558/558/558 550/550/550 566/566/566
f 550/550/550 565/565/565 566/566/566
f 563/563/563 564/564/564 567/567/567
f 563/563/563 567/567/567 565/565/565
f 564/564/564 561/561/561 568/568/568
f 564/564/564 568/568/568 567/567/567
f 569/569/569 561/561/561 554/554/554
f 569/569/569 568/568/568 561/561/561
f 565/565/565 567/567/567 570/570/570
f 565/565/565 570/570/570 566/566/566
f 571/571/571 558/558/558 566/566/566
f 560/560/560 558/558/558 571/571/571
f 572/572/572 569/569/569 554/554/554
f 562/562/562 572/572/572 554/554/554
f 572/572/572 573/573/573 569/569/569
f 573/573/573 572/572/572 562/562/562
f 574/574/574 562/562/562 560/560/560
f 574/574/574 573/573/573 562/562/562
f 573/573/573 575/575/575 569/569/569
f 569/569/569 575/575/575 568/568/568
f 567/567/567 568/568/568 576/576/576
f 567/567/567 576/576/576 570/570/570
f 566/566/566 570/570/570 577/577/577
f 577/577/577 571/571/571 566/566/566
f 578/578/578 560/560/560 571/571/571
f 578/578/578 574/574/574 560/560/560
f 579/579/579 573/573/573 574/574/574
f 573/573/573 579/579/579 575/575/575
f 580/580/580 579/579/579 574/574/574
f 580/580/580 574/574/574 578/578/578
f 581/581/581 580/580/580 578/578/578
f 581/581/581 578/578/578 582/582/582
f 578/578/578 571/571/571 582/582/582
f 582/582/582 571/571/571 577/577/577
f 579/579/579 583/583/583 575/575/575
f 584/584/584 582/582/582 577/577/577
f 570/570/570 585/585/585 577/577/577
f 577/577/577 585/585/585 584/584/584
f 585/585/585 586/586/586 584/584/584
f 576/576/576 585/585/585 570/570/570
f 587/587/587 586/586/586 585/585/585
f 576/576/576 587/587/587 585/585/585
f 575/575/575 583/583/583 588/588/588
f 576/576/576 588/588/588 587/587/587
f 583/583/583 589/589/589 588/588/588
f 588/588/588 589/589/589 587/587/587
f 575/575/575 588/588/588 568/568/568
f 568/568/568 588/588/588 576/576/576
f 592/592/592 591/591/591 590/590/590
f 593/593/593 592/592/592 590/590/590
f 593/593/593 590/590/590 594/594/594
f 595/595/595 592/592/592 593/593/593
f 596/596/596 593/593/593 594/594/594
f 597/597/597 595/595/595 593/593/593
f 597/597/597 593/593/593 596/596/596
f 597/597/597 598/598/598 595/595/595
f 598/598/598 599/599/599 595/595/595
f 600/600/600 598/598/598 597/597/597
f 601/601/601 600/600/600 597/597/597
f 601/601/601 597/597/597 596/596/596
f 600/600/600 601/601/601 602/602/602
f 602/602/602 601/601/601 596/596/596
f 603/603/603 600/600/600 602/602/602
f 604/604/604 596/596/596 594/594/594
f 604/604/604 602/602/602 596/596/596
f 605/605/605 604/604/604 594/594/594
f 603/603/603 602/602/602 606/606/606
f 606/606/606 602/602/602 604/604/604
f 607/607/607 603/603/603 606/606/606
f 608/608/608 606/606/606 604/604/604
f 608/608/608 604/604/604 605/605/605
f 609/609/609 608/608/608 605/605/605
f 612/612/612 611/611/611 610/610/610
f 612/612/612 613/613/613 611/611/611
f 613/613/613 614/614/614 611/611/611
f 613/613/613 615/615/615 614/614/614
f 615/615/615 616/616/616 614/614/614
f 616/616/616 615/615/615 617/617/617
f 615/615/615 618/618/618 617/617/617
f 617/617/617 618/618/618 619/619/619
f 618/618/618 620/620/620 619/619/619
f 619/619/619 620/620/620 621/621/621
f 624/624/624 623/623/623 622/622/622
f 625/625/625 624/624/624 622/622/622
f 625/625/625 622/622/622 626/626/626
f 627/627/627 625/625/625 626/626/626
f 627/627/627 626/626/626 628/628/628
f 629/629/629 627/627/627 628/628/628
f 629/629/629 628/628/628 630/630/630
f 631/631/631 629/629/629 630/630/630
f 632/632/632 631/631/631 630/630/630
f 633/633/633 632/632/632 630/630/630
f 634/634/634 632/632/632 633/633/633
f 635/635/635 634/634/634 633/633/633
f 636/636/636 634/634/634 635/635/635
f 637/637/637 636/636/636 635/635/635
f 638/638/638 636/636/636 637/637/637
f 639/639/639 638/638/638 637/637/637
f 642/642/642 641/641/641 640/640/640
f 641/641/641 643/643/643 640/640/640
f 641/641/641 644/644/644 643/643/643
f 644/644/644 645/645/645 643/643/643
f 644/644/644 646/646/646 645/645/645
f 646/646/646 647/647/647 645/645/645
f 646/646/646 648/648/648 647/647/647
f 648/648/648 649/649/649 647/647/647
f 649/649/649 648/648/648 650/650/650
f 648/648/648 651/651/651 650/650/650
f 650/650/650 651/651/651 652/652/652
f 651/651/651 653/653/653 652/652/652
f 652/652/652 653/653/653 654/654/654
f 653/653/653 655/655/655 654/654/654
f 654/654/654 655/655/655 656/656/656
f 655/655/655 657/657/657 656/656/656
f 660/660/660 659/659/659 658/658/658
f 661/661/661 660/660/660 658/658/658
f 664/664/664 663/663/663 662/662/662
f 665/665/665 664/664/664 662/662/662
f 668/668/668 667/667/667 666/666/666
f 669/669/669 668/668/668 666/666/666
f 672/672/672 671/671/671 670/670/670
f 673/673/673 672/672/672 670/670/670
f 676/676/676 675/675/675 674/674/674
f 677/677/677 676/676/676 674/674/674
f 680/680/680 679/679/679 678/678/678
f 678/678/678 681/681/681 680/680/680
f 681/681/681 682/682/682 680/680/680
f 681/681/681 683/683/683 682/682/682
f 683/683/683 684/684/684 682/682/682
f 683/683/683 685/685/685 684/684/684
f 685/685/685 686/686/686 684/684/684
f 685/685/685 687/687/687 686/686/686
f 690/690/690 689/689/689 688/688/688
f 691/691/691 690/690/690 688/688/688
f 694/694/694 693/693/693 692/692/692
f 692/692/692 695/695/695 694/694/694
f 695/695/695 696/696/696 694/694/694
f 695/695/695 697/697/697 696/696/696
f 697/697/697 698/698/698 696/696/696
f 697/697/697 699/699/699 698/698/698
f 699/699/699 700/700/700 698/698/698
f 699/699/699 701/701/701 700/700/700
f 704/704/704 703/703/703 702/702/702
f 705/705/705 704/704/704 702/702/702
f 708/708/708 707/707/707 706/706/706
f 709/709/709 708/708/708 706/706/706
f 712/712/712 711/711/711 710/710/710
f 713/713/713 712/712/712 710/710/710
f 716/716/716 715/715/715 714/714/714
f 717/717/717 716/716/716 714/714/714
f 720/720/720 719/719/719 718/718/718
f 721/721/721 720/720/720 718/718/718
f 724/724/724 723/723/723 722/722/722
f 725/725/725 724/724/724 722/722/722
f 728/728/728 727/727/727 726/726/726
f 729/729/729 728/728/728 726/726/726
f 732/732/732 731/731/731 730/730/730
f 733/733/733 732/732/732 730/730/730
f 736/736/736 735/735/735 734/734/734
f 737/737/737 736/736/736 734/734/734
f 740/740/740 739/739/739 738/738/738
f 741/741/741 740/740/740 738/738/738
f 744/744/744 743/743/743 742/742/742
f 745/745/745 744/744/744 742/742/742
f 748/748/748 747/747/747 746/746/746
f 749/749/749 748/748/748 746/746/746
f 752/752/752 751/751/751 750/750/750
f 753/753/753 752/752/752 750/750/750
f 756/756/756 755/755/755 754/754/754
f 757/757/757 756/756/756 754/754/754
f 760/760/760 759/759/759 758/758/758
f 758/758/758 761/761/761 760/760/760
f 764/764/764 763/763/763 762/762/762
f 765/765/765 764/764/764 762/762/762
f 768/768/768 767/767/767 766/766/766
f 769/769/769 768/768/768 766/766/766
f 772/772/772 771/771/771 770/770/770
f 771/771/771 773/773/773 770/770/770
f 770/770/770 773/773/773 774/774/774
f 773/773/773 775/775/775 774/774/774
f 774/774/774 775/775/775 776/776/776
f 775/775/775 777/777/777 776/776/776
f 776/776/776 777/777/777 778/778/778
f 777/777/777 779/779/779 778/778/778
f 778/778/778 779/779/779 780/780/780
f 779/779/779 781/781/781 780/780/780
f 780/780/780 781/781/781 782/782/782
f 781/781/781 783/783/783 782/782/782
f 782/782/782 783/783/783 784/784/784
f 783/783/783 785/785/785 784/784/784
f 784/784/784 785/785/785 786/786/786
f 785/785/785 787/787/787 786/786/786
f 786/786/786 787/787/787 788/788/788
f 787/787/787 789/789/789 788/788/788
f 788/788/788 789/789/789 790/790/790
f 789/789/789 791/791/791 790/790/790
f 790/790/790 791/791/791 792/792/792
f 791/791/791 793/793/793 792/792/792
f 793/793/793 794/794/794 792/792/792
f 794/794/794 795/795/795 792/792/792
f 794/794/794 796/796/796 795/795/795
f 796/796/796 797/797/797 795/795/795
f 796/796/796 798/798/798 797/797/797
f 798/798/798 799/799/799 797/797/797
f 798/798/798 800/800/800 799/799/799
f 800/800/800 801/801/801 799/799/799
f 800/800/800 802/802/802 801/801/801
f 802/802/802 803/803/803 801/801/801
f 802/802/802 804/804/804 803/803/803
f 804/804/804 805/805/805 803/803/803
f 804/804/804 806/806/806 805/805/805
f 806/806/806 807/807/807 805/805/805
f 806/806/806 808/808/808 807/807/807
f 808/808/808 809/809/809 807/807/807
f 808/808/808 810/810/810 809/809/809
f 810/810/810 811/811/811 809/809/809
f 810/810/810 812/812/812 811/811/811
f 812/812/812 813/813/813 811/811/811
f 812/812/812 771/771/771 813/813/813
f 771/771/771 814/814/814 813/813/813
f 817/817/817 816/816/816 815/815/815
f 818/818/818 817/817/817 815/815/815
f 817/817/817 818/818/818 819/819/819
f 818/818/818 820/820/820 819/819/819
f 823/823/823 822/822/822 821/821/821
f 824/824/824 823/823/823 821/821/821
f 827/827/827 826/826/826 825/825/825
f 828/828/828 827/827/827 825/825/825
f 828/828/828 825/825/825 829/829/829
f 830/830/830 828/828/828 829/829/829
f 830/830/830 829/829/829 831/831/831
f 832/832/832 830/830/830 831/831/831
f 831/831/831 833/833/833 832/832/832
f 833/833/833 834/834/834 832/832/832
f 833/833/833 835/835/835 834/834/834
f 835/835/835 836/836/836 834/834/834
f 835/835/835 837/837/837 836/836/836
f 837/837/837 838/838/838 836/836/836
f 837/837/837 839/839/839 838/838/838
f 839/839/839 840/840/840 838/838/838
f 839/839/839 841/841/841 840/840/840
f 841/841/841 842/842/842 840/840/840
f 841/841/841 843/843/843 842/842/842
f 843/843/843 844/844/844 842/842/842
f 843/843/843 845/845/845 844/844/844
f 845/845/845 846/846/846 844/844/844
f 845/845/845 847/847/847 846/846/846
f 847/847/847 848/848/848 846/846/846
f 847/847/847 849/849/849 848/848/848
f 849/849/849 850/850/850 848/848/848
f 849/849/849 851/851/851 850/850/850
f 851/851/851 852/852/852 850/850/850
f 851/851/851 853/853/853 852/852/852
f 853/853/853 854/854/854 852/852/852
f 853/853/853 855/855/855 854/854/854
f 855/855/855 856/856/856 854/854/854
f 854/854/854 856/856/856 857/857/857
f 856/856/856 858/858/858 857/857/857
f 857/857/857 858/858/858 859/859/859
f 858/858/858 860/860/860 859/859/859
f 860/860/860 861/861/861 859/859/859
f 861/861/861 862/862/862 859/859/859
f 861/861/861 863/863/863 862/862/862
f 863/863/863 864/864/864 862/862/862
f 863/863/863 865/865/865 864/864/864
f 865/865/865 866/866/866 864/864/864
f 864/864/864 866/866/866 867/867/867
f 866/866/866 868/868/868 867/867/867
f 867/867/867 868/868/868 869/869/869
f 868/868/868 870/870/870 869/869/869
f 869/869/869 870/870/870 871/871/871
f 870/870/870 872/872/872 871/871/871
f 871/871/871 872/872/872 873/873/873
f 872/872/872 874/874/874 873/873/873
f 873/873/873 874/874/874 875/875/875
f 874/874/874 876/876/876 875/875/875
f 875/875/875 876/876/876 877/877/877
f 876/876/876 878/878/878 877/877/877
f 877/877/877 878/878/878 879/879/879
f 878/878/878 880/880/880 879/879/879
f 879/879/879 880/880/880 881/881/881
f 880/880/880 882/882/882 881/881/881
f 881/881/881 882/882/882 883/883/883
f 882/882/882 884/884/884 883/883/883
f 883/883/883 884/884/884 885/885/885
f 884/884/884 886/886/886 885/885/885
f 885/885/885 886/886/886 887/887/887
f 886/886/886 888/888/888 887/887/887
f 889/889/889 887/887/887 888/888/888
f 890/890/890 889/889/889 888/888/888
f 891/891/891 889/889/889 890/890/890
f 892/892/892 891/891/891 890/890/890
f 893/893/893 891/891/891 892/892/892
f 894/894/894 893/893/893 892/892/892
f 897/897/897 896/896/896 895/895/895
f 898/898/898 897/897/897 895/895/895
f 898/898/898 895/895/895 899/899/899
f 900/900/900 897/897/897 898/898/898
f 901/901/901 898/898/898 899/899/899
f 901/901/901 899/899/899 902/902/902
f 903/903/903 900/900/900 898/898/898
f 903/903/903 898/898/898 901/901/901
f 904/904/904 901/901/901 902/902/902
f 902/902/902 905/905/905 904/904/904
f 900/900/900 903/903/903 906/906/906
f 907/907/907 900/900/900 906/906/906
f 908/908/908 903/903/903 901/901/901
f 908/908/908 901/901/901 904/904/904
f 905/905/905 909/909/909 904/904/904
f 905/905/905 910/910/910 909/909/909
f 907/907/907 906/906/906 911/911/911
f 912/912/912 907/907/907 911/911/911
f 911/911/911 906/906/906 913/913/913
f 906/906/906 903/903/903 914/914/914
f 906/906/906 914/914/914 913/913/913
f 903/903/903 908/908/908 914/914/914
f 913/913/913 914/914/914 915/915/915
f 914/914/914 916/916/916 915/915/915
f 914/914/914 908/908/908 916/916/916
f 917/917/917 915/915/915 916/916/916
f 918/918/918 908/908/908 904/904/904
f 908/908/908 918/918/918 916/916/916
f 904/904/904 909/909/909 918/918/918
f 919/919/919 917/917/917 916/916/916
f 919/919/919 916/916/916 918/918/918
f 920/920/920 917/917/917 919/919/919
f 909/909/909 921/921/921 918/918/918
f 921/921/921 919/919/919 918/918/918
f 922/922/922 920/920/920 919/919/919
f 922/922/922 919/919/919 921/921/921
f 923/923/923 920/920/920 922/922/922
f 909/909/909 924/924/924 921/921/921
f 910/910/910 924/924/924 909/909/909
f 910/910/910 925/925/925 924/924/924
f 926/926/926 922/922/922 921/921/921
f 924/924/924 926/926/926 921/921/921
f 927/927/927 923/923/923 922/922/922
f 927/927/927 922/922/922 926/926/926
f 928/928/928 923/923/923 927/927/927
f 925/925/925 929/929/929 924/924/924
f 924/924/924 929/929/929 926/926/926
f 925/925/925 930/930/930 929/929/929
f 931/931/931 927/927/927 926/926/926
f 929/929/929 931/931/931 926/926/926
f 932/932/932 928/928/928 927/927/927
f 932/932/932 927/927/927 931/931/931
f 933/933/933 928/928/928 932/932/932
f 930/930/930 934/934/934 929/929/929
f 929/929/929 934/934/934 931/931/931
f 930/930/930 935/935/935 934/934/934
f 936/936/936 932/932/932 931/931/931
f 934/934/934 936/936/936 931/931/931
f 937/937/937 933/933/933 932/932/932
f 937/937/937 932/932/932 936/936/936
f 938/938/938 933/933/933 937/937/937
f 935/935/935 939/939/939 934/934/934
f 934/934/934 939/939/939 936/936/936
f 935/935/935 940/940/940 939/939/939
f 941/941/941 937/937/937 936/936/936
f 939/939/939 941/941/941 936/936/936
f 942/942/942 938/938/938 937/937/937
f 942/942/942 937/937/937 941/941/941
f 943/943/943 938/938/938 942/942/942
f 940/940/940 944/944/944 939/939/939
f 939/939/939 944/944/944 941/941/941
f 940/940/940 945/945/945 944/944/944
f 946/946/946 942/942/942 941/941/941
f 944/944/944 946/946/946 941/941/941
f 947/947/947 943/943/943 942/942/942
f 947/947/947 942/942/942 946/946/946
f 948/948/948 943/943/943 947/947/947
f 945/945/945 949/949/949 944/944/944
f 944/944/944 949/949/949 946/946/946
f 945/945/945 950/950/950 949/949/949
f 951/951/951 947/947/947 946/946/946
f 949/949/949 951/951/951 946/946/946
f 952/952/952 948/948/948 947/947/947
f 952/952/952 947/947/947 951/951/951
f 953/953/953 948/948/948 952/952/952
f 950/950/950 954/954/954 949/949/949
f 949/949/949 954/954/954 951/951/951
f 950/950/950 955/955/955 954/954/954
f 956/956/956 952/952/952 951/951/951
f 954/954/954 956/956/956 951/951/951
f 957/957/957 953/953/953 952/952/952
f 957/957/957 952/952/952 956/956/956
f 958/958/958 953/953/953 957/957/957
f 955/955/955 959/959/959 954/954/954
f 954/954/954 959/959/959 956/956/956
f 955/955/955 960/960/960 959/959/959
f 961/961/961 957/957/957 956/956/956
f 959/959/959 961/961/961 956/956/956
f 962/962/962 958/958/958 957/957/957
f 962/962/962 957/957/957 961/961/961
f 963/963/963 958/958/958 962/962/962
f 964/964/964 963/963/963 962/962/962
f 960/960/960 965/965/965 959/959/959
f 959/959/959 965/965/965 961/961/961
f 960/960/960 966/966/966 965/965/965
f 966/966/966 967/967/967 965/965/965
f 968/968/968 962/962/962 961/961/961
f 964/964/964 962/962/962 968/968/968
f 965/965/965 968/968/968 961/961/961
f 965/965/965 967/967/967 968/968/968
f 969/969/969 964/964/964 968/968/968
f 967/967/967 969/969/969 968/968/968
f 972/972/972 971/971/971 970/970/970
f 973/973/973 972/972/972 970/970/970
f 976/976/976 975/975/975 974/974/974
f 977/977/977 976/976/976 974/974/974
f 980/980/980 979/979/979 978/978/978
f 981/981/981 980/980/980 978/978/978
f 981/981/981 978/978/978 982/982/982
f 983/983/983 981/981/981 982/982/982
f 983/983/983 982/982/982 984/984/984
f 985/985/985 983/983/983 984/984/984
f 985/985/985 984/984/984 986/986/986
f 987/987/987 985/985/985 986/986/986
f 987/987/987 986/986/986 988/988/988
f 989/989/989 987/987/987 988/988/988
f 989/989/989 988/988/988 990/990/990
f 991/991/991 989/989/989 990/990/990
f 991/991/991 990/990/990 992/992/992
f 993/993/993 991/991/991 992/992/992
f 993/993/993 992/992/992 994/994/994
f 995/995/995 993/993/993 994/994/994
f 998/998/998 997/997/997 996/996/996
f 999/999/999 998/998/998 996/996/996
f 1000/1000/1000 998/998/998 999/999/999
f 1001/1001/1001 1000/1000/1000 999/999/999
f 1002/1002/1002 1000/1000/1000 1001/1001/1001
f 1003/1003/1003 1002/1002/1002 1001/1001/1001
f 1004/1004/1004 1002/1002/1002 1003/1003/1003
f 1005/1005/1005 1004/1004/1004 1003/1003/1003
f 1006/1006/1006 1004/1004/1004 1005/1005/1005
f 1007/1007/1007 1006/1006/1006 1005/1005/1005
f 1008/1008/1008 1006/1006/1006 1007/1007/1007
f 1009/1009/1009 1008/1008/1008 1007/1007/1007
f 1010/1010/1010 1008/1008/1008 1009/1009/1009
f 1011/1011/1011 1010/1010/1010 1009/1009/1009
f 1014/1014/1014 1013/1013/1013 1012/1012/1012
f 1013/1013/1013 1015/1015/1015 1012/1012/1012
f 1013/1013/1013 1016/1016/1016 1015/1015/1015
f 1016/1016/1016 1017/1017/1017 1015/1015/1015
f 1016/1016/1016 1018/1018/1018 1017/1017/1017
f 1018/1018/1018 1019/1019/1019 1017/1017/1017
f 1018/1018/1018 1020/1020/1020 1019/1019/1019
f 1020/1020/1020 1021/1021/1021 1019/1019/1019
f 1020/1020/1020 1022/1022/1022 1021/1021/1021
f 1022/1022/1022 1023/1023/1023 1021/1021/1021
f 1022/1022/1022 1024/1024/1024 1023/1023/1023
f 1024/1024/1024 1025/1025/1025 1023/1023/1023
f 1024/1024/1024 1026/1026/1026 1025/1025/1025
f 1026/1026/1026 1027/1027/1027 1025/1025/1025
f 1030/1030/1030 1029/1029/1029 1028/1028/1028
f 1028/1028/1028 1031/1031/1031 1030/1030/1030
f 1028/1028/1028 1032/1032/1032 1031/1031/1031
f 1032/1032/1032 1033/1033/1033 1031/1031/1031
f 1036/1036/1036 1035/1035/1035 1034/1034/1034
f 1037/1037/1037 1036/1036/1036 1034/1034/1034
f 1040/1040/1040 1039/1039/1039 1038/1038/1038
f 1041/1041/1041 1040/1040/1040 1038/1038/1038
f 1044/1044/1044 1043/1043/1043 1042/1042/1042
f 1045/1045/1045 1044/1044/1044 1042/1042/1042
f 1048/1048/1048 1047/1047/1047 1046/1046/1046
f 1049/1049/1049 1048/1048/1048 1046/1046/1046
f 1052/1052/1052 1051/1051/1051 1050/1050/1050
f 1053/1053/1053 1052/1052/1052 1050/1050/1050
f 1056/1056/1056 1055/1055/1055 1054/1054/1054
f 1057/1057/1057 1056/1056/1056 1054/1054/1054
f 1060/1060/1060 1059/1059/1059 1058/1058/1058
f 1059/1059/1059 1061/1061/1061 1058/1058/1058
f 1058/1058/1058 1061/1061/1061 1062/1062/1062
f 1061/1061/1061 1063/1063/1063 1062/1062/1062
f 1062/1062/1062 1063/1063/1063 1064/1064/1064
f 1063/1063/1063 1065/1065/1065 1064/1064/1064
f 1064/1064/1064 1065/1065/1065 1066/1066/1066
f 1065/1065/1065 1067/1067/1067 1066/1066/1066
f 1066/1066/1066 1067/1067/1067 1068/1068/1068
f 1067/1067/1067 1069/1069/1069 1068/1068/1068
f 1068/1068/1068 1069/1069/1069 1070/1070/1070
f 1069/1069/1069 1071/1071/1071 1070/1070/1070
f 1070/1070/1070 1071/1071/1071 1072/1072/1072
f 1071/1071/1071 1073/1073/1073 1072/1072/1072
f 1072/1072/1072 1073/1073/1073 1074/1074/1074
f 1073/1073/1073 1075/1075/1075 1074/1074/1074
f 1074/1074/1074 1075/1075/1075 1076/1076/1076
f 1075/1075/1075 1077/1077/1077 1076/1076/1076
f 1076/1076/1076 1077/1077/1077 1078/1078/1078
f 1077/1077/1077 1079/1079/1079 1078/1078/1078
f 1078/1078/1078 1079/1079/1079 1080/1080/1080
f 1079/1079/1079 1081/1081/1081 1080/1080/1080
f 1081/1081/1081 1082/1082/1082 1080/1080/1080
f 1082/1082/1082 1083/1083/1083 1080/1080/1080
f 1082/1082/1082 1084/1084/1084 1083/1083/1083
f 1084/1084/1084 1085/1085/1085 1083/1083/1083
f 1084/1084/1084 1086/1086/1086 1085/1085/1085
f 1086/1086/1086 1087/1087/1087 1085/1085/1085
f 1086/1086/1086 1088/1088/1088 1087/1087/1087
f 1088/1088/1088 1089/1089/1089 1087/1087/1087
f 1088/1088/1088 1090/1090/1090 1089/1089/1089
f 1090/1090/1090 1091/1091/1091 1089/1089/1089
f 1090/1090/1090 1092/1092/1092 1091/1091/1091
f 1092/1092/1092 1093/1093/1093 1091/1091/1091
f 1092/1092/1092 1094/1094/1094 1093/1093/1093
f 1094/1094/1094 1095/1095/1095 1093/1093/1093
f 1094/1094/1094 1096/1096/1096 1095/1095/1095
f 1096/1096/1096 1097/1097/1097 1095/1095/1095
f 1096/1096/1096 1098/1098/1098 1097/1097/1097
f 1098/1098/1098 1099/1099/1099 1097/1097/1097
f 1098/1098/1098 1100/1100/1100 1099/1099/1099
f 1100/1100/1100 1101/1101/1101 1099/1099/1099
f 1100/1100/1100 1102/1102/1102 1101/1101/1101
f 1102/1102/1102 1103/1103/1103 1101/1101/1101
f 1106/1106/1106 1105/1105/1105 1104/1104/1104
f 1107/1107/1107 1106/1106/1106 1104/1104/1104
f 1110/1110/1110 1109/1109/1109 1108/1108/1108
f 1111/1111/1111 1109/1109/1109 1110/1110/1110
f 1112/1112/1112 1111/1111/1111 1110/1110/1110
f 1113/1113/1113 1111/1111/1111 1112/1112/1112
f 1114/1114/1114 1113/1113/1113 1112/1112/1112
f 1115/1115/1115 1113/1113/1113 1114/1114/1114
f 1116/1116/1116 1115/1115/1115 1114/1114/1114
f 1116/1116/1116 1114/1114/1114 1117/1117/1117
f 1118/1118/1118 1116/1116/1116 1117/1117/1117
f 1119/1119/1119 1118/1118/1118 1117/1117/1117
f 1120/1120/1120 1119/1119/1119 1117/1117/1117
f 1119/1119/1119 1120/1120/1120 1121/1121/1121
f 1122/1122/1122 1119/1119/1119 1121/1121/1121
f 1125/1125/1125 1124/1124/1124 1123/1123/1123
f 1126/1126/1126 1125/1125/1125 1123/1123/1123
f 1129/1129/1129 1128/1128/1128 1127/1127/1127
f 1130/1130/1130 1129/1129/1129 1127/1127/1127
f 1133/1133/1133 1132/1132/1132 1131/1131/1131
f 1134/1134/1134 1133/1133/1133 1131/1131/1131
f 1137/1137/1137 1136/1136/1136 1135/1135/1135
f 1138/1138/1138 1137/1137/1137 1135/1135/1135
f 1141/1141/1141 1140/1140/1140 1139/1139/1139
f 1142/1142/1142 1141/1141/1141 1139/1139/1139
f 1145/1145/1145 1144/1144/1144 1143/1143/1143
f 1143/1143/1143 1146/1146/1146 1145/1145/1145
f 1143/1143/1143 1147/1147/1147 1146/1146/1146
f 1147/1147/1147 1148/1148/1148 1146/1146/1146
f 1147/1147/1147 1149/1149/1149 1148/1148/1148
f 1149/1149/1149 1150/1150/1150 1148/1148/1148
f 1149/1149/1149 1151/1151/1151 1150/1150/1150
f 1151/1151/1151 1152/1152/1152 1150/1150/1150
f 1155/1155/1155 1154/1154/1154 1153/1153/1153
f 1156/1156/1156 1155/1155/1155 1153/1153/1153
f 1159/1159/1159 1158/1158/1158 1157/1157/1157
f 1157/1157/1157 1160/1160/1160 1159/1159/1159
f 1157/1157/1157 1161/1161/1161 1160/1160/1160
f 1161/1161/1161 1162/1162/1162 1160/1160/1160
f 1161/1161/1161 1163/1163/1163 1162/1162/1162
f 1163/1163/1163 1164/1164/1164 1162/1162/1162
f 1163/1163/1163 1165/1165/1165 1164/1164/1164
f 1165/1165/1165 1166/1166/1166 1164/1164/1164
f 1169/1169/1169 1168/1168/1168 1167/1167/1167
f 1170/1170/1170 1169/1169/1169 1167/1167/1167
f 1173/1173/1173 1172/1172/1172 1171/1171/1171
f 1174/1174/1174 1173/1173/1173 1171/1171/1171
f 1177/1177/1177 1176/1176/1176 1175/1175/1175
f 1178/1178/1178 1177/1177/1177 1175/1175/1175
f 1181/1181/1181 1180/1180/1180 1179/1179/1179
f 1182/1182/1182 1181/1181/1181 1179/1179/1179
f 1185/1185/1185 1184/1184/1184 1183/1183/1183
f 1186/1186/1186 1185/1185/1185 1183/1183/1183
f 1189/1189/1189 1188/1188/1188 1187/1187/1187
f 1190/1190/1190 1189/1189/1189 1187/1187/1187
f 1193/1193/1193 1192/1192/1192 1191/1191/1191
f 1194/1194/1194 1193/1193/1193 1191/1191/1191
f 1197/1197/1197 1196/1196/1196 1195/1195/1195
f 1198/1198/1198 1197/1197/1197 1195/1195/1195
f 1201/1201/1201 1200/1200/1200 1199/1199/1199
f 1202/1202/1202 1201/1201/1201 1199/1199/1199
f 1205/1205/1205 1204/1204/1204 1203/1203/1203
f 1206/1206/1206 1205/1205/1205 1203/1203/1203
f 1209/1209/1209 1208/1208/1208 1207/1207/1207
f 1210/1210/1210 1209/1209/1209 1207/1207/1207
f 1213/1213/1213 1212/1212/1212 1211/1211/1211
f 1214/1214/1214 1213/1213/1213 1211/1211/1211
f 1217/1217/1217 1216/1216/1216 1215/1215/1215
f 1218/1218/1218 1217/1217/1217 1215/1215/1215
f 1221/1221/1221 1220/1220/1220 1219/1219/1219
f 1222/1222/1222 1221/1221/1221 1219/1219/1219
f 1225/1225/1225 1224/1224/1224 1223/1223/1223
f 1223/1223/1223 1226/1226/1226 1225/1225/1225
f 1229/1229/1229 1228/1228/1228 1227/1227/1227
f 1228/1228/1228 1230/1230/1230 1227/1227/1227
f 1230/1230/1230 1228/1228/1228 1231/1231/1231
f 1232/1232/1232 1230/1230/1230 1231/1231/1231
f 1235/1235/1235 1234/1234/1234 1233/1233/1233
f 1236/1236/1236 1235/1235/1235 1233/1233/1233
f 1239/1239/1239 1238/1238/1238 1237/1237/1237
f 1240/1240/1240 1239/1239/1239 1237/1237/1237
f 1243/1243/1243 1242/1242/1242 1241/1241/1241
f 1244/1244/1244 1243/1243/1243 1241/1241/1241
f 1247/1247/1247 1246/1246/1246 1245/1245/1245
f 1246/1246/1246 1248/1248/1248 1245/1245/1245
f 1245/1245/1245 1248/1248/1248 1249/1249/1249
f 1248/1248/1248 1250/1250/1250 1249/1249/1249
f 1249/1249/1249 1250/1250/1250 1251/1251/1251
f 1250/1250/1250 1252/1252/1252 1251/1251/1251
f 1251/1251/1251 1252/1252/1252 1253/1253/1253
f 1252/1252/1252 1254/1254/1254 1253/1253/1253
f 1253/1253/1253 1254/1254/1254 1255/1255/1255
f 1254/1254/1254 1256/1256/1256 1255/1255/1255
f 1255/1255/1255 1256/1256/1256 1257/1257/1257
f 1256/1256/1256 1258/1258/1258 1257/1257/1257
f 1257/1257/1257 1258/1258/1258 1259/1259/1259
f 1258/1258/1258 1260/1260/1260 1259/1259/1259
f 1259/1259/1259 1260/1260/1260 1261/1261/1261
f 1260/1260/1260 1262/1262/1262 1261/1261/1261
f 1265/1265/1265 1264/1264/1264 1263/1263/1263
f 1264/1264/1264 1266/1266/1266 1263/1263/1263
f 1264/1264/1264 1267/1267/1267 1266/1266/1266
f 1267/1267/1267 1268/1268/1268 1266/1266/1266
f 1267/1267/1267 1269/1269/1269 1268/1268/1268
f 1269/1269/1269 1270/1270/1270 1268/1268/1268
f 1269/1269/1269 1271/1271/1271 1270/1270/1270
f 1271/1271/1271 1272/1272/1272 1270/1270/1270
f 1271/1271/1271 1273/1273/1273 1272/1272/1272
f 1273/1273/1273 1274/1274/1274 1272/1272/1272
f 1273/1273/1273 1275/1275/1275 1274/1274/1274
f 1275/1275/1275 1276/1276/1276 1274/1274/1274
f 1275/1275/1275 1277/1277/1277 1276/1276/1276
f 1277/1277/1277 1278/1278/1278 1276/1276/1276
f 1281/1281/1281 1280/1280/1280 1279/1279/1279
f 1282/1282/1282 1281/1281/1281 1279/1279/1279
f 1283/1283/1283 1281/1281/1281 1282/1282/1282
f 1284/1284/1284 1283/1283/1283 1282/1282/1282
f 1285/1285/1285 1283/1283/1283 1284/1284/1284
f 1286/1286/1286 1285/1285/1285 1284/1284/1284
f 1287/1287/1287 1285/1285/1285 1286/1286/1286
f 1288/1288/1288 1287/1287/1287 1286/1286/1286
f 1289/1289/1289 1287/1287/1287 1288/1288/1288
f 1290/1290/1290 1289/1289/1289 1288/1288/1288
f 1291/1291/1291 1289/1289/1289 1290/1290/1290
f 1292/1292/1292 1291/1291/1291 1290/1290/1290
f 1293/1293/1293 1291/1291/1291 1292/1292/1292
f 1294/1294/1294 1293/1293/1293 1292/1292/1292
f 1297/1297/1297 1296/1296/1296 1295/1295/1295
f 1295/1295/1295 1298/1298/1298 1297/1297/1297
f 1298/1298/1298 1299/1299/1299 1297/1297/1297
f 1298/1298/1298 1300/1300/1300 1299/1299/1299
f 1303/1303/1303 1302/1302/1302 1301/1301/1301
f 1304/1304/1304 1303/1303/1303 1301/1301/1301
f 1307/1307/1307 1306/1306/1306 1305/1305/1305
f 1308/1308/1308 1307/1307/1307 1305/1305/1305
f 1311/1311/1311 1310/1310/1310 1309/1309/1309
f 1312/1312/1312 1311/1311/1311 1309/1309/1309
f 1315/1315/1315 1314/1314/1314 1313/1313/1313
f 1316/1316/1316 1315/1315/1315 1313/1313/1313
f 1319/1319/1319 1318/1318/1318 1317/1317/1317
f 1320/1320/1320 1319/1319/1319 1317/1317/1317
f 1323/1323/1323 1322/1322/1322 1321/1321/1321
f 1324/1324/1324 1323/1323/1323 1321/1321/1321
f 1327/1327/1327 1326/1326/1326 1325/1325/1325
f 1327/1327/1327 1325/1325/1325 1328/1328/1328
f 1326/1326/1326 1329/1329/1329 1325/1325/1325
f 1325/1325/1325 1330/1330/1330 1328/1328/1328
f 1331/1331/1331 1329/1329/1329 1326/1326/1326
f 1332/1332/1332 1331/1331/1331 1326/1326/1326
f 1328/1328/1328 1330/1330/1330 1333/1333/1333
f 1330/1330/1330 1334/1334/1334 1333/1333/1333
f 1332/1332/1332 1335/1335/1335 1331/1331/1331
f 1335/1335/1335 1336/1336/1336 1331/1331/1331
f 1337/1337/1337 1336/1336/1336 1335/1335/1335
f 1338/1338/1338 1337/1337/1337 1335/1335/1335
f 1333/1333/1333 1334/1334/1334 1339/1339/1339
f 1340/1340/1340 1333/1333/1333 1339/1339/1339
f 1341/1341/1341 1337/1337/1337 1338/1338/1338
f 1342/1342/1342 1341/1341/1341 1338/1338/1338
f 1340/1340/1340 1339/1339/1339 1343/1343/1343
f 1342/1342/1342 1343/1343/1343 1341/1341/1341
f 1339/1339/1339 1344/1344/1344 1343/1343/1343
f 1343/1343/1343 1344/1344/1344 1341/1341/1341
f 1347/1347/1347 1346/1346/1346 1345/1345/1345
f 1347/1347/1347 1348/1348/1348 1346/1346/1346
f 1346/1346/1346 1349/1349/1349 1345/1345/1345
f 1348/1348/1348 1350/1350/1350 1346/1346/1346
f 1345/1345/1345 1349/1349/1349 1351/1351/1351
f 1349/1349/1349 1352/1352/1352 1351/1351/1351
f 1351/1351/1351 1352/1352/1352 1353/1353/1353
f 1352/1352/1352 1354/1354/1354 1353/1353/1353
f 1348/1348/1348 1355/1355/1355 1350/1350/1350
f 1355/1355/1355 1356/1356/1356 1350/1350/1350
f 1357/1357/1357 1356/1356/1356 1355/1355/1355
f 1358/1358/1358 1357/1357/1357 1355/1355/1355
f 1359/1359/1359 1357/1357/1357 1358/1358/1358
f 1360/1360/1360 1359/1359/1359 1358/1358/1358
f 1353/1353/1353 1354/1354/1354 1361/1361/1361
f 1354/1354/1354 1362/1362/1362 1361/1361/1361
f 1363/1363/1363 1359/1359/1359 1360/1360/1360
f 1361/1361/1361 1362/1362/1362 1363/1363/1363
f 1364/1364/1364 1363/1363/1363 1360/1360/1360
f 1364/1364/1364 1361/1361/1361 1363/1363/1363
f 1366/1366/1366 241/241/241 1365/1365/1365
f 241/241/241 1366/1366/1366 1367/1367/1367
f 1366/1366/1366 1365/1365/1365 1368/1368/1368
f 1369/1369/1369 1368/1368/1368 1365/1365/1365
f 1368/1368/1368 1369/1369/1369 349/349/349
f 1370/1370/1370 1368/1368/1368 349/349/349
f 1371/1371/1371 1368/1368/1368 1370/1370/1370
f 1371/1371/1371 1366/1366/1366 1368/1368/1368
f 1372/1372/1372 1371/1371/1371 1370/1370/1370
f 1371/1371/1371 1372/1372/1372 1373/1373/1373
f 1367/1367/1367 1366/1366/1366 1374/1374/1374
f 1366/1366/1366 1371/1371/1371 1374/1374/1374
f 1374/1374/1374 1371/1371/1371 1373/1373/1373
f 1374/1374/1374 1375/1375/1375 1367/1367/1367
f 1374/1374/1374 1373/1373/1373 272/272/272
f 1375/1375/1375 1374/1374/1374 272/272/272
f 1376/1376/1376 341/341/341 339/339/339
f 338/338/338 1376/1376/1376 339/339/339
f 1376/1376/1376 1377/1377/1377 341/341/341
f 1377/1377/1377 1376/1376/1376 338/338/338
f 1377/1377/1377 1378/1378/1378 341/341/341
f 352/352/352 341/341/341 1378/1378/1378
f 1379/1379/1379 1377/1377/1377 338/338/338
f 1377/1377/1377 1380/1380/1380 1378/1378/1378
f 1380/1380/1380 1377/1377/1377 1379/1379/1379
f 1378/1378/1378 1381/1381/1381 352/352/352
f 1380/1380/1380 1381/1381/1381 1378/1378/1378
f 1382/1382/1382 1379/1379/1379 338/338/338
f 338/338/338 324/324/324 1382/1382/1382
f 324/324/324 319/319/319 1382/1382/1382
f 319/319/319 388/388/388 1382/1382/1382
f 1381/1381/1381 1383/1383/1383 352/352/352
f 1383/1383/1383 377/377/377 352/352/352
f 1384/1384/1384 377/377/377 1383/1383/1383
f 377/377/377 1384/1384/1384 376/376/376
f 1385/1385/1385 1380/1380/1380 1379/1379/1379
f 1379/1379/1379 1382/1382/1382 1386/1386/1386
f 1385/1385/1385 1379/1379/1379 1386/1386/1386
f 388/388/388 1387/1387/1387 1382/1382/1382
f 1387/1387/1387 1386/1386/1386 1382/1382/1382
f 1380/1380/1380 1388/1388/1388 1381/1381/1381
f 1388/1388/1388 1380/1380/1380 1385/1385/1385
f 1381/1381/1381 1389/1389/1389 1383/1383/1383
f 1388/1388/1388 1389/1389/1389 1381/1381/1381
f 1390/1390/1390 1387/1387/1387 388/388/388
f 378/378/378 1390/1390/1390 388/388/388
f 1390/1390/1390 378/378/378 376/376/376
f 1391/1391/1391 1388/1388/1388 1385/1385/1385
f 1391/1391/1391 1385/1385/1385 1386/1386/1386
f 1387/1387/1387 1392/1392/1392 1386/1386/1386
f 1392/1392/1392 1387/1387/1387 1390/1390/1390
f 1390/1390/1390 376/376/376 1393/1393/1393
f 1384/1384/1384 1393/1393/1393 376/376/376
f 1394/1394/1394 1384/1384/1384 1383/1383/1383
f 1389/1389/1389 1394/1394/1394 1383/1383/1383
f 1388/1388/1388 1395/1395/1395 1389/1389/1389
f 1395/1395/1395 1388/1388/1388 1391/1391/1391
f 1396/1396/1396 1391/1391/1391 1386/1386/1386
f 1392/1392/1392 1396/1396/1396 1386/1386/1386
f 1397/1397/1397 1392/1392/1392 1390/1390/1390
f 1397/1397/1397 1390/1390/1390 1393/1393/1393
f 1384/1384/1384 1398/1398/1398 1393/1393/1393
f 1398/1398/1398 1384/1384/1384 1394/1394/1394
f 1389/1389/1389 1399/1399/1399 1394/1394/1394
f 1395/1395/1395 1399/1399/1399 1389/1389/1389
f 1400/1400/1400 1395/1395/1395 1391/1391/1391
f 1400/1400/1400 1391/1391/1391 1396/1396/1396
f 1392/1392/1392 1401/1401/1401 1396/1396/1396
f 1401/1401/1401 1392/1392/1392 1397/1397/1397
f 1397/1397/1397 1393/1393/1393 1402/1402/1402
f 1398/1398/1398 1402/1402/1402 1393/1393/1393
f 1403/1403/1403 1398/1398/1398 1394/1394/1394
f 1399/1399/1399 1403/1403/1403 1394/1394/1394
f 1395/1395/1395 1404/1404/1404 1399/1399/1399
f 1404/1404/1404 1395/1395/1395 1400/1400/1400
f 1405/1405/1405 1400/1400/1400 1396/1396/1396
f 1401/1401/1401 1405/1405/1405 1396/1396/1396
f 1406/1406/1406 1401/1401/1401 1397/1397/1397
f 1406/1406/1406 1397/1397/1397 1402/1402/1402
f 1398/1398/1398 1407/1407/1407 1402/1402/1402
f 1407/1407/1407 1398/1398/1398 1403/1403/1403
f 1399/1399/1399 1408/1408/1408 1403/1403/1403
f 1404/1404/1404 1408/1408/1408 1399/1399/1399
f 1404/1404/1404 1409/1409/1409 1408/1408/1408
f 1410/1410/1410 1404/1404/1404 1400/1400/1400
f 1410/1410/1410 1400/1400/1400 1405/1405/1405
f 1409/1409/1409 1404/1404/1404 1410/1410/1410
f 1401/1401/1401 1411/1411/1411 1405/1405/1405
f 1411/1411/1411 1401/1401/1401 1406/1406/1406
f 1406/1406/1406 1402/1402/1402 1412/1412/1412
f 1407/1407/1407 1412/1412/1412 1402/1402/1402
f 1408/1408/1408 1413/1413/1413 1403/1403/1403
f 1413/1413/1413 1407/1407/1407 1403/1403/1403
f 1414/1414/1414 1410/1410/1410 1405/1405/1405
f 1411/1411/1411 1414/1414/1414 1405/1405/1405
f 1415/1415/1415 1406/1406/1406 1412/1412/1412
f 1415/1415/1415 1411/1411/1411 1406/1406/1406
f 1407/1407/1407 1416/1416/1416 1412/1412/1412
f 1415/1415/1415 1412/1412/1412 1416/1416/1416
f 1417/1417/1417 1411/1411/1411 1415/1415/1415
f 1417/1417/1417 1415/1415/1415 1416/1416/1416
f 1418/1418/1418 1416/1416/1416 1407/1407/1407
f 1407/1407/1407 1413/1413/1413 1418/1418/1418
f 1408/1408/1408 1419/1419/1419 1413/1413/1413
f 1409/1409/1409 1419/1419/1419 1408/1408/1408
f 1420/1420/1420 1413/1413/1413 1419/1419/1419
f 1413/1413/1413 1420/1420/1420 1418/1418/1418
f 1416/1416/1416 1418/1418/1418 1421/1421/1421
f 1417/1417/1417 1416/1416/1416 1421/1421/1421
f 1414/1414/1414 1411/1411/1411 1422/1422/1422
f 1417/1417/1417 1422/1422/1422 1411/1411/1411
f 1423/1423/1423 1419/1419/1419 1409/1409/1409
f 1423/1423/1423 1420/1420/1420 1419/1419/1419
f 1418/1418/1418 1420/1420/1420 1424/1424/1424
f 1418/1418/1418 1424/1424/1424 1421/1421/1421
f 1425/1425/1425 1414/1414/1414 1422/1422/1422
f 1426/1426/1426 1422/1422/1422 1417/1417/1417
f 1425/1425/1425 1422/1422/1422 1426/1426/1426
f 1427/1427/1427 1417/1417/1417 1421/1421/1421
f 1426/1426/1426 1417/1417/1417 1427/1427/1427
f 1414/1414/1414 1425/1425/1425 1428/1428/1428
f 1428/1428/1428 1410/1410/1410 1414/1414/1414
f 1428/1428/1428 1409/1409/1409 1410/1410/1410
f 1429/1429/1429 1425/1425/1425 1426/1426/1426
f 1428/1428/1428 1425/1425/1425 1429/1429/1429
f 1428/1428/1428 1430/1430/1430 1409/1409/1409
f 1429/1429/1429 1430/1430/1430 1428/1428/1428
f 1431/1431/1431 1423/1423/1423 1409/1409/1409
f 1430/1430/1430 1431/1431/1431 1409/1409/1409
f 1431/1431/1431 1432/1432/1432 1423/1423/1423
f 1432/1432/1432 1431/1431/1431 1430/1430/1430
f 1427/1427/1427 1421/1421/1421 1433/1433/1433
f 1424/1424/1424 1433/1433/1433 1421/1421/1421
f 1434/1434/1434 1426/1426/1426 1427/1427/1427
f 1429/1429/1429 1426/1426/1426 1434/1434/1434
f 1435/1435/1435 1430/1430/1430 1429/1429/1429
f 1435/1435/1435 1432/1432/1432 1430/1430/1430
f 1432/1432/1432 1436/1436/1436 1423/1423/1423
f 1423/1423/1423 1436/1436/1436 1420/1420/1420
f 1420/1420/1420 1437/1437/1437 1424/1424/1424
f 1436/1436/1436 1437/1437/1437 1420/1420/1420
f 1432/1432/1432 1438/1438/1438 1436/1436/1436
f 1438/1438/1438 1432/1432/1432 1435/1435/1435
f 1438/1438/1438 1439/1439/1439 1436/1436/1436
f 1436/1436/1436 1439/1439/1439 1437/1437/1437
f 1439/1439/1439 1440/1440/1440 1437/1437/1437
f 1437/1437/1437 1440/1440/1440 1441/1441/1441
f 1424/1424/1424 1437/1437/1437 1441/1441/1441
f 1424/1424/1424 1441/1441/1441 1433/1433/1433
f 1442/1442/1442 1438/1438/1438 1435/1435/1435
f 1441/1441/1441 1443/1443/1443 1433/1433/1433
f 1444/1444/1444 1435/1435/1435 1429/1429/1429
f 1442/1442/1442 1435/1435/1435 1444/1444/1444
f 1445/1445/1445 1442/1442/1442 1444/1444/1444
f 1444/1444/1444 1429/1429/1429 1434/1434/1434
f 1445/1445/1445 1444/1444/1444 1446/1446/1446
f 1444/1444/1444 1434/1434/1434 1446/1446/1446
f 1447/1447/1447 1433/1433/1433 1443/1443/1443
f 1446/1446/1446 1434/1434/1434 1447/1447/1447
f 1448/1448/1448 1447/1447/1447 1443/1443/1443
f 1448/1448/1448 1446/1446/1446 1447/1447/1447
f 1447/1447/1447 1427/1427/1427 1433/1433/1433
f 1447/1447/1447 1434/1434/1434 1427/1427/1427
f 1451/1451/1451 1450/1450/1450 1449/1449/1449
f 1450/1450/1450 1451/1451/1451 1452/1452/1452
f 1450/1450/1450 1453/1453/1453 1449/1449/1449
f 1453/1453/1453 1454/1454/1454 1449/1449/1449
f 1449/1449/1449 1454/1454/1454 1455/1455/1455
f 1455/1455/1455 1454/1454/1454 1456/1456/1456
f 1454/1454/1454 1457/1457/1457 1456/1456/1456
f 1456/1456/1456 1457/1457/1457 1458/1458/1458
f 1459/1459/1459 1454/1454/1454 1453/1453/1453
f 1457/1457/1457 1454/1454/1454 1459/1459/1459
f 1459/1459/1459 1453/1453/1453 1460/1460/1460
f 1461/1461/1461 1459/1459/1459 1460/1460/1460
f 1461/1461/1461 1457/1457/1457 1459/1459/1459
f 1457/1457/1457 1462/1462/1462 1458/1458/1458
f 1462/1462/1462 1457/1457/1457 1461/1461/1461
f 1458/1458/1458 1462/1462/1462 1463/1463/1463
f 1464/1464/1464 1461/1461/1461 1460/1460/1460
f 1462/1462/1462 1461/1461/1461 1464/1464/1464
f 1462/1462/1462 1465/1465/1465 1463/1463/1463
f 1463/1463/1463 1465/1465/1465 1466/1466/1466
f 1467/1467/1467 1462/1462/1462 1464/1464/1464
f 1465/1465/1465 1462/1462/1462 1467/1467/1467
f 1465/1465/1465 1468/1468/1468 1466/1466/1466
f 1466/1466/1466 1468/1468/1468 1469/1469/1469
f 1460/1460/1460 1470/1470/1470 1464/1464/1464
f 1467/1467/1467 1464/1464/1464 1470/1470/1470
f 1471/1471/1471 1470/1470/1470 1460/1460/1460
f 1472/1472/1472 1465/1465/1465 1467/1467/1467
f 1468/1468/1468 1465/1465/1465 1472/1472/1472
f 1473/1473/1473 1467/1467/1467 1470/1470/1470
f 1473/1473/1473 1470/1470/1470 1471/1471/1471
f 1472/1472/1472 1467/1467/1467 1473/1473/1473
f 1468/1468/1468 1474/1474/1474 1469/1469/1469
f 1475/1475/1475 1468/1468/1468 1472/1472/1472
f 1474/1474/1474 1468/1468/1468 1475/1475/1475
f 1476/1476/1476 1472/1472/1472 1473/1473/1473
f 1475/1475/1475 1472/1472/1472 1476/1476/1476
f 1477/1477/1477 1473/1473/1473 1471/1471/1471
f 1476/1476/1476 1473/1473/1473 1477/1477/1477
f 1474/1474/1474 1478/1478/1478 1469/1469/1469
f 1478/1478/1478 1479/1479/1479 1469/1469/1469
f 1478/1478/1478 1480/1480/1480 1479/1479/1479
f 1480/1480/1480 1481/1481/1481 1479/1479/1479
f 1480/1480/1480 1482/1482/1482 1481/1481/1481
f 1482/1482/1482 1483/1483/1483 1481/1481/1481
f 1482/1482/1482 1484/1484/1484 1483/1483/1483
f 1484/1484/1484 1485/1485/1485 1483/1483/1483
f 1484/1484/1484 1486/1486/1486 1485/1485/1485
f 1486/1486/1486 1487/1487/1487 1485/1485/1485
f 1486/1486/1486 1488/1488/1488 1487/1487/1487
f 1478/1478/1478 1474/1474/1474 1489/1489/1489
f 1480/1480/1480 1478/1478/1478 1490/1490/1490
f 1478/1478/1478 1489/1489/1489 1490/1490/1490
f 1482/1482/1482 1480/1480/1480 1491/1491/1491
f 1480/1480/1480 1490/1490/1490 1491/1491/1491
f 1474/1474/1474 1492/1492/1492 1489/1489/1489
f 1492/1492/1492 1474/1474/1474 1475/1475/1475
f 1492/1492/1492 1475/1475/1475 1493/1493/1493
f 1493/1493/1493 1475/1475/1475 1476/1476/1476
f 1493/1493/1493 1476/1476/1476 1494/1494/1494
f 1494/1494/1494 1476/1476/1476 1477/1477/1477
f 1494/1494/1494 1477/1477/1477 1495/1495/1495
f 1496/1496/1496 1493/1493/1493 1494/1494/1494
f 1494/1494/1494 1495/1495/1495 1496/1496/1496
f 1497/1497/1497 1492/1492/1492 1493/1493/1493
f 1497/1497/1497 1493/1493/1493 1496/1496/1496
f 1489/1489/1489 1492/1492/1492 1498/1498/1498
f 1492/1492/1492 1497/1497/1497 1498/1498/1498
f 1490/1490/1490 1489/1489/1489 1499/1499/1499
f 1489/1489/1489 1498/1498/1498 1499/1499/1499
f 1491/1491/1491 1490/1490/1490 1500/1500/1500
f 1490/1490/1490 1499/1499/1499 1500/1500/1500
f 1477/1477/1477 1501/1501/1501 1495/1495/1495
f 1477/1477/1477 1471/1471/1471 1501/1501/1501
f 1498/1498/1498 1497/1497/1497 1502/1502/1502
f 1499/1499/1499 1498/1498/1498 1503/1503/1503
f 1498/1498/1498 1502/1502/1502 1503/1503/1503
f 1504/1504/1504 1503/1503/1503 1502/1502/1502
f 1499/1499/1499 1503/1503/1503 1505/1505/1505
f 1500/1500/1500 1499/1499/1499 1505/1505/1505
f 1505/1505/1505 1503/1503/1503 1504/1504/1504
f 1500/1500/1500 1505/1505/1505 1506/1506/1506
f 1491/1491/1491 1500/1500/1500 1507/1507/1507
f 1507/1507/1507 1500/1500/1500 1506/1506/1506
f 1507/1507/1507 1506/1506/1506 1508/1508/1508
f 1507/1507/1507 1508/1508/1508 1509/1509/1509
f 1509/1509/1509 1491/1491/1491 1507/1507/1507
f 1482/1482/1482 1491/1491/1491 1509/1509/1509
f 1510/1510/1510 1482/1482/1482 1509/1509/1509
f 1510/1510/1510 1509/1509/1509 1508/1508/1508
f 1484/1484/1484 1482/1482/1482 1510/1510/1510
f 1484/1484/1484 1510/1510/1510 1511/1511/1511
f 1511/1511/1511 1510/1510/1510 1508/1508/1508
f 1486/1486/1486 1484/1484/1484 1511/1511/1511
f 1486/1486/1486 1511/1511/1511 1512/1512/1512
f 1512/1512/1512 1511/1511/1511 1508/1508/1508
f 1486/1486/1486 1512/1512/1512 1488/1488/1488
f 1513/1513/1513 1505/1505/1505 1504/1504/1504
f 1506/1506/1506 1505/1505/1505 1513/1513/1513
f 1512/1512/1512 1514/1514/1514 1488/1488/1488
f 1514/1514/1514 1515/1515/1515 1488/1488/1488
f 1515/1515/1515 1514/1514/1514 1516/1516/1516
f 1512/1512/1512 1508/1508/1508 1517/1517/1517
f 1514/1514/1514 1512/1512/1512 1518/1518/1518
f 1512/1512/1512 1517/1517/1517 1518/1518/1518
f 1514/1514/1514 1519/1519/1519 1516/1516/1516
f 1514/1514/1514 1518/1518/1518 1520/1520/1520
f 1519/1519/1519 1514/1514/1514 1520/1520/1520
f 1519/1519/1519 1521/1521/1521 1516/1516/1516
f 1516/1516/1516 1521/1521/1521 1522/1522/1522
f 1521/1521/1521 1523/1523/1523 1522/1522/1522
f 1523/1523/1523 1524/1524/1524 1522/1522/1522
f 1523/1523/1523 1525/1525/1525 1524/1524/1524
f 1523/1523/1523 1526/1526/1526 1525/1525/1525
f 1525/1525/1525 1526/1526/1526 1527/1527/1527
f 1521/1521/1521 1519/1519/1519 1528/1528/1528
f 1523/1523/1523 1521/1521/1521 1528/1528/1528
f 1529/1529/1529 1528/1528/1528 1519/1519/1519
f 1529/1529/1529 1519/1519/1519 1520/1520/1520
f 1530/1530/1530 1529/1529/1529 1520/1520/1520
f 1531/1531/1531 1523/1523/1523 1528/1528/1528
f 1528/1528/1528 1529/1529/1529 1531/1531/1531
f 1523/1523/1523 1531/1531/1531 1526/1526/1526
f 1529/1529/1529 1532/1532/1532 1531/1531/1531
f 1529/1529/1529 1530/1530/1530 1532/1532/1532
f 1526/1526/1526 1531/1531/1531 1532/1532/1532
f 1526/1526/1526 1533/1533/1533 1527/1527/1527
f 1527/1527/1527 1533/1533/1533 1534/1534/1534
f 1533/1533/1533 1535/1535/1535 1534/1534/1534
f 1534/1534/1534 1535/1535/1535 1536/1536/1536
f 1537/1537/1537 1533/1533/1533 1526/1526/1526
f 1535/1535/1535 1533/1533/1533 1537/1537/1537
f 1530/1530/1530 1520/1520/1520 1538/1538/1538
f 1520/1520/1520 1518/1518/1518 1538/1538/1538
f 1518/1518/1518 1539/1539/1539 1538/1538/1538
f 1518/1518/1518 1517/1517/1517 1539/1539/1539
f 1540/1540/1540 1526/1526/1526 1532/1532/1532
f 1540/1540/1540 1537/1537/1537 1526/1526/1526
f 1540/1540/1540 1532/1532/1532 1541/1541/1541
f 1542/1542/1542 1537/1537/1537 1540/1540/1540
f 1541/1541/1541 1542/1542/1542 1540/1540/1540
f 1543/1543/1543 1535/1535/1535 1537/1537/1537
f 1543/1543/1543 1537/1537/1537 1542/1542/1542
f 1530/1530/1530 1544/1544/1544 1532/1532/1532
f 1541/1541/1541 1532/1532/1532 1544/1544/1544
f 1538/1538/1538 1539/1539/1539 1545/1545/1545
f 1530/1530/1530 1538/1538/1538 1545/1545/1545
f 1517/1517/1517 1546/1546/1546 1539/1539/1539
f 1517/1517/1517 1508/1508/1508 1546/1546/1546
f 1547/1547/1547 1544/1544/1544 1530/1530/1530
f 1541/1541/1541 1544/1544/1544 1547/1547/1547
f 1548/1548/1548 1535/1535/1535 1543/1543/1543
f 1535/1535/1535 1548/1548/1548 1536/1536/1536
f 1539/1539/1539 1549/1549/1549 1545/1545/1545
f 1539/1539/1539 1546/1546/1546 1549/1549/1549
f 1508/1508/1508 1550/1550/1550 1546/1546/1546
f 1550/1550/1550 1508/1508/1508 1506/1506/1506
f 1546/1546/1546 1550/1550/1550 1551/1551/1551
f 1546/1546/1546 1551/1551/1551 1549/1549/1549
f 1552/1552/1552 1550/1550/1550 1506/1506/1506
f 1550/1550/1550 1552/1552/1552 1551/1551/1551
f 1548/1548/1548 1553/1553/1553 1536/1536/1536
f 1553/1553/1553 1554/1554/1554 1536/1536/1536
f 1555/1555/1555 1552/1552/1552 1506/1506/1506
f 1555/1555/1555 1506/1506/1506 1513/1513/1513
f 1553/1553/1553 1556/1556/1556 1554/1554/1554
f 1556/1556/1556 1557/1557/1557 1554/1554/1554
f 1556/1556/1556 1558/1558/1558 1557/1557/1557
f 1558/1558/1558 1559/1559/1559 1557/1557/1557
f 1556/1556/1556 1553/1553/1553 1560/1560/1560
f 1556/1556/1556 1560/1560/1560 1558/1558/1558
f 1553/1553/1553 1548/1548/1548 1561/1561/1561
f 1553/1553/1553 1561/1561/1561 1560/1560/1560
f 1558/1558/1558 1562/1562/1562 1559/1559/1559
f 1559/1559/1559 1562/1562/1562 1563/1563/1563
f 1563/1563/1563 1562/1562/1562 1564/1564/1564
f 1548/1548/1548 1565/1565/1565 1561/1561/1561
f 1565/1565/1565 1548/1548/1548 1543/1543/1543
f 1562/1562/1562 1566/1566/1566 1564/1564/1564
f 1566/1566/1566 1452/1452/1452 1564/1564/1564
f 1566/1566/1566 1567/1567/1567 1452/1452/1452
f 1567/1567/1567 1450/1450/1450 1452/1452/1452
f 1566/1566/1566 1562/1562/1562 1568/1568/1568
f 1567/1567/1567 1566/1566/1566 1568/1568/1568
f 1562/1562/1562 1569/1569/1569 1568/1568/1568
f 1569/1569/1569 1562/1562/1562 1558/1558/1558
f 1568/1568/1568 1570/1570/1570 1567/1567/1567
f 1570/1570/1570 1568/1568/1568 1569/1569/1569
f 1450/1450/1450 1567/1567/1567 1571/1571/1571
f 1567/1567/1567 1570/1570/1570 1571/1571/1571
f 1570/1570/1570 1572/1572/1572 1571/1571/1571
f 1573/1573/1573 1570/1570/1570 1569/1569/1569
f 1569/1569/1569 1558/1558/1558 1573/1573/1573
f 1572/1572/1572 1570/1570/1570 1573/1573/1573
f 1574/1574/1574 1450/1450/1450 1571/1571/1571
f 1453/1453/1453 1450/1450/1450 1574/1574/1574
f 1558/1558/1558 1575/1575/1575 1573/1573/1573
f 1573/1573/1573 1575/1575/1575 1576/1576/1576
f 1560/1560/1560 1575/1575/1575 1558/1558/1558
f 1560/1560/1560 1577/1577/1577 1575/1575/1575
f 1577/1577/1577 1576/1576/1576 1575/1575/1575
f 1560/1560/1560 1561/1561/1561 1577/1577/1577
f 1561/1561/1561 1578/1578/1578 1577/1577/1577
f 1561/1561/1561 1565/1565/1565 1578/1578/1578
f 1571/1571/1571 1572/1572/1572 1579/1579/1579
f 1574/1574/1574 1571/1571/1571 1579/1579/1579
f 1580/1580/1580 1453/1453/1453 1574/1574/1574
f 1460/1460/1460 1453/1453/1453 1580/1580/1580
f 1581/1581/1581 1574/1574/1574 1579/1579/1579
f 1580/1580/1580 1574/1574/1574 1581/1581/1581
f 1460/1460/1460 1580/1580/1580 1582/1582/1582
f 1582/1582/1582 1580/1580/1580 1581/1581/1581
f 1581/1581/1581 1579/1579/1579 1583/1583/1583
f 1579/1579/1579 1572/1572/1572 1583/1583/1583
f 1576/1576/1576 1577/1577/1577 1584/1584/1584
f 1577/1577/1577 1578/1578/1578 1584/1584/1584
f 1585/1585/1585 1460/1460/1460 1582/1582/1582
f 1460/1460/1460 1585/1585/1585 1471/1471/1471
f 1582/1582/1582 1581/1581/1581 1586/1586/1586
f 1586/1586/1586 1581/1581/1581 1583/1583/1583
f 1585/1585/1585 1582/1582/1582 1587/1587/1587
f 1587/1587/1587 1582/1582/1582 1586/1586/1586
f 1585/1585/1585 1588/1588/1588 1471/1471/1471
f 1588/1588/1588 1585/1585/1585 1587/1587/1587
f 1588/1588/1588 1589/1589/1589 1471/1471/1471
f 1471/1471/1471 1589/1589/1589 1501/1501/1501
f 1590/1590/1590 1588/1588/1588 1587/1587/1587
f 1591/1591/1591 1589/1589/1589 1588/1588/1588
f 1590/1590/1590 1591/1591/1591 1588/1588/1588
f 1592/1592/1592 1587/1587/1587 1586/1586/1586
f 1592/1592/1592 1590/1590/1590 1587/1587/1587
f 1593/1593/1593 1501/1501/1501 1589/1589/1589
f 1591/1591/1591 1593/1593/1593 1589/1589/1589
f 1594/1594/1594 1591/1591/1591 1590/1590/1590
f 1595/1595/1595 1590/1590/1590 1592/1592/1592
f 1595/1595/1595 1594/1594/1594 1590/1590/1590
f 1596/1596/1596 1593/1593/1593 1591/1591/1591
f 1594/1594/1594 1596/1596/1596 1591/1591/1591
f 1597/1597/1597 1592/1592/1592 1586/1586/1586
f 1598/1598/1598 1595/1595/1595 1592/1592/1592
f 1598/1598/1598 1592/1592/1592 1597/1597/1597
f 1599/1599/1599 1597/1597/1597 1586/1586/1586
f 1583/1583/1583 1599/1599/1599 1586/1586/1586
f 1593/1593/1593 1600/1600/1600 1501/1501/1501
f 1596/1596/1596 1601/1601/1601 1593/1593/1593
f 1601/1601/1601 1600/1600/1600 1593/1593/1593
f 1600/1600/1600 1602/1602/1602 1501/1501/1501
f 1501/1501/1501 1602/1602/1602 1495/1495/1495
f 1603/1603/1603 1596/1596/1596 1594/1594/1594
f 1604/1604/1604 1594/1594/1594 1595/1595/1595
f 1604/1604/1604 1603/1603/1603 1594/1594/1594
f 1605/1605/1605 1595/1595/1595 1598/1598/1598
f 1605/1605/1605 1604/1604/1604 1595/1595/1595
f 1606/1606/1606 1601/1601/1601 1596/1596/1596
f 1603/1603/1603 1606/1606/1606 1596/1596/1596
f 1601/1601/1601 1607/1607/1607 1600/1600/1600
f 1600/1600/1600 1608/1608/1608 1602/1602/1602
f 1607/1607/1607 1608/1608/1608 1600/1600/1600
f 1606/1606/1606 1609/1609/1609 1601/1601/1601
f 1609/1609/1609 1607/1607/1607 1601/1601/1601
f 1610/1610/1610 1603/1603/1603 1604/1604/1604
f 1611/1611/1611 1606/1606/1606 1603/1603/1603
f 1610/1610/1610 1611/1611/1611 1603/1603/1603
f 1611/1611/1611 1612/1612/1612 1606/1606/1606
f 1612/1612/1612 1609/1609/1609 1606/1606/1606
f 1613/1613/1613 1604/1604/1604 1605/1605/1605
f 1613/1613/1613 1610/1610/1610 1604/1604/1604
f 1610/1610/1610 1614/1614/1614 1611/1611/1611
f 1611/1611/1611 1614/1614/1614 1612/1612/1612
f 1615/1615/1615 1610/1610/1610 1613/1613/1613
f 1615/1615/1615 1614/1614/1614 1610/1610/1610
f 1607/1607/1607 1609/1609/1609 1616/1616/1616
f 1608/1608/1608 1607/1607/1607 1617/1617/1617
f 1607/1607/1607 1616/1616/1616 1617/1617/1617
f 1609/1609/1609 1612/1612/1612 1618/1618/1618
f 1609/1609/1609 1618/1618/1618 1616/1616/1616
f 1619/1619/1619 1613/1613/1613 1605/1605/1605
f 1620/1620/1620 1615/1615/1615 1613/1613/1613
f 1620/1620/1620 1613/1613/1613 1619/1619/1619
f 1619/1619/1619 1605/1605/1605 1621/1621/1621
f 1621/1621/1621 1605/1605/1605 1598/1598/1598
f 1621/1621/1621 1598/1598/1598 1622/1622/1622
f 1622/1622/1622 1598/1598/1598 1597/1597/1597
f 1623/1623/1623 1622/1622/1622 1597/1597/1597
f 1599/1599/1599 1623/1623/1623 1597/1597/1597
f 1624/1624/1624 1621/1621/1621 1622/1622/1622
f 1625/1625/1625 1619/1619/1619 1621/1621/1621
f 1625/1625/1625 1621/1621/1621 1624/1624/1624
f 1623/1623/1623 1626/1626/1626 1622/1622/1622
f 1626/1626/1626 1624/1624/1624 1622/1622/1622
f 1627/1627/1627 1623/1623/1623 1599/1599/1599
f 1628/1628/1628 1626/1626/1626 1623/1623/1623
f 1627/1627/1627 1628/1628/1628 1623/1623/1623
f 1629/1629/1629 1627/1627/1627 1599/1599/1599
f 1629/1629/1629 1599/1599/1599 1583/1583/1583
f 1630/1630/1630 1629/1629/1629 1583/1583/1583
f 1572/1572/1572 1630/1630/1630 1583/1583/1583
f 1626/1626/1626 1631/1631/1631 1624/1624/1624
f 1632/1632/1632 1625/1625/1625 1624/1624/1624
f 1631/1631/1631 1632/1632/1632 1624/1624/1624
f 1628/1628/1628 1633/1633/1633 1626/1626/1626
f 1633/1633/1633 1631/1631/1631 1626/1626/1626
f 1634/1634/1634 1628/1628/1628 1627/1627/1627
f 1635/1635/1635 1627/1627/1627 1629/1629/1629
f 1635/1635/1635 1634/1634/1634 1627/1627/1627
f 1636/1636/1636 1629/1629/1629 1630/1630/1630
f 1636/1636/1636 1635/1635/1635 1629/1629/1629
f 1572/1572/1572 1637/1637/1637 1630/1630/1630
f 1637/1637/1637 1636/1636/1636 1630/1630/1630
f 1638/1638/1638 1633/1633/1633 1628/1628/1628
f 1634/1634/1634 1638/1638/1638 1628/1628/1628
f 1639/1639/1639 1637/1637/1637 1572/1572/1572
f 1639/1639/1639 1572/1572/1572 1573/1573/1573
f 1573/1573/1573 1576/1576/1576 1639/1639/1639
f 1639/1639/1639 1576/1576/1576 1637/1637/1637
f 1631/1631/1631 1633/1633/1633 1640/1640/1640
f 1633/1633/1633 1638/1638/1638 1641/1641/1641
f 1640/1640/1640 1633/1633/1633 1641/1641/1641
f 1642/1642/1642 1631/1631/1631 1640/1640/1640
f 1632/1632/1632 1631/1631/1631 1642/1642/1642
f 1643/1643/1643 1632/1632/1632 1642/1642/1642
f 1632/1632/1632 1643/1643/1643 1625/1625/1625
f 1643/1643/1643 1644/1644/1644 1625/1625/1625
f 1625/1625/1625 1644/1644/1644 1619/1619/1619
f 1645/1645/1645 1619/1619/1619 1644/1644/1644
f 1645/1645/1645 1620/1620/1620 1619/1619/1619
f 1637/1637/1637 1576/1576/1576 1646/1646/1646
f 1646/1646/1646 1647/1647/1647 1637/1637/1637
f 1647/1647/1647 1636/1636/1636 1637/1637/1637
f 1576/1576/1576 1648/1648/1648 1646/1646/1646
f 1584/1584/1584 1648/1648/1648 1576/1576/1576
f 1647/1647/1647 1649/1649/1649 1636/1636/1636
f 1649/1649/1649 1635/1635/1635 1636/1636/1636
f 1649/1649/1649 1650/1650/1650 1635/1635/1635
f 1650/1650/1650 1634/1634/1634 1635/1635/1635
f 1650/1650/1650 1651/1651/1651 1634/1634/1634
f 1651/1651/1651 1638/1638/1638 1634/1634/1634
f 1638/1638/1638 1651/1651/1651 1652/1652/1652
f 1641/1641/1641 1638/1638/1638 1652/1652/1652
f 1616/1616/1616 1649/1649/1649 1647/1647/1647
f 1617/1617/1617 1616/1616/1616 1647/1647/1647
f 1617/1617/1617 1647/1647/1647 1646/1646/1646
f 1616/1616/1616 1618/1618/1618 1649/1649/1649
f 1618/1618/1618 1650/1650/1650 1649/1649/1649
f 1618/1618/1618 1653/1653/1653 1650/1650/1650
f 1653/1653/1653 1651/1651/1651 1650/1650/1650
f 1612/1612/1612 1653/1653/1653 1618/1618/1618
f 1654/1654/1654 1617/1617/1617 1646/1646/1646
f 1608/1608/1608 1617/1617/1617 1654/1654/1654
f 1651/1651/1651 1653/1653/1653 1655/1655/1655
f 1652/1652/1652 1651/1651/1651 1655/1655/1655
f 1653/1653/1653 1612/1612/1612 1656/1656/1656
f 1655/1655/1655 1653/1653/1653 1656/1656/1656
f 1614/1614/1614 1656/1656/1656 1612/1612/1612
f 1614/1614/1614 1657/1657/1657 1656/1656/1656
f 1614/1614/1614 1615/1615/1615 1657/1657/1657
f 1655/1655/1655 1656/1656/1656 1658/1658/1658
f 1657/1657/1657 1658/1658/1658 1656/1656/1656
f 1652/1652/1652 1655/1655/1655 1659/1659/1659
f 1659/1659/1659 1655/1655/1655 1658/1658/1658
f 1660/1660/1660 1658/1658/1658 1657/1657/1657
f 1658/1658/1658 1660/1660/1660 1659/1659/1659
f 1661/1661/1661 1660/1660/1660 1657/1657/1657
f 1661/1661/1661 1657/1657/1657 1615/1615/1615
f 1662/1662/1662 1661/1661/1661 1615/1615/1615
f 1662/1662/1662 1615/1615/1615 1620/1620/1620
f 1663/1663/1663 1662/1662/1662 1620/1620/1620
f 1663/1663/1663 1620/1620/1620 1645/1645/1645
f 1660/1660/1660 1664/1664/1664 1659/1659/1659
f 1665/1665/1665 1663/1663/1663 1645/1645/1645
f 1666/1666/1666 1652/1652/1652 1659/1659/1659
f 1659/1659/1659 1664/1664/1664 1666/1666/1666
f 1641/1641/1641 1652/1652/1652 1666/1666/1666
f 1664/1664/1664 1667/1667/1667 1666/1666/1666
f 1665/1665/1665 1645/1645/1645 1668/1668/1668
f 1669/1669/1669 1665/1665/1665 1668/1668/1668
f 1668/1668/1668 1645/1645/1645 1644/1644/1644
f 1670/1670/1670 1641/1641/1641 1666/1666/1666
f 1666/1666/1666 1667/1667/1667 1670/1670/1670
f 1640/1640/1640 1641/1641/1641 1670/1670/1670
f 1667/1667/1667 1671/1671/1671 1670/1670/1670
f 1669/1669/1669 1668/1668/1668 1672/1672/1672
f 1672/1672/1672 1668/1668/1668 1644/1644/1644
f 1673/1673/1673 1669/1669/1669 1672/1672/1672
f 1643/1643/1643 1672/1672/1672 1644/1644/1644
f 1674/1674/1674 1673/1673/1673 1672/1672/1672
f 1675/1675/1675 1640/1640/1640 1670/1670/1670
f 1670/1670/1670 1671/1671/1671 1675/1675/1675
f 1642/1642/1642 1640/1640/1640 1675/1675/1675
f 1671/1671/1671 1676/1676/1676 1675/1675/1675
f 1643/1643/1643 1642/1642/1642 1677/1677/1677
f 1672/1672/1672 1643/1643/1643 1677/1677/1677
f 1677/1677/1677 1674/1674/1674 1672/1672/1672
f 1677/1677/1677 1642/1642/1642 1675/1675/1675
f 1676/1676/1676 1674/1674/1674 1677/1677/1677
f 1675/1675/1675 1676/1676/1676 1677/1677/1677
f 1678/1678/1678 1646/1646/1646 1648/1648/1648
f 1654/1654/1654 1646/1646/1646 1678/1678/1678
f 1678/1678/1678 1648/1648/1648 1679/1679/1679
f 1648/1648/1648 1680/1680/1680 1679/1679/1679
f 1648/1648/1648 1584/1584/1584 1680/1680/1680
f 1584/1584/1584 1681/1681/1681 1680/1680/1680
f 1578/1578/1578 1681/1681/1681 1584/1584/1584
f 1578/1578/1578 1682/1682/1682 1681/1681/1681
f 1565/1565/1565 1682/1682/1682 1578/1578/1578
f 1681/1681/1681 1683/1683/1683 1680/1680/1680
f 1682/1682/1682 1683/1683/1683 1681/1681/1681
f 1682/1682/1682 1565/1565/1565 1684/1684/1684
f 1565/1565/1565 1543/1543/1543 1684/1684/1684
f 1684/1684/1684 1543/1543/1543 1542/1542/1542
f 1682/1682/1682 1684/1684/1684 1685/1685/1685
f 1683/1683/1683 1682/1682/1682 1685/1685/1685
f 1684/1684/1684 1542/1542/1542 1686/1686/1686
f 1685/1685/1685 1684/1684/1684 1686/1686/1686
f 1542/1542/1542 1541/1541/1541 1686/1686/1686
f 1683/1683/1683 1685/1685/1685 1687/1687/1687
f 1685/1685/1685 1686/1686/1686 1687/1687/1687
f 1683/1683/1683 1688/1688/1688 1680/1680/1680
f 1688/1688/1688 1683/1683/1683 1687/1687/1687
f 1680/1680/1680 1688/1688/1688 1689/1689/1689
f 1688/1688/1688 1687/1687/1687 1689/1689/1689
f 1679/1679/1679 1680/1680/1680 1689/1689/1689
f 1690/1690/1690 1686/1686/1686 1541/1541/1541
f 1686/1686/1686 1690/1690/1690 1687/1687/1687
f 1687/1687/1687 1691/1691/1691 1689/1689/1689
f 1687/1687/1687 1690/1690/1690 1691/1691/1691
f 1679/1679/1679 1689/1689/1689 1692/1692/1692
f 1689/1689/1689 1691/1691/1691 1692/1692/1692
f 1690/1690/1690 1541/1541/1541 1693/1693/1693
f 1541/1541/1541 1547/1547/1547 1693/1693/1693
f 1690/1690/1690 1694/1694/1694 1691/1691/1691
f 1693/1693/1693 1694/1694/1694 1690/1690/1690
f 1695/1695/1695 1679/1679/1679 1692/1692/1692
f 1695/1695/1695 1692/1692/1692 1696/1696/1696
f 1678/1678/1678 1679/1679/1679 1695/1695/1695
f 1691/1691/1691 1697/1697/1697 1692/1692/1692
f 1691/1691/1691 1694/1694/1694 1697/1697/1697
f 1692/1692/1692 1697/1697/1697 1696/1696/1696
f 1698/1698/1698 1678/1678/1678 1695/1695/1695
f 1698/1698/1698 1654/1654/1654 1678/1678/1678
f 1699/1699/1699 1695/1695/1695 1696/1696/1696
f 1698/1698/1698 1695/1695/1695 1699/1699/1699
f 1700/1700/1700 1654/1654/1654 1698/1698/1698
f 1700/1700/1700 1608/1608/1608 1654/1654/1654
f 1608/1608/1608 1700/1700/1700 1602/1602/1602
f 1701/1701/1701 1700/1700/1700 1698/1698/1698
f 1701/1701/1701 1698/1698/1698 1699/1699/1699
f 1602/1602/1602 1700/1700/1700 1702/1702/1702
f 1700/1700/1700 1701/1701/1701 1702/1702/1702
f 1702/1702/1702 1701/1701/1701 1699/1699/1699
f 1602/1602/1602 1702/1702/1702 1495/1495/1495
f 1703/1703/1703 1702/1702/1702 1699/1699/1699
f 1495/1495/1495 1702/1702/1702 1703/1703/1703
f 1703/1703/1703 1699/1699/1699 1696/1696/1696
f 1704/1704/1704 1495/1495/1495 1703/1703/1703
f 1495/1495/1495 1704/1704/1704 1496/1496/1496
f 1704/1704/1704 1703/1703/1703 1705/1705/1705
f 1705/1705/1705 1703/1703/1703 1696/1696/1696
f 1496/1496/1496 1704/1704/1704 1706/1706/1706
f 1706/1706/1706 1704/1704/1704 1705/1705/1705
f 1707/1707/1707 1496/1496/1496 1706/1706/1706
f 1707/1707/1707 1497/1497/1497 1496/1496/1496
f 1497/1497/1497 1707/1707/1707 1502/1502/1502
f 1502/1502/1502 1707/1707/1707 1706/1706/1706
f 1708/1708/1708 1502/1502/1502 1706/1706/1706
f 1708/1708/1708 1706/1706/1706 1705/1705/1705
f 1708/1708/1708 1504/1504/1504 1502/1502/1502
f 1709/1709/1709 1708/1708/1708 1705/1705/1705
f 1709/1709/1709 1705/1705/1705 1696/1696/1696
f 1504/1504/1504 1708/1708/1708 1709/1709/1709
f 1710/1710/1710 1709/1709/1709 1696/1696/1696
f 1697/1697/1697 1710/1710/1710 1696/1696/1696
f 1711/1711/1711 1504/1504/1504 1709/1709/1709
f 1711/1711/1711 1709/1709/1709 1710/1710/1710
f 1697/1697/1697 1712/1712/1712 1710/1710/1710
f 1694/1694/1694 1712/1712/1712 1697/1697/1697
f 1711/1711/1711 1713/1713/1713 1504/1504/1504
f 1713/1713/1713 1513/1513/1513 1504/1504/1504
f 1714/1714/1714 1711/1711/1711 1710/1710/1710
f 1712/1712/1712 1714/1714/1714 1710/1710/1710
f 1714/1714/1714 1715/1715/1715 1711/1711/1711
f 1715/1715/1715 1714/1714/1714 1712/1712/1712
f 1715/1715/1715 1713/1713/1713 1711/1711/1711
f 1716/1716/1716 1712/1712/1712 1694/1694/1694
f 1716/1716/1716 1715/1715/1715 1712/1712/1712
f 1693/1693/1693 1716/1716/1716 1694/1694/1694
f 1715/1715/1715 1717/1717/1717 1713/1713/1713
f 1717/1717/1717 1715/1715/1715 1716/1716/1716
f 1713/1713/1713 1718/1718/1718 1513/1513/1513
f 1717/1717/1717 1718/1718/1718 1713/1713/1713
f 1719/1719/1719 1716/1716/1716 1693/1693/1693
f 1719/1719/1719 1717/1717/1717 1716/1716/1716
f 1718/1718/1718 1720/1720/1720 1513/1513/1513
f 1513/1513/1513 1720/1720/1720 1555/1555/1555
f 1717/1717/1717 1721/1721/1721 1718/1718/1718
f 1721/1721/1721 1717/1717/1717 1719/1719/1719
f 1722/1722/1722 1719/1719/1719 1693/1693/1693
f 1722/1722/1722 1693/1693/1693 1547/1547/1547
f 1720/1720/1720 1723/1723/1723 1555/1555/1555
f 1555/1555/1555 1723/1723/1723 1552/1552/1552
f 1718/1718/1718 1724/1724/1724 1720/1720/1720
f 1721/1721/1721 1724/1724/1724 1718/1718/1718
f 1725/1725/1725 1721/1721/1721 1719/1719/1719
f 1725/1725/1725 1719/1719/1719 1722/1722/1722
f 1723/1723/1723 1726/1726/1726 1552/1552/1552
f 1552/1552/1552 1726/1726/1726 1551/1551/1551
f 1720/1720/1720 1727/1727/1727 1723/1723/1723
f 1724/1724/1724 1727/1727/1727 1720/1720/1720
f 1721/1721/1721 1728/1728/1728 1724/1724/1724
f 1728/1728/1728 1721/1721/1721 1725/1725/1725
f 1726/1726/1726 1729/1729/1729 1551/1551/1551
f 1551/1551/1551 1729/1729/1729 1549/1549/1549
f 1723/1723/1723 1730/1730/1730 1726/1726/1726
f 1727/1727/1727 1730/1730/1730 1723/1723/1723
f 1724/1724/1724 1731/1731/1731 1727/1727/1727
f 1728/1728/1728 1731/1731/1731 1724/1724/1724
f 1726/1726/1726 1732/1732/1732 1729/1729/1729
f 1730/1730/1730 1732/1732/1732 1726/1726/1726
f 1727/1727/1727 1733/1733/1733 1730/1730/1730
f 1731/1731/1731 1733/1733/1733 1727/1727/1727
f 1730/1730/1730 1734/1734/1734 1732/1732/1732
f 1733/1733/1733 1734/1734/1734 1730/1730/1730
f 1735/1735/1735 1728/1728/1728 1725/1725/1725
f 1728/1728/1728 1736/1736/1736 1731/1731/1731
f 1736/1736/1736 1728/1728/1728 1735/1735/1735
f 1731/1731/1731 1737/1737/1737 1733/1733/1733
f 1736/1736/1736 1737/1737/1737 1731/1731/1731
f 1737/1737/1737 1738/1738/1738 1733/1733/1733
f 1733/1733/1733 1738/1738/1738 1734/1734/1734
f 1735/1735/1735 1725/1725/1725 1739/1739/1739
f 1739/1739/1739 1725/1725/1725 1722/1722/1722
f 1740/1740/1740 1737/1737/1737 1736/1736/1736
f 1740/1740/1740 1738/1738/1738 1737/1737/1737
f 1739/1739/1739 1722/1722/1722 1741/1741/1741
f 1741/1741/1741 1722/1722/1722 1547/1547/1547
f 1741/1741/1741 1547/1547/1547 1742/1742/1742
f 1547/1547/1547 1530/1530/1530 1742/1742/1742
f 1742/1742/1742 1530/1530/1530 1545/1545/1545
f 1743/1743/1743 1741/1741/1741 1742/1742/1742
f 1743/1743/1743 1742/1742/1742 1545/1545/1545
f 1744/1744/1744 1739/1739/1739 1741/1741/1741
f 1744/1744/1744 1741/1741/1741 1743/1743/1743
f 1745/1745/1745 1735/1735/1735 1739/1739/1739
f 1745/1745/1745 1739/1739/1739 1744/1744/1744
f 1746/1746/1746 1736/1736/1736 1735/1735/1735
f 1746/1746/1746 1735/1735/1735 1745/1745/1745
f 1747/1747/1747 1743/1743/1743 1545/1545/1545
f 1747/1747/1747 1545/1545/1545 1549/1549/1549
f 1748/1748/1748 1744/1744/1744 1743/1743/1743
f 1748/1748/1748 1743/1743/1743 1747/1747/1747
f 1749/1749/1749 1745/1745/1745 1744/1744/1744
f 1749/1749/1749 1744/1744/1744 1748/1748/1748
f 1750/1750/1750 1747/1747/1747 1549/1549/1549
f 1729/1729/1729 1750/1750/1750 1549/1549/1549
f 1751/1751/1751 1748/1748/1748 1747/1747/1747
f 1751/1751/1751 1747/1747/1747 1750/1750/1750
f 1729/1729/1729 1752/1752/1752 1750/1750/1750
f 1732/1732/1732 1752/1752/1752 1729/1729/1729
f 1736/1736/1736 1746/1746/1746 1753/1753/1753
f 1753/1753/1753 1740/1740/1740 1736/1736/1736
f 1754/1754/1754 1746/1746/1746 1745/1745/1745
f 1754/1754/1754 1745/1745/1745 1749/1749/1749
f 1755/1755/1755 1749/1749/1749 1748/1748/1748
f 1755/1755/1755 1748/1748/1748 1751/1751/1751
f 1756/1756/1756 1751/1751/1751 1750/1750/1750
f 1752/1752/1752 1756/1756/1756 1750/1750/1750
f 1732/1732/1732 1757/1757/1757 1752/1752/1752
f 1734/1734/1734 1757/1757/1757 1732/1732/1732
f 1746/1746/1746 1758/1758/1758 1753/1753/1753
f 1746/1746/1746 1754/1754/1754 1758/1758/1758
f 1759/1759/1759 1754/1754/1754 1749/1749/1749
f 1759/1759/1759 1749/1749/1749 1755/1755/1755
f 1760/1760/1760 1755/1755/1755 1751/1751/1751
f 1760/1760/1760 1751/1751/1751 1756/1756/1756
f 1752/1752/1752 1761/1761/1761 1756/1756/1756
f 1757/1757/1757 1761/1761/1761 1752/1752/1752
f 1734/1734/1734 1762/1762/1762 1757/1757/1757
f 1738/1738/1738 1762/1762/1762 1734/1734/1734
f 1754/1754/1754 1763/1763/1763 1758/1758/1758
f 1754/1754/1754 1759/1759/1759 1763/1763/1763
f 1764/1764/1764 1759/1759/1759 1755/1755/1755
f 1764/1764/1764 1755/1755/1755 1760/1760/1760
f 1765/1765/1765 1760/1760/1760 1756/1756/1756
f 1761/1761/1761 1765/1765/1765 1756/1756/1756
f 1757/1757/1757 1766/1766/1766 1761/1761/1761
f 1762/1762/1762 1766/1766/1766 1757/1757/1757
f 1738/1738/1738 1767/1767/1767 1762/1762/1762
f 1740/1740/1740 1767/1767/1767 1738/1738/1738
f 1759/1759/1759 1768/1768/1768 1763/1763/1763
f 1759/1759/1759 1764/1764/1764 1768/1768/1768
f 1769/1769/1769 1764/1764/1764 1760/1760/1760
f 1769/1769/1769 1760/1760/1760 1765/1765/1765
f 1761/1761/1761 1770/1770/1770 1765/1765/1765
f 1766/1766/1766 1770/1770/1770 1761/1761/1761
f 1767/1767/1767 1771/1771/1771 1762/1762/1762
f 1762/1762/1762 1771/1771/1771 1766/1766/1766
f 1767/1767/1767 1740/1740/1740 1772/1772/1772
f 1772/1772/1772 1740/1740/1740 1753/1753/1753
f 1764/1764/1764 1773/1773/1773 1768/1768/1768
f 1764/1764/1764 1769/1769/1769 1773/1773/1773
f 1774/1774/1774 1769/1769/1769 1765/1765/1765
f 1770/1770/1770 1774/1774/1774 1765/1765/1765
f 1769/1769/1769 1774/1774/1774 1775/1775/1775
f 1769/1769/1769 1775/1775/1775 1773/1773/1773
f 1776/1776/1776 1774/1774/1774 1770/1770/1770
f 1774/1774/1774 1776/1776/1776 1775/1775/1775
f 1777/1777/1777 1770/1770/1770 1766/1766/1766
f 1777/1777/1777 1776/1776/1776 1770/1770/1770
f 1778/1778/1778 1772/1772/1772 1753/1753/1753
f 1753/1753/1753 1758/1758/1758 1778/1778/1778
f 1758/1758/1758 1779/1779/1779 1778/1778/1778
f 1758/1758/1758 1763/1763/1763 1779/1779/1779
f 1778/1778/1778 1780/1780/1780 1772/1772/1772
f 1780/1780/1780 1778/1778/1778 1779/1779/1779
f 1780/1780/1780 1781/1781/1781 1772/1772/1772
f 1772/1772/1772 1781/1781/1781 1767/1767/1767
f 1781/1781/1781 1782/1782/1782 1767/1767/1767
f 1767/1767/1767 1782/1782/1782 1771/1771/1771
f 1783/1783/1783 1780/1780/1780 1779/1779/1779
f 1782/1782/1782 1784/1784/1784 1771/1771/1771
f 1763/1763/1763 1785/1785/1785 1779/1779/1779
f 1783/1783/1783 1779/1779/1779 1785/1785/1785
f 1763/1763/1763 1768/1768/1768 1785/1785/1785
f 1786/1786/1786 1783/1783/1783 1785/1785/1785
f 1771/1771/1771 1784/1784/1784 1787/1787/1787
f 1771/1771/1771 1787/1787/1787 1766/1766/1766
f 1784/1784/1784 1788/1788/1788 1787/1787/1787
f 1766/1766/1766 1787/1787/1787 1777/1777/1777
f 1768/1768/1768 1789/1789/1789 1785/1785/1785
f 1786/1786/1786 1785/1785/1785 1789/1789/1789
f 1768/1768/1768 1773/1773/1773 1789/1789/1789
f 1790/1790/1790 1786/1786/1786 1789/1789/1789
f 1787/1787/1787 1788/1788/1788 1791/1791/1791
f 1787/1787/1787 1791/1791/1791 1777/1777/1777
f 1788/1788/1788 1792/1792/1792 1791/1791/1791
f 1773/1773/1773 1793/1793/1793 1789/1789/1789
f 1790/1790/1790 1789/1789/1789 1793/1793/1793
f 1773/1773/1773 1775/1775/1775 1793/1793/1793
f 1794/1794/1794 1790/1790/1790 1793/1793/1793
f 1791/1791/1791 1795/1795/1795 1777/1777/1777
f 1791/1791/1791 1792/1792/1792 1795/1795/1795
f 1792/1792/1792 1796/1796/1796 1795/1795/1795
f 1795/1795/1795 1776/1776/1776 1777/1777/1777
f 1796/1796/1796 1797/1797/1797 1795/1795/1795
f 1775/1775/1775 1776/1776/1776 1798/1798/1798
f 1775/1775/1775 1798/1798/1798 1793/1793/1793
f 1794/1794/1794 1793/1793/1793 1798/1798/1798
f 1776/1776/1776 1795/1795/1795 1798/1798/1798
f 1797/1797/1797 1794/1794/1794 1798/1798/1798
f 1797/1797/1797 1798/1798/1798 1795/1795/1795
f 1801/1801/1801 1800/1800/1800 1799/1799/1799
f 1800/1800/1800 1801/1801/1801 1802/1802/1802
f 1803/1803/1803 1801/1801/1801 1799/1799/1799
f 1801/1801/1801 1804/1804/1804 1802/1802/1802
f 1803/1803/1803 1799/1799/1799 1805/1805/1805
f 1806/1806/1806 1803/1803/1803 1805/1805/1805
f 1806/1806/1806 1805/1805/1805 1807/1807/1807
f 1808/1808/1808 1806/1806/1806 1807/1807/1807
f 1802/1802/1802 1804/1804/1804 1809/1809/1809
f 1808/1808/1808 1807/1807/1807 1810/1810/1810
f 1811/1811/1811 1808/1808/1808 1810/1810/1810
f 1812/1812/1812 1811/1811/1811 1810/1810/1810
f 1813/1813/1813 1812/1812/1812 1810/1810/1810
f 1814/1814/1814 1812/1812/1812 1813/1813/1813
f 1815/1815/1815 1814/1814/1814 1813/1813/1813
f 1816/1816/1816 1814/1814/1814 1815/1815/1815
f 1817/1817/1817 1816/1816/1816 1815/1815/1815
f 1818/1818/1818 1816/1816/1816 1817/1817/1817
f 1819/1819/1819 1818/1818/1818 1817/1817/1817
f 1818/1818/1818 1819/1819/1819 1820/1820/1820
f 1821/1821/1821 1818/1818/1818 1820/1820/1820
f 1821/1821/1821 1820/1820/1820 1822/1822/1822
f 1823/1823/1823 1821/1821/1821 1822/1822/1822
f 1824/1824/1824 1823/1823/1823 1822/1822/1822
f 1824/1824/1824 1825/1825/1825 1823/1823/1823
f 1826/1826/1826 1824/1824/1824 1822/1822/1822
f 1826/1826/1826 1822/1822/1822 1827/1827/1827
f 1826/1826/1826 1827/1827/1827 1828/1828/1828
f 1828/1828/1828 1827/1827/1827 1829/1829/1829
f 1829/1829/1829 1830/1830/1830 1828/1828/1828
f 1831/1831/1831 1826/1826/1826 1828/1828/1828
f 1824/1824/1824 1826/1826/1826 1831/1831/1831
f 1832/1832/1832 1824/1824/1824 1831/1831/1831
f 1825/1825/1825 1824/1824/1824 1832/1832/1832
f 1833/1833/1833 1825/1825/1825 1832/1832/1832
f 1833/1833/1833 1834/1834/1834 1825/1825/1825
f 1835/1835/1835 1825/1825/1825 1834/1834/1834
f 1830/1830/1830 1829/1829/1829 1836/1836/1836
f 1834/1834/1834 1837/1837/1837 1835/1835/1835
f 1836/1836/1836 1829/1829/1829 1838/1838/1838
f 1839/1839/1839 1835/1835/1835 1837/1837/1837
f 1840/1840/1840 1839/1839/1839 1837/1837/1837
f 1838/1838/1838 1841/1841/1841 1840/1840/1840
f 1829/1829/1829 1841/1841/1841 1838/1838/1838
f 1841/1841/1841 1839/1839/1839 1840/1840/1840
f 1839/1839/1839 1841/1841/1841 1842/1842/1842
f 1842/1842/1842 1841/1841/1841 1843/1843/1843
f 1841/1841/1841 1829/1829/1829 1843/1843/1843
f 1844/1844/1844 1839/1839/1839 1842/1842/1842
f 1835/1835/1835 1839/1839/1839 1844/1844/1844
f 1845/1845/1845 1843/1843/1843 1829/1829/1829
f 1846/1846/1846 1845/1845/1845 1829/1829/1829
f 1829/1829/1829 1847/1847/1847 1846/1846/1846
f 1848/1848/1848 1835/1835/1835 1844/1844/1844
f 1835/1835/1835 1848/1848/1848 1849/1849/1849
f 1835/1835/1835 1849/1849/1849 1850/1850/1850
f 1846/1846/1846 1847/1847/1847 1851/1851/1851
f 1850/1850/1850 1852/1852/1852 1835/1835/1835
f 1847/1847/1847 1853/1853/1853 1851/1851/1851
f 1851/1851/1851 1853/1853/1853 1854/1854/1854
f 1854/1854/1854 1855/1855/1855 1850/1850/1850
f 1855/1855/1855 1852/1852/1852 1850/1850/1850
f 1853/1853/1853 1855/1855/1855 1854/1854/1854
f 1855/1855/1855 1853/1853/1853 1856/1856/1856
f 1855/1855/1855 1856/1856/1856 1857/1857/1857
f 1852/1852/1852 1855/1855/1855 1857/1857/1857
f 1853/1853/1853 1858/1858/1858 1856/1856/1856
f 1853/1853/1853 1847/1847/1847 1858/1858/1858
f 1852/1852/1852 1857/1857/1857 1859/1859/1859
f 1852/1852/1852 1859/1859/1859 1860/1860/1860
f 1847/1847/1847 1861/1861/1861 1858/1858/1858
f 1862/1862/1862 1861/1861/1861 1847/1847/1847
f 1860/1860/1860 1863/1863/1863 1852/1852/1852
f 1864/1864/1864 1862/1862/1862 1847/1847/1847
f 1863/1863/1863 1860/1860/1860 1865/1865/1865
f 1847/1847/1847 1866/1866/1866 1864/1864/1864
f 1867/1867/1867 1863/1863/1863 1865/1865/1865
f 1867/1867/1867 1865/1865/1865 1868/1868/1868
f 1869/1869/1869 1868/1868/1868 1864/1864/1864
f 1866/1866/1866 1869/1869/1869 1864/1864/1864
f 1869/1869/1869 1867/1867/1867 1868/1868/1868
f 1863/1863/1863 1867/1867/1867 1870/1870/1870
f 1863/1863/1863 1870/1870/1870 1871/1871/1871
f 1867/1867/1867 1872/1872/1872 1870/1870/1870
f 1867/1867/1867 1869/1869/1869 1872/1872/1872
f 1869/1869/1869 1873/1873/1873 1872/1872/1872
f 1869/1869/1869 1866/1866/1866 1873/1873/1873
f 1871/1871/1871 1874/1874/1874 1863/1863/1863
f 1866/1866/1866 1875/1875/1875 1873/1873/1873
f 1866/1866/1866 1876/1876/1876 1875/1875/1875
f 1871/1871/1871 1877/1877/1877 1874/1874/1874
f 1878/1878/1878 1876/1876/1876 1866/1866/1866
f 1874/1874/1874 1877/1877/1877 1879/1879/1879
f 1866/1866/1866 1880/1880/1880 1878/1878/1878
f 1881/1881/1881 1874/1874/1874 1879/1879/1879
f 1881/1881/1881 1879/1879/1879 1882/1882/1882
f 1874/1874/1874 1881/1881/1881 1883/1883/1883
f 1884/1884/1884 1882/1882/1882 1878/1878/1878
f 1880/1880/1880 1884/1884/1884 1878/1878/1878
f 1884/1884/1884 1881/1881/1881 1882/1882/1882
f 1809/1809/1809 1884/1884/1884 1880/1880/1880
f 1881/1881/1881 1884/1884/1884 1809/1809/1809
f 1883/1883/1883 1881/1881/1881 1809/1809/1809
f 1804/1804/1804 1883/1883/1883 1809/1809/1809
f 1887/1887/1887 1886/1886/1886 1885/1885/1885
f 1886/1886/1886 1888/1888/1888 1885/1885/1885
f 1889/1889/1889 1887/1887/1887 1885/1885/1885
f 1890/1890/1890 1887/1887/1887 1889/1889/1889
f 1888/1888/1888 1891/1891/1891 1885/1885/1885
f 1888/1888/1888 1892/1892/1892 1891/1891/1891
f 1893/1893/1893 1890/1890/1890 1889/1889/1889
f 1894/1894/1894 1890/1890/1890 1893/1893/1893
f 1895/1895/1895 1894/1894/1894 1893/1893/1893
f 1896/1896/1896 1894/1894/1894 1895/1895/1895
f 1897/1897/1897 1893/1893/1893 1889/1889/1889
f 1895/1895/1895 1893/1893/1893 1897/1897/1897
f 1898/1898/1898 1897/1897/1897 1889/1889/1889
f 1898/1898/1898 1889/1889/1889 1885/1885/1885
f 1899/1899/1899 1898/1898/1898 1885/1885/1885
f 1900/1900/1900 1899/1899/1899 1885/1885/1885
f 1891/1891/1891 1900/1900/1900 1885/1885/1885
f 1901/1901/1901 1895/1895/1895 1897/1897/1897
f 1902/1902/1902 1900/1900/1900 1891/1891/1891
f 1892/1892/1892 1903/1903/1903 1891/1891/1891
f 1903/1903/1903 1902/1902/1902 1891/1891/1891
f 1892/1892/1892 1904/1904/1904 1903/1903/1903
f 1905/1905/1905 1896/1896/1896 1895/1895/1895
f 1895/1895/1895 1901/1901/1901 1905/1905/1905
f 1906/1906/1906 1896/1896/1896 1905/1905/1905
f 1901/1901/1901 1907/1907/1907 1905/1905/1905
f 1903/1903/1903 1908/1908/1908 1902/1902/1902
f 1904/1904/1904 1908/1908/1908 1903/1903/1903
f 1908/1908/1908 1909/1909/1909 1902/1902/1902
f 1904/1904/1904 1910/1910/1910 1908/1908/1908
f 1911/1911/1911 1906/1906/1906 1905/1905/1905
f 1905/1905/1905 1907/1907/1907 1911/1911/1911
f 1912/1912/1912 1906/1906/1906 1911/1911/1911
f 1907/1907/1907 1913/1913/1913 1911/1911/1911
f 1909/1909/1909 1908/1908/1908 1914/1914/1914
f 1910/1910/1910 1914/1914/1914 1908/1908/1908
f 1915/1915/1915 1909/1909/1909 1914/1914/1914
f 1910/1910/1910 1916/1916/1916 1914/1914/1914
f 1917/1917/1917 1912/1912/1912 1911/1911/1911
f 1917/1917/1917 1911/1911/1911 1913/1913/1913
f 1918/1918/1918 1917/1917/1917 1913/1913/1913
f 1919/1919/1919 1912/1912/1912 1917/1917/1917
f 1918/1918/1918 1920/1920/1920 1917/1917/1917
f 1915/1915/1915 1914/1914/1914 1921/1921/1921
f 1916/1916/1916 1921/1921/1921 1914/1914/1914
f 1922/1922/1922 1915/1915/1915 1921/1921/1921
f 1916/1916/1916 1923/1923/1923 1921/1921/1921
f 1924/1924/1924 1919/1919/1919 1917/1917/1917
f 1920/1920/1920 1924/1924/1924 1917/1917/1917
f 1925/1925/1925 1919/1919/1919 1924/1924/1924
f 1920/1920/1920 1926/1926/1926 1924/1924/1924
f 1921/1921/1921 1927/1927/1927 1922/1922/1922
f 1923/1923/1923 1927/1927/1927 1921/1921/1921
f 1927/1927/1927 1928/1928/1928 1922/1922/1922
f 1923/1923/1923 1929/1929/1929 1927/1927/1927
f 1930/1930/1930 1928/1928/1928 1927/1927/1927
f 1931/1931/1931 1925/1925/1925 1924/1924/1924
f 1926/1926/1926 1931/1931/1931 1924/1924/1924
f 1932/1932/1932 1925/1925/1925 1931/1931/1931
f 1931/1931/1931 1926/1926/1926 1933/1933/1933
f 1929/1929/1929 1934/1934/1934 1927/1927/1927
f 1934/1934/1934 1930/1930/1930 1927/1927/1927
f 1929/1929/1929 1935/1935/1935 1934/1934/1934
f 1936/1936/1936 1930/1930/1930 1934/1934/1934
f 1937/1937/1937 1932/1932/1932 1931/1931/1931
f 1937/1937/1937 1931/1931/1931 1933/1933/1933
f 1938/1938/1938 1932/1932/1932 1937/1937/1937
f 1935/1935/1935 1939/1939/1939 1934/1934/1934
f 1939/1939/1939 1936/1936/1936 1934/1934/1934
f 1935/1935/1935 1940/1940/1940 1939/1939/1939
f 1936/1936/1936 1939/1939/1939 1941/1941/1941
f 1937/1937/1937 1933/1933/1933 1942/1942/1942
f 1942/1942/1942 1938/1938/1938 1937/1937/1937
f 1933/1933/1933 1943/1943/1943 1942/1942/1942
f 1944/1944/1944 1938/1938/1938 1942/1942/1942
f 1943/1943/1943 1945/1945/1945 1942/1942/1942
f 1940/1940/1940 1946/1946/1946 1939/1939/1939
f 1939/1939/1939 1946/1946/1946 1941/1941/1941
f 1940/1940/1940 1947/1947/1947 1946/1946/1946
f 1941/1941/1941 1946/1946/1946 1948/1948/1948
f 1947/1947/1947 1948/1948/1948 1946/1946/1946
f 1947/1947/1947 1944/1944/1944 1948/1948/1948
f 1949/1949/1949 1941/1941/1941 1948/1948/1948
f 1945/1945/1945 1949/1949/1949 1948/1948/1948
f 1950/1950/1950 1944/1944/1944 1942/1942/1942
f 1944/1944/1944 1950/1950/1950 1948/1948/1948
f 1945/1945/1945 1950/1950/1950 1942/1942/1942
f 1950/1950/1950 1945/1945/1945 1948/1948/1948
f 1953/1953/1953 1952/1952/1952 1951/1951/1951
f 1953/1953/1953 1954/1954/1954 1952/1952/1952
f 1952/1952/1952 1955/1955/1955 1951/1951/1951
f 1951/1951/1951 1955/1955/1955 1956/1956/1956
f 1954/1954/1954 1957/1957/1957 1952/1952/1952
f 1957/1957/1957 1954/1954/1954 1958/1958/1958
f 1959/1959/1959 1957/1957/1957 1958/1958/1958
f 1959/1959/1959 1958/1958/1958 1960/1960/1960
f 1957/1957/1957 1961/1961/1961 1952/1952/1952
f 1961/1961/1961 1962/1962/1962 1952/1952/1952
f 1952/1952/1952 1962/1962/1962 1955/1955/1955
f 1963/1963/1963 1961/1961/1961 1957/1957/1957
f 1959/1959/1959 1963/1963/1963 1957/1957/1957
f 1962/1962/1962 1964/1964/1964 1955/1955/1955
f 1965/1965/1965 1963/1963/1963 1959/1959/1959
f 1955/1955/1955 1964/1964/1964 1966/1966/1966
f 1955/1955/1955 1966/1966/1966 1956/1956/1956
f 1964/1964/1964 1967/1967/1967 1966/1966/1966
f 1967/1967/1967 1968/1968/1968 1966/1966/1966
f 1969/1969/1969 1965/1965/1965 1959/1959/1959
f 1969/1969/1969 1959/1959/1959 1960/1960/1960
f 1970/1970/1970 1965/1965/1965 1969/1969/1969
f 1966/1966/1966 1971/1971/1971 1956/1956/1956
f 1968/1968/1968 1971/1971/1971 1966/1966/1966
f 1971/1971/1971 1972/1972/1972 1956/1956/1956
f 1968/1968/1968 1973/1973/1973 1971/1971/1971
f 1969/1969/1969 1960/1960/1960 1974/1974/1974
f 1974/1974/1974 1970/1970/1970 1969/1969/1969
f 1960/1960/1960 1975/1975/1975 1974/1974/1974
f 1976/1976/1976 1970/1970/1970 1974/1974/1974
f 1971/1971/1971 1977/1977/1977 1972/1972/1972
f 1973/1973/1973 1977/1977/1977 1971/1971/1971
f 1977/1977/1977 1978/1978/1978 1972/1972/1972
f 1973/1973/1973 1979/1979/1979 1977/1977/1977
f 1980/1980/1980 1978/1978/1978 1977/1977/1977
f 1981/1981/1981 1974/1974/1974 1975/1975/1975
f 1981/1981/1981 1976/1976/1976 1974/1974/1974
f 1982/1982/1982 1981/1981/1981 1975/1975/1975
f 1983/1983/1983 1976/1976/1976 1981/1981/1981
f 1979/1979/1979 1984/1984/1984 1977/1977/1977
f 1984/1984/1984 1980/1980/1980 1977/1977/1977
f 1979/1979/1979 1985/1985/1985 1984/1984/1984
f 1980/1980/1980 1984/1984/1984 1986/1986/1986
f 1987/1987/1987 1981/1981/1981 1982/1982/1982
f 1987/1987/1987 1983/1983/1983 1981/1981/1981
f 1988/1988/1988 1987/1987/1987 1982/1982/1982
f 1989/1989/1989 1983/1983/1983 1987/1987/1987
f 1985/1985/1985 1990/1990/1990 1984/1984/1984
f 1984/1984/1984 1990/1990/1990 1986/1986/1986
f 1985/1985/1985 1991/1991/1991 1990/1990/1990
f 1986/1986/1986 1990/1990/1990 1992/1992/1992
f 1987/1987/1987 1988/1988/1988 1993/1993/1993
f 1993/1993/1993 1989/1989/1989 1987/1987/1987
f 1988/1988/1988 1994/1994/1994 1993/1993/1993
f 1995/1995/1995 1989/1989/1989 1993/1993/1993
f 1993/1993/1993 1994/1994/1994 1996/1996/1996
f 1991/1991/1991 1997/1997/1997 1990/1990/1990
f 1990/1990/1990 1997/1997/1997 1992/1992/1992
f 1991/1991/1991 1998/1998/1998 1997/1997/1997
f 1999/1999/1999 1995/1995/1995 1993/1993/1993
f 1999/1999/1999 1993/1993/1993 1996/1996/1996
f 2000/2000/2000 1995/1995/1995 1999/1999/1999
f 1999/1999/1999 1996/1996/1996 2001/2001/2001
f 2002/2002/2002 2000/2000/2000 1999/1999/1999
f 2002/2002/2002 1999/1999/1999 2001/2001/2001
f 1992/1992/1992 1997/1997/1997 2003/2003/2003
f 1998/1998/1998 2003/2003/2003 1997/1997/1997
f 2004/2004/2004 1992/1992/1992 2003/2003/2003
f 1998/1998/1998 2005/2005/2005 2003/2003/2003
f 2003/2003/2003 2006/2006/2006 2004/2004/2004
f 2005/2005/2005 2006/2006/2006 2003/2003/2003
f 2006/2006/2006 2007/2007/2007 2004/2004/2004
f 2005/2005/2005 2008/2008/2008 2006/2006/2006
f 2006/2006/2006 2009/2009/2009 2007/2007/2007
f 2008/2008/2008 2009/2009/2009 2006/2006/2006
f 2009/2009/2009 2010/2010/2010 2007/2007/2007
f 2008/2008/2008 2011/2011/2011 2009/2009/2009
f 2010/2010/2010 2009/2009/2009 2012/2012/2012
f 2011/2011/2011 2012/2012/2012 2009/2009/2009
f 2013/2013/2013 2010/2010/2010 2012/2012/2012
f 2011/2011/2011 2014/2014/2014 2012/2012/2012
f 2013/2013/2013 2012/2012/2012 2015/2015/2015
f 2014/2014/2014 2016/2016/2016 2012/2012/2012
f 2012/2012/2012 2016/2016/2016 2015/2015/2015
f 2014/2014/2014 2017/2017/2017 2016/2016/2016
f 2015/2015/2015 2016/2016/2016 2018/2018/2018
f 2017/2017/2017 2019/2019/2019 2016/2016/2016
f 2016/2016/2016 2019/2019/2019 2018/2018/2018
f 2022/2022/2022 2021/2021/2021 2020/2020/2020
f 2020/2020/2020 2021/2021/2021 2023/2023/2023
f 2024/2024/2024 2022/2022/2022 2020/2020/2020
f 2025/2025/2025 2020/2020/2020 2023/2023/2023
f 2024/2024/2024 2026/2026/2026 2022/2022/2022
f 2026/2026/2026 2027/2027/2027 2022/2022/2022
f 2025/2025/2025 2023/2023/2023 2028/2028/2028
f 2029/2029/2029 2025/2025/2025 2028/2028/2028
f 2030/2030/2030 2027/2027/2027 2026/2026/2026
f 2031/2031/2031 2030/2030/2030 2026/2026/2026
f 2031/2031/2031 2032/2032/2032 2030/2030/2030
f 2032/2032/2032 2033/2033/2033 2030/2030/2030
f 2029/2029/2029 2028/2028/2028 2034/2034/2034
f 2028/2028/2028 2035/2035/2035 2034/2034/2034
f 2032/2032/2032 2036/2036/2036 2033/2033/2033
f 2036/2036/2036 2037/2037/2037 2033/2033/2033
f 2034/2034/2034 2035/2035/2035 2038/2038/2038
f 2038/2038/2038 2037/2037/2037 2036/2036/2036
f 2039/2039/2039 2034/2034/2034 2038/2038/2038
f 2039/2039/2039 2038/2038/2038 2036/2036/2036
f 2042/2042/2042 2041/2041/2041 2040/2040/2040
f 2043/2043/2043 2041/2041/2041 2042/2042/2042
f 2044/2044/2044 2042/2042/2042 2040/2040/2040
f 2045/2045/2045 2043/2043/2043 2042/2042/2042
f 2044/2044/2044 2040/2040/2040 2046/2046/2046
f 2047/2047/2047 2044/2044/2044 2046/2046/2046
f 2047/2047/2047 2046/2046/2046 2048/2048/2048
f 2049/2049/2049 2047/2047/2047 2048/2048/2048
f 2050/2050/2050 2043/2043/2043 2045/2045/2045
f 2051/2051/2051 2050/2050/2050 2045/2045/2045
f 2051/2051/2051 2052/2052/2052 2050/2050/2050
f 2052/2052/2052 2053/2053/2053 2050/2050/2050
f 2052/2052/2052 2054/2054/2054 2053/2053/2053
f 2054/2054/2054 2055/2055/2055 2053/2053/2053
f 2049/2049/2049 2048/2048/2048 2056/2056/2056
f 2057/2057/2057 2049/2049/2049 2056/2056/2056
f 2054/2054/2054 2058/2058/2058 2055/2055/2055
f 2057/2057/2057 2056/2056/2056 2058/2058/2058
f 2058/2058/2058 2059/2059/2059 2055/2055/2055
f 2056/2056/2056 2059/2059/2059 2058/2058/2058
f 2062/2062/2062 2061/2061/2061 2060/2060/2060
f 2063/2063/2063 2061/2061/2061 2062/2062/2062
f 2064/2064/2064 2063/2063/2063 2062/2062/2062
f 2065/2065/2065 2063/2063/2063 2064/2064/2064
f 2066/2066/2066 2065/2065/2065 2064/2064/2064
f 2067/2067/2067 2065/2065/2065 2066/2066/2066
f 2068/2068/2068 2062/2062/2062 2060/2060/2060
f 2068/2068/2068 2060/2060/2060 2069/2069/2069
f 2060/2060/2060 2070/2070/2070 2069/2069/2069
f 2069/2069/2069 2070/2070/2070 2071/2071/2071
f 2070/2070/2070 2072/2072/2072 2071/2071/2071
f 2071/2071/2071 2072/2072/2072 2073/2073/2073
f 2072/2072/2072 2074/2074/2074 2073/2073/2073
f 2074/2074/2074 2075/2075/2075 2073/2073/2073
f 2075/2075/2075 2076/2076/2076 2073/2073/2073
f 2075/2075/2075 2077/2077/2077 2076/2076/2076
f 2071/2071/2071 2073/2073/2073 2078/2078/2078
f 2073/2073/2073 2076/2076/2076 2078/2078/2078
f 2069/2069/2069 2071/2071/2071 2079/2079/2079
f 2079/2079/2079 2071/2071/2071 2078/2078/2078
f 2068/2068/2068 2069/2069/2069 2080/2080/2080
f 2080/2080/2080 2069/2069/2069 2079/2079/2079
f 2062/2062/2062 2068/2068/2068 2081/2081/2081
f 2081/2081/2081 2068/2068/2068 2080/2080/2080
f 2077/2077/2077 2082/2082/2082 2076/2076/2076
f 2077/2077/2077 2083/2083/2083 2082/2082/2082
f 2076/2076/2076 2084/2084/2084 2078/2078/2078
f 2076/2076/2076 2082/2082/2082 2084/2084/2084
f 2079/2079/2079 2078/2078/2078 2085/2085/2085
f 2078/2078/2078 2084/2084/2084 2085/2085/2085
f 2086/2086/2086 2079/2079/2079 2085/2085/2085
f 2080/2080/2080 2079/2079/2079 2086/2086/2086
f 2087/2087/2087 2080/2080/2080 2086/2086/2086
f 2081/2081/2081 2080/2080/2080 2087/2087/2087
f 2084/2084/2084 2088/2088/2088 2085/2085/2085
f 2089/2089/2089 2081/2081/2081 2087/2087/2087
f 2090/2090/2090 2062/2062/2062 2081/2081/2081
f 2090/2090/2090 2081/2081/2081 2089/2089/2089
f 2064/2064/2064 2062/2062/2062 2090/2090/2090
f 2091/2091/2091 2090/2090/2090 2089/2089/2089
f 2084/2084/2084 2092/2092/2092 2088/2088/2088
f 2092/2092/2092 2093/2093/2093 2088/2088/2088
f 2082/2082/2082 2092/2092/2092 2084/2084/2084
f 2094/2094/2094 2064/2064/2064 2090/2090/2090
f 2094/2094/2094 2090/2090/2090 2091/2091/2091
f 2095/2095/2095 2094/2094/2094 2091/2091/2091
f 2066/2066/2066 2064/2064/2064 2094/2094/2094
f 2096/2096/2096 2094/2094/2094 2095/2095/2095
f 2096/2096/2096 2066/2066/2066 2094/2094/2094
f 2097/2097/2097 2096/2096/2096 2095/2095/2095
f 2092/2092/2092 2098/2098/2098 2093/2093/2093
f 2098/2098/2098 2099/2099/2099 2093/2093/2093
f 2082/2082/2082 2100/2100/2100 2092/2092/2092
f 2100/2100/2100 2098/2098/2098 2092/2092/2092
f 2083/2083/2083 2100/2100/2100 2082/2082/2082
f 2083/2083/2083 2101/2101/2101 2100/2100/2100
f 2101/2101/2101 2102/2102/2102 2100/2100/2100
f 2100/2100/2100 2102/2102/2102 2098/2098/2098
f 2101/2101/2101 2103/2103/2103 2102/2102/2102
f 2098/2098/2098 2104/2104/2104 2099/2099/2099
f 2102/2102/2102 2104/2104/2104 2098/2098/2098
f 2104/2104/2104 2105/2105/2105 2099/2099/2099
f 2103/2103/2103 2106/2106/2106 2102/2102/2102
f 2102/2102/2102 2106/2106/2106 2104/2104/2104
f 2103/2103/2103 2107/2107/2107 2106/2106/2106
f 2104/2104/2104 2108/2108/2108 2105/2105/2105
f 2106/2106/2106 2108/2108/2108 2104/2104/2104
f 2108/2108/2108 2109/2109/2109 2105/2105/2105
f 2107/2107/2107 2110/2110/2110 2106/2106/2106
f 2106/2106/2106 2110/2110/2110 2108/2108/2108
f 2107/2107/2107 2111/2111/2111 2110/2110/2110
f 2108/2108/2108 2112/2112/2112 2109/2109/2109
f 2110/2110/2110 2112/2112/2112 2108/2108/2108
f 2112/2112/2112 2113/2113/2113 2109/2109/2109
f 2111/2111/2111 2114/2114/2114 2110/2110/2110
f 2110/2110/2110 2114/2114/2114 2112/2112/2112
f 2112/2112/2112 2115/2115/2115 2113/2113/2113
f 2114/2114/2114 2115/2115/2115 2112/2112/2112
f 2115/2115/2115 2116/2116/2116 2113/2113/2113
f 2116/2116/2116 2115/2115/2115 2117/2117/2117
f 2115/2115/2115 2118/2118/2118 2117/2117/2117
f 2115/2115/2115 2114/2114/2114 2118/2118/2118
f 2117/2117/2117 2118/2118/2118 2119/2119/2119
f 2114/2114/2114 2111/2111/2111 2120/2120/2120
f 2114/2114/2114 2120/2120/2120 2118/2118/2118
f 2111/2111/2111 2121/2121/2121 2120/2120/2120
f 2118/2118/2118 2122/2122/2122 2119/2119/2119
f 2118/2118/2118 2120/2120/2120 2122/2122/2122
f 2119/2119/2119 2122/2122/2122 2123/2123/2123
f 2120/2120/2120 2121/2121/2121 2124/2124/2124
f 2120/2120/2120 2124/2124/2124 2122/2122/2122
f 2121/2121/2121 2125/2125/2125 2124/2124/2124
f 2122/2122/2122 2126/2126/2126 2123/2123/2123
f 2122/2122/2122 2124/2124/2124 2126/2126/2126
f 2123/2123/2123 2126/2126/2126 2127/2127/2127
f 2124/2124/2124 2125/2125/2125 2128/2128/2128
f 2124/2124/2124 2128/2128/2128 2126/2126/2126
f 2125/2125/2125 2129/2129/2129 2128/2128/2128
f 2126/2126/2126 2130/2130/2130 2127/2127/2127
f 2126/2126/2126 2128/2128/2128 2130/2130/2130
f 2127/2127/2127 2130/2130/2130 2131/2131/2131
f 2128/2128/2128 2129/2129/2129 2132/2132/2132
f 2128/2128/2128 2132/2132/2132 2130/2130/2130
f 2129/2129/2129 2133/2133/2133 2132/2132/2132
f 2130/2130/2130 2134/2134/2134 2131/2131/2131
f 2130/2130/2130 2132/2132/2132 2134/2134/2134
f 2131/2131/2131 2134/2134/2134 2135/2135/2135
f 2132/2132/2132 2133/2133/2133 2136/2136/2136
f 2132/2132/2132 2136/2136/2136 2134/2134/2134
f 2133/2133/2133 2137/2137/2137 2136/2136/2136
f 2134/2134/2134 2138/2138/2138 2135/2135/2135
f 2134/2134/2134 2136/2136/2136 2138/2138/2138
f 2135/2135/2135 2138/2138/2138 2139/2139/2139
f 2136/2136/2136 2137/2137/2137 2140/2140/2140
f 2136/2136/2136 2140/2140/2140 2138/2138/2138
f 2137/2137/2137 2141/2141/2141 2140/2140/2140
f 2138/2138/2138 2142/2142/2142 2139/2139/2139
f 2138/2138/2138 2140/2140/2140 2142/2142/2142
f 2140/2140/2140 2141/2141/2141 2143/2143/2143
f 2140/2140/2140 2143/2143/2143 2142/2142/2142
f 2141/2141/2141 2144/2144/2144 2143/2143/2143
f 2144/2144/2144 2145/2145/2145 2143/2143/2143
f 2145/2145/2145 2146/2146/2146 2143/2143/2143
f 2143/2143/2143 2146/2146/2146 2142/2142/2142
f 2145/2145/2145 2147/2147/2147 2146/2146/2146
f 2142/2142/2142 2148/2148/2148 2139/2139/2139
f 2146/2146/2146 2148/2148/2148 2142/2142/2142
f 2148/2148/2148 2149/2149/2149 2139/2139/2139
f 2147/2147/2147 2150/2150/2150 2146/2146/2146
f 2146/2146/2146 2150/2150/2150 2148/2148/2148
f 2147/2147/2147 2151/2151/2151 2150/2150/2150
f 2148/2148/2148 2152/2152/2152 2149/2149/2149
f 2150/2150/2150 2152/2152/2152 2148/2148/2148
f 2152/2152/2152 2153/2153/2153 2149/2149/2149
f 2151/2151/2151 2154/2154/2154 2150/2150/2150
f 2150/2150/2150 2154/2154/2154 2152/2152/2152
f 2152/2152/2152 2155/2155/2155 2153/2153/2153
f 2154/2154/2154 2155/2155/2155 2152/2152/2152
f 2155/2155/2155 2156/2156/2156 2153/2153/2153
f 2157/2157/2157 2154/2154/2154 2151/2151/2151
f 2154/2154/2154 2157/2157/2157 2155/2155/2155
f 2158/2158/2158 2157/2157/2157 2151/2151/2151
f 2158/2158/2158 2159/2159/2159 2157/2157/2157
f 2155/2155/2155 2160/2160/2160 2156/2156/2156
f 2157/2157/2157 2160/2160/2160 2155/2155/2155
f 2160/2160/2160 2161/2161/2161 2156/2156/2156
f 2159/2159/2159 2162/2162/2162 2157/2157/2157
f 2157/2157/2157 2162/2162/2162 2160/2160/2160
f 2159/2159/2159 2163/2163/2163 2162/2162/2162
f 2160/2160/2160 2164/2164/2164 2161/2161/2161
f 2162/2162/2162 2164/2164/2164 2160/2160/2160
f 2164/2164/2164 2165/2165/2165 2161/2161/2161
f 2163/2163/2163 2166/2166/2166 2162/2162/2162
f 2162/2162/2162 2166/2166/2166 2164/2164/2164
f 2163/2163/2163 2067/2067/2067 2166/2166/2166
f 2164/2164/2164 2167/2167/2167 2165/2165/2165
f 2166/2166/2166 2167/2167/2167 2164/2164/2164
f 2167/2167/2167 2168/2168/2168 2165/2165/2165
f 2067/2067/2067 2169/2169/2169 2166/2166/2166
f 2166/2166/2166 2169/2169/2169 2167/2167/2167
f 2169/2169/2169 2067/2067/2067 2066/2066/2066
f 2169/2169/2169 2066/2066/2066 2096/2096/2096
f 2167/2167/2167 2170/2170/2170 2168/2168/2168
f 2169/2169/2169 2170/2170/2170 2167/2167/2167
f 2170/2170/2170 2169/2169/2169 2096/2096/2096
f 2170/2170/2170 2171/2171/2171 2168/2168/2168
f 2170/2170/2170 2096/2096/2096 2097/2097/2097
f 2171/2171/2171 2170/2170/2170 2097/2097/2097
f 2174/2174/2174 2173/2173/2173 2172/2172/2172
f 2175/2175/2175 2174/2174/2174 2172/2172/2172
f 2176/2176/2176 2174/2174/2174 2175/2175/2175
f 2177/2177/2177 2176/2176/2176 2175/2175/2175
f 2178/2178/2178 2176/2176/2176 2177/2177/2177
f 2179/2179/2179 2178/2178/2178 2177/2177/2177
f 2180/2180/2180 2178/2178/2178 2179/2179/2179
f 2181/2181/2181 2180/2180/2180 2179/2179/2179
f 2180/2180/2180 2181/2181/2181 2182/2182/2182
f 2181/2181/2181 2183/2183/2183 2182/2182/2182
f 2182/2182/2182 2183/2183/2183 2184/2184/2184
f 2183/2183/2183 2185/2185/2185 2184/2184/2184
f 2186/2186/2186 2184/2184/2184 2185/2185/2185
f 2187/2187/2187 2186/2186/2186 2185/2185/2185
f 2186/2186/2186 2187/2187/2187 2188/2188/2188
f 2187/2187/2187 2189/2189/2189 2188/2188/2188
f 2188/2188/2188 2189/2189/2189 2190/2190/2190
f 2189/2189/2189 2191/2191/2191 2190/2190/2190
f 2190/2190/2190 2191/2191/2191 2192/2192/2192
f 2191/2191/2191 2193/2193/2193 2192/2192/2192
f 2192/2192/2192 2193/2193/2193 2194/2194/2194
f 2193/2193/2193 2195/2195/2195 2194/2194/2194
f 2195/2195/2195 2196/2196/2196 2194/2194/2194
f 2196/2196/2196 2197/2197/2197 2194/2194/2194
f 2196/2196/2196 2198/2198/2198 2197/2197/2197
f 2198/2198/2198 2199/2199/2199 2197/2197/2197
f 2198/2198/2198 2200/2200/2200 2199/2199/2199
f 2200/2200/2200 2201/2201/2201 2199/2199/2199
f 2200/2200/2200 2202/2202/2202 2201/2201/2201
f 2202/2202/2202 2203/2203/2203 2201/2201/2201
f 2203/2203/2203 2202/2202/2202 2204/2204/2204
f 2205/2205/2205 2203/2203/2203 2204/2204/2204
f 2204/2204/2204 2206/2206/2206 2205/2205/2205
f 2206/2206/2206 2207/2207/2207 2205/2205/2205
f 2206/2206/2206 2208/2208/2208 2207/2207/2207
f 2208/2208/2208 2209/2209/2209 2207/2207/2207
f 2209/2209/2209 2208/2208/2208 2210/2210/2210
f 2211/2211/2211 2209/2209/2209 2210/2210/2210
f 2211/2211/2211 2210/2210/2210 2212/2212/2212
f 2213/2213/2213 2211/2211/2211 2212/2212/2212
f 2213/2213/2213 2212/2212/2212 2214/2214/2214
f 2215/2215/2215 2213/2213/2213 2214/2214/2214
f 2215/2215/2215 2214/2214/2214 2216/2216/2216
f 2173/2173/2173 2215/2215/2215 2216/2216/2216
f 2219/2219/2219 2218/2218/2218 2217/2217/2217
f 2220/2220/2220 2219/2219/2219 2217/2217/2217
f 2221/2221/2221 2219/2219/2219 2220/2220/2220
f 2217/2217/2217 2218/2218/2218 2222/2222/2222
f 2218/2218/2218 2223/2223/2223 2222/2222/2222
f 2224/2224/2224 2221/2221/2221 2220/2220/2220
f 2225/2225/2225 2221/2221/2221 2224/2224/2224
f 2222/2222/2222 2223/2223/2223 2226/2226/2226
f 2223/2223/2223 2227/2227/2227 2226/2226/2226
f 2227/2227/2227 2225/2225/2225 2228/2228/2228
f 2228/2228/2228 2225/2225/2225 2224/2224/2224
f 2226/2226/2226 2227/2227/2227 2228/2228/2228
f 2229/2229/2229 2220/2220/2220 2217/2217/2217
f 2230/2230/2230 2217/2217/2217 2222/2222/2222
f 2230/2230/2230 2229/2229/2229 2217/2217/2217
f 2231/2231/2231 2224/2224/2224 2220/2220/2220
f 2229/2229/2229 2231/2231/2231 2220/2220/2220
f 2231/2231/2231 2232/2232/2232 2224/2224/2224
f 2232/2232/2232 2228/2228/2228 2224/2224/2224
f 2232/2232/2232 2231/2231/2231 2229/2229/2229
f 2232/2232/2232 2233/2233/2233 2228/2228/2228
f 2229/2229/2229 2233/2233/2233 2232/2232/2232
f 2233/2233/2233 2226/2226/2226 2228/2228/2228
f 2229/2229/2229 2230/2230/2230 2233/2233/2233
f 2234/2234/2234 2222/2222/2222 2226/2226/2226
f 2233/2233/2233 2234/2234/2234 2226/2226/2226
f 2230/2230/2230 2234/2234/2234 2233/2233/2233
f 2234/2234/2234 2230/2230/2230 2222/2222/2222
f 2237/2237/2237 2236/2236/2236 2235/2235/2235
f 2238/2238/2238 2237/2237/2237 2235/2235/2235
f 2237/2237/2237 2239/2239/2239 2236/2236/2236
f 2238/2238/2238 2235/2235/2235 2240/2240/2240
f 2241/2241/2241 2238/2238/2238 2240/2240/2240
f 2239/2239/2239 2242/2242/2242 2236/2236/2236
f 2239/2239/2239 2243/2243/2243 2242/2242/2242
f 2241/2241/2241 2240/2240/2240 2244/2244/2244
f 2245/2245/2245 2241/2241/2241 2244/2244/2244
f 2243/2243/2243 2245/2245/2245 2246/2246/2246
f 2243/2243/2243 2246/2246/2246 2242/2242/2242
f 2245/2245/2245 2244/2244/2244 2246/2246/2246
f 2236/2236/2236 2247/2247/2247 2235/2235/2235
f 2235/2235/2235 2248/2248/2248 2240/2240/2240
f 2247/2247/2247 2248/2248/2248 2235/2235/2235
f 2242/2242/2242 2249/2249/2249 2236/2236/2236
f 2249/2249/2249 2247/2247/2247 2236/2236/2236
f 2250/2250/2250 2249/2249/2249 2242/2242/2242
f 2246/2246/2246 2250/2250/2250 2242/2242/2242
f 2247/2247/2247 2249/2249/2249 2250/2250/2250
f 2251/2251/2251 2250/2250/2250 2246/2246/2246
f 2250/2250/2250 2251/2251/2251 2247/2247/2247
f 2244/2244/2244 2251/2251/2251 2246/2246/2246
f 2251/2251/2251 2248/2248/2248 2247/2247/2247
f 2240/2240/2240 2252/2252/2252 2244/2244/2244
f 2248/2248/2248 2252/2252/2252 2240/2240/2240
f 2251/2251/2251 2252/2252/2252 2248/2248/2248
f 2252/2252/2252 2251/2251/2251 2244/2244/2244
f 2255/2255/2255 2254/2254/2254 2253/2253/2253
f 2256/2256/2256 2255/2255/2255 2253/2253/2253
f 2253/2253/2253 2254/2254/2254 2257/2257/2257
f 2258/2258/2258 2255/2255/2255 2256/2256/2256
f 2259/2259/2259 2258/2258/2258 2256/2256/2256
f 2254/2254/2254 2260/2260/2260 2257/2257/2257
f 2257/2257/2257 2260/2260/2260 2261/2261/2261
f 2262/2262/2262 2258/2258/2258 2259/2259/2259
f 2263/2263/2263 2262/2262/2262 2259/2259/2259
f 2260/2260/2260 2264/2264/2264 2261/2261/2261
f 2261/2261/2261 2264/2264/2264 2265/2265/2265
f 2266/2266/2266 2262/2262/2262 2263/2263/2263
f 2267/2267/2267 2266/2266/2266 2263/2263/2263
f 2264/2264/2264 2268/2268/2268 2265/2265/2265
f 2265/2265/2265 2268/2268/2268 2269/2269/2269
f 2270/2270/2270 2266/2266/2266 2267/2267/2267
f 2271/2271/2271 2270/2270/2270 2267/2267/2267
f 2268/2268/2268 2272/2272/2272 2269/2269/2269
f 2269/2269/2269 2272/2272/2272 2273/2273/2273
f 2274/2274/2274 2270/2270/2270 2271/2271/2271
f 2275/2275/2275 2274/2274/2274 2271/2271/2271
f 2273/2273/2273 2276/2276/2276 2275/2275/2275
f 2272/2272/2272 2276/2276/2276 2273/2273/2273
f 2276/2276/2276 2274/2274/2274 2275/2275/2275
f 2266/2266/2266 2277/2277/2277 2262/2262/2262
f 2266/2266/2266 2270/2270/2270 2278/2278/2278
f 2277/2277/2277 2266/2266/2266 2278/2278/2278
f 2274/2274/2274 2279/2279/2279 2270/2270/2270
f 2279/2279/2279 2278/2278/2278 2270/2270/2270
f 2274/2274/2274 2276/2276/2276 2280/2280/2280
f 2279/2279/2279 2274/2274/2274 2280/2280/2280
f 2280/2280/2280 2281/2281/2281 2279/2279/2279
f 2282/2282/2282 2280/2280/2280 2276/2276/2276
f 2272/2272/2272 2282/2282/2282 2276/2276/2276
f 2281/2281/2281 2280/2280/2280 2282/2282/2282
f 2279/2279/2279 2283/2283/2283 2278/2278/2278
f 2281/2281/2281 2283/2283/2283 2279/2279/2279
f 2282/2282/2282 2272/2272/2272 2284/2284/2284
f 2272/2272/2272 2268/2268/2268 2284/2284/2284
f 2277/2277/2277 2285/2285/2285 2262/2262/2262
f 2258/2258/2258 2262/2262/2262 2285/2285/2285
f 2278/2278/2278 2286/2286/2286 2277/2277/2277
f 2283/2283/2283 2286/2286/2286 2278/2278/2278
f 2287/2287/2287 2281/2281/2281 2282/2282/2282
f 2287/2287/2287 2282/2282/2282 2284/2284/2284
f 2288/2288/2288 2284/2284/2284 2268/2268/2268
f 2264/2264/2264 2288/2288/2288 2268/2268/2268
f 2277/2277/2277 2289/2289/2289 2285/2285/2285
f 2286/2286/2286 2289/2289/2289 2277/2277/2277
f 2290/2290/2290 2258/2258/2258 2285/2285/2285
f 2258/2258/2258 2290/2290/2290 2255/2255/2255
f 2289/2289/2289 2291/2291/2291 2285/2285/2285
f 2285/2285/2285 2291/2291/2291 2290/2290/2290
f 2292/2292/2292 2289/2289/2289 2286/2286/2286
f 2289/2289/2289 2292/2292/2292 2291/2291/2291
f 2290/2290/2290 2293/2293/2293 2255/2255/2255
f 2254/2254/2254 2255/2255/2255 2293/2293/2293
f 2291/2291/2291 2294/2294/2294 2290/2290/2290
f 2290/2290/2290 2294/2294/2294 2293/2293/2293
f 2295/2295/2295 2284/2284/2284 2288/2288/2288
f 2295/2295/2295 2287/2287/2287 2284/2284/2284
f 2296/2296/2296 2292/2292/2292 2286/2286/2286
f 2296/2296/2296 2286/2286/2286 2283/2283/2283
f 2292/2292/2292 2297/2297/2297 2291/2291/2291
f 2291/2291/2291 2297/2297/2297 2294/2294/2294
f 2298/2298/2298 2254/2254/2254 2293/2293/2293
f 2254/2254/2254 2298/2298/2298 2260/2260/2260
f 2299/2299/2299 2296/2296/2296 2283/2283/2283
f 2299/2299/2299 2283/2283/2283 2281/2281/2281
f 2300/2300/2300 2292/2292/2292 2296/2296/2296
f 2292/2292/2292 2300/2300/2300 2297/2297/2297
f 2298/2298/2298 2301/2301/2301 2260/2260/2260
f 2264/2264/2264 2260/2260/2260 2301/2301/2301
f 2288/2288/2288 2264/2264/2264 2301/2301/2301
f 2302/2302/2302 2288/2288/2288 2301/2301/2301
f 2302/2302/2302 2295/2295/2295 2288/2288/2288
f 2303/2303/2303 2301/2301/2301 2298/2298/2298
f 2303/2303/2303 2302/2302/2302 2301/2301/2301
f 2302/2302/2302 2304/2304/2304 2295/2295/2295
f 2304/2304/2304 2302/2302/2302 2303/2303/2303
f 2305/2305/2305 2303/2303/2303 2298/2298/2298
f 2305/2305/2305 2298/2298/2298 2293/2293/2293
f 2306/2306/2306 2296/2296/2296 2299/2299/2299
f 2306/2306/2306 2300/2300/2300 2296/2296/2296
f 2304/2304/2304 2307/2307/2307 2295/2295/2295
f 2295/2295/2295 2307/2307/2307 2287/2287/2287
f 2308/2308/2308 2304/2304/2304 2303/2303/2303
f 2308/2308/2308 2303/2303/2303 2305/2305/2305
f 2309/2309/2309 2305/2305/2305 2293/2293/2293
f 2294/2294/2294 2309/2309/2309 2293/2293/2293
f 2307/2307/2307 2310/2310/2310 2287/2287/2287
f 2287/2287/2287 2310/2310/2310 2281/2281/2281
f 2311/2311/2311 2299/2299/2299 2281/2281/2281
f 2310/2310/2310 2311/2311/2311 2281/2281/2281
f 2312/2312/2312 2299/2299/2299 2311/2311/2311
f 2312/2312/2312 2306/2306/2306 2299/2299/2299
f 2313/2313/2313 2306/2306/2306 2312/2312/2312
f 2310/2310/2310 2314/2314/2314 2311/2311/2311
f 2314/2314/2314 2312/2312/2312 2311/2311/2311
f 2315/2315/2315 2308/2308/2308 2305/2305/2305
f 2315/2315/2315 2305/2305/2305 2309/2309/2309
f 2294/2294/2294 2316/2316/2316 2309/2309/2309
f 2297/2297/2297 2316/2316/2316 2294/2294/2294
f 2313/2313/2313 2317/2317/2317 2306/2306/2306
f 2317/2317/2317 2300/2300/2300 2306/2306/2306
f 2300/2300/2300 2318/2318/2318 2297/2297/2297
f 2297/2297/2297 2318/2318/2318 2316/2316/2316
f 2300/2300/2300 2317/2317/2317 2318/2318/2318
f 2317/2317/2317 2319/2319/2319 2318/2318/2318
f 2316/2316/2316 2320/2320/2320 2309/2309/2309
f 2320/2320/2320 2315/2315/2315 2309/2309/2309
f 2318/2318/2318 2321/2321/2321 2316/2316/2316
f 2316/2316/2316 2321/2321/2321 2320/2320/2320
f 2318/2318/2318 2319/2319/2319 2321/2321/2321
f 2321/2321/2321 2322/2322/2322 2320/2320/2320
f 2322/2322/2322 2315/2315/2315 2320/2320/2320
f 2323/2323/2323 2317/2317/2317 2313/2313/2313
f 2317/2317/2317 2323/2323/2323 2319/2319/2319
f 2321/2321/2321 2324/2324/2324 2322/2322/2322
f 2319/2319/2319 2324/2324/2324 2321/2321/2321
f 2325/2325/2325 2315/2315/2315 2322/2322/2322
f 2324/2324/2324 2326/2326/2326 2322/2322/2322
f 2326/2326/2326 2325/2325/2325 2322/2322/2322
f 2325/2325/2325 2327/2327/2327 2315/2315/2315
f 2327/2327/2327 2308/2308/2308 2315/2315/2315
f 2327/2327/2327 2328/2328/2328 2308/2308/2308
f 2328/2328/2328 2304/2304/2304 2308/2308/2308
f 2304/2304/2304 2328/2328/2328 2307/2307/2307
f 2329/2329/2329 2327/2327/2327 2325/2325/2325
f 2330/2330/2330 2328/2328/2328 2327/2327/2327
f 2329/2329/2329 2330/2330/2330 2327/2327/2327
f 2328/2328/2328 2331/2331/2331 2307/2307/2307
f 2328/2328/2328 2330/2330/2330 2331/2331/2331
f 2331/2331/2331 2332/2332/2332 2307/2307/2307
f 2332/2332/2332 2310/2310/2310 2307/2307/2307
f 2332/2332/2332 2314/2314/2314 2310/2310/2310
f 2330/2330/2330 2333/2333/2333 2331/2331/2331
f 2331/2331/2331 2333/2333/2333 2332/2332/2332
f 2334/2334/2334 2325/2325/2325 2326/2326/2326
f 2334/2334/2334 2329/2329/2329 2325/2325/2325
f 2335/2335/2335 2330/2330/2330 2329/2329/2329
f 2330/2330/2330 2335/2335/2335 2333/2333/2333
f 2336/2336/2336 2329/2329/2329 2334/2334/2334
f 2336/2336/2336 2335/2335/2335 2329/2329/2329
f 2314/2314/2314 2332/2332/2332 2337/2337/2337
f 2333/2333/2333 2338/2338/2338 2332/2332/2332
f 2332/2332/2332 2338/2338/2338 2337/2337/2337
f 2335/2335/2335 2339/2339/2339 2333/2333/2333
f 2333/2333/2333 2339/2339/2339 2338/2338/2338
f 2340/2340/2340 2335/2335/2335 2336/2336/2336
f 2335/2335/2335 2340/2340/2340 2339/2339/2339
f 2337/2337/2337 2341/2341/2341 2314/2314/2314
f 2341/2341/2341 2312/2312/2312 2314/2314/2314
f 2341/2341/2341 2313/2313/2313 2312/2312/2312
f 2342/2342/2342 2336/2336/2336 2334/2334/2334
f 2343/2343/2343 2340/2340/2340 2336/2336/2336
f 2343/2343/2343 2336/2336/2336 2342/2342/2342
f 2342/2342/2342 2334/2334/2334 2344/2344/2344
f 2344/2344/2344 2334/2334/2334 2326/2326/2326
f 2345/2345/2345 2344/2344/2344 2326/2326/2326
f 2324/2324/2324 2345/2345/2345 2326/2326/2326
f 2346/2346/2346 2345/2345/2345 2324/2324/2324
f 2319/2319/2319 2346/2346/2346 2324/2324/2324
f 2345/2345/2345 2347/2347/2347 2344/2344/2344
f 2345/2345/2345 2346/2346/2346 2347/2347/2347
f 2348/2348/2348 2342/2342/2342 2344/2344/2344
f 2347/2347/2347 2348/2348/2348 2344/2344/2344
f 2349/2349/2349 2343/2343/2343 2342/2342/2342
f 2349/2349/2349 2342/2342/2342 2348/2348/2348
f 2350/2350/2350 2340/2340/2340 2343/2343/2343
f 2349/2349/2349 2350/2350/2350 2343/2343/2343
f 2351/2351/2351 2346/2346/2346 2319/2319/2319
f 2346/2346/2346 2352/2352/2352 2347/2347/2347
f 2346/2346/2346 2351/2351/2351 2352/2352/2352
f 2353/2353/2353 2351/2351/2351 2319/2319/2319
f 2323/2323/2323 2353/2353/2353 2319/2319/2319
f 2347/2347/2347 2354/2354/2354 2348/2348/2348
f 2355/2355/2355 2349/2349/2349 2348/2348/2348
f 2354/2354/2354 2355/2355/2355 2348/2348/2348
f 2355/2355/2355 2356/2356/2356 2349/2349/2349
f 2356/2356/2356 2350/2350/2350 2349/2349/2349
f 2352/2352/2352 2357/2357/2357 2347/2347/2347
f 2357/2357/2357 2354/2354/2354 2347/2347/2347
f 2354/2354/2354 2358/2358/2358 2355/2355/2355
f 2358/2358/2358 2356/2356/2356 2355/2355/2355
f 2357/2357/2357 2359/2359/2359 2354/2354/2354
f 2359/2359/2359 2358/2358/2358 2354/2354/2354
f 2360/2360/2360 2357/2357/2357 2352/2352/2352
f 2357/2357/2357 2360/2360/2360 2359/2359/2359
f 2351/2351/2351 2361/2361/2361 2352/2352/2352
f 2361/2361/2361 2360/2360/2360 2352/2352/2352
f 2323/2323/2323 2362/2362/2362 2353/2353/2353
f 2353/2353/2353 2363/2363/2363 2351/2351/2351
f 2362/2362/2362 2363/2363/2363 2353/2353/2353
f 2351/2351/2351 2364/2364/2364 2361/2361/2361
f 2363/2363/2363 2364/2364/2364 2351/2351/2351
f 2362/2362/2362 2323/2323/2323 2365/2365/2365
f 2365/2365/2365 2323/2323/2323 2313/2313/2313
f 2356/2356/2356 2358/2358/2358 2366/2366/2366
f 2358/2358/2358 2359/2359/2359 2367/2367/2367
f 2366/2366/2366 2358/2358/2358 2367/2367/2367
f 2360/2360/2360 2368/2368/2368 2359/2359/2359
f 2359/2359/2359 2368/2368/2368 2367/2367/2367
f 2369/2369/2369 2360/2360/2360 2361/2361/2361
f 2360/2360/2360 2369/2369/2369 2368/2368/2368
f 2364/2364/2364 2370/2370/2370 2361/2361/2361
f 2370/2370/2370 2369/2369/2369 2361/2361/2361
f 2371/2371/2371 2356/2356/2356 2366/2366/2366
f 2350/2350/2350 2356/2356/2356 2371/2371/2371
f 2372/2372/2372 2350/2350/2350 2371/2371/2371
f 2340/2340/2340 2350/2350/2350 2372/2372/2372
f 2371/2371/2371 2366/2366/2366 2373/2373/2373
f 2372/2372/2372 2371/2371/2371 2373/2373/2373
f 2374/2374/2374 2340/2340/2340 2372/2372/2372
f 2340/2340/2340 2374/2374/2374 2339/2339/2339
f 2374/2374/2374 2372/2372/2372 2375/2375/2375
f 2339/2339/2339 2374/2374/2374 2375/2375/2375
f 2375/2375/2375 2372/2372/2372 2373/2373/2373
f 2339/2339/2339 2375/2375/2375 2338/2338/2338
f 2338/2338/2338 2375/2375/2375 2376/2376/2376
f 2375/2375/2375 2373/2373/2373 2376/2376/2376
f 2338/2338/2338 2376/2376/2376 2337/2337/2337
f 2366/2366/2366 2377/2377/2377 2373/2373/2373
f 2373/2373/2373 2377/2377/2377 2376/2376/2376
f 2366/2366/2366 2367/2367/2367 2377/2377/2377
f 2376/2376/2376 2378/2378/2378 2337/2337/2337
f 2377/2377/2377 2378/2378/2378 2376/2376/2376
f 2378/2378/2378 2341/2341/2341 2337/2337/2337
f 2378/2378/2378 2379/2379/2379 2341/2341/2341
f 2379/2379/2379 2378/2378/2378 2377/2377/2377
f 2379/2379/2379 2313/2313/2313 2341/2341/2341
f 2367/2367/2367 2380/2380/2380 2377/2377/2377
f 2380/2380/2380 2379/2379/2379 2377/2377/2377
f 2379/2379/2379 2381/2381/2381 2313/2313/2313
f 2381/2381/2381 2379/2379/2379 2380/2380/2380
f 2381/2381/2381 2365/2365/2365 2313/2313/2313
f 2367/2367/2367 2382/2382/2382 2380/2380/2380
f 2368/2368/2368 2382/2382/2382 2367/2367/2367
f 2383/2383/2383 2365/2365/2365 2381/2381/2381
f 2383/2383/2383 2362/2362/2362 2365/2365/2365
f 2384/2384/2384 2381/2381/2381 2380/2380/2380
f 2382/2382/2382 2384/2384/2384 2380/2380/2380
f 2368/2368/2368 2385/2385/2385 2382/2382/2382
f 2369/2369/2369 2385/2385/2385 2368/2368/2368
f 2386/2386/2386 2362/2362/2362 2383/2383/2383
f 2362/2362/2362 2386/2386/2386 2363/2363/2363
f 2387/2387/2387 2383/2383/2383 2381/2381/2381
f 2387/2387/2387 2381/2381/2381 2384/2384/2384
f 2382/2382/2382 2388/2388/2388 2384/2384/2384
f 2385/2385/2385 2388/2388/2388 2382/2382/2382
f 2369/2369/2369 2389/2389/2389 2385/2385/2385
f 2389/2389/2389 2369/2369/2369 2370/2370/2370
f 2386/2386/2386 2390/2390/2390 2363/2363/2363
f 2363/2363/2363 2390/2390/2390 2364/2364/2364
f 2391/2391/2391 2386/2386/2386 2383/2383/2383
f 2391/2391/2391 2383/2383/2383 2387/2387/2387
f 2392/2392/2392 2387/2387/2387 2384/2384/2384
f 2388/2388/2388 2392/2392/2392 2384/2384/2384
f 2385/2385/2385 2393/2393/2393 2388/2388/2388
f 2389/2389/2389 2393/2393/2393 2385/2385/2385
f 2364/2364/2364 2394/2394/2394 2370/2370/2370
f 2390/2390/2390 2394/2394/2394 2364/2364/2364
f 2386/2386/2386 2395/2395/2395 2390/2390/2390
f 2395/2395/2395 2386/2386/2386 2391/2391/2391
f 2396/2396/2396 2391/2391/2391 2387/2387/2387
f 2396/2396/2396 2387/2387/2387 2392/2392/2392
f 2388/2388/2388 2397/2397/2397 2392/2392/2392
f 2393/2393/2393 2397/2397/2397 2388/2388/2388
f 2398/2398/2398 2389/2389/2389 2370/2370/2370
f 2394/2394/2394 2398/2398/2398 2370/2370/2370
f 2390/2390/2390 2399/2399/2399 2394/2394/2394
f 2395/2395/2395 2399/2399/2399 2390/2390/2390
f 2400/2400/2400 2395/2395/2395 2391/2391/2391
f 2400/2400/2400 2391/2391/2391 2396/2396/2396
f 2401/2401/2401 2396/2396/2396 2392/2392/2392
f 2397/2397/2397 2401/2401/2401 2392/2392/2392
f 2389/2389/2389 2402/2402/2402 2393/2393/2393
f 2389/2389/2389 2398/2398/2398 2402/2402/2402
f 2399/2399/2399 2403/2403/2403 2394/2394/2394
f 2394/2394/2394 2403/2403/2403 2398/2398/2398
f 2395/2395/2395 2404/2404/2404 2399/2399/2399
f 2404/2404/2404 2395/2395/2395 2400/2400/2400
f 2404/2404/2404 2403/2403/2403 2399/2399/2399
f 2405/2405/2405 2400/2400/2400 2396/2396/2396
f 2405/2405/2405 2404/2404/2404 2400/2400/2400
f 2405/2405/2405 2396/2396/2396 2401/2401/2401
f 2393/2393/2393 2406/2406/2406 2397/2397/2397
f 2402/2402/2402 2406/2406/2406 2393/2393/2393
f 2398/2398/2398 2407/2407/2407 2402/2402/2402
f 2403/2403/2403 2407/2407/2407 2398/2398/2398
f 2406/2406/2406 2402/2402/2402 2407/2407/2407
f 2404/2404/2404 2408/2408/2408 2403/2403/2403
f 2408/2408/2408 2407/2407/2407 2403/2403/2403
f 2408/2408/2408 2404/2404/2404 2405/2405/2405
f 2408/2408/2408 2406/2406/2406 2407/2407/2407
f 2409/2409/2409 2408/2408/2408 2405/2405/2405
f 2409/2409/2409 2405/2405/2405 2401/2401/2401
f 2406/2406/2406 2408/2408/2408 2409/2409/2409
f 2401/2401/2401 2397/2397/2397 2410/2410/2410
f 2409/2409/2409 2401/2401/2401 2410/2410/2410
f 2410/2410/2410 2406/2406/2406 2409/2409/2409
f 2406/2406/2406 2410/2410/2410 2397/2397/2397
f 2413/2413/2413 2412/2412/2412 2411/2411/2411
f 2414/2414/2414 2413/2413/2413 2411/2411/2411
f 2413/2413/2413 2414/2414/2414 2415/2415/2415
f 2416/2416/2416 2411/2411/2411 2412/2412/2412
f 2417/2417/2417 2416/2416/2416 2412/2412/2412
f 2416/2416/2416 2417/2417/2417 2418/2418/2418
f 2417/2417/2417 2419/2419/2419 2418/2418/2418
f 2414/2414/2414 2420/2420/2420 2415/2415/2415
f 2421/2421/2421 2415/2415/2415 2420/2420/2420
f 2422/2422/2422 2421/2421/2421 2420/2420/2420
f 2421/2421/2421 2422/2422/2422 2423/2423/2423
f 2424/2424/2424 2420/2420/2420 2414/2414/2414
f 2420/2420/2420 2424/2424/2424 2422/2422/2422
f 2422/2422/2422 2425/2425/2425 2423/2423/2423
f 2426/2426/2426 2423/2423/2423 2425/2425/2425
f 2427/2427/2427 2414/2414/2414 2411/2411/2411
f 2427/2427/2427 2424/2424/2424 2414/2414/2414
f 2428/2428/2428 2424/2424/2424 2427/2427/2427
f 2424/2424/2424 2429/2429/2429 2422/2422/2422
f 2422/2422/2422 2429/2429/2429 2425/2425/2425
f 2424/2424/2424 2428/2428/2428 2429/2429/2429
f 2418/2418/2418 2419/2419/2419 2430/2430/2430
f 2419/2419/2419 2431/2431/2431 2430/2430/2430
f 2426/2426/2426 2432/2432/2432 2431/2431/2431
f 2432/2432/2432 2426/2426/2426 2425/2425/2425
f 2432/2432/2432 2430/2430/2430 2431/2431/2431
f 2432/2432/2432 2425/2425/2425 2433/2433/2433
f 2432/2432/2432 2433/2433/2433 2430/2430/2430
f 2429/2429/2429 2434/2434/2434 2425/2425/2425
f 2425/2425/2425 2434/2434/2434 2433/2433/2433
f 2433/2433/2433 2435/2435/2435 2430/2430/2430
f 2418/2418/2418 2430/2430/2430 2435/2435/2435
f 2428/2428/2428 2436/2436/2436 2429/2429/2429
f 2429/2429/2429 2436/2436/2436 2434/2434/2434
f 2433/2433/2433 2434/2434/2434 2437/2437/2437
f 2433/2433/2433 2437/2437/2437 2435/2435/2435
f 2436/2436/2436 2438/2438/2438 2434/2434/2434
f 2434/2434/2434 2438/2438/2438 2437/2437/2437
f 2439/2439/2439 2418/2418/2418 2435/2435/2435
f 2437/2437/2437 2440/2440/2440 2435/2435/2435
f 2439/2439/2439 2435/2435/2435 2440/2440/2440
f 2437/2437/2437 2438/2438/2438 2441/2441/2441
f 2437/2437/2437 2441/2441/2441 2440/2440/2440
f 2436/2436/2436 2442/2442/2442 2438/2438/2438
f 2438/2438/2438 2442/2442/2442 2441/2441/2441
f 2443/2443/2443 2436/2436/2436 2428/2428/2428
f 2443/2443/2443 2442/2442/2442 2436/2436/2436
f 2439/2439/2439 2444/2444/2444 2418/2418/2418
f 2444/2444/2444 2416/2416/2416 2418/2418/2418
f 2411/2411/2411 2416/2416/2416 2444/2444/2444
f 2445/2445/2445 2411/2411/2411 2444/2444/2444
f 2445/2445/2445 2427/2427/2427 2411/2411/2411
f 2446/2446/2446 2444/2444/2444 2439/2439/2439
f 2445/2445/2445 2444/2444/2444 2446/2446/2446
f 2447/2447/2447 2439/2439/2439 2440/2440/2440
f 2447/2447/2447 2446/2446/2446 2439/2439/2439
f 2448/2448/2448 2440/2440/2440 2441/2441/2441
f 2440/2440/2440 2448/2448/2448 2447/2447/2447
f 2441/2441/2441 2442/2442/2442 2449/2449/2449
f 2449/2449/2449 2448/2448/2448 2441/2441/2441
f 2450/2450/2450 2427/2427/2427 2445/2445/2445
f 2450/2450/2450 2428/2428/2428 2427/2427/2427
f 2451/2451/2451 2445/2445/2445 2446/2446/2446
f 2451/2451/2451 2450/2450/2450 2445/2445/2445
f 2452/2452/2452 2446/2446/2446 2447/2447/2447
f 2451/2451/2451 2446/2446/2446 2452/2452/2452
f 2442/2442/2442 2453/2453/2453 2449/2449/2449
f 2442/2442/2442 2443/2443/2443 2453/2453/2453
f 2454/2454/2454 2450/2450/2450 2451/2451/2451
f 2454/2454/2454 2451/2451/2451 2452/2452/2452
f 2450/2450/2450 2455/2455/2455 2428/2428/2428
f 2454/2454/2454 2455/2455/2455 2450/2450/2450
f 2447/2447/2447 2456/2456/2456 2452/2452/2452
f 2448/2448/2448 2456/2456/2456 2447/2447/2447
f 2449/2449/2449 2457/2457/2457 2448/2448/2448
f 2449/2449/2449 2453/2453/2453 2457/2457/2457
f 2454/2454/2454 2452/2452/2452 2458/2458/2458
f 2456/2456/2456 2458/2458/2458 2452/2452/2452
f 2459/2459/2459 2458/2458/2458 2456/2456/2456
f 2460/2460/2460 2454/2454/2454 2458/2458/2458
f 2455/2455/2455 2454/2454/2454 2460/2460/2460
f 2460/2460/2460 2458/2458/2458 2459/2459/2459
f 2456/2456/2456 2448/2448/2448 2461/2461/2461
f 2457/2457/2457 2461/2461/2461 2448/2448/2448
f 2455/2455/2455 2462/2462/2462 2428/2428/2428
f 2462/2462/2462 2443/2443/2443 2428/2428/2428
f 2463/2463/2463 2462/2462/2462 2455/2455/2455
f 2462/2462/2462 2463/2463/2463 2443/2443/2443
f 2443/2443/2443 2464/2464/2464 2453/2453/2453
f 2463/2463/2463 2464/2464/2464 2443/2443/2443
f 2465/2465/2465 2455/2455/2455 2460/2460/2460
f 2465/2465/2465 2463/2463/2463 2455/2455/2455
f 2466/2466/2466 2465/2465/2465 2460/2460/2460
f 2466/2466/2466 2460/2460/2460 2459/2459/2459
f 2465/2465/2465 2467/2467/2467 2463/2463/2463
f 2466/2466/2466 2467/2467/2467 2465/2465/2465
f 2468/2468/2468 2456/2456/2456 2461/2461/2461
f 2468/2468/2468 2459/2459/2459 2456/2456/2456
f 2453/2453/2453 2469/2469/2469 2457/2457/2457
f 2464/2464/2464 2469/2469/2469 2453/2453/2453
f 2467/2467/2467 2470/2470/2470 2463/2463/2463
f 2463/2463/2463 2470/2470/2470 2464/2464/2464
f 2471/2471/2471 2466/2466/2466 2459/2459/2459
f 2471/2471/2471 2467/2467/2467 2466/2466/2466
f 2472/2472/2472 2467/2467/2467 2471/2471/2471
f 2473/2473/2473 2471/2471/2471 2459/2459/2459
f 2472/2472/2472 2471/2471/2471 2473/2473/2473
f 2474/2474/2474 2473/2473/2473 2459/2459/2459
f 2468/2468/2468 2474/2474/2474 2459/2459/2459
f 2475/2475/2475 2473/2473/2473 2474/2474/2474
f 2475/2475/2475 2472/2472/2472 2473/2473/2473
f 2468/2468/2468 2476/2476/2476 2474/2474/2474
f 2476/2476/2476 2475/2475/2475 2474/2474/2474
f 2467/2467/2467 2477/2477/2477 2470/2470/2470
f 2477/2477/2477 2467/2467/2467 2472/2472/2472
f 2478/2478/2478 2476/2476/2476 2468/2468/2468
f 2478/2478/2478 2468/2468/2468 2461/2461/2461
f 2461/2461/2461 2479/2479/2479 2478/2478/2478
f 2479/2479/2479 2480/2480/2480 2478/2478/2478
f 2475/2475/2475 2481/2481/2481 2472/2472/2472
f 2476/2476/2476 2481/2481/2481 2475/2475/2475
f 2478/2478/2478 2482/2482/2482 2476/2476/2476
f 2480/2480/2480 2482/2482/2482 2478/2478/2478
f 2483/2483/2483 2479/2479/2479 2461/2461/2461
f 2457/2457/2457 2483/2483/2483 2461/2461/2461
f 2457/2457/2457 2484/2484/2484 2483/2483/2483
f 2484/2484/2484 2457/2457/2457 2469/2469/2469
f 2485/2485/2485 2481/2481/2481 2476/2476/2476
f 2482/2482/2482 2485/2485/2485 2476/2476/2476
f 2486/2486/2486 2479/2479/2479 2483/2483/2483
f 2484/2484/2484 2486/2486/2486 2483/2483/2483
f 2472/2472/2472 2481/2481/2481 2487/2487/2487
f 2481/2481/2481 2485/2485/2485 2488/2488/2488
f 2488/2488/2488 2487/2487/2487 2481/2481/2481
f 2487/2487/2487 2489/2489/2489 2472/2472/2472
f 2489/2489/2489 2477/2477/2477 2472/2472/2472
f 2477/2477/2477 2489/2489/2489 2490/2490/2490
f 2477/2477/2477 2490/2490/2490 2470/2470/2470
f 2470/2470/2470 2490/2490/2490 2491/2491/2491
f 2489/2489/2489 2492/2492/2492 2490/2490/2490
f 2491/2491/2491 2490/2490/2490 2492/2492/2492
f 2493/2493/2493 2489/2489/2489 2487/2487/2487
f 2489/2489/2489 2493/2493/2493 2492/2492/2492
f 2494/2494/2494 2470/2470/2470 2491/2491/2491
f 2470/2470/2470 2494/2494/2494 2464/2464/2464
f 2464/2464/2464 2494/2494/2494 2495/2495/2495
f 2464/2464/2464 2495/2495/2495 2469/2469/2469
f 2496/2496/2496 2494/2494/2494 2491/2491/2491
f 2495/2495/2495 2494/2494/2494 2496/2496/2496
f 2469/2469/2469 2495/2495/2495 2497/2497/2497
f 2497/2497/2497 2484/2484/2484 2469/2469/2469
f 2498/2498/2498 2495/2495/2495 2496/2496/2496
f 2495/2495/2495 2498/2498/2498 2497/2497/2497
f 2497/2497/2497 2499/2499/2499 2484/2484/2484
f 2498/2498/2498 2499/2499/2499 2497/2497/2497
f 2499/2499/2499 2486/2486/2486 2484/2484/2484
f 2498/2498/2498 2496/2496/2496 2500/2500/2500
f 2496/2496/2496 2491/2491/2491 2500/2500/2500
f 2498/2498/2498 2501/2501/2501 2499/2499/2499
f 2501/2501/2501 2498/2498/2498 2500/2500/2500
f 2486/2486/2486 2499/2499/2499 2502/2502/2502
f 2501/2501/2501 2502/2502/2502 2499/2499/2499
f 2503/2503/2503 2486/2486/2486 2502/2502/2502
f 2486/2486/2486 2503/2503/2503 2479/2479/2479
f 2491/2491/2491 2504/2504/2504 2500/2500/2500
f 2500/2500/2500 2505/2505/2505 2501/2501/2501
f 2500/2500/2500 2504/2504/2504 2505/2505/2505
f 2491/2491/2491 2506/2506/2506 2504/2504/2504
f 2506/2506/2506 2491/2491/2491 2492/2492/2492
f 2501/2501/2501 2507/2507/2507 2502/2502/2502
f 2505/2505/2505 2507/2507/2507 2501/2501/2501
f 2504/2504/2504 2508/2508/2508 2505/2505/2505
f 2508/2508/2508 2504/2504/2504 2506/2506/2506
f 2508/2508/2508 2506/2506/2506 2509/2509/2509
f 2506/2506/2506 2492/2492/2492 2510/2510/2510
f 2506/2506/2506 2510/2510/2510 2509/2509/2509
f 2511/2511/2511 2505/2505/2505 2508/2508/2508
f 2507/2507/2507 2505/2505/2505 2511/2511/2511
f 2492/2492/2492 2512/2512/2512 2510/2510/2510
f 2493/2493/2493 2512/2512/2512 2492/2492/2492
f 2508/2508/2508 2509/2509/2509 2513/2513/2513
f 2513/2513/2513 2511/2511/2511 2508/2508/2508
f 2514/2514/2514 2511/2511/2511 2513/2513/2513
f 2515/2515/2515 2507/2507/2507 2511/2511/2511
f 2515/2515/2515 2511/2511/2511 2514/2514/2514
f 2507/2507/2507 2516/2516/2516 2502/2502/2502
f 2507/2507/2507 2515/2515/2515 2517/2517/2517
f 2516/2516/2516 2507/2507/2507 2517/2517/2517
f 2516/2516/2516 2518/2518/2518 2502/2502/2502
f 2518/2518/2518 2503/2503/2503 2502/2502/2502
f 2516/2516/2516 2517/2517/2517 2519/2519/2519
f 2518/2518/2518 2516/2516/2516 2519/2519/2519
f 2503/2503/2503 2518/2518/2518 2520/2520/2520
f 2503/2503/2503 2520/2520/2520 2479/2479/2479
f 2518/2518/2518 2519/2519/2519 2521/2521/2521
f 2518/2518/2518 2521/2521/2521 2520/2520/2520
f 2520/2520/2520 2522/2522/2522 2479/2479/2479
f 2479/2479/2479 2522/2522/2522 2480/2480/2480
f 2523/2523/2523 2522/2522/2522 2520/2520/2520
f 2521/2521/2521 2523/2523/2523 2520/2520/2520
f 2523/2523/2523 2480/2480/2480 2522/2522/2522
f 2524/2524/2524 2523/2523/2523 2521/2521/2521
f 2480/2480/2480 2523/2523/2523 2524/2524/2524
f 2517/2517/2517 2515/2515/2515 2525/2525/2525
f 2519/2519/2519 2517/2517/2517 2526/2526/2526
f 2517/2517/2517 2525/2525/2525 2526/2526/2526
f 2519/2519/2519 2527/2527/2527 2521/2521/2521
f 2519/2519/2519 2526/2526/2526 2527/2527/2527
f 2528/2528/2528 2524/2524/2524 2521/2521/2521
f 2527/2527/2527 2528/2528/2528 2521/2521/2521
f 2524/2524/2524 2529/2529/2529 2480/2480/2480
f 2524/2524/2524 2528/2528/2528 2529/2529/2529
f 2515/2515/2515 2530/2530/2530 2525/2525/2525
f 2530/2530/2530 2515/2515/2515 2514/2514/2514
f 2530/2530/2530 2531/2531/2531 2525/2525/2525
f 2530/2530/2530 2514/2514/2514 2531/2531/2531
f 2525/2525/2525 2532/2532/2532 2526/2526/2526
f 2531/2531/2531 2532/2532/2532 2525/2525/2525
f 2529/2529/2529 2533/2533/2533 2480/2480/2480
f 2480/2480/2480 2533/2533/2533 2482/2482/2482
f 2533/2533/2533 2534/2534/2534 2482/2482/2482
f 2482/2482/2482 2534/2534/2534 2485/2485/2485
f 2534/2534/2534 2535/2535/2535 2485/2485/2485
f 2485/2485/2485 2535/2535/2535 2488/2488/2488
f 2535/2535/2535 2536/2536/2536 2488/2488/2488
f 2488/2488/2488 2536/2536/2536 2487/2487/2487
f 2536/2536/2536 2537/2537/2537 2487/2487/2487
f 2537/2537/2537 2493/2493/2493 2487/2487/2487
f 2538/2538/2538 2493/2493/2493 2537/2537/2537
f 2493/2493/2493 2538/2538/2538 2512/2512/2512
f 2529/2529/2529 2539/2539/2539 2533/2533/2533
f 2533/2533/2533 2540/2540/2540 2534/2534/2534
f 2539/2539/2539 2540/2540/2540 2533/2533/2533
f 2534/2534/2534 2541/2541/2541 2535/2535/2535
f 2540/2540/2540 2541/2541/2541 2534/2534/2534
f 2535/2535/2535 2542/2542/2542 2536/2536/2536
f 2541/2541/2541 2542/2542/2542 2535/2535/2535
f 2536/2536/2536 2543/2543/2543 2537/2537/2537
f 2542/2542/2542 2543/2543/2543 2536/2536/2536
f 2543/2543/2543 2544/2544/2544 2537/2537/2537
f 2544/2544/2544 2538/2538/2538 2537/2537/2537
f 2543/2543/2543 2545/2545/2545 2544/2544/2544
f 2542/2542/2542 2545/2545/2545 2543/2543/2543
f 2529/2529/2529 2509/2509/2509 2539/2539/2539
f 2509/2509/2509 2529/2529/2529 2528/2528/2528
f 2544/2544/2544 2546/2546/2546 2538/2538/2538
f 2545/2545/2545 2546/2546/2546 2544/2544/2544
f 2513/2513/2513 2509/2509/2509 2528/2528/2528
f 2513/2513/2513 2528/2528/2528 2547/2547/2547
f 2547/2547/2547 2528/2528/2528 2527/2527/2527
f 2514/2514/2514 2513/2513/2513 2547/2547/2547
f 2509/2509/2509 2548/2548/2548 2539/2539/2539
f 2509/2509/2509 2510/2510/2510 2548/2548/2548
f 2549/2549/2549 2547/2547/2547 2527/2527/2527
f 2526/2526/2526 2549/2549/2549 2527/2527/2527
f 2526/2526/2526 2550/2550/2550 2549/2549/2549
f 2532/2532/2532 2550/2550/2550 2526/2526/2526
f 2549/2549/2549 2551/2551/2551 2547/2547/2547
f 2550/2550/2550 2551/2551/2551 2549/2549/2549
f 2514/2514/2514 2547/2547/2547 2552/2552/2552
f 2547/2547/2547 2551/2551/2551 2552/2552/2552
f 2510/2510/2510 2553/2553/2553 2548/2548/2548
f 2510/2510/2510 2512/2512/2512 2553/2553/2553
f 2554/2554/2554 2514/2514/2514 2552/2552/2552
f 2531/2531/2531 2514/2514/2514 2554/2554/2554
f 2531/2531/2531 2555/2555/2555 2532/2532/2532
f 2555/2555/2555 2531/2531/2531 2554/2554/2554
f 2532/2532/2532 2556/2556/2556 2550/2550/2550
f 2555/2555/2555 2556/2556/2556 2532/2532/2532
f 2550/2550/2550 2557/2557/2557 2551/2551/2551
f 2556/2556/2556 2557/2557/2557 2550/2550/2550
f 2512/2512/2512 2558/2558/2558 2553/2553/2553
f 2538/2538/2538 2558/2558/2558 2512/2512/2512
f 2538/2538/2538 2559/2559/2559 2558/2558/2558
f 2546/2546/2546 2559/2559/2559 2538/2538/2538
f 2558/2558/2558 2560/2560/2560 2553/2553/2553
f 2559/2559/2559 2560/2560/2560 2558/2558/2558
f 2557/2557/2557 2561/2561/2561 2551/2551/2551
f 2552/2552/2552 2551/2551/2551 2561/2561/2561
f 2560/2560/2560 2562/2562/2562 2553/2553/2553
f 2553/2553/2553 2562/2562/2562 2548/2548/2548
f 2562/2562/2562 2563/2563/2563 2548/2548/2548
f 2548/2548/2548 2563/2563/2563 2539/2539/2539
f 2563/2563/2563 2564/2564/2564 2539/2539/2539
f 2539/2539/2539 2564/2564/2564 2540/2540/2540
f 2540/2540/2540 2564/2564/2564 2565/2565/2565
f 2540/2540/2540 2565/2565/2565 2541/2541/2541
f 2565/2565/2565 2566/2566/2566 2541/2541/2541
f 2541/2541/2541 2566/2566/2566 2542/2542/2542
f 2565/2565/2565 2564/2564/2564 2567/2567/2567
f 2565/2565/2565 2567/2567/2567 2566/2566/2566
f 2566/2566/2566 2568/2568/2568 2542/2542/2542
f 2568/2568/2568 2545/2545/2545 2542/2542/2542
f 2567/2567/2567 2569/2569/2569 2566/2566/2566
f 2566/2566/2566 2569/2569/2569 2568/2568/2568
f 2570/2570/2570 2545/2545/2545 2568/2568/2568
f 2545/2545/2545 2570/2570/2570 2546/2546/2546
f 2569/2569/2569 2571/2571/2571 2568/2568/2568
f 2571/2571/2571 2570/2570/2570 2568/2568/2568
f 2570/2570/2570 2572/2572/2572 2546/2546/2546
f 2546/2546/2546 2572/2572/2572 2559/2559/2559
f 2573/2573/2573 2570/2570/2570 2571/2571/2571
f 2570/2570/2570 2573/2573/2573 2572/2572/2572
f 2572/2572/2572 2574/2574/2574 2559/2559/2559
f 2559/2559/2559 2574/2574/2574 2560/2560/2560
f 2572/2572/2572 2573/2573/2573 2575/2575/2575
f 2572/2572/2572 2575/2575/2575 2574/2574/2574
f 2574/2574/2574 2576/2576/2576 2560/2560/2560
f 2560/2560/2560 2576/2576/2576 2562/2562/2562
f 2575/2575/2575 2577/2577/2577 2574/2574/2574
f 2574/2574/2574 2577/2577/2577 2576/2576/2576
f 2576/2576/2576 2578/2578/2578 2562/2562/2562
f 2562/2562/2562 2578/2578/2578 2563/2563/2563
f 2577/2577/2577 2579/2579/2579 2576/2576/2576
f 2576/2576/2576 2579/2579/2579 2578/2578/2578
f 2578/2578/2578 2580/2580/2580 2563/2563/2563
f 2563/2563/2563 2580/2580/2580 2564/2564/2564
f 2579/2579/2579 2581/2581/2581 2578/2578/2578
f 2578/2578/2578 2581/2581/2581 2580/2580/2580
f 2580/2580/2580 2582/2582/2582 2564/2564/2564
f 2564/2564/2564 2582/2582/2582 2567/2567/2567
f 2567/2567/2567 2582/2582/2582 2583/2583/2583
f 2567/2567/2567 2583/2583/2583 2569/2569/2569
f 2580/2580/2580 2584/2584/2584 2582/2582/2582
f 2582/2582/2582 2584/2584/2584 2583/2583/2583
f 2583/2583/2583 2585/2585/2585 2569/2569/2569
f 2569/2569/2569 2585/2585/2585 2571/2571/2571
f 2581/2581/2581 2586/2586/2586 2580/2580/2580
f 2586/2586/2586 2584/2584/2584 2580/2580/2580
f 2583/2583/2583 2584/2584/2584 2587/2587/2587
f 2583/2583/2583 2587/2587/2587 2585/2585/2585
f 2585/2585/2585 2588/2588/2588 2571/2571/2571
f 2588/2588/2588 2573/2573/2573 2571/2571/2571
f 2584/2584/2584 2586/2586/2586 2589/2589/2589
f 2584/2584/2584 2589/2589/2589 2587/2587/2587
f 2585/2585/2585 2590/2590/2590 2588/2588/2588
f 2587/2587/2587 2590/2590/2590 2585/2585/2585
f 2591/2591/2591 2573/2573/2573 2588/2588/2588
f 2591/2591/2591 2575/2575/2575 2573/2573/2573
f 2590/2590/2590 2592/2592/2592 2588/2588/2588
f 2592/2592/2592 2591/2591/2591 2588/2588/2588
f 2581/2581/2581 2593/2593/2593 2586/2586/2586
f 2586/2586/2586 2594/2594/2594 2589/2589/2589
f 2593/2593/2593 2594/2594/2594 2586/2586/2586
f 2589/2589/2589 2595/2595/2595 2587/2587/2587
f 2594/2594/2594 2595/2595/2595 2589/2589/2589
f 2587/2587/2587 2596/2596/2596 2590/2590/2590
f 2595/2595/2595 2596/2596/2596 2587/2587/2587
f 2590/2590/2590 2597/2597/2597 2592/2592/2592
f 2596/2596/2596 2597/2597/2597 2590/2590/2590
f 2592/2592/2592 2598/2598/2598 2591/2591/2591
f 2597/2597/2597 2598/2598/2598 2592/2592/2592
f 2591/2591/2591 2599/2599/2599 2575/2575/2575
f 2598/2598/2598 2599/2599/2599 2591/2591/2591
f 2600/2600/2600 2593/2593/2593 2581/2581/2581
f 2579/2579/2579 2600/2600/2600 2581/2581/2581
f 2599/2599/2599 2601/2601/2601 2575/2575/2575
f 2575/2575/2575 2601/2601/2601 2577/2577/2577
f 2577/2577/2577 2602/2602/2602 2579/2579/2579
f 2602/2602/2602 2600/2600/2600 2579/2579/2579
f 2601/2601/2601 2602/2602/2602 2577/2577/2577
f 2602/2602/2602 2603/2603/2603 2600/2600/2600
f 2601/2601/2601 2603/2603/2603 2602/2602/2602
f 2600/2600/2600 2604/2604/2604 2593/2593/2593
f 2603/2603/2603 2604/2604/2604 2600/2600/2600
f 2604/2604/2604 2605/2605/2605 2593/2593/2593
f 2593/2593/2593 2605/2605/2605 2594/2594/2594
f 2597/2597/2597 2606/2606/2606 2598/2598/2598
f 2598/2598/2598 2607/2607/2607 2599/2599/2599
f 2606/2606/2606 2607/2607/2607 2598/2598/2598
f 2599/2599/2599 2608/2608/2608 2601/2601/2601
f 2607/2607/2607 2608/2608/2608 2599/2599/2599
f 2601/2601/2601 2609/2609/2609 2603/2603/2603
f 2608/2608/2608 2609/2609/2609 2601/2601/2601
f 2610/2610/2610 2608/2608/2608 2607/2607/2607
f 2609/2609/2609 2608/2608/2608 2610/2610/2610
f 2610/2610/2610 2607/2607/2607 2606/2606/2606
f 2609/2609/2609 2611/2611/2611 2603/2603/2603
f 2603/2603/2603 2611/2611/2611 2604/2604/2604
f 2611/2611/2611 2609/2609/2609 2610/2610/2610
f 2604/2604/2604 2612/2612/2612 2605/2605/2605
f 2611/2611/2611 2612/2612/2612 2604/2604/2604
f 2611/2611/2611 2610/2610/2610 2613/2613/2613
f 2612/2612/2612 2611/2611/2611 2613/2613/2613
f 2613/2613/2613 2610/2610/2610 2606/2606/2606
f 2612/2612/2612 2614/2614/2614 2605/2605/2605
f 2614/2614/2614 2612/2612/2612 2613/2613/2613
f 2605/2605/2605 2614/2614/2614 2594/2594/2594
f 2615/2615/2615 2613/2613/2613 2606/2606/2606
f 2615/2615/2615 2614/2614/2614 2613/2613/2613
f 2614/2614/2614 2616/2616/2616 2594/2594/2594
f 2594/2594/2594 2616/2616/2616 2595/2595/2595
f 2616/2616/2616 2614/2614/2614 2617/2617/2617
f 2616/2616/2616 2617/2617/2617 2595/2595/2595
f 2614/2614/2614 2615/2615/2615 2617/2617/2617
f 2595/2595/2595 2617/2617/2617 2596/2596/2596
f 2618/2618/2618 2615/2615/2615 2606/2606/2606
f 2617/2617/2617 2615/2615/2615 2618/2618/2618
f 2617/2617/2617 2618/2618/2618 2596/2596/2596
f 2618/2618/2618 2606/2606/2606 2597/2597/2597
f 2596/2596/2596 2618/2618/2618 2597/2597/2597
f 2557/2557/2557 2619/2619/2619 2561/2561/2561
f 2619/2619/2619 2620/2620/2620 2561/2561/2561
f 2561/2561/2561 2620/2620/2620 2552/2552/2552
f 2621/2621/2621 2619/2619/2619 2557/2557/2557
f 2556/2556/2556 2621/2621/2621 2557/2557/2557
f 2620/2620/2620 2622/2622/2622 2552/2552/2552
f 2552/2552/2552 2622/2622/2622 2554/2554/2554
f 2623/2623/2623 2621/2621/2621 2556/2556/2556
f 2555/2555/2555 2623/2623/2623 2556/2556/2556
f 2554/2554/2554 2624/2624/2624 2555/2555/2555
f 2622/2622/2622 2624/2624/2624 2554/2554/2554
f 2624/2624/2624 2623/2623/2623 2555/2555/2555
f 2621/2621/2621 2625/2625/2625 2619/2619/2619
f 2619/2619/2619 2626/2626/2626 2620/2620/2620
f 2625/2625/2625 2626/2626/2626 2619/2619/2619
f 2627/2627/2627 2625/2625/2625 2621/2621/2621
f 2623/2623/2623 2627/2627/2627 2621/2621/2621
f 2625/2625/2625 2627/2627/2627 2626/2626/2626
f 2626/2626/2626 2628/2628/2628 2620/2620/2620
f 2620/2620/2620 2628/2628/2628 2622/2622/2622
f 2627/2627/2627 2628/2628/2628 2626/2626/2626
f 2629/2629/2629 2627/2627/2627 2623/2623/2623
f 2624/2624/2624 2629/2629/2629 2623/2623/2623
f 2627/2627/2627 2629/2629/2629 2628/2628/2628
f 2628/2628/2628 2630/2630/2630 2622/2622/2622
f 2622/2622/2622 2630/2630/2630 2624/2624/2624
f 2630/2630/2630 2629/2629/2629 2624/2624/2624
f 2629/2629/2629 2630/2630/2630 2628/2628/2628
f 2633/2633/2633 2632/2632/2632 2631/2631/2631
f 2634/2634/2634 2633/2633/2633 2631/2631/2631
f 2634/2634/2634 2631/2631/2631 2635/2635/2635
f 2633/2633/2633 2636/2636/2636 2632/2632/2632
f 2636/2636/2636 2637/2637/2637 2632/2632/2632
f 2638/2638/2638 2634/2634/2634 2635/2635/2635
f 2638/2638/2638 2635/2635/2635 2639/2639/2639
f 2636/2636/2636 2640/2640/2640 2637/2637/2637
f 2640/2640/2640 2641/2641/2641 2637/2637/2637
f 2642/2642/2642 2638/2638/2638 2639/2639/2639
f 2642/2642/2642 2639/2639/2639 2643/2643/2643
f 2640/2640/2640 2644/2644/2644 2641/2641/2641
f 2644/2644/2644 2645/2645/2645 2641/2641/2641
f 2646/2646/2646 2642/2642/2642 2643/2643/2643
f 2646/2646/2646 2643/2643/2643 2647/2647/2647
f 2644/2644/2644 2648/2648/2648 2645/2645/2645
f 2648/2648/2648 2649/2649/2649 2645/2645/2645
f 2650/2650/2650 2646/2646/2646 2647/2647/2647
f 2650/2650/2650 2647/2647/2647 2651/2651/2651
f 2648/2648/2648 2652/2652/2652 2649/2649/2649
f 2652/2652/2652 2653/2653/2653 2649/2649/2649
f 2654/2654/2654 2651/2651/2651 2653/2653/2653
f 2654/2654/2654 2650/2650/2650 2651/2651/2651
f 2652/2652/2652 2654/2654/2654 2653/2653/2653
f 2655/2655/2655 2644/2644/2644 2640/2640/2640
f 2648/2648/2648 2644/2644/2644 2656/2656/2656
f 2644/2644/2644 2655/2655/2655 2656/2656/2656
f 2657/2657/2657 2652/2652/2652 2648/2648/2648
f 2656/2656/2656 2657/2657/2657 2648/2648/2648
f 2654/2654/2654 2652/2652/2652 2658/2658/2658
f 2652/2652/2652 2657/2657/2657 2658/2658/2658
f 2659/2659/2659 2658/2658/2658 2657/2657/2657
f 2658/2658/2658 2660/2660/2660 2654/2654/2654
f 2660/2660/2660 2650/2650/2650 2654/2654/2654
f 2658/2658/2658 2659/2659/2659 2660/2660/2660
f 2661/2661/2661 2657/2657/2657 2656/2656/2656
f 2661/2661/2661 2659/2659/2659 2657/2657/2657
f 2650/2650/2650 2660/2660/2660 2662/2662/2662
f 2646/2646/2646 2650/2650/2650 2662/2662/2662
f 2663/2663/2663 2655/2655/2655 2640/2640/2640
f 2640/2640/2640 2636/2636/2636 2663/2663/2663
f 2664/2664/2664 2656/2656/2656 2655/2655/2655
f 2664/2664/2664 2661/2661/2661 2656/2656/2656
f 2659/2659/2659 2665/2665/2665 2660/2660/2660
f 2660/2660/2660 2665/2665/2665 2662/2662/2662
f 2662/2662/2662 2666/2666/2666 2646/2646/2646
f 2666/2666/2666 2642/2642/2642 2646/2646/2646
f 2667/2667/2667 2655/2655/2655 2663/2663/2663
f 2667/2667/2667 2664/2664/2664 2655/2655/2655
f 2636/2636/2636 2668/2668/2668 2663/2663/2663
f 2668/2668/2668 2636/2636/2636 2633/2633/2633
f 2669/2669/2669 2667/2667/2667 2663/2663/2663
f 2669/2669/2669 2663/2663/2663 2668/2668/2668
f 2667/2667/2667 2670/2670/2670 2664/2664/2664
f 2670/2670/2670 2667/2667/2667 2669/2669/2669
f 2671/2671/2671 2668/2668/2668 2633/2633/2633
f 2633/2633/2633 2634/2634/2634 2671/2671/2671
f 2672/2672/2672 2669/2669/2669 2668/2668/2668
f 2672/2672/2672 2668/2668/2668 2671/2671/2671
f 2662/2662/2662 2673/2673/2673 2666/2666/2666
f 2665/2665/2665 2673/2673/2673 2662/2662/2662
f 2670/2670/2670 2674/2674/2674 2664/2664/2664
f 2664/2664/2664 2674/2674/2674 2661/2661/2661
f 2675/2675/2675 2670/2670/2670 2669/2669/2669
f 2675/2675/2675 2669/2669/2669 2672/2672/2672
f 2634/2634/2634 2676/2676/2676 2671/2671/2671
f 2676/2676/2676 2634/2634/2634 2638/2638/2638
f 2674/2674/2674 2677/2677/2677 2661/2661/2661
f 2661/2661/2661 2677/2677/2677 2659/2659/2659
f 2670/2670/2670 2678/2678/2678 2674/2674/2674
f 2678/2678/2678 2670/2670/2670 2675/2675/2675
f 2679/2679/2679 2676/2676/2676 2638/2638/2638
f 2638/2638/2638 2642/2642/2642 2679/2679/2679
f 2642/2642/2642 2666/2666/2666 2679/2679/2679
f 2666/2666/2666 2680/2680/2680 2679/2679/2679
f 2673/2673/2673 2680/2680/2680 2666/2666/2666
f 2679/2679/2679 2681/2681/2681 2676/2676/2676
f 2680/2680/2680 2681/2681/2681 2679/2679/2679
f 2682/2682/2682 2680/2680/2680 2673/2673/2673
f 2680/2680/2680 2682/2682/2682 2681/2681/2681
f 2681/2681/2681 2683/2683/2683 2676/2676/2676
f 2676/2676/2676 2683/2683/2683 2671/2671/2671
f 2678/2678/2678 2684/2684/2684 2674/2674/2674
f 2674/2674/2674 2684/2684/2684 2677/2677/2677
f 2685/2685/2685 2682/2682/2682 2673/2673/2673
f 2685/2685/2685 2673/2673/2673 2665/2665/2665
f 2682/2682/2682 2686/2686/2686 2681/2681/2681
f 2681/2681/2681 2686/2686/2686 2683/2683/2683
f 2683/2683/2683 2687/2687/2687 2671/2671/2671
f 2687/2687/2687 2672/2672/2672 2671/2671/2671
f 2688/2688/2688 2685/2685/2685 2665/2665/2665
f 2688/2688/2688 2665/2665/2665 2659/2659/2659
f 2677/2677/2677 2689/2689/2689 2659/2659/2659
f 2689/2689/2689 2688/2688/2688 2659/2659/2659
f 2677/2677/2677 2690/2690/2690 2689/2689/2689
f 2684/2684/2684 2690/2690/2690 2677/2677/2677
f 2684/2684/2684 2691/2691/2691 2690/2690/2690
f 2692/2692/2692 2688/2688/2688 2689/2689/2689
f 2690/2690/2690 2692/2692/2692 2689/2689/2689
f 2686/2686/2686 2693/2693/2693 2683/2683/2683
f 2683/2683/2683 2693/2693/2693 2687/2687/2687
f 2694/2694/2694 2672/2672/2672 2687/2687/2687
f 2694/2694/2694 2675/2675/2675 2672/2672/2672
f 2691/2691/2691 2695/2695/2695 2690/2690/2690
f 2690/2690/2690 2695/2695/2695 2692/2692/2692
f 2692/2692/2692 2696/2696/2696 2688/2688/2688
f 2688/2688/2688 2696/2696/2696 2685/2685/2685
f 2697/2697/2697 2691/2691/2691 2684/2684/2684
f 2678/2678/2678 2697/2697/2697 2684/2684/2684
f 2698/2698/2698 2678/2678/2678 2675/2675/2675
f 2698/2698/2698 2675/2675/2675 2694/2694/2694
f 2697/2697/2697 2678/2678/2678 2698/2698/2698
f 2699/2699/2699 2697/2697/2697 2698/2698/2698
f 2700/2700/2700 2694/2694/2694 2687/2687/2687
f 2693/2693/2693 2700/2700/2700 2687/2687/2687
f 2701/2701/2701 2698/2698/2698 2694/2694/2694
f 2701/2701/2701 2694/2694/2694 2700/2700/2700
f 2699/2699/2699 2698/2698/2698 2701/2701/2701
f 2702/2702/2702 2701/2701/2701 2700/2700/2700
f 2693/2693/2693 2702/2702/2702 2700/2700/2700
f 2697/2697/2697 2703/2703/2703 2691/2691/2691
f 2703/2703/2703 2697/2697/2697 2699/2699/2699
f 2704/2704/2704 2701/2701/2701 2702/2702/2702
f 2704/2704/2704 2699/2699/2699 2701/2701/2701
f 2693/2693/2693 2705/2705/2705 2702/2702/2702
f 2706/2706/2706 2704/2704/2704 2702/2702/2702
f 2705/2705/2705 2706/2706/2706 2702/2702/2702
f 2707/2707/2707 2705/2705/2705 2693/2693/2693
f 2686/2686/2686 2707/2707/2707 2693/2693/2693
f 2708/2708/2708 2707/2707/2707 2686/2686/2686
f 2682/2682/2682 2708/2708/2708 2686/2686/2686
f 2708/2708/2708 2682/2682/2682 2685/2685/2685
f 2709/2709/2709 2708/2708/2708 2685/2685/2685
f 2696/2696/2696 2709/2709/2709 2685/2685/2685
f 2708/2708/2708 2710/2710/2710 2707/2707/2707
f 2710/2710/2710 2708/2708/2708 2709/2709/2709
f 2707/2707/2707 2711/2711/2711 2705/2705/2705
f 2710/2710/2710 2711/2711/2711 2707/2707/2707
f 2712/2712/2712 2710/2710/2710 2709/2709/2709
f 2712/2712/2712 2709/2709/2709 2696/2696/2696
f 2705/2705/2705 2713/2713/2713 2706/2706/2706
f 2711/2711/2711 2713/2713/2713 2705/2705/2705
f 2710/2710/2710 2714/2714/2714 2711/2711/2711
f 2714/2714/2714 2710/2710/2710 2712/2712/2712
f 2711/2711/2711 2715/2715/2715 2713/2713/2713
f 2714/2714/2714 2715/2715/2715 2711/2711/2711
f 2716/2716/2716 2712/2712/2712 2696/2696/2696
f 2717/2717/2717 2714/2714/2714 2712/2712/2712
f 2717/2717/2717 2712/2712/2712 2716/2716/2716
f 2714/2714/2714 2718/2718/2718 2715/2715/2715
f 2718/2718/2718 2714/2714/2714 2717/2717/2717
f 2716/2716/2716 2696/2696/2696 2719/2719/2719
f 2696/2696/2696 2692/2692/2692 2719/2719/2719
f 2695/2695/2695 2719/2719/2719 2692/2692/2692
f 2713/2713/2713 2720/2720/2720 2706/2706/2706
f 2715/2715/2715 2721/2721/2721 2713/2713/2713
f 2713/2713/2713 2721/2721/2721 2720/2720/2720
f 2718/2718/2718 2722/2722/2722 2715/2715/2715
f 2715/2715/2715 2722/2722/2722 2721/2721/2721
f 2720/2720/2720 2723/2723/2723 2706/2706/2706
f 2723/2723/2723 2704/2704/2704 2706/2706/2706
f 2723/2723/2723 2724/2724/2724 2704/2704/2704
f 2724/2724/2724 2699/2699/2699 2704/2704/2704
f 2725/2725/2725 2723/2723/2723 2720/2720/2720
f 2724/2724/2724 2723/2723/2723 2725/2725/2725
f 2721/2721/2721 2726/2726/2726 2720/2720/2720
f 2726/2726/2726 2725/2725/2725 2720/2720/2720
f 2722/2722/2722 2727/2727/2727 2721/2721/2721
f 2721/2721/2721 2727/2727/2727 2726/2726/2726
f 2718/2718/2718 2728/2728/2728 2722/2722/2722
f 2728/2728/2728 2727/2727/2727 2722/2722/2722
f 2724/2724/2724 2729/2729/2729 2699/2699/2699
f 2730/2730/2730 2724/2724/2724 2725/2725/2725
f 2729/2729/2729 2724/2724/2724 2730/2730/2730
f 2729/2729/2729 2731/2731/2731 2699/2699/2699
f 2731/2731/2731 2703/2703/2703 2699/2699/2699
f 2732/2732/2732 2725/2725/2725 2726/2726/2726
f 2727/2727/2727 2733/2733/2733 2726/2726/2726
f 2733/2733/2733 2732/2732/2732 2726/2726/2726
f 2734/2734/2734 2733/2733/2733 2727/2727/2727
f 2728/2728/2728 2734/2734/2734 2727/2727/2727
f 2735/2735/2735 2730/2730/2730 2725/2725/2725
f 2732/2732/2732 2735/2735/2735 2725/2725/2725
f 2736/2736/2736 2732/2732/2732 2733/2733/2733
f 2734/2734/2734 2736/2736/2736 2733/2733/2733
f 2737/2737/2737 2735/2735/2735 2732/2732/2732
f 2736/2736/2736 2737/2737/2737 2732/2732/2732
f 2735/2735/2735 2738/2738/2738 2730/2730/2730
f 2738/2738/2738 2735/2735/2735 2737/2737/2737
f 2739/2739/2739 2729/2729/2729 2730/2730/2730
f 2738/2738/2738 2739/2739/2739 2730/2730/2730
f 2740/2740/2740 2703/2703/2703 2731/2731/2731
f 2741/2741/2741 2731/2731/2731 2729/2729/2729
f 2741/2741/2741 2740/2740/2740 2731/2731/2731
f 2742/2742/2742 2729/2729/2729 2739/2739/2739
f 2742/2742/2742 2741/2741/2741 2729/2729/2729
f 2703/2703/2703 2740/2740/2740 2743/2743/2743
f 2703/2703/2703 2743/2743/2743 2691/2691/2691
f 2736/2736/2736 2734/2734/2734 2744/2744/2744
f 2737/2737/2737 2736/2736/2736 2745/2745/2745
f 2736/2736/2736 2744/2744/2744 2745/2745/2745
f 2746/2746/2746 2738/2738/2738 2737/2737/2737
f 2746/2746/2746 2737/2737/2737 2745/2745/2745
f 2738/2738/2738 2747/2747/2747 2739/2739/2739
f 2747/2747/2747 2738/2738/2738 2746/2746/2746
f 2748/2748/2748 2742/2742/2742 2739/2739/2739
f 2747/2747/2747 2748/2748/2748 2739/2739/2739
f 2734/2734/2734 2749/2749/2749 2744/2744/2744
f 2734/2734/2734 2728/2728/2728 2749/2749/2749
f 2728/2728/2728 2750/2750/2750 2749/2749/2749
f 2728/2728/2728 2718/2718/2718 2750/2750/2750
f 2744/2744/2744 2749/2749/2749 2751/2751/2751
f 2749/2749/2749 2750/2750/2750 2751/2751/2751
f 2718/2718/2718 2752/2752/2752 2750/2750/2750
f 2752/2752/2752 2718/2718/2718 2717/2717/2717
f 2750/2750/2750 2752/2752/2752 2753/2753/2753
f 2752/2752/2752 2717/2717/2717 2753/2753/2753
f 2750/2750/2750 2753/2753/2753 2751/2751/2751
f 2753/2753/2753 2717/2717/2717 2716/2716/2716
f 2753/2753/2753 2716/2716/2716 2754/2754/2754
f 2751/2751/2751 2753/2753/2753 2754/2754/2754
f 2754/2754/2754 2716/2716/2716 2719/2719/2719
f 2755/2755/2755 2744/2744/2744 2751/2751/2751
f 2755/2755/2755 2751/2751/2751 2754/2754/2754
f 2745/2745/2745 2744/2744/2744 2755/2755/2755
f 2756/2756/2756 2754/2754/2754 2719/2719/2719
f 2756/2756/2756 2755/2755/2755 2754/2754/2754
f 2695/2695/2695 2756/2756/2756 2719/2719/2719
f 2757/2757/2757 2756/2756/2756 2695/2695/2695
f 2756/2756/2756 2757/2757/2757 2755/2755/2755
f 2691/2691/2691 2757/2757/2757 2695/2695/2695
f 2758/2758/2758 2745/2745/2745 2755/2755/2755
f 2757/2757/2757 2758/2758/2758 2755/2755/2755
f 2759/2759/2759 2757/2757/2757 2691/2691/2691
f 2757/2757/2757 2759/2759/2759 2758/2758/2758
f 2743/2743/2743 2759/2759/2759 2691/2691/2691
f 2760/2760/2760 2745/2745/2745 2758/2758/2758
f 2760/2760/2760 2746/2746/2746 2745/2745/2745
f 2759/2759/2759 2761/2761/2761 2758/2758/2758
f 2761/2761/2761 2760/2760/2760 2758/2758/2758
f 2743/2743/2743 2762/2762/2762 2759/2759/2759
f 2740/2740/2740 2762/2762/2762 2743/2743/2743
f 2763/2763/2763 2746/2746/2746 2760/2760/2760
f 2763/2763/2763 2747/2747/2747 2746/2746/2746
f 2759/2759/2759 2764/2764/2764 2761/2761/2761
f 2762/2762/2762 2764/2764/2764 2759/2759/2759
f 2740/2740/2740 2765/2765/2765 2762/2762/2762
f 2765/2765/2765 2740/2740/2740 2741/2741/2741
f 2766/2766/2766 2760/2760/2760 2761/2761/2761
f 2766/2766/2766 2763/2763/2763 2760/2760/2760
f 2767/2767/2767 2747/2747/2747 2763/2763/2763
f 2747/2747/2747 2767/2767/2767 2748/2748/2748
f 2764/2764/2764 2768/2768/2768 2761/2761/2761
f 2768/2768/2768 2766/2766/2766 2761/2761/2761
f 2762/2762/2762 2769/2769/2769 2764/2764/2764
f 2765/2765/2765 2769/2769/2769 2762/2762/2762
f 2770/2770/2770 2765/2765/2765 2741/2741/2741
f 2770/2770/2770 2741/2741/2741 2742/2742/2742
f 2771/2771/2771 2763/2763/2763 2766/2766/2766
f 2771/2771/2771 2767/2767/2767 2763/2763/2763
f 2772/2772/2772 2742/2742/2742 2748/2748/2748
f 2772/2772/2772 2770/2770/2770 2742/2742/2742
f 2773/2773/2773 2765/2765/2765 2770/2770/2770
f 2765/2765/2765 2773/2773/2773 2769/2769/2769
f 2769/2769/2769 2774/2774/2774 2764/2764/2764
f 2764/2764/2764 2774/2774/2774 2768/2768/2768
f 2775/2775/2775 2766/2766/2766 2768/2768/2768
f 2775/2775/2775 2771/2771/2771 2766/2766/2766
f 2767/2767/2767 2776/2776/2776 2748/2748/2748
f 2776/2776/2776 2772/2772/2772 2748/2748/2748
f 2777/2777/2777 2770/2770/2770 2772/2772/2772
f 2777/2777/2777 2773/2773/2773 2770/2770/2770
f 2773/2773/2773 2778/2778/2778 2769/2769/2769
f 2769/2769/2769 2778/2778/2778 2774/2774/2774
f 2774/2774/2774 2779/2779/2779 2768/2768/2768
f 2779/2779/2779 2775/2775/2775 2768/2768/2768
f 2780/2780/2780 2767/2767/2767 2771/2771/2771
f 2776/2776/2776 2767/2767/2767 2780/2780/2780
f 2781/2781/2781 2777/2777/2777 2772/2772/2772
f 2781/2781/2781 2772/2772/2772 2776/2776/2776
f 2782/2782/2782 2773/2773/2773 2777/2777/2777
f 2773/2773/2773 2782/2782/2782 2778/2778/2778
f 2781/2781/2781 2782/2782/2782 2777/2777/2777
f 2778/2778/2778 2783/2783/2783 2774/2774/2774
f 2782/2782/2782 2783/2783/2783 2778/2778/2778
f 2774/2774/2774 2783/2783/2783 2779/2779/2779
f 2784/2784/2784 2771/2771/2771 2775/2775/2775
f 2784/2784/2784 2780/2780/2780 2771/2771/2771
f 2785/2785/2785 2776/2776/2776 2780/2780/2780
f 2785/2785/2785 2781/2781/2781 2776/2776/2776
f 2780/2780/2780 2784/2784/2784 2785/2785/2785
f 2786/2786/2786 2782/2782/2782 2781/2781/2781
f 2785/2785/2785 2786/2786/2786 2781/2781/2781
f 2782/2782/2782 2786/2786/2786 2783/2783/2783
f 2784/2784/2784 2786/2786/2786 2785/2785/2785
f 2786/2786/2786 2787/2787/2787 2783/2783/2783
f 2783/2783/2783 2787/2787/2787 2779/2779/2779
f 2786/2786/2786 2784/2784/2784 2787/2787/2787
f 2775/2775/2775 2779/2779/2779 2788/2788/2788
f 2779/2779/2779 2787/2787/2787 2788/2788/2788
f 2784/2784/2784 2788/2788/2788 2787/2787/2787
f 2788/2788/2788 2784/2784/2784 2775/2775/2775
f 2791/2791/2791 2790/2790/2790 2789/2789/2789
f 2792/2792/2792 2791/2791/2791 2789/2789/2789
f 2790/2790/2790 2791/2791/2791 2793/2793/2793
f 2789/2789/2789 2794/2794/2794 2792/2792/2792
f 2794/2794/2794 2795/2795/2795 2792/2792/2792
f 2795/2795/2795 2794/2794/2794 2796/2796/2796
f 2797/2797/2797 2795/2795/2795 2796/2796/2796
f 2798/2798/2798 2790/2790/2790 2793/2793/2793
f 2793/2793/2793 2799/2799/2799 2798/2798/2798
f 2799/2799/2799 2800/2800/2800 2798/2798/2798
f 2800/2800/2800 2799/2799/2799 2801/2801/2801
f 2798/2798/2798 2802/2802/2802 2790/2790/2790
f 2802/2802/2802 2798/2798/2798 2800/2800/2800
f 2803/2803/2803 2800/2800/2800 2801/2801/2801
f 2801/2801/2801 2804/2804/2804 2803/2803/2803
f 2790/2790/2790 2805/2805/2805 2789/2789/2789
f 2802/2802/2802 2805/2805/2805 2790/2790/2790
f 2802/2802/2802 2806/2806/2806 2805/2805/2805
f 2807/2807/2807 2802/2802/2802 2800/2800/2800
f 2807/2807/2807 2800/2800/2800 2803/2803/2803
f 2806/2806/2806 2802/2802/2802 2807/2807/2807
f 2797/2797/2797 2796/2796/2796 2808/2808/2808
f 2809/2809/2809 2797/2797/2797 2808/2808/2808
f 2810/2810/2810 2804/2804/2804 2809/2809/2809
f 2804/2804/2804 2810/2810/2810 2803/2803/2803
f 2808/2808/2808 2810/2810/2810 2809/2809/2809
f 2803/2803/2803 2810/2810/2810 2811/2811/2811
f 2811/2811/2811 2810/2810/2810 2808/2808/2808
f 2812/2812/2812 2807/2807/2807 2803/2803/2803
f 2812/2812/2812 2803/2803/2803 2811/2811/2811
f 2813/2813/2813 2811/2811/2811 2808/2808/2808
f 2808/2808/2808 2796/2796/2796 2813/2813/2813
f 2814/2814/2814 2806/2806/2806 2807/2807/2807
f 2814/2814/2814 2807/2807/2807 2812/2812/2812
f 2812/2812/2812 2811/2811/2811 2815/2815/2815
f 2815/2815/2815 2811/2811/2811 2813/2813/2813
f 2816/2816/2816 2814/2814/2814 2812/2812/2812
f 2816/2816/2816 2812/2812/2812 2815/2815/2815
f 2796/2796/2796 2817/2817/2817 2813/2813/2813
f 2818/2818/2818 2815/2815/2815 2813/2813/2813
f 2813/2813/2813 2817/2817/2817 2818/2818/2818
f 2816/2816/2816 2815/2815/2815 2819/2819/2819
f 2819/2819/2819 2815/2815/2815 2818/2818/2818
f 2820/2820/2820 2814/2814/2814 2816/2816/2816
f 2820/2820/2820 2816/2816/2816 2819/2819/2819
f 2814/2814/2814 2821/2821/2821 2806/2806/2806
f 2820/2820/2820 2821/2821/2821 2814/2814/2814
f 2822/2822/2822 2817/2817/2817 2796/2796/2796
f 2794/2794/2794 2822/2822/2822 2796/2796/2796
f 2794/2794/2794 2789/2789/2789 2822/2822/2822
f 2789/2789/2789 2823/2823/2823 2822/2822/2822
f 2805/2805/2805 2823/2823/2823 2789/2789/2789
f 2822/2822/2822 2824/2824/2824 2817/2817/2817
f 2822/2822/2822 2823/2823/2823 2824/2824/2824
f 2817/2817/2817 2825/2825/2825 2818/2818/2818
f 2824/2824/2824 2825/2825/2825 2817/2817/2817
f 2818/2818/2818 2826/2826/2826 2819/2819/2819
f 2826/2826/2826 2818/2818/2818 2825/2825/2825
f 2820/2820/2820 2819/2819/2819 2827/2827/2827
f 2826/2826/2826 2827/2827/2827 2819/2819/2819
f 2805/2805/2805 2828/2828/2828 2823/2823/2823
f 2806/2806/2806 2828/2828/2828 2805/2805/2805
f 2823/2823/2823 2829/2829/2829 2824/2824/2824
f 2828/2828/2828 2829/2829/2829 2823/2823/2823
f 2824/2824/2824 2830/2830/2830 2825/2825/2825
f 2824/2824/2824 2829/2829/2829 2830/2830/2830
f 2831/2831/2831 2820/2820/2820 2827/2827/2827
f 2821/2821/2821 2820/2820/2820 2831/2831/2831
f 2828/2828/2828 2832/2832/2832 2829/2829/2829
f 2829/2829/2829 2832/2832/2832 2830/2830/2830
f 2833/2833/2833 2828/2828/2828 2806/2806/2806
f 2833/2833/2833 2832/2832/2832 2828/2828/2828
f 2834/2834/2834 2825/2825/2825 2830/2830/2830
f 2834/2834/2834 2826/2826/2826 2825/2825/2825
f 2835/2835/2835 2827/2827/2827 2826/2826/2826
f 2831/2831/2831 2827/2827/2827 2835/2835/2835
f 2830/2830/2830 2832/2832/2832 2836/2836/2836
f 2836/2836/2836 2834/2834/2834 2830/2830/2830
f 2836/2836/2836 2837/2837/2837 2834/2834/2834
f 2832/2832/2832 2838/2838/2838 2836/2836/2836
f 2832/2832/2832 2833/2833/2833 2838/2838/2838
f 2836/2836/2836 2838/2838/2838 2837/2837/2837
f 2826/2826/2826 2834/2834/2834 2839/2839/2839
f 2839/2839/2839 2835/2835/2835 2826/2826/2826
f 2840/2840/2840 2833/2833/2833 2806/2806/2806
f 2821/2821/2821 2840/2840/2840 2806/2806/2806
f 2840/2840/2840 2841/2841/2841 2833/2833/2833
f 2841/2841/2841 2840/2840/2840 2821/2821/2821
f 2842/2842/2842 2821/2821/2821 2831/2831/2831
f 2842/2842/2842 2841/2841/2841 2821/2821/2821
f 2833/2833/2833 2843/2843/2843 2838/2838/2838
f 2841/2841/2841 2843/2843/2843 2833/2833/2833
f 2843/2843/2843 2844/2844/2844 2838/2838/2838
f 2838/2838/2838 2844/2844/2844 2837/2837/2837
f 2845/2845/2845 2843/2843/2843 2841/2841/2841
f 2845/2845/2845 2844/2844/2844 2843/2843/2843
f 2834/2834/2834 2846/2846/2846 2839/2839/2839
f 2837/2837/2837 2846/2846/2846 2834/2834/2834
f 2847/2847/2847 2831/2831/2831 2835/2835/2835
f 2847/2847/2847 2842/2842/2842 2831/2831/2831
f 2848/2848/2848 2845/2845/2845 2841/2841/2841
f 2848/2848/2848 2841/2841/2841 2842/2842/2842
f 2844/2844/2844 2849/2849/2849 2837/2837/2837
f 2845/2845/2845 2849/2849/2849 2844/2844/2844
f 2845/2845/2845 2850/2850/2850 2849/2849/2849
f 2849/2849/2849 2851/2851/2851 2837/2837/2837
f 2849/2849/2849 2850/2850/2850 2851/2851/2851
f 2851/2851/2851 2852/2852/2852 2837/2837/2837
f 2852/2852/2852 2846/2846/2846 2837/2837/2837
f 2851/2851/2851 2853/2853/2853 2852/2852/2852
f 2850/2850/2850 2853/2853/2853 2851/2851/2851
f 2854/2854/2854 2846/2846/2846 2852/2852/2852
f 2853/2853/2853 2854/2854/2854 2852/2852/2852
f 2855/2855/2855 2845/2845/2845 2848/2848/2848
f 2845/2845/2845 2855/2855/2855 2850/2850/2850
f 2854/2854/2854 2856/2856/2856 2846/2846/2846
f 2846/2846/2846 2856/2856/2856 2839/2839/2839
f 2857/2857/2857 2839/2839/2839 2856/2856/2856
f 2858/2858/2858 2857/2857/2857 2856/2856/2856
f 2859/2859/2859 2853/2853/2853 2850/2850/2850
f 2859/2859/2859 2854/2854/2854 2853/2853/2853
f 2860/2860/2860 2856/2856/2856 2854/2854/2854
f 2860/2860/2860 2858/2858/2858 2856/2856/2856
f 2857/2857/2857 2861/2861/2861 2839/2839/2839
f 2861/2861/2861 2835/2835/2835 2839/2839/2839
f 2862/2862/2862 2835/2835/2835 2861/2861/2861
f 2835/2835/2835 2862/2862/2862 2847/2847/2847
f 2859/2859/2859 2863/2863/2863 2854/2854/2854
f 2863/2863/2863 2860/2860/2860 2854/2854/2854
f 2857/2857/2857 2864/2864/2864 2861/2861/2861
f 2864/2864/2864 2862/2862/2862 2861/2861/2861
f 2859/2859/2859 2850/2850/2850 2865/2865/2865
f 2863/2863/2863 2859/2859/2859 2866/2866/2866
f 2865/2865/2865 2866/2866/2866 2859/2859/2859
f 2867/2867/2867 2865/2865/2865 2850/2850/2850
f 2855/2855/2855 2867/2867/2867 2850/2850/2850
f 2867/2867/2867 2855/2855/2855 2868/2868/2868
f 2868/2868/2868 2855/2855/2855 2848/2848/2848
f 2868/2868/2868 2848/2848/2848 2869/2869/2869
f 2870/2870/2870 2867/2867/2867 2868/2868/2868
f 2868/2868/2868 2869/2869/2869 2870/2870/2870
f 2867/2867/2867 2871/2871/2871 2865/2865/2865
f 2871/2871/2871 2867/2867/2867 2870/2870/2870
f 2848/2848/2848 2872/2872/2872 2869/2869/2869
f 2872/2872/2872 2848/2848/2848 2842/2842/2842
f 2872/2872/2872 2842/2842/2842 2873/2873/2873
f 2873/2873/2873 2842/2842/2842 2847/2847/2847
f 2872/2872/2872 2874/2874/2874 2869/2869/2869
f 2872/2872/2872 2873/2873/2873 2874/2874/2874
f 2873/2873/2873 2847/2847/2847 2875/2875/2875
f 2862/2862/2862 2875/2875/2875 2847/2847/2847
f 2873/2873/2873 2876/2876/2876 2874/2874/2874
f 2876/2876/2876 2873/2873/2873 2875/2875/2875
f 2877/2877/2877 2875/2875/2875 2862/2862/2862
f 2877/2877/2877 2876/2876/2876 2875/2875/2875
f 2864/2864/2864 2877/2877/2877 2862/2862/2862
f 2874/2874/2874 2876/2876/2876 2878/2878/2878
f 2869/2869/2869 2874/2874/2874 2878/2878/2878
f 2879/2879/2879 2876/2876/2876 2877/2877/2877
f 2876/2876/2876 2879/2879/2879 2878/2878/2878
f 2877/2877/2877 2864/2864/2864 2880/2880/2880
f 2880/2880/2880 2879/2879/2879 2877/2877/2877
f 2864/2864/2864 2881/2881/2881 2880/2880/2880
f 2881/2881/2881 2864/2864/2864 2857/2857/2857
f 2882/2882/2882 2869/2869/2869 2878/2878/2878
f 2883/2883/2883 2878/2878/2878 2879/2879/2879
f 2882/2882/2882 2878/2878/2878 2883/2883/2883
f 2884/2884/2884 2869/2869/2869 2882/2882/2882
f 2869/2869/2869 2884/2884/2884 2870/2870/2870
f 2885/2885/2885 2879/2879/2879 2880/2880/2880
f 2885/2885/2885 2883/2883/2883 2879/2879/2879
f 2886/2886/2886 2882/2882/2882 2883/2883/2883
f 2882/2882/2882 2886/2886/2886 2884/2884/2884
f 2884/2884/2884 2886/2886/2886 2887/2887/2887
f 2870/2870/2870 2884/2884/2884 2888/2888/2888
f 2888/2888/2888 2884/2884/2884 2887/2887/2887
f 2883/2883/2883 2889/2889/2889 2886/2886/2886
f 2883/2883/2883 2885/2885/2885 2889/2889/2889
f 2890/2890/2890 2870/2870/2870 2888/2888/2888
f 2890/2890/2890 2871/2871/2871 2870/2870/2870
f 2887/2887/2887 2886/2886/2886 2891/2891/2891
f 2889/2889/2889 2891/2891/2891 2886/2886/2886
f 2889/2889/2889 2892/2892/2892 2891/2891/2891
f 2885/2885/2885 2893/2893/2893 2889/2889/2889
f 2889/2889/2889 2893/2893/2893 2892/2892/2892
f 2894/2894/2894 2885/2885/2885 2880/2880/2880
f 2893/2893/2893 2885/2885/2885 2895/2895/2895
f 2885/2885/2885 2894/2894/2894 2895/2895/2895
f 2896/2896/2896 2894/2894/2894 2880/2880/2880
f 2881/2881/2881 2896/2896/2896 2880/2880/2880
f 2895/2895/2895 2894/2894/2894 2897/2897/2897
f 2894/2894/2894 2896/2896/2896 2897/2897/2897
f 2896/2896/2896 2881/2881/2881 2898/2898/2898
f 2898/2898/2898 2881/2881/2881 2857/2857/2857
f 2897/2897/2897 2896/2896/2896 2899/2899/2899
f 2899/2899/2899 2896/2896/2896 2898/2898/2898
f 2900/2900/2900 2898/2898/2898 2857/2857/2857
f 2900/2900/2900 2857/2857/2857 2858/2858/2858
f 2900/2900/2900 2901/2901/2901 2898/2898/2898
f 2901/2901/2901 2899/2899/2899 2898/2898/2898
f 2858/2858/2858 2901/2901/2901 2900/2900/2900
f 2901/2901/2901 2902/2902/2902 2899/2899/2899
f 2901/2901/2901 2858/2858/2858 2902/2902/2902
f 2893/2893/2893 2895/2895/2895 2903/2903/2903
f 2895/2895/2895 2897/2897/2897 2904/2904/2904
f 2903/2903/2903 2895/2895/2895 2904/2904/2904
f 2905/2905/2905 2897/2897/2897 2899/2899/2899
f 2904/2904/2904 2897/2897/2897 2905/2905/2905
f 2902/2902/2902 2906/2906/2906 2899/2899/2899
f 2906/2906/2906 2905/2905/2905 2899/2899/2899
f 2907/2907/2907 2902/2902/2902 2858/2858/2858
f 2906/2906/2906 2902/2902/2902 2907/2907/2907
f 2908/2908/2908 2893/2893/2893 2903/2903/2903
f 2893/2893/2893 2908/2908/2908 2892/2892/2892
f 2909/2909/2909 2908/2908/2908 2903/2903/2903
f 2892/2892/2892 2908/2908/2908 2909/2909/2909
f 2910/2910/2910 2903/2903/2903 2904/2904/2904
f 2910/2910/2910 2909/2909/2909 2903/2903/2903
f 2911/2911/2911 2907/2907/2907 2858/2858/2858
f 2911/2911/2911 2858/2858/2858 2860/2860/2860
f 2912/2912/2912 2911/2911/2911 2860/2860/2860
f 2912/2912/2912 2860/2860/2860 2863/2863/2863
f 2913/2913/2913 2912/2912/2912 2863/2863/2863
f 2913/2913/2913 2863/2863/2863 2866/2866/2866
f 2914/2914/2914 2913/2913/2913 2866/2866/2866
f 2914/2914/2914 2866/2866/2866 2865/2865/2865
f 2915/2915/2915 2914/2914/2914 2865/2865/2865
f 2871/2871/2871 2915/2915/2915 2865/2865/2865
f 2871/2871/2871 2916/2916/2916 2915/2915/2915
f 2916/2916/2916 2871/2871/2871 2890/2890/2890
f 2917/2917/2917 2907/2907/2907 2911/2911/2911
f 2918/2918/2918 2911/2911/2911 2912/2912/2912
f 2918/2918/2918 2917/2917/2917 2911/2911/2911
f 2919/2919/2919 2912/2912/2912 2913/2913/2913
f 2919/2919/2919 2918/2918/2918 2912/2912/2912
f 2920/2920/2920 2913/2913/2913 2914/2914/2914
f 2920/2920/2920 2919/2919/2919 2913/2913/2913
f 2921/2921/2921 2914/2914/2914 2915/2915/2915
f 2921/2921/2921 2920/2920/2920 2914/2914/2914
f 2922/2922/2922 2921/2921/2921 2915/2915/2915
f 2916/2916/2916 2922/2922/2922 2915/2915/2915
f 2923/2923/2923 2921/2921/2921 2922/2922/2922
f 2923/2923/2923 2920/2920/2920 2921/2921/2921
f 2887/2887/2887 2907/2907/2907 2917/2917/2917
f 2907/2907/2907 2887/2887/2887 2906/2906/2906
f 2924/2924/2924 2922/2922/2922 2916/2916/2916
f 2924/2924/2924 2923/2923/2923 2922/2922/2922
f 2887/2887/2887 2891/2891/2891 2906/2906/2906
f 2906/2906/2906 2891/2891/2891 2925/2925/2925
f 2906/2906/2906 2925/2925/2925 2905/2905/2905
f 2891/2891/2891 2892/2892/2892 2925/2925/2925
f 2926/2926/2926 2887/2887/2887 2917/2917/2917
f 2888/2888/2888 2887/2887/2887 2926/2926/2926
f 2925/2925/2925 2927/2927/2927 2905/2905/2905
f 2927/2927/2927 2904/2904/2904 2905/2905/2905
f 2928/2928/2928 2904/2904/2904 2927/2927/2927
f 2928/2928/2928 2910/2910/2910 2904/2904/2904
f 2929/2929/2929 2927/2927/2927 2925/2925/2925
f 2929/2929/2929 2928/2928/2928 2927/2927/2927
f 2925/2925/2925 2892/2892/2892 2930/2930/2930
f 2929/2929/2929 2925/2925/2925 2930/2930/2930
f 2931/2931/2931 2888/2888/2888 2926/2926/2926
f 2890/2890/2890 2888/2888/2888 2931/2931/2931
f 2892/2892/2892 2932/2932/2932 2930/2930/2930
f 2892/2892/2892 2909/2909/2909 2932/2932/2932
f 2933/2933/2933 2909/2909/2909 2910/2910/2910
f 2909/2909/2909 2933/2933/2933 2932/2932/2932
f 2934/2934/2934 2910/2910/2910 2928/2928/2928
f 2934/2934/2934 2933/2933/2933 2910/2910/2910
f 2935/2935/2935 2928/2928/2928 2929/2929/2929
f 2935/2935/2935 2934/2934/2934 2928/2928/2928
f 2936/2936/2936 2890/2890/2890 2931/2931/2931
f 2936/2936/2936 2916/2916/2916 2890/2890/2890
f 2937/2937/2937 2916/2916/2916 2936/2936/2936
f 2937/2937/2937 2924/2924/2924 2916/2916/2916
f 2938/2938/2938 2936/2936/2936 2931/2931/2931
f 2938/2938/2938 2937/2937/2937 2936/2936/2936
f 2939/2939/2939 2935/2935/2935 2929/2929/2929
f 2929/2929/2929 2930/2930/2930 2939/2939/2939
f 2940/2940/2940 2938/2938/2938 2931/2931/2931
f 2940/2940/2940 2931/2931/2931 2926/2926/2926
f 2941/2941/2941 2940/2940/2940 2926/2926/2926
f 2941/2941/2941 2926/2926/2926 2917/2917/2917
f 2942/2942/2942 2941/2941/2941 2917/2917/2917
f 2942/2942/2942 2917/2917/2917 2918/2918/2918
f 2942/2942/2942 2918/2918/2918 2943/2943/2943
f 2943/2943/2943 2918/2918/2918 2919/2919/2919
f 2944/2944/2944 2943/2943/2943 2919/2919/2919
f 2944/2944/2944 2919/2919/2919 2920/2920/2920
f 2942/2942/2942 2943/2943/2943 2945/2945/2945
f 2945/2945/2945 2943/2943/2943 2944/2944/2944
f 2946/2946/2946 2944/2944/2944 2920/2920/2920
f 2923/2923/2923 2946/2946/2946 2920/2920/2920
f 2947/2947/2947 2945/2945/2945 2944/2944/2944
f 2947/2947/2947 2944/2944/2944 2946/2946/2946
f 2923/2923/2923 2948/2948/2948 2946/2946/2946
f 2948/2948/2948 2923/2923/2923 2924/2924/2924
f 2949/2949/2949 2947/2947/2947 2946/2946/2946
f 2948/2948/2948 2949/2949/2949 2946/2946/2946
f 2950/2950/2950 2948/2948/2948 2924/2924/2924
f 2950/2950/2950 2924/2924/2924 2937/2937/2937
f 2948/2948/2948 2951/2951/2951 2949/2949/2949
f 2951/2951/2951 2948/2948/2948 2950/2950/2950
f 2952/2952/2952 2950/2950/2950 2937/2937/2937
f 2952/2952/2952 2937/2937/2937 2938/2938/2938
f 2951/2951/2951 2950/2950/2950 2953/2953/2953
f 2953/2953/2953 2950/2950/2950 2952/2952/2952
f 2954/2954/2954 2952/2952/2952 2938/2938/2938
f 2954/2954/2954 2938/2938/2938 2940/2940/2940
f 2955/2955/2955 2953/2953/2953 2952/2952/2952
f 2955/2955/2955 2952/2952/2952 2954/2954/2954
f 2956/2956/2956 2954/2954/2954 2940/2940/2940
f 2956/2956/2956 2940/2940/2940 2941/2941/2941
f 2957/2957/2957 2955/2955/2955 2954/2954/2954
f 2957/2957/2957 2954/2954/2954 2956/2956/2956
f 2958/2958/2958 2956/2956/2956 2941/2941/2941
f 2958/2958/2958 2941/2941/2941 2942/2942/2942
f 2959/2959/2959 2957/2957/2957 2956/2956/2956
f 2959/2959/2959 2956/2956/2956 2958/2958/2958
f 2960/2960/2960 2958/2958/2958 2942/2942/2942
f 2960/2960/2960 2942/2942/2942 2945/2945/2945
f 2960/2960/2960 2945/2945/2945 2961/2961/2961
f 2961/2961/2961 2945/2945/2945 2947/2947/2947
f 2962/2962/2962 2958/2958/2958 2960/2960/2960
f 2962/2962/2962 2960/2960/2960 2961/2961/2961
f 2963/2963/2963 2961/2961/2961 2947/2947/2947
f 2963/2963/2963 2947/2947/2947 2949/2949/2949
f 2964/2964/2964 2959/2959/2959 2958/2958/2958
f 2962/2962/2962 2964/2964/2964 2958/2958/2958
f 2962/2962/2962 2961/2961/2961 2965/2965/2965
f 2965/2965/2965 2961/2961/2961 2963/2963/2963
f 2966/2966/2966 2963/2963/2963 2949/2949/2949
f 2951/2951/2951 2966/2966/2966 2949/2949/2949
f 2964/2964/2964 2962/2962/2962 2967/2967/2967
f 2967/2967/2967 2962/2962/2962 2965/2965/2965
f 2968/2968/2968 2963/2963/2963 2966/2966/2966
f 2968/2968/2968 2965/2965/2965 2963/2963/2963
f 2951/2951/2951 2969/2969/2969 2966/2966/2966
f 2953/2953/2953 2969/2969/2969 2951/2951/2951
f 2970/2970/2970 2968/2968/2968 2966/2966/2966
f 2969/2969/2969 2970/2970/2970 2966/2966/2966
f 2971/2971/2971 2959/2959/2959 2964/2964/2964
f 2972/2972/2972 2964/2964/2964 2967/2967/2967
f 2972/2972/2972 2971/2971/2971 2964/2964/2964
f 2973/2973/2973 2967/2967/2967 2965/2965/2965
f 2973/2973/2973 2972/2972/2972 2967/2967/2967
f 2974/2974/2974 2965/2965/2965 2968/2968/2968
f 2974/2974/2974 2973/2973/2973 2965/2965/2965
f 2975/2975/2975 2968/2968/2968 2970/2970/2970
f 2975/2975/2975 2974/2974/2974 2968/2968/2968
f 2976/2976/2976 2970/2970/2970 2969/2969/2969
f 2976/2976/2976 2975/2975/2975 2970/2970/2970
f 2977/2977/2977 2969/2969/2969 2953/2953/2953
f 2977/2977/2977 2976/2976/2976 2969/2969/2969
f 2971/2971/2971 2978/2978/2978 2959/2959/2959
f 2978/2978/2978 2957/2957/2957 2959/2959/2959
f 2979/2979/2979 2977/2977/2977 2953/2953/2953
f 2979/2979/2979 2953/2953/2953 2955/2955/2955
f 2980/2980/2980 2955/2955/2955 2957/2957/2957
f 2978/2978/2978 2980/2980/2980 2957/2957/2957
f 2980/2980/2980 2979/2979/2979 2955/2955/2955
f 2981/2981/2981 2980/2980/2980 2978/2978/2978
f 2981/2981/2981 2979/2979/2979 2980/2980/2980
f 2982/2982/2982 2978/2978/2978 2971/2971/2971
f 2982/2982/2982 2981/2981/2981 2978/2978/2978
f 2983/2983/2983 2982/2982/2982 2971/2971/2971
f 2983/2983/2983 2971/2971/2971 2972/2972/2972
f 2984/2984/2984 2975/2975/2975 2976/2976/2976
f 2985/2985/2985 2976/2976/2976 2977/2977/2977
f 2985/2985/2985 2984/2984/2984 2976/2976/2976
f 2986/2986/2986 2977/2977/2977 2979/2979/2979
f 2986/2986/2986 2985/2985/2985 2977/2977/2977
f 2987/2987/2987 2979/2979/2979 2981/2981/2981
f 2987/2987/2987 2986/2986/2986 2979/2979/2979
f 2986/2986/2986 2988/2988/2988 2985/2985/2985
f 2986/2986/2986 2987/2987/2987 2988/2988/2988
f 2985/2985/2985 2988/2988/2988 2984/2984/2984
f 2989/2989/2989 2987/2987/2987 2981/2981/2981
f 2989/2989/2989 2981/2981/2981 2982/2982/2982
f 2987/2987/2987 2989/2989/2989 2988/2988/2988
f 2990/2990/2990 2982/2982/2982 2983/2983/2983
f 2990/2990/2990 2989/2989/2989 2982/2982/2982
f 2988/2988/2988 2989/2989/2989 2991/2991/2991
f 2989/2989/2989 2990/2990/2990 2991/2991/2991
f 2988/2988/2988 2991/2991/2991 2984/2984/2984
f 2992/2992/2992 2990/2990/2990 2983/2983/2983
f 2990/2990/2990 2992/2992/2992 2991/2991/2991
f 2992/2992/2992 2983/2983/2983 2972/2972/2972
f 2991/2991/2991 2993/2993/2993 2984/2984/2984
f 2992/2992/2992 2993/2993/2993 2991/2991/2991
f 2994/2994/2994 2992/2992/2992 2972/2972/2972
f 2994/2994/2994 2972/2972/2972 2973/2973/2973
f 2992/2992/2992 2994/2994/2994 2995/2995/2995
f 2995/2995/2995 2994/2994/2994 2973/2973/2973
f 2993/2993/2993 2992/2992/2992 2995/2995/2995
f 2995/2995/2995 2973/2973/2973 2974/2974/2974
f 2993/2993/2993 2996/2996/2996 2984/2984/2984
f 2993/2993/2993 2995/2995/2995 2996/2996/2996
f 2996/2996/2996 2995/2995/2995 2974/2974/2974
f 2984/2984/2984 2996/2996/2996 2975/2975/2975
f 2996/2996/2996 2974/2974/2974 2975/2975/2975
f 2997/2997/2997 2935/2935/2935 2939/2939/2939
f 2998/2998/2998 2997/2997/2997 2939/2939/2939
f 2998/2998/2998 2939/2939/2939 2930/2930/2930
f 2997/2997/2997 2999/2999/2999 2935/2935/2935
f 2999/2999/2999 2934/2934/2934 2935/2935/2935
f 3000/3000/3000 2998/2998/2998 2930/2930/2930
f 3000/3000/3000 2930/2930/2930 2932/2932/2932
f 2999/2999/2999 3001/3001/3001 2934/2934/2934
f 3001/3001/3001 2933/2933/2933 2934/2934/2934
f 3002/3002/3002 2932/2932/2932 2933/2933/2933
f 3002/3002/3002 3000/3000/3000 2932/2932/2932
f 3001/3001/3001 3002/3002/3002 2933/2933/2933
f 3003/3003/3003 2999/2999/2999 2997/2997/2997
f 3004/3004/3004 2997/2997/2997 2998/2998/2998
f 3004/3004/3004 3003/3003/3003 2997/2997/2997
f 3003/3003/3003 3005/3005/3005 2999/2999/2999
f 3005/3005/3005 3001/3001/3001 2999/2999/2999
f 3005/3005/3005 3003/3003/3003 3004/3004/3004
f 3006/3006/3006 3004/3004/3004 2998/2998/2998
f 3006/3006/3006 2998/2998/2998 3000/3000/3000
f 3006/3006/3006 3005/3005/3005 3004/3004/3004
f 3005/3005/3005 3007/3007/3007 3001/3001/3001
f 3007/3007/3007 3002/3002/3002 3001/3001/3001
f 3007/3007/3007 3005/3005/3005 3006/3006/3006
f 3008/3008/3008 3006/3006/3006 3000/3000/3000
f 3008/3008/3008 3000/3000/3000 3002/3002/3002
f 3007/3007/3007 3008/3008/3008 3002/3002/3002
f 3008/3008/3008 3007/3007/3007 3006/3006/3006
f 3011/3011/3011 3010/3010/3010 3009/3009/3009
f 3012/3012/3012 3011/3011/3011 3009/3009/3009
f 3013/3013/3013 3009/3009/3009 3010/3010/3010
f 3009/3009/3009 3013/3013/3013 3012/3012/3012
f 3010/3010/3010 3011/3011/3011 3014/3014/3014
f 3010/3010/3010 3015/3015/3015 3013/3013/3013
f 3015/3015/3015 3010/3010/3010 3014/3014/3014
f 3011/3011/3011 3012/3012/3012 3016/3016/3016
f 3013/3013/3013 3017/3017/3017 3012/3012/3012
f 3016/3016/3016 3012/3012/3012 3018/3018/3018
f 3017/3017/3017 3018/3018/3018 3012/3012/3012
f 3019/3019/3019 3017/3017/3017 3013/3013/3013
f 3018/3018/3018 3017/3017/3017 3020/3020/3020
f 3017/3017/3017 3019/3019/3019 3020/3020/3020
f 3020/3020/3020 3021/3021/3021 3018/3018/3018
f 3021/3021/3021 3016/3016/3016 3018/3018/3018
f 3015/3015/3015 3022/3022/3022 3013/3013/3013
f 3022/3022/3022 3019/3019/3019 3013/3013/3013
f 3019/3019/3019 3023/3023/3023 3020/3020/3020
f 3023/3023/3023 3021/3021/3021 3020/3020/3020
f 3019/3019/3019 3022/3022/3022 3024/3024/3024
f 3023/3023/3023 3019/3019/3019 3024/3024/3024
f 3024/3024/3024 3022/3022/3022 3015/3015/3015
f 3025/3025/3025 3023/3023/3023 3024/3024/3024
f 3023/3023/3023 3025/3025/3025 3021/3021/3021
f 3015/3015/3015 3025/3025/3025 3024/3024/3024
f 3021/3021/3021 3026/3026/3026 3016/3016/3016
f 3026/3026/3026 3021/3021/3021 3025/3025/3025
f 3016/3016/3016 3027/3027/3027 3011/3011/3011
f 3026/3026/3026 3027/3027/3027 3016/3016/3016
f 3025/3025/3025 3015/3015/3015 3028/3028/3028
f 3028/3028/3028 3015/3015/3015 3014/3014/3014
f 3029/3029/3029 3026/3026/3026 3025/3025/3025
f 3029/3029/3029 3025/3025/3025 3028/3028/3028
f 3030/3030/3030 3026/3026/3026 3029/3029/3029
f 3026/3026/3026 3030/3030/3030 3027/3027/3027
f 3027/3027/3027 3031/3031/3031 3011/3011/3011
f 3011/3011/3011 3031/3031/3031 3014/3014/3014
f 3027/3027/3027 3032/3032/3032 3031/3031/3031
f 3030/3030/3030 3032/3032/3032 3027/3027/3027
f 3031/3031/3031 3033/3033/3033 3014/3014/3014
f 3033/3033/3033 3031/3031/3031 3032/3032/3032
f 3034/3034/3034 3014/3014/3014 3033/3033/3033
f 3028/3028/3028 3014/3014/3014 3034/3034/3034
f 3035/3035/3035 3029/3029/3029 3028/3028/3028
f 3029/3029/3029 3035/3035/3035 3030/3030/3030
f 3028/3028/3028 3036/3036/3036 3035/3035/3035
f 3036/3036/3036 3028/3028/3028 3034/3034/3034
f 3035/3035/3035 3036/3036/3036 3030/3030/3030
f 3037/3037/3037 3034/3034/3034 3033/3033/3033
f 3032/3032/3032 3037/3037/3037 3033/3033/3033
f 3036/3036/3036 3034/3034/3034 3037/3037/3037
f 3036/3036/3036 3038/3038/3038 3030/3030/3030
f 3030/3030/3030 3038/3038/3038 3032/3032/3032
f 3038/3038/3038 3036/3036/3036 3037/3037/3037
f 3038/3038/3038 3037/3037/3037 3032/3032/3032
f 3041/3041/3041 3040/3040/3040 3039/3039/3039
f 3042/3042/3042 3041/3041/3041 3039/3039/3039
f 3042/3042/3042 3039/3039/3039 3043/3043/3043
f 3043/3043/3043 3039/3039/3039 3040/3040/3040
f 3041/3041/3041 3042/3042/3042 3044/3044/3044
f 3044/3044/3044 3042/3042/3042 3043/3043/3043
f 3041/3041/3041 3045/3045/3045 3040/3040/3040
f 3044/3044/3044 3045/3045/3045 3041/3041/3041
f 3040/3040/3040 3046/3046/3046 3043/3043/3043
f 3045/3045/3045 3046/3046/3046 3040/3040/3040
f 3044/3044/3044 3043/3043/3043 3047/3047/3047
f 3046/3046/3046 3047/3047/3047 3043/3043/3043
f 3044/3044/3044 3048/3048/3048 3045/3045/3045
f 3048/3048/3048 3044/3044/3044 3047/3047/3047
f 3045/3045/3045 3049/3049/3049 3046/3046/3046
f 3048/3048/3048 3049/3049/3049 3045/3045/3045
f 3046/3046/3046 3050/3050/3050 3047/3047/3047
f 3049/3049/3049 3050/3050/3050 3046/3046/3046
f 3048/3048/3048 3047/3047/3047 3051/3051/3051
f 3050/3050/3050 3051/3051/3051 3047/3047/3047
f 3048/3048/3048 3052/3052/3052 3049/3049/3049
f 3052/3052/3052 3048/3048/3048 3051/3051/3051
f 3049/3049/3049 3053/3053/3053 3050/3050/3050
f 3052/3052/3052 3053/3053/3053 3049/3049/3049
f 3050/3050/3050 3054/3054/3054 3051/3051/3051
f 3053/3053/3053 3054/3054/3054 3050/3050/3050
f 3052/3052/3052 3051/3051/3051 3055/3055/3055
f 3054/3054/3054 3055/3055/3055 3051/3051/3051
f 3052/3052/3052 3056/3056/3056 3053/3053/3053
f 3056/3056/3056 3052/3052/3052 3055/3055/3055
f 3053/3053/3053 3057/3057/3057 3054/3054/3054
f 3056/3056/3056 3057/3057/3057 3053/3053/3053
f 3054/3054/3054 3058/3058/3058 3055/3055/3055
f 3057/3057/3057 3058/3058/3058 3054/3054/3054
f 3056/3056/3056 3055/3055/3055 3059/3059/3059
f 3058/3058/3058 3059/3059/3059 3055/3055/3055
f 3056/3056/3056 3060/3060/3060 3057/3057/3057
f 3060/3060/3060 3056/3056/3056 3059/3059/3059
f 3057/3057/3057 3061/3061/3061 3058/3058/3058
f 3060/3060/3060 3061/3061/3061 3057/3057/3057
f 3060/3060/3060 3059/3059/3059 3062/3062/3062
f 3058/3058/3058 3062/3062/3062 3059/3059/3059
f 3061/3061/3061 3062/3062/3062 3058/3058/3058
f 3061/3061/3061 3060/3060/3060 3062/3062/3062
f 3065/3065/3065 3064/3064/3064 3063/3063/3063
f 3066/3066/3066 3063/3063/3063 3064/3064/3064
f 3066/3066/3066 3067/3067/3067 3063/3063/3063
f 3067/3067/3067 3065/3065/3065 3063/3063/3063
f 3068/3068/3068 3066/3066/3066 3064/3064/3064
f 3068/3068/3068 3067/3067/3067 3066/3066/3066
f 3067/3067/3067 3069/3069/3069 3065/3065/3065
f 3070/3070/3070 3067/3067/3067 3068/3068/3068
f 3067/3067/3067 3070/3070/3070 3069/3069/3069
f 3069/3069/3069 3071/3071/3071 3065/3065/3065
f 3065/3065/3065 3072/3072/3072 3064/3064/3064
f 3072/3072/3072 3065/3065/3065 3071/3071/3071
f 3069/3069/3069 3073/3073/3073 3071/3071/3071
f 3073/3073/3073 3069/3069/3069 3070/3070/3070
f 3071/3071/3071 3074/3074/3074 3072/3072/3072
f 3073/3073/3073 3074/3074/3074 3071/3071/3071
f 3072/3072/3072 3075/3075/3075 3064/3064/3064
f 3068/3068/3068 3064/3064/3064 3076/3076/3076
f 3075/3075/3075 3076/3076/3076 3064/3064/3064
f 3072/3072/3072 3074/3074/3074 3077/3077/3077
f 3075/3075/3075 3072/3072/3072 3077/3077/3077
f 3073/3073/3073 3070/3070/3070 3078/3078/3078
f 3079/3079/3079 3070/3070/3070 3068/3068/3068
f 3070/3070/3070 3079/3079/3079 3078/3078/3078
f 3080/3080/3080 3068/3068/3068 3076/3076/3076
f 3080/3080/3080 3079/3079/3079 3068/3068/3068
f 3073/3073/3073 3081/3081/3081 3074/3074/3074
f 3081/3081/3081 3073/3073/3073 3078/3078/3078
f 3080/3080/3080 3076/3076/3076 3082/3082/3082
f 3076/3076/3076 3075/3075/3075 3082/3082/3082
f 3074/3074/3074 3083/3083/3083 3077/3077/3077
f 3081/3081/3081 3083/3083/3083 3074/3074/3074
f 3079/3079/3079 3080/3080/3080 3084/3084/3084
f 3084/3084/3084 3080/3080/3080 3082/3082/3082
f 3079/3079/3079 3085/3085/3085 3078/3078/3078
f 3081/3081/3081 3078/3078/3078 3086/3086/3086
f 3078/3078/3078 3085/3085/3085 3086/3086/3086
f 3087/3087/3087 3079/3079/3079 3084/3084/3084
f 3079/3079/3079 3087/3087/3087 3085/3085/3085
f 3088/3088/3088 3075/3075/3075 3077/3077/3077
f 3077/3077/3077 3083/3083/3083 3089/3089/3089
f 3088/3088/3088 3077/3077/3077 3089/3089/3089
f 3075/3075/3075 3090/3090/3090 3082/3082/3082
f 3090/3090/3090 3075/3075/3075 3088/3088/3088
f 3081/3081/3081 3086/3086/3086 3091/3091/3091
f 3085/3085/3085 3092/3092/3092 3086/3086/3086
f 3086/3086/3086 3092/3092/3092 3091/3091/3091
f 3087/3087/3087 3093/3093/3093 3085/3085/3085
f 3085/3085/3085 3093/3093/3093 3092/3092/3092
f 3081/3081/3081 3094/3094/3094 3083/3083/3083
f 3094/3094/3094 3081/3081/3081 3091/3091/3091
f 3094/3094/3094 3095/3095/3095 3083/3083/3083
f 3094/3094/3094 3091/3091/3091 3095/3095/3095
f 3083/3083/3083 3095/3095/3095 3096/3096/3096
f 3091/3091/3091 3096/3096/3096 3095/3095/3095
f 3089/3089/3089 3083/3083/3083 3096/3096/3096
f 3097/3097/3097 3088/3088/3088 3089/3089/3089
f 3097/3097/3097 3089/3089/3089 3096/3096/3096
f 3092/3092/3092 3098/3098/3098 3091/3091/3091
f 3091/3091/3091 3098/3098/3098 3096/3096/3096
f 3093/3093/3093 3099/3099/3099 3092/3092/3092
f 3092/3092/3092 3099/3099/3099 3098/3098/3098
f 3098/3098/3098 3100/3100/3100 3096/3096/3096
f 3100/3100/3100 3097/3097/3097 3096/3096/3096
f 3101/3101/3101 3088/3088/3088 3097/3097/3097
f 3101/3101/3101 3090/3090/3090 3088/3088/3088
f 3102/3102/3102 3101/3101/3101 3097/3097/3097
f 3102/3102/3102 3097/3097/3097 3100/3100/3100
f 3098/3098/3098 3103/3103/3103 3100/3100/3100
f 3099/3099/3099 3103/3103/3103 3098/3098/3098
f 3093/3093/3093 3104/3104/3104 3099/3099/3099
f 3087/3087/3087 3104/3104/3104 3093/3093/3093
f 3105/3105/3105 3090/3090/3090 3101/3101/3101
f 3105/3105/3105 3101/3101/3101 3102/3102/3102
f 3106/3106/3106 3102/3102/3102 3100/3100/3100
f 3103/3103/3103 3106/3106/3106 3100/3100/3100
f 3099/3099/3099 3107/3107/3107 3103/3103/3103
f 3104/3104/3104 3107/3107/3107 3099/3099/3099
f 3108/3108/3108 3105/3105/3105 3102/3102/3102
f 3108/3108/3108 3102/3102/3102 3106/3106/3106
f 3107/3107/3107 3104/3104/3104 3108/3108/3108
f 3104/3104/3104 3105/3105/3105 3108/3108/3108
f 3087/3087/3087 3109/3109/3109 3104/3104/3104
f 3104/3104/3104 3109/3109/3109 3105/3105/3105
f 3110/3110/3110 3090/3090/3090 3105/3105/3105
f 3109/3109/3109 3110/3110/3110 3105/3105/3105
f 3111/3111/3111 3109/3109/3109 3087/3087/3087
f 3109/3109/3109 3111/3111/3111 3110/3110/3110
f 3111/3111/3111 3087/3087/3087 3084/3084/3084
f 3110/3110/3110 3112/3112/3112 3090/3090/3090
f 3111/3111/3111 3112/3112/3112 3110/3110/3110
f 3090/3090/3090 3112/3112/3112 3082/3082/3082
f 3107/3107/3107 3113/3113/3113 3103/3103/3103
f 3103/3103/3103 3113/3113/3113 3106/3106/3106
f 3114/3114/3114 3108/3108/3108 3106/3106/3106
f 3107/3107/3107 3108/3108/3108 3114/3114/3114
f 3113/3113/3113 3114/3114/3114 3106/3106/3106
f 3113/3113/3113 3107/3107/3107 3114/3114/3114
f 3111/3111/3111 3084/3084/3084 3115/3115/3115
f 3111/3111/3111 3115/3115/3115 3112/3112/3112
f 3082/3082/3082 3112/3112/3112 3116/3116/3116
f 3084/3084/3084 3082/3082/3082 3116/3116/3116
f 3115/3115/3115 3084/3084/3084 3116/3116/3116
f 3115/3115/3115 3116/3116/3116 3112/3112/3112
f 3119/3119/3119 3118/3118/3118 3117/3117/3117
f 3120/3120/3120 3117/3117/3117 3118/3118/3118
f 3121/3121/3121 3118/3118/3118 3119/3119/3119
f 3121/3121/3121 3120/3120/3120 3118/3118/3118
f 3122/3122/3122 3121/3121/3121 3119/3119/3119
f 3121/3121/3121 3122/3122/3122 3120/3120/3120
f 3123/3123/3123 3119/3119/3119 3117/3117/3117
f 3124/3124/3124 3123/3123/3123 3117/3117/3117
f 3125/3125/3125 3124/3124/3124 3117/3117/3117
f 3120/3120/3120 3126/3126/3126 3117/3117/3117
f 3126/3126/3126 3125/3125/3125 3117/3117/3117
f 3127/3127/3127 3126/3126/3126 3120/3120/3120
f 3128/3128/3128 3127/3127/3127 3120/3120/3120
f 3122/3122/3122 3128/3128/3128 3120/3120/3120
f 3128/3128/3128 3123/3123/3123 3124/3124/3124
f 3127/3127/3127 3128/3128/3128 3124/3124/3124
f 3128/3128/3128 3129/3129/3129 3123/3123/3123
f 3129/3129/3129 3128/3128/3128 3122/3122/3122
f 3123/3123/3123 3130/3130/3130 3119/3119/3119
f 3129/3129/3129 3130/3130/3130 3123/3123/3123
f 3126/3126/3126 3131/3131/3131 3125/3125/3125
f 3131/3131/3131 3126/3126/3126 3127/3127/3127
f 3122/3122/3122 3119/3119/3119 3132/3132/3132
f 3130/3130/3130 3132/3132/3132 3119/3119/3119
f 3131/3131/3131 3133/3133/3133 3125/3125/3125
f 3125/3125/3125 3133/3133/3133 3124/3124/3124
f 3131/3131/3131 3134/3134/3134 3133/3133/3133
f 3134/3134/3134 3131/3131/3131 3127/3127/3127
f 3135/3135/3135 3134/3134/3134 3127/3127/3127
f 3134/3134/3134 3136/3136/3136 3133/3133/3133
f 3133/3133/3133 3136/3136/3136 3124/3124/3124
f 3134/3134/3134 3135/3135/3135 3136/3136/3136
f 3136/3136/3136 3137/3137/3137 3124/3124/3124
f 3135/3135/3135 3137/3137/3137 3136/3136/3136
f 3127/3127/3127 3124/3124/3124 3138/3138/3138
f 3137/3137/3137 3138/3138/3138 3124/3124/3124
f 3138/3138/3138 3137/3137/3137 3139/3139/3139
f 3139/3139/3139 3140/3140/3140 3138/3138/3138
f 3140/3140/3140 3141/3141/3141 3138/3138/3138
f 3141/3141/3141 3127/3127/3127 3138/3138/3138
f 3141/3141/3141 3135/3135/3135 3127/3127/3127
f 3135/3135/3135 3141/3141/3141 3140/3140/3140
f 3137/3137/3137 3135/3135/3135 3142/3142/3142
f 3137/3137/3137 3142/3142/3142 3139/3139/3139
f 3135/3135/3135 3143/3143/3143 3142/3142/3142
f 3143/3143/3143 3135/3135/3135 3140/3140/3140
f 3142/3142/3142 3143/3143/3143 3144/3144/3144
f 3142/3142/3142 3144/3144/3144 3139/3139/3139
f 3143/3143/3143 3145/3145/3145 3144/3144/3144
f 3145/3145/3145 3143/3143/3143 3140/3140/3140
f 3144/3144/3144 3145/3145/3145 3146/3146/3146
f 3144/3144/3144 3146/3146/3146 3139/3139/3139
f 3145/3145/3145 3147/3147/3147 3146/3146/3146
f 3147/3147/3147 3145/3145/3145 3140/3140/3140
f 3146/3146/3146 3147/3147/3147 3148/3148/3148
f 3139/3139/3139 3146/3146/3146 3148/3148/3148
f 3147/3147/3147 3140/3140/3140 3149/3149/3149
f 3147/3147/3147 3149/3149/3149 3148/3148/3148
f 3150/3150/3150 3140/3140/3140 3139/3139/3139
f 3140/3140/3140 3150/3150/3150 3149/3149/3149
f 3151/3151/3151 3139/3139/3139 3148/3148/3148
f 3151/3151/3151 3150/3150/3150 3139/3139/3139
f 3150/3150/3150 3152/3152/3152 3149/3149/3149
f 3129/3129/3129 3150/3150/3150 3151/3151/3151
f 3150/3150/3150 3129/3129/3129 3152/3152/3152
f 3130/3130/3130 3129/3129/3129 3151/3151/3151
f 3130/3130/3130 3151/3151/3151 3153/3153/3153
f 3153/3153/3153 3151/3151/3151 3148/3148/3148
f 3132/3132/3132 3130/3130/3130 3153/3153/3153
f 3153/3153/3153 3152/3152/3152 3132/3132/3132
f 3148/3148/3148 3149/3149/3149 3154/3154/3154
f 3154/3154/3154 3153/3153/3153 3148/3148/3148
f 3149/3149/3149 3155/3155/3155 3154/3154/3154
f 3154/3154/3154 3155/3155/3155 3153/3153/3153
f 3152/3152/3152 3155/3155/3155 3149/3149/3149
f 3155/3155/3155 3152/3152/3152 3153/3153/3153
f 3129/3129/3129 3156/3156/3156 3152/3152/3152
f 3152/3152/3152 3156/3156/3156 3132/3132/3132
f 3156/3156/3156 3129/3129/3129 3122/3122/3122
f 3156/3156/3156 3122/3122/3122 3132/3132/3132
f 3159/3159/3159 3158/3158/3158 3157/3157/3157
f 3158/3158/3158 3160/3160/3160 3157/3157/3157
f 3157/3157/3157 3161/3161/3161 3159/3159/3159
f 3161/3161/3161 3157/3157/3157 3160/3160/3160
f 3158/3158/3158 3159/3159/3159 3162/3162/3162
f 3163/3163/3163 3159/3159/3159 3161/3161/3161
f 3159/3159/3159 3163/3163/3163 3162/3162/3162
f 3160/3160/3160 3158/3158/3158 3164/3164/3164
f 3165/3165/3165 3161/3161/3161 3160/3160/3160
f 3160/3160/3160 3164/3164/3164 3166/3166/3166
f 3166/3166/3166 3165/3165/3165 3160/3160/3160
f 3165/3165/3165 3167/3167/3167 3161/3161/3161
f 3165/3165/3165 3166/3166/3166 3168/3168/3168
f 3167/3167/3167 3165/3165/3165 3168/3168/3168
f 3169/3169/3169 3168/3168/3168 3166/3166/3166
f 3164/3164/3164 3169/3169/3169 3166/3166/3166
f 3170/3170/3170 3163/3163/3163 3161/3161/3161
f 3167/3167/3167 3170/3170/3170 3161/3161/3161
f 3171/3171/3171 3167/3167/3167 3168/3168/3168
f 3169/3169/3169 3171/3171/3171 3168/3168/3168
f 3170/3170/3170 3167/3167/3167 3172/3172/3172
f 3167/3167/3167 3171/3171/3171 3172/3172/3172
f 3170/3170/3170 3172/3172/3172 3163/3163/3163
f 3171/3171/3171 3173/3173/3173 3172/3172/3172
f 3173/3173/3173 3171/3171/3171 3169/3169/3169
f 3173/3173/3173 3163/3163/3163 3172/3172/3172
f 3174/3174/3174 3169/3169/3169 3164/3164/3164
f 3169/3169/3169 3174/3174/3174 3173/3173/3173
f 3175/3175/3175 3164/3164/3164 3158/3158/3158
f 3175/3175/3175 3174/3174/3174 3164/3164/3164
f 3163/3163/3163 3173/3173/3173 3176/3176/3176
f 3163/3163/3163 3176/3176/3176 3162/3162/3162
f 3174/3174/3174 3177/3177/3177 3173/3173/3173
f 3173/3173/3173 3177/3177/3177 3176/3176/3176
f 3174/3174/3174 3178/3178/3178 3177/3177/3177
f 3178/3178/3178 3174/3174/3174 3175/3175/3175
f 3179/3179/3179 3175/3175/3175 3158/3158/3158
f 3179/3179/3179 3158/3158/3158 3162/3162/3162
f 3180/3180/3180 3175/3175/3175 3179/3179/3179
f 3180/3180/3180 3178/3178/3178 3175/3175/3175
f 3181/3181/3181 3179/3179/3179 3162/3162/3162
f 3179/3179/3179 3181/3181/3181 3180/3180/3180
f 3162/3162/3162 3182/3182/3182 3181/3181/3181
f 3162/3162/3162 3176/3176/3176 3182/3182/3182
f 3177/3177/3177 3183/3183/3183 3176/3176/3176
f 3183/3183/3183 3177/3177/3177 3178/3178/3178
f 3184/3184/3184 3176/3176/3176 3183/3183/3183
f 3176/3176/3176 3184/3184/3184 3182/3182/3182
f 3184/3184/3184 3183/3183/3183 3178/3178/3178
f 3182/3182/3182 3185/3185/3185 3181/3181/3181
f 3185/3185/3185 3180/3180/3180 3181/3181/3181
f 3182/3182/3182 3184/3184/3184 3185/3185/3185
f 3186/3186/3186 3184/3184/3184 3178/3178/3178
f 3186/3186/3186 3178/3178/3178 3180/3180/3180
f 3184/3184/3184 3186/3186/3186 3185/3185/3185
f 3185/3185/3185 3186/3186/3186 3180/3180/3180
f 3189/3189/3189 3188/3188/3188 3187/3187/3187
f 3187/3187/3187 3188/3188/3188 3190/3190/3190
f 3191/3191/3191 3189/3189/3189 3187/3187/3187
f 3191/3191/3191 3187/3187/3187 3190/3190/3190
f 3192/3192/3192 3188/3188/3188 3189/3189/3189
f 3188/3188/3188 3192/3192/3192 3190/3190/3190
f 3193/3193/3193 3189/3189/3189 3191/3191/3191
f 3189/3189/3189 3193/3193/3193 3192/3192/3192
f 3190/3190/3190 3194/3194/3194 3191/3191/3191
f 3194/3194/3194 3193/3193/3193 3191/3191/3191
f 3190/3190/3190 3192/3192/3192 3195/3195/3195
f 3190/3190/3190 3195/3195/3195 3194/3194/3194
f 3193/3193/3193 3196/3196/3196 3192/3192/3192
f 3192/3192/3192 3196/3196/3196 3195/3195/3195
f 3197/3197/3197 3193/3193/3193 3194/3194/3194
f 3193/3193/3193 3197/3197/3197 3196/3196/3196
f 3195/3195/3195 3198/3198/3198 3194/3194/3194
f 3198/3198/3198 3197/3197/3197 3194/3194/3194
f 3195/3195/3195 3196/3196/3196 3199/3199/3199
f 3195/3195/3195 3199/3199/3199 3198/3198/3198
f 3197/3197/3197 3200/3200/3200 3196/3196/3196
f 3196/3196/3196 3200/3200/3200 3199/3199/3199
f 3201/3201/3201 3197/3197/3197 3198/3198/3198
f 3197/3197/3197 3201/3201/3201 3200/3200/3200
f 3199/3199/3199 3202/3202/3202 3198/3198/3198
f 3202/3202/3202 3201/3201/3201 3198/3198/3198
f 3199/3199/3199 3200/3200/3200 3203/3203/3203
f 3199/3199/3199 3203/3203/3203 3202/3202/3202
f 3201/3201/3201 3204/3204/3204 3200/3200/3200
f 3200/3200/3200 3204/3204/3204 3203/3203/3203
f 3205/3205/3205 3201/3201/3201 3202/3202/3202
f 3201/3201/3201 3205/3205/3205 3204/3204/3204
f 3203/3203/3203 3206/3206/3206 3202/3202/3202
f 3206/3206/3206 3205/3205/3205 3202/3202/3202
f 3203/3203/3203 3204/3204/3204 3207/3207/3207
f 3203/3203/3203 3207/3207/3207 3206/3206/3206
f 3205/3205/3205 3208/3208/3208 3204/3204/3204
f 3204/3204/3204 3208/3208/3208 3207/3207/3207
f 3209/3209/3209 3205/3205/3205 3206/3206/3206
f 3205/3205/3205 3209/3209/3209 3208/3208/3208
f 3207/3207/3207 3208/3208/3208 3210/3210/3210
f 3207/3207/3207 3210/3210/3210 3206/3206/3206
f 3210/3210/3210 3209/3209/3209 3206/3206/3206
f 3208/3208/3208 3209/3209/3209 3210/3210/3210
f 3213/3213/3213 3212/3212/3212 3211/3211/3211
f 3211/3211/3211 3214/3214/3214 3213/3213/3213
f 3215/3215/3215 3214/3214/3214 3211/3211/3211
f 3212/3212/3212 3215/3215/3215 3211/3211/3211
f 3214/3214/3214 3216/3216/3216 3213/3213/3213
f 3215/3215/3215 3216/3216/3216 3214/3214/3214
f 3217/3217/3217 3215/3215/3215 3212/3212/3212
f 3215/3215/3215 3218/3218/3218 3216/3216/3216
f 3218/3218/3218 3215/3215/3215 3217/3217/3217
f 3219/3219/3219 3217/3217/3217 3212/3212/3212
f 3220/3220/3220 3212/3212/3212 3213/3213/3213
f 3212/3212/3212 3220/3220/3220 3219/3219/3219
f 3221/3221/3221 3217/3217/3217 3219/3219/3219
f 3217/3217/3217 3221/3221/3221 3218/3218/3218
f 3222/3222/3222 3219/3219/3219 3220/3220/3220
f 3222/3222/3222 3221/3221/3221 3219/3219/3219
f 3223/3223/3223 3220/3220/3220 3213/3213/3213
f 3213/3213/3213 3216/3216/3216 3224/3224/3224
f 3224/3224/3224 3223/3223/3223 3213/3213/3213
f 3222/3222/3222 3220/3220/3220 3225/3225/3225
f 3220/3220/3220 3223/3223/3223 3225/3225/3225
f 3218/3218/3218 3221/3221/3221 3226/3226/3226
f 3218/3218/3218 3227/3227/3227 3216/3216/3216
f 3227/3227/3227 3218/3218/3218 3226/3226/3226
f 3216/3216/3216 3228/3228/3228 3224/3224/3224
f 3227/3227/3227 3228/3228/3228 3216/3216/3216
f 3229/3229/3229 3221/3221/3221 3222/3222/3222
f 3221/3221/3221 3229/3229/3229 3226/3226/3226
f 3224/3224/3224 3228/3228/3228 3230/3230/3230
f 3223/3223/3223 3224/3224/3224 3230/3230/3230
f 3231/3231/3231 3222/3222/3222 3225/3225/3225
f 3231/3231/3231 3229/3229/3229 3222/3222/3222
f 3228/3228/3228 3227/3227/3227 3232/3232/3232
f 3228/3228/3228 3232/3232/3232 3230/3230/3230
f 3233/3233/3233 3227/3227/3227 3226/3226/3226
f 3226/3226/3226 3229/3229/3229 3234/3234/3234
f 3233/3233/3233 3226/3226/3226 3234/3234/3234
f 3227/3227/3227 3235/3235/3235 3232/3232/3232
f 3235/3235/3235 3227/3227/3227 3233/3233/3233
f 3223/3223/3223 3236/3236/3236 3225/3225/3225
f 3231/3231/3231 3225/3225/3225 3237/3237/3237
f 3225/3225/3225 3236/3236/3236 3237/3237/3237
f 3238/3238/3238 3223/3223/3223 3230/3230/3230
f 3223/3223/3223 3238/3238/3238 3236/3236/3236
f 3234/3234/3234 3229/3229/3229 3239/3239/3239
f 3240/3240/3240 3233/3233/3233 3234/3234/3234
f 3240/3240/3240 3234/3234/3234 3239/3239/3239
f 3241/3241/3241 3235/3235/3235 3233/3233/3233
f 3241/3241/3241 3233/3233/3233 3240/3240/3240
f 3242/3242/3242 3229/3229/3229 3231/3231/3231
f 3229/3229/3229 3242/3242/3242 3239/3239/3239
f 3243/3243/3243 3242/3242/3242 3231/3231/3231
f 3239/3239/3239 3242/3242/3242 3243/3243/3243
f 3243/3243/3243 3231/3231/3231 3244/3244/3244
f 3244/3244/3244 3239/3239/3239 3243/3243/3243
f 3231/3231/3231 3237/3237/3237 3244/3244/3244
f 3236/3236/3236 3245/3245/3245 3237/3237/3237
f 3237/3237/3237 3245/3245/3245 3244/3244/3244
f 3246/3246/3246 3240/3240/3240 3239/3239/3239
f 3246/3246/3246 3239/3239/3239 3244/3244/3244
f 3247/3247/3247 3241/3241/3241 3240/3240/3240
f 3247/3247/3247 3240/3240/3240 3246/3246/3246
f 3248/3248/3248 3246/3246/3246 3244/3244/3244
f 3245/3245/3245 3248/3248/3248 3244/3244/3244
f 3236/3236/3236 3249/3249/3249 3245/3245/3245
f 3238/3238/3238 3249/3249/3249 3236/3236/3236
f 3249/3249/3249 3250/3250/3250 3245/3245/3245
f 3245/3245/3245 3250/3250/3250 3248/3248/3248
f 3251/3251/3251 3246/3246/3246 3248/3248/3248
f 3251/3251/3251 3247/3247/3247 3246/3246/3246
f 3252/3252/3252 3241/3241/3241 3247/3247/3247
f 3252/3252/3252 3235/3235/3235 3241/3241/3241
f 3238/3238/3238 3253/3253/3253 3249/3249/3249
f 3249/3249/3249 3253/3253/3253 3250/3250/3250
f 3250/3250/3250 3254/3254/3254 3248/3248/3248
f 3254/3254/3254 3251/3251/3251 3248/3248/3248
f 3255/3255/3255 3247/3247/3247 3251/3251/3251
f 3255/3255/3255 3252/3252/3252 3247/3247/3247
f 3253/3253/3253 3256/3256/3256 3250/3250/3250
f 3250/3250/3250 3256/3256/3256 3254/3254/3254
f 3252/3252/3252 3255/3255/3255 3256/3256/3256
f 3253/3253/3253 3252/3252/3252 3256/3256/3256
f 3257/3257/3257 3235/3235/3235 3252/3252/3252
f 3257/3257/3257 3252/3252/3252 3253/3253/3253
f 3238/3238/3238 3258/3258/3258 3253/3253/3253
f 3258/3258/3258 3257/3257/3257 3253/3253/3253
f 3257/3257/3257 3259/3259/3259 3235/3235/3235
f 3259/3259/3259 3257/3257/3257 3258/3258/3258
f 3235/3235/3235 3259/3259/3259 3232/3232/3232
f 3260/3260/3260 3258/3258/3258 3238/3238/3238
f 3260/3260/3260 3259/3259/3259 3258/3258/3258
f 3260/3260/3260 3238/3238/3238 3230/3230/3230
f 3261/3261/3261 3255/3255/3255 3251/3251/3251
f 3261/3261/3261 3251/3251/3251 3254/3254/3254
f 3256/3256/3256 3262/3262/3262 3254/3254/3254
f 3256/3256/3256 3255/3255/3255 3262/3262/3262
f 3262/3262/3262 3261/3261/3261 3254/3254/3254
f 3255/3255/3255 3261/3261/3261 3262/3262/3262
f 3232/3232/3232 3259/3259/3259 3263/3263/3263
f 3263/3263/3263 3259/3259/3259 3260/3260/3260
f 3260/3260/3260 3230/3230/3230 3264/3264/3264
f 3230/3230/3230 3232/3232/3232 3264/3264/3264
f 3232/3232/3232 3263/3263/3263 3264/3264/3264
f 3264/3264/3264 3263/3263/3263 3260/3260/3260
g 02_Cloth_14_1
f 3267/3267/3267 3266/3266/3266 3265/3265/3265
f 3266/3266/3266 3268/3268/3268 3265/3265/3265
f 3265/3265/3265 3268/3268/3268 3269/3269/3269
f 3266/3266/3266 3270/3270/3270 3268/3268/3268
f 3268/3268/3268 3271/3271/3271 3269/3269/3269
f 3269/3269/3269 3271/3271/3271 3272/3272/3272
f 3271/3271/3271 3273/3273/3273 3272/3272/3272
f 3270/3270/3270 3274/3274/3274 3268/3268/3268
f 3268/3268/3268 3274/3274/3274 3271/3271/3271
f 3270/3270/3270 3275/3275/3275 3274/3274/3274
f 3271/3271/3271 3276/3276/3276 3273/3273/3273
f 3274/3274/3274 3276/3276/3276 3271/3271/3271
f 3276/3276/3276 3277/3277/3277 3273/3273/3273
f 3275/3275/3275 3278/3278/3278 3274/3274/3274
f 3274/3274/3274 3278/3278/3278 3276/3276/3276
f 3276/3276/3276 3279/3279/3279 3277/3277/3277
f 3278/3278/3278 3279/3279/3279 3276/3276/3276
f 3279/3279/3279 3280/3280/3280 3277/3277/3277
f 3280/3280/3280 3279/3279/3279 3281/3281/3281
f 3279/3279/3279 3282/3282/3282 3281/3281/3281
f 3279/3279/3279 3278/3278/3278 3282/3282/3282
f 3281/3281/3281 3282/3282/3282 3283/3283/3283
f 3278/3278/3278 3275/3275/3275 3284/3284/3284
f 3278/3278/3278 3284/3284/3284 3282/3282/3282
f 3275/3275/3275 3285/3285/3285 3284/3284/3284
f 3282/3282/3282 3286/3286/3286 3283/3283/3283
f 3282/3282/3282 3284/3284/3284 3286/3286/3286
f 3283/3283/3283 3286/3286/3286 3287/3287/3287
f 3286/3286/3286 3288/3288/3288 3287/3287/3287
f 3284/3284/3284 3285/3285/3285 3289/3289/3289
f 3284/3284/3284 3289/3289/3289 3286/3286/3286
f 3286/3286/3286 3289/3289/3289 3288/3288/3288
f 3285/3285/3285 3290/3290/3290 3289/3289/3289
f 3289/3289/3289 3291/3291/3291 3288/3288/3288
f 3289/3289/3289 3290/3290/3290 3291/3291/3291
f 3290/3290/3290 3292/3292/3292 3291/3291/3291
f 3295/3295/3295 3294/3294/3294 3293/3293/3293
f 3296/3296/3296 3295/3295/3295 3293/3293/3293
f 3297/3297/3297 3295/3295/3295 3296/3296/3296
f 3297/3297/3297 3298/3298/3298 3295/3295/3295
f 3298/3298/3298 3299/3299/3299 3295/3295/3295
f 3298/3298/3298 3300/3300/3300 3299/3299/3299
f 3300/3300/3300 3301/3301/3301 3299/3299/3299
f 3300/3300/3300 3302/3302/3302 3301/3301/3301
f 3302/3302/3302 3303/3303/3303 3301/3301/3301
f 3303/3303/3303 3302/3302/3302 3304/3304/3304
f 3302/3302/3302 3305/3305/3305 3304/3304/3304
f 3304/3304/3304 3305/3305/3305 3306/3306/3306
f 3305/3305/3305 3307/3307/3307 3306/3306/3306
f 3306/3306/3306 3307/3307/3307 3308/3308/3308
f 3307/3307/3307 3309/3309/3309 3308/3308/3308
f 3308/3308/3308 3309/3309/3309 3310/3310/3310
f 3308/3308/3308 3310/3310/3310 3311/3311/3311
f 3312/3312/3312 3308/3308/3308 3311/3311/3311
