g 03_bodymesh_zombie02
v 0.20049235 1.0159659 0.04886718
v 0.16863668 1.0743603 0.084222086
v 0.18713233 1.0701761 0.047473166
v 0.1814993 1.020064 0.08995201
v 0.1432639 1.0809538 0.110847056
v 0.15628046 1.0278691 0.12247737
v 0.11547342 1.0868742 0.12679079
v 0.12230772 1.0345887 0.14309292
v 0.080124795 1.0908847 0.1368275
v 0.08333582 1.0386995 0.1537339
v 0.0404374 1.0907443 0.1425176
v 0.041519135 1.0385612 0.15842788
v -0 1.088922 0.14245167
v -0 1.0386962 0.15822487
v -0.041519128 1.0385642 0.15843968
v -0.040437393 1.0907443 0.1425176
v -0.08333582 1.0386922 0.1537048
v -0.080124795 1.0908847 0.1368275
v -0.12230771 1.0345756 0.14304893
v -0.11547343 1.0868742 0.12679079
v -0.15628046 1.027865 0.12254284
v -0.1432639 1.0809538 0.110847056
v -0.1814993 1.0200857 0.090249315
v -0.16863668 1.0743612 0.08423407
v -0.20049235 1.0159986 0.049258992
v -0.18713234 1.0701852 0.047582034
v -0.2063189 1.0137943 -0.0024280113
v -0.19504528 1.0638125 0.004061168
v 0.5351819 1.2881792 0.032434523
v 0.47367272 1.2192973 0.03760035
v 0.4765775 1.2893016 0.031902194
v 0.5329448 1.2188116 0.038484972
v 0.5020033 1.1648866 0.016504515
v 0.5409564 1.1627021 0.015397091
v 0.50171316 1.1507534 -0.012467154
v 0.5409919 1.1492428 -0.012345293
v 0.50171316 1.1507534 -0.012467154
v 0.5397582 1.178178 -0.04059775
v 0.50184476 1.185332 -0.044049278
v 0.5350306 1.215508 -0.06541752
v 0.50312185 1.2229 -0.06559747
v 0.53832436 1.2801715 -0.06228438
v 0.506107 1.2773346 -0.062636316
v 0.5081508 1.3036226 -0.037533615
v 0.54389465 1.3072892 -0.03432459
v 0.5440111 1.3105793 0.0034558724
v 0.5083058 1.3084396 0.0046084775
v 0.5351819 1.2881792 0.032434523
v 0.4765775 1.2893016 0.031902194
v 0.4696699 1.3126916 0.0031293875
v 0.42285362 1.3174493 0.0031264364
v 0.4248474 1.2884637 0.03394699
v 0.3829601 1.3224543 0.0017577341
v 0.42385373 1.2275398 0.037513293
v 0.47367272 1.2192973 0.03760035
v 0.3837866 1.2900133 0.032523602
v 0.33288082 1.3302811 0.0017307021
v 0.4638212 1.1650501 0.01537459
v 0.5020033 1.1648866 0.016504515
v 0.50171316 1.1507534 -0.012467154
v 0.46414736 1.1536177 -0.012414614
v 0.42352512 1.1682961 0.01616614
v 0.4238073 1.155284 -0.012566159
v 0.38436392 1.2300231 0.03697244
v 0.38411233 1.170678 0.018556286
v 0.38473514 1.1577234 -0.011584709
v 0.33368936 1.2365532 0.03859476
v 0.33662662 1.1753312 0.02073236
v 0.26538223 1.2433169 0.050930567
v 0.33722186 1.1628637 -0.011088143
v 0.33298036 1.2931818 0.034892287
v 0.2692742 1.1806177 0.028592275
v 0.23225582 1.1623228 0.030032862
v 0.27305087 1.1589887 -0.008966993
v 0.24108401 1.1481901 -0.0093878
v 0.20365739 1.1232768 -0.002668236
v 0.26461273 1.3032061 0.04819336
v 0.19427523 1.1362278 0.036855154
v 0.19098705 1.0873946 0.0020176785
v 0.18187773 1.0975455 0.03934133
v 0.19504526 1.0637985 0.0038933512
v 0.18713233 1.0701761 0.047473166
v 0.16353646 1.1091383 0.073938906
v 0.16863668 1.0743603 0.084222086
v 0.13672563 1.1191235 0.1003792
v 0.1432639 1.0809538 0.110847056
v 0.11296466 1.1266074 0.11649128
v 0.11547342 1.0868742 0.12679079
v 0.0798997 1.131187 0.12714759
v 0.080124795 1.0908847 0.1368275
v 0.03991148 1.1313329 0.13485739
v 0.0404374 1.0907443 0.1425176
v -0 1.131702 0.13537887
v -0 1.1861155 0.13163294
v -0 1.088922 0.14245167
v -0.040437393 1.0907443 0.1425176
v -0.03991148 1.1313329 0.13485739
v -0.080124795 1.0908847 0.1368275
v 0.040475458 1.1853088 0.13036181
v 0.03623633 1.2343323 0.12633051
v 0.083611995 1.1831087 0.12525468
v -0.07989969 1.131187 0.12714759
v -0.11547343 1.0868742 0.12679079
v -0.11296465 1.1266074 0.11649128
v -0.040475458 1.1853088 0.13036181
v -0.083611995 1.1831087 0.12525468
v -0.117595695 1.1784395 0.11645131
v -0.03623633 1.2343323 0.12633051
v -0 1.2345408 0.12559785
v -0 1.2606554 0.11825231
v 0.016423717 1.274837 0.11455116
v 0.037246436 1.2574955 0.11997921
v 0.036719352 1.2923619 0.109977424
v 0.05991128 1.238174 0.12502456
v 0.08475554 1.2947963 0.1071451
v 0.07614303 1.3241618 0.093141906
v 0.11612123 1.3248591 0.08788236
v 0.09411174 1.3454492 0.0657089
v 0.1157746 1.3494914 0.05382039
v 0.09360489 1.3598554 0.02514221
v 0.08388865 1.2141197 0.12276352
v 0.086016744 1.2406887 0.12175719
v 0.1175957 1.1784395 0.11645131
v 0.13345894 1.2846413 0.099294335
v 0.14219522 1.1707064 0.09986235
v 0.12771997 1.247541 0.114742555
v 0.16794747 1.158104 0.068085186
v 0.16485253 1.2532297 0.09857116
v 0.18173644 1.2116339 0.06720914
v 0.21903247 1.2434785 0.06420348
v 0.15651715 1.3081112 0.08303829
v 0.23157528 1.297331 0.064061075
v 0.14468896 1.3334161 0.07363736
v 0.16637763 1.344468 0.046190847
v 0.13401768 1.3568249 0.035786707
v 0.21833518 1.3313848 0.046034597
v 0.107523814 1.3650304 0.0044864574
v 0.090839714 1.3691305 -0.004236981
v 0.08394301 1.3715943 -0.026048347
v 0.10997394 1.3642333 -0.030331684
v 0.15052304 1.3634883 0.011556105
v 0.1939773 1.3592671 0.01260926
v 0.26506028 1.3426578 0.011067708
v 0.20950887 1.3558859 -0.03948463
v 0.26520526 1.3428954 -0.044263225
v 0.33312064 1.3301457 -0.038826413
v 0.20631889 1.0137604 -0.0027860862
v 0.20049235 1.0159659 0.04886718
v 0.18713233 1.0701761 0.047473166
v 0.19504526 1.0637985 0.0038933512
v 0.18954176 1.0637614 -0.0321283
v 0.19906035 1.0141975 -0.04169546
v 0.168928 1.0707421 -0.052614715
v 0.18320093 1.0186309 -0.068920776
v 0.1452671 1.0753149 -0.06943792
v 0.1573568 1.0238456 -0.088915154
v 0.12364951 1.0312717 -0.10509559
v 0.118024334 1.0810516 -0.08665267
v 0.083778486 1.0871849 -0.09907144
v 0.08354372 1.0371008 -0.1172347
v 0.041637436 1.0908222 -0.107488245
v 0.041698694 1.0381532 -0.12525094
v -0 1.0887635 -0.10966039
v -0 1.038331 -0.12890692
v -0.041698694 1.0381559 -0.1252384
v -0.041637436 1.0908217 -0.10749334
v -0.083543725 1.0370767 -0.11708572
v -0.083778486 1.0871865 -0.099053204
v -0.12364952 1.0312692 -0.10501947
v -0.118024334 1.081054 -0.086624
v -0.14526708 1.0753195 -0.069382876
v -0.1573568 1.0238229 -0.08869462
v -0.18320093 1.0186472 -0.06873183
v -0.168928 1.0707484 -0.05253845
v -0.19906035 1.0142134 -0.041322753
v -0.18954176 1.0637739 -0.0319792
v -0.2063189 1.0137943 -0.0024280113
v -0.19504528 1.0638125 0.004061168
v 0.3829601 1.3224543 0.0017577341
v 0.33288082 1.3302811 0.0017307021
v 0.33312064 1.3301457 -0.038826413
v 0.3830712 1.3214576 -0.03464452
v 0.42285362 1.3174493 0.0031264364
v 0.4229931 1.3147486 -0.03454778
v 0.4696699 1.3126916 0.0031293875
v 0.46967754 1.3104177 -0.034172837
v 0.5083058 1.3084396 0.0046084775
v 0.5081508 1.3036226 -0.037533615
v 0.4730145 1.284919 -0.061728656
v 0.506107 1.2773346 -0.062636316
v 0.42393503 1.284495 -0.06404987
v 0.47059563 1.2223711 -0.0645987
v 0.50312185 1.2229 -0.06559747
v 0.50184476 1.185332 -0.044049278
v 0.42379776 1.2299336 -0.065365545
v 0.4643555 1.1825345 -0.041007563
v 0.50171316 1.1507534 -0.012467154
v 0.46414736 1.1536177 -0.012414614
v 0.42425784 1.1836352 -0.042198136
v 0.4238073 1.155284 -0.012566159
v 0.38487116 1.2892329 -0.06378877
v 0.38602242 1.2344819 -0.065626375
v 0.3851829 1.1860682 -0.04269792
v 0.38473514 1.1577234 -0.011584709
v 0.33682576 1.2450321 -0.07004272
v 0.33833173 1.1914865 -0.045156196
v 0.33722186 1.1628637 -0.011088143
v 0.27063963 1.187475 -0.045797095
v 0.27305087 1.1589887 -0.008966993
v 0.33407846 1.296601 -0.0683116
v 0.26548228 1.2449555 -0.076515965
v 0.24190637 1.1707801 -0.046771955
v 0.24108401 1.1481901 -0.0093878
v 0.20365739 1.1232768 -0.002668236
v 0.26400495 1.304705 -0.07723621
v 0.26520526 1.3428954 -0.044263225
v 0.2022304 1.1273742 -0.03573448
v 0.19098705 1.0873946 0.0020176785
v 0.213896 1.1881858 -0.063553765
v 0.19918305 1.2923824 -0.086802065
v 0.22261372 1.3340478 -0.068060644
v 0.14398125 1.305784 -0.091039635
v 0.20950887 1.3558859 -0.03948463
v 0.18476042 1.0901153 -0.029908238
v 0.19504526 1.0637985 0.0038933512
v 0.18954176 1.0637614 -0.0321283
v 0.18411314 1.1365799 -0.05579809
v 0.16715232 1.0999866 -0.051534355
v 0.168928 1.0707421 -0.052614715
v 0.16413486 1.2293197 -0.07837006
v 0.13997945 1.1119466 -0.067736626
v 0.1452671 1.0753149 -0.06943792
v 0.118024334 1.0810516 -0.08665267
v 0.14830723 1.1604056 -0.07318217
v 0.1307278 1.2389473 -0.08876889
v 0.1149126 1.1191899 -0.08233729
v 0.11889404 1.1734449 -0.08479746
v 0.086111516 1.1259601 -0.0922643
v 0.083778486 1.0871849 -0.09907144
v 0.09178534 1.2431567 -0.09301912
v 0.090647 1.179289 -0.09207772
v 0.04307115 1.1314816 -0.10093323
v 0.041637436 1.0908222 -0.107488245
v 0.0451611 1.1848872 -0.099896654
v -0 1.1320671 -0.1038189
v -0 1.0887635 -0.10966039
v -0.041637436 1.0908217 -0.10749334
v -0 1.1858577 -0.10315545
v -0.04307115 1.1314816 -0.10093323
v -0.083778486 1.0871865 -0.099053204
v 0.045106858 1.242707 -0.09915676
v -0 1.2417419 -0.10140663
v -0 1.2959323 -0.096870154
v -0.08611152 1.1259601 -0.0922643
v -0.118024334 1.081054 -0.086624
v -0.0451611 1.1848872 -0.099896654
v 0.042717546 1.2979853 -0.0966022
v -0.045106858 1.242707 -0.09915676
v -0.090647 1.179289 -0.09207772
v -0.11491259 1.11919 -0.08233568
v 0.090712965 1.3000247 -0.093367755
v 0.07085097 1.3349648 -0.08291096
v 0.03379427 1.3339182 -0.08817024
v -0.13997944 1.1119474 -0.06772709
v -0.14526708 1.0753195 -0.069382876
v -0.168928 1.0707484 -0.05253845
v -0.1671523 1.0999888 -0.051507175
v -0.18954176 1.0637739 -0.0319792
v -0.14830722 1.1604056 -0.07318217
v -0.11889405 1.1734449 -0.08479746
v -0.1847604 1.0901188 -0.02986714
v -0.19504528 1.0638125 0.004061168
v -0.19098705 1.0874003 0.0020855085
v -0.18411314 1.1365799 -0.05579809
v -0.2022304 1.1273742 -0.03573448
v -0.20365739 1.1232768 -0.002668236
v -0.16413486 1.2293197 -0.07837006
v -0.091785334 1.2431567 -0.09301912
v -0.24190639 1.1707801 -0.046771955
v -0.24108401 1.1481901 -0.0093878
v -0.27305087 1.1589887 -0.008966993
v -0.21389599 1.1881858 -0.063553765
v -0.13072781 1.2389473 -0.08876889
v -0.14398123 1.305784 -0.091039635
v -0.19918305 1.2923824 -0.086802065
v -0.042717546 1.2979853 -0.0966022
v -0.27063963 1.187475 -0.045797095
v -0.33722186 1.1628637 -0.011088143
v -0.26548228 1.2449555 -0.076515965
v -0.33833173 1.1914865 -0.045156196
v -0.38473517 1.1577234 -0.011584709
v -0.33682576 1.2450321 -0.07004272
v -0.38518286 1.1860682 -0.04269792
v -0.42380726 1.155284 -0.012566159
v -0.42425784 1.1836352 -0.042198136
v -0.4641474 1.1536177 -0.012414614
v -0.38602242 1.2344819 -0.065626375
v -0.4643555 1.1825345 -0.041007563
v -0.50171316 1.1507534 -0.012467154
v -0.5018448 1.185332 -0.044049278
v -0.4237978 1.2299336 -0.065365545
v -0.47059566 1.2223711 -0.0645987
v -0.50312185 1.2229 -0.06559747
v -0.50610703 1.2773346 -0.062636316
v -0.47301447 1.284919 -0.061728656
v -0.5081509 1.3036226 -0.037533615
v -0.42393503 1.284495 -0.06404987
v -0.38487118 1.2892329 -0.06378877
v -0.46967754 1.3104177 -0.034172837
v -0.50830585 1.3084396 0.0046084775
v -0.4696699 1.3126916 0.0031293875
v -0.4229931 1.3147486 -0.03454778
v -0.4228536 1.3174493 0.0031264364
v -0.3830712 1.3214576 -0.03464452
v -0.38296014 1.3224543 0.0017577341
v -0.33312064 1.3301457 -0.038826413
v -0.33288082 1.3302811 0.0017307021
v -0.33407846 1.296601 -0.0683116
v -0.26400495 1.304705 -0.07723621
v -0.26520526 1.3428954 -0.044263225
v -0.2226137 1.3340478 -0.068060644
v -0.20950888 1.3558859 -0.03948463
v -0.1732571 1.3458722 -0.06807915
v -0.15419164 1.3633113 -0.036255166
v -0.15052302 1.3634883 0.011556105
v -0.1939773 1.3592671 0.01260926
v -0.107523814 1.3650304 0.0044864574
v -0.10997394 1.3642333 -0.030331684
v -0.13236912 1.3544273 -0.05746491
v -0.108167775 1.3396709 -0.07533992
v -0.070850976 1.3349648 -0.08291096
v -0.09791061 1.3604494 -0.048240494
v -0.08394301 1.3715943 -0.026048347
v -0.076624386 1.3717812 -0.042167112
v -0.07989756 1.3566779 -0.06271975
v -0.06448623 1.371169 -0.05720754
v -0.05434102 1.3548723 -0.07453634
v -0.04439442 1.3704983 -0.06929003
v -0.027258828 1.3546984 -0.08113964
v -0.02286154 1.3704411 -0.07676323
v -0 1.3551847 -0.08448185
v -0 1.3710303 -0.080308184
v 0.02286154 1.3704411 -0.07676323
v -0.03379427 1.3339182 -0.08817024
v 0.027258828 1.3546984 -0.08113964
v 0.04439442 1.3704983 -0.06929003
v 0.05434102 1.3548723 -0.07453634
v 0.064486235 1.371169 -0.05720754
v 0.07989755 1.3566779 -0.06271975
v 0.07662439 1.3717812 -0.042167112
v -0 1.3335892 -0.09020091
v -0.09071297 1.3000247 -0.093367755
v 0.09791061 1.3604494 -0.048240494
v 0.08394301 1.3715943 -0.026048347
v 0.10997394 1.3642333 -0.030331684
v 0.10816777 1.3396709 -0.07533992
v 0.13236913 1.3544273 -0.05746491
v 0.17325708 1.3458722 -0.06807915
v 0.15419164 1.3633113 -0.036255166
v 0.107523814 1.3650304 0.0044864574
v 0.15052304 1.3634883 0.011556105
v 0.1939773 1.3592671 0.01260926
v 0.5409564 1.1627021 0.015397091
v 0.6182419 1.1544154 -0.012368927
v 0.5409919 1.1492428 -0.012345293
v 0.6183586 1.1648976 0.018108416
v 0.7076911 1.151491 -0.012205967
v 0.5329448 1.2188116 0.038484972
v 0.7078618 1.1635513 0.024657268
v 0.7531916 1.151491 -0.012205967
v 0.7533624 1.1635513 0.024657268
v 0.708112 1.223084 0.053580742
v 0.61683464 1.2204406 0.041881364
v 0.61391926 1.2786036 0.03768924
v 0.5351819 1.2881792 0.032434523
v 0.69555783 1.2505625 0.05327517
v 0.5440111 1.3105793 0.0034558724
v 0.7074417 1.276921 0.050396174
v 0.61211133 1.308131 0.006034161
v 0.54389465 1.3072892 -0.03432459
v 0.6116327 1.3066856 -0.036869828
v 0.70545673 1.310204 0.012686814
v 0.77625525 1.2935625 0.031541493
v 0.6798239 1.3088841 -0.043749277
v 0.5397582 1.178178 -0.04059775
v 0.5409919 1.1492428 -0.012345293
v 0.6182419 1.1544154 -0.012368927
v 0.6146219 1.186735 -0.043665037
v 0.7076911 1.151491 -0.012205967
v 0.5350306 1.215508 -0.06541752
v 0.7045289 1.1903325 -0.050169215
v 0.7531916 1.151491 -0.012205967
v 0.6098968 1.2273301 -0.06897544
v 0.7019738 1.225708 -0.080582194
v 0.6105913 1.2774649 -0.06713322
v 0.53832436 1.2801715 -0.06228438
v 0.54389465 1.3072892 -0.03432459
v 0.6116327 1.3066856 -0.036869828
v 0.7035577 1.2764542 -0.079817
v 0.7386527 1.2495873 -0.07111459
v 0.6798239 1.3088841 -0.043749277
v -0.5351819 1.2881792 0.032434523
v -0.4765775 1.2893016 0.031902194
v -0.47367272 1.2192973 0.03760035
v -0.5329448 1.2188116 0.038484972
v -0.5020033 1.1648866 0.016504515
v -0.6139193 1.2786036 0.03768924
v -0.5440112 1.3105793 0.0034558724
v -0.61211133 1.308131 0.006034161
v -0.6168347 1.2204406 0.041881364
v -0.6183587 1.1648976 0.018108416
v -0.5409564 1.1627021 0.015397091
v -0.50171316 1.1507534 -0.012467154
v -0.61824197 1.1544154 -0.012368927
v -0.5409919 1.1492428 -0.012345293
v -0.53975827 1.178178 -0.04059775
v -0.50171316 1.1507534 -0.012467154
v -0.61462194 1.186735 -0.043665037
v -0.5018448 1.185332 -0.044049278
v -0.53503066 1.215508 -0.06541752
v -0.6098968 1.2273301 -0.06897544
v -0.50312185 1.2229 -0.06559747
v -0.6105913 1.2774649 -0.06713322
v -0.5383244 1.2801715 -0.06228438
v -0.50610703 1.2773346 -0.062636316
v -0.5081509 1.3036226 -0.037533615
v -0.5438947 1.3072892 -0.03432459
v -0.6116327 1.3066856 -0.036869828
v -0.5440112 1.3105793 0.0034558724
v -0.50830585 1.3084396 0.0046084775
v -0.5351819 1.2881792 0.032434523
v -0.4765775 1.2893016 0.031902194
v -0.4696699 1.3126916 0.0031293875
v -0.4228536 1.3174493 0.0031264364
v -0.4248474 1.2884637 0.03394699
v -0.38296014 1.3224543 0.0017577341
v -0.42385373 1.2275398 0.037513293
v -0.47367272 1.2192973 0.03760035
v -0.3837866 1.2900133 0.032523602
v -0.33288082 1.3302811 0.0017307021
v -0.46382123 1.1650501 0.01537459
v -0.5020033 1.1648866 0.016504515
v -0.50171316 1.1507534 -0.012467154
v -0.4641474 1.1536177 -0.012414614
v -0.42352512 1.1682961 0.01616614
v -0.42380726 1.155284 -0.012566159
v -0.38436395 1.2300231 0.03697244
v -0.38411233 1.170678 0.018556286
v -0.38473517 1.1577234 -0.011584709
v -0.33368936 1.2365532 0.03859476
v -0.33662662 1.1753312 0.02073236
v -0.26538223 1.2433169 0.050930567
v -0.33722186 1.1628637 -0.011088143
v -0.33298036 1.2931818 0.034892287
v -0.2692742 1.1806177 0.028592275
v -0.23225582 1.1623228 0.030032862
v -0.27305087 1.1589887 -0.008966993
v -0.24108401 1.1481901 -0.0093878
v -0.20365739 1.1232768 -0.002668236
v -0.26461273 1.3032061 0.04819336
v -0.19427523 1.1362278 0.036855154
v -0.19098705 1.0874003 0.0020855085
v -0.18187773 1.0975455 0.03934133
v -0.19504528 1.0638125 0.004061168
v -0.18713234 1.0701852 0.047582034
v -0.16353644 1.1091383 0.073938906
v -0.16863668 1.0743612 0.08423407
v -0.16794747 1.158104 0.068085186
v -0.18173644 1.2116339 0.06720914
v -0.21903247 1.2434785 0.06420348
v -0.16485251 1.2532297 0.09857116
v -0.14219522 1.1707064 0.09986235
v -0.23157527 1.297331 0.064061075
v -0.12771998 1.247541 0.114742555
v -0.15651715 1.3081112 0.08303829
v -0.086016744 1.2406887 0.12175719
v -0.08388866 1.2141197 0.12276352
v -0.05991129 1.238174 0.12502456
v -0.13345893 1.2846413 0.099294335
v -0.08475553 1.2947963 0.1071451
v -0.037246436 1.2574955 0.11997921
v -0.036719352 1.2923619 0.109977424
v -0.016423717 1.274837 0.11455116
v -0.07614302 1.3241618 0.093141906
v -0.11612123 1.3248591 0.08788236
v -0.09411175 1.3454492 0.0657089
v -0.115774594 1.3494914 0.05382039
v -0.093604885 1.3598554 0.02514221
v -0.14468896 1.3334161 0.07363736
v -0.13401766 1.3568249 0.035786707
v -0.16637762 1.344468 0.046190847
v -0.107523814 1.3650304 0.0044864574
v -0.09083971 1.3691305 -0.004236981
v -0.08394301 1.3715943 -0.026048347
v -0.10997394 1.3642333 -0.030331684
v -0.15052302 1.3634883 0.011556105
v -0.1939773 1.3592671 0.01260926
v -0.2183352 1.3313848 0.046034597
v -0.26506028 1.3426578 0.011067708
v -0.20950888 1.3558859 -0.03948463
v -0.26520526 1.3428954 -0.044263225
v -0.33312064 1.3301457 -0.038826413
v -0.1432639 1.0809538 0.110847056
v -0.11296465 1.1266074 0.11649128
v -0.11547343 1.0868742 0.12679079
v -0.13672563 1.1191235 0.1003792
v -0.16863668 1.0743612 0.08423407
v -0.117595695 1.1784395 0.11645131
v -0.16353644 1.1091383 0.073938906
v -0.14219522 1.1707064 0.09986235
v -0.16794747 1.158104 0.068085186
v -0.70811164 1.2230219 0.05354197
v -0.708112 1.223084 0.053580742
v -0.70806336 1.2230825 0.053574484
v -0.7078619 1.1767259 0.024657266
v -0.72466063 1.2013545 0.040023398
v -0.7204236 1.1767259 0.024657266
v -0.70779645 1.1721035 0.01052885
v -0.6183587 1.1648976 0.018108416
v -0.69007766 1.1626472 -0.012238066
v -0.61824197 1.1544154 -0.012368927
v -0.61462194 1.186735 -0.043665037
v -0.6168347 1.2204406 0.041881364
v -0.7045289 1.1903325 -0.050169215
v -0.6874726 1.242356 0.04979209
v -0.7074417 1.276921 0.050396174
v -0.6139193 1.2786036 0.03768924
v -0.7077671 1.2507843 0.051942203
v -0.7607453 1.2901168 0.044068396
v -0.6098968 1.2273301 -0.06897544
v -0.7686868 1.310204 0.012686814
v -0.61211133 1.308131 0.006034161
v -0.70545685 1.310204 0.012686814
v -0.7050915 1.3090874 -0.03505904
v -0.6116327 1.3066856 -0.036869828
v -0.6945996 1.3086387 -0.04298133
v -0.68488526 1.2999264 -0.05173934
v -0.6105913 1.2774649 -0.06713322
v -0.7040206 1.286684 -0.06843966
v -0.70355785 1.2764542 -0.079817
v -0.7019739 1.225708 -0.080582194
v -0.7345232 1.225708 -0.080582194
v -0.71744156 1.2764542 -0.079817
v -0.083611995 1.1831087 0.12525468
v -0.117595695 1.1784395 0.11645131
v -0.08388866 1.2141197 0.12276352
v -0.05991129 1.238174 0.12502456
v -0.03623633 1.2343323 0.12633051
v -0.037246436 1.2574955 0.11997921
v -0.016423717 1.274837 0.11455116
v -0 1.2606554 0.11825231
v -0 1.2894913 0.112075
v 0.016423717 1.274837 0.11455116
v -0.036719352 1.2923619 0.109977424
v 0.036719352 1.2923619 0.109977424
v -0.03374031 1.3223509 0.09571301
v 0.03374031 1.3223509 0.09571301
v -0.07614302 1.3241618 0.093141906
v 0.07614303 1.3241618 0.093141906
v -0.060269423 1.3457146 0.07255527
v 0.060269415 1.3457146 0.07255527
v -0.09411175 1.3454492 0.0657089
v 0.09411174 1.3454492 0.0657089
v -0.073758915 1.3603332 0.04210933
v 0.073758915 1.3603332 0.04210933
v -0.093604885 1.3598554 0.02514221
v 0.09360489 1.3598554 0.02514221
v -0.0759863 1.3729733 0.0108229965
v 0.075986296 1.3729733 0.0108229965
v -0.09083971 1.3691305 -0.004236981
v 0.090839714 1.3691305 -0.004236981
v -0.08283538 1.372167 -0.007540092
v -0.0761361 1.3842039 -0.0060233343
v -0.08394301 1.3715943 -0.026048347
v -0.07303886 1.3908516 -0.020749439
v -0.06767481 1.39366 -0.036456812
v -0.076624386 1.3717812 -0.042167112
v -0.057323307 1.3953083 -0.05242597
v -0.06448623 1.371169 -0.05720754
v -0.0396723 1.3949941 -0.06477868
v -0.04439442 1.3704983 -0.06929003
v -0.02286154 1.3704411 -0.07676323
v -0.02072388 1.3951194 -0.0725229
v -0 1.3710303 -0.080308184
v -0 1.3952185 -0.07593023
v 0.02072388 1.3951194 -0.0725229
v 0.02286154 1.3704411 -0.07676323
v 0.0396723 1.3949941 -0.06477868
v 0.04439442 1.3704983 -0.06929003
v 0.064486235 1.371169 -0.05720754
v 0.057323307 1.3953083 -0.05242597
v 0.07662439 1.3717812 -0.042167112
v 0.067674816 1.39366 -0.036456812
v 0.08394301 1.3715943 -0.026048347
v 0.07303886 1.3908516 -0.020749439
v 0.0761361 1.3842039 -0.0060233343
v 0.082835376 1.372167 -0.007540092
v -0.09114001 1.1347563 0.1351308
v -0.044060804 1.1680671 0.15591957
v -0.04223647 1.139305 0.14679459
v -0.09995084 1.163455 0.14177193
v -0.04819817 1.1968569 0.14504637
v -0.09809064 1.1921815 0.13477851
v -0.116216145 1.0869467 0.13112047
v -0.09947754 1.1618891 0.12227499
v -0.06915033 1.1615825 0.13664986
v -0.08823658 1.090705 0.14475885
v -0.120151505 1.0366416 0.14668493
v -0.09190835 1.0425618 0.16367476
v -0.08340802 0.97947854 0.18899386
v -0.119321086 0.97192025 0.1770278
v -0 1.0195042 0.14449124
v 0.03997667 1.0193654 0.14460985
v 0.04741648 0.94705665 0.16447556
v 0.0024326742 0.9472319 0.16456515
v 0.05315505 0.8644288 0.19229706
v 0.0026402175 0.8646509 0.19274397
v 0.056674287 0.78790474 0.2183866
v 0.0026402175 0.7881566 0.21891578
v -0.03997667 1.0193647 0.14456396
v -0 1.0195042 0.14449124
v 0.0024326742 0.9472319 0.16456515
v -0.04255113 0.9470364 0.16427976
v 0.0026402175 0.8646509 0.19274397
v -0.047874615 0.8644145 0.1922145
v 0.0026402175 0.7881566 0.21891578
v -0.05139386 0.7879165 0.21909352
v -0.08023986 1.0194597 0.14009146
v -0.03997667 1.0193647 0.14456396
v -0.04255113 0.9470364 0.16427976
v -0.087857336 0.94698834 0.15827394
v -0.11776394 1.0154235 0.12997584
v -0.047874615 0.8644145 0.1922145
v -0.13008136 0.9421154 0.14510387
v -0.15047458 1.0088534 0.110807136
v -0.0987515 0.86406463 0.18389381
v -0.05139386 0.7879165 0.21909352
v -0.10581521 0.7873088 0.20916171
v -0.14616719 0.85789955 0.1660045
v -0.15670368 0.78089094 0.19028635
v -0.16688904 0.93418264 0.12051508
v -0.17475654 1.001227 0.08090602
v -0.18750063 0.8481407 0.13398929
v -0.20500615 0.7705814 0.15839896
v -0.19421235 0.9246894 0.083075136
v -0.19304399 0.99717987 0.043327257
v -0.21819754 0.83432835 0.09190218
v -0.21479033 0.9176341 0.039215326
v -0.19865407 0.9948542 -0.0032144915
v -0.24280377 0.7539709 0.10796058
v -0.2543388 0.71502465 0.113239646
v -0.22110307 0.914819 -0.0118252635
v -0.19166519 0.99537003 -0.038402185
v -0.24129167 0.82480687 0.03912635
v -0.26707232 0.7421992 0.040388167
v -0.27955955 0.66700685 0.072073914
v -0.21323882 0.91668975 -0.049252685
v -0.15857145 1.0011094 -0.065142766
v -0.24838062 0.8248466 -0.025842354
v -0.29298046 0.6602132 0.023543846
v -0.31016317 0.5778887 -0.006313031
v -0.30109978 0.6619326 -0.076738834
v -0.27386475 0.7439844 -0.042532895
v -0.17823249 0.9239511 -0.07817566
v -0.11905589 1.0120863 -0.095972046
v -0.13153513 0.93770534 -0.11553634
v -0.23954937 0.8306372 -0.071565844
v -0.20243031 0.8391819 -0.09835865
v -0.2641782 0.75253505 -0.098414
v -0.31882992 0.5756528 -0.11333552
v -0.3180624 0.54142386 -0.023337705
v -0.32839763 0.53121376 -0.14550078
v -0.31355548 0.57712716 -0.1468342
v -0.3006039 0.618081 -0.15294139
v -0.2910633 0.66768897 -0.13073044
v -0.2257764 0.7631581 -0.12589988
v -0.14779973 0.85603726 -0.14059715
v -0.08808259 0.89476514 -0.15003248
v -0.25125554 0.68055063 -0.16297211
v -0.1611293 0.7830612 -0.16409133
v -0.099004455 0.8654646 -0.16557957
v -0.042745687 0.96963966 -0.13246435
v -0.1779235 0.70908135 -0.20648304
v -0.2666836 0.59498554 -0.22235806
v -0.30320412 0.5812096 -0.185538
v -0.30778214 0.5006569 -0.27433565
v -0.048093095 0.86938006 -0.18485217
v 0.0024326742 0.94705135 -0.14193624
v 0.0026402175 0.86908656 -0.18703777
v -0.10608578 0.7951741 -0.1941793
v -0.05162756 0.8002797 -0.22028904
v 0.0026402175 0.8008107 -0.22664976
v -0.18760113 0.6257147 -0.25836033
v -0.11404127 0.7238689 -0.23225665
v -0.055170976 0.730547 -0.25959486
v 0.0026402175 0.73292506 -0.27038723
v -0.12036378 0.640688 -0.2723351
v -0.05786173 0.64908814 -0.29378158
v 0.0032984912 0.65355843 -0.30920312
v -0.1955084 0.53548926 -0.31621972
v -0.124182954 0.5468532 -0.3143708
v -0.05777912 0.55425996 -0.327149
v 0.006706789 0.560245 -0.3451165
v -0.27976155 0.5100192 -0.29738122
v -0.29142725 0.4391159 -0.3559088
v -0.20083268 0.45250788 -0.36679828
v -0.12561992 0.45937583 -0.36286423
v -0.21096447 0.38265583 -0.40398967
v -0.27899674 0.37862447 -0.39625692
v -0.2596072 0.34526798 -0.40163925
v -0.23289858 0.3399025 -0.41596687
v -0.055968985 0.46449018 -0.37118748
v -0.13035801 0.38624054 -0.398676
v 0.012365162 0.47203943 -0.38523626
v 0.046816498 0.4725189 -0.38434395
v -0.054048657 0.39005947 -0.40684685
v -0.07147207 0.2935266 -0.44834307
v 0.017891988 0.39833733 -0.42014283
v -0.022752121 0.31856397 -0.43930513
v 0.08021498 0.47059637 -0.377172
v 0.07126311 0.56086403 -0.34241736
v 0.085758954 0.4247694 -0.39986128
v -0.080440044 1.0177405 -0.1065018
v -0.11905589 1.0120863 -0.095972046
v -0.13153513 0.93770534 -0.11553634
v -0.08808259 0.89476514 -0.15003248
v -0.04014957 1.0188528 -0.113839224
v -0.042745687 0.96963966 -0.13246435
v -0 1.0190595 -0.11716287
v 0.0024326742 0.94705135 -0.14193624
v 0.04014957 1.0188501 -0.11383934
v -0 1.0190595 -0.11716287
v 0.0024326742 0.94705135 -0.14193624
v 0.047611028 0.94699335 -0.13925257
v 0.080440044 1.0177844 -0.10667904
v 0.0026402175 0.86908656 -0.18703777
v 0.09294793 0.9445622 -0.12906556
v 0.1190559 1.0120893 -0.09602304
v 0.053373516 0.8694086 -0.1850356
v 0.0026402175 0.8008107 -0.22664976
v 0.13640046 0.9377092 -0.115770616
v 0.15593415 1.003555 -0.08283494
v 0.10428488 0.8654556 -0.16589752
v 0.05690798 0.80047774 -0.22149682
v 0.0026402175 0.73292506 -0.27038723
v 0.060442448 0.7315089 -0.2636391
v 0.0032984912 0.65355843 -0.30920312
v 0.11136621 0.79539984 -0.19539995
v 0.064428896 0.65342504 -0.30635297
v 0.006706789 0.560245 -0.3451165
v 0.18046054 0.92700785 -0.09525061
v 0.1916652 0.9953381 -0.038883224
v 0.15308014 0.8560067 -0.1410037
v 0.11936723 0.72435224 -0.23268205
v 0.07126311 0.56086403 -0.34241736
v 0.046816498 0.4725189 -0.38434395
v 0.21810415 0.9169036 -0.049817234
v 0.19865409 0.99499416 -0.00391729
v 0.20507345 0.84334594 -0.11626189
v 0.16444467 0.7832581 -0.16441794
v 0.12867509 0.64399487 -0.27521268
v 0.22596842 0.91523623 -0.0120410025
v 0.19304398 0.99713814 0.04286571
v 0.2448298 0.8305838 -0.07169508
v 0.22288969 0.7683409 -0.1414462
v 0.1768574 0.70776916 -0.19602658
v 0.21965566 0.9182118 0.03892395
v 0.17475656 1.0012141 0.080571935
v 0.25366104 0.8249362 -0.026144937
v 0.2640489 0.75203073 -0.092171766
v 0.24135673 0.68397945 -0.15697457
v 0.1907762 0.6218738 -0.22737731
v 0.1990777 0.92481387 0.08243176
v 0.15047458 1.0088695 0.110766396
v 0.24657217 0.8248202 0.036655292
v 0.2735589 0.7437938 -0.037271086
v 0.2840211 0.6677264 -0.09565981
v 0.17175439 0.93408585 0.119600385
v 0.11776394 1.0154451 0.13003705
v 0.22346428 0.8340111 0.08850686
v 0.26607397 0.741978 0.035033047
v 0.2939182 0.6609453 -0.036768645
v 0.28550053 0.66152996 0.03610639
v 0.24134795 0.75152546 0.09455043
v 0.24819341 0.72034204 0.09720656
v 0.20841338 0.7675685 0.14483574
v 0.19278106 0.84785044 0.13234206
v 0.13494667 0.9421152 0.14496094
v 0.08023986 1.0194708 0.14012901
v 0.15144762 0.8578148 0.16497894
v 0.16307296 0.7793935 0.18347628
v 0.092722684 0.946993 0.158248
v 0.03997667 1.0193654 0.14460985
v 0.04741648 0.94705665 0.16447556
v 0.10403192 0.8640706 0.18385704
v 0.11116936 0.7872336 0.20781942
v 0.05315505 0.8644288 0.19229706
v 0.056674287 0.78790474 0.2183866
v -0.13035801 0.38624054 -0.398676
v -0.21096447 0.38265583 -0.40398967
v -0.23289858 0.3399025 -0.41596687
v -0.12561992 0.45937583 -0.36286423
v -0.20083268 0.45250788 -0.36679828
v 0.12101758 0.46511844 -0.35824138
v 0.08021498 0.47059637 -0.377172
v 0.085758954 0.4247694 -0.39986128
v 0.13871881 0.5546836 -0.31326523
v 0.14334922 0.51464254 -0.3261408
v 0.20412523 0.5373888 -0.26408294
v 0.21836546 0.45129454 -0.26179594
v 0.25820383 0.5259417 -0.20908447
v 0.24824941 0.5951758 -0.18956938
v 0.2824944 0.59184515 -0.120757505
v 0.2939182 0.6609453 -0.036768645
v -0.0004107803 1.0144047 0.14295326
v 0.046145484 0.94335306 0.16275728
v 0.03884065 1.0142647 0.14304833
v 0.0019777715 0.94352794 0.1628477
v 0.05177994 0.8622275 0.19003792
v 0.002181545 0.86244684 0.19046505
v 0.05523534 0.7870596 0.21558984
v 0.00218153 0.7873056 0.21610518
v -0.039662197 1.0142641 0.14298974
v 0.0019777715 0.94352794 0.1628477
v -0.0004107803 1.0144047 0.14295326
v -0.04218995 0.9433309 0.16252822
v 0.002181545 0.86244684 0.19046505
v -0.04741686 0.86220974 0.1899087
v 0.00218153 0.7873056 0.21610518
v -0.05087225 0.7870688 0.2162741
v -0.07919493 1.0143516 0.1385508
v -0.04218995 0.9433309 0.16252822
v -0.039662197 1.0142641 0.14298974
v -0.08667421 0.9432795 0.1565904
v -0.11603825 1.0103722 0.12849502
v -0.04741686 0.86220974 0.1899087
v -0.1281322 0.93848276 0.14356321
v -0.14815545 1.0038935 0.10948752
v -0.09737073 0.8618667 0.18171604
v -0.05087225 0.7870688 0.2162741
v -0.104306296 0.78647417 0.20647497
v -0.1439262 0.85580456 0.16409858
v -0.15428315 0.7801246 0.1878316
v -0.16427213 0.93066514 0.11925474
v -0.17199689 0.9963683 0.079904035
v -0.18450978 0.8461764 0.13262369
v -0.20174488 0.77002925 0.15660277
v -0.19109973 0.9212029 0.08227143
v -0.18995258 0.9923459 0.042638797
v -0.2146635 0.83242565 0.09104864
v -0.2113044 0.9141121 0.03894806
v -0.19546089 0.9899751 -0.003052694
v -0.23892236 0.7535382 0.106889606
v -0.25025925 0.7156015 0.111966394
v -0.21750261 0.9113331 -0.011777311
v -0.18859878 0.9905226 -0.037730556
v -0.23732632 0.82301587 0.038853094
v -0.262733 0.7419145 0.040016294
v -0.27529216 0.66806614 0.07091168
v -0.20978104 0.9131877 -0.048551675
v -0.15610543 0.99618924 -0.0642079
v -0.24428527 0.8230629 -0.02566656
v -0.28839633 0.6613748 0.023178171
v -0.3052673 0.5806034 -0.006547964
v -0.29636833 0.66324633 -0.076415904
v -0.26934484 0.7437068 -0.042091224
v -0.17540978 0.9203482 -0.07705617
v -0.11730677 1.0070286 -0.09459089
v -0.1295596 0.93394977 -0.11404689
v -0.23561426 0.82874113 -0.07084381
v -0.19916861 0.8370985 -0.097277336
v -0.25982693 0.7521269 -0.09735316
v -0.31377682 0.5785576 -0.11262699
v -0.3130232 0.5448379 -0.023716027
v -0.32317096 0.534937 -0.14404735
v -0.30859807 0.58012956 -0.14557147
v -0.29588145 0.6205254 -0.15195967
v -0.28651395 0.6690503 -0.12980197
v -0.22214475 0.762383 -0.124164425
v -0.14552914 0.8537714 -0.13945882
v -0.08689538 0.89186966 -0.14886732
v -0.24742839 0.68167984 -0.16132383
v -0.1585928 0.7820556 -0.16245495
v -0.0976191 0.86309165 -0.16429944
v -0.042380974 0.9653817 -0.13081565
v -0.17512476 0.70952815 -0.20413794
v -0.26257652 0.59782755 -0.2189707
v -0.2984345 0.5843984 -0.1834885
v -0.3029295 0.50515807 -0.26999855
v -0.047631375 0.8669676 -0.18348289
v 0.0019777715 0.9431938 -0.14031178
v 0.002181545 0.8666656 -0.18570389
v -0.10457195 0.79395276 -0.19221574
v -0.051101714 0.7989687 -0.21795388
v 0.00218153 0.79948145 -0.22435805
v -0.18455727 0.62800545 -0.25447154
v -0.11239109 0.7240155 -0.22960386
v -0.054580845 0.7305499 -0.25655454
v 0.00218153 0.7328704 -0.26724556
v -0.11852242 0.64290845 -0.26949894
v -0.057222784 0.65114295 -0.29091558
v 0.0028278679 0.6555933 -0.30605435
v -0.19214998 0.53947985 -0.31116802
v -0.057141677 0.55813473 -0.32271522
v 0.006174341 0.56404227 -0.34057876
v -0.12220706 0.55068165 -0.30972588
v -0.27541724 0.5142656 -0.29209134
v -0.28687128 0.44305065 -0.35029575
v -0.19736545 0.45649487 -0.36081076
v -0.123648666 0.46330947 -0.35710955
v -0.20695364 0.38869792 -0.40095016
v -0.27466628 0.3845558 -0.3933042
v -0.25562853 0.35173795 -0.3984283
v -0.22943753 0.3463661 -0.41224405
v -0.055364378 0.4683234 -0.36552238
v -0.12800351 0.3921456 -0.39563623
v 0.011730075 0.47564557 -0.37942773
v 0.045556366 0.47625569 -0.3788985
v -0.05347888 0.3958176 -0.4036473
v -0.070586205 0.30056074 -0.44321564
v 0.017156616 0.40396297 -0.41674832
v -0.022750132 0.32535237 -0.43486512
v 0.069564566 0.56478786 -0.33828247
v 0.07834895 0.47471532 -0.3720259
v 0.083792344 0.42976388 -0.39608026
v -0.07939148 1.0126097 -0.104894444
v -0.1295596 0.93394977 -0.11404689
v -0.11730677 1.0070286 -0.09459089
v -0.08689538 0.89186966 -0.14886732
v -0.03983196 1.0137273 -0.11211203
v -0.042380974 0.9653817 -0.13081565
v -0.0004107803 1.0139425 -0.11538477
v 0.0019777715 0.9431938 -0.14031178
v 0.039010406 1.0137229 -0.11209495
v 0.0019777715 0.9431938 -0.14031178
v -0.0004107803 1.0139425 -0.11538477
v 0.0463365 0.94316053 -0.13775614
v 0.078569934 1.0126703 -0.105129205
v 0.002181545 0.8666656 -0.18570389
v 0.090850905 0.94069266 -0.12754266
v 0.11648521 1.0070324 -0.09464509
v 0.051994443 0.86694705 -0.18359649
v 0.00218153 0.79948145 -0.22435805
v 0.13351512 0.9339657 -0.11440597
v 0.15269443 0.99862635 -0.08172184
v 0.10198216 0.8630803 -0.16478874
v 0.05546479 0.79913586 -0.2191794
v 0.00218153 0.7328704 -0.26724556
v 0.05893512 0.731481 -0.2605553
v 0.0028278679 0.6555933 -0.30605435
v 0.10893503 0.7941973 -0.19370708
v 0.0628514 0.6554752 -0.30333763
v 0.006174341 0.56404227 -0.34057876
v 0.17677584 0.92336667 -0.09393049
v 0.18777725 0.99047554 -0.03824852
v 0.14989221 0.8537372 -0.14009601
v 0.11675685 0.7245484 -0.23043992
v 0.069564566 0.56478786 -0.33828247
v 0.045556366 0.47625569 -0.3788985
v 0.21373656 0.91338366 -0.049156744
v 0.19463933 0.9901427 -0.003858817
v 0.20094247 0.8413131 -0.11540896
v 0.16102937 0.78225416 -0.16294117
v 0.12592545 0.646224 -0.2729908
v 0.22145814 0.9117502 -0.012050121
v 0.18913102 0.9923029 0.04221179
v 0.23997733 0.82866603 -0.07103933
v 0.2184676 0.7674289 -0.13934581
v 0.17319241 0.70838624 -0.19443086
v 0.21525994 0.91470766 0.038629323
v 0.17117533 0.9963623 0.0795822
v 0.24864838 0.82313126 -0.026291426
v 0.25886577 0.75166154 -0.09168725
v 0.23665464 0.6850951 -0.15622514
v 0.18699172 0.6242835 -0.22546329
v 0.19505528 0.92138684 0.08165249
v 0.14733389 1.0039196 0.10949643
v 0.24168877 0.82302 0.03621255
v 0.2681988 0.7435119 -0.03766269
v 0.278545 0.66902906 -0.09598949
v 0.16822764 0.9305868 0.11841184
v 0.1152167 1.0103996 0.12857752
v 0.21900193 0.8321871 0.08777352
v 0.2608546 0.74166614 0.034356356
v 0.28826255 0.6622209 -0.03781056
v 0.2799976 0.66257405 0.034968805
v 0.23658256 0.75118 0.09360352
v 0.24326171 0.72085464 0.09624944
v 0.20424873 0.7671372 0.1435509
v 0.18887323 0.8459809 0.13121767
v 0.13208774 0.9385021 0.14352846
v 0.07837339 1.0143654 0.13860099
v 0.1482893 0.8557631 0.1632653
v 0.15969649 0.7787744 0.18164964
v 0.09062974 0.94329166 0.15659744
v 0.03884065 1.0142647 0.14304833
v 0.046145484 0.94335306 0.16275728
v 0.101733804 0.86188924 0.18175037
v 0.10873856 0.7864308 0.2053289
v 0.05177994 0.8622275 0.19003792
v 0.05523534 0.7870596 0.21558984
v -0.12800351 0.3921456 -0.39563623
v -0.22943753 0.3463661 -0.41224405
v -0.20695364 0.38869792 -0.40095016
v -0.123648666 0.46330947 -0.35710955
v -0.19736545 0.45649487 -0.36081076
v 0.11843243 0.47003078 -0.3546822
v 0.083792344 0.42976388 -0.39608026
v 0.07834895 0.47471532 -0.3720259
v 0.1357881 0.55871785 -0.31032723
v 0.14044483 0.5193404 -0.32322776
v 0.20009857 0.54146624 -0.26283932
v 0.21408045 0.4570723 -0.26375857
v 0.2531961 0.5300288 -0.20932989
v 0.24342227 0.5979521 -0.18898866
v 0.277046 0.5945462 -0.12165288
v 0.28826255 0.6622209 -0.03781056
v 0.25344098 1.5728173 0.056691602
v 0.2382641 1.6573545 0.10225681
v 0.26968762 1.6633842 0.027899604
v 0.2534806 1.5679561 0.093965836
v 0.28104204 1.5051003 0.09020887
v 0.2979225 1.4895933 0.052031122
v 0.21731699 1.4053695 0.08232095
v 0.21727735 1.4102309 0.04504672
v 0.24958369 1.3679028 0.058184113
v 0.20422983 1.561346 -0.26873022
v 0.18900844 1.5057044 -0.22020072
v 0.23745042 1.5564848 -0.2518257
v 0.15597637 1.6364155 -0.28644276
v 0.1823122 1.6519225 -0.2540558
v 0.19733188 1.728895 -0.3186818
v 0.23055243 1.7240336 -0.3017773
v 0.18081544 1.7958982 -0.2538524
v 0.11731883 1.801311 -0.2887685
v 0.088491075 1.9465637 -0.26362488
v 0.12928382 1.9514382 -0.18433817
v 0.022819893 2.0073948 -0.19131328
v 0.039731935 2.0230494 -0.13080265
v -0.0037580703 1.9622535 -0.14838696
v -0.0022630254 1.981824 -0.06985325
v -0.23426625 1.5767342 -0.18469073
v -0.18349092 1.5210925 -0.18174641
v -0.22596118 1.5718728 -0.22102796
v -0.23969391 1.6518035 -0.13357648
v -0.21469587 1.6673105 -0.16700682
v -0.28103393 1.744283 -0.16583537
v -0.27272886 1.7394217 -0.20217259
v -0.21413404 1.8112863 -0.16560471
v -0.23253503 1.8166991 -0.09551648
v -0.20112774 1.9619517 -0.07368018
v -0.13416286 1.9668263 -0.13255402
v -0.11499989 2.022783 -0.027596911
v -0.060429882 2.0384374 -0.058736406
v -0.06689327 1.9776415 -0.012273369
v 0.008911771 1.997212 -0.03284937
v 0.22568084 1.670773 0.30042684
v 0.18114501 1.606624 0.28690797
v 0.2104759 1.6659118 0.3344589
v 0.203465 1.740537 0.26287565
v 0.17244963 1.756044 0.29081377
v 0.20767424 1.8133125 0.31079042
v 0.19246931 1.8084512 0.3448224
v 0.1304209 1.8826929 0.25998372
v 0.16208513 1.8881056 0.19480449
v 0.15959993 1.9882687 0.17996079
v 0.082474984 1.9931433 0.22470632
v 0.101074494 2.0168352 0.12865306
v 0.041495338 2.0324895 0.1486
v 0.05686045 1.9716938 0.10427729
v -0.02149748 1.9912642 0.10973732
v -0.15639763 1.6348559 0.29237542
v -0.12028857 1.5872524 0.2569321
v -0.18917906 1.6299945 0.27463424
v -0.16141401 1.6878315 0.25405785
v -0.18692045 1.7033385 0.22101377
v -0.2177561 1.7809734 0.2577577
v -0.25053746 1.7761121 0.24001656
v -0.25099647 1.8519646 0.17458856
v -0.18840529 1.8573774 0.21110293
v -0.13022797 1.9709526 0.23198156
v -0.1689979 1.9758272 0.15168642
v -0.07463105 1.9995191 0.17751418
v -0.09000388 2.0151734 0.11659433
v -0.025387235 1.9674152 0.13024096
v -0.0680638 1.9609106 0.061763357
v 0.009425809 1.8897908 0.19882604
v 0.004345436 1.8968923 0.19430998
v 0.0016854295 1.9101132 0.18803135
v 0.0040132445 1.9205741 0.1928041
v 0.025776006 1.8820546 0.2031756
v 0.00032909593 1.9247761 0.17651382
v 0.035216384 1.9232978 0.20095214
v 0.048047137 1.8736777 0.206495
v 0.078272924 1.9207886 0.20395857
v 0.10012358 1.8589106 0.21160848
v 0.12911956 1.9012105 0.19594762
v 0.1403761 1.8401294 0.20176227
v 0.16975136 1.880666 0.18388337
v 0.1957404 1.7962794 0.1648752
v 0.00032909593 1.9352369 0.17464104
v 0.033980004 1.9660873 0.16635364
v 0.0887076 1.9584465 0.1615237
v 0.14989218 1.9405466 0.15022603
v 0.19941224 1.9128149 0.13082995
v -0.0033550528 1.9205741 0.1928041
v -0.0010272377 1.9101132 0.18803135
v -0.008767617 1.8897908 0.19882604
v -0.0036872441 1.8968923 0.19430998
v -0.025117815 1.8820546 0.2031756
v -0.034558192 1.9232978 0.20095214
v -0.047388945 1.8736777 0.206495
v -0.033321813 1.9660873 0.16635364
v -0.077614725 1.9207886 0.20395857
v -0.09946538 1.8589106 0.21160848
v 0.00032909602 1.9707959 0.07886392
v -0.088049404 1.9584465 0.1615237
v -0.12846138 1.9012105 0.19594762
v -0.13971792 1.8401294 0.20176227
v 0.02965121 2.010483 0.07602738
v -0.028993018 2.010483 0.07602738
v -0.149234 1.9405466 0.15022603
v -0.16909318 1.880666 0.18388337
v -0.19508222 1.7962794 0.1648752
v 0.0857337 2.0061288 0.07494666
v 0.00032909607 2.0063548 -0.016913194
v -0.0850755 2.0061288 0.07494666
v -0.19875406 1.9128149 0.13082995
v 0.15077017 1.9797652 0.069452964
v 0.025317324 2.0166469 -0.025977587
v -0.024659133 2.0166469 -0.025977587
v -0.15011199 1.9797652 0.069452964
v 0.08837538 2.0129182 -0.029109364
v 0.0003290962 1.9694557 -0.16099231
v -0.08771718 2.0129182 -0.029109364
v 0.023187404 1.9831274 -0.15572481
v -0.022529213 1.9831274 -0.15572481
v 0.00032909625 1.8999681 -0.2322685
v -0.1983293 1.9426826 0.058288142
v -0.15638989 1.9870312 -0.0357396
v -0.08585743 1.9890223 -0.14165534
v -0.022619568 1.9101846 -0.24788041
v -0.24735978 1.8488312 0.10788494
v -0.21221995 1.822701 0.15372111
v -0.24157965 1.7442663 0.11913594
v -0.21893507 1.7510781 0.12880558
v -0.2327656 1.680258 0.10142362
v -0.23794624 1.6626998 0.06831846
v -0.26407272 1.7485209 0.07795196
v -0.24512728 1.6595868 0.034774203
v -0.27705583 1.7509338 0.03253779
v -0.2523083 1.6564739 0.00122995
v -0.2601388 1.8650572 0.04097211
v -0.2918927 1.7506618 -0.025308928
v -0.20726398 1.9464682 -0.042138208
v -0.26769957 1.6610484 -0.08314932
v -0.23743846 1.5991805 -0.07892361
v -0.27469003 1.873945 -0.037800167
v -0.1388647 1.9707968 -0.1356457
v -0.21398504 1.5628476 -0.1598783
v -0.14312673 1.4946965 -0.15666471
v -0.28568858 1.7612545 -0.10048144
v -0.1938244 1.9387832 -0.12653284
v -0.067633696 1.9175537 -0.24629152
v -0.16855504 1.553691 -0.20981185
v -0.09374391 1.476686 -0.15255918
v -0.25440267 1.6628451 -0.18220244
v -0.2589596 1.8527448 -0.1152571
v -0.099145286 1.9176952 -0.23592243
v -0.11958678 1.5509888 -0.25087002
v -0.046475805 1.4717131 -0.16673878
v -0.262749 1.7774154 -0.19018134
v -0.19416131 1.6712594 -0.25688002
v -0.15722433 1.8986696 -0.20708029
v -0.069490954 1.5478561 -0.27798888
v 0.00032909613 1.4693162 -0.17205219
v -0.12753358 1.6741009 -0.28833407
v -0.18603767 1.7994415 -0.25336945
v -0.22600801 1.8554819 -0.17522384
v -0.11923913 1.8087596 -0.29051736
v -0.07904264 1.6704985 -0.3044709
v -0.08100134 1.8058393 -0.3078538
v -0.016940577 1.5496316 -0.28509155
v -0.021528302 1.673635 -0.31522307
v -0.027440868 1.81024 -0.31599814
v 0.00032909622 1.5495732 -0.274289
v 0.00032909628 1.8142085 -0.30575383
v 0.00032909628 1.6798459 -0.3169647
v 0.02327776 1.9101846 -0.24788041
v 0.02809906 1.81024 -0.31599814
v 0.022186494 1.673635 -0.31522307
v 0.017598769 1.5496316 -0.28509155
v 0.08651563 1.9890223 -0.14165534
v 0.068291895 1.9175537 -0.24629152
v 0.07014915 1.5478561 -0.27798888
v 0.047133997 1.4717131 -0.16673878
v 0.07970084 1.6704985 -0.3044709
v 0.08165954 1.8058393 -0.3078538
v 0.15704808 1.9870312 -0.0357396
v 0.12024498 1.5509888 -0.25087002
v 0.09440211 1.476686 -0.15255918
v 0.13952288 1.9707968 -0.1356457
v 0.12819177 1.6741009 -0.28833407
v 0.099803485 1.9176952 -0.23592243
v 0.11989733 1.8087596 -0.29051736
v 0.19898748 1.9426826 0.058288142
v 0.16921322 1.553691 -0.20981185
v 0.14378491 1.4946965 -0.15666471
v 0.20792216 1.9464682 -0.042138208
v 0.1948195 1.6712594 -0.25688002
v 0.18669586 1.7994415 -0.25336945
v 0.15788251 1.8986696 -0.20708029
v 0.19448258 1.9387832 -0.12653284
v 0.21464323 1.5628476 -0.1598783
v 0.23809664 1.5991805 -0.07892361
v 0.25506088 1.6628451 -0.18220244
v 0.26835778 1.6610484 -0.08314932
v 0.25296652 1.6564739 0.00122995
v 0.2634072 1.7774154 -0.19018134
v 0.2266662 1.8554819 -0.17522384
v 0.2596178 1.8527448 -0.1152571
v 0.2863468 1.7612545 -0.10048144
v 0.27534825 1.873945 -0.037800167
v 0.29255092 1.7506618 -0.025308928
v 0.26079702 1.8650572 0.04097211
v 0.27771404 1.7509338 0.03253779
v 0.24578546 1.6595868 0.034774203
v 0.24801797 1.8488312 0.10788494
v 0.26473093 1.7485209 0.07795196
v 0.23860443 1.6626998 0.06831846
v 0.21287814 1.822701 0.15372111
v 0.24223784 1.7442663 0.11913594
v 0.23342378 1.680258 0.10142362
v 0.21959326 1.7510781 0.12880558
v 0.03685306 1.422802 -0.06387051
v 0.0396723 1.3949941 -0.06477868
v 0.057323307 1.3953083 -0.05242597
v 0.02072388 1.3951194 -0.0725229
v 0.052757785 1.4228461 -0.05132278
v 0.067674816 1.39366 -0.036456812
v 0.019112617 1.4228004 -0.07195618
v -0 1.3952185 -0.07593023
v 0.062251195 1.4229696 -0.03544753
v 0.07303886 1.3908516 -0.020749439
v 0.03689882 1.461143 -0.06387052
v 0.05286306 1.4612775 -0.051322788
v 0.019116908 1.4610873 -0.07195619
v 0.062380552 1.461471 -0.035447538
v -0 1.4611162 -0.07511136
v 0.06681104 1.4231359 -0.019510858
v 0.0669336 1.4616804 -0.019510865
v -0 1.4228271 -0.07511135
v -0.019112617 1.4228004 -0.07195618
v -0.02072388 1.3951194 -0.0725229
v -0.019116908 1.4610873 -0.07195619
v -0.03685306 1.422802 -0.06387051
v -0.0396723 1.3949941 -0.06477868
v -0.03689882 1.461143 -0.06387052
v -0.057323307 1.3953083 -0.05242597
v -0.052757785 1.4228461 -0.05132278
v -0.05286306 1.4612775 -0.051322788
v -0.06767481 1.39366 -0.036456812
v -0.062251195 1.4229696 -0.03544753
v -0.062380552 1.461471 -0.035447538
v -0.07303886 1.3908516 -0.020749439
v -0.06681104 1.4231359 -0.019510858
v -0.06693361 1.4616804 -0.019510865
v -0.07281349 1.3904353 -0.0054149507
v -0.0761361 1.3842039 -0.0060233343
v -0.06684854 1.4233364 -0.0032000775
v -0.06693683 1.4619004 -0.0032000837
v -0.062313735 1.423434 0.012789792
v -0.062385187 1.461973 0.012789786
v -0.067531385 1.3905014 0.010824901
v -0.0759863 1.3729733 0.0108229965
v -0.052810013 1.4233117 0.028807051
v -0.052863985 1.4617844 0.028807044
v -0.057315007 1.3904221 0.027356219
v -0.04007025 1.4232492 0.04144717
v -0.036898807 1.4616492 0.041447163
v -0.063487954 1.3737208 0.027081504
v -0.073758915 1.3603332 0.04210933
v -0.041665837 1.3903261 0.039927345
v -0.02230373 1.423218 0.049566694
v -0.019116893 1.4615871 0.049566686
v -0.053356424 1.3603828 0.052286346
v -0.060269423 1.3457146 0.07255527
v -0.044152528 1.3737146 0.03916569
v -0.02250439 1.390329 0.04780988
v -0 1.3903658 0.050907325
v -0 1.4225992 0.05090732
v -0 1.4616239 0.050907314
v 0.019116893 1.4615871 0.049566686
v -0.023340166 1.3743991 0.047790185
v -0.02595836 1.3602009 0.057932932
v 0.02230373 1.423218 0.049566694
v 0.036898807 1.4616492 0.041447163
v 0.04007025 1.4232492 0.04144717
v 0.052863985 1.4617844 0.028807044
v -0.0294794 1.3438046 0.07478129
v -0.03374031 1.3223509 0.09571301
v -0 1.3744844 0.05033855
v 0.02250439 1.390329 0.04780988
v 0.023340166 1.3743991 0.047790185
v -0 1.3605967 0.060577467
v -0 1.3212957 0.097328804
v -0 1.2894913 0.112075
v 0.03374031 1.3223509 0.09571301
v -0 1.3435154 0.07681861
v 0.0294794 1.3438046 0.07478129
v 0.060269415 1.3457146 0.07255527
v 0.02595836 1.3602009 0.057932932
v 0.041665837 1.3903261 0.039927345
v 0.053356424 1.3603828 0.052286346
v 0.073758915 1.3603332 0.04210933
v 0.044152528 1.3737146 0.03916569
v 0.06348795 1.3737208 0.027081504
v 0.075986296 1.3729733 0.0108229965
v 0.057315007 1.3904221 0.027356219
v 0.052810013 1.4233117 0.028807051
v 0.062385187 1.461973 0.012789786
v 0.06753138 1.3905014 0.010824901
v 0.0761361 1.3842039 -0.0060233343
v 0.062313735 1.423434 0.012789792
v 0.06693682 1.4619004 -0.0032000837
v 0.07281348 1.3904353 -0.0054149507
v 0.066848546 1.4233364 -0.0032000775
v 0.047767647 1.775468 0.25156173
v 5.1729737E-10 1.7765483 0.2563864
v 5.426335E-10 1.8873005 0.20167877
v -0.047767647 1.775468 0.25156173
v 0.047730118 1.8850949 0.19799529
v 0.09703015 1.7709256 0.24014403
v -0.047730118 1.8850949 0.19799529
v -0.09703015 1.7709256 0.24014403
v 0.097478285 1.875449 0.18958029
v 0.14748767 1.762007 0.2169072
v 5.5167526E-10 1.954277 0.104373716
v -0.097478285 1.875449 0.18958029
v -0.14748767 1.762007 0.2169072
v 0.1475777 1.8542541 0.17445283
v 0.19373895 1.7538452 0.1722986
v 0.0481694 1.9511275 0.10288647
v -0.0481694 1.9511275 0.10288647
v -0.1475777 1.8542541 0.17445283
v -0.19373895 1.7538452 0.1722986
v 0.10037126 1.9372692 0.09961093
v 5.444611E-10 1.9706558 -0.015805708
v -0.10037126 1.9372692 0.09961093
v 0.04960653 1.9671309 -0.014534316
v -0.04960653 1.9671309 -0.014534316
v 5.2586957E-10 1.9445184 -0.13186832
v 0.15619639 1.9043078 0.0945629
v 0.104488865 1.951637 -0.011834495
v 0.05194977 1.9412761 -0.1279443
v 0.18498668 1.8270917 0.15427393
v -0.15619639 1.9043078 0.0945629
v -0.104488865 1.951637 -0.011834495
v -0.05194977 1.9412761 -0.1279443
v 4.9755655E-10 1.8736409 -0.22058104
v -0.18498668 1.8270917 0.15427393
v 0.20369655 1.8465555 0.09046884
v 0.22979537 1.7582585 0.09599161
v 0.16475704 1.9150983 -0.007723983
v 0.1077815 1.9269286 -0.11954302
v 0.054716423 1.8713391 -0.21471465
v 0.2326418 1.6546247 0.09961882
v 0.19292256 1.6515917 0.17987126
v 0.21176006 1.5596632 0.09738311
v 0.17761067 1.5578294 0.17261833
v 0.2490797 1.7600805 -0.0004370336
v 0.21767941 1.8512392 -0.0035150845
v 0.1666455 1.8934927 -0.106843196
v 0.2535576 1.6575334 0.0017400837
v 0.1108825 1.8610513 -0.20183857
v 0.2315017 1.5638225 0.0032731562
v 0.17613527 1.4892168 0.09242671
v 0.1909098 1.4920952 0.0028897715
v 0.16014567 1.4992578 0.15465224
v 0.1343693 1.5477276 0.21604644
v 0.12588349 1.4770509 0.1734995
v 0.0883538 1.5381076 0.23783536
v 0.13145384 1.4470074 0.09582598
v 0.08322888 1.4598403 0.1866926
v 0.04356306 1.5332313 0.24804123
v 0.041019365 1.4518971 0.19358243
v 4.4912293E-10 1.5319853 0.25215602
v 0.08497986 1.4248106 0.09974124
v 0.14119366 1.4476683 2.6191594E-05
v 0.19287735 1.507362 -0.08156848
v 0.2282288 1.5711546 -0.08703885
v 0.24729162 1.6571879 -0.09367141
v 0.24315743 1.7530646 -0.09496373
v 0.21579662 1.8370967 -0.09528354
v 0.1656388 1.8392512 -0.18057857
v 0.0904872 1.4254589 -0.003347378
v 0.14630312 1.4695742 -0.089032516
v 0.18583739 1.526497 -0.13765536
v 0.20392817 1.5771985 -0.15731262
v 0.2169354 1.6563013 -0.17098661
v 0.21543434 1.7457874 -0.16938956
v 0.15012258 1.5096258 -0.15763299
v 0.16110799 1.5718439 -0.20104699
v 0.09528616 1.4495316 -0.09893174
v 0.041384026 1.4160538 0.10248395
v 0.20412138 1.8134894 -0.15609926
v 0.16982624 1.6559718 -0.22198147
v 0.16985895 1.7531282 -0.21673383
v 0.10075618 1.4954844 -0.17526028
v 0.043749124 1.4171402 -0.005000205
v 4.2095502E-10 1.4499726 0.1964768
v 0.11426547 1.7626395 -0.24496742
v 0.11424241 1.6558473 -0.25112513
v 0.108464256 1.564376 -0.22679514
v 0.046506643 1.4417834 -0.10511625
v 4.0199266E-10 1.4141858 0.103961535
v -0.041019365 1.4518971 0.19358243
v -0.04356306 1.5332313 0.24804123
v 0.049924143 1.4889483 -0.1856997
v 0.05409096 1.560382 -0.2404709
v 3.917007E-10 1.4155934 -0.005273257
v -0.041384026 1.4160538 0.10248395
v -0.08322888 1.4598403 0.1866926
v -0.0883538 1.5381076 0.23783536
v 3.8856784E-10 1.440378 -0.107533164
v -0.043749124 1.4171402 -0.005000205
v -0.08497986 1.4248106 0.09974124
v -0.12588349 1.4770509 0.1734995
v -0.1343693 1.5477276 0.21604644
v 3.9357947E-10 1.4876351 -0.19017905
v -0.046506643 1.4417834 -0.10511625
v -0.0904872 1.4254589 -0.003347378
v -0.13145384 1.4470074 0.09582598
v -0.16014567 1.4992578 0.15465224
v -0.17761067 1.5578294 0.17261833
v -0.17613527 1.4892168 0.09242671
v -0.14119366 1.4476683 2.6191565E-05
v -0.09528616 1.4495316 -0.09893174
v -0.049924143 1.4889483 -0.1856997
v -0.21176006 1.5596632 0.09738311
v -0.19292256 1.6515917 0.17987126
v -0.1909098 1.4920952 0.0028897715
v -0.14630312 1.4695742 -0.089032516
v -0.10075618 1.4954844 -0.17526028
v -0.2326418 1.6546247 0.09961882
v -0.2315017 1.5638225 0.0032731562
v -0.19287735 1.507362 -0.08156848
v -0.15012258 1.5096258 -0.15763299
v -0.22979537 1.7582585 0.09599161
v -0.18583739 1.526497 -0.13765536
v -0.2282288 1.5711546 -0.08703885
v -0.2535576 1.6575334 0.0017400837
v -0.20369655 1.8465555 0.09046884
v -0.20392817 1.5771985 -0.15731262
v -0.16110799 1.5718439 -0.20104699
v -0.2490797 1.7600805 -0.00043703365
v -0.24729162 1.6571879 -0.09367141
v -0.16475704 1.9150983 -0.007723983
v -0.2169354 1.6563013 -0.17098661
v -0.108464256 1.564376 -0.22679514
v -0.21767941 1.8512392 -0.0035150845
v -0.24315743 1.7530646 -0.09496373
v -0.1077815 1.9269286 -0.11954302
v -0.16982624 1.6559718 -0.22198147
v -0.05409096 1.560382 -0.2404709
v -0.21543434 1.7457874 -0.16938956
v -0.21579662 1.8370967 -0.09528354
v -0.1666455 1.8934927 -0.106843196
v -0.054716423 1.8713391 -0.21471465
v -0.11424241 1.6558473 -0.25112513
v -0.16985895 1.7531282 -0.21673383
v -0.20412138 1.8134894 -0.15609926
v -0.1656388 1.8392512 -0.18057857
v -0.110882506 1.8610513 -0.20183858
v -0.11426547 1.7626395 -0.24496742
v 4.6393894E-10 1.7686633 -0.26692182
v -0.056964092 1.7675903 -0.26018095
v -0.05704078 1.6557391 -0.26645216
v 0.056964092 1.7675903 -0.26018095
v 4.3201961E-10 1.655654 -0.27313957
v 4.0798784E-10 1.5594823 -0.24640487
v 0.05704078 1.6557391 -0.26645216
v 0.7059021 1.1991572 -0.012749689
v 0.6158414 1.2008934 -0.01279317
v 0.6162373 1.2087606 0.012428475
v 0.70631325 1.207325 0.013435644
v 0.77850485 1.2084152 -0.016247261
v 0.6158775 1.2327834 0.032221712
v 0.7030184 1.2099037 -0.03968485
v 0.6130638 1.2112443 -0.038736988
v 0.70593965 1.2322657 0.033985175
v 0.61453295 1.2701892 0.030079158
v 0.70076346 1.2352269 -0.061240427
v 0.6108918 1.2356355 -0.059499286
v 0.77923214 1.2197073 0.012159209
v 0.7045437 1.2711008 0.031760782
v 0.61278045 1.293572 0.0043585873
v 0.7027242 1.295377 0.005057422
v 0.6121584 1.2930934 -0.034426663
v 0.7709229 1.2714986 0.033549488
v 0.70207846 1.2948802 -0.03520981
v 0.611158 1.2708149 -0.05900699
v 0.7010399 1.2717503 -0.060729325
v 0.76992905 1.2382792 0.034568347
v 0.78044355 1.2893867 0.010619668
v 0.7696477 1.2694182 -0.06346238
v 0.80162966 1.2738543 0.03349775
v 0.7991936 1.2361937 0.034491934
v 0.7786975 1.2879499 -0.04312685
v 0.8236301 1.2868983 0.010915845
v 0.8132659 1.2206619 0.012525002
v 0.8233125 1.268719 0.035953972
v 0.8203187 1.2351993 0.036572732
v 0.8547584 1.2641163 0.044564907
v 0.7678751 1.2370744 -0.06273394
v 0.8004621 1.2712556 -0.06436813
v 0.823297 1.2854294 -0.04323998
v 0.7799953 1.2181537 -0.043127377
v 0.7981895 1.2338215 -0.06347468
v 0.8139794 1.2179333 -0.048285503
v 0.8225249 1.266386 -0.06736606
v 0.8547014 1.2623898 -0.07306424
v 0.8207257 1.2345166 -0.06553217
v 0.8773658 1.2831465 0.010944426
v 0.8154839 1.2100266 -0.019232053
v 0.8397417 1.210509 -0.020748634
v 0.8409537 1.213945 -0.05033659
v 0.8482505 1.2271272 -0.0700038
v 0.87545204 1.2130798 -0.056114126
v 0.8423948 1.2152042 0.012345533
v 0.8778876 1.2833215 -0.04808566
v 0.84769154 1.2261751 0.0436726
v 0.8756312 1.2223883 -0.08221852
v 0.90059304 1.2179639 -0.09000393
v 0.8748852 1.208268 -0.021511335
v 0.87573564 1.2520247 -0.08222287
v 0.8772694 1.2694511 -0.07128006
v 0.9007416 1.2493583 -0.09000819
v 0.9028256 1.27391 -0.06659508
v 0.9053129 1.210891 -0.06036358
v 0.90774786 1.2848487 -0.025067598
v 0.9034823 1.2724307 0.04643631
v 0.95422137 1.2734741 0.039524138
v 0.91929305 1.2493016 -0.08995258
v 0.95285845 1.2840966 -0.023954242
v 0.8770137 1.2674391 0.043027375
v 0.87082386 1.2466925 0.0640106
v 0.94689345 1.2721506 -0.06840181
v 0.88661134 1.238177 0.07928041
v 0.93813956 1.2225586 -0.0918911
v 0.94106436 1.2501498 -0.09241258
v 0.93777275 1.2133248 -0.06419232
v 0.9094335 1.2039324 -0.023005651
v 0.912343 1.1885267 0.008638784
v 0.942065 1.2124858 -0.022622008
v 0.9545065 1.2178532 -0.06462129
v 0.87453115 1.2010111 0.008778436
v 0.86427116 1.1997138 0.02335794
v 0.8985362 1.1882652 0.024242118
v 0.867154 1.2203127 0.054679524
v 0.8869319 1.1930013 0.043475524
v 0.88251185 1.2130493 0.06914578
v 0.91447306 1.1899472 0.03700556
v 0.9048281 1.1944075 0.056956396
v 0.8994092 1.2099221 0.08155064
v 0.9036 1.2333364 0.09401602
v 0.9304296 1.1986489 0.023509486
v 0.9541714 1.1986384 0.06243886
v 0.9456152 1.2076615 0.021170717
v 0.9390266 1.1946007 0.07918765
v 0.9617137 1.210212 0.04993288
v 0.97391176 1.2225853 0.04985247
v 0.96556616 1.2133068 0.017841619
v 0.9626353 1.2013304 0.071969196
v 0.9598497 1.2159535 -0.022112716
v 0.9693514 1.2144825 0.0636361
v 0.98105466 1.2065388 0.083035395
v 0.94974566 1.1947097 0.085967824
v 0.9266163 1.2062899 0.09618826
v 0.9400097 1.2041793 0.10494356
v 0.92514455 1.2274947 0.106568106
v 0.9399495 1.2249774 0.11445997
v 0.9186199 1.2630897 0.07283571
v 0.93953013 1.2538966 0.08787305
v 0.92588794 1.2687759 0.056303654
v 0.9398143 1.2622979 0.05907807
v 0.95663285 1.2506495 0.06150103
v 0.9602077 1.201374 0.118934825
v 0.959288 1.221296 0.12525158
v 0.9550849 1.2480534 0.09807555
v 0.96731865 1.2416109 0.069963016
v 0.9713707 1.2464734 0.05864126
v 0.9715816 1.1931349 0.09908073
v 0.9887856 1.1886928 0.10997091
v 0.97972715 1.1989114 0.12917043
v 0.97206366 1.2738663 0.040849775
v 0.9704894 1.2846457 -0.023009539
v 0.9656173 1.2730542 -0.06924236
v 0.95825577 1.2532781 -0.093476675
v 0.9548446 1.2272607 -0.09309136
v 0.9712404 1.2223817 -0.0650503
v 0.98504186 1.2474369 0.05661494
v 0.9899061 1.2742585 0.04217547
v 0.9881202 1.2851948 -0.022064835
v 0.98434126 1.2739581 -0.07008287
v 0.9754473 1.2564064 -0.0945408
v 0.97154975 1.2319628 -0.09429165
v 1.0051155 1.2603097 -0.093664974
v 1.009268 1.2392272 -0.09357845
v 0.9832665 1.232996 0.08627532
v 0.9850452 1.2280241 0.048111297
v 0.9717423 1.2431396 0.109269746
v 0.97933507 1.219196 0.13655008
v 0.9941 1.2391167 0.12001095
v 1.0177784 1.227644 0.10738153
v 0.9808551 1.2188152 0.01667563
v 1.0131797 1.203906 0.10421772
v 1.0031065 1.1868881 0.118348464
v 0.99475515 1.1973062 0.13706018
v 0.995258 1.217198 0.14435758
v 0.9749311 1.2195483 -0.022421231
v 1.0120082 1.2309009 -0.06376644
v 1.0131646 1.2285455 -0.02116098
v 1.0090297 1.2363185 0.12840879
v 1.0153883 1.2288195 0.014604547
v 1.0178374 1.2334534 0.046507724
v 1.0147165 1.2493004 0.054506753
v 1.0155706 1.2742616 0.041021198
v 1.0119712 1.2852505 -0.021584094
v 1.0244169 1.2742625 0.040623367
v 1.0078846 1.2746181 -0.06890324
v 1.0222116 1.2852744 -0.021377653
v 1.0192637 1.2604051 -0.093598604
v 1.019402 1.2749413 -0.068326175
v 1.0220337 1.2393665 -0.0935066
v 1.0431406 1.2605389 -0.09350547
v 1.0237509 1.2310871 -0.06365376
v 1.063486 1.2398964 -0.09323289
v 1.0244998 1.2288188 -0.02104046
v 1.0624354 1.2317953 -0.06322458
v 1.0260283 1.2292074 0.014632144
v 1.0623432 1.2298586 -0.020581447
v 1.0278807 1.2339168 0.046421684
v 1.0634403 1.2306855 0.014737197
v 1.0258456 1.2495981 0.05417121
v 1.0408496 1.274264 0.040064722
v 1.0454837 1.2500163 0.053700123
v 1.0406013 1.2853078 -0.021087855
v 1.0670911 1.2356814 0.046093978
v 1.0640905 1.2742697 0.037954003
v 1.039585 1.2753946 -0.06751588
v 1.067144 1.2507325 0.052893464
v 1.0643827 1.2854209 -0.020110965
v 1.0626559 1.2607682 -0.093346
v 1.0620505 1.2768309 -0.06494892
v 1.0802838 1.2315252 0.014201381
v 1.097226 1.2359452 0.04080812
v 1.0978311 1.2513552 0.049616847
v 1.097521 1.2737575 0.035802335
v 1.0980326 1.2843186 -0.020215064
v 1.0959357 1.276213 -0.06334397
v 1.0938579 1.2605927 -0.09114799
v 1.0772641 1.2306297 -0.0205976
v 1.0942266 1.2392851 -0.088674806
v 1.0795956 1.2324632 -0.062676154
v 1.1072847 1.2335494 -0.061947547
v 1.1106981 1.2317989 -0.021158658
v 1.109502 1.232636 0.012623347
v 1.1398104 1.2721703 -0.02169284
v 1.1324457 1.2662926 -0.058972295
v 1.1200093 1.2595931 -0.08463335
v 1.1186061 1.2426164 -0.084939085
v 1.1393994 1.2565863 -0.060611423
v 1.1316239 1.2365927 -0.05968886
v 1.1430947 1.2354097 -0.022362553
v 1.1508693 1.2524474 -0.022301223
v 1.1384681 1.2341449 0.00728599
v 1.1420695 1.252002 0.015123879
v 1.1303376 1.2374051 0.032965757
v 1.1276394 1.251549 0.038903747
v 1.1334106 1.2651184 0.023584398
v 1.0120196 1.2145872 0.15302874
v 1.0266345 1.2330507 0.1382611
v 1.0118673 1.1933637 0.14715828
v 1.0346048 1.2241063 0.11712045
v 1.0207841 1.18286 0.1282598
v 1.0301806 1.1999869 0.112951234
v 1.0255162 1.1947788 0.15245654
v 1.0250158 1.2100768 0.15636756
v 1.0384998 1.1875104 0.13861586
v 1.0417966 1.2220613 0.14552368
v 1.0435535 1.2019851 0.12222664
v 1.0447071 1.2175995 0.12627722
v -0.7059022 1.1991572 -0.012749689
v -0.61623734 1.2087606 0.012428475
v -0.6158414 1.2008934 -0.01279317
v -0.70631325 1.207325 0.013435644
v -0.77850485 1.2084152 -0.016247261
v -0.61587757 1.2327834 0.032221712
v -0.70301855 1.2099037 -0.03968485
v -0.6130639 1.2112443 -0.038736988
v -0.70593977 1.2322657 0.033985175
v -0.61453295 1.2701892 0.030079158
v -0.7007636 1.2352269 -0.061240427
v -0.6108919 1.2356355 -0.059499286
v -0.77923214 1.2197073 0.012159209
v -0.7045437 1.2711008 0.031760782
v -0.61278045 1.293572 0.0043585873
v -0.70272434 1.295377 0.005057422
v -0.6121585 1.2930934 -0.034426663
v -0.770923 1.2714986 0.033549488
v -0.7020786 1.2948802 -0.03520981
v -0.6111581 1.2708149 -0.05900699
v -0.7010399 1.2717503 -0.060729325
v -0.7699292 1.2382792 0.034568347
v -0.78044355 1.2893867 0.010619668
v -0.7696477 1.2694182 -0.06346238
v -0.8016298 1.2738543 0.03349775
v -0.79919374 1.2361937 0.034491934
v -0.7786975 1.2879499 -0.04312685
v -0.8236302 1.2868983 0.010915845
v -0.81326604 1.2206619 0.012525002
v -0.8233125 1.268719 0.035953972
v -0.8203187 1.2351993 0.036572732
v -0.8547585 1.2641163 0.044564907
v -0.80046225 1.2712556 -0.06436813
v -0.82329714 1.2854294 -0.04323998
v -0.87736595 1.2831465 0.010944426
v -0.7678751 1.2370744 -0.06273394
v -0.77999544 1.2181537 -0.043127377
v -0.79818964 1.2338215 -0.06347468
v -0.8139795 1.2179333 -0.048285503
v -0.822525 1.266386 -0.06736606
v -0.8547015 1.2623898 -0.07306424
v -0.8207258 1.2345166 -0.06553217
v -0.8778877 1.2833215 -0.04808566
v -0.81548405 1.2100266 -0.019232053
v -0.8397418 1.210509 -0.020748634
v -0.8409538 1.213945 -0.05033659
v -0.8482506 1.2271272 -0.0700038
v -0.87545216 1.2130798 -0.056114126
v -0.8423948 1.2152042 0.012345533
v -0.87563133 1.2223883 -0.08221852
v -0.90059316 1.2179639 -0.09000393
v -0.8748853 1.208268 -0.021511335
v -0.87573576 1.2520247 -0.08222287
v -0.8772695 1.2694511 -0.07128006
v -0.9007417 1.2493583 -0.09000819
v -0.9028257 1.27391 -0.06659508
v -0.84769166 1.2261751 0.0436726
v -0.905313 1.210891 -0.06036358
v -0.907748 1.2848487 -0.025067598
v -0.90348244 1.2724307 0.04643631
v -0.95422137 1.2734741 0.039524138
v -0.8770138 1.2674391 0.043027375
v -0.870824 1.2466925 0.0640106
v -0.95285857 1.2840966 -0.023954242
v -0.88661146 1.238177 0.07928041
v -0.8671541 1.2203127 0.054679524
v -0.882512 1.2130493 0.06914578
v -0.8642713 1.1997138 0.02335794
v -0.886932 1.1930013 0.043475524
v -0.87453115 1.2010111 0.008778436
v -0.912343 1.1885267 0.008638784
v -0.8985363 1.1882652 0.024242118
v -0.91447306 1.1899472 0.03700556
v -0.9048282 1.1944075 0.056956396
v -0.8994093 1.2099221 0.08155064
v -0.9094336 1.2039324 -0.023005651
v -0.93777275 1.2133248 -0.06419232
v -0.9036001 1.2333364 0.09401602
v -0.9420651 1.2124858 -0.022622008
v -0.95417154 1.1986384 0.06243886
v -0.9304296 1.1986489 0.023509486
v -0.9456152 1.2076615 0.021170717
v -0.9390267 1.1946007 0.07918765
v -0.9617138 1.210212 0.04993288
v -0.97391176 1.2225853 0.04985247
v -0.9626354 1.2013304 0.071969196
v -0.96556616 1.2133068 0.017841619
v -0.96935153 1.2144825 0.0636361
v -0.9810548 1.2065388 0.083035395
v -0.9497458 1.1947097 0.085967824
v -0.92661643 1.2062899 0.09618826
v -0.94000983 1.2041793 0.10494356
v -0.9251447 1.2274947 0.106568106
v -0.93994963 1.2249774 0.11445997
v -0.9186199 1.2630897 0.07283571
v -0.93953025 1.2538966 0.08787305
v -0.92588794 1.2687759 0.056303654
v -0.9398143 1.2622979 0.05907807
v -0.956633 1.2506495 0.06150103
v -0.9602077 1.201374 0.118934825
v -0.959288 1.221296 0.12525158
v -0.95508504 1.2480534 0.09807555
v -0.96731865 1.2416109 0.069963016
v -0.9713707 1.2464734 0.05864126
v -0.9715816 1.1931349 0.09908073
v -0.98878574 1.1886928 0.10997091
v -0.97972727 1.1989114 0.12917043
v -0.97206366 1.2738663 0.040849775
v -0.9717423 1.2431396 0.109269746
v -0.9832666 1.232996 0.08627532
v -0.9793352 1.219196 0.13655008
v -0.9941001 1.2391167 0.12001095
v -1.0031065 1.1868881 0.118348464
v -0.99475515 1.1973062 0.13706018
v -0.995258 1.217198 0.14435758
v -1.0131797 1.203906 0.10421772
v -1.0177784 1.227644 0.10738153
v -0.98504186 1.2474369 0.05661494
v -1.0090297 1.2363185 0.12840879
v -0.9850452 1.2280241 0.048111297
v -1.0346048 1.2241063 0.11712045
v -1.0266345 1.2330507 0.1382611
v -1.0120196 1.2145872 0.15302874
v -1.0301806 1.1999869 0.112951234
v -1.0118673 1.1933637 0.14715828
v -1.0207841 1.18286 0.1282598
v -1.0417966 1.2220613 0.14552368
v -1.0250158 1.2100768 0.15636756
v -1.0447071 1.2175995 0.12627722
v -1.0435535 1.2019851 0.12222664
v -1.0384998 1.1875104 0.13861586
v -1.0255162 1.1947788 0.15245654
v -0.91929305 1.2493016 -0.08995258
v -0.93813956 1.2225586 -0.0918911
v -0.94689345 1.2721506 -0.06840181
v -0.94106436 1.2501498 -0.09241258
v -0.9704895 1.2846457 -0.023009539
v -0.9656174 1.2730542 -0.06924236
v -0.9899061 1.2742585 0.04217547
v -0.9545065 1.2178532 -0.06462129
v -0.95825577 1.2532781 -0.093476675
v -0.9881203 1.2851948 -0.022064835
v -0.9598497 1.2159535 -0.022112716
v -0.9548446 1.2272607 -0.09309136
v -0.9843414 1.2739581 -0.07008287
v -0.9808551 1.2188152 0.01667563
v -0.9712404 1.2223817 -0.0650503
v -0.9754473 1.2564064 -0.0945408
v -0.97154975 1.2319628 -0.09429165
v -1.0051155 1.2603097 -0.093664974
v -0.97493124 1.2195483 -0.022421231
v -1.009268 1.2392272 -0.09357845
v -1.0120082 1.2309009 -0.06376644
v -1.0131646 1.2285455 -0.02116098
v -1.0153883 1.2288195 0.014604547
v -1.0178374 1.2334534 0.046507724
v -1.0147165 1.2493004 0.054506753
v -1.0155706 1.2742616 0.041021198
v -1.0119712 1.2852505 -0.021584094
v -1.0244169 1.2742625 0.040623367
v -1.0078846 1.2746181 -0.06890324
v -1.0222116 1.2852744 -0.021377653
v -1.0192637 1.2604051 -0.093598604
v -1.019402 1.2749413 -0.068326175
v -1.0220337 1.2393665 -0.0935066
v -1.0431406 1.2605389 -0.09350547
v -1.0237509 1.2310871 -0.06365376
v -1.063486 1.2398964 -0.09323289
v -1.0244998 1.2288188 -0.02104046
v -1.0624354 1.2317953 -0.06322458
v -1.0260283 1.2292074 0.014632144
v -1.0623432 1.2298586 -0.020581447
v -1.0278807 1.2339168 0.046421684
v -1.0634403 1.2306855 0.014737197
v -1.0258456 1.2495981 0.05417121
v -1.0408496 1.274264 0.040064722
v -1.0454837 1.2500163 0.053700123
v -1.0406013 1.2853078 -0.021087855
v -1.0670911 1.2356814 0.046093978
v -1.0640905 1.2742697 0.037954003
v -1.039585 1.2753946 -0.06751588
v -1.067144 1.2507325 0.052893464
v -1.0643827 1.2854209 -0.020110965
v -1.0626559 1.2607682 -0.093346
v -1.0620505 1.2768309 -0.06494892
v -1.0802838 1.2315252 0.014201381
v -1.097226 1.2359452 0.04080812
v -1.0978311 1.2513552 0.049616847
v -1.097521 1.2737575 0.035802335
v -1.0980326 1.2843186 -0.020215064
v -1.0959357 1.276213 -0.06334397
v -1.0938579 1.2605927 -0.09114799
v -1.0772641 1.2306297 -0.0205976
v -1.0942266 1.2392851 -0.088674806
v -1.0795956 1.2324632 -0.062676154
v -1.1072847 1.2335494 -0.061947547
v -1.1106981 1.2317989 -0.021158658
v -1.109502 1.232636 0.012623347
v -1.1398104 1.2721703 -0.02169284
v -1.1324457 1.2662926 -0.058972295
v -1.1200093 1.2595931 -0.08463335
v -1.1186061 1.2426164 -0.084939085
v -1.1393994 1.2565863 -0.060611423
v -1.1316239 1.2365927 -0.05968886
v -1.1430947 1.2354097 -0.022362553
v -1.1508693 1.2524474 -0.022301223
v -1.1384681 1.2341449 0.00728599
v -1.1420695 1.252002 0.015123879
v -1.1303376 1.2374051 0.032965757
v -1.1276394 1.251549 0.038903747
v -1.1334106 1.2651184 0.023584398
v -0.09114001 1.1347563 0.1351308
v -0.10354193 1.1621442 0.13293202
v -0.09995084 1.163455 0.14177193
v -0.099871196 1.185504 0.129259
v -0.09809064 1.1921815 0.13477851
v -0.094876826 1.1923407 0.12559955
v -0.044984348 1.1970161 0.13586749
v -0.04819817 1.1968569 0.14504637
v -0.09665737 1.1856633 0.12008007
v -0.16086128 1.1969411 0.120175704
v -0.09673702 1.1636144 0.13259305
v -0.1693472 1.1564826 0.11916327
v -0.15764749 1.1971004 0.1109968
v -0.10032812 1.1623036 0.12375315
v -0.096145056 1.1433271 0.12901987
v -0.16613337 1.156642 0.10998436
v -0.15395993 1.1128942 0.124023736
v -0.15074609 1.1130534 0.11484486
v -0.09293124 1.1434864 0.11984094
v -0.087926194 1.1349157 0.12595189
v -0.04223647 1.139305 0.14679459
v -0.04084699 1.1682265 0.14674063
v -0.039022647 1.1394643 0.13761571
v -0.0355222 1.1485742 0.14771177
v -0.044060804 1.1680671 0.15591957
v -0.032308385 1.1487336 0.13853289
v -0.030455023 1.1693188 0.14605506
v -0.03366884 1.1691595 0.155234
v -0.034794115 1.1937249 0.13704933
v 0.016066194 1.137094 0.16035631
v -0.038007937 1.1935655 0.14622821
v 0.019280016 1.1372532 0.15117744
v 0.020455122 1.17104 0.16671397
v 0.023668945 1.1711993 0.15753509
v 0.011225954 1.2047914 0.158386
v 0.014439777 1.2049508 0.14920713
v 0.14608496 1.0454395 0.10872594
v 0.16965857 1.038227 0.08094332
v 0.17475656 1.0012141 0.080571935
v 0.15047458 1.0088695 0.110766396
v 0.19304398 0.99713814 0.04286571
v 0.11432855 1.0516521 0.12628089
v 0.18741253 1.0344392 0.045569193
v 0.11776394 1.0154451 0.13003705
v 0.19865409 0.99499416 -0.00391729
v 0.07789913 1.0554599 0.13536611
v 0.19285896 1.0324095 0.0010467874
v 0.08023986 1.0194708 0.14012901
v 0.1916652 0.9953381 -0.038883224
v 0.03881049 1.055319 0.13940552
v 0.18607399 1.0328493 -0.03244086
v 0.03997667 1.0193654 0.14460985
v 0.15593415 1.003555 -0.08283494
v -0 1.0554419 0.13921794
v 0.1507884 1.0405811 -0.07523637
v -0 1.0195042 0.14449124
v 0.1190559 1.0120893 -0.09602304
v -0.038810484 1.05532 0.13940957
v 0.115582824 1.0485834 -0.08774816
v -0.03997667 1.0193647 0.14456396
v 0.080440044 1.0177844 -0.10667904
v -0.07789912 1.0554577 0.13535789
v 0.07809347 1.0540051 -0.098417364
v -0.08023986 1.0194597 0.14009146
v 0.04014957 1.0188501 -0.11383934
v -0.11432855 1.0516495 0.12627427
v 0.03897834 1.054937 -0.105389886
v -0.11776394 1.0154235 0.12997584
v -0 1.0190595 -0.11716287
v -0.14608496 1.045442 0.108755775
v -0 1.055064 -0.10854127
v -0.15047458 1.0088534 0.110807136
v -0.04014957 1.0188528 -0.113839224
v -0.16965857 1.038244 0.081146725
v -0.03897834 1.0549365 -0.10541024
v -0.17475654 1.001227 0.08090602
v -0.080440044 1.0177405 -0.1065018
v -0.18741255 1.0344634 0.045860182
v -0.07809346 1.0540031 -0.09838056
v -0.19304399 0.99717987 0.043327257
v -0.11905589 1.0120863 -0.095972046
v -0.19285898 1.0324341 0.0013412343
v -0.11558282 1.0485859 -0.08770045
v -0.19865407 0.9948542 -0.0032144915
v -0.15857145 1.0011094 -0.065142766
v -0.18607397 1.0328687 -0.032192755
v -0.1534257 1.0383939 -0.05770274
v -0.19166519 0.99537003 -0.038402185
v 0.14302394 1.039767 0.10739503
v 0.17117533 0.9963623 0.0795822
v 0.16616985 1.032663 0.079922535
v 0.14733389 1.0039196 0.10949643
v 0.18913102 0.9923029 0.04221179
v 0.11184363 1.0458932 0.12482608
v 0.18360177 1.0289315 0.04504193
v 0.1152167 1.0103996 0.12857752
v 0.19463933 0.9901427 -0.003858817
v 0.07607511 1.0496452 0.13385575
v 0.18894938 1.026928 0.0011987503
v 0.07837339 1.0143654 0.13860099
v 0.18777725 0.99047554 -0.03824852
v 0.037695616 1.049508 0.13782756
v 0.18228745 1.0273641 -0.031805683
v 0.03884065 1.0142647 0.14304833
v 0.15269443 0.99862635 -0.08172184
v -0.0004107803 1.0496309 0.13765197
v 0.14764205 1.0349667 -0.073918544
v -0.0004107803 1.0144047 0.14295326
v 0.11648521 1.0070324 -0.09464509
v -0.038517162 1.04951 0.13783555
v 0.11307514 1.0428294 -0.086118214
v -0.039662197 1.0142641 0.14298974
v 0.078569934 1.0126703 -0.105129205
v -0.07689665 1.0496414 0.13384108
v 0.076265916 1.0481622 -0.09658482
v -0.07919493 1.0143516 0.1385508
v 0.039010406 1.0137229 -0.11209495
v -0.11266518 1.0458869 0.12480862
v 0.037860423 1.049081 -0.1034024
v -0.11603825 1.0103722 0.12849502
v -0.0004107803 1.0139425 -0.11538477
v -0.14384547 1.0397651 0.10741461
v -0.0004107803 1.0492136 -0.10652273
v -0.14815545 1.0038935 0.10948752
v -0.03983196 1.0137273 -0.11211203
v -0.16699141 1.0326805 0.080133535
v -0.03868197 1.0490805 -0.10343116
v -0.17199689 0.9963683 0.079904035
v -0.07939148 1.0126097 -0.104894444
v -0.1844233 1.028958 0.045360487
v -0.07708748 1.0481551 -0.096528046
v -0.18995258 0.9923459 0.042638797
v -0.11730677 1.0070286 -0.09459089
v -0.18977092 1.0269544 0.001517069
v -0.1138967 1.0428314 -0.0860688
v -0.19546089 0.9899751 -0.003052694
v -0.15610543 0.99618924 -0.0642079
v -0.18310902 1.027385 -0.031534363
v -0.15105303 1.0328122 -0.056672234
v -0.18859878 0.9905226 -0.037730556
v -0.24020801 1.4715987 -0.30463284
v -0.24020801 1.4715987 -0.334362
v -0.24020801 1.501328 -0.31949744
v 0.24020796 1.4715987 -0.30463284
v 0.24020796 1.501328 -0.31949744
v 0.24020796 1.4715987 -0.334362
v -0.07558699 1.4386895 -0.24930091
v -0.069886655 1.4337001 -0.3095182
v -0.098123096 1.502555 -0.32467982
v -0.08000426 1.4942484 -0.23436184
v -0.023357978 1.4133635 -0.24221829
v -0.06302454 1.5741793 -0.2669493
v -0.08791016 1.4780127 -0.41353878
v -0.086453006 1.5558385 -0.4023806
v -0.0010260694 1.5689225 -0.39858586
v -0.06422125 1.5685449 -0.18692228
v 3.1432137E-09 1.49363 -0.18262655
v 0.03206712 1.6075854 -0.25770423
v -0.01596225 1.590931 -0.19152158
v -0.05005369 1.4213464 -0.36943042
v 0.008693326 1.367215 -0.31039858
v -0.031709835 1.4554807 -0.45121992
v 0.051418442 1.4013411 -0.25458097
v 0.06653157 1.5541043 -0.38777864
v -0.004653329 1.3881131 -0.40862748
v 0.09117853 1.5057396 -0.22694694
v 0.08522578 1.3688574 -0.30247724
v 0.08462213 1.5685471 -0.28014386
v 0.06481041 1.4712592 -0.43017825
v 0.05627119 1.3802024 -0.39976594
v 0.11754616 1.4947915 -0.31376943
v 0.045591682 1.5872415 -0.21585593
v 0.19292256 1.6515917 0.17987126
v 0.14748767 1.762007 0.2169072
v 0.19373895 1.7538452 0.1722986
v 0.14480546 1.6497438 0.22928712
v 0.17761067 1.5578294 0.17261833
v 0.09703015 1.7709256 0.24014403
v 0.1343693 1.5477276 0.21604644
v 0.094843924 1.6487191 0.25418147
v 0.047767647 1.775468 0.25156173
v 0.0883538 1.5381076 0.23783536
v 0.046637222 1.648283 0.26608434
v 0.04356306 1.5332313 0.24804123
v 5.1729737E-10 1.7765483 0.2563864
v 4.8315374E-10 1.6481686 0.27097252
v 4.4912293E-10 1.5319853 0.25215602
v -0.04356306 1.5332313 0.24804123
v -0.046637222 1.648283 0.26608434
v -0.047767647 1.775468 0.25156173
v -0.0883538 1.5381076 0.23783536
v -0.094843924 1.6487191 0.25418147
v -0.09703015 1.7709256 0.24014403
v -0.1343693 1.5477276 0.21604644
v -0.14480546 1.6497438 0.22928712
v -0.17761067 1.5578294 0.17261833
v -0.14748767 1.762007 0.2169072
v -0.19292256 1.6515917 0.17987126
v -0.19373895 1.7538452 0.1722986
vt 0.263687 0.96037394
vt 0.27945757 0.90112156
vt 0.2786585 0.90156
vt 0.26446027 0.9599818
vt 0.28055364 0.9004254
vt 0.28037965 0.90648764
vt 0.2817542 0.89980024
vt 0.28176284 0.9058296
vt 0.28328127 0.89937675
vt 0.28334963 0.9054254
vt 0.28499573 0.8993916
vt 0.28505218 0.9054408
vt 0.28674263 0.899584
vt 0.28674263 0.90542805
vt 0.28843307 0.9054408
vt 0.28848952 0.8993916
vt 0.29013562 0.9054254
vt 0.290204 0.89937675
vt 0.29172242 0.9058296
vt 0.29173106 0.89980024
vt 0.2931056 0.90648764
vt 0.29293162 0.9004254
vt 0.2941324 0.9072474
vt 0.2940277 0.90112156
vt 0.29490566 0.90763956
vt 0.29482675 0.90156
vt 0.29514295 0.9078429
vt 0.29516858 0.90222555
vt 0.28861988 0.90187997
vt 0.2893175 0.92604274
vt 0.28934288 0.93949515
vt 0.28861988 0.90187997
vt 0.2895648 0.91558695
vt 0.28861988 0.90187997
vt 0.28956228 0.91287106
vt 0.28861988 0.90187997
vt 0.28956228 0.91287106
vt 0.28861988 0.90187997
vt 0.28956342 0.9195158
vt 0.28861988 0.90187997
vt 0.28957456 0.9267351
vt 0.28861988 0.90187997
vt 0.28960067 0.9371955
vt 0.2896185 0.9422471
vt 0.28861988 0.90187997
vt 0.28861988 0.90187997
vt 0.28961986 0.94317275
vt 0.28861988 0.90187997
vt 0.28934288 0.93949515
vt 0.28928256 0.9439898
vt 0.28887385 0.94490415
vt 0.28889126 0.9393341
vt 0.28852558 0.9458659
vt 0.2888826 0.92762667
vt 0.2893175 0.92604274
vt 0.2885328 0.9396319
vt 0.28808844 0.94736993
vt 0.28923148 0.91561836
vt 0.2895648 0.91558695
vt 0.28956228 0.91287106
vt 0.28923434 0.91342145
vt 0.28887975 0.9162421
vt 0.2888822 0.91374165
vt 0.28853786 0.92810386
vt 0.28853565 0.9166998
vt 0.28854108 0.9142104
vt 0.28809547 0.9293587
vt 0.2881211 0.917594
vt 0.2874992 0.93065846
vt 0.28812635 0.91519827
vt 0.28808928 0.94024074
vt 0.28753316 0.9186099
vt 0.28721 0.91509426
vt 0.28756613 0.91445357
vt 0.28728712 0.91237843
vt 0.28696036 0.907591
vt 0.2874925 0.9421671
vt 0.28687847 0.9100798
vt 0.28684974 0.9006997
vt 0.28677022 0.90264636
vt 0.2868172 0.89636916
vt 0.2867509 0.89753187
vt 0.28661013 0.9048741
vt 0.28659588 0.898298
vt 0.28637606 0.9067928
vt 0.2863832 0.89951426
vt 0.28616863 0.908231
vt 0.28615034 0.9006066
vt 0.28588003 0.9091111
vt 0.28585404 0.9013465
vt 0.28553092 0.9091391
vt 0.2855214 0.9013206
vt 0.28518248 0.90921
vt 0.28518248 0.91966635
vt 0.28518248 0.90098435
vt 0.28484362 0.9013206
vt 0.2848341 0.9091391
vt 0.28451097 0.9013465
vt 0.28553587 0.9195114
vt 0.28549886 0.92893195
vt 0.2859124 0.91908854
vt 0.28448498 0.9091111
vt 0.28421474 0.9006066
vt 0.28419638 0.908231
vt 0.2848292 0.9195114
vt 0.28445262 0.91908854
vt 0.28415596 0.9181914
vt 0.28486615 0.92893195
vt 0.28518248 0.928972
vt 0.28518248 0.93399036
vt 0.28532588 0.93671554
vt 0.28550768 0.9333831
vt 0.28550303 0.9400832
vt 0.2857055 0.92967016
vt 0.2859224 0.940551
vt 0.2858472 0.946194
vt 0.28619617 0.94632804
vt 0.28600407 0.9502847
vt 0.2861932 0.9510615
vt 0.28599966 0.95305306
vt 0.28591484 0.9250478
vt 0.28593338 0.9301534
vt 0.28620905 0.9181914
vt 0.28634757 0.9385995
vt 0.2864238 0.9167053
vt 0.28629744 0.9314702
vt 0.28664863 0.9142835
vt 0.28662157 0.93256336
vt 0.28676903 0.92457014
vt 0.2870946 0.9306895
vt 0.28654885 0.9431097
vt 0.2872041 0.9410381
vt 0.28644562 0.94797236
vt 0.28663492 0.9500962
vt 0.2863524 0.9524707
vt 0.2870885 0.94758207
vt 0.28612113 0.9540475
vt 0.28597552 0.9548354
vt 0.28591532 0.9553089
vt 0.28614253 0.9538943
vt 0.28649652 0.9537512
vt 0.28687584 0.95294
vt 0.2874964 0.94974834
vt 0.28701144 0.95229024
vt 0.28749764 0.949794
vt 0.28809053 0.9473439
vt 0.2783423 0.9078429
vt 0.263687 0.96037394
vt 0.2786585 0.90156
vt 0.27831668 0.90222555
vt 0.27855444 0.9022251
vt 0.2786379 0.9077897
vt 0.279445 0.9014888
vt 0.27928358 0.9073513
vt 0.2804671 0.9010061
vt 0.28033584 0.9068472
vt 0.28170824 0.90611947
vt 0.281644 0.90040255
vt 0.28312343 0.89975804
vt 0.28334117 0.905546
vt 0.28494388 0.8993755
vt 0.28504485 0.90544796
vt 0.28674263 0.8995916
vt 0.28674263 0.9054349
vt 0.2884404 0.90544796
vt 0.28854138 0.8993755
vt 0.2901441 0.905546
vt 0.29036182 0.89975804
vt 0.291777 0.90611947
vt 0.29184127 0.90040255
vt 0.29301816 0.9010061
vt 0.2931494 0.9068472
vt 0.29420167 0.9073513
vt 0.29404026 0.9014888
vt 0.29484737 0.9077897
vt 0.29493082 0.9022251
vt 0.29514295 0.9078429
vt 0.29516858 0.90222555
vt 0.28852558 0.9458659
vt 0.28808844 0.94736993
vt 0.28809053 0.9473439
vt 0.2885266 0.94567436
vt 0.28887385 0.94490415
vt 0.2888751 0.9443851
vt 0.28928256 0.9439898
vt 0.28928262 0.9435529
vt 0.28961986 0.94317275
vt 0.2896185 0.9422471
vt 0.28931177 0.93865293
vt 0.28960067 0.9371955
vt 0.28888333 0.9385715
vt 0.2892906 0.9266334
vt 0.28957456 0.9267351
vt 0.28956342 0.9195158
vt 0.28888208 0.9280867
vt 0.2892362 0.9189782
vt 0.28956228 0.91287106
vt 0.28923434 0.91342145
vt 0.28888613 0.91918975
vt 0.2888822 0.91374165
vt 0.28854227 0.9394819
vt 0.28855234 0.92896074
vt 0.288545 0.9196573
vt 0.28854108 0.9142104
vt 0.28812283 0.93098813
vt 0.288136 0.92069846
vt 0.28812635 0.91519827
vt 0.28754508 0.9199276
vt 0.28756613 0.91445357
vt 0.28809887 0.9408978
vt 0.28750008 0.93097335
vt 0.28729427 0.9167195
vt 0.28728712 0.91237843
vt 0.28696036 0.907591
vt 0.28748715 0.9424551
vt 0.28749764 0.949794
vt 0.2869479 0.90837836
vt 0.28684974 0.9006997
vt 0.2870497 0.9200642
vt 0.28692132 0.94008714
vt 0.28712583 0.9480938
vt 0.28643942 0.9426624
vt 0.28701144 0.95229024
vt 0.28679544 0.9012243
vt 0.2868172 0.89636916
vt 0.28677106 0.8963699
vt 0.28678977 0.91014737
vt 0.28664166 0.90311915
vt 0.28659832 0.8976564
vt 0.2866153 0.9279687
vt 0.2864045 0.9054147
vt 0.28640002 0.8984997
vt 0.28617167 0.8995542
vt 0.2864772 0.91472584
vt 0.28632373 0.9298188
vt 0.28618568 0.9068057
vt 0.28622037 0.9172315
vt 0.28593427 0.9081066
vt 0.28588468 0.90068036
vt 0.28598374 0.93062764
vt 0.28597385 0.9183546
vt 0.28555852 0.9091677
vt 0.28553146 0.9013487
vt 0.28557676 0.9194303
vt 0.28518248 0.90928024
vt 0.28518248 0.9009711
vt 0.28483355 0.9013487
vt 0.28518248 0.9196168
vt 0.2848065 0.9091677
vt 0.28448033 0.90068036
vt 0.28557628 0.9305413
vt 0.28518248 0.93035585
vt 0.28518248 0.9407693
vt 0.2844308 0.9081066
vt 0.28419334 0.8995542
vt 0.28478825 0.9194303
vt 0.28555542 0.94116384
vt 0.28478873 0.9305413
vt 0.28439116 0.9183546
vt 0.28417933 0.9068057
vt 0.28597438 0.94155574
vt 0.285801 0.94826996
vt 0.28547752 0.94806886
vt 0.28396052 0.9054147
vt 0.283965 0.8984997
vt 0.2837667 0.8976564
vt 0.28372335 0.90311915
vt 0.28359395 0.8963699
vt 0.2838878 0.91472584
vt 0.28414464 0.9172315
vt 0.28356957 0.9012243
vt 0.28354782 0.89636916
vt 0.28351527 0.9006997
vt 0.28357524 0.91014737
vt 0.2834171 0.90837836
vt 0.28340465 0.907591
vt 0.28374964 0.9279687
vt 0.28438127 0.93062764
vt 0.28307074 0.9167195
vt 0.2830779 0.91237843
vt 0.2827989 0.91445357
vt 0.2833153 0.9200642
vt 0.2840413 0.9298188
vt 0.2839256 0.9426624
vt 0.2834437 0.94008714
vt 0.2848096 0.94116384
vt 0.28281993 0.9199276
vt 0.28223866 0.91519827
vt 0.28286493 0.93097335
vt 0.282229 0.92069846
vt 0.28182393 0.9142104
vt 0.28224212 0.93098813
vt 0.28182 0.9196573
vt 0.28148282 0.91374165
vt 0.28147888 0.91918975
vt 0.28113067 0.91342145
vt 0.28181267 0.92896074
vt 0.28112882 0.9189782
vt 0.28080273 0.91287106
vt 0.2808016 0.9195158
vt 0.28148293 0.9280867
vt 0.2810744 0.9266334
vt 0.28079045 0.9267351
vt 0.28076434 0.9371955
vt 0.28105325 0.93865293
vt 0.28074652 0.9422471
vt 0.28148174 0.9385715
vt 0.28182274 0.9394819
vt 0.2810824 0.9435529
vt 0.2807452 0.94317275
vt 0.28108245 0.9439898
vt 0.2814899 0.9443851
vt 0.28149116 0.94490415
vt 0.28183842 0.94567436
vt 0.28183943 0.9458659
vt 0.28227448 0.9473439
vt 0.28227657 0.94736993
vt 0.28226614 0.9408978
vt 0.28287786 0.9424551
vt 0.28286737 0.949794
vt 0.2832392 0.9480938
vt 0.28335357 0.95229024
vt 0.28367 0.95036596
vt 0.28383648 0.9537172
vt 0.2838685 0.9537512
vt 0.28348917 0.95294
vt 0.28424388 0.9540475
vt 0.28422248 0.9538943
vt 0.28402698 0.95201
vt 0.28423822 0.9491743
vt 0.28456402 0.94826996
vt 0.2843278 0.95316726
vt 0.2844497 0.9553089
vt 0.2845136 0.9553448
vt 0.28448504 0.95244247
vt 0.28461957 0.95522714
vt 0.28470814 0.9520955
vt 0.284795 0.9550983
vt 0.28494453 0.95206213
vt 0.28498292 0.95508724
vt 0.28518248 0.95215553
vt 0.28518248 0.9552005
vt 0.2853821 0.95508724
vt 0.2848875 0.94806886
vt 0.28542048 0.95206213
vt 0.28557009 0.9550983
vt 0.28565687 0.9520955
vt 0.28574544 0.95522714
vt 0.28587997 0.95244247
vt 0.28585142 0.9553448
vt 0.28518248 0.9480056
vt 0.28439063 0.94155574
vt 0.2860372 0.95316726
vt 0.28591532 0.9553089
vt 0.28614253 0.9538943
vt 0.2861268 0.9491743
vt 0.28633803 0.95201
vt 0.286695 0.95036596
vt 0.28652853 0.9537172
vt 0.28612113 0.9540475
vt 0.28649652 0.9537512
vt 0.28687584 0.95294
vt 0.29130644 0.90641314
vt 0.29038376 0.9251709
vt 0.29225802 0.9062953
vt 0.28979677 0.9259142
vt 0.28923756 0.94763285
vt 0.28511196 0.9032317
vt 0.28855872 0.94923043
vt 0.2884668 0.95918465
vt 0.2877617 0.9611331
vt 0.28163218 0.9496311
vt 0.28345698 0.9249749
vt 0.27606636 0.9226607
vt 0.27628475 0.9017346
vt 0.27831972 0.94568896
vt 0.27296764 0.90292054
vt 0.27461296 0.9482399
vt 0.27199364 0.92051905
vt 0.2730112 0.9024116
vt 0.27179885 0.9192433
vt 0.26995498 0.9451913
vt 0.2708639 0.9655944
vt 0.27018464 0.936138
vt 0.28832138 0.9047699
vt 0.29225802 0.9062953
vt 0.29038376 0.9251709
vt 0.28602654 0.9226183
vt 0.28923756 0.94763285
vt 0.28364414 0.9022864
vt 0.2839675 0.9443987
vt 0.2884668 0.95918465
vt 0.28095174 0.91984534
vt 0.2793917 0.9418099
vt 0.27505714 0.9188878
vt 0.2760787 0.90139246
vt 0.2730112 0.9024116
vt 0.27179885 0.9192433
vt 0.27337384 0.94126016
vt 0.2760427 0.9508213
vt 0.27018464 0.936138
vt 0.28228134 0.9078186
vt 0.28102213 0.93949515
vt 0.28104752 0.92604274
vt 0.28228134 0.9078186
vt 0.28080022 0.91558695
vt 0.2826817 0.89696914
vt 0.28228134 0.9078186
vt 0.2826817 0.89696914
vt 0.2826817 0.89696914
vt 0.2826817 0.89696914
vt 0.28228134 0.9078186
vt 0.28080273 0.91287106
vt 0.2826817 0.89696914
vt 0.28228134 0.9078186
vt 0.28228134 0.9078186
vt 0.28080273 0.91287106
vt 0.2826817 0.89696914
vt 0.2808016 0.9195158
vt 0.28228134 0.9078186
vt 0.2826817 0.89696914
vt 0.28079045 0.9267351
vt 0.2826817 0.89696914
vt 0.28228134 0.9078186
vt 0.28076434 0.9371955
vt 0.28074652 0.9422471
vt 0.28228134 0.9078186
vt 0.2826817 0.89696914
vt 0.28228134 0.9078186
vt 0.2807452 0.94317275
vt 0.28228134 0.9078186
vt 0.28102213 0.93949515
vt 0.28108245 0.9439898
vt 0.28149116 0.94490415
vt 0.28147376 0.9393341
vt 0.28183943 0.9458659
vt 0.2814824 0.92762667
vt 0.28104752 0.92604274
vt 0.28183222 0.9396319
vt 0.28227657 0.94736993
vt 0.28113353 0.91561836
vt 0.28080022 0.91558695
vt 0.28080273 0.91287106
vt 0.28113067 0.91342145
vt 0.28148526 0.9162421
vt 0.28148282 0.91374165
vt 0.28182715 0.92810386
vt 0.28182936 0.9166998
vt 0.28182393 0.9142104
vt 0.28226954 0.9293587
vt 0.2822439 0.917594
vt 0.28286582 0.93065846
vt 0.28223866 0.91519827
vt 0.28227574 0.94024074
vt 0.28283185 0.9186099
vt 0.28315502 0.91509426
vt 0.2827989 0.91445357
vt 0.2830779 0.91237843
vt 0.28340465 0.907591
vt 0.28287256 0.9421671
vt 0.28348655 0.9100798
vt 0.28351527 0.9006997
vt 0.2835948 0.90264636
vt 0.28354782 0.89636916
vt 0.2836141 0.89753187
vt 0.2837549 0.9048741
vt 0.28376913 0.898298
vt 0.28371638 0.9142835
vt 0.28359604 0.92457014
vt 0.28327042 0.9306895
vt 0.28374344 0.93256336
vt 0.2839412 0.9167053
vt 0.28316092 0.9410381
vt 0.28406757 0.9314702
vt 0.28381616 0.9431097
vt 0.28443164 0.9301534
vt 0.28445017 0.9250478
vt 0.2846595 0.92967016
vt 0.28401744 0.9385995
vt 0.28444266 0.940551
vt 0.28485733 0.9333831
vt 0.28486198 0.9400832
vt 0.28503913 0.93671554
vt 0.28451782 0.946194
vt 0.28416884 0.94632804
vt 0.28436095 0.9502847
vt 0.28417182 0.9510615
vt 0.28436536 0.95305306
vt 0.28391945 0.94797236
vt 0.28401262 0.9524707
vt 0.2837301 0.9500962
vt 0.28424388 0.9540475
vt 0.2843895 0.9548354
vt 0.2844497 0.9553089
vt 0.28422248 0.9538943
vt 0.2838685 0.9537512
vt 0.28348917 0.95294
vt 0.2832765 0.94758207
vt 0.28286862 0.94974834
vt 0.28335357 0.95229024
vt 0.28286737 0.949794
vt 0.28227448 0.9473439
vt 0.2880321 0.8952413
vt 0.2880321 0.8952413
vt 0.2880321 0.8952413
vt 0.2880321 0.8952413
vt 0.2880321 0.8952413
vt 0.2880321 0.8952413
vt 0.2880321 0.8952413
vt 0.2880321 0.8952413
vt 0.2880321 0.8952413
vt 0.2880321 0.8952413
vt 0.2880321 0.8952413
vt 0.2880321 0.89524126
vt 0.2880321 0.8952413
vt 0.28803205 0.8952413
vt 0.2880321 0.8952413
vt 0.2880321 0.8952413
vt 0.2880321 0.8952413
vt 0.28803217 0.8952413
vt 0.2880321 0.8952413
vt 0.2880321 0.8952413
vt 0.2880321 0.8952413
vt 0.2880321 0.8952413
vt 0.2880321 0.8952413
vt 0.2880321 0.8952413
vt 0.2880321 0.8952413
vt 0.2880321 0.8952413
vt 0.2880321 0.8952413
vt 0.2880321 0.8952413
vt 0.2880321 0.8952413
vt 0.2880321 0.8952413
vt 0.2880321 0.8952413
vt 0.2880321 0.8952413
vt 0.2880321 0.8952413
vt 0.2880321 0.8952413
vt 0.28803205 0.8952413
vt 0.2880321 0.8952413
vt 0.28803217 0.8952414
vt 0.2880321 0.8952413
vt 0.2880321 0.8952413
vt 0.28803205 0.8952413
vt 0.2880321 0.8952413
vt 0.21584356 0.8493079
vt 0.21584356 0.8493079
vt 0.21584356 0.8493079
vt 0.21584356 0.8493079
vt 0.21584356 0.8493079
vt 0.21584356 0.8493079
vt 0.21564627 0.8499785
vt 0.21564627 0.8499785
vt 0.21564627 0.8499785
vt 0.21564627 0.8499785
vt 0.21564627 0.8499785
vt 0.21564627 0.8499785
vt 0.21564627 0.8499785
vt 0.21564627 0.8499785
vt 0.21564627 0.8499785
vt 0.21564627 0.8499785
vt 0.21564627 0.8499785
vt 0.21564627 0.8499785
vt 0.21564627 0.8499785
vt 0.21564627 0.8499785
vt 0.21564627 0.8499785
vt 0.21564627 0.8499785
vt 0.21564627 0.8499785
vt 0.21564627 0.8499785
vt 0.21564627 0.8499785
vt 0.21564627 0.8499785
vt 0.21564627 0.8499785
vt 0.21564627 0.8499785
vt 0.21564627 0.8499785
vt 0.21564627 0.8499785
vt 0.21564627 0.8499785
vt 0.21564627 0.8499785
vt 0.21564627 0.8499785
vt 0.21564627 0.8499785
vt 0.21564627 0.8499785
vt 0.21564627 0.8499785
vt 0.21564627 0.8499785
vt 0.21564627 0.8499785
vt 0.21564627 0.8499785
vt 0.21564627 0.8499785
vt 0.21564627 0.8499785
vt 0.21564627 0.8499785
vt 0.21564627 0.8499785
vt 0.21564627 0.8499785
vt 0.21564627 0.8499785
vt 0.21564627 0.8499785
vt 0.21564627 0.8499785
vt 0.21564627 0.8499785
vt 0.21564627 0.8499785
vt 0.21564627 0.8499785
vt 0.21564627 0.8499785
vt 0.21564627 0.8499785
vt 0.21564627 0.8499785
vt 0.21564627 0.8499785
vt 0.27126098 0.9182005
vt 0.27126098 0.9182005
vt 0.27126098 0.9182005
vt 0.27126098 0.9182005
vt 0.27126098 0.9182005
vt 0.27126098 0.9182005
vt 0.26540154 0.9357786
vt 0.2654016 0.9357786
vt 0.2654016 0.9357786
vt 0.2654016 0.9357786
vt 0.2654016 0.9357786
vt 0.2654016 0.9357786
vt 0.2654016 0.9357786
vt 0.2654016 0.9357786
vt 0.2993676 0.90500903
vt 0.29938906 0.90502435
vt 0.30016798 0.9133137
vt 0.3001439 0.9132964
vt 0.30083585 0.922958
vt 0.30080622 0.92293835
vt 0.3015219 0.9317829
vt 0.30145562 0.9317592
vt 0.29938906 0.90502435
vt 0.2993676 0.90500903
vt 0.3001439 0.9132964
vt 0.30016798 0.9133137
vt 0.30080622 0.92293835
vt 0.30083585 0.922958
vt 0.30145562 0.9317592
vt 0.3015219 0.9317829
vt 0.29893523 0.90497166
vt 0.29938906 0.90502435
vt 0.30016798 0.9133137
vt 0.29965734 0.9132543
vt 0.29788083 0.9053193
vt 0.30083585 0.922958
vt 0.2984709 0.91364545
vt 0.29587597 0.9058621
vt 0.30026639 0.9228917
vt 0.3015219 0.9317829
vt 0.3009308 0.9317134
vt 0.29894787 0.92333204
vt 0.29954702 0.9321866
vt 0.29621482 0.91425633
vt 0.2927736 0.90642595
vt 0.29647094 0.92402256
vt 0.29696333 0.9329305
vt 0.2927239 0.9148908
vt 0.28888214 0.9065338
vt 0.29273605 0.9247498
vt 0.28838414 0.9150152
vt 0.28399372 0.90636
vt 0.2930904 0.9337182
vt 0.2931525 0.9380587
vt 0.28308725 0.91483605
vt 0.2802986 0.9060074
vt 0.28813976 0.92491174
vt 0.28831846 0.933903
vt 0.2907468 0.9427933
vt 0.27919143 0.91446024
vt 0.27753872 0.90515983
vt 0.28257012 0.9247407
vt 0.28818297 0.94291055
vt 0.28769094 0.9520252
vt 0.28218752 0.94278383
vt 0.28259164 0.9337385
vt 0.2764157 0.91355264
vt 0.2741946 0.9037339
vt 0.27286035 0.91194504
vt 0.2785232 0.924345
vt 0.27585852 0.92338145
vt 0.2784977 0.933334
vt 0.2812481 0.951932
vt 0.2873785 0.9560283
vt 0.28059214 0.9567163
vt 0.27900678 0.951737
vt 0.2773589 0.9474796
vt 0.27795798 0.9423872
vt 0.27605176 0.93234676
vt 0.2723189 0.92159295
vt 0.2715662 0.91115177
vt 0.2756458 0.94136935
vt 0.2728306 0.9304677
vt 0.27107233 0.92071867
vt 0.27070844 0.91096514
vt 0.27277315 0.93936384
vt 0.2745914 0.9505319
vt 0.27648735 0.9514193
vt 0.27499735 0.95998925
vt 0.27018493 0.92051524
vt 0.27032393 0.9109187
vt 0.26975232 0.92046314
vt 0.2717904 0.9295561
vt 0.27094722 0.9293469
vt 0.2704823 0.9292909
vt 0.272219 0.9484599
vt 0.27200335 0.9383856
vt 0.2712248 0.93814826
vt 0.27071846 0.9380793
vt 0.27175218 0.9474142
vt 0.27102864 0.94711304
vt 0.27023685 0.9469248
vt 0.27199507 0.9577774
vt 0.27178192 0.956752
vt 0.27102888 0.95638424
vt 0.26993167 0.9560734
vt 0.27381384 0.9595074
vt 0.27299726 0.96761185
vt 0.27162123 0.9667192
vt 0.27166373 0.96604174
vt 0.27061677 0.9753343
vt 0.27156574 0.97538126
vt 0.2710852 0.97902536
vt 0.2696675 0.9801514
vt 0.27088124 0.96575487
vt 0.27086538 0.9749492
vt 0.26981664 0.96540064
vt 0.26967067 0.96527624
vt 0.27010882 0.9749332
vt 0.26689672 0.9864882
vt 0.2689935 0.9745837
vt 0.26745713 0.98355
vt 0.26963413 0.9651735
vt 0.26994812 0.95593226
vt 0.26910436 0.97078675
vt 0.28902358 0.94306666
vt 0.28902358 0.94306666
vt 0.28902358 0.94306666
vt 0.28902358 0.94306666
vt 0.28902358 0.94306666
vt 0.28902358 0.94306666
vt 0.28902358 0.94306666
vt 0.28902358 0.94306666
vt 0.27219522 0.90285623
vt 0.27185136 0.9028148
vt 0.27032393 0.9109187
vt 0.27070802 0.91096514
vt 0.2729838 0.90302414
vt 0.26975232 0.92046314
vt 0.27156705 0.9111518
vt 0.2741984 0.90373427
vt 0.27018493 0.92051524
vt 0.2704823 0.9292909
vt 0.27286237 0.9119452
vt 0.27566743 0.9047695
vt 0.27107233 0.92071867
vt 0.27094722 0.9293469
vt 0.27071846 0.9380793
vt 0.27121603 0.93813926
vt 0.27023685 0.9469248
vt 0.27179044 0.92955613
vt 0.27042747 0.9468759
vt 0.26993167 0.9560734
vt 0.27461302 0.9131679
vt 0.2802986 0.9060074
vt 0.2723189 0.92159295
vt 0.27196944 0.93835026
vt 0.26994812 0.95593226
vt 0.26967067 0.96527624
vt 0.2791943 0.9144605
vt 0.28399372 0.90636
vt 0.27412754 0.9230024
vt 0.2728306 0.9304677
vt 0.2712189 0.94711804
vt 0.28308922 0.91483617
vt 0.28888214 0.9065338
vt 0.2785232 0.924345
vt 0.27439004 0.9319731
vt 0.2727319 0.9392977
vt 0.28838497 0.9150153
vt 0.2927736 0.90642595
vt 0.28257012 0.9247407
vt 0.2784977 0.933334
vt 0.27418357 0.9409426
vt 0.27224088 0.9482149
vt 0.2927239 0.9148908
vt 0.29587597 0.9058621
vt 0.28813976 0.92491174
vt 0.28259164 0.9337385
vt 0.27824682 0.94236046
vt 0.29621482 0.91425633
vt 0.29788083 0.9053193
vt 0.29273605 0.9247498
vt 0.28831846 0.933903
vt 0.28239703 0.9427599
vt 0.28821856 0.9428828
vt 0.2930904 0.9337182
vt 0.2931353 0.9371793
vt 0.29696333 0.9329305
vt 0.29647094 0.92402256
vt 0.2984709 0.91364545
vt 0.29893523 0.90497166
vt 0.29894787 0.92333204
vt 0.29954702 0.9321866
vt 0.29965734 0.9132543
vt 0.29938906 0.90502435
vt 0.30016798 0.9133137
vt 0.30026639 0.9228917
vt 0.3009308 0.9317134
vt 0.30083585 0.922958
vt 0.3015219 0.9317829
vt 0.27086538 0.9749492
vt 0.27061677 0.9753343
vt 0.2696675 0.9801514
vt 0.27166373 0.96604174
vt 0.27162123 0.9667192
vt 0.2697577 0.9651835
vt 0.26963413 0.9651735
vt 0.26910436 0.97078675
vt 0.2704243 0.95607924
vt 0.27016222 0.95996594
vt 0.27129573 0.95722073
vt 0.2702309 0.96581113
vt 0.27350748 0.9587977
vt 0.27402312 0.9500768
vt 0.27828795 0.95157015
vt 0.28298944 0.94625956
vt 0.2993676 0.90500903
vt 0.30016798 0.9133137
vt 0.29938906 0.90502435
vt 0.3001439 0.9132964
vt 0.30083585 0.922958
vt 0.30080622 0.92293835
vt 0.3015219 0.9317829
vt 0.30145562 0.9317592
vt 0.29938906 0.90502435
vt 0.3001439 0.9132964
vt 0.2993676 0.90500903
vt 0.30016798 0.9133137
vt 0.30080622 0.92293835
vt 0.30083585 0.922958
vt 0.30145562 0.9317592
vt 0.3015219 0.9317829
vt 0.29893523 0.90497166
vt 0.30016798 0.9133137
vt 0.29938906 0.90502435
vt 0.29965734 0.9132543
vt 0.29788083 0.9053193
vt 0.30083585 0.922958
vt 0.2984709 0.91364545
vt 0.29587597 0.9058621
vt 0.30026639 0.9228917
vt 0.3015219 0.9317829
vt 0.3009308 0.9317134
vt 0.29894787 0.92333204
vt 0.29954702 0.9321866
vt 0.29621482 0.91425633
vt 0.2927736 0.90642595
vt 0.29647094 0.92402256
vt 0.29696333 0.9329305
vt 0.2927239 0.9148908
vt 0.28888214 0.9065338
vt 0.29273605 0.9247498
vt 0.28838414 0.9150152
vt 0.28399372 0.90636
vt 0.2930904 0.9337182
vt 0.29315203 0.93802476
vt 0.28308725 0.91483605
vt 0.2802986 0.9060074
vt 0.28813976 0.92491174
vt 0.28831846 0.933903
vt 0.29073262 0.9427939
vt 0.27919143 0.91446024
vt 0.27753872 0.90515983
vt 0.28257012 0.9247407
vt 0.28818297 0.94291055
vt 0.28769094 0.9520252
vt 0.28218752 0.94278383
vt 0.28259164 0.9337385
vt 0.2764157 0.91355264
vt 0.2741946 0.9037339
vt 0.27286035 0.91194504
vt 0.2785232 0.924345
vt 0.27585852 0.92338145
vt 0.2784977 0.933334
vt 0.2812481 0.951932
vt 0.2873785 0.9560283
vt 0.28059214 0.9567163
vt 0.27900678 0.951737
vt 0.2773589 0.9474796
vt 0.27795798 0.9423872
vt 0.27605176 0.93234676
vt 0.2723189 0.92159295
vt 0.2715662 0.91115177
vt 0.2756458 0.94136935
vt 0.2728306 0.9304677
vt 0.27107233 0.92071867
vt 0.27070844 0.91096514
vt 0.27277315 0.93936384
vt 0.2745914 0.9505319
vt 0.27648735 0.9514193
vt 0.27499735 0.95998925
vt 0.27018493 0.92051524
vt 0.27032393 0.9109187
vt 0.26975232 0.92046314
vt 0.2717904 0.9295561
vt 0.27094722 0.9293469
vt 0.2704823 0.9292909
vt 0.272219 0.9484599
vt 0.27200335 0.9383856
vt 0.2712248 0.93814826
vt 0.27071846 0.9380793
vt 0.27175218 0.9474142
vt 0.27102864 0.94711304
vt 0.27023685 0.9469248
vt 0.27199507 0.9577774
vt 0.27102888 0.95638424
vt 0.26993167 0.9560734
vt 0.27178192 0.956752
vt 0.27381384 0.9595074
vt 0.27299726 0.96761185
vt 0.27162123 0.9667192
vt 0.27166373 0.96604174
vt 0.27061677 0.9753343
vt 0.27156574 0.97538126
vt 0.2710852 0.97902536
vt 0.2696675 0.9801514
vt 0.27088124 0.96575487
vt 0.27086538 0.9749492
vt 0.26981664 0.96540064
vt 0.26967067 0.96527624
vt 0.27010882 0.9749332
vt 0.26689672 0.9864882
vt 0.2689935 0.9745837
vt 0.26745713 0.98355
vt 0.26994812 0.95593226
vt 0.26963413 0.9651735
vt 0.26910436 0.97078675
vt 0.28902358 0.94306666
vt 0.28902358 0.94306666
vt 0.28902358 0.94306666
vt 0.28902358 0.94306666
vt 0.28902358 0.94306666
vt 0.28902358 0.94306666
vt 0.28902358 0.94306666
vt 0.28902358 0.94306666
vt 0.27219522 0.90285623
vt 0.27032393 0.9109187
vt 0.27185136 0.9028148
vt 0.27070802 0.91096514
vt 0.2729838 0.90302414
vt 0.26975232 0.92046314
vt 0.27156705 0.9111518
vt 0.2741984 0.90373427
vt 0.27018493 0.92051524
vt 0.2704823 0.9292909
vt 0.27286237 0.9119452
vt 0.27566743 0.9047695
vt 0.27107233 0.92071867
vt 0.27094722 0.9293469
vt 0.27071846 0.9380793
vt 0.27121603 0.93813926
vt 0.27023685 0.9469248
vt 0.27179044 0.92955613
vt 0.27042747 0.9468759
vt 0.26993167 0.9560734
vt 0.27461302 0.9131679
vt 0.2802986 0.9060074
vt 0.2723189 0.92159295
vt 0.27196944 0.93835026
vt 0.26994812 0.95593226
vt 0.26967067 0.96527624
vt 0.2791943 0.9144605
vt 0.28399372 0.90636
vt 0.27412754 0.9230024
vt 0.2728306 0.9304677
vt 0.2712189 0.94711804
vt 0.28308922 0.91483617
vt 0.28888214 0.9065338
vt 0.2785232 0.924345
vt 0.27439004 0.9319731
vt 0.2727319 0.9392977
vt 0.28838497 0.9150153
vt 0.2927736 0.90642595
vt 0.28257012 0.9247407
vt 0.2784977 0.933334
vt 0.27418357 0.9409426
vt 0.27224088 0.9482149
vt 0.2927239 0.9148908
vt 0.29587597 0.9058621
vt 0.28813976 0.92491174
vt 0.28259164 0.9337385
vt 0.27824682 0.94236046
vt 0.29621482 0.91425633
vt 0.29788083 0.9053193
vt 0.29273605 0.9247498
vt 0.28831846 0.933903
vt 0.28239703 0.9427599
vt 0.28821856 0.9428828
vt 0.2930904 0.9337182
vt 0.2931348 0.9371452
vt 0.29696333 0.9329305
vt 0.29647094 0.92402256
vt 0.2984709 0.91364545
vt 0.29893523 0.90497166
vt 0.29894787 0.92333204
vt 0.29954702 0.9321866
vt 0.29965734 0.9132543
vt 0.29938906 0.90502435
vt 0.30016798 0.9133137
vt 0.30026639 0.9228917
vt 0.3009308 0.9317134
vt 0.30083585 0.922958
vt 0.3015219 0.9317829
vt 0.27086538 0.9749492
vt 0.2696675 0.9801514
vt 0.27061677 0.9753343
vt 0.27166373 0.96604174
vt 0.27162123 0.9667192
vt 0.2697577 0.9651835
vt 0.26910436 0.97078675
vt 0.26963413 0.9651735
vt 0.2704243 0.95607924
vt 0.27016222 0.95996594
vt 0.27129573 0.95722073
vt 0.2702309 0.96581113
vt 0.27350748 0.9587977
vt 0.27402312 0.9500768
vt 0.27828795 0.95157015
vt 0.28298944 0.94625956
vt 0.087435186 0.9028746
vt 0.087435186 0.9028746
vt 0.087435186 0.9028746
vt 0.087435186 0.9028746
vt 0.087435186 0.9028746
vt 0.087435186 0.9028746
vt 0.087435186 0.9028746
vt 0.087435186 0.9028746
vt 0.087435186 0.9028746
vt 0.087435186 0.9028746
vt 0.087435186 0.9028746
vt 0.087435186 0.9028746
vt 0.087435186 0.9028746
vt 0.087435186 0.9028746
vt 0.087435186 0.9028746
vt 0.087435186 0.9028746
vt 0.087435186 0.9028746
vt 0.087435186 0.9028746
vt 0.087435186 0.9028746
vt 0.087435186 0.9028746
vt 0.087435186 0.9028746
vt 0.087435186 0.9028746
vt 0.087435186 0.9028746
vt 0.087435186 0.9028746
vt 0.087435186 0.9028746
vt 0.087435186 0.9028746
vt 0.087435186 0.9028746
vt 0.087435186 0.9028746
vt 0.087435186 0.9028746
vt 0.087435186 0.9028746
vt 0.087435186 0.9028746
vt 0.087435186 0.9028746
vt 0.087435186 0.9028746
vt 0.087435186 0.9028746
vt 0.087435186 0.9028746
vt 0.087435186 0.9028746
vt 0.087435186 0.9028746
vt 0.087435186 0.9028746
vt 0.087435186 0.9028746
vt 0.087435186 0.9028746
vt 0.087435186 0.9028746
vt 0.087435186 0.9028746
vt 0.087435186 0.9028746
vt 0.087435186 0.9028746
vt 0.087435186 0.9028746
vt 0.087435186 0.9028746
vt 0.087435186 0.9028746
vt 0.087435186 0.9028746
vt 0.087435186 0.9028746
vt 0.087435186 0.9028746
vt 0.087435186 0.9028746
vt 0.087435186 0.9028746
vt 0.087435186 0.9028746
vt 0.087435186 0.9028746
vt 0.087435186 0.9028746
vt 0.087435186 0.9028746
vt 0.087435186 0.9028746
vt 0.087435186 0.9028746
vt 0.087435186 0.9028746
vt 0.087435186 0.9028746
vt 0.087435186 0.9028746
vt 0.087435186 0.9028746
vt 0.087435186 0.9028746
vt 0.087435186 0.9028746
vt 0.087435186 0.9028746
vt 0.087435186 0.9028746
vt 0.087435186 0.9028746
vt 0.087435186 0.9028746
vt 0.087435186 0.9028746
vt 0.087185875 0.90848064
vt 0.087185875 0.90848064
vt 0.087185875 0.90848064
vt 0.087185875 0.90848064
vt 0.087185875 0.90848064
vt 0.087185875 0.90848064
vt 0.087185875 0.90848064
vt 0.087185875 0.90848064
vt 0.087185875 0.90848064
vt 0.087185875 0.90848064
vt 0.087185875 0.90848064
vt 0.087185875 0.90848064
vt 0.087185875 0.90848064
vt 0.087185875 0.90848064
vt 0.087185875 0.90848064
vt 0.087185875 0.90848064
vt 0.087185875 0.90848064
vt 0.087185875 0.90848064
vt 0.087185875 0.90848064
vt 0.087185875 0.90848064
vt 0.087185875 0.90848064
vt 0.087185875 0.90848064
vt 0.087185875 0.90848064
vt 0.087185875 0.90848064
vt 0.087185875 0.90848064
vt 0.087185875 0.90848064
vt 0.087185875 0.90848064
vt 0.087185875 0.90848064
vt 0.087185875 0.90848064
vt 0.087185875 0.90848064
vt 0.087185875 0.90848064
vt 0.087185875 0.90848064
vt 0.087185875 0.90848064
vt 0.087185875 0.90848064
vt 0.087185875 0.90848064
vt 0.087185875 0.90848064
vt 0.087185875 0.90848064
vt 0.087185875 0.90848064
vt 0.087185875 0.90848064
vt 0.087185875 0.90848064
vt 0.087185875 0.90848064
vt 0.087185875 0.90848064
vt 0.087185875 0.90848064
vt 0.087185875 0.90848064
vt 0.087185875 0.90848064
vt 0.087185875 0.90848064
vt 0.087185875 0.90848064
vt 0.087185875 0.90848064
vt 0.087185875 0.90848064
vt 0.087185875 0.90848064
vt 0.087185875 0.90848064
vt 0.087185875 0.90848064
vt 0.087185875 0.90848064
vt 0.087185875 0.90848064
vt 0.087185875 0.90848064
vt 0.087185875 0.90848064
vt 0.087185875 0.90848064
vt 0.087185875 0.90848064
vt 0.087185875 0.90848064
vt 0.087185875 0.90848064
vt 0.087185875 0.90848064
vt 0.087185875 0.90848064
vt 0.087185875 0.90848064
vt 0.087185875 0.90848064
vt 0.087185875 0.90848064
vt 0.087185875 0.90848064
vt 0.087185875 0.90848064
vt 0.087185875 0.90848064
vt 0.087185875 0.90848064
vt 0.087185875 0.90848064
vt 0.087185875 0.90848064
vt 0.087185875 0.90848064
vt 0.087185875 0.90848064
vt 0.087185875 0.90848064
vt 0.087185875 0.90848064
vt 0.087185875 0.90848064
vt 0.087185875 0.90848064
vt 0.087185875 0.90848064
vt 0.087185875 0.90848064
vt 0.087185875 0.90848064
vt 0.087185875 0.90848064
vt 0.087185875 0.90848064
vt 0.087185875 0.90848064
vt 0.087185875 0.90848064
vt 0.087185875 0.90848064
vt 0.087185875 0.90848064
vt 0.087185875 0.90848064
vt 0.087185875 0.90848064
vt 0.087185875 0.90848064
vt 0.087185875 0.90848064
vt 0.087185875 0.90848064
vt 0.087185875 0.90848064
vt 0.087185875 0.90848064
vt 0.087185875 0.90848064
vt 0.087185875 0.90848064
vt 0.087185875 0.90848064
vt 0.087185875 0.90848064
vt 0.087185875 0.90848064
vt 0.087185875 0.90848064
vt 0.087185875 0.90848064
vt 0.087185875 0.90848064
vt 0.087185875 0.90848064
vt 0.087185875 0.90848064
vt 0.087185875 0.90848064
vt 0.087185875 0.90848064
vt 0.087185875 0.90848064
vt 0.087185875 0.90848064
vt 0.087185875 0.90848064
vt 0.087185875 0.90848064
vt 0.087185875 0.90848064
vt 0.087185875 0.90848064
vt 0.087185875 0.90848064
vt 0.087185875 0.90848064
vt 0.087185875 0.90848064
vt 0.087185875 0.90848064
vt 0.087185875 0.90848064
vt 0.087185875 0.90848064
vt 0.087185875 0.90848064
vt 0.087185875 0.90848064
vt 0.087185875 0.90848064
vt 0.087185875 0.90848064
vt 0.087185875 0.90848064
vt 0.087185875 0.90848064
vt 0.087185875 0.90848064
vt 0.087185875 0.90848064
vt 0.087185875 0.90848064
vt 0.087185875 0.90848064
vt 0.087185875 0.90848064
vt 0.087185875 0.90848064
vt 0.087185875 0.90848064
vt 0.087185875 0.90848064
vt 0.087185875 0.90848064
vt 0.087185875 0.90848064
vt 0.087185875 0.90848064
vt 0.087185875 0.90848064
vt 0.087185875 0.90848064
vt 0.087185875 0.90848064
vt 0.087185875 0.90848064
vt 0.087185875 0.90848064
vt 0.087185875 0.90848064
vt 0.087185875 0.90848064
vt 0.087185875 0.90848064
vt 0.087185875 0.90848064
vt 0.087185875 0.90848064
vt 0.087185875 0.90848064
vt 0.087185875 0.90848064
vt 0.087185875 0.90848064
vt 0.087185875 0.90848064
vt 0.08358161 0.531358
vt 0.08358161 0.531358
vt 0.08358161 0.531358
vt 0.08358161 0.531358
vt 0.08358161 0.531358
vt 0.08358161 0.531358
vt 0.08358161 0.531358
vt 0.08358161 0.531358
vt 0.08358161 0.531358
vt 0.08358161 0.531358
vt 0.08358161 0.531358
vt 0.08358161 0.531358
vt 0.08358161 0.531358
vt 0.08358161 0.531358
vt 0.08358161 0.531358
vt 0.08358161 0.531358
vt 0.08358161 0.531358
vt 0.08358161 0.531358
vt 0.08358161 0.531358
vt 0.08358161 0.531358
vt 0.08358161 0.531358
vt 0.08358161 0.531358
vt 0.08358161 0.531358
vt 0.08358161 0.531358
vt 0.08358161 0.531358
vt 0.08358161 0.531358
vt 0.08358161 0.531358
vt 0.08358161 0.531358
vt 0.08358161 0.531358
vt 0.08358161 0.531358
vt 0.08358161 0.531358
vt 0.08358161 0.531358
vt 0.08358161 0.531358
vt 0.08358161 0.531358
vt 0.08358161 0.531358
vt 0.08358161 0.531358
vt 0.08358161 0.531358
vt 0.08358161 0.531358
vt 0.08358161 0.531358
vt 0.08358161 0.531358
vt 0.08358161 0.531358
vt 0.08358161 0.531358
vt 0.08358161 0.531358
vt 0.08358161 0.531358
vt 0.08358161 0.531358
vt 0.08358161 0.531358
vt 0.08358161 0.531358
vt 0.08358161 0.531358
vt 0.08358161 0.531358
vt 0.08358161 0.531358
vt 0.08358161 0.531358
vt 0.08358161 0.531358
vt 0.08358161 0.531358
vt 0.08358161 0.531358
vt 0.08358161 0.531358
vt 0.08358161 0.531358
vt 0.08358161 0.531358
vt 0.08358161 0.531358
vt 0.08358161 0.531358
vt 0.08358161 0.531358
vt 0.08358161 0.531358
vt 0.08358161 0.531358
vt 0.08358161 0.531358
vt 0.08358161 0.531358
vt 0.08358161 0.531358
vt 0.08358161 0.531358
vt 0.08358161 0.531358
vt 0.08358161 0.531358
vt 0.08358161 0.531358
vt 0.08358161 0.531358
vt 0.08358161 0.531358
vt 0.08358161 0.531358
vt 0.08358161 0.531358
vt 0.08358161 0.531358
vt 0.08358161 0.531358
vt 0.08358161 0.531358
vt 0.08358161 0.531358
vt 0.08358161 0.531358
vt 0.08358161 0.531358
vt 0.08358161 0.531358
vt 0.08358161 0.531358
vt 0.08358161 0.531358
vt 0.08358161 0.531358
vt 0.08358161 0.531358
vt 0.08358161 0.531358
vt 0.08358161 0.531358
vt 0.08358161 0.531358
vt 0.08358161 0.531358
vt 0.08358161 0.531358
vt 0.08358161 0.531358
vt 0.08358161 0.531358
vt 0.08358161 0.531358
vt 0.08358161 0.531358
vt 0.08358161 0.531358
vt 0.08358161 0.531358
vt 0.08358161 0.531358
vt 0.08358161 0.531358
vt 0.08358161 0.531358
vt 0.08358161 0.531358
vt 0.08358161 0.531358
vt 0.08358161 0.531358
vt 0.08358161 0.531358
vt 0.08358161 0.531358
vt 0.08358161 0.531358
vt 0.08358161 0.531358
vt 0.08358161 0.531358
vt 0.08358161 0.531358
vt 0.08358161 0.531358
vt 0.08358161 0.531358
vt 0.08358161 0.531358
vt 0.08358161 0.531358
vt 0.08358161 0.531358
vt 0.08358161 0.531358
vt 0.08358161 0.531358
vt 0.08358161 0.531358
vt 0.08358161 0.531358
vt 0.08358161 0.531358
vt 0.08358161 0.531358
vt 0.08358161 0.531358
vt 0.08358161 0.531358
vt 0.08358161 0.531358
vt 0.08358161 0.531358
vt 0.08358161 0.531358
vt 0.08358161 0.531358
vt 0.08358161 0.531358
vt 0.08358161 0.531358
vt 0.08358161 0.531358
vt 0.08358161 0.531358
vt 0.08358161 0.531358
vt 0.08358161 0.531358
vt 0.08358161 0.531358
vt 0.08358161 0.531358
vt 0.08358161 0.531358
vt 0.08358161 0.531358
vt 0.08358161 0.531358
vt 0.08358161 0.531358
vt 0.08358161 0.531358
vt 0.08358161 0.531358
vt 0.08358161 0.531358
vt 0.08358161 0.531358
vt 0.08358161 0.531358
vt 0.08358161 0.531358
vt 0.08358161 0.531358
vt 0.08358161 0.531358
vt 0.08358161 0.531358
vt 0.08358161 0.531358
vt 0.08358161 0.531358
vt 0.08358161 0.531358
vt 0.08358161 0.531358
vt 0.08358161 0.531358
vt 0.08358161 0.531358
vt 0.08358161 0.531358
vt 0.08358161 0.531358
vt 0.08358161 0.531358
vt 0.08358161 0.531358
vt 0.08358161 0.531358
vt 0.08358161 0.531358
vt 0.08358161 0.531358
vt 0.08358161 0.531358
vt 0.08358161 0.531358
vt 0.08358161 0.531358
vt 0.08358161 0.531358
vt 0.08358161 0.531358
vt 0.08358161 0.531358
vt 0.08358161 0.531358
vt 0.08358161 0.531358
vt 0.08358161 0.531358
vt 0.08358161 0.531358
vt 0.08358161 0.531358
vt 0.08358161 0.531358
vt 0.08358161 0.531358
vt 0.08358161 0.531358
vt 0.08358161 0.531358
vt 0.08358161 0.531358
vt 0.08358161 0.531358
vt 0.08358161 0.531358
vt 0.08358161 0.531358
vt 0.08358161 0.531358
vt 0.08358161 0.531358
vt 0.08358161 0.531358
vt 0.08358161 0.531358
vt 0.08358161 0.531358
vt 0.08358161 0.531358
vt 0.08358161 0.531358
vt 0.08358161 0.531358
vt 0.08358161 0.531358
vt 0.08358161 0.531358
vt 0.08358161 0.531358
vt 0.08358161 0.531358
vt 0.08358161 0.531358
vt 0.08358161 0.531358
vt 0.08358161 0.531358
vt 0.08358161 0.531358
vt 0.08358161 0.531358
vt 0.08358161 0.531358
vt 0.08358161 0.531358
vt 0.08358161 0.531358
vt 0.08358161 0.531358
vt 0.08358161 0.531358
vt 0.08358161 0.531358
vt 0.08358161 0.531358
vt 0.08358161 0.531358
vt 0.08358161 0.531358
vt 0.08358161 0.531358
vt 0.08358161 0.531358
vt 0.08358161 0.531358
vt 0.08358161 0.531358
vt 0.08358161 0.531358
vt 0.08358161 0.531358
vt 0.08358161 0.531358
vt 0.08358161 0.531358
vt 0.08358161 0.531358
vt 0.08358161 0.531358
vt 0.08358161 0.531358
vt 0.08358161 0.531358
vt 0.08358161 0.531358
vt 0.08358161 0.531358
vt 0.08358161 0.531358
vt 0.08358161 0.531358
vt 0.08358161 0.531358
vt 0.08358161 0.531358
vt 0.08358161 0.531358
vt 0.08358161 0.531358
vt 0.08358161 0.531358
vt 0.08358161 0.531358
vt 0.08358161 0.531358
vt 0.08358161 0.531358
vt 0.08358161 0.531358
vt 0.08358161 0.531358
vt 0.08358161 0.531358
vt 0.08358161 0.531358
vt 0.08358161 0.531358
vt 0.08358161 0.531358
vt 0.08358161 0.531358
vt 0.08358161 0.531358
vt 0.08358161 0.531358
vt 0.08358161 0.531358
vt 0.08358161 0.531358
vt 0.08358161 0.531358
vt 0.08358161 0.531358
vt 0.08358161 0.531358
vt 0.08358161 0.531358
vt 0.08358161 0.531358
vt 0.08358161 0.531358
vt 0.08358161 0.531358
vt 0.08358161 0.531358
vt 0.08358161 0.531358
vt 0.08358161 0.531358
vt 0.08352527 0.5310893
vt 0.08352527 0.5310893
vt 0.08352527 0.5310893
vt 0.08352527 0.5310893
vt 0.08352527 0.5310893
vt 0.08352527 0.5310893
vt 0.08352527 0.5310893
vt 0.08352527 0.5310893
vt 0.08352527 0.5310893
vt 0.08352527 0.5310893
vt 0.08352527 0.5310893
vt 0.08352527 0.5310893
vt 0.08352527 0.5310893
vt 0.08352527 0.5310893
vt 0.08352527 0.5310893
vt 0.08352527 0.5310893
vt 0.08352527 0.5310893
vt 0.08352527 0.5310893
vt 0.08352527 0.5310893
vt 0.08352527 0.5310893
vt 0.08352527 0.5310893
vt 0.08352527 0.5310893
vt 0.08352527 0.5310893
vt 0.08352527 0.5310893
vt 0.08352527 0.5310893
vt 0.08352527 0.5310893
vt 0.08352527 0.5310893
vt 0.08352527 0.5310893
vt 0.08352527 0.5310893
vt 0.08352527 0.5310893
vt 0.08352527 0.5310893
vt 0.08352527 0.5310893
vt 0.08352527 0.5310893
vt 0.08352527 0.5310893
vt 0.08352527 0.5310893
vt 0.08352527 0.5310893
vt 0.08352527 0.5310893
vt 0.08352527 0.5310893
vt 0.08352527 0.5310893
vt 0.08352527 0.5310893
vt 0.08352527 0.5310893
vt 0.08352527 0.5310893
vt 0.08352527 0.5310893
vt 0.08352527 0.5310893
vt 0.08352527 0.5310893
vt 0.08352527 0.5310893
vt 0.08352527 0.5310893
vt 0.08352527 0.5310893
vt 0.08352527 0.5310893
vt 0.08352527 0.5310893
vt 0.08352527 0.5310893
vt 0.08352527 0.5310893
vt 0.08352527 0.5310893
vt 0.08352527 0.5310893
vt 0.08352527 0.5310893
vt 0.08352527 0.5310893
vt 0.08352527 0.5310893
vt 0.08352527 0.5310893
vt 0.08352527 0.5310893
vt 0.08352527 0.5310893
vt 0.08352527 0.5310893
vt 0.08352527 0.5310893
vt 0.08352527 0.5310893
vt 0.08352527 0.5310893
vt 0.08352527 0.5310893
vt 0.08352527 0.5310893
vt 0.08352527 0.5310893
vt 0.08352527 0.5310893
vt 0.08352527 0.5310893
vt 0.08352527 0.5310893
vt 0.08352527 0.5310893
vt 0.08352527 0.5310893
vt 0.08352527 0.5310893
vt 0.08352527 0.5310893
vt 0.08352527 0.5310893
vt 0.08352527 0.5310893
vt 0.08352527 0.5310893
vt 0.08352527 0.5310893
vt 0.08352527 0.5310893
vt 0.08352527 0.5310893
vt 0.08352527 0.5310893
vt 0.08352527 0.5310893
vt 0.08352527 0.5310893
vt 0.08352527 0.5310893
vt 0.08352527 0.5310893
vt 0.08352527 0.5310893
vt 0.08352527 0.5310893
vt 0.08352527 0.5310893
vt 0.08352527 0.5310893
vt 0.08352527 0.5310893
vt 0.08352527 0.5310893
vt 0.08352527 0.5310893
vt 0.08352527 0.5310893
vt 0.08352527 0.5310893
vt 0.08352527 0.5310893
vt 0.08352527 0.5310893
vt 0.08352527 0.5310893
vt 0.08352527 0.5310893
vt 0.08352527 0.5310893
vt 0.08352527 0.5310893
vt 0.08352527 0.5310893
vt 0.08352527 0.5310893
vt 0.08352527 0.5310893
vt 0.08352527 0.5310893
vt 0.08352527 0.5310893
vt 0.08352527 0.5310893
vt 0.08352527 0.5310893
vt 0.08352527 0.5310893
vt 0.08352527 0.5310893
vt 0.08352527 0.5310893
vt 0.08352527 0.5310893
vt 0.08352527 0.5310893
vt 0.08352527 0.5310893
vt 0.08352527 0.5310893
vt 0.08352527 0.5310893
vt 0.08352527 0.5310893
vt 0.08352527 0.5310893
vt 0.08352527 0.5310893
vt 0.08352527 0.5310893
vt 0.08352527 0.5310893
vt 0.08352527 0.5310893
vt 0.08352527 0.5310893
vt 0.08352527 0.5310893
vt 0.08352527 0.5310893
vt 0.08352527 0.5310893
vt 0.08352527 0.5310893
vt 0.08352527 0.5310893
vt 0.08352527 0.5310893
vt 0.08352527 0.5310893
vt 0.08352527 0.5310893
vt 0.08352527 0.5310893
vt 0.08352527 0.5310893
vt 0.08352527 0.5310893
vt 0.08352527 0.5310893
vt 0.08352527 0.5310893
vt 0.08352527 0.5310893
vt 0.08352527 0.5310893
vt 0.08352527 0.5310893
vt 0.08352527 0.5310893
vt 0.08352527 0.5310893
vt 0.08352527 0.5310893
vt 0.08352527 0.5310893
vt 0.08352527 0.5310893
vt 0.08352527 0.5310893
vt 0.08352527 0.5310893
vt 0.08352527 0.5310893
vt 0.08352527 0.5310893
vt 0.08352527 0.5310893
vt 0.08352527 0.5310893
vt 0.08352527 0.5310893
vt 0.08352527 0.5310893
vt 0.08352527 0.5310893
vt 0.08352527 0.5310893
vt 0.08352527 0.5310893
vt 0.08352527 0.5310893
vt 0.08352527 0.5310893
vt 0.08352527 0.5310893
vt 0.08352527 0.5310893
vt 0.08352527 0.5310893
vt 0.08352527 0.5310893
vt 0.08352527 0.5310893
vt 0.08352527 0.5310893
vt 0.08352527 0.5310893
vt 0.08352527 0.5310893
vt 0.08352527 0.5310893
vt 0.08352527 0.5310893
vt 0.08352527 0.5310893
vt 0.08352527 0.5310893
vt 0.08352527 0.5310893
vt 0.08352527 0.5310893
vt 0.08352527 0.5310893
vt 0.08352527 0.5310893
vt 0.08352527 0.5310893
vt 0.08352527 0.5310893
vt 0.08352527 0.5310893
vt 0.08352527 0.5310893
vt 0.08352527 0.5310893
vt 0.08352527 0.5310893
vt 0.08352527 0.5310893
vt 0.08352527 0.5310893
vt 0.08352527 0.5310893
vt 0.08352527 0.5310893
vt 0.08352527 0.5310893
vt 0.08352527 0.5310893
vt 0.08352527 0.5310893
vt 0.08352527 0.5310893
vt 0.08352527 0.5310893
vt 0.08352527 0.5310893
vt 0.08352527 0.5310893
vt 0.08352527 0.5310893
vt 0.08352527 0.5310893
vt 0.08352527 0.5310893
vt 0.08352527 0.5310893
vt 0.08352527 0.5310893
vt 0.08352527 0.5310893
vt 0.08352527 0.5310893
vt 0.08352527 0.5310893
vt 0.08352527 0.5310893
vt 0.08352527 0.5310893
vt 0.08352527 0.5310893
vt 0.08352527 0.5310893
vt 0.08352527 0.5310893
vt 0.08352527 0.5310893
vt 0.08352527 0.5310893
vt 0.08352527 0.5310893
vt 0.08352527 0.5310893
vt 0.08352527 0.5310893
vt 0.08352527 0.5310893
vt 0.08352527 0.5310893
vt 0.08352527 0.5310893
vt 0.08352527 0.5310893
vt 0.08352527 0.5310893
vt 0.08352527 0.5310893
vt 0.08352527 0.5310893
vt 0.08352527 0.5310893
vt 0.08352527 0.5310893
vt 0.08352527 0.5310893
vt 0.08352527 0.5310893
vt 0.08352527 0.5310893
vt 0.08352527 0.5310893
vt 0.08352527 0.5310893
vt 0.08352527 0.5310893
vt 0.08352527 0.5310893
vt 0.08352527 0.5310893
vt 0.08352527 0.5310893
vt 0.08352527 0.5310893
vt 0.08352527 0.5310893
vt 0.08352527 0.5310893
vt 0.08352527 0.5310893
vt 0.08352527 0.5310893
vt 0.08352527 0.5310893
vt 0.08352527 0.5310893
vt 0.08352527 0.5310893
vt 0.08352527 0.5310893
vt 0.08352527 0.5310893
vt 0.08352527 0.5310893
vt 0.08352527 0.5310893
vt 0.08352527 0.5310893
vt 0.08352527 0.5310893
vt 0.08352527 0.5310893
vt 0.08352527 0.5310893
vt 0.08352527 0.5310893
vt 0.08352527 0.5310893
vt 0.08352527 0.5310893
vt 0.08352527 0.5310893
vt 0.08352527 0.5310893
vt 0.08352527 0.5310893
vt 0.08352527 0.5310893
vt 0.08352527 0.5310893
vt 0.08352527 0.5310893
vt 0.08352527 0.5310893
vt 0.08352527 0.5310893
vt 0.08352527 0.5310893
vt 0.08352527 0.5310893
vt 0.08352527 0.5310893
vt 0.08352527 0.5310893
vt 0.08352527 0.5310893
vt 0.08352527 0.5310893
vt 0.08352527 0.5310893
vt 0.08352527 0.5310893
vt 0.08352527 0.5310893
vt 0.08352527 0.5310893
vt 0.08352527 0.5310893
vt 0.08352527 0.5310893
vt 0.08352527 0.5310893
vt 0.08352527 0.5310893
vt 0.08352527 0.5310893
vt 0.08352527 0.5310893
vt 0.08352527 0.5310893
vt 0.08352527 0.5310893
vt 0.08352527 0.5310893
vt 0.08352527 0.5310893
vt 0.08352527 0.5310893
vt 0.08352527 0.5310893
vt 0.08352527 0.5310893
vt 0.08352527 0.5310893
vt 0.08352527 0.5310893
vt 0.08352527 0.5310893
vt 0.08352527 0.5310893
vt 0.08352527 0.5310893
vt 0.08352527 0.5310893
vt 0.08352527 0.5310893
vt 0.08352527 0.5310893
vt 0.08352527 0.5310893
vt 0.08352527 0.5310893
vt 0.08352527 0.5310893
vt 0.08352527 0.5310893
vt 0.08352527 0.5310893
vt 0.08352527 0.5310893
vt 0.08352527 0.5310893
vt 0.08352527 0.5310893
vt 0.08352527 0.5310893
vt 0.08352527 0.5310893
vt 0.08352527 0.5310893
vt 0.08352527 0.5310893
vt 0.08352527 0.5310893
vt 0.08352527 0.5310893
vt 0.08352527 0.5310893
vt 0.08352527 0.5310893
vt 0.08352527 0.5310893
vt 0.08352527 0.5310893
vt 0.08352527 0.5310893
vt 0.08352527 0.5310893
vt 0.08352527 0.5310893
vt 0.08352527 0.5310893
vt 0.08352527 0.5310893
vt 0.08352527 0.5310893
vt 0.08352527 0.5310893
vt 0.08352527 0.5310893
vt 0.08352527 0.5310893
vt 0.08352527 0.5310893
vt 0.08352527 0.5310893
vt 0.08352527 0.5310893
vt 0.08352527 0.5310893
vt 0.08352527 0.5310893
vt 0.08352527 0.5310893
vt 0.08352527 0.5310893
vt 0.08352527 0.5310893
vt 0.08352527 0.5310893
vt 0.08352527 0.5310893
vt 0.08352527 0.5310893
vt 0.08352527 0.5310893
vt 0.08352527 0.5310893
vt 0.08352527 0.5310893
vt 0.08352527 0.5310893
vt 0.08352527 0.5310893
vt 0.08352527 0.5310893
vt 0.08352527 0.5310893
vt 0.08352527 0.5310893
vt 0.08352527 0.5310893
vt 0.08352527 0.5310893
vt 0.08352527 0.5310893
vt 0.08352527 0.5310893
vt 0.08352527 0.5310893
vt 0.08352527 0.5310893
vt 0.08352527 0.5310893
vt 0.08352527 0.5310893
vt 0.08352527 0.5310893
vt 0.08352527 0.5310893
vt 0.08352527 0.5310893
vt 0.08352527 0.5310893
vt 0.08352527 0.5310893
vt 0.08352527 0.5310893
vt 0.08352527 0.5310893
vt 0.08352527 0.5310893
vt 0.08352527 0.5310893
vt 0.08352527 0.5310893
vt 0.08352527 0.5310893
vt 0.08352527 0.5310893
vt 0.08352527 0.5310893
vt 0.08352527 0.5310893
vt 0.08352527 0.5310893
vt 0.08352527 0.5310893
vt 0.08352527 0.5310893
vt 0.08352527 0.5310893
vt 0.08352527 0.5310893
vt 0.08352527 0.5310893
vt 0.08352527 0.5310893
vt 0.08352527 0.5310893
vt 0.08352527 0.5310893
vt 0.08352527 0.5310893
vt 0.08352527 0.5310893
vt 0.08352527 0.5310893
vt 0.08352527 0.5310893
vt 0.08352527 0.5310893
vt 0.08352527 0.5310893
vt 0.08352527 0.5310893
vt 0.08352527 0.5310893
vt 0.08352527 0.5310893
vt 0.08352527 0.5310893
vt 0.08352527 0.5310893
vt 0.08352527 0.5310893
vt 0.08352527 0.5310893
vt 0.08352527 0.5310893
vt 0.08352527 0.5310893
vt 0.08352527 0.5310893
vt 0.08352527 0.5310893
vt 0.08352527 0.5310893
vt 0.08352527 0.5310893
vt 0.08352527 0.5310893
vt 0.08352527 0.5310893
vt 0.08352527 0.5310893
vt 0.08352527 0.5310893
vt 0.08352527 0.5310893
vt 0.08352527 0.5310893
vt 0.08352527 0.5310893
vt 0.08352527 0.5310893
vt 0.08352527 0.5310893
vt 0.08352527 0.5310893
vt 0.08352527 0.5310893
vt 0.08352527 0.5310893
vt 0.08352527 0.5310893
vt 0.08352527 0.5310893
vt 0.08352527 0.5310893
vt 0.08352527 0.5310893
vt 0.08352527 0.5310893
vt 0.08352527 0.5310893
vt 0.08352527 0.5310893
vt 0.08352527 0.5310893
vt 0.08352527 0.5310893
vt 0.08352527 0.5310893
vt 0.08352527 0.5310893
vt 0.08352527 0.5310893
vt 0.08352527 0.5310893
vt 0.08352527 0.5310893
vt 0.08352527 0.5310893
vt 0.08352527 0.5310893
vt 0.08352527 0.5310893
vt 0.08352527 0.5310893
vt 0.08352527 0.5310893
vt 0.08352527 0.5310893
vt 0.08352527 0.5310893
vt 0.08352527 0.5310893
vt 0.08352527 0.5310893
vt 0.08352527 0.5310893
vt 0.08352527 0.5310893
vt 0.08352527 0.5310893
vt 0.08352527 0.5310893
vt 0.08352527 0.5310893
vt 0.08352527 0.5310893
vt 0.08352527 0.5310893
vt 0.08352527 0.5310893
vt 0.21429336 0.8493079
vt 0.21429336 0.8493079
vt 0.21429336 0.8493079
vt 0.21429336 0.8493079
vt 0.21429336 0.8493079
vt 0.21429336 0.8493079
vt 0.21429336 0.8493079
vt 0.21429336 0.8493079
vt 0.21429336 0.8493079
vt 0.21429336 0.8493079
vt 0.21429336 0.8493079
vt 0.21429336 0.8493079
vt 0.21429336 0.8493079
vt 0.21429336 0.8493079
vt 0.21429336 0.8493079
vt 0.21429336 0.8493079
vt 0.21429336 0.8493079
vt 0.21429336 0.8493079
vt 0.21429336 0.8493079
vt 0.21429336 0.8493079
vt 0.21429336 0.8493079
vt 0.21429336 0.8493079
vt 0.21429336 0.8493079
vt 0.21429336 0.8493079
vt 0.21429336 0.8493079
vt 0.21429336 0.8493079
vt 0.21429336 0.8493079
vt 0.21429336 0.8493079
vt 0.21429336 0.8493079
vt 0.21429336 0.8493079
vt 0.21429336 0.8493079
vt 0.21429336 0.8493079
vt 0.21429336 0.8493079
vt 0.21429336 0.8493079
vt 0.21429336 0.8493079
vt 0.21429336 0.8493079
vt 0.28815955 0.9281315
vt 0.28815955 0.9281315
vt 0.28815955 0.9281315
vt 0.28815955 0.9281315
vt 0.28815955 0.9281315
vt 0.28815955 0.9281315
vt 0.28815955 0.9281315
vt 0.28815955 0.9281315
vt 0.28815955 0.9281315
vt 0.28815955 0.9281315
vt 0.28815955 0.9281315
vt 0.28815955 0.9281315
vt 0.28815955 0.9281315
vt 0.28815955 0.9281315
vt 0.28815955 0.9281315
vt 0.28815955 0.9281315
vt 0.28815955 0.9281315
vt 0.28815955 0.9281315
vt 0.28815955 0.9281315
vt 0.28815955 0.9281315
vt 0.28815955 0.9281315
vt 0.28815955 0.9281315
vt 0.28815955 0.9281315
vt 0.28815955 0.9281315
vt 0.28815955 0.9281315
vt 0.28815955 0.9281315
vt 0.28815955 0.9281315
vt 0.28815955 0.9281315
vt 0.28815955 0.9281315
vt 0.28815955 0.9281315
vt 0.28815955 0.9281315
vt 0.28815955 0.9281315
vt 0.28815955 0.9281315
vt 0.28815955 0.9281315
vt 0.28815955 0.9281315
vt 0.28815955 0.9281315
vt 0.28815955 0.9281315
vt 0.28815955 0.9281315
vt 0.28815955 0.9281315
vt 0.28815955 0.9281315
vt 0.28815955 0.9281315
vt 0.28815955 0.9281315
vt 0.28815955 0.9281315
vt 0.28815955 0.9281315
vt 0.28815955 0.9281315
vt 0.28815955 0.9281315
vt 0.28815955 0.9281315
vt 0.28815955 0.9281315
vt 0.28815955 0.9281315
vt 0.28815955 0.9281315
vt 0.28815955 0.9281315
vt 0.28815955 0.9281315
vt 0 0
vt 0 0
vt 0 0
vt 0 0
vt 0 0
vt 0 0
vt 0 0
vt 0 0
vt 0 0
vt 0 0
vt 0 0
vt 0 0
vt 0 0
vt 0 0
vt 0 0
vt 0 0
vt 0 0
vt 0 0
vt 0 0
vt 0 0
vt 0 0
vt 0 0
vt 0 0
vt 0 0
vt 0 0
vt 0 0
vt 0 0
vt 0 0
vt 0 0
vt 0 0
vt 0 0
vt 0 0
vt 0 0
vt 0 0
vt 0 0
vt 0 0
vt 0 0
vt 0 0
vt 0 0
vt 0 0
vt 0 0
vt 0 0
vt 0 0
vt 0 0
vt 0 0
vt 0 0
vt 0 0
vt 0 0
vt 0 0
vt 0 0
vt 0 0
vt 0 0
vt 0.20909181 0.53006524
vt 0.20909181 0.53006524
vt 0.20909181 0.53006524
vt 0.20909181 0.53006524
vt 0.20909181 0.53006524
vt 0.20909181 0.53006524
vt 0.081128076 0.9026369
vt 0.081128076 0.902637
vt 0.081128076 0.902637
vt 0.081128076 0.902637
vt 0.081128076 0.902637
vt 0.081128076 0.902637
vt 0.081128076 0.902637
vt 0.081128076 0.902637
vt 0.081128076 0.902637
vt 0.081128076 0.902637
vt 0.081128076 0.902637
vt 0.081128076 0.902637
vt 0.081128076 0.902637
vt 0.081128076 0.902637
vt 0.081128076 0.902637
vt 0.081128076 0.902637
vt 0.081128076 0.9026369
vt 0.081128076 0.902637
vt 0.081128076 0.902637
vt 0.081128076 0.902637
vt 0.081128076 0.902637
vt 0.081128076 0.902637
vt 0.081128076 0.902637
vt 0.081128076 0.902637
vt 0.081128076 0.902637
vt 0.081128076 0.902637
vt 0.23871638 0.88063467
vt 0.21230124 0.9448284
vt 0.23919095 0.9400833
vt 0.21074185 0.87956035
vt 0.22981422 0.82612276
vt 0.18296602 0.9500136
vt 0.20467442 0.8202498
vt 0.18169504 0.8789646
vt 0.15432565 0.9526545
vt 0.17792176 0.81465685
vt 0.1536684 0.8787111
vt 0.15188111 0.8118219
vt 0.12655428 0.9532825
vt 0.12655428 0.8786446
vt 0.12655428 0.81109744
vt 0.10122745 0.8118219
vt 0.09944016 0.8787111
vt 0.09878291 0.9526545
vt 0.075186804 0.81465685
vt 0.0714136 0.8789646
vt 0.070142545 0.9500136
vt 0.048434176 0.8202498
vt 0.04236672 0.87956035
vt 0.023294345 0.82612276
vt 0.04080736 0.9448284
vt 0.014392227 0.88063467
vt 0.01391761 0.9400833
vn 0.9389487 0.23319596 0.25297228
vn 0.81604815 0.27155825 0.510217
vn 0.9294744 0.23704572 0.282642
vn 0.83531225 0.2585897 0.48516473
vn 0.6458216 0.29292542 0.7050597
vn 0.66992724 0.29512078 0.68124986
vn 0.4238762 0.2881894 0.85864764
vn 0.42196292 0.31477833 0.8502128
vn 0.21949285 0.26667526 0.93846005
vn 0.20597252 0.3100422 0.92814285
vn 0.068912596 0.24586354 0.96685165
vn 0.055391688 0.29948136 0.9524929
vn 3.0518633E-05 0.23691614 0.97153014
vn 6.1038096E-05 0.29551595 0.95533776
vn -0.05557585 0.29948702 0.9524804
vn -0.06900373 0.245862 0.96684563
vn -0.20633686 0.3096426 0.92819536
vn -0.2196443 0.26646024 0.9384856
vn -0.4215026 0.3145018 0.85054344
vn -0.42364272 0.28801358 0.85882187
vn -0.66864616 0.2961893 0.68204415
vn -0.6451982 0.29337734 0.70544237
vn -0.83415955 0.26057568 0.48608443
vn -0.81543314 0.2727775 0.51054984
vn -0.93843937 0.23451066 0.25364628
vn -0.9291434 0.23816834 0.28278676
vn -0.9732606 0.22715518 -0.034120582
vn -0.97745574 0.21112898 -0.0021973527
vn -0.011383806 0.4849868 0.8744473
vn -0.012634692 -0.15775053 0.98739815
vn 0.025757784 0.4718191 0.88131905
vn -0.023682514 -0.15567592 0.9875243
vn -0.02810764 -0.6809007 0.73183626
vn -0.0060427515 -0.7063 0.70788693
vn -0.047243323 -0.98142815 -0.18592142
vn 0.0018922036 -0.9821147 -0.18827426
vn -0.047243323 -0.98142815 -0.18592142
vn 0.0032655434 -0.6281135 -0.77811486
vn -0.041200716 -0.59670854 -0.8013997
vn -0.02417134 -0.28737035 -0.9575146
vn -0.032899305 -0.21012215 -0.9771214
vn -0.02820002 0.42318338 -0.9056052
vn 0.016633043 0.36278343 -0.9317251
vn 0.03515794 0.8919802 -0.4507053
vn -0.024049291 0.9180848 -0.39565358
vn -0.013092716 0.9576299 0.28770408
vn 0.023225345 0.9585567 0.2839535
vn -0.011383806 0.4849868 0.8744473
vn 0.025757784 0.4718191 0.88131905
vn 0.091954075 0.9494189 0.30024695
vn 0.08609436 0.93461657 0.34507933
vn 0.021149902 0.4218383 0.9064244
vn 0.12006093 0.91934806 0.3746792
vn -0.006500534 -0.12994963 0.99149925
vn -0.012634692 -0.15775053 0.98739815
vn 0.03976676 0.40590787 0.91304845
vn 0.18351024 0.9068085 0.3795027
vn -0.04422189 -0.69888294 0.71386766
vn -0.02810764 -0.6809007 0.73183626
vn -0.047243323 -0.98142815 -0.18592142
vn -0.042085394 -0.98105663 -0.18909435
vn -0.034974586 -0.68371356 0.72891194
vn -0.046205603 -0.98258626 -0.17996992
vn 0.0068667093 -0.123295575 0.9923463
vn -0.033083 -0.67493594 0.73713434
vn -0.07144569 -0.9841865 -0.16208802
vn 0.091099754 -0.11701055 0.9889436
vn 0.0148630915 -0.66410863 0.74748844
vn 0.23075262 -0.14649022 0.9619219
vn -0.027284436 -0.98886245 -0.14631051
vn 0.14975765 0.38548785 0.9104789
vn 0.18763243 -0.5934471 0.782697
vn 0.4101241 -0.58191967 0.702259
vn 0.23478556 -0.96899015 -0.07703091
vn 0.52755934 -0.84947854 -0.008209733
vn 0.8157716 -0.57259655 0.081546634
vn 0.2933179 0.37712303 0.8784889
vn 0.7299598 -0.3420599 0.59173805
vn 0.9978636 -0.050875906 0.040987607
vn 0.9267676 0.024994984 0.3748027
vn 0.97748077 0.2110123 -0.0022584482
vn 0.9294744 0.23704572 0.282642
vn 0.8018889 0.10989921 0.5872787
vn 0.81604815 0.27155825 0.510217
vn 0.6551528 0.1253113 0.7450315
vn 0.6458216 0.29292542 0.7050597
vn 0.43193644 0.11185241 0.89494133
vn 0.4238762 0.2881894 0.85864764
vn 0.22657107 0.121830784 0.96634513
vn 0.21949285 0.26667526 0.93846005
vn 0.08551521 0.12906632 0.9879418
vn 0.068912596 0.24586354 0.96685165
vn -0 0.124763414 0.99218655
vn -0 0.08954234 0.995983
vn 3.0518633E-05 0.23691614 0.97153014
vn -0.06900373 0.245862 0.96684563
vn -0.08551521 0.12906632 0.9879418
vn -0.2196443 0.26646024 0.9384856
vn 0.078494996 0.081119634 0.9936087
vn 0.026979273 0.1710315 0.98489606
vn 0.20139478 0.048952453 0.97828615
vn -0.22657107 0.121830784 0.96634513
vn -0.42364272 0.28801358 0.85882187
vn -0.43193644 0.11185241 0.89494133
vn -0.078494996 0.081119634 0.9936087
vn -0.20139478 0.048952453 0.97828615
vn -0.3759978 -0.02581933 0.9262608
vn -0.026979273 0.1710315 0.98489606
vn -0 0.18812175 0.9821457
vn -0 0.25382924 0.9672491
vn 0.00897252 0.24094573 0.9704971
vn 0.010742729 0.27210844 0.96220666
vn 0.028291173 0.34974846 0.9364164
vn 0.07165903 0.15940164 0.9846096
vn 0.111974664 0.3560056 0.9277508
vn 0.08533086 0.58547467 0.8061874
vn 0.16709583 0.58903193 0.7906456
vn 0.10715268 0.8458683 0.5225181
vn 0.06985793 0.8930767 0.44444782
vn 0.17954546 0.9321531 0.31441054
vn 0.14853717 0.031770535 0.98839635
vn 0.13050103 0.14997242 0.9800396
vn 0.3759978 -0.02581933 0.9262608
vn 0.2536749 0.33821285 0.9062346
vn 0.62582654 -0.09097771 0.7746382
vn 0.29692084 0.13227001 0.94569695
vn 0.7375001 -0.120398834 0.6645283
vn 0.4623408 0.017365629 0.8865322
vn 0.5510568 -0.2842569 0.7845601
vn 0.36109906 -0.16730435 0.9173967
vn 0.33833197 0.38896275 0.85687774
vn 0.33277977 0.28929013 0.8975349
vn 0.311418 0.6573227 0.68625486
vn 0.21986102 0.7872453 0.57611275
vn 0.09305247 0.9230781 0.3731865
vn 0.25050008 0.6928428 0.67617935
vn 0.073276855 0.98421717 0.1610809
vn 0.30509788 0.94559896 0.112950616
vn 0.5836081 0.7983068 -0.14868684
vn 0.13809906 0.97868747 -0.15198527
vn 0.08285849 0.97827953 0.19000992
vn 0.16962352 0.94995886 0.26230916
vn 0.25282022 0.89204276 0.37462196
vn 0.17566791 0.9477704 -0.26621807
vn 0.22101913 0.89036345 -0.39799926
vn 0.18845977 0.89374185 -0.4070731
vn 0.9732458 0.22718224 -0.034364216
vn 0.9389487 0.23319596 0.25297228
vn 0.9294744 0.23704572 0.282642
vn 0.97748077 0.2110123 -0.0022584482
vn 0.8999553 0.22666737 -0.37242788
vn 0.89140654 0.2798311 -0.3564955
vn 0.6903638 0.23966347 -0.68261206
vn 0.7048788 0.35692576 -0.61298454
vn 0.5570028 0.25141576 -0.7915415
vn 0.557768 0.38756272 -0.7339551
vn 0.43377185 0.36244807 -0.82490814
vn 0.4440562 0.24931239 -0.86061454
vn 0.27931476 0.23847961 -0.93011326
vn 0.27183238 0.3322294 -0.9031781
vn 0.13153735 0.23832369 -0.9622369
vn 0.12757078 0.33119568 -0.93489844
vn -0 0.24635409 -0.9691799
vn -3.051919E-05 0.33781692 -0.9412118
vn -0.12848777 0.33046684 -0.93503076
vn -0.13202573 0.23792712 -0.9622681
vn -0.27234942 0.33082336 -0.9035384
vn -0.2796153 0.23759063 -0.93025047
vn -0.43441272 0.3609831 -0.8252132
vn -0.4443609 0.24824393 -0.8607662
vn -0.5575212 0.25007275 -0.791602
vn -0.5584964 0.38594237 -0.7342549
vn -0.7057847 0.35530335 -0.6128846
vn -0.6909173 0.23813896 -0.6825856
vn -0.89225477 0.27848628 -0.3554248
vn -0.9004372 0.22550605 -0.3719675
vn -0.9732606 0.22715518 -0.034120582
vn -0.97745574 0.21112898 -0.0021973527
vn 0.12006093 0.91934806 0.3746792
vn 0.18351024 0.9068085 0.3795027
vn 0.18845977 0.89374185 -0.4070731
vn 0.15778705 0.9013395 -0.4033489
vn 0.08609436 0.93461657 0.34507933
vn 0.10480277 0.9036111 -0.41533515
vn 0.091954075 0.9494189 0.30024695
vn 0.09506691 0.914443 -0.3933909
vn 0.023225345 0.9585567 0.2839535
vn 0.03515794 0.8919802 -0.4507053
vn 0.048586145 0.43208706 -0.9005222
vn 0.016633043 0.36278343 -0.9317251
vn 0.04770154 0.37843835 -0.92439663
vn -0.01184134 -0.2471117 -0.9689146
vn -0.032899305 -0.21012215 -0.9771214
vn -0.041200716 -0.59670854 -0.8013997
vn -0.0042420942 -0.2150345 -0.97659725
vn -0.025818875 -0.60463774 -0.79608196
vn -0.047243323 -0.98142815 -0.18592142
vn -0.042085394 -0.98105663 -0.18909435
vn -0.030824434 -0.59839076 -0.80061126
vn -0.046205603 -0.98258626 -0.17996992
vn 0.09866951 0.37838063 -0.92037624
vn 0.012787396 -0.21271636 -0.9770303
vn -0.04089549 -0.60064495 -0.79846925
vn -0.07144569 -0.9841865 -0.16208802
vn 0.070102915 -0.19559844 -0.9781753
vn 0.006378584 -0.60492784 -0.7962548
vn -0.027284436 -0.98886245 -0.14631051
vn 0.18979616 -0.60863566 -0.77041554
vn 0.23478556 -0.96899015 -0.07703091
vn 0.1465536 0.36424768 -0.91969866
vn 0.09958518 -0.21470481 -0.9715888
vn 0.3550353 -0.60724986 -0.7107726
vn 0.52755934 -0.84947854 -0.008209733
vn 0.8157716 -0.57259655 0.081546634
vn 0.14389786 0.30488643 -0.9414551
vn 0.22101913 0.89036345 -0.39799926
vn 0.6686739 -0.53304696 -0.51839775
vn 0.9978636 -0.050875906 0.040987607
vn 0.22556594 -0.30345044 -0.9257634
vn 0.10446609 0.08609373 -0.9907951
vn 0.16037913 0.61850494 -0.76923996
vn 0.09061176 0.22587325 -0.96993345
vn 0.17566791 0.9477704 -0.26621807
vn 0.8858234 -0.11450851 -0.4496717
vn 0.97748077 0.2110123 -0.0022584482
vn 0.8999553 0.22666737 -0.37242788
vn 0.4496082 -0.30864024 -0.8382087
vn 0.58691615 -0.10144606 -0.80326724
vn 0.6903638 0.23966347 -0.68261206
vn 0.18586312 -0.15802944 -0.9697843
vn 0.46654868 -0.03326605 -0.88386977
vn 0.5570028 0.25141576 -0.7915415
vn 0.4440562 0.24931239 -0.86061454
vn 0.31303415 -0.15763101 -0.93656933
vn 0.15909661 -0.08350054 -0.9837255
vn 0.39211038 0.024049109 -0.91960377
vn 0.27693164 -0.083714284 -0.95723605
vn 0.25788593 0.059512142 -0.9643408
vn 0.27931476 0.23847961 -0.93011326
vn 0.118504174 -0.015350915 -0.9928349
vn 0.19187164 -0.02554423 -0.9810876
vn 0.13052836 0.07596097 -0.98853034
vn 0.13153735 0.23832369 -0.9622369
vn 0.116093636 0.008148528 -0.99320483
vn -0 0.07965546 -0.9968225
vn -0 0.24635409 -0.9691799
vn -0.13202573 0.23792712 -0.9622681
vn -0 0.01825037 -0.99983346
vn -0.1305926 0.07593232 -0.988524
vn -0.2796153 0.23759063 -0.93025047
vn 0.084200755 0.026520643 -0.99609584
vn -0 0.04324518 -0.9990645
vn -0 0.13263549 -0.99116486
vn -0.2579457 0.059328727 -0.96433604
vn -0.4443609 0.24824393 -0.8607662
vn -0.116093636 0.008148528 -0.99320483
vn 0.060274396 0.14835131 -0.9870962
vn -0.084200755 0.026520643 -0.99609584
vn -0.19187164 -0.02554423 -0.9810876
vn -0.39220232 0.023682902 -0.91957414
vn 0.07660186 0.1752382 -0.9815415
vn 0.1186884 0.4490871 -0.8855698
vn 0.08807757 0.30741695 -0.94749
vn -0.4666729 -0.03384607 -0.88378215
vn -0.5575212 0.25007275 -0.791602
vn -0.6909173 0.23813896 -0.6825856
vn -0.58694774 -0.1024534 -0.8031162
vn -0.9004372 0.22550605 -0.3719675
vn -0.31303862 -0.15772481 -0.9365521
vn -0.2769309 -0.083744586 -0.95723355
vn -0.8857007 -0.115454525 -0.44967142
vn -0.97745574 0.21112898 -0.0021973527
vn -0.9978668 -0.050813477 0.040986486
vn -0.44955286 -0.30885777 -0.8381582
vn -0.6685242 -0.5332324 -0.5184
vn -0.8157512 -0.57263416 0.08148661
vn -0.18586312 -0.15802944 -0.9697843
vn -0.118504174 -0.015350915 -0.9928349
vn -0.3550353 -0.60724986 -0.7107726
vn -0.52755934 -0.84947854 -0.008209733
vn -0.23478556 -0.96899015 -0.07703091
vn -0.22556594 -0.30345044 -0.9257634
vn -0.15909661 -0.08350054 -0.9837255
vn -0.09061176 0.22587325 -0.96993345
vn -0.10446609 0.08609373 -0.9907951
vn -0.060274396 0.14835131 -0.9870962
vn -0.18979616 -0.60863566 -0.77041554
vn 0.027284436 -0.98886245 -0.14631051
vn -0.09958518 -0.21470481 -0.9715888
vn -0.006378584 -0.60492784 -0.7962548
vn 0.07144569 -0.9841865 -0.16208802
vn -0.070102915 -0.19559844 -0.9781753
vn 0.04089549 -0.60064495 -0.79846925
vn 0.046205603 -0.98258626 -0.17996992
vn 0.030824434 -0.59839076 -0.80061126
vn 0.042085636 -0.98106223 -0.18906492
vn -0.012787396 -0.21271636 -0.9770303
vn 0.025818875 -0.60463774 -0.79608196
vn 0.047243323 -0.98142815 -0.18592142
vn 0.041200716 -0.59670854 -0.8013997
vn 0.0042420942 -0.2150345 -0.97659725
vn 0.01184143 -0.24708305 -0.968922
vn 0.032899305 -0.21012215 -0.9771214
vn -0.016633043 0.36278343 -0.9317251
vn -0.048586145 0.43208706 -0.9005222
vn -0.03515794 0.8919802 -0.4507053
vn -0.04770154 0.37843835 -0.92439663
vn -0.09866951 0.37838063 -0.92037624
vn -0.09506691 0.914443 -0.3933909
vn -0.023225345 0.9585567 0.2839535
vn -0.091954075 0.9494189 0.30024695
vn -0.10480277 0.9036111 -0.41533515
vn -0.08609436 0.93461657 0.34507933
vn -0.15778705 0.9013395 -0.4033489
vn -0.12006093 0.91934806 0.3746792
vn -0.18845977 0.89374185 -0.4070731
vn -0.18351024 0.9068085 0.3795027
vn -0.1465536 0.36424768 -0.91969866
vn -0.14389786 0.30488643 -0.9414551
vn -0.22101913 0.89036345 -0.39799926
vn -0.16037913 0.61850494 -0.76923996
vn -0.17566791 0.9477704 -0.26621807
vn -0.10882971 0.69054675 -0.71505326
vn -0.06430366 0.97276455 -0.2226976
vn -0.08285849 0.97827953 0.19000992
vn -0.16962352 0.94995886 0.26230916
vn -0.073276855 0.98421717 0.1610809
vn -0.13809906 0.97868747 -0.15198527
vn -0.044862963 0.81723833 -0.5745511
vn -0.078435004 0.5993716 -0.7966189
vn -0.1186884 0.4490871 -0.8855698
vn -0.20807892 0.880078 -0.42680898
vn -0.5836081 0.7983068 -0.14868684
vn -0.5939421 0.6787561 -0.43188298
vn -0.25264278 0.7096765 -0.65767086
vn -0.5149875 0.51950437 -0.68183804
vn -0.23872343 0.50558585 -0.8290923
vn -0.3682775 0.3617158 -0.85646564
vn -0.15943092 0.3484042 -0.9236862
vn -0.22202775 0.2635645 -0.93874246
vn -0 0.28971854 -0.9571119
vn -0 0.23041697 -0.973092
vn 0.22202775 0.2635645 -0.93874246
vn -0.08807757 0.30741695 -0.94749
vn 0.15943092 0.3484042 -0.9236862
vn 0.3682775 0.3617158 -0.85646564
vn 0.23872343 0.50558585 -0.8290923
vn 0.5149875 0.51950437 -0.68183804
vn 0.25264278 0.7096765 -0.65767086
vn 0.5939421 0.6787561 -0.43188298
vn -0 0.25141543 -0.9678793
vn -0.07660186 0.1752382 -0.9815415
vn 0.20807892 0.880078 -0.42680898
vn 0.5836081 0.7983068 -0.14868684
vn 0.13809906 0.97868747 -0.15198527
vn 0.078435004 0.5993716 -0.7966189
vn 0.044862963 0.81723833 -0.5745511
vn 0.10882971 0.69054675 -0.71505326
vn 0.06430366 0.97276455 -0.2226976
vn 0.073276855 0.98421717 0.1610809
vn 0.08285849 0.97827953 0.19000992
vn 0.16962352 0.94995886 0.26230916
vn -0.0060427515 -0.7063 0.70788693
vn 0.0077214325 -0.9745486 -0.22404362
vn 0.0018922036 -0.9821147 -0.18827426
vn -0.030885387 -0.7274546 0.68546027
vn -0.0165413 -0.97187763 -0.23490477
vn -0.023682514 -0.15567592 0.9875243
vn -0.033601727 -0.7447925 0.66644955
vn -0 -0.99858415 -0.05319475
vn -0 -0.81492776 0.57956254
vn -0.097509496 -0.2681435 0.9584314
vn -0.0818212 -0.18225895 0.9798402
vn -0.066500716 0.43376535 0.89856845
vn -0.011383806 0.4849868 0.8744473
vn -0.14334615 0.08307179 0.98618
vn -0.013092716 0.9576299 0.28770408
vn -0.069278456 0.59463495 0.8010054
vn -0.011963466 0.9423671 0.33436665
vn -0.024049291 0.9180848 -0.39565358
vn -0.030244553 0.92094815 -0.38850975
vn -0.039430864 0.86107004 0.50695527
vn -0 0.74974525 0.66172665
vn -0.06387672 0.91395897 -0.4007478
vn 0.0032655434 -0.6281135 -0.77811486
vn 0.0018922036 -0.9821147 -0.18827426
vn 0.0077214325 -0.9745486 -0.22404362
vn -0.0033876554 -0.63358307 -0.7736672
vn -0.0165413 -0.97187763 -0.23490477
vn -0.02417134 -0.28737035 -0.9575146
vn -0.039888762 -0.65680647 -0.7530034
vn -0 -0.99858415 -0.05319475
vn -0.060824286 -0.26490456 -0.96235436
vn -0.020691702 -0.22623537 -0.9738529
vn -0.08105888 0.40669832 -0.90995926
vn -0.02820002 0.42318338 -0.9056052
vn -0.024049291 0.9180848 -0.39565358
vn -0.030244553 0.92094815 -0.38850975
vn -0.016663494 0.2361272 -0.9715793
vn 0.24568099 0.0069278986 -0.96932596
vn -0.06387672 0.91395897 -0.4007478
vn 0.011383806 0.4849868 0.8744473
vn -0.025757784 0.4718191 0.88131905
vn 0.012634692 -0.15775053 0.98739815
vn 0.023682514 -0.15567592 0.9875243
vn 0.02810764 -0.6809007 0.73183626
vn 0.062197305 0.43516746 0.8981986
vn 0.013092716 0.9576299 0.28770408
vn 0.010956406 0.9429833 0.33265966
vn 0.06723425 -0.18516125 0.98040545
vn -0.020112187 -0.742869 0.66913456
vn 0.0060427515 -0.7063 0.70788693
vn 0.047243323 -0.98142815 -0.18592142
vn -0.06424237 -0.97837627 -0.19660303
vn -0.0018922036 -0.9821147 -0.18827426
vn -0.0032655434 -0.6281135 -0.77811486
vn 0.047243323 -0.98142815 -0.18592142
vn -0.009705255 -0.65009946 -0.75978714
vn 0.041200716 -0.59670854 -0.8013997
vn 0.02417134 -0.28737035 -0.9575146
vn 0.060824286 -0.26490456 -0.96235436
vn 0.032899305 -0.21012215 -0.9771214
vn 0.07763949 0.41233772 -0.90771675
vn 0.02820002 0.42318338 -0.9056052
vn -0.016633043 0.36278343 -0.9317251
vn -0.03515794 0.8919802 -0.4507053
vn 0.024049291 0.9180848 -0.39565358
vn 0.025910638 0.9215825 -0.38731676
vn 0.013092716 0.9576299 0.28770408
vn -0.023225345 0.9585567 0.2839535
vn 0.011383806 0.4849868 0.8744473
vn -0.025757784 0.4718191 0.88131905
vn -0.091954075 0.9494189 0.30024695
vn -0.08609436 0.93461657 0.34507933
vn -0.021149902 0.4218383 0.9064244
vn -0.12006093 0.91934806 0.3746792
vn 0.006500534 -0.12994963 0.99149925
vn 0.012634692 -0.15775053 0.98739815
vn -0.03976676 0.40590787 0.91304845
vn -0.18351024 0.9068085 0.3795027
vn 0.04422189 -0.69888294 0.71386766
vn 0.02810764 -0.6809007 0.73183626
vn 0.047243323 -0.98142815 -0.18592142
vn 0.042085636 -0.98106223 -0.18906492
vn 0.034974586 -0.68371356 0.72891194
vn 0.046205603 -0.98258626 -0.17996992
vn -0.0068667093 -0.123295575 0.9923463
vn 0.033083 -0.67493594 0.73713434
vn 0.07144569 -0.9841865 -0.16208802
vn -0.091099754 -0.11701055 0.9889436
vn -0.0148630915 -0.66410863 0.74748844
vn -0.23075262 -0.14649022 0.9619219
vn 0.027284436 -0.98886245 -0.14631051
vn -0.14975765 0.38548785 0.9104789
vn -0.18763243 -0.5934471 0.782697
vn -0.4101241 -0.58191967 0.702259
vn -0.23478556 -0.96899015 -0.07703091
vn -0.52755934 -0.84947854 -0.008209733
vn -0.8157512 -0.57263416 0.08148661
vn -0.2933179 0.37712303 0.8784889
vn -0.7299618 -0.34199983 0.5917702
vn -0.9978668 -0.050813477 0.040986486
vn -0.9267427 0.025422402 0.37483546
vn -0.97745574 0.21112898 -0.0021973527
vn -0.9291434 0.23816834 0.28278676
vn -0.8018169 0.11014186 0.5873317
vn -0.81543314 0.2727775 0.51054984
vn -0.7375001 -0.120398834 0.6645283
vn -0.5510568 -0.2842569 0.7845601
vn -0.36109906 -0.16730435 0.9173967
vn -0.4623408 0.017365629 0.8865322
vn -0.62582654 -0.09097771 0.7746382
vn -0.33277977 0.28929013 0.8975349
vn -0.29692084 0.13227001 0.94569695
vn -0.33833197 0.38896275 0.85687774
vn -0.13050103 0.14997242 0.9800396
vn -0.14853717 0.031770535 0.98839635
vn -0.07165903 0.15940164 0.9846096
vn -0.2536749 0.33821285 0.9062346
vn -0.111974664 0.3560056 0.9277508
vn -0.010742729 0.27210844 0.96220666
vn -0.028291173 0.34974846 0.9364164
vn -0.00897252 0.24094573 0.9704971
vn -0.08533086 0.58547467 0.8061874
vn -0.16709583 0.58903193 0.7906456
vn -0.10715268 0.8458683 0.5225181
vn -0.06985793 0.8930767 0.44444782
vn -0.17954546 0.9321531 0.31441054
vn -0.311418 0.6573227 0.68625486
vn -0.09305247 0.9230781 0.3731865
vn -0.21986102 0.7872453 0.57611275
vn -0.073276855 0.98421717 0.1610809
vn -0.30509788 0.94559896 0.112950616
vn -0.5836081 0.7983068 -0.14868684
vn -0.13809906 0.97868747 -0.15198527
vn -0.08285849 0.97827953 0.19000992
vn -0.16962352 0.94995886 0.26230916
vn -0.25050008 0.6928428 0.67617935
vn -0.25282022 0.89204276 0.37462196
vn -0.17566791 0.9477704 -0.26621807
vn -0.22101913 0.89036345 -0.39799926
vn -0.18845977 0.89374185 -0.4070731
vn -0.6451982 0.29337734 0.70544237
vn -0.43193644 0.11185241 0.89494133
vn -0.42364272 0.28801358 0.85882187
vn -0.6551329 0.12534384 0.7450435
vn -0.81543314 0.2727775 0.51054984
vn -0.3759978 -0.02581933 0.9262608
vn -0.8018169 0.11014186 0.5873317
vn -0.62582654 -0.09097771 0.7746382
vn -0.7375001 -0.120398834 0.6645283
vn 0.04455852 -0.4704281 0.88131255
vn 0.052736647 -0.45921782 0.88675696
vn 0.06985932 -0.36470896 0.9284972
vn -0.010346123 -0.76274425 0.6466175
vn -0 -0.52933216 0.8484147
vn -0 -0.70847887 0.70573205
vn -0.08169881 -0.9455638 0.315015
vn -0.020112187 -0.742869 0.66913456
vn -0.08011275 -0.9849748 -0.15299246
vn -0.06424237 -0.97837627 -0.19660303
vn -0.009705255 -0.65009946 -0.75978714
vn 0.06723425 -0.18516125 0.98040545
vn 0.023987925 -0.6659854 -0.74557894
vn 0.1311384 0.061189782 0.9894739
vn 0.035829443 0.41139764 0.9107514
vn 0.062197305 0.43516746 0.8981986
vn 0.05499599 0.06116092 0.99661165
vn 0.032167558 0.7077473 0.705733
vn 0.060824286 -0.26490456 -0.96235436
vn 0.040529642 0.90392095 0.4257749
vn 0.010956406 0.9429833 0.33265966
vn 0.040773254 0.941203 0.3353722
vn 0.016174953 0.99952066 -0.026398746
vn 0.025910638 0.9215825 -0.38731676
vn 0.04001065 0.9743859 -0.22129458
vn 0.07669544 0.7306058 -0.67847854
vn 0.07763949 0.41233772 -0.90771675
vn 0.07669544 0.7306058 -0.67847854
vn 0.07303259 0.26808116 -0.96062416
vn 0.05490381 -0.31739834 -0.9467016
vn -0 -0.3010992 -0.9535928
vn -0 0.015076271 -0.9998864
vn -0.20139478 0.048952453 0.97828615
vn -0.3759978 -0.02581933 0.9262608
vn -0.14853717 0.031770535 0.98839635
vn -0.07165903 0.15940164 0.9846096
vn -0.026979273 0.1710315 0.98489606
vn -0.010742729 0.27210844 0.96220666
vn -0.00897252 0.24094573 0.9704971
vn -0 0.25382924 0.9672491
vn -0 0.31336978 0.9496312
vn 0.00897252 0.24094573 0.9704971
vn -0.028291173 0.34974846 0.9364164
vn 0.028291173 0.34974846 0.9364164
vn -0.024628736 0.56807846 0.82260585
vn 0.024628736 0.56807846 0.82260585
vn -0.08533086 0.58547467 0.8061874
vn 0.08533086 0.58547467 0.8061874
vn -0.08826121 0.7715836 0.6299751
vn 0.08826121 0.7715836 0.6299751
vn -0.10715268 0.8458683 0.5225181
vn 0.10715268 0.8458683 0.5225181
vn -0.2904169 0.853977 0.43171895
vn 0.2904169 0.853977 0.43171895
vn -0.17954546 0.9321531 0.31441054
vn 0.17954546 0.9321531 0.31441054
vn -0.64913917 0.6758433 0.34907633
vn 0.64913917 0.6758433 0.34907633
vn -0.30509788 0.94559896 0.112950616
vn 0.30509788 0.94559896 0.112950616
vn -0.6509091 0.7495771 0.120214336
vn -0.87515503 0.45561406 0.16284794
vn -0.5836081 0.7983068 -0.14868684
vn -0.9272941 0.35234368 -0.12641035
vn -0.8592171 0.309743 -0.40719193
vn -0.5939421 0.6787561 -0.43188298
vn -0.6933686 0.24040075 -0.6792992
vn -0.5149875 0.51950437 -0.68183804
vn -0.46632683 0.16678509 -0.86874735
vn -0.3682775 0.3617158 -0.85646564
vn -0.22202775 0.2635645 -0.93874246
vn -0.26826465 0.12030709 -0.95580345
vn -0 0.23041697 -0.973092
vn -0 0.1060525 -0.9943605
vn 0.26826465 0.12030709 -0.95580345
vn 0.22202775 0.2635645 -0.93874246
vn 0.46632683 0.16678509 -0.86874735
vn 0.3682775 0.3617158 -0.85646564
vn 0.5149875 0.51950437 -0.68183804
vn 0.6933686 0.24040075 -0.6792992
vn 0.5939421 0.6787561 -0.43188298
vn 0.8592171 0.309743 -0.40719193
vn 0.5836081 0.7983068 -0.14868684
vn 0.9272941 0.35234368 -0.12641035
vn 0.87515503 0.45561406 0.16284794
vn 0.6509091 0.7495771 0.120214336
vn -0.46929535 -0.7838883 0.40654764
vn -0.05929765 0.0038148258 0.9982331
vn 0.2437556 -0.7526301 0.6116626
vn -0.6749024 -0.05465995 0.7358798
vn -0.029816955 0.8145187 0.5793707
vn -0.61527395 0.6786325 0.40111834
vn -0.46885785 0.27149382 0.8405138
vn -0.433528 0.20844747 0.87670016
vn -0.433528 0.20844747 0.87670016
vn -0.462673 0.26017725 0.8474912
vn -0.47011167 0.3256967 0.82031494
vn -0.4695637 0.3257892 0.82059205
vn -0.44505423 0.33005977 0.8324586
vn -0.44505423 0.33005977 0.8324586
vn -0.00082401733 0.20505823 0.97874945
vn 0.054567873 0.20612496 0.977003
vn 0.06860641 0.2941713 0.9532872
vn -0.0014038702 0.29374456 0.95588297
vn 0.08392679 0.32050875 0.9435202
vn 0.0006714152 0.32356104 0.94620705
vn 0.09210734 0.32091078 0.9426201
vn 0.002777263 0.32555014 0.94552076
vn -0.05609421 0.20334914 0.97749805
vn -0.00082401733 0.20505823 0.97874945
vn -0.0014038702 0.29374456 0.95588297
vn -0.06753811 0.29194283 0.9540482
vn 0.0006714152 0.32356104 0.94620705
vn -0.08044868 0.32457194 0.9424336
vn 0.002777263 0.32555014 0.94552076
vn -0.08581975 0.32884344 0.940477
vn -0.19553846 0.195569 0.9609982
vn -0.05609421 0.20334914 0.97749805
vn -0.06753811 0.29194283 0.9540482
vn -0.22526264 0.2837681 0.93205816
vn -0.40861705 0.18857606 0.89301246
vn -0.08044868 0.32457194 0.9424336
vn -0.45455036 0.27244335 0.8480322
vn -0.6714606 0.18189651 0.7183692
vn -0.25706506 0.31926364 0.9121339
vn -0.08581975 0.32884344 0.940477
vn -0.27137697 0.32722715 0.90513915
vn -0.4866665 0.3135895 0.8153632
vn -0.49465862 0.33397394 0.8023554
vn -0.7040211 0.26048294 0.6606836
vn -0.8472778 0.17673749 0.50088334
vn -0.71817064 0.31089598 0.6225549
vn -0.7328034 0.33864424 0.5901859
vn -0.85442317 0.25117525 0.45483175
vn -0.9458709 0.18967468 0.26334724
vn -0.8591246 0.2996712 0.41485187
vn -0.9355148 0.26014838 0.23902887
vn -0.97483736 0.21906526 -0.041261666
vn -0.8667141 0.30885407 0.39168313
vn -0.9051502 0.28190953 0.3181668
vn -0.957706 0.28596893 -0.031954054
vn -0.8329388 0.2574322 -0.48983836
vn -0.9335625 0.28844026 0.21275179
vn -0.9392906 0.28801003 0.18650307
vn -0.93849015 0.23582043 0.2522396
vn -0.82792073 0.32878172 -0.45436758
vn -0.6383134 0.25737017 -0.7254768
vn -0.9521572 0.30494422 -0.020142432
vn -0.9642223 0.20264721 0.17090729
vn -0.9817508 0.164439 0.09552598
vn -0.96386117 0.26509082 -0.026429731
vn -0.94974065 0.31281623 -0.011780202
vn -0.6369332 0.31678805 -0.70282394
vn -0.48724398 0.27366844 -0.8292762
vn -0.5067125 0.3321114 -0.795578
vn -0.81773806 0.37984502 -0.43246055
vn -0.6121606 0.37816745 -0.6944413
vn -0.81486845 0.41286668 -0.40685436
vn -0.97494966 0.22061951 -0.028290816
vn -0.98308945 0.16822268 0.072361395
vn -0.97366965 0.22730353 -0.01733464
vn -0.9492089 0.27937296 -0.14475268
vn -0.84731317 0.38289776 -0.36803478
vn -0.84151113 0.39489037 -0.36867425
vn -0.59344435 0.44423634 -0.67117655
vn -0.53885657 0.37179154 -0.755913
vn -0.37211964 0.41585353 -0.8298149
vn -0.61142147 0.4842175 -0.62585706
vn -0.53207195 0.43309814 -0.72754747
vn -0.4168922 0.4070345 -0.81272614
vn -0.13175267 0.37926576 -0.9158596
vn -0.4838917 0.4954587 -0.7213664
vn -0.58951217 0.53933835 -0.6013232
vn -0.68354076 0.5082074 -0.5239248
vn -0.6507715 0.55860204 -0.5142569
vn -0.21647245 0.46605825 -0.8578633
vn 0.021180153 0.42732638 -0.9038493
vn 0.008697927 0.48803002 -0.87278354
vn -0.442015 0.42950195 -0.78749657
vn -0.25977838 0.47304565 -0.8418687
vn -0.014862954 0.5056151 -0.86263114
vn -0.37850228 0.51904434 -0.76637393
vn -0.40576196 0.45819512 -0.79083145
vn -0.29200703 0.448265 -0.8448611
vn -0.04812801 0.48155475 -0.8750935
vn -0.30147207 0.4310275 -0.85048807
vn -0.28905228 0.37423277 -0.8811348
vn -0.094915256 0.39376095 -0.91429937
vn -0.22617958 0.54367334 -0.8082464
vn -0.16657414 0.45211238 -0.8762691
vn -0.24531521 0.387841 -0.8884818
vn -0.10416278 0.38164535 -0.91842085
vn -0.49944103 0.57918686 -0.64428353
vn -0.25892836 0.54953605 -0.7943339
vn -0.10465096 0.51306134 -0.8519485
vn -0.079806715 0.4636419 -0.8824212
vn -0.0583225 0.3622343 -0.93026066
vn -0.18122229 0.40013567 -0.8983596
vn -0.21802704 0.22394772 -0.94990087
vn -0.1426753 0.23136286 -0.9623487
vn -0.19434378 0.42680553 -0.8832143
vn -0.05569816 0.42162746 -0.90505695
vn -0.09534143 0.41728663 -0.9037599
vn 0.08768035 0.42225727 -0.90222555
vn -0.1495739 0.40297368 -0.90290636
vn -0.12592329 0.3821952 -0.9154617
vn -0.15684025 0.39712113 -0.9042654
vn -0.13226898 0.36116084 -0.92307514
vn 0.28859216 0.41839147 -0.86119854
vn 0.24238257 0.38103077 -0.89222544
vn 0.3344008 0.4503439 -0.8278686
vn -0.25260916 0.28029025 -0.92608094
vn -0.48724398 0.27366844 -0.8292762
vn -0.5067125 0.3321114 -0.795578
vn -0.37211964 0.41585353 -0.8298149
vn -0.12695931 0.28568897 -0.9498753
vn -0.13175267 0.37926576 -0.9158596
vn 0.0031435103 0.2844724 -0.9586791
vn 0.021180153 0.42732638 -0.9038493
vn 0.13022329 0.2822064 -0.9504743
vn 0.0031435103 0.2844724 -0.9586791
vn 0.021180153 0.42732638 -0.9038493
vn 0.150887 0.41451198 -0.897448
vn 0.24430951 0.27843043 -0.92886454
vn 0.008697927 0.48803002 -0.87278354
vn 0.30317736 0.3796584 -0.8740383
vn 0.3485603 0.2735745 -0.89647233
vn 0.19727924 0.4751915 -0.85748106
vn -0.014862954 0.5056151 -0.86263114
vn 0.40752658 0.33980387 -0.8476175
vn 0.59534466 0.28270248 -0.752093
vn 0.39885724 0.41069874 -0.81990206
vn 0.25120008 0.4849129 -0.83771
vn -0.04812801 0.48155475 -0.8750935
vn 0.2693595 0.4868674 -0.8309065
vn -0.094915256 0.39376095 -0.91429937
vn 0.4721955 0.4162535 -0.77702284
vn 0.24879421 0.4206795 -0.8724278
vn -0.10416278 0.38164535 -0.91842085
vn 0.6209994 0.34556594 -0.70352256
vn 0.87485486 0.28001094 -0.39525032
vn 0.4609347 0.3608005 -0.81077874
vn 0.5135259 0.4345712 -0.7398912
vn 0.24238257 0.38103077 -0.89222544
vn 0.08768035 0.42225727 -0.90222555
vn 0.86462456 0.34730253 -0.36305016
vn 0.9676697 0.24851719 -0.04306248
vn 0.62118614 0.36229247 -0.69488984
vn 0.5012128 0.36857736 -0.78290266
vn 0.53075963 0.40157178 -0.7463473
vn 0.9494068 0.31248116 -0.031342726
vn 0.9406533 0.21830164 0.25983787
vn 0.87400264 0.3303985 -0.35630915
vn 0.64102787 0.32963923 -0.69312435
vn 0.5664372 0.3697712 -0.7364904
vn 0.9284616 0.28450197 0.2387839
vn 0.8451083 0.20185424 0.49502206
vn 0.9623337 0.27101114 -0.021607645
vn 0.89089173 0.27592587 -0.36080033
vn 0.7188753 0.27970672 -0.6363824
vn 0.6254876 0.36137593 -0.6915003
vn 0.85105085 0.27158794 0.44939122
vn 0.67242587 0.20069318 0.7124364
vn 0.9411208 0.24342118 0.23460114
vn 0.9703361 0.24098174 -0.019379865
vn 0.9333308 0.17371391 -0.31419268
vn 0.70889574 0.276838 0.6487122
vn 0.40901798 0.20069408 0.89018327
vn 0.86899704 0.24140501 0.43193492
vn 0.9466965 0.22767106 0.22788468
vn 0.9799876 0.1948317 -0.04080357
vn 0.9540955 0.23441903 0.18641211
vn 0.87990224 0.22459161 0.41872495
vn 0.8963824 0.22688048 0.38081986
vn 0.7769236 0.23969667 0.5821815
vn 0.74051976 0.25855935 0.62030435
vn 0.46379605 0.28321558 0.83945346
vn 0.19464956 0.20227927 0.9597889
vn 0.51660067 0.28190705 0.80848753
vn 0.55112314 0.26988494 0.7895729
vn 0.23097096 0.28990397 0.928767
vn 0.054567873 0.20612496 0.977003
vn 0.06860641 0.2941713 0.9532872
vn 0.27436775 0.3074506 0.9111512
vn 0.30106968 0.30326706 0.9040941
vn 0.08392679 0.32050875 0.9435202
vn 0.09210734 0.32091078 0.9426201
vn -0.05569816 0.42162746 -0.90505695
vn -0.0583225 0.3622343 -0.93026066
vn -0.1426753 0.23136286 -0.9623487
vn -0.079806715 0.4636419 -0.8824212
vn -0.10465096 0.51306134 -0.8519485
vn 0.42070886 0.3774019 -0.82496774
vn 0.28859216 0.41839147 -0.86119854
vn 0.3344008 0.4503439 -0.8278686
vn 0.5413767 0.32295218 -0.77628154
vn 0.5371377 0.27152923 -0.7985956
vn 0.6768241 0.24677816 -0.69354856
vn 0.69779307 0.13141607 -0.7041411
vn 0.7405626 0.2500486 -0.62373286
vn 0.7611522 0.28837717 -0.5809355
vn 0.8939563 0.17832126 -0.41114908
vn 0.9799876 0.1948317 -0.04080357
vn 0.001007135 -0.2080802 -0.97811127
vn -0.06900329 -0.2954537 -0.95286185
vn -0.055147897 -0.20911643 -0.97633445
vn 0.001739573 -0.29484236 -0.95554435
vn -0.08368295 -0.32011318 -0.94367623
vn -0.0003051931 -0.32298586 -0.9464038
vn -0.09146598 -0.3203903 -0.94285953
vn -0.002502584 -0.3248476 -0.94576305
vn 0.05685704 -0.20606479 -0.9768851
vn 0.001739573 -0.29484236 -0.95554435
vn 0.001007135 -0.2080802 -0.97811127
vn 0.068332426 -0.29301456 -0.95366305
vn -0.0003051931 -0.32298586 -0.9464038
vn 0.08105857 -0.3240817 -0.94255006
vn -0.002502584 -0.3248476 -0.94576305
vn 0.08633791 -0.32829157 -0.9406223
vn 0.19743027 -0.19801015 -0.96011114
vn 0.068332426 -0.29301456 -0.95366305
vn 0.05685704 -0.20606479 -0.9768851
vn 0.22663377 -0.2851081 -0.9313165
vn 0.41194665 -0.19095793 -0.8909742
vn 0.08105857 -0.3240817 -0.94255006
vn 0.45663354 -0.27403504 -0.84639865
vn 0.6742934 -0.18381773 -0.7152198
vn 0.25810483 -0.31883898 -0.9119888
vn 0.08633791 -0.32829157 -0.9406223
vn 0.27244145 -0.32645977 -0.9050965
vn 0.48763323 -0.31340006 -0.81485844
vn 0.49515036 -0.3333048 -0.8023304
vn 0.70594144 -0.262008 -0.6580262
vn 0.84892577 -0.17762251 -0.49777034
vn 0.71924615 -0.31138748 -0.62106586
vn 0.7334459 -0.33916378 -0.5890884
vn 0.85575294 -0.25233114 -0.45168126
vn 0.94652104 -0.18967654 -0.2609998
vn 0.86019075 -0.30040297 -0.4121042
vn 0.9358778 -0.26057476 -0.23713584
vn 0.9748556 -0.21900146 0.041169588
vn 0.8672953 -0.31007534 -0.3894253
vn 0.90540266 -0.28364217 -0.31590056
vn 0.9576404 -0.28615072 0.032289613
vn 0.8337458 -0.25837302 0.4879667
vn 0.93382317 -0.28907683 -0.21073434
vn 0.939168 -0.28956637 -0.1847023
vn 0.93872344 -0.23735133 -0.24992542
vn 0.82849705 -0.32994002 0.45247346
vn 0.640117 -0.259996 0.722947
vn 0.951984 -0.30546623 0.020417314
vn 0.96427375 -0.20353024 -0.16956276
vn 0.9818132 -0.16440359 -0.09494329
vn 0.96345025 -0.26664338 0.025788445
vn 0.9491303 -0.31467786 0.01138346
vn 0.6395076 -0.31926548 0.69935656
vn 0.48922154 -0.27952465 0.8261527
vn 0.5112318 -0.3364467 0.79085124
vn 0.81759 -0.38085428 0.43185258
vn 0.61484545 -0.37957078 0.6912967
vn 0.81381726 -0.41649154 0.4052606
vn 0.9750143 -0.2204067 0.027711062
vn 0.9831079 -0.16822061 -0.072116345
vn 0.97381186 -0.22672834 0.016877206
vn 0.94971603 -0.27857602 0.1429503
vn 0.84538513 -0.38439083 0.3709013
vn 0.8401489 -0.3979171 0.36852652
vn 0.5942389 -0.44698387 0.6686446
vn 0.5433964 -0.37373954 0.75169075
vn 0.37526813 -0.42254287 0.82500386
vn 0.6090949 -0.48683646 0.6260939
vn 0.53552514 -0.43359014 0.72471535
vn 0.42036584 -0.40913492 0.8098772
vn 0.13129328 -0.38695198 0.91270494
vn 0.48644614 -0.49630383 0.71906376
vn 0.58673847 -0.538365 0.6048976
vn 0.6786233 -0.50945586 0.5290796
vn 0.64508116 -0.5586207 0.52135694
vn 0.2177233 -0.46822405 0.85636604
vn -0.021211144 -0.43557617 0.89990187
vn -0.009003031 -0.4906499 0.8713103
vn 0.44436198 -0.4284309 0.7867588
vn 0.2617924 -0.4713362 0.8422036
vn 0.014832309 -0.50411546 0.863509
vn 0.38329163 -0.51629466 0.7658508
vn 0.40896168 -0.4603566 0.7879227
vn 0.2934444 -0.4525728 0.8420619
vn 0.048464548 -0.48650715 0.8723314
vn 0.30828023 -0.4295658 0.8487854
vn 0.29167336 -0.37459442 0.8801168
vn 0.09647258 -0.3956261 0.9133308
vn 0.22974855 -0.5384808 0.81071204
vn 0.24906935 -0.3786855 0.8913819
vn 0.10785544 -0.37294668 0.9215628
vn 0.17289232 -0.4445759 0.8788973
vn 0.49697098 -0.576534 0.64855874
vn 0.2578581 -0.56329584 0.7849885
vn 0.10718434 -0.5289633 0.8418488
vn 0.08295201 -0.47680616 0.87508565
vn 0.05737619 -0.3767907 0.92451966
vn 0.1812503 -0.4228055 0.8879098
vn 0.21473119 -0.21784411 0.9520685
vn 0.14124154 -0.2227881 0.9645809
vn 0.19675824 -0.43859357 0.8768819
vn 0.0578952 -0.44375128 0.8942779
vn 0.10129276 -0.4286402 0.89777917
vn -0.078892425 -0.42962036 0.89955676
vn 0.15125442 -0.41475937 0.8972719
vn 0.12744781 -0.37190586 0.9194798
vn 0.1601932 -0.41526937 0.8954828
vn 0.13489585 -0.35158375 0.92638654
vn -0.23447749 -0.376574 0.8962211
vn -0.2729644 -0.4296198 0.8607656
vn -0.31156927 -0.47737944 0.82160413
vn 0.25364876 -0.28895995 0.9231276
vn 0.5112318 -0.3364467 0.79085124
vn 0.48922154 -0.27952465 0.8261527
vn 0.37526813 -0.42254287 0.82500386
vn 0.12674591 -0.29475364 0.9471303
vn 0.13129328 -0.38695198 0.91270494
vn -0.002990883 -0.2935033 0.9559534
vn -0.021211144 -0.43557617 0.89990187
vn -0.130224 -0.29118052 0.94776344
vn -0.021211144 -0.43557617 0.89990187
vn -0.002990883 -0.2935033 0.9559534
vn -0.15165068 -0.42232683 0.8936678
vn -0.24498062 -0.2866704 0.9261775
vn -0.009003031 -0.4906499 0.8713103
vn -0.30503917 -0.3865864 0.8703459
vn -0.34975696 -0.28020233 0.89395565
vn -0.198008 -0.47799033 0.8557559
vn 0.014832309 -0.50411546 0.863509
vn -0.41075814 -0.3457522 0.8436427
vn -0.59667367 -0.2863277 0.7496646
vn -0.40053263 -0.41429678 0.81727093
vn -0.25114337 -0.4839141 0.8383042
vn 0.048464548 -0.48650715 0.8723314
vn -0.26792732 -0.49209023 0.8282888
vn 0.09647258 -0.3956261 0.9133308
vn -0.47271326 -0.41646624 0.77659386
vn -0.24537283 -0.4241532 0.8717145
vn 0.10785544 -0.37294668 0.9215628
vn -0.62424 -0.34953654 0.69867635
vn -0.8752811 -0.28095672 0.39363235
vn -0.4659628 -0.36366338 0.80661494
vn -0.5128499 -0.43929785 0.7375651
vn -0.23447749 -0.376574 0.8962211
vn -0.078892425 -0.42962036 0.89955676
vn -0.8650982 -0.34849912 0.36076784
vn -0.96766305 -0.24848497 0.043397892
vn -0.62427753 -0.36309117 0.6916952
vn -0.50595593 -0.3696854 0.7793211
vn -0.5289607 -0.4065172 0.7449458
vn -0.949358 -0.31257674 0.03186195
vn -0.94128495 -0.21842864 -0.25743267
vn -0.87411255 -0.33141258 0.35509583
vn -0.64390343 -0.3332745 0.6887063
vn -0.56784004 -0.37593538 0.73227745
vn -0.9289978 -0.28474212 -0.23640002
vn -0.84685093 -0.20304523 -0.49154463
vn -0.96219486 -0.27146417 0.022095567
vn -0.89005584 -0.27952343 0.36009356
vn -0.7175436 -0.2870968 0.6345917
vn -0.6239389 -0.3674843 0.6896778
vn -0.8526694 -0.27299216 -0.4454548
vn -0.67533433 -0.20319846 -0.70896673
vn -0.94186175 -0.2433013 -0.23173444
vn -0.9701091 -0.24189399 0.019379599
vn -0.93290466 -0.17777315 0.31318593
vn -0.7109795 -0.27909976 -0.6454544
vn -0.4120141 -0.20368755 -0.8881193
vn -0.8710014 -0.24171592 -0.42770293
vn -0.94749165 -0.2274578 -0.22477214
vn -0.97967964 -0.19641812 0.04058982
vn -0.9546447 -0.23432742 -0.18369585
vn -0.8821774 -0.22495432 -0.41371334
vn -0.89843005 -0.22712536 -0.3758159
vn -0.7788725 -0.24054986 -0.579218
vn -0.7422614 -0.25984186 -0.6176814
vn -0.46526456 -0.28556776 -0.83784246
vn -0.19624032 -0.20512149 -0.95886135
vn -0.5165958 -0.28324723 -0.80802214
vn -0.5505319 -0.27131376 -0.7894956
vn -0.23163813 -0.29166874 -0.92804796
vn -0.055147897 -0.20911643 -0.97633445
vn -0.06900329 -0.2954537 -0.95286185
vn -0.2735775 -0.307851 -0.91125363
vn -0.29942346 -0.3038792 -0.90443516
vn -0.08368295 -0.32011318 -0.94367623
vn -0.09146598 -0.3203903 -0.94285953
vn 0.0578952 -0.44375128 0.8942779
vn 0.14124154 -0.2227881 0.9645809
vn 0.05737619 -0.3767907 0.92451966
vn 0.08295201 -0.47680616 0.87508565
vn 0.10718434 -0.5289633 0.8418488
vn -0.4017848 -0.38582328 0.8304875
vn -0.31156927 -0.47737944 0.82160413
vn -0.2729644 -0.4296198 0.8607656
vn -0.53387284 -0.3286921 0.77906436
vn -0.5247764 -0.2795552 0.8040264
vn -0.6720714 -0.2613696 0.6928247
vn -0.6917153 -0.15436558 0.7054794
vn -0.736611 -0.2650286 0.62222517
vn -0.7590608 -0.29566503 0.5800077
vn -0.8930775 -0.1834192 0.41081625
vn -0.97967964 -0.19641812 0.04058982
vn 0.9537577 0.20466223 0.2201355
vn 0.9617111 0.025574826 0.27286935
vn 0.9617111 0.025574826 0.27286935
vn 0.947966 0.24082933 0.2082345
vn 0.9762381 0.009979675 0.21647044
vn 0.9376172 -0.24748187 0.24418578
vn 0.97013813 -0.08948172 0.2254439
vn 0.96826124 -0.10419352 0.22718705
vn 0.7802202 0.6203613 0.08005154
vn 0.52815694 -0.096378125 -0.8436595
vn 0.25416607 -0.67426646 -0.69337165
vn 0.45739773 -0.30898076 -0.8338574
vn 0.6461802 -0.15302259 -0.7476866
vn 0.6455111 -0.2057603 -0.7355122
vn 0.6161776 0.17923781 -0.7669413
vn 0.6439917 0.0008545456 -0.765032
vn 0.5361319 0.5635688 -0.6284527
vn 0.5922264 0.5015842 -0.63061965
vn 0.6156406 0.597573 -0.51370525
vn 0.58390224 0.6620631 -0.46981975
vn -0.0007324506 0.9611277 -0.27610335
vn -0.42833972 0.88411635 -0.18671766
vn -0.8067361 0.5893807 -0.0425128
vn -0.8067361 0.5893807 -0.0425128
vn -0.9468911 -0.096349366 -0.30677977
vn -0.73439455 -0.6742708 -0.07761149
vn -0.92014694 -0.30897403 -0.24055053
vn -0.8825464 -0.15302192 -0.4446303
vn -0.87056893 -0.2057625 -0.4469582
vn -0.89390993 0.17923976 -0.41085064
vn -0.8988382 0.000854525 -0.43827978
vn -0.74009734 0.5635727 -0.3669357
vn -0.75584805 0.5015894 -0.42083457
vn -0.6481766 0.597575 -0.47198656
vn -0.59787834 0.66206104 -0.45190325
vn -0.26759002 0.96113276 0.067965664
vn -0.07678717 0.88412064 0.46090612
vn 0.1552208 0.5893875 0.7927981
vn 0.1552208 0.5893875 0.7927981
vn 0.8907504 0.069124945 0.4492053
vn 0.7670423 -0.5870698 0.25883442
vn 0.90138984 -0.060458887 0.42876676
vn 0.8041823 0.16117217 0.57211393
vn 0.77195805 -0.18629052 0.60776365
vn 0.7686757 0.23792414 0.5937422
vn 0.77821505 0.14200693 0.6117315
vn 0.60354966 0.63068134 0.48782048
vn 0.6441624 0.50426376 0.5751286
vn 0.5419397 0.6414647 0.5429774
vn 0.49911362 0.7065232 0.50170773
vn 0.2084184 0.96756303 -0.14277071
vn 0.13184224 0.8782768 -0.4596167
vn 0.0017090836 0.5893896 -0.80784714
vn 0.0017090836 0.5893896 -0.80784714
vn -0.46826273 -0.21540758 0.8569303
vn -0.25941467 -0.6955975 0.6699613
vn -0.5229454 0.07922767 0.8486761
vn -0.61426103 0.23310606 0.75388664
vn -0.659796 -0.27336103 0.6999593
vn -0.6451681 0.0015869794 0.764039
vn -0.61459595 0.1701446 0.7702744
vn -0.5655807 0.51067674 0.6475551
vn -0.5968627 0.48812294 0.63678163
vn -0.533053 0.7129042 0.45565563
vn -0.53478724 0.7106081 0.45720753
vn 0.03738633 0.99526995 0.08966615
vn 0.2879463 0.95686066 -0.038789585
vn 0.60943115 0.76184237 -0.2195222
vn 0.60943115 0.76184237 -0.2195222
vn -0.35395834 0.10937978 0.92884314
vn -0.7864512 0.02819981 0.6170082
vn -0.8654113 0.044802643 0.49905506
vn -0.6405063 0.29634136 0.7084726
vn -0.15161854 0.10510753 0.9828348
vn -0 0.29921147 0.9541868
vn -0.13419157 0.41112 0.9016502
vn -0.0145574715 0.11520851 0.9932347
vn 0.123846844 0.43795028 0.8904277
vn 0.18363188 0.15024427 0.9714453
vn 0.33528602 0.39666054 0.854543
vn 0.42921945 0.07516834 0.90006685
vn 0.55315757 0.2731454 0.787025
vn 0.54663 -0.12940155 0.82731545
vn -0 0.72890204 0.68461794
vn -0.24775635 0.7911845 0.5591456
vn 0.23298599 0.7777899 0.5837468
vn 0.46419656 0.7030396 0.53875494
vn 0.69375515 0.5428393 0.47331733
vn 0.6405063 0.29634136 0.7084726
vn 0.8654113 0.044802643 0.49905506
vn 0.35395834 0.10937978 0.92884314
vn 0.7864512 0.02819981 0.6170082
vn 0.15161854 0.10510753 0.9828348
vn 0.13419157 0.41112 0.9016502
vn 0.0145574715 0.11520851 0.9932347
vn 0.24775635 0.7911845 0.5591456
vn -0.123846844 0.43795028 0.8904277
vn -0.18363188 0.15024427 0.9714453
vn -0 0.94095075 0.3385433
vn -0.23298599 0.7777899 0.5837468
vn -0.33528602 0.39666054 0.854543
vn -0.42921945 0.07516834 0.90006685
vn -0.29536438 0.9179857 0.26469263
vn 0.29536438 0.9179857 0.26469263
vn -0.46419656 0.7030396 0.53875494
vn -0.55315757 0.2731454 0.787025
vn -0.54663 -0.12940155 0.82731545
vn 0.22693771 0.938056 0.26182067
vn -0 0.9998406 0.01785375
vn -0.22693771 0.938056 0.26182067
vn -0.69375515 0.5428393 0.47331733
vn 0.48464885 0.8411466 0.23997442
vn -0.26172736 0.96228135 -0.074251704
vn 0.26172736 0.96228135 -0.074251704
vn -0.48464885 0.8411466 0.23997442
vn 0.19776613 0.9775384 -0.07284996
vn -0 0.85758716 -0.5143387
vn -0.19776613 0.9775384 -0.07284996
vn -0.24006279 0.8776666 -0.41481483
vn 0.24006279 0.8776666 -0.41481483
vn -0 0.68427205 -0.7292269
vn -0.6926903 0.6915611 0.20475213
vn -0.48470384 0.8726928 -0.0589018
vn -0.1576935 0.9065774 -0.39147174
vn 0.21510099 0.6545809 -0.7247451
vn -0.86664194 0.26020315 0.42570654
vn -0.68629164 0.035585724 0.72645533
vn -0.6912232 -0.19281858 0.69644195
vn -0.471763 -0.25117153 0.84519374
vn -0.83973956 -0.28730902 0.46075046
vn -0.9085901 -0.2983567 0.29231384
vn -0.930707 -0.11173001 0.3482827
vn -0.91951835 -0.3147158 0.235457
vn -0.9670358 -0.092626184 0.2371963
vn -0.9323481 -0.32883963 0.15030488
vn -0.8975824 0.38357076 0.21729977
vn -0.99341923 -0.07760945 0.08423204
vn -0.6903692 0.72088814 -0.060915828
vn -0.94698906 -0.31953898 -0.033266235
vn -0.8809577 -0.47319514 9.155661E-05
vn -0.903916 0.42748165 -0.013977768
vn -0.42559037 0.81858623 -0.3857323
vn -0.7742388 -0.5845016 -0.24271835
vn -0.48718336 -0.7579527 -0.43377417
vn -0.98676234 0.01907421 -0.16104738
vn -0.63533163 0.6795244 -0.36687908
vn -0.15046139 0.6661808 -0.730455
vn -0.5558227 -0.56195706 -0.61258906
vn -0.31752113 -0.7886451 -0.5265162
vn -0.86893624 -0.25391787 -0.42482412
vn -0.86397177 0.41399476 -0.2866376
vn -0.37575692 0.6319992 -0.67777854
vn -0.4065771 -0.5628966 -0.7196128
vn -0.17856944 -0.8214926 -0.54153746
vn -0.85599047 0.1547912 -0.49327487
vn -0.6094591 -0.17969431 -0.77218497
vn -0.5558557 0.5582057 -0.6159795
vn -0.24269238 -0.5578079 -0.7936944
vn -0 -0.82358396 -0.56719434
vn -0.4364289 -0.14090854 -0.88863635
vn -0.58509696 0.24815728 -0.7720618
vn -0.7234927 0.4685642 -0.50695765
vn -0.41613078 0.26319852 -0.8703802
vn -0.27369896 -0.1351709 -0.95226973
vn -0.23676844 0.23685998 -0.9422516
vn 0.0833171 -0.5240432 -0.8476066
vn 0.0325943 -0.13135381 -0.9907996
vn 0.07751913 0.2734228 -0.9587652
vn -0 -0.5986612 -0.8010024
vn -0 0.36513108 -0.9309561
vn -0 -0.08603302 -0.9962923
vn -0.21510099 0.6545809 -0.7247451
vn -0.07751913 0.2734228 -0.9587652
vn -0.0325943 -0.13135381 -0.9907996
vn -0.0833171 -0.5240432 -0.8476066
vn 0.1576935 0.9065774 -0.39147174
vn 0.15046139 0.6661808 -0.730455
vn 0.24269238 -0.5578079 -0.7936944
vn 0.17856944 -0.8214926 -0.54153746
vn 0.27369896 -0.1351709 -0.95226973
vn 0.23676844 0.23685998 -0.9422516
vn 0.48470384 0.8726928 -0.0589018
vn 0.4065771 -0.5628966 -0.7196128
vn 0.31752113 -0.7886451 -0.5265162
vn 0.42559037 0.81858623 -0.3857323
vn 0.4364289 -0.14090854 -0.88863635
vn 0.37575692 0.6319992 -0.67777854
vn 0.41613078 0.26319852 -0.8703802
vn 0.6926903 0.6915611 0.20475213
vn 0.5558227 -0.56195706 -0.61258906
vn 0.48718336 -0.7579527 -0.43377417
vn 0.6903692 0.72088814 -0.060915828
vn 0.6094591 -0.17969431 -0.77218497
vn 0.58509696 0.24815728 -0.7720618
vn 0.5558557 0.5582057 -0.6159795
vn 0.63533163 0.6795244 -0.36687908
vn 0.7742388 -0.5845016 -0.24271835
vn 0.8809577 -0.47319514 9.155661E-05
vn 0.86893624 -0.25391787 -0.42482412
vn 0.94698906 -0.31953898 -0.033266235
vn 0.9323481 -0.32883963 0.15030488
vn 0.85599047 0.1547912 -0.49327487
vn 0.7234927 0.4685642 -0.50695765
vn 0.86397177 0.41399476 -0.2866376
vn 0.98676234 0.01907421 -0.16104738
vn 0.9039156 0.42748144 -0.01400828
vn 0.99341923 -0.07760945 0.08423204
vn 0.8975824 0.38357076 0.21729977
vn 0.9670358 -0.092626184 0.2371963
vn 0.91951835 -0.3147158 0.235457
vn 0.86664194 0.26020315 0.42570654
vn 0.930707 -0.11173001 0.3482827
vn 0.9085901 -0.2983567 0.29231384
vn 0.68629164 0.035585724 0.72645533
vn 0.6912232 -0.19281858 0.69644195
vn 0.83973956 -0.28730902 0.46075046
vn 0.471763 -0.25117153 0.84519374
vn 0.5069236 0.040529475 -0.8610377
vn 0.46632683 0.16678509 -0.86874735
vn 0.6933686 0.24040075 -0.6792992
vn 0.26826465 0.12030709 -0.95580345
vn 0.7387388 0.069125146 -0.67043763
vn 0.8592171 0.309743 -0.40719193
vn 0.28437522 0.021271681 -0.958477
vn -0 0.1060525 -0.9943605
vn 0.91102695 0.089085385 -0.40260854
vn 0.9272941 0.35234368 -0.12641035
vn 0.5205954 -0.0007324591 -0.8538032
vn 0.75152886 -0.0019532118 -0.65969735
vn 0.2911786 -0.00012207468 -0.95666873
vn 0.91796106 -0.0028993385 -0.39666
vn -0 0 -1
vn 0.9859022 0.09366437 -0.13865012
vn 0.9904055 -0.0029603518 -0.13815992
vn -0 0.014923711 -0.99988866
vn -0.28437522 0.021271681 -0.958477
vn -0.26826465 0.12030709 -0.95580345
vn -0.2911786 -0.00012207468 -0.95666873
vn -0.5069236 0.040529475 -0.8610377
vn -0.46632683 0.16678509 -0.86874735
vn -0.5205954 -0.0007324591 -0.8538032
vn -0.6933686 0.24040075 -0.6792992
vn -0.7387388 0.069125146 -0.67043763
vn -0.75152886 -0.0019532118 -0.65969735
vn -0.8592171 0.309743 -0.40719193
vn -0.91102695 0.089085385 -0.40260854
vn -0.91796106 -0.0028993385 -0.39666
vn -0.9272941 0.35234368 -0.12641035
vn -0.9859022 0.09366437 -0.13865012
vn -0.9904055 -0.0029603518 -0.13815992
vn -0.93612283 0.314808 0.15674785
vn -0.87515503 0.45561406 0.16284794
vn -0.9856909 0.08121009 0.14771019
vn -0.9904113 -0.0023805029 0.1381302
vn -0.91229963 0.05935914 0.4051986
vn -0.91867745 -0.0017090538 0.39500505
vn -0.8739473 0.25236312 0.41536608
vn -0.64913917 0.6758433 0.34907633
vn -0.76462036 0.03732461 0.6433993
vn -0.7702784 0.012757096 0.63758016
vn -0.72632825 0.14270814 0.6723702
vn -0.5405812 0.012940012 0.8411923
vn -0.5385995 0.031068355 0.841989
vn -0.5859983 0.5675037 0.57839906
vn -0.2904169 0.853977 0.43171895
vn -0.5076174 0.031861514 0.8609933
vn -0.25104618 -0.005554389 0.96795917
vn -0.2350569 0.018006176 0.97181475
vn -0.20893438 0.7784225 0.59195024
vn -0.08826121 0.7715836 0.6299751
vn -0.39824158 0.44710237 0.8009389
vn -0.25160182 -0.015381769 0.9677086
vn -0 -0.02096673 0.99978024
vn -0 -0.012207611 0.9999255
vn -0 0.0026551823 0.99999654
vn 0.2350569 0.018006176 0.97181475
vn -0.21787909 0.3477398 0.91192424
vn -0.10635857 0.693757 0.7123125
vn 0.25104618 -0.005554389 0.96795917
vn 0.5385995 0.031068355 0.841989
vn 0.5405812 0.012940012 0.8411923
vn 0.7702784 0.012757096 0.63758016
vn -0.038484484 0.7182651 0.6947044
vn -0.024628736 0.56807846 0.82260585
vn -0 0.31068316 0.95051354
vn 0.25160182 -0.015381769 0.9677086
vn 0.21787909 0.3477398 0.91192424
vn -0 0.6533512 0.75705487
vn -0 0.5581676 0.8297283
vn -0 0.31336978 0.9496312
vn 0.024628736 0.56807846 0.82260585
vn -0 0.6977218 0.7163688
vn 0.038484484 0.7182651 0.6947044
vn 0.08826121 0.7715836 0.6299751
vn 0.10635857 0.693757 0.7123125
vn 0.5076174 0.031861514 0.8609933
vn 0.20893438 0.7784225 0.59195024
vn 0.2904169 0.853977 0.43171895
vn 0.39824158 0.44710237 0.8009389
vn 0.5859983 0.5675037 0.57839906
vn 0.64913917 0.6758433 0.34907633
vn 0.72632825 0.14270814 0.6723702
vn 0.76462036 0.03732461 0.6433993
vn 0.91867745 -0.0017090538 0.39500505
vn 0.8739473 0.25236312 0.41536608
vn 0.87515503 0.45561406 0.16284794
vn 0.91229963 0.05935914 0.4051986
vn 0.9904113 -0.0023805029 0.1381302
vn 0.93612283 0.314808 0.15674785
vn 0.9856909 0.08121009 0.14771019
vn 0.16898368 0.27695993 0.94590575
vn -0 0.28031525 0.959908
vn -0 0.65102255 0.7590584
vn -0.16898368 0.27695993 0.94590575
vn 0.16700281 0.64524364 0.7455003
vn 0.33668643 0.2580693 0.905562
vn -0.16700281 0.64524364 0.7455003
vn -0.33668643 0.2580693 0.905562
vn 0.35042265 0.6092568 0.7113439
vn 0.5633573 0.20692144 0.7998826
vn -0 0.93192333 0.36265537
vn -0.35042265 0.6092568 0.7113439
vn -0.5633573 0.20692144 0.7998826
vn 0.5685118 0.52190894 0.63592875
vn 0.8049434 0.15155825 0.5736691
vn 0.16605614 0.9197637 0.35561225
vn -0.16605614 0.9197637 0.35561225
vn -0.5685118 0.52190894 0.63592875
vn -0.8049434 0.15155825 0.5736691
vn 0.3767581 0.86240834 0.33809042
vn -0 0.99896 -0.045595944
vn -0.3767581 0.86240834 0.33809042
vn 0.17139553 0.98433405 -0.041353446
vn -0.17139553 0.98433405 -0.041353446
vn -0 0.89859915 -0.43877053
vn 0.61780745 0.7257857 0.30257094
vn 0.39440203 0.91841984 -0.030855097
vn 0.18418343 0.887346 -0.4227216
vn 0.7682522 0.38008234 0.515098
vn -0.61780745 0.7257857 0.30257094
vn -0.39440203 0.91841984 -0.030855097
vn -0.18418343 0.887346 -0.4227216
vn -0 0.60595036 -0.7955025
vn -0.7682522 0.38008234 0.515098
vn 0.8411952 0.4638888 0.27784497
vn 0.93953204 0.15943204 0.30308568
vn 0.6479256 0.7616712 -0.0070194486
vn 0.39596248 0.8336149 -0.38509747
vn 0.19403858 0.6022276 -0.7743842
vn 0.94474137 -0.08478135 0.31666353
vn 0.8169082 -0.06817996 0.57272387
vn 0.90402967 -0.32600248 0.27650088
vn 0.7956069 -0.29350388 0.5299671
vn 0.98153424 0.18171248 0.059756972
vn 0.87171966 0.48910055 0.029756214
vn 0.62994087 0.71148735 -0.31138444
vn 0.9935927 -0.089391604 0.069157176
vn 0.38345066 0.57337534 -0.724021
vn 0.9331983 -0.35515678 0.05481323
vn 0.7750971 -0.59567446 0.21070482
vn 0.7811397 -0.6243319 0.00552398
vn 0.73615843 -0.5231941 0.42934692
vn 0.57300615 -0.31459638 0.7567648
vn 0.5524076 -0.6447604 0.52832747
vn 0.34532422 -0.35008517 0.8707419
vn 0.5461692 -0.8165376 0.18699032
vn 0.33894277 -0.73245335 0.5904489
vn 0.16883177 -0.3647645 0.91566515
vn 0.15577246 -0.77159864 0.6167418
vn -0 -0.36705604 0.9301988
vn 0.31449842 -0.93086046 0.18598287
vn 0.54146624 -0.83862865 -0.05929821
vn 0.75660765 -0.6193312 -0.20969914
vn 0.9166641 -0.3495629 -0.19373365
vn 0.97289395 -0.09372474 -0.21140712
vn 0.96453667 0.16324854 -0.20741019
vn 0.8540194 0.4675545 -0.22813119
vn 0.59453404 0.5030391 -0.6272806
vn 0.29655728 -0.94936776 -0.10370501
vn 0.5156808 -0.80726 -0.2870624
vn 0.70658463 -0.56579876 -0.42498234
vn 0.7951161 -0.3496582 -0.49550936
vn 0.8419973 -0.10022542 -0.5300899
vn 0.8361374 0.14539397 -0.52889955
vn 0.5115597 -0.66403276 -0.5453138
vn 0.56125474 -0.3927257 -0.7285325
vn 0.29558006 -0.8895784 -0.34825647
vn 0.1272948 -0.97502124 0.18201537
vn 0.79008895 0.3806698 -0.48046857
vn 0.59871507 -0.1041907 -0.79415655
vn 0.5919193 0.1832371 -0.7848921
vn 0.3160872 -0.7203748 -0.6173726
vn 0.111425415 -0.9863179 -0.12149674
vn -0 -0.7782687 0.6279314
vn 0.36826804 0.22122939 -0.9030151
vn 0.36077183 -0.10471264 -0.9267572
vn 0.34419364 -0.4301963 -0.83454293
vn 0.12113155 -0.9211064 -0.36998683
vn -0 -0.9831766 0.18265752
vn -0.15577246 -0.77159864 0.6167418
vn -0.16883177 -0.3647645 0.91566515
vn 0.14924088 -0.7455024 -0.6495793
vn 0.17499596 -0.44347164 -0.8790389
vn -0 -0.99217516 -0.124853544
vn -0.1272948 -0.97502124 0.18201537
vn -0.33894277 -0.73245335 0.5904489
vn -0.34532422 -0.35008517 0.8707419
vn -0 -0.92700243 -0.3750554
vn -0.111425415 -0.9863179 -0.12149674
vn -0.31449842 -0.93086046 0.18598287
vn -0.5524076 -0.6447604 0.52832747
vn -0.57300615 -0.31459638 0.7567648
vn -0 -0.75018775 -0.66122484
vn -0.12113155 -0.9211064 -0.36998683
vn -0.29655728 -0.94936776 -0.10370501
vn -0.5461692 -0.8165376 0.18699032
vn -0.73615843 -0.5231941 0.42934692
vn -0.7956069 -0.29350388 0.5299671
vn -0.7750971 -0.59567446 0.21070482
vn -0.54146624 -0.83862865 -0.05929821
vn -0.29558006 -0.8895784 -0.34825647
vn -0.14924088 -0.7455024 -0.6495793
vn -0.90402967 -0.32600248 0.27650088
vn -0.8169082 -0.06817996 0.57272387
vn -0.7811397 -0.6243319 0.00552398
vn -0.5156808 -0.80726 -0.2870624
vn -0.3160872 -0.7203748 -0.6173726
vn -0.94474137 -0.08478135 0.31666353
vn -0.9331983 -0.35515678 0.05481323
vn -0.75660765 -0.6193312 -0.20969914
vn -0.5115597 -0.66403276 -0.5453138
vn -0.93953204 0.15943204 0.30308568
vn -0.70658463 -0.56579876 -0.42498234
vn -0.9166641 -0.3495629 -0.19373365
vn -0.9935927 -0.089391604 0.069157176
vn -0.8411952 0.4638888 0.27784497
vn -0.7951161 -0.3496582 -0.49550936
vn -0.56125474 -0.3927257 -0.7285325
vn -0.98153424 0.18171248 0.059756972
vn -0.97289395 -0.09372474 -0.21140712
vn -0.6479256 0.7616712 -0.0070194486
vn -0.8419973 -0.10022542 -0.5300899
vn -0.34419364 -0.4301963 -0.83454293
vn -0.87171966 0.48910055 0.029756214
vn -0.96453667 0.16324854 -0.20741019
vn -0.39596248 0.8336149 -0.38509747
vn -0.59871507 -0.1041907 -0.79415655
vn -0.17499596 -0.44347164 -0.8790389
vn -0.8361374 0.14539397 -0.52889955
vn -0.8540194 0.4675545 -0.22813119
vn -0.62994087 0.71148735 -0.31138444
vn -0.19403858 0.6022276 -0.7743842
vn -0.36077183 -0.10471264 -0.9267572
vn -0.5919193 0.1832371 -0.7848921
vn -0.79008895 0.3806698 -0.48046857
vn -0.59453404 0.5030391 -0.6272806
vn -0.38345066 0.57337534 -0.724021
vn -0.36826804 0.22122939 -0.9030151
vn -0 0.23233975 -0.97263473
vn -0.19288297 0.23188685 -0.95342785
vn -0.18714216 -0.1053514 -0.9766673
vn 0.19288297 0.23188685 -0.95342785
vn -0 -0.1060525 -0.9943605
vn -0 -0.44539374 -0.8953348
vn 0.18714216 -0.1053514 -0.9766673
vn 0.055818897 -0.99823964 -0.020050855
vn -0.019196425 -0.9985499 -0.050295245
vn -0.01944062 -0.8298734 0.55761313
vn 0.054507293 -0.8367144 0.5449203
vn 0.07519894 -0.99714893 0.0062564053
vn -0.020386662 -0.30567783 0.9519167
vn 0.0199899 -0.8242858 -0.565821
vn -0.01821989 -0.80527645 -0.5926195
vn 0.01168864 -0.34171727 0.9397301
vn -0.02121096 0.4394178 0.8980323
vn -0.0123906275 -0.35490298 -0.934821
vn -0.019776596 -0.33275342 -0.9428064
vn 0.06369292 -0.85925925 0.5075596
vn -0.01690731 0.4361415 0.89971924
vn -0.021485701 0.9374358 0.3474946
vn 0.0119635835 0.9420406 0.3352855
vn -0.0216684 0.9287504 -0.3700719
vn -0.018708503 0.43795598 0.8988017
vn 0.012268788 0.93480843 -0.3549403
vn -0.021729734 0.40673056 -0.9132897
vn -0.019837646 0.41359964 -0.91024274
vn 0.013459093 -0.36046562 0.9326755
vn 0.03207596 0.94943 0.3123362
vn -0.030915635 0.39164892 -0.9195952
vn -0.00012207597 0.51693076 0.85602725
vn -0.05261586 -0.4532472 0.88983065
vn 0.030946856 0.92977905 -0.36681485
vn 0.057100534 0.9589899 0.27762884
vn -0.07767136 -0.9071831 0.4135046
vn -0.0587802 0.4829987 0.8736459
vn -0.22016425 -0.45018616 0.865367
vn -0.21613558 0.56612754 0.7954778
vn -0.026948232 -0.37208703 -0.92780656
vn -0.018800026 0.46246237 -0.88643956
vn 0.04135341 0.94423103 -0.32667667
vn -0.009033756 -0.8536594 -0.5207533
vn -0.0836217 -0.42958364 -0.899147
vn -0.09891352 -0.86928535 -0.48431307
vn -0.0680875 0.40773156 -0.9105597
vn -0.1917807 0.44148624 -0.87653303
vn -0.16147798 -0.38137 -0.91020966
vn 0.026917707 0.97340167 0.22751872
vn -0.036867253 -0.9991698 0.017334934
vn -0.11530096 -0.9928456 -0.031037869
vn -0.12918648 -0.90726566 -0.40022478
vn -0.27736038 -0.48940924 -0.8267708
vn -0.1474391 -0.95553106 -0.2553861
vn -0.32396176 -0.9217116 0.21329898
vn 0.00497464 0.95491725 -0.29683036
vn -0.5212678 -0.44274184 0.7295612
vn -0.37330952 -0.53033024 -0.76117665
vn -0.1344682 -0.6077011 -0.782699
vn -0.15863915 -0.9738393 -0.1626982
vn -0.24949147 0.2842219 -0.9257278
vn -0.1204299 0.73875475 -0.6631275
vn -0.102329984 0.3360745 -0.9362598
vn 0.009491586 0.8429505 -0.5379074
vn 0.0061649275 -0.98132217 -0.1922725
vn 0.033235446 0.99846727 -0.04425289
vn -0.12219838 0.90693545 0.40315706
vn 0.08078485 0.90108526 0.4260508
vn -0.04443585 0.38744038 -0.92082316
vn -0.012115989 0.99888235 -0.045686737
vn -0.16144614 0.81895 0.55068696
vn -0.51367205 0.3402303 0.78764474
vn -0.045961726 0.8787358 -0.47509044
vn -0.59982044 0.27311456 0.7520797
vn 0.062350985 -0.6055645 -0.79334986
vn -0.10715176 0.39320517 -0.9131857
vn 0.17172985 -0.9664115 -0.19120091
vn 0.06326559 -0.9720867 -0.22593112
vn 0.14493725 -0.96817106 -0.20405358
vn 0.26231048 -0.9548468 -0.13950218
vn 0.23899665 -0.95296526 -0.18638138
vn -0.2877026 -0.93638384 -0.20102863
vn -0.51214695 -0.85640645 0.06537268
vn -0.10321388 -0.9931055 -0.055574354
vn -0.6724081 -0.3963277 0.6251332
vn -0.37944174 -0.8856285 0.26774248
vn -0.6212186 -0.49007756 0.611483
vn 0.18104191 -0.98312587 0.026216283
vn -0.18409404 -0.93371576 0.30705738
vn -0.49544388 -0.58593243 0.6412632
vn -0.52099633 0.20612788 0.82829595
vn 0.44930512 -0.8864941 -0.11069349
vn 0.40065894 -0.89989567 -0.17222111
vn 0.4156473 -0.8977054 -0.14615867
vn -0.07941003 -0.9777018 0.19440505
vn 0.56643724 -0.80415165 -0.18024667
vn 0.6776069 -0.66155404 0.32123992
vn 0.3517031 -0.9359319 -0.018342031
vn 0.45113394 -0.8250849 -0.34016633
vn 0.24399745 -0.9661322 -0.08398761
vn 0.86284506 -0.3934869 -0.3172799
vn 0.550322 -0.4762214 -0.6858272
vn -0.012115973 -0.99882 0.047029506
vn -0.4281922 -0.6637742 0.6132335
vn -0.43768218 -0.6849829 0.58243686
vn -0.4492161 0.14734802 0.8811887
vn -0.45964587 0.18595195 0.86841667
vn -0.1290642 0.83929884 0.5281286
vn 0.086522795 0.8547293 0.5118121
vn 0.108252876 0.9250479 0.36409837
vn 0.336262 0.8150493 0.4718289
vn 0.36137062 0.80425644 0.4717869
vn -0.44836187 -0.66602695 0.5961373
vn -0.451922 0.20545238 0.8680759
vn 0.10910661 0.90581375 0.40938628
vn 0.76548463 0.64099646 0.056185994
vn 0.4124007 0.3653407 0.8345369
vn -0.03762973 -0.9916182 -0.1236013
vn -0.026093861 -0.9847609 -0.1719448
vn -0.42690247 -0.65829897 0.6199973
vn 0.008698043 0.84389335 0.53644043
vn -0.038239993 0.998604 -0.036439385
vn -0.081028186 0.89939755 -0.4295562
vn -0.10336964 0.43307206 -0.8954124
vn 0.10880083 -0.57824665 -0.8085748
vn 0.22687946 -0.9552498 -0.18979868
vn 0.098546036 0.06372379 0.9930901
vn 0.0012207634 0.8103123 0.585997
vn -0.020356387 0.99941623 -0.027436871
vn -0.0510274 0.91550237 -0.3990636
vn -0.06863731 0.45674795 -0.8869443
vn 0.110174574 -0.5635384 -0.81870997
vn -0.008697899 0.5041118 -0.8635945
vn 0.07529045 -0.5755279 -0.8143088
vn 0.6310156 0.5731816 -0.5227639
vn 0.26875508 -0.7293865 0.6290993
vn 0.049440846 0.9428553 0.3295141
vn -0.4179295 0.23719497 0.8769683
vn 0.041353486 0.9712118 0.23460092
vn 0.4892272 0.57370514 -0.6569012
vn 0.29560876 -0.95314443 0.06427339
vn 0.4281549 -0.36314884 -0.82753015
vn -0.056643102 -0.97715455 -0.20484295
vn -0.4478985 -0.62869376 0.6357131
vn -0.41841662 0.26069403 0.87003803
vn 0.24961391 -0.9659531 -0.06802659
vn 0.112493075 -0.9783174 -0.17389733
vn 0.13269733 -0.990408 -0.038515188
vn 0.05014334 0.9688682 0.24244593
vn 0.14035507 -0.9872158 0.07553354
vn 0.11112095 -0.7887726 0.6045578
vn 0.057040595 0.031984236 0.9978594
vn 0.018219627 0.8117653 0.5836995
vn -0.0033265348 0.99970007 -0.024262343
vn 0.0125128245 0.8137914 0.5810223
vn -0.003936975 0.9313539 -0.36409384
vn -0.0033265734 0.9998031 -0.019562691
vn 0.0017700852 0.49940813 -0.86636513
vn -0.0043336754 0.9329304 -0.36003077
vn 0.013245335 -0.60727113 -0.79438436
vn 0.0025941124 0.49864948 -0.86679983
vn 0.019074343 -0.9868913 -0.16025501
vn 0.051241707 -0.6055311 -0.7941702
vn 0.026765212 -0.9994381 -0.020173095
vn 0.028504891 -0.987783 -0.15320617
vn 0.036744546 -0.99622273 0.07867727
vn 0.038210344 -0.9991761 -0.01367271
vn 0.041261494 -0.8069796 0.58913606
vn 0.042116366 -0.9955943 0.08377495
vn 0.030732775 0.02450687 0.99922717
vn 0.018464355 0.81447643 0.5799028
vn 0.03772172 0.039003525 0.9985268
vn -0.0056459475 0.9998821 -0.014282722
vn 0.07269696 -0.7921893 0.60593003
vn 0.039949708 0.8263089 0.5617985
vn -0.0066531724 0.93339735 -0.35878298
vn 0.08450677 0.054232046 0.99494594
vn 0.011536277 0.99993277 -0.0012207701
vn 0.04388695 0.48791417 -0.8717876
vn 0.011475261 0.9391403 -0.34334227
vn 0.04327571 -0.99558556 0.08328591
vn 0.14481302 -0.80167496 0.5799539
vn 0.22529401 0.065708205 0.97207254
vn 0.1882429 0.8165127 0.5457762
vn 0.15806054 0.98742825 -0.0015259755
vn 0.14240095 0.93348 -0.3291458
vn 0.16282003 0.47527584 -0.86464006
vn 0.042939678 -0.99902654 -0.010101658
vn 0.13898443 -0.6449927 -0.7514437
vn 0.037508365 -0.9888902 -0.14383802
vn 0.09756957 -0.9815859 -0.16422328
vn 0.06982775 -0.9973648 -0.01968483
vn 0.062960654 -0.99461347 0.082340196
vn 0.62326866 0.7819699 -0.007690907
vn 0.55016047 0.7663243 -0.3317687
vn 0.50802326 0.3881437 -0.7689323
vn 0.44619593 -0.53351235 -0.71852195
vn 0.89742786 0.13080686 -0.4213226
vn 0.57549757 -0.7454886 -0.33622825
vn 0.64527565 -0.7620741 -0.053500835
vn 0.99749255 0.058749635 -0.03946144
vn 0.6021742 -0.7742719 0.19465142
vn 0.9425672 0.072329104 0.32609135
vn 0.5276185 -0.67154783 0.52023286
vn 0.5694925 0.06546417 0.8193856
vn 0.6194581 0.6501304 0.44000235
vn -0.30149642 0.2625543 0.91660523
vn 0.22315505 0.9186529 0.32600415
vn -0.34920204 -0.6431335 0.6814963
vn 0.59366477 0.5538979 -0.58374596
vn 0.06534201 -0.9896826 -0.12750998
vn 0.48119578 -0.3971765 -0.7814739
vn 0.14987786 -0.5285858 0.83554393
vn 0.15439378 0.07873808 0.9848669
vn 0.6369431 -0.7329576 0.23890707
vn 0.72462475 0.44277704 0.5280791
vn 0.8574717 -0.29298577 -0.42296767
vn 0.9169067 0.30418083 -0.25837216
vn -0.055818897 -0.99823964 -0.020050855
vn 0.01944062 -0.8298734 0.55761313
vn 0.019196425 -0.9985499 -0.050295245
vn -0.054508194 -0.8367282 0.5448988
vn -0.07519894 -0.99714893 0.0062564053
vn 0.020386662 -0.30567783 0.9519167
vn -0.0199899 -0.8242858 -0.565821
vn 0.01821989 -0.80527645 -0.5926195
vn -0.01168864 -0.34171727 0.9397301
vn 0.02121096 0.4394178 0.8980323
vn 0.0123906275 -0.35490298 -0.934821
vn 0.019776596 -0.33275342 -0.9428064
vn -0.06369292 -0.85925925 0.5075596
vn 0.01690731 0.4361415 0.89971924
vn 0.021485701 0.9374358 0.3474946
vn -0.0119635835 0.9420406 0.3352855
vn 0.0216684 0.9287504 -0.3700719
vn 0.018708503 0.43795598 0.8988017
vn -0.012268788 0.93480843 -0.3549403
vn 0.021729734 0.40673056 -0.9132897
vn 0.019837646 0.41359964 -0.91024274
vn -0.013459093 -0.36046562 0.9326755
vn -0.03207596 0.94943 0.3123362
vn 0.030915635 0.39164892 -0.9195952
vn 0.00012207597 0.51693076 0.85602725
vn 0.05261586 -0.4532472 0.88983065
vn -0.030946856 0.92977905 -0.36681485
vn -0.057100534 0.9589899 0.27762884
vn 0.07767136 -0.9071831 0.4135046
vn 0.0587802 0.4829987 0.8736459
vn 0.22016425 -0.45018616 0.865367
vn 0.21613558 0.56612754 0.7954778
vn 0.018800026 0.46246237 -0.88643956
vn -0.04135341 0.94423103 -0.32667667
vn -0.026917707 0.97340167 0.22751872
vn 0.026948232 -0.37208703 -0.92780656
vn 0.009033756 -0.8536594 -0.5207533
vn 0.0836217 -0.42958364 -0.899147
vn 0.09891352 -0.86928535 -0.48431307
vn 0.0680875 0.40773156 -0.9105597
vn 0.1917807 0.44148624 -0.87653303
vn 0.16147798 -0.38137 -0.91020966
vn -0.0049745953 0.95490867 -0.2968582
vn 0.036867253 -0.9991698 0.017334934
vn 0.11530096 -0.9928456 -0.031037869
vn 0.12918648 -0.90726566 -0.40022478
vn 0.27736038 -0.48940924 -0.8267708
vn 0.1474391 -0.95553106 -0.2553861
vn 0.32396176 -0.9217116 0.21329898
vn 0.37330952 -0.53033024 -0.76117665
vn 0.1344682 -0.6077011 -0.782699
vn 0.15863915 -0.9738393 -0.1626982
vn 0.24949147 0.2842219 -0.9257278
vn 0.1204299 0.73875475 -0.6631275
vn 0.102329984 0.3360745 -0.9362598
vn -0.009491586 0.8429505 -0.5379074
vn 0.5212678 -0.44274184 0.7295612
vn -0.0061649275 -0.98132217 -0.1922725
vn -0.033235446 0.99846727 -0.04425289
vn 0.12219838 0.90693545 0.40315706
vn -0.08078485 0.90108526 0.4260508
vn 0.16144614 0.81895 0.55068696
vn 0.51367205 0.3402303 0.78764474
vn 0.012115989 0.99888235 -0.045686737
vn 0.59982044 0.27311456 0.7520797
vn 0.6724249 -0.39631963 0.6251205
vn 0.6212186 -0.49007756 0.611483
vn 0.51214695 -0.85640645 0.06537268
vn 0.37944174 -0.8856285 0.26774248
vn 0.2877026 -0.93638384 -0.20102863
vn -0.14493725 -0.96817106 -0.20405358
vn 0.10321388 -0.9931055 -0.055574354
vn -0.18104191 -0.98312587 0.026216283
vn 0.18409404 -0.93371576 0.30705738
vn 0.4954536 -0.58594394 0.64124525
vn -0.06326559 -0.9720867 -0.22593112
vn -0.17172985 -0.9664115 -0.19120091
vn 0.52099633 0.20612788 0.82829595
vn -0.26231048 -0.9548468 -0.13950218
vn -0.40065894 -0.89989567 -0.17222111
vn -0.44930512 -0.8864941 -0.11069349
vn -0.4156473 -0.8977054 -0.14615867
vn 0.07941003 -0.9777018 0.19440505
vn -0.56643724 -0.80415165 -0.18024667
vn -0.6776069 -0.66155404 0.32123992
vn -0.45113394 -0.8250849 -0.34016633
vn -0.3517031 -0.9359319 -0.018342031
vn -0.86284506 -0.3934869 -0.3172799
vn -0.550322 -0.4762214 -0.6858272
vn 0.012115973 -0.99882 0.047029506
vn 0.4281922 -0.6637742 0.6132335
vn 0.43768218 -0.6849829 0.58243686
vn 0.4492161 0.14734802 0.8811887
vn 0.45964587 0.18595195 0.86841667
vn 0.1290642 0.83929884 0.5281286
vn -0.086522795 0.8547293 0.5118121
vn -0.108252876 0.9250479 0.36409837
vn -0.336262 0.8150493 0.4718289
vn -0.36137062 0.80425644 0.4717869
vn 0.44836187 -0.66602695 0.5961373
vn 0.451922 0.20545238 0.8680759
vn -0.10910661 0.90581375 0.40938628
vn -0.76548463 0.64099646 0.056185994
vn -0.4124007 0.3653407 0.8345369
vn 0.03762973 -0.9916182 -0.1236013
vn 0.026093861 -0.9847609 -0.1719448
vn 0.42690247 -0.65829897 0.6199973
vn -0.008698043 0.84389335 0.53644043
vn -0.049440846 0.9428553 0.3295141
vn -0.6310156 0.5731816 -0.5227639
vn 0.4179295 0.23719497 0.8769683
vn -0.041353486 0.9712118 0.23460092
vn 0.056643102 -0.97715455 -0.20484295
vn 0.4478985 -0.62869376 0.6357131
vn 0.41841662 0.26069403 0.87003803
vn -0.4281549 -0.36314884 -0.82753015
vn -0.4892272 0.57370514 -0.6569012
vn -0.098546036 0.06372379 0.9930901
vn -0.05014334 0.9688682 0.24244593
vn -0.26875508 -0.7293865 0.6290993
vn -0.59366477 0.5538979 -0.58374596
vn -0.22315505 0.9186529 0.32600415
vn 0.30149642 0.2625543 0.91660523
vn -0.48119578 -0.3971765 -0.7814739
vn 0.34920204 -0.6431335 0.6814963
vn -0.06534201 -0.9896826 -0.12750998
vn -0.72462475 0.44277704 0.5280791
vn -0.15439378 0.07873808 0.9848669
vn -0.91691524 0.30415314 -0.25837454
vn -0.8574717 -0.29298577 -0.42296767
vn -0.6369431 -0.7329576 0.23890707
vn -0.14987786 -0.5285858 0.83554393
vn 0.04443585 0.38744038 -0.92082316
vn -0.062350985 -0.6055645 -0.79334986
vn 0.045961726 0.8787358 -0.47509044
vn 0.10715176 0.39320517 -0.9131857
vn 0.038239993 0.998604 -0.036439385
vn 0.081028186 0.89939755 -0.4295562
vn -0.0012207634 0.8103123 0.585997
vn -0.23899665 -0.95296526 -0.18638138
vn 0.10336964 0.43307206 -0.8954124
vn 0.020356387 0.99941623 -0.027436871
vn -0.24399745 -0.9661322 -0.08398761
vn -0.10880083 -0.57824665 -0.8085748
vn 0.0510274 0.91550237 -0.3990636
vn -0.29560876 -0.95314443 0.06427339
vn -0.22687946 -0.9552498 -0.18979868
vn 0.06863731 0.45674795 -0.8869443
vn -0.110174574 -0.5635384 -0.81870997
vn 0.008697899 0.5041118 -0.8635945
vn -0.24961391 -0.9659531 -0.06802659
vn -0.07529045 -0.5755279 -0.8143088
vn -0.112493075 -0.9783174 -0.17389733
vn -0.13269733 -0.990408 -0.038515188
vn -0.14035507 -0.9872158 0.07553354
vn -0.11112095 -0.7887726 0.6045578
vn -0.057040595 0.031984236 0.9978594
vn -0.018250136 0.8117649 0.5836992
vn 0.0033265348 0.99970007 -0.024262343
vn -0.0125128245 0.8137914 0.5810223
vn 0.003936975 0.9313539 -0.36409384
vn 0.0033265734 0.9998031 -0.019562691
vn -0.0017700852 0.49940813 -0.86636513
vn 0.0043336754 0.9329304 -0.36003077
vn -0.013245335 -0.60727113 -0.79438436
vn -0.0025941124 0.49864948 -0.86679983
vn -0.019074343 -0.9868913 -0.16025501
vn -0.051241707 -0.6055311 -0.7941702
vn -0.026765212 -0.9994381 -0.020173095
vn -0.028504891 -0.987783 -0.15320617
vn -0.036744546 -0.99622273 0.07867727
vn -0.038210344 -0.9991761 -0.01367271
vn -0.041261494 -0.8069796 0.58913606
vn -0.042116366 -0.9955943 0.08377495
vn -0.030732775 0.02450687 0.99922717
vn -0.018464355 0.81447643 0.5799028
vn -0.03772172 0.039003525 0.9985268
vn 0.0056459475 0.9998821 -0.014282722
vn -0.07269696 -0.7921893 0.60593003
vn -0.039949708 0.8263089 0.5617985
vn 0.0066531724 0.93339735 -0.35878298
vn -0.08450677 0.054232046 0.99494594
vn -0.011536277 0.99993277 -0.0012207701
vn -0.04388695 0.48791417 -0.8717876
vn -0.011475261 0.9391403 -0.34334227
vn -0.04327571 -0.99558556 0.08328591
vn -0.14481302 -0.80167496 0.5799539
vn -0.22529401 0.065708205 0.97207254
vn -0.1882429 0.8165127 0.5457762
vn -0.15806054 0.98742825 -0.0015259755
vn -0.14240095 0.93348 -0.3291458
vn -0.16282003 0.47527584 -0.86464006
vn -0.042939678 -0.99902654 -0.010101658
vn -0.13898443 -0.6449927 -0.7514437
vn -0.037508365 -0.9888902 -0.14383802
vn -0.09756957 -0.9815859 -0.16422328
vn -0.06982775 -0.9973648 -0.01968483
vn -0.062960654 -0.99461347 0.082340196
vn -0.62326866 0.7819699 -0.007690907
vn -0.55016047 0.7663243 -0.3317687
vn -0.50802326 0.3881437 -0.7689323
vn -0.44619593 -0.53351235 -0.71852195
vn -0.89742786 0.13080686 -0.4213226
vn -0.57549757 -0.7454886 -0.33622825
vn -0.64527565 -0.7620741 -0.053500835
vn -0.99749255 0.058749635 -0.03946144
vn -0.6021742 -0.7742719 0.19465142
vn -0.9425672 0.072329104 0.32609135
vn -0.5276185 -0.67154783 0.52023286
vn -0.5694925 0.06546417 0.8193856
vn -0.6194581 0.6501304 0.44000235
vn -0.46929535 -0.7838883 0.40654764
vn -0.6152678 -0.058902126 0.78611445
vn -0.6749024 -0.05465995 0.7358798
vn -0.73648185 0.59258527 0.32624695
vn -0.61527395 0.6786325 0.40111834
vn -0.19663428 0.63272107 -0.74899864
vn 0.22895733 0.66450113 -0.7113486
vn -0.029816955 0.8145187 0.5793707
vn 0.5556372 0.40966266 -0.72349423
vn -0.5848437 0.6844896 0.4352375
vn 0.6749024 0.05465995 -0.7358798
vn -0.89671326 -0.054354582 0.4392619
vn -0.28947747 0.67576283 -0.6778992
vn 0.6152678 0.058902126 -0.78611445
vn -0.5615592 -0.71473664 0.41689664
vn -0.5718268 -0.060060587 -0.8181729
vn -0.42244804 -0.76722443 0.4826015
vn -0.14087851 -0.77394676 -0.6173812
vn 0.59487957 -0.28739896 -0.75067985
vn -0.07404009 -0.65903616 -0.748458
vn 0.2437556 -0.7526301 0.6116626
vn 0.05929765 -0.0038148258 -0.9982331
vn 0.5560622 -0.5843231 -0.5910679
vn 0.19388825 -0.63525647 0.747567
vn -0.05929765 0.0038148258 0.9982331
vn 0.17813851 -0.33131257 -0.9265521
vn 0.093755476 -0.018708367 -0.9954195
vn -0.093755476 0.018708367 0.9954195
vn 0.10358086 0.48506606 -0.86832136
vn 0.28904524 -0.7403294 0.606931
vn -0.024049338 0.7668321 0.64139706
vn 0.626621 -0.60852313 -0.48687345
vn 0.49669528 0.04821988 0.8665845
vn 0.9313967 0.062992424 -0.35851356
vn 0.23252948 0.76232064 0.60398453
vn 0.57541233 0.6421277 -0.50653005
vn 0.6352272 0.121130824 0.76276714
vn 0.8350008 0.11392756 0.53832525
vn 0.8451083 0.20185424 0.49502206
vn 0.67242587 0.20069318 0.7124364
vn 0.9406533 0.21830164 0.25983787
vn 0.3749534 0.13000987 0.91788197
vn 0.9478754 0.12540473 0.2929264
vn 0.40901798 0.20069408 0.89018327
vn 0.9676697 0.24851719 -0.04306248
vn 0.1796371 0.13828334 0.97396517
vn 0.9871186 0.15769361 -0.027009644
vn 0.19464956 0.20227927 0.9597889
vn 0.87485486 0.28001094 -0.39525032
vn 0.05014253 0.14304201 0.98844564
vn 0.892934 0.20450991 -0.4010543
vn 0.054567873 0.20612496 0.977003
vn 0.59534466 0.28270248 -0.752093
vn -0.00024415122 0.14380507 0.989606
vn 0.5722958 0.23853795 -0.78458726
vn -0.00082401733 0.20505823 0.97874945
vn 0.3485603 0.2735745 -0.89647233
vn -0.05044852 0.14218974 0.9885529
vn 0.32932934 0.23585 -0.91428494
vn -0.05609421 0.20334914 0.97749805
vn 0.24430951 0.27843043 -0.92886454
vn -0.17975649 0.13715208 0.97410315
vn 0.23194836 0.2323146 -0.94457924
vn -0.19553846 0.195569 0.9609982
vn 0.13022329 0.2822064 -0.9504743
vn -0.3743224 0.12906721 0.91827255
vn 0.12790781 0.23060639 -0.9646037
vn -0.40861705 0.18857606 0.89301246
vn 0.0031435103 0.2844724 -0.9586791
vn -0.6332103 0.12113031 0.7644424
vn 0.00012207686 0.23151876 -0.9728305
vn -0.6714606 0.18189651 0.7183692
vn -0.12695931 0.28568897 -0.9498753
vn -0.83358014 0.11518074 0.54025686
vn -0.1292476 0.2294412 -0.9647029
vn -0.8472778 0.17673749 0.50088334
vn -0.25260916 0.28029025 -0.92608094
vn -0.94768554 0.12662461 0.2930159
vn -0.23270637 0.23026484 -0.9448946
vn -0.9458709 0.18967468 0.26334724
vn -0.48724398 0.27366844 -0.8292762
vn -0.9871868 0.15717106 -0.027558342
vn -0.45858005 0.23637043 -0.8566407
vn -0.97483736 0.21906526 -0.041261666
vn -0.6383134 0.25737017 -0.7254768
vn -0.8419625 0.21161984 -0.49630255
vn -0.6351033 0.22867993 -0.73780024
vn -0.8329388 0.2574322 -0.48983836
vn -0.63867605 -0.12311459 -0.75956273
vn -0.84685093 -0.20304523 -0.49154463
vn -0.8368985 -0.11450818 -0.5352464
vn -0.67533433 -0.20319846 -0.70896673
vn -0.94128495 -0.21842864 -0.25743267
vn -0.37840354 -0.1322383 -0.91614616
vn -0.94831073 -0.12476086 -0.29179028
vn -0.4120141 -0.20368755 -0.8881193
vn -0.96766305 -0.24848497 0.043397892
vn -0.18137656 -0.14072476 -0.9732929
vn -0.9871616 -0.15750761 0.02652085
vn -0.19624032 -0.20512149 -0.95886135
vn -0.8752811 -0.28095672 0.39363235
vn -0.05066167 -0.14615585 -0.98796356
vn -0.8934501 -0.2063099 0.39897776
vn -0.055147897 -0.20911643 -0.97633445
vn -0.59667367 -0.2863277 0.7496646
vn 0.00030518745 -0.14716138 -0.98911244
vn -0.573576 -0.24509889 0.7816247
vn 0.001007135 -0.2080802 -0.97811127
vn -0.34975696 -0.28020233 0.89395565
vn 0.051119182 -0.14499536 -0.9881109
vn -0.3299384 -0.24567609 0.9114735
vn 0.05685704 -0.20606479 -0.9768851
vn -0.24498062 -0.2866704 0.9261775
vn 0.18168041 -0.13931985 -0.9734384
vn -0.23188746 -0.24314918 0.9418635
vn 0.19743027 -0.19801015 -0.96011114
vn -0.130224 -0.29118052 0.94776344
vn 0.37795117 -0.13089733 -0.9165254
vn -0.12759826 -0.2414937 0.9619768
vn 0.41194665 -0.19095793 -0.8909742
vn -0.002990883 -0.2935033 0.9559534
vn 0.63657147 -0.12250445 -0.7614259
vn -0.00027467427 -0.24238479 0.9701801
vn 0.6742934 -0.18381773 -0.7152198
vn 0.12674591 -0.29475364 0.9471303
vn 0.83532405 -0.11524236 -0.53754336
vn 0.12943223 -0.24018668 0.9620591
vn 0.84892577 -0.17762251 -0.49777034
vn 0.25364876 -0.28895995 0.9231276
vn 0.9480892 -0.12570994 -0.29210243
vn 0.2328619 -0.24058329 0.9422819
vn 0.94652104 -0.18967654 -0.2609998
vn 0.48922154 -0.27952465 0.8261527
vn 0.9872528 -0.15683614 0.027100699
vn 0.45943686 -0.2447034 0.8538372
vn 0.9748556 -0.21900146 0.041169588
vn 0.640117 -0.259996 0.722947
vn 0.8430178 -0.21314253 0.49385345
vn 0.6363259 -0.23328899 0.7352997
vn 0.8337458 -0.25837302 0.4879667
vn -0.5567979 -0.43670362 0.7065877
vn -0.5567979 -0.43670362 -0.7065877
vn -0.5508418 0.8346096 0
vn 0.5567979 -0.43670362 0.7065877
vn 0.5508418 0.8346096 0
vn 0.5567979 -0.43670362 -0.7065877
vn -0.7456838 -0.5191983 0.41759878
vn -0.80577195 -0.5911904 0.0350057
vn -0.9987896 -0.041658197 0.026154632
vn -0.84337384 -0.13480431 0.52014256
vn -0.27057943 -0.7217995 0.63701826
vn -0.6936282 0.720332 0.0012817838
vn -0.8198659 -0.115331784 -0.5608195
vn -0.6445403 0.60510916 -0.46734437
vn 0.01635824 0.7806482 -0.6247566
vn -0.6781081 0.36708602 0.63672394
vn 0.040041085 -0.25336972 0.9665405
vn 0.15226123 0.9881263 0.020570068
vn -0.107732005 0.68966794 0.7160669
vn -0.7299026 -0.66117287 -0.17347242
vn -0.27979538 -0.94928396 0.14343786
vn -0.2382001 -0.18210633 -0.9539906
vn 0.38609263 -0.6282284 0.6754714
vn 0.5761175 0.6108487 -0.5430953
vn -0.25556564 -0.7897387 -0.55767274
vn 0.7374668 -0.033204928 0.6745666
vn 0.62475187 -0.76669514 0.14786394
vn 0.7633664 0.64589965 0.009247192
vn 0.5986632 0.034852847 -0.8002421
vn 0.46767762 -0.7027372 -0.5361324
vn 0.99893636 0.042604033 -0.017639779
vn 0.57214427 0.56005865 0.5991538
vn 0.8169082 -0.06817996 0.57272387
vn 0.5633573 0.20692144 0.7998826
vn 0.8049434 0.15155825 0.5736691
vn 0.5845987 -0.0444057 0.81010646
vn 0.7956069 -0.29350388 0.5299671
vn 0.33668643 0.2580693 0.905562
vn 0.57300615 -0.31459638 0.7567648
vn 0.34196818 -0.029115364 0.9392604
vn 0.16898368 0.27695993 0.94590575
vn 0.34532422 -0.35008517 0.8707419
vn 0.17023312 -0.02398767 0.9851119
vn 0.16883177 -0.3647645 0.91566515
vn -0 0.28031525 0.959908
vn -0 -0.0232247 0.9997303
vn -0 -0.36705604 0.9301988
vn -0.16883177 -0.3647645 0.91566515
vn -0.17023312 -0.02398767 0.9851119
vn -0.16898368 0.27695993 0.94590575
vn -0.34532422 -0.35008517 0.8707419
vn -0.34196818 -0.029115364 0.9392604
vn -0.33668643 0.2580693 0.905562
vn -0.57300615 -0.31459638 0.7567648
vn -0.5845987 -0.0444057 0.81010646
vn -0.7956069 -0.29350388 0.5299671
vn -0.5633573 0.20692144 0.7998826
vn -0.8169082 -0.06817996 0.57272387
vn -0.8049434 0.15155825 0.5736691
g 03_bodymesh_zombie02_0
f 3/3/3 2/2/2 1/1/1
f 2/2/2 4/4/4 1/1/1
f 2/2/2 5/5/5 4/4/4
f 5/5/5 6/6/6 4/4/4
f 5/5/5 7/7/7 6/6/6
f 7/7/7 8/8/8 6/6/6
f 7/7/7 9/9/9 8/8/8
f 9/9/9 10/10/10 8/8/8
f 9/9/9 11/11/11 10/10/10
f 11/11/11 12/12/12 10/10/10
f 11/11/11 13/13/13 12/12/12
f 13/13/13 14/14/14 12/12/12
f 14/14/14 13/13/13 15/15/15
f 13/13/13 16/16/16 15/15/15
f 15/15/15 16/16/16 17/17/17
f 16/16/16 18/18/18 17/17/17
f 17/17/17 18/18/18 19/19/19
f 18/18/18 20/20/20 19/19/19
f 19/19/19 20/20/20 21/21/21
f 20/20/20 22/22/22 21/21/21
f 21/21/21 22/22/22 23/23/23
f 22/22/22 24/24/24 23/23/23
f 23/23/23 24/24/24 25/25/25
f 24/24/24 26/26/26 25/25/25
f 25/25/25 26/26/26 27/27/27
f 26/26/26 28/28/28 27/27/27
f 31/31/31 30/30/30 29/29/29
f 30/30/30 32/32/32 29/29/29
f 32/32/32 30/30/30 33/33/33
f 34/34/34 32/32/32 33/33/33
f 34/34/34 33/33/33 35/35/35
f 36/36/36 34/34/34 35/35/35
f 38/38/38 36/36/36 37/37/37
f 39/39/39 38/38/38 37/37/37
f 40/40/40 38/38/38 39/39/39
f 39/39/39 41/41/41 40/40/40
f 40/40/40 41/41/41 42/42/42
f 41/41/41 43/43/43 42/42/42
f 42/42/42 43/43/43 44/44/44
f 42/42/42 44/44/44 45/45/45
f 45/45/45 44/44/44 46/46/46
f 44/44/44 47/47/47 46/46/46
f 47/47/47 48/48/48 46/46/46
f 48/48/48 47/47/47 49/49/49
f 49/49/49 47/47/47 50/50/50
f 49/49/49 50/50/50 51/51/51
f 52/52/52 49/49/49 51/51/51
f 52/52/52 51/51/51 53/53/53
f 49/49/49 52/52/52 54/54/54
f 55/55/55 49/49/49 54/54/54
f 56/56/56 52/52/52 53/53/53
f 56/56/56 53/53/53 57/57/57
f 58/58/58 55/55/55 54/54/54
f 58/58/58 59/59/59 55/55/55
f 60/60/60 59/59/59 58/58/58
f 61/61/61 60/60/60 58/58/58
f 61/61/61 58/58/58 62/62/62
f 62/62/62 58/58/58 54/54/54
f 63/63/63 61/61/61 62/62/62
f 54/54/54 52/52/52 64/64/64
f 62/62/62 54/54/54 64/64/64
f 52/52/52 56/56/56 64/64/64
f 63/63/63 62/62/62 65/65/65
f 65/65/65 62/62/62 64/64/64
f 66/66/66 63/63/63 65/65/65
f 64/64/64 56/56/56 67/67/67
f 65/65/65 64/64/64 67/67/67
f 66/66/66 65/65/65 68/68/68
f 68/68/68 65/65/65 67/67/67
f 68/68/68 67/67/67 69/69/69
f 70/70/70 66/66/66 68/68/68
f 56/56/56 71/71/71 67/67/67
f 67/67/67 71/71/71 69/69/69
f 71/71/71 56/56/56 57/57/57
f 70/70/70 68/68/68 72/72/72
f 72/72/72 68/68/68 69/69/69
f 69/69/69 73/73/73 72/72/72
f 74/74/74 70/70/70 72/72/72
f 74/74/74 72/72/72 73/73/73
f 75/75/75 74/74/74 73/73/73
f 75/75/75 73/73/73 76/76/76
f 71/71/71 57/57/57 77/77/77
f 71/71/71 77/77/77 69/69/69
f 73/73/73 78/78/78 76/76/76
f 76/76/76 78/78/78 79/79/79
f 78/78/78 80/80/80 79/79/79
f 79/79/79 80/80/80 81/81/81
f 80/80/80 82/82/82 81/81/81
f 80/80/80 83/83/83 82/82/82
f 83/83/83 80/80/80 78/78/78
f 83/83/83 84/84/84 82/82/82
f 83/83/83 85/85/85 84/84/84
f 85/85/85 86/86/86 84/84/84
f 85/85/85 87/87/87 86/86/86
f 87/87/87 88/88/88 86/86/86
f 87/87/87 89/89/89 88/88/88
f 89/89/89 90/90/90 88/88/88
f 89/89/89 91/91/91 90/90/90
f 91/91/91 92/92/92 90/90/90
f 91/91/91 93/93/93 92/92/92
f 94/94/94 93/93/93 91/91/91
f 93/93/93 95/95/95 92/92/92
f 95/95/95 93/93/93 96/96/96
f 93/93/93 97/97/97 96/96/96
f 93/93/93 94/94/94 97/97/97
f 96/96/96 97/97/97 98/98/98
f 99/99/99 91/91/91 89/89/89
f 99/99/99 94/94/94 91/91/91
f 94/94/94 99/99/99 100/100/100
f 101/101/101 99/99/99 89/89/89
f 101/101/101 89/89/89 87/87/87
f 101/101/101 100/100/100 99/99/99
f 97/97/97 102/102/102 98/98/98
f 98/98/98 102/102/102 103/103/103
f 102/102/102 104/104/104 103/103/103
f 97/97/97 105/105/105 102/102/102
f 94/94/94 105/105/105 97/97/97
f 102/102/102 106/106/106 104/104/104
f 105/105/105 106/106/106 102/102/102
f 106/106/106 107/107/107 104/104/104
f 108/108/108 106/106/106 105/105/105
f 105/105/105 94/94/94 108/108/108
f 94/94/94 109/109/109 108/108/108
f 109/109/109 94/94/94 100/100/100
f 108/108/108 109/109/109 110/110/110
f 109/109/109 100/100/100 110/110/110
f 110/110/110 100/100/100 111/111/111
f 100/100/100 112/112/112 111/111/111
f 111/111/111 112/112/112 113/113/113
f 112/112/112 100/100/100 114/114/114
f 113/113/113 112/112/112 114/114/114
f 114/114/114 100/100/100 101/101/101
f 115/115/115 113/113/113 114/114/114
f 116/116/116 113/113/113 115/115/115
f 116/116/116 115/115/115 117/117/117
f 116/116/116 117/117/117 118/118/118
f 119/119/119 118/118/118 117/117/117
f 118/118/118 119/119/119 120/120/120
f 121/121/121 114/114/114 101/101/101
f 114/114/114 122/122/122 115/115/115
f 122/122/122 114/114/114 121/121/121
f 123/123/123 121/121/121 101/101/101
f 122/122/122 121/121/121 123/123/123
f 123/123/123 101/101/101 87/87/87
f 123/123/123 87/87/87 85/85/85
f 115/115/115 122/122/122 124/124/124
f 115/115/115 124/124/124 117/117/117
f 125/125/125 123/123/123 85/85/85
f 125/125/125 85/85/85 83/83/83
f 126/126/126 122/122/122 123/123/123
f 122/122/122 126/126/126 124/124/124
f 126/126/126 123/123/123 125/125/125
f 127/127/127 125/125/125 83/83/83
f 127/127/127 83/83/83 78/78/78
f 128/128/128 126/126/126 125/125/125
f 128/128/128 124/124/124 126/126/126
f 128/128/128 125/125/125 127/127/127
f 129/129/129 127/127/127 78/78/78
f 129/129/129 128/128/128 127/127/127
f 129/129/129 78/78/78 73/73/73
f 129/129/129 73/73/73 130/130/130
f 129/129/129 130/130/130 128/128/128
f 130/130/130 73/73/73 69/69/69
f 131/131/131 124/124/124 128/128/128
f 131/131/131 128/128/128 130/130/130
f 117/117/117 124/124/124 131/131/131
f 132/132/132 130/130/130 69/69/69
f 132/132/132 131/131/131 130/130/130
f 77/77/77 132/132/132 69/69/69
f 133/133/133 117/117/117 131/131/131
f 133/133/133 119/119/119 117/117/117
f 134/134/134 131/131/131 132/132/132
f 134/134/134 133/133/133 131/131/131
f 135/135/135 119/119/119 133/133/133
f 134/134/134 135/135/135 133/133/133
f 119/119/119 135/135/135 120/120/120
f 77/77/77 136/136/136 132/132/132
f 136/136/136 134/134/134 132/132/132
f 135/135/135 137/137/137 120/120/120
f 137/137/137 138/138/138 120/120/120
f 139/139/139 138/138/138 137/137/137
f 140/140/140 139/139/139 137/137/137
f 141/141/141 137/137/137 135/135/135
f 134/134/134 141/141/141 135/135/135
f 141/141/141 134/134/134 142/142/142
f 136/136/136 142/142/142 134/134/134
f 143/143/143 136/136/136 77/77/77
f 142/142/142 136/136/136 143/143/143
f 144/144/144 142/142/142 143/143/143
f 57/57/57 143/143/143 77/77/77
f 145/145/145 144/144/144 143/143/143
f 145/145/145 143/143/143 57/57/57
f 146/146/146 145/145/145 57/57/57
f 149/149/149 148/148/148 147/147/147
f 150/150/150 149/149/149 147/147/147
f 151/151/151 150/150/150 147/147/147
f 152/152/152 151/151/151 147/147/147
f 153/153/153 151/151/151 152/152/152
f 154/154/154 153/153/153 152/152/152
f 155/155/155 153/153/153 154/154/154
f 156/156/156 155/155/155 154/154/154
f 156/156/156 157/157/157 155/155/155
f 157/157/157 158/158/158 155/155/155
f 159/159/159 158/158/158 157/157/157
f 160/160/160 159/159/159 157/157/157
f 161/161/161 159/159/159 160/160/160
f 162/162/162 161/161/161 160/160/160
f 163/163/163 161/161/161 162/162/162
f 164/164/164 163/163/163 162/162/162
f 163/163/163 164/164/164 165/165/165
f 166/166/166 163/163/163 165/165/165
f 166/166/166 165/165/165 167/167/167
f 168/168/168 166/166/166 167/167/167
f 168/168/168 167/167/167 169/169/169
f 170/170/170 168/168/168 169/169/169
f 170/170/170 169/169/169 171/171/171
f 169/169/169 172/172/172 171/171/171
f 171/171/171 172/172/172 173/173/173
f 174/174/174 171/171/171 173/173/173
f 174/174/174 173/173/173 175/175/175
f 176/176/176 174/174/174 175/175/175
f 176/176/176 175/175/175 177/177/177
f 178/178/178 176/176/176 177/177/177
f 181/181/181 180/180/180 179/179/179
f 182/182/182 181/181/181 179/179/179
f 182/182/182 179/179/179 183/183/183
f 184/184/184 182/182/182 183/183/183
f 184/184/184 183/183/183 185/185/185
f 186/186/186 184/184/184 185/185/185
f 186/186/186 185/185/185 187/187/187
f 188/188/188 186/186/186 187/187/187
f 188/188/188 189/189/189 186/186/186
f 186/186/186 189/189/189 184/184/184
f 188/188/188 190/190/190 189/189/189
f 184/184/184 191/191/191 182/182/182
f 189/189/189 191/191/191 184/184/184
f 192/192/192 189/189/189 190/190/190
f 193/193/193 192/192/192 190/190/190
f 192/192/192 193/193/193 194/194/194
f 189/189/189 192/192/192 195/195/195
f 191/191/191 189/189/189 195/195/195
f 194/194/194 196/196/196 192/192/192
f 192/192/192 196/196/196 195/195/195
f 194/194/194 197/197/197 196/196/196
f 197/197/197 198/198/198 196/196/196
f 196/196/196 198/198/198 199/199/199
f 196/196/196 199/199/199 195/195/195
f 198/198/198 200/200/200 199/199/199
f 191/191/191 201/201/201 182/182/182
f 182/182/182 201/201/201 181/181/181
f 191/191/191 195/195/195 202/202/202
f 195/195/195 199/199/199 202/202/202
f 201/201/201 191/191/191 202/202/202
f 199/199/199 200/200/200 203/203/203
f 199/199/199 203/203/203 202/202/202
f 200/200/200 204/204/204 203/203/203
f 201/201/201 202/202/202 205/205/205
f 202/202/202 203/203/203 205/205/205
f 203/203/203 204/204/204 206/206/206
f 203/203/203 206/206/206 205/205/205
f 204/204/204 207/207/207 206/206/206
f 206/206/206 207/207/207 208/208/208
f 206/206/206 208/208/208 205/205/205
f 207/207/207 209/209/209 208/208/208
f 201/201/201 210/210/210 181/181/181
f 210/210/210 201/201/201 205/205/205
f 208/208/208 211/211/211 205/205/205
f 210/210/210 205/205/205 211/211/211
f 208/208/208 209/209/209 212/212/212
f 211/211/211 208/208/208 212/212/212
f 209/209/209 213/213/213 212/212/212
f 212/212/212 213/213/213 214/214/214
f 181/181/181 210/210/210 215/215/215
f 215/215/215 210/210/210 211/211/211
f 216/216/216 181/181/181 215/215/215
f 217/217/217 212/212/212 214/214/214
f 217/217/217 214/214/214 218/218/218
f 212/212/212 219/219/219 211/211/211
f 217/217/217 219/219/219 212/212/212
f 220/220/220 215/215/215 211/211/211
f 219/219/219 220/220/220 211/211/211
f 221/221/221 216/216/216 215/215/215
f 220/220/220 221/221/221 215/215/215
f 221/221/221 220/220/220 222/222/222
f 223/223/223 216/216/216 221/221/221
f 224/224/224 217/217/217 218/218/218
f 224/224/224 218/218/218 225/225/225
f 226/226/226 224/224/224 225/225/225
f 219/219/219 217/217/217 227/227/227
f 227/227/227 217/217/217 224/224/224
f 228/228/228 224/224/224 226/226/226
f 228/228/228 227/227/227 224/224/224
f 229/229/229 228/228/228 226/226/226
f 230/230/230 220/220/220 219/219/219
f 230/230/230 219/219/219 227/227/227
f 231/231/231 228/228/228 229/229/229
f 232/232/232 231/231/231 229/229/229
f 232/232/232 233/233/233 231/231/231
f 234/234/234 227/227/227 228/228/228
f 231/231/231 234/234/234 228/228/228
f 234/234/234 230/230/230 227/227/227
f 230/230/230 235/235/235 220/220/220
f 235/235/235 222/222/222 220/220/220
f 233/233/233 236/236/236 231/231/231
f 231/231/231 236/236/236 234/234/234
f 234/234/234 237/237/237 230/230/230
f 237/237/237 235/235/235 230/230/230
f 236/236/236 237/237/237 234/234/234
f 238/238/238 236/236/236 233/233/233
f 239/239/239 238/238/238 233/233/233
f 240/240/240 235/235/235 237/237/237
f 235/235/235 240/240/240 222/222/222
f 241/241/241 237/237/237 236/236/236
f 238/238/238 241/241/241 236/236/236
f 241/241/241 240/240/240 237/237/237
f 242/242/242 238/238/238 239/239/239
f 243/243/243 242/242/242 239/239/239
f 244/244/244 241/241/241 238/238/238
f 242/242/242 244/244/244 238/238/238
f 245/245/245 242/242/242 243/243/243
f 246/246/246 245/245/245 243/243/243
f 245/245/245 246/246/246 247/247/247
f 245/245/245 248/248/248 242/242/242
f 248/248/248 244/244/244 242/242/242
f 249/249/249 245/245/245 247/247/247
f 248/248/248 245/245/245 249/249/249
f 249/249/249 247/247/247 250/250/250
f 244/244/244 251/251/251 241/241/241
f 251/251/251 240/240/240 241/241/241
f 248/248/248 252/252/252 244/244/244
f 252/252/252 251/251/251 244/244/244
f 252/252/252 253/253/253 251/251/251
f 254/254/254 249/249/249 250/250/250
f 254/254/254 250/250/250 255/255/255
f 256/256/256 248/248/248 249/249/249
f 252/252/252 248/248/248 256/256/256
f 256/256/256 249/249/249 254/254/254
f 251/251/251 257/257/257 240/240/240
f 253/253/253 257/257/257 251/251/251
f 258/258/258 252/252/252 256/256/256
f 253/253/253 252/252/252 258/258/258
f 259/259/259 256/256/256 254/254/254
f 258/258/258 256/256/256 259/259/259
f 260/260/260 254/254/254 255/255/255
f 259/259/259 254/254/254 260/260/260
f 257/257/257 261/261/261 240/240/240
f 261/261/261 257/257/257 262/262/262
f 240/240/240 261/261/261 222/222/222
f 261/261/261 262/262/262 222/222/222
f 257/257/257 253/253/253 263/263/263
f 257/257/257 263/263/263 262/262/262
f 260/260/260 255/255/255 264/264/264
f 255/255/255 265/265/265 264/264/264
f 264/264/264 265/265/265 266/266/266
f 267/267/267 264/264/264 266/266/266
f 267/267/267 266/266/266 268/268/268
f 260/260/260 264/264/264 269/269/269
f 269/269/269 264/264/264 267/267/267
f 270/270/270 259/259/259 260/260/260
f 270/270/270 260/260/260 269/269/269
f 271/271/271 267/267/267 268/268/268
f 271/271/271 268/268/268 272/272/272
f 273/273/273 271/271/271 272/272/272
f 274/274/274 269/269/269 267/267/267
f 274/274/274 267/267/267 271/271/271
f 275/275/275 271/271/271 273/273/273
f 275/275/275 274/274/274 271/271/271
f 276/276/276 275/275/275 273/273/273
f 277/277/277 269/269/269 274/274/274
f 270/270/270 269/269/269 277/277/277
f 278/278/278 259/259/259 270/270/270
f 278/278/278 258/258/258 259/259/259
f 279/279/279 275/275/275 276/276/276
f 280/280/280 279/279/279 276/276/276
f 280/280/280 281/281/281 279/279/279
f 275/275/275 282/282/282 274/274/274
f 282/282/282 277/277/277 274/274/274
f 282/282/282 275/275/275 279/279/279
f 283/283/283 270/270/270 277/277/277
f 283/283/283 278/278/278 270/270/270
f 278/278/278 283/283/283 284/284/284
f 283/283/283 277/277/277 285/285/285
f 285/285/285 277/277/277 282/282/282
f 284/284/284 283/283/283 285/285/285
f 286/286/286 258/258/258 278/278/278
f 286/286/286 253/253/253 258/258/258
f 281/281/281 287/287/287 279/279/279
f 281/281/281 288/288/288 287/287/287
f 282/282/282 279/279/279 289/289/289
f 285/285/285 282/282/282 289/289/289
f 287/287/287 289/289/289 279/279/279
f 288/288/288 290/290/290 287/287/287
f 288/288/288 291/291/291 290/290/290
f 287/287/287 290/290/290 292/292/292
f 289/289/289 287/287/287 292/292/292
f 291/291/291 293/293/293 290/290/290
f 290/290/290 293/293/293 292/292/292
f 291/291/291 294/294/294 293/293/293
f 294/294/294 295/295/295 293/293/293
f 294/294/294 296/296/296 295/295/295
f 293/293/293 297/297/297 292/292/292
f 293/293/293 295/295/295 297/297/297
f 296/296/296 298/298/298 295/295/295
f 296/296/296 299/299/299 298/298/298
f 299/299/299 300/300/300 298/298/298
f 295/295/295 298/298/298 301/301/301
f 295/295/295 301/301/301 297/297/297
f 298/298/298 300/300/300 302/302/302
f 298/298/298 302/302/302 301/301/301
f 303/303/303 302/302/302 300/300/300
f 302/302/302 303/303/303 304/304/304
f 305/305/305 302/302/302 304/304/304
f 302/302/302 305/305/305 301/301/301
f 304/304/304 306/306/306 305/305/305
f 301/301/301 307/307/307 297/297/297
f 305/305/305 307/307/307 301/301/301
f 297/297/297 308/308/308 292/292/292
f 307/307/307 308/308/308 297/297/297
f 305/305/305 306/306/306 309/309/309
f 309/309/309 306/306/306 310/310/310
f 311/311/311 309/309/309 310/310/310
f 305/305/305 309/309/309 312/312/312
f 312/312/312 309/309/309 311/311/311
f 307/307/307 305/305/305 312/312/312
f 313/313/313 312/312/312 311/311/311
f 307/307/307 312/312/312 314/314/314
f 314/314/314 312/312/312 313/313/313
f 308/308/308 307/307/307 314/314/314
f 315/315/315 314/314/314 313/313/313
f 316/316/316 314/314/314 315/315/315
f 308/308/308 314/314/314 316/316/316
f 317/317/317 316/316/316 315/315/315
f 308/308/308 318/318/318 292/292/292
f 318/318/318 308/308/308 316/316/316
f 292/292/292 318/318/318 289/289/289
f 318/318/318 316/316/316 319/319/319
f 318/318/318 319/319/319 289/289/289
f 316/316/316 320/320/320 319/319/319
f 319/319/319 285/285/285 289/289/289
f 320/320/320 321/321/321 319/319/319
f 321/321/321 285/285/285 319/319/319
f 320/320/320 322/322/322 321/321/321
f 285/285/285 321/321/321 284/284/284
f 322/322/322 323/323/323 321/321/321
f 321/321/321 323/323/323 284/284/284
f 323/323/323 322/322/322 324/324/324
f 325/325/325 324/324/324 322/322/322
f 326/326/326 325/325/325 322/322/322
f 325/325/325 327/327/327 324/324/324
f 327/327/327 328/328/328 324/324/324
f 323/323/323 324/324/324 329/329/329
f 329/329/329 324/324/324 328/328/328
f 323/323/323 329/329/329 330/330/330
f 284/284/284 323/323/323 330/330/330
f 330/330/330 331/331/331 284/284/284
f 329/329/329 328/328/328 332/332/332
f 330/330/330 329/329/329 332/332/332
f 328/328/328 333/333/333 332/332/332
f 333/333/333 334/334/334 332/332/332
f 335/335/335 330/330/330 332/332/332
f 332/332/332 334/334/334 335/335/335
f 331/331/331 330/330/330 335/335/335
f 334/334/334 336/336/336 335/335/335
f 335/335/335 336/336/336 337/337/337
f 337/337/337 331/331/331 335/335/335
f 336/336/336 338/338/338 337/337/337
f 337/337/337 338/338/338 339/339/339
f 337/337/337 339/339/339 331/331/331
f 338/338/338 340/340/340 339/339/339
f 339/339/339 340/340/340 341/341/341
f 340/340/340 342/342/342 341/341/341
f 342/342/342 343/343/343 341/341/341
f 339/339/339 344/344/344 331/331/331
f 339/339/339 341/341/341 344/344/344
f 343/343/343 345/345/345 341/341/341
f 343/343/343 346/346/346 345/345/345
f 346/346/346 347/347/347 345/345/345
f 346/346/346 348/348/348 347/347/347
f 348/348/348 349/349/349 347/347/347
f 348/348/348 350/350/350 349/349/349
f 345/345/345 347/347/347 262/262/262
f 262/262/262 347/347/347 349/349/349
f 341/341/341 345/345/345 263/263/263
f 263/263/263 345/345/345 262/262/262
f 351/351/351 341/341/341 263/263/263
f 341/341/341 351/351/351 344/344/344
f 253/253/253 351/351/351 263/263/263
f 351/351/351 253/253/253 344/344/344
f 253/253/253 286/286/286 344/344/344
f 344/344/344 286/286/286 331/331/331
f 286/286/286 352/352/352 331/331/331
f 331/331/331 352/352/352 284/284/284
f 352/352/352 286/286/286 278/278/278
f 352/352/352 278/278/278 284/284/284
f 350/350/350 353/353/353 349/349/349
f 350/350/350 354/354/354 353/353/353
f 354/354/354 355/355/355 353/353/353
f 356/356/356 349/349/349 353/353/353
f 356/356/356 262/262/262 349/349/349
f 262/262/262 356/356/356 222/222/222
f 355/355/355 357/357/357 353/353/353
f 357/357/357 356/356/356 353/353/353
f 358/358/358 222/222/222 356/356/356
f 357/357/357 358/358/358 356/356/356
f 358/358/358 221/221/221 222/222/222
f 358/358/358 223/223/223 221/221/221
f 359/359/359 357/357/357 355/355/355
f 359/359/359 358/358/358 357/357/357
f 223/223/223 358/358/358 359/359/359
f 355/355/355 360/360/360 359/359/359
f 360/360/360 361/361/361 359/359/359
f 359/359/359 361/361/361 223/223/223
f 361/361/361 362/362/362 223/223/223
f 365/365/365 364/364/364 363/363/363
f 364/364/364 366/366/366 363/363/363
f 364/364/364 367/367/367 366/366/366
f 363/363/363 366/366/366 368/368/368
f 367/367/367 369/369/369 366/366/366
f 367/367/367 370/370/370 369/369/369
f 370/370/370 371/371/371 369/369/369
f 369/369/369 371/371/371 372/372/372
f 366/366/366 369/369/369 373/373/373
f 366/366/366 373/373/373 368/368/368
f 369/369/369 372/372/372 373/373/373
f 368/368/368 373/373/373 374/374/374
f 373/373/373 372/372/372 374/374/374
f 375/375/375 368/368/368 374/374/374
f 372/372/372 376/376/376 374/374/374
f 375/375/375 374/374/374 377/377/377
f 374/374/374 376/376/376 378/378/378
f 374/374/374 379/379/379 377/377/377
f 374/374/374 378/378/378 379/379/379
f 380/380/380 377/377/377 379/379/379
f 381/381/381 380/380/380 379/379/379
f 378/378/378 382/382/382 379/379/379
f 381/381/381 379/379/379 382/382/382
f 378/378/378 383/383/383 382/382/382
f 384/384/384 381/381/381 382/382/382
f 387/387/387 386/386/386 385/385/385
f 388/388/388 387/387/387 385/385/385
f 389/389/389 387/387/387 388/388/388
f 388/388/388 385/385/385 390/390/390
f 391/391/391 389/389/389 388/388/388
f 392/392/392 389/389/389 391/391/391
f 391/391/391 388/388/388 393/393/393
f 393/393/393 388/388/388 390/390/390
f 394/394/394 391/391/391 393/393/393
f 393/393/393 390/390/390 395/395/395
f 390/390/390 396/396/396 395/395/395
f 395/395/395 396/396/396 397/397/397
f 398/398/398 395/395/395 397/397/397
f 394/394/394 393/393/393 399/399/399
f 393/393/393 395/395/395 399/399/399
f 399/399/399 395/395/395 398/398/398
f 399/399/399 400/400/400 394/394/394
f 401/401/401 399/399/399 398/398/398
f 404/404/404 403/403/403 402/402/402
f 405/405/405 404/404/404 402/402/402
f 404/404/404 405/405/405 406/406/406
f 405/405/405 402/402/402 407/407/407
f 407/407/407 402/402/402 408/408/408
f 409/409/409 407/407/407 408/408/408
f 410/410/410 405/405/405 407/407/407
f 410/410/410 411/411/411 405/405/405
f 405/405/405 412/412/412 406/406/406
f 411/411/411 412/412/412 405/405/405
f 406/406/406 412/412/412 413/413/413
f 411/411/411 414/414/414 412/412/412
f 412/412/412 415/415/415 413/413/413
f 414/414/414 415/415/415 412/412/412
f 415/415/415 414/414/414 416/416/416
f 415/415/415 416/416/416 417/417/417
f 414/414/414 418/418/418 416/416/416
f 416/416/416 419/419/419 417/417/417
f 416/416/416 418/418/418 420/420/420
f 416/416/416 420/420/420 419/419/419
f 418/418/418 421/421/421 420/420/420
f 422/422/422 419/419/419 420/420/420
f 420/420/420 421/421/421 423/423/423
f 422/422/422 420/420/420 424/424/424
f 424/424/424 420/420/420 423/423/423
f 425/425/425 422/422/422 424/424/424
f 425/425/425 424/424/424 426/426/426
f 424/424/424 423/423/423 427/427/427
f 426/426/426 424/424/424 427/427/427
f 423/423/423 428/428/428 427/427/427
f 427/427/427 428/428/428 409/409/409
f 429/429/429 427/427/427 409/409/409
f 426/426/426 427/427/427 429/429/429
f 430/430/430 426/426/426 429/429/429
f 431/431/431 430/430/430 429/429/429
f 430/430/430 431/431/431 432/432/432
f 430/430/430 432/432/432 433/433/433
f 433/433/433 432/432/432 434/434/434
f 432/432/432 435/435/435 434/434/434
f 434/434/434 435/435/435 436/436/436
f 435/435/435 432/432/432 437/437/437
f 432/432/432 438/438/438 437/437/437
f 435/435/435 439/439/439 436/436/436
f 436/436/436 439/439/439 440/440/440
f 438/438/438 441/441/441 437/437/437
f 442/442/442 441/441/441 438/438/438
f 442/442/442 443/443/443 441/441/441
f 443/443/443 444/444/444 441/441/441
f 441/441/441 444/444/444 445/445/445
f 441/441/441 445/445/445 437/437/437
f 444/444/444 446/446/446 445/445/445
f 435/435/435 437/437/437 447/447/447
f 437/437/437 445/445/445 447/447/447
f 439/439/439 435/435/435 447/447/447
f 445/445/445 446/446/446 448/448/448
f 445/445/445 448/448/448 447/447/447
f 446/446/446 449/449/449 448/448/448
f 439/439/439 447/447/447 450/450/450
f 447/447/447 448/448/448 450/450/450
f 448/448/448 449/449/449 451/451/451
f 448/448/448 451/451/451 450/450/450
f 450/450/450 451/451/451 452/452/452
f 449/449/449 453/453/453 451/451/451
f 454/454/454 439/439/439 450/450/450
f 454/454/454 450/450/450 452/452/452
f 439/439/439 454/454/454 440/440/440
f 451/451/451 453/453/453 455/455/455
f 451/451/451 455/455/455 452/452/452
f 456/456/456 452/452/452 455/455/455
f 453/453/453 457/457/457 455/455/455
f 455/455/455 457/457/457 456/456/456
f 457/457/457 458/458/458 456/456/456
f 456/456/456 458/458/458 459/459/459
f 440/440/440 454/454/454 460/460/460
f 460/460/460 454/454/454 452/452/452
f 461/461/461 456/456/456 459/459/459
f 461/461/461 459/459/459 462/462/462
f 463/463/463 461/461/461 462/462/462
f 463/463/463 462/462/462 464/464/464
f 465/465/465 463/463/463 464/464/464
f 466/466/466 463/463/463 465/465/465
f 463/463/463 466/466/466 461/461/461
f 467/467/467 466/466/466 465/465/465
f 466/466/466 468/468/468 461/461/461
f 461/461/461 469/469/469 456/456/456
f 468/468/468 469/469/469 461/461/461
f 456/456/456 470/470/470 452/452/452
f 456/456/456 469/469/469 470/470/470
f 471/471/471 469/469/469 468/468/468
f 470/470/470 469/469/469 471/471/471
f 472/472/472 471/471/471 468/468/468
f 470/470/470 473/473/473 452/452/452
f 473/473/473 460/460/460 452/452/452
f 474/474/474 471/471/471 472/472/472
f 107/107/107 474/474/474 472/472/472
f 471/471/471 475/475/475 470/470/470
f 475/475/475 473/473/473 470/470/470
f 476/476/476 474/474/474 107/107/107
f 477/477/477 476/476/476 107/107/107
f 478/478/478 476/476/476 477/477/477
f 479/479/479 471/471/471 474/474/474
f 474/474/474 476/476/476 479/479/479
f 479/479/479 475/475/475 471/471/471
f 480/480/480 476/476/476 478/478/478
f 476/476/476 480/480/480 479/479/479
f 480/480/480 478/478/478 481/481/481
f 481/481/481 482/482/482 480/480/480
f 481/481/481 483/483/483 482/482/482
f 482/482/482 484/484/484 480/480/480
f 479/479/479 480/480/480 485/485/485
f 480/480/480 484/484/484 485/485/485
f 479/479/479 485/485/485 475/475/475
f 485/485/485 484/484/484 486/486/486
f 486/486/486 487/487/487 485/485/485
f 487/487/487 486/486/486 488/488/488
f 485/485/485 489/489/489 475/475/475
f 487/487/487 489/489/489 485/485/485
f 490/490/490 487/487/487 488/488/488
f 487/487/487 490/490/490 489/489/489
f 489/489/489 491/491/491 475/475/475
f 490/490/490 491/491/491 489/489/489
f 475/475/475 491/491/491 473/473/473
f 492/492/492 490/490/490 488/488/488
f 493/493/493 492/492/492 488/488/488
f 493/493/493 494/494/494 492/492/492
f 494/494/494 495/495/495 492/492/492
f 492/492/492 496/496/496 490/490/490
f 496/496/496 491/491/491 490/490/490
f 491/491/491 496/496/496 497/497/497
f 491/491/491 498/498/498 473/473/473
f 497/497/497 498/498/498 491/491/491
f 498/498/498 460/460/460 473/473/473
f 498/498/498 497/497/497 499/499/499
f 498/498/498 499/499/499 460/460/460
f 497/497/497 500/500/500 499/499/499
f 499/499/499 440/440/440 460/460/460
f 500/500/500 501/501/501 499/499/499
f 499/499/499 501/501/501 440/440/440
f 501/501/501 502/502/502 440/440/440
f 505/505/505 504/504/504 503/503/503
f 504/504/504 506/506/506 503/503/503
f 503/503/503 506/506/506 507/507/507
f 504/504/504 508/508/508 506/506/506
f 506/506/506 509/509/509 507/507/507
f 508/508/508 510/510/510 506/506/506
f 506/506/506 510/510/510 509/509/509
f 510/510/510 511/511/511 509/509/509
f 514/514/514 513/513/513 512/512/512
f 514/514/514 512/512/512 515/515/515
f 512/512/512 516/516/516 515/515/515
f 516/516/516 517/517/517 515/515/515
f 518/518/518 515/515/515 517/517/517
f 519/519/519 515/515/515 518/518/518
f 514/514/514 515/515/515 519/519/519
f 519/519/519 518/518/518 520/520/520
f 520/520/520 521/521/521 519/519/519
f 521/521/521 520/520/520 522/522/522
f 519/519/519 523/523/523 514/514/514
f 520/520/520 524/524/524 522/522/522
f 523/523/523 525/525/525 514/514/514
f 526/526/526 525/525/525 523/523/523
f 523/523/523 527/527/527 526/526/526
f 526/526/526 528/528/528 525/525/525
f 528/528/528 526/526/526 529/529/529
f 522/522/522 524/524/524 530/530/530
f 531/531/531 529/529/529 526/526/526
f 526/526/526 527/527/527 532/532/532
f 533/533/533 531/531/531 526/526/526
f 533/533/533 526/526/526 532/532/532
f 534/534/534 531/531/531 533/533/533
f 534/534/534 533/533/533 532/532/532
f 534/534/534 532/532/532 535/535/535
f 535/535/535 536/536/536 534/534/534
f 537/537/537 536/536/536 535/535/535
f 537/537/537 535/535/535 538/538/538
f 539/539/539 537/537/537 538/538/538
f 538/538/538 540/540/540 539/539/539
f 538/538/538 530/530/530 540/540/540
f 524/524/524 541/541/541 530/530/530
f 530/530/530 541/541/541 540/540/540
f 524/524/524 542/542/542 541/541/541
f 541/541/541 542/542/542 540/540/540
f 542/542/542 543/543/543 540/540/540
f 546/546/546 545/545/545 544/544/544
f 547/547/547 546/546/546 544/544/544
f 548/548/548 547/547/547 544/544/544
f 548/548/548 549/549/549 547/547/547
f 549/549/549 548/548/548 550/550/550
f 548/548/548 551/551/551 550/550/550
f 552/552/552 550/550/550 551/551/551
f 553/553/553 552/552/552 551/551/551
f 552/552/552 554/554/554 550/550/550
f 555/555/555 552/552/552 553/553/553
f 552/552/552 556/556/556 554/554/554
f 557/557/557 552/552/552 555/555/555
f 556/556/556 558/558/558 554/554/554
f 559/559/559 557/557/557 555/555/555
f 556/556/556 560/560/560 558/558/558
f 561/561/561 557/557/557 559/559/559
f 560/560/560 562/562/562 558/558/558
f 563/563/563 561/561/561 559/559/559
f 560/560/560 564/564/564 562/562/562
f 565/565/565 561/561/561 563/563/563
f 564/564/564 566/566/566 562/562/562
f 567/567/567 565/565/565 563/563/563
f 568/568/568 566/566/566 564/564/564
f 567/567/567 569/569/569 565/565/565
f 566/566/566 568/568/568 570/570/570
f 569/569/569 567/567/567 571/571/571
f 568/568/568 572/572/572 570/570/570
f 568/568/568 573/573/573 572/572/572
f 572/572/572 574/574/574 570/570/570
f 572/572/572 573/573/573 574/574/574
f 573/573/573 575/575/575 574/574/574
f 575/575/575 576/576/576 574/574/574
f 576/576/576 577/577/577 574/574/574
f 576/576/576 578/578/578 577/577/577
f 578/578/578 579/579/579 577/577/577
f 579/579/579 578/578/578 580/580/580
f 581/581/581 579/579/579 580/580/580
f 581/581/581 580/580/580 582/582/582
f 580/580/580 583/583/583 582/582/582
f 582/582/582 583/583/583 584/584/584
f 583/583/583 585/585/585 584/584/584
f 585/585/585 586/586/586 584/584/584
f 586/586/586 587/587/587 584/584/584
f 586/586/586 588/588/588 587/587/587
f 588/588/588 589/589/589 587/587/587
f 590/590/590 589/589/589 588/588/588
f 591/591/591 590/590/590 588/588/588
f 590/590/590 591/591/591 592/592/592
f 591/591/591 593/593/593 592/592/592
f 592/592/592 593/593/593 594/594/594
f 593/593/593 595/595/595 594/594/594
f 595/595/595 596/596/596 594/594/594
f 596/596/596 597/597/597 594/594/594
f 594/594/594 597/597/597 571/571/571
f 596/596/596 569/569/569 597/597/597
f 597/597/597 569/569/569 571/571/571
f 600/600/600 599/599/599 598/598/598
f 599/599/599 601/601/601 598/598/598
f 599/599/599 602/602/602 601/601/601
f 602/602/602 603/603/603 601/601/601
f 606/606/606 605/605/605 604/604/604
f 607/607/607 606/606/606 604/604/604
f 607/607/607 604/604/604 608/608/608
f 609/609/609 607/607/607 608/608/608
f 610/610/610 609/609/609 608/608/608
f 611/611/611 610/610/610 608/608/608
f 614/614/614 613/613/613 612/612/612
f 615/615/615 614/614/614 612/612/612
f 616/616/616 614/614/614 615/615/615
f 617/617/617 616/616/616 615/615/615
f 618/618/618 616/616/616 617/617/617
f 619/619/619 618/618/618 617/617/617
f 622/622/622 621/621/621 620/620/620
f 623/623/623 622/622/622 620/620/620
f 624/624/624 622/622/622 623/623/623
f 625/625/625 624/624/624 623/623/623
f 626/626/626 624/624/624 625/625/625
f 627/627/627 626/626/626 625/625/625
f 630/630/630 629/629/629 628/628/628
f 631/631/631 630/630/630 628/628/628
f 631/631/631 628/628/628 632/632/632
f 633/633/633 630/630/630 631/631/631
f 634/634/634 631/631/631 632/632/632
f 634/634/634 632/632/632 635/635/635
f 636/636/636 633/633/633 631/631/631
f 636/636/636 631/631/631 634/634/634
f 637/637/637 633/633/633 636/636/636
f 638/638/638 637/637/637 636/636/636
f 638/638/638 636/636/636 639/639/639
f 639/639/639 636/636/636 634/634/634
f 640/640/640 638/638/638 639/639/639
f 641/641/641 634/634/634 635/635/635
f 639/639/639 634/634/634 641/641/641
f 641/641/641 635/635/635 642/642/642
f 640/640/640 639/639/639 643/643/643
f 643/643/643 639/639/639 641/641/641
f 644/644/644 640/640/640 643/643/643
f 645/645/645 641/641/641 642/642/642
f 643/643/643 641/641/641 645/645/645
f 645/645/645 642/642/642 646/646/646
f 644/644/644 643/643/643 647/647/647
f 647/647/647 643/643/643 645/645/645
f 648/648/648 645/645/645 646/646/646
f 647/647/647 645/645/645 648/648/648
f 648/648/648 646/646/646 649/649/649
f 650/650/650 644/644/644 647/647/647
f 651/651/651 644/644/644 650/650/650
f 652/652/652 648/648/648 649/649/649
f 652/652/652 649/649/649 653/653/653
f 654/654/654 647/647/647 648/648/648
f 650/650/650 647/647/647 654/654/654
f 654/654/654 648/648/648 652/652/652
f 651/651/651 650/650/650 655/655/655
f 655/655/655 650/650/650 654/654/654
f 656/656/656 651/651/651 655/655/655
f 657/657/657 652/652/652 653/653/653
f 657/657/657 653/653/653 658/658/658
f 659/659/659 654/654/654 652/652/652
f 655/655/655 654/654/654 659/659/659
f 659/659/659 652/652/652 657/657/657
f 655/655/655 660/660/660 656/656/656
f 661/661/661 656/656/656 660/660/660
f 661/661/661 660/660/660 662/662/662
f 660/660/660 655/655/655 663/663/663
f 663/663/663 655/655/655 659/659/659
f 662/662/662 660/660/660 663/663/663
f 664/664/664 657/657/657 658/658/658
f 658/658/658 665/665/665 664/664/664
f 665/665/665 666/666/666 664/664/664
f 667/667/667 659/659/659 657/657/657
f 663/663/663 659/659/659 667/667/667
f 667/667/667 657/657/657 664/664/664
f 668/668/668 664/664/664 666/666/666
f 668/668/668 667/667/667 664/664/664
f 669/669/669 663/663/663 667/667/667
f 662/662/662 663/663/663 669/669/669
f 669/669/669 667/667/667 668/668/668
f 670/670/670 661/661/661 662/662/662
f 671/671/671 661/661/661 670/670/670
f 672/672/672 671/671/671 670/670/670
f 672/672/672 670/670/670 673/673/673
f 673/673/673 670/670/670 662/662/662
f 662/662/662 674/674/674 673/673/673
f 675/675/675 662/662/662 669/669/669
f 662/662/662 675/675/675 674/674/674
f 675/675/675 669/669/669 676/676/676
f 676/676/676 669/669/669 668/668/668
f 677/677/677 668/668/668 666/666/666
f 677/677/677 666/666/666 678/678/678
f 674/674/674 675/675/675 679/679/679
f 679/679/679 675/675/675 676/676/676
f 668/668/668 677/677/677 680/680/680
f 676/676/676 668/668/668 680/680/680
f 681/681/681 677/677/677 678/678/678
f 680/680/680 677/677/677 681/681/681
f 681/681/681 678/678/678 682/682/682
f 676/676/676 680/680/680 683/683/683
f 679/679/679 676/676/676 683/683/683
f 674/674/674 679/679/679 684/684/684
f 684/684/684 685/685/685 674/674/674
f 686/686/686 685/685/685 684/684/684
f 687/687/687 681/681/681 682/682/682
f 687/687/687 682/682/682 688/688/688
f 689/689/689 687/687/687 688/688/688
f 690/690/690 680/680/680 681/681/681
f 690/690/690 681/681/681 687/687/687
f 683/683/683 680/680/680 690/690/690
f 691/691/691 687/687/687 689/689/689
f 691/691/691 690/690/690 687/687/687
f 692/692/692 691/691/691 689/689/689
f 679/679/679 683/683/683 693/693/693
f 684/684/684 679/679/679 693/693/693
f 694/694/694 683/683/683 690/690/690
f 694/694/694 690/690/690 691/691/691
f 693/693/693 683/683/683 694/694/694
f 695/695/695 691/691/691 692/692/692
f 695/695/695 694/694/694 691/691/691
f 696/696/696 695/695/695 692/692/692
f 697/697/697 693/693/693 694/694/694
f 697/697/697 694/694/694 695/695/695
f 698/698/698 695/695/695 696/696/696
f 698/698/698 697/697/697 695/695/695
f 699/699/699 698/698/698 696/696/696
f 684/684/684 693/693/693 700/700/700
f 700/700/700 693/693/693 697/697/697
f 701/701/701 697/697/697 698/698/698
f 701/701/701 700/700/700 697/697/697
f 702/702/702 698/698/698 699/699/699
f 702/702/702 701/701/701 698/698/698
f 703/703/703 702/702/702 699/699/699
f 704/704/704 684/684/684 700/700/700
f 704/704/704 686/686/686 684/684/684
f 705/705/705 686/686/686 704/704/704
f 704/704/704 700/700/700 706/706/706
f 706/706/706 700/700/700 701/701/701
f 705/705/705 704/704/704 706/706/706
f 707/707/707 706/706/706 701/701/701
f 707/707/707 701/701/701 702/702/702
f 705/705/705 706/706/706 708/708/708
f 709/709/709 705/705/705 708/708/708
f 710/710/710 709/709/709 708/708/708
f 711/711/711 710/710/710 708/708/708
f 712/712/712 707/707/707 702/702/702
f 712/712/712 702/702/702 703/703/703
f 713/713/713 707/707/707 712/712/712
f 714/714/714 712/712/712 703/703/703
f 715/715/715 714/714/714 703/703/703
f 716/716/716 713/713/713 712/712/712
f 716/716/716 712/712/712 714/714/714
f 717/717/717 713/713/713 716/716/716
f 718/718/718 716/716/716 714/714/714
f 717/717/717 716/716/716 718/718/718
f 714/714/714 715/715/715 718/718/718
f 719/719/719 717/717/717 718/718/718
f 721/721/721 720/720/720 715/715/715
f 722/722/722 715/715/715 720/720/720
f 725/725/725 724/724/724 723/723/723
f 726/726/726 725/725/725 723/723/723
f 726/726/726 723/723/723 727/727/727
f 728/728/728 726/726/726 727/727/727
f 728/728/728 727/727/727 729/729/729
f 730/730/730 728/728/728 729/729/729
f 733/733/733 732/732/732 731/731/731
f 734/734/734 733/733/733 731/731/731
f 734/734/734 731/731/731 735/735/735
f 736/736/736 733/733/733 734/734/734
f 737/737/737 734/734/734 735/735/735
f 737/737/737 735/735/735 738/738/738
f 739/739/739 736/736/736 734/734/734
f 739/739/739 734/734/734 737/737/737
f 740/740/740 736/736/736 739/739/739
f 741/741/741 737/737/737 738/738/738
f 741/741/741 738/738/738 742/742/742
f 743/743/743 739/739/739 737/737/737
f 743/743/743 737/737/737 741/741/741
f 744/744/744 740/740/740 739/739/739
f 744/744/744 739/739/739 743/743/743
f 745/745/745 740/740/740 744/744/744
f 746/746/746 745/745/745 744/744/744
f 747/747/747 745/745/745 746/746/746
f 748/748/748 744/744/744 743/743/743
f 746/746/746 744/744/744 748/748/748
f 749/749/749 747/747/747 746/746/746
f 750/750/750 747/747/747 749/749/749
f 751/751/751 741/741/741 742/742/742
f 751/751/751 742/742/742 752/752/752
f 753/753/753 743/743/743 741/741/741
f 748/748/748 743/743/743 753/753/753
f 754/754/754 746/746/746 748/748/748
f 749/749/749 746/746/746 754/754/754
f 755/755/755 750/750/750 749/749/749
f 756/756/756 750/750/750 755/755/755
f 757/757/757 751/751/751 752/752/752
f 757/757/757 752/752/752 758/758/758
f 741/741/741 751/751/751 759/759/759
f 753/753/753 741/741/741 759/759/759
f 759/759/759 751/751/751 757/757/757
f 760/760/760 748/748/748 753/753/753
f 754/754/754 748/748/748 760/760/760
f 760/760/760 753/753/753 759/759/759
f 761/761/761 749/749/749 754/754/754
f 755/755/755 749/749/749 761/761/761
f 762/762/762 757/757/757 758/758/758
f 762/762/762 758/758/758 763/763/763
f 764/764/764 759/759/759 757/757/757
f 764/764/764 757/757/757 762/762/762
f 765/765/765 760/760/760 759/759/759
f 765/765/765 759/759/759 764/764/764
f 766/766/766 754/754/754 760/760/760
f 761/761/761 754/754/754 766/766/766
f 766/766/766 760/760/760 765/765/765
f 767/767/767 762/762/762 763/763/763
f 767/767/767 763/763/763 768/768/768
f 769/769/769 764/764/764 762/762/762
f 769/769/769 762/762/762 767/767/767
f 770/770/770 765/765/765 764/764/764
f 770/770/770 764/764/764 769/769/769
f 771/771/771 766/766/766 765/765/765
f 771/771/771 765/765/765 770/770/770
f 772/772/772 761/761/761 766/766/766
f 772/772/772 766/766/766 771/771/771
f 773/773/773 767/767/767 768/768/768
f 773/773/773 768/768/768 774/774/774
f 775/775/775 769/769/769 767/767/767
f 775/775/775 767/767/767 773/773/773
f 776/776/776 770/770/770 769/769/769
f 776/776/776 769/769/769 775/775/775
f 777/777/777 771/771/771 770/770/770
f 777/777/777 770/770/770 776/776/776
f 778/778/778 773/773/773 774/774/774
f 778/778/778 774/774/774 779/779/779
f 780/780/780 775/775/775 773/773/773
f 780/780/780 773/773/773 778/778/778
f 781/781/781 776/776/776 775/775/775
f 781/781/781 775/775/775 780/780/780
f 782/782/782 777/777/777 776/776/776
f 782/782/782 776/776/776 781/781/781
f 783/783/783 782/782/782 781/781/781
f 783/783/783 781/781/781 784/784/784
f 784/784/784 781/781/781 780/780/780
f 785/785/785 783/783/783 784/784/784
f 786/786/786 785/785/785 784/784/784
f 784/784/784 780/780/780 787/787/787
f 787/787/787 780/780/780 778/778/778
f 786/786/786 784/784/784 787/787/787
f 788/788/788 778/778/778 779/779/779
f 787/787/787 778/778/778 788/788/788
f 788/788/788 779/779/779 789/789/789
f 786/786/786 787/787/787 790/790/790
f 790/790/790 787/787/787 788/788/788
f 791/791/791 786/786/786 790/790/790
f 792/792/792 788/788/788 789/789/789
f 790/790/790 788/788/788 792/792/792
f 792/792/792 789/789/789 793/793/793
f 794/794/794 792/792/792 793/793/793
f 791/791/791 790/790/790 795/795/795
f 795/795/795 790/790/790 792/792/792
f 795/795/795 792/792/792 794/794/794
f 796/796/796 791/791/791 795/795/795
f 797/797/797 795/795/795 794/794/794
f 796/796/796 795/795/795 797/797/797
f 798/798/798 796/796/796 797/797/797
f 801/801/801 800/800/800 799/799/799
f 799/799/799 800/800/800 802/802/802
f 800/800/800 803/803/803 802/802/802
f 806/806/806 805/805/805 804/804/804
f 804/804/804 805/805/805 755/755/755
f 804/804/804 755/755/755 807/807/807
f 807/807/807 755/755/755 761/761/761
f 807/807/807 808/808/808 804/804/804
f 807/807/807 761/761/761 772/772/772
f 808/808/808 807/807/807 809/809/809
f 809/809/809 807/807/807 772/772/772
f 810/810/810 808/808/808 809/809/809
f 811/811/811 810/810/810 809/809/809
f 809/809/809 772/772/772 812/812/812
f 811/811/811 809/809/809 812/812/812
f 812/812/812 772/772/772 771/771/771
f 813/813/813 811/811/811 812/812/812
f 812/812/812 771/771/771 777/777/777
f 813/813/813 812/812/812 777/777/777
f 813/813/813 777/777/777 814/814/814
f 817/817/817 816/816/816 815/815/815
f 816/816/816 818/818/818 815/815/815
f 816/816/816 819/819/819 818/818/818
f 819/819/819 820/820/820 818/818/818
f 819/819/819 821/821/821 820/820/820
f 821/821/821 822/822/822 820/820/820
f 825/825/825 824/824/824 823/823/823
f 824/824/824 826/826/826 823/823/823
f 824/824/824 827/827/827 826/826/826
f 827/827/827 828/828/828 826/826/826
f 827/827/827 829/829/829 828/828/828
f 829/829/829 830/830/830 828/828/828
f 833/833/833 832/832/832 831/831/831
f 832/832/832 834/834/834 831/831/831
f 831/831/831 834/834/834 835/835/835
f 832/832/832 836/836/836 834/834/834
f 834/834/834 837/837/837 835/835/835
f 835/835/835 837/837/837 838/838/838
f 836/836/836 839/839/839 834/834/834
f 834/834/834 839/839/839 837/837/837
f 836/836/836 840/840/840 839/839/839
f 840/840/840 841/841/841 839/839/839
f 839/839/839 841/841/841 842/842/842
f 839/839/839 842/842/842 837/837/837
f 841/841/841 843/843/843 842/842/842
f 837/837/837 844/844/844 838/838/838
f 837/837/837 842/842/842 844/844/844
f 838/838/838 844/844/844 845/845/845
f 842/842/842 843/843/843 846/846/846
f 842/842/842 846/846/846 844/844/844
f 843/843/843 847/847/847 846/846/846
f 844/844/844 848/848/848 845/845/845
f 844/844/844 846/846/846 848/848/848
f 845/845/845 848/848/848 849/849/849
f 846/846/846 847/847/847 850/850/850
f 846/846/846 850/850/850 848/848/848
f 848/848/848 851/851/851 849/849/849
f 848/848/848 850/850/850 851/851/851
f 849/849/849 851/851/851 852/852/852
f 847/847/847 853/853/853 850/850/850
f 847/847/847 854/854/854 853/853/853
f 851/851/851 855/855/855 852/852/852
f 852/852/852 855/855/855 856/856/856
f 850/850/850 857/857/857 851/851/851
f 850/850/850 853/853/853 857/857/857
f 851/851/851 857/857/857 855/855/855
f 858/858/858 853/853/853 854/854/854
f 853/853/853 858/858/858 857/857/857
f 858/858/858 854/854/854 859/859/859
f 855/855/855 860/860/860 856/856/856
f 856/856/856 860/860/860 861/861/861
f 857/857/857 862/862/862 855/855/855
f 857/857/857 858/858/858 862/862/862
f 855/855/855 862/862/862 860/860/860
f 859/859/859 863/863/863 858/858/858
f 859/859/859 864/864/864 863/863/863
f 863/863/863 864/864/864 865/865/865
f 858/858/858 863/863/863 866/866/866
f 858/858/858 866/866/866 862/862/862
f 863/863/863 865/865/865 866/866/866
f 860/860/860 867/867/867 861/861/861
f 868/868/868 861/861/861 867/867/867
f 869/869/869 868/868/868 867/867/867
f 862/862/862 870/870/870 860/860/860
f 862/862/862 866/866/866 870/870/870
f 860/860/860 870/870/870 867/867/867
f 867/867/867 871/871/871 869/869/869
f 870/870/870 871/871/871 867/867/867
f 866/866/866 872/872/872 870/870/870
f 866/866/866 865/865/865 872/872/872
f 870/870/870 872/872/872 871/871/871
f 864/864/864 873/873/873 865/865/865
f 864/864/864 874/874/874 873/873/873
f 874/874/874 875/875/875 873/873/873
f 873/873/873 875/875/875 876/876/876
f 865/865/865 873/873/873 876/876/876
f 876/876/876 877/877/877 865/865/865
f 865/865/865 878/878/878 872/872/872
f 877/877/877 878/878/878 865/865/865
f 872/872/872 878/878/878 879/879/879
f 872/872/872 879/879/879 871/871/871
f 871/871/871 880/880/880 869/869/869
f 869/869/869 880/880/880 881/881/881
f 882/882/882 878/878/878 877/877/877
f 878/878/878 882/882/882 879/879/879
f 871/871/871 879/879/879 883/883/883
f 880/880/880 871/871/871 883/883/883
f 880/880/880 884/884/884 881/881/881
f 880/880/880 883/883/883 884/884/884
f 881/881/881 884/884/884 885/885/885
f 883/883/883 879/879/879 886/886/886
f 879/879/879 882/882/882 886/886/886
f 887/887/887 882/882/882 877/877/877
f 877/877/877 888/888/888 887/887/887
f 888/888/888 889/889/889 887/887/887
f 884/884/884 890/890/890 885/885/885
f 885/885/885 890/890/890 891/891/891
f 890/890/890 892/892/892 891/891/891
f 883/883/883 893/893/893 884/884/884
f 884/884/884 893/893/893 890/890/890
f 883/883/883 886/886/886 893/893/893
f 890/890/890 894/894/894 892/892/892
f 893/893/893 894/894/894 890/890/890
f 894/894/894 895/895/895 892/892/892
f 886/886/886 882/882/882 896/896/896
f 882/882/882 887/887/887 896/896/896
f 886/886/886 897/897/897 893/893/893
f 893/893/893 897/897/897 894/894/894
f 886/886/886 896/896/896 897/897/897
f 894/894/894 898/898/898 895/895/895
f 897/897/897 898/898/898 894/894/894
f 898/898/898 899/899/899 895/895/895
f 896/896/896 900/900/900 897/897/897
f 897/897/897 900/900/900 898/898/898
f 898/898/898 901/901/901 899/899/899
f 900/900/900 901/901/901 898/898/898
f 901/901/901 902/902/902 899/899/899
f 896/896/896 887/887/887 903/903/903
f 896/896/896 903/903/903 900/900/900
f 901/901/901 904/904/904 902/902/902
f 904/904/904 905/905/905 902/902/902
f 900/900/900 906/906/906 901/901/901
f 903/903/903 906/906/906 900/900/900
f 906/906/906 904/904/904 901/901/901
f 887/887/887 907/907/907 903/903/903
f 889/889/889 907/907/907 887/887/887
f 889/889/889 908/908/908 907/907/907
f 903/903/903 907/907/907 909/909/909
f 903/903/903 909/909/909 906/906/906
f 907/907/907 908/908/908 909/909/909
f 909/909/909 910/910/910 906/906/906
f 906/906/906 910/910/910 904/904/904
f 909/909/909 908/908/908 911/911/911
f 908/908/908 912/912/912 911/911/911
f 912/912/912 913/913/913 911/911/911
f 913/913/913 914/914/914 911/911/911
f 910/910/910 915/915/915 904/904/904
f 904/904/904 915/915/915 905/905/905
f 910/910/910 916/916/916 915/915/915
f 915/915/915 917/917/917 905/905/905
f 905/905/905 917/917/917 918/918/918
f 916/916/916 919/919/919 915/915/915
f 915/915/915 919/919/919 917/917/917
f 916/916/916 920/920/920 919/919/919
f 919/919/919 921/921/921 917/917/917
f 919/919/919 920/920/920 921/921/921
f 918/918/918 917/917/917 921/921/921
f 920/920/920 922/922/922 921/921/921
f 918/918/918 924/924/924 923/923/923
f 918/918/918 925/925/925 924/924/924
f 928/928/928 927/927/927 926/926/926
f 927/927/927 929/929/929 926/926/926
f 926/926/926 929/929/929 930/930/930
f 929/929/929 931/931/931 930/930/930
f 930/930/930 931/931/931 932/932/932
f 931/931/931 933/933/933 932/932/932
f 936/936/936 935/935/935 934/934/934
f 935/935/935 937/937/937 934/934/934
f 934/934/934 937/937/937 938/938/938
f 935/935/935 939/939/939 937/937/937
f 937/937/937 940/940/940 938/938/938
f 938/938/938 940/940/940 941/941/941
f 939/939/939 942/942/942 937/937/937
f 937/937/937 942/942/942 940/940/940
f 939/939/939 943/943/943 942/942/942
f 940/940/940 944/944/944 941/941/941
f 941/941/941 944/944/944 945/945/945
f 942/942/942 946/946/946 940/940/940
f 940/940/940 946/946/946 944/944/944
f 943/943/943 947/947/947 942/942/942
f 942/942/942 947/947/947 946/946/946
f 943/943/943 948/948/948 947/947/947
f 948/948/948 949/949/949 947/947/947
f 948/948/948 950/950/950 949/949/949
f 947/947/947 951/951/951 946/946/946
f 947/947/947 949/949/949 951/951/951
f 950/950/950 952/952/952 949/949/949
f 950/950/950 953/953/953 952/952/952
f 944/944/944 954/954/954 945/945/945
f 945/945/945 954/954/954 955/955/955
f 946/946/946 956/956/956 944/944/944
f 946/946/946 951/951/951 956/956/956
f 949/949/949 957/957/957 951/951/951
f 949/949/949 952/952/952 957/957/957
f 953/953/953 958/958/958 952/952/952
f 958/958/958 953/953/953 959/959/959
f 954/954/954 960/960/960 955/955/955
f 955/955/955 960/960/960 961/961/961
f 954/954/954 944/944/944 962/962/962
f 944/944/944 956/956/956 962/962/962
f 954/954/954 962/962/962 960/960/960
f 951/951/951 963/963/963 956/956/956
f 951/951/951 957/957/957 963/963/963
f 956/956/956 963/963/963 962/962/962
f 952/952/952 964/964/964 957/957/957
f 952/952/952 958/958/958 964/964/964
f 960/960/960 965/965/965 961/961/961
f 961/961/961 965/965/965 966/966/966
f 962/962/962 967/967/967 960/960/960
f 960/960/960 967/967/967 965/965/965
f 963/963/963 968/968/968 962/962/962
f 962/962/962 968/968/968 967/967/967
f 957/957/957 969/969/969 963/963/963
f 957/957/957 964/964/964 969/969/969
f 963/963/963 969/969/969 968/968/968
f 965/965/965 970/970/970 966/966/966
f 966/966/966 970/970/970 971/971/971
f 967/967/967 972/972/972 965/965/965
f 965/965/965 972/972/972 970/970/970
f 968/968/968 973/973/973 967/967/967
f 967/967/967 973/973/973 972/972/972
f 969/969/969 974/974/974 968/968/968
f 968/968/968 974/974/974 973/973/973
f 964/964/964 975/975/975 969/969/969
f 969/969/969 975/975/975 974/974/974
f 970/970/970 976/976/976 971/971/971
f 971/971/971 976/976/976 977/977/977
f 972/972/972 978/978/978 970/970/970
f 970/970/970 978/978/978 976/976/976
f 973/973/973 979/979/979 972/972/972
f 972/972/972 979/979/979 978/978/978
f 974/974/974 980/980/980 973/973/973
f 973/973/973 980/980/980 979/979/979
f 976/976/976 981/981/981 977/977/977
f 977/977/977 981/981/981 982/982/982
f 978/978/978 983/983/983 976/976/976
f 976/976/976 983/983/983 981/981/981
f 979/979/979 984/984/984 978/978/978
f 978/978/978 984/984/984 983/983/983
f 980/980/980 985/985/985 979/979/979
f 979/979/979 985/985/985 984/984/984
f 985/985/985 986/986/986 984/984/984
f 984/984/984 986/986/986 987/987/987
f 984/984/984 987/987/987 983/983/983
f 986/986/986 988/988/988 987/987/987
f 987/987/987 988/988/988 989/989/989
f 983/983/983 987/987/987 990/990/990
f 983/983/983 990/990/990 981/981/981
f 987/987/987 989/989/989 990/990/990
f 981/981/981 991/991/991 982/982/982
f 981/981/981 990/990/990 991/991/991
f 982/982/982 991/991/991 992/992/992
f 990/990/990 989/989/989 993/993/993
f 990/990/990 993/993/993 991/991/991
f 989/989/989 994/994/994 993/993/993
f 991/991/991 995/995/995 992/992/992
f 991/991/991 993/993/993 995/995/995
f 992/992/992 995/995/995 996/996/996
f 995/995/995 997/997/997 996/996/996
f 993/993/993 994/994/994 998/998/998
f 993/993/993 998/998/998 995/995/995
f 995/995/995 998/998/998 997/997/997
f 994/994/994 999/999/999 998/998/998
f 998/998/998 1000/1000/1000 997/997/997
f 998/998/998 999/999/999 1000/1000/1000
f 999/999/999 1001/1001/1001 1000/1000/1000
f 1004/1004/1004 1003/1003/1003 1002/1002/1002
f 1004/1004/1004 1002/1002/1002 1005/1005/1005
f 1006/1006/1006 1004/1004/1004 1005/1005/1005
f 1009/1009/1009 1008/1008/1008 1007/1007/1007
f 958/958/958 1009/1009/1009 1007/1007/1007
f 1010/1010/1010 958/958/958 1007/1007/1007
f 958/958/958 1010/1010/1010 964/964/964
f 1007/1007/1007 1011/1011/1011 1010/1010/1010
f 964/964/964 1010/1010/1010 975/975/975
f 1010/1010/1010 1011/1011/1011 1012/1012/1012
f 1010/1010/1010 1012/1012/1012 975/975/975
f 1011/1011/1011 1013/1013/1013 1012/1012/1012
f 1013/1013/1013 1014/1014/1014 1012/1012/1012
f 975/975/975 1012/1012/1012 1015/1015/1015
f 1012/1012/1012 1014/1014/1014 1015/1015/1015
f 975/975/975 1015/1015/1015 974/974/974
f 1014/1014/1014 1016/1016/1016 1015/1015/1015
f 974/974/974 1015/1015/1015 980/980/980
f 1015/1015/1015 1016/1016/1016 980/980/980
f 980/980/980 1016/1016/1016 1017/1017/1017
f 1020/1020/1020 1019/1019/1019 1018/1018/1018
f 1019/1019/1019 1021/1021/1021 1018/1018/1018
f 1021/1021/1021 1022/1022/1022 1018/1018/1018
f 1022/1022/1022 1023/1023/1023 1018/1018/1018
f 1022/1022/1022 1024/1024/1024 1023/1023/1023
f 1024/1024/1024 1025/1025/1025 1023/1023/1023
f 1024/1024/1024 1026/1026/1026 1025/1025/1025
f 1029/1029/1029 1028/1028/1028 1027/1027/1027
f 1029/1029/1029 1027/1027/1027 1030/1030/1030
f 1031/1031/1031 1029/1029/1029 1030/1030/1030
f 1031/1031/1031 1030/1030/1030 1032/1032/1032
f 1033/1033/1033 1031/1031/1031 1032/1032/1032
f 1034/1034/1034 1033/1033/1033 1032/1032/1032
f 1035/1035/1035 1034/1034/1034 1032/1032/1032
f 1035/1035/1035 1036/1036/1036 1034/1034/1034
f 1036/1036/1036 1037/1037/1037 1034/1034/1034
f 1036/1036/1036 1038/1038/1038 1037/1037/1037
f 1038/1038/1038 1039/1039/1039 1037/1037/1037
f 1038/1038/1038 1040/1040/1040 1039/1039/1039
f 1040/1040/1040 1041/1041/1041 1039/1039/1039
f 1044/1044/1044 1043/1043/1043 1042/1042/1042
f 1044/1044/1044 1042/1042/1042 1045/1045/1045
f 1046/1046/1046 1044/1044/1044 1045/1045/1045
f 1046/1046/1046 1045/1045/1045 1047/1047/1047
f 1048/1048/1048 1046/1046/1046 1047/1047/1047
f 1049/1049/1049 1048/1048/1048 1047/1047/1047
f 1050/1050/1050 1049/1049/1049 1047/1047/1047
f 1050/1050/1050 1051/1051/1051 1049/1049/1049
f 1051/1051/1051 1052/1052/1052 1049/1049/1049
f 1051/1051/1051 1053/1053/1053 1052/1052/1052
f 1053/1053/1053 1054/1054/1054 1052/1052/1052
f 1053/1053/1053 1055/1055/1055 1054/1054/1054
f 1055/1055/1055 1056/1056/1056 1054/1054/1054
f 1059/1059/1059 1058/1058/1058 1057/1057/1057
f 1059/1059/1059 1057/1057/1057 1060/1060/1060
f 1061/1061/1061 1059/1059/1059 1060/1060/1060
f 1061/1061/1061 1060/1060/1060 1062/1062/1062
f 1063/1063/1063 1061/1061/1061 1062/1062/1062
f 1064/1064/1064 1063/1063/1063 1062/1062/1062
f 1065/1065/1065 1064/1064/1064 1062/1062/1062
f 1065/1065/1065 1066/1066/1066 1064/1064/1064
f 1066/1066/1066 1067/1067/1067 1064/1064/1064
f 1066/1066/1066 1068/1068/1068 1067/1067/1067
f 1068/1068/1068 1069/1069/1069 1067/1067/1067
f 1068/1068/1068 1070/1070/1070 1069/1069/1069
f 1070/1070/1070 1071/1071/1071 1069/1069/1069
f 1074/1074/1074 1073/1073/1073 1072/1072/1072
f 1074/1074/1074 1072/1072/1072 1075/1075/1075
f 1076/1076/1076 1074/1074/1074 1075/1075/1075
f 1076/1076/1076 1075/1075/1075 1077/1077/1077
f 1078/1078/1078 1076/1076/1076 1077/1077/1077
f 1079/1079/1079 1078/1078/1078 1077/1077/1077
f 1080/1080/1080 1079/1079/1079 1077/1077/1077
f 1080/1080/1080 1081/1081/1081 1079/1079/1079
f 1081/1081/1081 1082/1082/1082 1079/1079/1079
f 1081/1081/1081 1083/1083/1083 1082/1082/1082
f 1083/1083/1083 1084/1084/1084 1082/1082/1082
f 1083/1083/1083 1085/1085/1085 1084/1084/1084
f 1085/1085/1085 1086/1086/1086 1084/1084/1084
f 1089/1089/1089 1088/1088/1088 1087/1087/1087
f 1090/1090/1090 1089/1089/1089 1087/1087/1087
f 1090/1090/1090 1087/1087/1087 1091/1091/1091
f 1092/1092/1092 1089/1089/1089 1090/1090/1090
f 1093/1093/1093 1090/1090/1090 1091/1091/1091
f 1093/1093/1093 1091/1091/1091 1094/1094/1094
f 1095/1095/1095 1093/1093/1093 1094/1094/1094
f 1095/1095/1095 1094/1094/1094 1096/1096/1096
f 1097/1097/1097 1095/1095/1095 1096/1096/1096
f 1097/1097/1097 1096/1096/1096 1098/1098/1098
f 1099/1099/1099 1097/1097/1097 1098/1098/1098
f 1099/1099/1099 1098/1098/1098 1100/1100/1100
f 1101/1101/1101 1092/1092/1092 1090/1090/1090
f 1093/1093/1093 1102/1102/1102 1090/1090/1090
f 1102/1102/1102 1101/1101/1101 1090/1090/1090
f 1095/1095/1095 1103/1103/1103 1093/1093/1093
f 1103/1103/1103 1102/1102/1102 1093/1093/1093
f 1095/1095/1095 1097/1097/1097 1104/1104/1104
f 1103/1103/1103 1095/1095/1095 1104/1104/1104
f 1099/1099/1099 1105/1105/1105 1097/1097/1097
f 1105/1105/1105 1104/1104/1104 1097/1097/1097
f 1092/1092/1092 1101/1101/1101 1106/1106/1106
f 1107/1107/1107 1092/1092/1092 1106/1106/1106
f 1107/1107/1107 1106/1106/1106 1108/1108/1108
f 1109/1109/1109 1107/1107/1107 1108/1108/1108
f 1108/1108/1108 1106/1106/1106 1110/1110/1110
f 1106/1106/1106 1111/1111/1111 1110/1110/1110
f 1110/1110/1110 1111/1111/1111 1112/1112/1112
f 1101/1101/1101 1113/1113/1113 1106/1106/1106
f 1113/1113/1113 1111/1111/1111 1106/1106/1106
f 1111/1111/1111 1114/1114/1114 1112/1112/1112
f 1112/1112/1112 1114/1114/1114 1115/1115/1115
f 1101/1101/1101 1116/1116/1116 1113/1113/1113
f 1116/1116/1116 1101/1101/1101 1102/1102/1102
f 1113/1113/1113 1117/1117/1117 1111/1111/1111
f 1117/1117/1117 1114/1114/1114 1111/1111/1111
f 1114/1114/1114 1118/1118/1118 1115/1115/1115
f 1115/1115/1115 1118/1118/1118 1119/1119/1119
f 1120/1120/1120 1116/1116/1116 1102/1102/1102
f 1120/1120/1120 1102/1102/1102 1103/1103/1103
f 1116/1116/1116 1121/1121/1121 1113/1113/1113
f 1113/1113/1113 1121/1121/1121 1117/1117/1117
f 1114/1114/1114 1117/1117/1117 1122/1122/1122
f 1118/1118/1118 1114/1114/1114 1122/1122/1122
f 1118/1118/1118 1123/1123/1123 1119/1119/1119
f 1119/1119/1119 1123/1123/1123 1124/1124/1124
f 1125/1125/1125 1120/1120/1120 1103/1103/1103
f 1125/1125/1125 1103/1103/1103 1104/1104/1104
f 1126/1126/1126 1116/1116/1116 1120/1120/1120
f 1116/1116/1116 1126/1126/1126 1121/1121/1121
f 1121/1121/1121 1127/1127/1127 1117/1117/1117
f 1117/1117/1117 1127/1127/1127 1122/1122/1122
f 1122/1122/1122 1128/1128/1128 1118/1118/1118
f 1128/1128/1128 1123/1123/1123 1118/1118/1118
f 1129/1129/1129 1125/1125/1125 1104/1104/1104
f 1129/1129/1129 1104/1104/1104 1105/1105/1105
f 1130/1130/1130 1120/1120/1120 1125/1125/1125
f 1130/1130/1130 1126/1126/1126 1120/1120/1120
f 1126/1126/1126 1131/1131/1131 1121/1121/1121
f 1121/1121/1121 1131/1131/1131 1127/1127/1127
f 1127/1127/1127 1132/1132/1132 1122/1122/1122
f 1122/1122/1122 1132/1132/1132 1128/1128/1128
f 1133/1133/1133 1125/1125/1125 1129/1129/1129
f 1133/1133/1133 1130/1130/1130 1125/1125/1125
f 1134/1134/1134 1126/1126/1126 1130/1130/1130
f 1126/1126/1126 1134/1134/1134 1131/1131/1131
f 1131/1131/1131 1135/1135/1135 1127/1127/1127
f 1127/1127/1127 1135/1135/1135 1132/1132/1132
f 1136/1136/1136 1130/1130/1130 1133/1133/1133
f 1136/1136/1136 1134/1134/1134 1130/1130/1130
f 1134/1134/1134 1137/1137/1137 1131/1131/1131
f 1131/1131/1131 1137/1137/1137 1135/1135/1135
f 1138/1138/1138 1134/1134/1134 1136/1136/1136
f 1134/1134/1134 1138/1138/1138 1137/1137/1137
f 1132/1132/1132 1139/1139/1139 1128/1128/1128
f 1135/1135/1135 1140/1140/1140 1132/1132/1132
f 1132/1132/1132 1140/1140/1140 1139/1139/1139
f 1137/1137/1137 1141/1141/1141 1135/1135/1135
f 1135/1135/1135 1141/1141/1141 1140/1140/1140
f 1138/1138/1138 1142/1142/1142 1137/1137/1137
f 1137/1137/1137 1142/1142/1142 1141/1141/1141
f 1128/1128/1128 1139/1139/1139 1143/1143/1143
f 1123/1123/1123 1128/1128/1128 1143/1143/1143
f 1144/1144/1144 1123/1123/1123 1143/1143/1143
f 1123/1123/1123 1144/1144/1144 1124/1124/1124
f 1124/1124/1124 1144/1144/1144 1145/1145/1145
f 1146/1146/1146 1124/1124/1124 1145/1145/1145
f 1146/1146/1146 1145/1145/1145 1147/1147/1147
f 1148/1148/1148 1147/1147/1147 1145/1145/1145
f 1149/1149/1149 1145/1145/1145 1144/1144/1144
f 1149/1149/1149 1148/1148/1148 1145/1145/1145
f 1143/1143/1143 1149/1149/1149 1144/1144/1144
f 1148/1148/1148 1149/1149/1149 1150/1150/1150
f 1149/1149/1149 1151/1151/1151 1150/1150/1150
f 1149/1149/1149 1143/1143/1143 1151/1151/1151
f 1150/1150/1150 1151/1151/1151 1152/1152/1152
f 1139/1139/1139 1153/1153/1153 1143/1143/1143
f 1143/1143/1143 1153/1153/1153 1151/1151/1151
f 1151/1151/1151 1154/1154/1154 1152/1152/1152
f 1151/1151/1151 1153/1153/1153 1154/1154/1154
f 1139/1139/1139 1155/1155/1155 1153/1153/1153
f 1140/1140/1140 1155/1155/1155 1139/1139/1139
f 1152/1152/1152 1154/1154/1154 1156/1156/1156
f 1152/1152/1152 1156/1156/1156 1157/1157/1157
f 1153/1153/1153 1158/1158/1158 1154/1154/1154
f 1155/1155/1155 1158/1158/1158 1153/1153/1153
f 1140/1140/1140 1159/1159/1159 1155/1155/1155
f 1141/1141/1141 1159/1159/1159 1140/1140/1140
f 1157/1157/1157 1156/1156/1156 1160/1160/1160
f 1157/1157/1157 1160/1160/1160 1161/1161/1161
f 1154/1154/1154 1162/1162/1162 1156/1156/1156
f 1154/1154/1154 1158/1158/1158 1162/1162/1162
f 1155/1155/1155 1163/1163/1163 1158/1158/1158
f 1159/1159/1159 1163/1163/1163 1155/1155/1155
f 1141/1141/1141 1164/1164/1164 1159/1159/1159
f 1142/1142/1142 1164/1164/1164 1141/1141/1141
f 1160/1160/1160 1165/1165/1165 1161/1161/1161
f 1161/1161/1161 1165/1165/1165 1166/1166/1166
f 1156/1156/1156 1167/1167/1167 1160/1160/1160
f 1156/1156/1156 1162/1162/1162 1167/1167/1167
f 1160/1160/1160 1167/1167/1167 1165/1165/1165
f 1158/1158/1158 1168/1168/1168 1162/1162/1162
f 1163/1163/1163 1168/1168/1168 1158/1158/1158
f 1159/1159/1159 1169/1169/1169 1163/1163/1163
f 1164/1164/1164 1169/1169/1169 1159/1159/1159
f 1165/1165/1165 1170/1170/1170 1166/1166/1166
f 1166/1166/1166 1170/1170/1170 1171/1171/1171
f 1162/1162/1162 1172/1172/1172 1167/1167/1167
f 1162/1162/1162 1168/1168/1168 1172/1172/1172
f 1167/1167/1167 1173/1173/1173 1165/1165/1165
f 1165/1165/1165 1173/1173/1173 1170/1170/1170
f 1167/1167/1167 1172/1172/1172 1173/1173/1173
f 1163/1163/1163 1174/1174/1174 1168/1168/1168
f 1169/1169/1169 1174/1174/1174 1163/1163/1163
f 1170/1170/1170 1175/1175/1175 1171/1171/1171
f 1171/1171/1171 1175/1175/1175 1176/1176/1176
f 1173/1173/1173 1177/1177/1177 1170/1170/1170
f 1170/1170/1170 1177/1177/1177 1175/1175/1175
f 1172/1172/1172 1178/1178/1178 1173/1173/1173
f 1173/1173/1173 1178/1178/1178 1177/1177/1177
f 1168/1168/1168 1179/1179/1179 1172/1172/1172
f 1174/1174/1174 1179/1179/1179 1168/1168/1168
f 1172/1172/1172 1179/1179/1179 1178/1178/1178
f 1179/1179/1179 1174/1174/1174 1178/1178/1178
f 1178/1178/1178 1174/1174/1174 1180/1180/1180
f 1174/1174/1174 1169/1169/1169 1180/1180/1180
f 1178/1178/1178 1180/1180/1180 1177/1177/1177
f 1177/1177/1177 1181/1181/1181 1175/1175/1175
f 1177/1177/1177 1180/1180/1180 1181/1181/1181
f 1180/1180/1180 1169/1169/1169 1182/1182/1182
f 1180/1180/1180 1182/1182/1182 1181/1181/1181
f 1169/1169/1169 1164/1164/1164 1182/1182/1182
f 1175/1175/1175 1181/1181/1181 1183/1183/1183
f 1175/1175/1175 1183/1183/1183 1176/1176/1176
f 1181/1181/1181 1182/1182/1182 1184/1184/1184
f 1181/1181/1181 1184/1184/1184 1183/1183/1183
f 1182/1182/1182 1164/1164/1164 1185/1185/1185
f 1182/1182/1182 1185/1185/1185 1184/1184/1184
f 1164/1164/1164 1142/1142/1142 1185/1185/1185
f 1183/1183/1183 1184/1184/1184 1186/1186/1186
f 1183/1183/1183 1186/1186/1186 1176/1176/1176
f 1185/1185/1185 1142/1142/1142 1187/1187/1187
f 1142/1142/1142 1138/1138/1138 1187/1187/1187
f 1184/1184/1184 1185/1185/1185 1188/1188/1188
f 1184/1184/1184 1188/1188/1188 1186/1186/1186
f 1185/1185/1185 1187/1187/1187 1188/1188/1188
f 1138/1138/1138 1189/1189/1189 1187/1187/1187
f 1189/1189/1189 1138/1138/1138 1136/1136/1136
f 1187/1187/1187 1190/1190/1190 1188/1188/1188
f 1189/1189/1189 1190/1190/1190 1187/1187/1187
f 1188/1188/1188 1191/1191/1191 1186/1186/1186
f 1190/1190/1190 1191/1191/1191 1188/1188/1188
f 1186/1186/1186 1192/1192/1192 1176/1176/1176
f 1191/1191/1191 1192/1192/1192 1186/1186/1186
f 1189/1189/1189 1136/1136/1136 1193/1193/1193
f 1193/1193/1193 1136/1136/1136 1133/1133/1133
f 1189/1189/1189 1194/1194/1194 1190/1190/1190
f 1194/1194/1194 1189/1189/1189 1193/1193/1193
f 1192/1192/1192 1195/1195/1195 1176/1176/1176
f 1195/1195/1195 1196/1196/1196 1176/1176/1176
f 1191/1191/1191 1197/1197/1197 1192/1192/1192
f 1197/1197/1197 1195/1195/1195 1192/1192/1192
f 1190/1190/1190 1198/1198/1198 1191/1191/1191
f 1194/1194/1194 1198/1198/1198 1190/1190/1190
f 1198/1198/1198 1197/1197/1197 1191/1191/1191
f 1193/1193/1193 1133/1133/1133 1199/1199/1199
f 1199/1199/1199 1133/1133/1133 1129/1129/1129
f 1195/1195/1195 1200/1200/1200 1196/1196/1196
f 1200/1200/1200 1201/1201/1201 1196/1196/1196
f 1194/1194/1194 1193/1193/1193 1202/1202/1202
f 1202/1202/1202 1193/1193/1193 1199/1199/1199
f 1197/1197/1197 1203/1203/1203 1195/1195/1195
f 1203/1203/1203 1200/1200/1200 1195/1195/1195
f 1194/1194/1194 1204/1204/1204 1198/1198/1198
f 1204/1204/1204 1194/1194/1194 1202/1202/1202
f 1198/1198/1198 1205/1205/1205 1197/1197/1197
f 1205/1205/1205 1203/1203/1203 1197/1197/1197
f 1204/1204/1204 1205/1205/1205 1198/1198/1198
f 1199/1199/1199 1129/1129/1129 1206/1206/1206
f 1206/1206/1206 1129/1129/1129 1105/1105/1105
f 1200/1200/1200 1207/1207/1207 1201/1201/1201
f 1207/1207/1207 1208/1208/1208 1201/1201/1201
f 1202/1202/1202 1199/1199/1199 1209/1209/1209
f 1209/1209/1209 1199/1199/1199 1206/1206/1206
f 1203/1203/1203 1210/1210/1210 1200/1200/1200
f 1210/1210/1210 1207/1207/1207 1200/1200/1200
f 1205/1205/1205 1211/1211/1211 1203/1203/1203
f 1211/1211/1211 1210/1210/1210 1203/1203/1203
f 1204/1204/1204 1212/1212/1212 1205/1205/1205
f 1212/1212/1212 1211/1211/1211 1205/1205/1205
f 1204/1204/1204 1202/1202/1202 1213/1213/1213
f 1213/1213/1213 1202/1202/1202 1209/1209/1209
f 1212/1212/1212 1204/1204/1204 1213/1213/1213
f 1207/1207/1207 1214/1214/1214 1208/1208/1208
f 1214/1214/1214 1215/1215/1215 1208/1208/1208
f 1210/1210/1210 1216/1216/1216 1207/1207/1207
f 1216/1216/1216 1214/1214/1214 1207/1207/1207
f 1217/1217/1217 1215/1215/1215 1214/1214/1214
f 1216/1216/1216 1217/1217/1217 1214/1214/1214
f 1217/1217/1217 1218/1218/1218 1215/1215/1215
f 1211/1211/1211 1219/1219/1219 1210/1210/1210
f 1219/1219/1219 1216/1216/1216 1210/1210/1210
f 1212/1212/1212 1220/1220/1220 1211/1211/1211
f 1220/1220/1220 1219/1219/1219 1211/1211/1211
f 1220/1220/1220 1212/1212/1212 1221/1221/1221
f 1212/1212/1212 1213/1213/1213 1221/1221/1221
f 1220/1220/1220 1221/1221/1221 1219/1219/1219
f 1219/1219/1219 1222/1222/1222 1216/1216/1216
f 1222/1222/1222 1217/1217/1217 1216/1216/1216
f 1221/1221/1221 1222/1222/1222 1219/1219/1219
f 1221/1221/1221 1213/1213/1213 1223/1223/1223
f 1221/1221/1221 1223/1223/1223 1222/1222/1222
f 1213/1213/1213 1209/1209/1209 1223/1223/1223
f 1222/1222/1222 1224/1224/1224 1217/1217/1217
f 1224/1224/1224 1218/1218/1218 1217/1217/1217
f 1223/1223/1223 1224/1224/1224 1222/1222/1222
f 1223/1223/1223 1209/1209/1209 1225/1225/1225
f 1223/1223/1223 1225/1225/1225 1224/1224/1224
f 1209/1209/1209 1206/1206/1206 1225/1225/1225
f 1224/1224/1224 1226/1226/1226 1218/1218/1218
f 1225/1225/1225 1226/1226/1226 1224/1224/1224
f 1226/1226/1226 1227/1227/1227 1218/1218/1218
f 1225/1225/1225 1206/1206/1206 1228/1228/1228
f 1225/1225/1225 1228/1228/1228 1226/1226/1226
f 1206/1206/1206 1105/1105/1105 1228/1228/1228
f 1105/1105/1105 1099/1099/1099 1228/1228/1228
f 1226/1226/1226 1229/1229/1229 1227/1227/1227
f 1228/1228/1228 1229/1229/1229 1226/1226/1226
f 1229/1229/1229 1230/1230/1230 1227/1227/1227
f 1099/1099/1099 1231/1231/1231 1228/1228/1228
f 1229/1229/1229 1228/1228/1228 1231/1231/1231
f 1231/1231/1231 1099/1099/1099 1100/1100/1100
f 1230/1230/1230 1229/1229/1229 1232/1232/1232
f 1232/1232/1232 1229/1229/1229 1231/1231/1231
f 1231/1231/1231 1100/1100/1100 1232/1232/1232
f 1233/1233/1233 1230/1230/1230 1232/1232/1232
f 1100/1100/1100 1234/1234/1234 1232/1232/1232
f 1232/1232/1232 1234/1234/1234 1233/1233/1233
f 1237/1237/1237 1236/1236/1236 1235/1235/1235
f 1235/1235/1235 1236/1236/1236 1238/1238/1238
f 1239/1239/1239 1237/1237/1237 1235/1235/1235
f 1237/1237/1237 1239/1239/1239 1240/1240/1240
f 1241/1241/1241 1235/1235/1235 1238/1238/1238
f 1241/1241/1241 1238/1238/1238 1242/1242/1242
f 1239/1239/1239 1243/1243/1243 1240/1240/1240
f 1240/1240/1240 1243/1243/1243 1244/1244/1244
f 1235/1235/1235 1245/1245/1245 1239/1239/1239
f 1245/1245/1245 1246/1246/1246 1239/1239/1239
f 1239/1239/1239 1246/1246/1246 1243/1243/1243
f 1247/1247/1247 1245/1245/1245 1235/1235/1235
f 1241/1241/1241 1247/1247/1247 1235/1235/1235
f 1246/1246/1246 1248/1248/1248 1243/1243/1243
f 1249/1249/1249 1247/1247/1247 1241/1241/1241
f 1243/1243/1243 1248/1248/1248 1250/1250/1250
f 1243/1243/1243 1250/1250/1250 1244/1244/1244
f 1248/1248/1248 1251/1251/1251 1250/1250/1250
f 1252/1252/1252 1241/1241/1241 1242/1242/1242
f 1252/1252/1252 1249/1249/1249 1241/1241/1241
f 1253/1253/1253 1252/1252/1252 1242/1242/1242
f 1249/1249/1249 1252/1252/1252 1253/1253/1253
f 1254/1254/1254 1253/1253/1253 1242/1242/1242
f 1255/1255/1255 1249/1249/1249 1253/1253/1253
f 1256/1256/1256 1253/1253/1253 1254/1254/1254
f 1255/1255/1255 1253/1253/1253 1256/1256/1256
f 1257/1257/1257 1256/1256/1256 1254/1254/1254
f 1258/1258/1258 1255/1255/1255 1256/1256/1256
f 1257/1257/1257 1259/1259/1259 1256/1256/1256
f 1258/1258/1258 1256/1256/1256 1260/1260/1260
f 1259/1259/1259 1260/1260/1260 1256/1256/1256
f 1261/1261/1261 1258/1258/1258 1260/1260/1260
f 1260/1260/1260 1259/1259/1259 1262/1262/1262
f 1261/1261/1261 1260/1260/1260 1263/1263/1263
f 1263/1263/1263 1260/1260/1260 1262/1262/1262
f 1264/1264/1264 1261/1261/1261 1263/1263/1263
f 1263/1263/1263 1262/1262/1262 1265/1265/1265
f 1264/1264/1264 1263/1263/1263 1266/1266/1266
f 1266/1266/1266 1263/1263/1263 1265/1265/1265
f 1267/1267/1267 1264/1264/1264 1266/1266/1266
f 1265/1265/1265 1268/1268/1268 1266/1266/1266
f 1269/1269/1269 1268/1268/1268 1265/1265/1265
f 1267/1267/1267 1266/1266/1266 1270/1270/1270
f 1268/1268/1268 1270/1270/1270 1266/1266/1266
f 1271/1271/1271 1267/1267/1267 1270/1270/1270
f 1271/1271/1271 1270/1270/1270 1272/1272/1272
f 1272/1272/1272 1270/1270/1270 1268/1268/1268
f 1273/1273/1273 1271/1271/1271 1272/1272/1272
f 1274/1274/1274 1268/1268/1268 1269/1269/1269
f 1274/1274/1274 1272/1272/1272 1268/1268/1268
f 1275/1275/1275 1274/1274/1274 1269/1269/1269
f 1273/1273/1273 1272/1272/1272 1276/1276/1276
f 1276/1276/1276 1272/1272/1272 1274/1274/1274
f 1277/1277/1277 1273/1273/1273 1276/1276/1276
f 1278/1278/1278 1274/1274/1274 1275/1275/1275
f 1278/1278/1278 1276/1276/1276 1274/1274/1274
f 1277/1277/1277 1276/1276/1276 1279/1279/1279
f 1276/1276/1276 1278/1278/1278 1279/1279/1279
f 1280/1280/1280 1277/1277/1277 1279/1279/1279
f 1281/1281/1281 1278/1278/1278 1275/1275/1275
f 1275/1275/1275 1282/1282/1282 1281/1281/1281
f 1278/1278/1278 1283/1283/1283 1279/1279/1279
f 1278/1278/1278 1281/1281/1281 1283/1283/1283
f 1280/1280/1280 1279/1279/1279 1284/1284/1284
f 1285/1285/1285 1280/1280/1280 1284/1284/1284
f 1281/1281/1281 1282/1282/1282 1286/1286/1286
f 1287/1287/1287 1286/1286/1286 1282/1282/1282
f 1288/1288/1288 1281/1281/1281 1286/1286/1286
f 1281/1281/1281 1288/1288/1288 1283/1283/1283
f 1279/1279/1279 1283/1283/1283 1289/1289/1289
f 1284/1284/1284 1279/1279/1279 1289/1289/1289
f 1284/1284/1284 1289/1289/1289 1290/1290/1290
f 1285/1285/1285 1284/1284/1284 1291/1291/1291
f 1291/1291/1291 1284/1284/1284 1290/1290/1290
f 1292/1292/1292 1285/1285/1285 1291/1291/1291
f 1293/1293/1293 1292/1292/1292 1291/1291/1291
f 1289/1289/1289 1283/1283/1283 1294/1294/1294
f 1283/1283/1283 1288/1288/1288 1294/1294/1294
f 1290/1290/1290 1289/1289/1289 1294/1294/1294
f 1288/1288/1288 1286/1286/1286 1295/1295/1295
f 1295/1295/1295 1286/1286/1286 1287/1287/1287
f 1294/1294/1294 1288/1288/1288 1295/1295/1295
f 1296/1296/1296 1293/1293/1293 1291/1291/1291
f 1296/1296/1296 1291/1291/1291 1290/1290/1290
f 1297/1297/1297 1293/1293/1293 1296/1296/1296
f 1298/1298/1298 1297/1297/1297 1296/1296/1296
f 1299/1299/1299 1297/1297/1297 1298/1298/1298
f 1300/1300/1300 1295/1295/1295 1287/1287/1287
f 1301/1301/1301 1300/1300/1300 1287/1287/1287
f 1302/1302/1302 1294/1294/1294 1295/1295/1295
f 1302/1302/1302 1290/1290/1290 1294/1294/1294
f 1303/1303/1303 1296/1296/1296 1290/1290/1290
f 1298/1298/1298 1296/1296/1296 1303/1303/1303
f 1303/1303/1303 1290/1290/1290 1304/1304/1304
f 1290/1290/1290 1302/1302/1302 1304/1304/1304
f 1305/1305/1305 1302/1302/1302 1295/1295/1295
f 1305/1305/1305 1295/1295/1295 1300/1300/1300
f 1301/1301/1301 1306/1306/1306 1300/1300/1300
f 1307/1307/1307 1306/1306/1306 1301/1301/1301
f 1306/1306/1306 1307/1307/1307 1308/1308/1308
f 1306/1306/1306 1309/1309/1309 1300/1300/1300
f 1309/1309/1309 1305/1305/1305 1300/1300/1300
f 1306/1306/1306 1308/1308/1308 1310/1310/1310
f 1309/1309/1309 1306/1306/1306 1310/1310/1310
f 1305/1305/1305 1309/1309/1309 1310/1310/1310
f 1310/1310/1310 1308/1308/1308 1311/1311/1311
f 1302/1302/1302 1305/1305/1305 1312/1312/1312
f 1312/1312/1312 1305/1305/1305 1310/1310/1310
f 1312/1312/1312 1310/1310/1310 1311/1311/1311
f 1304/1304/1304 1302/1302/1302 1312/1312/1312
f 1313/1313/1313 1303/1303/1303 1304/1304/1304
f 1313/1313/1313 1298/1298/1298 1303/1303/1303
f 1314/1314/1314 1312/1312/1312 1311/1311/1311
f 1314/1314/1314 1311/1311/1311 1315/1315/1315
f 1316/1316/1316 1304/1304/1304 1312/1312/1312
f 1314/1314/1314 1316/1316/1316 1312/1312/1312
f 1316/1316/1316 1313/1313/1313 1304/1304/1304
f 1315/1315/1315 1317/1317/1317 1314/1314/1314
f 1317/1317/1317 1316/1316/1316 1314/1314/1314
f 1316/1316/1316 1317/1317/1317 1313/1313/1313
f 1315/1315/1315 1318/1318/1318 1317/1317/1317
f 1317/1317/1317 1319/1319/1319 1313/1313/1313
f 1313/1313/1313 1319/1319/1319 1298/1298/1298
f 1319/1319/1319 1317/1317/1317 1318/1318/1318
f 1319/1319/1319 1320/1320/1320 1298/1298/1298
f 1320/1320/1320 1299/1299/1299 1298/1298/1298
f 1321/1321/1321 1299/1299/1299 1320/1320/1320
f 1322/1322/1322 1319/1319/1319 1318/1318/1318
f 1320/1320/1320 1319/1319/1319 1322/1322/1322
f 1322/1322/1322 1318/1318/1318 1323/1323/1323
f 1324/1324/1324 1321/1321/1321 1320/1320/1320
f 1324/1324/1324 1320/1320/1320 1322/1322/1322
f 1325/1325/1325 1321/1321/1321 1324/1324/1324
f 1326/1326/1326 1322/1322/1322 1323/1323/1323
f 1324/1324/1324 1322/1322/1322 1326/1326/1326
f 1326/1326/1326 1323/1323/1323 1244/1244/1244
f 1326/1326/1326 1244/1244/1244 1250/1250/1250
f 1327/1327/1327 1325/1325/1325 1324/1324/1324
f 1327/1327/1327 1324/1324/1324 1326/1326/1326
f 1327/1327/1327 1326/1326/1326 1250/1250/1250
f 1251/1251/1251 1325/1325/1325 1327/1327/1327
f 1250/1250/1250 1251/1251/1251 1327/1327/1327
f 1330/1330/1330 1329/1329/1329 1328/1328/1328
f 1329/1329/1329 1330/1330/1330 1331/1331/1331
f 1332/1332/1332 1330/1330/1330 1328/1328/1328
f 1332/1332/1332 1328/1328/1328 1333/1333/1333
f 1330/1330/1330 1334/1334/1334 1331/1331/1331
f 1331/1331/1331 1334/1334/1334 1335/1335/1335
f 1336/1336/1336 1332/1332/1332 1333/1333/1333
f 1336/1336/1336 1333/1333/1333 1337/1337/1337
f 1338/1338/1338 1330/1330/1330 1332/1332/1332
f 1330/1330/1330 1338/1338/1338 1334/1334/1334
f 1334/1334/1334 1339/1339/1339 1335/1335/1335
f 1335/1335/1335 1339/1339/1339 1340/1340/1340
f 1341/1341/1341 1336/1336/1336 1337/1337/1337
f 1341/1341/1341 1337/1337/1337 1342/1342/1342
f 1343/1343/1343 1332/1332/1332 1336/1336/1336
f 1343/1343/1343 1338/1338/1338 1332/1332/1332
f 1338/1338/1338 1344/1344/1344 1334/1334/1334
f 1334/1334/1334 1344/1344/1344 1339/1339/1339
f 1339/1339/1339 1345/1345/1345 1340/1340/1340
f 1340/1340/1340 1345/1345/1345 1346/1346/1346
f 1347/1347/1347 1336/1336/1336 1341/1341/1341
f 1347/1347/1347 1343/1343/1343 1336/1336/1336
f 1348/1348/1348 1338/1338/1338 1343/1343/1343
f 1338/1338/1338 1348/1348/1348 1344/1344/1344
f 1344/1344/1344 1349/1349/1349 1339/1339/1339
f 1339/1339/1339 1349/1349/1349 1345/1345/1345
f 1350/1350/1350 1343/1343/1343 1347/1347/1347
f 1350/1350/1350 1348/1348/1348 1343/1343/1343
f 1348/1348/1348 1351/1351/1351 1344/1344/1344
f 1344/1344/1344 1351/1351/1351 1349/1349/1349
f 1352/1352/1352 1348/1348/1348 1350/1350/1350
f 1348/1348/1348 1352/1352/1352 1351/1351/1351
f 1353/1353/1353 1347/1347/1347 1341/1341/1341
f 1354/1354/1354 1350/1350/1350 1347/1347/1347
f 1354/1354/1354 1347/1347/1347 1353/1353/1353
f 1355/1355/1355 1352/1352/1352 1350/1350/1350
f 1355/1355/1355 1350/1350/1350 1354/1354/1354
f 1353/1353/1353 1341/1341/1341 1356/1356/1356
f 1356/1356/1356 1341/1341/1341 1342/1342/1342
f 1349/1349/1349 1357/1357/1357 1345/1345/1345
f 1351/1351/1351 1358/1358/1358 1349/1349/1349
f 1349/1349/1349 1358/1358/1358 1357/1357/1357
f 1352/1352/1352 1359/1359/1359 1351/1351/1351
f 1351/1351/1351 1359/1359/1359 1358/1358/1358
f 1360/1360/1360 1352/1352/1352 1355/1355/1355
f 1352/1352/1352 1360/1360/1360 1359/1359/1359
f 1345/1345/1345 1357/1357/1357 1361/1361/1361
f 1345/1345/1345 1361/1361/1361 1346/1346/1346
f 1362/1362/1362 1353/1353/1353 1356/1356/1356
f 1356/1356/1356 1342/1342/1342 1363/1363/1363
f 1362/1362/1362 1356/1356/1356 1363/1363/1363
f 1364/1364/1364 1353/1353/1353 1362/1362/1362
f 1364/1364/1364 1354/1354/1354 1353/1353/1353
f 1365/1365/1365 1355/1355/1355 1354/1354/1354
f 1365/1365/1365 1354/1354/1354 1364/1364/1364
f 1366/1366/1366 1360/1360/1360 1355/1355/1355
f 1366/1366/1366 1355/1355/1355 1365/1365/1365
f 1363/1363/1363 1342/1342/1342 1367/1367/1367
f 1342/1342/1342 1368/1368/1368 1367/1367/1367
f 1367/1367/1367 1368/1368/1368 1369/1369/1369
f 1368/1368/1368 1370/1370/1370 1369/1369/1369
f 1362/1362/1362 1363/1363/1363 1371/1371/1371
f 1372/1372/1372 1364/1364/1364 1362/1362/1362
f 1372/1372/1372 1362/1362/1362 1371/1371/1371
f 1373/1373/1373 1365/1365/1365 1364/1364/1364
f 1373/1373/1373 1364/1364/1364 1372/1372/1372
f 1363/1363/1363 1367/1367/1367 1374/1374/1374
f 1371/1371/1371 1363/1363/1363 1374/1374/1374
f 1375/1375/1375 1366/1366/1366 1365/1365/1365
f 1375/1375/1375 1365/1365/1365 1373/1373/1373
f 1367/1367/1367 1369/1369/1369 1376/1376/1376
f 1374/1374/1374 1367/1367/1367 1376/1376/1376
f 1369/1369/1369 1370/1370/1370 1377/1377/1377
f 1376/1376/1376 1369/1369/1369 1378/1378/1378
f 1369/1369/1369 1377/1377/1377 1378/1378/1378
f 1370/1370/1370 1379/1379/1379 1377/1377/1377
f 1370/1370/1370 1380/1380/1380 1379/1379/1379
f 1380/1380/1380 1381/1381/1381 1379/1379/1379
f 1379/1379/1379 1381/1381/1381 1377/1377/1377
f 1380/1380/1380 1382/1382/1382 1381/1381/1381
f 1381/1381/1381 1383/1383/1383 1377/1377/1377
f 1377/1377/1377 1383/1383/1383 1378/1378/1378
f 1382/1382/1382 1384/1384/1384 1381/1381/1381
f 1381/1381/1381 1384/1384/1384 1383/1383/1383
f 1382/1382/1382 1385/1385/1385 1384/1384/1384
f 1385/1385/1385 1386/1386/1386 1384/1384/1384
f 1385/1385/1385 1387/1387/1387 1386/1386/1386
f 1384/1384/1384 1388/1388/1388 1383/1383/1383
f 1384/1384/1384 1386/1386/1386 1388/1388/1388
f 1383/1383/1383 1389/1389/1389 1378/1378/1378
f 1383/1383/1383 1388/1388/1388 1389/1389/1389
f 1376/1376/1376 1378/1378/1378 1390/1390/1390
f 1378/1378/1378 1389/1389/1389 1390/1390/1390
f 1391/1391/1391 1376/1376/1376 1390/1390/1390
f 1374/1374/1374 1376/1376/1376 1391/1391/1391
f 1392/1392/1392 1374/1374/1374 1391/1391/1391
f 1371/1371/1371 1374/1374/1374 1392/1392/1392
f 1393/1393/1393 1371/1371/1371 1392/1392/1392
f 1372/1372/1372 1371/1371/1371 1393/1393/1393
f 1394/1394/1394 1372/1372/1372 1393/1393/1393
f 1394/1394/1394 1373/1373/1373 1372/1372/1372
f 1395/1395/1395 1373/1373/1373 1394/1394/1394
f 1395/1395/1395 1375/1375/1375 1373/1373/1373
f 1388/1388/1388 1396/1396/1396 1389/1389/1389
f 1389/1389/1389 1397/1397/1397 1390/1390/1390
f 1389/1389/1389 1396/1396/1396 1397/1397/1397
f 1391/1391/1391 1390/1390/1390 1398/1398/1398
f 1390/1390/1390 1397/1397/1397 1398/1398/1398
f 1392/1392/1392 1391/1391/1391 1399/1399/1399
f 1399/1399/1399 1391/1391/1391 1398/1398/1398
f 1393/1393/1393 1392/1392/1392 1400/1400/1400
f 1400/1400/1400 1392/1392/1392 1399/1399/1399
f 1394/1394/1394 1393/1393/1393 1401/1401/1401
f 1401/1401/1401 1393/1393/1393 1400/1400/1400
f 1397/1397/1397 1402/1402/1402 1398/1398/1398
f 1399/1399/1399 1398/1398/1398 1402/1402/1402
f 1400/1400/1400 1399/1399/1399 1403/1403/1403
f 1403/1403/1403 1399/1399/1399 1402/1402/1402
f 1397/1397/1397 1404/1404/1404 1402/1402/1402
f 1396/1396/1396 1404/1404/1404 1397/1397/1397
f 1388/1388/1388 1405/1405/1405 1396/1396/1396
f 1386/1386/1386 1405/1405/1405 1388/1388/1388
f 1406/1406/1406 1394/1394/1394 1401/1401/1401
f 1406/1406/1406 1395/1395/1395 1394/1394/1394
f 1401/1401/1401 1400/1400/1400 1407/1407/1407
f 1407/1407/1407 1400/1400/1400 1403/1403/1403
f 1406/1406/1406 1401/1401/1401 1408/1408/1408
f 1395/1395/1395 1406/1406/1406 1408/1408/1408
f 1408/1408/1408 1401/1401/1401 1407/1407/1407
f 1403/1403/1403 1402/1402/1402 1409/1409/1409
f 1404/1404/1404 1409/1409/1409 1402/1402/1402
f 1396/1396/1396 1410/1410/1410 1404/1404/1404
f 1405/1405/1405 1410/1410/1410 1396/1396/1396
f 1386/1386/1386 1411/1411/1411 1405/1405/1405
f 1387/1387/1387 1411/1411/1411 1386/1386/1386
f 1395/1395/1395 1408/1408/1408 1412/1412/1412
f 1375/1375/1375 1395/1395/1395 1412/1412/1412
f 1408/1408/1408 1407/1407/1407 1413/1413/1413
f 1412/1412/1412 1408/1408/1408 1413/1413/1413
f 1407/1407/1407 1403/1403/1403 1414/1414/1414
f 1414/1414/1414 1403/1403/1403 1409/1409/1409
f 1413/1413/1413 1407/1407/1407 1414/1414/1414
f 1404/1404/1404 1415/1415/1415 1409/1409/1409
f 1410/1410/1410 1415/1415/1415 1404/1404/1404
f 1405/1405/1405 1416/1416/1416 1410/1410/1410
f 1411/1411/1411 1416/1416/1416 1405/1405/1405
f 1411/1411/1411 1387/1387/1387 1417/1417/1417
f 1387/1387/1387 1418/1418/1418 1417/1417/1417
f 1414/1414/1414 1409/1409/1409 1419/1419/1419
f 1415/1415/1415 1419/1419/1419 1409/1409/1409
f 1413/1413/1413 1414/1414/1414 1420/1420/1420
f 1420/1420/1420 1414/1414/1414 1419/1419/1419
f 1410/1410/1410 1421/1421/1421 1415/1415/1415
f 1416/1416/1416 1421/1421/1421 1410/1410/1410
f 1416/1416/1416 1411/1411/1411 1422/1422/1422
f 1411/1411/1411 1417/1417/1417 1422/1422/1422
f 1417/1417/1417 1418/1418/1418 1423/1423/1423
f 1418/1418/1418 1424/1424/1424 1423/1423/1423
f 1415/1415/1415 1425/1425/1425 1419/1419/1419
f 1421/1421/1421 1425/1425/1425 1415/1415/1415
f 1421/1421/1421 1416/1416/1416 1426/1426/1426
f 1416/1416/1416 1422/1422/1422 1426/1426/1426
f 1422/1422/1422 1417/1417/1417 1427/1427/1427
f 1417/1417/1417 1423/1423/1423 1427/1427/1427
f 1423/1423/1423 1424/1424/1424 1428/1428/1428
f 1424/1424/1424 1429/1429/1429 1428/1428/1428
f 1425/1425/1425 1430/1430/1430 1419/1419/1419
f 1420/1420/1420 1419/1419/1419 1430/1430/1430
f 1425/1425/1425 1421/1421/1421 1431/1431/1431
f 1421/1421/1421 1426/1426/1426 1431/1431/1431
f 1426/1426/1426 1422/1422/1422 1432/1432/1432
f 1422/1422/1422 1427/1427/1427 1432/1432/1432
f 1427/1427/1427 1423/1423/1423 1433/1433/1433
f 1423/1423/1423 1428/1428/1428 1433/1433/1433
f 1428/1428/1428 1429/1429/1429 1434/1434/1434
f 1429/1429/1429 1435/1435/1435 1434/1434/1434
f 1428/1428/1428 1434/1434/1434 1436/1436/1436
f 1434/1434/1434 1435/1435/1435 1436/1436/1436
f 1433/1433/1433 1428/1428/1428 1436/1436/1436
f 1427/1427/1427 1433/1433/1433 1437/1437/1437
f 1432/1432/1432 1427/1427/1427 1437/1437/1437
f 1426/1426/1426 1432/1432/1432 1438/1438/1438
f 1431/1431/1431 1426/1426/1426 1438/1438/1438
f 1425/1425/1425 1431/1431/1431 1439/1439/1439
f 1430/1430/1430 1425/1425/1425 1439/1439/1439
f 1435/1435/1435 1440/1440/1440 1436/1436/1436
f 1435/1435/1435 1441/1441/1441 1440/1440/1440
f 1433/1433/1433 1436/1436/1436 1442/1442/1442
f 1437/1437/1437 1433/1433/1433 1442/1442/1442
f 1436/1436/1436 1440/1440/1440 1442/1442/1442
f 1432/1432/1432 1437/1437/1437 1443/1443/1443
f 1438/1438/1438 1432/1432/1432 1443/1443/1443
f 1431/1431/1431 1438/1438/1438 1444/1444/1444
f 1439/1439/1439 1431/1431/1431 1444/1444/1444
f 1441/1441/1441 1445/1445/1445 1440/1440/1440
f 1441/1441/1441 1346/1346/1346 1445/1445/1445
f 1440/1440/1440 1446/1446/1446 1442/1442/1442
f 1440/1440/1440 1445/1445/1445 1446/1446/1446
f 1437/1437/1437 1442/1442/1442 1447/1447/1447
f 1443/1443/1443 1437/1437/1437 1447/1447/1447
f 1442/1442/1442 1446/1446/1446 1447/1447/1447
f 1438/1438/1438 1443/1443/1443 1448/1448/1448
f 1444/1444/1444 1438/1438/1438 1448/1448/1448
f 1346/1346/1346 1449/1449/1449 1445/1445/1445
f 1346/1346/1346 1361/1361/1361 1449/1449/1449
f 1443/1443/1443 1447/1447/1447 1450/1450/1450
f 1448/1448/1448 1443/1443/1443 1450/1450/1450
f 1446/1446/1446 1451/1451/1451 1447/1447/1447
f 1447/1447/1447 1451/1451/1451 1450/1450/1450
f 1445/1445/1445 1452/1452/1452 1446/1446/1446
f 1445/1445/1445 1449/1449/1449 1452/1452/1452
f 1446/1446/1446 1452/1452/1452 1451/1451/1451
f 1361/1361/1361 1453/1453/1453 1449/1449/1449
f 1357/1357/1357 1453/1453/1453 1361/1361/1361
f 1450/1450/1450 1454/1454/1454 1448/1448/1448
f 1451/1451/1451 1454/1454/1454 1450/1450/1450
f 1448/1448/1448 1455/1455/1455 1444/1444/1444
f 1454/1454/1454 1455/1455/1455 1448/1448/1448
f 1449/1449/1449 1456/1456/1456 1452/1452/1452
f 1449/1449/1449 1453/1453/1453 1456/1456/1456
f 1452/1452/1452 1457/1457/1457 1451/1451/1451
f 1451/1451/1451 1457/1457/1457 1454/1454/1454
f 1452/1452/1452 1456/1456/1456 1457/1457/1457
f 1357/1357/1357 1458/1458/1458 1453/1453/1453
f 1358/1358/1358 1458/1458/1458 1357/1357/1357
f 1457/1457/1457 1459/1459/1459 1454/1454/1454
f 1454/1454/1454 1459/1459/1459 1455/1455/1455
f 1455/1455/1455 1460/1460/1460 1444/1444/1444
f 1444/1444/1444 1460/1460/1460 1439/1439/1439
f 1453/1453/1453 1461/1461/1461 1456/1456/1456
f 1458/1458/1458 1461/1461/1461 1453/1453/1453
f 1456/1456/1456 1462/1462/1462 1457/1457/1457
f 1457/1457/1457 1462/1462/1462 1459/1459/1459
f 1456/1456/1456 1461/1461/1461 1462/1462/1462
f 1358/1358/1358 1463/1463/1463 1458/1458/1458
f 1359/1359/1359 1463/1463/1463 1358/1358/1358
f 1459/1459/1459 1464/1464/1464 1455/1455/1455
f 1455/1455/1455 1464/1464/1464 1460/1460/1460
f 1460/1460/1460 1465/1465/1465 1439/1439/1439
f 1439/1439/1439 1465/1465/1465 1430/1430/1430
f 1462/1462/1462 1466/1466/1466 1459/1459/1459
f 1459/1459/1459 1466/1466/1466 1464/1464/1464
f 1461/1461/1461 1467/1467/1467 1462/1462/1462
f 1462/1462/1462 1467/1467/1467 1466/1466/1466
f 1458/1458/1458 1468/1468/1468 1461/1461/1461
f 1463/1463/1463 1468/1468/1468 1458/1458/1458
f 1468/1468/1468 1467/1467/1467 1461/1461/1461
f 1359/1359/1359 1469/1469/1469 1463/1463/1463
f 1360/1360/1360 1469/1469/1469 1359/1359/1359
f 1464/1464/1464 1470/1470/1470 1460/1460/1460
f 1460/1460/1460 1470/1470/1470 1465/1465/1465
f 1466/1466/1466 1471/1471/1471 1464/1464/1464
f 1464/1464/1464 1471/1471/1471 1470/1470/1470
f 1467/1467/1467 1472/1472/1472 1466/1466/1466
f 1466/1466/1466 1472/1472/1472 1471/1471/1471
f 1473/1473/1473 1472/1472/1472 1467/1467/1467
f 1468/1468/1468 1473/1473/1473 1467/1467/1467
f 1472/1472/1472 1473/1473/1473 1471/1471/1471
f 1463/1463/1463 1474/1474/1474 1468/1468/1468
f 1474/1474/1474 1473/1473/1473 1468/1468/1468
f 1469/1469/1469 1474/1474/1474 1463/1463/1463
f 1471/1471/1471 1473/1473/1473 1475/1475/1475
f 1471/1471/1471 1475/1475/1475 1470/1470/1470
f 1473/1473/1473 1474/1474/1474 1475/1475/1475
f 1469/1469/1469 1360/1360/1360 1476/1476/1476
f 1360/1360/1360 1366/1366/1366 1476/1476/1476
f 1474/1474/1474 1469/1469/1469 1477/1477/1477
f 1475/1475/1475 1474/1474/1474 1477/1477/1477
f 1477/1477/1477 1469/1469/1469 1476/1476/1476
f 1470/1470/1470 1475/1475/1475 1478/1478/1478
f 1475/1475/1475 1477/1477/1477 1478/1478/1478
f 1470/1470/1470 1478/1478/1478 1465/1465/1465
f 1366/1366/1366 1479/1479/1479 1476/1476/1476
f 1366/1366/1366 1375/1375/1375 1479/1479/1479
f 1375/1375/1375 1412/1412/1412 1479/1479/1479
f 1477/1477/1477 1476/1476/1476 1480/1480/1480
f 1478/1478/1478 1477/1477/1477 1480/1480/1480
f 1476/1476/1476 1479/1479/1479 1480/1480/1480
f 1465/1465/1465 1478/1478/1478 1481/1481/1481
f 1478/1478/1478 1480/1480/1480 1481/1481/1481
f 1465/1465/1465 1481/1481/1481 1430/1430/1430
f 1481/1481/1481 1420/1420/1420 1430/1430/1430
f 1479/1479/1479 1412/1412/1412 1482/1482/1482
f 1479/1479/1479 1482/1482/1482 1480/1480/1480
f 1480/1480/1480 1482/1482/1482 1481/1481/1481
f 1482/1482/1482 1420/1420/1420 1481/1481/1481
f 1412/1412/1412 1413/1413/1413 1482/1482/1482
f 1482/1482/1482 1413/1413/1413 1420/1420/1420
f 1485/1485/1485 1484/1484/1484 1483/1483/1483
f 1486/1486/1486 1485/1485/1485 1483/1483/1483
f 1483/1483/1483 1487/1487/1487 1486/1486/1486
f 1488/1488/1488 1485/1485/1485 1486/1486/1486
f 1483/1483/1483 1484/1484/1484 1489/1489/1489
f 1487/1487/1487 1483/1483/1483 1489/1489/1489
f 1484/1484/1484 1490/1490/1490 1489/1489/1489
f 1491/1491/1491 1488/1488/1488 1486/1486/1486
f 1492/1492/1492 1488/1488/1488 1491/1491/1491
f 1489/1489/1489 1490/1490/1490 1493/1493/1493
f 1490/1490/1490 1494/1494/1494 1493/1493/1493
f 1487/1487/1487 1495/1495/1495 1486/1486/1486
f 1486/1486/1486 1495/1495/1495 1491/1491/1491
f 1496/1496/1496 1492/1492/1492 1491/1491/1491
f 1497/1497/1497 1492/1492/1492 1496/1496/1496
f 1498/1498/1498 1497/1497/1497 1496/1496/1496
f 1499/1499/1499 1497/1497/1497 1498/1498/1498
f 1496/1496/1496 1491/1491/1491 1500/1500/1500
f 1496/1496/1496 1500/1500/1500 1498/1498/1498
f 1501/1501/1501 1499/1499/1499 1498/1498/1498
f 1502/1502/1502 1499/1499/1499 1501/1501/1501
f 1494/1494/1494 1502/1502/1502 1503/1503/1503
f 1493/1493/1493 1494/1494/1494 1503/1503/1503
f 1503/1503/1503 1502/1502/1502 1501/1501/1501
f 1495/1495/1495 1504/1504/1504 1491/1491/1491
f 1491/1491/1491 1504/1504/1504 1500/1500/1500
f 1500/1500/1500 1505/1505/1505 1498/1498/1498
f 1501/1501/1501 1498/1498/1498 1505/1505/1505
f 1506/1506/1506 1503/1503/1503 1501/1501/1501
f 1493/1493/1493 1503/1503/1503 1506/1506/1506
f 1500/1500/1500 1504/1504/1504 1507/1507/1507
f 1500/1500/1500 1507/1507/1507 1505/1505/1505
f 1495/1495/1495 1508/1508/1508 1504/1504/1504
f 1504/1504/1504 1508/1508/1508 1507/1507/1507
f 1509/1509/1509 1501/1501/1501 1505/1505/1505
f 1509/1509/1509 1506/1506/1506 1501/1501/1501
f 1510/1510/1510 1505/1505/1505 1507/1507/1507
f 1505/1505/1505 1510/1510/1510 1509/1509/1509
f 1511/1511/1511 1508/1508/1508 1495/1495/1495
f 1511/1511/1511 1495/1495/1495 1487/1487/1487
f 1507/1507/1507 1508/1508/1508 1512/1512/1512
f 1512/1512/1512 1510/1510/1510 1507/1507/1507
f 1508/1508/1508 1513/1513/1513 1512/1512/1512
f 1508/1508/1508 1511/1511/1511 1513/1513/1513
f 1512/1512/1512 1514/1514/1514 1510/1510/1510
f 1512/1512/1512 1513/1513/1513 1514/1514/1514
f 1515/1515/1515 1493/1493/1493 1506/1506/1506
f 1516/1516/1516 1506/1506/1506 1509/1509/1509
f 1515/1515/1515 1506/1506/1506 1516/1516/1516
f 1510/1510/1510 1517/1517/1517 1509/1509/1509
f 1509/1509/1509 1517/1517/1517 1516/1516/1516
f 1515/1515/1515 1518/1518/1518 1493/1493/1493
f 1518/1518/1518 1489/1489/1489 1493/1493/1493
f 1518/1518/1518 1487/1487/1487 1489/1489/1489
f 1519/1519/1519 1515/1515/1515 1516/1516/1516
f 1519/1519/1519 1518/1518/1518 1515/1515/1515
f 1518/1518/1518 1520/1520/1520 1487/1487/1487
f 1519/1519/1519 1520/1520/1520 1518/1518/1518
f 1519/1519/1519 1516/1516/1516 1521/1521/1521
f 1517/1517/1517 1521/1521/1521 1516/1516/1516
f 1522/1522/1522 1521/1521/1521 1517/1517/1517
f 1523/1523/1523 1519/1519/1519 1521/1521/1521
f 1520/1520/1520 1519/1519/1519 1523/1523/1523
f 1523/1523/1523 1521/1521/1521 1522/1522/1522
f 1517/1517/1517 1510/1510/1510 1524/1524/1524
f 1514/1514/1514 1524/1524/1524 1510/1510/1510
f 1520/1520/1520 1525/1525/1525 1487/1487/1487
f 1525/1525/1525 1511/1511/1511 1487/1487/1487
f 1526/1526/1526 1525/1525/1525 1520/1520/1520
f 1525/1525/1525 1526/1526/1526 1511/1511/1511
f 1527/1527/1527 1520/1520/1520 1523/1523/1523
f 1527/1527/1527 1526/1526/1526 1520/1520/1520
f 1528/1528/1528 1527/1527/1527 1523/1523/1523
f 1528/1528/1528 1523/1523/1523 1522/1522/1522
f 1528/1528/1528 1529/1529/1529 1527/1527/1527
f 1527/1527/1527 1529/1529/1529 1526/1526/1526
f 1526/1526/1526 1530/1530/1530 1511/1511/1511
f 1511/1511/1511 1530/1530/1530 1513/1513/1513
f 1531/1531/1531 1517/1517/1517 1524/1524/1524
f 1531/1531/1531 1522/1522/1522 1517/1517/1517
f 1513/1513/1513 1532/1532/1532 1514/1514/1514
f 1530/1530/1530 1532/1532/1532 1513/1513/1513
f 1533/1533/1533 1528/1528/1528 1522/1522/1522
f 1533/1533/1533 1529/1529/1529 1528/1528/1528
f 1534/1534/1534 1529/1529/1529 1533/1533/1533
f 1529/1529/1529 1535/1535/1535 1526/1526/1526
f 1526/1526/1526 1535/1535/1535 1530/1530/1530
f 1536/1536/1536 1533/1533/1533 1522/1522/1522
f 1534/1534/1534 1533/1533/1533 1536/1536/1536
f 1537/1537/1537 1536/1536/1536 1522/1522/1522
f 1531/1531/1531 1537/1537/1537 1522/1522/1522
f 1538/1538/1538 1536/1536/1536 1537/1537/1537
f 1538/1538/1538 1534/1534/1534 1536/1536/1536
f 1531/1531/1531 1539/1539/1539 1537/1537/1537
f 1539/1539/1539 1538/1538/1538 1537/1537/1537
f 1529/1529/1529 1540/1540/1540 1535/1535/1535
f 1540/1540/1540 1529/1529/1529 1534/1534/1534
f 1541/1541/1541 1539/1539/1539 1531/1531/1531
f 1541/1541/1541 1531/1531/1531 1524/1524/1524
f 1524/1524/1524 1542/1542/1542 1541/1541/1541
f 1542/1542/1542 1543/1543/1543 1541/1541/1541
f 1538/1538/1538 1544/1544/1544 1534/1534/1534
f 1539/1539/1539 1544/1544/1544 1538/1538/1538
f 1541/1541/1541 1545/1545/1545 1539/1539/1539
f 1543/1543/1543 1545/1545/1545 1541/1541/1541
f 1546/1546/1546 1542/1542/1542 1524/1524/1524
f 1514/1514/1514 1546/1546/1546 1524/1524/1524
f 1514/1514/1514 1547/1547/1547 1546/1546/1546
f 1547/1547/1547 1514/1514/1514 1532/1532/1532
f 1548/1548/1548 1544/1544/1544 1539/1539/1539
f 1545/1545/1545 1548/1548/1548 1539/1539/1539
f 1549/1549/1549 1542/1542/1542 1546/1546/1546
f 1547/1547/1547 1549/1549/1549 1546/1546/1546
f 1534/1534/1534 1544/1544/1544 1550/1550/1550
f 1544/1544/1544 1548/1548/1548 1551/1551/1551
f 1551/1551/1551 1550/1550/1550 1544/1544/1544
f 1550/1550/1550 1552/1552/1552 1534/1534/1534
f 1552/1552/1552 1540/1540/1540 1534/1534/1534
f 1540/1540/1540 1552/1552/1552 1553/1553/1553
f 1540/1540/1540 1553/1553/1553 1535/1535/1535
f 1535/1535/1535 1553/1553/1553 1554/1554/1554
f 1552/1552/1552 1555/1555/1555 1553/1553/1553
f 1554/1554/1554 1553/1553/1553 1555/1555/1555
f 1556/1556/1556 1552/1552/1552 1550/1550/1550
f 1552/1552/1552 1556/1556/1556 1555/1555/1555
f 1557/1557/1557 1535/1535/1535 1554/1554/1554
f 1535/1535/1535 1557/1557/1557 1530/1530/1530
f 1530/1530/1530 1557/1557/1557 1558/1558/1558
f 1530/1530/1530 1558/1558/1558 1532/1532/1532
f 1559/1559/1559 1557/1557/1557 1554/1554/1554
f 1558/1558/1558 1557/1557/1557 1559/1559/1559
f 1532/1532/1532 1558/1558/1558 1560/1560/1560
f 1560/1560/1560 1547/1547/1547 1532/1532/1532
f 1561/1561/1561 1558/1558/1558 1559/1559/1559
f 1558/1558/1558 1561/1561/1561 1560/1560/1560
f 1560/1560/1560 1562/1562/1562 1547/1547/1547
f 1561/1561/1561 1562/1562/1562 1560/1560/1560
f 1562/1562/1562 1549/1549/1549 1547/1547/1547
f 1561/1561/1561 1559/1559/1559 1563/1563/1563
f 1559/1559/1559 1554/1554/1554 1563/1563/1563
f 1561/1561/1561 1564/1564/1564 1562/1562/1562
f 1564/1564/1564 1561/1561/1561 1563/1563/1563
f 1549/1549/1549 1562/1562/1562 1565/1565/1565
f 1564/1564/1564 1565/1565/1565 1562/1562/1562
f 1566/1566/1566 1549/1549/1549 1565/1565/1565
f 1549/1549/1549 1566/1566/1566 1542/1542/1542
f 1554/1554/1554 1567/1567/1567 1563/1563/1563
f 1563/1563/1563 1568/1568/1568 1564/1564/1564
f 1563/1563/1563 1567/1567/1567 1568/1568/1568
f 1554/1554/1554 1569/1569/1569 1567/1567/1567
f 1569/1569/1569 1554/1554/1554 1555/1555/1555
f 1564/1564/1564 1570/1570/1570 1565/1565/1565
f 1568/1568/1568 1570/1570/1570 1564/1564/1564
f 1567/1567/1567 1571/1571/1571 1568/1568/1568
f 1571/1571/1571 1567/1567/1567 1569/1569/1569
f 1571/1571/1571 1569/1569/1569 1572/1572/1572
f 1569/1569/1569 1555/1555/1555 1573/1573/1573
f 1569/1569/1569 1573/1573/1573 1572/1572/1572
f 1574/1574/1574 1568/1568/1568 1571/1571/1571
f 1570/1570/1570 1568/1568/1568 1574/1574/1574
f 1555/1555/1555 1575/1575/1575 1573/1573/1573
f 1556/1556/1556 1575/1575/1575 1555/1555/1555
f 1571/1571/1571 1572/1572/1572 1576/1576/1576
f 1576/1576/1576 1574/1574/1574 1571/1571/1571
f 1577/1577/1577 1574/1574/1574 1576/1576/1576
f 1578/1578/1578 1570/1570/1570 1574/1574/1574
f 1578/1578/1578 1574/1574/1574 1577/1577/1577
f 1570/1570/1570 1579/1579/1579 1565/1565/1565
f 1570/1570/1570 1578/1578/1578 1580/1580/1580
f 1579/1579/1579 1570/1570/1570 1580/1580/1580
f 1579/1579/1579 1581/1581/1581 1565/1565/1565
f 1581/1581/1581 1566/1566/1566 1565/1565/1565
f 1579/1579/1579 1580/1580/1580 1582/1582/1582
f 1581/1581/1581 1579/1579/1579 1582/1582/1582
f 1566/1566/1566 1581/1581/1581 1583/1583/1583
f 1566/1566/1566 1583/1583/1583 1542/1542/1542
f 1581/1581/1581 1582/1582/1582 1584/1584/1584
f 1581/1581/1581 1584/1584/1584 1583/1583/1583
f 1583/1583/1583 1585/1585/1585 1542/1542/1542
f 1542/1542/1542 1585/1585/1585 1543/1543/1543
f 1586/1586/1586 1585/1585/1585 1583/1583/1583
f 1584/1584/1584 1586/1586/1586 1583/1583/1583
f 1586/1586/1586 1543/1543/1543 1585/1585/1585
f 1587/1587/1587 1586/1586/1586 1584/1584/1584
f 1543/1543/1543 1586/1586/1586 1587/1587/1587
f 1580/1580/1580 1578/1578/1578 1588/1588/1588
f 1582/1582/1582 1580/1580/1580 1589/1589/1589
f 1580/1580/1580 1588/1588/1588 1589/1589/1589
f 1582/1582/1582 1590/1590/1590 1584/1584/1584
f 1582/1582/1582 1589/1589/1589 1590/1590/1590
f 1591/1591/1591 1587/1587/1587 1584/1584/1584
f 1590/1590/1590 1591/1591/1591 1584/1584/1584
f 1587/1587/1587 1592/1592/1592 1543/1543/1543
f 1587/1587/1587 1591/1591/1591 1592/1592/1592
f 1578/1578/1578 1593/1593/1593 1588/1588/1588
f 1593/1593/1593 1578/1578/1578 1577/1577/1577
f 1593/1593/1593 1594/1594/1594 1588/1588/1588
f 1593/1593/1593 1577/1577/1577 1594/1594/1594
f 1588/1588/1588 1595/1595/1595 1589/1589/1589
f 1594/1594/1594 1595/1595/1595 1588/1588/1588
f 1592/1592/1592 1596/1596/1596 1543/1543/1543
f 1543/1543/1543 1596/1596/1596 1545/1545/1545
f 1596/1596/1596 1597/1597/1597 1545/1545/1545
f 1545/1545/1545 1597/1597/1597 1548/1548/1548
f 1597/1597/1597 1598/1598/1598 1548/1548/1548
f 1548/1548/1548 1598/1598/1598 1551/1551/1551
f 1598/1598/1598 1599/1599/1599 1551/1551/1551
f 1551/1551/1551 1599/1599/1599 1550/1550/1550
f 1599/1599/1599 1600/1600/1600 1550/1550/1550
f 1600/1600/1600 1556/1556/1556 1550/1550/1550
f 1601/1601/1601 1556/1556/1556 1600/1600/1600
f 1556/1556/1556 1601/1601/1601 1575/1575/1575
f 1592/1592/1592 1602/1602/1602 1596/1596/1596
f 1596/1596/1596 1603/1603/1603 1597/1597/1597
f 1602/1602/1602 1603/1603/1603 1596/1596/1596
f 1597/1597/1597 1604/1604/1604 1598/1598/1598
f 1603/1603/1603 1604/1604/1604 1597/1597/1597
f 1598/1598/1598 1605/1605/1605 1599/1599/1599
f 1604/1604/1604 1605/1605/1605 1598/1598/1598
f 1599/1599/1599 1606/1606/1606 1600/1600/1600
f 1605/1605/1605 1606/1606/1606 1599/1599/1599
f 1606/1606/1606 1607/1607/1607 1600/1600/1600
f 1607/1607/1607 1601/1601/1601 1600/1600/1600
f 1606/1606/1606 1608/1608/1608 1607/1607/1607
f 1605/1605/1605 1608/1608/1608 1606/1606/1606
f 1592/1592/1592 1572/1572/1572 1602/1602/1602
f 1572/1572/1572 1592/1592/1592 1591/1591/1591
f 1607/1607/1607 1609/1609/1609 1601/1601/1601
f 1608/1608/1608 1609/1609/1609 1607/1607/1607
f 1576/1576/1576 1572/1572/1572 1591/1591/1591
f 1576/1576/1576 1591/1591/1591 1610/1610/1610
f 1610/1610/1610 1591/1591/1591 1590/1590/1590
f 1577/1577/1577 1576/1576/1576 1610/1610/1610
f 1572/1572/1572 1611/1611/1611 1602/1602/1602
f 1572/1572/1572 1573/1573/1573 1611/1611/1611
f 1612/1612/1612 1610/1610/1610 1590/1590/1590
f 1589/1589/1589 1612/1612/1612 1590/1590/1590
f 1589/1589/1589 1613/1613/1613 1612/1612/1612
f 1595/1595/1595 1613/1613/1613 1589/1589/1589
f 1612/1612/1612 1614/1614/1614 1610/1610/1610
f 1613/1613/1613 1614/1614/1614 1612/1612/1612
f 1577/1577/1577 1610/1610/1610 1615/1615/1615
f 1610/1610/1610 1614/1614/1614 1615/1615/1615
f 1573/1573/1573 1616/1616/1616 1611/1611/1611
f 1573/1573/1573 1575/1575/1575 1616/1616/1616
f 1617/1617/1617 1577/1577/1577 1615/1615/1615
f 1594/1594/1594 1577/1577/1577 1617/1617/1617
f 1594/1594/1594 1618/1618/1618 1595/1595/1595
f 1618/1618/1618 1594/1594/1594 1617/1617/1617
f 1595/1595/1595 1619/1619/1619 1613/1613/1613
f 1618/1618/1618 1619/1619/1619 1595/1595/1595
f 1613/1613/1613 1620/1620/1620 1614/1614/1614
f 1619/1619/1619 1620/1620/1620 1613/1613/1613
f 1575/1575/1575 1621/1621/1621 1616/1616/1616
f 1601/1601/1601 1621/1621/1621 1575/1575/1575
f 1601/1601/1601 1622/1622/1622 1621/1621/1621
f 1609/1609/1609 1622/1622/1622 1601/1601/1601
f 1621/1621/1621 1623/1623/1623 1616/1616/1616
f 1622/1622/1622 1623/1623/1623 1621/1621/1621
f 1620/1620/1620 1624/1624/1624 1614/1614/1614
f 1615/1615/1615 1614/1614/1614 1624/1624/1624
f 1623/1623/1623 1625/1625/1625 1616/1616/1616
f 1616/1616/1616 1625/1625/1625 1611/1611/1611
f 1625/1625/1625 1626/1626/1626 1611/1611/1611
f 1611/1611/1611 1626/1626/1626 1602/1602/1602
f 1626/1626/1626 1627/1627/1627 1602/1602/1602
f 1602/1602/1602 1627/1627/1627 1603/1603/1603
f 1603/1603/1603 1627/1627/1627 1628/1628/1628
f 1603/1603/1603 1628/1628/1628 1604/1604/1604
f 1628/1628/1628 1629/1629/1629 1604/1604/1604
f 1604/1604/1604 1629/1629/1629 1605/1605/1605
f 1628/1628/1628 1627/1627/1627 1630/1630/1630
f 1628/1628/1628 1630/1630/1630 1629/1629/1629
f 1629/1629/1629 1631/1631/1631 1605/1605/1605
f 1631/1631/1631 1608/1608/1608 1605/1605/1605
f 1630/1630/1630 1632/1632/1632 1629/1629/1629
f 1629/1629/1629 1632/1632/1632 1631/1631/1631
f 1633/1633/1633 1608/1608/1608 1631/1631/1631
f 1608/1608/1608 1633/1633/1633 1609/1609/1609
f 1632/1632/1632 1634/1634/1634 1631/1631/1631
f 1634/1634/1634 1633/1633/1633 1631/1631/1631
f 1633/1633/1633 1635/1635/1635 1609/1609/1609
f 1609/1609/1609 1635/1635/1635 1622/1622/1622
f 1636/1636/1636 1633/1633/1633 1634/1634/1634
f 1633/1633/1633 1636/1636/1636 1635/1635/1635
f 1635/1635/1635 1637/1637/1637 1622/1622/1622
f 1622/1622/1622 1637/1637/1637 1623/1623/1623
f 1635/1635/1635 1636/1636/1636 1638/1638/1638
f 1635/1635/1635 1638/1638/1638 1637/1637/1637
f 1637/1637/1637 1639/1639/1639 1623/1623/1623
f 1623/1623/1623 1639/1639/1639 1625/1625/1625
f 1638/1638/1638 1640/1640/1640 1637/1637/1637
f 1637/1637/1637 1640/1640/1640 1639/1639/1639
f 1639/1639/1639 1641/1641/1641 1625/1625/1625
f 1625/1625/1625 1641/1641/1641 1626/1626/1626
f 1640/1640/1640 1642/1642/1642 1639/1639/1639
f 1639/1639/1639 1642/1642/1642 1641/1641/1641
f 1641/1641/1641 1643/1643/1643 1626/1626/1626
f 1626/1626/1626 1643/1643/1643 1627/1627/1627
f 1642/1642/1642 1644/1644/1644 1641/1641/1641
f 1641/1641/1641 1644/1644/1644 1643/1643/1643
f 1643/1643/1643 1645/1645/1645 1627/1627/1627
f 1627/1627/1627 1645/1645/1645 1630/1630/1630
f 1630/1630/1630 1645/1645/1645 1646/1646/1646
f 1630/1630/1630 1646/1646/1646 1632/1632/1632
f 1643/1643/1643 1647/1647/1647 1645/1645/1645
f 1645/1645/1645 1647/1647/1647 1646/1646/1646
f 1646/1646/1646 1648/1648/1648 1632/1632/1632
f 1632/1632/1632 1648/1648/1648 1634/1634/1634
f 1644/1644/1644 1649/1649/1649 1643/1643/1643
f 1649/1649/1649 1647/1647/1647 1643/1643/1643
f 1646/1646/1646 1647/1647/1647 1650/1650/1650
f 1646/1646/1646 1650/1650/1650 1648/1648/1648
f 1648/1648/1648 1651/1651/1651 1634/1634/1634
f 1651/1651/1651 1636/1636/1636 1634/1634/1634
f 1647/1647/1647 1649/1649/1649 1652/1652/1652
f 1647/1647/1647 1652/1652/1652 1650/1650/1650
f 1648/1648/1648 1653/1653/1653 1651/1651/1651
f 1650/1650/1650 1653/1653/1653 1648/1648/1648
f 1654/1654/1654 1636/1636/1636 1651/1651/1651
f 1654/1654/1654 1638/1638/1638 1636/1636/1636
f 1653/1653/1653 1655/1655/1655 1651/1651/1651
f 1655/1655/1655 1654/1654/1654 1651/1651/1651
f 1644/1644/1644 1656/1656/1656 1649/1649/1649
f 1649/1649/1649 1657/1657/1657 1652/1652/1652
f 1656/1656/1656 1657/1657/1657 1649/1649/1649
f 1652/1652/1652 1658/1658/1658 1650/1650/1650
f 1657/1657/1657 1658/1658/1658 1652/1652/1652
f 1650/1650/1650 1659/1659/1659 1653/1653/1653
f 1658/1658/1658 1659/1659/1659 1650/1650/1650
f 1653/1653/1653 1660/1660/1660 1655/1655/1655
f 1659/1659/1659 1660/1660/1660 1653/1653/1653
f 1655/1655/1655 1661/1661/1661 1654/1654/1654
f 1660/1660/1660 1661/1661/1661 1655/1655/1655
f 1654/1654/1654 1662/1662/1662 1638/1638/1638
f 1661/1661/1661 1662/1662/1662 1654/1654/1654
f 1663/1663/1663 1656/1656/1656 1644/1644/1644
f 1642/1642/1642 1663/1663/1663 1644/1644/1644
f 1662/1662/1662 1664/1664/1664 1638/1638/1638
f 1638/1638/1638 1664/1664/1664 1640/1640/1640
f 1640/1640/1640 1665/1665/1665 1642/1642/1642
f 1665/1665/1665 1663/1663/1663 1642/1642/1642
f 1664/1664/1664 1665/1665/1665 1640/1640/1640
f 1665/1665/1665 1666/1666/1666 1663/1663/1663
f 1664/1664/1664 1666/1666/1666 1665/1665/1665
f 1663/1663/1663 1667/1667/1667 1656/1656/1656
f 1666/1666/1666 1667/1667/1667 1663/1663/1663
f 1667/1667/1667 1668/1668/1668 1656/1656/1656
f 1656/1656/1656 1668/1668/1668 1657/1657/1657
f 1660/1660/1660 1669/1669/1669 1661/1661/1661
f 1661/1661/1661 1670/1670/1670 1662/1662/1662
f 1669/1669/1669 1670/1670/1670 1661/1661/1661
f 1662/1662/1662 1671/1671/1671 1664/1664/1664
f 1670/1670/1670 1671/1671/1671 1662/1662/1662
f 1664/1664/1664 1672/1672/1672 1666/1666/1666
f 1671/1671/1671 1672/1672/1672 1664/1664/1664
f 1673/1673/1673 1671/1671/1671 1670/1670/1670
f 1672/1672/1672 1671/1671/1671 1673/1673/1673
f 1673/1673/1673 1670/1670/1670 1669/1669/1669
f 1672/1672/1672 1674/1674/1674 1666/1666/1666
f 1666/1666/1666 1674/1674/1674 1667/1667/1667
f 1674/1674/1674 1672/1672/1672 1673/1673/1673
f 1667/1667/1667 1675/1675/1675 1668/1668/1668
f 1674/1674/1674 1675/1675/1675 1667/1667/1667
f 1674/1674/1674 1673/1673/1673 1676/1676/1676
f 1675/1675/1675 1674/1674/1674 1676/1676/1676
f 1676/1676/1676 1673/1673/1673 1669/1669/1669
f 1675/1675/1675 1677/1677/1677 1668/1668/1668
f 1677/1677/1677 1675/1675/1675 1676/1676/1676
f 1668/1668/1668 1677/1677/1677 1657/1657/1657
f 1678/1678/1678 1676/1676/1676 1669/1669/1669
f 1678/1678/1678 1677/1677/1677 1676/1676/1676
f 1677/1677/1677 1679/1679/1679 1657/1657/1657
f 1657/1657/1657 1679/1679/1679 1658/1658/1658
f 1679/1679/1679 1677/1677/1677 1680/1680/1680
f 1679/1679/1679 1680/1680/1680 1658/1658/1658
f 1677/1677/1677 1678/1678/1678 1680/1680/1680
f 1658/1658/1658 1680/1680/1680 1659/1659/1659
f 1681/1681/1681 1678/1678/1678 1669/1669/1669
f 1680/1680/1680 1678/1678/1678 1681/1681/1681
f 1680/1680/1680 1681/1681/1681 1659/1659/1659
f 1681/1681/1681 1669/1669/1669 1660/1660/1660
f 1659/1659/1659 1681/1681/1681 1660/1660/1660
f 1620/1620/1620 1682/1682/1682 1624/1624/1624
f 1682/1682/1682 1683/1683/1683 1624/1624/1624
f 1624/1624/1624 1683/1683/1683 1615/1615/1615
f 1684/1684/1684 1682/1682/1682 1620/1620/1620
f 1619/1619/1619 1684/1684/1684 1620/1620/1620
f 1683/1683/1683 1685/1685/1685 1615/1615/1615
f 1615/1615/1615 1685/1685/1685 1617/1617/1617
f 1686/1686/1686 1684/1684/1684 1619/1619/1619
f 1618/1618/1618 1686/1686/1686 1619/1619/1619
f 1617/1617/1617 1687/1687/1687 1618/1618/1618
f 1685/1685/1685 1687/1687/1687 1617/1617/1617
f 1687/1687/1687 1686/1686/1686 1618/1618/1618
f 1684/1684/1684 1688/1688/1688 1682/1682/1682
f 1682/1682/1682 1689/1689/1689 1683/1683/1683
f 1688/1688/1688 1689/1689/1689 1682/1682/1682
f 1690/1690/1690 1688/1688/1688 1684/1684/1684
f 1686/1686/1686 1690/1690/1690 1684/1684/1684
f 1688/1688/1688 1690/1690/1690 1689/1689/1689
f 1689/1689/1689 1691/1691/1691 1683/1683/1683
f 1683/1683/1683 1691/1691/1691 1685/1685/1685
f 1690/1690/1690 1691/1691/1691 1689/1689/1689
f 1692/1692/1692 1690/1690/1690 1686/1686/1686
f 1687/1687/1687 1692/1692/1692 1686/1686/1686
f 1690/1690/1690 1692/1692/1692 1691/1691/1691
f 1691/1691/1691 1693/1693/1693 1685/1685/1685
f 1685/1685/1685 1693/1693/1693 1687/1687/1687
f 1693/1693/1693 1692/1692/1692 1687/1687/1687
f 1692/1692/1692 1693/1693/1693 1691/1691/1691
f 1696/1696/1696 1695/1695/1695 1694/1694/1694
f 1695/1695/1695 1697/1697/1697 1694/1694/1694
f 1698/1698/1698 1694/1694/1694 1697/1697/1697
f 1695/1695/1695 1699/1699/1699 1697/1697/1697
f 1696/1696/1696 1694/1694/1694 1700/1700/1700
f 1694/1694/1694 1698/1698/1698 1700/1700/1700
f 1701/1701/1701 1696/1696/1696 1700/1700/1700
f 1699/1699/1699 1702/1702/1702 1697/1697/1697
f 1699/1699/1699 1703/1703/1703 1702/1702/1702
f 1701/1701/1701 1700/1700/1700 1704/1704/1704
f 1705/1705/1705 1701/1701/1701 1704/1704/1704
f 1706/1706/1706 1698/1698/1698 1697/1697/1697
f 1706/1706/1706 1697/1697/1697 1702/1702/1702
f 1703/1703/1703 1707/1707/1707 1702/1702/1702
f 1703/1703/1703 1708/1708/1708 1707/1707/1707
f 1708/1708/1708 1709/1709/1709 1707/1707/1707
f 1708/1708/1708 1710/1710/1710 1709/1709/1709
f 1702/1702/1702 1707/1707/1707 1711/1711/1711
f 1711/1711/1711 1707/1707/1707 1709/1709/1709
f 1710/1710/1710 1712/1712/1712 1709/1709/1709
f 1710/1710/1710 1713/1713/1713 1712/1712/1712
f 1713/1713/1713 1705/1705/1705 1714/1714/1714
f 1705/1705/1705 1704/1704/1704 1714/1714/1714
f 1713/1713/1713 1714/1714/1714 1712/1712/1712
f 1715/1715/1715 1706/1706/1706 1702/1702/1702
f 1715/1715/1715 1702/1702/1702 1711/1711/1711
f 1716/1716/1716 1711/1711/1711 1709/1709/1709
f 1709/1709/1709 1712/1712/1712 1716/1716/1716
f 1714/1714/1714 1717/1717/1717 1712/1712/1712
f 1714/1714/1714 1704/1704/1704 1717/1717/1717
f 1715/1715/1715 1711/1711/1711 1718/1718/1718
f 1718/1718/1718 1711/1711/1711 1716/1716/1716
f 1719/1719/1719 1706/1706/1706 1715/1715/1715
f 1719/1719/1719 1715/1715/1715 1718/1718/1718
f 1712/1712/1712 1720/1720/1720 1716/1716/1716
f 1717/1717/1717 1720/1720/1720 1712/1712/1712
f 1716/1716/1716 1721/1721/1721 1718/1718/1718
f 1721/1721/1721 1716/1716/1716 1720/1720/1720
f 1719/1719/1719 1722/1722/1722 1706/1706/1706
f 1706/1706/1706 1722/1722/1722 1698/1698/1698
f 1719/1719/1719 1718/1718/1718 1723/1723/1723
f 1721/1721/1721 1723/1723/1723 1718/1718/1718
f 1724/1724/1724 1719/1719/1719 1723/1723/1723
f 1722/1722/1722 1719/1719/1719 1724/1724/1724
f 1725/1725/1725 1723/1723/1723 1721/1721/1721
f 1724/1724/1724 1723/1723/1723 1725/1725/1725
f 1717/1717/1717 1726/1726/1726 1720/1720/1720
f 1727/1727/1727 1721/1721/1721 1720/1720/1720
f 1727/1727/1727 1720/1720/1720 1726/1726/1726
f 1728/1728/1728 1725/1725/1725 1721/1721/1721
f 1721/1721/1721 1727/1727/1727 1728/1728/1728
f 1717/1717/1717 1729/1729/1729 1726/1726/1726
f 1704/1704/1704 1729/1729/1729 1717/1717/1717
f 1730/1730/1730 1729/1729/1729 1704/1704/1704
f 1700/1700/1700 1730/1730/1730 1704/1704/1704
f 1698/1698/1698 1730/1730/1730 1700/1700/1700
f 1729/1729/1729 1731/1731/1731 1726/1726/1726
f 1730/1730/1730 1731/1731/1731 1729/1729/1729
f 1732/1732/1732 1730/1730/1730 1698/1698/1698
f 1732/1732/1732 1731/1731/1731 1730/1730/1730
f 1726/1726/1726 1731/1731/1731 1733/1733/1733
f 1733/1733/1733 1727/1727/1727 1726/1726/1726
f 1733/1733/1733 1734/1734/1734 1727/1727/1727
f 1731/1731/1731 1735/1735/1735 1733/1733/1733
f 1731/1731/1731 1732/1732/1732 1735/1735/1735
f 1733/1733/1733 1735/1735/1735 1734/1734/1734
f 1727/1727/1727 1736/1736/1736 1728/1728/1728
f 1734/1734/1734 1736/1736/1736 1727/1727/1727
f 1737/1737/1737 1732/1732/1732 1698/1698/1698
f 1722/1722/1722 1737/1737/1737 1698/1698/1698
f 1737/1737/1737 1738/1738/1738 1732/1732/1732
f 1738/1738/1738 1737/1737/1737 1722/1722/1722
f 1732/1732/1732 1739/1739/1739 1735/1735/1735
f 1738/1738/1738 1739/1739/1739 1732/1732/1732
f 1739/1739/1739 1740/1740/1740 1735/1735/1735
f 1735/1735/1735 1740/1740/1740 1734/1734/1734
f 1741/1741/1741 1740/1740/1740 1739/1739/1739
f 1741/1741/1741 1739/1739/1739 1738/1738/1738
f 1742/1742/1742 1738/1738/1738 1722/1722/1722
f 1742/1742/1742 1722/1722/1722 1724/1724/1724
f 1740/1740/1740 1743/1743/1743 1734/1734/1734
f 1741/1741/1741 1743/1743/1743 1740/1740/1740
f 1741/1741/1741 1744/1744/1744 1743/1743/1743
f 1745/1745/1745 1741/1741/1741 1738/1738/1738
f 1745/1745/1745 1738/1738/1738 1742/1742/1742
f 1743/1743/1743 1746/1746/1746 1734/1734/1734
f 1743/1743/1743 1744/1744/1744 1746/1746/1746
f 1746/1746/1746 1747/1747/1747 1734/1734/1734
f 1747/1747/1747 1736/1736/1736 1734/1734/1734
f 1746/1746/1746 1748/1748/1748 1747/1747/1747
f 1744/1744/1744 1748/1748/1748 1746/1746/1746
f 1749/1749/1749 1736/1736/1736 1747/1747/1747
f 1748/1748/1748 1749/1749/1749 1747/1747/1747
f 1750/1750/1750 1742/1742/1742 1724/1724/1724
f 1750/1750/1750 1724/1724/1724 1725/1725/1725
f 1751/1751/1751 1741/1741/1741 1745/1745/1745
f 1741/1741/1741 1751/1751/1751 1744/1744/1744
f 1749/1749/1749 1752/1752/1752 1736/1736/1736
f 1736/1736/1736 1752/1752/1752 1728/1728/1728
f 1753/1753/1753 1728/1728/1728 1752/1752/1752
f 1754/1754/1754 1753/1753/1753 1752/1752/1752
f 1755/1755/1755 1725/1725/1725 1728/1728/1728
f 1753/1753/1753 1755/1755/1755 1728/1728/1728
f 1756/1756/1756 1725/1725/1725 1755/1755/1755
f 1725/1725/1725 1756/1756/1756 1750/1750/1750
f 1757/1757/1757 1752/1752/1752 1749/1749/1749
f 1757/1757/1757 1754/1754/1754 1752/1752/1752
f 1753/1753/1753 1758/1758/1758 1755/1755/1755
f 1758/1758/1758 1756/1756/1756 1755/1755/1755
f 1756/1756/1756 1759/1759/1759 1750/1750/1750
f 1758/1758/1758 1760/1760/1760 1756/1756/1756
f 1760/1760/1760 1759/1759/1759 1756/1756/1756
f 1761/1761/1761 1750/1750/1750 1759/1759/1759
f 1761/1761/1761 1742/1742/1742 1750/1750/1750
f 1760/1760/1760 1762/1762/1762 1759/1759/1759
f 1762/1762/1762 1761/1761/1761 1759/1759/1759
f 1763/1763/1763 1742/1742/1742 1761/1761/1761
f 1763/1763/1763 1745/1745/1745 1742/1742/1742
f 1745/1745/1745 1763/1763/1763 1764/1764/1764
f 1763/1763/1763 1761/1761/1761 1765/1765/1765
f 1761/1761/1761 1762/1762/1762 1765/1765/1765
f 1763/1763/1763 1765/1765/1765 1764/1764/1764
f 1765/1765/1765 1762/1762/1762 1766/1766/1766
f 1764/1764/1764 1765/1765/1765 1766/1766/1766
f 1767/1767/1767 1762/1762/1762 1760/1760/1760
f 1762/1762/1762 1767/1767/1767 1766/1766/1766
f 1760/1760/1760 1758/1758/1758 1768/1768/1768
f 1768/1768/1768 1767/1767/1767 1760/1760/1760
f 1769/1769/1769 1745/1745/1745 1764/1764/1764
f 1769/1769/1769 1751/1751/1751 1745/1745/1745
f 1770/1770/1770 1751/1751/1751 1769/1769/1769
f 1751/1751/1751 1770/1770/1770 1744/1744/1744
f 1758/1758/1758 1771/1771/1771 1768/1768/1768
f 1771/1771/1771 1758/1758/1758 1753/1753/1753
f 1769/1769/1769 1764/1764/1764 1772/1772/1772
f 1772/1772/1772 1770/1770/1770 1769/1769/1769
f 1773/1773/1773 1766/1766/1766 1767/1767/1767
f 1774/1774/1774 1764/1764/1764 1766/1766/1766
f 1774/1774/1774 1766/1766/1766 1773/1773/1773
f 1775/1775/1775 1764/1764/1764 1774/1774/1774
f 1764/1764/1764 1775/1775/1775 1772/1772/1772
f 1776/1776/1776 1767/1767/1767 1768/1768/1768
f 1776/1776/1776 1773/1773/1773 1767/1767/1767
f 1777/1777/1777 1774/1774/1774 1773/1773/1773
f 1774/1774/1774 1777/1777/1777 1775/1775/1775
f 1775/1775/1775 1777/1777/1777 1778/1778/1778
f 1773/1773/1773 1779/1779/1779 1777/1777/1777
f 1773/1773/1773 1776/1776/1776 1779/1779/1779
f 1772/1772/1772 1775/1775/1775 1780/1780/1780
f 1780/1780/1780 1775/1775/1775 1778/1778/1778
f 1778/1778/1778 1777/1777/1777 1781/1781/1781
f 1779/1779/1779 1781/1781/1781 1777/1777/1777
f 1779/1779/1779 1782/1782/1782 1781/1781/1781
f 1776/1776/1776 1783/1783/1783 1779/1779/1779
f 1779/1779/1779 1783/1783/1783 1782/1782/1782
f 1784/1784/1784 1776/1776/1776 1768/1768/1768
f 1783/1783/1783 1776/1776/1776 1785/1785/1785
f 1776/1776/1776 1784/1784/1784 1785/1785/1785
f 1786/1786/1786 1784/1784/1784 1768/1768/1768
f 1771/1771/1771 1786/1786/1786 1768/1768/1768
f 1785/1785/1785 1784/1784/1784 1787/1787/1787
f 1784/1784/1784 1786/1786/1786 1787/1787/1787
f 1786/1786/1786 1771/1771/1771 1788/1788/1788
f 1788/1788/1788 1771/1771/1771 1753/1753/1753
f 1787/1787/1787 1786/1786/1786 1789/1789/1789
f 1789/1789/1789 1786/1786/1786 1788/1788/1788
f 1790/1790/1790 1788/1788/1788 1753/1753/1753
f 1790/1790/1790 1753/1753/1753 1754/1754/1754
f 1790/1790/1790 1791/1791/1791 1788/1788/1788
f 1791/1791/1791 1789/1789/1789 1788/1788/1788
f 1754/1754/1754 1791/1791/1791 1790/1790/1790
f 1791/1791/1791 1792/1792/1792 1789/1789/1789
f 1791/1791/1791 1754/1754/1754 1792/1792/1792
f 1783/1783/1783 1785/1785/1785 1793/1793/1793
f 1785/1785/1785 1787/1787/1787 1794/1794/1794
f 1793/1793/1793 1785/1785/1785 1794/1794/1794
f 1795/1795/1795 1787/1787/1787 1789/1789/1789
f 1794/1794/1794 1787/1787/1787 1795/1795/1795
f 1792/1792/1792 1796/1796/1796 1789/1789/1789
f 1796/1796/1796 1795/1795/1795 1789/1789/1789
f 1797/1797/1797 1792/1792/1792 1754/1754/1754
f 1796/1796/1796 1792/1792/1792 1797/1797/1797
f 1798/1798/1798 1783/1783/1783 1793/1793/1793
f 1783/1783/1783 1798/1798/1798 1782/1782/1782
f 1799/1799/1799 1798/1798/1798 1793/1793/1793
f 1782/1782/1782 1798/1798/1798 1799/1799/1799
f 1800/1800/1800 1793/1793/1793 1794/1794/1794
f 1800/1800/1800 1799/1799/1799 1793/1793/1793
f 1801/1801/1801 1797/1797/1797 1754/1754/1754
f 1801/1801/1801 1754/1754/1754 1757/1757/1757
f 1802/1802/1802 1794/1794/1794 1795/1795/1795
f 1796/1796/1796 1803/1803/1803 1795/1795/1795
f 1803/1803/1803 1802/1802/1802 1795/1795/1795
f 1804/1804/1804 1794/1794/1794 1802/1802/1802
f 1804/1804/1804 1800/1800/1800 1794/1794/1794
f 1805/1805/1805 1802/1802/1802 1803/1803/1803
f 1805/1805/1805 1804/1804/1804 1802/1802/1802
f 1806/1806/1806 1799/1799/1799 1800/1800/1800
f 1807/1807/1807 1800/1800/1800 1804/1804/1804
f 1807/1807/1807 1806/1806/1806 1800/1800/1800
f 1808/1808/1808 1804/1804/1804 1805/1805/1805
f 1808/1808/1808 1807/1807/1807 1804/1804/1804
f 1799/1799/1799 1806/1806/1806 1809/1809/1809
f 1782/1782/1782 1799/1799/1799 1809/1809/1809
f 1796/1796/1796 1781/1781/1781 1803/1803/1803
f 1781/1781/1781 1782/1782/1782 1803/1803/1803
f 1778/1778/1778 1781/1781/1781 1796/1796/1796
f 1797/1797/1797 1778/1778/1778 1796/1796/1796
f 1803/1803/1803 1782/1782/1782 1810/1810/1810
f 1805/1805/1805 1803/1803/1803 1810/1810/1810
f 1782/1782/1782 1809/1809/1809 1810/1810/1810
f 1778/1778/1778 1797/1797/1797 1811/1811/1811
f 1811/1811/1811 1797/1797/1797 1801/1801/1801
f 1812/1812/1812 1808/1808/1808 1805/1805/1805
f 1805/1805/1805 1810/1810/1810 1812/1812/1812
f 1813/1813/1813 1778/1778/1778 1811/1811/1811
f 1780/1780/1780 1778/1778/1778 1813/1813/1813
f 1814/1814/1814 1810/1810/1810 1809/1809/1809
f 1815/1815/1815 1812/1812/1812 1810/1810/1810
f 1814/1814/1814 1815/1815/1815 1810/1810/1810
f 1816/1816/1816 1808/1808/1808 1812/1812/1812
f 1815/1815/1815 1816/1816/1816 1812/1812/1812
f 1817/1817/1817 1814/1814/1814 1809/1809/1809
f 1817/1817/1817 1809/1809/1809 1806/1806/1806
f 1816/1816/1816 1818/1818/1818 1808/1808/1808
f 1818/1818/1818 1807/1807/1807 1808/1808/1808
f 1819/1819/1819 1806/1806/1806 1807/1807/1807
f 1819/1819/1819 1817/1817/1817 1806/1806/1806
f 1818/1818/1818 1819/1819/1819 1807/1807/1807
f 1820/1820/1820 1815/1815/1815 1814/1814/1814
f 1821/1821/1821 1816/1816/1816 1815/1815/1815
f 1820/1820/1820 1821/1821/1821 1815/1815/1815
f 1822/1822/1822 1814/1814/1814 1817/1817/1817
f 1822/1822/1822 1820/1820/1820 1814/1814/1814
f 1823/1823/1823 1822/1822/1822 1817/1817/1817
f 1823/1823/1823 1817/1817/1817 1819/1819/1819
f 1822/1822/1822 1823/1823/1823 1820/1820/1820
f 1824/1824/1824 1823/1823/1823 1819/1819/1819
f 1823/1823/1823 1824/1824/1824 1820/1820/1820
f 1824/1824/1824 1819/1819/1819 1818/1818/1818
f 1820/1820/1820 1824/1824/1824 1821/1821/1821
f 1825/1825/1825 1818/1818/1818 1816/1816/1816
f 1821/1821/1821 1825/1825/1825 1816/1816/1816
f 1825/1825/1825 1824/1824/1824 1818/1818/1818
f 1824/1824/1824 1825/1825/1825 1821/1821/1821
f 1826/1826/1826 1748/1748/1748 1744/1744/1744
f 1826/1826/1826 1749/1749/1749 1748/1748/1748
f 1826/1826/1826 1744/1744/1744 1827/1827/1827
f 1770/1770/1770 1827/1827/1827 1744/1744/1744
f 1826/1826/1826 1828/1828/1828 1749/1749/1749
f 1828/1828/1828 1757/1757/1757 1749/1749/1749
f 1827/1827/1827 1829/1829/1829 1826/1826/1826
f 1828/1828/1828 1826/1826/1826 1829/1829/1829
f 1830/1830/1830 1757/1757/1757 1828/1828/1828
f 1830/1830/1830 1801/1801/1801 1757/1757/1757
f 1831/1831/1831 1828/1828/1828 1829/1829/1829
f 1831/1831/1831 1830/1830/1830 1828/1828/1828
f 1832/1832/1832 1801/1801/1801 1830/1830/1830
f 1832/1832/1832 1811/1811/1811 1801/1801/1801
f 1770/1770/1770 1833/1833/1833 1827/1827/1827
f 1833/1833/1833 1770/1770/1770 1772/1772/1772
f 1834/1834/1834 1829/1829/1829 1827/1827/1827
f 1834/1834/1834 1831/1831/1831 1829/1829/1829
f 1835/1835/1835 1830/1830/1830 1831/1831/1831
f 1835/1835/1835 1832/1832/1832 1830/1830/1830
f 1836/1836/1836 1833/1833/1833 1772/1772/1772
f 1836/1836/1836 1772/1772/1772 1780/1780/1780
f 1833/1833/1833 1837/1837/1837 1827/1827/1827
f 1837/1837/1837 1834/1834/1834 1827/1827/1827
f 1838/1838/1838 1831/1831/1831 1834/1834/1834
f 1838/1838/1838 1835/1835/1835 1831/1831/1831
f 1836/1836/1836 1780/1780/1780 1839/1839/1839
f 1839/1839/1839 1780/1780/1780 1813/1813/1813
f 1840/1840/1840 1833/1833/1833 1836/1836/1836
f 1833/1833/1833 1840/1840/1840 1837/1837/1837
f 1841/1841/1841 1834/1834/1834 1837/1837/1837
f 1841/1841/1841 1838/1838/1838 1834/1834/1834
f 1842/1842/1842 1841/1841/1841 1837/1837/1837
f 1840/1840/1840 1842/1842/1842 1837/1837/1837
f 1843/1843/1843 1841/1841/1841 1842/1842/1842
f 1843/1843/1843 1838/1838/1838 1841/1841/1841
f 1844/1844/1844 1836/1836/1836 1839/1839/1839
f 1844/1844/1844 1840/1840/1840 1836/1836/1836
f 1845/1845/1845 1842/1842/1842 1840/1840/1840
f 1845/1845/1845 1843/1843/1843 1842/1842/1842
f 1846/1846/1846 1840/1840/1840 1844/1844/1844
f 1846/1846/1846 1845/1845/1845 1840/1840/1840
f 1847/1847/1847 1844/1844/1844 1839/1839/1839
f 1847/1847/1847 1846/1846/1846 1844/1844/1844
f 1848/1848/1848 1839/1839/1839 1813/1813/1813
f 1848/1848/1848 1847/1847/1847 1839/1839/1839
f 1849/1849/1849 1848/1848/1848 1813/1813/1813
f 1849/1849/1849 1813/1813/1813 1811/1811/1811
f 1850/1850/1850 1849/1849/1849 1811/1811/1811
f 1850/1850/1850 1811/1811/1811 1832/1832/1832
f 1850/1850/1850 1832/1832/1832 1851/1851/1851
f 1851/1851/1851 1832/1832/1832 1835/1835/1835
f 1852/1852/1852 1851/1851/1851 1835/1835/1835
f 1852/1852/1852 1835/1835/1835 1838/1838/1838
f 1850/1850/1850 1851/1851/1851 1853/1853/1853
f 1853/1853/1853 1851/1851/1851 1852/1852/1852
f 1854/1854/1854 1852/1852/1852 1838/1838/1838
f 1843/1843/1843 1854/1854/1854 1838/1838/1838
f 1855/1855/1855 1853/1853/1853 1852/1852/1852
f 1855/1855/1855 1852/1852/1852 1854/1854/1854
f 1843/1843/1843 1856/1856/1856 1854/1854/1854
f 1856/1856/1856 1843/1843/1843 1845/1845/1845
f 1857/1857/1857 1855/1855/1855 1854/1854/1854
f 1856/1856/1856 1857/1857/1857 1854/1854/1854
f 1858/1858/1858 1856/1856/1856 1845/1845/1845
f 1858/1858/1858 1845/1845/1845 1846/1846/1846
f 1856/1856/1856 1859/1859/1859 1857/1857/1857
f 1859/1859/1859 1856/1856/1856 1858/1858/1858
f 1860/1860/1860 1858/1858/1858 1846/1846/1846
f 1860/1860/1860 1846/1846/1846 1847/1847/1847
f 1859/1859/1859 1858/1858/1858 1861/1861/1861
f 1861/1861/1861 1858/1858/1858 1860/1860/1860
f 1862/1862/1862 1860/1860/1860 1847/1847/1847
f 1862/1862/1862 1847/1847/1847 1848/1848/1848
f 1863/1863/1863 1861/1861/1861 1860/1860/1860
f 1863/1863/1863 1860/1860/1860 1862/1862/1862
f 1864/1864/1864 1862/1862/1862 1848/1848/1848
f 1864/1864/1864 1848/1848/1848 1849/1849/1849
f 1865/1865/1865 1863/1863/1863 1862/1862/1862
f 1865/1865/1865 1862/1862/1862 1864/1864/1864
f 1866/1866/1866 1864/1864/1864 1849/1849/1849
f 1866/1866/1866 1849/1849/1849 1850/1850/1850
f 1867/1867/1867 1865/1865/1865 1864/1864/1864
f 1867/1867/1867 1864/1864/1864 1866/1866/1866
f 1868/1868/1868 1866/1866/1866 1850/1850/1850
f 1868/1868/1868 1850/1850/1850 1853/1853/1853
f 1868/1868/1868 1853/1853/1853 1869/1869/1869
f 1869/1869/1869 1853/1853/1853 1855/1855/1855
f 1870/1870/1870 1866/1866/1866 1868/1868/1868
f 1870/1870/1870 1868/1868/1868 1869/1869/1869
f 1871/1871/1871 1869/1869/1869 1855/1855/1855
f 1871/1871/1871 1855/1855/1855 1857/1857/1857
f 1872/1872/1872 1867/1867/1867 1866/1866/1866
f 1870/1870/1870 1872/1872/1872 1866/1866/1866
f 1870/1870/1870 1869/1869/1869 1873/1873/1873
f 1873/1873/1873 1869/1869/1869 1871/1871/1871
f 1874/1874/1874 1871/1871/1871 1857/1857/1857
f 1859/1859/1859 1874/1874/1874 1857/1857/1857
f 1872/1872/1872 1870/1870/1870 1875/1875/1875
f 1875/1875/1875 1870/1870/1870 1873/1873/1873
f 1876/1876/1876 1871/1871/1871 1874/1874/1874
f 1876/1876/1876 1873/1873/1873 1871/1871/1871
f 1859/1859/1859 1877/1877/1877 1874/1874/1874
f 1861/1861/1861 1877/1877/1877 1859/1859/1859
f 1878/1878/1878 1876/1876/1876 1874/1874/1874
f 1877/1877/1877 1878/1878/1878 1874/1874/1874
f 1879/1879/1879 1867/1867/1867 1872/1872/1872
f 1880/1880/1880 1872/1872/1872 1875/1875/1875
f 1880/1880/1880 1879/1879/1879 1872/1872/1872
f 1881/1881/1881 1875/1875/1875 1873/1873/1873
f 1881/1881/1881 1880/1880/1880 1875/1875/1875
f 1882/1882/1882 1873/1873/1873 1876/1876/1876
f 1882/1882/1882 1881/1881/1881 1873/1873/1873
f 1883/1883/1883 1876/1876/1876 1878/1878/1878
f 1883/1883/1883 1882/1882/1882 1876/1876/1876
f 1884/1884/1884 1878/1878/1878 1877/1877/1877
f 1884/1884/1884 1883/1883/1883 1878/1878/1878
f 1885/1885/1885 1877/1877/1877 1861/1861/1861
f 1885/1885/1885 1884/1884/1884 1877/1877/1877
f 1879/1879/1879 1886/1886/1886 1867/1867/1867
f 1886/1886/1886 1865/1865/1865 1867/1867/1867
f 1887/1887/1887 1885/1885/1885 1861/1861/1861
f 1887/1887/1887 1861/1861/1861 1863/1863/1863
f 1888/1888/1888 1863/1863/1863 1865/1865/1865
f 1886/1886/1886 1888/1888/1888 1865/1865/1865
f 1888/1888/1888 1887/1887/1887 1863/1863/1863
f 1889/1889/1889 1888/1888/1888 1886/1886/1886
f 1889/1889/1889 1887/1887/1887 1888/1888/1888
f 1890/1890/1890 1886/1886/1886 1879/1879/1879
f 1890/1890/1890 1889/1889/1889 1886/1886/1886
f 1891/1891/1891 1890/1890/1890 1879/1879/1879
f 1891/1891/1891 1879/1879/1879 1880/1880/1880
f 1892/1892/1892 1883/1883/1883 1884/1884/1884
f 1893/1893/1893 1884/1884/1884 1885/1885/1885
f 1893/1893/1893 1892/1892/1892 1884/1884/1884
f 1894/1894/1894 1885/1885/1885 1887/1887/1887
f 1894/1894/1894 1893/1893/1893 1885/1885/1885
f 1895/1895/1895 1887/1887/1887 1889/1889/1889
f 1895/1895/1895 1894/1894/1894 1887/1887/1887
f 1894/1894/1894 1896/1896/1896 1893/1893/1893
f 1894/1894/1894 1895/1895/1895 1896/1896/1896
f 1893/1893/1893 1896/1896/1896 1892/1892/1892
f 1897/1897/1897 1895/1895/1895 1889/1889/1889
f 1897/1897/1897 1889/1889/1889 1890/1890/1890
f 1895/1895/1895 1897/1897/1897 1896/1896/1896
f 1898/1898/1898 1890/1890/1890 1891/1891/1891
f 1898/1898/1898 1897/1897/1897 1890/1890/1890
f 1896/1896/1896 1897/1897/1897 1899/1899/1899
f 1897/1897/1897 1898/1898/1898 1899/1899/1899
f 1896/1896/1896 1899/1899/1899 1892/1892/1892
f 1900/1900/1900 1898/1898/1898 1891/1891/1891
f 1898/1898/1898 1900/1900/1900 1899/1899/1899
f 1900/1900/1900 1891/1891/1891 1880/1880/1880
f 1899/1899/1899 1901/1901/1901 1892/1892/1892
f 1900/1900/1900 1901/1901/1901 1899/1899/1899
f 1902/1902/1902 1900/1900/1900 1880/1880/1880
f 1902/1902/1902 1880/1880/1880 1881/1881/1881
f 1900/1900/1900 1902/1902/1902 1903/1903/1903
f 1903/1903/1903 1902/1902/1902 1881/1881/1881
f 1901/1901/1901 1900/1900/1900 1903/1903/1903
f 1903/1903/1903 1881/1881/1881 1882/1882/1882
f 1901/1901/1901 1904/1904/1904 1892/1892/1892
f 1901/1901/1901 1903/1903/1903 1904/1904/1904
f 1904/1904/1904 1903/1903/1903 1882/1882/1882
f 1892/1892/1892 1904/1904/1904 1883/1883/1883
f 1904/1904/1904 1882/1882/1882 1883/1883/1883
f 1907/1907/1907 1906/1906/1906 1905/1905/1905
f 1908/1908/1908 1906/1906/1906 1907/1907/1907
f 1909/1909/1909 1908/1908/1908 1907/1907/1907
f 1908/1908/1908 1909/1909/1909 1910/1910/1910
f 1910/1910/1910 1909/1909/1909 1911/1911/1911
f 1909/1909/1909 1912/1912/1912 1911/1911/1911
f 1913/1913/1913 1908/1908/1908 1910/1910/1910
f 1908/1908/1908 1914/1914/1914 1906/1906/1906
f 1914/1914/1914 1908/1908/1908 1913/1913/1913
f 1910/1910/1910 1911/1911/1911 1915/1915/1915
f 1913/1913/1913 1910/1910/1910 1915/1915/1915
f 1914/1914/1914 1916/1916/1916 1906/1906/1906
f 1917/1917/1917 1914/1914/1914 1913/1913/1913
f 1916/1916/1916 1914/1914/1914 1917/1917/1917
f 1917/1917/1917 1913/1913/1913 1918/1918/1918
f 1918/1918/1918 1913/1913/1913 1915/1915/1915
f 1906/1906/1906 1919/1919/1919 1905/1905/1905
f 1906/1906/1906 1916/1916/1916 1919/1919/1919
f 1920/1920/1920 1916/1916/1916 1917/1917/1917
f 1920/1920/1920 1917/1917/1917 1918/1918/1918
f 1916/1916/1916 1921/1921/1921 1919/1919/1919
f 1921/1921/1921 1916/1916/1916 1920/1920/1920
f 1919/1919/1919 1921/1921/1921 1922/1922/1922
f 1922/1922/1922 1921/1921/1921 1920/1920/1920
f 1923/1923/1923 1919/1919/1919 1922/1922/1922
f 1922/1922/1922 1920/1920/1920 1923/1923/1923
f 1905/1905/1905 1919/1919/1919 1923/1923/1923
f 1920/1920/1920 1918/1918/1918 1923/1923/1923
f 1924/1924/1924 1905/1905/1905 1923/1923/1923
f 1923/1923/1923 1918/1918/1918 1924/1924/1924
f 1918/1918/1918 1915/1915/1915 1924/1924/1924
f 1925/1925/1925 1905/1905/1905 1924/1924/1924
f 1915/1915/1915 1926/1926/1926 1924/1924/1924
f 1911/1911/1911 1926/1926/1926 1915/1915/1915
f 1927/1927/1927 1925/1925/1925 1924/1924/1924
f 1926/1926/1926 1927/1927/1927 1924/1924/1924
f 1928/1928/1928 1925/1925/1925 1927/1927/1927
f 1925/1925/1925 1928/1928/1928 1929/1929/1929
f 1930/1930/1930 1927/1927/1927 1926/1926/1926
f 1930/1930/1930 1928/1928/1928 1927/1927/1927
f 1931/1931/1931 1926/1926/1926 1911/1911/1911
f 1931/1931/1931 1930/1930/1930 1926/1926/1926
f 1928/1928/1928 1932/1932/1932 1929/1929/1929
f 1929/1929/1929 1932/1932/1932 1912/1912/1912
f 1911/1911/1911 1912/1912/1912 1933/1933/1933
f 1933/1933/1933 1931/1931/1931 1911/1911/1911
f 1934/1934/1934 1928/1928/1928 1930/1930/1930
f 1928/1928/1928 1934/1934/1934 1932/1932/1932
f 1932/1932/1932 1935/1935/1935 1912/1912/1912
f 1912/1912/1912 1935/1935/1935 1933/1933/1933
f 1936/1936/1936 1930/1930/1930 1931/1931/1931
f 1936/1936/1936 1934/1934/1934 1930/1930/1930
f 1934/1934/1934 1937/1937/1937 1932/1932/1932
f 1937/1937/1937 1934/1934/1934 1936/1936/1936
f 1932/1932/1932 1937/1937/1937 1935/1935/1935
f 1938/1938/1938 1936/1936/1936 1931/1931/1931
f 1938/1938/1938 1931/1931/1931 1933/1933/1933
f 1938/1938/1938 1937/1937/1937 1936/1936/1936
f 1937/1937/1937 1939/1939/1939 1935/1935/1935
f 1939/1939/1939 1937/1937/1937 1938/1938/1938
f 1940/1940/1940 1938/1938/1938 1933/1933/1933
f 1933/1933/1933 1935/1935/1935 1940/1940/1940
f 1940/1940/1940 1939/1939/1939 1938/1938/1938
f 1935/1935/1935 1939/1939/1939 1940/1940/1940
f 1943/1943/1943 1942/1942/1942 1941/1941/1941
f 1944/1944/1944 1943/1943/1943 1941/1941/1941
f 1943/1943/1943 1945/1945/1945 1942/1942/1942
f 1944/1944/1944 1941/1941/1941 1946/1946/1946
f 1945/1945/1945 1947/1947/1947 1942/1942/1942
f 1948/1948/1948 1944/1944/1944 1946/1946/1946
f 1945/1945/1945 1949/1949/1949 1947/1947/1947
f 1948/1948/1948 1946/1946/1946 1950/1950/1950
f 1949/1949/1949 1951/1951/1951 1947/1947/1947
f 1952/1952/1952 1948/1948/1948 1950/1950/1950
f 1949/1949/1949 1953/1953/1953 1951/1951/1951
f 1952/1952/1952 1950/1950/1950 1954/1954/1954
f 1953/1953/1953 1955/1955/1955 1951/1951/1951
f 1956/1956/1956 1952/1952/1952 1954/1954/1954
f 1953/1953/1953 1957/1957/1957 1955/1955/1955
f 1956/1956/1956 1954/1954/1954 1958/1958/1958
f 1957/1957/1957 1959/1959/1959 1955/1955/1955
f 1960/1960/1960 1956/1956/1956 1958/1958/1958
f 1957/1957/1957 1961/1961/1961 1959/1959/1959
f 1960/1960/1960 1958/1958/1958 1962/1962/1962
f 1961/1961/1961 1963/1963/1963 1959/1959/1959
f 1964/1964/1964 1960/1960/1960 1962/1962/1962
f 1961/1961/1961 1965/1965/1965 1963/1963/1963
f 1964/1964/1964 1962/1962/1962 1966/1966/1966
f 1965/1965/1965 1967/1967/1967 1963/1963/1963
f 1968/1968/1968 1964/1964/1964 1966/1966/1966
f 1965/1965/1965 1969/1969/1969 1967/1967/1967
f 1968/1968/1968 1966/1966/1966 1970/1970/1970
f 1969/1969/1969 1971/1971/1971 1967/1967/1967
f 1972/1972/1972 1968/1968/1968 1970/1970/1970
f 1969/1969/1969 1973/1973/1973 1971/1971/1971
f 1972/1972/1972 1970/1970/1970 1974/1974/1974
f 1973/1973/1973 1975/1975/1975 1971/1971/1971
f 1976/1976/1976 1972/1972/1972 1974/1974/1974
f 1973/1973/1973 1977/1977/1977 1975/1975/1975
f 1976/1976/1976 1974/1974/1974 1978/1978/1978
f 1977/1977/1977 1979/1979/1979 1975/1975/1975
f 1980/1980/1980 1976/1976/1976 1978/1978/1978
f 1977/1977/1977 1981/1981/1981 1979/1979/1979
f 1980/1980/1980 1978/1978/1978 1982/1982/1982
f 1981/1981/1981 1983/1983/1983 1979/1979/1979
f 1984/1984/1984 1980/1980/1980 1982/1982/1982
f 1981/1981/1981 1985/1985/1985 1983/1983/1983
f 1984/1984/1984 1982/1982/1982 1986/1986/1986
f 1985/1985/1985 1987/1987/1987 1983/1983/1983
f 1988/1988/1988 1984/1984/1984 1986/1986/1986
f 1987/1987/1987 1985/1985/1985 1989/1989/1989
f 1988/1988/1988 1986/1986/1986 1990/1990/1990
f 1991/1991/1991 1987/1987/1987 1989/1989/1989
f 1992/1992/1992 1988/1988/1988 1990/1990/1990
f 1989/1989/1989 1992/1992/1992 1991/1991/1991
f 1992/1992/1992 1990/1990/1990 1991/1991/1991
f 1995/1995/1995 1994/1994/1994 1993/1993/1993
f 1994/1994/1994 1996/1996/1996 1993/1993/1993
f 1997/1997/1997 1994/1994/1994 1995/1995/1995
f 1993/1993/1993 1996/1996/1996 1998/1998/1998
f 1999/1999/1999 1997/1997/1997 1995/1995/1995
f 1996/1996/1996 2000/2000/2000 1998/1998/1998
f 2001/2001/2001 1997/1997/1997 1999/1999/1999
f 1998/1998/1998 2000/2000/2000 2002/2002/2002
f 2003/2003/2003 2001/2001/2001 1999/1999/1999
f 2000/2000/2000 2004/2004/2004 2002/2002/2002
f 2005/2005/2005 2001/2001/2001 2003/2003/2003
f 2002/2002/2002 2004/2004/2004 2006/2006/2006
f 2007/2007/2007 2005/2005/2005 2003/2003/2003
f 2004/2004/2004 2008/2008/2008 2006/2006/2006
f 2009/2009/2009 2005/2005/2005 2007/2007/2007
f 2006/2006/2006 2008/2008/2008 2010/2010/2010
f 2011/2011/2011 2009/2009/2009 2007/2007/2007
f 2008/2008/2008 2012/2012/2012 2010/2010/2010
f 2013/2013/2013 2009/2009/2009 2011/2011/2011
f 2010/2010/2010 2012/2012/2012 2014/2014/2014
f 2015/2015/2015 2013/2013/2013 2011/2011/2011
f 2012/2012/2012 2016/2016/2016 2014/2014/2014
f 2017/2017/2017 2013/2013/2013 2015/2015/2015
f 2014/2014/2014 2016/2016/2016 2018/2018/2018
f 2019/2019/2019 2017/2017/2017 2015/2015/2015
f 2016/2016/2016 2020/2020/2020 2018/2018/2018
f 2021/2021/2021 2017/2017/2017 2019/2019/2019
f 2018/2018/2018 2020/2020/2020 2022/2022/2022
f 2023/2023/2023 2021/2021/2021 2019/2019/2019
f 2020/2020/2020 2024/2024/2024 2022/2022/2022
f 2025/2025/2025 2021/2021/2021 2023/2023/2023
f 2022/2022/2022 2024/2024/2024 2026/2026/2026
f 2027/2027/2027 2025/2025/2025 2023/2023/2023
f 2024/2024/2024 2028/2028/2028 2026/2026/2026
f 2029/2029/2029 2025/2025/2025 2027/2027/2027
f 2026/2026/2026 2028/2028/2028 2030/2030/2030
f 2031/2031/2031 2029/2029/2029 2027/2027/2027
f 2028/2028/2028 2032/2032/2032 2030/2030/2030
f 2033/2033/2033 2029/2029/2029 2031/2031/2031
f 2030/2030/2030 2032/2032/2032 2034/2034/2034
f 2035/2035/2035 2033/2033/2033 2031/2031/2031
f 2032/2032/2032 2036/2036/2036 2034/2034/2034
f 2037/2037/2037 2033/2033/2033 2035/2035/2035
f 2034/2034/2034 2036/2036/2036 2038/2038/2038
f 2039/2039/2039 2037/2037/2037 2035/2035/2035
f 2036/2036/2036 2040/2040/2040 2038/2038/2038
f 2037/2037/2037 2039/2039/2039 2041/2041/2041
f 2038/2038/2038 2040/2040/2040 2042/2042/2042
f 2039/2039/2039 2043/2043/2043 2041/2041/2041
f 2040/2040/2040 2044/2044/2044 2042/2042/2042
f 2044/2044/2044 2041/2041/2041 2043/2043/2043
f 2042/2042/2042 2044/2044/2044 2043/2043/2043
f 2047/2047/2047 2046/2046/2046 2045/2045/2045
f 2047/2047/2047 2045/2045/2045 2048/2048/2048
f 2048/2048/2048 2045/2045/2045 2046/2046/2046
f 2047/2047/2047 2049/2049/2049 2046/2046/2046
f 2049/2049/2049 2047/2047/2047 2048/2048/2048
f 2049/2049/2049 2050/2050/2050 2046/2046/2046
f 2049/2049/2049 2048/2048/2048 2050/2050/2050
f 2050/2050/2050 2048/2048/2048 2046/2046/2046
f 2053/2053/2053 2052/2052/2052 2051/2051/2051
f 2054/2054/2054 2053/2053/2053 2051/2051/2051
f 2055/2055/2055 2051/2051/2051 2052/2052/2052
f 2054/2054/2054 2051/2051/2051 2055/2055/2055
f 2056/2056/2056 2053/2053/2053 2054/2054/2054
f 2053/2053/2053 2057/2057/2057 2052/2052/2052
f 2056/2056/2056 2058/2058/2058 2053/2053/2053
f 2058/2058/2058 2057/2057/2057 2053/2053/2053
f 2058/2058/2058 2056/2056/2056 2059/2059/2059
f 2058/2058/2058 2059/2059/2059 2057/2057/2057
f 2060/2060/2060 2056/2056/2056 2054/2054/2054
f 2061/2061/2061 2054/2054/2054 2055/2055/2055
f 2060/2060/2060 2054/2054/2054 2061/2061/2061
f 2056/2056/2056 2060/2060/2060 2062/2062/2062
f 2056/2056/2056 2062/2062/2062 2059/2059/2059
f 2063/2063/2063 2060/2060/2060 2061/2061/2061
f 2060/2060/2060 2063/2063/2063 2062/2062/2062
f 2057/2057/2057 2064/2064/2064 2052/2052/2052
f 2065/2065/2065 2055/2055/2055 2052/2052/2052
f 2065/2065/2065 2052/2052/2052 2064/2064/2064
f 2059/2059/2059 2066/2066/2066 2057/2057/2057
f 2057/2057/2057 2066/2066/2066 2064/2064/2064
f 2061/2061/2061 2055/2055/2055 2067/2067/2067
f 2067/2067/2067 2055/2055/2055 2065/2065/2065
f 2059/2059/2059 2062/2062/2062 2068/2068/2068
f 2059/2059/2059 2068/2068/2068 2066/2066/2066
f 2066/2066/2066 2069/2069/2069 2064/2064/2064
f 2069/2069/2069 2065/2065/2065 2064/2064/2064
f 2070/2070/2070 2061/2061/2061 2067/2067/2067
f 2063/2063/2063 2061/2061/2061 2070/2070/2070
f 2071/2071/2071 2067/2067/2067 2065/2065/2065
f 2071/2071/2071 2065/2065/2065 2069/2069/2069
f 2070/2070/2070 2067/2067/2067 2071/2071/2071
f 2062/2062/2062 2072/2072/2072 2068/2068/2068
f 2062/2062/2062 2063/2063/2063 2072/2072/2072
f 2068/2068/2068 2073/2073/2073 2066/2066/2066
f 2066/2066/2066 2073/2073/2073 2069/2069/2069
f 2068/2068/2068 2072/2072/2072 2073/2073/2073
f 2074/2074/2074 2071/2071/2071 2069/2069/2069
f 2073/2073/2073 2074/2074/2074 2069/2069/2069
f 2075/2075/2075 2071/2071/2071 2074/2074/2074
f 2073/2073/2073 2075/2075/2075 2074/2074/2074
f 2075/2075/2075 2070/2070/2070 2071/2071/2071
f 2072/2072/2072 2075/2075/2075 2073/2073/2073
f 2076/2076/2076 2063/2063/2063 2070/2070/2070
f 2076/2076/2076 2070/2070/2070 2075/2075/2075
f 2072/2072/2072 2076/2076/2076 2075/2075/2075
f 2063/2063/2063 2076/2076/2076 2072/2072/2072
g 03_bodymesh_zombie02_1
f 2079/2079/2079 2078/2078/2078 2077/2077/2077
f 2078/2078/2078 2080/2080/2080 2077/2077/2077
f 2077/2077/2077 2080/2080/2080 2081/2081/2081
f 2078/2078/2078 2082/2082/2082 2080/2080/2080
f 2080/2080/2080 2083/2083/2083 2081/2081/2081
f 2082/2082/2082 2084/2084/2084 2080/2080/2080
f 2080/2080/2080 2084/2084/2084 2083/2083/2083
f 2082/2082/2082 2085/2085/2085 2084/2084/2084
f 2084/2084/2084 2086/2086/2086 2083/2083/2083
f 2085/2085/2085 2087/2087/2087 2084/2084/2084
f 2084/2084/2084 2087/2087/2087 2086/2086/2086
f 2087/2087/2087 2088/2088/2088 2086/2086/2086
f 2085/2085/2085 2089/2089/2089 2087/2087/2087
f 2087/2087/2087 2090/2090/2090 2088/2088/2088
f 2089/2089/2089 2090/2090/2090 2087/2087/2087
f 2090/2090/2090 2091/2091/2091 2088/2088/2088
f 2091/2091/2091 2090/2090/2090 2092/2092/2092
f 2090/2090/2090 2089/2089/2089 2093/2093/2093
f 2090/2090/2090 2093/2093/2093 2092/2092/2092
f 2089/2089/2089 2094/2094/2094 2093/2093/2093
f 2092/2092/2092 2093/2093/2093 2095/2095/2095
f 2093/2093/2093 2094/2094/2094 2096/2096/2096
f 2093/2093/2093 2096/2096/2096 2095/2095/2095
f 2094/2094/2094 2097/2097/2097 2096/2096/2096
f 2095/2095/2095 2096/2096/2096 2098/2098/2098
f 2096/2096/2096 2097/2097/2097 2099/2099/2099
f 2096/2096/2096 2099/2099/2099 2098/2098/2098
f 2098/2098/2098 2099/2099/2099 2100/2100/2100
f 2097/2097/2097 2101/2101/2101 2099/2099/2099
f 2099/2099/2099 2102/2102/2102 2100/2100/2100
f 2099/2099/2099 2101/2101/2101 2102/2102/2102
f 2101/2101/2101 2103/2103/2103 2102/2102/2102
