g 03_bodymesh_humanE01_Bottom
v 0.06351397 1.0510352 -0.07473933
v -0.0930311 1.0516322 -0.064759515
v -0.06351397 1.0510352 -0.07473933
v 0.0930311 1.0516322 -0.064759515
v -0.116988055 1.0518543 -0.05208403
v 0.06351397 1.0510352 -0.07473933
v 0.0930311 1.0516322 -0.064759515
v -0.0930311 1.0516322 -0.064759515
v 0.07049621 0.997183 0.13904536
v 0.050322987 0.9747188 0.16127664
v 0.04802026 0.99652034 0.14316313
v 0.08089238 0.97540325 0.15671167
v 0.10249882 0.99760425 0.12901999
v 0.052403133 0.93525934 0.18764897
v 0.11684318 0.9758383 0.1455975
v 0.13007918 0.9980816 0.110576324
v 0.08542963 0.9358338 0.18292065
v 0.05544409 0.8807165 0.21069793
v 0.14782614 0.9763313 0.12515074
v 0.15124781 0.9985235 0.08502482
v 0.123972535 0.93592435 0.17145132
v 0.09125394 0.88129103 0.20596962
v 0.058485046 0.82617366 0.23374692
v 0.17160636 0.9767876 0.09682419
v 0.16459784 0.99889976 0.05247531
v 0.15718941 0.9357642 0.15036178
v 0.097078234 0.8267482 0.2290186
v 0.061526 0.7716308 0.25679588
v 0.13283677 0.8813816 0.19450028
v 0.18660337 0.97717625 0.06073964
v 0.16874176 0.99914634 0.013760548
v 0.10290253 0.77220535 0.25206757
v 0.06456696 0.7170879 0.27984485
v 0.18268423 0.9353014 0.121152505
v 0.14170101 0.82683873 0.21754926
v 0.16867352 0.8812213 0.1722354
v 0.14170101 0.82683873 0.21754926
v 0.18015762 0.8266785 0.19410905
v 0.19125855 0.97789156 0.01489605
v 0.1638382 0.9988452 -0.024647646
v 0.10872683 0.7176625 0.27511653
v 0.06760792 0.662545 0.30289382
v 0.15056525 0.7722959 0.24059825
v 0.18015762 0.8266785 0.19410905
v 0.19164172 0.7721357 0.2159827
v 0.19617915 0.8807586 0.1429193
v 0.19876254 0.93450713 0.08395012
v 0.114551134 0.6631196 0.2981655
v 0.070648864 0.6080022 0.3259428
v 0.12037544 0.6085768 0.3212145
v 0.15942949 0.717753 0.2636472
v 0.16829373 0.6632101 0.28669617
v 0.20312582 0.7175928 0.23785634
v 0.17715797 0.60866725 0.30974516
v 0.21460992 0.66304994 0.25972998
v 0.22609402 0.6085071 0.28160366
v 0.25015885 0.6625872 0.22998653
v 0.26365376 0.6080443 0.25175333
v 0.23666392 0.7171301 0.20821972
v 0.20312582 0.7175928 0.23785634
v 0.27257776 0.6617929 0.19011298
v 0.2873408 0.60725003 0.21134554
v 0.27953672 0.6586331 0.12763338
v 0.2946934 0.6032459 0.14965215
v 0.26438007 0.7140204 0.10561459
v 0.2578147 0.71633565 0.1688804
v 0.2492234 0.76940763 0.083595805
v 0.24305166 0.77087855 0.14764784
v 0.23666392 0.7171301 0.20821972
v 0.23406672 0.8247948 0.061577026
v 0.223169 0.77167296 0.18645293
v 0.22828862 0.8254214 0.12641527
v 0.21891005 0.880182 0.03955825
v 0.21352558 0.87996423 0.10518269
v 0.20375338 0.9355693 0.017539471
v 0.20967408 0.82621574 0.16468611
v 0.19164172 0.7721357 0.2159827
v 0.18575002 0.97758055 -0.03206977
v 0.1516297 0.99872816 -0.055325195
v 0.19784766 0.9352386 -0.038767595
v 0.21701464 0.8787166 -0.021400345
v 0.17203534 0.9774596 -0.066079065
v 0.1302762 0.9983632 -0.07582483
v 0.21073553 0.8783859 -0.07646728
v 0.2302759 0.8218639 -0.06034016
v 0.14804746 0.9770828 -0.08880507
v 0.102465875 0.9980004 -0.091717355
v 0.18314415 0.93511003 -0.07383624
v 0.2236234 0.8215332 -0.11416698
v 0.116806164 0.97670805 -0.10642361
v 0.07053478 0.9981092 -0.10213877
v 0.15742671 0.9347093 -0.097270146
v 0.1951024 0.87825733 -0.11153594
v 0.0809357 0.97682047 -0.11797686
v 0.03599424 0.99806553 -0.10851441
v 0.20706064 0.82140464 -0.14923564
v 0.23651126 0.7646805 -0.15186667
v 0.12393285 0.934311 -0.11543748
v 0.16775897 0.8778566 -0.13496986
v 0.21901888 0.7645519 -0.18693534
v 0.24939913 0.70782775 -0.18956639
v 0.23097712 0.7076992 -0.22463503
v 0.042133883 0.9767753 -0.12504493
v -0 0.9978055 -0.11201014
v 0.08547609 0.9344304 -0.1273506
v 0.13214748 0.8774583 -0.15313718
v 0.17809124 0.8210039 -0.17266954
v 0.1403621 0.8206055 -0.19083686
v 0.18842351 0.76415116 -0.21036923
v 0.0912593 0.8775777 -0.16505031
v 0.043876614 0.93438244 -0.13463883
v -0 0.97650677 -0.12892032
v 0.14857672 0.7637528 -0.22853655
v 0.19875577 0.70729846 -0.24806894
v 0.09704251 0.82072496 -0.20275001
v 0.047029704 0.87752974 -0.17233855
v -0.042133883 0.9767753 -0.12504493
v -0.03599424 0.99806553 -0.10851441
v -0 0.9340969 -0.13863495
v -0.0809357 0.97682047 -0.11797686
v -0.07053478 0.9981092 -0.10213877
v -0.043876614 0.93438244 -0.13463883
v -0.116806164 0.97670805 -0.10642361
v -0.102465875 0.9980004 -0.091717355
v -0.08547609 0.9344304 -0.1273506
v -0.14804746 0.9770828 -0.08880507
v -0.1302762 0.9983632 -0.07582483
v -0.12393285 0.934311 -0.11543748
v -0.17203534 0.9774596 -0.066079065
v -0.1516297 0.99872816 -0.055325195
v -0.15742671 0.9347093 -0.097270146
v -0.18575002 0.97758055 -0.03206977
v -0.1638382 0.9988452 -0.024647646
v -0.18314415 0.93511003 -0.07383624
v -0.19125855 0.97789156 0.01489605
v -0.16874176 0.99914634 0.013760548
v -0.19784766 0.9352386 -0.038767595
v -0.18660337 0.97717625 0.06073964
v -0.16459784 0.99889976 0.05247531
v -0.20375338 0.9355693 0.017539471
v -0.17160636 0.9767876 0.09682419
v -0.15124781 0.9985235 0.08502482
v -0.19876254 0.93450713 0.08395012
v -0.14782614 0.9763313 0.12515074
v -0.13007918 0.9980816 0.110576324
v -0.18268423 0.9353014 0.121152505
v -0.11684318 0.9758383 0.1455975
v -0.10249882 0.99760425 0.12901999
v -0.15718941 0.9357642 0.15036178
v -0.08089238 0.97540325 0.15671167
v -0.07049621 0.997183 0.13904536
v -0.123972535 0.93592435 0.17145132
v -0.050322987 0.9747188 0.16127664
v -0.04802026 0.99652034 0.14316313
v -0.052403133 0.93525934 0.18764897
v -0.08542963 0.9358338 0.18292065
v -0.05544409 0.8807165 0.21069793
v -0.09125394 0.88129103 0.20596962
v -0.058485046 0.82617366 0.23374692
v -0.13283677 0.8813816 0.19450028
v -0.097078234 0.8267482 0.2290186
v -0.061526 0.7716308 0.25679588
v -0.16867352 0.8812213 0.1722354
v -0.14170101 0.82683873 0.21754926
v -0.14170101 0.82683873 0.21754926
v -0.18015762 0.8266785 0.19410905
v -0.10290253 0.77220535 0.25206757
v -0.06456696 0.7170879 0.27984485
v -0.19617915 0.8807586 0.1429193
v -0.15056525 0.7722959 0.24059825
v -0.18015762 0.8266785 0.19410905
v -0.19164172 0.7721357 0.2159827
v -0.10872683 0.7176625 0.27511653
v -0.06760792 0.662545 0.30289382
v -0.20967408 0.82621574 0.16468611
v -0.19164172 0.7721357 0.2159827
v -0.223169 0.77167296 0.18645293
v -0.21352558 0.87996423 0.10518269
v -0.22828862 0.8254214 0.12641527
v -0.21891005 0.880182 0.03955825
v -0.23406672 0.8247948 0.061577026
v -0.24305166 0.77087855 0.14764784
v -0.2492234 0.76940763 0.083595805
v -0.23666392 0.7171301 0.20821972
v -0.2578147 0.71633565 0.1688804
v -0.26438007 0.7140204 0.10561459
v -0.27257776 0.6617929 0.19011298
v -0.27953672 0.6586331 0.12763338
v -0.2873408 0.60725003 0.21134554
v -0.2946934 0.6032459 0.14965215
v -0.26365376 0.6080443 0.25175333
v -0.25015885 0.6625872 0.22998653
v -0.22609402 0.6085071 0.28160366
v -0.21460992 0.66304994 0.25972998
v -0.23666392 0.7171301 0.20821972
v -0.20312582 0.7175928 0.23785634
v -0.17715797 0.60866725 0.30974516
v -0.16829373 0.6632101 0.28669617
v -0.20312582 0.7175928 0.23785634
v -0.12037544 0.6085768 0.3212145
v -0.15942949 0.717753 0.2636472
v -0.114551134 0.6631196 0.2981655
v -0.070648864 0.6080022 0.3259428
v -0.19164172 0.7721357 0.2159827
v -0.15942949 0.717753 0.2636472
v -0.20312582 0.7175928 0.23785634
v 0.36100677 0.67035306 -0.29330525
v 0.35543028 0.7065668 -0.32740027
v 0.13157913 1.0944272 0.12117581
v 0.13715558 1.0582137 0.15527077
v 0.35543028 0.7065668 -0.32740027
v 0.3724043 0.71110046 -0.32275173
v 0.14855306 1.0989612 0.12582418
v 0.13157913 1.0944272 0.12117581
v 0.3724043 0.71110046 -0.32275173
v 0.3779808 0.6748868 -0.28865665
v 0.1541296 1.0627474 0.15991923
v 0.14855306 1.0989612 0.12582418
v 0.3779808 0.6748868 -0.28865665
v 0.36100677 0.67035306 -0.29330525
v 0.13715558 1.0582137 0.15527077
v 0.1541296 1.0627474 0.15991923
v 0.35543028 0.7065668 -0.32740027
v 0.37341624 0.6745593 -0.35298085
v 0.38724968 0.67801297 -0.3489658
v 0.3724043 0.71110046 -0.32275173
v 0.14855306 1.0989612 0.12582418
v 0.1541296 1.0627474 0.15991923
v 0.13715558 1.0582137 0.15527077
v 0.13157913 1.0944272 0.12117581
v 0.37341624 0.6745593 -0.35298085
v 0.37726864 0.64954174 -0.32942697
v 0.39110205 0.6529955 -0.3254119
v 0.38724968 0.67801297 -0.3489658
v 0.36100677 0.67035306 -0.29330525
v 0.37726864 0.64954174 -0.32942697
v 0.37341624 0.6745593 -0.35298085
v 0.35543028 0.7065668 -0.32740027
v 0.3724043 0.71110046 -0.32275173
v 0.38724968 0.67801297 -0.3489658
v 0.39110205 0.6529955 -0.3254119
v 0.3779808 0.6748868 -0.28865665
v 0.3779808 0.6748868 -0.28865665
v 0.39110205 0.6529955 -0.3254119
v 0.37726864 0.64954174 -0.32942697
v 0.36100677 0.67035306 -0.29330525
v -0.19164172 0.7721357 0.2159827
v -0.20312582 0.7175928 0.23785634
v -0.23666392 0.7171301 0.20821972
v -0.06760792 0.662545 0.30289382
v -0 0.6074969 0.32728195
v -0.070648864 0.6080022 0.3259428
v -0 0.6620398 0.30423295
v -0.06456696 0.7170879 0.27984485
v 0.06760792 0.662545 0.30289382
v 0.070648864 0.6080022 0.3259428
v 0.06456696 0.7170879 0.27984485
v -0 0.7165827 0.281184
v -0.061526 0.7716308 0.25679588
v 0.061526 0.7716308 0.25679588
v -0 0.77112556 0.25813502
v -0.058485046 0.82617366 0.23374692
v 0.058485046 0.82617366 0.23374692
v -0 0.8256684 0.23508604
v -0.05544409 0.8807165 0.21069793
v 0.05544409 0.8807165 0.21069793
v -0 0.88021123 0.21203706
v -0.052403133 0.93525934 0.18764897
v 0.052403133 0.93525934 0.18764897
v -0 0.9347541 0.18898809
v -0.050322987 0.9747188 0.16127664
v 0.050322987 0.9747188 0.16127664
v -0 0.974203 0.16255873
v -0.04802026 0.99652034 0.14316313
v 0.04802026 0.99652034 0.14316313
v -0 0.9960209 0.14431961
v -0.22828862 0.8254214 0.12641527
v -0.20967408 0.82621574 0.16468611
v -0.223169 0.77167296 0.18645293
v -0.24305166 0.77087855 0.14764784
v -0.2578147 0.71633565 0.1688804
v -0.23666392 0.7171301 0.20821972
v -0.25015885 0.6625872 0.22998653
v 0.23666392 0.7171301 0.20821972
v 0.20312582 0.7175928 0.23785634
v 0.19164172 0.7721357 0.2159827
v 0.22828862 0.8254214 0.12641527
v 0.24305166 0.77087855 0.14764784
v 0.223169 0.77167296 0.18645293
v 0.20967408 0.82621574 0.16468611
v 0.2578147 0.71633565 0.1688804
v 0.25015885 0.6625872 0.22998653
v 0.23666392 0.7171301 0.20821972
v 0.19164172 0.7721357 0.2159827
v 0.20312582 0.7175928 0.23785634
v 0.15942949 0.717753 0.2636472
v -0.24939913 0.70782775 -0.18956639
v -0.25679842 0.7081585 -0.1382198
v -0.27005967 0.6513058 -0.17715962
v -0.262287 0.65097505 -0.22726609
v -0.28332093 0.59445304 -0.21609943
v -0.27517486 0.59412235 -0.26496577
v -0.24293536 0.6508465 -0.26233473
v -0.2548936 0.5939938 -0.3000344
v -0.23097712 0.7076992 -0.22463503
v -0.21901888 0.7645519 -0.18693534
v -0.19875577 0.70729846 -0.24806894
v -0.23651126 0.7646805 -0.15186667
v -0.20706064 0.82140464 -0.14923564
v -0.2236234 0.8215332 -0.11416698
v -0.20908803 0.65044576 -0.28576866
v -0.2194203 0.59359306 -0.32346833
v -0.16500597 0.6500474 -0.30393595
v -0.17322059 0.5931947 -0.3416356
v -0.15679134 0.7069001 -0.26623625
v -0.11439213 0.65016687 -0.31584913
v -0.12017534 0.5933142 -0.3535488
v -0.108608924 0.70701957 -0.27814943
v -0.059642058 0.6501189 -0.32313734
v -0.06279515 0.5932662 -0.360837
v -0.05648897 0.7069716 -0.28543764
v -0 0.6498333 -0.32713348
v -0 0.5929806 -0.36483315
v 0.06279515 0.5932662 -0.360837
v -0 0.706686 -0.28943378
v 0.059642058 0.6501189 -0.32313734
v 0.12017534 0.5933142 -0.3535488
v 0.11439213 0.65016687 -0.31584913
v 0.17322059 0.5931947 -0.3416356
v 0.05648897 0.7069716 -0.28543764
v -0 0.7635387 -0.25173408
v -0.05333588 0.7638243 -0.24773793
v 0.16500597 0.6500474 -0.30393595
v 0.2194203 0.59359306 -0.32346833
v 0.108608924 0.70701957 -0.27814943
v 0.05333588 0.7638243 -0.24773793
v 0.20908803 0.65044576 -0.28576866
v 0.2548936 0.5939938 -0.3000344
v 0.15679134 0.7069001 -0.26623625
v 0.24293536 0.6508465 -0.26233473
v 0.27517486 0.59412235 -0.26496577
v -0.102825716 0.76387227 -0.24044971
v -0 0.8203914 -0.21403436
v 0.102825716 0.76387227 -0.24044971
v 0.05018279 0.820677 -0.21003823
v -0 0.8772442 -0.17633466
v -0.05018279 0.820677 -0.21003823
v -0.047029704 0.87752974 -0.17233855
v -0.09704251 0.82072496 -0.20275001
v -0.0912593 0.8775777 -0.16505031
v -0.14857672 0.7637528 -0.22853655
v -0.18842351 0.76415116 -0.21036923
v -0.1403621 0.8206055 -0.19083686
v -0.17809124 0.8210039 -0.17266954
v -0.13214748 0.8774583 -0.15313718
v -0.16775897 0.8778566 -0.13496986
v -0.1951024 0.87825733 -0.11153594
v -0.21073553 0.8783859 -0.07646728
v -0.2302759 0.8218639 -0.06034016
v -0.21701464 0.8787166 -0.021400345
v -0.17809124 0.8210039 -0.17266954
v -0.21901888 0.7645519 -0.18693534
v -0.18842351 0.76415116 -0.21036923
v -0.23097712 0.7076992 -0.22463503
v -0.2236234 0.8215332 -0.11416698
v -0.24353716 0.7650112 -0.09927998
v -0.23651126 0.7646805 -0.15186667
v -0.25679842 0.7081585 -0.1382198
v 0.27005967 0.6513058 -0.17715962
v 0.25679842 0.7081585 -0.1382198
v 0.262287 0.65097505 -0.22726609
v 0.28332093 0.59445304 -0.21609943
v 0.23651126 0.7646805 -0.15186667
v 0.25679842 0.7081585 -0.1382198
v 0.24353716 0.7650112 -0.09927998
v 0.2236234 0.8215332 -0.11416698
v 0.18842351 0.76415116 -0.21036923
v 0.23097712 0.7076992 -0.22463503
v 0.21901888 0.7645519 -0.18693534
v 0.17809124 0.8210039 -0.17266954
v -0.03225667 1.0507494 -0.08112023
v -0 1.0508645 -0.083868355
v 0.03225667 1.0507494 -0.08112023
v -0.06351397 1.0510352 -0.07473933
v 0.06351397 1.0510352 -0.07473933
v 0.0930311 1.0516322 -0.064759515
v 0.116988055 1.0518543 -0.05208403
v -0.116988055 1.0518543 -0.05208403
v -0.13249598 1.0523245 -0.039574195
v 0.13249598 1.0523245 -0.039574195
v 0.13249598 1.0523245 -0.039574195
v -0.14155778 1.0522394 -0.019190617
v -0.13249598 1.0523245 -0.039574195
v 0.14155778 1.0522394 -0.019190617
v -0.1461043 1.0523413 0.0100055095
v 0.1461043 1.0523413 0.0100055095
v -0.1461043 1.0523413 0.0100055095
v -0.14313887 1.0522879 0.039421543
v 0.14313887 1.0522879 0.039421543
v -0.13022698 1.0521195 0.06752871
v 0.14313887 1.0522879 0.039421543
v 0.13022698 1.0521195 0.06752871
v -0.13022698 1.0521195 0.06752871
v -0.11360095 1.0518711 0.08899097
v 0.11360095 1.0518711 0.08899097
v -0.091790356 1.0512418 0.102400325
v 0.091790356 1.0512418 0.102400325
v -0.06443061 1.0511805 0.110074304
v 0.06443061 1.0511805 0.110074304
v -0.03989761 1.0508205 0.11359679
v -0 1.0509336 0.113409586
v 0.03989761 1.0508205 0.11359679
v 0.14313887 1.0522879 0.039421543
v 0.16270381 1.0522869 0.04474266
v 0.14744316 1.0521173 0.077962734
v 0.13022698 1.0521195 0.06752871
v 0.12718017 1.051868 0.10411988
v 0.11360095 1.0518711 0.08899097
v 0.099883564 1.051238 0.12090212
v 0.091790356 1.0512418 0.102400325
v 0.0685702 1.0511764 0.12968504
v 0.06443061 1.0511805 0.110074304
v 0.041279435 1.0508163 0.1336035
v 0.03989761 1.0508205 0.11359679
v -0 1.0509294 0.13340981
v -0 1.0509336 0.113409586
v 0.1461043 1.0523413 0.0100055095
v 0.16270381 1.0522869 0.04474266
v 0.14313887 1.0522879 0.039421543
v 0.16626057 1.0523415 0.009461036
v 0.14155778 1.0522394 -0.019190617
v 0.16091126 1.0522406 -0.024890216
v 0.13249598 1.0523245 -0.039574195
v 0.14881039 1.0523272 -0.052109912
v 0.116988055 1.0518543 -0.05208403
v 0.12804501 1.0518577 -0.068860754
v 0.0930311 1.0516322 -0.064759515
v 0.100961685 1.051636 -0.08319038
v 0.116988055 1.0518543 -0.05208403
v 0.06351397 1.0510352 -0.07473933
v 0.100961685 1.051636 -0.08319038
v 0.0930311 1.0516322 -0.064759515
v 0.06873725 1.0510392 -0.09408553
v 0.03225667 1.0507494 -0.08112023
v 0.03511537 1.0507535 -0.10094913
v -0 1.0508645 -0.083868355
v -0 1.0508686 -0.10394081
v -0.03225667 1.0507494 -0.08112023
v -0.03511537 1.0507535 -0.10094913
v -0.06351397 1.0510352 -0.07473933
v -0.06873725 1.0510392 -0.09408553
v -0.0930311 1.0516322 -0.064759515
v -0.100961685 1.051636 -0.08319038
v -0.116988055 1.0518543 -0.05208403
v -0.12804501 1.0518577 -0.068860754
v -0.13249598 1.0523245 -0.039574195
v -0.14881039 1.0523272 -0.052109912
v -0.14155778 1.0522394 -0.019190617
v -0.16091126 1.0522406 -0.024890216
v -0.1461043 1.0523413 0.0100055095
v -0.16626057 1.0523415 0.009461036
v -0 1.0509336 0.113409586
v -0 1.0509294 0.13340981
v -0.041279435 1.0508163 0.1336035
v -0.03989761 1.0508205 0.11359679
v -0.0685702 1.0511764 0.12968504
v -0.06443061 1.0511805 0.110074304
v -0.099883564 1.051238 0.12090212
v -0.091790356 1.0512418 0.102400325
v -0.12718017 1.051868 0.10411988
v -0.11360095 1.0518711 0.08899097
v -0.14313887 1.0522879 0.039421543
v -0.16626057 1.0523415 0.009461036
v -0.1461043 1.0523413 0.0100055095
v -0.16270381 1.0522869 0.04474266
v -0.13022698 1.0521195 0.06752871
v -0.14744316 1.0521173 0.077962734
v -0.11360095 1.0518711 0.08899097
v -0.12718017 1.051868 0.10411988
v 0.153882 0.9772975 -0.018221835
v 0.16751635 0.8777777 0.006335542
v 0.15830876 0.97766083 0.014228745
v 0.15445285 0.97735536 0.04675833
v 0.1635319 0.8722396 -0.031222008
v 0.14897321 0.9128278 -0.05536099
v 0.14264119 0.9771206 -0.044213895
v 0.12263973 0.9767788 -0.061972596
v 0.12939876 0.9097934 -0.076881275
v 0.096556865 0.9763694 -0.075425245
v 0.15312058 0.86861354 -0.0650459
v 0.16079472 0.8165346 -0.07699837
v 0.13281395 0.86343896 -0.08862396
v 0.10666668 0.8628635 -0.10378324
v 0.066902086 0.97668046 -0.08389851
v 0.13818613 0.81403625 -0.102649026
v 0.07529046 0.86464125 -0.11199158
v 0.034502964 0.9767047 -0.08900919
v 0.11088816 0.8139346 -0.11760482
v 0.040676765 0.8666891 -0.11505962
v -0 0.97633356 -0.09199268
v 0.14031026 0.79058 -0.10921002
v 0.14267309 0.76654387 -0.11582317
v 0.07733842 0.81377614 -0.12608883
v 0.10944985 0.78409314 -0.123647764
v -0 0.86786586 -0.117326416
v 0.04197931 0.8121471 -0.1288102
v 0.07546518 0.78214157 -0.13065197
v 0.10779636 0.7542517 -0.12941235
v -0.040676765 0.8666891 -0.11505962
v -0.034502964 0.9767047 -0.08900919
v -0.07529046 0.86464125 -0.11199158
v -0.066902086 0.97668046 -0.08389851
v -0.10666668 0.8628635 -0.10378324
v -0.096556865 0.9763694 -0.075425245
v -0.12939876 0.9097934 -0.076881275
v -0.12263973 0.9767788 -0.061972596
v -0.14897321 0.9128278 -0.05536099
v -0.14264119 0.9771206 -0.044213895
v -0.153882 0.9772975 -0.018221835
v -0.04197931 0.8121471 -0.1288102
v -0.07733842 0.81377614 -0.12608883
v -0.11088816 0.8139346 -0.11760482
v -0 0.8137566 -0.13057663
v 0.04061988 0.77964437 -0.1330008
v 0.07325787 0.75050706 -0.13472705
v 0.054798417 0.69111776 -0.113191165
v 0.03905525 0.7471416 -0.13659231
v -0 0.7807375 -0.13415007
v -0.04061988 0.77964437 -0.1330008
v -0.07546518 0.78214157 -0.13065197
v -0.10944985 0.78409314 -0.123647764
v 0.083983354 0.6774117 -0.11316906
v -0.03905525 0.7471416 -0.13659231
v -0.07325787 0.75050706 -0.13472705
v -0.054798417 0.69111776 -0.113191165
v -0.10779636 0.7542517 -0.12941235
v -0.14267309 0.76654387 -0.11582317
v -0.14031026 0.79058 -0.10921002
v -0.16079472 0.8165346 -0.07699837
v -0.13818613 0.81403625 -0.102649026
v -0.13281395 0.86343896 -0.08862396
v -0.15312058 0.86861354 -0.0650459
v -0.1635319 0.8722396 -0.031222008
v -0.083983354 0.6774117 -0.11316906
v -0.16751635 0.8777777 0.006335542
v -0.15830876 0.97766083 0.014228745
v -0.15445285 0.97735536 0.04675833
v -0.17202415 0.8297077 -0.03811009
v -0.1763969 0.83572555 0.0016727111
v -0.16565125 0.87342256 0.043186758
v -0.17562802 0.8278846 0.037391916
v -0.1500056 0.9169994 0.07797567
v -0.14257485 0.9769137 0.073255375
v -0.1283486 0.9194264 0.09815656
v -0.12262967 0.9764093 0.09412256
v -0.096876 0.97596675 0.10959858
v -0.10657263 0.8773317 0.1180613
v -0.06689952 0.97543585 0.11807394
v -0.15411328 0.8745827 0.07937738
v -0.15700072 0.8461062 0.082344286
v -0.1692488 0.7876964 0.081468344
v -0.1334444 0.8748826 0.10234668
v -0.13906594 0.81483954 0.1046798
v -0.07456578 0.8835218 0.12647954
v -0.034502964 0.9746756 0.12149002
v -0.03914432 0.88690037 0.12899101
v -0 0.97399336 0.122717
v -0.076951094 0.8439302 0.13119237
v -0.18349598 0.7965117 0.039889764
v -0.18684655 0.7992316 -0.00079918694
v -0.10592668 0.8305349 0.11944714
v -0.106403306 0.76791996 0.12095297
v -0.079586424 0.8043386 0.13635558
v -0.03959576 0.85023075 0.13339922
v -0.13779813 0.77699405 0.10745645
v -0.19252308 0.7564247 0.041741207
v -0.18456717 0.79465187 -0.043565948
v -0.13478926 0.72524375 0.10323283
v -0 0.8877721 0.13054512
v -0.19552332 0.7599163 -0.0020169928
v -0.17010285 0.7822634 -0.08329116
v -0.1926473 0.7584797 -0.04671196
v -0.17679226 0.7460414 -0.08796539
v 0.03914432 0.88690037 0.12899101
v 0.034502964 0.9746756 0.12149002
v -0.13976371 0.72018903 -0.11372859
v 0.07456578 0.8835218 0.12647954
v 0.06689952 0.97543585 0.11807394
v 0.10657263 0.8773317 0.1180613
v 0.096876 0.97596675 0.10959858
v 0.076951094 0.8439302 0.13119237
v 0.03959576 0.85023075 0.13339922
v 0.1283486 0.9194264 0.09815656
v 0.12262967 0.9764093 0.09412256
v 0.14257485 0.9769137 0.073255375
v -0 0.84919983 0.13515759
v 0.1500056 0.9169994 0.07797567
v 0.16565125 0.87342256 0.043186758
v 0.15411328 0.8745827 0.07937738
v 0.1334444 0.8748826 0.10234668
v 0.15700072 0.8461062 0.082344286
v 0.17562802 0.8278846 0.037391916
v 0.1692488 0.7876964 0.081468344
v 0.13906594 0.81483954 0.1046798
v 0.1763969 0.83572555 0.0016727111
v 0.10592668 0.8305349 0.11944714
v 0.106403306 0.76791996 0.12095297
v 0.079586424 0.8043386 0.13635558
v 0.040117655 0.813782 0.13828695
v 0.18349598 0.7965117 0.039889764
v 0.17202415 0.8297077 -0.03811009
v 0.18684655 0.7992316 -0.00079918694
v 0.18456717 0.79465187 -0.043565948
v 0.19252308 0.7564247 0.041741207
v 0.071925536 0.7705237 0.12944084
v 0.17010285 0.7822634 -0.08329116
v 0.19552332 0.7599163 -0.0020169928
v 0.1926473 0.7584797 -0.04671196
v 0.17679226 0.7460414 -0.08796539
v 0.13976371 0.72018903 -0.11372859
v 0.18567196 0.6718948 -0.083751485
v 0.1430548 0.6557014 -0.10634407
v 0.20595378 0.6813941 -0.04429823
v 0.09406993 0.63558227 -0.09912087
v 0.14744887 0.5769451 -0.09613605
v 0.1906269 0.5843623 -0.07628224
v 0.09756184 0.57118917 -0.088120155
v 0.21070486 0.68197715 -0.0009131144
v 0.21498111 0.58829826 -0.039969042
v 0.20621839 0.68001145 0.04189584
v 0.058767308 0.6165007 -0.05782849
v 0.06609365 0.56429124 -0.05178648
v 0.05239429 0.6490417 -0.06463039
v 0.098309964 0.5064471 -0.08084144
v 0.14456841 0.5077279 -0.09071006
v 0.19121619 0.5092813 -0.07167148
v 0.0694293 0.5051284 -0.04703042
v 0.053257108 0.55998796 0.00046740143
v 0.04294728 0.605455 -0.0007833793
v 0.05934934 0.5038627 0.0012506515
v 0.09871456 0.45995042 -0.0774875
v 0.070406504 0.4599258 -0.04490576
v 0.060600124 0.4599099 0.0017057643
v 0.14497744 0.4599794 -0.087580904
v 0.0719111 0.4173444 -0.04433777
v 0.09731864 0.37909746 -0.07724529
v 0.066025525 0.5663647 0.051851038
v 0.058675695 0.6191183 0.05369317
v 0.06943198 0.5056291 0.04935932
v 0.19221723 0.45999727 -0.06960862
v 0.14547345 0.3791291 -0.087496705
v 0.21668378 0.5099961 -0.037409253
v 0.22140779 0.5889664 0.0002923114
v 0.21500908 0.58851933 0.040344775
v 0.22347447 0.50999135 0.001275134
v 0.2179943 0.45999548 -0.036562517
v 0.21669216 0.5099358 0.039863043
v 0.19022726 0.5858986 0.07633653
v 0.19120447 0.5091346 0.07383152
v 0.18562637 0.67050153 0.0793748
v 0.176374 0.7405738 0.07998443
v 0.21799976 0.4600022 0.040357575
v 0.22481103 0.45998296 0.0018632016
v 0.19216087 0.4599708 0.07326315
v 0.1448014 0.5078214 0.09252437
v 0.14396606 0.5817505 0.09610356
v 0.14269069 0.6583573 0.09925376
v 0.13478926 0.72524375 0.10323283
v 0.14525312 0.45993534 0.09086799
v 0.13779813 0.77699405 0.10745645
v 0.19265953 0.4170112 0.0716244
v 0.14577144 0.4166537 0.0884127
v 0.21866272 0.41738516 0.03945087
v 0.22538163 0.41737264 0.0012103003
v 0.21868014 0.41736728 -0.037025824
v 0.19549996 0.37909722 -0.07097312
v 0.08328414 0.6748347 0.10077715
v 0.09396881 0.6368615 0.09146082
v 0.06524286 0.7317267 0.12474365
v 0.096927166 0.5741362 0.08720484
v 0.09829666 0.50700533 0.08280662
v 0.098728076 0.4599441 0.0809225
v 0.099589825 0.41720968 0.07846789
v 0.07042924 0.45991978 0.048505306
v 0.052334893 0.65162164 0.056391828
v 0.071984366 0.4172362 0.046599977
v 0.062380314 0.41732627 0.0010522706
v 0.06902717 0.37910366 -0.045675535
v 0.059302658 0.37910688 -0.0012936856
v 0.0691493 0.37897137 0.04328427
v 0.059014887 0.3144113 -0.006689718
v 0.06877067 0.3143901 -0.0488091
v 0.09745554 0.3788844 0.07465973
v 0.06879822 0.3143082 0.035302762
v 0.14580078 0.37785026 0.08463543
v 0.0965884 0.314382 -0.07957424
v 0.08138538 0.2745889 -0.009105518
v 0.08850689 0.27458423 -0.04355038
v 0.088639885 0.2745143 0.025276132
v 0.10917314 0.27458066 -0.06895656
v 0.09665474 0.31422082 0.06567964
v 0.1096524 0.2744492 0.050030977
v 0.145156 0.31442443 -0.08932488
v 0.14498714 0.2746138 -0.07645852
v 0.14541285 0.3130708 0.07518388
v 0.14546217 0.2735922 0.05785877
v 0.19601478 0.31439868 -0.07396358
v 0.18239525 0.27459192 -0.06394659
v 0.19526204 0.37849927 0.06854349
v 0.1958161 0.3138514 0.06018951
v 0.18214908 0.2742019 0.04551231
v 0.22281586 0.37909865 0.03708221
v 0.22426683 0.3143951 0.030295504
v 0.20345756 0.27455792 0.021131748
v 0.2297956 0.37910986 -0.0011674629
v 0.23108551 0.31441846 -0.0066524735
v 0.20870477 0.27458772 -0.009077336
v 0.20360397 0.27458647 -0.039366886
v 0.22430024 0.31440106 -0.043713916
v 0.22288172 0.37908363 -0.039343473
v 0.054597907 0.6934402 0.10163445
v 0.028745819 0.7043653 0.1026536
v 0.03480258 0.730586 0.12720144
v 0.038908955 0.7690417 0.13826717
v -0 0.8124506 0.14006184
v -0 0.76819766 0.13976544
v -0.040117655 0.813782 0.13828695
v -0.038908955 0.7690417 0.13826717
v -0.071925536 0.7705237 0.12944084
v -0.03480258 0.730586 0.12720144
v -0 0.7307877 0.12918893
v -0 0.70607436 0.104776464
v -0.06524286 0.7317267 0.12474365
v -0.028745819 0.7043653 0.1026536
v -0 0.6739221 0.05965248
v -0.08328414 0.6748347 0.10077715
v -0.054597907 0.6934402 0.10163445
v 0.020100316 0.67263293 0.0579437
v -0 0.6507156 -0.0025675679
v -0.020100316 0.67263293 0.0579437
v 0.038434923 0.6663434 0.05713408
v 0.011215441 0.64983034 -0.0027854042
v 0.03541707 0.6310577 -0.0020724493
v 0.025562515 0.6440499 -0.0027505308
v 0.03848662 0.6637527 -0.06696724
v 0.020147586 0.6699917 -0.067558974
v 0.028820075 0.70033985 -0.11286529
v -0 0.6712382 -0.06827138
v -0 0.7019632 -0.113553874
v -0 0.74771845 -0.13706979
v -0.028820075 0.70033985 -0.11286529
v -0.020147586 0.6699917 -0.067558974
v -0.011215441 0.64983034 -0.0027854042
v -0.03848662 0.6637527 -0.06696724
v -0.038434923 0.6663434 0.05713408
v -0.05239429 0.6490417 -0.06463039
v -0.025562515 0.6440499 -0.0027505308
v -0.03541707 0.6310577 -0.0020724493
v -0.052334893 0.65162164 0.056391828
v -0.04294728 0.605455 -0.0007833793
v -0.058767308 0.6165007 -0.05782849
v -0.058675695 0.6191183 0.05369317
v -0.09406993 0.63558227 -0.09912087
v -0.053257108 0.55998796 0.00046740143
v -0.09396881 0.6368615 0.09146082
v -0.1430548 0.6557014 -0.10634407
v -0.06609365 0.56429124 -0.05178648
v -0.066025525 0.5663647 0.051851038
v -0.18567196 0.6718948 -0.083751485
v -0.09756184 0.57118917 -0.088120155
v -0.05934934 0.5038627 0.0012506515
v -0.20595378 0.6813941 -0.04429823
v -0.14744887 0.5769451 -0.09613605
v -0.0694293 0.5051284 -0.04703042
v -0.1906269 0.5843623 -0.07628224
v -0.098309964 0.5064471 -0.08084144
v -0.14456841 0.5077279 -0.09071006
v -0.06943198 0.5056291 0.04935932
v -0.060600124 0.4599099 0.0017057643
v -0.070406504 0.4599258 -0.04490576
v -0.09871456 0.45995042 -0.0774875
v -0.096927166 0.5741362 0.08720484
v -0.0719111 0.4173444 -0.04433777
v -0.14269069 0.6583573 0.09925376
v -0.176374 0.7405738 0.07998443
v -0.18562637 0.67050153 0.0793748
v -0.14396606 0.5817505 0.09610356
v -0.09829666 0.50700533 0.08280662
v -0.07042924 0.45991978 0.048505306
v -0.20621839 0.68001145 0.04189584
v -0.19022726 0.5858986 0.07633653
v -0.1448014 0.5078214 0.09252437
v -0.21070486 0.68197715 -0.0009131144
v -0.21500908 0.58851933 0.040344775
v -0.21498111 0.58829826 -0.039969042
v -0.062380314 0.41732627 0.0010522706
v -0.098728076 0.4599441 0.0809225
v -0.19120447 0.5091346 0.07383152
v -0.22140779 0.5889664 0.0002923114
v -0.19121619 0.5092813 -0.07167148
v -0.071984366 0.4172362 0.046599977
v -0.14525312 0.45993534 0.09086799
v -0.21669216 0.5099358 0.039863043
v -0.21668378 0.5099961 -0.037409253
v -0.14497744 0.4599794 -0.087580904
v -0.099589825 0.41720968 0.07846789
v -0.19216087 0.4599708 0.07326315
v -0.22347447 0.50999135 0.001275134
v -0.19221723 0.45999727 -0.06960862
v -0.09731864 0.37909746 -0.07724529
v -0.14577144 0.4166537 0.0884127
v -0.21799976 0.4600022 0.040357575
v -0.2179943 0.45999548 -0.036562517
v -0.14547345 0.3791291 -0.087496705
v -0.06902717 0.37910366 -0.045675535
v -0.19265953 0.4170112 0.0716244
v -0.22481103 0.45998296 0.0018632016
v -0.21866272 0.41738516 0.03945087
v -0.22538163 0.41737264 0.0012103003
v -0.21868014 0.41736728 -0.037025824
v -0.059302658 0.37910688 -0.0012936856
v -0.0691493 0.37897137 0.04328427
v -0.059014887 0.3144113 -0.006689718
v -0.09745554 0.3788844 0.07465973
v -0.19549996 0.37909722 -0.07097312
v -0.06877067 0.3143901 -0.0488091
v -0.06879822 0.3143082 0.035302762
v -0.14580078 0.37785026 0.08463543
v -0.0965884 0.314382 -0.07957424
v -0.08138538 0.2745889 -0.009105518
v -0.08850689 0.27458423 -0.04355038
v -0.088639885 0.2745143 0.025276132
v -0.10917314 0.27458066 -0.06895656
v -0.09665474 0.31422082 0.06567964
v -0.1096524 0.2744492 0.050030977
v -0.145156 0.31442443 -0.08932488
v -0.14498714 0.2746138 -0.07645852
v -0.14541285 0.3130708 0.07518388
v -0.14546217 0.2735922 0.05785877
v -0.19601478 0.31439868 -0.07396358
v -0.18239525 0.27459192 -0.06394659
v -0.19526204 0.37849927 0.06854349
v -0.1958161 0.3138514 0.06018951
v -0.18214908 0.2742019 0.04551231
v -0.22281586 0.37909865 0.03708221
v -0.22426683 0.3143951 0.030295504
v -0.20345756 0.27455792 0.021131748
v -0.2297956 0.37910986 -0.0011674629
v -0.23108551 0.31441846 -0.0066524735
v -0.20870477 0.27458772 -0.009077336
v -0.20360397 0.27458647 -0.039366886
v -0.22430024 0.31440106 -0.043713916
v -0.22288172 0.37908363 -0.039343473
v 0.08850689 0.27458423 -0.04355038
v 0.08138538 0.2745889 -0.009105518
v 0.0812682 0.27111635 -0.009896406
v 0.088639885 0.2745143 0.025276132
v 0.088434786 0.27111617 -0.05003824
v 0.084563226 0.22782138 -0.013103096
v 0.10917314 0.27458066 -0.06895656
v 0.08842191 0.27103344 0.030188572
v 0.1096524 0.2744492 0.050030977
v 0.10915983 0.27111328 -0.07974869
v 0.14498714 0.2746138 -0.07645852
v 0.10957385 0.27096024 0.059001625
v 0.14546217 0.2735922 0.05785877
v 0.09123342 0.22775868 0.02507438
v 0.14549044 0.26999605 0.068146996
v 0.18214908 0.2742019 0.04551231
v 0.091256894 0.22784223 -0.05126738
v 0.1449176 0.2711512 -0.088295825
v 0.18239525 0.27459192 -0.06394659
v 0.11175158 0.22769968 0.052323613
v 0.18211994 0.2706947 0.053723637
v 0.20345756 0.27455792 0.021131748
v 0.1109533 0.22784455 -0.07992314
v 0.18223286 0.2711254 -0.07373538
v 0.20360397 0.27458647 -0.039366886
v 0.14544706 0.2269213 0.061110105
v 0.20357943 0.2710729 0.025338223
v 0.20870477 0.27458772 -0.009077336
v 0.20359385 0.27111596 -0.045155905
v 0.14450844 0.22787799 -0.08726677
v 0.17928539 0.22753803 0.047257762
v 0.14489193 0.18002562 0.05601255
v 0.20878217 0.27111205 -0.009864504
v 0.17937377 0.22785212 -0.073507175
v 0.1450546 0.17834766 -0.08935835
v 0.19995952 0.22775069 0.020380946
v 0.19997752 0.22783084 -0.046597894
v 0.11109017 0.17892997 0.045899414
v 0.17800544 0.17960134 0.040896274
v 0.20504077 0.22780564 -0.013076536
v 0.17805316 0.17834564 -0.07416726
v 0.08823026 0.17818144 0.020355301
v 0.14459455 0.1534436 0.06047425
v 0.19930081 0.17852166 0.016255861
v 0.1966198 0.1783361 -0.0483864
v 0.10862063 0.15201882 0.046327543
v 0.17889515 0.15263332 0.0399282
v 0.20555009 0.17832854 -0.016864821
v 0.20063442 0.15259291 0.015789254
v 0.18592921 0.12794007 0.038687214
v 0.14422427 0.14281812 0.06875011
v 0.10469488 0.1292086 0.046058454
v 0.08624477 0.15224399 0.01976859
v 0.20653592 0.15238044 -0.017301837
v 0.20811161 0.12959327 0.014747756
v 0.14378655 0.13447025 0.09048813
v 0.0839371 0.17832485 -0.018903796
v 0.0916067 0.17834313 -0.052954745
v 0.08232093 0.15204749 -0.02068327
v 0.112363346 0.17835076 -0.078379236
v 0.08184203 0.12900425 0.019024543
v 0.08869875 0.12945604 -0.054474212
v 0.14401561 0.1294532 -0.09299417
v 0.079544544 0.12943794 -0.021139944
v 0.10935599 0.12945451 -0.08176856
v 0.17891295 0.1294557 -0.07741365
v 0.14255793 0.06424534 -0.10260717
v 0.103498764 0.06418716 -0.09360815
v 0.19859321 0.12945521 -0.050313294
v 0.18171859 0.06413018 -0.09365455
v 0.20883396 0.12945022 -0.018589644
v 0.08112076 0.06425119 -0.05888579
v 0.1422677 0.021336015 -0.10772684
v 0.20404312 0.06422449 -0.058895744
v 0.1007807 0.021265978 -0.0982144
v 0.1837657 0.021225328 -0.098240554
v 0.14223664 0.004870945 -0.10945602
v 0.21875452 0.064122334 0.015010164
v 0.21650214 0.06423308 -0.022818897
v 0.20741959 0.021333696 -0.061576974
v 0.21600436 0.06377282 0.041643567
v 0.22373414 0.02123894 0.016388047
v 0.18456471 0.0047579953 -0.09980832
v 0.22084543 0.0213492 -0.02351176
v 0.20868333 0.004878641 -0.06252407
v 0.14223087 0.004201773 -0.06277117
v 0.22036347 0.06239679 0.0757699
v 0.22577958 0.020754954 0.04446612
v 0.18728435 0.11653867 0.06869625
v 0.22515644 0.004783408 0.016776428
v 0.22231534 0.004891523 -0.023808274
v 0.14216502 0.0027808037 -0.023916632
v 0.22713524 0.0043239812 0.0453152
v 0.14258966 0.0030927819 0.017030932
v 0.14340912 0.0034041621 0.045350134
v 0.22769715 0.0032235668 0.081295274
v 0.22653274 0.019537717 0.07998945
v 0.14322181 0.12545863 0.12317788
v 0.19332096 0.104623474 0.12532191
v 0.2242082 0.057946723 0.12960859
v 0.099584356 0.116650365 0.068436705
v 0.06108167 0.0047922293 0.016774364
v 0.06012913 0.0044551115 0.045257002
v 0.14346695 0.0029516513 0.08088353
v 0.22967525 0.00031415437 0.13351947
v 0.2289602 0.015997687 0.13216642
v 0.06209161 0.0048438394 -0.0238094
v 0.07577659 0.004888536 -0.06252129
v 0.063539796 0.021307118 -0.023512598
v 0.09991929 0.00480401 -0.09978329
v 0.07706912 0.02134669 -0.06157312
v 0.06834193 0.064196244 -0.022820096
v 0.06243851 0.02125563 0.01638557
v 0.06726015 0.06408693 0.015021463
v 0.07069244 0.063898705 0.041564524
v 0.061388396 0.020895382 0.04439776
v 0.065802135 0.06243637 0.07573053
v 0.059259348 0.0032830522 0.08126419
v 0.092289574 0.10494391 0.12444407
v 0.06040839 0.019617707 0.07994153
v 0.14286797 0.0008546505 0.13278043
v 0.14262259 0.1109287 0.18186526
v 0.06119173 0.0582035 0.129211
v 0.05662041 0.0004715105 0.13335976
v 0.2312604 -0.001948256 0.18930101
v 0.19717363 0.09417562 0.18226607
v 0.08744416 0.09420125 0.18194272
v 0.05737322 0.016212622 0.1319296
v 0.1424407 -0.0014072943 0.18909216
v 0.22693656 0.052983448 0.1858633
v 0.14235573 0.09179507 0.24360289
v 0.058049176 0.053218648 0.18537395
v 0.054317374 -0.0019036726 0.18923
v 0.2311906 0.012564047 0.18886983
v 0.18357836 0.08228515 0.23855488
v 0.10086159 0.08230315 0.23840825
v 0.054472197 0.012633784 0.18874756
v 0.20546411 -0.0021593715 0.25857505
v 0.20095372 0.050499186 0.25204167
v 0.14216389 0.050368417 0.27032474
v 0.08331992 0.050499186 0.25204167
v 0.14216389 -0.0021593687 0.28044364
v 0.20546696 0.01189004 0.25857505
v 0.14216389 0.011890043 0.2810026
v 0.078862146 0.011890041 0.25857505
v 0.07886392 -0.0021593703 0.25857505
v 0.04802026 0.99652034 0.14316313
v -0 0.9960209 0.14431961
v -0 1.0509294 0.13340981
v -0.04802026 0.99652034 0.14316313
v 0.041279435 1.0508163 0.1336035
v -0.041279435 1.0508163 0.1336035
v 0.07049621 0.997183 0.13904536
v -0.07049621 0.997183 0.13904536
v 0.0685702 1.0511764 0.12968504
v -0.0685702 1.0511764 0.12968504
v 0.10249882 0.99760425 0.12901999
v -0.10249882 0.99760425 0.12901999
v 0.099883564 1.051238 0.12090212
v -0.099883564 1.051238 0.12090212
v 0.13007918 0.9980816 0.110576324
v -0.13007918 0.9980816 0.110576324
v 0.12718017 1.051868 0.10411988
v -0.12718017 1.051868 0.10411988
v 0.15124781 0.9985235 0.08502482
v -0.15124781 0.9985235 0.08502482
v 0.14744316 1.0521173 0.077962734
v -0.14744316 1.0521173 0.077962734
v 0.16459784 0.99889976 0.05247531
v -0.16459784 0.99889976 0.05247531
v 0.16270381 1.0522869 0.04474266
v -0.16270381 1.0522869 0.04474266
v 0.16874176 0.99914634 0.013760548
v 0.16626057 1.0523415 0.009461036
v 0.16091126 1.0522406 -0.024890216
v 0.1638382 0.9988452 -0.024647646
v 0.14881039 1.0523272 -0.052109912
v 0.1516297 0.99872816 -0.055325195
v 0.12804501 1.0518577 -0.068860754
v 0.1302762 0.9983632 -0.07582483
v 0.100961685 1.051636 -0.08319038
v 0.102465875 0.9980004 -0.091717355
v 0.06873725 1.0510392 -0.09408553
v 0.07053478 0.9981092 -0.10213877
v 0.03511537 1.0507535 -0.10094913
v 0.03599424 0.99806553 -0.10851441
v -0 1.0508686 -0.10394081
v -0 0.9978055 -0.11201014
v -0.03599424 0.99806553 -0.10851441
v -0.03511537 1.0507535 -0.10094913
v -0.07053478 0.9981092 -0.10213877
v -0.06873725 1.0510392 -0.09408553
v -0.102465875 0.9980004 -0.091717355
v -0.100961685 1.051636 -0.08319038
v -0.1302762 0.9983632 -0.07582483
v -0.12804501 1.0518577 -0.068860754
v -0.1516297 0.99872816 -0.055325195
v -0.14881039 1.0523272 -0.052109912
v -0.1638382 0.9988452 -0.024647646
v -0.16091126 1.0522406 -0.024890216
v -0.16874176 0.99914634 0.013760548
v -0.16626057 1.0523415 0.009461036
v -0.08850689 0.27458423 -0.04355038
v -0.0812682 0.27111635 -0.009896406
v -0.08138538 0.2745889 -0.009105518
v -0.088639885 0.2745143 0.025276132
v -0.088434786 0.27111617 -0.05003824
v -0.084563226 0.22782138 -0.013103096
v -0.10917314 0.27458066 -0.06895656
v -0.08842191 0.27103344 0.030188572
v -0.1096524 0.2744492 0.050030977
v -0.10915983 0.27111328 -0.07974869
v -0.14498714 0.2746138 -0.07645852
v -0.10957385 0.27096024 0.059001625
v -0.14546217 0.2735922 0.05785877
v -0.09123342 0.22775868 0.02507438
v -0.14549044 0.26999605 0.068146996
v -0.18214908 0.2742019 0.04551231
v -0.091256894 0.22784223 -0.05126738
v -0.1449176 0.2711512 -0.088295825
v -0.18239525 0.27459192 -0.06394659
v -0.11175158 0.22769968 0.052323613
v -0.18211994 0.2706947 0.053723637
v -0.20345756 0.27455792 0.021131748
v -0.1109533 0.22784455 -0.07992314
v -0.18223286 0.2711254 -0.07373538
v -0.20360397 0.27458647 -0.039366886
v -0.14544706 0.2269213 0.061110105
v -0.20357943 0.2710729 0.025338223
v -0.20870477 0.27458772 -0.009077336
v -0.20359385 0.27111596 -0.045155905
v -0.14450844 0.22787799 -0.08726677
v -0.17928539 0.22753803 0.047257762
v -0.14489193 0.18002562 0.05601255
v -0.20878217 0.27111205 -0.009864504
v -0.17937377 0.22785212 -0.073507175
v -0.1450546 0.17834766 -0.08935835
v -0.19995952 0.22775069 0.020380946
v -0.19997752 0.22783084 -0.046597894
v -0.11109017 0.17892997 0.045899414
v -0.17800544 0.17960134 0.040896274
v -0.20504077 0.22780564 -0.013076536
v -0.17805316 0.17834564 -0.07416726
v -0.08823026 0.17818144 0.020355301
v -0.14459455 0.1534436 0.06047425
v -0.19930081 0.17852166 0.016255861
v -0.1966198 0.1783361 -0.0483864
v -0.10862063 0.15201882 0.046327543
v -0.17889515 0.15263332 0.0399282
v -0.20555009 0.17832854 -0.016864821
v -0.20063442 0.15259291 0.015789254
v -0.18592921 0.12794007 0.038687214
v -0.14422427 0.14281812 0.06875011
v -0.10469488 0.1292086 0.046058454
v -0.08624477 0.15224399 0.01976859
v -0.20653592 0.15238044 -0.017301837
v -0.20811161 0.12959327 0.014747756
v -0.14378655 0.13447025 0.09048813
v -0.0839371 0.17832485 -0.018903796
v -0.0916067 0.17834313 -0.052954745
v -0.08232093 0.15204749 -0.02068327
v -0.112363346 0.17835076 -0.078379236
v -0.08184203 0.12900425 0.019024543
v -0.08869875 0.12945604 -0.054474212
v -0.14401561 0.1294532 -0.09299417
v -0.079544544 0.12943794 -0.021139944
v -0.10935599 0.12945451 -0.08176856
v -0.17891295 0.1294557 -0.07741365
v -0.14255793 0.06424534 -0.10260717
v -0.103498764 0.06418716 -0.09360815
v -0.19859321 0.12945521 -0.050313294
v -0.18171859 0.06413018 -0.09365455
v -0.20883396 0.12945022 -0.018589644
v -0.08112076 0.06425119 -0.05888579
v -0.1422677 0.021336015 -0.10772684
v -0.20404312 0.06422449 -0.058895744
v -0.1007807 0.021265978 -0.0982144
v -0.1837657 0.021225328 -0.098240554
v -0.14223664 0.004870945 -0.10945602
v -0.21875452 0.064122334 0.015010164
v -0.21650214 0.06423308 -0.022818897
v -0.20741959 0.021333696 -0.061576974
v -0.21600436 0.06377282 0.041643567
v -0.22373414 0.02123894 0.016388047
v -0.18456471 0.0047579953 -0.09980832
v -0.22084543 0.0213492 -0.02351176
v -0.20868333 0.004878641 -0.06252407
v -0.14223087 0.004201773 -0.06277117
v -0.22036347 0.06239679 0.0757699
v -0.22577958 0.020754954 0.04446612
v -0.18728435 0.11653867 0.06869625
v -0.22515644 0.004783408 0.016776428
v -0.22231534 0.004891523 -0.023808274
v -0.14216502 0.0027808037 -0.023916632
v -0.22713524 0.0043239812 0.0453152
v -0.14258966 0.0030927819 0.017030932
v -0.14340912 0.0034041621 0.045350134
v -0.22769715 0.0032235668 0.081295274
v -0.22653274 0.019537717 0.07998945
v -0.14322181 0.12545863 0.12317788
v -0.19332096 0.104623474 0.12532191
v -0.2242082 0.057946723 0.12960859
v -0.099584356 0.116650365 0.068436705
v -0.06108167 0.0047922293 0.016774364
v -0.06012913 0.0044551115 0.045257002
v -0.14346695 0.0029516513 0.08088353
v -0.22967525 0.00031415437 0.13351947
v -0.2289602 0.015997687 0.13216642
v -0.06209161 0.0048438394 -0.0238094
v -0.07577659 0.004888536 -0.06252129
v -0.063539796 0.021307118 -0.023512598
v -0.09991929 0.00480401 -0.09978329
v -0.07706912 0.02134669 -0.06157312
v -0.06834193 0.064196244 -0.022820096
v -0.06243851 0.02125563 0.01638557
v -0.06726015 0.06408693 0.015021463
v -0.07069244 0.063898705 0.041564524
v -0.061388396 0.020895382 0.04439776
v -0.065802135 0.06243637 0.07573053
v -0.059259348 0.0032830522 0.08126419
v -0.06040839 0.019617707 0.07994153
v -0.092289574 0.10494391 0.12444407
v -0.14286797 0.0008546505 0.13278043
v -0.06119173 0.0582035 0.129211
v -0.14262259 0.1109287 0.18186526
v -0.05662041 0.0004715105 0.13335976
v -0.2312604 -0.001948256 0.18930101
v -0.05737322 0.016212622 0.1319296
v -0.08744416 0.09420125 0.18194272
v -0.19717363 0.09417562 0.18226607
v -0.1424407 -0.0014072943 0.18909216
v -0.22693656 0.052983448 0.1858633
v -0.14235573 0.09179507 0.24360289
v -0.058049176 0.053218648 0.18537395
v -0.054317374 -0.0019036726 0.18923
v -0.2311906 0.012564047 0.18886983
v -0.18357836 0.08228515 0.23855488
v -0.10086159 0.08230315 0.23840825
v -0.054472197 0.012633784 0.18874756
v -0.20546411 -0.0021593715 0.25857505
v -0.20095372 0.050499186 0.25204167
v -0.14216389 0.050368417 0.27032474
v -0.08331992 0.050499186 0.25204167
v -0.14216389 -0.0021593687 0.28044364
v -0.20546696 0.01189004 0.25857505
v -0.14216389 0.011890043 0.2810026
v -0.078862146 0.011890041 0.25857505
v -0.07886392 -0.0021593703 0.25857505
vt 0.51881045 0.652484
vt 0.5188105 0.65248394
vt 0.5188105 0.652484
vt 0.5188105 0.652484
vt 0.51881045 0.6524838
vt 0.51881045 0.652484
vt 0.5188105 0.652484
vt 0.5188105 0.65248394
vt 0.34307957 0.65668654
vt 0.34307957 0.65668654
vt 0.34307957 0.65668654
vt 0.34307957 0.65668666
vt 0.34307957 0.65668654
vt 0.34307957 0.65668654
vt 0.34307957 0.65668654
vt 0.34307957 0.6566864
vt 0.34307957 0.65668654
vt 0.34307957 0.6566865
vt 0.34307957 0.6566864
vt 0.34307957 0.65668654
vt 0.34307957 0.65668654
vt 0.34307957 0.6566865
vt 0.34307957 0.6566865
vt 0.34307957 0.65668666
vt 0.34307957 0.6566864
vt 0.34307957 0.6566864
vt 0.34307957 0.6566865
vt 0.34307957 0.65668654
vt 0.34307957 0.6566865
vt 0.34307957 0.6566864
vt 0.34307957 0.65668666
vt 0.34307957 0.65668654
vt 0.34307957 0.65668654
vt 0.34307957 0.65668654
vt 0.34307957 0.6566865
vt 0.34307957 0.6566864
vt 0.34307957 0.6566865
vt 0.34307957 0.6566864
vt 0.34307957 0.65668666
vt 0.34307957 0.6566864
vt 0.34307957 0.65668654
vt 0.3430796 0.65668654
vt 0.34307957 0.65668654
vt 0.34307957 0.6566864
vt 0.3430796 0.6566864
vt 0.34307957 0.6566865
vt 0.34307957 0.6566864
vt 0.3430796 0.65668654
vt 0.3430796 0.65668654
vt 0.3430796 0.65668654
vt 0.34307957 0.65668654
vt 0.3430796 0.65668654
vt 0.3430796 0.65668637
vt 0.3430796 0.65668654
vt 0.3430796 0.65668637
vt 0.3430796 0.6566864
vt 0.3430796 0.65668654
vt 0.3430796 0.65668654
vt 0.34307957 0.65668654
vt 0.3430796 0.65668637
vt 0.3430796 0.65668637
vt 0.3430796 0.6566864
vt 0.3430796 0.6566867
vt 0.3430796 0.6566867
vt 0.3430796 0.6566867
vt 0.3430796 0.65668637
vt 0.3430796 0.65668666
vt 0.3430796 0.6566864
vt 0.34307957 0.65668654
vt 0.34307957 0.65668666
vt 0.34307957 0.65668654
vt 0.34307957 0.6566864
vt 0.34307957 0.65668666
vt 0.34307957 0.6566864
vt 0.34307957 0.65668666
vt 0.34307957 0.6566865
vt 0.3430796 0.6566864
vt 0.34307957 0.65668654
vt 0.34307957 0.65668654
vt 0.34307957 0.6566864
vt 0.34307957 0.6566866
vt 0.34307957 0.65668654
vt 0.34307957 0.6566864
vt 0.34307957 0.6566864
vt 0.34307957 0.65668666
vt 0.34307957 0.65668654
vt 0.34307957 0.65668654
vt 0.34307957 0.65668654
vt 0.34307957 0.6566864
vt 0.34307957 0.65668654
vt 0.34307957 0.65668654
vt 0.34307957 0.6566864
vt 0.34307957 0.65668654
vt 0.34307957 0.65668654
vt 0.34307957 0.65668654
vt 0.34307957 0.65668654
vt 0.3430796 0.6566864
vt 0.34307957 0.65668654
vt 0.34307957 0.6566864
vt 0.34307957 0.65668654
vt 0.3430796 0.65668637
vt 0.3430796 0.65668654
vt 0.34307957 0.6566864
vt 0.34307957 0.65668654
vt 0.34307957 0.65668654
vt 0.34307957 0.65668654
vt 0.34307957 0.6566864
vt 0.34307957 0.65668654
vt 0.3430796 0.6566864
vt 0.34307957 0.65668654
vt 0.34307957 0.65668654
vt 0.34307957 0.6566864
vt 0.34307957 0.65668654
vt 0.3430796 0.65668637
vt 0.34307957 0.65668654
vt 0.34307957 0.65668654
vt 0.34307957 0.6566864
vt 0.34307957 0.65668654
vt 0.34307957 0.65668654
vt 0.34307957 0.65668654
vt 0.34307957 0.65668654
vt 0.34307957 0.65668654
vt 0.34307957 0.65668654
vt 0.34307957 0.65668654
vt 0.34307957 0.65668654
vt 0.34307957 0.65668654
vt 0.34307957 0.6566864
vt 0.34307957 0.65668654
vt 0.34307957 0.65668654
vt 0.34307957 0.65668654
vt 0.34307957 0.6566864
vt 0.34307957 0.65668654
vt 0.34307957 0.6566864
vt 0.34307957 0.65668654
vt 0.34307957 0.65668666
vt 0.34307957 0.65668666
vt 0.34307957 0.6566864
vt 0.34307957 0.6566864
vt 0.34307957 0.6566864
vt 0.34307957 0.65668666
vt 0.34307957 0.65668666
vt 0.34307957 0.65668654
vt 0.34307957 0.6566864
vt 0.34307957 0.6566864
vt 0.34307957 0.6566864
vt 0.34307957 0.65668654
vt 0.34307957 0.65668654
vt 0.34307957 0.65668654
vt 0.34307957 0.6566864
vt 0.34307957 0.65668666
vt 0.34307957 0.65668654
vt 0.34307957 0.65668654
vt 0.34307957 0.65668654
vt 0.34307957 0.65668654
vt 0.34307957 0.65668654
vt 0.34307957 0.65668654
vt 0.34307957 0.6566865
vt 0.34307957 0.6566865
vt 0.34307957 0.6566865
vt 0.34307957 0.6566865
vt 0.34307957 0.6566865
vt 0.34307957 0.65668654
vt 0.34307957 0.6566864
vt 0.34307957 0.6566865
vt 0.34307957 0.6566865
vt 0.34307957 0.6566864
vt 0.34307957 0.65668654
vt 0.34307957 0.65668654
vt 0.34307957 0.6566865
vt 0.34307957 0.65668654
vt 0.34307957 0.6566864
vt 0.3430796 0.6566864
vt 0.34307957 0.65668654
vt 0.3430796 0.65668654
vt 0.34307957 0.6566865
vt 0.3430796 0.6566864
vt 0.34307957 0.65668654
vt 0.34307957 0.6566864
vt 0.34307957 0.6566864
vt 0.34307957 0.65668666
vt 0.34307957 0.65668666
vt 0.3430796 0.6566864
vt 0.3430796 0.65668666
vt 0.34307957 0.65668654
vt 0.3430796 0.65668637
vt 0.3430796 0.6566867
vt 0.3430796 0.65668637
vt 0.3430796 0.6566867
vt 0.3430796 0.6566864
vt 0.3430796 0.6566867
vt 0.3430796 0.65668654
vt 0.3430796 0.65668654
vt 0.3430796 0.6566864
vt 0.3430796 0.65668637
vt 0.34307957 0.65668654
vt 0.3430796 0.65668637
vt 0.3430796 0.65668654
vt 0.3430796 0.65668654
vt 0.3430796 0.65668637
vt 0.3430796 0.65668654
vt 0.34307957 0.65668654
vt 0.3430796 0.65668654
vt 0.3430796 0.65668654
vt 0.3430796 0.6566864
vt 0.34307957 0.65668654
vt 0.3430796 0.65668637
vt 0.2809903 0.58489704
vt 0.2809903 0.58489704
vt 0.2809903 0.58489704
vt 0.2809903 0.58489704
vt 0.2809903 0.58489704
vt 0.2809903 0.58489704
vt 0.2809903 0.58489704
vt 0.2809903 0.58489704
vt 0.2809903 0.58489704
vt 0.2809903 0.58489704
vt 0.2809903 0.58489704
vt 0.2809903 0.58489704
vt 0.2809903 0.58489704
vt 0.2809903 0.58489704
vt 0.2809903 0.58489704
vt 0.2809903 0.58489704
vt 0.23915699 0.58243626
vt 0.23915699 0.58243626
vt 0.23915699 0.58243626
vt 0.23915699 0.58243626
vt 0.2809903 0.58489704
vt 0.2809903 0.58489704
vt 0.2809903 0.58489704
vt 0.2809903 0.58489704
vt 0.23915699 0.58243626
vt 0.23915699 0.58243626
vt 0.23915699 0.58243626
vt 0.23915699 0.58243626
vt 0.23915699 0.58243626
vt 0.23915699 0.58243626
vt 0.23915699 0.58243626
vt 0.23915699 0.58243626
vt 0.23915699 0.58243626
vt 0.23915699 0.58243626
vt 0.23915699 0.58243626
vt 0.23915699 0.58243626
vt 0.23915699 0.58243626
vt 0.23915699 0.58243626
vt 0.23915699 0.58243626
vt 0.23915699 0.58243626
vt 0.3430796 0.6566864
vt 0.3430796 0.65668637
vt 0.34307957 0.65668654
vt 0.40829036 0.5939366
vt 0.40829036 0.5939366
vt 0.40829036 0.5939366
vt 0.40829036 0.5939366
vt 0.40829033 0.5939366
vt 0.40829036 0.5939366
vt 0.40829036 0.5939366
vt 0.40829033 0.5939366
vt 0.40829033 0.5939366
vt 0.40829033 0.5939366
vt 0.40829033 0.5939366
vt 0.40829033 0.5939366
vt 0.40829033 0.59393656
vt 0.40829033 0.59393656
vt 0.40829033 0.59393656
vt 0.40829033 0.59393656
vt 0.40829033 0.59393656
vt 0.40829033 0.59393656
vt 0.40829033 0.5939366
vt 0.40829033 0.5939366
vt 0.40829033 0.5939366
vt 0.40829033 0.5939366
vt 0.40829033 0.5939366
vt 0.40829033 0.5939366
vt 0.40829033 0.5939366
vt 0.40829033 0.5939366
vt 0.40829033 0.5939366
vt 0.34307957 0.6566864
vt 0.34307957 0.6566865
vt 0.34307957 0.65668654
vt 0.3430796 0.6566864
vt 0.3430796 0.65668637
vt 0.34307957 0.65668654
vt 0.3430796 0.65668654
vt 0.34307957 0.65668654
vt 0.3430796 0.65668637
vt 0.3430796 0.6566864
vt 0.34307957 0.6566864
vt 0.3430796 0.6566864
vt 0.34307957 0.65668654
vt 0.34307957 0.6566865
vt 0.3430796 0.65668637
vt 0.3430796 0.65668654
vt 0.34307957 0.65668654
vt 0.3430796 0.6566864
vt 0.3430796 0.65668637
vt 0.34307957 0.65668654
vt 0.3430796 0.65668637
vt 0.3430796 0.6566867
vt 0.3430796 0.6566867
vt 0.3430796 0.65668637
vt 0.3430796 0.6566867
vt 0.3430796 0.6566864
vt 0.3430796 0.65668654
vt 0.3430796 0.65668654
vt 0.3430796 0.65668654
vt 0.34307957 0.65668654
vt 0.3430796 0.65668637
vt 0.3430796 0.6566864
vt 0.34307957 0.65668654
vt 0.34307957 0.6566864
vt 0.3430796 0.65668637
vt 0.3430796 0.6566864
vt 0.3430796 0.65668654
vt 0.3430796 0.65668654
vt 0.3430796 0.65668654
vt 0.3430796 0.65668654
vt 0.3430796 0.65668654
vt 0.3430796 0.65668654
vt 0.3430796 0.65668654
vt 0.3430796 0.65668654
vt 0.3430796 0.65668654
vt 0.3430796 0.65668654
vt 0.3430796 0.65668654
vt 0.3430796 0.65668654
vt 0.3430796 0.65668654
vt 0.3430796 0.65668654
vt 0.3430796 0.65668654
vt 0.3430796 0.65668654
vt 0.3430796 0.65668654
vt 0.3430796 0.65668654
vt 0.3430796 0.65668654
vt 0.3430796 0.65668654
vt 0.3430796 0.65668654
vt 0.3430796 0.6566864
vt 0.3430796 0.65668654
vt 0.3430796 0.65668654
vt 0.3430796 0.65668637
vt 0.3430796 0.65668654
vt 0.3430796 0.65668654
vt 0.3430796 0.65668654
vt 0.3430796 0.6566864
vt 0.3430796 0.65668654
vt 0.34307957 0.65668654
vt 0.3430796 0.65668654
vt 0.34307957 0.65668654
vt 0.34307957 0.65668654
vt 0.34307957 0.65668654
vt 0.34307957 0.65668654
vt 0.34307957 0.65668654
vt 0.34307957 0.65668654
vt 0.34307957 0.65668654
vt 0.3430796 0.6566864
vt 0.34307957 0.65668654
vt 0.34307957 0.6566864
vt 0.34307957 0.65668654
vt 0.34307957 0.6566864
vt 0.34307957 0.65668654
vt 0.34307957 0.6566864
vt 0.34307957 0.65668666
vt 0.34307957 0.6566866
vt 0.34307957 0.6566864
vt 0.34307957 0.65668654
vt 0.3430796 0.6566864
vt 0.3430796 0.65668654
vt 0.34307957 0.6566864
vt 0.34307957 0.65668666
vt 0.3430796 0.6566864
vt 0.3430796 0.6566867
vt 0.3430796 0.6566867
vt 0.3430796 0.6566867
vt 0.3430796 0.65668637
vt 0.3430796 0.6566867
vt 0.3430796 0.6566864
vt 0.3430796 0.6566867
vt 0.34307957 0.65668666
vt 0.34307957 0.6566864
vt 0.3430796 0.6566864
vt 0.3430796 0.65668654
vt 0.34307957 0.65668654
vt 0.34307957 0.6566864
vt 0.5188105 0.652484
vt 0.5188105 0.6524838
vt 0.5188104 0.65248376
vt 0.5188105 0.652484
vt 0.51881045 0.652484
vt 0.5188105 0.652484
vt 0.5188105 0.65248394
vt 0.51881045 0.6524838
vt 0.51881045 0.6524838
vt 0.5188106 0.65248376
vt 0.5188106 0.65248376
vt 0.5188105 0.6524839
vt 0.51881045 0.6524838
vt 0.5188105 0.6524839
vt 0.5188105 0.652484
vt 0.5188105 0.6524839
vt 0.5188105 0.652484
vt 0.51881045 0.6524838
vt 0.5188104 0.65248376
vt 0.51881045 0.65248394
vt 0.5188104 0.65248376
vt 0.5188104 0.6524837
vt 0.51881045 0.65248394
vt 0.5188105 0.6524838
vt 0.5188105 0.6524838
vt 0.5188105 0.6524839
vt 0.5188105 0.65248394
vt 0.5188105 0.6524839
vt 0.5188105 0.6524839
vt 0.51881045 0.6524838
vt 0.5188105 0.6524838
vt 0.5188105 0.6524838
vt 0.404384 0.59465533
vt 0.40438408 0.59465545
vt 0.40438408 0.59465545
vt 0.40438402 0.5946553
vt 0.40438408 0.59465545
vt 0.4043841 0.5946554
vt 0.40438408 0.59465545
vt 0.40438414 0.5946555
vt 0.40438408 0.59465545
vt 0.40438408 0.59465545
vt 0.40438408 0.59465545
vt 0.40438408 0.5946554
vt 0.40438408 0.59465545
vt 0.4043841 0.5946554
vt 0.4043841 0.59465545
vt 0.40438408 0.59465545
vt 0.404384 0.59465533
vt 0.40438408 0.59465545
vt 0.40438408 0.59465545
vt 0.40438408 0.59465545
vt 0.40438417 0.59465533
vt 0.40438408 0.59465545
vt 0.40438408 0.5946555
vt 0.40438408 0.59465545
vt 0.4043841 0.5946556
vt 0.40438408 0.59465545
vt 0.40438408 0.5946555
vt 0.40438405 0.5946556
vt 0.40438408 0.59465545
vt 0.4043841 0.5946556
vt 0.40438408 0.59465545
vt 0.40438402 0.59465533
vt 0.40438408 0.59465545
vt 0.40438408 0.5946554
vt 0.40438408 0.59465545
vt 0.40438408 0.5946556
vt 0.40438408 0.59465545
vt 0.40438408 0.5946556
vt 0.40438408 0.59465545
vt 0.4043841 0.5946555
vt 0.40438408 0.59465545
vt 0.40438405 0.5946554
vt 0.40438408 0.59465545
vt 0.40438405 0.5946554
vt 0.40438408 0.59465545
vt 0.4043841 0.59465545
vt 0.40438408 0.59465545
vt 0.40438414 0.5946556
vt 0.40438408 0.59465545
vt 0.4043841 0.5946554
vt 0.40438408 0.59465545
vt 0.40438408 0.59465545
vt 0.40438405 0.5946554
vt 0.40438408 0.59465545
vt 0.40438408 0.59465545
vt 0.40438408 0.59465545
vt 0.4043841 0.59465545
vt 0.40438408 0.59465545
vt 0.40438414 0.5946554
vt 0.40438405 0.5946554
vt 0.40438408 0.59465545
vt 0.40438414 0.5946556
vt 0.40438408 0.59465545
vt 0.40438405 0.5946555
vt 0.40438408 0.59465545
vt 0.40438414 0.5946554
vt 0.40438408 0.59465545
vt 0.20219773 0.6592903
vt 0.20219773 0.6592903
vt 0.20219773 0.6592903
vt 0.20219773 0.6592903
vt 0.20219773 0.6592903
vt 0.20219773 0.6592903
vt 0.20219773 0.6592903
vt 0.20219773 0.6592903
vt 0.20219773 0.6592903
vt 0.20219773 0.6592903
vt 0.20219773 0.6592903
vt 0.20219773 0.6592903
vt 0.20219773 0.6592903
vt 0.20219773 0.6592903
vt 0.20219773 0.6592903
vt 0.20219773 0.6592903
vt 0.20219773 0.6592903
vt 0.20219773 0.6592903
vt 0.20219773 0.6592903
vt 0.20219773 0.6592903
vt 0.20219773 0.6592903
vt 0.20219773 0.6592903
vt 0.20219773 0.6592903
vt 0.20219773 0.6592903
vt 0.20219773 0.6592903
vt 0.20219773 0.6592903
vt 0.20219773 0.6592903
vt 0.20219773 0.6592903
vt 0.20219773 0.6592903
vt 0.20219773 0.6592903
vt 0.20219773 0.6592903
vt 0.20219773 0.6592903
vt 0.20219773 0.6592903
vt 0.20219773 0.6592903
vt 0.20219773 0.6592903
vt 0.20219773 0.6592903
vt 0.20219773 0.6592903
vt 0.20219773 0.6592903
vt 0.20219773 0.6592903
vt 0.20219773 0.6592903
vt 0.20219773 0.6592903
vt 0.20219773 0.6592903
vt 0.20219773 0.6592903
vt 0.20219773 0.6592903
vt 0.20219773 0.6592903
vt 0.20219773 0.6592903
vt 0.20219773 0.6592903
vt 0.20219773 0.6592903
vt 0.20219773 0.6592903
vt 0.20219773 0.6592903
vt 0.20219773 0.6592903
vt 0.20219773 0.6592903
vt 0.20219773 0.6592903
vt 0.20219773 0.6592903
vt 0.20219773 0.6592903
vt 0.20219773 0.6592903
vt 0.20219773 0.6592903
vt 0.20219773 0.6592903
vt 0.20219773 0.6592903
vt 0.20219773 0.6592903
vt 0.20219773 0.6592903
vt 0.20219773 0.6592903
vt 0.20219773 0.6592903
vt 0.20219773 0.6592903
vt 0.20219773 0.6592903
vt 0.20219773 0.6592903
vt 0.20219773 0.6592903
vt 0.20219773 0.6592903
vt 0.20219773 0.6592903
vt 0.20219773 0.6592903
vt 0.20219773 0.6592903
vt 0.20219773 0.6592903
vt 0.20219773 0.6592903
vt 0.20219773 0.6592903
vt 0.20219773 0.6592903
vt 0.20219773 0.6592903
vt 0.20219773 0.6592903
vt 0.20219773 0.6592903
vt 0.20219773 0.6592903
vt 0.20219773 0.6592903
vt 0.20219773 0.6592903
vt 0.20219773 0.6592903
vt 0.20219773 0.6592903
vt 0.20219773 0.6592903
vt 0.20219773 0.6592903
vt 0.20219773 0.6592903
vt 0.20219773 0.6592903
vt 0.20219773 0.6592903
vt 0.20219773 0.6592903
vt 0.20219773 0.6592903
vt 0.20219773 0.6592903
vt 0.20219773 0.6592903
vt 0.20219773 0.6592903
vt 0.20219773 0.6592903
vt 0.20219773 0.6592903
vt 0.20219773 0.6592903
vt 0.20219773 0.6592903
vt 0.20219773 0.6592903
vt 0.20219773 0.6592903
vt 0.20219773 0.6592903
vt 0.20219773 0.6592903
vt 0.20219773 0.6592903
vt 0.20219773 0.6592903
vt 0.20219773 0.6592903
vt 0.20219773 0.6592903
vt 0.20219773 0.6592903
vt 0.20219773 0.6592903
vt 0.20219773 0.6592903
vt 0.20219773 0.6592903
vt 0.20219773 0.6592903
vt 0.20219773 0.6592903
vt 0.20219773 0.6592903
vt 0.20219773 0.6592903
vt 0.20219773 0.6592903
vt 0.20219773 0.6592903
vt 0.20219773 0.6592903
vt 0.20219773 0.6592903
vt 0.20219773 0.6592903
vt 0.20219773 0.6592903
vt 0.20219773 0.6592903
vt 0.20219773 0.6592903
vt 0.20219773 0.6592903
vt 0.20219773 0.6592903
vt 0.20219773 0.6592903
vt 0.20219773 0.6592903
vt 0.20219773 0.6592903
vt 0.20219773 0.6592903
vt 0.20219773 0.6592903
vt 0.20219773 0.6592903
vt 0.20219773 0.6592903
vt 0.20219773 0.6592903
vt 0.20219773 0.6592903
vt 0.20219773 0.6592903
vt 0.20219773 0.6592903
vt 0.20219773 0.6592903
vt 0.20219773 0.6592903
vt 0.20219773 0.6592903
vt 0.20219773 0.6592903
vt 0.20219773 0.6592903
vt 0.20219773 0.6592903
vt 0.20219773 0.6592903
vt 0.20219773 0.6592903
vt 0.20219773 0.6592903
vt 0.20219773 0.6592903
vt 0.20219773 0.6592903
vt 0.20219773 0.6592903
vt 0.20219773 0.6592903
vt 0.20219773 0.6592903
vt 0.20219773 0.6592903
vt 0.20219773 0.6592903
vt 0.20219773 0.6592903
vt 0.20219773 0.6592903
vt 0.20219773 0.6592903
vt 0.20219773 0.6592903
vt 0.20219773 0.6592903
vt 0.20219773 0.6592903
vt 0.20219773 0.6592903
vt 0.20219773 0.6592903
vt 0.20219773 0.6592903
vt 0.20219773 0.6592903
vt 0.20219773 0.6592903
vt 0.20219773 0.6592903
vt 0.20219773 0.6592903
vt 0.20219773 0.6592903
vt 0.20219773 0.6592903
vt 0.20219773 0.6592903
vt 0.20219773 0.6592903
vt 0.20219773 0.6592903
vt 0.20219773 0.6592903
vt 0.20219773 0.6592903
vt 0.20219773 0.6592903
vt 0.20219773 0.6592903
vt 0.20219773 0.6592903
vt 0.20219773 0.6592903
vt 0.20219773 0.6592903
vt 0.20219773 0.6592903
vt 0.20219773 0.6592903
vt 0.20219773 0.6592903
vt 0.20219773 0.6592903
vt 0.20219773 0.6592903
vt 0.20219773 0.6592903
vt 0.20219773 0.6592903
vt 0.20219773 0.6592903
vt 0.20219773 0.6592903
vt 0.20219773 0.6592903
vt 0.20219773 0.6592903
vt 0.20219773 0.6592903
vt 0.20219773 0.6592903
vt 0.20219773 0.6592903
vt 0.20219773 0.6592903
vt 0.20219773 0.6592903
vt 0.20219773 0.6592903
vt 0.20219773 0.6592903
vt 0.20219773 0.6592903
vt 0.20219773 0.6592903
vt 0.20219773 0.6592903
vt 0.20219773 0.6592903
vt 0.20219773 0.6592903
vt 0.20219773 0.6592903
vt 0.20219773 0.6592903
vt 0.20219773 0.6592903
vt 0.20219773 0.6592903
vt 0.20219773 0.6592903
vt 0.20219773 0.6592903
vt 0.20219773 0.6592903
vt 0.20219773 0.6592903
vt 0.20219773 0.6592903
vt 0.20219773 0.6592903
vt 0.20219773 0.6592903
vt 0.20219773 0.6592903
vt 0.20219773 0.6592903
vt 0.20219773 0.6592903
vt 0.20219773 0.6592903
vt 0.20219773 0.6592903
vt 0.20219773 0.6592903
vt 0.20219773 0.6592903
vt 0.20219773 0.6592903
vt 0.20219773 0.6592903
vt 0.20219773 0.6592903
vt 0.20219773 0.6592903
vt 0.20219773 0.6592902
vt 0.20219773 0.6592903
vt 0.20219773 0.6592903
vt 0.20219773 0.6592903
vt 0.20219773 0.6592903
vt 0.20219773 0.6592903
vt 0.20219773 0.65929043
vt 0.20219773 0.6592903
vt 0.20219773 0.6592903
vt 0.20219773 0.6592903
vt 0.20219773 0.6592903
vt 0.20219773 0.6592903
vt 0.20219773 0.6592903
vt 0.20219773 0.6592903
vt 0.20219773 0.65929043
vt 0.20219773 0.6592903
vt 0.20219773 0.6592903
vt 0.20219773 0.6592903
vt 0.20219773 0.6592903
vt 0.20219773 0.6592903
vt 0.20219773 0.6592903
vt 0.20219773 0.6592903
vt 0.20219773 0.6592903
vt 0.20219773 0.6592903
vt 0.20219773 0.6592903
vt 0.20219773 0.6592903
vt 0.20219773 0.6592903
vt 0.20219773 0.6592903
vt 0.20219773 0.6592903
vt 0.20219773 0.6592903
vt 0.20219773 0.6592903
vt 0.20219773 0.6592903
vt 0.20219773 0.6592903
vt 0.20219773 0.6592903
vt 0.20219773 0.6592903
vt 0.20219773 0.6592903
vt 0.20219773 0.6592903
vt 0.20219773 0.6592903
vt 0.20219773 0.6592903
vt 0.20219773 0.6592903
vt 0.20219773 0.6592903
vt 0.20219773 0.6592903
vt 0.20219773 0.6592903
vt 0.20219773 0.6592903
vt 0.20219773 0.6592903
vt 0.20219773 0.6592903
vt 0.20219773 0.6592903
vt 0.20219773 0.6592903
vt 0.20219773 0.6592903
vt 0.20219773 0.6592903
vt 0.20219773 0.6592903
vt 0.20219773 0.6592903
vt 0.20219773 0.6592903
vt 0.20219773 0.6592903
vt 0.20219773 0.6592903
vt 0.20219773 0.6592903
vt 0.20219773 0.6592903
vt 0.20219773 0.6592903
vt 0.20219773 0.6592903
vt 0.20219773 0.6592903
vt 0.20219773 0.6592903
vt 0.20219773 0.6592903
vt 0.20219773 0.6592903
vt 0.20219773 0.6592903
vt 0.20219773 0.6592903
vt 0.20219773 0.6592903
vt 0.20219773 0.6592903
vt 0.20219773 0.6592903
vt 0.20219773 0.6592903
vt 0.20219773 0.6592903
vt 0.20219773 0.6592903
vt 0.20219773 0.6592903
vt 0.20219773 0.6592903
vt 0.20219773 0.6592903
vt 0.20219773 0.6592903
vt 0.20219773 0.6592903
vt 0.20219773 0.6592903
vt 0.20219773 0.6592903
vt 0.20219773 0.6592903
vt 0.20219773 0.6592903
vt 0.20219773 0.6592903
vt 0.20219773 0.6592903
vt 0.20219773 0.6592903
vt 0.20219773 0.6592903
vt 0.20219773 0.6592903
vt 0.20219773 0.6592903
vt 0.20219773 0.6592903
vt 0.20219773 0.6592903
vt 0.20219773 0.6592903
vt 0.20219773 0.6592903
vt 0.20219773 0.6592903
vt 0.20219773 0.6592903
vt 0.20219773 0.6592903
vt 0.20219773 0.6592903
vt 0.20219773 0.6592903
vt 0.20219773 0.6592903
vt 0.20219773 0.6592903
vt 0.20219773 0.6592903
vt 0.20219773 0.6592903
vt 0.20219773 0.6592903
vt 0.20219773 0.6592903
vt 0.20219773 0.6592903
vt 0.20219773 0.6592903
vt 0.20219773 0.6592903
vt 0.20219773 0.6592903
vt 0.20219773 0.6592903
vt 0.20219773 0.6592903
vt 0.20219773 0.6592903
vt 0.20219773 0.6592903
vt 0.20219773 0.6592903
vt 0.20219773 0.6592903
vt 0.20219773 0.6592903
vt 0.20219773 0.6592903
vt 0.20219773 0.6592903
vt 0.20219773 0.6592903
vt 0.20219773 0.6592903
vt 0.20219773 0.6592903
vt 0.20219773 0.6592903
vt 0.20219773 0.6592903
vt 0.20219773 0.6592903
vt 0.20219773 0.6592903
vt 0.20219773 0.6592903
vt 0.20219773 0.6592903
vt 0.20219773 0.6592903
vt 0.20219773 0.6592903
vt 0.20219773 0.6592903
vt 0.20219773 0.6592903
vt 0.20219773 0.6592903
vt 0.20219773 0.6592903
vt 0.20219773 0.6592903
vt 0.20219773 0.6592903
vt 0.20219773 0.6592903
vt 0.20219773 0.6592903
vt 0.20219773 0.6592902
vt 0.20219773 0.6592903
vt 0.20219773 0.6592903
vt 0.20219773 0.6592903
vt 0.20219773 0.6592903
vt 0.20219773 0.6592903
vt 0.20219773 0.65929043
vt 0.20219773 0.6592903
vt 0.20219773 0.6592903
vt 0.20219773 0.6592903
vt 0.20219773 0.6592903
vt 0.20219773 0.6592903
vt 0.20219773 0.6592903
vt 0.20219773 0.6592903
vt 0.20219773 0.65929043
vt 0.20219773 0.6592903
vt 0.20219773 0.6592903
vt 0.20219773 0.6592903
vt 0.20219773 0.6592903
vt 0.20219773 0.6592903
vt 0.20219773 0.6592903
vt 0.09135871 0.96545404
vt 0.09135871 0.965454
vt 0.09135871 0.965454
vt 0.09135871 0.96545404
vt 0.09135871 0.965454
vt 0.09135871 0.965454
vt 0.09135871 0.9654539
vt 0.09135871 0.965454
vt 0.09135871 0.965454
vt 0.09135871 0.965454
vt 0.09135871 0.96545404
vt 0.09135871 0.965454
vt 0.09135871 0.9654541
vt 0.09135871 0.965454
vt 0.09135871 0.965454
vt 0.09135871 0.96545404
vt 0.09135871 0.965454
vt 0.09135871 0.965454
vt 0.09135871 0.96545404
vt 0.09135871 0.965454
vt 0.09135871 0.965454
vt 0.09135871 0.9654541
vt 0.09135871 0.965454
vt 0.09135871 0.965454
vt 0.09135871 0.965454
vt 0.09135871 0.965454
vt 0.09135871 0.965454
vt 0.09135871 0.965454
vt 0.09135871 0.965454
vt 0.09135871 0.965454
vt 0.09135871 0.965454
vt 0.09135871 0.965454
vt 0.09135871 0.965454
vt 0.09135871 0.965454
vt 0.09135871 0.965454
vt 0.09135871 0.965454
vt 0.09135871 0.965454
vt 0.09135871 0.965454
vt 0.09135871 0.965454
vt 0.09135871 0.965454
vt 0.09135871 0.965454
vt 0.09135871 0.965454
vt 0.09135871 0.965454
vt 0.09135871 0.965454
vt 0.09135871 0.965454
vt 0.09135871 0.965454
vt 0.09135871 0.965454
vt 0.09135871 0.965454
vt 0.09135871 0.965454
vt 0.09135871 0.965454
vt 0.09135871 0.965454
vt 0.09135871 0.965454
vt 0.09135871 0.965454
vt 0.09135871 0.965454
vt 0.09135871 0.965454
vt 0.09135871 0.965454
vt 0.09135871 0.965454
vt 0.09135871 0.965454
vt 0.09135871 0.965454
vt 0.09135871 0.965454
vt 0.09135871 0.965454
vt 0.09135871 0.965454
vt 0.09135871 0.965454
vt 0.09135871 0.965454
vt 0.09135871 0.965454
vt 0.09135871 0.965454
vt 0.09135871 0.965454
vt 0.09135871 0.965454
vt 0.09135871 0.965454
vt 0.09135871 0.965454
vt 0.09135871 0.965454
vt 0.09135871 0.965454
vt 0.09135871 0.965454
vt 0.09135871 0.965454
vt 0.09135871 0.965454
vt 0.09135871 0.965454
vt 0.09135871 0.965454
vt 0.09135871 0.965454
vt 0.09135871 0.965454
vt 0.09135871 0.965454
vt 0.09135871 0.965454
vt 0.09135871 0.965454
vt 0.09135871 0.965454
vt 0.09135871 0.965454
vt 0.09135871 0.965454
vt 0.09135871 0.965454
vt 0.09135871 0.965454
vt 0.09135871 0.965454
vt 0.09135871 0.965454
vt 0.09135871 0.965454
vt 0.09135871 0.965454
vt 0.09135871 0.965454
vt 0.09135871 0.965454
vt 0.09135871 0.965454
vt 0.09135871 0.965454
vt 0.09135871 0.965454
vt 0.09135871 0.965454
vt 0.09135871 0.965454
vt 0.09135871 0.965454
vt 0.09135871 0.965454
vt 0.09135871 0.965454
vt 0.09135871 0.965454
vt 0.09135871 0.965454
vt 0.09135871 0.965454
vt 0.09135871 0.965454
vt 0.09135871 0.965454
vt 0.09135871 0.965454
vt 0.09135871 0.965454
vt 0.09135871 0.965454
vt 0.09135871 0.965454
vt 0.09135871 0.965454
vt 0.09135871 0.965454
vt 0.09135871 0.965454
vt 0.09135871 0.965454
vt 0.09135871 0.965454
vt 0.09135871 0.965454
vt 0.09135871 0.965454
vt 0.09135871 0.965454
vt 0.09135871 0.965454
vt 0.09135871 0.965454
vt 0.09135871 0.965454
vt 0.09135871 0.965454
vt 0.09135871 0.965454
vt 0.09135871 0.965454
vt 0.09135871 0.965454
vt 0.09135871 0.965454
vt 0.09135871 0.965454
vt 0.09135871 0.965454
vt 0.09135871 0.965454
vt 0.09135871 0.965454
vt 0.09135871 0.965454
vt 0.09135871 0.965454
vt 0.09135871 0.965454
vt 0.09135871 0.965454
vt 0.09135871 0.965454
vt 0.09135871 0.965454
vt 0.09135871 0.965454
vt 0.09135871 0.965454
vt 0.09135871 0.965454
vt 0.09135871 0.965454
vt 0.09135871 0.965454
vt 0.09135871 0.965454
vt 0.09135871 0.965454
vt 0.09135871 0.965454
vt 0.09135871 0.965454
vt 0.09135871 0.965454
vt 0.40438408 0.59465545
vt 0.40438408 0.59465545
vt 0.40438408 0.59465545
vt 0.40438408 0.59465545
vt 0.40438408 0.59465545
vt 0.40438408 0.59465545
vt 0.40438408 0.59465545
vt 0.40438408 0.59465545
vt 0.40438408 0.59465545
vt 0.40438408 0.59465545
vt 0.40438408 0.59465545
vt 0.40438408 0.59465545
vt 0.40438408 0.59465545
vt 0.40438408 0.59465545
vt 0.40438408 0.59465533
vt 0.40438408 0.59465533
vt 0.40438408 0.59465545
vt 0.40438408 0.59465545
vt 0.40438408 0.59465545
vt 0.40438408 0.59465545
vt 0.40438408 0.59465545
vt 0.40438408 0.59465545
vt 0.40438408 0.59465533
vt 0.40438408 0.59465533
vt 0.40438408 0.59465545
vt 0.40438408 0.59465545
vt 0.40438408 0.5946556
vt 0.40438408 0.59465545
vt 0.40438408 0.59465545
vt 0.40438408 0.59465533
vt 0.40438408 0.59465545
vt 0.40438408 0.59465545
vt 0.40438408 0.59465545
vt 0.40438408 0.59465533
vt 0.40438408 0.59465545
vt 0.40438408 0.59465545
vt 0.40438408 0.59465545
vt 0.40438408 0.59465545
vt 0.40438408 0.59465545
vt 0.40438408 0.59465545
vt 0.40438408 0.59465545
vt 0.40438408 0.59465545
vt 0.40438408 0.59465545
vt 0.40438408 0.59465545
vt 0.40438408 0.59465545
vt 0.40438408 0.59465545
vt 0.40438408 0.59465545
vt 0.40438408 0.59465545
vt 0.40438408 0.59465533
vt 0.40438408 0.59465545
vt 0.40438408 0.59465545
vt 0.40438408 0.59465545
vt 0.40438408 0.59465533
vt 0.40438408 0.59465545
vt 0.40438408 0.5946556
vt 0.40438408 0.59465545
vt 0.09135871 0.96545404
vt 0.09135871 0.965454
vt 0.09135871 0.965454
vt 0.09135871 0.96545404
vt 0.09135871 0.965454
vt 0.09135871 0.965454
vt 0.09135871 0.9654539
vt 0.09135871 0.965454
vt 0.09135871 0.965454
vt 0.09135871 0.965454
vt 0.09135871 0.96545404
vt 0.09135871 0.965454
vt 0.09135871 0.9654541
vt 0.09135871 0.965454
vt 0.09135871 0.965454
vt 0.09135871 0.96545404
vt 0.09135871 0.965454
vt 0.09135871 0.965454
vt 0.09135871 0.96545404
vt 0.09135871 0.965454
vt 0.09135871 0.965454
vt 0.09135871 0.9654541
vt 0.09135871 0.965454
vt 0.09135871 0.965454
vt 0.09135871 0.965454
vt 0.09135871 0.965454
vt 0.09135871 0.965454
vt 0.09135871 0.965454
vt 0.09135871 0.965454
vt 0.09135871 0.965454
vt 0.09135871 0.965454
vt 0.09135871 0.965454
vt 0.09135871 0.965454
vt 0.09135871 0.965454
vt 0.09135871 0.965454
vt 0.09135871 0.965454
vt 0.09135871 0.965454
vt 0.09135871 0.965454
vt 0.09135871 0.965454
vt 0.09135871 0.965454
vt 0.09135871 0.965454
vt 0.09135871 0.965454
vt 0.09135871 0.965454
vt 0.09135871 0.965454
vt 0.09135871 0.965454
vt 0.09135871 0.965454
vt 0.09135871 0.965454
vt 0.09135871 0.965454
vt 0.09135871 0.965454
vt 0.09135871 0.965454
vt 0.09135871 0.965454
vt 0.09135871 0.965454
vt 0.09135871 0.965454
vt 0.09135871 0.965454
vt 0.09135871 0.965454
vt 0.09135871 0.965454
vt 0.09135871 0.965454
vt 0.09135871 0.965454
vt 0.09135871 0.965454
vt 0.09135871 0.965454
vt 0.09135871 0.965454
vt 0.09135871 0.965454
vt 0.09135871 0.965454
vt 0.09135871 0.965454
vt 0.09135871 0.965454
vt 0.09135871 0.965454
vt 0.09135871 0.965454
vt 0.09135871 0.965454
vt 0.09135871 0.965454
vt 0.09135871 0.965454
vt 0.09135871 0.965454
vt 0.09135871 0.965454
vt 0.09135871 0.965454
vt 0.09135871 0.965454
vt 0.09135871 0.965454
vt 0.09135871 0.965454
vt 0.09135871 0.965454
vt 0.09135871 0.965454
vt 0.09135871 0.965454
vt 0.09135871 0.965454
vt 0.09135871 0.965454
vt 0.09135871 0.965454
vt 0.09135871 0.965454
vt 0.09135871 0.965454
vt 0.09135871 0.965454
vt 0.09135871 0.965454
vt 0.09135871 0.965454
vt 0.09135871 0.965454
vt 0.09135871 0.965454
vt 0.09135871 0.965454
vt 0.09135871 0.965454
vt 0.09135871 0.965454
vt 0.09135871 0.965454
vt 0.09135871 0.965454
vt 0.09135871 0.965454
vt 0.09135871 0.965454
vt 0.09135871 0.965454
vt 0.09135871 0.965454
vt 0.09135871 0.965454
vt 0.09135871 0.965454
vt 0.09135871 0.965454
vt 0.09135871 0.965454
vt 0.09135871 0.965454
vt 0.09135871 0.965454
vt 0.09135871 0.965454
vt 0.09135871 0.965454
vt 0.09135871 0.965454
vt 0.09135871 0.965454
vt 0.09135871 0.965454
vt 0.09135871 0.965454
vt 0.09135871 0.965454
vt 0.09135871 0.965454
vt 0.09135871 0.965454
vt 0.09135871 0.965454
vt 0.09135871 0.965454
vt 0.09135871 0.965454
vt 0.09135871 0.965454
vt 0.09135871 0.965454
vt 0.09135871 0.965454
vt 0.09135871 0.965454
vt 0.09135871 0.965454
vt 0.09135871 0.965454
vt 0.09135871 0.965454
vt 0.09135871 0.965454
vt 0.09135871 0.965454
vt 0.09135871 0.965454
vt 0.09135871 0.965454
vt 0.09135871 0.965454
vt 0.09135871 0.965454
vt 0.09135871 0.965454
vt 0.09135871 0.965454
vt 0.09135871 0.965454
vt 0.09135871 0.965454
vt 0.09135871 0.965454
vt 0.09135871 0.965454
vt 0.09135871 0.965454
vt 0.09135871 0.965454
vt 0.09135871 0.965454
vt 0.09135871 0.965454
vt 0.09135871 0.965454
vt 0.09135871 0.965454
vt 0.09135871 0.965454
vt 0.09135871 0.965454
vt 0.09135871 0.965454
vt 0.09135871 0.965454
vt 0.09135871 0.965454
vn -0.00984242 0.99985087 0.014192141
vn 0.012766177 0.9999167 0.0019397568
vn 0.009842422 0.99985087 0.014192138
vn -0.012766175 0.9999167 0.0019397542
vn -0.017818522 0.9997527 -0.013303161
vn -0.00984242 0.99985087 0.014192141
vn -0.012766175 0.9999167 0.0019397542
vn 0.012766177 0.9999167 0.0019397568
vn 0.1908983 0.4400818 0.8774314
vn 0.057064697 0.60131866 0.79696894
vn 0.07894442 0.43551093 0.89671516
vn 0.1718122 0.6088897 0.77442485
vn 0.36942557 0.45670015 0.8092896
vn 0.06563091 0.479598 0.87503046
vn 0.32735813 0.6239544 0.70958966
vn 0.5816641 0.46598348 0.666728
vn 0.18275326 0.48017928 0.8579214
vn 0.06627631 0.39679945 0.91550946
vn 0.5234753 0.6223867 0.58190084
vn 0.7535935 0.46727818 0.46232885
vn 0.35867193 0.48794156 0.79578114
vn 0.17819911 0.4037353 0.89735323
vn 0.061718352 0.3966619 0.9158876
vn 0.68972176 0.5971058 0.40957117
vn 0.8652107 0.45032609 0.22049224
vn 0.57314074 0.4670179 0.67335284
vn 0.16637887 0.40324694 0.8998388
vn 0.057752248 0.39645234 0.91623694
vn 0.36456576 0.41808504 0.8320437
vn 0.81093216 0.54912525 0.20211513
vn 0.90205026 0.43150878 -0.0102686705
vn 0.15596548 0.40302014 0.90180355
vn 0.05426359 0.39630324 0.9165147
vn 0.7636719 0.43091527 0.48074648
vn 0.35352856 0.4183632 0.83665395
vn 0.5807222 0.4088645 0.7039826
vn 0.35352856 0.4183632 0.83665395
vn 0.5653543 0.41018227 0.7156291
vn 0.85305536 0.5217988 -0.004738667
vn 0.8639165 0.4475586 -0.23095337
vn 0.14678545 0.40261868 0.9035222
vn 0.051172562 0.3961678 0.91675097
vn 0.34377488 0.41855907 0.8406111
vn 0.5653543 0.41018227 0.7156291
vn 0.55104923 0.41124964 0.7260981
vn 0.7668543 0.39378792 0.5068192
vn 0.90346104 0.36646786 0.22239482
vn 0.13860568 0.40227148 0.9049675
vn 0.0484291 0.39601472 0.91696614
vn 0.13127436 0.4019791 0.9061898
vn 0.33509657 0.41869488 0.84404075
vn 0.32732695 0.4187867 0.8470388
vn 0.537717 0.4121129 0.7355429
vn 0.3203362 0.418838 0.84968203
vn 0.5252755 0.41280785 0.74409354
vn 0.51365274 0.4133628 0.7518591
vn 0.7066804 0.40781608 0.5781773
vn 0.6930431 0.41033044 0.59272265
vn 0.7208791 0.40495273 0.56244695
vn 0.537717 0.4121129 0.7355429
vn 0.9008655 0.34682715 0.2610598
vn 0.8972286 0.34927076 0.27016798
vn 0.9520659 0.29176742 0.0918813
vn 0.95144826 0.2927957 0.09495742
vn 0.9526676 0.2907393 0.0888538
vn 0.9045595 0.3442324 0.25154755
vn 0.9532514 0.28972203 0.08586468
vn 0.9083068 0.34147444 0.24160717
vn 0.7208791 0.40495273 0.56244695
vn 0.9538182 0.28871512 0.082912534
vn 0.73565686 0.40165305 0.5454209
vn 0.91210365 0.3385405 0.23120856
vn 0.9543682 0.287718 0.079997875
vn 0.9159451 0.33541614 0.22031933
vn 0.957142 0.2895823 -0.004622005
vn 0.7509755 0.39799815 0.5269092
vn 0.55104923 0.41124964 0.7260981
vn 0.83348787 0.5090835 -0.2147835
vn 0.7129716 0.48075783 -0.51043445
vn 0.9184766 0.31904474 -0.23369052
vn 0.949693 0.29446486 -0.10664672
vn 0.7191874 0.5245714 -0.45562527
vn 0.4950682 0.44459638 -0.7464862
vn 0.89536124 0.36414763 -0.25636858
vn 0.9470345 0.29964274 -0.115497984
vn 0.51826656 0.47678325 -0.7099842
vn 0.35193107 0.4410167 -0.82562023
vn 0.75160617 0.4223408 -0.5066719
vn 0.88851565 0.37145156 -0.26937628
vn 0.35440463 0.4622188 -0.812866
vn 0.22040705 0.4167893 -0.8818772
vn 0.5085048 0.42181298 -0.75066423
vn 0.69450396 0.5153135 -0.5021118
vn 0.2214583 0.44837877 -0.865975
vn 0.12409374 0.4043765 -0.9061349
vn 0.678245 0.5220131 -0.51719064
vn 0.8814731 0.37861502 -0.28223366
vn 0.3476941 0.4159802 -0.84027934
vn 0.4412395 0.5482039 -0.71047884
vn 0.66249794 0.5281102 -0.5312213
vn 0.87423205 0.38564497 -0.2949511
vn 0.6472595 0.5336659 -0.5442939
vn 0.12146537 0.43484616 -0.89227515
vn -0 0.44347113 -0.8962887
vn 0.21562468 0.4066445 -0.887776
vn 0.30330825 0.5635252 -0.7684032
vn 0.42187032 0.55127096 -0.7198095
vn 0.2883292 0.56460726 -0.7733595
vn 0.40388155 0.5538577 -0.7280943
vn 0.18179838 0.5569394 -0.81041217
vn 0.11847208 0.39754367 -0.90990305
vn -0 0.4720862 -0.88155234
vn 0.2746933 0.56546617 -0.7776835
vn 0.38715032 0.556044 -0.73547924
vn 0.17193414 0.55720985 -0.8123767
vn 0.10056724 0.5541437 -0.82632375
vn -0.12146175 0.43489322 -0.89225274
vn -0.12408674 0.4044989 -0.90608126
vn -0 0.43627176 -0.89981496
vn -0.22135672 0.44838065 -0.86600006
vn -0.2204071 0.4167897 -0.881877
vn -0.11829043 0.39754382 -0.90992653
vn -0.35440487 0.46221915 -0.8128657
vn -0.351931 0.44101712 -0.82562006
vn -0.2156155 0.4068133 -0.887701
vn -0.51826733 0.4767835 -0.7099834
vn -0.4950685 0.44459602 -0.7464862
vn -0.34769925 0.4159417 -0.8402962
vn -0.7191887 0.52456903 -0.455626
vn -0.71297187 0.4807578 -0.5104342
vn -0.5085358 0.42168018 -0.75071776
vn -0.8334881 0.5090833 -0.21478292
vn -0.86391634 0.44755852 -0.23095453
vn -0.7517654 0.42233825 -0.5064377
vn -0.85305816 0.5217943 -0.0047386014
vn -0.9020315 0.431548 -0.010272389
vn -0.91847104 0.31906238 -0.23368822
vn -0.8092147 0.5520888 0.20092165
vn -0.8652106 0.45032614 0.22049235
vn -0.9571277 0.28962922 -0.004632207
vn -0.6902175 0.59701335 0.40887022
vn -0.7535934 0.4672786 0.4623287
vn -0.9024424 0.36727265 0.22518548
vn -0.5234753 0.6223865 0.58190084
vn -0.58166414 0.46598336 0.66672814
vn -0.76391673 0.430251 0.4809525
vn -0.327229 0.62464935 0.70903766
vn -0.3694256 0.45670035 0.8092895
vn -0.57314074 0.4670179 0.67335284
vn -0.17205757 0.6088632 0.77439135
vn -0.19082469 0.439996 0.8774904
vn -0.3579667 0.48796836 0.79608214
vn -0.057113733 0.6013285 0.796958
vn -0.078898355 0.43579984 0.8965788
vn -0.06562161 0.4795538 0.8750554
vn -0.18273951 0.47998893 0.85803086
vn -0.061901152 0.39259303 0.91762686
vn -0.18121292 0.3987426 0.8989807
vn -0.05734917 0.39241117 0.91800034
vn -0.358205 0.41104567 0.83829033
vn -0.16932423 0.39842603 0.9014355
vn -0.05338367 0.39224648 0.91830987
vn -0.58072233 0.40886456 0.7039824
vn -0.3471186 0.4113306 0.8428024
vn -0.3471186 0.4113306 0.8428024
vn -0.5653544 0.41018236 0.7156289
vn -0.15896414 0.39804205 0.9034894
vn -0.049897812 0.39209762 0.9185694
vn -0.7656963 0.39097506 0.5107326
vn -0.33732256 0.41153216 0.8466727
vn -0.5653544 0.41018236 0.7156289
vn -0.5510491 0.41124973 0.7260981
vn -0.1497699 0.39769116 0.9052131
vn -0.046857543 0.3919623 0.9187872
vn -0.7497382 0.3951886 0.53077155
vn -0.5510491 0.41124973 0.7260981
vn -0.7343354 0.39889184 0.54921466
vn -0.909795 0.34652725 0.22845538
vn -0.905737 0.34980533 0.23932548
vn -0.95442206 0.28750944 0.08010601
vn -0.9538719 0.28850657 0.08302059
vn -0.90172756 0.3528981 0.24970053
vn -0.9532935 0.28955677 0.08595563
vn -0.7195021 0.4021488 0.56620944
vn -0.8977715 0.3558199 0.25961226
vn -0.9527212 0.2905307 0.08896189
vn -0.8938722 0.35858396 0.26909143
vn -0.9521195 0.29155865 0.09198936
vn -0.89003253 0.36120334 0.27816242
vn -0.95150316 0.2925802 0.09507146
vn -0.69165856 0.4074318 0.5963285
vn -0.7052417 0.40501437 0.58189124
vn -0.51365274 0.41336277 0.7518591
vn -0.5252756 0.41280788 0.7440935
vn -0.7195021 0.4021488 0.56620944
vn -0.537717 0.4121129 0.7355429
vn -0.31379384 0.4118311 0.8555283
vn -0.32080638 0.41176966 0.852953
vn -0.537717 0.4121129 0.7355429
vn -0.13426335 0.39703313 0.9079306
vn -0.32860783 0.41167322 0.85002476
vn -0.14158386 0.39734945 0.90667933
vn -0.044058178 0.3918396 0.91897804
vn -0.5510491 0.41124973 0.7260981
vn -0.32860783 0.41167322 0.85002476
vn -0.537717 0.4121129 0.7355429
vn -0.92890424 -0.31943104 -0.18735212
vn -0.92890424 -0.31943104 -0.18735212
vn -0.92890424 -0.31943104 -0.18735212
vn -0.92890424 -0.31943104 -0.18735212
vn -0.02003705 0.7513237 -0.6596296
vn -0.02003705 0.7513237 -0.6596296
vn -0.02003705 0.7513237 -0.6596296
vn -0.02003705 0.7513237 -0.6596296
vn 0.9289041 0.31943175 0.1873511
vn 0.9289041 0.31943175 0.1873511
vn 0.9289041 0.31943175 0.1873511
vn 0.9289041 0.31943175 0.1873511
vn 0.02003004 -0.7513255 0.65962774
vn 0.02003004 -0.7513255 0.65962774
vn 0.02003004 -0.7513255 0.65962774
vn 0.02003004 -0.7513255 0.65962774
vn 0.050943278 0.6374279 -0.7688241
vn 0.050943278 0.6374279 -0.7688241
vn 0.050943278 0.6374279 -0.7688241
vn 0.050943278 0.6374279 -0.7688241
vn -0.3567255 0.6106818 0.7069757
vn -0.3567255 0.6106818 0.7069757
vn -0.3567255 0.6106818 0.7069757
vn -0.3567255 0.6106818 0.7069757
vn 0.35754374 -0.61039966 -0.706806
vn 0.35754374 -0.61039966 -0.706806
vn 0.35754374 -0.61039966 -0.706806
vn 0.35754374 -0.61039966 -0.706806
vn -0.9146753 -0.34266514 -0.2143588
vn -0.9146753 -0.34266514 -0.2143588
vn -0.9146753 -0.34266514 -0.2143588
vn -0.9146753 -0.34266514 -0.2143588
vn 0.9417668 0.29572475 0.16006918
vn 0.9417668 0.29572475 0.16006918
vn 0.9417668 0.29572475 0.16006918
vn 0.9417668 0.29572475 0.16006918
vn 0.071937434 -0.8476347 0.52568084
vn 0.071937434 -0.8476347 0.52568084
vn 0.071937434 -0.8476347 0.52568084
vn 0.071937434 -0.8476347 0.52568084
vn -0.5510491 0.41124973 0.7260981
vn -0.537717 0.4121129 0.7355429
vn -0.7195021 0.4021488 0.56620944
vn -0.046857543 0.3919623 0.9187872
vn -0.0045924434 0.39391547 0.9191351
vn -0.044058178 0.3918396 0.91897804
vn -0.0045826584 0.3939216 0.9191326
vn -0.049897812 0.39209762 0.9185694
vn 0.051172562 0.3961678 0.91675097
vn 0.0484291 0.39601472 0.91696614
vn 0.05426359 0.39630324 0.9165147
vn -0.0045836833 0.39393944 0.91912496
vn -0.05338367 0.39224648 0.91830987
vn 0.057752248 0.39645234 0.91623694
vn -0.004584836 0.39395925 0.9191165
vn -0.05734917 0.39241117 0.91800034
vn 0.061718352 0.3966619 0.9158876
vn -0.004586073 0.39398164 0.9191069
vn -0.061901152 0.39259303 0.91762686
vn 0.06627631 0.39679945 0.91550946
vn -0.0045874515 0.3940057 0.9190965
vn -0.06562161 0.4795538 0.8750554
vn 0.06563091 0.479598 0.87503046
vn 1.1214899E-05 0.48599976 0.873959
vn -0.057113733 0.6013285 0.796958
vn 0.057064697 0.60131866 0.79696894
vn -0 0.6077309 0.794143
vn -0.078898355 0.43579984 0.8965788
vn 0.07894442 0.43551093 0.89671516
vn 4.980796E-05 0.4360496 0.8999226
vn -0.905737 0.34980533 0.23932548
vn -0.7497382 0.3951886 0.53077155
vn -0.7343354 0.39889184 0.54921466
vn -0.90172756 0.3528981 0.24970053
vn -0.8977715 0.3558199 0.25961226
vn -0.7195021 0.4021488 0.56620944
vn -0.7052417 0.40501437 0.58189124
vn 0.7208791 0.40495273 0.56244695
vn 0.537717 0.4121129 0.7355429
vn 0.55104923 0.41124964 0.7260981
vn 0.91210365 0.3385405 0.23120856
vn 0.9083068 0.34147444 0.24160717
vn 0.73565686 0.40165305 0.5454209
vn 0.7509755 0.39799815 0.5269092
vn 0.9045595 0.3442324 0.25154755
vn 0.7066804 0.40781608 0.5781773
vn 0.7208791 0.40495273 0.56244695
vn 0.55104923 0.41124964 0.7260981
vn 0.537717 0.4121129 0.7355429
vn 0.33509657 0.41869488 0.84404075
vn -0.87284654 0.3979421 -0.2824552
vn -0.9409213 0.31099096 -0.1339835
vn -0.9375032 0.3168531 -0.14384684
vn -0.86550635 0.40475973 -0.29507327
vn -0.93377906 0.32297492 -0.1540901
vn -0.8579635 0.41145605 -0.30757505
vn -0.6459398 0.5304449 -0.5489899
vn -0.6320841 0.53504556 -0.5605319
vn -0.6602609 0.5253973 -0.5366688
vn -0.6750696 0.5198599 -0.5234756
vn -0.39353994 0.57273406 -0.71909803
vn -0.8799865 0.39099663 -0.26971328
vn -0.6903742 0.51377845 -0.5093281
vn -0.88692915 0.38391674 -0.25683564
vn -0.37807614 0.57447267 -0.7259749
vn -0.36364618 0.5759331 -0.73216283
vn -0.25661638 0.5642806 -0.7846881
vn -0.24616517 0.56466806 -0.7877516
vn -0.26796895 0.56375384 -0.78126454
vn -0.15231024 0.5558993 -0.8171765
vn -0.14572755 0.5559149 -0.8183655
vn -0.1596075 0.5557974 -0.81585217
vn -0.0812064 0.55459374 -0.82814926
vn -0.07735445 0.554975 -0.8282627
vn -0.085412525 0.5542944 -0.8279265
vn -0.03764143 0.55456537 -0.83128834
vn -0.037606206 0.55447376 -0.83135104
vn 0.0766872 0.5543363 -0.82875216
vn -0.037672482 0.5546948 -0.8312007
vn 0.08074031 0.5543173 -0.82837987
vn 0.14106911 0.55762386 -0.818019
vn 0.14777125 0.55762935 -0.8168312
vn 0.24032001 0.5670925 -0.787815
vn 0.08473817 0.55430204 -0.8279908
vn -0.03770692 0.5548395 -0.83110243
vn -0.0900583 0.55426294 -0.82745516
vn 0.2508141 0.566684 -0.7848322
vn 0.35700738 0.5594614 -0.7480298
vn 0.15502313 0.5575413 -0.81554615
vn 0.09005833 0.5542628 -0.8274552
vn 0.37156466 0.5578938 -0.7420877
vn 0.618261 0.5433526 -0.5679096
vn 0.26223508 0.56614685 -0.7814797
vn 0.632521 0.5387341 -0.55649143
vn 0.8591446 0.39932853 -0.3200113
vn -0.16770793 0.5555886 -0.814368
vn -0.03774539 0.5550026 -0.8309918
vn 0.16319916 0.5573966 -0.8140486
vn 0.09441931 0.5542225 -0.82699597
vn -0.037788518 0.55518764 -0.8308662
vn -0.09519995 0.5548978 -0.82645357
vn -0.10102635 0.5545408 -0.8260013
vn -0.176547 0.55540997 -0.81261975
vn -0.18640627 0.55512416 -0.81061083
vn -0.2803514 0.5630845 -0.7773924
vn -0.410133 0.57066953 -0.71142614
vn -0.29390302 0.562238 -0.77298737
vn -0.4279649 0.56821626 -0.7028345
vn -0.3087882 0.5611695 -0.76794434
vn -0.44715568 0.5652965 -0.6931751
vn -0.70617783 0.50709176 -0.49413654
vn -0.89367574 0.37669533 -0.24381189
vn -0.94697374 0.29988837 -0.115358636
vn -0.94965935 0.2945946 -0.106588215
vn -0.4279649 0.56821626 -0.7028345
vn -0.6750696 0.5198599 -0.5234756
vn -0.410133 0.57066953 -0.71142614
vn -0.6602609 0.5253973 -0.5366688
vn -0.88692915 0.38391674 -0.25683564
vn -0.94406486 0.30536443 -0.12447563
vn -0.8799865 0.39099663 -0.26971328
vn -0.9409213 0.31099096 -0.1339835
vn 0.93752885 0.3167626 -0.14387897
vn 0.94094676 0.31090036 -0.13401547
vn 0.86679 0.39254797 -0.30754063
vn 0.93382555 0.3228166 -0.15414004
vn 0.8814731 0.37861502 -0.28223366
vn 0.94094676 0.31090036 -0.13401547
vn 0.94409895 0.30523485 -0.12453425
vn 0.88851565 0.37145156 -0.26937628
vn 0.40388155 0.5538577 -0.7280943
vn 0.6472595 0.5336659 -0.5442939
vn 0.66249794 0.5281102 -0.5312213
vn 0.42187032 0.55127096 -0.7198095
vn -0.0033056894 0.99995446 0.008949924
vn -0 0.99999607 0.0028344828
vn 0.003305701 0.99995446 0.008949921
vn 0.009842422 0.99985087 0.014192138
vn -0.00984242 0.99985087 0.014192141
vn -0.012766175 0.9999167 0.0019397542
vn 0.017818524 0.9997527 -0.013303161
vn -0.017818522 0.9997527 -0.013303161
vn -0.042562988 0.9986399 0.030113896
vn 0.042562984 0.9986399 0.0301139
vn 0.042562984 0.9986399 0.0301139
vn -0.00049089966 0.999485 0.03208327
vn -0.042562988 0.9986399 0.030113896
vn 0.00048811358 0.999485 0.032083314
vn 0.014378926 0.9998834 -0.005135026
vn -0.014333856 0.9998841 -0.005118471
vn 0.014378926 0.9998834 -0.005135026
vn 0.009019734 0.9997571 -0.020109983
vn -0.009019736 0.9997571 -0.020109981
vn 0.0041068466 0.999785 -0.020324584
vn -0.009019736 0.9997571 -0.020109981
vn -0.004106851 0.999785 -0.020324582
vn 0.0041068466 0.999785 -0.020324584
vn -0.0054540965 0.9998975 -0.013239215
vn 0.0054540955 0.9998975 -0.013239215
vn -0.0081660515 0.9999386 -0.007499445
vn 0.008166048 0.9999386 -0.0074994485
vn -0.0044878847 0.99994385 -0.009604915
vn 0.004487874 0.99994385 -0.009604921
vn -0.0017105627 0.99987924 -0.015446605
vn -0 0.99979466 -0.0202653
vn 0.0017105537 0.99987924 -0.015446607
vn 0.0036011515 0.9996855 0.024816852
vn -0.010051352 0.99980336 -0.017098298
vn -0.007642151 0.9998596 -0.0149174975
vn -0.0021164017 0.99965036 0.026358059
vn -0.006285699 0.99997175 -0.0041378853
vn -0.020761617 0.9995752 0.020456793
vn -0.0018728323 0.9999975 -0.0012811926
vn -0.019831702 0.99973255 0.011897286
vn -0.003249246 0.99996054 -0.008276284
vn -0.0127455825 0.9998591 0.010929041
vn -0.0036881552 0.9998878 -0.014516274
vn -0.0073897177 0.99983335 0.016695619
vn -0 0.9997943 -0.020280974
vn -0 0.99978966 0.020512015
vn 0.013593253 0.9998926 0.00547791
vn -0.010051352 0.99980336 -0.017098298
vn 0.0036011515 0.9996855 0.024816852
vn -0.014671722 0.9998745 -0.0059861066
vn -0.007574728 0.9994904 -0.031008888
vn 0.00093366305 0.99949026 0.031912528
vn -0.056596912 0.99820197 -0.01973936
vn 0.035632294 0.9990651 0.024481801
vn -0.02815619 0.99958795 0.005578106
vn 0.0070158555 0.99973184 -0.022068666
vn 0.0007678545 0.999987 -0.0050430964
vn -0.024851115 0.9996871 -0.0028713616
vn -0.02815619 0.99958795 0.005578106
vn -0.0026723554 0.99984396 -0.017464526
vn -0.024851115 0.9996871 -0.0028713616
vn 0.0007678545 0.999987 -0.0050430964
vn -0.022779478 0.9996866 0.010377439
vn -0.0062050926 0.99993825 -0.009227495
vn 0.00075398304 0.99996555 0.008275473
vn -0 0.9999975 -0.002236914
vn -0 0.9999951 0.0031398605
vn 0.006205091 0.99993813 -0.009230301
vn -0.0007539807 0.99996555 0.0082726665
vn 0.002672361 0.99984384 -0.01746733
vn 0.02277949 0.9996867 0.010374629
vn -0.00076785934 0.999987 -0.0050431006
vn 0.024851114 0.9996871 -0.002871367
vn 0.028156184 0.99958795 0.005578109
vn -0.007015853 0.99973184 -0.02206867
vn 0.05659691 0.99820197 -0.019738462
vn -0.035632294 0.9990651 0.024482679
vn 0.0075779585 0.9994905 -0.031006431
vn -0.00093648117 0.99949014 0.031914096
vn -0.013637096 0.9998919 0.005498148
vn 0.014716752 0.99987364 -0.0060019265
vn -0 0.99978966 0.020512015
vn -0 0.9997943 -0.020280974
vn 0.003688155 0.9998878 -0.0145162735
vn 0.0073897205 0.99983335 0.016695619
vn 0.0032492352 0.99996054 -0.008276278
vn 0.012745585 0.9998591 0.010929039
vn 0.0018728317 0.9999975 -0.0012811925
vn 0.019831704 0.99973255 0.0118972855
vn 0.0062856963 0.99997175 -0.0041394257
vn 0.020761624 0.9995752 0.020455245
vn -0.0036011518 0.9996855 0.024818234
vn 0.014716752 0.99987364 -0.0060019265
vn -0.013637096 0.9998919 0.005498148
vn 0.010051344 0.99980336 -0.01709692
vn 0.0021164056 0.99965036 0.026357895
vn 0.007642134 0.9998596 -0.014917666
vn 0.020761624 0.9995752 0.020455245
vn 0.0062856963 0.99997175 -0.0041394257
vn 0.96294636 0.08062619 -0.2573591
vn 0.98818356 0.15112305 -0.02559419
vn 0.99843353 0.0539843 -0.0147054605
vn 0.96579814 0.07862637 0.24708644
vn 0.9577403 0.17491525 -0.22833759
vn 0.83231235 0.17869303 -0.5247141
vn 0.80999494 0.14322771 -0.5686775
vn 0.5643157 0.19905871 -0.8012012
vn 0.59225416 0.2337167 -0.77111065
vn 0.36489695 0.24935104 -0.8970364
vn 0.83998716 0.21560694 -0.49793094
vn 0.79850286 0.28568035 -0.52988666
vn 0.5984582 0.2564425 -0.7590026
vn 0.36691773 0.26823348 -0.8907424
vn 0.20236018 0.2625676 -0.9434557
vn 0.587659 0.25478432 -0.76794654
vn 0.17973296 0.2584192 -0.9491657
vn 0.10623072 0.2543829 -0.9612515
vn 0.34335488 0.23386294 -0.9096238
vn 0.08358392 0.2429548 -0.9664298
vn -0 0.25408056 -0.96718305
vn 0.5595384 0.23728903 -0.79411
vn 0.4974174 0.097349875 -0.8620319
vn 0.15439361 0.20624574 -0.9662428
vn 0.28112674 0.18383765 -0.9418978
vn -0 0.23626544 -0.97168857
vn 0.05991104 0.1855247 -0.9808115
vn 0.123039685 0.13753566 -0.9828251
vn 0.20555922 -0.039958492 -0.9778285
vn -0.08358396 0.24295484 -0.9664298
vn -0.10623041 0.2543831 -0.9612515
vn -0.17973302 0.25841928 -0.9491657
vn -0.20236018 0.26256755 -0.9434557
vn -0.3669177 0.26823348 -0.8907424
vn -0.36489695 0.24935104 -0.8970364
vn -0.59225404 0.2337167 -0.77111065
vn -0.56431556 0.19905876 -0.80120134
vn -0.83231235 0.17869298 -0.52471423
vn -0.80999476 0.14322776 -0.56867754
vn -0.96294636 0.080626205 -0.25735915
vn -0.059911028 0.18552473 -0.9808115
vn -0.15439367 0.20624582 -0.9662428
vn -0.34335488 0.233863 -0.9096238
vn -0 0.18088856 -0.9835036
vn 0.043745242 0.11540944 -0.9923543
vn 0.060477402 -0.09855935 -0.99329174
vn -0.171325 -0.55406237 -0.8146549
vn 0.013734437 -0.16992986 -0.98536044
vn -0 0.10776169 -0.99417675
vn -0.04374526 0.115409434 -0.9923543
vn -0.123039715 0.1375357 -0.9828251
vn -0.28112674 0.18383762 -0.9418978
vn -0.15547022 -0.3631309 -0.9186757
vn -0.013734412 -0.1699299 -0.98536044
vn -0.060477383 -0.09855937 -0.99329174
vn 0.17132512 -0.5540626 -0.8146548
vn -0.20555918 -0.03995853 -0.9778285
vn -0.4974172 0.09734978 -0.86203194
vn -0.5595383 0.237289 -0.79411006
vn -0.7985029 0.28568035 -0.5298866
vn -0.587659 0.25478432 -0.76794654
vn -0.5984582 0.2564425 -0.75900257
vn -0.83998716 0.21560694 -0.49793094
vn -0.9577403 0.17491527 -0.22833759
vn 0.1554703 -0.36313096 -0.9186756
vn -0.98818356 0.15112302 -0.025594138
vn -0.9984334 0.053984288 -0.014705753
vn -0.96579814 0.07862639 0.24708652
vn -0.92848516 0.27744076 -0.24686407
vn -0.96886414 0.24615055 -0.026687875
vn -0.96996754 0.14137298 0.19793107
vn -0.9553007 0.21991968 0.19757515
vn -0.84390354 0.116137795 0.5237736
vn -0.8231151 0.12043742 0.55495614
vn -0.61797327 0.12638047 0.77597487
vn -0.6174862 0.1247129 0.7766322
vn -0.39542276 0.1387358 0.907961
vn -0.4042676 0.09237948 0.9099636
vn -0.18064243 0.14403102 0.97294575
vn -0.8559771 0.1177481 0.50342685
vn -0.8365581 0.13645338 0.53061384
vn -0.7946189 0.115536705 0.5960135
vn -0.6064384 0.10450152 0.78823346
vn -0.56061137 0.06961938 0.8251473
vn -0.19348913 0.1019817 0.9757877
vn -0.063383095 0.14312331 0.9876731
vn -0.06301918 0.105576195 0.9924124
vn -0 0.14460714 0.98948914
vn -0.23897861 0.10205828 0.9656465
vn -0.94422466 0.22914639 0.23649883
vn -0.96645844 0.25677386 -0.005029392
vn -0.43913916 0.057394758 0.89658386
vn -0.3380686 -0.117193006 0.9337962
vn -0.28087345 -0.0034721002 0.95973855
vn -0.060594805 0.12643658 0.99012226
vn -0.5309786 -0.014942583 0.84725344
vn -0.9473436 0.18007487 0.26478884
vn -0.9274056 0.28016078 -0.24784848
vn -0.342885 -0.0993073 0.93411344
vn -0 0.10385853 0.99459213
vn -0.9795552 0.20111884 0.0047696615
vn -0.78316003 0.24235244 -0.5726479
vn -0.9475471 0.1900435 -0.25697845
vn -0.7698085 0.092871994 -0.63148224
vn 0.06301913 0.10557616 0.9924124
vn 0.06338291 0.1431233 0.9876732
vn -0.38487953 -0.10353109 -0.9171418
vn 0.19348913 0.10198167 0.9757877
vn 0.1806423 0.14403102 0.97294575
vn 0.40426758 0.09237946 0.9099636
vn 0.39542294 0.13873579 0.907961
vn 0.23897858 0.10205828 0.9656466
vn 0.060594685 0.12643655 0.99012226
vn 0.61797345 0.1263805 0.7759748
vn 0.6174863 0.124712914 0.776632
vn 0.8231153 0.120437436 0.55495596
vn -0 0.1262163 0.9920027
vn 0.8439036 0.11613777 0.52377343
vn 0.96996754 0.14137301 0.19793098
vn 0.8559772 0.11774811 0.5034266
vn 0.6064385 0.104501545 0.7882333
vn 0.83655816 0.13645343 0.5306136
vn 0.9553007 0.2199197 0.19757506
vn 0.7946189 0.11553671 0.5960135
vn 0.56061137 0.069619395 0.8251473
vn 0.96886414 0.2461505 -0.026687883
vn 0.43913916 0.05739477 0.89658386
vn 0.3380686 -0.117193006 0.9337962
vn 0.2808735 -0.0034720832 0.95973855
vn 0.07309887 0.049425144 0.99609923
vn 0.94422466 0.22914642 0.23649889
vn 0.9284853 0.27744073 -0.24686405
vn 0.96645844 0.2567738 -0.005029336
vn 0.9274056 0.28016075 -0.24784851
vn 0.9473436 0.18007492 0.2647889
vn 0.18754378 -0.17567569 0.9664188
vn 0.78316003 0.24235243 -0.57264805
vn 0.9795552 0.20111884 0.0047696657
vn 0.9475471 0.1900435 -0.25697854
vn 0.7698085 0.092871994 -0.63148224
vn 0.38487965 -0.1035311 -0.9171418
vn 0.71729267 0.014219356 -0.6966269
vn 0.24397245 -0.11770451 -0.9626126
vn 0.9491582 0.110188335 -0.29488504
vn -0.38265434 -0.23544945 -0.8933864
vn 0.15927137 -0.09978649 -0.98217887
vn 0.6635551 -0.03063906 -0.74749976
vn -0.46533763 -0.13338087 -0.87502587
vn 0.98972625 0.14296933 0.00130688
vn 0.9352791 0.036481336 -0.35202572
vn 0.94206727 0.1227767 0.3121461
vn -0.8352077 -0.23841754 -0.49556544
vn -0.8704899 -0.13816899 -0.4723948
vn -0.685624 -0.5004008 -0.52869546
vn -0.50150096 -0.07914018 -0.8615298
vn 0.09609432 -0.07171652 -0.99278533
vn 0.6187849 -0.033349287 -0.7848522
vn -0.89151824 -0.067330986 -0.44795275
vn -0.9906365 -0.13643204 0.0050486485
vn -0.9754219 -0.22009924 0.01041121
vn -0.99830747 -0.05814318 0.001234632
vn -0.5152755 -0.034957953 -0.8563113
vn -0.8964993 -0.039592035 -0.44127253
vn -0.99937963 -0.03517086 0.0017945936
vn 0.0740237 -0.025925215 -0.9969195
vn -0.898724 0.021874133 -0.4379688
vn -0.50894916 0.029078558 -0.8603053
vn -0.8689899 -0.10829578 0.48283398
vn -0.83650726 -0.19449373 0.51227707
vn -0.8907699 -0.052531887 0.45140842
vn 0.5978173 0.00090250495 -0.801632
vn 0.058653437 0.021679495 -0.99804294
vn 0.92084724 0.0076713786 -0.38984802
vn 0.9980186 0.062919006 -0.00023226492
vn 0.9319412 0.046925694 0.35956013
vn 0.99970704 0.02420291 1.2566104E-05
vn 0.91564965 0.015676178 -0.40167147
vn 0.9194448 0.018592255 0.39277935
vn 0.64170355 0.00038939834 0.7669527
vn 0.6117032 -0.0073562246 0.7910531
vn 0.67769116 0.04982494 0.73365676
vn 0.7118459 0.09804513 0.6954586
vn 0.91258985 0.012463634 0.4086861
vn 0.99979645 0.020124216 0.0014690568
vn 0.5919344 -0.012178749 0.8058942
vn 0.092030816 -0.03801211 0.9950304
vn 0.11839191 -0.04395054 0.9919938
vn 0.19487418 -0.05009342 0.9795482
vn 0.34288514 -0.099307284 0.9341134
vn 0.07546772 -0.040050413 0.99634355
vn 0.5309786 -0.014942584 0.8472535
vn 0.57016057 -0.027120257 0.82108545
vn 0.06587179 -0.06803609 0.9955058
vn 0.90535223 0.030918336 0.42353436
vn 0.99800926 0.06300214 0.002891306
vn 0.91131467 0.06576413 -0.40642425
vn 0.5629435 0.04721028 -0.8251459
vn -0.22763662 -0.3533194 0.9073847
vn -0.40741122 -0.15508567 0.89998037
vn 0.14682178 -0.338101 0.92958647
vn -0.4764605 -0.0749079 0.875999
vn -0.5016715 -0.050762177 0.86356753
vn -0.5072365 -0.048160076 0.86046016
vn -0.49819422 -0.05833013 0.8651012
vn -0.8941205 -0.04015064 0.44602308
vn -0.70277214 -0.4586214 0.5438545
vn -0.8905924 -0.014810145 0.45456123
vn -0.9998616 0.016250294 0.0035556557
vn -0.88993055 0.05595685 -0.45265055
vn -0.99930835 0.03709694 0.0025708152
vn -0.8894905 -0.013387568 0.45675752
vn -0.9707371 -0.2401301 -0.0026511077
vn -0.87242043 -0.20813662 -0.44222358
vn -0.49978402 -0.08335859 0.8621295
vn -0.8612788 -0.26519662 0.43343925
vn 0.055943467 -0.110762574 0.99227107
vn -0.5027417 -0.16690606 -0.84817046
vn -0.98590636 -0.1669236 0.01119226
vn -0.9324174 -0.032034814 -0.35996047
vn -0.9274785 -0.08173239 0.36483365
vn -0.5090324 0.41819087 -0.7523313
vn -0.4914296 -0.2778409 0.8254098
vn -0.52805 0.32545573 0.7843735
vn 0.04959488 -0.13904886 -0.9890428
vn 0.053306133 0.5097055 -0.858696
vn 0.047030453 -0.27460495 0.96040624
vn 0.056817297 0.44158885 0.89541674
vn 0.54057086 -0.162804 -0.82539564
vn 0.545134 0.37826857 -0.74815893
vn 0.5526113 -0.063373215 0.8310263
vn 0.5293769 -0.27076662 0.80401844
vn 0.5651125 0.2907474 0.772084
vn 0.900283 0.014878868 0.43505096
vn 0.87142646 -0.25696313 0.41783464
vn 0.92911166 -0.10995983 0.3530728
vn 0.9978884 0.06491882 0.0020929328
vn 0.9720385 -0.23481454 -0.0017670766
vn 0.98043585 -0.19658972 0.009903704
vn 0.9349549 -0.0644426 -0.3488647
vn 0.8805941 -0.20400053 -0.42771226
vn 0.8986613 0.08384904 -0.4305545
vn -0.27526522 -0.614808 0.73908055
vn -0.07287304 -0.7207647 0.6893385
vn 0.04751025 -0.4571315 0.88812923
vn 0.10274112 -0.14988987 0.98335004
vn -0 0.062965825 0.99801564
vn -0 -0.14314786 0.9897013
vn -0.07309892 0.049425162 0.99609923
vn -0.10274115 -0.14988987 0.98335004
vn -0.18754381 -0.17567569 0.9664188
vn -0.04751024 -0.4571316 0.88812923
vn -0 -0.4960185 0.86831194
vn -0 -0.7542629 0.6565726
vn -0.1468218 -0.3381011 0.92958647
vn 0.0728731 -0.72076494 0.6893384
vn -0 -0.8783624 0.47799537
vn 0.22763662 -0.35331938 0.9073847
vn 0.27526522 -0.614808 0.73908055
vn -0.16148911 -0.8593148 0.48528272
vn -0 -0.9994887 0.031972043
vn 0.16148913 -0.85931474 0.4852828
vn -0.44404703 -0.7355152 0.51170266
vn -0.19292608 -0.9808451 0.026877422
vn -0.8915195 -0.45268238 0.016480463
vn -0.56478685 -0.82491064 0.023200396
vn -0.42455706 -0.7633093 -0.48693958
vn -0.17362298 -0.8751768 -0.45157588
vn -0.07916081 -0.6264586 -0.77542454
vn -0 -0.8976333 -0.44074282
vn -0 -0.65508676 -0.7555536
vn -0 -0.18272208 -0.9831646
vn 0.07916086 -0.6264586 -0.77542454
vn 0.17362297 -0.87517667 -0.451576
vn 0.19292608 -0.9808451 0.026877344
vn 0.42455712 -0.7633093 -0.48693958
vn 0.44404694 -0.7355151 0.51170284
vn 0.685624 -0.5004009 -0.5286953
vn 0.56478685 -0.82491064 0.023200406
vn 0.8915195 -0.45268235 0.016480621
vn 0.7027721 -0.4586213 0.5438547
vn 0.9754219 -0.22009921 0.010411105
vn 0.8352077 -0.23841752 -0.4955656
vn 0.83650726 -0.19449373 0.51227707
vn 0.38265434 -0.23544942 -0.8933864
vn 0.9906365 -0.13643202 0.0050485604
vn 0.40741122 -0.15508571 0.89998037
vn -0.24397239 -0.11770448 -0.9626126
vn 0.8704898 -0.13816896 -0.47239476
vn 0.8689899 -0.10829578 0.48283398
vn -0.7172926 0.014219364 -0.6966269
vn 0.46533763 -0.13338087 -0.87502587
vn 0.99830747 -0.058143195 0.0012346609
vn -0.9491582 0.110188365 -0.29488504
vn -0.15927134 -0.09978647 -0.98217887
vn 0.89151835 -0.06733101 -0.44795275
vn -0.663555 -0.030639058 -0.7474999
vn 0.50150096 -0.079140164 -0.8615298
vn -0.09609426 -0.0717165 -0.99278533
vn 0.8907698 -0.052531876 0.45140842
vn 0.99937963 -0.035170868 0.0017946472
vn 0.8964993 -0.03959204 -0.4412725
vn 0.51527554 -0.03495795 -0.8563113
vn 0.47646046 -0.074907884 0.875999
vn 0.898724 0.021874126 -0.4379688
vn -0.19487417 -0.05009342 0.9795482
vn -0.7118458 0.0980451 0.69545865
vn -0.67769116 0.049824912 0.73365676
vn -0.11839193 -0.043950543 0.9919938
vn 0.50167155 -0.05076216 0.8635675
vn 0.8941205 -0.040150613 0.44602314
vn -0.94206727 0.1227767 0.31214607
vn -0.6417036 0.0003893791 0.7669527
vn -0.09203078 -0.03801211 0.9950304
vn -0.98972625 0.14296937 0.00130688
vn -0.9319412 0.046925686 0.35956007
vn -0.9352791 0.036481373 -0.35202575
vn 0.9998616 0.016250312 0.003555685
vn 0.5072364 -0.048160065 0.8604602
vn -0.6117033 -0.0073562246 0.7910531
vn -0.9980186 0.06291908 -0.00023229868
vn -0.61878484 -0.033349294 -0.7848522
vn 0.8905924 -0.014810094 0.45456123
vn -0.075467676 -0.040050413 0.99634355
vn -0.9194448 0.01859229 0.39277932
vn -0.92084724 0.007671342 -0.3898481
vn -0.074023716 -0.025925217 -0.9969195
vn 0.49819416 -0.05833012 0.8651012
vn -0.5919344 -0.012178709 0.8058942
vn -0.99970704 0.024202919 1.2546853E-05
vn -0.5978173 0.0009025083 -0.801632
vn 0.5089491 0.029078573 -0.86030537
vn -0.06587176 -0.068036094 0.9955058
vn -0.91258985 0.012463677 0.4086861
vn -0.91564965 0.015676167 -0.40167147
vn -0.058653437 0.021679493 -0.99804294
vn 0.88993055 0.05595686 -0.45265067
vn -0.5701606 -0.027120214 0.82108545
vn -0.99979645 0.020124199 0.0014690472
vn -0.9053523 0.030918282 0.4235343
vn -0.99800926 0.06300214 0.0028913063
vn -0.91131467 0.06576423 -0.40642428
vn 0.99930835 0.03709694 0.0025708198
vn 0.8894905 -0.013387542 0.4567575
vn 0.9707371 -0.24013008 -0.0026511024
vn 0.49978408 -0.08335858 0.8621295
vn -0.5629436 0.047210258 -0.8251459
vn 0.87242043 -0.2081366 -0.44222358
vn 0.8612788 -0.26519662 0.43343925
vn -0.05594349 -0.11076257 0.99227107
vn 0.5027417 -0.16690609 -0.84817046
vn 0.98590624 -0.16692376 0.011192388
vn 0.9324175 -0.032034952 -0.35996026
vn 0.9274784 -0.081732586 0.36483374
vn 0.50903255 0.41819075 -0.75233126
vn 0.49142954 -0.2778409 0.82540995
vn 0.52804977 0.32545558 0.78437364
vn -0.0495948 -0.13904886 -0.9890428
vn -0.053306095 0.5097055 -0.858696
vn -0.04703052 -0.27460498 0.96040636
vn -0.056817338 0.44158915 0.89541656
vn -0.54057086 -0.16280404 -0.82539564
vn -0.545134 0.37826833 -0.74815917
vn -0.5526113 -0.0633732 0.8310262
vn -0.5293769 -0.27076662 0.80401844
vn -0.56511253 0.29074758 0.77208394
vn -0.90028286 0.014878789 0.43505096
vn -0.87142646 -0.25696322 0.41783464
vn -0.92911166 -0.10995991 0.353073
vn -0.9978884 0.06491879 0.0020929426
vn -0.9720385 -0.23481466 -0.0017670046
vn -0.98043585 -0.19658975 0.009903838
vn -0.9349549 -0.06444269 -0.34886473
vn -0.8805941 -0.20400064 -0.42771223
vn -0.8986613 0.08384904 -0.43055445
vn -0.9324174 -0.032034814 -0.35996047
vn -0.98590636 -0.1669236 0.01119226
vn -0.9980775 0.06140447 -0.008414181
vn -0.9274785 -0.08173239 0.36483365
vn -0.8418874 0.3735203 -0.38949752
vn -0.99956053 -0.02712695 -0.011946874
vn -0.5090324 0.41819087 -0.7523313
vn -0.8559565 0.2969125 0.42329833
vn -0.52805 0.32545573 0.7843735
vn -0.47499615 0.5036649 -0.7215957
vn 0.053306133 0.5097055 -0.858696
vn -0.47656083 0.43255875 0.76536447
vn 0.056817297 0.44158885 0.89541674
vn -0.91385007 -0.061479203 0.4013706
vn 0.05655787 0.44552815 0.89347965
vn 0.5651125 0.2907474 0.772084
vn -0.9184905 -0.023021638 -0.3947722
vn 0.060899742 0.5343499 -0.8430667
vn 0.545134 0.37826857 -0.74815893
vn -0.54687613 -0.117613465 0.8289111
vn 0.5242135 0.42247537 0.73940164
vn 0.92911166 -0.10995983 0.3530728
vn -0.5592887 -0.01621509 -0.8288144
vn 0.51453865 0.49496245 -0.70018727
vn 0.9349549 -0.0644426 -0.3488647
vn 0.06674498 -0.143791 0.9873547
vn 0.86579436 0.26466373 0.42468023
vn 0.98043585 -0.19658972 0.009903704
vn 0.8492691 0.34311342 -0.4012669
vn 0.06889266 -0.0047179437 -0.99761295
vn 0.5993993 -0.12863755 0.790046
vn 0.07411835 -0.018261703 0.9970822
vn 0.99969494 0.023815036 -0.006557298
vn 0.6098686 -0.02063813 -0.7922338
vn 0.06385069 0.04485818 -0.99695075
vn 0.9126474 -0.087155834 0.39934757
vn 0.91523737 -0.042673547 -0.40064907
vn -0.5568613 0.004216848 0.8305949
vn 0.6126601 -0.032136485 0.78969294
vn 0.99861073 -0.05182157 -0.00953921
vn 0.6255541 0.03059238 -0.7795808
vn -0.91793525 0.028873194 0.3956784
vn 0.078745805 0.20593654 0.97539186
vn 0.90599144 -0.010375491 0.42316887
vn 0.90439224 0.015444175 -0.42642263
vn -0.5922025 0.1458689 0.7924761
vn 0.63458675 0.13752493 0.7605172
vn 0.99919325 0.013110928 -0.037959218
vn 0.8936169 0.11854826 0.4328915
vn 0.7701795 0.41305938 0.48600966
vn 0.036623485 0.73796433 0.67384523
vn -0.75116915 0.43182585 0.49927083
vn -0.9143286 0.105423264 0.39101064
vn 0.99265164 0.09796916 -0.07102677
vn 0.93171793 0.21279454 0.29431313
vn 0.0060017495 0.96507406 0.2619083
vn -0.9979115 0.04487819 -0.04645902
vn -0.90624326 0.038868517 -0.42096618
vn -0.992097 0.09897777 -0.07711691
vn -0.56743956 0.03857981 -0.8225108
vn -0.9330549 0.20269656 0.29719135
vn -0.8916986 0.1195616 -0.43655318
vn 0.038733054 0.13470471 -0.99012846
vn -0.9804205 0.15702958 -0.11881674
vn -0.5749329 0.12864143 -0.8080246
vn 0.6212748 0.12180958 -0.7740671
vn 0.010514486 0.15207326 -0.98831326
vn -0.5681809 0.14727263 -0.8096179
vn 0.89322233 0.10390167 -0.4374454
vn 0.57580966 0.14775153 -0.8041223
vn 0.9792964 0.14661144 -0.13958399
vn -0.8896274 0.13224557 -0.4371203
vn -0.0007013342 0.111935236 -0.9937152
vn 0.8897012 0.12092122 -0.44023842
vn -0.5702665 0.115214065 -0.81334
vn 0.5699435 0.11007894 -0.814277
vn -0.0005456557 -0.617031 -0.78693867
vn 0.97966355 0.17809978 0.092411
vn 0.9752939 0.11841166 -0.18649551
vn 0.89399344 0.09568149 -0.43774498
vn 0.9520422 0.28809613 0.10303478
vn 0.9925768 0.11226067 -0.046786606
vn 0.4614653 -0.58858544 -0.66378987
vn 0.9749624 0.09643655 -0.20037034
vn 0.68689644 -0.6394585 -0.34534937
vn -7.168102E-05 -0.99988484 -0.0151798325
vn 0.9406617 0.33842742 -0.024948727
vn 0.9913119 0.1265501 -0.035857197
vn 0.6998637 0.70124984 0.13579227
vn 0.7425931 -0.6677241 -0.05196172
vn 0.7547445 -0.6363633 -0.15938166
vn -0 -0.9999522 -0.009785933
vn 0.7445293 -0.66640145 -0.03981345
vn -0.00030311683 -1 0.00018743906
vn -0.0003903682 -0.9999263 -0.012129118
vn 0.7304256 -0.6814272 -0.04621036
vn 0.9933108 0.10768284 -0.04169085
vn 0.0026636897 0.9802412 0.19778785
vn 0.63382417 0.7662823 0.10525393
vn 0.93855214 0.34489986 -0.0128053455
vn -0.7029233 0.70263726 0.1104526
vn -0.7420068 -0.6700569 -0.021204606
vn -0.7401851 -0.6717529 -0.029563123
vn -0.00058673334 -0.9993907 -0.034898743
vn 0.71748686 -0.6942061 -0.05736255
vn 0.99621385 0.077704646 -0.03898653
vn -0.76116496 -0.6323805 -0.14395429
vn -0.6867754 -0.6388126 -0.34678245
vn -0.9782516 0.100258924 -0.18158226
vn -0.46227464 -0.5875508 -0.66414326
vn -0.8924779 0.10267538 -0.4392505
vn -0.9763312 0.14259608 -0.16261594
vn -0.9938545 0.11021893 -0.010245048
vn -0.97504145 0.19258052 0.110485196
vn -0.95157593 0.29038954 0.10088237
vn -0.9925207 0.11962533 -0.024341576
vn -0.94078404 0.33573613 -0.046976186
vn -0.7287994 -0.6826256 -0.05360769
vn -0.6310814 0.76993245 0.094552904
vn -0.99384564 0.097165674 -0.053194772
vn -0.0005776599 -0.99902403 -0.04416705
vn 0.00095961423 0.9707954 0.23990688
vn -0.94155467 0.3358522 -0.026038243
vn -0.71819437 -0.69269025 -0.06615881
vn 0.7363686 -0.6679381 0.107795596
vn 0.59691244 0.7763135 0.20256604
vn -0.5979724 0.7769621 0.19687316
vn -0.99636155 0.06785868 -0.051564105
vn -0.0003188372 -0.9997166 -0.023800928
vn 0.9229004 0.3473036 0.16623831
vn 0.0003073079 0.79993826 0.60008216
vn -0.92746836 0.33992395 0.15573737
vn -0.7386737 -0.66703093 0.097113006
vn 0.9838991 0.07165794 0.16373053
vn 0.45687762 0.7144239 0.5299635
vn -0.45787588 0.7159944 0.52697396
vn -0.9863055 0.06640747 0.15096885
vn 0.54556817 -0.6280493 0.5548959
vn 0.6419467 0.3787339 0.6666822
vn -0.00033137886 0.37575397 0.9267195
vn -0.6467928 0.37699956 0.6629709
vn -7.1903625E-05 -0.64902395 0.760768
vn 0.6904857 0.09678421 0.7168418
vn 2.6184804E-05 0.1061274 0.9943526
vn -0.69593453 0.095814645 0.7116843
vn -0.55146414 -0.6260614 0.5513025
vn 0.07894442 0.43551093 0.89671516
vn 4.980796E-05 0.4360496 0.8999226
vn -0 0.16483596 0.98632103
vn -0.078898355 0.43579984 0.8965788
vn 0.074184574 0.16822778 0.9829527
vn -0.0741845 0.16822769 0.9829527
vn 0.1908983 0.4400818 0.8774314
vn -0.19082469 0.439996 0.8774904
vn 0.21089017 0.16547278 0.96340233
vn -0.21088986 0.16547273 0.96340245
vn 0.36942557 0.45670015 0.8092896
vn -0.3694256 0.45670035 0.8092895
vn 0.40183672 0.15189059 0.90302634
vn -0.4018368 0.15189056 0.90302634
vn 0.5816641 0.46598348 0.666728
vn -0.58166414 0.46598336 0.66672814
vn 0.65508664 0.13041683 0.744213
vn -0.6550869 0.13041684 0.74421287
vn 0.7535935 0.46727818 0.46232885
vn -0.7535934 0.4672786 0.4623287
vn 0.8459616 0.10185388 0.5234261
vn -0.8459616 0.101853855 0.52342606
vn 0.8652107 0.45032609 0.22049224
vn -0.8652106 0.45032614 0.22049235
vn 0.96328527 0.06392316 0.2607591
vn -0.96328527 0.0639231 0.2607592
vn 0.90205026 0.43150878 -0.0102686705
vn 0.9992673 0.033790633 -0.017974518
vn 0.9530617 0.047924485 -0.29895943
vn 0.8639165 0.4475586 -0.23095337
vn 0.7790652 0.10840917 -0.6174989
vn 0.7129716 0.48075783 -0.51043445
vn 0.5655831 0.1440286 -0.8120169
vn 0.4950682 0.44459638 -0.7464862
vn 0.40864077 0.14319293 -0.9013926
vn 0.35193107 0.4410167 -0.82562023
vn 0.25731242 0.13605718 -0.956702
vn 0.22040705 0.4167893 -0.8818772
vn 0.13446994 0.13925414 -0.98108417
vn 0.12409374 0.4043765 -0.9061349
vn -0 0.14423586 -0.9895433
vn -0 0.44347113 -0.8962887
vn -0.12408674 0.4044989 -0.90608126
vn -0.13446994 0.13925408 -0.98108417
vn -0.2204071 0.4167897 -0.881877
vn -0.25731224 0.13605703 -0.9567021
vn -0.351931 0.44101712 -0.82562006
vn -0.40864062 0.14319283 -0.9013926
vn -0.4950685 0.44459602 -0.7464862
vn -0.5655831 0.14402862 -0.8120169
vn -0.71297187 0.4807578 -0.5104342
vn -0.77906513 0.1084091 -0.61749893
vn -0.86391634 0.44755852 -0.23095453
vn -0.9530614 0.047927603 -0.29895973
vn -0.9020315 0.431548 -0.010272389
vn -0.9992692 0.033744145 -0.017954458
vn 0.9324175 -0.032034952 -0.35996026
vn 0.9980775 0.061404303 -0.008414087
vn 0.98590624 -0.16692376 0.011192388
vn 0.9274784 -0.081732586 0.36483374
vn 0.8418875 0.3735202 -0.38949722
vn 0.99956053 -0.027126951 -0.011946888
vn 0.50903255 0.41819075 -0.75233126
vn 0.8559563 0.29691237 0.42329863
vn 0.52804977 0.32545558 0.78437364
vn 0.47499615 0.5036647 -0.7215958
vn -0.053306095 0.5097055 -0.858696
vn 0.47656077 0.43255875 0.7653645
vn -0.056817338 0.44158915 0.89541656
vn 0.91385007 -0.061479177 0.40137058
vn -0.05655784 0.44552833 0.8934796
vn -0.56511253 0.29074758 0.77208394
vn 0.9184905 -0.023021651 -0.39477217
vn -0.060899734 0.53435 -0.8430667
vn -0.545134 0.37826833 -0.74815917
vn 0.54687613 -0.117613435 0.8289111
vn -0.5242136 0.42247558 0.7394014
vn -0.92911166 -0.10995991 0.353073
vn 0.5592887 -0.016215103 -0.8288144
vn -0.5145387 0.49496254 -0.70018715
vn -0.9349549 -0.06444269 -0.34886473
vn -0.06674492 -0.143791 0.9873547
vn -0.86579436 0.26466364 0.42468035
vn -0.98043585 -0.19658975 0.009903838
vn -0.8492691 0.34311324 -0.40126723
vn -0.06889263 -0.0047179353 -0.99761295
vn -0.59939927 -0.12863758 0.79004616
vn -0.07411831 -0.018261706 0.9970822
vn -0.99969494 0.02381502 -0.0065572546
vn -0.60986865 -0.02063814 -0.7922338
vn -0.063850656 0.04485816 -0.99695075
vn -0.9126474 -0.087155886 0.39934763
vn -0.91523737 -0.04267352 -0.40064907
vn 0.5568613 0.0042168535 0.8305948
vn -0.61266005 -0.03213648 0.78969294
vn -0.99861073 -0.051821545 -0.009539218
vn -0.6255541 0.030592347 -0.7795808
vn 0.91793525 0.028873201 0.39567834
vn -0.078745805 0.2059365 0.97539186
vn -0.90599144 -0.010375482 0.42316887
vn -0.90439224 0.015444169 -0.42642254
vn 0.59220254 0.14586896 0.79247606
vn -0.63458675 0.13752487 0.7605172
vn -0.99919325 0.01311096 -0.037959218
vn -0.8936169 0.118548244 0.43289158
vn -0.7701795 0.41305944 0.48600975
vn -0.036623508 0.7379644 0.6738451
vn 0.75116915 0.4318259 0.49927077
vn 0.9143286 0.10542327 0.39101055
vn -0.99265164 0.0979691 -0.07102677
vn -0.93171793 0.21279459 0.29431316
vn -0.006001739 0.9650742 0.26190826
vn 0.9979115 0.04487817 -0.04645901
vn 0.90624326 0.038868513 -0.42096615
vn 0.992097 0.09897776 -0.07711692
vn 0.5674396 0.03857981 -0.82251066
vn 0.9330549 0.20269658 0.29719135
vn 0.8916986 0.1195616 -0.43655312
vn -0.03873305 0.13470471 -0.99012846
vn 0.9804205 0.15702957 -0.11881675
vn 0.5749329 0.12864144 -0.80802447
vn -0.6212748 0.121809565 -0.7740671
vn -0.010514535 0.15207326 -0.98831326
vn 0.56818086 0.14727262 -0.80961794
vn -0.89322233 0.10390167 -0.4374454
vn -0.5758097 0.14775153 -0.8041223
vn -0.9792964 0.14661144 -0.13958398
vn 0.8896274 0.13224557 -0.43712032
vn 0.0007012855 0.111935265 -0.9937152
vn -0.8897012 0.1209212 -0.4402384
vn 0.5702664 0.11521405 -0.81334
vn -0.5699435 0.11007891 -0.814277
vn 0.0005456286 -0.6170309 -0.7869387
vn -0.97966355 0.17809983 0.092411004
vn -0.9752939 0.11841168 -0.18649551
vn -0.89399344 0.095681325 -0.43774498
vn -0.9520422 0.28809616 0.1030348
vn -0.9925768 0.11226065 -0.046786606
vn -0.4614653 -0.58858544 -0.6637898
vn -0.9749624 0.09643642 -0.20037031
vn -0.6868963 -0.63945854 -0.34534934
vn 7.168027E-05 -0.99988484 -0.015179832
vn -0.9406617 0.33842742 -0.024948716
vn -0.99131197 0.12655002 -0.035857204
vn -0.6998637 0.70124984 0.13579223
vn -0.74259305 -0.66772413 -0.051961716
vn -0.75474447 -0.6363634 -0.15938166
vn -0 -0.9999522 -0.009785935
vn -0.7445292 -0.6664017 -0.039813455
vn 0.0003031174 -1 0.00018743906
vn 0.00039036848 -0.9999263 -0.012129118
vn -0.73042554 -0.68142724 -0.04621035
vn -0.9933108 0.107682616 -0.041690856
vn -0.0026637001 0.9802412 0.19778784
vn -0.63382417 0.7662823 0.10525393
vn -0.93855214 0.3448999 -0.012805354
vn 0.7029233 0.70263726 0.11045255
vn 0.7420067 -0.67005694 -0.021204604
vn 0.740185 -0.671753 -0.029563121
vn 0.00058673415 -0.9993907 -0.034898747
vn -0.7174869 -0.6942061 -0.05736255
vn -0.99621385 0.07770464 -0.03898653
vn 0.7611649 -0.6323806 -0.14395429
vn 0.68677527 -0.6388128 -0.34678245
vn 0.9782516 0.100258835 -0.18158226
vn 0.4622746 -0.5875508 -0.6641432
vn 0.8924779 0.10267531 -0.4392505
vn 0.9763312 0.14259605 -0.16261593
vn 0.9938545 0.11021887 -0.010245053
vn 0.97504145 0.19258054 0.11048518
vn 0.95157593 0.29038954 0.100882344
vn 0.9925207 0.119625285 -0.024341581
vn 0.94078404 0.33573613 -0.046976183
vn 0.72879934 -0.68262565 -0.053607687
vn 0.99384564 0.097165644 -0.053194772
vn 0.63108134 0.7699325 0.094552875
vn 0.00057765987 -0.99902403 -0.044167046
vn 0.94155467 0.3358522 -0.02603823
vn -0.00095961423 0.9707954 0.23990689
vn 0.71819437 -0.6926903 -0.06615881
vn -0.7363686 -0.6679382 0.10779559
vn 0.99636155 0.067858666 -0.051564105
vn 0.59797233 0.7769621 0.19687316
vn -0.59691244 0.7763135 0.20256609
vn 0.00031883657 -0.9997166 -0.023800928
vn -0.9229004 0.3473036 0.1662383
vn -0.00030736893 0.7999382 0.6000822
vn 0.92746836 0.33992398 0.15573737
vn 0.7386736 -0.667031 0.09711301
vn -0.9838991 0.071657956 0.16373056
vn -0.45687768 0.7144239 0.52996355
vn 0.45787588 0.7159944 0.52697396
vn 0.9863055 0.066407435 0.15096883
vn -0.5455681 -0.6280494 0.5548958
vn -0.6419467 0.3787338 0.6666822
vn 0.0003312556 0.37575403 0.9267195
vn 0.64679277 0.3769996 0.6629709
vn 7.191399E-05 -0.64902395 0.760768
vn -0.6904857 0.09678413 0.7168418
vn -2.6242204E-05 0.1061274 0.9943526
vn 0.6959345 0.095814675 0.7116844
vn 0.55146414 -0.6260614 0.5513025
g 03_bodymesh_humanE01_Bottom_0
f 3/3/3 2/2/2 1/1/1
f 2/2/2 5/5/5 4/4/4
f 8/8/8 7/7/7 6/6/6
f 11/11/11 10/10/10 9/9/9
f 10/10/10 12/12/12 9/9/9
f 9/9/9 12/12/12 13/13/13
f 10/10/10 14/14/14 12/12/12
f 12/12/12 15/15/15 13/13/13
f 13/13/13 15/15/15 16/16/16
f 14/14/14 17/17/17 12/12/12
f 12/12/12 17/17/17 15/15/15
f 14/14/14 18/18/18 17/17/17
f 15/15/15 19/19/19 16/16/16
f 16/16/16 19/19/19 20/20/20
f 17/17/17 21/21/21 15/15/15
f 15/15/15 21/21/21 19/19/19
f 18/18/18 22/22/22 17/17/17
f 17/17/17 22/22/22 21/21/21
f 18/18/18 23/23/23 22/22/22
f 19/19/19 24/24/24 20/20/20
f 20/20/20 24/24/24 25/25/25
f 21/21/21 26/26/26 19/19/19
f 19/19/19 26/26/26 24/24/24
f 23/23/23 27/27/27 22/22/22
f 23/23/23 28/28/28 27/27/27
f 22/22/22 29/29/29 21/21/21
f 21/21/21 29/29/29 26/26/26
f 22/22/22 27/27/27 29/29/29
f 24/24/24 30/30/30 25/25/25
f 25/25/25 30/30/30 31/31/31
f 28/28/28 32/32/32 27/27/27
f 28/28/28 33/33/33 32/32/32
f 26/26/26 34/34/34 24/24/24
f 24/24/24 34/34/34 30/30/30
f 27/27/27 35/35/35 29/29/29
f 27/27/27 32/32/32 35/35/35
f 29/29/29 36/36/36 26/26/26
f 26/26/26 36/36/36 34/34/34
f 29/29/29 37/37/37 36/36/36
f 37/37/37 38/38/38 36/36/36
f 30/30/30 39/39/39 31/31/31
f 31/31/31 39/39/39 40/40/40
f 33/33/33 41/41/41 32/32/32
f 33/33/33 42/42/42 41/41/41
f 32/32/32 43/43/43 35/35/35
f 32/32/32 41/41/41 43/43/43
f 35/35/35 43/43/43 44/44/44
f 43/43/43 45/45/45 44/44/44
f 36/36/36 38/38/38 46/46/46
f 36/36/36 46/46/46 34/34/34
f 34/34/34 47/47/47 30/30/30
f 30/30/30 47/47/47 39/39/39
f 34/34/34 46/46/46 47/47/47
f 42/42/42 48/48/48 41/41/41
f 42/42/42 49/49/49 48/48/48
f 49/49/49 50/50/50 48/48/48
f 41/41/41 51/51/51 43/43/43
f 41/41/41 48/48/48 51/51/51
f 48/48/48 50/50/50 52/52/52
f 48/48/48 52/52/52 51/51/51
f 51/51/51 52/52/52 53/53/53
f 50/50/50 54/54/54 52/52/52
f 52/52/52 55/55/55 53/53/53
f 52/52/52 54/54/54 55/55/55
f 54/54/54 56/56/56 55/55/55
f 55/55/55 56/56/56 57/57/57
f 56/56/56 58/58/58 57/57/57
f 55/55/55 57/57/57 59/59/59
f 60/60/60 55/55/55 59/59/59
f 57/57/57 58/58/58 61/61/61
f 58/58/58 62/62/62 61/61/61
f 61/61/61 62/62/62 63/63/63
f 62/62/62 64/64/64 63/63/63
f 61/61/61 63/63/63 65/65/65
f 66/66/66 61/61/61 65/65/65
f 66/66/66 65/65/65 67/67/67
f 68/68/68 66/66/66 67/67/67
f 69/69/69 66/66/66 68/68/68
f 68/68/68 67/67/67 70/70/70
f 71/71/71 69/69/69 68/68/68
f 72/72/72 68/68/68 70/70/70
f 72/72/72 70/70/70 73/73/73
f 74/74/74 72/72/72 73/73/73
f 74/74/74 73/73/73 75/75/75
f 76/76/76 72/72/72 74/74/74
f 77/77/77 71/71/71 76/76/76
f 38/38/38 77/77/77 76/76/76
f 38/38/38 76/76/76 46/46/46
f 46/46/46 76/76/76 74/74/74
f 46/46/46 74/74/74 47/47/47
f 47/47/47 74/74/74 75/75/75
f 47/47/47 75/75/75 39/39/39
f 39/39/39 75/75/75 78/78/78
f 39/39/39 78/78/78 40/40/40
f 40/40/40 78/78/78 79/79/79
f 75/75/75 80/80/80 78/78/78
f 75/75/75 81/81/81 80/80/80
f 78/78/78 82/82/82 79/79/79
f 78/78/78 80/80/80 82/82/82
f 79/79/79 82/82/82 83/83/83
f 81/81/81 84/84/84 80/80/80
f 81/81/81 85/85/85 84/84/84
f 82/82/82 86/86/86 83/83/83
f 83/83/83 86/86/86 87/87/87
f 80/80/80 88/88/88 82/82/82
f 80/80/80 84/84/84 88/88/88
f 82/82/82 88/88/88 86/86/86
f 85/85/85 89/89/89 84/84/84
f 86/86/86 90/90/90 87/87/87
f 87/87/87 90/90/90 91/91/91
f 88/88/88 92/92/92 86/86/86
f 86/86/86 92/92/92 90/90/90
f 84/84/84 93/93/93 88/88/88
f 84/84/84 89/89/89 93/93/93
f 88/88/88 93/93/93 92/92/92
f 90/90/90 94/94/94 91/91/91
f 91/91/91 94/94/94 95/95/95
f 89/89/89 96/96/96 93/93/93
f 89/89/89 97/97/97 96/96/96
f 92/92/92 98/98/98 90/90/90
f 90/90/90 98/98/98 94/94/94
f 93/93/93 99/99/99 92/92/92
f 93/93/93 96/96/96 99/99/99
f 92/92/92 99/99/99 98/98/98
f 97/97/97 100/100/100 96/96/96
f 97/97/97 101/101/101 100/100/100
f 101/101/101 102/102/102 100/100/100
f 94/94/94 103/103/103 95/95/95
f 95/95/95 103/103/103 104/104/104
f 98/98/98 105/105/105 94/94/94
f 94/94/94 105/105/105 103/103/103
f 99/99/99 106/106/106 98/98/98
f 98/98/98 106/106/106 105/105/105
f 96/96/96 107/107/107 99/99/99
f 99/99/99 107/107/107 106/106/106
f 107/107/107 108/108/108 106/106/106
f 107/107/107 109/109/109 108/108/108
f 106/106/106 110/110/110 105/105/105
f 106/106/106 108/108/108 110/110/110
f 105/105/105 111/111/111 103/103/103
f 105/105/105 110/110/110 111/111/111
f 103/103/103 112/112/112 104/104/104
f 103/103/103 111/111/111 112/112/112
f 109/109/109 113/113/113 108/108/108
f 109/109/109 114/114/114 113/113/113
f 108/108/108 115/115/115 110/110/110
f 108/108/108 113/113/113 115/115/115
f 110/110/110 116/116/116 111/111/111
f 110/110/110 115/115/115 116/116/116
f 112/112/112 117/117/117 104/104/104
f 117/117/117 118/118/118 104/104/104
f 111/111/111 119/119/119 112/112/112
f 111/111/111 116/116/116 119/119/119
f 117/117/117 120/120/120 118/118/118
f 120/120/120 121/121/121 118/118/118
f 122/122/122 117/117/117 112/112/112
f 119/119/119 122/122/122 112/112/112
f 120/120/120 123/123/123 121/121/121
f 123/123/123 124/124/124 121/121/121
f 125/125/125 120/120/120 117/117/117
f 122/122/122 125/125/125 117/117/117
f 123/123/123 126/126/126 124/124/124
f 126/126/126 127/127/127 124/124/124
f 128/128/128 123/123/123 120/120/120
f 125/125/125 128/128/128 120/120/120
f 126/126/126 129/129/129 127/127/127
f 129/129/129 130/130/130 127/127/127
f 131/131/131 126/126/126 123/123/123
f 128/128/128 131/131/131 123/123/123
f 129/129/129 132/132/132 130/130/130
f 132/132/132 133/133/133 130/130/130
f 134/134/134 129/129/129 126/126/126
f 131/131/131 134/134/134 126/126/126
f 132/132/132 135/135/135 133/133/133
f 135/135/135 136/136/136 133/133/133
f 137/137/137 132/132/132 129/129/129
f 134/134/134 137/137/137 129/129/129
f 135/135/135 138/138/138 136/136/136
f 138/138/138 139/139/139 136/136/136
f 140/140/140 135/135/135 132/132/132
f 137/137/137 140/140/140 132/132/132
f 138/138/138 141/141/141 139/139/139
f 141/141/141 142/142/142 139/139/139
f 143/143/143 138/138/138 135/135/135
f 140/140/140 143/143/143 135/135/135
f 141/141/141 144/144/144 142/142/142
f 144/144/144 145/145/145 142/142/142
f 146/146/146 141/141/141 138/138/138
f 143/143/143 146/146/146 138/138/138
f 144/144/144 147/147/147 145/145/145
f 147/147/147 148/148/148 145/145/145
f 149/149/149 144/144/144 141/141/141
f 146/146/146 149/149/149 141/141/141
f 147/147/147 150/150/150 148/148/148
f 150/150/150 151/151/151 148/148/148
f 152/152/152 147/147/147 144/144/144
f 149/149/149 152/152/152 144/144/144
f 150/150/150 153/153/153 151/151/151
f 153/153/153 154/154/154 151/151/151
f 155/155/155 153/153/153 150/150/150
f 156/156/156 150/150/150 147/147/147
f 156/156/156 155/155/155 150/150/150
f 152/152/152 156/156/156 147/147/147
f 157/157/157 155/155/155 156/156/156
f 158/158/158 157/157/157 156/156/156
f 158/158/158 156/156/156 152/152/152
f 159/159/159 157/157/157 158/158/158
f 160/160/160 152/152/152 149/149/149
f 160/160/160 158/158/158 152/152/152
f 161/161/161 159/159/159 158/158/158
f 161/161/161 158/158/158 160/160/160
f 162/162/162 159/159/159 161/161/161
f 163/163/163 160/160/160 149/149/149
f 163/163/163 149/149/149 146/146/146
f 164/164/164 160/160/160 163/163/163
f 165/165/165 161/161/161 160/160/160
f 166/166/166 164/164/164 163/163/163
f 167/167/167 162/162/162 161/161/161
f 167/167/167 161/161/161 165/165/165
f 168/168/168 162/162/162 167/167/167
f 169/169/169 163/163/163 146/146/146
f 166/166/166 163/163/163 169/169/169
f 169/169/169 146/146/146 143/143/143
f 170/170/170 167/167/167 165/165/165
f 170/170/170 165/165/165 171/171/171
f 172/172/172 170/170/170 171/171/171
f 173/173/173 168/168/168 167/167/167
f 173/173/173 167/167/167 170/170/170
f 174/174/174 168/168/168 173/173/173
f 175/175/175 166/166/166 169/169/169
f 176/176/176 166/166/166 175/175/175
f 177/177/177 176/176/176 175/175/175
f 178/178/178 169/169/169 143/143/143
f 175/175/175 169/169/169 178/178/178
f 178/178/178 143/143/143 140/140/140
f 179/179/179 175/175/175 178/178/178
f 180/180/180 178/178/178 140/140/140
f 179/179/179 178/178/178 180/180/180
f 181/181/181 179/179/179 180/180/180
f 182/182/182 179/179/179 181/181/181
f 183/183/183 182/182/182 181/181/181
f 184/184/184 177/177/177 182/182/182
f 185/185/185 184/184/184 182/182/182
f 185/185/185 182/182/182 183/183/183
f 186/186/186 185/185/185 183/183/183
f 187/187/187 185/185/185 186/186/186
f 188/188/188 187/187/187 186/186/186
f 189/189/189 187/187/187 188/188/188
f 190/190/190 189/189/189 188/188/188
f 189/189/189 191/191/191 187/187/187
f 191/191/191 192/192/192 187/187/187
f 191/191/191 193/193/193 192/192/192
f 193/193/193 194/194/194 192/192/192
f 192/192/192 194/194/194 195/195/195
f 194/194/194 196/196/196 195/195/195
f 193/193/193 197/197/197 194/194/194
f 197/197/197 198/198/198 194/194/194
f 194/194/194 198/198/198 199/199/199
f 197/197/197 200/200/200 198/198/198
f 198/198/198 201/201/201 199/199/199
f 200/200/200 202/202/202 198/198/198
f 198/198/198 202/202/202 201/201/201
f 200/200/200 203/203/203 202/202/202
f 203/203/203 174/174/174 202/202/202
f 202/202/202 174/174/174 173/173/173
f 202/202/202 173/173/173 201/201/201
f 201/201/201 173/173/173 170/170/170
f 205/205/205 170/170/170 204/204/204
f 206/206/206 205/205/205 204/204/204
f 209/209/209 208/208/208 207/207/207
f 210/210/210 209/209/209 207/207/207
f 213/213/213 212/212/212 211/211/211
f 214/214/214 213/213/213 211/211/211
f 217/217/217 216/216/216 215/215/215
f 218/218/218 217/217/217 215/215/215
f 221/221/221 220/220/220 219/219/219
f 222/222/222 221/221/221 219/219/219
f 225/225/225 224/224/224 223/223/223
f 226/226/226 225/225/225 223/223/223
f 229/229/229 228/228/228 227/227/227
f 230/230/230 229/229/229 227/227/227
f 233/233/233 232/232/232 231/231/231
f 234/234/234 233/233/233 231/231/231
f 237/237/237 236/236/236 235/235/235
f 238/238/238 237/237/237 235/235/235
f 241/241/241 240/240/240 239/239/239
f 242/242/242 241/241/241 239/239/239
f 245/245/245 244/244/244 243/243/243
f 246/246/246 245/245/245 243/243/243
f 248/248/248 247/247/247 177/177/177
f 249/249/249 248/248/248 177/177/177
f 252/252/252 251/251/251 250/250/250
f 251/251/251 253/253/253 250/250/250
f 250/250/250 253/253/253 254/254/254
f 253/253/253 251/251/251 255/255/255
f 251/251/251 256/256/256 255/255/255
f 253/253/253 255/255/255 257/257/257
f 253/253/253 258/258/258 254/254/254
f 258/258/258 253/253/253 257/257/257
f 254/254/254 258/258/258 259/259/259
f 258/258/258 257/257/257 260/260/260
f 258/258/258 261/261/261 259/259/259
f 261/261/261 258/258/258 260/260/260
f 259/259/259 261/261/261 262/262/262
f 261/261/261 260/260/260 263/263/263
f 261/261/261 264/264/264 262/262/262
f 264/264/264 261/261/261 263/263/263
f 262/262/262 264/264/264 265/265/265
f 264/264/264 263/263/263 266/266/266
f 264/264/264 267/267/267 265/265/265
f 267/267/267 264/264/264 266/266/266
f 265/265/265 267/267/267 268/268/268
f 267/267/267 266/266/266 269/269/269
f 267/267/267 270/270/270 268/268/268
f 270/270/270 267/267/267 269/269/269
f 268/268/268 270/270/270 271/271/271
f 270/270/270 269/269/269 272/272/272
f 270/270/270 273/273/273 271/271/271
f 273/273/273 270/270/270 272/272/272
f 271/271/271 273/273/273 274/274/274
f 273/273/273 272/272/272 275/275/275
f 273/273/273 276/276/276 274/274/274
f 276/276/276 273/273/273 275/275/275
f 279/279/279 278/278/278 277/277/277
f 280/280/280 279/279/279 277/277/277
f 283/283/283 282/282/282 281/281/281
f 187/187/187 283/283/283 281/281/281
f 285/285/285 284/284/284 71/71/71
f 286/286/286 285/285/285 71/71/71
f 289/289/289 288/288/288 287/287/287
f 290/290/290 289/289/289 287/287/287
f 293/293/293 292/292/292 291/291/291
f 292/292/292 61/61/61 291/291/291
f 296/296/296 295/295/295 294/294/294
f 43/43/43 296/296/296 294/294/294
f 299/299/299 298/298/298 297/297/297
f 300/300/300 299/299/299 297/297/297
f 301/301/301 299/299/299 300/300/300
f 302/302/302 301/301/301 300/300/300
f 302/302/302 300/300/300 303/303/303
f 304/304/304 302/302/302 303/303/303
f 300/300/300 297/297/297 305/305/305
f 303/303/303 300/300/300 305/305/305
f 305/305/305 297/297/297 306/306/306
f 303/303/303 305/305/305 307/307/307
f 297/297/297 308/308/308 306/306/306
f 306/306/306 308/308/308 309/309/309
f 308/308/308 310/310/310 309/309/309
f 304/304/304 303/303/303 311/311/311
f 311/311/311 303/303/303 307/307/307
f 312/312/312 304/304/304 311/311/311
f 312/312/312 311/311/311 313/313/313
f 314/314/314 312/312/312 313/313/313
f 311/311/311 307/307/307 315/315/315
f 313/313/313 311/311/311 315/315/315
f 314/314/314 313/313/313 316/316/316
f 317/317/317 314/314/314 316/316/316
f 313/313/313 315/315/315 318/318/318
f 316/316/316 313/313/313 318/318/318
f 317/317/317 316/316/316 319/319/319
f 320/320/320 317/317/317 319/319/319
f 316/316/316 318/318/318 321/321/321
f 319/319/319 316/316/316 321/321/321
f 320/320/320 319/319/319 322/322/322
f 323/323/323 320/320/320 322/322/322
f 324/324/324 323/323/323 322/322/322
f 322/322/322 319/319/319 325/325/325
f 319/319/319 321/321/321 325/325/325
f 326/326/326 324/324/324 322/322/322
f 326/326/326 322/322/322 325/325/325
f 327/327/327 324/324/324 326/326/326
f 328/328/328 327/327/327 326/326/326
f 329/329/329 327/327/327 328/328/328
f 330/330/330 326/326/326 325/325/325
f 328/328/328 326/326/326 330/330/330
f 325/325/325 321/321/321 331/331/331
f 330/330/330 325/325/325 331/331/331
f 321/321/321 318/318/318 332/332/332
f 321/321/321 332/332/332 331/331/331
f 333/333/333 329/329/329 328/328/328
f 334/334/334 329/329/329 333/333/333
f 335/335/335 328/328/328 330/330/330
f 333/333/333 328/328/328 335/335/335
f 336/336/336 330/330/330 331/331/331
f 335/335/335 330/330/330 336/336/336
f 337/337/337 334/334/334 333/333/333
f 338/338/338 334/334/334 337/337/337
f 339/339/339 333/333/333 335/335/335
f 337/337/337 333/333/333 339/339/339
f 340/340/340 338/338/338 337/337/337
f 341/341/341 338/338/338 340/340/340
f 318/318/318 342/342/342 332/332/332
f 318/318/318 315/315/315 342/342/342
f 331/331/331 332/332/332 343/343/343
f 336/336/336 331/331/331 343/343/343
f 344/344/344 335/335/335 336/336/336
f 339/339/339 335/335/335 344/344/344
f 114/114/114 337/337/337 339/339/339
f 340/340/340 337/337/337 114/114/114
f 114/114/114 339/339/339 113/113/113
f 113/113/113 339/339/339 344/344/344
f 113/113/113 344/344/344 115/115/115
f 344/344/344 336/336/336 345/345/345
f 115/115/115 344/344/344 345/345/345
f 345/345/345 336/336/336 343/343/343
f 115/115/115 345/345/345 116/116/116
f 116/116/116 345/345/345 346/346/346
f 345/345/345 343/343/343 346/346/346
f 116/116/116 346/346/346 119/119/119
f 332/332/332 347/347/347 343/343/343
f 343/343/343 347/347/347 346/346/346
f 332/332/332 342/342/342 347/347/347
f 346/346/346 348/348/348 119/119/119
f 347/347/347 348/348/348 346/346/346
f 348/348/348 122/122/122 119/119/119
f 342/342/342 349/349/349 347/347/347
f 347/347/347 349/349/349 348/348/348
f 348/348/348 350/350/350 122/122/122
f 349/349/349 350/350/350 348/348/348
f 350/350/350 125/125/125 122/122/122
f 342/342/342 351/351/351 349/349/349
f 315/315/315 351/351/351 342/342/342
f 315/315/315 307/307/307 351/351/351
f 307/307/307 352/352/352 351/351/351
f 351/351/351 353/353/353 349/349/349
f 351/351/351 352/352/352 353/353/353
f 349/349/349 353/353/353 350/350/350
f 352/352/352 354/354/354 353/353/353
f 350/350/350 355/355/355 125/125/125
f 353/353/353 355/355/355 350/350/350
f 353/353/353 354/354/354 355/355/355
f 355/355/355 128/128/128 125/125/125
f 354/354/354 356/356/356 355/355/355
f 355/355/355 356/356/356 128/128/128
f 356/356/356 131/131/131 128/128/128
f 354/354/354 309/309/309 356/356/356
f 356/356/356 357/357/357 131/131/131
f 309/309/309 357/357/357 356/356/356
f 357/357/357 134/134/134 131/131/131
f 309/309/309 310/310/310 357/357/357
f 357/357/357 358/358/358 134/134/134
f 310/310/310 358/358/358 357/357/357
f 358/358/358 137/137/137 134/134/134
f 310/310/310 359/359/359 358/358/358
f 358/358/358 360/360/360 137/137/137
f 359/359/359 360/360/360 358/358/358
f 360/360/360 140/140/140 137/137/137
f 362/362/362 309/309/309 361/361/361
f 363/363/363 362/362/362 361/361/361
f 364/364/364 362/362/362 363/363/363
f 307/307/307 364/364/364 363/363/363
f 366/366/366 359/359/359 365/365/365
f 367/367/367 366/366/366 365/365/365
f 368/368/368 366/366/366 367/367/367
f 297/297/297 368/368/368 367/367/367
f 370/370/370 369/369/369 101/101/101
f 369/369/369 371/371/371 101/101/101
f 369/369/369 372/372/372 371/371/371
f 372/372/372 341/341/341 371/371/371
f 371/371/371 341/341/341 340/340/340
f 101/101/101 371/371/371 102/102/102
f 371/371/371 340/340/340 102/102/102
f 102/102/102 340/340/340 114/114/114
f 374/374/374 101/101/101 373/373/373
f 375/375/375 374/374/374 373/373/373
f 375/375/375 373/373/373 376/376/376
f 85/85/85 375/375/375 376/376/376
f 378/378/378 114/114/114 377/377/377
f 379/379/379 378/378/378 377/377/377
f 379/379/379 377/377/377 380/380/380
f 96/96/96 379/379/379 380/380/380
f 383/383/383 382/382/382 381/381/381
f 381/381/381 384/384/384 383/383/383
f 384/384/384 385/385/385 383/383/383
f 388/388/388 387/387/387 386/386/386
f 388/388/388 389/389/389 387/387/387
f 389/389/389 390/390/390 387/387/387
f 393/393/393 392/392/392 391/391/391
f 392/392/392 394/394/394 391/391/391
f 392/392/392 395/395/395 394/394/394
f 397/397/397 396/396/396 394/394/394
f 397/397/397 398/398/398 396/396/396
f 398/398/398 399/399/399 396/396/396
f 398/398/398 400/400/400 399/399/399
f 403/403/403 402/402/402 401/401/401
f 403/403/403 404/404/404 402/402/402
f 404/404/404 405/405/405 402/402/402
f 404/404/404 406/406/406 405/405/405
f 406/406/406 407/407/407 405/405/405
f 406/406/406 408/408/408 407/407/407
f 408/408/408 409/409/409 407/407/407
f 408/408/408 410/410/410 409/409/409
f 410/410/410 411/411/411 409/409/409
f 409/409/409 411/411/411 412/412/412
f 415/415/415 414/414/414 413/413/413
f 416/416/416 415/415/415 413/413/413
f 417/417/417 415/415/415 416/416/416
f 418/418/418 417/417/417 416/416/416
f 419/419/419 417/417/417 418/418/418
f 420/420/420 419/419/419 418/418/418
f 421/421/421 419/419/419 420/420/420
f 422/422/422 421/421/421 420/420/420
f 423/423/423 421/421/421 422/422/422
f 424/424/424 423/423/423 422/422/422
f 425/425/425 423/423/423 424/424/424
f 426/426/426 425/425/425 424/424/424
f 429/429/429 428/428/428 427/427/427
f 428/428/428 430/430/430 427/427/427
f 427/427/427 430/430/430 431/431/431
f 430/430/430 432/432/432 431/431/431
f 431/431/431 432/432/432 433/433/433
f 432/432/432 434/434/434 433/433/433
f 433/433/433 434/434/434 435/435/435
f 434/434/434 436/436/436 435/435/435
f 436/436/436 438/438/438 437/437/437
f 439/439/439 436/436/436 437/437/437
f 442/442/442 441/441/441 440/440/440
f 441/441/441 443/443/443 440/440/440
f 440/440/440 443/443/443 444/444/444
f 443/443/443 445/445/445 444/444/444
f 444/444/444 445/445/445 446/446/446
f 445/445/445 447/447/447 446/446/446
f 446/446/446 447/447/447 448/448/448
f 447/447/447 449/449/449 448/448/448
f 448/448/448 449/449/449 450/450/450
f 449/449/449 451/451/451 450/450/450
f 450/450/450 451/451/451 452/452/452
f 451/451/451 453/453/453 452/452/452
f 452/452/452 453/453/453 454/454/454
f 453/453/453 455/455/455 454/454/454
f 454/454/454 455/455/455 456/456/456
f 455/455/455 457/457/457 456/456/456
f 456/456/456 457/457/457 458/458/458
f 457/457/457 459/459/459 458/458/458
f 458/458/458 459/459/459 460/460/460
f 459/459/459 461/461/461 460/460/460
f 464/464/464 463/463/463 462/462/462
f 465/465/465 464/464/464 462/462/462
f 466/466/466 464/464/464 465/465/465
f 467/467/467 466/466/466 465/465/465
f 468/468/468 466/466/466 467/467/467
f 469/469/469 468/468/468 467/467/467
f 470/470/470 468/468/468 469/469/469
f 471/471/471 470/470/470 469/469/469
f 474/474/474 473/473/473 472/472/472
f 473/473/473 475/475/475 472/472/472
f 472/472/472 475/475/475 476/476/476
f 475/475/475 477/477/477 476/476/476
f 476/476/476 477/477/477 478/478/478
f 477/477/477 479/479/479 478/478/478
f 482/482/482 481/481/481 480/480/480
f 481/481/481 482/482/482 483/483/483
f 481/481/481 484/484/484 480/480/480
f 484/484/484 485/485/485 480/480/480
f 480/480/480 485/485/485 486/486/486
f 486/486/486 485/485/485 487/487/487
f 485/485/485 488/488/488 487/487/487
f 487/487/487 488/488/488 489/489/489
f 490/490/490 485/485/485 484/484/484
f 488/488/488 485/485/485 490/490/490
f 490/490/490 484/484/484 491/491/491
f 492/492/492 490/490/490 491/491/491
f 492/492/492 488/488/488 490/490/490
f 488/488/488 493/493/493 489/489/489
f 493/493/493 488/488/488 492/492/492
f 489/489/489 493/493/493 494/494/494
f 495/495/495 492/492/492 491/491/491
f 493/493/493 492/492/492 495/495/495
f 493/493/493 496/496/496 494/494/494
f 494/494/494 496/496/496 497/497/497
f 498/498/498 493/493/493 495/495/495
f 496/496/496 493/493/493 498/498/498
f 496/496/496 499/499/499 497/497/497
f 497/497/497 499/499/499 500/500/500
f 491/491/491 501/501/501 495/495/495
f 498/498/498 495/495/495 501/501/501
f 502/502/502 501/501/501 491/491/491
f 503/503/503 496/496/496 498/498/498
f 499/499/499 496/496/496 503/503/503
f 504/504/504 498/498/498 501/501/501
f 504/504/504 501/501/501 502/502/502
f 503/503/503 498/498/498 504/504/504
f 499/499/499 505/505/505 500/500/500
f 506/506/506 499/499/499 503/503/503
f 505/505/505 499/499/499 506/506/506
f 507/507/507 503/503/503 504/504/504
f 506/506/506 503/503/503 507/507/507
f 508/508/508 504/504/504 502/502/502
f 507/507/507 504/504/504 508/508/508
f 505/505/505 509/509/509 500/500/500
f 509/509/509 510/510/510 500/500/500
f 509/509/509 511/511/511 510/510/510
f 511/511/511 512/512/512 510/510/510
f 511/511/511 513/513/513 512/512/512
f 513/513/513 514/514/514 512/512/512
f 513/513/513 515/515/515 514/514/514
f 515/515/515 516/516/516 514/514/514
f 515/515/515 517/517/517 516/516/516
f 517/517/517 518/518/518 516/516/516
f 517/517/517 519/519/519 518/518/518
f 509/509/509 505/505/505 520/520/520
f 511/511/511 509/509/509 521/521/521
f 509/509/509 520/520/520 521/521/521
f 513/513/513 511/511/511 522/522/522
f 511/511/511 521/521/521 522/522/522
f 505/505/505 523/523/523 520/520/520
f 523/523/523 505/505/505 506/506/506
f 523/523/523 506/506/506 524/524/524
f 524/524/524 506/506/506 507/507/507
f 524/524/524 507/507/507 525/525/525
f 525/525/525 507/507/507 508/508/508
f 525/525/525 508/508/508 526/526/526
f 527/527/527 524/524/524 525/525/525
f 525/525/525 526/526/526 527/527/527
f 528/528/528 523/523/523 524/524/524
f 528/528/528 524/524/524 527/527/527
f 520/520/520 523/523/523 529/529/529
f 523/523/523 528/528/528 529/529/529
f 521/521/521 520/520/520 530/530/530
f 520/520/520 529/529/529 530/530/530
f 522/522/522 521/521/521 531/531/531
f 521/521/521 530/530/530 531/531/531
f 508/508/508 532/532/532 526/526/526
f 508/508/508 502/502/502 532/532/532
f 529/529/529 528/528/528 533/533/533
f 530/530/530 529/529/529 534/534/534
f 529/529/529 533/533/533 534/534/534
f 535/535/535 534/534/534 533/533/533
f 530/530/530 534/534/534 536/536/536
f 531/531/531 530/530/530 536/536/536
f 536/536/536 534/534/534 535/535/535
f 531/531/531 536/536/536 537/537/537
f 522/522/522 531/531/531 538/538/538
f 538/538/538 531/531/531 537/537/537
f 538/538/538 537/537/537 539/539/539
f 538/538/538 539/539/539 540/540/540
f 540/540/540 522/522/522 538/538/538
f 513/513/513 522/522/522 540/540/540
f 541/541/541 513/513/513 540/540/540
f 541/541/541 540/540/540 539/539/539
f 515/515/515 513/513/513 541/541/541
f 515/515/515 541/541/541 542/542/542
f 542/542/542 541/541/541 539/539/539
f 517/517/517 515/515/515 542/542/542
f 517/517/517 542/542/542 543/543/543
f 543/543/543 542/542/542 539/539/539
f 517/517/517 543/543/543 519/519/519
f 544/544/544 536/536/536 535/535/535
f 537/537/537 536/536/536 544/544/544
f 543/543/543 545/545/545 519/519/519
f 545/545/545 546/546/546 519/519/519
f 546/546/546 545/545/545 547/547/547
f 543/543/543 539/539/539 548/548/548
f 545/545/545 543/543/543 549/549/549
f 543/543/543 548/548/548 549/549/549
f 545/545/545 550/550/550 547/547/547
f 545/545/545 549/549/549 551/551/551
f 550/550/550 545/545/545 551/551/551
f 550/550/550 552/552/552 547/547/547
f 547/547/547 552/552/552 553/553/553
f 552/552/552 554/554/554 553/553/553
f 554/554/554 555/555/555 553/553/553
f 554/554/554 556/556/556 555/555/555
f 554/554/554 557/557/557 556/556/556
f 556/556/556 557/557/557 558/558/558
f 552/552/552 550/550/550 559/559/559
f 554/554/554 552/552/552 559/559/559
f 560/560/560 559/559/559 550/550/550
f 560/560/560 550/550/550 551/551/551
f 561/561/561 560/560/560 551/551/551
f 562/562/562 554/554/554 559/559/559
f 559/559/559 560/560/560 562/562/562
f 554/554/554 562/562/562 557/557/557
f 560/560/560 563/563/563 562/562/562
f 560/560/560 561/561/561 563/563/563
f 557/557/557 562/562/562 563/563/563
f 557/557/557 564/564/564 558/558/558
f 558/558/558 564/564/564 565/565/565
f 564/564/564 566/566/566 565/565/565
f 565/565/565 566/566/566 567/567/567
f 568/568/568 564/564/564 557/557/557
f 566/566/566 564/564/564 568/568/568
f 561/561/561 551/551/551 569/569/569
f 551/551/551 549/549/549 569/569/569
f 549/549/549 570/570/570 569/569/569
f 549/549/549 548/548/548 570/570/570
f 571/571/571 557/557/557 563/563/563
f 571/571/571 568/568/568 557/557/557
f 571/571/571 563/563/563 572/572/572
f 573/573/573 568/568/568 571/571/571
f 572/572/572 573/573/573 571/571/571
f 574/574/574 566/566/566 568/568/568
f 574/574/574 568/568/568 573/573/573
f 561/561/561 575/575/575 563/563/563
f 572/572/572 563/563/563 575/575/575
f 569/569/569 570/570/570 576/576/576
f 561/561/561 569/569/569 576/576/576
f 548/548/548 577/577/577 570/570/570
f 548/548/548 539/539/539 577/577/577
f 578/578/578 575/575/575 561/561/561
f 572/572/572 575/575/575 578/578/578
f 579/579/579 566/566/566 574/574/574
f 566/566/566 579/579/579 567/567/567
f 570/570/570 580/580/580 576/576/576
f 570/570/570 577/577/577 580/580/580
f 539/539/539 581/581/581 577/577/577
f 581/581/581 539/539/539 537/537/537
f 577/577/577 581/581/581 582/582/582
f 577/577/577 582/582/582 580/580/580
f 583/583/583 581/581/581 537/537/537
f 581/581/581 583/583/583 582/582/582
f 579/579/579 584/584/584 567/567/567
f 584/584/584 585/585/585 567/567/567
f 586/586/586 583/583/583 537/537/537
f 586/586/586 537/537/537 544/544/544
f 584/584/584 587/587/587 585/585/585
f 587/587/587 588/588/588 585/585/585
f 587/587/587 589/589/589 588/588/588
f 589/589/589 590/590/590 588/588/588
f 587/587/587 584/584/584 591/591/591
f 587/587/587 591/591/591 589/589/589
f 584/584/584 579/579/579 592/592/592
f 584/584/584 592/592/592 591/591/591
f 589/589/589 593/593/593 590/590/590
f 590/590/590 593/593/593 594/594/594
f 594/594/594 593/593/593 595/595/595
f 579/579/579 596/596/596 592/592/592
f 596/596/596 579/579/579 574/574/574
f 593/593/593 597/597/597 595/595/595
f 597/597/597 483/483/483 595/595/595
f 597/597/597 598/598/598 483/483/483
f 598/598/598 481/481/481 483/483/483
f 597/597/597 593/593/593 599/599/599
f 598/598/598 597/597/597 599/599/599
f 593/593/593 600/600/600 599/599/599
f 600/600/600 593/593/593 589/589/589
f 599/599/599 601/601/601 598/598/598
f 601/601/601 599/599/599 600/600/600
f 481/481/481 598/598/598 602/602/602
f 598/598/598 601/601/601 602/602/602
f 601/601/601 603/603/603 602/602/602
f 604/604/604 601/601/601 600/600/600
f 600/600/600 589/589/589 604/604/604
f 603/603/603 601/601/601 604/604/604
f 605/605/605 481/481/481 602/602/602
f 484/484/484 481/481/481 605/605/605
f 589/589/589 606/606/606 604/604/604
f 604/604/604 606/606/606 607/607/607
f 591/591/591 606/606/606 589/589/589
f 591/591/591 608/608/608 606/606/606
f 608/608/608 607/607/607 606/606/606
f 591/591/591 592/592/592 608/608/608
f 592/592/592 609/609/609 608/608/608
f 592/592/592 596/596/596 609/609/609
f 602/602/602 603/603/603 610/610/610
f 605/605/605 602/602/602 610/610/610
f 611/611/611 484/484/484 605/605/605
f 491/491/491 484/484/484 611/611/611
f 612/612/612 605/605/605 610/610/610
f 611/611/611 605/605/605 612/612/612
f 491/491/491 611/611/611 613/613/613
f 613/613/613 611/611/611 612/612/612
f 612/612/612 610/610/610 614/614/614
f 610/610/610 603/603/603 614/614/614
f 607/607/607 608/608/608 615/615/615
f 608/608/608 609/609/609 615/615/615
f 616/616/616 491/491/491 613/613/613
f 491/491/491 616/616/616 502/502/502
f 613/613/613 612/612/612 617/617/617
f 617/617/617 612/612/612 614/614/614
f 616/616/616 613/613/613 618/618/618
f 618/618/618 613/613/613 617/617/617
f 616/616/616 619/619/619 502/502/502
f 619/619/619 616/616/616 618/618/618
f 619/619/619 620/620/620 502/502/502
f 502/502/502 620/620/620 532/532/532
f 621/621/621 619/619/619 618/618/618
f 622/622/622 620/620/620 619/619/619
f 621/621/621 622/622/622 619/619/619
f 623/623/623 618/618/618 617/617/617
f 623/623/623 621/621/621 618/618/618
f 624/624/624 532/532/532 620/620/620
f 622/622/622 624/624/624 620/620/620
f 625/625/625 622/622/622 621/621/621
f 626/626/626 621/621/621 623/623/623
f 626/626/626 625/625/625 621/621/621
f 627/627/627 624/624/624 622/622/622
f 625/625/625 627/627/627 622/622/622
f 628/628/628 623/623/623 617/617/617
f 629/629/629 626/626/626 623/623/623
f 629/629/629 623/623/623 628/628/628
f 630/630/630 628/628/628 617/617/617
f 614/614/614 630/630/630 617/617/617
f 624/624/624 631/631/631 532/532/532
f 627/627/627 632/632/632 624/624/624
f 632/632/632 631/631/631 624/624/624
f 631/631/631 633/633/633 532/532/532
f 532/532/532 633/633/633 526/526/526
f 634/634/634 627/627/627 625/625/625
f 635/635/635 625/625/625 626/626/626
f 635/635/635 634/634/634 625/625/625
f 636/636/636 626/626/626 629/629/629
f 636/636/636 635/635/635 626/626/626
f 637/637/637 632/632/632 627/627/627
f 634/634/634 637/637/637 627/627/627
f 632/632/632 638/638/638 631/631/631
f 631/631/631 639/639/639 633/633/633
f 638/638/638 639/639/639 631/631/631
f 637/637/637 640/640/640 632/632/632
f 640/640/640 638/638/638 632/632/632
f 641/641/641 634/634/634 635/635/635
f 642/642/642 637/637/637 634/634/634
f 641/641/641 642/642/642 634/634/634
f 642/642/642 643/643/643 637/637/637
f 643/643/643 640/640/640 637/637/637
f 644/644/644 635/635/635 636/636/636
f 644/644/644 641/641/641 635/635/635
f 641/641/641 645/645/645 642/642/642
f 642/642/642 645/645/645 643/643/643
f 646/646/646 641/641/641 644/644/644
f 646/646/646 645/645/645 641/641/641
f 638/638/638 640/640/640 647/647/647
f 639/639/639 638/638/638 648/648/648
f 638/638/638 647/647/647 648/648/648
f 640/640/640 643/643/643 649/649/649
f 640/640/640 649/649/649 647/647/647
f 650/650/650 644/644/644 636/636/636
f 651/651/651 646/646/646 644/644/644
f 651/651/651 644/644/644 650/650/650
f 650/650/650 636/636/636 652/652/652
f 652/652/652 636/636/636 629/629/629
f 652/652/652 629/629/629 653/653/653
f 653/653/653 629/629/629 628/628/628
f 654/654/654 653/653/653 628/628/628
f 630/630/630 654/654/654 628/628/628
f 655/655/655 652/652/652 653/653/653
f 656/656/656 650/650/650 652/652/652
f 656/656/656 652/652/652 655/655/655
f 654/654/654 657/657/657 653/653/653
f 657/657/657 655/655/655 653/653/653
f 658/658/658 654/654/654 630/630/630
f 659/659/659 657/657/657 654/654/654
f 658/658/658 659/659/659 654/654/654
f 660/660/660 658/658/658 630/630/630
f 660/660/660 630/630/630 614/614/614
f 661/661/661 660/660/660 614/614/614
f 603/603/603 661/661/661 614/614/614
f 657/657/657 662/662/662 655/655/655
f 663/663/663 656/656/656 655/655/655
f 662/662/662 663/663/663 655/655/655
f 659/659/659 664/664/664 657/657/657
f 664/664/664 662/662/662 657/657/657
f 665/665/665 659/659/659 658/658/658
f 666/666/666 658/658/658 660/660/660
f 666/666/666 665/665/665 658/658/658
f 667/667/667 660/660/660 661/661/661
f 667/667/667 666/666/666 660/660/660
f 603/603/603 668/668/668 661/661/661
f 668/668/668 667/667/667 661/661/661
f 669/669/669 664/664/664 659/659/659
f 665/665/665 669/669/669 659/659/659
f 670/670/670 668/668/668 603/603/603
f 670/670/670 603/603/603 604/604/604
f 604/604/604 607/607/607 670/670/670
f 670/670/670 607/607/607 668/668/668
f 662/662/662 664/664/664 671/671/671
f 664/664/664 669/669/669 672/672/672
f 671/671/671 664/664/664 672/672/672
f 673/673/673 662/662/662 671/671/671
f 663/663/663 662/662/662 673/673/673
f 674/674/674 663/663/663 673/673/673
f 663/663/663 674/674/674 656/656/656
f 674/674/674 675/675/675 656/656/656
f 656/656/656 675/675/675 650/650/650
f 676/676/676 650/650/650 675/675/675
f 676/676/676 651/651/651 650/650/650
f 668/668/668 607/607/607 677/677/677
f 677/677/677 678/678/678 668/668/668
f 678/678/678 667/667/667 668/668/668
f 607/607/607 679/679/679 677/677/677
f 615/615/615 679/679/679 607/607/607
f 678/678/678 680/680/680 667/667/667
f 680/680/680 666/666/666 667/667/667
f 680/680/680 681/681/681 666/666/666
f 681/681/681 665/665/665 666/666/666
f 681/681/681 682/682/682 665/665/665
f 682/682/682 669/669/669 665/665/665
f 669/669/669 682/682/682 683/683/683
f 672/672/672 669/669/669 683/683/683
f 647/647/647 680/680/680 678/678/678
f 648/648/648 647/647/647 678/678/678
f 648/648/648 678/678/678 677/677/677
f 647/647/647 649/649/649 680/680/680
f 649/649/649 681/681/681 680/680/680
f 649/649/649 684/684/684 681/681/681
f 684/684/684 682/682/682 681/681/681
f 643/643/643 684/684/684 649/649/649
f 685/685/685 648/648/648 677/677/677
f 639/639/639 648/648/648 685/685/685
f 682/682/682 684/684/684 686/686/686
f 683/683/683 682/682/682 686/686/686
f 684/684/684 643/643/643 687/687/687
f 686/686/686 684/684/684 687/687/687
f 645/645/645 687/687/687 643/643/643
f 645/645/645 688/688/688 687/687/687
f 645/645/645 646/646/646 688/688/688
f 686/686/686 687/687/687 689/689/689
f 688/688/688 689/689/689 687/687/687
f 683/683/683 686/686/686 690/690/690
f 690/690/690 686/686/686 689/689/689
f 691/691/691 689/689/689 688/688/688
f 689/689/689 691/691/691 690/690/690
f 692/692/692 688/688/688 646/646/646
f 692/692/692 691/691/691 688/688/688
f 693/693/693 683/683/683 690/690/690
f 672/672/672 683/683/683 693/693/693
f 691/691/691 694/694/694 690/690/690
f 690/690/690 694/694/694 693/693/693
f 695/695/695 672/672/672 693/693/693
f 671/671/671 672/672/672 695/695/695
f 696/696/696 692/692/692 646/646/646
f 696/696/696 646/646/646 651/651/651
f 697/697/697 691/691/691 692/692/692
f 691/691/691 697/697/697 694/694/694
f 698/698/698 697/697/697 692/692/692
f 698/698/698 692/692/692 696/696/696
f 697/697/697 699/699/699 694/694/694
f 700/700/700 698/698/698 696/696/696
f 694/694/694 701/701/701 693/693/693
f 694/694/694 699/699/699 701/701/701
f 693/693/693 701/701/701 695/695/695
f 699/699/699 702/702/702 701/701/701
f 703/703/703 696/696/696 651/651/651
f 700/700/700 696/696/696 703/703/703
f 704/704/704 700/700/700 703/703/703
f 703/703/703 651/651/651 676/676/676
f 701/701/701 702/702/702 705/705/705
f 701/701/701 705/705/705 695/695/695
f 702/702/702 706/706/706 705/705/705
f 704/704/704 703/703/703 707/707/707
f 707/707/707 703/703/703 676/676/676
f 708/708/708 704/704/704 707/707/707
f 695/695/695 705/705/705 709/709/709
f 709/709/709 671/671/671 695/695/695
f 673/673/673 671/671/671 709/709/709
f 705/705/705 706/706/706 710/710/710
f 705/705/705 710/710/710 709/709/709
f 706/706/706 711/711/711 710/710/710
f 712/712/712 673/673/673 709/709/709
f 709/709/709 710/710/710 712/712/712
f 674/674/674 673/673/673 712/712/712
f 710/710/710 711/711/711 713/713/713
f 710/710/710 713/713/713 712/712/712
f 711/711/711 714/714/714 713/713/713
f 715/715/715 674/674/674 712/712/712
f 712/712/712 713/713/713 715/715/715
f 674/674/674 715/715/715 675/675/675
f 713/713/713 714/714/714 716/716/716
f 713/713/713 716/716/716 715/715/715
f 714/714/714 717/717/717 716/716/716
f 717/717/717 718/718/718 716/716/716
f 718/718/718 719/719/719 716/716/716
f 716/716/716 719/719/719 715/715/715
f 718/718/718 708/708/708 719/719/719
f 708/708/708 707/707/707 719/719/719
f 715/715/715 720/720/720 675/675/675
f 719/719/719 720/720/720 715/715/715
f 719/719/719 707/707/707 720/720/720
f 720/720/720 676/676/676 675/675/675
f 707/707/707 676/676/676 720/720/720
f 721/721/721 677/677/677 679/679/679
f 685/685/685 677/677/677 721/721/721
f 721/721/721 679/679/679 722/722/722
f 679/679/679 723/723/723 722/722/722
f 679/679/679 615/615/615 723/723/723
f 615/615/615 724/724/724 723/723/723
f 609/609/609 724/724/724 615/615/615
f 609/609/609 725/725/725 724/724/724
f 596/596/596 725/725/725 609/609/609
f 724/724/724 726/726/726 723/723/723
f 725/725/725 726/726/726 724/724/724
f 725/725/725 596/596/596 727/727/727
f 596/596/596 574/574/574 727/727/727
f 727/727/727 574/574/574 573/573/573
f 725/725/725 727/727/727 728/728/728
f 726/726/726 725/725/725 728/728/728
f 727/727/727 573/573/573 729/729/729
f 728/728/728 727/727/727 729/729/729
f 573/573/573 572/572/572 729/729/729
f 726/726/726 728/728/728 730/730/730
f 728/728/728 729/729/729 730/730/730
f 726/726/726 731/731/731 723/723/723
f 731/731/731 726/726/726 730/730/730
f 723/723/723 731/731/731 732/732/732
f 731/731/731 730/730/730 732/732/732
f 722/722/722 723/723/723 732/732/732
f 733/733/733 729/729/729 572/572/572
f 729/729/729 733/733/733 730/730/730
f 730/730/730 734/734/734 732/732/732
f 730/730/730 733/733/733 734/734/734
f 722/722/722 732/732/732 735/735/735
f 732/732/732 734/734/734 735/735/735
f 733/733/733 572/572/572 736/736/736
f 572/572/572 578/578/578 736/736/736
f 733/733/733 737/737/737 734/734/734
f 736/736/736 737/737/737 733/733/733
f 738/738/738 722/722/722 735/735/735
f 738/738/738 735/735/735 739/739/739
f 721/721/721 722/722/722 738/738/738
f 734/734/734 740/740/740 735/735/735
f 734/734/734 737/737/737 740/740/740
f 735/735/735 740/740/740 739/739/739
f 741/741/741 721/721/721 738/738/738
f 741/741/741 685/685/685 721/721/721
f 742/742/742 738/738/738 739/739/739
f 741/741/741 738/738/738 742/742/742
f 743/743/743 685/685/685 741/741/741
f 743/743/743 639/639/639 685/685/685
f 639/639/639 743/743/743 633/633/633
f 744/744/744 743/743/743 741/741/741
f 744/744/744 741/741/741 742/742/742
f 633/633/633 743/743/743 745/745/745
f 743/743/743 744/744/744 745/745/745
f 745/745/745 744/744/744 742/742/742
f 633/633/633 745/745/745 526/526/526
f 746/746/746 745/745/745 742/742/742
f 526/526/526 745/745/745 746/746/746
f 746/746/746 742/742/742 739/739/739
f 747/747/747 526/526/526 746/746/746
f 526/526/526 747/747/747 527/527/527
f 747/747/747 746/746/746 748/748/748
f 748/748/748 746/746/746 739/739/739
f 527/527/527 747/747/747 749/749/749
f 749/749/749 747/747/747 748/748/748
f 750/750/750 527/527/527 749/749/749
f 750/750/750 528/528/528 527/527/527
f 528/528/528 750/750/750 533/533/533
f 533/533/533 750/750/750 749/749/749
f 751/751/751 533/533/533 749/749/749
f 751/751/751 749/749/749 748/748/748
f 751/751/751 535/535/535 533/533/533
f 752/752/752 751/751/751 748/748/748
f 752/752/752 748/748/748 739/739/739
f 535/535/535 751/751/751 752/752/752
f 753/753/753 752/752/752 739/739/739
f 740/740/740 753/753/753 739/739/739
f 754/754/754 535/535/535 752/752/752
f 754/754/754 752/752/752 753/753/753
f 740/740/740 755/755/755 753/753/753
f 737/737/737 755/755/755 740/740/740
f 754/754/754 756/756/756 535/535/535
f 756/756/756 544/544/544 535/535/535
f 757/757/757 754/754/754 753/753/753
f 755/755/755 757/757/757 753/753/753
f 757/757/757 758/758/758 754/754/754
f 758/758/758 757/757/757 755/755/755
f 758/758/758 756/756/756 754/754/754
f 759/759/759 755/755/755 737/737/737
f 759/759/759 758/758/758 755/755/755
f 736/736/736 759/759/759 737/737/737
f 758/758/758 760/760/760 756/756/756
f 760/760/760 758/758/758 759/759/759
f 756/756/756 761/761/761 544/544/544
f 760/760/760 761/761/761 756/756/756
f 762/762/762 759/759/759 736/736/736
f 762/762/762 760/760/760 759/759/759
f 761/761/761 763/763/763 544/544/544
f 544/544/544 763/763/763 586/586/586
f 760/760/760 764/764/764 761/761/761
f 764/764/764 760/760/760 762/762/762
f 765/765/765 762/762/762 736/736/736
f 765/765/765 736/736/736 578/578/578
f 763/763/763 766/766/766 586/586/586
f 586/586/586 766/766/766 583/583/583
f 761/761/761 767/767/767 763/763/763
f 764/764/764 767/767/767 761/761/761
f 768/768/768 764/764/764 762/762/762
f 768/768/768 762/762/762 765/765/765
f 766/766/766 769/769/769 583/583/583
f 583/583/583 769/769/769 582/582/582
f 763/763/763 770/770/770 766/766/766
f 767/767/767 770/770/770 763/763/763
f 764/764/764 771/771/771 767/767/767
f 771/771/771 764/764/764 768/768/768
f 769/769/769 772/772/772 582/582/582
f 582/582/582 772/772/772 580/580/580
f 766/766/766 773/773/773 769/769/769
f 770/770/770 773/773/773 766/766/766
f 767/767/767 774/774/774 770/770/770
f 771/771/771 774/774/774 767/767/767
f 769/769/769 775/775/775 772/772/772
f 773/773/773 775/775/775 769/769/769
f 770/770/770 776/776/776 773/773/773
f 774/774/774 776/776/776 770/770/770
f 773/773/773 777/777/777 775/775/775
f 776/776/776 777/777/777 773/773/773
f 778/778/778 771/771/771 768/768/768
f 771/771/771 779/779/779 774/774/774
f 779/779/779 771/771/771 778/778/778
f 774/774/774 780/780/780 776/776/776
f 779/779/779 780/780/780 774/774/774
f 780/780/780 781/781/781 776/776/776
f 776/776/776 781/781/781 777/777/777
f 778/778/778 768/768/768 782/782/782
f 782/782/782 768/768/768 765/765/765
f 783/783/783 780/780/780 779/779/779
f 783/783/783 781/781/781 780/780/780
f 782/782/782 765/765/765 784/784/784
f 784/784/784 765/765/765 578/578/578
f 784/784/784 578/578/578 785/785/785
f 578/578/578 561/561/561 785/785/785
f 785/785/785 561/561/561 576/576/576
f 786/786/786 784/784/784 785/785/785
f 786/786/786 785/785/785 576/576/576
f 787/787/787 782/782/782 784/784/784
f 787/787/787 784/784/784 786/786/786
f 788/788/788 778/778/778 782/782/782
f 788/788/788 782/782/782 787/787/787
f 789/789/789 779/779/779 778/778/778
f 789/789/789 778/778/778 788/788/788
f 790/790/790 786/786/786 576/576/576
f 790/790/790 576/576/576 580/580/580
f 791/791/791 787/787/787 786/786/786
f 791/791/791 786/786/786 790/790/790
f 792/792/792 788/788/788 787/787/787
f 792/792/792 787/787/787 791/791/791
f 793/793/793 790/790/790 580/580/580
f 772/772/772 793/793/793 580/580/580
f 794/794/794 791/791/791 790/790/790
f 794/794/794 790/790/790 793/793/793
f 772/772/772 795/795/795 793/793/793
f 775/775/775 795/795/795 772/772/772
f 779/779/779 789/789/789 796/796/796
f 796/796/796 783/783/783 779/779/779
f 797/797/797 789/789/789 788/788/788
f 797/797/797 788/788/788 792/792/792
f 798/798/798 792/792/792 791/791/791
f 798/798/798 791/791/791 794/794/794
f 799/799/799 794/794/794 793/793/793
f 795/795/795 799/799/799 793/793/793
f 775/775/775 800/800/800 795/795/795
f 777/777/777 800/800/800 775/775/775
f 789/789/789 801/801/801 796/796/796
f 789/789/789 797/797/797 801/801/801
f 802/802/802 797/797/797 792/792/792
f 802/802/802 792/792/792 798/798/798
f 803/803/803 798/798/798 794/794/794
f 803/803/803 794/794/794 799/799/799
f 795/795/795 804/804/804 799/799/799
f 800/800/800 804/804/804 795/795/795
f 777/777/777 805/805/805 800/800/800
f 781/781/781 805/805/805 777/777/777
f 797/797/797 806/806/806 801/801/801
f 797/797/797 802/802/802 806/806/806
f 807/807/807 802/802/802 798/798/798
f 807/807/807 798/798/798 803/803/803
f 808/808/808 803/803/803 799/799/799
f 804/804/804 808/808/808 799/799/799
f 800/800/800 809/809/809 804/804/804
f 805/805/805 809/809/809 800/800/800
f 781/781/781 810/810/810 805/805/805
f 783/783/783 810/810/810 781/781/781
f 802/802/802 811/811/811 806/806/806
f 802/802/802 807/807/807 811/811/811
f 812/812/812 807/807/807 803/803/803
f 812/812/812 803/803/803 808/808/808
f 804/804/804 813/813/813 808/808/808
f 809/809/809 813/813/813 804/804/804
f 810/810/810 814/814/814 805/805/805
f 805/805/805 814/814/814 809/809/809
f 810/810/810 783/783/783 815/815/815
f 815/815/815 783/783/783 796/796/796
f 807/807/807 816/816/816 811/811/811
f 807/807/807 812/812/812 816/816/816
f 817/817/817 812/812/812 808/808/808
f 813/813/813 817/817/817 808/808/808
f 812/812/812 817/817/817 818/818/818
f 812/812/812 818/818/818 816/816/816
f 819/819/819 817/817/817 813/813/813
f 817/817/817 819/819/819 818/818/818
f 820/820/820 813/813/813 809/809/809
f 820/820/820 819/819/819 813/813/813
f 821/821/821 815/815/815 796/796/796
f 796/796/796 801/801/801 821/821/821
f 801/801/801 822/822/822 821/821/821
f 801/801/801 806/806/806 822/822/822
f 821/821/821 823/823/823 815/815/815
f 823/823/823 821/821/821 822/822/822
f 806/806/806 824/824/824 822/822/822
f 806/806/806 811/811/811 824/824/824
f 809/809/809 825/825/825 820/820/820
f 814/814/814 825/825/825 809/809/809
f 823/823/823 826/826/826 815/815/815
f 815/815/815 826/826/826 810/810/810
f 827/827/827 823/823/823 822/822/822
f 827/827/827 822/822/822 824/824/824
f 811/811/811 828/828/828 824/824/824
f 811/811/811 816/816/816 828/828/828
f 810/810/810 829/829/829 814/814/814
f 826/826/826 829/829/829 810/810/810
f 823/823/823 830/830/830 826/826/826
f 830/830/830 823/823/823 827/827/827
f 830/830/830 831/831/831 826/826/826
f 826/826/826 831/831/831 829/829/829
f 832/832/832 830/830/830 827/827/827
f 831/831/831 833/833/833 829/829/829
f 834/834/834 827/827/827 824/824/824
f 832/832/832 827/827/827 834/834/834
f 834/834/834 824/824/824 828/828/828
f 835/835/835 832/832/832 834/834/834
f 829/829/829 836/836/836 814/814/814
f 829/829/829 833/833/833 836/836/836
f 833/833/833 837/837/837 836/836/836
f 814/814/814 836/836/836 825/825/825
f 835/835/835 834/834/834 838/838/838
f 838/838/838 834/834/834 828/828/828
f 839/839/839 835/835/835 838/838/838
f 836/836/836 837/837/837 840/840/840
f 836/836/836 840/840/840 825/825/825
f 837/837/837 841/841/841 840/840/840
f 838/838/838 828/828/828 842/842/842
f 816/816/816 842/842/842 828/828/828
f 816/816/816 818/818/818 842/842/842
f 839/839/839 838/838/838 843/843/843
f 843/843/843 838/838/838 842/842/842
f 844/844/844 839/839/839 843/843/843
f 818/818/818 845/845/845 842/842/842
f 843/843/843 842/842/842 845/845/845
f 818/818/818 819/819/819 845/845/845
f 844/844/844 843/843/843 846/846/846
f 846/846/846 843/843/843 845/845/845
f 847/847/847 844/844/844 846/846/846
f 819/819/819 848/848/848 845/845/845
f 846/846/846 845/845/845 848/848/848
f 848/848/848 819/819/819 820/820/820
f 847/847/847 846/846/846 849/849/849
f 849/849/849 846/846/846 848/848/848
f 850/850/850 847/847/847 849/849/849
f 851/851/851 850/850/850 849/849/849
f 852/852/852 851/851/851 849/849/849
f 852/852/852 849/849/849 848/848/848
f 841/841/841 851/851/851 852/852/852
f 840/840/840 841/841/841 852/852/852
f 853/853/853 848/848/848 820/820/820
f 853/853/853 852/852/852 848/848/848
f 840/840/840 852/852/852 853/853/853
f 825/825/825 853/853/853 820/820/820
f 825/825/825 840/840/840 853/853/853
f 856/856/856 855/855/855 854/854/854
f 855/855/855 856/856/856 857/857/857
f 858/858/858 856/856/856 854/854/854
f 859/859/859 856/856/856 858/858/858
f 858/858/858 854/854/854 860/860/860
f 856/856/856 861/861/861 857/857/857
f 856/856/856 859/859/859 861/861/861
f 857/857/857 861/861/861 862/862/862
f 863/863/863 858/858/858 860/860/860
f 863/863/863 860/860/860 864/864/864
f 861/861/861 865/865/865 862/862/862
f 862/862/862 865/865/865 866/866/866
f 859/859/859 867/867/867 861/861/861
f 861/861/861 867/867/867 865/865/865
f 865/865/865 868/868/868 866/866/866
f 866/866/866 868/868/868 869/869/869
f 870/870/870 859/859/859 858/858/858
f 870/870/870 858/858/858 863/863/863
f 871/871/871 863/863/863 864/864/864
f 871/871/871 864/864/864 872/872/872
f 867/867/867 873/873/873 865/865/865
f 865/865/865 873/873/873 868/868/868
f 868/868/868 874/874/874 869/869/869
f 869/869/869 874/874/874 875/875/875
f 876/876/876 870/870/870 863/863/863
f 876/876/876 863/863/863 871/871/871
f 877/877/877 871/871/871 872/872/872
f 877/877/877 872/872/872 878/878/878
f 873/873/873 879/879/879 868/868/868
f 868/868/868 879/879/879 874/874/874
f 874/874/874 880/880/880 875/875/875
f 875/875/875 880/880/880 881/881/881
f 882/882/882 878/878/878 881/881/881
f 882/882/882 877/877/877 878/878/878
f 883/883/883 871/871/871 877/877/877
f 883/883/883 876/876/876 871/871/871
f 879/879/879 884/884/884 874/874/874
f 874/874/874 884/884/884 880/880/880
f 885/885/885 879/879/879 873/873/873
f 879/879/879 885/885/885 884/884/884
f 880/880/880 886/886/886 881/881/881
f 886/886/886 882/882/882 881/881/881
f 887/887/887 877/877/877 882/882/882
f 887/887/887 883/883/883 877/877/877
f 883/883/883 888/888/888 876/876/876
f 888/888/888 883/883/883 887/887/887
f 884/884/884 889/889/889 880/880/880
f 880/880/880 889/889/889 886/886/886
f 890/890/890 882/882/882 886/886/886
f 890/890/890 887/887/887 882/882/882
f 891/891/891 885/885/885 873/873/873
f 891/891/891 873/873/873 867/867/867
f 885/885/885 892/892/892 884/884/884
f 884/884/884 892/892/892 889/889/889
f 889/889/889 893/893/893 886/886/886
f 893/893/893 890/890/890 886/886/886
f 894/894/894 887/887/887 890/890/890
f 894/894/894 888/888/888 887/887/887
f 895/895/895 891/891/891 867/867/867
f 895/895/895 867/867/867 859/859/859
f 896/896/896 885/885/885 891/891/891
f 885/885/885 896/896/896 892/892/892
f 892/892/892 897/897/897 889/889/889
f 889/889/889 897/897/897 893/893/893
f 898/898/898 890/890/890 893/893/893
f 898/898/898 894/894/894 890/890/890
f 899/899/899 891/891/891 895/895/895
f 899/899/899 896/896/896 891/891/891
f 896/896/896 900/900/900 892/892/892
f 892/892/892 900/900/900 897/897/897
f 897/897/897 901/901/901 893/893/893
f 901/901/901 898/898/898 893/893/893
f 897/897/897 902/902/902 901/901/901
f 900/900/900 902/902/902 897/897/897
f 900/900/900 903/903/903 902/902/902
f 896/896/896 904/904/904 900/900/900
f 904/904/904 896/896/896 899/899/899
f 904/904/904 903/903/903 900/900/900
f 905/905/905 904/904/904 899/899/899
f 906/906/906 899/899/899 895/895/895
f 905/905/905 899/899/899 906/906/906
f 902/902/902 907/907/907 901/901/901
f 907/907/907 898/898/898 901/901/901
f 903/903/903 908/908/908 902/902/902
f 902/902/902 908/908/908 907/907/907
f 904/904/904 909/909/909 903/903/903
f 909/909/909 904/904/904 905/905/905
f 906/906/906 895/895/895 910/910/910
f 910/910/910 895/895/895 859/859/859
f 911/911/911 910/910/910 859/859/859
f 870/870/870 911/911/911 859/859/859
f 912/912/912 906/906/906 910/910/910
f 911/911/911 912/912/912 910/910/910
f 913/913/913 911/911/911 870/870/870
f 876/876/876 913/913/913 870/870/870
f 888/888/888 913/913/913 876/876/876
f 914/914/914 905/905/905 906/906/906
f 914/914/914 906/906/906 912/912/912
f 915/915/915 912/912/912 911/911/911
f 915/915/915 911/911/911 913/913/913
f 888/888/888 916/916/916 913/913/913
f 916/916/916 888/888/888 894/894/894
f 917/917/917 914/914/914 912/912/912
f 912/912/912 915/915/915 917/917/917
f 918/918/918 915/915/915 913/913/913
f 916/916/916 918/918/918 913/913/913
f 919/919/919 916/916/916 894/894/894
f 919/919/919 894/894/894 898/898/898
f 916/916/916 920/920/920 918/918/918
f 920/920/920 916/916/916 919/919/919
f 918/918/918 921/921/921 915/915/915
f 920/920/920 921/921/921 918/918/918
f 922/922/922 919/919/919 898/898/898
f 922/922/922 898/898/898 907/907/907
f 923/923/923 920/920/920 919/919/919
f 923/923/923 919/919/919 922/922/922
f 924/924/924 922/922/922 907/907/907
f 908/908/908 924/924/924 907/907/907
f 915/915/915 925/925/925 917/917/917
f 921/921/921 925/925/925 915/915/915
f 920/920/920 926/926/926 921/921/921
f 926/926/926 920/920/920 923/923/923
f 927/927/927 923/923/923 922/922/922
f 927/927/927 922/922/922 924/924/924
f 921/921/921 928/928/928 925/925/925
f 926/926/926 928/928/928 921/921/921
f 929/929/929 926/926/926 923/923/923
f 929/929/929 923/923/923 927/927/927
f 926/926/926 930/930/930 928/928/928
f 930/930/930 926/926/926 929/929/929
f 908/908/908 931/931/931 924/924/924
f 932/932/932 927/927/927 924/924/924
f 931/931/931 932/932/932 924/924/924
f 933/933/933 929/929/929 927/927/927
f 933/933/933 927/927/927 932/932/932
f 934/934/934 931/931/931 908/908/908
f 903/903/903 934/934/934 908/908/908
f 931/931/931 935/935/935 932/932/932
f 931/931/931 934/934/934 935/935/935
f 936/936/936 930/930/930 929/929/929
f 936/936/936 929/929/929 933/933/933
f 937/937/937 933/933/933 932/932/932
f 935/935/935 937/937/937 932/932/932
f 938/938/938 936/936/936 933/933/933
f 938/938/938 933/933/933 937/937/937
f 939/939/939 930/930/930 936/936/936
f 938/938/938 939/939/939 936/936/936
f 940/940/940 934/934/934 903/903/903
f 934/934/934 941/941/941 935/935/935
f 934/934/934 940/940/940 941/941/941
f 942/942/942 940/940/940 903/903/903
f 909/909/909 942/942/942 903/903/903
f 935/935/935 943/943/943 937/937/937
f 944/944/944 938/938/938 937/937/937
f 943/943/943 944/944/944 937/937/937
f 944/944/944 945/945/945 938/938/938
f 945/945/945 939/939/939 938/938/938
f 941/941/941 946/946/946 935/935/935
f 946/946/946 943/943/943 935/935/935
f 943/943/943 947/947/947 944/944/944
f 947/947/947 945/945/945 944/944/944
f 946/946/946 948/948/948 943/943/943
f 948/948/948 947/947/947 943/943/943
f 949/949/949 946/946/946 941/941/941
f 946/946/946 949/949/949 948/948/948
f 940/940/940 950/950/950 941/941/941
f 950/950/950 949/949/949 941/941/941
f 909/909/909 951/951/951 942/942/942
f 942/942/942 952/952/952 940/940/940
f 951/951/951 952/952/952 942/942/942
f 940/940/940 953/953/953 950/950/950
f 952/952/952 953/953/953 940/940/940
f 951/951/951 909/909/909 954/954/954
f 954/954/954 909/909/909 905/905/905
f 945/945/945 947/947/947 955/955/955
f 947/947/947 948/948/948 956/956/956
f 955/955/955 947/947/947 956/956/956
f 949/949/949 957/957/957 948/948/948
f 948/948/948 957/957/957 956/956/956
f 958/958/958 949/949/949 950/950/950
f 949/949/949 958/958/958 957/957/957
f 953/953/953 959/959/959 950/950/950
f 959/959/959 958/958/958 950/950/950
f 960/960/960 945/945/945 955/955/955
f 939/939/939 945/945/945 960/960/960
f 961/961/961 939/939/939 960/960/960
f 930/930/930 939/939/939 961/961/961
f 960/960/960 955/955/955 962/962/962
f 961/961/961 960/960/960 962/962/962
f 963/963/963 930/930/930 961/961/961
f 930/930/930 963/963/963 928/928/928
f 963/963/963 961/961/961 964/964/964
f 928/928/928 963/963/963 964/964/964
f 964/964/964 961/961/961 962/962/962
f 928/928/928 964/964/964 925/925/925
f 925/925/925 964/964/964 965/965/965
f 964/964/964 962/962/962 965/965/965
f 925/925/925 965/965/965 917/917/917
f 955/955/955 966/966/966 962/962/962
f 962/962/962 966/966/966 965/965/965
f 955/955/955 956/956/956 966/966/966
f 965/965/965 967/967/967 917/917/917
f 966/966/966 967/967/967 965/965/965
f 967/967/967 914/914/914 917/917/917
f 967/967/967 968/968/968 914/914/914
f 968/968/968 967/967/967 966/966/966
f 968/968/968 905/905/905 914/914/914
f 956/956/956 969/969/969 966/966/966
f 969/969/969 968/968/968 966/966/966
f 968/968/968 970/970/970 905/905/905
f 970/970/970 968/968/968 969/969/969
f 970/970/970 954/954/954 905/905/905
f 956/956/956 971/971/971 969/969/969
f 957/957/957 971/971/971 956/956/956
f 972/972/972 954/954/954 970/970/970
f 972/972/972 951/951/951 954/954/954
f 973/973/973 970/970/970 969/969/969
f 971/971/971 973/973/973 969/969/969
f 957/957/957 974/974/974 971/971/971
f 958/958/958 974/974/974 957/957/957
f 975/975/975 951/951/951 972/972/972
f 951/951/951 975/975/975 952/952/952
f 976/976/976 972/972/972 970/970/970
f 976/976/976 970/970/970 973/973/973
f 971/971/971 977/977/977 973/973/973
f 974/974/974 977/977/977 971/971/971
f 958/958/958 978/978/978 974/974/974
f 978/978/978 958/958/958 959/959/959
f 975/975/975 979/979/979 952/952/952
f 952/952/952 979/979/979 953/953/953
f 980/980/980 975/975/975 972/972/972
f 980/980/980 972/972/972 976/976/976
f 981/981/981 976/976/976 973/973/973
f 977/977/977 981/981/981 973/973/973
f 974/974/974 982/982/982 977/977/977
f 978/978/978 982/982/982 974/974/974
f 953/953/953 983/983/983 959/959/959
f 979/979/979 983/983/983 953/953/953
f 975/975/975 984/984/984 979/979/979
f 984/984/984 975/975/975 980/980/980
f 985/985/985 980/980/980 976/976/976
f 985/985/985 976/976/976 981/981/981
f 977/977/977 986/986/986 981/981/981
f 982/982/982 986/986/986 977/977/977
f 987/987/987 978/978/978 959/959/959
f 983/983/983 987/987/987 959/959/959
f 979/979/979 988/988/988 983/983/983
f 984/984/984 988/988/988 979/979/979
f 989/989/989 984/984/984 980/980/980
f 989/989/989 980/980/980 985/985/985
f 990/990/990 985/985/985 981/981/981
f 986/986/986 990/990/990 981/981/981
f 978/978/978 991/991/991 982/982/982
f 978/978/978 987/987/987 991/991/991
f 988/988/988 992/992/992 983/983/983
f 983/983/983 992/992/992 987/987/987
f 984/984/984 993/993/993 988/988/988
f 993/993/993 984/984/984 989/989/989
f 993/993/993 992/992/992 988/988/988
f 994/994/994 989/989/989 985/985/985
f 994/994/994 993/993/993 989/989/989
f 994/994/994 985/985/985 990/990/990
f 982/982/982 995/995/995 986/986/986
f 991/991/991 995/995/995 982/982/982
f 987/987/987 996/996/996 991/991/991
f 992/992/992 996/996/996 987/987/987
f 995/995/995 991/991/991 996/996/996
f 993/993/993 997/997/997 992/992/992
f 997/997/997 996/996/996 992/992/992
f 997/997/997 993/993/993 994/994/994
f 997/997/997 995/995/995 996/996/996
f 998/998/998 997/997/997 994/994/994
f 998/998/998 994/994/994 990/990/990
f 995/995/995 997/997/997 998/998/998
f 990/990/990 986/986/986 999/999/999
f 998/998/998 990/990/990 999/999/999
f 999/999/999 995/995/995 998/998/998
f 995/995/995 999/999/999 986/986/986
f 1002/1002/1002 1001/1001/1001 1000/1000/1000
f 1001/1001/1001 1002/1002/1002 1003/1003/1003
f 1004/1004/1004 1002/1002/1002 1000/1000/1000
f 1002/1002/1002 1005/1005/1005 1003/1003/1003
f 1004/1004/1004 1000/1000/1000 1006/1006/1006
f 1003/1003/1003 1005/1005/1005 1007/1007/1007
f 1008/1008/1008 1004/1004/1004 1006/1006/1006
f 1005/1005/1005 1009/1009/1009 1007/1007/1007
f 1008/1008/1008 1006/1006/1006 1010/1010/1010
f 1007/1007/1007 1009/1009/1009 1011/1011/1011
f 1012/1012/1012 1008/1008/1008 1010/1010/1010
f 1009/1009/1009 1013/1013/1013 1011/1011/1011
f 1012/1012/1012 1010/1010/1010 1014/1014/1014
f 1011/1011/1011 1013/1013/1013 1015/1015/1015
f 1016/1016/1016 1012/1012/1012 1014/1014/1014
f 1013/1013/1013 1017/1017/1017 1015/1015/1015
f 1016/1016/1016 1014/1014/1014 1018/1018/1018
f 1015/1015/1015 1017/1017/1017 1019/1019/1019
f 1020/1020/1020 1016/1016/1016 1018/1018/1018
f 1017/1017/1017 1021/1021/1021 1019/1019/1019
f 1020/1020/1020 1018/1018/1018 1022/1022/1022
f 1019/1019/1019 1021/1021/1021 1023/1023/1023
f 1024/1024/1024 1020/1020/1020 1022/1022/1022
f 1021/1021/1021 1025/1025/1025 1023/1023/1023
f 1024/1024/1024 1022/1022/1022 1026/1026/1026
f 1027/1027/1027 1024/1024/1024 1026/1026/1026
f 1028/1028/1028 1027/1027/1027 1026/1026/1026
f 1029/1029/1029 1028/1028/1028 1026/1026/1026
f 1030/1030/1030 1028/1028/1028 1029/1029/1029
f 1031/1031/1031 1030/1030/1030 1029/1029/1029
f 1032/1032/1032 1030/1030/1030 1031/1031/1031
f 1033/1033/1033 1032/1032/1032 1031/1031/1031
f 1034/1034/1034 1032/1032/1032 1033/1033/1033
f 1035/1035/1035 1034/1034/1034 1033/1033/1033
f 1036/1036/1036 1034/1034/1034 1035/1035/1035
f 1037/1037/1037 1036/1036/1036 1035/1035/1035
f 1038/1038/1038 1036/1036/1036 1037/1037/1037
f 1039/1039/1039 1038/1038/1038 1037/1037/1037
f 1040/1040/1040 1038/1038/1038 1039/1039/1039
f 1041/1041/1041 1040/1040/1040 1039/1039/1039
f 1040/1040/1040 1041/1041/1041 1042/1042/1042
f 1043/1043/1043 1040/1040/1040 1042/1042/1042
f 1043/1043/1043 1042/1042/1042 1044/1044/1044
f 1045/1045/1045 1043/1043/1043 1044/1044/1044
f 1045/1045/1045 1044/1044/1044 1046/1046/1046
f 1047/1047/1047 1045/1045/1045 1046/1046/1046
f 1047/1047/1047 1046/1046/1046 1048/1048/1048
f 1049/1049/1049 1047/1047/1047 1048/1048/1048
f 1049/1049/1049 1048/1048/1048 1050/1050/1050
f 1051/1051/1051 1049/1049/1049 1050/1050/1050
f 1051/1051/1051 1050/1050/1050 1052/1052/1052
f 1053/1053/1053 1051/1051/1051 1052/1052/1052
f 1053/1053/1053 1052/1052/1052 1054/1054/1054
f 1055/1055/1055 1053/1053/1053 1054/1054/1054
f 1025/1025/1025 1055/1055/1055 1054/1054/1054
f 1023/1023/1023 1025/1025/1025 1054/1054/1054
f 1058/1058/1058 1057/1057/1057 1056/1056/1056
f 1057/1057/1057 1058/1058/1058 1059/1059/1059
f 1057/1057/1057 1060/1060/1060 1056/1056/1056
f 1057/1057/1057 1061/1061/1061 1060/1060/1060
f 1056/1056/1056 1060/1060/1060 1062/1062/1062
f 1063/1063/1063 1057/1057/1057 1059/1059/1059
f 1061/1061/1061 1057/1057/1057 1063/1063/1063
f 1063/1063/1063 1059/1059/1059 1064/1064/1064
f 1060/1060/1060 1065/1065/1065 1062/1062/1062
f 1062/1062/1062 1065/1065/1065 1066/1066/1066
f 1067/1067/1067 1063/1063/1063 1064/1064/1064
f 1067/1067/1067 1064/1064/1064 1068/1068/1068
f 1069/1069/1069 1061/1061/1061 1063/1063/1063
f 1069/1069/1069 1063/1063/1063 1067/1067/1067
f 1070/1070/1070 1067/1067/1067 1068/1068/1068
f 1070/1070/1070 1068/1068/1068 1071/1071/1071
f 1061/1061/1061 1072/1072/1072 1060/1060/1060
f 1060/1060/1060 1072/1072/1072 1065/1065/1065
f 1065/1065/1065 1073/1073/1073 1066/1066/1066
f 1066/1066/1066 1073/1073/1073 1074/1074/1074
f 1075/1075/1075 1069/1069/1069 1067/1067/1067
f 1075/1075/1075 1067/1067/1067 1070/1070/1070
f 1076/1076/1076 1070/1070/1070 1071/1071/1071
f 1076/1076/1076 1071/1071/1071 1077/1077/1077
f 1072/1072/1072 1078/1078/1078 1065/1065/1065
f 1065/1065/1065 1078/1078/1078 1073/1073/1073
f 1073/1073/1073 1079/1079/1079 1074/1074/1074
f 1074/1074/1074 1079/1079/1079 1080/1080/1080
f 1081/1081/1081 1075/1075/1075 1070/1070/1070
f 1081/1081/1081 1070/1070/1070 1076/1076/1076
f 1082/1082/1082 1076/1076/1076 1077/1077/1077
f 1082/1082/1082 1077/1077/1077 1083/1083/1083
f 1080/1080/1080 1084/1084/1084 1083/1083/1083
f 1079/1079/1079 1084/1084/1084 1080/1080/1080
f 1073/1073/1073 1085/1085/1085 1079/1079/1079
f 1078/1078/1078 1085/1085/1085 1073/1073/1073
f 1086/1086/1086 1081/1081/1081 1076/1076/1076
f 1086/1086/1086 1076/1076/1076 1082/1082/1082
f 1081/1081/1081 1087/1087/1087 1075/1075/1075
f 1087/1087/1087 1081/1081/1081 1086/1086/1086
f 1088/1088/1088 1082/1082/1082 1083/1083/1083
f 1084/1084/1084 1088/1088/1088 1083/1083/1083
f 1079/1079/1079 1089/1089/1089 1084/1084/1084
f 1085/1085/1085 1089/1089/1089 1079/1079/1079
f 1090/1090/1090 1085/1085/1085 1078/1078/1078
f 1085/1085/1085 1090/1090/1090 1089/1089/1089
f 1091/1091/1091 1086/1086/1086 1082/1082/1082
f 1091/1091/1091 1082/1082/1082 1088/1088/1088
f 1084/1084/1084 1092/1092/1092 1088/1088/1088
f 1089/1089/1089 1092/1092/1092 1084/1084/1084
f 1087/1087/1087 1093/1093/1093 1075/1075/1075
f 1075/1075/1075 1093/1093/1093 1069/1069/1069
f 1094/1094/1094 1087/1087/1087 1086/1086/1086
f 1094/1094/1094 1086/1086/1086 1091/1091/1091
f 1095/1095/1095 1091/1091/1091 1088/1088/1088
f 1092/1092/1092 1095/1095/1095 1088/1088/1088
f 1089/1089/1089 1096/1096/1096 1092/1092/1092
f 1090/1090/1090 1096/1096/1096 1089/1089/1089
f 1093/1093/1093 1097/1097/1097 1069/1069/1069
f 1069/1069/1069 1097/1097/1097 1061/1061/1061
f 1087/1087/1087 1098/1098/1098 1093/1093/1093
f 1098/1098/1098 1087/1087/1087 1094/1094/1094
f 1099/1099/1099 1094/1094/1094 1091/1091/1091
f 1099/1099/1099 1091/1091/1091 1095/1095/1095
f 1092/1092/1092 1100/1100/1100 1095/1095/1095
f 1096/1096/1096 1100/1100/1100 1092/1092/1092
f 1093/1093/1093 1101/1101/1101 1097/1097/1097
f 1098/1098/1098 1101/1101/1101 1093/1093/1093
f 1102/1102/1102 1098/1098/1098 1094/1094/1094
f 1102/1102/1102 1094/1094/1094 1099/1099/1099
f 1103/1103/1103 1099/1099/1099 1095/1095/1095
f 1100/1100/1100 1103/1103/1103 1095/1095/1095
f 1104/1104/1104 1099/1099/1099 1103/1103/1103
f 1104/1104/1104 1102/1102/1102 1099/1099/1099
f 1105/1105/1105 1102/1102/1102 1104/1104/1104
f 1106/1106/1106 1098/1098/1098 1102/1102/1102
f 1098/1098/1098 1106/1106/1106 1101/1101/1101
f 1105/1105/1105 1106/1106/1106 1102/1102/1102
f 1106/1106/1106 1107/1107/1107 1101/1101/1101
f 1101/1101/1101 1108/1108/1108 1097/1097/1097
f 1101/1101/1101 1107/1107/1107 1108/1108/1108
f 1109/1109/1109 1104/1104/1104 1103/1103/1103
f 1100/1100/1100 1109/1109/1109 1103/1103/1103
f 1110/1110/1110 1105/1105/1105 1104/1104/1104
f 1110/1110/1110 1104/1104/1104 1109/1109/1109
f 1111/1111/1111 1106/1106/1106 1105/1105/1105
f 1106/1106/1106 1111/1111/1111 1107/1107/1107
f 1097/1097/1097 1108/1108/1108 1112/1112/1112
f 1097/1097/1097 1112/1112/1112 1061/1061/1061
f 1112/1112/1112 1113/1113/1113 1061/1061/1061
f 1113/1113/1113 1072/1072/1072 1061/1061/1061
f 1108/1108/1108 1114/1114/1114 1112/1112/1112
f 1114/1114/1114 1113/1113/1113 1112/1112/1112
f 1113/1113/1113 1115/1115/1115 1072/1072/1072
f 1115/1115/1115 1078/1078/1078 1072/1072/1072
f 1115/1115/1115 1090/1090/1090 1078/1078/1078
f 1107/1107/1107 1116/1116/1116 1108/1108/1108
f 1108/1108/1108 1116/1116/1116 1114/1114/1114
f 1114/1114/1114 1117/1117/1117 1113/1113/1113
f 1113/1113/1113 1117/1117/1117 1115/1115/1115
f 1118/1118/1118 1090/1090/1090 1115/1115/1115
f 1090/1090/1090 1118/1118/1118 1096/1096/1096
f 1116/1116/1116 1119/1119/1119 1114/1114/1114
f 1117/1117/1117 1114/1114/1114 1119/1119/1119
f 1117/1117/1117 1120/1120/1120 1115/1115/1115
f 1120/1120/1120 1118/1118/1118 1115/1115/1115
f 1118/1118/1118 1121/1121/1121 1096/1096/1096
f 1096/1096/1096 1121/1121/1121 1100/1100/1100
f 1122/1122/1122 1118/1118/1118 1120/1120/1120
f 1118/1118/1118 1122/1122/1122 1121/1121/1121
f 1123/1123/1123 1120/1120/1120 1117/1117/1117
f 1123/1123/1123 1122/1122/1122 1120/1120/1120
f 1121/1121/1121 1124/1124/1124 1100/1100/1100
f 1100/1100/1100 1124/1124/1124 1109/1109/1109
f 1122/1122/1122 1125/1125/1125 1121/1121/1121
f 1121/1121/1121 1125/1125/1125 1124/1124/1124
f 1124/1124/1124 1126/1126/1126 1109/1109/1109
f 1126/1126/1126 1110/1110/1110 1109/1109/1109
f 1127/1127/1127 1117/1117/1117 1119/1119/1119
f 1127/1127/1127 1123/1123/1123 1117/1117/1117
f 1128/1128/1128 1122/1122/1122 1123/1123/1123
f 1122/1122/1122 1128/1128/1128 1125/1125/1125
f 1125/1125/1125 1129/1129/1129 1124/1124/1124
f 1124/1124/1124 1129/1129/1129 1126/1126/1126
f 1130/1130/1130 1123/1123/1123 1127/1127/1127
f 1130/1130/1130 1128/1128/1128 1123/1123/1123
f 1128/1128/1128 1131/1131/1131 1125/1125/1125
f 1125/1125/1125 1131/1131/1131 1129/1129/1129
f 1132/1132/1132 1128/1128/1128 1130/1130/1130
f 1128/1128/1128 1132/1132/1132 1131/1131/1131
f 1133/1133/1133 1110/1110/1110 1126/1126/1126
f 1129/1129/1129 1134/1134/1134 1126/1126/1126
f 1134/1134/1134 1133/1133/1133 1126/1126/1126
f 1131/1131/1131 1135/1135/1135 1129/1129/1129
f 1129/1129/1129 1135/1135/1135 1134/1134/1134
f 1133/1133/1133 1136/1136/1136 1110/1110/1110
f 1136/1136/1136 1105/1105/1105 1110/1110/1110
f 1137/1137/1137 1133/1133/1133 1134/1134/1134
f 1136/1136/1136 1133/1133/1133 1137/1137/1137
f 1132/1132/1132 1138/1138/1138 1131/1131/1131
f 1131/1131/1131 1138/1138/1138 1135/1135/1135
f 1135/1135/1135 1139/1139/1139 1134/1134/1134
f 1139/1139/1139 1137/1137/1137 1134/1134/1134
f 1138/1138/1138 1140/1140/1140 1135/1135/1135
f 1135/1135/1135 1140/1140/1140 1139/1139/1139
f 1132/1132/1132 1141/1141/1141 1138/1138/1138
f 1141/1141/1141 1140/1140/1140 1138/1138/1138
f 1136/1136/1136 1142/1142/1142 1105/1105/1105
f 1143/1143/1143 1136/1136/1136 1137/1137/1137
f 1142/1142/1142 1136/1136/1136 1143/1143/1143
f 1142/1142/1142 1144/1144/1144 1105/1105/1105
f 1144/1144/1144 1111/1111/1111 1105/1105/1105
f 1145/1145/1145 1137/1137/1137 1139/1139/1139
f 1140/1140/1140 1146/1146/1146 1139/1139/1139
f 1146/1146/1146 1145/1145/1145 1139/1139/1139
f 1147/1147/1147 1146/1146/1146 1140/1140/1140
f 1141/1141/1141 1147/1147/1147 1140/1140/1140
f 1148/1148/1148 1143/1143/1143 1137/1137/1137
f 1145/1145/1145 1148/1148/1148 1137/1137/1137
f 1149/1149/1149 1145/1145/1145 1146/1146/1146
f 1147/1147/1147 1149/1149/1149 1146/1146/1146
f 1150/1150/1150 1148/1148/1148 1145/1145/1145
f 1149/1149/1149 1150/1150/1150 1145/1145/1145
f 1148/1148/1148 1151/1151/1151 1143/1143/1143
f 1151/1151/1151 1148/1148/1148 1150/1150/1150
f 1152/1152/1152 1142/1142/1142 1143/1143/1143
f 1151/1151/1151 1152/1152/1152 1143/1143/1143
f 1153/1153/1153 1111/1111/1111 1144/1144/1144
f 1154/1154/1154 1144/1144/1144 1142/1142/1142
f 1154/1154/1154 1153/1153/1153 1144/1144/1144
f 1155/1155/1155 1142/1142/1142 1152/1152/1152
f 1155/1155/1155 1154/1154/1154 1142/1142/1142
f 1111/1111/1111 1153/1153/1153 1156/1156/1156
f 1111/1111/1111 1156/1156/1156 1107/1107/1107
f 1149/1149/1149 1147/1147/1147 1157/1157/1157
f 1150/1150/1150 1149/1149/1149 1158/1158/1158
f 1149/1149/1149 1157/1157/1157 1158/1158/1158
f 1159/1159/1159 1151/1151/1151 1150/1150/1150
f 1159/1159/1159 1150/1150/1150 1158/1158/1158
f 1151/1151/1151 1160/1160/1160 1152/1152/1152
f 1160/1160/1160 1151/1151/1151 1159/1159/1159
f 1161/1161/1161 1155/1155/1155 1152/1152/1152
f 1160/1160/1160 1161/1161/1161 1152/1152/1152
f 1147/1147/1147 1162/1162/1162 1157/1157/1157
f 1147/1147/1147 1141/1141/1141 1162/1162/1162
f 1141/1141/1141 1163/1163/1163 1162/1162/1162
f 1141/1141/1141 1132/1132/1132 1163/1163/1163
f 1157/1157/1157 1162/1162/1162 1164/1164/1164
f 1162/1162/1162 1163/1163/1163 1164/1164/1164
f 1132/1132/1132 1165/1165/1165 1163/1163/1163
f 1165/1165/1165 1132/1132/1132 1130/1130/1130
f 1163/1163/1163 1165/1165/1165 1166/1166/1166
f 1165/1165/1165 1130/1130/1130 1166/1166/1166
f 1163/1163/1163 1166/1166/1166 1164/1164/1164
f 1166/1166/1166 1130/1130/1130 1127/1127/1127
f 1166/1166/1166 1127/1127/1127 1167/1167/1167
f 1164/1164/1164 1166/1166/1166 1167/1167/1167
f 1167/1167/1167 1127/1127/1127 1119/1119/1119
f 1168/1168/1168 1157/1157/1157 1164/1164/1164
f 1168/1168/1168 1164/1164/1164 1167/1167/1167
f 1158/1158/1158 1157/1157/1157 1168/1168/1168
f 1169/1169/1169 1167/1167/1167 1119/1119/1119
f 1169/1169/1169 1168/1168/1168 1167/1167/1167
f 1116/1116/1116 1169/1169/1169 1119/1119/1119
f 1170/1170/1170 1169/1169/1169 1116/1116/1116
f 1169/1169/1169 1170/1170/1170 1168/1168/1168
f 1107/1107/1107 1170/1170/1170 1116/1116/1116
f 1171/1171/1171 1158/1158/1158 1168/1168/1168
f 1170/1170/1170 1171/1171/1171 1168/1168/1168
f 1172/1172/1172 1170/1170/1170 1107/1107/1107
f 1170/1170/1170 1172/1172/1172 1171/1171/1171
f 1156/1156/1156 1172/1172/1172 1107/1107/1107
f 1173/1173/1173 1158/1158/1158 1171/1171/1171
f 1173/1173/1173 1159/1159/1159 1158/1158/1158
f 1172/1172/1172 1174/1174/1174 1171/1171/1171
f 1174/1174/1174 1173/1173/1173 1171/1171/1171
f 1156/1156/1156 1175/1175/1175 1172/1172/1172
f 1153/1153/1153 1175/1175/1175 1156/1156/1156
f 1176/1176/1176 1159/1159/1159 1173/1173/1173
f 1176/1176/1176 1160/1160/1160 1159/1159/1159
f 1172/1172/1172 1177/1177/1177 1174/1174/1174
f 1175/1175/1175 1177/1177/1177 1172/1172/1172
f 1153/1153/1153 1178/1178/1178 1175/1175/1175
f 1178/1178/1178 1153/1153/1153 1154/1154/1154
f 1179/1179/1179 1173/1173/1173 1174/1174/1174
f 1179/1179/1179 1176/1176/1176 1173/1173/1173
f 1180/1180/1180 1160/1160/1160 1176/1176/1176
f 1160/1160/1160 1180/1180/1180 1161/1161/1161
f 1177/1177/1177 1181/1181/1181 1174/1174/1174
f 1181/1181/1181 1179/1179/1179 1174/1174/1174
f 1175/1175/1175 1182/1182/1182 1177/1177/1177
f 1178/1178/1178 1182/1182/1182 1175/1175/1175
f 1183/1183/1183 1178/1178/1178 1154/1154/1154
f 1183/1183/1183 1154/1154/1154 1155/1155/1155
f 1184/1184/1184 1176/1176/1176 1179/1179/1179
f 1184/1184/1184 1180/1180/1180 1176/1176/1176
f 1185/1185/1185 1155/1155/1155 1161/1161/1161
f 1185/1185/1185 1183/1183/1183 1155/1155/1155
f 1186/1186/1186 1178/1178/1178 1183/1183/1183
f 1178/1178/1178 1186/1186/1186 1182/1182/1182
f 1182/1182/1182 1187/1187/1187 1177/1177/1177
f 1177/1177/1177 1187/1187/1187 1181/1181/1181
f 1188/1188/1188 1179/1179/1179 1181/1181/1181
f 1188/1188/1188 1184/1184/1184 1179/1179/1179
f 1180/1180/1180 1189/1189/1189 1161/1161/1161
f 1189/1189/1189 1185/1185/1185 1161/1161/1161
f 1190/1190/1190 1183/1183/1183 1185/1185/1185
f 1190/1190/1190 1186/1186/1186 1183/1183/1183
f 1186/1186/1186 1191/1191/1191 1182/1182/1182
f 1182/1182/1182 1191/1191/1191 1187/1187/1187
f 1187/1187/1187 1192/1192/1192 1181/1181/1181
f 1192/1192/1192 1188/1188/1188 1181/1181/1181
f 1193/1193/1193 1180/1180/1180 1184/1184/1184
f 1189/1189/1189 1180/1180/1180 1193/1193/1193
f 1194/1194/1194 1190/1190/1190 1185/1185/1185
f 1194/1194/1194 1185/1185/1185 1189/1189/1189
f 1195/1195/1195 1186/1186/1186 1190/1190/1190
f 1186/1186/1186 1195/1195/1195 1191/1191/1191
f 1194/1194/1194 1195/1195/1195 1190/1190/1190
f 1191/1191/1191 1196/1196/1196 1187/1187/1187
f 1195/1195/1195 1196/1196/1196 1191/1191/1191
f 1187/1187/1187 1196/1196/1196 1192/1192/1192
f 1197/1197/1197 1184/1184/1184 1188/1188/1188
f 1197/1197/1197 1193/1193/1193 1184/1184/1184
f 1198/1198/1198 1189/1189/1189 1193/1193/1193
f 1198/1198/1198 1194/1194/1194 1189/1189/1189
f 1193/1193/1193 1197/1197/1197 1198/1198/1198
f 1199/1199/1199 1195/1195/1195 1194/1194/1194
f 1198/1198/1198 1199/1199/1199 1194/1194/1194
f 1195/1195/1195 1199/1199/1199 1196/1196/1196
f 1197/1197/1197 1199/1199/1199 1198/1198/1198
f 1199/1199/1199 1200/1200/1200 1196/1196/1196
f 1196/1196/1196 1200/1200/1200 1192/1192/1192
f 1199/1199/1199 1197/1197/1197 1200/1200/1200
f 1188/1188/1188 1192/1192/1192 1201/1201/1201
f 1192/1192/1192 1200/1200/1200 1201/1201/1201
f 1197/1197/1197 1201/1201/1201 1200/1200/1200
f 1201/1201/1201 1197/1197/1197 1188/1188/1188
