g 03_bodymesh_zombie08
v 0.122494705 0.42001203 -0.10299295
v 0.20751333 0.37455037 -0.040764306
v 0.1436272 0.3477383 -0.14023073
v -0.08107765 0.95193285 0.5118535
v -0.1189654 1.0149657 0.38990963
v -0.11892204 1.0777602 0.41980174
v -0.22901632 0.120791785 0.13962695
v -0.1717387 0.104577154 0.19187933
v -0.17150427 0.1337164 0.2083242
v -0.1717387 0.104577154 0.19187933
v -0.11138238 0.114833765 0.13973556
v -0.17150427 0.1337164 0.2083242
v -0.127546 0.131252 0.085906886
v -0.1717387 0.104577154 0.19187933
v -0.17266376 0.11651059 0.1383319
v -0.11463557 0.1247432 0.055946287
v -0.17340682 0.13112299 0.089683644
v -0.23541261 0.12285719 0.04498693
v -0.21740185 0.13111858 0.086216904
v -0.22901632 0.120791785 0.13962695
v -0.2426479 0.11383088 0.077368066
v -0.25131524 0.11006329 0.035595167
v -0.23583208 0.117311254 0.10849751
v 0.32385153 0.50389695 0.16648771
v 0.230552 0.5261007 0.2094143
v 0.3315261 0.49260238 0.1837878
v 0.37685812 0.51300585 0.09565498
v 0.32385153 0.50389695 0.16648771
v 0.3315261 0.49260238 0.1837878
v -0.3679241 0.4602667 0.09844401
v -0.34035087 0.48454434 0.13884011
v -0.36030602 0.46314994 0.08863422
v -0.3679241 0.4602667 0.09844401
v -0.3945114 0.51438034 0.115443744
v -0.31699693 0.48799422 0.18267587
v -0.33702993 0.5261386 0.22899655
v -0.3015344 0.7451901 0.21661118
v -0.22407539 0.5454461 0.23727742
v 0.37685812 0.51300585 0.09565498
v 0.3315261 0.49260238 0.1837878
v 0.3246473 0.4970796 0.18197551
v 0.230552 0.5261007 0.2094143
v 0.41018593 0.4649015 0.020412348
v 0.37779444 0.5022128 0.088212974
v 0.37685812 0.51300585 0.09565498
v 0.40527675 0.47772133 0.016499544
v 0.40477765 0.43743542 -0.05216274
v 0.4149481 0.434423 -0.05297369
v 0.3618282 0.4252962 -0.11587461
v 0.37366152 0.41568312 -0.123335
v 0.23930056 0.3424091 0.06029127
v 0.24171855 0.2916946 0.023198288
v 0.2076374 0.29186326 0.010317784
v 0.20555596 0.34633756 0.04627638
v 0.2405988 0.37119693 0.079311214
v 0.19087364 0.29177624 -0.0070059933
v 0.20326887 0.3751498 0.06423387
v 0.19135238 0.34757558 0.018385882
v 0.18794817 0.3760179 0.03343977
v 0.18781494 0.29180512 -0.025710236
v 0.19270492 0.34787482 -0.016850226
v 0.19039689 0.3758951 -0.0058086794
v 0.20714591 0.34705997 -0.04887898
v 0.20751333 0.37455037 -0.040764306
v 0.19831215 0.29195237 -0.039664287
v 0.24587633 0.34871027 -0.07471696
v 0.22047193 0.2921986 -0.045319367
v 0.27751276 0.34139615 -0.07076971
v 0.25463453 0.29246175 -0.038603503
v 0.30636472 0.33751893 -0.050097484
v 0.27751276 0.34139615 -0.07076971
v 0.25463453 0.29246175 -0.038603503
v 0.2879614 0.2925671 -0.022194073
v 0.32257175 0.33594725 -0.02260813
v 0.30451965 0.29249984 -0.0049993033
v 0.33636707 0.35937327 -0.011383261
v 0.32134622 0.3360229 0.007202455
v 0.3065621 0.29236326 0.010886673
v 0.33407688 0.359121 0.021023892
v 0.29962367 0.2922461 0.023713127
v 0.30812883 0.3369646 0.035505358
v 0.3180793 0.3613826 0.051842935
v 0.2780908 0.2920062 0.029700454
v 0.28016168 0.3387921 0.055466745
v 0.24171855 0.2916946 0.023198288
v 0.2861728 0.36570078 0.07389578
v 0.23930056 0.3424091 0.06029127
v 0.2405988 0.37119693 0.079311214
v 0.3618282 0.4252962 -0.11587461
v 0.2635165 0.43173745 -0.16825384
v 0.36290964 0.41442394 -0.12662971
v 0.2862437 0.41665843 -0.1916831
v 0.15236372 0.46593943 -0.15693063
v 0.15501468 0.47389445 -0.1872596
v 0.087283984 0.4797124 -0.08834096
v 0.1436272 0.3477383 -0.14023073
v 0.21191537 0.3912915 -0.18471257
v 0.2635165 0.43173745 -0.16825384
v 0.26124135 0.33438033 -0.18875106
v 0.36290964 0.41442394 -0.12662971
v 0.3289619 0.3843098 -0.15227538
v 0.35986596 0.31523082 -0.10561948
v 0.122494705 0.42001203 -0.10299295
v 0.4284586 0.41012514 -0.041412275
v 0.062106654 0.4799328 0.0063630026
v 0.07946856 0.32314765 -0.03949741
v 0.4094127 0.42527005 -0.064552225
v 0.4225592 0.40259996 0.02956028
v 0.40477765 0.43743542 -0.05216274
v 0.3618282 0.4252962 -0.11587461
v 0.40527675 0.47772133 0.016499544
v 0.42384544 0.43750823 0.006730649
v 0.35066262 0.31173965 0.08971738
v 0.39993998 0.4546375 0.0802599
v 0.37779444 0.5022128 0.088212974
v 0.3133655 0.43126068 0.15440036
v 0.33908945 0.46281877 0.15190886
v 0.32385153 0.50389695 0.16648771
v 0.37685812 0.51300585 0.09565498
v 0.24294217 0.47051466 0.18435894
v 0.230552 0.5261007 0.2094143
v 0.18793814 0.3341333 0.15259668
v 0.2405988 0.37119693 0.079311214
v 0.2861728 0.36570078 0.07389578
v 0.12379881 0.42364284 0.12727071
v 0.14530113 0.47693688 0.168388
v 0.12988873 0.5360482 0.19059697
v 0.22756466 0.54563046 0.23120067
v 0.3246473 0.4970796 0.18197551
v 0.3182657 0.5057497 0.22563939
v 0.377323 0.5176191 0.11372303
v 0.22140332 0.60279554 0.2886661
v 0.37685812 0.51300585 0.09565498
v 0.12597518 0.56841356 0.21311915
v 0.42567948 0.4796578 0.015989864
v 0.41018593 0.4649015 0.020412348
v 0.4149481 0.434423 -0.05297369
v 0.44027495 0.5119915 -0.06745347
v 0.37366152 0.41568312 -0.123335
v 0.42276454 0.64655143 0.013780558
v 0.32295954 0.64334214 0.102871686
v 0.3182657 0.5057497 0.22563939
v 0.27538857 0.71544915 0.21886621
v 0.18155465 0.7620124 0.28185028
v 0.11811776 0.63340443 0.24884488
v 0.2705963 0.7704899 0.21267697
v 0.31107497 0.7115793 0.11297421
v 0.34346318 0.74622786 0.01613133
v 0.44903713 0.6776686 -0.09100029
v 0.36169073 0.7782335 -0.07237473
v 0.40560094 0.45345986 -0.15526989
v 0.054314747 0.5590493 0.14436305
v 0.06462531 0.5368061 0.12791409
v 0.08641209 0.48011518 0.10742351
v 0.09410901 0.45028916 0.06229335
v 0.19039689 0.3758951 -0.0058086794
v 0.18794817 0.3760179 0.03343977
v 0.20326887 0.3751498 0.06423387
v 0.18793814 0.3341333 0.15259668
v 0.2405988 0.37119693 0.079311214
v 0.03265308 0.5361715 0.015153529
v 0.071836725 0.5159201 -0.10625936
v 0.014300793 0.5580948 0.01751564
v 0.054311767 0.55748355 -0.10852896
v 0.1449321 0.5053548 -0.18886748
v 0.04581307 0.6178108 0.16138041
v 0.27874684 0.45157897 -0.1861492
v 0.2862437 0.41665843 -0.1916831
v 0.3618282 0.4252962 -0.11587461
v 0.29187086 0.48264736 -0.23034701
v 0.14529033 0.539164 -0.220074
v 0.051458105 0.6095284 -0.120530106
v 0.43572283 0.6198797 -0.20355323
v 0.32299122 0.56588066 -0.29572016
v 0.277377 0.72727257 -0.2536828
v 0.34604654 0.7609296 -0.16274835
v 0.3326898 0.8001405 -0.15725733
v 0.12695749 0.5771839 -0.26678976
v 0.008401617 0.5999723 0.021845622
v 0.34479073 0.8183719 -0.069064036
v 0.37473637 0.78141 0.008491923
v 0.31107497 0.7115793 0.11297421
v 0.34195668 0.7127495 0.10829491
v 0.2705963 0.7704899 0.21267697
v 0.36912698 0.8741965 -0.102824315
v 0.3655236 0.8893496 -0.014588293
v 0.35285515 0.86413676 -0.1955147
v 0.34195668 0.7127495 0.10829491
v 0.32639822 0.8553474 0.08064594
v 0.29764706 0.86445516 -0.27888733
v 0.29388577 0.8253408 0.22403277
v 0.2793571 0.8856184 0.18618119
v 0.23731007 0.9154653 0.25477472
v 0.21454158 0.84572583 0.2718052
v 0.19191681 0.9252928 0.29972506
v 0.27919316 0.7964042 -0.23439698
v 0.2196981 0.8645131 -0.35646147
v 0.27863216 0.7661211 -0.24302086
v 0.20265979 0.79614383 -0.28479722
v 0.14619361 0.8660808 -0.40995765
v 0.193466 0.75865954 -0.2799721
v 0.12290725 0.7964297 -0.3148758
v 0.07899289 0.86887556 -0.42207175
v 0.2259267 0.646884 -0.36339217
v 0.0616595 0.618228 -0.26042593
v 0.11613548 0.76035994 -0.28890863
v 0.11613548 0.76035994 -0.28890863
v 0.13024256 0.65199643 -0.36181045
v 0.052454934 0.7621251 -0.28012332
v 0.053794652 0.6599339 -0.34532064
v 0.13024256 0.65199643 -0.36181045
v -0.008948386 0.76425606 -0.2790031
v -0.013135582 0.6618745 -0.33073658
v -0.07003333 0.6588805 -0.34448498
v -0.063986376 0.7622195 -0.27925736
v -0.13313301 0.66538334 -0.3595568
v -0.11510672 0.7673283 -0.2867859
v -0.21107168 0.66503847 -0.36526027
v 0.053794652 0.6599339 -0.34532064
v -0.17725934 0.76842505 -0.28080305
v -0.24582894 0.7349525 -0.25390923
v 0.017208487 0.64949787 -0.24773192
v -0.023986682 0.6627569 -0.23454838
v -0.013135582 0.6618745 -0.33073658
v -0.0057109892 0.67860895 -0.12806429
v -0.07003333 0.6588805 -0.34448498
v 0.026319414 0.67009795 -0.13057807
v -0.018738195 0.65663517 0.01968186
v -0.029398039 0.6563682 -0.24594031
v -0.07024588 0.62590164 -0.25779364
v -0.13313301 0.66538334 -0.3595568
v 0.038066328 0.6774995 -0.12338611
v 0.0046396405 0.67872965 -0.12552851
v 0.04788162 0.6485808 0.02178251
v 0.024901852 0.65524745 0.022823121
v 0.05352433 0.6503785 -0.1302901
v 0.03127493 0.6271971 0.0209926
v 0.041356504 0.66168064 0.16875488
v 0.03127493 0.6271971 0.0209926
v 0.00811556 0.6476093 0.020306438
v 0.020922437 0.6814779 0.16820976
v -0.005960718 0.6902145 0.16628805
v 0.098936275 0.66822344 0.29000968
v 0.052442595 0.69057757 0.29227877
v 0.017035693 0.70398575 0.28533453
v -0.033836856 0.6919284 0.16398731
v -0.0189033 0.70962864 0.27478996
v 0.09189984 0.695236 0.36446178
v 0.039965466 0.6949038 0.35567957
v -0.010620892 0.6920888 0.34608904
v -0.04839246 0.69560057 0.35726568
v -0.024230734 0.70841676 0.28401405
v -0.10091628 0.69584185 0.36577263
v -0.0604835 0.69384915 0.2919729
v 0.0050686896 0.69007754 0.16911176
v -0.10676505 0.6649277 0.29447877
v -0.021853998 0.6844311 0.16992204
v -0.04131432 0.6666731 0.17027508
v 0.013877392 0.6476963 0.023170162
v -0.025922224 0.6729827 -0.12898973
v 0.0032545328 0.62945884 0.024489913
v -0.0475841 0.65579927 -0.13047716
v 0.0015887767 0.6009796 0.025200468
v -0.12625004 0.5821235 -0.26543605
v -0.042722836 0.623608 0.16415158
v -0.049146757 0.6148467 -0.12268744
v -0.0026734173 0.55988735 0.02011953
v -0.13926794 0.53782094 -0.22970131
v -0.286146 0.58622366 -0.2979306
v -0.052614525 0.5621271 -0.11273028
v -0.0469947 0.5659358 0.14713271
v -0.11999883 0.63253355 0.2573278
v -0.029190406 0.51927704 0.011089127
v -0.2588085 0.49798545 -0.23780487
v -0.14033572 0.4993121 -0.20191258
v -0.3892796 0.6251677 -0.20653938
v -0.07135059 0.49964157 -0.10119703
v -0.057058886 0.52409166 0.11214005
v -0.11881299 0.5784716 0.221837
v -0.054283813 0.46355778 0.0019963132
v -0.24962945 0.42810807 -0.19755746
v -0.14532621 0.46874064 -0.18280654
v -0.35823256 0.46283472 -0.1588368
v -0.080725566 0.46184024 -0.08765993
v -0.2512892 0.40642548 -0.19278589
v -0.14062442 0.4478411 -0.15786688
v -0.32956463 0.40750226 -0.12955572
v -0.08779131 0.4147312 -0.08410574
v -0.07348116 0.46457177 0.094595134
v -0.06723125 0.41614333 -0.004025032
v -0.11608057 0.5255656 0.17536236
v -0.23685767 0.41730952 -0.17253721
v -0.1374128 0.3694496 -0.13889964
v -0.312921 0.41748005 -0.12074017
v -0.093988284 0.37494326 -0.084223054
v -0.37201005 0.43719795 -0.05283233
v -0.3524521 0.43816793 -0.054111574
v -0.38779825 0.45076862 0.021423861
v -0.36480343 0.4604183 0.012629853
v -0.34688556 0.4699502 0.0832963
v -0.32363307 0.40367547 -0.13111463
v -0.36030602 0.46314994 0.08863422
v -0.3679241 0.4602667 0.09844401
v -0.29888076 0.49381778 0.1538175
v -0.34035087 0.48454434 0.13884011
v -0.31699693 0.48799422 0.18267587
v -0.2115886 0.51841164 0.1933952
v -0.22407539 0.5454461 0.23727742
v -0.21382774 0.36254025 -0.15597592
v -0.28895026 0.35806113 -0.12758033
v -0.34753704 0.39061466 -0.0709654
v -0.3662367 0.4127259 -0.06760057
v -0.35811836 0.3895752 -0.0041015707
v -0.37827367 0.42167673 0.003264027
v -0.1362489 0.34974125 -0.1506054
v -0.20782064 0.34245867 -0.16899025
v -0.09694491 0.3537163 -0.097034514
v -0.3291837 0.35657093 -0.07429658
v -0.3384002 0.3558699 -0.011480646
v -0.28088766 0.33977297 -0.14080031
v -0.3211435 0.338187 -0.08872121
v -0.17473246 0.20505254 -0.16237403
v -0.2311077 0.204723 -0.13655937
v -0.11951254 0.20506129 -0.14379339
v -0.26325148 0.20432486 -0.092652276
v -0.17309658 0.12510699 -0.15079346
v -0.22498102 0.12511067 -0.12762876
v -0.3271634 0.3567385 0.05269555
v -0.3443519 0.39135325 0.064392045
v -0.32998908 0.33743265 -0.026419036
v -0.2785396 0.20422482 -0.038967066
v -0.32044864 0.33777255 0.03636765
v -0.26790857 0.20462635 0.017566478
v -0.27578545 0.16252057 -0.038394704
v -0.25424105 0.12510984 -0.08733667
v -0.26612198 0.16286859 0.016064297
v -0.17231865 0.11123801 -0.12156527
v -0.21462436 0.111170635 -0.10777244
v -0.23862584 0.11122663 -0.07232234
v -0.121565536 0.12510882 -0.13410349
v -0.13020246 0.11120398 -0.11010544
v -0.26946676 0.12510243 -0.04017079
v -0.2516182 0.111229025 -0.033578835
v -0.25257188 0.111240596 0.0070859645
v -0.09085296 0.12511124 -0.09352302
v -0.10563941 0.11124314 -0.07457195
v -0.2683928 0.12531504 0.009394372
v -0.25131524 0.11006329 0.035595167
v -0.23541261 0.12285719 0.04498693
v -0.23039849 0.16293482 0.05582187
v -0.17340682 0.13112299 0.089683644
v -0.23138241 0.20671675 0.059838977
v -0.17398085 0.16426207 0.089777775
v -0.27692395 0.34167796 0.08734955
v -0.11485411 0.1619281 0.0663116
v -0.11463557 0.1247432 0.055946287
v -0.1744683 0.20779328 0.08595098
v -0.28095937 0.36221468 0.105460376
v -0.11723329 0.20600997 0.06827043
v -0.20201604 0.34697953 0.11241309
v -0.07808788 0.16229703 0.02260867
v -0.07871096 0.2047838 0.02455243
v -0.13262828 0.35300165 0.097160354
v -0.20275255 0.36925113 0.1313561
v -0.29240704 0.39957175 0.121722214
v -0.08065854 0.12443945 0.015752977
v -0.09567179 0.11097077 0.040292982
v -0.093644336 0.110900134 0.009411086
v -0.07724272 0.12508422 -0.04396251
v -0.09304501 0.111200415 -0.03496202
v -0.07168083 0.16197522 -0.04393901
v -0.07151501 0.20501874 -0.042426758
v -0.084470525 0.20504878 -0.10046831
v -0.08246143 0.35490185 -0.02599633
v -0.09424226 0.35480845 0.045746036
v -0.07750954 0.37636212 -0.010937383
v -0.13069557 0.37499154 0.11602984
v -0.090302125 0.37653947 0.06395163
v -0.0824842 0.41717076 0.077530265
v -0.20714982 0.40870988 0.15060687
v -0.12720956 0.41605446 0.13391
v -0.12493552 0.46114513 0.15716818
v -0.21580239 0.45232823 0.1758617
v -0.3064527 0.443419 0.14049304
v -0.29888076 0.49381778 0.1538175
v -0.34688556 0.4699502 0.0832963
v -0.361808 0.43240386 0.075831234
v -0.36480343 0.4604183 0.012629853
v -0.3662367 0.4127259 -0.06760057
v -0.3524521 0.43816793 -0.054111574
v -0.32363307 0.40367547 -0.13111463
v -0.312921 0.41748005 -0.12074017
v -0.23068519 0.5922108 0.29287544
v -0.33702993 0.5261386 0.22899655
v -0.3015344 0.7451901 0.21661118
v -0.19519956 0.753604 0.2854177
v -0.29815453 0.8046554 0.20762378
v -0.15511008 0.8027969 0.31113935
v -0.10091628 0.69584185 0.36577263
v -0.21873416 0.8104382 0.2872214
v -0.2325737 0.8448089 0.27302822
v -0.34727407 0.7483672 0.102961265
v -0.3945114 0.51438034 0.115443744
v -0.43066275 0.67889327 0.016058294
v -0.41729665 0.5086273 0.018601289
v -0.3679241 0.4602667 0.09844401
v -0.38779825 0.45076862 0.021423861
v -0.37201005 0.43719795 -0.05283233
v -0.40262347 0.5117328 -0.06563701
v -0.41847545 0.6804111 -0.089168064
v -0.3122176 0.7544826 -0.16400062
v -0.30292147 0.7936019 -0.1603553
v -0.24717419 0.77097803 -0.24538113
v -0.34328938 0.7789936 -0.07063041
v -0.35635173 0.79185784 0.018523652
v -0.33367348 0.8093873 -0.06775395
v -0.33836776 0.7997794 0.1106528
v -0.35049105 0.82065916 0.019455163
v -0.3342737 0.8220968 0.10590819
v -0.36018622 0.8603432 -0.10603093
v -0.3821035 0.8742775 -0.012994957
v -0.32770658 0.8602988 -0.20607762
v -0.36771715 0.87684786 0.08340579
v -0.2759182 0.86707443 -0.28994268
v -0.32623845 0.85615426 0.21825899
v -0.31872404 0.8924101 0.1865178
v -0.2656399 0.90945536 0.25793394
v -0.20686777 0.92291886 0.30065653
v -0.24859203 0.79946226 -0.23916088
v -0.21445616 0.8689111 -0.36402175
v -0.18596552 0.8032432 -0.28827214
v -0.1597891 0.86852175 -0.41343918
v -0.12498243 0.8002116 -0.314992
v -0.11510672 0.7673283 -0.2867859
v -0.1033705 0.86943775 -0.42201105
v -0.070971176 0.79761225 -0.31414157
v -0.063986376 0.7622195 -0.27925736
v -0.014792845 0.8699263 -0.428498
v -0.010149628 0.7992495 -0.31924912
v -0.008948386 0.76425606 -0.2790031
v 0.052454934 0.7621251 -0.28012332
v 0.055387154 0.79904586 -0.31414106
v 0.25463453 0.29246175 -0.038603503
v 0.22047193 0.2921986 -0.045319367
v 0.19256708 0.26076078 -0.04636954
v 0.22113553 0.2613083 -0.04243556
v 0.2879614 0.2925671 -0.022194073
v 0.2541981 0.261756 -0.029103478
v 0.21651974 0.24125506 -0.044053134
v 0.19169214 0.2406364 -0.043439988
v 0.24668749 0.24198584 -0.03038642
v 0.20695633 0.21959028 -0.05087012
v 0.17993903 0.21873944 -0.05133026
v 0.23826939 0.22046101 -0.03894516
v 0.30451965 0.29249984 -0.0049993033
v 0.2879614 0.2925671 -0.022194073
v 0.2541981 0.261756 -0.029103478
v 0.27709037 0.2619071 -0.012769163
v 0.24668749 0.24198584 -0.03038642
v 0.3065621 0.29236326 0.010886673
v 0.26540238 0.24114397 -0.016391424
v 0.23826939 0.22046101 -0.03894516
v 0.26008907 0.22094658 -0.024049664
v 0.28709945 0.26179886 0.0032238702
v 0.277338 0.23174717 -0.0035144635
v 0.26765272 0.15146473 -0.036377463
v 0.28137484 0.15205736 -0.011180995
v 0.2822963 0.23201796 0.015295735
v 0.2775036 0.241248 -0.0016623607
v 0.27851552 0.24150279 0.014099375
v 0.28805926 0.26157033 0.017014386
v 0.29962367 0.2922461 0.023713127
v 0.2741151 0.26113504 0.024693603
v 0.2780908 0.2920062 0.029700454
v 0.26382923 0.24139391 0.019616192
v 0.27851552 0.24150279 0.014099375
v 0.24562775 0.26048958 0.022167819
v 0.24171855 0.2916946 0.023198288
v 0.23788507 0.24094132 0.017984571
v 0.21551001 0.26027316 0.01226727
v 0.2076374 0.29186326 0.010317784
v 0.26669806 0.23119609 0.020572715
v 0.2822963 0.23201796 0.015295735
v 0.23231801 0.2290365 0.014432034
v 0.26846087 0.14950183 0.010753481
v 0.24093245 0.1510478 0.04259472
v 0.19151743 0.2600677 -0.0030635255
v 0.19087364 0.29177624 -0.0070059933
v 0.17995529 0.26009196 -0.021679332
v 0.18781494 0.29180512 -0.025710236
v 0.19831215 0.29195237 -0.039664287
v 0.20793739 0.24006997 0.008801051
v 0.19680376 0.22886886 0.0041936506
v 0.2010159 0.14441514 0.04080504
v 0.18595226 0.23946466 -0.004993153
v 0.17774044 0.22874814 -0.008028419
v 0.17579153 0.14208698 0.030329151
v 0.17669033 0.23942588 -0.022957368
v 0.167307 0.22884329 -0.027931679
v 0.15845105 0.1415933 0.0031196636
v 0.16741046 0.2182669 -0.043017462
v 0.17816345 0.23959449 -0.036188725
v 0.1798193 0.26033533 -0.037818655
v 0.22047193 0.2921986 -0.045319367
v 0.19256708 0.26076078 -0.04636954
v 0.19169214 0.2406364 -0.043439988
v 0.17993903 0.21873944 -0.05133026
v 0.26596528 -0.003593522 0.25889528
v 0.3046288 0.0016747573 0.28030252
v 0.3767882 0.009102388 0.26742545
v 0.3535731 0.0062794755 0.2251471
v 0.42551425 0.015513097 0.21253744
v 0.24400908 -0.0023410546 0.22684214
v 0.4285754 0.0149922045 0.16779141
v 0.3280276 0.007831662 0.17955658
v 0.21077974 -0.0010165009 0.16262802
v 0.41300753 0.016953103 0.1321969
v 0.29278263 0.008816887 0.115918666
v 0.19032799 0.0013649958 0.12066418
v 0.3761251 0.01773129 0.07014553
v 0.27056587 0.010198099 0.07521399
v 0.35118544 0.019712245 0.030532764
v 0.1717413 0.0019055149 0.0856515
v 0.25142407 0.0098607605 0.041129135
v 0.33125395 0.020018518 -0.0036899517
v 0.31200618 0.019553745 -0.03364668
v 0.23550192 0.008771899 0.014356079
v 0.15533574 0.0016287058 0.05417566
v 0.28955573 0.018505443 -0.06748623
v 0.21319075 0.00743195 -0.02475815
v 0.13656908 0.000939551 0.018273735
v 0.25579712 0.016101135 -0.09737748
v 0.19228433 0.008090784 -0.0620673
v 0.21280387 0.012465666 -0.12028402
v 0.12889037 0.0015842573 -0.026233736
v 0.16720538 0.0077383644 -0.10689032
v 0.13198793 0.0032643853 -0.07495053
v 1.0362033 1.1719152 0.15147667
v 1.0573643 1.1774698 0.16384685
v 1.0634007 1.1947597 0.14427021
v 1.047427 1.1923729 0.1331909
v 1.0150876 1.1767266 0.13963778
v 1.0647788 1.2134109 0.14910848
v 1.0271199 1.1970543 0.12275888
v 0.9979816 1.1788824 0.12963095
v 0.98874706 1.2001991 0.09745697
v 1.0527117 1.2211832 0.13817096
v 1.0613022 1.2187405 0.17209816
v 1.0431913 1.2318671 0.16342302
v 1.0326129 1.2254088 0.12653798
v 1.0326129 1.2254088 0.12653798
v 1.0221628 1.2357703 0.15165468
v 1.0043294 1.2391129 0.1416236
v 0.99138904 1.2318017 0.10132698
v 0.9776235 1.2439181 0.12879342
v 0.95772666 1.2497876 0.11542212
v 0.99138904 1.2318017 0.10132698
v 0.97233963 1.2420921 0.08184223
v 0.97476774 1.2096877 0.074284844
v 0.97233963 1.2420921 0.08184223
v 0.980215 1.2193664 0.057820503
v 0.9771797 1.2479002 0.06831859
v 0.93914676 1.2567672 0.10323545
v 0.9595756 1.2528884 0.07173454
v 0.95669514 1.2801521 0.045483515
v 0.9394862 1.2668023 0.06884035
v 0.9396477 1.2222235 0.13499306
v 0.96274716 1.2178262 0.1478834
v 0.9776235 1.2439181 0.12879342
v 0.9866931 1.2153178 0.16137926
v 1.0043294 1.2391129 0.1416236
v 1.0057125 1.2129313 0.1707052
v 1.0221628 1.2357703 0.15165468
v 1.0257342 1.2098128 0.18106271
v 0.9219634 1.2252305 0.12556636
v 1.0431913 1.2318671 0.16342302
v 0.91416985 1.2677481 0.08527363
v 0.8962288 1.2322084 0.11057312
v 0.89608824 1.2789056 0.053739995
v 0.9228514 1.2745403 0.06552636
v 1.041258 1.2044251 0.18505086
v 1.0613022 1.2187405 0.17209816
v 1.0418555 1.186152 0.18037924
v 1.0573643 1.1774698 0.16384685
v 1.0613022 1.2187405 0.17209816
v 1.0634007 1.1947597 0.14427021
v 1.0647788 1.2134109 0.14910848
v 1.0255523 1.1844616 0.17405058
v 1.0573643 1.1774698 0.16384685
v 1.0057125 1.2129313 0.1707052
v 1.0362033 1.1719152 0.15147667
v 1.005112 1.1891708 0.16198862
v 0.9866931 1.2153178 0.16137926
v 1.0150876 1.1767266 0.13963778
v 0.9871614 1.1910882 0.15256438
v 0.96274716 1.2178262 0.1478834
v 0.96384573 1.1940298 0.1403382
v 0.93971956 1.1973807 0.123625875
v 0.9396477 1.2222235 0.13499306
v 0.97743165 1.1841884 0.11662282
v 0.951349 1.1860694 0.10095969
v 0.92372143 1.1999017 0.11316782
v 0.9219634 1.2252305 0.12556636
v 0.96674544 1.1939777 0.08423857
v 0.9385453 1.1859393 0.092860885
v 0.89122295 1.2042403 0.09568345
v 0.9656446 1.2045866 0.057916585
v 0.9566355 1.1907622 0.07285476
v 0.87593615 1.2379904 0.09297981
v 0.8976957 1.1857084 0.06630605
v 0.8710394 1.207951 0.08102091
v 0.9282763 1.1907747 0.026354307
v 0.90921646 1.1803808 0.04247511
v 0.90667224 1.178684 0.008591481
v 0.94641525 1.2015401 0.023560662
v 0.87631905 1.1840127 0.05023954
v 0.89018023 1.1783715 0.027229406
v 0.8570783 1.2482297 0.07549376
v 0.8526947 1.2164913 0.06476356
v 0.8492512 1.1915716 0.026970355
v 0.8615066 1.1934063 0.008965357
v 0.8294471 1.2233429 0.053508185
v 0.8644719 1.2730088 0.04993836
v 0.82312036 1.209383 0.014726387
v 0.83788836 1.2693633 0.053445466
v 0.86489254 1.291807 0.011463713
v 0.8619295 1.2020875 -0.027474452
v 0.7967507 1.2343836 0.048405632
v 0.90118337 1.2937388 -0.031670157
v 0.9031968 1.1970857 -0.029207215
v 0.9421746 1.2073026 -0.028748943
v 0.9702463 1.2082833 0.019584129
v 0.7883263 1.2148685 0.017233768
v 0.81995124 1.2034843 -0.026941437
v 0.89827484 1.2053977 -0.07383063
v 0.9370476 1.2083049 -0.07840398
v 0.8626066 1.2079372 -0.0689512
v 0.8926371 1.2138461 -0.10923551
v 0.8628206 1.219107 -0.10013565
v 0.9374857 1.2193345 -0.11148967
v 0.83011484 1.2243655 -0.08756608
v 0.9570357 1.2137139 -0.07891639
v 0.9574396 1.224951 -0.11292339
v 0.9634181 1.2114447 -0.028140606
v 0.9770241 1.2191231 -0.07942879
v 0.97739357 1.2305676 -0.114357114
v 1.0224473 1.2392448 -0.11350521
v 1.0257206 1.2292992 -0.07789525
v 1.0376958 1.2394112 -0.11341938
v 0.9814326 1.2157388 -0.02850915
v 0.9885087 1.2148631 0.01819137
v 1.039747 1.2295215 -0.07776065
v 1.0872098 1.2400441 -0.113092445
v 1.0271019 1.2264858 -0.027003773
v 0.9935137 1.2258629 0.05574073
v 1.0859549 1.2303675 -0.07724804
v 1.123929 1.239314 -0.10764789
v 1.0297579 1.226813 0.015717506
v 1.0406415 1.2268121 -0.026859831
v 0.9935097 1.2490511 0.06589819
v 1.0326834 1.2323481 0.05382529
v 1.0424674 1.2272763 0.015750453
v 1.0858449 1.2280543 -0.026311561
v 1.1064525 1.2311654 -0.07659296
v 1.1395265 1.2324628 -0.07572265
v 1.1530498 1.2432932 -0.1031856
v 1.1685992 1.2360978 -0.07302469
v 1.1036675 1.2289752 -0.026330821
v 1.1436039 1.2303717 -0.027001
v 1.182301 1.234685 -0.028439024
v 1.0871552 1.2290418 0.015875952
v 1.0446799 1.2329016 0.053722516
v 1.1072744 1.2300448 0.015235904
v 1.1421751 1.2313718 0.013351015
v 1.1767747 1.2331741 0.006975599
v 1.1275117 1.2353245 0.047017224
v 1.1670629 1.2370683 0.037649646
v 1.0915161 1.2350093 0.05333107
v 1.0289555 1.2512771 0.06337998
v 1.1282345 1.2537314 0.05753908
v 1.0915793 1.2529877 0.06145295
v 1.0657065 1.2521323 0.062416468
v 1.0422491 1.2516327 0.0629792
v 1.0879319 1.2811024 0.04360801
v 1.1638399 1.2539629 0.044742476
v 1.1767747 1.2331741 0.006975599
v 1.0601711 1.2810956 0.04612925
v 1.0405425 1.281094 0.046796523
v 1.127864 1.2804905 0.041037872
v 1.1810764 1.2545041 0.016337827
v 1.1707336 1.2701714 0.026443765
v 1.1915876 1.255036 -0.028365808
v 1.182301 1.234685 -0.028439024
v 1.1685992 1.2360978 -0.07302469
v 1.178378 1.2785947 -0.02763907
v 1.1778871 1.25998 -0.074126676
v 1.1530498 1.2432932 -0.1031856
v 1.1284751 1.2931057 -0.025873892
v 1.0882809 1.2944223 -0.025749568
v 1.154726 1.2635715 -0.10282043
v 1.123929 1.239314 -0.10764789
v 1.1234885 1.2647655 -0.110602066
v 1.0872098 1.2400441 -0.113092445
v 1.0862184 1.2649752 -0.11322752
v 1.0629077 1.2647014 -0.113418035
v 1.0376958 1.2394112 -0.11341938
v 1.0343871 1.2645414 -0.11352928
v 1.0224473 1.2392448 -0.11350521
v 1.0174873 1.2644274 -0.113608524
v 0.97739357 1.2305676 -0.114357114
v 1.1695809 1.2715739 -0.07216872
v 1.1234885 1.2647655 -0.110602066
v 1.1259704 1.2834237 -0.07739065
v 1.0862184 1.2649752 -0.11322752
v 1.0854951 1.2841617 -0.07930773
v 1.0586605 1.282446 -0.082373925
v 1.0629077 1.2647014 -0.113418035
v 1.0598744 1.2942872 -0.026916444
v 1.0345522 1.2819047 -0.08334177
v 1.0343871 1.2645414 -0.11352928
v 1.0379083 1.2942474 -0.02726262
v 1.0207949 1.2815187 -0.0840311
v 1.0256764 1.2942188 -0.027509194
v 0.99267286 1.2807302 -0.085440114
v 1.0299758 1.2810926 0.047271743
v 0.9971867 1.2941523 -0.02808341
v 0.99931985 1.2810891 0.04865049
v 0.97800744 1.2806207 0.047067
v 0.976127 1.2934964 -0.02921186
v 0.95506716 1.2928405 -0.03034031
v 0.97030735 1.2796506 -0.08443613
v 0.94794214 1.2785712 -0.083432116
v 0.8953038 1.2806729 -0.08127404
v 0.8655158 1.291979 -0.059248846
v 0.96151423 1.2560284 -0.113383636
v 0.94097936 1.2522917 -0.11211256
v 0.9149739 1.2512784 -0.10917417
v 0.98204917 1.259765 -0.11465469
v 0.9574396 1.224951 -0.11292339
v 0.9374857 1.2193345 -0.11148967
v 0.8926371 1.2138461 -0.10923551
v 0.8928145 1.2513461 -0.10924059
v 0.8647773 1.2753859 -0.08701794
v 0.8378203 1.2672092 -0.09060999
v 0.8629453 1.2545432 -0.1001145
v 0.8628206 1.219107 -0.10013565
v 0.80030835 1.297015 -0.056358438
v 0.80070615 1.2989373 0.014084597
v 0.8003268 1.2760944 0.046859078
v 0.7715172 1.2356639 0.049212627
v 0.77442706 1.2838546 0.04716094
v 0.7972369 1.2329311 -0.08563066
v 0.799386 1.2730519 -0.0877109
v 0.8213989 1.2082305 -0.063994616
v 0.78917855 1.211574 -0.06400038
v 0.77031785 1.2315499 -0.08666572
v 0.7730325 1.2803446 -0.08748919
v 0.74703497 1.3043319 -0.060785946
v 0.7491206 1.306167 0.017492818
v 0.7909757 1.2013818 -0.025368258
v 0.74772733 1.1946414 -0.021642692
v 0.7485852 1.2098163 -0.060757343
v 0.7341078 1.235243 -0.09138855
v 0.7362252 1.2797426 -0.092131324
v 0.6368405 1.2306644 -0.09918267
v 0.63634706 1.3175468 -0.054662786
v 0.7484287 1.2103657 0.02012823
v 0.63917553 1.1935234 -0.062443808
v 0.6361685 1.284055 -0.09805019
v 0.7365612 1.2385794 0.054946892
v 0.7377484 1.2827275 0.05301296
v 0.64442694 1.229788 0.063373215
v 0.6443964 1.189194 0.028151711
v 0.63722634 1.3183233 0.013463545
v 0.64335465 1.1775101 -0.016573468
v 0.64122653 1.2833396 0.05917315
v 0.53081614 1.2841624 -0.110511534
v 0.5317306 1.3184829 -0.06020523
v 0.5307287 1.2296375 -0.11246933
v 0.53241694 1.3193493 0.018300828
v 0.5346427 1.2833072 0.07078621
v 0.53306687 1.1916136 -0.06963959
v 0.5361737 1.2252426 0.075595565
v 0.536127 1.1756678 -0.016403789
v 0.5367067 1.187902 0.035021856
v 0.21191537 0.3912915 -0.18471257
v 0.1436272 0.3477383 -0.14023073
v 0.20751333 0.37455037 -0.040764306
v 0.24587633 0.34871027 -0.07471696
v 0.26124135 0.33438033 -0.18875106
v 0.27751276 0.34139615 -0.07076971
v 0.35986596 0.31523082 -0.10561948
v 0.33636707 0.35937327 -0.011383261
v 0.4284586 0.41012514 -0.041412275
v 0.33407688 0.359121 0.021023892
v 0.4225592 0.40259996 0.02956028
v 0.3180793 0.3613826 0.051842935
v 0.35066262 0.31173965 0.08971738
v 0.07946856 0.32314765 -0.03949741
v 0.19039689 0.3758951 -0.0058086794
v 0.20751333 0.37455037 -0.040764306
v 0.122494705 0.42001203 -0.10299295
v 0.3289619 0.3843098 -0.15227538
v 0.26124135 0.33438033 -0.18875106
v 0.27751276 0.34139615 -0.07076971
v 0.30636472 0.33751893 -0.050097484
v 0.33636707 0.35937327 -0.011383261
v 0.35986596 0.31523082 -0.10561948
v 0.09189984 0.695236 0.36446178
v 0.14768645 0.80453414 0.30978757
v 0.20363046 0.81053585 0.28603253
v 0.18424729 0.86265963 0.339399
v 0.14768645 0.80453414 0.30978757
v 0.13289307 0.8857891 0.36500856
v 0.13897255 0.93707544 0.3170615
v 0.08161886 0.94051594 0.3270652
v 0.06597854 0.89727336 0.37075675
v -0.0044397563 0.94538003 0.3304997
v -0.005557969 0.899411 0.3723795
v -0.07703601 0.8973543 0.37137333
v -0.09042062 0.9402481 0.32687083
v -0.14379428 0.88516814 0.36528525
v -0.1492155 0.93661815 0.3177891
v -0.19762297 0.8615951 0.33999193
v -0.15511008 0.8027969 0.31113935
v -0.122803256 0.8420866 0.33435562
v -0.14379428 0.88516814 0.36528525
v -0.07703601 0.8973543 0.37137333
v -0.10362841 0.79832464 0.3212409
v -0.10091628 0.69584185 0.36577263
v -0.04839246 0.69560057 0.35726568
v -0.06399755 0.8530764 0.34252223
v -0.005557969 0.899411 0.3723795
v -0.057444766 0.7880704 0.3296282
v -0.0029193312 0.8535004 0.34343258
v -0.0030584782 0.78445536 0.3282555
v -0.010620892 0.6920888 0.34608904
v 0.039965466 0.6949038 0.35567957
v 0.058229446 0.8533047 0.34184977
v 0.06597854 0.89727336 0.37075675
v 0.05127029 0.7888983 0.3287772
v 0.09758629 0.797973 0.32073584
v 0.09189984 0.695236 0.36446178
v 0.11733209 0.84335846 0.3343418
v 0.13289307 0.8857891 0.36500856
v 0.038066328 0.6774995 -0.12338611
v -0.0057109892 0.67860895 -0.12806429
v 0.017208487 0.64949787 -0.24773192
v -0.023986682 0.6627569 -0.23454838
v 0.04788162 0.6485808 0.02178251
v -0.0057109892 0.67860895 -0.12806429
v 0.038066328 0.6774995 -0.12338611
v -0.018738195 0.65663517 0.01968186
v -0.005960718 0.6902145 0.16628805
v -0.033836856 0.6919284 0.16398731
v 0.0050686896 0.69007754 0.16911176
v 0.024901852 0.65524745 0.022823121
v -0.024230734 0.70841676 0.28401405
v -0.0189033 0.70962864 0.27478996
v -0.17674817 1.0703061 0.3994591
v -0.1189654 1.0149657 0.38990963
v -0.24945225 0.9392956 0.44661826
v -0.11892204 1.0777602 0.41980174
v -0.10076146 1.1149428 0.35717994
v -0.14169623 1.1684684 0.34322685
v -0.1793945 1.1509732 0.3309553
v -0.23422827 1.0518655 0.35586196
v -0.2706766 1.0651677 0.24735153
v -0.33541036 0.91399497 0.3730789
v -0.24945225 0.9392956 0.44661826
v -0.34269774 0.80381817 0.3845839
v -0.37720585 0.88390225 0.27267203
v -0.40153605 0.7658022 0.2781167
v -0.42234337 0.8274244 0.16997294
v -0.31324148 1.0028795 0.25760826
v -0.36823565 0.9991249 0.14945634
v -0.25975215 0.077939324 -0.036167443
v -0.26244253 0.07449269 0.0045184745
v -0.2683906 0.026583554 0.006164338
v -0.26494008 0.026715273 -0.03699507
v -0.27083385 0.026005484 0.044203322
v -0.2634793 0.07198361 0.040834207
v -0.26436436 0.075745896 0.08159514
v -0.27173352 0.024551526 0.08663531
v -0.27463305 0.020322971 0.13999502
v -0.27221584 0.084281154 0.21962464
v -0.2772972 0.016221648 0.21669103
v -0.2689569 0.09325405 0.13693975
v -0.23666455 0.113705166 0.20880295
v -0.100668326 0.061534513 0.29214868
v -0.095343575 0.015416581 0.29995266
v -0.106112406 0.017631758 0.2920596
v -0.11067931 0.05718626 0.28536627
v -0.121621504 0.09952377 0.2758638
v -0.1286505 0.08976899 0.27139902
v -0.1464035 0.105192736 0.2789662
v -0.14990558 0.09463115 0.2740599
v -0.17118551 0.11086173 0.28206867
v -0.17116065 0.09949331 0.27672082
v -0.19580542 0.10518207 0.27905378
v -0.19227661 0.09462188 0.27413502
v -0.22042523 0.09950228 0.27603891
v -0.2133926 0.08975063 0.27154925
v -0.24117984 0.061534513 0.29214868
v -0.23119341 0.05718626 0.28536627
v -0.24657078 0.015416581 0.29995266
v -0.23581715 0.017631758 0.2920596
v -0.20344563 0.13228495 0.24256743
v -0.17055841 0.104723714 0.33710656
v -0.12411757 0.103191696 0.3348023
v -0.1464035 0.105192736 0.2789662
v -0.106584564 0.123515524 0.24069561
v -0.121621504 0.09952377 0.2758638
v -0.24487002 0.077929065 -0.07926065
v -0.24890317 0.026696788 -0.08246332
v -0.22064902 0.02656732 -0.12625733
v -0.2182038 0.077816404 -0.11875889
v -0.082777366 0.077895306 -0.03616888
v -0.07704128 0.026664997 -0.03699606
v -0.07572584 0.026603492 0.0061613726
v -0.08148517 0.07776475 0.004531978
v -0.07447149 0.026173212 0.04412167
v -0.07330085 0.024647042 0.08657808
v -0.07974361 0.07579319 0.08154811
v -0.08256681 0.073772915 0.040735047
v -0.10168274 0.11025523 0.07804789
v -0.10653256 0.11254449 0.10889174
v -0.11138238 0.114833765 0.13973556
v -0.127546 0.131252 0.085906886
v -0.11463557 0.1247432 0.055946287
v -0.09567179 0.11097077 0.040292982
v -0.07730241 0.08367809 0.13731705
v -0.070482835 0.064782776 0.21904011
v -0.10559462 0.11373577 0.20841672
v -0.06967543 0.020579748 0.13978857
v -0.066210166 0.016304946 0.21654496
v -0.09804143 0.07796095 -0.079248756
v -0.12477155 0.0778845 -0.11870347
v -0.121524885 0.026615867 -0.12622607
v -0.09320183 0.026712315 -0.08245871
v -0.06964873 -0.0036803957 0.259091
v -0.17095639 -0.0013651913 0.3260743
v -0.09534569 -0.0013651955 0.29995266
v -0.17110898 -0.0033477398 0.27365154
v -0.24656738 -0.0013651955 0.29995266
v -0.06602527 -0.0010597948 0.21712124
v -0.27303594 -0.0037102874 0.2591386
v -0.17128704 -0.00046684782 0.2169566
v -0.068776205 0.0017772543 0.13870187
v -0.2773806 -0.0011130217 0.21720608
v -0.17179738 0.002234869 0.13800989
v -0.061022148 0.0034564917 0.11342992
v -0.27548718 0.0015892612 0.13889267
v -0.17215516 0.0034872477 0.11285658
v -0.07192837 0.0051356102 0.08815797
v -0.27430576 0.0033269112 0.11354388
v -0.17251287 0.004739716 0.08770328
v -0.27312434 0.0050645317 0.08819511
v -0.072967306 0.006535597 0.045148022
v -0.17244376 0.005280234 0.04525926
v -0.27245313 0.006378956 0.045217536
v -0.2700895 0.0069277296 0.006628248
v -0.17146493 0.004908325 0.011432468
v -0.0741051 0.0069382796 0.0066257818
v -0.26669586 0.007056886 -0.037349258
v -0.17095776 0.004535669 -0.03747868
v -0.07531147 0.006999904 -0.0373506
v -0.2504127 0.0070414706 -0.08359459
v -0.17103638 0.006232993 -0.08388977
v -0.22160341 0.006897369 -0.12812997
v -0.09165795 0.007053302 -0.08359127
v -0.17104326 0.0070323716 -0.13965397
v -0.12049596 0.006952354 -0.12810007
v -0.23119341 0.05718626 0.28536627
v -0.17096408 0.017631762 0.3150363
v -0.23581715 0.017631758 0.2920596
v -0.17096408 0.057052393 0.304097
v -0.11067931 0.05718626 0.28536627
v -0.106112406 0.017631758 0.2920596
v -0.1286505 0.08976899 0.27139902
v -0.14990558 0.09463115 0.2740599
v -0.17116065 0.09949331 0.27672082
v -0.19227661 0.09462188 0.27413502
v -0.2133926 0.08975063 0.27154925
v -0.17095639 0.015416586 0.326742
v -0.24657078 0.015416581 0.29995266
v -0.23581715 0.017631758 0.2920596
v -0.17096408 0.017631762 0.3150363
v -0.095343575 0.015416581 0.29995266
v -0.106112406 0.017631758 0.2920596
v -0.04184763 1.312236 0.23452803
v -0.017640665 1.2901735 0.26161522
v -0.042507008 1.2690865 0.28543139
v -0.09855805 1.3150951 0.23471758
v -0.09387441 1.3467034 0.19741334
v -0.10029979 1.2481084 0.3048311
v -0.06948353 1.2461373 0.30379403
v -0.097990796 1.2160316 0.32508424
v -0.14169623 1.1684684 0.34322685
v -0.13700213 1.3529816 0.19669181
v -0.13103618 1.3777089 0.15495585
v -0.1554897 1.3024243 0.26395175
v -0.14920999 1.254443 0.30917457
v -0.1793945 1.1509732 0.3309553
v -0.19435091 1.2596751 0.30501437
v -0.16207144 1.3842728 0.13546166
v -0.15686372 1.3897455 0.06576964
v -0.18119346 1.3352612 0.229497
v -0.17017467 1.3672376 0.1825486
v -0.20533463 1.3922031 0.1100843
v -0.2507736 1.126276 0.25162128
v -0.2706766 1.0651677 0.24735153
v -0.36823565 0.9991249 0.14945634
v -0.20827799 1.3846638 0.14373489
v -0.2045736 1.3887849 0.01130118
v -0.16514984 1.3923789 -0.01601154
v -0.14353518 1.3881851 -0.07101278
v -0.27420008 1.394663 0.04691286
v -0.2547716 1.1853364 0.2532545
v -0.2746277 1.2288318 0.24615265
v -0.3489313 1.1384059 0.15092504
v -0.3292548 1.2315425 0.20265958
v -0.43609804 1.079156 -0.04579306
v -0.2692737 1.3275883 0.24058633
v -0.30933565 1.3417453 0.20422977
v -0.25145084 1.3779365 0.16173625
v -0.3290828 1.4061824 0.06802904
v -0.29830793 1.4042344 0.06558945
v -0.29706523 1.374239 -0.10167299
v -0.33009538 1.3751723 -0.099272154
v -0.25380456 1.3711418 -0.10169731
v -0.28687862 1.3470246 -0.17022035
v -0.33094722 1.3164023 -0.19198784
v -0.1970572 1.3734866 -0.096383564
v -0.24370146 1.350786 -0.16958135
v -0.19850524 1.2761258 -0.2732285
v -0.29013038 1.2586364 -0.25820598
v -0.40234286 1.2320158 -0.19149451
v -0.20472778 1.356345 -0.15560913
v -0.16479526 1.3631204 -0.13999163
v -0.12893988 1.3790555 -0.11040401
v -0.15616201 1.3217338 -0.2216921
v -0.10435505 1.3021946 -0.2584768
v -0.12708153 1.347667 -0.18060027
v -0.10528355 1.370369 -0.14526266
v -0.08668654 1.3359466 -0.21013707
v -0.07115133 1.3633279 -0.17071947
v -0.042467907 1.3323357 -0.22301467
v -0.034599736 1.3619523 -0.18199334
v 0.0026649833 1.3318434 -0.22695924
v 0.004059881 1.3611696 -0.1901614
v 0.04245867 1.3614413 -0.18265043
v -0.051184133 1.2963119 -0.27208543
v 0.047308102 1.3329765 -0.22101496
v 0.078043535 1.3645687 -0.16749948
v 0.09085809 1.3381749 -0.20226274
v 0.10536091 1.3051165 -0.24645561
v 0.11220267 1.3729167 -0.137569
v 0.13104023 1.3509203 -0.16688538
v 0.13758828 1.380808 -0.10313792
v 0.052153423 1.2974145 -0.2685664
v 0.16967203 1.363947 -0.12610006
v 0.15502016 1.3876352 -0.06715576
v 0.0006941706 1.2956147 -0.27458662
v -0.0020781606 1.244113 -0.32805452
v 0.15729052 1.3258244 -0.20016812
v 0.19532298 1.2818699 -0.24065368
v 0.05453399 1.2464148 -0.3218961
v -0.059189692 1.2450665 -0.32638183
v 0.11817676 1.2558957 -0.29749706
v 0.12238755 1.179289 -0.3562924
v 0.054580405 1.1732782 -0.37735003
v -0.122548476 1.2520533 -0.3136603
v -0.13365461 1.173601 -0.37623852
v -0.06548901 1.1716543 -0.38281143
v -0.0050000846 1.1715004 -0.38323224
v -0.20678519 1.1768929 -0.35877332
v -0.14365937 1.0788351 -0.42409432
v -0.2181765 1.0748276 -0.40684983
v -0.2882439 1.1667895 -0.3271209
v -0.07120471 1.080052 -0.43069983
v -0.3720904 1.1515977 -0.23850642
v -0.42802542 1.1356454 -0.14958857
v -0.423837 1.0698384 -0.18765947
v -0.37658012 1.0554268 -0.27987546
v -0.2959053 1.063402 -0.36812305
v -0.24068625 0.9669164 -0.42702097
v -0.44269133 0.9715065 -0.022857653
v -0.44126838 0.9511585 -0.171976
v -0.45999217 0.81825256 0.009243083
v -0.42234337 0.8274244 0.16997294
v -0.39125437 0.9512436 -0.27874586
v -0.4466833 0.79596496 -0.13641195
v -0.4630708 0.60527235 0.02813382
v -0.31986505 0.9604283 -0.37243325
v -0.15819378 0.9723342 -0.46212295
v -0.4388901 0.60944915 0.15530257
v -0.40153605 0.7658022 0.2781167
v -0.40839022 0.839564 -0.24566339
v -0.28388935 0.85114545 -0.43869784
v -0.35095137 0.86556405 -0.36448112
v -0.4302556 0.7146782 -0.20648691
v -0.44410115 0.5841221 -0.084053315
v -0.36706626 0.7468063 -0.3800276
v -0.4108101 0.6240161 0.31932995
v -0.34269774 0.80381817 0.3845839
v -0.4219969 0.5355374 -0.20308147
v -0.1812283 0.8639682 -0.507174
v -0.3196435 0.60584605 -0.45160207
v -0.37918526 0.53079903 -0.34125072
v -0.07916649 0.9738359 -0.47696182
v -0.006747514 1.0806267 -0.43149137
v 0.056910828 1.0819712 -0.4255135
v -0.007141784 0.9741543 -0.47960812
v -0.09217216 0.86645967 -0.53376144
v -0.2071404 0.61604524 -0.52750456
v 0.1293072 1.086344 -0.40409535
v -0.34430945 0.38846174 -0.28371015
v -0.26763606 0.38868946 -0.36667633
v -0.40356314 0.40631706 -0.18028668
v -0.4650762 0.41759324 -0.08020539
v -0.48890996 0.43219346 0.03173476
v -0.45420426 0.4454669 0.15859665
v -0.39449507 0.44657454 0.27888444
v -0.39938873 0.3675101 -0.17466022
v -0.33236134 0.35304576 -0.26573753
v -0.47136927 0.36652994 -0.08640928
v -0.49518317 0.3851195 0.03374054
v -0.46603757 0.39121285 0.15039636
v -0.38005245 0.3970924 0.29224858
v -0.25082707 0.34778214 -0.33449277
v -0.30455214 0.39180407 0.38779408
v -0.17535387 0.3946238 -0.41027322
v -0.16225757 0.35303855 -0.36738437
v -0.32911855 0.44414842 0.38932377
v -0.22907628 0.39289814 0.43454403
v -0.10756789 0.6217207 -0.5553953
v -0.08914147 0.39803478 -0.4274207
v -0.08031346 0.355711 -0.37988943
v -0.35705787 0.64526904 0.44213432
v -0.25318217 0.44464326 0.45115325
v -0.1547385 0.40397486 0.45324773
v -0.28000593 0.6706506 0.5088846
v -0.24945225 0.9392956 0.44661826
v -0.17792238 0.4660906 0.47803396
v -0.069664076 0.40904465 0.45744246
v -0.0017148554 0.39897883 -0.43129584
v 0.0008164197 0.35606933 -0.38226816
v 0.08714531 0.3537282 -0.3787629
v -0.16594289 0.94879824 0.4870221
v -0.1189654 1.0149657 0.38990963
v -0.08107765 0.95193285 0.5118535
v -0.19382755 0.69290715 0.5361442
v -0.08848213 0.47044188 0.48429173
v 0.003965944 0.413912 0.45821068
v -0.0073391944 0.6233517 -0.5611587
v 0.09103195 0.39646474 -0.4259132
v 0.18406193 0.3481019 -0.36294752
v -0.099999145 0.7052908 0.5492997
v 0.0029612333 0.47476134 0.48409164
v -0.0066260546 0.86667055 -0.5391999
v 0.097404614 0.6214033 -0.55307645
v 0.19313554 0.3901422 -0.40416884
v 0.29133582 0.3412663 -0.32575092
v 0.08064537 0.8667126 -0.5298563
v 0.21259606 0.6142456 -0.5178912
v 0.3064003 0.38255063 -0.35434747
v 0.3838507 0.34984168 -0.25687313
v 0.06441262 0.97510785 -0.47212636
v 0.17810795 0.86509734 -0.49273574
v 0.14492548 0.977833 -0.44460803
v 0.35195625 0.60402846 -0.42964596
v 0.39479595 0.38619432 -0.27125105
v 0.44930917 0.37123343 -0.17152736
v 0.45202214 0.41183913 -0.17518665
v 0.5064072 0.3818156 -0.08745943
v 0.30219665 0.8551728 -0.4062401
v 0.20914558 1.0942 -0.36314392
v 0.42509115 0.532904 -0.32004848
v 0.49302197 0.43788245 -0.08060519
v 0.4757215 0.44829154 0.031129666
v 0.4036042 0.7520711 -0.34597835
v 0.46634033 0.54893035 -0.19180797
v 0.4706571 0.61303186 -0.083076835
v 0.46495226 0.7377753 -0.1817653
v 0.4495274 0.5840292 0.027748518
v 0.3989373 0.5253997 0.1522528
v 0.37853009 0.8763606 -0.31344384
v 0.47222176 0.8158376 -0.10942699
v 0.43615234 0.86288124 -0.20198132
v 0.3284563 0.98916 -0.31058246
v 0.40013736 0.9945846 -0.21599242
v 0.23634154 0.9811278 -0.3874195
v 0.29499298 1.1041212 -0.30577245
v 0.362948 1.1355337 -0.22639446
v 0.28310895 1.1800354 -0.27684247
v 0.19843964 1.1888703 -0.31739178
v 0.2869511 1.2610906 -0.21696357
v 0.45214757 0.9797636 -0.11943037
v 0.44980842 1.0922859 -0.14276317
v 0.43515533 1.1793286 -0.16274737
v 0.46344185 0.8076161 0.016287113
v 0.4112044 0.779551 0.16321163
v 0.28713134 1.3418084 -0.13922769
v 0.3454676 1.3090453 -0.1565635
v 0.24265969 1.3475307 -0.14352424
v 0.20607373 1.355647 -0.13496691
v 0.19902036 1.372867 -0.08357462
v 0.24598394 1.3680832 -0.08546148
v 0.21540137 1.382275 0.006082883
v 0.17925999 1.3884692 -0.016683005
v 0.18061312 1.3793827 0.058036856
v 0.28574905 1.3672427 -0.08425591
v 0.27278137 1.3819803 0.03414911
v 0.24081998 1.3692164 0.08939411
v 0.32731616 1.3656182 -0.081709586
v 0.20197536 1.3621125 0.12930742
v 0.15708958 1.3641137 0.1526864
v 0.15024953 1.344038 0.18722902
v 0.10217415 1.345407 0.1914086
v 0.19643708 1.347913 0.17107351
v 0.2501387 1.3554287 0.12194332
v 0.10445605 1.312438 0.22444572
v 0.045893714 1.312165 0.23427206
v 0.105622545 1.2466686 0.2984611
v 0.19411585 1.323144 0.20285566
v 0.16482648 1.2950369 0.2414375
v 0.046489596 1.2690432 0.2854596
v 0.02159506 1.2901744 0.26162472
v 0.0452611 1.2408755 0.3131553
v 0.0019772053 1.2724925 0.28283975
v 0.07375334 1.24581 0.30327007
v 0.0019772053 1.2405307 0.3148027
v -0.04130645 1.2408748 0.31314164
v 0.0019807965 1.1817167 0.35320544
v -0.046892926 1.1818324 0.34836677
v -0.09887688 1.1783797 0.34650505
v 0.10345706 1.1779869 0.34329936
v 0.10295683 1.2151359 0.32103634
v 0.14736578 1.1678667 0.32863078
v 0.050854802 1.1818337 0.34837636
v 0.15741391 1.2496798 0.2899177
v 0.20642447 1.2513239 0.2751491
v 0.18417124 1.1511743 0.29377547
v 0.0019723326 1.0769553 0.4282784
v 0.063090965 1.0793214 0.427103
v 0.1228705 1.0779444 0.41860044
v 0.18084072 1.0708249 0.379423
v 0.23429692 1.0556728 0.30864
v 0.26445675 1.1161864 0.20686711
v -0.059139445 1.0793425 0.4275225
v -0.10076146 1.1149428 0.35717994
v -0.11892204 1.0777602 0.41980174
v 0.007947043 0.95648533 0.5189177
v 0.096992 0.9520524 0.5116181
v 0.0009662211 0.711964 0.5514367
v 0.10193981 0.70559084 0.54902846
v 0.18202753 0.94937295 0.48638976
v 0.09437029 0.47066116 0.48403856
v 0.07760164 0.409121 0.45732787
v 0.1958638 0.6950628 0.53511304
v 0.18371111 0.46727744 0.4771352
v 0.1629267 0.4037853 0.45271614
v 0.2632726 0.93911904 0.44009277
v 0.2810187 0.67232645 0.5064549
v 0.2587089 0.44573212 0.44969642
v 0.23712912 0.3927303 0.4337542
v 0.3382906 0.91614276 0.36763027
v 0.33703116 0.7813514 0.38688874
v 0.35036433 0.6473393 0.43921143
v 0.327495 0.44864294 0.38942587
v 0.30816376 0.39468348 0.38713574
v 0.37387425 0.44405553 0.28042734
v 0.3834125 0.57502395 0.31551287
v 0.3828459 0.70622414 0.28134143
v 0.36836135 0.85429865 0.26258424
v 0.30760312 1.0134552 0.22425118
v 0.38627255 0.9844235 0.116227105
v 0.36077482 1.1200279 0.11494708
v 0.44669572 0.97770405 -0.007416753
v 0.45064315 1.0674171 -0.030652212
v 0.51575315 1.1091882 -0.03405832
v 0.2659101 1.1768832 0.20448859
v 0.28814226 1.2169375 0.19455491
v 0.2822795 1.3125563 0.19092384
v 0.36840576 1.2087264 0.13776542
v 0.49391878 1.1236302 -0.11238124
v 0.47827446 1.1543068 0.07464986
v 0.28809047 1.3502568 0.1253175
v 0.31866896 1.3261969 0.14861983
v 0.28052884 1.368712 0.08564907
v 0.2956539 1.3856696 0.047587205
v 0.3333911 1.3834739 0.04501591
v 0.41594514 1.3763971 0.019344589
v 0.32494587 1.3560628 0.088519014
v 0.41979277 1.3175291 0.09928338
v 0.4274322 1.2247689 0.11068439
v 0.52798724 1.3307365 0.09856307
v 0.41326267 1.3784312 -0.07608729
v 0.5270176 1.2232453 0.10742113
v 0.4474105 1.3271103 -0.13929734
v 0.4910547 1.2451999 -0.14007396
v 0.52488136 1.325136 -0.14385521
v 0.5245976 1.3765228 -0.070262335
v 0.5252929 1.3807069 0.022844613
v 0.5268223 1.1505564 -0.0897139
v 0.57000357 1.0995005 -0.014252135
v 0.5245963 1.2309892 -0.14886644
v 0.58268386 1.3358957 0.091794245
v 0.56961703 1.1204174 0.05237635
v 0.6080066 1.0980371 -0.014736976
v 0.5701169 1.1509678 -0.08435494
v 0.57905185 1.3286535 -0.13438211
v 0.5755314 1.376413 0.02277602
v 0.57973224 1.215422 0.1055178
v 0.57648784 1.2202803 -0.14258504
v 0.5755283 1.3723853 -0.06717784
v 0.61422753 1.3677609 0.02535971
v 0.61403906 1.3594141 -0.07440933
v 0.6404 1.331999 0.08800908
v 0.6082383 1.1230649 0.05420504
v 0.63828385 1.2166076 0.10267519
v 0.7190069 1.3125696 0.08587224
v 0.6487648 1.3684447 0.020799784
v 0.61226636 1.3151927 -0.1346381
v 0.6460102 1.1238868 0.048735138
v 0.64864534 1.3628476 -0.06518287
v 0.6435126 1.3186917 -0.13002914
v 0.6094532 1.2222302 -0.14284645
v 0.60819036 1.1578461 -0.09088891
v 0.64039475 1.2111175 -0.13806146
v 0.6449696 1.1492115 -0.080383234
v 0.64610815 1.1013585 -0.015067205
v 0.7234443 1.119581 -0.01589267
v 0.7235686 1.1359272 0.04616402
v 0.7195847 1.1696018 -0.08001176
v 0.7152718 1.310723 -0.12743433
v 0.72224367 1.2221552 0.09445302
v 0.83351296 1.1157721 -0.016020574
v 0.71467054 1.2327865 -0.13229276
v 0.8338226 1.1334604 0.046692304
v 0.8257221 1.1798129 -0.0805153
v 0.92249066 1.0893334 -0.015775403
v 0.9226947 1.1066548 0.042739622
v 0.83265704 1.2276813 0.09624882
v 0.81593555 1.2646172 0.09626665
v 0.8235178 1.2316529 -0.13180736
v 0.83111453 1.3067279 0.09008141
v 0.8248261 1.3056948 -0.1301261
v 0.8842849 1.2642615 -0.11084269
v 0.71620184 1.3557167 -0.06559318
v 0.79336774 1.353826 -0.07128259
v 0.82582915 1.3545251 0.02580026
v 0.92920053 1.3252707 0.048495315
v 0.7167138 1.3580954 0.0214438
v -0.09887688 1.1783797 0.34650505
v -0.14169623 1.1684684 0.34322685
v -0.097990796 1.2160316 0.32508424
v -0.06948353 1.2461373 0.30379403
v -0.04130645 1.2408748 0.31314164
v -0.042507008 1.2690865 0.28543139
v -0.017640665 1.2901735 0.26161522
v 0.0019772053 1.2724925 0.28283975
v 0.0019772053 1.308304 0.24371707
v 0.02159506 1.2901744 0.26162472
v -0.04184763 1.312236 0.23452803
v 0.045893714 1.312165 0.23427206
v -0.04180582 1.3395565 0.20460325
v 0.04772179 1.3390527 0.20461428
v -0.09387441 1.3467034 0.19741334
v 0.10217415 1.345407 0.1914086
v -0.08646993 1.3725053 0.16519193
v 0.09859085 1.3701655 0.16417381
v -0.13103618 1.3777089 0.15495585
v 0.15708958 1.3641137 0.1526864
v -0.11599657 1.3948567 0.102023065
v 0.14272532 1.3837724 0.10299818
v -0.15686372 1.3897455 0.06576964
v 0.18061312 1.3793827 0.058036856
v -0.13164431 1.4039605 0.022876881
v 0.14663331 1.4008516 0.020277869
v -0.16514984 1.3923789 -0.01601154
v 0.17925999 1.3884692 -0.016683005
v -0.14673594 1.3960553 -0.024172228
v -0.13432159 1.413452 -0.017083295
v -0.14353518 1.3881851 -0.07101278
v -0.12620756 1.4178002 -0.04816479
v -0.11341344 1.4159318 -0.07810234
v -0.12893988 1.3790555 -0.11040401
v -0.09349021 1.4117062 -0.10597052
v -0.10528355 1.370369 -0.14526266
v -0.06142868 1.407324 -0.124067746
v -0.07115133 1.3633279 -0.17071947
v -0.034599736 1.3619523 -0.18199334
v -0.029567614 1.4050906 -0.13787644
v 0.004059881 1.3611696 -0.1901614
v 0.0046050698 1.40303 -0.14626475
v 0.038844705 1.4042327 -0.1387302
v 0.04245867 1.3614413 -0.18265043
v 0.06983843 1.4073573 -0.12349985
v 0.078043535 1.3645687 -0.16749948
v 0.11220267 1.3729167 -0.137569
v 0.102834836 1.4123256 -0.10295213
v 0.13758828 1.380808 -0.10313792
v 0.12501962 1.4164755 -0.07612457
v 0.15502016 1.3876352 -0.06715576
v 0.13976227 1.4174261 -0.04669082
v 0.14882226 1.4117341 -0.016836837
v 0.16055228 1.393459 -0.023746923
v 0.29872364 1.5584326 0.12884508
v 0.23474388 1.556522 0.21231158
v 0.23006898 1.6545372 0.20354459
v 0.2775129 1.6581602 0.10768443
v 0.31284404 1.5724959 -0.068559244
v 0.2310441 1.7766774 0.19449915
v 0.3024964 1.6616346 -0.009229991
v 0.31748462 1.5727748 -0.1140866
v 0.3165186 1.5680015 -0.07411323
v 0.31573495 1.5626186 -0.0686797
v 0.27411282 1.7819489 0.10335178
v 0.30523142 1.4829965 -0.10129404
v 0.30219555 1.4658625 -0.0059998534
v 0.30323598 1.5480162 0.12977205
v 0.29658517 1.4436468 0.11715837
v 0.2656936 1.5424302 0.21963282
v 0.25327855 1.4514204 0.20225242
v 0.21043472 1.5502298 0.28546894
v 0.19225545 1.4725798 0.2633218
v 0.15963967 1.5503013 0.33627725
v 0.14999194 1.4460514 0.2879045
v 0.10491437 1.5502876 0.36226773
v 0.16977154 1.3776698 0.21701755
v 0.099041745 1.4254935 0.30366346
v 0.051546276 1.5502793 0.3744732
v 0.18955113 1.3959572 0.115177386
v 0.04862322 1.4160056 0.31189328
v -0.00037367642 1.550284 0.379376
v 0.10287885 1.3586512 0.22633488
v 0.19893979 1.398385 -0.009604781
v 0.106715955 1.3784779 0.11805314
v 0.048841015 1.351264 0.23027529
v -0.00037367642 1.4137068 0.31535867
v -0.049370572 1.4160056 0.31189328
v -0.052293614 1.5502793 0.3744732
v -0.09978913 1.4254935 0.30366346
v -0.105661705 1.5502876 0.36226773
v -0.1507393 1.4460514 0.2879045
v -0.16038702 1.5503013 0.33627725
v -0.19166489 1.4725771 0.26539177
v -0.21118204 1.5502298 0.28546894
v -0.24541412 1.4387554 0.19829687
v -0.27099773 1.5230013 0.20440614
v -0.15570182 1.3849537 0.2175103
v -0.26530325 1.4341322 0.12294577
v -0.29695338 1.5249714 0.11508715
v -0.10077721 1.3611465 0.22426556
v -0.049588352 1.351264 0.2302801
v -0.3028201 1.4728333 -0.004774527
v -0.31762162 1.5629447 -0.06881602
v -0.16066435 1.4105251 0.116162926
v -0.10176529 1.3834683 0.11391449
v -0.00037367645 1.3489989 0.23375458
v -0.19984843 1.4053005 -0.008026538
v -0.3059789 1.4873295 -0.10313713
v -0.32040825 1.5734636 -0.114058994
v -0.31859696 1.568404 -0.07422868
v -0.31484628 1.5728978 -0.06865264
v -0.049806133 1.3731914 0.117713735
v 0.04905881 1.3731914 0.11770409
v -0.1107798 1.3777775 -0.014463051
v -0.20804402 1.4158391 -0.1313697
v -0.00037367642 1.37096 0.1211973
v 0.110116705 1.3764448 -0.014888519
v -0.052724168 1.3677585 -0.017216716
v 0.05176711 1.3674206 -0.017351009
v 0.2061656 1.4124644 -0.12754783
v -0.2738478 1.5030667 -0.17328195
v -0.11705323 1.3835211 -0.13178624
v -0.00047157705 1.3657228 -0.017592542
v 0.11492159 1.3836374 -0.1303643
v 0.2725984 1.5021205 -0.17191361
v -0.2055847 1.4646914 -0.20584819
v -0.056685254 1.3708866 -0.13602929
v 0.05436164 1.3703244 -0.13643543
v 0.20421067 1.4636904 -0.20521998
v 0.26248038 1.5714887 -0.1969872
v 0.121212184 1.4333019 -0.21533105
v -0.0011760741 1.3681563 -0.13934003
v -0.12307223 1.4340751 -0.21546185
v 0.29501173 1.6612219 -0.12319734
v 0.19436829 1.5519257 -0.2501902
v 0.058531135 1.4188267 -0.22473942
v -0.060690925 1.4194022 -0.22448675
v 0.29714763 1.7841251 -0.011830524
v 0.25875187 1.6601628 -0.21554902
v 0.12918499 1.5334725 -0.27564412
v -0.0011074096 1.4167674 -0.22999735
v 0.29007354 1.7757449 -0.12474099
v 0.2024808 1.6597692 -0.27646145
v 0.06422816 1.524214 -0.29032725
v 0.25695884 1.7670523 -0.21364139
v 0.13608688 1.6595327 -0.31123888
v 0.20251988 1.7758209 -0.27019328
v -0.06498946 1.5245984 -0.2904373
v -0.00038199127 1.5232809 -0.29746473
v 0.06776054 1.6590946 -0.32942668
v 0.13611443 1.7871819 -0.3039178
v -0.12993236 1.5340809 -0.2758807
v -0.19572805 1.5527894 -0.25069663
v -0.2652197 1.5725758 -0.19674747
v -0.00037367642 1.6590898 -0.33745235
v -0.068507895 1.6591516 -0.32944882
v -0.13683422 1.6595728 -0.31125456
v -0.20322813 1.6597692 -0.27646145
v -0.2594992 1.6601628 -0.21554902
v -0.2957592 1.6612219 -0.12314535
v 0.06766893 1.7930956 -0.32209006
v -0.30324376 1.6616346 -0.009229991
v -0.27826023 1.6581602 0.107684456
v -0.29537782 1.5367413 0.114293374
v -0.23081629 1.6545372 0.20354459
v -0.23723178 1.5408158 0.2011447
v -0.23179145 1.7766774 0.19449915
v -0.2748602 1.7819489 0.103351794
v -0.297895 1.7841251 -0.011830524
v -0.29082096 1.7757449 -0.12474099
v -0.25770617 1.7670523 -0.21364139
v -0.20326723 1.7758209 -0.27019328
v -0.13686176 1.7871819 -0.3039178
v -0.06841628 1.7930956 -0.32209006
v -0.00037367642 1.7943772 -0.33014193
v -0.24368562 1.8874182 0.09675494
v -0.2603879 1.8930126 -0.015507194
v -0.2581389 1.8761197 -0.12512301
v -0.24419309 1.8479213 -0.19776633
v -0.19822632 1.8786931 -0.22700648
v -0.13282086 1.9047332 -0.25240117
v -0.19942881 1.9434838 -0.13893084
v -0.06573151 1.9170216 -0.26778138
v -0.19717307 1.9692912 -0.020534657
v -0.12911679 1.9834223 -0.15410057
v -0.00037367642 1.9197711 -0.2747887
v -0.06242676 2.0005603 -0.16413575
v -0.12518384 2.012936 -0.025444597
v -0.18694754 1.9564022 0.10164524
v 0.06498416 1.9170216 -0.26778138
v -0.22133704 1.8641689 0.17296901
v -0.17665263 1.8966138 0.19707231
v -0.1765451 1.7864263 0.24778333
v -0.12026538 1.995774 0.107675016
v -0.1168098 1.9219308 0.21514185
v -0.11627446 1.7970796 0.27553934
v -0.059627816 2.0314434 -0.028669495
v -0.057386473 1.9334527 0.22519343
v -0.057431296 1.8025054 0.2891776
v -0.057911173 2.0123277 0.1115876
v -0.00037367642 2.004433 -0.16882288
v -0.00037367642 1.9360874 0.22959326
v -0.00037367642 1.8037957 0.2949406
v 0.056683943 1.8025054 0.2891776
v -0.00037367642 2.0356536 -0.03018814
v -0.00037367642 2.0160897 0.11336407
v 0.05663912 1.9334527 0.22519343
v 0.11552712 1.7970796 0.27553934
v 0.061679408 2.0005603 -0.16413575
v 0.058880463 2.0314434 -0.028669495
v 0.057163835 2.0123277 0.1115876
v 0.11606245 1.9219308 0.21514185
v 0.17579776 1.7864263 0.24778333
v 0.11951805 1.995774 0.107675016
v 0.17590527 1.8966138 0.19707231
v 0.12443646 2.012936 -0.025444597
v 0.12836944 1.9834223 -0.15410057
v 0.22058971 1.8641689 0.17296901
v 0.18620017 1.9564022 0.10164524
v 0.2429382 1.8874182 0.09675493
v 0.19642574 1.9692912 -0.020534657
v 0.25964054 1.8930126 -0.015507194
v 0.1320735 1.9047332 -0.25240117
v 0.19868144 1.9434838 -0.13893084
v 0.25739157 1.8761197 -0.12512301
v 0.19747901 1.8786931 -0.22700648
v 0.2434457 1.8479213 -0.19776633
v 0.14802498 1.9186724 0.16165814
v 0.20211749 1.9187582 0.06571197
v 0.23323727 1.9178534 0.09464404
v 0.1901462 1.9177853 0.17107637
v 0.24727952 1.8923234 0.120019145
v 0.20770214 1.8956625 0.18642063
v 0.21809287 1.8049955 0.18667927
v 0.24360749 1.8036107 0.15279901
v 0.2326778 1.7151656 0.17164318
v 0.2861728 0.36570078 0.07389578
v 0.3133655 0.43126068 0.15440036
v 0.35066262 0.31173965 0.08971738
v 0.3180793 0.3613826 0.051842935
v 0.31284404 1.5724959 -0.068559244
v 0.3165186 1.5680015 -0.07411323
v 0.2751345 1.5706611 -0.0757663
v 0.26734933 1.5745306 -0.07132877
v 0.24854572 1.5687385 0.09050941
v 0.29872364 1.5584326 0.12884508
v 0.20518209 1.5664937 0.17388593
v 0.21479975 1.5635542 0.18594134
v 0.23474388 1.556522 0.21231158
v 0.14033222 1.5616175 0.20688789
v 0.14634967 1.5612968 0.21899536
v 0.094934925 1.5607328 0.23955719
v 0.16085333 1.5612078 0.24767531
v 0.10561876 1.5611904 0.27392858
v 0.04693763 1.5607483 0.2528374
v 0.051877975 1.5611765 0.28624216
v -0.00037367642 1.5607454 0.25762188
v -0.00037367642 1.5611688 0.29121178
v -0.049284562 1.5608871 0.2636532
v -0.052625313 1.5611765 0.28624216
v -0.046030626 1.5606053 0.24165104
v -0.09285168 1.5606115 0.23045073
v -0.09960593 1.5609009 0.25218013
v -0.14127387 1.5606333 0.20799433
v -0.15184118 1.5609319 0.22862332
v -0.23723178 1.5408158 0.2011447
v -0.16160066 1.5612078 0.24767531
v -0.1914149 1.5585841 0.16568875
v -0.24131916 1.5584668 0.08411987
v -0.29537782 1.5367413 0.114293374
v -0.2641993 1.5748849 -0.071561016
v -0.31484628 1.5728978 -0.06865264
v -0.31859696 1.568404 -0.07422868
v -0.26890108 1.5711106 -0.076044604
v -0.31762162 1.5629447 -0.06881602
v -0.31859696 1.568404 -0.07422868
v -0.26890108 1.5711106 -0.076044604
v -0.26621112 1.5662918 -0.07133076
v 0.04539962 1.5510335 0.33036098
v 0.051546276 1.5502793 0.3744732
v -0.00037367642 1.550284 0.379376
v -0.00037367642 1.5514227 0.3196699
v 0.04142733 1.551521 0.31896332
v 0.09219696 1.5516709 0.3071022
v 0.09087159 1.5511363 0.31419894
v -0.04795532 1.5508116 0.343339
v -0.052293614 1.5502793 0.3744732
v -0.042603776 1.5514684 0.31426057
v -0.0970888 1.5508057 0.33292243
v -0.08573373 1.5514922 0.2997361
v -0.16038702 1.5503013 0.33627725
v -0.105661705 1.5502876 0.36226773
v -0.13167466 1.551592 0.27197534
v -0.21118204 1.5502298 0.28546894
v -0.17759486 1.5516399 0.23121162
v -0.27099773 1.5230013 0.20440614
v -0.21255012 1.5519326 0.1536166
v -0.29695338 1.5249714 0.11508715
v -0.2493383 1.5506448 0.0764685
v -0.31762162 1.5629447 -0.06881602
v -0.26621112 1.5662918 -0.07133076
v -0.15184118 1.5609319 0.22862332
v -0.15219404 1.4999473 0.22932541
v -0.0998777 1.4999161 0.25290748
v -0.09960593 1.5609009 0.25218013
v -0.049473032 1.4999024 0.26440644
v -0.049284562 1.5608871 0.2636532
v -0.049284562 1.5608871 0.2636532
v -0.049473032 1.4999024 0.26440644
v -0.052813783 1.5001916 0.28699544
v -0.052625313 1.5611765 0.28624216
v 0.15963967 1.5503013 0.33627725
v 0.16007517 1.6112821 0.3372266
v 0.14050955 1.6120585 0.29633617
v 0.14007404 1.5510777 0.29538685
v 0.3165186 1.5680015 -0.07411323
v 0.31573495 1.5626186 -0.0686797
v 0.26561382 1.5659229 -0.07128414
v 0.2751345 1.5706611 -0.0757663
v -0.052293614 1.5502793 0.3744732
v -0.052515432 1.6112602 0.37548506
v -0.048177138 1.6117927 0.34435093
v -0.04795532 1.5508116 0.343339
v -0.105661705 1.5502876 0.36226773
v -0.105883524 1.6112685 0.3632796
v -0.052515432 1.6112602 0.37548506
v -0.052293614 1.5502793 0.3744732
v 0.14007404 1.5510777 0.29538685
v 0.14050955 1.6120585 0.29633617
v 0.0912049 1.6121172 0.31517813
v 0.09087159 1.5511363 0.31419894
v 0.045621395 1.6120143 0.33137277
v 0.04539962 1.5510335 0.33036098
v 0.09087159 1.5511363 0.31419894
v 0.09219696 1.5516709 0.3071022
v 0.14491408 1.551691 0.27548936
v 0.14007404 1.5510777 0.29538685
v 0.21043472 1.5502298 0.28546894
v 0.15963967 1.5503013 0.33627725
v 0.18053648 1.5521132 0.2378019
v 0.21623658 1.5554507 0.16187203
v 0.2656936 1.5424302 0.21963282
v 0.24987878 1.5603429 0.083151504
v 0.30323598 1.5480162 0.12977205
v 0.26561382 1.5659229 -0.07128414
v 0.31573495 1.5626186 -0.0686797
v 0.24746189 1.4996401 0.20276934
v 0.23771526 1.4999127 0.18551855
v 0.1527271 1.5010415 0.22621629
v 0.16352162 1.5005827 0.2504302
v 0.10523938 1.6112686 0.36324936
v 0.14050955 1.6120585 0.29633617
v 0.16007517 1.6112821 0.3372266
v 0.0912049 1.6121172 0.31517813
v 0.05176805 1.6112602 0.375485
v 0.045621395 1.6120143 0.33137277
v -0.052813783 1.5001916 0.28699544
v -0.049473032 1.4999024 0.26440644
v -0.0998777 1.4999161 0.25290748
v -0.1066349 1.5002056 0.2746569
v -0.15219404 1.4999473 0.22932541
v -0.16195352 1.5002232 0.24837741
v -0.048177138 1.6117927 0.34435093
v -0.052515432 1.6112602 0.37548506
v -0.105883524 1.6112685 0.3632796
v -0.09731062 1.6117866 0.33393434
v -0.04795532 1.5508116 0.343339
v -0.048177138 1.6117927 0.34435093
v -0.09731062 1.6117866 0.33393434
v -0.0970888 1.5508057 0.33292243
v 0.23474388 1.556522 0.21231158
v 0.24746189 1.4996401 0.20276934
v 0.16352162 1.5005827 0.2504302
v 0.16085333 1.5612078 0.24767531
v -0.10636611 1.5611904 0.27392858
v -0.16195352 1.5002232 0.24837741
v -0.16160066 1.5612078 0.24767531
v -0.1066349 1.5002056 0.2746569
v -0.052625313 1.5611765 0.28624216
v -0.052813783 1.5001916 0.28699544
v -0.0970888 1.5508057 0.33292243
v -0.09731062 1.6117866 0.33393434
v -0.105883524 1.6112685 0.3632796
v -0.105661705 1.5502876 0.36226773
v 0.051546276 1.5502793 0.3744732
v 0.05176805 1.6112602 0.375485
v 0.10523938 1.6112686 0.36324936
v 0.10491437 1.5502876 0.36226773
v 0.16007517 1.6112821 0.3372266
v 0.15963967 1.5503013 0.33627725
v 0.04539962 1.5510335 0.33036098
v 0.045621395 1.6120143 0.33137277
v 0.05176805 1.6112602 0.375485
v 0.051546276 1.5502793 0.3744732
v 0.21479975 1.5635542 0.18594134
v 0.23771526 1.4999127 0.18551855
v 0.24746189 1.4996401 0.20276934
v 0.23474388 1.556522 0.21231158
v -0.16160066 1.5612078 0.24767531
v -0.16195352 1.5002232 0.24837741
v -0.15219404 1.4999473 0.22932541
v -0.15184118 1.5609319 0.22862332
v 0.16085333 1.5612078 0.24767531
v 0.16352162 1.5005827 0.2504302
v 0.1527271 1.5010415 0.22621629
v 0.14634967 1.5612968 0.21899536
v 0.14634967 1.5612968 0.21899536
v 0.1527271 1.5010415 0.22621629
v 0.23771526 1.4999127 0.18551855
v 0.21479975 1.5635542 0.18594134
v 0.18053648 1.5521132 0.2378019
v 0.24987878 1.5603429 0.083151504
v 0.21623658 1.5554507 0.16187203
v -0.00037367642 1.5561658 -0.066875584
v 0.14491408 1.551691 0.27548936
v 0.26561382 1.5659229 -0.07128414
v 0.2751345 1.5706611 -0.0757663
v 0.09219696 1.5516709 0.3071022
v 0.04142733 1.551521 0.31896332
v -0.00037367642 1.5514227 0.3196699
v -0.042603776 1.5514684 0.31426057
v -0.08573373 1.5514922 0.2997361
v -0.13167466 1.551592 0.27197534
v -0.17759486 1.5516399 0.23121162
v -0.2493383 1.5506448 0.0764685
v -0.21255012 1.5519326 0.1536166
v -0.26621112 1.5662918 -0.07133076
v -0.26890108 1.5711106 -0.076044604
v 0.2751345 1.5706611 -0.0757663
v -0.00037367642 1.5561658 -0.066875584
v 0.26734933 1.5745306 -0.07132877
v 0.24854572 1.5687385 0.09050941
v 0.20518209 1.5664937 0.17388593
v 0.14033222 1.5616175 0.20688789
v 0.094934925 1.5607328 0.23955719
v 0.04693763 1.5607483 0.2528374
v -0.00037367642 1.5607454 0.25762188
v -0.046030626 1.5606053 0.24165104
v -0.09285168 1.5606115 0.23045073
v -0.14127387 1.5606333 0.20799433
v -0.1914149 1.5585841 0.16568875
v -0.24131916 1.5584668 0.08411987
v -0.2641993 1.5748849 -0.071561016
v -0.26890108 1.5711106 -0.076044604
v -0.732178 1.1622173 -0.08265561
v -0.8500942 1.0864414 -0.015517893
v -0.7375855 1.1055955 -0.015141189
v -0.84121776 1.1721469 -0.08501622
v -0.72653383 1.2319001 -0.13746014
v -0.8365183 1.2305776 -0.14012358
v -0.8753978 1.2313914 -0.13148634
v -0.83841026 1.3103746 -0.13843815
v -0.8549942 1.3090664 -0.1348993
v -0.7273634 1.3175833 -0.13145374
v -0.83896303 1.3264492 -0.11781085
v -0.72860736 1.3670563 -0.066714175
v -0.8161062 1.3498402 -0.08990568
v -0.8277098 1.3626655 -0.07263792
v -0.84024215 1.3617283 -0.05714096
v -0.8277098 1.3626655 -0.07263792
v -0.72860736 1.3670563 -0.066714175
v -0.729179 1.3694254 0.023193507
v -0.8406787 1.3634679 0.029683247
v -0.8430495 1.3110561 0.09802644
v -0.64812714 1.3718563 -0.065094166
v -0.7273634 1.3175833 -0.13145374
v -0.7313387 1.319223 0.089226805
v -0.64825565 1.377231 0.022196492
v -0.64187396 1.3253099 -0.13245243
v -0.6080502 1.3678687 -0.07415946
v -0.63815844 1.2099636 -0.1428539
v -0.72653383 1.2319001 -0.13746014
v -0.732178 1.1622173 -0.08265561
v -0.6435066 1.1430001 -0.08229212
v -0.7375855 1.1055955 -0.015141189
v -0.6027288 1.2225885 -0.14732349
v -0.6059605 1.3216536 -0.13690385
v -0.6014193 1.1534798 -0.09282461
v -0.5662874 1.223848 -0.13342364
v -0.56852454 1.3239884 -0.122886546
v -0.6082257 1.375897 0.02704083
v -0.56500703 1.3642735 -0.06119159
v -0.63823617 1.3383496 0.08990736
v -0.6009939 1.0779444 -0.013000011
v -0.5608219 1.1594634 -0.07999157
v -0.6448235 1.0915835 -0.013712019
v -0.55857366 1.0782716 -0.013931051
v -0.49326634 1.1522632 -0.10009498
v -0.49659115 1.1029361 -0.022799766
v -0.486937 1.2246336 -0.1600337
v -0.48238593 1.3184894 -0.15016831
v -0.40234286 1.2320158 -0.19149451
v -0.42802542 1.1356454 -0.14958857
v -0.43609804 1.079156 -0.04579306
v -0.3489313 1.1384059 0.15092504
v -0.6447989 1.1165115 0.05235478
v -0.6009939 1.0779444 -0.013000011
v -0.48060787 1.372929 -0.072747886
v -0.38520825 1.3255334 -0.18099512
v -0.33094722 1.3164023 -0.19198784
v -0.37972933 1.3931442 -0.08544988
v -0.33009538 1.3751723 -0.099272154
v -0.48177832 1.3780403 0.020704392
v -0.37642208 1.3931327 0.025774993
v -0.3290828 1.4061824 0.06802904
v -0.30933565 1.3417453 0.20422977
v -0.5650462 1.3671137 0.01930167
v -0.37514508 1.3226022 0.13900752
v -0.3292548 1.2315425 0.20265958
v -0.48084784 1.3259959 0.095497474
v -0.5718188 1.3301502 0.08045234
v -0.3856637 1.2251898 0.15192606
v -0.48121667 1.2242942 0.10218968
v -0.47854924 1.137602 0.061213292
v -0.56896627 1.2171404 0.09483964
v -0.559582 1.1287016 0.047197584
v -0.55857366 1.0782716 -0.013931051
v -0.60129446 1.1165125 0.058213037
v -0.63572925 1.2164237 0.10644853
v -0.7366414 1.1253345 0.049600597
v -0.734821 1.2202774 0.09873243
v -0.8191967 1.2527354 0.10136128
v -0.84343815 1.2661315 0.10017373
v -0.8445535 1.2252785 0.10442693
v -0.871259 1.1041112 0.025983226
v -0.8500942 1.0864414 -0.015517893
v -0.8713372 1.1114794 0.051616285
v -0.84462845 1.225158 0.10435773
v -0.84461105 1.2252828 0.10442603
v -1.0360019 1.1719365 0.15147474
v -1.0631995 1.1947811 0.14426823
v -1.057163 1.1774913 0.16384488
v -1.047226 1.1923943 0.13318893
v -1.0148863 1.1767479 0.13963583
v -1.0645775 1.2134322 0.14910659
v -1.0269185 1.1970756 0.1227569
v -0.99778044 1.1789036 0.12962899
v -0.9885459 1.2002203 0.09745498
v -1.0525105 1.2212044 0.13816899
v -1.061101 1.2187617 0.17209613
v -1.0429901 1.2318884 0.16342111
v -1.0324117 1.2254301 0.12653603
v -1.0324117 1.2254301 0.12653603
v -1.0219616 1.2357917 0.1516527
v -1.0041283 1.2391341 0.14162162
v -0.9911878 1.231823 0.101325005
v -0.97742236 1.2439394 0.12879145
v -0.9575255 1.2498089 0.115420185
v -0.9911878 1.231823 0.101325005
v -0.9721383 1.2421134 0.081840254
v -0.9745666 1.2097089 0.07428287
v -0.9721383 1.2421134 0.081840254
v -0.9800137 1.2193877 0.057818566
v -0.9769784 1.2479216 0.068316616
v -0.93894565 1.2567884 0.10323348
v -0.95937455 1.2529098 0.071732566
v -0.95649385 1.2801733 0.045481548
v -0.9392849 1.2668236 0.06883837
v -0.93944657 1.222245 0.13499111
v -0.9625459 1.2178475 0.14788146
v -0.97742236 1.2439394 0.12879145
v -0.9864919 1.2153392 0.16137734
v -1.0041283 1.2391341 0.14162162
v -1.0055115 1.2129526 0.17070325
v -1.0219616 1.2357917 0.1516527
v -1.0255328 1.2098341 0.1810608
v -0.9217622 1.2252519 0.1255644
v -1.0429901 1.2318884 0.16342111
v -0.91396856 1.2677693 0.08527164
v -0.8960277 1.2322297 0.110571146
v -0.89588714 1.2789271 0.053738058
v -0.9226501 1.2745615 0.065524384
v -1.0410566 1.2044464 0.18504895
v -1.061101 1.2187617 0.17209613
v -1.0416543 1.1861733 0.18037732
v -1.057163 1.1774913 0.16384488
v -1.061101 1.2187617 0.17209613
v -1.0631995 1.1947811 0.14426823
v -1.0645775 1.2134322 0.14910659
v -1.0253509 1.1844828 0.17404865
v -1.057163 1.1774913 0.16384488
v -1.0055115 1.2129526 0.17070325
v -1.0360019 1.1719365 0.15147474
v -1.0049108 1.189192 0.16198665
v -0.9864919 1.2153392 0.16137734
v -1.0148863 1.1767479 0.13963583
v -0.9869602 1.1911097 0.15256247
v -0.9625459 1.2178475 0.14788146
v -0.9636444 1.1940513 0.14033622
v -0.93951845 1.197402 0.12362389
v -0.93944657 1.222245 0.13499111
v -0.9772303 1.1842096 0.11662085
v -0.9511479 1.1860906 0.10095772
v -0.9235202 1.1999232 0.113165855
v -0.9217622 1.2252519 0.1255644
v -0.9665443 1.193999 0.0842366
v -0.9383441 1.1859605 0.09285891
v -0.89102185 1.2042538 0.09573298
v -0.9654435 1.204608 0.05791461
v -0.95643437 1.1907835 0.072852775
v -0.87573504 1.2380217 0.09366857
v -0.89749455 1.1857297 0.06630488
v -0.8708383 1.2077991 0.08205308
v -0.92807496 1.1907961 0.02635233
v -0.9090153 1.180402 0.042473152
v -0.9064709 1.1787053 0.008589536
v -0.94621396 1.2015615 0.02355871
v -0.87611794 1.1837987 0.05077211
v -0.889979 1.1783329 0.027283102
v -0.8568772 1.2483788 0.076995395
v -0.85249364 1.2162814 0.06638679
v -0.84905005 1.1910647 0.027875839
v -0.86130524 1.1928824 0.009364882
v -0.82924604 1.2231462 0.055482816
v -0.8642708 1.2732207 0.05078266
v -0.822919 1.208655 0.015622553
v -0.83768725 1.2696728 0.055119693
v -0.8646915 1.2921406 0.011815358
v -0.8617284 1.2017007 -0.027602369
v -0.79654956 1.2343622 0.050643638
v -0.90098226 1.2937602 -0.03167215
v -0.9029957 1.1971071 -0.029209191
v -0.94197345 1.207324 -0.028750934
v -0.9700451 1.2083045 0.019582154
v -0.7881253 1.2140048 0.018364782
v -0.8197501 1.2026289 -0.027218478
v -0.8980737 1.205419 -0.073832594
v -0.93684626 1.2083261 -0.078405954
v -0.8624054 1.2077475 -0.06956147
v -0.8924359 1.2138675 -0.10923748
v -0.8626194 1.2189258 -0.10101981
v -0.93728447 1.2193557 -0.11149167
v -0.8299136 1.223996 -0.08930062
v -0.95683455 1.2137352 -0.07891837
v -0.9572383 1.2249722 -0.11292536
v -0.9632168 1.2114661 -0.028142594
v -0.97682285 1.2191445 -0.0794308
v -0.9771924 1.2305889 -0.11435908
v -1.0222462 1.239266 -0.113507174
v -1.0255193 1.2293204 -0.07789726
v -1.0374945 1.2394325 -0.11342135
v -0.98123145 1.21576 -0.02851111
v -0.98830736 1.2148843 0.018189406
v -1.0395458 1.229543 -0.07776266
v -1.0870086 1.2400655 -0.11309442
v -1.0269006 1.2265071 -0.027005764
v -0.99331236 1.2258842 0.055738762
v -1.0857537 1.2303889 -0.07725001
v -1.1237277 1.2393353 -0.10764986
v -1.0295566 1.2268343 0.015715534
v -1.0404402 1.2268333 -0.026861804
v -0.9933084 1.2490723 0.06589621
v -1.0324821 1.2323694 0.053823322
v -1.042266 1.2272975 0.015748499
v -1.0856436 1.2280755 -0.02631352
v -1.1062511 1.2311866 -0.07659493
v -1.1393254 1.232484 -0.075724624
v -1.1528486 1.2433144 -0.10318761
v -1.1683981 1.2361192 -0.07302666
v -1.1034663 1.2289965 -0.026332812
v -1.1434026 1.2303932 -0.02700299
v -1.1820997 1.2347062 -0.02844102
v -1.086954 1.2290632 0.01587398
v -1.0444787 1.2329229 0.05372055
v -1.1070732 1.2300662 0.015233959
v -1.1419739 1.231393 0.0133490255
v -1.1765734 1.2331953 0.006973645
v -1.1273105 1.2353458 0.047015242
v -1.1668617 1.2370895 0.03764768
v -1.0913148 1.2350308 0.05332911
v -1.0287542 1.2512983 0.06337802
v -1.1280332 1.2537528 0.057537112
v -1.091378 1.2530091 0.061450977
v -1.0655051 1.2521535 0.062414516
v -1.0420479 1.251654 0.06297722
v -1.0877306 1.2811238 0.04360605
v -1.1636387 1.2539843 0.04474051
v -1.1765734 1.2331953 0.006973645
v -1.0599698 1.2811168 0.046127267
v -1.0403413 1.2811153 0.046794556
v -1.1276627 1.280512 0.04103592
v -1.1808752 1.2545254 0.016335864
v -1.1705322 1.2701926 0.026441813
v -1.1913863 1.2550573 -0.028367762
v -1.1820997 1.2347062 -0.02844102
v -1.1683981 1.2361192 -0.07302666
v -1.1781768 1.2786161 -0.027641062
v -1.1776859 1.2600012 -0.07412864
v -1.1528486 1.2433144 -0.10318761
v -1.1282738 1.293127 -0.025875883
v -1.0880797 1.2944437 -0.025751537
v -1.1545247 1.2635928 -0.10282241
v -1.1237277 1.2393353 -0.10764986
v -1.1232873 1.2647868 -0.11060404
v -1.0870086 1.2400655 -0.11309442
v -1.0860171 1.2649964 -0.11322952
v -1.0627065 1.2647226 -0.11342001
v -1.0374945 1.2394325 -0.11342135
v -1.0341859 1.2645627 -0.11353125
v -1.0222462 1.239266 -0.113507174
v -1.0172861 1.2644488 -0.11361053
v -0.9771924 1.2305889 -0.11435908
v -1.1693797 1.2715952 -0.072170734
v -1.1232873 1.2647868 -0.11060404
v -1.1257691 1.283445 -0.07739262
v -1.0860171 1.2649964 -0.11322952
v -1.0852939 1.284183 -0.0793097
v -1.0584593 1.2824674 -0.0823759
v -1.0627065 1.2647226 -0.11342001
v -1.0596732 1.2943084 -0.026918417
v -1.0343511 1.281926 -0.083343774
v -1.0341859 1.2645627 -0.11353125
v -1.037707 1.2942686 -0.027264575
v -1.0205938 1.2815399 -0.084033065
v -1.0254751 1.2942401 -0.027511163
v -0.9924717 1.2807515 -0.08544212
v -1.0297745 1.2811141 0.04726976
v -0.99698555 1.2941735 -0.028085401
v -0.9991187 1.2811104 0.04864852
v -0.9778062 1.2806419 0.047065005
v -0.9759258 1.2935176 -0.029213836
v -0.95486605 1.2928618 -0.030342264
v -0.97010624 1.2796719 -0.08443814
v -0.9477408 1.2785925 -0.08343413
v -0.89510274 1.2806941 -0.081276014
v -0.8653147 1.2922796 -0.059660304
v -0.9613129 1.2560496 -0.11338561
v -0.940778 1.2523129 -0.11211457
v -0.9147726 1.2512997 -0.10917614
v -0.9818479 1.2597864 -0.11465669
v -0.9572383 1.2249722 -0.11292536
v -0.93728447 1.2193557 -0.11149167
v -0.8924359 1.2138675 -0.10923748
v -0.8926133 1.2513676 -0.109242566
v -0.8645762 1.2755803 -0.08772394
v -0.8376192 1.2674683 -0.092183806
v -0.8627442 1.2546053 -0.10095759
v -0.8626194 1.2189258 -0.10101981
v -0.80010724 1.2979678 -0.05760364
v -0.80050504 1.299923 0.0151023315
v -0.8001256 1.2766258 0.04902277
v -0.7713162 1.2356602 0.051661946
v -0.77422595 1.2845873 0.04955048
v -0.7970358 1.2325401 -0.08793069
v -0.7991849 1.2735044 -0.0900388
v -0.82119775 1.207775 -0.06528999
v -0.7889775 1.2106622 -0.065639146
v -0.7701167 1.2310146 -0.08928165
v -0.7728313 1.2809788 -0.090135194
v -0.7468337 1.3055352 -0.062482115
v -0.74891937 1.3074226 0.018715331
v -0.7907746 1.2002314 -0.025677959
v -0.7466036 1.1947254 -0.021906383
v -0.7483841 1.2086501 -0.062467743
v -0.7339065 1.2346666 -0.09430265
v -0.7360239 1.2802945 -0.095087245
v -0.653743 1.230197 -0.10505888
v -0.65531373 1.3244956 -0.05735624
v -0.74747235 1.2105507 0.021404186
v -0.65718573 1.1890469 -0.06555288
v -0.6540731 1.2879351 -0.10411969
v -0.73636013 1.2363104 0.057648927
v -0.7375472 1.2833648 0.055625066
v -0.66153 1.2231154 0.06939704
v -0.6748248 1.1644261 0.031755272
v -0.6560851 1.3252784 0.016418327
v -0.6706767 1.1570016 -0.01620618
v -0.6582583 1.2869011 0.06533081
v -0.54671085 1.2896142 -0.11408434
v -0.5479058 1.3274002 -0.061354935
v -0.5463928 1.2295727 -0.116559915
v -0.5486487 1.3281424 0.020091785
v -0.55074203 1.2883438 0.07383654
v -0.54898727 1.1877009 -0.07172375
v -0.55234814 1.2247406 0.07919838
v -0.552305 1.1700935 -0.015684407
v -0.5527779 1.1836585 0.038070135
v -0.8713372 1.1114794 0.051616285
v -0.8787925 1.1708411 0.07592343
v -0.84462845 1.225158 0.10435773
v -0.8863418 1.113183 0.04975764
v -0.871259 1.1041112 0.025983226
v -0.8406787 1.3634679 0.029683247
v -0.91620564 1.3517387 0.02277323
v -0.84024215 1.3617283 -0.05714096
v -0.8430495 1.3110561 0.09802644
v -0.9067197 1.3246324 0.074015714
v -0.84343815 1.2661315 0.10017373
v 0.0632617 1.4501349 -0.1026634
v 0.06983843 1.4073573 -0.12349985
v 0.102834836 1.4123256 -0.10295213
v 0.038844705 1.4042327 -0.1387302
v 0.09429245 1.4537681 -0.08917594
v 0.12501962 1.4164755 -0.07612457
v 0.034152746 1.4473041 -0.11609247
v 0.0046050698 1.40303 -0.14626475
v 0.113388404 1.4598337 -0.06362181
v 0.13976227 1.4174261 -0.04669082
v 0.057945315 1.5056391 -0.09068185
v 0.08479417 1.5091583 -0.07728261
v 0.030565694 1.5042307 -0.099806756
v 0.1008121 1.5135086 -0.05453656
v 0.0034420341 1.503641 -0.1046695
v 0.124779165 1.4650059 -0.035151053
v 0.10871892 1.5178505 -0.02904146
v 0.004379332 1.44634 -0.121873274
v -0.025697812 1.4480261 -0.11611919
v -0.029567614 1.4050906 -0.13787644
v -0.024193302 1.5043733 -0.10199611
v -0.055264905 1.449615 -0.10664032
v -0.06142868 1.407324 -0.124067746
v -0.05128242 1.5053812 -0.09446994
v -0.09349021 1.4117062 -0.10597052
v -0.0835366 1.4538724 -0.0895651
v -0.076348014 1.5089432 -0.07805273
v -0.11341344 1.4159318 -0.07810234
v -0.10076848 1.4599859 -0.062858604
v -0.091184065 1.5132943 -0.05396761
v -0.12620756 1.4178002 -0.04816479
v -0.11125633 1.4651052 -0.03477317
v -0.0989516 1.5174414 -0.028695172
v -0.12781198 1.4225093 -0.014135325
v -0.13432159 1.413452 -0.017083295
v -0.11203011 1.470474 -0.0011453859
v -0.0989649 1.5218508 0.0032099145
v -0.10129204 1.4775718 0.039390262
v -0.08997466 1.5283481 0.04316304
v -0.11557238 1.42812 0.02480413
v -0.13164431 1.4039605 0.022876881
v -0.081782505 1.4790933 0.07968609
v -0.074716285 1.5268023 0.08845678
v -0.09266881 1.4339573 0.06705618
v -0.06069909 1.4723675 0.11066909
v -0.05098377 1.5170283 0.12033216
v -0.10344496 1.4103812 0.06385336
v -0.11599657 1.3948567 0.102023065
v -0.06514926 1.4344546 0.09722334
v -0.03158526 1.4671717 0.12926492
v -0.024513468 1.5110524 0.13423227
v -0.08292912 1.3958058 0.12343577
v -0.08646993 1.3725053 0.16519193
v -0.06929569 1.413365 0.09309793
v -0.032742575 1.4324408 0.118090294
v 0.005332738 1.4316179 0.12486278
v 0.004987821 1.4656532 0.13173263
v 0.0039698184 1.5102242 0.13610026
v 0.032454804 1.5111115 0.1340596
v -0.034156635 1.4139235 0.11546137
v -0.0381061 1.3962835 0.13631809
v 0.041642513 1.4672209 0.12951052
v 0.059426405 1.5174245 0.12148986
v 0.07353357 1.4724163 0.1152626
v 0.08534698 1.5285714 0.09200911
v -0.041389033 1.3680899 0.17113376
v -0.04180582 1.3395565 0.20460325
v 0.005332738 1.4137001 0.12205396
v 0.043537013 1.4323553 0.11842196
v 0.04489832 1.4138407 0.11564415
v 0.005165383 1.3966889 0.14361332
v 0.002829805 1.3365849 0.21061455
v 0.0019772053 1.308304 0.24371707
v 0.04772179 1.3390527 0.20461428
v 0.0044020265 1.3646225 0.17883909
v 0.050328225 1.367665 0.17110388
v 0.09859085 1.3701655 0.16417381
v 0.04846407 1.3962698 0.13630918
v 0.07941809 1.4326719 0.10164596
v 0.098870955 1.3912767 0.1265852
v 0.14272532 1.3837724 0.10299818
v 0.08364549 1.4106503 0.096179575
v 0.12313628 1.4051435 0.064122915
v 0.14663331 1.4008516 0.020277869
v 0.11178168 1.4305353 0.070308805
v 0.098638885 1.4795378 0.08559847
v 0.099694386 1.5294408 0.044397764
v 0.13027954 1.4264897 0.02357196
v 0.14882226 1.4117341 -0.016836837
v 0.1149773 1.4773569 0.039942633
v 0.10837744 1.5224227 0.003390187
v 0.14244592 1.4212189 -0.013965157
v 0.12562029 1.4702445 -0.0013658341
v 0.28655422 0.036363143 -0.065870665
v 0.28955573 0.018505443 -0.06748623
v 0.31200618 0.019553745 -0.03364668
v 0.25579712 0.016101135 -0.09737748
v 0.3086833 0.037398364 -0.032714438
v 0.33125395 0.020018518 -0.0036899517
v 0.25334126 0.033993587 -0.095247425
v 0.21280387 0.012465666 -0.12028402
v 0.32775033 0.037832797 -0.0032367879
v 0.35118544 0.019712245 0.030532764
v 0.21112299 0.030436885 -0.11780616
v 0.16720538 0.0077383644 -0.10689032
v 0.34763232 0.037408892 0.030440971
v 0.3761251 0.01773129 0.07014553
v 0.37426257 0.034838717 0.0719331
v 0.41300753 0.016953103 0.1321969
v 0.41116068 0.032817863 0.13229983
v 0.36642882 0.118262164 0.14686249
v 0.4285754 0.0149922045 0.16779141
v 0.43210605 0.03313553 0.1650781
v 0.42551425 0.015513097 0.21253744
v 0.32865256 0.12270869 0.09485895
v 0.29494154 0.13006757 0.05741036
v 0.42401698 0.030889159 0.21300037
v 0.3767882 0.009102388 0.26742545
v 0.28082168 0.13597776 0.119753085
v 0.26846087 0.14950183 0.010753481
v 0.28137484 0.15205736 -0.011180995
v 0.26765272 0.15146473 -0.036377463
v 0.26008907 0.22094658 -0.024049664
v 0.23826939 0.22046101 -0.03894516
v 0.2633881 0.14325221 0.08848806
v 0.24093245 0.1510478 0.04259472
v 0.2010159 0.14441514 0.04080504
v 0.16640383 0.025801374 -0.104701824
v 0.20695633 0.21959028 -0.05087012
v 0.13189366 0.02141099 -0.07336052
v 0.17993903 0.21873944 -0.05133026
v 0.13198793 0.0032643853 -0.07495053
v 0.12887557 0.019759502 -0.025470816
v 0.16741046 0.2182669 -0.043017462
v 0.12889037 0.0015842573 -0.026233736
v 0.13635343 0.019122306 0.018327849
v 0.13656908 0.000939551 0.018273735
v 0.15845105 0.1415933 0.0031196636
v 0.15533574 0.0016287058 0.05417566
v 0.15466557 0.019785712 0.05362011
v 0.17579153 0.14208698 0.030329151
v 0.1717413 0.0019055149 0.0856515
v 0.17072833 0.0200157 0.08469554
v 0.19032799 0.0013649958 0.12066418
v 0.18897268 0.01933663 0.11931865
v 0.21077974 -0.0010165009 0.16262802
v 0.22250722 0.12196113 0.09742073
v 0.21030559 0.016314205 0.16361919
v 0.24400908 -0.0023410546 0.22684214
v 0.23519833 0.10648724 0.14749521
v 0.24234648 0.013574548 0.22677635
v 0.26596528 -0.003593522 0.25889528
v 0.31233698 0.13062477 0.1762307
v 0.26147646 0.10628846 0.2052874
v 0.2587969 0.013341887 0.26214287
v 0.3046288 0.0016747573 0.28030252
v 0.32762077 0.1226362 0.20528772
v 0.30312726 0.017050402 0.28076777
v 0.27587244 0.10054559 0.23107107
v 0.37909585 0.11232492 0.17354
v 0.38487515 0.105072 0.20781353
v 0.3472027 0.111091115 0.23504175
v 0.30581164 0.0960467 0.2519489
v 0.37558782 0.024491144 0.26842672
v 0.35971043 0.061653268 0.25247735
v 0.3472027 0.111091115 0.23504175
v 0.38487515 0.105072 0.20781353
v -0.26494008 0.026715273 -0.03699507
v -0.2700895 0.0069277296 0.006628248
v -0.26669586 0.007056886 -0.037349258
v -0.2504127 0.0070414706 -0.08359459
v -0.2683906 0.026583554 0.006164338
v -0.27245313 0.006378956 0.045217536
v -0.24890317 0.026696788 -0.08246332
v -0.22160341 0.006897369 -0.12812997
v -0.25975215 0.077939324 -0.036167443
v -0.22064902 0.02656732 -0.12625733
v -0.24487002 0.077929065 -0.07926065
v -0.17104326 0.0070323716 -0.13965397
v -0.27083385 0.026005484 0.044203322
v -0.27312434 0.0050645317 0.08819511
v -0.2634793 0.07198361 0.040834207
v -0.27173352 0.024551526 0.08663531
v -0.27430576 0.0033269112 0.11354388
v -0.26244253 0.07449269 0.0045184745
v -0.2683019 0.09458425 -0.034873147
v -0.2703991 0.09286657 0.005802218
v -0.27027255 0.09102342 0.038214684
v -0.2522599 0.094577864 -0.07579148
v -0.26436436 0.075745896 0.08159514
v -0.2703961 0.09542127 0.07814847
v -0.27507794 0.10205267 0.10654315
v -0.2182038 0.077816404 -0.11875889
v -0.28558582 0.022437233 0.113315165
v -0.27548718 0.0015892612 0.13889267
v -0.27906317 0.08449997 0.10926744
v -0.27463305 0.020322971 0.13999502
v -0.2773806 -0.0011130217 0.21720608
v -0.2689569 0.09325405 0.13693975
v -0.2772972 0.016221648 0.21669103
v -0.27303594 -0.0037102874 0.2591386
v -0.26515037 0.108684085 0.13616471
v -0.27975434 0.015427363 0.25884968
v -0.24656738 -0.0013651955 0.29995266
v -0.24126191 0.12117368 0.1792273
v -0.23666455 0.113705166 0.20880295
v -0.22901632 0.120791785 0.13962695
v -0.23583208 0.117311254 0.10849751
v -0.2703961 0.09542127 0.07814847
v -0.2426479 0.11383088 0.077368066
v -0.25131524 0.11006329 0.035595167
v -0.27027255 0.09102342 0.038214684
v -0.25257188 0.111240596 0.0070859645
v -0.2703991 0.09286657 0.005802218
v -0.2516182 0.111229025 -0.033578835
v -0.2683019 0.09458425 -0.034873147
v -0.23862584 0.11122663 -0.07232234
v -0.17150427 0.1337164 0.2083242
v -0.22310023 0.09449355 -0.11326563
v -0.21462436 0.111170635 -0.10777244
v -0.17183255 0.094596066 -0.12651919
v -0.17231865 0.11123801 -0.12156527
v -0.13020246 0.11120398 -0.11010544
v -0.17142709 0.07795397 -0.13147317
v -0.12074371 0.09454421 -0.114404485
v -0.10563941 0.11124314 -0.07457195
v -0.17108037 0.02669961 -0.13758852
v -0.09122406 0.09460206 -0.07691033
v -0.09304501 0.111200415 -0.03496202
v -0.12477155 0.0778845 -0.11870347
v -0.121524885 0.026615867 -0.12622607
v -0.12049596 0.006952354 -0.12810007
v -0.09320183 0.026712315 -0.08245871
v -0.09804143 0.07796095 -0.079248756
v -0.09165795 0.007053302 -0.08359127
v -0.075191274 0.09454792 -0.035565447
v -0.07479258 0.09433237 0.0069715376
v -0.093644336 0.110900134 0.009411086
v -0.075708285 0.092940755 0.039456174
v -0.09567179 0.11097077 0.040292982
v -0.07543607 0.09302421 0.07925101
v -0.10168274 0.11025523 0.07804789
v -0.10653256 0.11254449 0.10889174
v -0.067262635 0.09741576 0.10643168
v -0.11138238 0.114833765 0.13973556
v -0.077749506 0.10180732 0.1336123
v -0.10187976 0.12304333 0.1801594
v -0.123034075 0.13521782 0.21473834
v -0.17055841 0.104723714 0.33710656
v -0.21796675 0.11947168 0.20833993
v -0.20344563 0.13228495 0.24256743
v -0.12411757 0.103191696 0.3348023
v -0.23553188 0.12348632 0.2410105
v -0.19580542 0.10518207 0.27905378
v -0.27221584 0.084281154 0.21962464
v -0.22042523 0.09950228 0.27603891
v -0.10559462 0.11373577 0.20841672
v -0.10187976 0.12304333 0.1801594
v -0.106584564 0.123515524 0.24069561
v -0.077749506 0.10180732 0.1336123
v -0.27348942 0.07947509 0.25245753
v -0.24117984 0.061534513 0.29214868
v -0.24657078 0.015416581 0.29995266
v -0.17095639 -0.0013651913 0.3260743
v -0.17095639 0.015416586 0.326742
v -0.095343575 0.015416581 0.29995266
v -0.09534569 -0.0013651955 0.29995266
v -0.0630043 0.015474063 0.25876775
v -0.06964873 -0.0036803957 0.259091
v -0.100668326 0.061534513 0.29214868
v -0.066210166 0.016304946 0.21654496
v -0.06602527 -0.0010597948 0.21712124
v -0.06874581 0.06853743 0.25212964
v -0.121621504 0.09952377 0.2758638
v -0.070482835 0.064782776 0.21904011
v -0.06967543 0.020579748 0.13978857
v -0.068776205 0.0017772543 0.13870187
v -0.062157974 0.022613395 0.11318332
v -0.061022148 0.0034564917 0.11342992
v -0.07730241 0.08367809 0.13731705
v -0.06919284 0.07973562 0.109432586
v -0.067262635 0.09741576 0.10643168
v -0.07330085 0.024647042 0.08657808
v -0.07192837 0.0051356102 0.08815797
v -0.07974361 0.07579319 0.08154811
v -0.07543607 0.09302421 0.07925101
v -0.075708285 0.092940755 0.039456174
v -0.07447149 0.026173212 0.04412167
v -0.08256681 0.073772915 0.040735047
v -0.072967306 0.006535597 0.045148022
v -0.07479258 0.09433237 0.0069715376
v -0.07572584 0.026603492 0.0061613726
v -0.0741051 0.0069382796 0.0066257818
v -0.08148517 0.07776475 0.004531978
v -0.07704128 0.026664997 -0.03699606
v -0.075191274 0.09454792 -0.035565447
v -0.07531147 0.006999904 -0.0373506
v -0.082777366 0.077895306 -0.03616888
v 0.0569773 2.02039 -0.06013356
v -0.011312574 2.0375988 -0.031278007
v 0.040112093 2.0203683 -0.08434138
v 0.06092584 2.020394 -0.031278003
v 0.016416475 2.020389 -0.1008411
v 0.053759977 2.02039 -0.0024224496
v -0.011312574 2.020393 -0.107049376
v 0.040112093 2.0203683 0.021785349
v -0.039041623 2.020389 -0.1008411
v 0.016416475 2.020389 0.03828507
v -0.06273721 2.0203683 -0.08434138
v -0.011312574 2.020393 0.04449337
v -0.079602465 2.02039 -0.06013356
v -0.039041623 2.020389 0.03828507
v -0.083551005 2.020394 -0.031278003
v -0.06273721 2.0203683 0.021785349
v -0.076385096 2.02039 -0.0024224608
v 0.2874232 1.725064 0.12086579
v 0.22703418 1.7251939 0.22768068
v 0.239526 1.7492125 0.24073718
v 0.3059946 1.7491976 0.12604214
v 0.31922308 1.725013 -0.006588272
v 0.12732299 1.749199 0.32059324
v 0.12248527 1.7250642 0.30068687
v 0.34034914 1.749191 -0.0065882592
v 0.30163422 1.725064 -0.13404234
v 2.9802322E-08 1.7491922 0.3504448
v 2.9802322E-08 1.7250136 0.3282635
v 0.32113937 1.749199 -0.1392251
v 0.22703418 1.7251939 -0.24085726
v -0.12732299 1.749199 0.32059327
v -0.122485295 1.7250642 0.30068687
v 0.239526 1.7492125 -0.2539137
v 0.12248535 1.7250642 -0.31386343
v -0.23952596 1.7492125 0.24073716
v -0.22703423 1.7251939 0.22768068
v 0.12732306 1.749199 -0.33376986
v 2.9802322E-08 1.7250136 -0.3414401
v -0.30599457 1.7491976 0.12604213
v -0.28742325 1.725064 0.12086579
v 2.9802322E-08 1.7491922 -0.36362132
v -0.122485235 1.7250642 -0.31386343
v -0.34034902 1.749191 -0.0065882592
v -0.31922305 1.725013 -0.006588272
v -0.12732299 1.749199 -0.33376986
v -0.22703429 1.7251939 -0.24085726
v -0.3211394 1.749199 -0.1392251
v -0.3016343 1.725064 -0.13404234
v -0.23952593 1.7492125 -0.2539137
v -0.22553818 1.816631 0.22629386
v -0.28813678 1.8166045 0.118301794
v -0.3204683 1.816584 -0.0065882956
v -0.30238354 1.8166045 -0.13147861
v -0.22553815 1.816631 -0.23947051
v -0.11988835 1.8166022 -0.31466508
v -0.11988835 1.8166022 0.3014884
v 2.9802322E-08 1.8165822 -0.34275672
v 2.9802322E-08 1.8165822 0.3295801
v 0.11988845 1.8166022 -0.31466508
v 0.11988837 1.8166022 0.3014884
v 0.2255382 1.816631 -0.23947051
v 0.2255382 1.816631 0.22629386
v 0.3023835 1.8166045 -0.13147861
v 0.28813672 1.8166045 0.11830181
v 0.32046834 1.816584 -0.0065882956
v 0.11534183 1.888236 0.28980526
v 0.21700752 1.8882517 0.21748531
v 0.2772079 1.8882338 0.11356481
v 0.30830026 1.8882217 -0.0065883165
v 0.2909218 1.8882371 -0.12674475
v 0.21700752 1.8882517 -0.23066199
v 2.9802322E-08 1.8882241 0.31681526
v 0.115341894 1.888236 -0.30298188
v -0.11534183 1.888236 0.28980526
v 2.9802322E-08 1.8882241 -0.32999188
v -0.21700744 1.8882517 0.21748528
v -0.11534183 1.888236 -0.30298188
v -0.27720797 1.8882338 0.11356478
v -0.21700741 1.8882517 -0.23066199
v -0.30830014 1.8882217 -0.0065883165
v -0.29092193 1.8882371 -0.12674475
v -0.21040224 1.9099903 0.21051861
v -0.11345251 1.9100747 0.2780267
v -0.26624215 1.9100786 0.1114732
v -0.29556113 1.9100943 -0.0065883105
v 2.9802322E-08 1.9100904 0.3034277
v -0.27940583 1.9100786 -0.12464985
v -0.21040224 1.9099903 -0.22369526
v 0.113452554 1.9100747 0.2780267
v -0.11345248 1.9100747 -0.2912033
v 0.21040224 1.9099903 0.21051861
v -0 1.9100903 -0.31660432
v 0.26624203 1.9100786 0.11147322
v 0.113452554 1.9100747 -0.2912033
v 0.29556113 1.9100943 -0.0065883105
v 0.21040224 1.9099903 -0.22369526
v 0.27940574 1.9100786 -0.12464985
v 0.113452554 1.9100747 0.2780267
v 0.109902546 1.9036617 0.2691208
v 0.20381854 1.9035801 0.20372513
v 0.21040224 1.9099903 0.21051861
v 2.9802322E-08 1.9100904 0.3034277
v 0.25791106 1.9036658 0.10777896
v 2.9802322E-08 1.9036771 0.29372698
v 0.26624203 1.9100786 0.11147322
v -0.11345251 1.9100747 0.2780267
v 0.28631267 1.9036809 -0.0065883095
v -0.10990246 1.9036617 0.2691208
v 0.29556113 1.9100943 -0.0065883105
v -0.21040224 1.9099903 0.21051861
v 0.27066293 1.9036658 -0.1209556
v -0.20381854 1.9035801 0.20372513
v 0.27940574 1.9100786 -0.12464985
v -0.26624215 1.9100786 0.1114732
v 0.20381854 1.9035801 -0.21690181
v -0.25791115 1.9036658 0.10777897
v 0.21040224 1.9099903 -0.22369526
v -0.29556113 1.9100943 -0.0065883105
v 0.109902546 1.9036617 -0.28229737
v -0.2863127 1.9036809 -0.0065883095
v 0.113452554 1.9100747 -0.2912033
v -0.27940583 1.9100786 -0.12464985
v -0 1.9036771 -0.30690363
v -0.27066302 1.9036658 -0.1209556
v -0 1.9100903 -0.31660432
v -0.21040224 1.9099903 -0.22369526
v -0.10990246 1.9036617 -0.28229746
v -0.20381854 1.9035801 -0.21690181
v -0.11345248 1.9100747 -0.2912033
v 0.06565899 2.081684 0.048223514
v 0.040112093 2.0203683 0.021785349
v 0.053759977 2.02039 -0.0024224496
v 0.0860869 2.0817163 0.011989685
v 0.06092584 2.020394 -0.031278003
v 0.030191824 2.081715 0.07292002
v 0.016416475 2.020389 0.03828507
v 0.096812725 2.0817225 -0.031200835
v 0.0569773 2.02039 -0.06013356
v -0.011312574 2.0817208 0.08221247
v -0.011312574 2.020393 0.04449337
v 0.09090261 2.0817163 -0.074391395
v 0.040112093 2.0203683 -0.08434138
v -0.052816972 2.081715 0.07292002
v -0.039041623 2.020389 0.03828507
v 0.06565899 2.081684 -0.110625215
v 0.016416475 2.020389 -0.1008411
v -0.08828412 2.081684 0.048223514
v -0.06273721 2.0203683 0.021785349
v 0.030191824 2.081715 -0.13532172
v -0.011312574 2.020393 -0.107049376
v -0.10871203 2.0817163 0.011989666
v -0.076385096 2.02039 -0.0024224608
v -0.011312574 2.0817208 -0.14461415
v -0.039041623 2.020389 -0.1008411
v -0.11943789 2.0817225 -0.031200835
v -0.083551005 2.020394 -0.031278003
v -0.052816972 2.081715 -0.13532172
v -0.06273721 2.0203683 -0.08434138
v -0.11352776 2.0817163 -0.074391395
v -0.079602465 2.02039 -0.06013356
v -0.08828412 2.081684 -0.110625215
v -0.08377479 2.1550627 0.0010226378
v -0.09175451 2.155067 -0.031109786
v -0.011312574 2.1742258 -0.03110979
v -0.068577066 2.1550388 0.02797951
v -0.087357566 2.1550627 -0.06324221
v -0.042190596 2.1550617 0.046352968
v -0.068577066 2.1550388 -0.090199105
v -0.011312574 2.155066 0.053266272
v -0.042190596 2.1550617 -0.10857255
v 0.019565433 2.1550617 0.046352968
v -0.011312574 2.155066 -0.11548582
v 0.045951933 2.1550388 0.02797951
v 0.019565433 2.1550617 -0.10857255
v 0.061149657 2.1550627 0.001022649
v 0.045951933 2.1550388 -0.090199105
v 0.06912933 2.155067 -0.031109786
v 0.06473239 2.1550627 -0.06324221
v -0 1.9036771 -0.30690363
v -0 1.9761261 -0.24582456
v -0.08755018 1.9761138 -0.2262229
v -0.10990246 1.9036617 -0.28229746
v 0.109902546 1.9036617 -0.28229737
v -0.16236527 1.976049 -0.17412756
v -0.20381854 1.9035801 -0.21690181
v 0.08755019 1.9761138 -0.2262229
v 0.20381854 1.9035801 -0.21690181
v -0.21561472 1.9761169 -0.097695254
v -0.27066302 1.9036658 -0.1209556
v 0.16236526 1.976049 -0.17412756
v 0.27066293 1.9036658 -0.1209556
v -0.22808154 1.9761289 -0.006588321
v -0.2863127 1.9036809 -0.0065883095
v 0.21561462 1.9761169 -0.097695254
v 0.28631267 1.9036809 -0.0065883095
v -0.20545636 1.9761169 0.08451858
v -0.25791115 1.9036658 0.10777897
v 0.2280815 1.9761289 -0.006588321
v 0.25791106 1.9036658 0.10777896
v -0.16236527 1.976049 0.16095093
v -0.20381854 1.9035801 0.20372513
v 0.20545636 1.9761169 0.0845186
v 0.20381854 1.9035801 0.20372513
v -0.08755018 1.9761138 0.2130462
v -0.10990246 1.9036617 0.2691208
v 0.16236526 1.976049 0.16095093
v 0.109902546 1.9036617 0.2691208
v -0 1.9761261 0.23264793
v 2.9802322E-08 1.9036771 0.29372698
v 0.08755019 1.9761138 0.2130462
v -0.10333775 2.0380754 0.10004242
v -0.055721506 2.038117 0.13319859
v -0 2.0727 -0.006588337
v -0.13076319 2.0381186 0.051396873
v -0 2.0381248 0.14567412
v -0.14516301 2.0381267 -0.0065883314
v 0.055721536 2.038117 0.13319859
v -0.13722847 2.0381186 -0.06457356
v 0.10333778 2.0380754 0.10004242
v -0.10333775 2.0380754 -0.113219105
v 0.13076317 2.0381186 0.05139688
v -0.055721506 2.038117 -0.14637525
v 0.14516307 2.0381267 -0.0065883314
v -0 2.0381248 -0.15885076
v 0.13722847 2.0381186 -0.06457356
v 0.055721536 2.038117 -0.14637525
v 0.10333778 2.0380754 -0.113219105
v 0.23006898 1.6545372 0.20354459
v 0.17579776 1.7864263 0.24778333
v 0.2310441 1.7766774 0.19449915
v 0.17259392 1.65233 0.26257098
v 0.23474388 1.556522 0.21231158
v 0.11552712 1.7970796 0.27553934
v 0.16085333 1.5612078 0.24767531
v 0.1129157 1.6511059 0.29230684
v 0.056683943 1.8025054 0.2891776
v 0.10561876 1.5611904 0.27392858
v 0.05533366 1.6505852 0.3065246
v 0.051877975 1.5611765 0.28624216
v -0.00037367642 1.8037957 0.2949406
v -0.00037367642 1.6504484 0.31236345
v -0.00037367642 1.5611688 0.29121178
v -0.052625313 1.5611765 0.28624216
v -0.056081012 1.6505852 0.3065246
v -0.057431296 1.8025054 0.2891776
v -0.10636611 1.5611904 0.27392858
v -0.11366309 1.6511059 0.29230684
v -0.11627446 1.7970796 0.27553934
v -0.16160066 1.5612078 0.24767531
v -0.17334126 1.65233 0.26257098
v -0.23723178 1.5408158 0.2011447
v -0.1765451 1.7864263 0.24778333
v -0.23081629 1.6545372 0.20354459
v -0.23179145 1.7766774 0.19449915
vt 0.032425538 0.53100014
vt 0.032425538 0.53100014
vt 0.032425538 0.53100014
vt 0.032425538 0.53100014
vt 0.032425538 0.53100014
vt 0.032425538 0.53100014
vt 0.032425538 0.53100014
vt 0.032425538 0.53100014
vt 0.032425538 0.53100014
vt 0.07671963 0.543304
vt 0.07671963 0.543304
vt 0.07671963 0.543304
vt 0.07671963 0.543304
vt 0.07671963 0.543304
vt 0.07671963 0.543304
vt 0.07671963 0.543304
vt 0.07671963 0.543304
vt 0.07671963 0.543304
vt 0.07671963 0.543304
vt 0.07671963 0.543304
vt 0.07671963 0.543304
vt 0.07671963 0.543304
vt 0.07671963 0.543304
vt 0.09195326 0.4666201
vt 0.09195326 0.4666201
vt 0.09195326 0.4666201
vt 0.032425538 0.53100014
vt 0.032425538 0.53100014
vt 0.032425538 0.53100014
vt 0.09195326 0.4666201
vt 0.09195326 0.4666201
vt 0.09195326 0.4666201
vt 0.09195326 0.4666201
vt 0.09195326 0.4666201
vt 0.09195326 0.4666201
vt 0.09195326 0.4666201
vt 0.09195326 0.4666201
vt 0.09195326 0.4666201
vt 0.09195326 0.4666201
vt 0.09195326 0.4666201
vt 0.09195326 0.4666201
vt 0.09195326 0.4666201
vt 0.032425538 0.53100014
vt 0.032425538 0.53100014
vt 0.032425538 0.53100014
vt 0.032425538 0.53100014
vt 0.032425538 0.53100014
vt 0.032425538 0.53100014
vt 0.032425538 0.53100014
vt 0.032425538 0.53100014
vt 0.15273263 0.6599337
vt 0.15292442 0.65930986
vt 0.15296942 0.65931886
vt 0.15279621 0.6599433
vt 0.15267411 0.66030294
vt 0.15311326 0.6593195
vt 0.15274246 0.66030866
vt 0.15299663 0.65994406
vt 0.1529596 0.66030896
vt 0.1533121 0.65932035
vt 0.1532799 0.6599452
vt 0.15326637 0.66030985
vt 0.15356198 0.6599451
vt 0.15356955 0.66031003
vt 0.15351154 0.6593202
vt 0.15376268 0.6599449
vt 0.15365723 0.6593201
vt 0.15382029 0.6599594
vt 0.15370339 0.6593204
vt 0.15372281 0.6599449
vt 0.15382029 0.6599594
vt 0.15370339 0.6593204
vt 0.15363066 0.65932024
vt 0.15352175 0.65994483
vt 0.15348741 0.6593203
vt 0.15352069 0.6603102
vt 0.15327908 0.6599451
vt 0.15331192 0.65932035
vt 0.15326266 0.66031027
vt 0.15313695 0.65932024
vt 0.15303493 0.659945
vt 0.15300304 0.6603104
vt 0.15299542 0.65931594
vt 0.15283448 0.6599396
vt 0.15292442 0.65930986
vt 0.15278621 0.66030663
vt 0.15273263 0.6599337
vt 0.15267411 0.66030294
vt 0.032425538 0.53100014
vt 0.032425538 0.53100014
vt 0.032425538 0.53100014
vt 0.032425538 0.53100014
vt 0.032425538 0.53100014
vt 0.032425538 0.53100014
vt 0.032425538 0.53100014
vt 0.032425538 0.53100014
vt 0.032425538 0.53100014
vt 0.032425538 0.53100014
vt 0.032425538 0.53100014
vt 0.032425538 0.53100014
vt 0.032425538 0.53100014
vt 0.032425538 0.53100014
vt 0.032425538 0.53100014
vt 0.032425538 0.53100014
vt 0.032425538 0.53100014
vt 0.032425538 0.53100014
vt 0.032425538 0.53100014
vt 0.032425538 0.53100014
vt 0.032425538 0.53100014
vt 0.032425538 0.53100014
vt 0.032425538 0.53100014
vt 0.032425538 0.53100014
vt 0.032425538 0.53100014
vt 0.032425538 0.53100014
vt 0.032425538 0.53100014
vt 0.032425538 0.53100014
vt 0.032425538 0.53100014
vt 0.032425538 0.53100014
vt 0.032425538 0.53100014
vt 0.032425538 0.53100014
vt 0.032425538 0.53100014
vt 0.032425538 0.53100014
vt 0.032425538 0.53100014
vt 0.032425538 0.53100014
vt 0.032425538 0.53100014
vt 0.032425538 0.53100014
vt 0.032425538 0.53100014
vt 0.032425538 0.53100014
vt 0.032425538 0.53100014
vt 0.032425538 0.53100014
vt 0.032425538 0.53100014
vt 0.032425538 0.53100014
vt 0.032425538 0.53100014
vt 0.032425538 0.53100014
vt 0.032425538 0.53100014
vt 0.032425538 0.53100014
vt 0.032425538 0.53100014
vt 0.032425538 0.53100014
vt 0.032425538 0.53100014
vt 0.032425538 0.53100014
vt 0.032425538 0.53100014
vt 0.032425538 0.53100014
vt 0.032425538 0.53100014
vt 0.032425538 0.53100014
vt 0.032425538 0.53100014
vt 0.032425538 0.53100014
vt 0.032425538 0.53100014
vt 0.032425538 0.53100014
vt 0.032425538 0.53100014
vt 0.032425538 0.53100014
vt 0.032425538 0.53100014
vt 0.032425538 0.53100014
vt 0.032425538 0.53100014
vt 0.032425538 0.53100014
vt 0.032425538 0.53100014
vt 0.032425538 0.53100014
vt 0.032425538 0.53100014
vt 0.032425538 0.53100014
vt 0.032425538 0.53100014
vt 0.032425538 0.53100014
vt 0.032425538 0.53100014
vt 0.032425538 0.53100014
vt 0.032425538 0.53100014
vt 0.032425538 0.53100014
vt 0.032425538 0.53100014
vt 0.032425538 0.53100014
vt 0.032425538 0.53100014
vt 0.032425538 0.53100014
vt 0.032425538 0.53100014
vt 0.032425538 0.53100014
vt 0.032425538 0.53100014
vt 0.032425538 0.53100014
vt 0.032425538 0.53100014
vt 0.032425538 0.53100014
vt 0.032425538 0.53100014
vt 0.032425538 0.53100014
vt 0.032425538 0.53100014
vt 0.032425538 0.53100014
vt 0.032425538 0.53100014
vt 0.032425538 0.53100014
vt 0.032425538 0.53100014
vt 0.032425538 0.53100014
vt 0.032425538 0.53100014
vt 0.032425538 0.53100014
vt 0.032425538 0.53100014
vt 0.032425538 0.53100014
vt 0.032425538 0.53100014
vt 0.032425538 0.53100014
vt 0.032425538 0.53100014
vt 0.032425538 0.53100014
vt 0.032425538 0.53100014
vt 0.032425538 0.53100014
vt 0.032425538 0.53100014
vt 0.032425538 0.53100014
vt 0.032425538 0.53100014
vt 0.032425538 0.53100014
vt 0.032425538 0.53100014
vt 0.032425538 0.53100014
vt 0.032425538 0.53100014
vt 0.032425538 0.53100014
vt 0.032425538 0.53100014
vt 0.032425538 0.53100014
vt 0.032425538 0.53100014
vt 0.032425538 0.53100014
vt 0.032425538 0.53100014
vt 0.032425538 0.53100014
vt 0.032425538 0.53100014
vt 0.032425538 0.53100014
vt 0.032425538 0.53100014
vt 0.032425538 0.53100014
vt 0.032425538 0.53100014
vt 0.032425538 0.53100014
vt 0.032425538 0.53100014
vt 0.032425538 0.53100014
vt 0.032425538 0.53100014
vt 0.032425538 0.53100014
vt 0.032425538 0.53100014
vt 0.032425538 0.53100014
vt 0.032425538 0.53100014
vt 0.032425538 0.53100014
vt 0.032425538 0.53100014
vt 0.032425538 0.53100014
vt 0.032425538 0.53100014
vt 0.032425538 0.53100014
vt 0.032425538 0.53100014
vt 0.032425538 0.53100014
vt 0.032425538 0.53100014
vt 0.032425538 0.53100014
vt 0.032425538 0.53100014
vt 0.032425538 0.53100014
vt 0.032425538 0.53100014
vt 0.032425538 0.53100014
vt 0.032425538 0.53100014
vt 0.032425538 0.53100014
vt 0.032425538 0.53100014
vt 0.032425538 0.53100014
vt 0.032425538 0.53100014
vt 0.032425538 0.53100014
vt 0.032425538 0.53100014
vt 0.032425538 0.53100014
vt 0.032425538 0.53100014
vt 0.032425538 0.53100014
vt 0.032425538 0.53100014
vt 0.032425538 0.53100014
vt 0.032425538 0.53100014
vt 0.032425538 0.53100014
vt 0.032425538 0.53100014
vt 0.032425538 0.53100014
vt 0.032425538 0.53100014
vt 0.032425538 0.53100014
vt 0.032425538 0.53100014
vt 0.032425538 0.53100014
vt 0.032425538 0.53100014
vt 0.032425538 0.53100014
vt 0.032425538 0.53100014
vt 0.032425538 0.53100014
vt 0.032425538 0.53100014
vt 0.032425538 0.53100014
vt 0.032425538 0.53100014
vt 0.032425538 0.53100014
vt 0.032425538 0.53100014
vt 0.032425538 0.53100014
vt 0.032425538 0.53100014
vt 0.032425538 0.53100014
vt 0.032425538 0.53100014
vt 0.032425538 0.53100014
vt 0.032425538 0.53100014
vt 0.032425538 0.53100014
vt 0.032425538 0.53100014
vt 0.032425538 0.53100014
vt 0.032425538 0.53100014
vt 0.032425538 0.53100014
vt 0.032425538 0.53100014
vt 0.032425538 0.53100014
vt 0.032425538 0.53100014
vt 0.032425538 0.53100014
vt 0.032425538 0.53100014
vt 0.032425538 0.53100014
vt 0.032425538 0.53100014
vt 0.032425538 0.53100014
vt 0.032425538 0.53100014
vt 0.032425538 0.53100014
vt 0.032425538 0.53100014
vt 0.032425538 0.53100014
vt 0.032425538 0.53100014
vt 0.032425538 0.53100014
vt 0.032425538 0.53100014
vt 0.032425538 0.53100014
vt 0.032425538 0.53100014
vt 0.032425538 0.53100014
vt 0.032425538 0.53100014
vt 0.032425538 0.53100014
vt 0.032425538 0.53100014
vt 0.032425538 0.53100014
vt 0.032425538 0.53100014
vt 0.032425538 0.53100014
vt 0.032425538 0.53100014
vt 0.032425538 0.53100014
vt 0.032425538 0.53100014
vt 0.032425538 0.53100014
vt 0.032425538 0.53100014
vt 0.032425538 0.53100014
vt 0.032425538 0.53100014
vt 0.032425538 0.53100014
vt 0.032425538 0.53100014
vt 0.032425538 0.53100014
vt 0.032425538 0.53100014
vt 0.032425538 0.53100014
vt 0.032425538 0.53100014
vt 0.032425538 0.53100014
vt 0.032425538 0.53100014
vt 0.032425538 0.53100014
vt 0.032425538 0.53100014
vt 0.032425538 0.53100014
vt 0.032425538 0.53100014
vt 0.032425538 0.53100014
vt 0.032425538 0.53100014
vt 0.032425538 0.53100014
vt 0.032425538 0.53100014
vt 0.032425538 0.53100014
vt 0.032425538 0.53100014
vt 0.032425538 0.53100014
vt 0.032425538 0.53100014
vt 0.032425538 0.53100014
vt 0.032425538 0.53100014
vt 0.032425538 0.53100014
vt 0.032425538 0.53100014
vt 0.032425538 0.53100014
vt 0.032425538 0.53100014
vt 0.032425538 0.53100014
vt 0.032425538 0.53100014
vt 0.032425538 0.53100014
vt 0.032425538 0.53100014
vt 0.032425538 0.53100014
vt 0.032425538 0.53100014
vt 0.032425538 0.53100014
vt 0.032425538 0.53100014
vt 0.032425538 0.53100014
vt 0.032425538 0.53100014
vt 0.032425538 0.53100014
vt 0.032425538 0.53100014
vt 0.032425538 0.53100014
vt 0.032425538 0.53100014
vt 0.032425538 0.53100014
vt 0.032425538 0.53100014
vt 0.032425538 0.53100014
vt 0.032425538 0.53100014
vt 0.032425538 0.53100014
vt 0.032425538 0.53100014
vt 0.032425538 0.53100014
vt 0.032425538 0.53100014
vt 0.032425538 0.53100014
vt 0.032425538 0.53100014
vt 0.032425538 0.53100014
vt 0.032425538 0.53100014
vt 0.032425538 0.53100014
vt 0.032425538 0.53100014
vt 0.032425538 0.53100014
vt 0.032425538 0.53100014
vt 0.032425538 0.53100014
vt 0.032425538 0.53100014
vt 0.032425538 0.53100014
vt 0.032425538 0.53100014
vt 0.032425538 0.53100014
vt 0.032425538 0.53100014
vt 0.032425538 0.53100014
vt 0.032425538 0.53100014
vt 0.032425538 0.53100014
vt 0.032425538 0.53100014
vt 0.032425538 0.53100014
vt 0.032425538 0.53100014
vt 0.032425538 0.53100014
vt 0.032425538 0.53100014
vt 0.032425538 0.53100014
vt 0.032425538 0.53100014
vt 0.032425538 0.53100014
vt 0.032425538 0.53100014
vt 0.032425538 0.53100014
vt 0.032425538 0.53100014
vt 0.032425538 0.53100014
vt 0.032425538 0.53100014
vt 0.032425538 0.53100014
vt 0.032425538 0.53100014
vt 0.032425538 0.53100014
vt 0.032425538 0.53100014
vt 0.032425538 0.53100014
vt 0.032425538 0.53100014
vt 0.032425538 0.53100014
vt 0.032425538 0.53100014
vt 0.032425538 0.53100014
vt 0.032425538 0.53100014
vt 0.032425538 0.53100014
vt 0.032425538 0.53100014
vt 0.032425538 0.53100014
vt 0.032425538 0.53100014
vt 0.032425538 0.53100014
vt 0.032425538 0.53100014
vt 0.032425538 0.53100014
vt 0.032425538 0.53100014
vt 0.032425538 0.53100014
vt 0.032425538 0.53100014
vt 0.032425538 0.53100014
vt 0.032425538 0.53100014
vt 0.032425538 0.53100014
vt 0.032425538 0.53100014
vt 0.032425538 0.53100014
vt 0.032425538 0.53100014
vt 0.032425538 0.53100014
vt 0.032425538 0.53100014
vt 0.032425538 0.53100014
vt 0.032425538 0.53100014
vt 0.032425538 0.53100014
vt 0.032425538 0.53100014
vt 0.032425538 0.53100014
vt 0.032425538 0.53100014
vt 0.032425538 0.53100014
vt 0.032425538 0.53100014
vt 0.032425538 0.53100014
vt 0.032425538 0.53100014
vt 0.032425538 0.53100014
vt 0.032425538 0.53100014
vt 0.032425538 0.53100014
vt 0.032425538 0.53100014
vt 0.032425538 0.53100014
vt 0.032425538 0.53100014
vt 0.032425538 0.53100014
vt 0.032425538 0.53100014
vt 0.032425538 0.53100014
vt 0.032425538 0.53100014
vt 0.032425538 0.53100014
vt 0.032425538 0.53100014
vt 0.032425538 0.53100014
vt 0.032425538 0.53100014
vt 0.032425538 0.53100014
vt 0.032425538 0.53100014
vt 0.032425538 0.53100014
vt 0.032425538 0.53100014
vt 0.032425538 0.53100014
vt 0.032425538 0.53100014
vt 0.032425538 0.53100014
vt 0.032425538 0.53100014
vt 0.032425538 0.53100014
vt 0.15832818 0.6623192
vt 0.15832818 0.6623192
vt 0.15832818 0.6623192
vt 0.15832818 0.6623192
vt 0.15832818 0.6623192
vt 0.15832818 0.6623192
vt 0.15832818 0.6623192
vt 0.15832818 0.6623192
vt 0.15832818 0.6623192
vt 0.15832818 0.6623192
vt 0.15832818 0.6623192
vt 0.15832818 0.6623192
vt 0.15051568 0.65255356
vt 0.15051568 0.65255356
vt 0.15051568 0.65255356
vt 0.15051568 0.65255356
vt 0.15051568 0.65255356
vt 0.15051568 0.65255356
vt 0.15051568 0.65255356
vt 0.15051568 0.65255356
vt 0.15051568 0.65255356
vt 0.15051568 0.65255356
vt 0.15051568 0.65255356
vt 0.15051568 0.65255356
vt 0.15051568 0.65255356
vt 0.15051568 0.65255356
vt 0.15051568 0.65255356
vt 0.15051568 0.65255356
vt 0.15051568 0.65255356
vt 0.15051568 0.65255356
vt 0.15051568 0.65255356
vt 0.15051568 0.65255356
vt 0.15051568 0.65255356
vt 0.15051568 0.65255356
vt 0.15051568 0.65255356
vt 0.15051568 0.65255356
vt 0.15051568 0.65255356
vt 0.15051568 0.65255356
vt 0.15051568 0.65255356
vt 0.15051568 0.65255356
vt 0.15051568 0.65255356
vt 0.15051568 0.65255356
vt 0.15051568 0.65255356
vt 0.15051568 0.65255356
vt 0.15051568 0.65255356
vt 0.15051568 0.65255356
vt 0.15051568 0.65255356
vt 0.15051568 0.65255356
vt 0.15051568 0.65255356
vt 0.15051568 0.65255356
vt 0.15051568 0.65255356
vt 0.15051568 0.65255356
vt 0.15051568 0.65255356
vt 0.15051568 0.65255356
vt 0.15051568 0.65255356
vt 0.15051568 0.65255356
vt 0.15051568 0.65255356
vt 0.15051568 0.65255356
vt 0.15051568 0.65255356
vt 0.15051568 0.65255356
vt 0.15051568 0.65255356
vt 0.15051568 0.65255356
vt 0.15051568 0.65255356
vt 0.15051568 0.65255356
vt 0.15051568 0.65255356
vt 0.07918042 0.5125443
vt 0.07918042 0.5125443
vt 0.07918042 0.5125443
vt 0.07918042 0.5125443
vt 0.07918042 0.5125443
vt 0.07918042 0.5125443
vt 0.07918042 0.5125443
vt 0.07918042 0.5125443
vt 0.07918042 0.5125443
vt 0.07918042 0.5125443
vt 0.07918042 0.5125443
vt 0.07918042 0.5125443
vt 0.07918042 0.5125443
vt 0.07918042 0.5125443
vt 0.07918042 0.5125443
vt 0.07918042 0.5125443
vt 0.07918042 0.5125443
vt 0.07918042 0.5125443
vt 0.07918042 0.5125443
vt 0.07918042 0.5125443
vt 0.07918042 0.5125443
vt 0.07918042 0.5125443
vt 0.07918042 0.5125443
vt 0.07918042 0.5125443
vt 0.07918042 0.5125443
vt 0.07918042 0.5125443
vt 0.07918042 0.5125443
vt 0.07918042 0.5125443
vt 0.07918042 0.5125443
vt 0.07918042 0.5125443
vt 0.09117788 0.53133917
vt 0.09117788 0.53133917
vt 0.09117788 0.53133917
vt 0.09117788 0.53133917
vt 0.09117788 0.53133917
vt 0.09117788 0.53133917
vt 0.09117788 0.53133917
vt 0.09117788 0.53133917
vt 0.09117788 0.53133917
vt 0.09117788 0.53133917
vt 0.09117788 0.53133917
vt 0.09117788 0.53133917
vt 0.09117788 0.53133917
vt 0.09117788 0.53133917
vt 0.09117788 0.53133917
vt 0.09117788 0.53133917
vt 0.09117788 0.53133917
vt 0.09117788 0.53133917
vt 0.09117788 0.53133917
vt 0.09117788 0.53133917
vt 0.09117788 0.53133917
vt 0.09117788 0.53133917
vt 0.09117788 0.53133917
vt 0.09117788 0.53133917
vt 0.09117788 0.53133917
vt 0.09117788 0.53133917
vt 0.09117788 0.53133917
vt 0.09117788 0.53133917
vt 0.09117788 0.53133917
vt 0.09117788 0.53133917
vt 0.09117788 0.53133917
vt 0.09117788 0.53133917
vt 0.09117788 0.53133917
vt 0.09117788 0.53133917
vt 0.09117788 0.53133917
vt 0.09117788 0.53133917
vt 0.09117788 0.53133917
vt 0.09117788 0.53133917
vt 0.09117788 0.53133917
vt 0.09117788 0.53133917
vt 0.09117788 0.53133917
vt 0.09117788 0.53133917
vt 0.09117788 0.53133917
vt 0.09117788 0.53133917
vt 0.09117788 0.53133917
vt 0.09117788 0.53133917
vt 0.09117788 0.53133917
vt 0.09117788 0.53133917
vt 0.09117788 0.53133917
vt 0.09117788 0.53133917
vt 0.09117788 0.53133917
vt 0.09117788 0.53133917
vt 0.09117788 0.53133917
vt 0.09117788 0.53133917
vt 0.09117788 0.53133917
vt 0.09117788 0.53133917
vt 0.09117788 0.53133917
vt 0.09117788 0.53133917
vt 0.09117788 0.53133917
vt 0.09117788 0.53133917
vt 0.09117788 0.53133917
vt 0.09117788 0.53133917
vt 0.09117788 0.53133917
vt 0.09117788 0.53133917
vt 0.09117788 0.53133917
vt 0.09117788 0.53133917
vt 0.09117788 0.53133917
vt 0.09117788 0.53133917
vt 0.09117788 0.53133917
vt 0.09117788 0.53133917
vt 0.09117788 0.53133917
vt 0.09117788 0.53133917
vt 0.09117788 0.53133917
vt 0.09117788 0.53133917
vt 0.09117788 0.53133917
vt 0.09117788 0.53133917
vt 0.09117788 0.53133917
vt 0.09117788 0.53133917
vt 0.09117788 0.53133917
vt 0.09117788 0.53133917
vt 0.09117788 0.53133917
vt 0.09117788 0.53133917
vt 0.09117788 0.53133917
vt 0.09117788 0.53133917
vt 0.09117788 0.53133917
vt 0.09117788 0.53133917
vt 0.09117788 0.53133917
vt 0.09117788 0.53133917
vt 0.09117788 0.53133917
vt 0.09117788 0.53133917
vt 0.09117788 0.53133917
vt 0.09117788 0.53133917
vt 0.09117788 0.53133917
vt 0.09117788 0.53133917
vt 0.09117788 0.53133917
vt 0.09117788 0.53133917
vt 0.09117788 0.53133917
vt 0.09117788 0.53133917
vt 0.09117788 0.53133917
vt 0.09117788 0.53133917
vt 0.09117788 0.53133917
vt 0.09117788 0.53133917
vt 0.09117788 0.53133917
vt 0.09117788 0.53133917
vt 0.09117788 0.53133917
vt 0.09117788 0.53133917
vt 0.09117788 0.53133917
vt 0.09117788 0.53133917
vt 0.09117788 0.53133917
vt 0.09117788 0.53133917
vt 0.09117788 0.53133917
vt 0.09117788 0.53133917
vt 0.09117788 0.53133917
vt 0.09117788 0.53133917
vt 0.09117788 0.53133917
vt 0.09117788 0.53133917
vt 0.09117788 0.53133917
vt 0.09117788 0.53133917
vt 0.09117788 0.53133917
vt 0.09117788 0.53133917
vt 0.09117788 0.53133917
vt 0.09117788 0.53133917
vt 0.09117788 0.53133917
vt 0.09117788 0.53133917
vt 0.09117788 0.53133917
vt 0.09117788 0.53133917
vt 0.09117788 0.53133917
vt 0.09117788 0.53133917
vt 0.09117788 0.53133917
vt 0.09117788 0.53133917
vt 0.09117788 0.53133917
vt 0.09117788 0.53133917
vt 0.09117788 0.53133917
vt 0.09117788 0.53133917
vt 0.09117788 0.53133917
vt 0.09117788 0.53133917
vt 0.09117788 0.53133917
vt 0.09117788 0.53133917
vt 0.09117788 0.53133917
vt 0.09117788 0.53133917
vt 0.09117788 0.53133917
vt 0.09117788 0.53133917
vt 0.09117788 0.53133917
vt 0.09117788 0.53133917
vt 0.09117788 0.53133917
vt 0.09117788 0.53133917
vt 0.09117788 0.53133917
vt 0.09117788 0.53133917
vt 0.09117788 0.53133917
vt 0.09117788 0.53133917
vt 0.09117788 0.53133917
vt 0.09117788 0.53133917
vt 0.09117788 0.53133917
vt 0.09117788 0.53133917
vt 0.09117788 0.53133917
vt 0.09117788 0.53133917
vt 0.09117788 0.53133917
vt 0.09117788 0.53133917
vt 0.09117788 0.53133917
vt 0.09117788 0.53133917
vt 0.09117788 0.53133917
vt 0.09117788 0.53133917
vt 0.09117788 0.53133917
vt 0.09117788 0.53133917
vt 0.09117788 0.53133917
vt 0.09117788 0.53133917
vt 0.09117788 0.53133917
vt 0.09117788 0.53133917
vt 0.09117788 0.53133917
vt 0.09117788 0.53133917
vt 0.09117788 0.53133917
vt 0.09117788 0.53133917
vt 0.09117788 0.53133917
vt 0.09117788 0.53133917
vt 0.09117788 0.53133917
vt 0.09117788 0.53133917
vt 0.09117788 0.53133917
vt 0.09117788 0.53133917
vt 0.09117788 0.53133917
vt 0.09117788 0.53133917
vt 0.09117788 0.53133917
vt 0.09117788 0.53133917
vt 0.09117788 0.53133917
vt 0.09117788 0.53133917
vt 0.09117788 0.53133917
vt 0.09117788 0.53133917
vt 0.09117788 0.53133917
vt 0.09117788 0.53133917
vt 0.09117788 0.53133917
vt 0.09117788 0.53133917
vt 0.09117788 0.53133917
vt 0.09117788 0.53133917
vt 0.09117788 0.53133917
vt 0.09117788 0.53133917
vt 0.09117788 0.53133917
vt 0.09117788 0.53133917
vt 0.09117788 0.53133917
vt 0.09117788 0.53133917
vt 0.09117788 0.53133917
vt 0.09117788 0.53133917
vt 0.09117788 0.53133917
vt 0.09117788 0.53133917
vt 0.09117788 0.53133917
vt 0.09117788 0.53133917
vt 0.09117788 0.53133917
vt 0.09117788 0.53133917
vt 0.09117788 0.53133917
vt 0.09117788 0.53133917
vt 0.09117788 0.53133917
vt 0.09117788 0.53133917
vt 0.09117788 0.53133917
vt 0.09117788 0.53133917
vt 0.09117788 0.53133917
vt 0.09117788 0.53133917
vt 0.09117788 0.53133917
vt 0.09117788 0.53133917
vt 0.09117788 0.53133917
vt 0.09117788 0.53133917
vt 0.09117788 0.53133917
vt 0.09117788 0.53133917
vt 0.09117788 0.53133917
vt 0.09117788 0.53133917
vt 0.09117788 0.53133917
vt 0.09117788 0.53133917
vt 0.09117788 0.53133917
vt 0.09117788 0.53133917
vt 0.09117788 0.53133917
vt 0.09117788 0.53133917
vt 0.09117788 0.53133917
vt 0.09117788 0.53133917
vt 0.09117788 0.53133917
vt 0.09117788 0.53133917
vt 0.09117788 0.53133917
vt 0.09117788 0.53133917
vt 0.09117788 0.53133917
vt 0.09117788 0.53133917
vt 0.09117788 0.53133917
vt 0.09117788 0.53133917
vt 0.09117788 0.53133917
vt 0.09117788 0.53133917
vt 0.09117788 0.53133917
vt 0.09117788 0.53133917
vt 0.09117788 0.53133917
vt 0.09117788 0.53133917
vt 0.09117788 0.53133917
vt 0.09117788 0.53133917
vt 0.09117788 0.53133917
vt 0.09117788 0.53133917
vt 0.032425538 0.53100014
vt 0.032425538 0.53100014
vt 0.032425538 0.53100014
vt 0.032425538 0.53100014
vt 0.032425538 0.53100014
vt 0.032425538 0.53100014
vt 0.032425538 0.53100014
vt 0.032425538 0.53100014
vt 0.032425538 0.53100014
vt 0.032425538 0.53100014
vt 0.032425538 0.53100014
vt 0.032425538 0.53100014
vt 0.032425538 0.53100014
vt 0.032425538 0.53100014
vt 0.032425538 0.53100014
vt 0.032425538 0.53100014
vt 0.032425538 0.53100014
vt 0.032425538 0.53100014
vt 0.032425538 0.53100014
vt 0.032425538 0.53100014
vt 0.032425538 0.53100014
vt 0.032425538 0.53100014
vt 0.032425538 0.53100014
vt 0.032425538 0.53100014
vt 0.032425538 0.53100014
vt 0.032425538 0.53100014
vt 0.032425538 0.53100014
vt 0.032425538 0.53100014
vt 0.032425538 0.53100014
vt 0.032425538 0.53100014
vt 0.032425538 0.53100014
vt 0.032425538 0.53100014
vt 0.032425538 0.53100014
vt 0.032425538 0.53100014
vt 0.032425538 0.53100014
vt 0.032425538 0.53100014
vt 0.032425538 0.53100014
vt 0.032425538 0.53100014
vt 0.032425538 0.53100014
vt 0.032425538 0.53100014
vt 0.032425538 0.53100014
vt 0.032425538 0.53100014
vt 0.032425538 0.53100014
vt 0.032425538 0.53100014
vt 0.032425538 0.53100014
vt 0.032425538 0.53100014
vt 0.032425538 0.53100014
vt 0.032425538 0.53100014
vt 0.032425538 0.53100014
vt 0.032425538 0.53100014
vt 0.032425538 0.53100014
vt 0.032425538 0.53100014
vt 0.032425538 0.53100014
vt 0.032425538 0.53100014
vt 0.032425538 0.53100014
vt 0.032425538 0.53100014
vt 0.032425538 0.53100014
vt 0.032425538 0.53100014
vt 0.032425538 0.53100014
vt 0.032425538 0.53100014
vt 0.032425538 0.53100014
vt 0.032425538 0.53100014
vt 0.032425538 0.53100014
vt 0.032425538 0.53100014
vt 0.032425538 0.53100014
vt 0.032425538 0.53100014
vt 0.032425538 0.53100014
vt 0.032425538 0.53100014
vt 0.032425538 0.53100014
vt 0.032425538 0.53100014
vt 0.032425538 0.53100014
vt 0.032425538 0.53100014
vt 0.032425538 0.53100014
vt 0.032425538 0.53100014
vt 0.09195326 0.4666201
vt 0.09195326 0.4666201
vt 0.09195326 0.4666201
vt 0.09195326 0.4666201
vt 0.09195326 0.4666201
vt 0.09195326 0.4666201
vt 0.09195326 0.4666201
vt 0.09195326 0.4666201
vt 0.09195326 0.4666201
vt 0.09195326 0.4666201
vt 0.09195326 0.4666201
vt 0.09195326 0.4666201
vt 0.09195326 0.4666201
vt 0.09195326 0.4666201
vt 0.09195326 0.4666201
vt 0.09195326 0.4666201
vt 0.09195326 0.4666201
vt 0.07671963 0.543304
vt 0.07671963 0.543304
vt 0.07671963 0.543304
vt 0.07671963 0.543304
vt 0.07671963 0.543304
vt 0.07671963 0.543304
vt 0.07671963 0.543304
vt 0.07671963 0.543304
vt 0.07671963 0.543304
vt 0.07671963 0.543304
vt 0.07671963 0.543304
vt 0.07671963 0.543304
vt 0.07671963 0.543304
vt 0.15635815 0.4680643
vt 0.15635815 0.4680643
vt 0.15635815 0.4680643
vt 0.15635815 0.4680643
vt 0.15635815 0.4680643
vt 0.15635815 0.4680643
vt 0.15635815 0.4680643
vt 0.15635815 0.4680643
vt 0.15635815 0.4680643
vt 0.15635815 0.4680643
vt 0.15635815 0.4680643
vt 0.15635815 0.4680643
vt 0.15635815 0.4680643
vt 0.15635815 0.4680643
vt 0.15635815 0.4680643
vt 0.15635815 0.4680643
vt 0.15635815 0.4680643
vt 0.15635815 0.4680643
vt 0.15635815 0.4680643
vt 0.15635815 0.4680643
vt 0.15635815 0.4680643
vt 0.15635815 0.4680643
vt 0.15635815 0.4680643
vt 0.15635815 0.4680643
vt 0.07671963 0.543304
vt 0.07671963 0.543304
vt 0.07671963 0.543304
vt 0.07671963 0.543304
vt 0.07671963 0.543304
vt 0.07671963 0.543304
vt 0.07671963 0.543304
vt 0.07671963 0.543304
vt 0.07671963 0.543304
vt 0.07671963 0.543304
vt 0.07671963 0.543304
vt 0.07671963 0.543304
vt 0.032425538 0.53100014
vt 0.032425538 0.53100014
vt 0.032425538 0.53100014
vt 0.032425538 0.53100014
vt 0.032425538 0.53100014
vt 0.032425538 0.53100014
vt 0.07671963 0.543304
vt 0.07671963 0.543304
vt 0.07671963 0.543304
vt 0.07671963 0.543304
vt 0.07671963 0.543304
vt 0.07671963 0.543304
vt 0.07671963 0.543304
vt 0.07671963 0.543304
vt 0.07671963 0.543304
vt 0.15635815 0.4680643
vt 0.15635815 0.4680643
vt 0.15635815 0.4680643
vt 0.15635815 0.4680643
vt 0.15635815 0.4680643
vt 0.15635815 0.4680643
vt 0.15635815 0.4680643
vt 0.15635815 0.4680643
vt 0.15635815 0.4680643
vt 0.15635815 0.4680643
vt 0.15635815 0.4680643
vt 0.15635815 0.4680643
vt 0.15635815 0.4680643
vt 0.15635815 0.4680643
vt 0.15635815 0.4680643
vt 0.15635815 0.4680643
vt 0.15635815 0.4680643
vt 0.15635815 0.4680643
vt 0.15635815 0.4680643
vt 0.15635815 0.4680643
vt 0.15635815 0.4680643
vt 0.15635815 0.4680643
vt 0.15635815 0.4680643
vt 0.15635815 0.4680643
vt 0.15635815 0.4680643
vt 0.15635815 0.4680643
vt 0.15635815 0.4680643
vt 0.15635815 0.4680643
vt 0.15635815 0.4680643
vt 0.15635815 0.4680643
vt 0.15635815 0.4680643
vt 0.15635815 0.4680643
vt 0.15635815 0.4680643
vt 0.07671963 0.543304
vt 0.07671963 0.543304
vt 0.07671963 0.543304
vt 0.07671963 0.543304
vt 0.07671963 0.543304
vt 0.07671963 0.543304
vt 0.07671963 0.543304
vt 0.07671963 0.543304
vt 0.07671963 0.543304
vt 0.07671963 0.543304
vt 0.07671963 0.543304
vt 0.15635815 0.4680643
vt 0.15635815 0.4680643
vt 0.15635815 0.4680643
vt 0.15635815 0.4680643
vt 0.15635815 0.4680643
vt 0.15635815 0.4680643
vt 0.032425538 0.53100014
vt 0.032425538 0.53100014
vt 0.032425538 0.53100014
vt 0.032425538 0.53100014
vt 0.032425538 0.53100014
vt 0.032425538 0.53100014
vt 0.032425538 0.53100014
vt 0.032425538 0.53100014
vt 0.032425538 0.53100014
vt 0.032425538 0.53100014
vt 0.032425538 0.53100014
vt 0.032425538 0.53100014
vt 0.032425538 0.53100014
vt 0.032425538 0.53100014
vt 0.032425538 0.53100014
vt 0.032425538 0.53100014
vt 0.032425538 0.53100014
vt 0.032425538 0.53100014
vt 0.032425538 0.53100014
vt 0.032425538 0.53100014
vt 0.032425538 0.53100014
vt 0.032425538 0.53100014
vt 0.032425538 0.53100014
vt 0.032425538 0.53100014
vt 0.032425538 0.53100014
vt 0.032425538 0.53100014
vt 0.032425538 0.53100014
vt 0.032425538 0.53100014
vt 0.032425538 0.53100014
vt 0.032425538 0.53100014
vt 0.032425538 0.53100014
vt 0.032425538 0.53100014
vt 0.032425538 0.53100014
vt 0.032425538 0.53100014
vt 0.032425538 0.53100014
vt 0.032425538 0.53100014
vt 0.032425538 0.53100014
vt 0.032425538 0.53100014
vt 0.032425538 0.53100014
vt 0.032425538 0.53100014
vt 0.032425538 0.53100014
vt 0.032425538 0.53100014
vt 0.032425538 0.53100014
vt 0.032425538 0.53100014
vt 0.032425538 0.53100014
vt 0.032425538 0.53100014
vt 0.032425538 0.53100014
vt 0.032425538 0.53100014
vt 0.032425538 0.53100014
vt 0.032425538 0.53100014
vt 0.032425538 0.53100014
vt 0.032425538 0.53100014
vt 0.032425538 0.53100014
vt 0.032425538 0.53100014
vt 0.032425538 0.53100014
vt 0.032425538 0.53100014
vt 0.032425538 0.53100014
vt 0.032425538 0.53100014
vt 0.032425538 0.53100014
vt 0.032425538 0.53100014
vt 0.032425538 0.53100014
vt 0.032425538 0.53100014
vt 0.032425538 0.53100014
vt 0.032425538 0.53100014
vt 0.032425538 0.53100014
vt 0.032425538 0.53100014
vt 0.032425538 0.53100014
vt 0.032425538 0.53100014
vt 0.032425538 0.53100014
vt 0.032425538 0.53100014
vt 0.032425538 0.53100014
vt 0.032425538 0.53100014
vt 0.032425538 0.53100014
vt 0.032425538 0.53100014
vt 0.032425538 0.53100014
vt 0.032425538 0.53100014
vt 0.032425538 0.53100014
vt 0.032425538 0.53100014
vt 0.032425538 0.53100014
vt 0.032425538 0.53100014
vt 0.032425538 0.53100014
vt 0.032425538 0.53100014
vt 0.032425538 0.53100014
vt 0.032425538 0.53100014
vt 0.032425538 0.53100014
vt 0.032425538 0.53100014
vt 0.032425538 0.53100014
vt 0.032425538 0.53100014
vt 0.032425538 0.53100014
vt 0.032425538 0.53100014
vt 0.032425538 0.53100014
vt 0.032425538 0.53100014
vt 0.032425538 0.53100014
vt 0.032425538 0.53100014
vt 0.032425538 0.53100014
vt 0.032425538 0.53100014
vt 0.032425538 0.53100014
vt 0.032425538 0.53100014
vt 0.032425538 0.53100014
vt 0.032425538 0.53100014
vt 0.032425538 0.53100014
vt 0.032425538 0.53100014
vt 0.032425538 0.53100014
vt 0.032425538 0.53100014
vt 0.032425538 0.53100014
vt 0.032425538 0.53100014
vt 0.032425538 0.53100014
vt 0.032425538 0.53100014
vt 0.032425538 0.53100014
vt 0.032425538 0.53100014
vt 0.032425538 0.53100014
vt 0.032425538 0.53100014
vt 0.032425538 0.53100014
vt 0.032425538 0.53100014
vt 0.032425538 0.53100014
vt 0.032425538 0.53100014
vt 0.032425538 0.53100014
vt 0.032425538 0.53100014
vt 0.032425538 0.53100014
vt 0.032425538 0.53100014
vt 0.032425538 0.53100014
vt 0.032425538 0.53100014
vt 0.032425538 0.53100014
vt 0.032425538 0.53100014
vt 0.032425538 0.53100014
vt 0.032425538 0.53100014
vt 0.032425538 0.53100014
vt 0.032425538 0.53100014
vt 0.032425538 0.53100014
vt 0.032425538 0.53100014
vt 0.032425538 0.53100014
vt 0.032425538 0.53100014
vt 0.032425538 0.53100014
vt 0.032425538 0.53100014
vt 0.032425538 0.53100014
vt 0.032425538 0.53100014
vt 0.032425538 0.53100014
vt 0.032425538 0.53100014
vt 0.032425538 0.53100014
vt 0.032425538 0.53100014
vt 0.032425538 0.53100014
vt 0.032425538 0.53100014
vt 0.032425538 0.53100014
vt 0.032425538 0.53100014
vt 0.032425538 0.53100014
vt 0.032425538 0.53100014
vt 0.032425538 0.53100014
vt 0.032425538 0.53100014
vt 0.032425538 0.53100014
vt 0.032425538 0.53100014
vt 0.032425538 0.53100014
vt 0.032425538 0.53100014
vt 0.032425538 0.53100014
vt 0.032425538 0.53100014
vt 0.032425538 0.53100014
vt 0.032425538 0.53100014
vt 0.032425538 0.53100014
vt 0.032425538 0.53100014
vt 0.032425538 0.53100014
vt 0.032425538 0.53100014
vt 0.032425538 0.53100014
vt 0.032425538 0.53100014
vt 0.032425538 0.53100014
vt 0.032425538 0.53100014
vt 0.032425538 0.53100014
vt 0.032425538 0.53100014
vt 0.032425538 0.53100014
vt 0.032425538 0.53100014
vt 0.032425538 0.53100014
vt 0.032425538 0.53100014
vt 0.032425538 0.53100014
vt 0.032425538 0.53100014
vt 0.032425538 0.53100014
vt 0.032425538 0.53100014
vt 0.032425538 0.53100014
vt 0.032425538 0.53100014
vt 0.032425538 0.53100014
vt 0.032425538 0.53100014
vt 0.032425538 0.53100014
vt 0.032425538 0.53100014
vt 0.032425538 0.53100014
vt 0.032425538 0.53100014
vt 0.032425538 0.53100014
vt 0.032425538 0.53100014
vt 0.032425538 0.53100014
vt 0.032425538 0.53100014
vt 0.032425538 0.53100014
vt 0.032425538 0.53100014
vt 0.032425538 0.53100014
vt 0.032425538 0.53100014
vt 0.032425538 0.53100014
vt 0.032425538 0.53100014
vt 0.032425538 0.53100014
vt 0.032425538 0.53100014
vt 0.032425538 0.53100014
vt 0.032425538 0.53100014
vt 0.032425538 0.53100014
vt 0.032425538 0.53100014
vt 0.032425538 0.53100014
vt 0.032425538 0.53100014
vt 0.032425538 0.53100014
vt 0.032425538 0.53100014
vt 0.032425538 0.53100014
vt 0.032425538 0.53100014
vt 0.032425538 0.53100014
vt 0.032425538 0.53100014
vt 0.032425538 0.53100014
vt 0.032425538 0.53100014
vt 0.032425538 0.53100014
vt 0.032425538 0.53100014
vt 0.032425538 0.53100014
vt 0.032425538 0.53100014
vt 0.032425538 0.53100014
vt 0.032425538 0.53100014
vt 0.032425538 0.53100014
vt 0.032425538 0.53100014
vt 0.032425538 0.53100014
vt 0.032425538 0.53100014
vt 0.032425538 0.53100014
vt 0.032425538 0.53100014
vt 0.032425538 0.53100014
vt 0.032425538 0.53100014
vt 0.032425538 0.53100014
vt 0.032425538 0.53100014
vt 0.032425538 0.53100014
vt 0.032425538 0.53100014
vt 0.032425538 0.53100014
vt 0.032425538 0.53100014
vt 0.032425538 0.53100014
vt 0.032425538 0.53100014
vt 0.032425538 0.53100014
vt 0.032425538 0.53100014
vt 0.032425538 0.53100014
vt 0.032425538 0.53100014
vt 0.032425538 0.53100014
vt 0.032425538 0.53100014
vt 0.032425538 0.53100014
vt 0.032425538 0.53100014
vt 0.032425538 0.53100014
vt 0.032425538 0.53100014
vt 0.032425538 0.53100014
vt 0.032425538 0.53100014
vt 0.032425538 0.53100014
vt 0.032425538 0.53100014
vt 0.032425538 0.53100014
vt 0.032425538 0.53100014
vt 0.032425538 0.53100014
vt 0.032425538 0.53100014
vt 0.032425538 0.53100014
vt 0.032425538 0.53100014
vt 0.032425538 0.53100014
vt 0.032425538 0.53100014
vt 0.032425538 0.53100014
vt 0.032425538 0.53100014
vt 0.032425538 0.53100014
vt 0.032425538 0.53100014
vt 0.032425538 0.53100014
vt 0.032425538 0.53100014
vt 0.032425538 0.53100014
vt 0.032425538 0.53100014
vt 0.032425538 0.53100014
vt 0.032425538 0.53100014
vt 0.032425538 0.53100014
vt 0.032425538 0.53100014
vt 0.032425538 0.53100014
vt 0.032425538 0.53100014
vt 0.032425538 0.53100014
vt 0.032425538 0.53100014
vt 0.032425538 0.53100014
vt 0.032425538 0.53100014
vt 0.032425538 0.53100014
vt 0.032425538 0.53100014
vt 0.032425538 0.53100014
vt 0.032425538 0.53100014
vt 0.032425538 0.53100014
vt 0.032425538 0.53100014
vt 0.032425538 0.53100014
vt 0.032425538 0.53100014
vt 0.032425538 0.53100014
vt 0.032425538 0.53100014
vt 0.032425538 0.53100014
vt 0.032425538 0.53100014
vt 0.032425538 0.53100014
vt 0.032425538 0.53100014
vt 0.032425538 0.53100014
vt 0.032425538 0.53100014
vt 0.032425538 0.53100014
vt 0.032425538 0.53100014
vt 0.032425538 0.53100014
vt 0.032425538 0.53100014
vt 0.032425538 0.53100014
vt 0.032425538 0.53100014
vt 0.032425538 0.53100014
vt 0.032425538 0.53100014
vt 0.032425538 0.53100014
vt 0.032425538 0.53100014
vt 0.032425538 0.53100014
vt 0.032425538 0.53100014
vt 0.032425538 0.53100014
vt 0.032425538 0.53100014
vt 0.032425538 0.53100014
vt 0.032425538 0.53100014
vt 0.032425538 0.53100014
vt 0.032425538 0.53100014
vt 0.032425538 0.53100014
vt 0.032425538 0.53100014
vt 0.032425538 0.53100014
vt 0.032425538 0.53100014
vt 0.032425538 0.53100014
vt 0.032425538 0.53100014
vt 0.032425538 0.53100014
vt 0.032425538 0.53100014
vt 0.032425538 0.53100014
vt 0.032425538 0.53100014
vt 0.032425538 0.53100014
vt 0.032425538 0.53100014
vt 0.032425538 0.53100014
vt 0.032425538 0.53100014
vt 0.032425538 0.53100014
vt 0.032425538 0.53100014
vt 0.032425538 0.53100014
vt 0.032425538 0.53100014
vt 0.032425538 0.53100014
vt 0.032425538 0.53100014
vt 0.032425538 0.53100014
vt 0.032425538 0.53100014
vt 0.032425538 0.53100014
vt 0.032425538 0.53100014
vt 0.032425538 0.53100014
vt 0.032425538 0.53100014
vt 0.032425538 0.53100014
vt 0.032425538 0.53100014
vt 0.032425538 0.53100014
vt 0.032425538 0.53100014
vt 0.032425538 0.53100014
vt 0.032425538 0.53100014
vt 0.032425538 0.53100014
vt 0.032425538 0.53100014
vt 0.032425538 0.53100014
vt 0.032425538 0.53100014
vt 0.032425538 0.53100014
vt 0.032425538 0.53100014
vt 0.032425538 0.53100014
vt 0.032425538 0.53100014
vt 0.032425538 0.53100014
vt 0.032425538 0.53100014
vt 0.032425538 0.53100014
vt 0.032425538 0.53100014
vt 0.032425538 0.53100014
vt 0.032425538 0.53100014
vt 0.032425538 0.53100014
vt 0.032425538 0.53100014
vt 0.032425538 0.53100014
vt 0.032425538 0.53100014
vt 0.032425538 0.53100014
vt 0.032425538 0.53100014
vt 0.032425538 0.53100014
vt 0.032425538 0.53100014
vt 0.032425538 0.53100014
vt 0.032425538 0.53100014
vt 0.032425538 0.53100014
vt 0.032425538 0.53100014
vt 0.032425538 0.53100014
vt 0.032425538 0.53100014
vt 0.032425538 0.53100014
vt 0.21584356 0.8493079
vt 0.21584356 0.8493079
vt 0.21584356 0.8493079
vt 0.21584356 0.8493079
vt 0.21584356 0.8493079
vt 0.21584356 0.8493079
vt 0.21564627 0.8499785
vt 0.21564627 0.8499785
vt 0.21564627 0.8499785
vt 0.21564627 0.8499785
vt 0.21564627 0.8499785
vt 0.21564627 0.8499785
vt 0.21564627 0.8499785
vt 0.21564627 0.8499785
vt 0.21564627 0.8499785
vt 0.21564627 0.8499785
vt 0.21564627 0.8499785
vt 0.21564627 0.8499785
vt 0.21564627 0.8499785
vt 0.21564627 0.8499785
vt 0.21564627 0.8499785
vt 0.21564627 0.8499785
vt 0.21564627 0.8499785
vt 0.21564627 0.8499785
vt 0.21564627 0.8499785
vt 0.21564627 0.8499785
vt 0.21564627 0.8499785
vt 0.21564627 0.8499785
vt 0.21564627 0.8499785
vt 0.21564627 0.8499785
vt 0.21564627 0.8499785
vt 0.21564627 0.8499785
vt 0.21564627 0.8499785
vt 0.21564627 0.8499785
vt 0.21564627 0.8499785
vt 0.21564627 0.8499785
vt 0.21564627 0.8499785
vt 0.21564627 0.8499785
vt 0.21564627 0.8499785
vt 0.21564627 0.8499785
vt 0.21564627 0.8499785
vt 0.21564627 0.8499785
vt 0.21564627 0.8499785
vt 0.21564627 0.8499785
vt 0.21564627 0.8499785
vt 0.21564627 0.8499785
vt 0.21564627 0.8499785
vt 0.21564627 0.8499785
vt 0.21564627 0.8499785
vt 0.21564627 0.8499785
vt 0.21564627 0.8499785
vt 0.21564627 0.8499785
vt 0.21564627 0.8499785
vt 0.21564627 0.8499785
vt 0.09123422 0.5316078
vt 0.09123422 0.53160787
vt 0.09123422 0.53160787
vt 0.09123422 0.53160787
vt 0.09123422 0.53160787
vt 0.09123422 0.53160787
vt 0.09123422 0.53160787
vt 0.09123422 0.53160787
vt 0.09123422 0.53160787
vt 0.09123422 0.53160787
vt 0.09123422 0.53160787
vt 0.09123422 0.53160787
vt 0.09123422 0.53160787
vt 0.09123422 0.53160787
vt 0.09123422 0.53160787
vt 0.09123422 0.53160787
vt 0.09123422 0.53160787
vt 0.09123422 0.53160787
vt 0.09123422 0.53160787
vt 0.09123422 0.53160787
vt 0.09123422 0.53160787
vt 0.091234215 0.53160787
vt 0.09123422 0.53160787
vt 0.09123422 0.53160787
vt 0.09123422 0.53160787
vt 0.09123422 0.53160787
vt 0.09123422 0.53160787
vt 0.091234215 0.53160787
vt 0.09123422 0.53160787
vt 0.09123422 0.53160787
vt 0.09123422 0.53160787
vt 0.09123422 0.53160787
vt 0.09123422 0.53160787
vt 0.09123422 0.53160787
vt 0.09123422 0.53160787
vt 0.09123422 0.53160787
vt 0.091234215 0.53160787
vt 0.09123422 0.53160787
vt 0.09123422 0.53160787
vt 0.09123422 0.53160787
vt 0.09123422 0.53160787
vt 0.09123422 0.53160787
vt 0.09123422 0.53160787
vt 0.09123422 0.53160787
vt 0.09123422 0.53160787
vt 0.09123422 0.53160787
vt 0.09123422 0.53160787
vt 0.09123422 0.53160787
vt 0.09123422 0.53160787
vt 0.09123422 0.53160787
vt 0.09123422 0.53160787
vt 0.09123422 0.53160787
vt 0.09123422 0.53160787
vt 0.09123422 0.53160787
vt 0.09123422 0.53160787
vt 0.09123422 0.53160787
vt 0.09123422 0.53160787
vt 0.09123422 0.5316079
vt 0.09123422 0.53160787
vt 0.09123422 0.53160787
vt 0.09123422 0.53160787
vt 0.09123422 0.53160787
vt 0.09123422 0.53160787
vt 0.09123422 0.53160787
vt 0.09123422 0.53160787
vt 0.09123422 0.53160787
vt 0.09123422 0.53160787
vt 0.09123422 0.53160787
vt 0.09123422 0.53160787
vt 0.09123422 0.53160787
vt 0.09123422 0.53160787
vt 0.09123422 0.53160787
vt 0.09123422 0.53160787
vt 0.09123422 0.53160787
vt 0.09123422 0.53160787
vt 0.09123422 0.53160787
vt 0.09123422 0.53160787
vt 0.09123422 0.53160787
vt 0.09123422 0.53160787
vt 0.09123422 0.53160787
vt 0.09123422 0.53160787
vt 0.09123422 0.53160787
vt 0.09123422 0.53160787
vt 0.09123422 0.53160787
vt 0.09123422 0.53160787
vt 0.09123422 0.53160787
vt 0.09123422 0.53160787
vt 0.09123422 0.53160787
vt 0.09123422 0.53160787
vt 0.09123422 0.53160787
vt 0.09123422 0.53160787
vt 0.09123422 0.53160787
vt 0.09123422 0.53160787
vt 0.09123422 0.53160787
vt 0.09123422 0.53160787
vt 0.09123422 0.53160787
vt 0.09123422 0.53160787
vt 0.09123422 0.53160787
vt 0.09123422 0.53160787
vt 0.09123422 0.53160787
vt 0.09123422 0.53160787
vt 0.09123422 0.53160787
vt 0.09123422 0.53160787
vt 0.09123422 0.53160787
vt 0.09123422 0.53160787
vt 0.09123422 0.53160787
vt 0.09123422 0.53160787
vt 0.09123422 0.53160787
vt 0.09123422 0.53160787
vt 0.09123422 0.53160787
vt 0.09123422 0.53160787
vt 0.09123422 0.53160787
vt 0.09123422 0.53160787
vt 0.09123422 0.53160787
vt 0.09123422 0.53160787
vt 0.09123422 0.53160787
vt 0.09123422 0.53160787
vt 0.09123422 0.53160787
vt 0.09123422 0.53160787
vt 0.09123422 0.53160787
vt 0.09123422 0.53160787
vt 0.09123422 0.53160787
vt 0.09123422 0.53160787
vt 0.09123422 0.53160787
vt 0.09123422 0.53160787
vt 0.09123422 0.53160787
vt 0.09123422 0.53160787
vt 0.09123422 0.53160787
vt 0.09123422 0.53160787
vt 0.09123422 0.53160787
vt 0.09123422 0.53160787
vt 0.09123422 0.53160787
vt 0.09123422 0.53160787
vt 0.09123422 0.53160787
vt 0.09123422 0.53160787
vt 0.09123422 0.53160787
vt 0.09123422 0.53160787
vt 0.09123422 0.53160787
vt 0.09123422 0.53160787
vt 0.09123422 0.53160787
vt 0.09123422 0.53160787
vt 0.09123422 0.53160787
vt 0.09123422 0.53160787
vt 0.09123422 0.53160787
vt 0.09123422 0.53160787
vt 0.09123422 0.53160787
vt 0.09123422 0.53160787
vt 0.09123422 0.53160787
vt 0.09123422 0.53160787
vt 0.09123422 0.53160787
vt 0.09123422 0.53160787
vt 0.09123422 0.53160787
vt 0.09123422 0.53160787
vt 0.09123422 0.53160787
vt 0.09123422 0.53160787
vt 0.09123422 0.53160787
vt 0.09123422 0.53160787
vt 0.09123422 0.53160787
vt 0.09123422 0.53160787
vt 0.09123422 0.53160787
vt 0.09123422 0.53160787
vt 0.09123422 0.53160787
vt 0.09123422 0.53160787
vt 0.09123422 0.53160787
vt 0.09123422 0.53160787
vt 0.09123422 0.53160787
vt 0.09123422 0.53160787
vt 0.09123422 0.53160787
vt 0.09123422 0.53160787
vt 0.09123422 0.53160787
vt 0.09123422 0.53160787
vt 0.09123422 0.53160787
vt 0.09123422 0.53160787
vt 0.09123422 0.53160787
vt 0.10228107 0.88847417
vt 0.10228107 0.88847417
vt 0.10228107 0.88847417
vt 0.10228107 0.88847417
vt 0.10228107 0.88847417
vt 0.10228107 0.88847417
vt 0.10228107 0.88847417
vt 0.10228107 0.88847417
vt 0.10228107 0.88847417
vt 0.032425538 0.53100014
vt 0.032425538 0.53100014
vt 0.032425538 0.53100014
vt 0.032425538 0.53100014
vt 0.093695015 0.46516672
vt 0.093695015 0.46516672
vt 0.093695045 0.46516678
vt 0.093695015 0.46516672
vt 0.093695015 0.46516672
vt 0.093695015 0.46516672
vt 0.093695015 0.46516678
vt 0.093695015 0.46516672
vt 0.093695015 0.46516672
vt 0.093695015 0.46516672
vt 0.093695015 0.46516672
vt 0.093695015 0.46516672
vt 0.093695015 0.46516672
vt 0.093695015 0.46516672
vt 0.093695015 0.46516672
vt 0.093695015 0.46516672
vt 0.093695015 0.46516672
vt 0.093695015 0.46516672
vt 0.093695015 0.46516672
vt 0.093695015 0.46516672
vt 0.093695015 0.46516672
vt 0.093695015 0.46516672
vt 0.093695015 0.46516672
vt 0.093695015 0.46516672
vt 0.093695015 0.46516672
vt 0.093695015 0.46516672
vt 0.093695015 0.46516672
vt 0.093695015 0.46516678
vt 0.093695015 0.46516672
vt 0.093695015 0.46516672
vt 0.093695015 0.46516672
vt 0.093695015 0.46516672
vt 0.093695015 0.46516672
vt 0.093695015 0.46516672
vt 0.093695015 0.46516672
vt 0.093695015 0.46516672
vt 0.093695015 0.46516672
vt 0.093695015 0.46516672
vt 0.09800634 0.5230074
vt 0.09800634 0.5230074
vt 0.09800634 0.5230074
vt 0.09800634 0.5230074
vt 0.09800634 0.5230074
vt 0.09800637 0.5230075
vt 0.09800634 0.5230075
vt 0.09800634 0.5230074
vt 0.09800634 0.5230074
vt 0.09800634 0.5230074
vt 0.09800634 0.5230074
vt 0.09800634 0.5230074
vt 0.09800634 0.5230074
vt 0.09800634 0.5230074
vt 0.09800634 0.5230075
vt 0.09800634 0.5230074
vt 0.09800634 0.5230075
vt 0.09800634 0.5230074
vt 0.09800634 0.52300745
vt 0.09800634 0.5230074
vt 0.09800634 0.5230074
vt 0.09800634 0.5230074
vt 0.09800634 0.5230074
vt 0.22780764 0.6558774
vt 0.22780764 0.6558774
vt 0.22780764 0.6558774
vt 0.22780764 0.6558774
vt 0.22780764 0.6558774
vt 0.22780764 0.6558774
vt 0.22780764 0.6558774
vt 0.22780764 0.6558774
vt 0.22780764 0.6558774
vt 0.22780764 0.6558774
vt 0.22780764 0.6558774
vt 0.22780764 0.6558774
vt 0.22780764 0.6558774
vt 0.22780764 0.6558774
vt 0.093695015 0.46516672
vt 0.093695015 0.46516672
vt 0.093695015 0.46516672
vt 0.093695045 0.46516678
vt 0.22780764 0.6558774
vt 0.22780764 0.6558774
vt 0.22780764 0.6558774
vt 0.22780764 0.6558774
vt 0.22288609 0.65341663
vt 0.22288609 0.65341663
vt 0.22288612 0.65341663
vt 0.22288612 0.65341663
vt 0.22780764 0.6558774
vt 0.22780764 0.6558774
vt 0.22780764 0.6558775
vt 0.22780764 0.6558775
vt 0.22780764 0.6558774
vt 0.22780764 0.6558774
vt 0.09800634 0.5230075
vt 0.09800637 0.5230075
vt 0.09800634 0.5230074
vt 0.09800634 0.5230074
vt 0.09800634 0.5230074
vt 0.09800634 0.5230074
vt 0.09800634 0.5230075
vt 0.09800634 0.52300745
vt 0.09800634 0.5230074
vt 0.09800634 0.5230074
vt 0.09800634 0.5230074
vt 0.09800634 0.5230074
vt 0.09800634 0.5230074
vt 0.22780764 0.6558774
vt 0.22780764 0.6558774
vt 0.22780764 0.65587735
vt 0.22780764 0.6558774
vt 0.22780764 0.6558774
vt 0.22780764 0.6558774
vt 0.22780764 0.6558774
vt 0.22780764 0.6558775
vt 0.22780764 0.6558774
vt 0.22780764 0.6558774
vt 0.22780764 0.6558774
vt 0.22780764 0.6558774
vt 0.22780764 0.6558774
vt 0.22780764 0.6558774
vt 0.22780764 0.6558774
vt 0.22780764 0.6558774
vt 0.22780764 0.6558774
vt 0.22780764 0.6558774
vt 0.22780764 0.6558774
vt 0.22780764 0.6558774
vt 0.21673413 0.66695094
vt 0.21673413 0.66695094
vt 0.21673413 0.66695094
vt 0.21673413 0.66695094
vt 0.22288612 0.65341663
vt 0.22288612 0.65341663
vt 0.22288612 0.65341663
vt 0.22288612 0.65341663
vt 0.22288612 0.65341663
vt 0.22288612 0.65341663
vt 0.22288612 0.65341663
vt 0.22288612 0.65341663
vt 0.22288612 0.65341663
vt 0.22288612 0.65341663
vt 0.22780764 0.6558774
vt 0.22780764 0.6558774
vt 0.22780764 0.6558774
vt 0.22780764 0.6558774
vt 0.22288612 0.65341663
vt 0.22288612 0.65341663
vt 0.22288612 0.65341663
vt 0.22288612 0.65341663
vt 0.22288612 0.65341663
vt 0.22288612 0.65341663
vt 0.22780764 0.6558774
vt 0.22780764 0.6558774
vt 0.22780764 0.6558774
vt 0.22780764 0.6558774
vt 0.22780764 0.6558774
vt 0.22780764 0.6558774
vt 0.22780764 0.6558774
vt 0.22780764 0.6558774
vt 0.22780764 0.6558774
vt 0.22780764 0.6558774
vt 0.22780764 0.6558774
vt 0.22780764 0.6558774
vt 0.22780764 0.6558774
vt 0.22780764 0.6558774
vt 0.22780764 0.65587735
vt 0.22780764 0.65587735
vt 0.22780764 0.65587735
vt 0.22780764 0.65587735
vt 0.22780764 0.6558774
vt 0.22780764 0.6558774
vt 0.34469485 0.6521862
vt 0.34469485 0.6521862
vt 0.34469485 0.6521862
vt 0.34469485 0.6521862
vt 0.34469485 0.6521862
vt 0.34469485 0.6521862
vt 0.34469488 0.6521863
vt 0.34469485 0.6521862
vt 0.34469485 0.6521862
vt 0.34469485 0.6521862
vt 0.34469485 0.6521862
vt 0.34469485 0.6521862
vt 0.34469485 0.6521862
vt 0.34469485 0.6521862
vt 0.34469485 0.6521862
vt 0.34469485 0.6521862
vt 0.34469485 0.6521862
vt 0.34469485 0.6521862
vt 0.34469488 0.6521863
vt 0.34469485 0.6521862
vt 0.34469485 0.6521862
vt 0.34469485 0.6521862
vt 0.34469485 0.6521863
vt 0.34469485 0.6521862
vt 0.34469485 0.6521862
vt 0.34469485 0.6521862
vt 0.34469485 0.6521862
vt 0.34469485 0.6521862
vt 0.34469485 0.6521862
vt 0.34469485 0.6521862
vt 0.34469485 0.6521863
vt 0.34469485 0.6521862
vt 0.34469485 0.6521862
vt 0.34469485 0.6521862
vt 0.2880321 0.8952413
vt 0.28803217 0.8952413
vt 0.2880321 0.8952413
vt 0.2880321 0.8952413
vt 0.2880321 0.8952413
vt 0.2880321 0.8952413
vt 0.28803205 0.8952413
vt 0.2880321 0.8952413
vt 0.2880321 0.8952413
vt 0.2880321 0.8952413
vt 0.28803217 0.8952414
vt 0.2880321 0.8952413
vt 0.28803205 0.8952413
vt 0.2880321 0.8952413
vt 0.03334269 0.5343888
vt 0.03334269 0.5343888
vt 0.03334269 0.5343888
vt 0.03334269 0.5343888
vt 0.03334269 0.5343888
vt 0.03334269 0.5343888
vt 0.03334269 0.5343888
vt 0.03334269 0.5343888
vt 0.03334269 0.5343888
vt 0.03334269 0.5343888
vt 0.03334269 0.5343888
vt 0.03334269 0.5343888
vt 0.03334269 0.5343888
vt 0.03334269 0.5343888
vt 0.03334269 0.5343888
vt 0.03334269 0.5343888
vt 0.03334269 0.5343888
vt 0.03334269 0.5343888
vt 0.03334269 0.5343888
vt 0.03334269 0.5343888
vt 0.03334269 0.5343888
vt 0.03334269 0.5343888
vt 0.03334269 0.5343888
vt 0.03334269 0.5343888
vt 0.03334269 0.5343888
vt 0.03334269 0.5343888
vt 0.03334269 0.5343888
vt 0.03334269 0.5343888
vt 0.03334269 0.5343888
vt 0.03334269 0.5343888
vt 0.03334269 0.5343888
vt 0.03334269 0.5343888
vt 0.03334269 0.5343888
vt 0.03334269 0.5343888
vt 0.03334269 0.5343888
vt 0.03334269 0.5343888
vt 0.03334269 0.5343888
vt 0.03334269 0.5343888
vt 0.03334269 0.5343888
vt 0.03334269 0.5343888
vt 0.03334269 0.5343888
vt 0.03334269 0.5343888
vt 0.03334269 0.5343888
vt 0.03334269 0.5343888
vt 0.03334269 0.5343888
vt 0.03334269 0.5343888
vt 0.03334269 0.5343888
vt 0.03334269 0.5343888
vt 0.03334269 0.5343888
vt 0.03334269 0.5343888
vt 0.03334269 0.5343888
vt 0.03334269 0.5343888
vt 0.03334269 0.5343888
vt 0.03334269 0.5343888
vt 0.03334269 0.5343888
vt 0.03334269 0.5343888
vt 0.03334269 0.5343888
vt 0.03334269 0.5343888
vt 0.03334269 0.5343888
vt 0.03334269 0.5343888
vt 0.03334269 0.5343888
vt 0.03334269 0.5343888
vt 0.03334269 0.5343888
vt 0.03334269 0.5343888
vt 0.03334269 0.5343888
vt 0.03334269 0.5343888
vt 0.03334269 0.5343888
vt 0.03334269 0.5343888
vt 0.03334269 0.5343888
vt 0.03334269 0.5343888
vt 0.03334269 0.5343888
vt 0.08352527 0.5310893
vt 0.08352527 0.5310893
vt 0.08352527 0.5310893
vt 0.08352527 0.5310893
vt 0.08352527 0.5310893
vt 0.08352527 0.5310893
vt 0.08352527 0.5310893
vt 0.08352527 0.5310893
vt 0.08352527 0.5310893
vt 0.08352527 0.5310893
vt 0.08352527 0.5310893
vt 0.08352527 0.5310893
vt 0.08352527 0.5310893
vt 0.08352527 0.5310893
vt 0.08352527 0.5310893
vt 0.08352527 0.5310893
vt 0.08352527 0.5310893
vt 0.08352527 0.5310893
vt 0.08352527 0.5310893
vt 0.08352527 0.5310893
vt 0.08352527 0.5310893
vt 0.08352527 0.5310893
vt 0.08352527 0.5310893
vt 0.08352527 0.5310893
vt 0.08352527 0.5310893
vt 0.08352527 0.5310893
vt 0.08352527 0.5310893
vt 0.08352527 0.5310893
vt 0.08352527 0.5310893
vt 0.08352527 0.5310893
vt 0.08352527 0.5310893
vt 0.08352527 0.5310893
vt 0.08352527 0.5310893
vt 0.08352527 0.5310893
vt 0.08352527 0.5310893
vt 0.08352527 0.5310893
vt 0.08352527 0.5310893
vt 0.08352527 0.5310893
vt 0.08352527 0.5310893
vt 0.08352527 0.5310893
vt 0.08352527 0.5310893
vt 0.08352527 0.5310893
vt 0.08352527 0.5310893
vt 0.08352527 0.5310893
vt 0.08352527 0.5310893
vt 0.08352527 0.5310893
vt 0.08352527 0.5310893
vt 0.08352527 0.5310893
vt 0.08352527 0.5310893
vt 0.08352527 0.5310893
vt 0.08352527 0.5310893
vt 0.08352527 0.5310893
vt 0.08352527 0.5310893
vt 0.08352527 0.5310893
vt 0.08352527 0.5310893
vt 0.08352527 0.5310893
vt 0.08352527 0.5310893
vt 0.08352527 0.5310893
vt 0.08352527 0.5310893
vt 0.08352527 0.5310893
vt 0.08352527 0.5310893
vt 0.08352527 0.5310893
vt 0.08352527 0.5310893
vt 0.08352527 0.5310893
vt 0.08352527 0.5310893
vt 0.08352527 0.5310893
vt 0.08352527 0.5310893
vt 0.08352527 0.5310893
vt 0.08352527 0.5310893
vt 0.08352527 0.5310893
vt 0.08352527 0.5310893
vt 0.08352527 0.5310893
vt 0.08352527 0.5310893
vt 0.08352527 0.5310893
vt 0.08352527 0.5310893
vt 0.08352527 0.5310893
vt 0.08352527 0.5310893
vt 0.08352527 0.5310893
vt 0.08352527 0.5310893
vt 0.08352527 0.5310893
vt 0.08352527 0.5310893
vt 0.08352527 0.5310893
vt 0.08352527 0.5310893
vt 0.08352527 0.5310893
vt 0.08352527 0.5310893
vt 0.08352527 0.5310893
vt 0.08352527 0.5310893
vt 0.08352527 0.5310893
vt 0.08352527 0.5310893
vt 0.08352527 0.5310893
vt 0.08352527 0.5310893
vt 0.08352527 0.5310893
vt 0.08352527 0.5310893
vt 0.08352527 0.5310893
vt 0.08352527 0.5310893
vt 0.08352527 0.5310893
vt 0.08352527 0.5310893
vt 0.08352527 0.5310893
vt 0.08352527 0.5310893
vt 0.08352527 0.5310893
vt 0.08352527 0.5310893
vt 0.08352527 0.5310893
vt 0.08352527 0.5310893
vt 0.08352527 0.5310893
vt 0.08352527 0.5310893
vt 0.08352527 0.5310893
vt 0.08352527 0.5310893
vt 0.08352527 0.5310893
vt 0.08352527 0.5310893
vt 0.08352527 0.5310893
vt 0.08352527 0.5310893
vt 0.08352527 0.5310893
vt 0.08352527 0.5310893
vt 0.08352527 0.5310893
vt 0.08352527 0.5310893
vt 0.08352527 0.5310893
vt 0.08352527 0.5310893
vt 0.08352527 0.5310893
vt 0.08352527 0.5310893
vt 0.08352527 0.5310893
vt 0.08352527 0.5310893
vt 0.08352527 0.5310893
vt 0.08352527 0.5310893
vt 0.08352527 0.5310893
vt 0.08352527 0.5310893
vt 0.08352527 0.5310893
vt 0.08352527 0.5310893
vt 0.08352527 0.5310893
vt 0.08352527 0.5310893
vt 0.08352527 0.5310893
vt 0.08352527 0.5310893
vt 0.08352527 0.5310893
vt 0.08352527 0.5310893
vt 0.08352527 0.5310893
vt 0.08352527 0.5310893
vt 0.08352527 0.5310893
vt 0.08352527 0.5310893
vt 0.08352527 0.5310893
vt 0.08352527 0.5310893
vt 0.08352527 0.5310893
vt 0.08352527 0.5310893
vt 0.08352527 0.5310893
vt 0.08352527 0.5310893
vt 0.08352527 0.5310893
vt 0.08352527 0.5310893
vt 0.08352527 0.5310893
vt 0.08352527 0.5310893
vt 0.08352527 0.5310893
vt 0.08352527 0.5310893
vt 0.08352527 0.5310893
vt 0.08352527 0.5310893
vt 0.08352527 0.5310893
vt 0.08352527 0.5310893
vt 0.08352527 0.5310893
vt 0.08352527 0.5310893
vt 0.08352527 0.5310893
vt 0.08352527 0.5310893
vt 0.08352527 0.5310893
vt 0.08352527 0.5310893
vt 0.08352527 0.5310893
vt 0.08352527 0.5310893
vt 0.08352527 0.5310893
vt 0.08352527 0.5310893
vt 0.08352527 0.5310893
vt 0.08352527 0.5310893
vt 0.08352527 0.5310893
vt 0.08352527 0.5310893
vt 0.08352527 0.5310893
vt 0.08352527 0.5310893
vt 0.08352527 0.5310893
vt 0.08352527 0.5310893
vt 0.08352527 0.5310893
vt 0.08352527 0.5310893
vt 0.08352527 0.5310893
vt 0.08352527 0.5310893
vt 0.08352527 0.5310893
vt 0.08352527 0.5310893
vt 0.08352527 0.5310893
vt 0.08352527 0.5310893
vt 0.08352527 0.5310893
vt 0.08352527 0.5310893
vt 0.08352527 0.5310893
vt 0.08352527 0.5310893
vt 0.08352527 0.5310893
vt 0.08352527 0.5310893
vt 0.08352527 0.5310893
vt 0.08352527 0.5310893
vt 0.08352527 0.5310893
vt 0.08352527 0.5310893
vt 0.08352527 0.5310893
vt 0.08352527 0.5310893
vt 0.08352527 0.5310893
vt 0.08352527 0.5310893
vt 0.08352527 0.5310893
vt 0.08352527 0.5310893
vt 0.08352527 0.5310893
vt 0.08352527 0.5310893
vt 0.08352527 0.5310893
vt 0.08352527 0.5310893
vt 0.08352527 0.5310893
vt 0.08352527 0.5310893
vt 0.08352527 0.5310893
vt 0.08352527 0.5310893
vt 0.08352527 0.5310893
vt 0.08352527 0.5310893
vt 0.08352527 0.5310893
vt 0.08352527 0.5310893
vt 0.08352527 0.5310893
vt 0.08352527 0.5310893
vt 0.08352527 0.5310893
vt 0.08352527 0.5310893
vt 0.08352527 0.5310893
vt 0.08352527 0.5310893
vt 0.08352527 0.5310893
vt 0.08352527 0.5310893
vt 0.08352527 0.5310893
vt 0.08352527 0.5310893
vt 0.08352527 0.5310893
vt 0.08352527 0.5310893
vt 0.08352527 0.5310893
vt 0.08352527 0.5310893
vt 0.08352527 0.5310893
vt 0.08352527 0.5310893
vt 0.08352527 0.5310893
vt 0.08352527 0.5310893
vt 0.08352527 0.5310893
vt 0.08352527 0.5310893
vt 0.08352527 0.5310893
vt 0.08352527 0.5310893
vt 0.08352527 0.5310893
vt 0.08352527 0.5310893
vt 0.08352527 0.5310893
vt 0.08352527 0.5310893
vt 0.08352527 0.5310893
vt 0.08352527 0.5310893
vt 0.08352527 0.5310893
vt 0.08352527 0.5310893
vt 0.08352527 0.5310893
vt 0.08352527 0.5310893
vt 0.08352527 0.5310893
vt 0.08352527 0.5310893
vt 0.08352527 0.5310893
vt 0.08352527 0.5310893
vt 0.08352527 0.5310893
vt 0.08352527 0.5310893
vt 0.08352527 0.5310893
vt 0.08352527 0.5310893
vt 0.08352527 0.5310893
vt 0.2880321 0.8952413
vt 0.28803205 0.8952413
vt 0.2880321 0.8952413
vt 0.2880321 0.8952413
vt 0.2880321 0.8952413
vt 0.2880321 0.8952413
vt 0.2880321 0.8952413
vt 0.2880321 0.8952413
vt 0.2880321 0.8952413
vt 0.2880321 0.8952413
vt 0.2880321 0.8952413
vt 0.09123422 0.53160787
vt 0.09123422 0.53160787
vt 0.09123422 0.53160787
vt 0.09123422 0.53160787
vt 0.09123422 0.53160787
vt 0.09123422 0.53160787
vt 0.09123422 0.53160787
vt 0.09123422 0.53160787
vt 0.09123422 0.53160787
vt 0.09123422 0.53160787
vt 0.09123422 0.53160787
vt 0.09123422 0.53160787
vt 0.09123422 0.53160787
vt 0.09123422 0.53160787
vt 0.09123422 0.53160787
vt 0.09123422 0.53160787
vt 0.09123422 0.53160787
vt 0.09123422 0.53160787
vt 0.09123422 0.53160787
vt 0.09123422 0.53160787
vt 0.09123422 0.53160787
vt 0.09123422 0.53160787
vt 0.09123422 0.53160787
vt 0.09123422 0.53160787
vt 0.09123422 0.53160787
vt 0.09123422 0.53160787
vt 0.09123422 0.53160787
vt 0.09123422 0.53160787
vt 0.09123422 0.53160787
vt 0.09123422 0.53160787
vt 0.09123422 0.53160787
vt 0.09123422 0.53160787
vt 0.09123422 0.53160787
vt 0.09123422 0.53160787
vt 0.09123422 0.53160787
vt 0.09123422 0.53160787
vt 0.09123422 0.53160787
vt 0.09123422 0.53160787
vt 0.09123422 0.53160787
vt 0.09123422 0.53160787
vt 0.09123422 0.53160787
vt 0.09123422 0.53160787
vt 0.09123422 0.53160787
vt 0.09123422 0.53160787
vt 0.09123422 0.53160787
vt 0.09123422 0.53160787
vt 0.09123422 0.53160787
vt 0.09123422 0.53160787
vt 0.09123422 0.53160787
vt 0.09123422 0.53160787
vt 0.09123422 0.53160787
vt 0.09123422 0.53160787
vt 0.09123422 0.53160787
vt 0.09123422 0.53160787
vt 0.09123422 0.53160787
vt 0.09123422 0.53160787
vt 0.09123422 0.53160787
vt 0.09123422 0.53160787
vt 0.09123422 0.53160787
vt 0.09123422 0.53160787
vt 0.09123422 0.53160787
vt 0.09123422 0.53160787
vt 0.09123422 0.53160787
vt 0.09123422 0.53160787
vt 0.09123422 0.53160787
vt 0.09123422 0.53160787
vt 0.09123422 0.53160787
vt 0.09123422 0.53160787
vt 0.09123422 0.53160787
vt 0.09123422 0.53160787
vt 0.09123422 0.53160787
vt 0.09123422 0.53160787
vt 0.09123422 0.53160787
vt 0.09123422 0.53160787
vt 0.09123422 0.53160787
vt 0.09123422 0.53160787
vt 0.09123422 0.53160787
vt 0.09123422 0.53160787
vt 0.09123422 0.53160787
vt 0.09123422 0.53160787
vt 0.09123422 0.53160787
vt 0.09123422 0.53160787
vt 0.09123422 0.53160787
vt 0.09123422 0.53160787
vt 0.09123422 0.53160787
vt 0.09123422 0.53160787
vt 0.09123422 0.53160787
vt 0.09123422 0.53160787
vt 0.09123422 0.53160787
vt 0.09123422 0.53160787
vt 0.09123422 0.53160787
vt 0.09123422 0.53160787
vt 0.09123422 0.53160787
vt 0.07918042 0.5125443
vt 0.07918042 0.5125443
vt 0.07918042 0.5125443
vt 0.07918042 0.5125443
vt 0.07918042 0.5125443
vt 0.07918042 0.5125443
vt 0.07918042 0.5125443
vt 0.07918042 0.5125443
vt 0.07918042 0.5125443
vt 0.07918042 0.5125443
vt 0.07918042 0.5125443
vt 0.07918042 0.5125443
vt 0.07918042 0.5125443
vt 0.07918042 0.5125443
vt 0.07918042 0.5125443
vt 0.07918042 0.5125443
vt 0.07918042 0.5125443
vt 0.07918042 0.5125443
vt 0.07918042 0.5125443
vt 0.07918042 0.5125443
vt 0.07918042 0.5125443
vt 0.07918042 0.5125443
vt 0.07918042 0.5125443
vt 0.07918042 0.5125443
vt 0.07918042 0.5125443
vt 0.07918042 0.5125443
vt 0.07918042 0.5125443
vt 0.07918042 0.5125443
vt 0.07918042 0.5125443
vt 0.07918042 0.5125443
vt 0.07918042 0.5125443
vt 0.07918042 0.5125443
vt 0.07918042 0.5125443
vt 0.07918042 0.5125443
vt 0.07918042 0.5125443
vt 0.07918042 0.5125443
vt 0.07918042 0.5125443
vt 0.07918042 0.5125443
vt 0.07918042 0.5125443
vt 0.07918042 0.5125443
vt 0.07918042 0.5125443
vt 0.07918042 0.5125443
vt 0.07918042 0.5125443
vt 0.07918042 0.5125443
vt 0.07918042 0.5125443
vt 0.07918042 0.5125443
vt 0.07918042 0.5125443
vt 0.07918042 0.5125443
vt 0.07918042 0.5125443
vt 0.07918042 0.5125443
vt 0.07918042 0.5125443
vt 0.07918042 0.5125443
vt 0.07918042 0.5125443
vt 0.07918042 0.5125443
vt 0.07918042 0.5125443
vt 0.07918042 0.5125443
vt 0.07918042 0.5125443
vt 0.07918042 0.5125443
vt 0.07918042 0.5125443
vt 0.07918042 0.5125443
vt 0.07918042 0.5125443
vt 0.07918042 0.5125443
vt 0.07918042 0.5125443
vt 0.07918042 0.5125443
vt 0.07918042 0.5125443
vt 0.07918042 0.5125443
vt 0.07918042 0.5125443
vt 0.07918042 0.5125443
vt 0.07918042 0.5125443
vt 0.07918042 0.5125443
vt 0.07918042 0.5125443
vt 0.07918042 0.5125443
vt 0.07918042 0.5125443
vt 0.07918042 0.5125443
vt 0.15635815 0.4680643
vt 0.15635815 0.4680643
vt 0.15635815 0.4680643
vt 0.15635815 0.4680643
vt 0.15635815 0.4680643
vt 0.15635815 0.4680643
vt 0.15635815 0.4680643
vt 0.15635815 0.4680643
vt 0.15635815 0.4680643
vt 0.15635815 0.4680643
vt 0.15635815 0.4680643
vt 0.15635815 0.4680643
vt 0.15635815 0.4680643
vt 0.15635815 0.4680643
vt 0.15635815 0.4680643
vt 0.15635815 0.4680643
vt 0.15635815 0.4680643
vt 0.15635815 0.4680643
vt 0.15635815 0.4680643
vt 0.15635815 0.4680643
vt 0.15635815 0.4680643
vt 0.15635815 0.4680643
vt 0.15635815 0.4680643
vt 0.15635815 0.4680643
vt 0.15635815 0.4680643
vt 0.15635815 0.4680643
vt 0.15635815 0.4680643
vt 0.15635815 0.4680643
vt 0.15635815 0.4680643
vt 0.15635815 0.4680643
vt 0.15635815 0.4680643
vt 0.15635815 0.4680643
vt 0.15635815 0.4680643
vt 0.15635815 0.4680643
vt 0.15635815 0.4680643
vt 0.15635815 0.4680643
vt 0.15635815 0.4680643
vt 0.15635815 0.4680643
vt 0.15635815 0.4680643
vt 0.15635815 0.4680643
vt 0.15635815 0.4680643
vt 0.15635815 0.4680643
vt 0.15635815 0.4680643
vt 0.15635815 0.4680643
vt 0.15635815 0.4680643
vt 0.15635815 0.4680643
vt 0.15635815 0.4680643
vt 0.15635815 0.4680643
vt 0.15635815 0.4680643
vt 0.15635815 0.4680643
vt 0.15635815 0.4680643
vt 0.15635815 0.4680643
vt 0.15635815 0.4680643
vt 0.15635815 0.4680643
vt 0.15635815 0.4680643
vt 0.15635815 0.4680643
vt 0.15635815 0.4680643
vt 0.15635815 0.4680643
vt 0.15635815 0.4680643
vt 0.15635815 0.4680643
vt 0.15635815 0.4680643
vt 0.15635815 0.4680643
vt 0.15635815 0.4680643
vt 0.15635815 0.4680643
vt 0.15635815 0.4680643
vt 0.15635815 0.4680643
vt 0.15635815 0.4680643
vt 0.15635815 0.4680643
vt 0.15635815 0.4680643
vt 0.15635815 0.4680643
vt 0.15635815 0.4680643
vt 0.15635815 0.4680643
vt 0.15635815 0.4680643
vt 0.15635815 0.4680643
vt 0.15635815 0.4680643
vt 0.15635815 0.4680643
vt 0.15635815 0.4680643
vt 0.15635815 0.4680643
vt 0.15635815 0.4680643
vt 0.15635815 0.4680643
vt 0.15635815 0.4680643
vt 0.15635815 0.4680643
vt 0.15635815 0.4680643
vt 0.15635815 0.4680643
vt 0.15635815 0.4680643
vt 0.15635815 0.4680643
vt 0.15635815 0.4680643
vt 0.15635815 0.4680643
vt 0.15635815 0.4680643
vt 0.15635815 0.4680643
vt 0.15635815 0.4680643
vt 0.15635815 0.4680643
vt 0.15635815 0.4680643
vt 0.15635815 0.4680643
vt 0.15635815 0.4680643
vt 0.15635815 0.4680643
vt 0.15635815 0.4680643
vt 0.15635815 0.4680643
vt 0.15635815 0.4680643
vt 0.15635815 0.4680643
vt 0.15635815 0.4680643
vt 0.15635815 0.4680643
vt 0.15635815 0.4680643
vt 0.15635815 0.4680643
vt 0.15635815 0.4680643
vt 0.15635815 0.4680643
vt 0.15635815 0.4680643
vt 0.15635815 0.4680643
vt 0.15635815 0.4680643
vt 0.15635815 0.4680643
vt 0.15635815 0.4680643
vt 0.15635815 0.4680643
vt 0.15635815 0.4680643
vt 0.15635815 0.4680643
vt 0.15635815 0.4680643
vt 0.15635815 0.4680643
vt 0.15635815 0.4680643
vt 0.15635815 0.4680643
vt 0.15635815 0.4680643
vt 0.15635815 0.4680643
vt 0.15635815 0.4680643
vt 0.15635815 0.4680643
vt 0.15635815 0.4680643
vt 0.15635815 0.4680643
vt 0.15635815 0.4680643
vt 0.15635815 0.4680643
vt 0.15635815 0.4680643
vt 0.15635815 0.4680643
vt 0.15635815 0.4680643
vt 0.15635815 0.4680643
vt 0.15635815 0.4680643
vt 0.10228107 0.88847417
vt 0.10228107 0.88847417
vt 0.10228107 0.88847417
vt 0.10228107 0.88847417
vt 0.10228107 0.88847417
vt 0.10228107 0.88847417
vt 0.10228107 0.88847417
vt 0.10228107 0.88847417
vt 0.10228107 0.88847417
vt 0.10228107 0.88847417
vt 0.10228107 0.88847417
vt 0.10228107 0.88847417
vt 0.10228107 0.88847417
vt 0.10228107 0.88847417
vt 0.10228107 0.88847417
vt 0.10228107 0.88847417
vt 0.10228107 0.88847417
vt 0.032425538 0.53100014
vt 0.032425538 0.53100014
vt 0.032425538 0.53100014
vt 0.032425538 0.53100014
vt 0.032425538 0.53100014
vt 0.032425538 0.53100014
vt 0.032425538 0.53100014
vt 0.032425538 0.53100014
vt 0.032425538 0.53100014
vt 0.032425538 0.53100014
vt 0.032425538 0.53100014
vt 0.032425538 0.53100014
vt 0.032425538 0.53100014
vt 0.032425538 0.53100014
vt 0.032425538 0.53100014
vt 0.032425538 0.53100014
vt 0.032425538 0.53100014
vt 0.032425538 0.53100014
vt 0.032425538 0.53100014
vt 0.032425538 0.53100014
vt 0.032425538 0.53100014
vt 0.032425538 0.53100014
vt 0.032425538 0.53100014
vt 0.032425538 0.53100014
vt 0.032425538 0.53100014
vt 0.032425538 0.53100014
vt 0.032425538 0.53100014
vt 0.032425538 0.53100014
vt 0.032425538 0.53100014
vt 0.032425538 0.53100014
vt 0.032425538 0.53100014
vt 0.032425538 0.53100014
vt 0.032425538 0.53100014
vt 0.032425538 0.53100014
vt 0.032425538 0.53100014
vt 0.032425538 0.53100014
vt 0.032425538 0.53100014
vt 0.032425538 0.53100014
vt 0.032425538 0.53100014
vt 0.032425538 0.53100014
vt 0.032425538 0.53100014
vt 0.032425538 0.53100014
vt 0.032425538 0.53100014
vt 0.032425538 0.53100014
vt 0.032425538 0.53100014
vt 0.032425538 0.53100014
vt 0.032425538 0.53100014
vt 0.032425538 0.53100014
vt 0.032425538 0.53100014
vt 0.032425538 0.53100014
vt 0.032425538 0.53100014
vt 0.032425538 0.53100014
vt 0.032425538 0.53100014
vt 0.032425538 0.53100014
vt 0.032425538 0.53100014
vt 0.032425538 0.53100014
vt 0.032425538 0.53100014
vt 0.032425538 0.53100014
vt 0.032425538 0.53100014
vt 0.032425538 0.53100014
vt 0.032425538 0.53100014
vt 0.032425538 0.53100014
vt 0.032425538 0.53100014
vt 0.032425538 0.53100014
vt 0.032425538 0.53100014
vt 0.032425538 0.53100014
vt 0.032425538 0.53100014
vt 0.032425538 0.53100014
vt 0.032425538 0.53100014
vt 0.032425538 0.53100014
vt 0.032425538 0.53100014
vt 0.032425538 0.53100014
vt 0.032425538 0.53100014
vt 0.032425538 0.53100014
vt 0.032425538 0.53100014
vt 0.032425538 0.53100014
vt 0.032425538 0.53100014
vt 0.032425538 0.53100014
vt 0.032425538 0.53100014
vt 0.032425538 0.53100014
vt 0.032425538 0.53100014
vt 0.032425538 0.53100014
vt 0.032425538 0.53100014
vt 0.032425538 0.53100014
vt 0.032425538 0.53100014
vt 0.032425538 0.53100014
vt 0.032425538 0.53100014
vt 0.032425538 0.53100014
vt 0.032425538 0.53100014
vt 0.032425538 0.53100014
vt 0.032425538 0.53100014
vt 0.032425538 0.53100014
vt 0.032425538 0.53100014
vt 0.032425538 0.53100014
vt 0.032425538 0.53100014
vt 0.032425538 0.53100014
vt 0.032425538 0.53100014
vt 0.032425538 0.53100014
vt 0.032425538 0.53100014
vt 0.032425538 0.53100014
vt 0.032425538 0.53100014
vt 0.032425538 0.53100014
vt 0.032425538 0.53100014
vt 0.032425538 0.53100014
vt 0.032425538 0.53100014
vt 0.032425538 0.53100014
vt 0.032425538 0.53100014
vt 0.032425538 0.53100014
vt 0.032425538 0.53100014
vt 0.032425538 0.53100014
vt 0.032425538 0.53100014
vt 0.032425538 0.53100014
vt 0.10228107 0.88847417
vt 0.10228107 0.88847417
vt 0.10228107 0.88847417
vt 0.10228107 0.88847417
vt 0.10228107 0.88847417
vt 0.10228107 0.88847417
vt 0.10228107 0.88847417
vt 0.10228107 0.88847417
vt 0.10228107 0.88847417
vt 0.10228107 0.88847417
vt 0.10228107 0.88847417
vt 0.10228107 0.88847417
vt 0.10228107 0.88847417
vt 0.10228107 0.88847417
vt 0.10228107 0.88847417
vt 0.10228107 0.88847417
vt 0.10228107 0.88847417
vt 0.10228107 0.88847417
vt 0.10228107 0.88847417
vt 0.10228107 0.88847417
vt 0.10228107 0.88847417
vt 0.10228107 0.88847417
vt 0.10228107 0.88847417
vt 0.10228107 0.88847417
vt 0.10228107 0.88847417
vt 0.10228107 0.88847417
vt 0.10228107 0.88847417
vt 0.10228107 0.88847417
vt 0.10228107 0.88847417
vt 0.10228107 0.88847417
vt 0.10228107 0.88847417
vt 0.10228107 0.88847417
vt 0.10228107 0.88847417
vt 0.10228107 0.88847417
vt 0.10228107 0.88847417
vt 0.10228107 0.88847417
vt 0.10228107 0.88847417
vt 0.10228107 0.88847417
vt 0.10228107 0.88847417
vt 0.10228107 0.88847417
vt 0.10228107 0.88847417
vt 0.10228107 0.88847417
vt 0.10228107 0.88847417
vt 0.10228107 0.88847417
vt 0.10228107 0.88847417
vt 0.10228107 0.88847417
vt 0.10228107 0.88847417
vt 0.10228107 0.88847417
vt 0.10228107 0.88847417
vt 0.10228107 0.88847417
vt 0.10228107 0.88847417
vt 0.10228107 0.88847417
vt 0.10228107 0.88847417
vt 0.10228107 0.88847417
vt 0.10228107 0.88847417
vt 0.10228107 0.88847417
vt 0.10228107 0.88847417
vt 0.10228107 0.88847417
vt 0.10228107 0.88847417
vt 0.10228107 0.88847417
vt 0.10228107 0.88847417
vt 0.10228107 0.88847417
vt 0.10228107 0.88847417
vt 0.10228107 0.88847417
vt 0.10228107 0.88847417
vt 0.10228107 0.88847417
vt 0.10228107 0.88847417
vt 0.10228107 0.88847417
vt 0.10228107 0.88847417
vt 0.10228107 0.88847417
vt 0.10228107 0.88847417
vt 0.10228107 0.88847417
vt 0.10228107 0.88847417
vt 0.10228107 0.88847417
vt 0.10228107 0.88847417
vt 0.10228107 0.88847417
vt 0.10228107 0.88847417
vt 0.10228107 0.88847417
vt 0.10228107 0.88847417
vt 0.10228107 0.88847417
vt 0.10228107 0.88847417
vt 0.10228107 0.88847417
vt 0.10228107 0.88847417
vt 0.10228107 0.88847417
vt 0.10228107 0.88847417
vt 0.10228107 0.88847417
vt 0.10228107 0.88847417
vt 0.10228107 0.88847417
vt 0.10228107 0.88847417
vt 0.10228107 0.88847417
vt 0.10228107 0.88847417
vt 0.10228107 0.88847417
vt 0.10228107 0.88847417
vt 0.10228107 0.88847417
vt 0.10228107 0.88847417
vt 0.10228107 0.88847417
vt 0.10228107 0.88847417
vt 0.10228107 0.88847417
vt 0.22565697 0.88349515
vt 0.20158136 0.94200355
vt 0.2260896 0.93767864
vt 0.20016009 0.882516
vt 0.21800596 0.8420985
vt 0.1748442 0.9467295
vt 0.19495171 0.84209263
vt 0.17368571 0.88197315
vt 0.14874032 0.94913644
vt 0.17044869 0.8420849
vt 0.14814141 0.8817419
vt 0.14660844 0.8420787
vt 0.12342869 0.9497089
vt 0.12342869 0.88168144
vt 0.12342869 0.8420753
vt 0.10024893 0.8420787
vt 0.09871587 0.8817419
vt 0.098116875 0.94913644
vt 0.07640854 0.8420849
vt 0.073171526 0.88197315
vt 0.07201305 0.9467295
vt 0.051905528 0.84209263
vt 0.046697237 0.882516
vt 0.028851338 0.8420985
vt 0.045275956 0.94200355
vt 0.021200262 0.88349515
vt 0.020767666 0.93767864
vn -0.8157535 -0.38097388 -0.4352069
vn -0.51263356 -0.6440194 -0.56784314
vn -0.5917951 -0.76447195 -0.25565818
vn -0.22535613 0.37947968 0.8973348
vn -0.20829111 0.4217094 0.8824829
vn -0.19254561 0.5178192 0.8335403
vn -0.1488125 0.98882794 0.0086064655
vn 0.034608502 0.8364026 -0.54702187
vn 0.0022279194 0.98153585 -0.19126536
vn 0.034608502 0.8364026 -0.54702187
vn 0.18674882 0.9805305 -0.060703285
vn 0.0022279194 0.98153585 -0.19126536
vn 0.2711642 0.95470554 0.12250458
vn 0.034608502 0.8364026 -0.54702187
vn 0.03909428 0.97897446 0.20020176
vn 0.7508129 0.37615415 0.54294384
vn -0.039126027 0.75663996 0.65265995
vn -0.76485133 0.38268507 0.5182225
vn -0.24042748 0.96659297 0.08884037
vn -0.1488125 0.98882794 0.0086064655
vn -0.5647262 0.8252375 -0.008209649
vn -0.8344948 0.5161764 0.19282225
vn -0.48073933 0.87636054 -0.029695237
vn 0.06909463 -0.9391559 0.33647007
vn -0.08401884 -0.59826416 0.7968819
vn 0.57355434 -0.55988157 0.59796995
vn 0.51743144 -0.67869765 0.5211854
vn 0.06909463 -0.9391559 0.33647007
vn 0.57355434 -0.55988157 0.59796995
vn -0.22101812 -0.92975926 0.29444668
vn -0.15342031 -0.93428606 0.3218256
vn 0.3888464 -0.91805106 0.07733591
vn -0.22101812 -0.92975926 0.29444668
vn -0.8641293 -0.2465366 0.43874845
vn -0.101963386 -0.8859614 0.452411
vn -0.5542664 -0.38955212 0.7355528
vn -0.7552425 0.15772623 0.6361849
vn 0.2219963 -0.74793285 0.62555104
vn 0.51743144 -0.67869765 0.5211854
vn 0.57355434 -0.55988157 0.59796995
vn 0.68291837 0.05697853 0.7282692
vn -0.08401884 -0.59826416 0.7968819
vn 0.031526096 -0.91184586 0.40932044
vn 0.5286757 -0.46766877 0.7083699
vn 0.51743144 -0.67869765 0.5211854
vn 0.4730124 -0.6534096 0.591029
vn 0.75055724 -0.6590303 0.048403356
vn 0.39122182 -0.89826286 0.20017348
vn 0.6107547 -0.4566316 -0.6468897
vn 0.43929127 -0.82508266 -0.3553334
vn -0.1843691 -0.5475832 0.81618655
vn -0.2301169 -0.32430005 0.9175378
vn -0.58356756 -0.23814537 0.7763606
vn -0.6178833 -0.4454522 0.6479139
vn -0.03466956 -0.8945112 0.44569913
vn -0.909639 -0.012207871 0.4152202
vn -0.6479326 -0.74504614 0.15839708
vn -0.9527953 -0.18268523 0.24250197
vn -0.69023436 -0.62412864 0.36611477
vn -0.9756715 0.18006387 -0.12506808
vn -0.96670693 0.05762092 -0.24931426
vn -0.70426244 -0.703591 -0.09473178
vn -0.700406 0.06885037 -0.71041614
vn -0.51263356 -0.6440194 -0.56784314
vn -0.6765237 0.15500806 -0.71992236
vn -0.31450182 -0.7891386 -0.52758783
vn -0.12549336 -0.16461848 -0.9783416
vn 0.18170871 -0.86328423 -0.47087398
vn 0.28242496 -0.41707578 -0.8638773
vn 0.28031585 -0.8416189 -0.46162847
vn 0.18170871 -0.86328423 -0.47087398
vn 0.28242496 -0.41707578 -0.8638773
vn 0.5426408 -0.49429756 -0.6791251
vn 0.84911317 -0.41924617 -0.32130915
vn 0.80622435 -0.48308763 -0.34150928
vn 0.5917405 -0.8045522 0.050387513
vn 0.8747701 -0.44670865 0.1876927
vn 0.90354836 -0.41478503 0.10748825
vn 0.59271044 -0.8024069 -0.06955292
vn 0.68873876 -0.37960443 0.6176888
vn 0.632207 -0.4901702 0.60003966
vn 0.17533189 -0.9425806 0.28425434
vn 0.16504586 -0.34611413 0.92356104
vn 0.20728764 -0.5455644 0.8120292
vn -0.2301169 -0.32430005 0.9175378
vn 0.034272924 -0.7875753 0.6152646
vn -0.1843691 -0.5475832 0.81618655
vn -0.03466956 -0.8945112 0.44569913
vn 0.6107547 -0.4566316 -0.6468897
vn -0.07730475 -0.6374818 -0.76657736
vn 0.6507549 -0.31608447 -0.6903685
vn 0.16364671 -0.7501746 -0.6406699
vn -0.647529 -0.5159295 -0.5608235
vn -0.42230144 -0.5014086 -0.7551496
vn -0.8449107 -0.3560924 -0.3991543
vn -0.5917951 -0.76447195 -0.25565818
vn -0.24833852 -0.30333495 -0.91995424
vn -0.07730475 -0.6374818 -0.76657736
vn -0.033540614 -0.7183612 -0.6948614
vn 0.6507549 -0.31608447 -0.6903685
vn 0.5044471 -0.31461948 -0.80408186
vn 0.3114182 -0.9057802 -0.28736904
vn -0.8157535 -0.38097388 -0.4352069
vn 0.9561862 -0.26533088 -0.123723425
vn -0.93466884 -0.35545248 0.0068972493
vn -0.50200355 -0.85843253 -0.10528982
vn 0.8081805 0.29072645 -0.5121742
vn 0.86423934 -0.46828482 0.18384695
vn 0.75055724 -0.6590303 0.048403356
vn 0.6107547 -0.4566316 -0.6468897
vn 0.4730124 -0.6534096 0.591029
vn 0.95524746 0.29301375 0.040559866
vn 0.24775201 -0.9090039 0.335158
vn 0.8624119 0.07281884 0.5009423
vn 0.5286757 -0.46766877 0.7083699
vn 0.36796767 -0.4452723 0.81629187
vn 0.614691 -0.11325745 0.7805944
vn 0.06909463 -0.9391559 0.33647007
vn 0.51743144 -0.67869765 0.5211854
vn 0.05755929 -0.3072677 0.9498808
vn -0.08401884 -0.59826416 0.7968819
vn -0.22913748 -0.86631554 0.44383943
vn -0.03466956 -0.8945112 0.44569913
vn 0.034272924 -0.7875753 0.6152646
vn -0.68347704 -0.58190924 0.44072747
vn -0.4679848 -0.3652259 0.80473614
vn -0.42802784 -0.54403025 0.7216808
vn -0.27467433 -0.71818185 0.6393503
vn 0.68291837 0.05697853 0.7282692
vn 0.44231558 -0.5168131 0.73298097
vn 0.84342974 -0.2761381 0.46084052
vn 0.14249441 -0.27699274 0.95024747
vn 0.51743144 -0.67869765 0.5211854
vn -0.4664912 -0.5446212 0.69697475
vn 0.881007 -0.29530686 0.3696219
vn 0.031526096 -0.91184586 0.40932044
vn 0.39122182 -0.89826286 0.20017348
vn 0.9788916 -0.20410997 0.010498479
vn 0.43929127 -0.82508266 -0.3553334
vn 0.8605141 0.26688877 0.4339193
vn 0.84202886 0.25913978 0.47311094
vn 0.44231558 -0.5168131 0.73298097
vn 0.79764056 0.17148541 0.5782406
vn 0.43205893 -0.18009324 0.88368064
vn -0.47698724 -0.44564387 0.75755185
vn 0.78390574 -0.041810747 0.6194705
vn 0.8036334 -0.34560022 0.4844934
vn 0.97978425 -0.123266526 0.15756996
vn 0.9321297 0.3619625 -0.010834459
vn 0.93064255 0.35438517 -0.091190405
vn 0.7024561 -0.54632086 -0.45616767
vn -0.76121396 -0.43932623 0.4770176
vn -0.7275183 -0.53820735 0.42549968
vn -0.80122983 -0.40731397 0.43832186
vn -0.7454305 -0.53524506 0.39729843
vn -0.70426244 -0.703591 -0.09473178
vn -0.69023436 -0.62412864 0.36611477
vn -0.6479326 -0.74504614 0.15839708
vn -0.22913748 -0.86631554 0.44383943
vn -0.03466956 -0.8945112 0.44569913
vn -0.85934573 -0.511341 0.0074465647
vn -0.79164016 -0.45720965 -0.40529633
vn -0.9358643 -0.35231104 -0.0058901617
vn -0.8550008 -0.30592638 -0.41878712
vn -0.562066 -0.40208614 -0.7227784
vn -0.88138825 -0.20539278 0.42540413
vn 0.104130104 -0.4499995 -0.886937
vn 0.16364671 -0.7501746 -0.6406699
vn 0.6107547 -0.4566316 -0.6468897
vn 0.07687854 -0.67918026 -0.72993416
vn -0.5453809 -0.5624412 -0.6214656
vn -0.93010825 -0.12009371 -0.34709677
vn 0.8306038 0.09964437 -0.5478762
vn 0.38738227 -0.29268068 -0.8742271
vn 0.53855157 0.34600243 -0.7682737
vn 0.7336226 0.4592542 -0.5008825
vn 0.92800134 -0.049197167 -0.36931443
vn -0.38274026 -0.71317077 -0.58727944
vn -0.9992144 0.0395523 -0.0024720188
vn 0.9824471 -0.10327735 -0.15534328
vn 0.9871723 -0.14813992 0.059542857
vn 0.8036334 -0.34560022 0.4844934
vn 0.7652338 -0.6127608 0.19733594
vn 0.78390574 -0.041810747 0.6194705
vn 0.9460376 -0.30330092 -0.1141117
vn 0.9973213 -0.020569617 0.07019306
vn 0.81793904 -0.46150795 -0.34349108
vn 0.7652338 -0.6127608 0.19733594
vn 0.9075457 0.14542338 0.3939707
vn 0.5910925 -0.588712 -0.55138725
vn 0.80892515 0.0730642 0.58335394
vn 0.82418656 0.3213122 0.4663422
vn 0.77863 0.14563644 0.61034846
vn 0.70648724 -0.061801225 0.70502234
vn 0.70612913 0.25816423 0.65934277
vn 0.6959601 -0.26850802 -0.6659903
vn 0.37645045 -0.72225994 -0.58019453
vn 0.6656353 0.18772684 -0.7222799
vn 0.40797734 -0.48400006 -0.7741437
vn 0.14285953 -0.80899817 -0.57018685
vn 0.31612152 0.20084916 -0.9272145
vn 0.119360566 -0.69248056 -0.71149397
vn 0.023103166 -0.83287376 -0.5529806
vn 0.20362188 -0.008270613 -0.9790147
vn -0.43477693 -0.8850271 -0.16642135
vn 0.013031595 0.018708121 -0.99974006
vn 0.013031595 0.018708121 -0.99974006
vn -0.20914975 -0.15159008 -0.96606255
vn -0.08337869 -0.096379906 -0.99184626
vn -0.31827965 -0.28147405 -0.905246
vn -0.20914975 -0.15159008 -0.96606255
vn -0.0012207715 -0.16037884 -0.9870547
vn -0.007446647 -0.5043883 -0.86344486
vn 0.33516464 -0.35750487 -0.8716966
vn 0.09872979 -0.09757007 -0.9903194
vn 0.26838532 -0.09930929 -0.958179
vn 0.011352893 -0.04196298 -0.9990546
vn -0.20945178 0.0064395056 -0.97779775
vn -0.31827965 -0.28147405 -0.905246
vn -0.36516297 0.16407155 -0.91637135
vn -0.61438125 0.3446529 -0.7097536
vn -0.4708103 -0.88220096 -0.0076906853
vn -0.25150537 -0.9631425 0.09540174
vn -0.007446647 -0.5043883 -0.86344486
vn -0.86873055 -0.46337378 0.17490584
vn 0.33516464 -0.35750487 -0.8716966
vn -0.4722783 -0.8814437 0.003204473
vn -0.9940544 0.0869172 0.065584645
vn 0.27891257 -0.9599426 -0.026795626
vn 0.447106 -0.8699493 -0.20804927
vn 0.26838532 -0.09930929 -0.958179
vn -0.676762 -0.7016046 0.22303392
vn 0.17347015 -0.9840555 -0.03927799
vn -0.044161715 0.962646 -0.26713717
vn 0.15991971 -0.9564053 -0.24436584
vn -0.8004273 -0.58932596 -0.10959448
vn -0.9724557 -0.23249333 -0.016632823
vn -0.75967747 -0.5726879 0.3080887
vn -0.9724557 -0.23249333 -0.016632823
vn -0.48946446 -0.8717155 0.023163956
vn -0.4606318 -0.86126214 0.21458305
vn -0.30479723 -0.93630457 0.17444886
vn -0.1651678 -0.70327544 0.69146466
vn -0.3433095 -0.9246069 0.16504735
vn -0.1578458 -0.9872687 0.019623907
vn -0.0057375007 0.9639306 -0.26609182
vn 0.00042727077 -0.9534852 -0.30143952
vn 0.3170375 -0.45816007 0.8304075
vn -0.14963394 -0.59108925 0.7926053
vn -0.04693811 -0.7713049 0.63473266
vn 0.13608569 -0.58536077 0.7992707
vn 0.07419235 -0.9954776 -0.059329465
vn -0.30482185 -0.45216665 0.8382296
vn 0.3813965 -0.9085214 0.17066249
vn 0.9869834 0.15607402 0.038789608
vn 0.21891204 -0.63995075 0.7365735
vn 0.4934697 -0.8242095 0.27778843
vn 0.75988275 -0.5321224 0.37339512
vn 0.5564914 -0.8304643 0.025422689
vn 0.53386533 -0.84140325 -0.08383513
vn 0.93121344 -0.36439183 0.007751719
vn 0.8035753 -0.5604884 -0.2002987
vn 0.99410987 -0.10809987 0.007751939
vn 0.4077357 -0.6369955 -0.6542083
vn 0.84761906 -0.24729979 0.4694515
vn 0.89759135 -0.20227925 -0.39167956
vn 0.95350724 -0.3013453 -0.0038759217
vn 0.55081105 -0.4580631 -0.6977001
vn -0.4395084 -0.24314722 -0.86470324
vn 0.86204624 -0.26811147 -0.43010753
vn 0.7732903 -0.39406124 0.49672717
vn 0.49810824 -0.41057837 0.76374966
vn 0.9055587 -0.4236948 -0.021119121
vn -0.14951512 -0.54336953 -0.82607186
vn 0.5637856 -0.41546112 -0.71381915
vn -0.8157005 0.08670651 -0.57193947
vn 0.8256694 -0.3803927 -0.4166191
vn 0.77959365 -0.45672643 0.42852625
vn 0.4931883 -0.54275125 0.67984295
vn 0.9506487 -0.3087037 -0.031129785
vn -0.049623977 -0.6034227 -0.79587585
vn 0.55637133 -0.532383 -0.63798064
vn -0.74412453 -0.44372186 -0.49938926
vn 0.86048365 -0.29002222 -0.4188735
vn -0.030000243 -0.8748901 -0.4833915
vn 0.619602 -0.43654746 -0.65231866
vn -0.45372936 -0.84605396 -0.2798613
vn 0.88539445 -0.16501768 -0.43456388
vn 0.8394724 -0.34099558 0.42309335
vn 0.9727045 -0.23008344 -0.030122345
vn 0.471953 -0.49987832 0.7262107
vn 0.0972651 -0.7206224 -0.6864713
vn 0.5601211 0.14869012 -0.81495744
vn -0.42314798 -0.8380253 -0.34446964
vn 0.91667646 -0.04107892 -0.39751336
vn -0.4753974 -0.87696886 0.07016361
vn -0.7933118 -0.60662687 0.051577166
vn -0.44017416 -0.89127403 0.108982995
vn -0.61126834 -0.75299937 0.24360396
vn -0.46633464 -0.74470097 0.47744364
vn -0.6380014 -0.42223147 -0.6439526
vn 0.3888464 -0.91805106 0.07733591
vn -0.22101812 -0.92975926 0.29444668
vn -0.130684 -0.7408885 0.65879136
vn -0.15342031 -0.93428606 0.3218256
vn -0.101963386 -0.8859614 0.452411
vn 0.14115174 -0.62527937 0.7675298
vn 0.2219963 -0.74793285 0.62555104
vn -0.078434795 0.1312028 -0.98824793
vn -0.6247243 -0.113042444 -0.7726195
vn -0.80187994 -0.5189407 -0.29612336
vn -0.92139775 0.010620596 -0.38847578
vn -0.85413957 -0.5185815 0.03897296
vn -0.99774194 -0.06714279 0.0017090893
vn 0.496852 0.25712395 -0.82886994
vn -0.07788373 0.20862585 -0.97488946
vn 0.879049 0.14826304 -0.45309034
vn -0.8851451 -0.31245443 -0.34480467
vn -0.8863447 -0.46209434 0.02935967
vn -0.5853269 0.053469565 -0.8090323
vn -0.8804715 -0.17725402 -0.4397169
vn -0.028962435 -0.102848694 -0.9942753
vn -0.5909693 -0.1821372 -0.7858634
vn 0.5751692 -0.039156433 -0.81709677
vn -0.8702018 -0.23078828 -0.4352993
vn -0.040407863 -0.53580093 -0.8433768
vn -0.5304561 -0.52578664 -0.66495466
vn -0.7288392 -0.5508487 0.4066435
vn -0.7563491 -0.49849516 0.42360187
vn -0.928789 -0.3693121 -0.030976929
vn -0.97324806 -0.22635877 -0.039369397
vn -0.8109462 -0.47096655 0.3472127
vn -0.8738499 -0.22980793 0.42845595
vn -0.9930918 -0.08896321 -0.076511405
vn -0.7652275 -0.50673354 -0.39704913
vn -0.8966294 -0.07071345 0.43709883
vn -0.028534997 -0.41474932 -0.9094882
vn -0.5470014 -0.31712836 -0.7747381
vn -0.8763328 -0.1575104 -0.45522672
vn 0.48679042 -0.5267104 -0.6968581
vn 0.511502 -0.3491093 -0.7851678
vn -0.87109065 -0.4771436 -0.11634074
vn -0.9828015 -0.082034916 -0.1654432
vn -0.97870344 0.1291245 0.15958215
vn 0.767888 -0.5014574 -0.3986084
vn 0.88084567 -0.15619735 -0.44689292
vn -0.8993041 -0.30226043 0.31605503
vn -0.8344948 0.5161764 0.19282225
vn -0.76485133 0.38268507 0.5182225
vn -0.62671006 -0.06399859 0.77662
vn -0.039126027 0.75663996 0.65265995
vn -0.5706495 -0.18522152 0.8000325
vn -0.071872994 -0.0548127 0.9959065
vn -0.48242143 -0.5113844 0.71116495
vn 0.58221495 -0.06863771 0.81013244
vn 0.7508129 0.37615415 0.54294384
vn -0.044069506 -0.10565695 0.9934256
vn -0.40468198 -0.5638386 0.71994334
vn 0.5661621 -0.033265952 0.8236223
vn -0.028810047 -0.4725885 0.8808122
vn 0.9160577 -0.07516825 0.39393896
vn 0.92195696 0.013825234 0.3870455
vn 0.5291495 -0.38320455 0.7570701
vn 0.003875943 -0.544158 0.8389738
vn -0.44848222 -0.48074117 0.7534929
vn 0.9027072 -0.29487988 0.3133137
vn 0.8324522 0.50473285 0.2286222
vn 0.9742492 0.16858542 0.14972486
vn 0.8755072 -0.47207254 -0.103124715
vn 0.9899877 -0.03601287 -0.13648269
vn 0.9935586 -0.07065237 -0.088597775
vn 0.9977592 0.042207845 -0.0519129
vn 0.9001566 -0.00015259477 -0.43556654
vn 0.99778736 -0.026917735 -0.060793795
vn 0.9116009 -0.20179126 0.35813984
vn 0.97368217 -0.22788632 -0.0032960656
vn 0.48356938 -0.48799464 0.72665113
vn 0.8426623 -0.3778567 0.38359433
vn 0.86827636 -0.30595675 0.39049545
vn -0.0093084145 -0.4639253 0.8858254
vn 0.5101336 -0.40212506 0.760302
vn 0.47780916 -0.36497957 0.7990547
vn -0.06610406 -0.36280936 0.92951584
vn -0.5711982 -0.26100063 0.77821034
vn -0.130684 -0.7408885 0.65879136
vn -0.46633464 -0.74470097 0.47744364
vn -0.8942117 -0.13065258 0.42815346
vn -0.61126834 -0.75299937 0.24360396
vn -0.92139775 0.010620596 -0.38847578
vn -0.7933118 -0.60662687 0.051577166
vn -0.6380014 -0.42223147 -0.6439526
vn -0.42314798 -0.8380253 -0.34446964
vn -0.11051076 -0.31090117 0.94399565
vn -0.5542664 -0.38955212 0.7355528
vn -0.7552425 0.15772623 0.6361849
vn -0.39757654 -0.12042964 0.9096315
vn -0.8010617 -0.14081448 0.581783
vn -0.36757213 -0.27714404 0.8877398
vn -0.30482185 -0.45216665 0.8382296
vn -0.49996632 -0.08087601 0.8622603
vn -0.6574054 -0.12994902 0.7422476
vn -0.8972255 0.24561621 0.36695942
vn -0.8641293 -0.2465366 0.43874845
vn -0.96466696 0.22492315 0.13721228
vn -0.9652879 -0.23514952 0.113683574
vn -0.22101812 -0.92975926 0.29444668
vn -0.44017416 -0.89127403 0.108982995
vn -0.4753974 -0.87696886 0.07016361
vn -0.9435376 -0.27107328 -0.1904105
vn -0.919213 0.28663796 -0.26997435
vn -0.7429099 0.40701038 -0.53143907
vn -0.8813358 -0.15134512 -0.44759578
vn -0.7079251 0.149636 -0.69025445
vn -0.8555422 0.43419534 -0.28199658
vn -0.92463297 0.3788319 0.039247386
vn -0.96252376 -0.15851824 -0.22004555
vn -0.9213947 0.23130238 0.31229943
vn -0.9871307 -0.15637834 0.03344861
vn -0.96015453 -0.15244181 0.23423241
vn -0.8282967 -0.53283834 -0.17322816
vn -0.86079216 -0.508876 -0.009064183
vn -0.7245482 -0.56072295 -0.40077364
vn -0.9031536 -0.3823746 0.19520058
vn -0.554931 -0.6609853 -0.5051237
vn -0.810922 -0.07669441 0.5801063
vn -0.7837917 0.36098003 0.5053354
vn -0.6971881 0.11746966 0.7071985
vn -0.65051943 0.25102144 0.71680737
vn -0.6857236 -0.35542023 -0.6351847
vn -0.4018198 -0.76442206 -0.5041822
vn -0.43490425 -0.5651619 -0.70103514
vn -0.19107841 -0.82764024 -0.52773166
vn -0.16364664 -0.73323584 -0.6599886
vn 0.011352893 -0.04196298 -0.9990546
vn -0.041719303 -0.8357594 -0.5475086
vn -0.017762266 -0.77116317 -0.6363897
vn 0.09872979 -0.09757007 -0.9903194
vn 0.00033571175 -0.8396151 -0.5431816
vn 0.0015564859 -0.78810066 -0.6155444
vn -0.0012207715 -0.16037884 -0.9870547
vn -0.08337869 -0.096379906 -0.99184626
vn -0.0057070716 -0.758949 -0.65112495
vn 0.28242496 -0.41707578 -0.8638773
vn -0.12549336 -0.16461848 -0.9783416
vn -0.22431716 0.0577426 -0.97280407
vn 0.24158603 -0.09231907 -0.9659779
vn 0.5426408 -0.49429756 -0.6791251
vn 0.48074144 -0.22584347 -0.84727937
vn 0.22532266 0.09393786 -0.96974504
vn -0.23014611 0.18183406 -0.9560174
vn 0.49342504 0.016693687 -0.8696281
vn -0.04934945 0.2991486 -0.9529296
vn -0.53814715 0.36174542 -0.7612738
vn 0.36283866 0.2376503 -0.9010386
vn 0.80622435 -0.48308763 -0.34150928
vn 0.5426408 -0.49429756 -0.6791251
vn 0.48074144 -0.22584347 -0.84727937
vn 0.69532406 -0.36504284 -0.61908656
vn 0.49342504 0.016693687 -0.8696281
vn 0.90354836 -0.41478503 0.10748825
vn 0.6838149 -0.06430411 -0.72681653
vn 0.36283866 0.2376503 -0.9010386
vn 0.62411034 0.18027478 -0.7602548
vn 0.8687856 -0.45928106 -0.18512852
vn 0.8688148 0.12586035 -0.47887358
vn 0.77983177 0.22810201 -0.58295107
vn 0.97697395 0.17682704 -0.1193903
vn 0.9233521 0.08978688 0.3733083
vn 0.91340315 -0.10355096 -0.39366457
vn 0.8326574 -0.13043939 0.5382075
vn 0.72495365 -0.43477684 0.53423905
vn 0.68873876 -0.37960443 0.6176888
vn 0.16214807 -0.24491595 0.9558893
vn 0.16504586 -0.34611413 0.92356104
vn 0.08829174 -0.12216793 0.98857445
vn 0.8326574 -0.13043939 0.5382075
vn -0.1935804 -0.112736255 0.9745857
vn -0.2301169 -0.32430005 0.9175378
vn -0.19794506 -0.114354014 0.9735198
vn -0.42857823 -0.026429446 0.903118
vn -0.58356756 -0.23814537 0.7763606
vn 0.353194 0.03195318 0.9350043
vn 0.9233521 0.08978688 0.3733083
vn -0.0772446 0.07193424 0.99441373
vn 0.81399435 0.42387402 0.39717016
vn 0.062258404 0.75991875 0.64702964
vn -0.7438818 0.08380649 0.6630357
vn -0.909639 -0.012207871 0.4152202
vn -0.96862316 0.1963615 0.1523526
vn -0.9756715 0.18006387 -0.12506808
vn -0.6765237 0.15500806 -0.71992236
vn -0.3994689 -0.02380516 0.9164376
vn -0.40608913 0.23612744 0.8827998
vn -0.49602997 0.48428005 0.72071296
vn -0.690721 0.20619084 0.6931015
vn -0.7119863 0.35344476 0.6067555
vn -0.7108889 0.297778 0.637154
vn -0.8932913 0.3849362 0.23206653
vn -0.908798 0.41280147 0.060671985
vn -0.91774994 0.21946526 0.3310138
vn -0.90154105 0.29704463 -0.31462377
vn -0.78047705 0.3603751 -0.5108671
vn -0.8021324 0.17292099 -0.5715609
vn -0.12549336 -0.16461848 -0.9783416
vn -0.22431716 0.0577426 -0.97280407
vn -0.23014611 0.18183406 -0.9560174
vn -0.53814715 0.36174542 -0.7612738
vn -0.38988385 -0.7859021 0.47994626
vn -0.025391849 -0.68387085 0.7291611
vn 0.43886697 -0.61188066 0.6580258
vn 0.09750967 -0.99481225 -0.028993485
vn 0.7437585 -0.59696007 0.30076897
vn -0.55063105 -0.78785837 0.27583435
vn 0.7393802 -0.65826106 -0.14145488
vn 0.074588545 -0.99479866 -0.06936978
vn -0.5912278 -0.7604291 0.26869553
vn 0.6524911 -0.65157557 -0.38691682
vn 0.07367231 -0.99478984 -0.070467845
vn -0.5969281 -0.75166124 0.2805034
vn 0.6610539 -0.61976093 -0.42297074
vn 0.07678647 -0.9949281 -0.064975515
vn 0.6746954 -0.60498875 -0.42281768
vn -0.5907969 -0.742662 0.3152972
vn 0.090794876 -0.9950507 -0.040377013
vn 0.6926473 -0.59043634 -0.41427597
vn 0.6854009 -0.5898757 -0.42693353
vn 0.096867 -0.99485517 -0.029664373
vn -0.5896077 -0.74019134 0.32323286
vn 0.6370847 -0.56234366 -0.5271552
vn 0.09225981 -0.9949898 -0.03851534
vn -0.66950065 -0.7080159 0.22468267
vn 0.49005058 -0.5751998 -0.65497756
vn 0.08957323 -0.99504095 -0.0432454
vn 0.13434666 -0.5537146 -0.82179755
vn -0.7030143 -0.71107143 0.012177239
vn -0.32384443 -0.6305368 -0.705371
vn -0.667697 -0.644472 -0.3726078
vn 0.06534201 -0.9896826 -0.12750998
vn 0.6369431 -0.7329576 0.23890707
vn 0.8574717 -0.29298577 -0.42296767
vn 0.48119578 -0.3971765 -0.7814739
vn -0.056643102 -0.97715455 -0.20484295
vn 0.9168995 0.30417845 -0.25840065
vn 0.4281549 -0.36314884 -0.82753015
vn -0.026093861 -0.9847609 -0.1719448
vn 0.550322 -0.4762214 -0.6858272
vn 0.59366477 0.5538979 -0.58374596
vn 0.72462475 0.44277704 0.5280791
vn 0.22315505 0.9186529 0.32600415
vn 0.4892272 0.57370514 -0.6569012
vn 0.4892272 0.57370514 -0.6569012
vn 0.05014334 0.9688682 0.24244593
vn 0.041353486 0.9712118 0.23460092
vn 0.6310156 0.5731816 -0.5227639
vn 0.049440846 0.9428553 0.3295141
vn 0.10910661 0.90581375 0.40938628
vn 0.6310156 0.5731816 -0.5227639
vn 0.76548463 0.64099646 0.056185994
vn 0.86284506 -0.3934869 -0.3172799
vn 0.76548463 0.64099646 0.056185994
vn 0.6776069 -0.66155404 0.32123992
vn 0.4124007 0.3653407 0.8345369
vn 0.086522795 0.8547293 0.5118121
vn 0.3613795 0.80424565 0.47179845
vn 0.08078485 0.90108526 0.4260508
vn 0.336262 0.8150493 0.4718289
vn -0.45964587 0.18595195 0.86841667
vn -0.451922 0.20545238 0.8680759
vn 0.049440846 0.9428553 0.3295141
vn -0.4179295 0.23719497 0.8769683
vn 0.041353486 0.9712118 0.23460092
vn -0.41841662 0.26069403 0.87003803
vn 0.05014334 0.9688682 0.24244593
vn -0.30149642 0.2625543 0.91660523
vn -0.4492161 0.14734802 0.8811887
vn 0.22315505 0.9186529 0.32600415
vn -0.12900418 0.83930546 0.5281328
vn -0.52041245 0.20627889 0.82862526
vn -0.11817111 0.90737224 0.40337488
vn 0.108252876 0.9250479 0.36409837
vn 0.15439378 0.07873808 0.9848669
vn 0.72462475 0.44277704 0.5280791
vn 0.14988028 -0.52856374 0.8355574
vn 0.6369431 -0.7329576 0.23890707
vn 0.72462475 0.44277704 0.5280791
vn 0.8574717 -0.29298577 -0.42296767
vn 0.9168995 0.30417845 -0.25840065
vn -0.34920204 -0.6431335 0.6814963
vn 0.6369431 -0.7329576 0.23890707
vn -0.41841662 0.26069403 0.87003803
vn 0.06534201 -0.9896826 -0.12750998
vn -0.4478985 -0.62869376 0.6357131
vn -0.4179295 0.23719497 0.8769683
vn -0.056643102 -0.97715455 -0.20484295
vn -0.42690247 -0.65829897 0.6199973
vn -0.451922 0.20545238 0.8680759
vn -0.44836187 -0.66602695 0.5961373
vn -0.43768218 -0.6849829 0.58243686
vn -0.45964587 0.18595195 0.86841667
vn -0.03762973 -0.9916182 -0.1236013
vn -0.012115973 -0.99882 0.047029506
vn -0.4281922 -0.6637742 0.6132335
vn -0.4492161 0.14734802 0.8811887
vn 0.45113394 -0.8250849 -0.34016633
vn -0.07941003 -0.9777018 0.19440505
vn -0.49426278 -0.58624846 0.64188546
vn 0.56643724 -0.80415165 -0.18024667
vn 0.40062234 -0.8999125 -0.17221847
vn -0.5918269 0.2733293 0.7583087
vn -0.18299223 -0.93394405 0.30702165
vn -0.61173236 -0.4941408 0.6177447
vn 0.44930512 -0.8864941 -0.11069349
vn 0.18125412 -0.9830876 0.026185557
vn 0.14603576 -0.96810883 -0.20356502
vn 0.4156473 -0.8977054 -0.14615867
vn -0.3709349 -0.8888826 0.26887742
vn -0.100346036 -0.9934197 -0.05520863
vn -0.48502016 0.3424013 0.8046842
vn -0.6481231 -0.40678215 0.64378947
vn -0.4981922 -0.86442024 0.06769114
vn -0.2763861 -0.940433 -0.19798107
vn -0.46771157 -0.4586473 0.75557166
vn -0.13571776 0.82309604 0.55144686
vn -0.29060712 -0.93246365 0.21461345
vn -0.14014292 0.57125324 0.80872107
vn 0.054324407 0.9728952 0.22477487
vn -0.1436532 -0.97603 -0.1634906
vn -0.11902336 -0.45408937 0.8829702
vn 0.034394696 0.99842274 -0.044374347
vn 0.06500518 -0.9719649 -0.2259617
vn 0.26231048 -0.9548468 -0.13950218
vn 0.3517031 -0.9359319 -0.018342031
vn -0.00012207683 -0.9107236 0.41301644
vn -0.07538281 -0.996579 -0.033876486
vn 0.007812851 -0.9812453 -0.19260508
vn 0.17172985 -0.9664115 -0.19120091
vn -0.12845294 -0.957919 -0.25669226
vn -0.1319955 -0.6079728 -0.78290886
vn -0.3513966 -0.535335 -0.76807344
vn 0.062350985 -0.6055645 -0.79334986
vn -0.20970005 -0.5001855 -0.8401431
vn 0.23899665 -0.95296526 -0.18638138
vn 0.10880083 -0.57824665 -0.8085748
vn 0.24399745 -0.9661322 -0.08398761
vn 0.22687946 -0.9552498 -0.18979868
vn 0.110174574 -0.5635384 -0.81870997
vn 0.07529045 -0.5755279 -0.8143088
vn 0.112493075 -0.9783174 -0.17389733
vn 0.013245335 -0.60727113 -0.79438436
vn 0.24961391 -0.9659531 -0.06802659
vn 0.29560876 -0.95314443 0.06427339
vn 0.019074343 -0.9868913 -0.16025501
vn 0.051241707 -0.6055311 -0.7941702
vn 0.13269733 -0.990408 -0.038515188
vn 0.26875508 -0.7293865 0.6290993
vn 0.028504891 -0.987783 -0.15320617
vn 0.13898443 -0.6449927 -0.7514437
vn 0.14035507 -0.9872158 0.07553354
vn 0.026765212 -0.9994381 -0.020173095
vn 0.098546036 0.06372379 0.9930901
vn 0.11112095 -0.7887726 0.6045578
vn 0.03674463 -0.9962251 0.07864694
vn 0.038210344 -0.9991761 -0.01367271
vn 0.037508365 -0.9888902 -0.14383802
vn 0.09756957 -0.9815859 -0.16422328
vn 0.44619593 -0.53351235 -0.71852195
vn 0.57550347 -0.7454962 -0.33620116
vn 0.042939678 -0.99902654 -0.010101658
vn 0.06982775 -0.9973648 -0.01968483
vn 0.64527565 -0.7620741 -0.053500835
vn 0.042116366 -0.9955943 0.08377495
vn 0.041261494 -0.8069796 0.58913606
vn 0.04327571 -0.99558556 0.08328591
vn 0.062960654 -0.99461347 0.082340196
vn 0.6021742 -0.7742719 0.19465142
vn 0.14481302 -0.80167496 0.5799539
vn 0.5276185 -0.67154783 0.52023286
vn 0.0726666 -0.7921911 0.6059314
vn 0.05704054 0.032014724 0.99785846
vn 0.22529401 0.065708205 0.97207254
vn 0.08450677 0.054232046 0.99494594
vn 0.03772172 0.039003525 0.9985268
vn 0.030732775 0.02450687 0.99922717
vn 0.039949708 0.8263089 0.5617985
vn 0.5694925 0.06546417 0.8193856
vn 0.6021742 -0.7742719 0.19465142
vn 0.018464355 0.81447643 0.5799028
vn 0.01248231 0.8137917 0.5810225
vn 0.1882429 0.8165127 0.5457762
vn 0.9425672 0.072329104 0.32609135
vn 0.6194581 0.6501304 0.44000235
vn 0.99749255 0.058749635 -0.03946144
vn 0.64527565 -0.7620741 -0.053500835
vn 0.57550347 -0.7454962 -0.33620116
vn 0.62326866 0.7819699 -0.007690907
vn 0.89742786 0.13080686 -0.4213226
vn 0.44619593 -0.53351235 -0.71852195
vn 0.15806054 0.98742825 -0.0015259755
vn 0.011536277 0.99993277 -0.0012207701
vn 0.50802326 0.3881437 -0.7689323
vn 0.13898443 -0.6449927 -0.7514437
vn 0.16282003 0.47527584 -0.86464006
vn 0.051241707 -0.6055311 -0.7941702
vn 0.04388695 0.48791417 -0.8717876
vn 0.0025941124 0.49864948 -0.86679983
vn 0.013245335 -0.60727113 -0.79438436
vn 0.0017700852 0.49940813 -0.86636513
vn 0.07529045 -0.5755279 -0.8143088
vn -0.008697899 0.5041118 -0.8635945
vn 0.110174574 -0.5635384 -0.81870997
vn 0.55016047 0.7663243 -0.3317687
vn 0.16282003 0.47527584 -0.86464006
vn 0.14240095 0.93348 -0.3291458
vn 0.04388695 0.48791417 -0.8717876
vn 0.011475261 0.9391403 -0.34334227
vn -0.0066531724 0.93339735 -0.35878298
vn 0.0025941124 0.49864948 -0.86679983
vn -0.0056459475 0.9998821 -0.014282722
vn -0.004333723 0.93294066 -0.3600042
vn 0.0017700852 0.49940813 -0.86636513
vn -0.0033265734 0.9998031 -0.019562691
vn -0.003936975 0.9313539 -0.36409384
vn -0.0033265348 0.99970007 -0.024262343
vn -0.0510274 0.91550237 -0.3990636
vn 0.018219627 0.8117653 0.5836995
vn -0.020356387 0.99941623 -0.027436871
vn 0.0012207634 0.8103123 0.585997
vn 0.008698043 0.84389335 0.53644043
vn -0.038239952 0.9986029 -0.03646987
vn -0.012115989 0.99888235 -0.045686737
vn -0.081028186 0.89939755 -0.4295562
vn -0.045961726 0.8787358 -0.47509044
vn 0.011444873 0.8429836 -0.5378175
vn 0.032381173 0.95486313 -0.295276
vn -0.10336964 0.43307206 -0.8954124
vn -0.10715176 0.39320517 -0.9131857
vn -0.04443585 0.38744038 -0.92082316
vn -0.06863731 0.45674795 -0.8869443
vn 0.10880083 -0.57824665 -0.8085748
vn 0.062350985 -0.6055645 -0.79334986
vn -0.1319955 -0.6079728 -0.78290886
vn -0.09958302 0.33622622 -0.93650156
vn -0.09875906 0.74145603 -0.66369396
vn -0.11670512 0.4426188 -0.88908297
vn -0.22117187 0.28419378 -0.9329077
vn -0.3513966 -0.535335 -0.76807344
vn 0.121068716 0.9399229 -0.31919783
vn 0.13474323 0.954098 0.26747218
vn 0.05914536 0.48320353 0.873508
vn 0.07849485 -0.4464928 0.8913376
vn 0.143836 0.5275513 0.837258
vn -0.049684595 -0.39158663 -0.91879874
vn 0.049898848 0.40404332 -0.9133778
vn -0.0755351 -0.91292185 -0.4010838
vn -0.018220007 -0.8747741 -0.48418835
vn 0.04474184 -0.44549567 -0.8941654
vn 0.12613527 0.4670942 -0.87516457
vn 0.11347074 0.93215084 -0.34383038
vn 0.11075439 0.9510717 0.2884375
vn 0.039552554 -0.9991904 0.0073550665
vn 0.14804597 -0.98895687 -0.006836178
vn 0.0729717 -0.85997343 -0.50509477
vn 0.09152646 -0.38801846 -0.9170958
vn 0.09146719 0.41732475 -0.9041426
vn 0.100592785 -0.38940027 -0.9155591
vn 0.06323631 0.94799525 -0.3119393
vn 0.15027572 -0.85666925 0.49349272
vn 0.08691928 -0.853811 -0.51327544
vn 0.085698485 0.4599274 -0.88381135
vn 0.12854803 -0.34593824 0.92940956
vn 0.09937191 0.47030753 0.87689
vn 0.117681295 -0.3456583 0.93095183
vn 0.11783363 -0.85767376 0.5005106
vn 0.06003188 0.9552912 0.28950807
vn 0.09979694 -0.99464285 -0.026948228
vn 0.07922776 0.4905346 0.8678126
vn 0.09884988 0.44987527 -0.8876041
vn 0.034242276 0.9452943 -0.32441655
vn 0.10867819 -0.36409178 -0.92500067
vn 0.031068984 0.95196825 0.30461642
vn 0.08691823 0.48766375 0.868694
vn 0.05447714 -0.8507895 -0.52267534
vn 0.10452956 -0.32948938 0.938355
vn 0.025483102 -0.99884593 -0.040711924
vn 0.05505667 -0.8615575 0.50466573
vn -0.24833852 -0.30333495 -0.91995424
vn -0.5917951 -0.76447195 -0.25565818
vn -0.51263356 -0.6440194 -0.56784314
vn -0.31450182 -0.7891386 -0.52758783
vn -0.033540614 -0.7183612 -0.6948614
vn 0.18170871 -0.86328423 -0.47087398
vn 0.3114182 -0.9057802 -0.28736904
vn 0.5917405 -0.8045522 0.050387513
vn 0.9561862 -0.26533088 -0.123723425
vn 0.59271044 -0.8024069 -0.06955292
vn 0.86423934 -0.46828482 0.18384695
vn 0.17533189 -0.9425806 0.28425434
vn 0.24775201 -0.9090039 0.335158
vn -0.50200355 -0.85843253 -0.10528982
vn -0.70426244 -0.703591 -0.09473178
vn -0.51263356 -0.6440194 -0.56784314
vn -0.8157535 -0.38097388 -0.4352069
vn 0.5044471 -0.31461948 -0.80408186
vn -0.033540614 -0.7183612 -0.6948614
vn 0.18170871 -0.86328423 -0.47087398
vn 0.28031585 -0.8416189 -0.46162847
vn 0.5917405 -0.8045522 0.050387513
vn 0.3114182 -0.9057802 -0.28736904
vn 0.3170375 -0.45816007 0.8304075
vn 0.41261548 -0.29878002 0.8605109
vn 0.49413037 -0.090549365 0.8646595
vn 0.5798703 -0.176189 0.7954294
vn 0.41261548 -0.29878002 0.8605109
vn 0.23185375 0.0589019 0.97096574
vn 0.3386668 0.5844649 0.737364
vn 0.12338887 0.67483926 0.72757626
vn 0.06943159 0.10483407 0.992063
vn 0.0010986989 0.6900745 0.7237375
vn 0.0024415492 0.10553596 0.9944125
vn -0.06726425 0.11185274 0.99144566
vn -0.12128363 0.6807326 0.72242194
vn -0.22239059 0.061739564 0.9730008
vn -0.32518607 0.59037066 0.7387263
vn -0.5404935 -0.18543413 0.8206589
vn -0.36757213 -0.27714404 0.8877398
vn -0.092288785 -0.4613218 0.88241994
vn -0.22239059 0.061739564 0.9730008
vn -0.06726425 0.11185274 0.99144566
vn -0.12873138 0.026124716 0.99133533
vn -0.30482185 -0.45216665 0.8382296
vn 0.13608569 -0.58536077 0.7992707
vn -0.033570923 -0.40929055 0.91178626
vn 0.0024415492 0.10553596 0.9944125
vn 0.014618598 0.050600488 0.9986119
vn 0.006073202 -0.38120785 0.9244695
vn 0.010437461 0.027955303 0.9995547
vn -0.04693811 -0.7713049 0.63473266
vn -0.14963394 -0.59108925 0.7926053
vn 0.037721097 -0.4113919 0.9106777
vn 0.06943159 0.10483407 0.992063
vn -0.0026246158 0.044587947 0.99900204
vn 0.13297035 0.025483187 0.9907924
vn 0.3170375 -0.45816007 0.8304075
vn 0.10239089 -0.46901438 0.8772352
vn 0.23185375 0.0589019 0.97096574
vn -0.676762 -0.7016046 0.22303392
vn -0.86873055 -0.46337378 0.17490584
vn -0.4708103 -0.88220096 -0.0076906853
vn -0.25150537 -0.9631425 0.09540174
vn -0.044161715 0.962646 -0.26713717
vn -0.86873055 -0.46337378 0.17490584
vn -0.676762 -0.7016046 0.22303392
vn -0.9940544 0.0869172 0.065584645
vn -0.30479723 -0.93630457 0.17444886
vn -0.0057375007 0.9639306 -0.26609182
vn 0.9869834 0.15607402 0.038789608
vn 0.15991971 -0.9564053 -0.24436584
vn 0.07419235 -0.9954776 -0.059329465
vn 0.00042727077 -0.9534852 -0.30143952
vn -0.2351154 0.4439543 0.86465335
vn -0.20829111 0.4217094 0.8824829
vn -0.5173356 0.4151564 0.7483375
vn -0.19254561 0.5178192 0.8335403
vn -0.16385646 0.58303475 0.7957521
vn -0.19566046 0.40877807 0.8914133
vn -0.6049801 0.35231248 0.71405536
vn -0.7001355 0.5449161 0.46138567
vn -0.7776995 0.36718085 0.5102565
vn -0.7909452 0.3472822 0.50378656
vn -0.5173356 0.4151564 0.7483375
vn -0.82777745 0.1984676 0.5247809
vn -0.8887755 0.32356286 0.32463104
vn -0.941249 0.14795808 0.30357653
vn -0.9463272 0.18824002 0.26273644
vn -0.7977418 0.5167819 0.31071612
vn -0.88191503 0.2627708 0.39137897
vn -0.9633802 -0.1612348 -0.21424727
vn -0.9884929 -0.13944316 -0.05862777
vn -0.99257976 0.10477282 -0.061710063
vn -0.97438407 0.09726445 -0.20276906
vn -0.99314207 0.111210436 -0.0360732
vn -0.99587315 -0.08832267 -0.020875158
vn -0.97776586 -0.042726517 -0.20530091
vn -0.97672427 0.018921668 -0.21366227
vn -0.9938863 -0.015686838 0.109289035
vn -0.89855 0.43816596 -0.024873251
vn -0.99974686 0.0033571082 -0.022248473
vn -0.94004464 0.2656064 0.21393783
vn -0.5312771 0.8462956 0.03909501
vn 0.14560862 0.28566265 0.94720376
vn 0.44591388 0.2052406 0.8712273
vn -0.11850509 0.6058317 0.78671753
vn -0.21946399 0.20847706 0.95308596
vn 0.3569258 -0.23362693 0.904446
vn -0.09650025 0.07504558 0.9924999
vn 0.09338823 -0.8304228 0.54925096
vn 0.14658158 0.049623493 0.9879531
vn -0.29823688 -0.7550838 0.5838692
vn 0.0009155639 -0.012787376 0.99991786
vn -0.3551823 -0.24769369 0.9013841
vn -0.14450802 0.048159163 0.988331
vn -0.1528681 0.4113614 0.8985617
vn 0.09823981 0.073580675 0.9924388
vn -0.1218938 0.2687523 0.95546544
vn 0.21928042 0.20756106 0.95332813
vn -0.4370621 0.20005181 0.8769014
vn 0.11911741 0.6055364 0.7868525
vn -0.17322403 0.95798135 0.22861543
vn -0.69613516 0.1477418 0.70254415
vn 0.4704848 -0.030397177 0.88188434
vn 0.09338823 -0.8304228 0.54925096
vn 0.66856533 0.7192891 0.1887951
vn 0.3569258 -0.23362693 0.904446
vn -0.88002044 -0.06640973 -0.47027
vn -0.89255273 0.098514676 -0.44005054
vn -0.56927484 0.1175295 -0.8137033
vn -0.539058 0.122015186 -0.83338386
vn 0.97169894 -0.13947248 -0.19065309
vn 0.97799736 0.10022603 -0.1829644
vn 0.99440056 0.103642516 -0.020630844
vn 0.9902924 -0.13843584 -0.01251294
vn 0.99383473 0.10803878 -0.024903854
vn 0.9735607 0.08600295 -0.21161975
vn 0.9800187 -0.06558483 -0.18778199
vn 0.99648017 -0.08185231 -0.018097844
vn 0.5839574 0.8115096 0.021119393
vn 0.52169883 0.85307866 -0.0093389405
vn 0.18674882 0.9805305 -0.060703285
vn 0.2711642 0.95470554 0.12250458
vn 0.7508129 0.37615415 0.54294384
vn 0.8324522 0.50473285 0.2286222
vn 0.9614319 0.18292935 0.20539114
vn 0.9452318 0.32185248 -0.05429315
vn 0.7837574 0.6097688 0.117925264
vn 0.9903627 0.078799315 0.11389583
vn 0.9990706 0.01580885 -0.040101986
vn 0.880083 -0.059359897 -0.47109482
vn 0.54095465 0.115485035 -0.8330854
vn 0.56952953 0.122628435 -0.81277204
vn 0.89103156 0.105473526 -0.4415178
vn 0.6500387 -0.729573 0.21253906
vn 3.0519393E-05 -0.63153774 0.77534515
vn 0.44476166 -0.6559571 0.609842
vn 6.1038845E-05 -0.9999994 0.0011292186
vn -0.43990496 -0.65701914 0.61221683
vn 0.6904367 -0.7220547 -0.043978225
vn -0.645205 -0.73084176 0.22266763
vn 0.00033570788 -0.99897516 -0.04525953
vn 0.67190385 -0.73898435 0.049471114
vn -0.689874 -0.7231393 -0.033814657
vn 0.0006408928 -0.9989077 -0.046724137
vn 0.7835892 -0.6176239 -0.06729559
vn -0.65371794 -0.7566281 0.012909556
vn 0.00061037875 -0.99827445 -0.05871844
vn 0.6638622 -0.7243826 -0.18589485
vn -0.5962204 -0.7994163 -0.07385612
vn 0.00048829784 -0.9991794 -0.0404982
vn -0.653151 -0.74461836 -0.13761309
vn 0.740008 -0.6720104 -0.028108524
vn 0.0003967481 -0.9999273 -0.0120550385
vn -0.744091 -0.6670603 -0.03686731
vn -0.7440245 -0.66617036 -0.051424637
vn 0.0003051944 -1 0.00021363609
vn 0.74258727 -0.66943336 -0.020569777
vn -0.7536055 -0.63708395 -0.16187274
vn -0 -0.9999529 -0.009705021
vn 0.76081246 -0.6326014 -0.144844
vn -0.68689007 -0.63946354 -0.34535247
vn 6.103745E-05 -0.99988496 -0.015167805
vn -0.4614505 -0.58859354 -0.6637929
vn 0.6867794 -0.63880277 -0.3467926
vn 0.0005188249 -0.6170354 -0.78693527
vn 0.46227762 -0.5875599 -0.6641331
vn 0.21928042 0.20756106 0.95332813
vn -3.0518935E-05 0.78729695 0.61657405
vn 0.11911741 0.6055364 0.7868525
vn 0.00030519333 0.37575403 0.9267195
vn -0.21946399 0.20847706 0.95308596
vn -0.11850509 0.6058317 0.78671753
vn -0.09650025 0.07504558 0.9924999
vn 0.14658158 0.049623493 0.9879531
vn 0.0009155639 -0.012787376 0.99991786
vn -0.14450802 0.048159163 0.988331
vn 0.09823981 0.073580675 0.9924388
vn -0 0.5713569 0.8207017
vn -0.4370621 0.20005181 0.8769014
vn 0.11911741 0.6055364 0.7868525
vn -3.0518935E-05 0.78729695 0.61657405
vn 0.44591388 0.2052406 0.8712273
vn -0.11850509 0.6058317 0.78671753
vn -0.02594137 0.74070245 0.6713322
vn -0.04580911 0.74307805 0.66763496
vn -0.020600544 0.72663456 0.6867153
vn 0.086002 0.7452998 0.6611594
vn 0.0539574 0.78158873 0.62145615
vn 0.069645576 0.60215044 0.7953391
vn -0.029328609 0.64446646 0.7640698
vn -0.02728402 0.49657524 0.8675647
vn -0.19566046 0.40877807 0.8914133
vn 0.11536461 0.82018745 0.5603424
vn 0.028138941 0.92296946 0.3838432
vn 0.07776329 0.72486496 0.6844879
vn -0.00647008 0.52749467 0.84953374
vn -0.6049801 0.35231248 0.71405536
vn -0.33116493 0.37392247 0.86632085
vn 0.093570486 0.9739449 0.20658141
vn -0.11450795 0.98995054 0.082981646
vn -0.029939668 0.7506281 0.66004616
vn -0.0017090626 0.8728427 0.48799843
vn -0.012970739 0.991819 0.12699117
vn -0.7361649 0.083135575 0.6716769
vn -0.7776995 0.36718085 0.5102565
vn -0.88191503 0.2627708 0.39137897
vn 0.005279878 0.94045925 0.33986548
vn -0.027192272 0.9972941 -0.06830113
vn -0.2314854 0.970316 -0.07001022
vn -0.45227313 0.8495496 -0.27150428
vn 0.13202627 0.9854972 -0.10660375
vn -0.6788982 -0.075962126 0.73029244
vn -0.58429146 0.0076908567 0.8115074
vn -0.70828956 -0.16278939 0.6868956
vn -0.6552511 -0.074864045 0.75169235
vn -0.910932 -0.40987056 0.04699931
vn -0.35719657 0.53686297 0.76432246
vn -0.50870186 0.55951715 0.65434176
vn -0.07190269 0.8998824 0.43016487
vn -0.22828364 0.9548848 0.18995152
vn 0.11707072 0.99311733 -0.00350968
vn 0.046999115 0.9646721 -0.25922757
vn 0.023407824 0.9370759 -0.34834015
vn 0.04364215 0.97462374 -0.21955357
vn -0.17465796 0.82302564 -0.5404845
vn -0.22501822 0.61834997 -0.7530008
vn -0.080050886 0.9706208 -0.22690749
vn -0.08539356 0.86672336 -0.49142504
vn -0.17542708 0.71443504 -0.6773536
vn -0.3996217 0.5637249 -0.72285324
vn -0.5209635 0.09412135 -0.8483739
vn -0.046327993 0.91374177 -0.40364555
vn -0.09619725 0.92437255 -0.36916304
vn -0.36344987 0.83136606 -0.42039818
vn -0.0790754 0.83198553 -0.54913306
vn -0.088717856 0.7921739 -0.60381246
vn -0.10461992 0.87440646 -0.47378048
vn -0.25730893 0.81285334 -0.52255297
vn -0.10318616 0.83788013 -0.53601253
vn -0.18281111 0.7917644 -0.5828287
vn -0.07187368 0.81240153 -0.57865185
vn -0.12848778 0.7704383 -0.62443227
vn 0.0073551643 0.799546 -0.60055983
vn 0.0034181369 0.7655711 -0.6433422
vn 0.14865938 0.7629819 -0.6290938
vn -0.04727451 0.77094996 -0.6351387
vn 0.1065426 0.80189264 -0.5878918
vn 0.23176706 0.7705628 -0.5937314
vn 0.16822232 0.8186495 -0.5491031
vn 0.18024656 0.7730826 -0.6081567
vn 0.31835023 0.77629715 -0.54407334
vn 0.1882427 0.8503882 -0.4913293
vn 0.41854423 0.7883794 -0.45086434
vn 0.10147567 0.7609912 -0.6407769
vn 0.18235159 0.9017172 -0.39198723
vn 0.49987403 0.8157478 -0.2910006
vn 0.014038721 0.76129544 -0.6482532
vn 0.022218175 0.6637374 -0.7476355
vn 0.18299532 0.81005037 -0.55707365
vn 0.2791564 0.68502724 -0.6729112
vn 0.12036751 0.6597324 -0.7417984
vn -0.0418419 0.67227817 -0.7391153
vn 0.23606393 0.66326797 -0.7101756
vn 0.2800118 0.5248657 -0.80380934
vn 0.14035897 0.53140473 -0.83540905
vn -0.11240209 0.690374 -0.7146673
vn -0.13422169 0.5438145 -0.8284023
vn -0.043153998 0.5396691 -0.8407704
vn 0.028992977 0.53627855 -0.843543
vn -0.27287072 0.5308787 -0.80231506
vn -0.18479504 0.39916342 -0.89806426
vn -0.36260015 0.34383073 -0.86619955
vn -0.5331155 0.4459822 -0.718949
vn -0.06287062 0.42852736 -0.9013388
vn -0.754166 0.26222304 -0.6020571
vn -0.81460756 -0.21091536 -0.5403047
vn -0.9395385 0.13056181 -0.3165773
vn -0.8069273 0.19779485 -0.55654794
vn -0.6037272 0.26917776 -0.7503711
vn -0.49071643 0.27934122 -0.82532775
vn -0.9808141 0.13629709 0.13937947
vn -0.9689748 0.054934006 -0.24097718
vn -0.9921016 0.09079311 0.086551
vn -0.9463272 0.18824002 0.26273644
vn -0.8651441 0.08710344 -0.49390155
vn -0.98172116 0.013703261 -0.18983136
vn -0.9971762 0.06869815 0.030335836
vn -0.700863 0.18335664 -0.68932694
vn -0.29170132 0.37257686 -0.88096356
vn -0.972033 0.053194772 0.22874057
vn -0.941249 0.14795808 0.30357653
vn -0.9208391 0.05636794 -0.38584724
vn -0.60587054 0.209546 -0.76747066
vn -0.8036656 0.15595378 -0.5742823
vn -0.96341705 0.0033875855 -0.26798543
vn -0.97921056 0.011933032 -0.2024953
vn -0.8448866 0.085117355 -0.52813035
vn -0.93785024 0.0051882374 0.34700152
vn -0.82777745 0.1984676 0.5247809
vn -0.9453916 -0.09756971 -0.31099007
vn -0.39367425 0.25947893 -0.8818681
vn -0.66554004 -0.15543611 -0.72999734
vn -0.84623206 -0.23044929 -0.48040026
vn -0.10788319 0.429488 -0.89660543
vn 0.030153167 0.43676317 -0.89907104
vn 0.16205777 0.43017027 -0.8880827
vn 0.025147896 0.44503233 -0.89516133
vn -0.15567796 0.28382772 -0.94615334
vn -0.38639906 -0.17978649 -0.9046395
vn 0.32955182 0.40484396 -0.85293436
vn -0.75011647 -0.41421518 -0.5155105
vn -0.48540562 -0.5448567 -0.68374896
vn -0.8814172 -0.15366282 -0.44664454
vn -0.93943155 0.068758994 -0.33576852
vn -0.99022233 0.13931963 0.0070499093
vn -0.945385 0.056978848 0.3209371
vn -0.890517 -0.10571819 0.4424965
vn -0.82966006 -0.15650162 -0.5358838
vn -0.708017 -0.4641984 -0.5321953
vn -0.9032207 0.07483349 -0.42260173
vn -0.9889374 0.1483223 0.0018006205
vn -0.93369496 0.09323522 0.345718
vn -0.8381434 -0.15131323 0.52404183
vn -0.41472602 -0.65460724 -0.63205355
vn -0.6546073 -0.3324156 0.6789617
vn -0.2447007 -0.59859806 -0.7627594
vn -0.16629668 -0.7224399 -0.67113787
vn -0.7293356 -0.2761026 0.6259688
vn -0.34541512 -0.40080726 0.8485529
vn -0.15085803 -0.20133732 -0.9678353
vn -0.085241236 -0.62491935 -0.77602184
vn -0.053377204 -0.74642634 -0.66332394
vn -0.78445 -0.005401791 0.6201684
vn -0.41012073 -0.33919346 0.84661025
vn -0.10147755 -0.39977574 0.9109784
vn -0.51253784 -0.004059041 0.85865504
vn -0.5173356 0.4151564 0.7483375
vn -0.1443241 -0.3260339 0.9342764
vn -0.004059026 -0.39433596 0.9189574
vn 0.0014038768 -0.6282349 -0.7780224
vn -0.002472036 -0.74878275 -0.6628108
vn 0.05005201 -0.7363139 -0.6747865
vn -0.3803628 0.49197212 0.78312683
vn -0.20829111 0.4217094 0.8824829
vn -0.22535613 0.37947968 0.8973348
vn -0.24873099 -0.016419297 0.96843344
vn -0.023896443 -0.3304301 0.94352794
vn 0.0012207686 -0.39327064 0.9194219
vn 0.0102238525 -0.20701012 -0.9782853
vn 0.089298815 -0.6145321 -0.7838214
vn 0.16453184 -0.6954835 -0.6994511
vn -0.09409088 -0.045992527 0.99450064
vn 0.0015869978 -0.3305838 0.9437753
vn 0.018555818 0.28990412 -0.95687586
vn 0.17603642 -0.18949552 -0.9659724
vn 0.24250476 -0.5727214 -0.78305906
vn 0.4064279 -0.61008435 -0.68015707
vn 0.20512052 0.295 -0.9332205
vn 0.39473972 -0.1505834 -0.90636927
vn 0.47618902 -0.5006958 -0.72287464
vn 0.70567507 -0.4138463 -0.57511204
vn 0.18433599 0.43904924 -0.87934977
vn 0.4298596 0.29929948 -0.8518453
vn 0.382804 0.40609026 -0.8297902
vn 0.64270455 -0.10626797 -0.7587081
vn 0.7552581 -0.35542634 -0.550688
vn 0.8594622 -0.09055163 -0.5031155
vn 0.9104768 -0.088352844 -0.40401208
vn 0.94542474 0.1561364 -0.28599572
vn 0.6022621 0.2966753 -0.74112356
vn 0.46083465 0.35972568 -0.8113131
vn 0.84379244 -0.1737148 -0.50777704
vn 0.9877263 0.12869985 -0.08850593
vn 0.94959193 0.17310253 0.26136285
vn 0.8243567 0.16535354 -0.5413818
vn 0.96459854 -0.039431162 -0.26075837
vn 0.99938774 0.027803158 0.021241492
vn 0.9696227 0.076572455 -0.23231149
vn 0.9599217 0.05807812 0.27418488
vn 0.9646348 3.051869E-05 0.26358995
vn 0.781934 0.2904213 -0.55157465
vn 0.9924648 0.08386769 -0.08933069
vn 0.90080243 0.1940711 -0.3884474
vn 0.69513553 0.27509996 -0.6641585
vn 0.8233549 0.16044098 -0.5443762
vn 0.5390594 0.3476129 -0.76718986
vn 0.6031153 0.30152714 -0.7384668
vn 0.67288244 0.23630846 -0.70099044
vn 0.51758045 0.45867783 -0.7223054
vn 0.3757556 0.5141004 -0.7710437
vn 0.39852488 0.5550294 -0.7301508
vn 0.97358537 0.07910515 -0.21418208
vn 0.8245794 -0.16691187 -0.54056376
vn 0.52144897 0.060336217 -0.8511466
vn 0.9693403 0.06021373 0.2382303
vn 0.940065 0.08862895 0.32927608
vn 0.21305512 0.8004598 -0.56024253
vn 0.22187614 0.5872546 -0.7783977
vn 0.18360333 0.83772075 -0.5143091
vn 0.14530115 0.8919495 -0.4281516
vn 0.15955307 0.95933264 -0.2328596
vn 0.05243134 0.9716277 -0.23063074
vn 0.0878647 0.9960542 0.01248234
vn 0.29152045 0.9555291 -0.04449715
vn 0.22342904 0.95972854 0.1702956
vn 0.042817842 0.96292835 -0.26633734
vn -0.060153116 0.99678373 0.05295061
vn 0.122715436 0.95740014 0.26139212
vn 0.037507825 0.93830603 -0.3437658
vn 0.1515297 0.94632053 0.28551066
vn 0.17511868 0.90476966 0.38823366
vn 0.098394156 0.8086388 0.5800189
vn 0.09400087 0.7473374 0.6577619
vn 0.2622226 0.81321967 0.51953155
vn 0.14853752 0.9034024 0.40224463
vn 0.080875844 0.730019 0.67862463
vn 0.089085355 0.7388072 0.66800284
vn 0.12848598 0.6291235 0.76661265
vn 0.26811028 0.7036788 0.6579917
vn 0.12158871 0.7300206 0.67252225
vn 0.07126274 0.7334721 0.6759736
vn 0.04800651 0.7441162 0.66632307
vn 0.08075412 0.6160935 0.7835225
vn -0 0.7237677 0.6900437
vn 0.12332853 0.6504581 0.7494627
vn -9.155844E-05 0.62174284 0.7832214
vn -0.05948167 0.61727875 0.78449273
vn 0.00076297217 0.56630844 0.82419306
vn -0.11945342 0.5667171 0.81520706
vn -0.18656129 0.4728274 0.8611789
vn 0.26780766 0.5550562 0.78752244
vn 0.18986045 0.5076577 0.8403789
vn 0.50504005 0.44339025 0.74049956
vn 0.08233916 0.56441087 0.8213774
vn 0.25947663 0.52984864 0.8074233
vn 0.51211363 0.3387641 0.78928983
vn 0.71357036 0.28370684 0.6405684
vn 0.00088504056 0.58904034 0.8081031
vn 0.09961322 0.5887068 0.80218554
vn 0.3094324 0.58501923 0.7496693
vn 0.58301234 0.5734903 0.5755046
vn 0.747083 0.522247 0.41124815
vn 0.7525917 0.20154566 0.6268851
vn -0.23811528 0.60001874 0.76372683
vn -0.16385646 0.58303475 0.7957521
vn -0.19254561 0.5178192 0.8335403
vn 0.002533067 0.37449715 0.92722464
vn 0.14142825 0.36593106 0.9198329
vn 0.0008240108 -0.056612592 0.99839586
vn 0.09677714 -0.051211625 0.9939877
vn 0.3551493 0.39543432 0.8470541
vn 0.030336326 -0.3282061 0.9441189
vn 0.009491514 -0.39128846 0.9202191
vn 0.26576352 -0.019776616 0.96383536
vn 0.15522178 -0.3172799 0.93554235
vn 0.11249445 -0.38780978 0.914849
vn 0.6152432 0.415676 0.66984266
vn 0.5473577 -0.0035707192 0.8368911
vn 0.438925 -0.31919876 0.8399148
vn 0.37465945 -0.37551397 0.8477143
vn 0.83466667 0.35399094 0.42192647
vn 0.88654244 0.15048851 0.4374879
vn 0.83871144 0.012146834 0.5444407
vn 0.7835884 -0.27965027 0.55478364
vn 0.6999478 -0.3478223 0.6237729
vn 0.94587576 -0.17438564 0.27369452
vn 0.97046185 -0.052461524 0.23548172
vn 0.9708792 0.064273596 0.23078677
vn 0.9209248 0.24778752 0.30083033
vn 0.82444984 0.388725 0.41130936
vn 0.86560756 0.2144563 0.4524732
vn 0.6796846 -0.1068769 0.7256765
vn 0.96141165 0.11313418 0.2507752
vn 0.8842366 -0.39806363 0.2442767
vn 0.2824243 -0.9570198 -0.0659519
vn 0.68771493 -0.0824318 0.7212858
vn 0.6223836 0.018708436 0.78248876
vn 0.45470142 0.5460141 0.7036443
vn 0.49855456 -0.07379437 0.8637116
vn 0.6661718 -0.47887582 -0.57174563
vn 0.18805748 -0.625668 0.75708246
vn 0.19922695 0.8657277 0.45915586
vn 0.4360591 0.5762035 0.6912611
vn -0.04040791 0.9356385 0.35063934
vn -0.053041525 0.98551035 0.1611083
vn 0.123268776 0.9638709 0.23613037
vn 0.02710119 0.9691728 0.24488735
vn 0.33351642 0.7830983 0.52490383
vn 0.18772376 0.5231911 0.8312827
vn 0.27543762 -0.05227974 0.9598963
vn 0.014313634 0.5114148 0.8592147
vn -0.026277132 0.9403612 -0.33916116
vn 0.034913994 -0.17624854 0.9837263
vn 0.028687859 0.5150692 -0.85666835
vn 0.054781757 -0.08261516 -0.9950747
vn 0.034486834 0.45086196 -0.89192724
vn 0.042482477 0.9481954 -0.3148342
vn 0.006836254 0.9614092 0.27503714
vn 0.34160528 -0.6179292 -0.708145
vn -0.071658984 -0.99107903 -0.112371534
vn -0.10455856 -0.3011323 -0.94783276
vn 0.07831158 0.5630132 0.8227293
vn -0.086461365 -0.79896647 0.59512764
vn 0.031892695 -0.98742235 -0.15485506
vn 0.024476599 -0.7293843 -0.68366617
vn 0.15055029 0.54189557 -0.82685167
vn 0.13858634 0.963085 0.23078394
vn 0.049533106 -0.20557918 0.9773861
vn 0.051638156 -0.3285676 -0.9430678
vn 0.15674812 0.94482255 -0.28764623
vn 0.10950431 0.9654569 0.23643531
vn 0.12833226 0.92094034 -0.36796716
vn 0.1075809 0.5637239 0.8189271
vn 0.05572736 -0.75216675 0.65661234
vn 0.081698544 -0.1960826 0.977178
vn 0.058810875 0.4945668 0.86714756
vn 0.07602221 0.9731209 0.21738508
vn 0.12042977 0.41973412 -0.8996221
vn 0.13636133 -0.7764783 0.615213
vn 0.056948826 0.9511919 -0.3032998
vn 0.08417217 0.5165692 -0.85209817
vn 0.038667757 -0.2475713 -0.9680978
vn 0.008636844 -0.7153931 -0.69866884
vn 0.084873304 -0.37648225 -0.9225279
vn 0.12021644 -0.73854214 -0.6634031
vn 0.13477395 -0.97796565 -0.15943366
vn 0.10892365 -0.9717064 -0.20957655
vn 0.0734903 -0.77265525 0.6305577
vn 0.11527037 -0.7101778 -0.69452155
vn 0.039003495 0.47094122 -0.88130194
vn 0.035524193 -0.2082316 0.97743416
vn -0.14926668 -0.9584989 -0.24289784
vn 0.07278878 -0.2939019 -0.9530601
vn -0.10703198 -0.75688434 0.644725
vn -0.0150153255 -0.7107254 -0.7033093
vn -0.28168863 -0.9593894 -0.014954218
vn -0.23728567 -0.8462934 0.47695178
vn -0.03720276 -0.29136565 0.9558881
vn -0.039949175 0.09537141 0.9946398
vn 0.094976276 -0.25147963 -0.9631913
vn 0.026765607 0.6373999 0.7700682
vn 0.09088495 0.2879753 -0.9533154
vn 0.3184668 0.015869932 -0.9478012
vn 0.06756887 0.94330907 -0.3249654
vn 0.015534281 0.9365431 -0.35020798
vn 0.04367225 0.90399414 0.4253085
vn 0.09784395 0.80246687 0.5886201
vn 0.092686005 0.9570433 0.27473143
vn -0.18656129 0.4728274 0.8611789
vn -0.19566046 0.40877807 0.8914133
vn -0.02728402 0.49657524 0.8675647
vn -0.029328609 0.64446646 0.7640698
vn -0.05948167 0.61727875 0.78449273
vn -0.020600544 0.72663456 0.6867153
vn -0.04580911 0.74307805 0.66763496
vn -0 0.7237677 0.6900437
vn 0.0017700959 0.74511874 0.66692936
vn 0.04800651 0.7441162 0.66632307
vn -0.02594137 0.74070245 0.6713322
vn 0.089085355 0.7388072 0.66800284
vn -0.021851681 0.75260115 0.658114
vn 0.06445662 0.7464088 0.6623589
vn 0.0539574 0.78158873 0.62145615
vn 0.09400087 0.7473374 0.6577619
vn -0.052797608 0.8308757 0.5539477
vn 0.16095947 0.805133 0.57083535
vn 0.028138941 0.92296946 0.3838432
vn 0.17511868 0.90476966 0.38823366
vn -0.2797983 0.9199651 0.274549
vn 0.35774577 0.8884437 0.28755164
vn -0.11450795 0.98995054 0.082981646
vn 0.22342904 0.95972854 0.1702956
vn -0.6108117 0.7707935 0.18107054
vn 0.65997535 0.7259271 0.19355206
vn -0.2314854 0.970316 -0.07001022
vn 0.29152045 0.9555291 -0.04449715
vn -0.5664908 0.82101804 -0.07083425
vn -0.8212143 0.56991816 0.028291428
vn -0.45227313 0.8495496 -0.27150428
vn -0.82983065 0.5024458 -0.2427537
vn -0.7124351 0.5286804 -0.461447
vn -0.36344987 0.83136606 -0.42039818
vn -0.5094828 0.5682623 -0.64614654
vn -0.25730893 0.81285334 -0.52255297
vn -0.3080912 0.5832522 -0.75159603
vn -0.18281111 0.7917644 -0.5828287
vn -0.12848778 0.7704383 -0.62443227
vn -0.19986926 0.5993637 -0.7751229
vn 0.0034181369 0.7655711 -0.6433422
vn 0.0006714152 0.6227987 -0.78238183
vn 0.2190946 0.6079043 -0.7631841
vn 0.14865938 0.7629819 -0.6290938
vn 0.33519608 0.57868093 -0.74348646
vn 0.23176706 0.7705628 -0.5937314
vn 0.31835023 0.77629715 -0.54407334
vn 0.51074815 0.53418726 -0.6736321
vn 0.41854423 0.7883794 -0.45086434
vn 0.7123171 0.48836753 -0.5040849
vn 0.49987403 0.8157478 -0.2910006
vn 0.83760774 0.47582957 -0.26832744
vn 0.8431865 0.5369561 0.026734883
vn 0.6041504 0.7944963 -0.061464895
vn 0.72840226 -0.64017123 0.24415375
vn 0.84565693 -0.10880101 0.5225195
vn 0.7711291 0.06119103 0.63373154
vn 0.941668 0.10080471 0.32109186
vn 0.7678379 -0.5796247 0.27287406
vn 0.8049434 0.15155825 0.5736691
vn 0.9920421 0.09875864 0.078097455
vn 0.96813244 0.006683721 -0.2503496
vn 0.9340284 0.060518812 0.35203454
vn 0.8449226 0.45815343 0.27604568
vn 0.93953204 0.15943204 0.30308568
vn 0.84819144 -0.47133958 -0.24168208
vn 0.85021985 -0.5259589 -0.022217598
vn 0.785414 0.5700699 0.24113294
vn 0.824469 -0.54799795 0.14124161
vn 0.7037139 0.5107404 0.49389374
vn 0.7352009 -0.49379623 0.46437597
vn 0.5901866 0.5595755 0.58185476
vn 0.631903 -0.37773794 0.6767664
vn 0.768621 0.008514801 0.6396477
vn 0.48916477 -0.48760825 0.7231569
vn 0.322464 -0.21882139 0.92094207
vn 0.44698307 -0.8321954 0.32811108
vn 0.2922807 -0.576657 0.76291466
vn -0.16299982 0.04367211 0.98565906
vn 0.38181937 -0.9242281 -0.0040589864
vn 0.14466259 -0.61319846 0.7765696
vn -0 0.5068907 0.86201024
vn 0.2421722 -0.93264526 0.26744235
vn 0.3902438 -0.9191345 -0.053865667
vn 0.1699905 -0.98264885 -0.07419154
vn 0.11212863 -0.9646602 0.23844881
vn -0 -0.61951166 0.78498745
vn -0.15397088 -0.6155173 0.77293694
vn 0.16309385 0.043672774 0.9856435
vn -0.31706738 -0.5878061 0.74427974
vn -0.60006267 0.025880031 0.79953426
vn -0.4973759 -0.5177629 0.6960882
vn -0.48222744 0.5057269 0.71532995
vn -0.630626 -0.41408962 0.6563845
vn -0.6317537 0.55789655 0.53818095
vn -0.7001788 -0.62095016 0.35237837
vn -0.83552396 0.36925173 0.40688187
vn -0.4699681 -0.84325075 0.26087973
vn -0.72104186 -0.68649435 0.09393747
vn -0.8743575 0.4269394 0.23069803
vn -0.32375023 -0.9201916 0.22007568
vn -0.13852687 -0.96208876 0.23493716
vn -0.83355844 -0.5507718 0.042787276
vn -0.8457019 0.41839504 0.3312612
vn -0.3748934 -0.9265824 -0.030000018
vn -0.27626035 -0.95952547 -0.05469051
vn -0 -0.9679183 0.25126505
vn -0.41114756 -0.91156226 -0.00344861
vn -0.8461463 -0.48076978 -0.22999309
vn -0.96935153 0.008606421 -0.24552716
vn -0.93379426 0.05612471 0.35338116
vn -0.7831164 -0.5652415 0.25928906
vn -0.10782267 -0.99137044 -0.07455725
vn 0.07501528 -0.9944865 -0.07327571
vn -0.2576457 -0.96603394 0.019929238
vn -0.46401238 -0.839611 -0.28239325
vn -0.0007629789 -0.9966641 -0.08160823
vn 0.20160681 -0.9793158 -0.017182052
vn -0.11475026 -0.9933528 0.009094569
vn 0.0965627 -0.99532217 0.0030824374
vn 0.44771433 -0.8441567 -0.29487497
vn -0.71739686 -0.3825649 -0.58222497
vn -0.27265853 -0.9257999 -0.2618242
vn -0.0028382728 -0.9999571 0.008820009
vn 0.26045105 -0.9275401 -0.26801977
vn 0.718817 -0.3751411 -0.58529586
vn -0.47829813 -0.5712292 -0.6670293
vn -0.14014283 -0.95664567 -0.25532115
vn 0.13669655 -0.9565706 -0.25746194
vn 0.47594866 -0.5725118 -0.66761
vn 0.7666345 -0.12824039 -0.62914693
vn 0.29573166 -0.6862561 -0.6645264
vn -0.005188174 -0.96506137 -0.26197225
vn -0.29469702 -0.68363845 -0.66767675
vn 0.96747255 0.079961464 -0.24000645
vn 0.51223826 -0.29472622 -0.8066898
vn 0.16917115 -0.7239293 -0.66881055
vn -0.17063193 -0.7227824 -0.6696792
vn 0.98153424 0.18171248 0.059756972
vn 0.81818885 -0.022126408 -0.5745237
vn 0.3191096 -0.38142997 -0.86757153
vn -0.004303216 -0.72651106 -0.68714124
vn 0.96453667 0.16324854 -0.20741019
vn 0.5835868 -0.09000092 -0.80704784
vn 0.17832227 -0.40874043 -0.89506
vn 0.8361374 0.14539397 -0.52889955
vn 0.35463318 -0.1078854 -0.9287605
vn 0.5918689 0.18320985 -0.7849366
vn -0.17896628 -0.40862542 -0.894984
vn -0.001037655 -0.40962955 -0.91225135
vn 0.18628897 -0.11328713 -0.9759418
vn 0.3679734 0.22099157 -0.9031935
vn -0.3171868 -0.3808805 -0.86851746
vn -0.50988156 -0.29188406 -0.8092122
vn -0.7674651 -0.12109999 -0.6295491
vn 3.0518906E-05 -0.113988124 -0.99348205
vn -0.18616879 -0.11313569 -0.9759823
vn -0.3538954 -0.1072734 -0.9291128
vn -0.58236784 -0.08771225 -0.8081796
vn -0.817063 -0.015992118 -0.57632667
vn -0.9668101 0.08984781 -0.23917708
vn 0.19275783 0.23142536 -0.95356524
vn -0.99225426 0.08676464 0.08890095
vn -0.94223523 0.06662239 0.32825944
vn -0.65927684 -0.7309665 0.17618763
vn -0.7812248 0.025056079 0.6237469
vn -0.46562958 -0.7537297 0.46376792
vn -0.8049434 0.15155825 0.5736691
vn -0.93953204 0.15943204 0.30308568
vn -0.98153424 0.18171248 0.059756972
vn -0.96454364 0.16321403 -0.20740512
vn -0.83616006 0.14539261 -0.5288641
vn -0.59188867 0.18320654 -0.7849224
vn -0.3680313 0.22105074 -0.9031553
vn -0.19269633 0.23148584 -0.953563
vn 3.0519084E-05 0.23179245 -0.97276527
vn -0.8411952 0.4638888 0.27784497
vn -0.87171966 0.48910055 0.029756214
vn -0.8540194 0.4675545 -0.22813119
vn -0.79010963 0.38063452 -0.48046255
vn -0.59453404 0.5030391 -0.6272806
vn -0.38345066 0.57337534 -0.724021
vn -0.62994087 0.71148735 -0.31138444
vn -0.19403858 0.6022276 -0.7743842
vn -0.6479256 0.7616712 -0.0070194486
vn -0.39596248 0.8336149 -0.38509747
vn -0 0.60595036 -0.7955025
vn -0.18415394 0.887351 -0.42272395
vn -0.39440203 0.91841984 -0.030855097
vn -0.61780745 0.7257857 0.30257094
vn 0.19403858 0.6022276 -0.7743842
vn -0.7682522 0.38008234 0.515098
vn -0.5685118 0.52190894 0.63592875
vn -0.5633573 0.20692144 0.7998826
vn -0.3767581 0.86240834 0.33809042
vn -0.35042265 0.6092568 0.7113439
vn -0.33668643 0.2580693 0.905562
vn -0.17139553 0.98433405 -0.041353446
vn -0.16700281 0.64524364 0.7455003
vn -0.16898368 0.27695993 0.94590575
vn -0.16605614 0.9197637 0.35561225
vn -0 0.89859915 -0.43877053
vn -0 0.65102255 0.7590584
vn -0 0.28031525 0.959908
vn 0.16898368 0.27695993 0.94590575
vn -0 0.99896 -0.045595944
vn -0 0.93192333 0.36265537
vn 0.16700281 0.64524364 0.7455003
vn 0.33668643 0.2580693 0.905562
vn 0.18415394 0.887351 -0.42272395
vn 0.17139553 0.98433405 -0.041353446
vn 0.16605614 0.9197637 0.35561225
vn 0.35042265 0.6092568 0.7113439
vn 0.5633573 0.20692144 0.7998826
vn 0.3767581 0.86240834 0.33809042
vn 0.5685118 0.52190894 0.63592875
vn 0.39440203 0.91841984 -0.030855097
vn 0.39596248 0.8336149 -0.38509747
vn 0.7682522 0.38008234 0.515098
vn 0.61780745 0.7257857 0.30257094
vn 0.8411952 0.4638888 0.27784497
vn 0.6479256 0.7616712 -0.0070194486
vn 0.87171966 0.48910055 0.029756214
vn 0.38345066 0.57337534 -0.724021
vn 0.62994087 0.71148735 -0.31138444
vn 0.8540194 0.4675545 -0.22813119
vn 0.59453404 0.5030391 -0.6272806
vn 0.79010963 0.38063452 -0.48046255
vn 0.018524893 0.99976426 0.011322462
vn 0.018524893 0.99976426 0.011322462
vn 0.27363306 0.9497503 0.15198445
vn 0.3315331 0.9253507 0.18387988
vn 0.74439275 0.49975124 0.4428635
vn 0.7684862 0.44058248 0.46402162
vn 0.82047504 0.08575863 0.56521344
vn 0.82098305 0.08722564 0.56425035
vn 0.79905045 0.029206757 0.60055435
vn 0.034272924 -0.7875753 0.6152646
vn 0.36796767 -0.4452723 0.81629187
vn 0.24775201 -0.9090039 0.335158
vn 0.17533189 -0.9425806 0.28425434
vn 0.7678379 -0.5796247 0.27287406
vn 0.9340284 0.060518812 0.35203454
vn -0.029816935 -0.092991 0.99522036
vn 0.005676579 -0.9353233 0.35374856
vn -0.039613865 -0.9978544 -0.052126724
vn 0.72840226 -0.64017123 0.24415375
vn -0.023530198 -0.9968747 -0.07541261
vn -0.056368224 -0.84198314 -0.536551
vn 0.84565693 -0.10880101 0.5225195
vn 0.022461997 -0.9991622 -0.034211818
vn -0.3576569 -0.9160094 -0.18168202
vn 0.008270759 -0.9999379 0.007477255
vn 0.16306491 -0.38338414 0.90907997
vn 0.2224276 -0.75615615 0.6154298
vn 0.0023194123 -0.99991083 0.013153509
vn 0.10730425 -0.7656262 0.6342731
vn -6.103725E-05 -0.99991226 0.013245083
vn -0 -0.76180154 0.6478106
vn 0.36577764 -0.8991995 -0.24009784
vn 0.12842399 -0.412617 0.90180624
vn -0.0024414829 -0.9999093 0.013245044
vn -0.0046693375 -0.99990964 0.012604159
vn 0.2288004 -0.694275 -0.6823726
vn 0.059938498 -0.99820185 -0.000732446
vn -0.022797463 -0.89728004 -0.440873
vn -0.46562958 -0.7537297 0.46376792
vn -0.66824687 -0.3616517 0.6501185
vn 0.13642108 -0.98958695 -0.045900963
vn 0.108465426 -0.98806083 -0.10941152
vn -0.65927684 -0.7309665 0.17618763
vn 0.017273702 -0.95582163 0.29343927
vn -0.7831164 -0.5652415 0.25928906
vn -0.93379426 0.05612471 0.35338116
vn 0.020600421 -0.08310363 0.99632794
vn -0.8457019 0.41839504 0.3312612
vn -0.93379426 0.05612471 0.35338116
vn 0.020600421 -0.08310363 0.99632794
vn -0.045351516 0.8855448 0.4623352
vn -0.4026096 0.88865876 -0.21952479
vn -0.16299982 0.04367211 0.98565906
vn -0 0.5068907 0.86201024
vn -0.00067142234 0.99986994 0.016114136
vn 0.0032349867 0.9997025 0.024170844
vn 0.012329563 0.99939656 0.032471918
vn -0.2384455 0.7287649 -0.64190763
vn 0.36036727 0.90207785 -0.2374676
vn 0.16309385 0.043672774 0.9856435
vn -0.0029603497 0.9998658 0.01611407
vn -0.23789413 0.89728355 -0.37187174
vn -0.005310335 0.999869 0.015290103
vn -0.48222744 0.5057269 0.71532995
vn -0.60006267 0.025880031 0.79953426
vn -0.008972622 0.99986756 0.01358101
vn -0.6317537 0.55789655 0.53818095
vn -0.11163946 0.9936767 0.011963552
vn -0.83552396 0.36925173 0.40688187
vn -0.17814004 0.9829595 0.0453514
vn -0.8743575 0.4269394 0.23069803
vn -0.14752726 0.9827928 0.111149006
vn -0.8457019 0.41839504 0.3312612
vn -0.045351516 0.8855448 0.4623352
vn -0.022797463 -0.89728004 -0.440873
vn -0.27265927 -0.58725214 -0.76209706
vn 0.21406327 -0.73915 -0.63861907
vn 0.2288004 -0.694275 -0.6823726
vn 0.6696848 -0.58923596 -0.4520212
vn 0.36577764 -0.8991995 -0.24009784
vn 0.36577764 -0.8991995 -0.24009784
vn 0.6696848 -0.58923596 -0.4520212
vn 0.4604063 -0.5663675 0.68355966
vn 0.12842399 -0.412617 0.90180624
vn 0.768621 0.008514801 0.6396477
vn 0.77375925 0.5673868 0.2817249
vn 0.3056521 0.5912529 -0.74632215
vn 0.18415159 0.9041251 -0.38554642
vn 0.9340284 0.060518812 0.35203454
vn 0.8449226 0.45815343 0.27604568
vn 0.018830225 0.906506 0.42177266
vn -0.029816935 -0.092991 0.99522036
vn 0.16309385 0.043672774 0.9856435
vn 0.46325392 0.56335753 0.6841228
vn 0.6640969 0.5912477 -0.4576043
vn 0.36036727 0.90207785 -0.2374676
vn -0.60006267 0.025880031 0.79953426
vn -0.7080522 0.56476325 0.42391574
vn 0.46325392 0.56335753 0.6841228
vn 0.16309385 0.043672774 0.9856435
vn 0.18415159 0.9041251 -0.38554642
vn 0.3056521 0.5912529 -0.74632215
vn -0.23963538 0.7220191 -0.6490481
vn -0.2384455 0.7287649 -0.64190763
vn -0.68884945 0.59817684 -0.40947646
vn -0.4026096 0.88865876 -0.21952479
vn -0.2384455 0.7287649 -0.64190763
vn 0.012329563 0.99939656 0.032471918
vn 0.011597303 0.999718 0.02072255
vn 0.18415159 0.9041251 -0.38554642
vn 0.5901866 0.5595755 0.58185476
vn 0.768621 0.008514801 0.6396477
vn 0.040162746 0.99872786 0.030488288
vn 0.045839652 0.99687505 0.064334214
vn 0.7037139 0.5107404 0.49389374
vn 0.050264653 0.9968087 0.06201443
vn 0.785414 0.5700699 0.24113294
vn 0.018830225 0.906506 0.42177266
vn 0.8449226 0.45815343 0.27604568
vn 0.8509292 -0.5046612 0.14572795
vn 0.33635375 -0.52001923 -0.7851408
vn -0.7489033 -0.6201441 -0.23359165
vn -0.24055658 -0.57584643 0.78136635
vn 0.24284339 0.67133665 0.7002386
vn 0.3056521 0.5912529 -0.74632215
vn 0.77375925 0.5673868 0.2817249
vn -0.23963538 0.7220191 -0.6490481
vn -0.4632203 0.5633538 0.6841487
vn -0.68884945 0.59817684 -0.40947646
vn 0.4604063 -0.5663675 0.68355966
vn 0.6696848 -0.58923596 -0.4520212
vn 0.21406327 -0.73915 -0.63861907
vn -0.24253902 -0.67436033 0.6974332
vn -0.27265927 -0.58725214 -0.76209706
vn -0.77759385 -0.568264 0.26911664
vn 0.6640969 0.5912477 -0.4576043
vn 0.46325392 0.56335753 0.6841228
vn -0.7080522 0.56476325 0.42391574
vn -0.41960788 0.5914002 -0.6886037
vn 0.36036727 0.90207785 -0.2374676
vn 0.6640969 0.5912477 -0.4576043
vn -0.41960788 0.5914002 -0.6886037
vn -0.23789413 0.89728355 -0.37187174
vn 0.84565693 -0.10880101 0.5225195
vn 0.8509292 -0.5046612 0.14572795
vn -0.24055658 -0.57584643 0.78136635
vn 0.16306491 -0.38338414 0.90907997
vn -0.33131322 -0.10193315 0.93799853
vn -0.77759385 -0.568264 0.26911664
vn -0.66824687 -0.3616517 0.6501185
vn -0.24253902 -0.67436033 0.6974332
vn 0.12842399 -0.412617 0.90180624
vn 0.4604063 -0.5663675 0.68355966
vn -0.23789413 0.89728355 -0.37187174
vn -0.41960788 0.5914002 -0.6886037
vn -0.7080522 0.56476325 0.42391574
vn -0.60006267 0.025880031 0.79953426
vn -0.16299982 0.04367211 0.98565906
vn -0.4632203 0.5633538 0.6841487
vn 0.24284339 0.67133665 0.7002386
vn 0.322464 -0.21882139 0.92094207
vn 0.77375925 0.5673868 0.2817249
vn 0.768621 0.008514801 0.6396477
vn -0.4026096 0.88865876 -0.21952479
vn -0.68884945 0.59817684 -0.40947646
vn -0.4632203 0.5633538 0.6841487
vn -0.16299982 0.04367211 0.98565906
vn -0.056368224 -0.84198314 -0.536551
vn 0.33635375 -0.52001923 -0.7851408
vn 0.8509292 -0.5046612 0.14572795
vn 0.84565693 -0.10880101 0.5225195
vn -0.66824687 -0.3616517 0.6501185
vn -0.77759385 -0.568264 0.26911664
vn -0.27265927 -0.58725214 -0.76209706
vn -0.022797463 -0.89728004 -0.440873
vn 0.16306491 -0.38338414 0.90907997
vn -0.24055658 -0.57584643 0.78136635
vn -0.7489033 -0.6201441 -0.23359165
vn -0.3576569 -0.9160094 -0.18168202
vn -0.3576569 -0.9160094 -0.18168202
vn -0.7489033 -0.6201441 -0.23359165
vn 0.33635375 -0.52001923 -0.7851408
vn -0.056368224 -0.84198314 -0.536551
vn 0.040162746 0.99872786 0.030488288
vn 0.050264653 0.9968087 0.06201443
vn 0.045839652 0.99687505 0.064334214
vn 0.056430086 0.027040051 0.9980404
vn 0.011597303 0.999718 0.02072255
vn 0.018830225 0.906506 0.42177266
vn -0.029816935 -0.092991 0.99522036
vn 0.012329563 0.99939656 0.032471918
vn 0.0032349867 0.9997025 0.024170844
vn -0.00067142234 0.99986994 0.016114136
vn -0.0029603497 0.9998658 0.01611407
vn -0.005310335 0.999869 0.015290103
vn -0.008972622 0.99986756 0.01358101
vn -0.11163946 0.9936767 0.011963552
vn -0.14752726 0.9827928 0.111149006
vn -0.17814004 0.9829595 0.0453514
vn -0.045351516 0.8855448 0.4623352
vn 0.020600421 -0.08310363 0.99632794
vn -0.029816935 -0.092991 0.99522036
vn 0.056430086 0.027040051 0.9980404
vn 0.005676579 -0.9353233 0.35374856
vn -0.039613865 -0.9978544 -0.052126724
vn -0.023530198 -0.9968747 -0.07541261
vn 0.022461997 -0.9991622 -0.034211818
vn 0.008270759 -0.9999379 0.007477255
vn 0.0023194123 -0.99991083 0.013153509
vn -6.103725E-05 -0.99991226 0.013245083
vn -0.0024414829 -0.9999093 0.013245044
vn -0.0046693375 -0.99990964 0.012604159
vn 0.059938498 -0.99820185 -0.000732446
vn 0.13642108 -0.98958695 -0.045900963
vn 0.108465426 -0.98806083 -0.10941152
vn 0.017273702 -0.95582163 0.29343927
vn 0.020600421 -0.08310363 0.99632794
vn -0.06961345 -0.6893898 -0.72103786
vn 0.09811913 -0.9881192 -0.1182923
vn -0.028718717 -0.9767111 -0.21262838
vn -0.010895351 -0.6738942 -0.73874754
vn -0.042147335 -0.2859976 -0.95730305
vn -0.09122239 -0.33317992 -0.93843997
vn -0.20945407 -0.34230462 -0.9159457
vn -0.06287004 0.3036379 -0.950711
vn -0.21451898 0.014496588 -0.97661227
vn -0.014588104 0.47579196 -0.87943685
vn -0.0044863704 0.7889908 -0.61438864
vn -0.0509356 0.9428732 -0.329235
vn -0.0044863704 0.7889908 -0.61438864
vn -0.037142154 0.97118944 -0.2353964
vn -0.07535067 0.9969543 -0.020111823
vn -0.037142154 0.97118944 -0.2353964
vn -0.0509356 0.9428732 -0.329235
vn -0.07156763 0.9554356 0.2863926
vn -0.08325606 0.9480142 0.30714402
vn -0.12067374 0.43282622 0.8933641
vn -0.02746767 0.95047295 -0.30959114
vn -0.014588104 0.47579196 -0.87943685
vn -0.03445615 0.49145028 0.87022376
vn -0.045015473 0.9711745 0.23408045
vn -0.059757173 0.5166339 -0.8541185
vn 0.09689901 0.9248591 -0.36775845
vn -0.05649141 -0.35961008 -0.93139106
vn -0.042147335 -0.2859976 -0.95730305
vn -0.06961345 -0.6893898 -0.72103786
vn -0.11130343 -0.7176278 -0.6874749
vn -0.028718717 -0.9767111 -0.21262838
vn 0.15482436 -0.22413367 -0.9621817
vn 0.10385652 0.45577237 -0.8840165
vn 0.105811164 -0.6714294 -0.7334756
vn 0.031160004 -0.30043006 -0.9532947
vn 0.030946901 0.5663222 -0.8236027
vn 0.120000646 0.9563123 0.26658332
vn 0.024995208 0.95726454 -0.28813154
vn 0.028352685 0.54721594 0.836511
vn 0.03711109 -0.99281317 -0.113774784
vn 0.037599824 -0.6735313 -0.73820174
vn -0.15403156 -0.9754009 -0.1576939
vn 0.16657364 -0.9818933 -0.09021468
vn -0.34316483 -0.6554437 -0.6727789
vn -0.16489491 -0.983937 -0.06839339
vn -0.36949602 -0.1995651 -0.9075497
vn -0.28129604 0.49535814 -0.82188374
vn -0.5209635 0.09412135 -0.8483739
vn -0.81460756 -0.21091536 -0.5403047
vn -0.910932 -0.40987056 0.04699931
vn -0.70828956 -0.16278939 0.6868956
vn -0.1319337 -0.7449081 0.653992
vn 0.03711109 -0.99281317 -0.113774784
vn -0.17347081 0.935015 -0.30928102
vn -0.16279013 0.5424812 -0.8241441
vn -0.22501822 0.61834997 -0.7530008
vn -0.06146651 0.95041144 -0.30486044
vn 0.023407824 0.9370759 -0.34834015
vn -0.14292014 0.9540217 0.2634699
vn -0.16422285 0.9718783 0.1687702
vn -0.22828364 0.9548848 0.18995152
vn -0.50870186 0.55951715 0.65434176
vn 0.047945064 0.9680569 0.24610373
vn -0.5487625 0.47161043 0.69024867
vn -0.6552511 -0.074864045 0.75169235
vn -0.21995138 0.528622 0.819866
vn 0.052615087 0.53243786 0.8448323
vn -0.56952417 -0.09268768 0.816732
vn -0.29996985 -0.14349967 0.9430938
vn -0.18946366 -0.7094511 0.67880976
vn 0.051028192 -0.17139614 0.98387975
vn 0.17752975 -0.6757545 0.7154293
vn 0.16657364 -0.9818933 -0.09021468
vn 0.066470146 -0.6827076 0.72766197
vn 0.03531066 -0.16233136 0.9861043
vn -0.012329851 -0.7452541 0.6666665
vn -0.0067446535 -0.18698865 0.98233896
vn 0.061587274 0.0830116 0.9946437
vn -0.057832837 0.07400772 0.9955793
vn 0.049288344 -0.33549646 0.9407512
vn 0.07239254 -0.9425375 0.32616317
vn 0.09811913 -0.9881192 -0.1182923
vn -0.039736092 -0.7491566 0.66120005
vn 0.027344959 -0.4391674 0.897989
vn 0.04422253 -0.44329348 0.89528495
vn -0.06534201 -0.9896826 -0.12750998
vn -0.8574717 -0.29298577 -0.42296767
vn -0.6369431 -0.7329576 0.23890707
vn -0.48119578 -0.3971765 -0.7814739
vn 0.056643102 -0.97715455 -0.20484295
vn -0.9169067 0.30418083 -0.25837216
vn -0.4281549 -0.36314884 -0.82753015
vn 0.026093861 -0.9847609 -0.1719448
vn -0.550322 -0.4762214 -0.6858272
vn -0.59366477 0.5538979 -0.58374596
vn -0.72462475 0.44277704 0.5280791
vn -0.22315505 0.9186529 0.32600415
vn -0.4892272 0.57370514 -0.6569012
vn -0.4892272 0.57370514 -0.6569012
vn -0.05014334 0.9688682 0.24244593
vn -0.041353486 0.9712118 0.23460092
vn -0.6310156 0.5731816 -0.5227639
vn -0.049440846 0.9428553 0.3295141
vn -0.10910661 0.90581375 0.40938628
vn -0.6310156 0.5731816 -0.5227639
vn -0.76548463 0.64099646 0.056185994
vn -0.86284506 -0.3934869 -0.3172799
vn -0.76548463 0.64099646 0.056185994
vn -0.6776069 -0.66155404 0.32123992
vn -0.4124007 0.3653407 0.8345369
vn -0.086522795 0.8547293 0.5118121
vn -0.3613795 0.80424565 0.47179845
vn -0.08078485 0.90108526 0.4260508
vn -0.336262 0.8150493 0.4718289
vn 0.45964587 0.18595195 0.86841667
vn 0.451922 0.20545238 0.8680759
vn -0.049440846 0.9428553 0.3295141
vn 0.4179295 0.23719497 0.8769683
vn -0.041353486 0.9712118 0.23460092
vn 0.41841662 0.26069403 0.87003803
vn -0.05014334 0.9688682 0.24244593
vn 0.30149642 0.2625543 0.91660523
vn 0.44900128 0.14746968 0.88127786
vn -0.22315505 0.9186529 0.32600415
vn 0.12576887 0.8395476 0.5285283
vn 0.5133398 0.20649567 0.83297163
vn 0.10779541 0.9087836 0.40310356
vn -0.10825168 0.9250377 0.36412486
vn -0.15439843 0.07874045 0.984866
vn -0.72462475 0.44277704 0.5280791
vn -0.14988028 -0.52856374 0.8355574
vn -0.6369431 -0.7329576 0.23890707
vn -0.72462475 0.44277704 0.5280791
vn -0.8574717 -0.29298577 -0.42296767
vn -0.9169067 0.30418083 -0.25837216
vn 0.34920204 -0.6431335 0.6814963
vn -0.6369431 -0.7329576 0.23890707
vn 0.41841662 0.26069403 0.87003803
vn -0.06534201 -0.9896826 -0.12750998
vn 0.4478985 -0.62869376 0.6357131
vn 0.4179295 0.23719497 0.8769683
vn 0.056643102 -0.97715455 -0.20484295
vn 0.42690247 -0.65829897 0.6199973
vn 0.451922 0.20545238 0.8680759
vn 0.44835374 -0.66601485 0.596157
vn 0.43768218 -0.6849829 0.58243686
vn 0.45964587 0.18595195 0.86841667
vn 0.03762973 -0.9916182 -0.1236013
vn 0.012115973 -0.99882 0.047029506
vn 0.42794338 -0.663828 0.6133489
vn 0.44900128 0.14746968 0.88127786
vn -0.45113394 -0.8250849 -0.34016633
vn 0.07928967 -0.97772276 0.19434817
vn 0.48262805 -0.5902687 0.6470341
vn -0.56643724 -0.80415165 -0.18024667
vn -0.40063334 -0.8999067 -0.17222321
vn 0.5755591 0.27427486 0.7703928
vn 0.17301606 -0.9355808 0.30782148
vn 0.5960031 -0.49999076 0.62832266
vn -0.4495714 -0.8863555 -0.11072196
vn -0.18466814 -0.9824553 0.0260629
vn -0.14948171 -0.9677247 -0.20288984
vn -0.4156473 -0.8977054 -0.14615867
vn 0.35885057 -0.8929147 0.27189994
vn 0.09378466 -0.99415404 -0.053499676
vn 0.46706903 0.34694466 0.81331176
vn 0.63894236 -0.41093615 0.6502954
vn 0.492244 -0.8674469 0.072330475
vn 0.2694214 -0.94315803 -0.1945889
vn 0.46029693 -0.46014434 0.7592061
vn 0.115238845 0.8269669 0.55031437
vn 0.2857472 -0.9339658 0.21460797
vn 0.12293148 0.5748908 0.8089428
vn -0.066714525 0.9725184 0.22306335
vn 0.13474311 -0.9770173 -0.16517095
vn 0.11050841 -0.4523795 0.8849523
vn -0.038697656 0.9982652 -0.044374127
vn -0.069583125 -0.97156966 -0.22629775
vn -0.26231048 -0.9548468 -0.13950218
vn -0.3517031 -0.9359319 -0.018342031
vn 0.008789427 -0.91251343 0.40895253
vn 0.06561675 -0.9971915 -0.03610447
vn -0.012329784 -0.9810724 -0.19324802
vn -0.17172985 -0.9664115 -0.19120091
vn 0.116065204 -0.95940727 -0.25703424
vn 0.120918214 -0.609871 -0.78322166
vn 0.32930353 -0.5394596 -0.77494675
vn -0.062350985 -0.6055645 -0.79334986
vn 0.19117393 -0.50528026 -0.84151316
vn -0.23899665 -0.95296526 -0.18638138
vn -0.108798906 -0.578267 -0.8085605
vn -0.24399745 -0.9661322 -0.08398761
vn -0.22687946 -0.9552498 -0.18979868
vn -0.110174574 -0.5635384 -0.81870997
vn -0.07529045 -0.5755279 -0.8143088
vn -0.112493075 -0.9783174 -0.17389733
vn -0.013245335 -0.60727113 -0.79438436
vn -0.24961391 -0.9659531 -0.06802659
vn -0.29560876 -0.95314443 0.06427339
vn -0.019074343 -0.9868913 -0.16025501
vn -0.051241707 -0.6055311 -0.7941702
vn -0.13269733 -0.990408 -0.038515188
vn -0.2687834 -0.72938055 0.6290942
vn -0.028474398 -0.98778397 -0.15320632
vn -0.13898443 -0.6449927 -0.7514437
vn -0.14035507 -0.9872158 0.07553354
vn -0.026765212 -0.9994381 -0.020173095
vn -0.098546036 0.06372379 0.9930901
vn -0.11112095 -0.7887726 0.6045578
vn -0.036744546 -0.99622273 0.07867727
vn -0.038210344 -0.9991761 -0.01367271
vn -0.037508365 -0.9888902 -0.14383802
vn -0.09756957 -0.9815859 -0.16422328
vn -0.44619593 -0.53351235 -0.71852195
vn -0.57550347 -0.7454962 -0.33620116
vn -0.042939678 -0.99902654 -0.010101658
vn -0.06982775 -0.9973648 -0.01968483
vn -0.64527565 -0.7620741 -0.053500835
vn -0.042116366 -0.9955943 0.08377495
vn -0.041261494 -0.8069796 0.58913606
vn -0.04327571 -0.99558556 0.08328591
vn -0.062960654 -0.99461347 0.082340196
vn -0.6021742 -0.7742719 0.19465142
vn -0.14481302 -0.80167496 0.5799539
vn -0.5276185 -0.67154783 0.52023286
vn -0.07269696 -0.7921893 0.60593003
vn -0.057040595 0.031984236 0.9978594
vn -0.22529401 0.065708205 0.97207254
vn -0.08450677 0.054232046 0.99494594
vn -0.03772172 0.039003525 0.9985268
vn -0.030732775 0.02450687 0.99922717
vn -0.039949708 0.8263089 0.5617985
vn -0.5694925 0.06546417 0.8193856
vn -0.6021742 -0.7742719 0.19465142
vn -0.018464355 0.81447643 0.5799028
vn -0.0125128245 0.8137914 0.5810223
vn -0.1882429 0.8165127 0.5457762
vn -0.9425672 0.072329104 0.32609135
vn -0.6194581 0.6501304 0.44000235
vn -0.99749255 0.058749635 -0.03946144
vn -0.64527565 -0.7620741 -0.053500835
vn -0.57550347 -0.7454962 -0.33620116
vn -0.62326866 0.7819699 -0.007690907
vn -0.8974315 0.13077688 -0.4213243
vn -0.44619593 -0.53351235 -0.71852195
vn -0.15806054 0.98742825 -0.0015259755
vn -0.011536277 0.99993277 -0.0012207701
vn -0.50802326 0.3881437 -0.7689323
vn -0.13898443 -0.6449927 -0.7514437
vn -0.16282003 0.47527584 -0.86464006
vn -0.051241707 -0.6055311 -0.7941702
vn -0.04388695 0.48791417 -0.8717876
vn -0.0025941124 0.49864948 -0.86679983
vn -0.013245335 -0.60727113 -0.79438436
vn -0.0017700852 0.49940813 -0.86636513
vn -0.07529045 -0.5755279 -0.8143088
vn 0.008697899 0.5041118 -0.8635945
vn -0.110174574 -0.5635384 -0.81870997
vn -0.55016047 0.7663243 -0.3317687
vn -0.16282003 0.47527584 -0.86464006
vn -0.14240095 0.93348 -0.3291458
vn -0.04388695 0.48791417 -0.8717876
vn -0.011475261 0.9391403 -0.34334227
vn 0.0066531724 0.93339735 -0.35878298
vn -0.0025941124 0.49864948 -0.86679983
vn 0.0056459475 0.9998821 -0.014282722
vn 0.004333723 0.93294066 -0.3600042
vn -0.0017700852 0.49940813 -0.86636513
vn 0.0033265734 0.9998031 -0.019562691
vn 0.003936975 0.9313539 -0.36409384
vn 0.0033265348 0.99970007 -0.024262343
vn 0.0510274 0.91550237 -0.3990636
vn -0.018219627 0.8117653 0.5836995
vn 0.020356387 0.99941623 -0.027436871
vn -0.0012207634 0.8103123 0.585997
vn -0.008697901 0.8438795 0.5364621
vn 0.038239993 0.998604 -0.036439385
vn 0.012115989 0.99888235 -0.045686737
vn 0.081028186 0.89939755 -0.4295562
vn 0.045961726 0.8787358 -0.47509044
vn -0.020569954 0.843185 -0.5372298
vn -0.046113905 0.95465857 -0.29410967
vn 0.10336964 0.43307206 -0.8954124
vn 0.10715176 0.39320517 -0.9131857
vn 0.04443585 0.38744038 -0.92082316
vn 0.06863731 0.45674795 -0.8869443
vn -0.108798906 -0.578267 -0.8085605
vn -0.062350985 -0.6055645 -0.79334986
vn 0.120918214 -0.609871 -0.78322166
vn 0.08664399 0.33671826 -0.9376106
vn 0.07834363 0.74357784 -0.6640439
vn 0.09354172 0.4443003 -0.8909811
vn 0.19596569 0.28355664 -0.9387188
vn 0.32930353 -0.5394596 -0.77494675
vn -0.13156702 0.9397078 -0.3156571
vn -0.14395973 0.9537294 0.26396176
vn -0.072300896 0.48516983 0.8714257
vn -0.09076377 -0.44841695 0.88920414
vn -0.15119337 0.5307333 0.833944
vn 0.033967916 -0.39436963 -0.91832393
vn -0.06695911 0.40529492 -0.91173047
vn 0.06207654 -0.914576 -0.39962152
vn 0.011871819 -0.87903345 -0.47661233
vn -0.05459889 -0.44881573 -0.89195484
vn -0.13623665 0.46996152 -0.8721099
vn -0.15418091 0.9255738 -0.34574735
vn -0.15058044 0.94532406 0.289289
vn -0.03552414 -0.9993149 0.010376468
vn -0.27055332 -0.9600752 -0.07110989
vn -0.11728451 -0.83985233 -0.52999294
vn -0.12659125 -0.3852366 -0.91409385
vn -0.13114057 0.40913904 -0.9029991
vn -0.11722417 -0.37926182 -0.9178338
vn -0.10806748 0.9426073 -0.31593183
vn -0.26936212 -0.82600105 0.49514282
vn -0.10812926 -0.8105574 -0.57559067
vn -0.11218829 0.45134723 -0.88526803
vn -0.21030939 -0.31300727 0.9261731
vn -0.14047955 0.4630362 0.87513596
vn -0.140358 -0.30198792 0.9429226
vn -0.20359048 -0.8422865 0.4991034
vn -0.10434602 0.9488194 0.2980835
vn -0.16895422 -0.978964 -0.11438591
vn -0.10718284 0.47524238 0.8733021
vn -0.08691863 0.44820473 -0.8896952
vn -0.043947846 0.9436579 -0.3279913
vn -0.0897566 -0.3572868 -0.929672
vn -0.04071259 0.94844466 0.31431705
vn -0.0740097 0.47900298 0.87468785
vn -0.01699935 -0.8149007 -0.57935137
vn -0.046724465 -0.27796635 0.95945376
vn 0.08408125 -0.98922884 -0.1198196
vn 0.062227685 -0.8330391 0.54970324
vn -0.039736092 -0.7491566 0.66120005
vn -0.14264928 -0.3903475 0.90954936
vn 0.027344959 -0.4391674 0.897989
vn -0.15677801 -0.693278 0.70341045
vn 0.07239254 -0.9425375 0.32616317
vn -0.08325606 0.9480142 0.30714402
vn -0.13346078 0.92885405 0.3455697
vn -0.07535067 0.9969543 -0.020111823
vn -0.12067374 0.43282622 0.8933641
vn -0.1676421 0.7213524 0.67197233
vn -0.057832837 0.07400772 0.9955793
vn 0.36604226 0.34275642 -0.86517686
vn 0.33519608 0.57868093 -0.74348646
vn 0.51074815 0.53418726 -0.6736321
vn 0.2190946 0.6079043 -0.7631841
vn 0.5680225 0.33058342 -0.753701
vn 0.7123171 0.48836753 -0.5040849
vn 0.25794947 0.3775548 -0.88933367
vn 0.0006714152 0.6227987 -0.78238183
vn 0.8012704 0.32066077 -0.5051163
vn 0.83760774 0.47582957 -0.26832744
vn 0.36397052 0.24857788 -0.8976271
vn 0.59934086 0.2638711 -0.755753
vn 0.25880638 0.26967138 -0.92752177
vn 0.8331163 0.2829446 -0.4752468
vn 0.019806923 0.27683914 -0.96071213
vn 0.91730356 0.32459792 -0.23063056
vn 0.93337 0.3033613 -0.19181344
vn 0.009979821 0.38875523 -0.92128706
vn -0.21653561 0.35286605 -0.9102736
vn -0.19986926 0.5993637 -0.7751229
vn -0.20188488 0.24842677 -0.94737875
vn -0.37025756 0.33058274 -0.8681154
vn -0.3080912 0.5832522 -0.75159603
vn -0.39122888 0.23228356 -0.8904966
vn -0.5094828 0.5682623 -0.64614654
vn -0.6225035 0.32829684 -0.71042985
vn -0.6800003 0.23365568 -0.69498533
vn -0.7124351 0.5286804 -0.461447
vn -0.82778114 0.31203166 -0.46627733
vn -0.8664066 0.23490547 -0.44063467
vn -0.82983065 0.5024458 -0.2427537
vn -0.93041164 0.29799053 -0.213391
vn -0.95307773 0.24280912 -0.18079454
vn -0.8954201 0.4418655 0.054569382
vn -0.8212143 0.56991816 0.028291428
vn -0.9643993 0.24885164 0.0894816
vn -0.9692955 0.22663692 0.09540358
vn -0.93186927 0.16342963 0.32389888
vn -0.94026613 0.16346085 0.29863042
vn -0.8850199 0.32783487 0.33055106
vn -0.6108117 0.7707935 0.18107054
vn -0.8578251 0.050691884 0.5114357
vn -0.8685832 0.07498626 0.489837
vn -0.809649 0.13669637 0.57077366
vn -0.67727596 -0.07812844 0.7315691
vn -0.6681555 -0.00918626 0.743965
vn -0.63403654 0.6518903 0.4159768
vn -0.2797983 0.9199651 0.274549
vn -0.6561419 -0.06076462 0.7521872
vn -0.3269545 -0.16144772 0.9311474
vn -0.2893209 -0.07562628 0.9542401
vn -0.23854114 0.8579058 0.4550777
vn -0.052797608 0.8308757 0.5539477
vn -0.51700073 0.530704 0.6716126
vn -0.3557575 -0.17807713 0.91745585
vn -0.003357044 -0.19769938 0.98025686
vn -0.002166849 -0.17530113 0.98451245
vn -0.0015869827 -0.096378684 0.9953434
vn 0.2350888 -0.05050915 0.9706607
vn -0.31270066 0.4328246 0.8455065
vn -0.123328745 0.8041547 0.5814854
vn 0.2666449 -0.14908554 0.9521943
vn 0.57912153 0.05935874 0.8130774
vn 0.59134364 -0.05017387 0.80485725
vn 0.84285146 0.17725608 0.50811577
vn -0.05395828 0.7766879 0.62757015
vn -0.021851681 0.75260115 0.658114
vn -0.0018616905 0.38552254 0.92269653
vn 0.28803992 -0.19355258 0.9378541
vn 0.28367117 0.3971702 0.87280387
vn 0.0014344212 0.7678426 0.6406369
vn 0.0038454446 0.7578273 0.6524438
vn 0.0017700959 0.74511874 0.66692936
vn 0.06445662 0.7464088 0.6623589
vn 0.0035096654 0.75647026 0.6540186
vn 0.07751886 0.77103794 0.6320534
vn 0.16095947 0.805133 0.57083535
vn 0.13971767 0.7974101 0.5870401
vn 0.5758089 -0.102178834 0.8111742
vn 0.28856012 0.8379994 0.46313065
vn 0.35774577 0.8884437 0.28755164
vn 0.508113 0.48934373 0.7087763
vn 0.6643335 0.6353101 0.39375374
vn 0.65997535 0.7259271 0.19355206
vn 0.8215781 0.124091245 0.5564269
vn 0.8478795 0.10962434 0.5187319
vn 0.9357786 0.25108117 0.24754094
vn 0.90102947 0.3248504 0.2874334
vn 0.8431865 0.5369561 0.026734883
vn 0.93809384 0.22288044 0.26514933
vn 0.9529031 0.29261875 0.07968581
vn 0.8999989 0.43263426 0.05319424
vn 0.95496845 0.2859931 0.07901356
vn 0.74662286 0.22312622 -0.6267128
vn 0.6370847 -0.56234366 -0.5271552
vn 0.6854009 -0.5898757 -0.42693353
vn 0.49005058 -0.5751998 -0.65497756
vn 0.8634388 0.25727373 -0.43391675
vn 0.6926473 -0.59043634 -0.41427597
vn 0.561369 0.22422412 -0.7966106
vn 0.13434666 -0.5537146 -0.82179755
vn 0.8680614 0.31810305 -0.38115597
vn 0.6746954 -0.60498875 -0.42281768
vn 0.13452677 0.23331603 -0.9630505
vn -0.32384443 -0.6305368 -0.705371
vn 0.81269866 0.34801167 -0.46734217
vn 0.6610539 -0.61976093 -0.42297074
vn 0.800548 0.32539526 -0.5032304
vn 0.6524911 -0.65157557 -0.38691682
vn 0.8386896 0.27003112 -0.47295126
vn 0.5548694 0.800671 -0.22593358
vn 0.7393802 -0.65826106 -0.14145488
vn 0.95365655 0.23408045 -0.18906498
vn 0.7437585 -0.59696007 0.30076897
vn 0.541353 0.79048276 -0.2864855
vn 0.5826142 0.79063404 -0.18830433
vn 0.8797517 0.24415506 0.4079526
vn 0.43886697 -0.61188066 0.6580258
vn -0.052920606 0.98806494 0.14466186
vn 0.81399435 0.42387402 0.39717016
vn 0.97697395 0.17682704 -0.1193903
vn 0.77983177 0.22810201 -0.58295107
vn 0.62411034 0.18027478 -0.7602548
vn 0.36283866 0.2376503 -0.9010386
vn -0.0032655203 0.97578025 0.21872884
vn 0.062258404 0.75991875 0.64702964
vn -0.49602997 0.48428005 0.72071296
vn -0.3903045 0.19293964 -0.90024257
vn -0.04934945 0.2991486 -0.9529296
vn -0.85004705 0.14005192 -0.5077454
vn -0.53814715 0.36174542 -0.7612738
vn -0.667697 -0.644472 -0.3726078
vn -0.99491876 0.10019381 0.00988815
vn -0.90154105 0.29704463 -0.31462377
vn -0.7030143 -0.71107143 0.012177239
vn -0.9401316 0.099674396 0.32591027
vn -0.66950065 -0.7080159 0.22468267
vn -0.91774994 0.21946526 0.3310138
vn -0.5896077 -0.74019134 0.32323286
vn -0.83951396 0.13138387 0.52721405
vn -0.7108889 0.297778 0.637154
vn -0.5907969 -0.742662 0.3152972
vn -0.84168077 0.16413064 0.5144266
vn -0.5969281 -0.75166124 0.2805034
vn -0.8834597 0.16245185 0.43944094
vn -0.5912278 -0.7604291 0.26869553
vn -0.6159653 0.6612861 0.4281208
vn -0.89369345 0.12958446 0.4295576
vn -0.55063105 -0.78785837 0.27583435
vn -0.6877215 0.62094533 0.3761196
vn -0.8832303 0.06564715 0.46432158
vn -0.38988385 -0.7859021 0.47994626
vn -0.027131122 0.98630327 0.16269517
vn -0.62308186 0.67230946 0.39971113
vn -0.69433534 0.03836225 0.7186284
vn -0.025391849 -0.68387085 0.7291611
vn 0.037050575 0.96032405 0.2764144
vn -0.14505693 0.12088587 0.9820108
vn -0.51065475 0.64515483 0.5683369
vn 0.61303747 0.7889191 -0.04233001
vn 0.6368684 0.6806935 0.3620152
vn 0.26243442 0.7489101 0.6084914
vn -0.12848713 0.5927193 0.7950942
vn 0.45592025 0.24726327 0.854984
vn 0.39540774 0.41786993 0.8179471
vn 0.26243442 0.7489101 0.6084914
vn 0.6368684 0.6806935 0.3620152
vn -0.97438407 0.09726445 -0.20276906
vn -0.7440245 -0.66617036 -0.051424637
vn -0.7536055 -0.63708395 -0.16187274
vn -0.68689007 -0.63946354 -0.34535247
vn -0.99257976 0.10477282 -0.061710063
vn -0.744091 -0.6670603 -0.03686731
vn -0.89255273 0.098514676 -0.44005054
vn -0.4614505 -0.58859354 -0.6637929
vn -0.9633802 -0.1612348 -0.21424727
vn -0.56927484 0.1175295 -0.8137033
vn -0.88002044 -0.06640973 -0.47027
vn 0.0005188249 -0.6170354 -0.78693527
vn -0.99314207 0.111210436 -0.0360732
vn -0.653151 -0.74461836 -0.13761309
vn -0.99587315 -0.08832267 -0.020875158
vn -0.97672427 0.018921668 -0.21366227
vn -0.5962204 -0.7994163 -0.07385612
vn -0.9884929 -0.13944316 -0.05862777
vn -0.9664474 0.17337884 -0.18952343
vn -0.98215026 0.18671872 -0.022737077
vn -0.976819 0.21402916 0.0040284973
vn -0.8756875 0.18790674 -0.44481736
vn -0.97776586 -0.042726517 -0.20530091
vn -0.91667396 0.37678975 -0.1331857
vn -0.83268493 0.5504132 -0.060672108
vn -0.539058 0.122015186 -0.83338386
vn -0.9954661 -0.08038683 -0.05084452
vn -0.65371794 -0.7566281 0.012909556
vn -0.99645644 0.07989963 -0.026277151
vn -0.9938863 -0.015686838 0.109289035
vn -0.689874 -0.7231393 -0.033814657
vn -0.94004464 0.2656064 0.21393783
vn -0.99974686 0.0033571082 -0.022248473
vn -0.645205 -0.73084176 0.22266763
vn -0.70185137 0.70038646 0.12985945
vn -0.9476448 -0.017762046 0.31883177
vn -0.43990496 -0.65701914 0.61221683
vn -0.5594441 0.8093644 0.1787499
vn -0.5312771 0.8462956 0.03909501
vn -0.1488125 0.98882794 0.0086064655
vn -0.48073933 0.87636054 -0.029695237
vn -0.91667396 0.37678975 -0.1331857
vn -0.5647262 0.8252375 -0.008209649
vn -0.8344948 0.5161764 0.19282225
vn -0.976819 0.21402916 0.0040284973
vn -0.97870344 0.1291245 0.15958215
vn -0.98215026 0.18671872 -0.022737077
vn -0.9828015 -0.082034916 -0.1654432
vn -0.9664474 0.17337884 -0.18952343
vn -0.8763328 -0.1575104 -0.45522672
vn 0.0022279194 0.98153585 -0.19126536
vn -0.59838045 0.25022295 -0.76113683
vn -0.5470014 -0.31712836 -0.7747381
vn -0.008942129 0.29713506 -0.9547936
vn -0.028534997 -0.41474932 -0.9094882
vn 0.511502 -0.3491093 -0.7851678
vn -0.00048829924 0.19373272 -0.9810542
vn 0.58871317 0.24970716 -0.76880634
vn 0.88084567 -0.15619735 -0.44689292
vn 0.00070193945 0.12164916 -0.9925729
vn 0.87234545 0.20277308 -0.4448556
vn 0.9899877 -0.03601287 -0.13648269
vn 0.54095465 0.115485035 -0.8330854
vn 0.56952953 0.122628435 -0.81277204
vn 0.46227762 -0.5875599 -0.6641331
vn 0.89103156 0.105473526 -0.4415178
vn 0.880083 -0.059359897 -0.47109482
vn 0.6867794 -0.63880277 -0.3467926
vn 0.9663998 0.19651501 -0.16569033
vn 0.9729954 0.23062938 0.009491298
vn 0.9742492 0.16858542 0.14972486
vn 0.96459156 0.26292336 0.020844651
vn 0.8324522 0.50473285 0.2286222
vn 0.9221467 0.36534894 -0.12714423
vn 0.5839574 0.8115096 0.021119393
vn 0.52169883 0.85307866 -0.0093389405
vn 0.88927054 0.4560495 -0.03488353
vn 0.18674882 0.9805305 -0.060703285
vn 0.7824496 0.60427886 0.1503983
vn 0.616304 0.78702813 0.027497763
vn 0.24418277 0.967789 0.061312735
vn -0.69613516 0.1477418 0.70254415
vn -0.19034673 0.98170334 -0.005157704
vn -0.17322403 0.95798135 0.22861543
vn 0.4704848 -0.030397177 0.88188434
vn -0.48070943 0.8506644 0.21281105
vn -0.3551823 -0.24769369 0.9013841
vn -0.89855 0.43816596 -0.024873251
vn -0.1528681 0.4113614 0.8985617
vn 0.7837574 0.6097688 0.117925264
vn 0.616304 0.78702813 0.027497763
vn 0.66856533 0.7192891 0.1887951
vn 0.7824496 0.60427886 0.1503983
vn -0.85312116 0.41203365 0.32001963
vn -0.1218938 0.2687523 0.95546544
vn -0.4370621 0.20005181 0.8769014
vn 3.0519393E-05 -0.63153774 0.77534515
vn -0 0.5713569 0.8207017
vn 0.44591388 0.2052406 0.8712273
vn 0.44476166 -0.6559571 0.609842
vn 0.9534557 -0.009644121 0.30137882
vn 0.6500387 -0.729573 0.21253906
vn 0.14560862 0.28566265 0.94720376
vn 0.9990706 0.01580885 -0.040101986
vn 0.6904367 -0.7220547 -0.043978225
vn 0.8852174 0.37722072 0.27220324
vn 0.3569258 -0.23362693 0.904446
vn 0.9452318 0.32185248 -0.05429315
vn 0.9903627 0.078799315 0.11389583
vn 0.67190385 -0.73898435 0.049471114
vn 0.99555546 0.08032562 -0.04916587
vn 0.7835892 -0.6176239 -0.06729559
vn 0.9614319 0.18292935 0.20539114
vn 0.99992 0.008148536 -0.009674479
vn 0.88927054 0.4560495 -0.03488353
vn 0.9735607 0.08600295 -0.21161975
vn 0.6638622 -0.7243826 -0.18589485
vn 0.9800187 -0.06558483 -0.18778199
vn 0.9221467 0.36534894 -0.12714423
vn 0.96459156 0.26292336 0.020844651
vn 0.99383473 0.10803878 -0.024903854
vn 0.99648017 -0.08185231 -0.018097844
vn 0.740008 -0.6720104 -0.028108524
vn 0.9729954 0.23062938 0.009491298
vn 0.99440056 0.103642516 -0.020630844
vn 0.74258727 -0.66943336 -0.020569777
vn 0.9902924 -0.13843584 -0.01251294
vn 0.97799736 0.10022603 -0.1829644
vn 0.9663998 0.19651501 -0.16569033
vn 0.76081246 -0.6326014 -0.144844
vn 0.97169894 -0.13947248 -0.19065309
vn -0.4294988 0.8877773 0.1654759
vn -0 0.99999964 0.0008850635
vn -0.31440482 0.8960324 0.31348926
vn -0.44963846 0.8928069 -0.026856842
vn -0.18149965 0.89422226 0.40917534
vn -0.40581888 0.8999614 -0.15931222
vn -0 0.89131105 0.45339215
vn -0.34080988 0.88945675 -0.30449185
vn 0.18149965 0.89422226 0.40917534
vn -0.18125346 0.894609 -0.4084383
vn 0.31440482 0.8960324 0.31348926
vn -0 0.89175624 -0.45251617
vn 0.4294988 0.8877773 0.1654759
vn 0.18125346 0.894609 -0.4084383
vn 0.44963846 0.8928069 -0.026856842
vn 0.34080988 0.88945675 -0.30449185
vn 0.40581888 0.8999614 -0.15931222
vn 0.7247745 -0.6200929 0.30031082
vn 0.58783525 -0.61276966 0.5281697
vn 0.72574705 -0.17423423 0.66553265
vn 0.9102625 -0.18650219 0.36964726
vn 0.7602026 -0.6481056 0.045290485
vn 0.397515 -0.18918967 0.8978804
vn 0.32670867 -0.63855445 0.6967852
vn 0.97917444 -0.19654292 0.050875325
vn 0.712728 -0.636276 -0.29524818
vn -0 -0.19929026 0.9799405
vn -0 -0.6665602 0.7454512
vn 0.91376364 -0.1859511 -0.3611901
vn 0.55972075 -0.61270195 -0.5579507
vn -0.397515 -0.18918967 0.8978804
vn -0.32670867 -0.63855445 0.6967852
vn 0.6955269 -0.17581968 -0.69665617
vn 0.32670867 -0.63855445 -0.6967852
vn -0.72574705 -0.17423423 0.66553265
vn -0.58783525 -0.61276966 0.5281697
vn 0.397515 -0.18918967 -0.8978804
vn -0 -0.6665602 -0.7454512
vn -0.9102625 -0.18650219 0.36964726
vn -0.7247745 -0.6200929 0.30031082
vn -0 -0.19929026 -0.9799405
vn -0.32670867 -0.63855445 -0.6967852
vn -0.97917444 -0.19654292 0.050875325
vn -0.7602026 -0.6481056 0.045290485
vn -0.397515 -0.18918967 -0.8978804
vn -0.55972075 -0.61270195 -0.5579507
vn -0.91376364 -0.1859511 -0.3611901
vn -0.712728 -0.636276 -0.29524818
vn -0.6955269 -0.17581968 -0.69665617
vn -0.72004306 0.22913928 0.6550063
vn -0.9021234 0.22215082 0.3698953
vn -0.9724504 0.22681555 0.053804606
vn -0.90301853 0.23188128 -0.3616469
vn -0.68839496 0.22916998 -0.68818134
vn -0.400719 0.23350352 -0.8859461
vn -0.400719 0.23350352 0.8859461
vn -0 0.23798744 -0.9712683
vn -0 0.23798744 0.9712683
vn 0.400719 0.23350352 -0.8859461
vn 0.400719 0.23350352 0.8859461
vn 0.68839496 0.22916998 -0.68818134
vn 0.72004306 0.22913928 0.6550063
vn 0.90301853 0.23188128 -0.3616469
vn 0.9021234 0.22215082 0.3698953
vn 0.9724504 0.22681555 0.053804606
vn 0.38402402 0.31865174 0.86659485
vn 0.70593 0.29475045 0.64403796
vn 0.8827743 0.30586565 0.35658893
vn 0.9442897 0.3251499 0.05093628
vn 0.8835621 0.31456167 -0.34694257
vn 0.67530286 0.29548886 -0.6757606
vn -0 0.33757153 0.9412999
vn 0.38402402 0.31865174 -0.86659485
vn -0.38402402 0.31865174 0.86659485
vn -0 0.33757153 -0.9412999
vn -0.70593 0.29475045 0.64403796
vn -0.38402402 0.31865174 -0.86659485
vn -0.8827743 0.30586565 0.35658893
vn -0.67530286 0.29548886 -0.6757606
vn -0.9442897 0.3251499 0.05093628
vn -0.8835621 0.31456167 -0.34694257
vn -0.26878136 0.9335781 0.23704153
vn -0.14899294 0.94419163 0.2937743
vn -0.279156 0.95249355 0.12177023
vn -0.3068654 0.9515117 0.021424118
vn -0 0.9478837 0.3186164
vn -0.31599212 0.93845445 -0.13947113
vn -0.24168411 0.94030654 -0.2396088
vn 0.14899294 0.94419163 0.2937743
vn -0.14899294 0.94419163 -0.2937743
vn 0.26878136 0.9335781 0.23704153
vn -0 0.9478837 -0.3186164
vn 0.279156 0.95249355 0.12177023
vn 0.14899294 0.94419163 -0.2937743
vn 0.3068654 0.9515117 0.021424118
vn 0.24168411 0.94030654 -0.2396088
vn 0.31596467 0.9384635 -0.13947247
vn 0.14899294 0.94419163 0.2937743
vn 0.022095442 0.99817073 0.056276232
vn 0.030427545 0.9988902 0.035951503
vn 0.26878136 0.9335781 0.23704153
vn -0 0.9478837 0.3186164
vn 0.07773079 0.9964007 0.03381457
vn -0 0.998771 0.049563166
vn 0.279156 0.95249355 0.12177023
vn -0.14899294 0.94419163 0.2937743
vn 0.061160292 0.9981274 -0.0010986879
vn -0.022095442 0.99817073 0.056276232
vn 0.3068654 0.9515117 0.021424118
vn -0.26878136 0.9335781 0.23704153
vn 0.037812576 0.99911875 -0.018219616
vn -0.030427545 0.9988902 0.035951503
vn 0.31596467 0.9384635 -0.13947247
vn -0.279156 0.95249355 0.12177023
vn 0.046907216 0.9977169 -0.048585746
vn -0.07773079 0.9964007 0.03381457
vn 0.24168411 0.94030654 -0.2396088
vn -0.3068654 0.9515117 0.021424118
vn 0.022095442 0.99817073 -0.056276232
vn -0.061160292 0.9981274 -0.0010986879
vn 0.14899294 0.94419163 -0.2937743
vn -0.31599212 0.93845445 -0.13947113
vn -0 0.998771 -0.049563166
vn -0.037812576 0.99911875 -0.018219616
vn -0 0.9478837 -0.3186164
vn -0.24168411 0.94030654 -0.2396088
vn -0.022095442 0.99817073 -0.056276232
vn -0.046907216 0.9977169 -0.048585746
vn -0.14899294 0.94419163 -0.2937743
vn -0.7350177 0.081302404 -0.6731559
vn -0.34080988 0.88945675 -0.30449185
vn -0.40581888 0.8999614 -0.15931222
vn -0.9257557 0.08075261 -0.36939892
vn -0.44963846 0.8928069 -0.026856842
vn -0.39952317 0.082492635 -0.9130039
vn -0.18125346 0.894609 -0.4084383
vn -0.9954861 0.08008079 -0.050935537
vn -0.4294988 0.8877773 0.1654759
vn -0 0.0826161 -0.9965815
vn -0 0.89175624 -0.45251617
vn -0.9279436 0.07999145 0.3640359
vn -0.31440482 0.8960324 0.31348926
vn 0.39952317 0.082492635 -0.9130039
vn 0.18125346 0.894609 -0.4084383
vn -0.7042033 0.08099834 0.70536304
vn -0.18149965 0.89422226 0.40917534
vn 0.7350177 0.081302404 -0.6731559
vn 0.34080988 0.88945675 -0.30449185
vn -0.399561 0.08075454 0.9131428
vn -0 0.89131105 0.45339215
vn 0.9257557 0.08075261 -0.36939892
vn 0.40581888 0.8999614 -0.15931222
vn -0 0.080754414 0.996734
vn 0.18149965 0.89422226 0.40917534
vn 0.9954846 0.08008067 -0.05096598
vn 0.44963846 0.8928069 -0.026856842
vn 0.399561 0.08075454 0.9131428
vn 0.31440482 0.8960324 0.31348926
vn 0.9279436 0.07999145 0.3640359
vn 0.4294988 0.8877773 0.1654759
vn 0.7042033 0.08099834 0.70536304
vn 0.636966 -0.7280963 -0.25327873
vn 0.6896144 -0.72318566 -0.037874468
vn -0 -0.99999964 -0.0008850635
vn 0.5125337 -0.7221068 -0.46461916
vn 0.644532 -0.7221115 0.25126344
vn 0.27616417 -0.729154 -0.62615323
vn 0.48379123 -0.7294712 0.4835471
vn -0 -0.7278514 -0.6857349
vn 0.27592996 -0.7298516 0.62544316
vn -0.27616417 -0.729154 -0.62615323
vn -0 -0.72862095 0.68491715
vn -0.5125337 -0.7221068 -0.46461916
vn -0.27592996 -0.7298516 0.62544316
vn -0.636966 -0.7280963 -0.25327873
vn -0.48379123 -0.7294712 0.4835471
vn -0.6896144 -0.72318566 -0.037874468
vn -0.644532 -0.7221115 0.25126344
vn -0 0.998771 -0.049563166
vn -0 0.7265915 -0.6870697
vn -0.2785796 0.7235195 -0.6315956
vn -0.022095442 0.99817073 -0.056276232
vn 0.022095442 0.99817073 -0.056276232
vn -0.49093935 0.71977574 -0.49081725
vn -0.046907216 0.9977169 -0.048585746
vn 0.2785796 0.7235195 -0.6315956
vn 0.046907216 0.9977169 -0.048585746
vn -0.6478606 0.7186345 -0.25266805
vn -0.037812576 0.99911875 -0.018219616
vn 0.49093935 0.71977574 -0.49081725
vn 0.037812576 0.99911875 -0.018219616
vn -0.7017315 0.7114062 0.03839335
vn -0.061160292 0.9981274 -0.0010986879
vn 0.6478606 0.7186345 -0.25266805
vn 0.061160292 0.9981274 -0.0010986879
vn -0.6554886 0.70880544 0.26063287
vn -0.07773079 0.9964007 0.03381457
vn 0.7017315 0.7114062 0.03839335
vn 0.07773079 0.9964007 0.03381457
vn -0.5162665 0.717298 0.4679238
vn -0.030427545 0.9988902 0.035951503
vn 0.6554886 0.70880544 0.26063287
vn 0.030427545 0.9988902 0.035951503
vn -0.2785796 0.7235195 0.6315956
vn -0.022095442 0.99817073 0.056276232
vn 0.5162665 0.717298 0.4679238
vn 0.022095442 0.99817073 0.056276232
vn -0 0.7265915 0.6870697
vn -0 0.998771 0.049563166
vn 0.2785796 0.7235195 0.6315956
vn -0.32765207 0.897564 0.2949967
vn -0.17542405 0.9015051 0.3956197
vn -0 0.99999964 0.0008850635
vn -0.4118921 0.89645123 0.1634628
vn -0 0.90218025 0.43135944
vn -0.44347775 0.8959282 0.025300601
vn 0.17542405 0.9015051 0.3956197
vn -0.41021094 0.8979411 -0.15946375
vn 0.32765207 0.897564 0.2949967
vn -0.30812168 0.9002244 -0.3076639
vn 0.4118921 0.89645123 0.1634628
vn -0.17542405 0.9015051 -0.3956197
vn 0.44347775 0.8959282 0.025300601
vn -0 0.90218025 -0.43135944
vn 0.41021094 0.8979411 -0.15946375
vn 0.17542405 0.9015051 -0.3956197
vn 0.30812168 0.9002244 -0.3076639
vn 0.7711291 0.06119103 0.63373154
vn 0.5633573 0.20692144 0.7998826
vn 0.8049434 0.15155825 0.5736691
vn 0.5437575 -0.02578858 0.838846
vn 0.84565693 -0.10880101 0.5225195
vn 0.33668643 0.2580693 0.905562
vn 0.16306491 -0.38338414 0.90907997
vn 0.3368372 -0.05710088 0.9398298
vn 0.16898368 0.27695993 0.94590575
vn 0.2224276 -0.75615615 0.6154298
vn 0.16782656 -0.05710193 0.9841614
vn 0.10730425 -0.7656262 0.6342731
vn -0 0.28031525 0.959908
vn -0 -0.057956282 0.9983191
vn -0 -0.76180154 0.6478106
vn 0.12842399 -0.412617 0.90180624
vn -0.16782656 -0.05710193 0.9841614
vn -0.16898368 0.27695993 0.94590575
vn -0.33131322 -0.10193315 0.93799853
vn -0.3368372 -0.05710088 0.9398298
vn -0.33668643 0.2580693 0.905562
vn -0.66824687 -0.3616517 0.6501185
vn -0.55202633 -0.034669496 0.8331056
vn -0.46562958 -0.7537297 0.46376792
vn -0.5633573 0.20692144 0.7998826
vn -0.7812248 0.025056079 0.6237469
vn -0.8049434 0.15155825 0.5736691
g 03_bodymesh_zombie08_0
f 3/3/3 2/2/2 1/1/1
f 6/6/6 5/5/5 4/4/4
f 9/9/9 8/8/8 7/7/7
f 12/12/12 11/11/11 10/10/10
f 14/14/14 11/11/11 13/13/13
f 15/15/15 14/14/14 13/13/13
f 15/15/15 13/13/13 16/16/16
f 17/17/17 15/15/15 16/16/16
f 15/15/15 17/17/17 18/18/18
f 14/14/14 15/15/15 19/19/19
f 19/19/19 15/15/15 18/18/18
f 20/20/20 14/14/14 19/19/19
f 21/21/21 19/19/19 18/18/18
f 20/20/20 19/19/19 21/21/21
f 22/22/22 21/21/21 18/18/18
f 23/23/23 20/20/20 21/21/21
f 26/26/26 25/25/25 24/24/24
f 29/29/29 28/28/28 27/27/27
f 32/32/32 31/31/31 30/30/30
f 34/34/34 33/33/33 31/31/31
f 31/31/31 35/35/35 34/34/34
f 35/35/35 36/36/36 34/34/34
f 36/36/36 37/37/37 34/34/34
f 35/35/35 38/38/38 36/36/36
f 41/41/41 40/40/40 39/39/39
f 41/41/41 42/42/42 40/40/40
f 45/45/45 44/44/44 43/43/43
f 44/44/44 46/46/46 43/43/43
f 46/46/46 47/47/47 43/43/43
f 47/47/47 48/48/48 43/43/43
f 47/47/47 49/49/49 48/48/48
f 49/49/49 50/50/50 48/48/48
f 53/53/53 52/52/52 51/51/51
f 54/54/54 53/53/53 51/51/51
f 51/51/51 55/55/55 54/54/54
f 56/56/56 53/53/53 54/54/54
f 55/55/55 57/57/57 54/54/54
f 58/58/58 56/56/56 54/54/54
f 54/54/54 57/57/57 58/58/58
f 57/57/57 59/59/59 58/58/58
f 60/60/60 56/56/56 58/58/58
f 58/58/58 59/59/59 61/61/61
f 61/61/61 60/60/60 58/58/58
f 59/59/59 62/62/62 61/61/61
f 60/60/60 61/61/61 63/63/63
f 63/63/63 61/61/61 62/62/62
f 64/64/64 63/63/63 62/62/62
f 65/65/65 60/60/60 63/63/63
f 64/64/64 66/66/66 63/63/63
f 65/65/65 63/63/63 66/66/66
f 67/67/67 65/65/65 66/66/66
f 67/67/67 66/66/66 68/68/68
f 69/69/69 67/67/67 68/68/68
f 72/72/72 71/71/71 70/70/70
f 73/73/73 72/72/72 70/70/70
f 73/73/73 70/70/70 74/74/74
f 75/75/75 73/73/73 74/74/74
f 74/74/74 70/70/70 76/76/76
f 75/75/75 74/74/74 77/77/77
f 77/77/77 74/74/74 76/76/76
f 78/78/78 75/75/75 77/77/77
f 79/79/79 77/77/77 76/76/76
f 80/80/80 78/78/78 77/77/77
f 77/77/77 79/79/79 81/81/81
f 81/81/81 80/80/80 77/77/77
f 79/79/79 82/82/82 81/81/81
f 83/83/83 80/80/80 81/81/81
f 81/81/81 82/82/82 84/84/84
f 84/84/84 83/83/83 81/81/81
f 85/85/85 83/83/83 84/84/84
f 82/82/82 86/86/86 84/84/84
f 87/87/87 85/85/85 84/84/84
f 84/84/84 86/86/86 87/87/87
f 86/86/86 88/88/88 87/87/87
f 91/91/91 90/90/90 89/89/89
f 90/90/90 92/92/92 89/89/89
f 90/90/90 93/93/93 92/92/92
f 93/93/93 94/94/94 92/92/92
f 93/93/93 95/95/95 94/94/94
f 93/93/93 96/96/96 95/95/95
f 97/97/97 96/96/96 93/93/93
f 97/97/97 93/93/93 98/98/98
f 99/99/99 97/97/97 98/98/98
f 99/99/99 98/98/98 100/100/100
f 101/101/101 99/99/99 100/100/100
f 101/101/101 100/100/100 102/102/102
f 96/96/96 103/103/103 95/95/95
f 104/104/104 102/102/102 100/100/100
f 95/95/95 103/103/103 105/105/105
f 103/103/103 106/106/106 105/105/105
f 107/107/107 104/104/104 100/100/100
f 108/108/108 104/104/104 107/107/107
f 107/107/107 100/100/100 109/109/109
f 100/100/100 110/110/110 109/109/109
f 107/107/107 109/109/109 111/111/111
f 112/112/112 108/108/108 107/107/107
f 112/112/112 107/107/107 111/111/111
f 108/108/108 112/112/112 113/113/113
f 114/114/114 112/112/112 111/111/111
f 112/112/112 114/114/114 113/113/113
f 115/115/115 114/114/114 111/111/111
f 113/113/113 114/114/114 116/116/116
f 117/117/117 114/114/114 115/115/115
f 114/114/114 117/117/117 116/116/116
f 118/118/118 117/117/117 115/115/115
f 119/119/119 118/118/118 115/115/115
f 120/120/120 117/117/117 118/118/118
f 121/121/121 120/120/120 118/118/118
f 116/116/116 117/117/117 122/122/122
f 117/117/117 120/120/120 122/122/122
f 116/116/116 122/122/122 123/123/123
f 124/124/124 116/116/116 123/123/123
f 122/122/122 120/120/120 125/125/125
f 126/126/126 120/120/120 121/121/121
f 120/120/120 126/126/126 125/125/125
f 127/127/127 126/126/126 121/121/121
f 127/127/127 121/121/121 128/128/128
f 128/128/128 121/121/121 129/129/129
f 128/128/128 129/129/129 130/130/130
f 130/130/130 129/129/129 131/131/131
f 132/132/132 128/128/128 130/130/130
f 129/129/129 133/133/133 131/131/131
f 134/134/134 127/127/127 128/128/128
f 134/134/134 128/128/128 132/132/132
f 131/131/131 133/133/133 135/135/135
f 133/133/133 136/136/136 135/135/135
f 136/136/136 137/137/137 135/135/135
f 137/137/137 138/138/138 135/135/135
f 137/137/137 139/139/139 138/138/138
f 131/131/131 135/135/135 140/140/140
f 135/135/135 138/138/138 140/140/140
f 141/141/141 131/131/131 140/140/140
f 142/142/142 131/131/131 141/141/141
f 132/132/132 142/142/142 143/143/143
f 143/143/143 142/142/142 141/141/141
f 144/144/144 132/132/132 143/143/143
f 145/145/145 134/134/134 132/132/132
f 145/145/145 132/132/132 144/144/144
f 146/146/146 143/143/143 141/141/141
f 146/146/146 144/144/144 143/143/143
f 147/147/147 146/146/146 141/141/141
f 148/148/148 147/147/147 141/141/141
f 140/140/140 148/148/148 141/141/141
f 138/138/138 149/149/149 140/140/140
f 150/150/150 148/148/148 140/140/140
f 149/149/149 150/150/150 140/140/140
f 138/138/138 151/151/151 149/149/149
f 139/139/139 151/151/151 138/138/138
f 152/152/152 134/134/134 145/145/145
f 152/152/152 153/153/153 134/134/134
f 153/153/153 127/127/127 134/134/134
f 153/153/153 154/154/154 127/127/127
f 154/154/154 126/126/126 127/127/127
f 126/126/126 154/154/154 155/155/155
f 125/125/125 126/126/126 155/155/155
f 105/105/105 154/154/154 153/153/153
f 155/155/155 154/154/154 106/106/106
f 154/154/154 105/105/105 106/106/106
f 155/155/155 106/106/106 156/156/156
f 157/157/157 155/155/155 156/156/156
f 125/125/125 155/155/155 157/157/157
f 158/158/158 125/125/125 157/157/157
f 159/159/159 125/125/125 158/158/158
f 160/160/160 159/159/159 158/158/158
f 161/161/161 105/105/105 153/153/153
f 161/161/161 153/153/153 152/152/152
f 105/105/105 161/161/161 162/162/162
f 95/95/95 105/105/105 162/162/162
f 95/95/95 162/162/162 94/94/94
f 163/163/163 161/161/161 152/152/152
f 162/162/162 161/161/161 164/164/164
f 161/161/161 163/163/163 164/164/164
f 94/94/94 162/162/162 165/165/165
f 162/162/162 164/164/164 165/165/165
f 163/163/163 152/152/152 166/166/166
f 166/166/166 152/152/152 145/145/145
f 94/94/94 165/165/165 167/167/167
f 168/168/168 94/94/94 167/167/167
f 168/168/168 167/167/167 139/139/139
f 169/169/169 168/168/168 139/139/139
f 139/139/139 167/167/167 151/151/151
f 167/167/167 165/165/165 170/170/170
f 167/167/167 170/170/170 151/151/151
f 165/165/165 164/164/164 171/171/171
f 165/165/165 171/171/171 170/170/170
f 164/164/164 163/163/163 172/172/172
f 164/164/164 172/172/172 171/171/171
f 151/151/151 170/170/170 173/173/173
f 151/151/151 173/173/173 149/149/149
f 170/170/170 171/171/171 174/174/174
f 170/170/170 174/174/174 173/173/173
f 173/173/173 174/174/174 175/175/175
f 173/173/173 176/176/176 149/149/149
f 176/176/176 173/173/173 175/175/175
f 176/176/176 150/150/150 149/149/149
f 176/176/176 177/177/177 150/150/150
f 177/177/177 176/176/176 175/175/175
f 171/171/171 178/178/178 174/174/174
f 171/171/171 172/172/172 178/178/178
f 175/175/175 174/174/174 178/178/178
f 163/163/163 179/179/179 172/172/172
f 179/179/179 163/163/163 166/166/166
f 177/177/177 180/180/180 150/150/150
f 150/150/150 180/180/180 148/148/148
f 180/180/180 181/181/181 148/148/148
f 148/148/148 181/181/181 182/182/182
f 181/181/181 183/183/183 182/182/182
f 183/183/183 184/184/184 182/182/182
f 180/180/180 185/185/185 181/181/181
f 177/177/177 185/185/185 180/180/180
f 185/185/185 186/186/186 181/181/181
f 187/187/187 185/185/185 177/177/177
f 181/181/181 186/186/186 188/188/188
f 186/186/186 189/189/189 188/188/188
f 190/190/190 187/187/187 177/177/177
f 189/189/189 191/191/191 188/188/188
f 192/192/192 191/191/191 189/189/189
f 191/191/191 192/192/192 193/193/193
f 191/191/191 146/146/146 188/188/188
f 194/194/194 191/191/191 193/193/193
f 146/146/146 191/191/191 194/194/194
f 193/193/193 195/195/195 194/194/194
f 196/196/196 190/190/190 177/177/177
f 197/197/197 190/190/190 196/196/196
f 177/177/177 198/198/198 196/196/196
f 175/175/175 198/198/198 177/177/177
f 199/199/199 197/197/197 196/196/196
f 199/199/199 196/196/196 198/198/198
f 200/200/200 197/197/197 199/199/199
f 201/201/201 198/198/198 175/175/175
f 201/201/201 199/199/199 198/198/198
f 202/202/202 200/200/200 199/199/199
f 202/202/202 199/199/199 201/201/201
f 203/203/203 200/200/200 202/202/202
f 204/204/204 201/201/201 175/175/175
f 204/204/204 175/175/175 178/178/178
f 204/204/204 178/178/178 205/205/205
f 206/206/206 202/202/202 201/201/201
f 207/207/207 201/201/201 204/204/204
f 208/208/208 207/207/207 204/204/204
f 209/209/209 207/207/207 208/208/208
f 210/210/210 209/209/209 208/208/208
f 211/211/211 204/204/204 205/205/205
f 212/212/212 209/209/209 210/210/210
f 213/213/213 212/212/212 210/210/210
f 212/212/212 213/213/213 214/214/214
f 215/215/215 212/212/212 214/214/214
f 215/215/215 214/214/214 216/216/216
f 217/217/217 215/215/215 216/216/216
f 217/217/217 216/216/216 218/218/218
f 211/211/211 205/205/205 219/219/219
f 220/220/220 217/217/217 218/218/218
f 220/220/220 218/218/218 221/221/221
f 205/205/205 222/222/222 219/219/219
f 219/219/219 222/222/222 223/223/223
f 224/224/224 219/219/219 223/223/223
f 222/222/222 205/205/205 225/225/225
f 226/226/226 224/224/224 223/223/223
f 205/205/205 227/227/227 225/225/225
f 225/225/225 227/227/227 228/228/228
f 229/229/229 226/226/226 223/223/223
f 229/229/229 230/230/230 226/226/226
f 230/230/230 231/231/231 226/226/226
f 218/218/218 231/231/231 230/230/230
f 229/229/229 223/223/223 232/232/232
f 233/233/233 229/229/229 232/232/232
f 230/230/230 229/229/229 233/233/233
f 233/233/233 232/232/232 234/234/234
f 235/235/235 233/233/233 234/234/234
f 236/236/236 227/227/227 205/205/205
f 178/178/178 236/236/236 205/205/205
f 172/172/172 236/236/236 178/178/178
f 172/172/172 179/179/179 236/236/236
f 179/179/179 237/237/237 236/236/236
f 237/237/237 179/179/179 238/238/238
f 236/236/236 239/239/239 227/227/227
f 179/179/179 166/166/166 238/238/238
f 239/239/239 240/240/240 227/227/227
f 227/227/227 240/240/240 228/228/228
f 240/240/240 239/239/239 241/241/241
f 240/240/240 241/241/241 228/228/228
f 239/239/239 238/238/238 241/241/241
f 241/241/241 242/242/242 228/228/228
f 238/238/238 166/166/166 243/243/243
f 166/166/166 145/145/145 243/243/243
f 243/243/243 145/145/145 144/144/144
f 241/241/241 238/238/238 244/244/244
f 241/241/241 244/244/244 242/242/242
f 238/238/238 243/243/243 244/244/244
f 244/244/244 245/245/245 242/242/242
f 242/242/242 245/245/245 246/246/246
f 245/245/245 247/247/247 246/246/246
f 244/244/244 243/243/243 248/248/248
f 244/244/244 248/248/248 245/245/245
f 248/248/248 249/249/249 245/245/245
f 245/245/245 249/249/249 247/247/247
f 249/249/249 250/250/250 247/247/247
f 250/250/250 251/251/251 247/247/247
f 251/251/251 252/252/252 247/247/247
f 251/251/251 253/253/253 252/252/252
f 253/253/253 254/254/254 252/252/252
f 252/252/252 254/254/254 255/255/255
f 256/256/256 254/254/254 253/253/253
f 254/254/254 257/257/257 255/255/255
f 255/255/255 257/257/257 235/235/235
f 256/256/256 258/258/258 254/254/254
f 258/258/258 257/257/257 254/254/254
f 257/257/257 259/259/259 235/235/235
f 259/259/259 260/260/260 235/235/235
f 260/260/260 233/233/233 235/235/235
f 260/260/260 230/230/230 233/233/233
f 261/261/261 259/259/259 257/257/257
f 259/259/259 261/261/261 260/260/260
f 258/258/258 261/261/261 257/257/257
f 260/260/260 262/262/262 230/230/230
f 261/261/261 262/262/262 260/260/260
f 263/263/263 261/261/261 258/258/258
f 261/261/261 263/263/263 262/262/262
f 262/262/262 264/264/264 230/230/230
f 264/264/264 218/218/218 230/230/230
f 221/221/221 218/218/218 264/264/264
f 265/265/265 258/258/258 256/256/256
f 265/265/265 263/263/263 258/258/258
f 263/263/263 266/266/266 262/262/262
f 262/262/262 266/266/266 264/264/264
f 267/267/267 263/263/263 265/265/265
f 263/263/263 267/267/267 266/266/266
f 266/266/266 268/268/268 264/264/264
f 269/269/269 221/221/221 264/264/264
f 264/264/264 268/268/268 269/269/269
f 267/267/267 270/270/270 266/266/266
f 266/266/266 270/270/270 268/268/268
f 271/271/271 267/267/267 265/265/265
f 272/272/272 265/265/265 256/256/256
f 271/271/271 265/265/265 272/272/272
f 267/267/267 273/273/273 270/270/270
f 273/273/273 267/267/267 271/271/271
f 268/268/268 274/274/274 269/269/269
f 270/270/270 275/275/275 268/268/268
f 268/268/268 275/275/275 274/274/274
f 269/269/269 276/276/276 221/221/221
f 269/269/269 274/274/274 276/276/276
f 273/273/273 277/277/277 270/270/270
f 270/270/270 277/277/277 275/275/275
f 278/278/278 273/273/273 271/271/271
f 279/279/279 271/271/271 272/272/272
f 278/278/278 271/271/271 279/279/279
f 273/273/273 280/280/280 277/277/277
f 280/280/280 273/273/273 278/278/278
f 275/275/275 281/281/281 274/274/274
f 277/277/277 282/282/282 275/275/275
f 275/275/275 282/282/282 281/281/281
f 274/274/274 283/283/283 276/276/276
f 274/274/274 281/281/281 283/283/283
f 280/280/280 284/284/284 277/277/277
f 277/277/277 284/284/284 282/282/282
f 282/282/282 285/285/285 281/281/281
f 284/284/284 286/286/286 282/282/282
f 282/282/282 286/286/286 285/285/285
f 281/281/281 287/287/287 283/283/283
f 281/281/281 285/285/285 287/287/287
f 288/288/288 284/284/284 280/280/280
f 288/288/288 286/286/286 284/284/284
f 289/289/289 280/280/280 278/278/278
f 290/290/290 288/288/288 280/280/280
f 280/280/280 289/289/289 290/290/290
f 289/289/289 278/278/278 291/291/291
f 291/291/291 278/278/278 279/279/279
f 286/286/286 292/292/292 285/285/285
f 288/288/288 293/293/293 286/286/286
f 286/286/286 293/293/293 292/292/292
f 285/285/285 294/294/294 287/287/287
f 285/285/285 292/292/292 294/294/294
f 295/295/295 288/288/288 290/290/290
f 293/293/293 288/288/288 295/295/295
f 287/287/287 294/294/294 296/296/296
f 294/294/294 297/297/297 296/296/296
f 296/296/296 297/297/297 298/298/298
f 297/297/297 299/299/299 298/298/298
f 298/298/298 299/299/299 300/300/300
f 292/292/292 301/301/301 294/294/294
f 300/300/300 302/302/302 298/298/298
f 302/302/302 303/303/303 298/298/298
f 302/302/302 300/300/300 304/304/304
f 304/304/304 305/305/305 302/302/302
f 304/304/304 306/306/306 305/305/305
f 304/304/304 307/307/307 306/306/306
f 307/307/307 308/308/308 306/306/306
f 292/292/292 309/309/309 301/301/301
f 293/293/293 309/309/309 292/292/292
f 309/309/309 310/310/310 301/301/301
f 301/301/301 310/310/310 311/311/311
f 311/311/311 312/312/312 301/301/301
f 311/311/311 313/313/313 312/312/312
f 313/313/313 314/314/314 312/312/312
f 293/293/293 315/315/315 309/309/309
f 309/309/309 316/316/316 310/310/310
f 315/315/315 316/316/316 309/309/309
f 317/317/317 315/315/315 293/293/293
f 295/295/295 317/317/317 293/293/293
f 310/310/310 318/318/318 311/311/311
f 319/319/319 313/313/313 311/311/311
f 318/318/318 319/319/319 311/311/311
f 310/310/310 320/320/320 318/318/318
f 316/316/316 320/320/320 310/310/310
f 318/318/318 321/321/321 319/319/319
f 320/320/320 321/321/321 318/318/318
f 322/322/322 316/316/316 315/315/315
f 323/323/323 320/320/320 316/316/316
f 322/322/322 323/323/323 316/316/316
f 324/324/324 322/322/322 315/315/315
f 324/324/324 315/315/315 317/317/317
f 325/325/325 321/321/321 320/320/320
f 323/323/323 325/325/325 320/320/320
f 322/322/322 326/326/326 323/323/323
f 326/326/326 322/322/322 324/324/324
f 323/323/323 327/327/327 325/325/325
f 326/326/326 327/327/327 323/323/323
f 313/313/313 319/319/319 328/328/328
f 329/329/329 313/313/313 328/328/328
f 314/314/314 313/313/313 329/329/329
f 321/321/321 330/330/330 319/319/319
f 325/325/325 331/331/331 321/321/321
f 331/331/331 330/330/330 321/321/321
f 330/330/330 332/332/332 319/319/319
f 332/332/332 328/328/328 319/319/319
f 331/331/331 333/333/333 330/330/330
f 333/333/333 332/332/332 330/330/330
f 325/325/325 334/334/334 331/331/331
f 327/327/327 335/335/335 325/325/325
f 325/325/325 335/335/335 334/334/334
f 336/336/336 333/333/333 331/331/331
f 334/334/334 336/336/336 331/331/331
f 326/326/326 337/337/337 327/327/327
f 337/337/337 338/338/338 327/327/327
f 327/327/327 338/338/338 335/335/335
f 338/338/338 339/339/339 335/335/335
f 337/337/337 326/326/326 340/340/340
f 341/341/341 337/337/337 340/340/340
f 340/340/340 326/326/326 324/324/324
f 335/335/335 339/339/339 342/342/342
f 335/335/335 342/342/342 334/334/334
f 339/339/339 343/343/343 342/342/342
f 343/343/343 344/344/344 342/342/342
f 341/341/341 340/340/340 345/345/345
f 345/345/345 340/340/340 324/324/324
f 346/346/346 341/341/341 345/345/345
f 342/342/342 347/347/347 334/334/334
f 344/344/344 347/347/347 342/342/342
f 344/344/344 348/348/348 347/347/347
f 347/347/347 336/336/336 334/334/334
f 348/348/348 349/349/349 347/347/347
f 347/347/347 349/349/349 336/336/336
f 349/349/349 350/350/350 336/336/336
f 336/336/336 350/350/350 333/333/333
f 349/349/349 351/351/351 350/350/350
f 350/350/350 352/352/352 333/333/333
f 333/333/333 352/352/352 332/332/332
f 351/351/351 353/353/353 350/350/350
f 350/350/350 353/353/353 352/352/352
f 352/352/352 354/354/354 332/332/332
f 332/332/332 354/354/354 328/328/328
f 353/353/353 351/351/351 355/355/355
f 351/351/351 356/356/356 355/355/355
f 353/353/353 357/357/357 352/352/352
f 352/352/352 357/357/357 354/354/354
f 354/354/354 358/358/358 328/328/328
f 329/329/329 328/328/328 358/358/358
f 357/357/357 353/353/353 359/359/359
f 353/353/353 355/355/355 359/359/359
f 357/357/357 360/360/360 354/354/354
f 354/354/354 360/360/360 358/358/358
f 357/357/357 359/359/359 360/360/360
f 355/355/355 356/356/356 361/361/361
f 359/359/359 355/355/355 362/362/362
f 355/355/355 361/361/361 362/362/362
f 359/359/359 363/363/363 360/360/360
f 359/359/359 362/362/362 363/363/363
f 360/360/360 364/364/364 358/358/358
f 360/360/360 363/363/363 364/364/364
f 365/365/365 329/329/329 358/358/358
f 365/365/365 358/358/358 364/364/364
f 356/356/356 366/366/366 361/361/361
f 356/356/356 367/367/367 366/366/366
f 367/367/367 368/368/368 366/366/366
f 366/366/366 368/368/368 369/369/369
f 368/368/368 370/370/370 369/369/369
f 370/370/370 346/346/346 369/369/369
f 346/346/346 345/345/345 369/369/369
f 366/366/366 369/369/369 371/371/371
f 361/361/361 366/366/366 371/371/371
f 345/345/345 371/371/371 369/369/369
f 361/361/361 371/371/371 372/372/372
f 362/362/362 361/361/361 372/372/372
f 371/371/371 345/345/345 373/373/373
f 371/371/371 373/373/373 372/372/372
f 373/373/373 345/345/345 324/324/324
f 373/373/373 324/324/324 317/317/317
f 373/373/373 317/317/317 374/374/374
f 372/372/372 373/373/373 374/374/374
f 374/374/374 317/317/317 295/295/295
f 362/362/362 372/372/372 375/375/375
f 372/372/372 374/374/374 375/375/375
f 362/362/362 375/375/375 363/363/363
f 376/376/376 374/374/374 295/295/295
f 376/376/376 295/295/295 290/290/290
f 363/363/363 375/375/375 377/377/377
f 363/363/363 377/377/377 364/364/364
f 375/375/375 374/374/374 378/378/378
f 374/374/374 376/376/376 378/378/378
f 375/375/375 378/378/378 377/377/377
f 290/290/290 379/379/379 376/376/376
f 379/379/379 378/378/378 376/376/376
f 289/289/289 379/379/379 290/290/290
f 380/380/380 364/364/364 377/377/377
f 380/380/380 365/365/365 364/364/364
f 381/381/381 377/377/377 378/378/378
f 379/379/379 381/381/381 378/378/378
f 381/381/381 380/380/380 377/377/377
f 289/289/289 382/382/382 379/379/379
f 382/382/382 381/381/381 379/379/379
f 382/382/382 289/289/289 291/291/291
f 383/383/383 380/380/380 381/381/381
f 382/382/382 383/383/383 381/381/381
f 384/384/384 365/365/365 380/380/380
f 383/383/383 384/384/384 380/380/380
f 382/382/382 291/291/291 307/307/307
f 383/383/383 382/382/382 307/307/307
f 383/383/383 307/307/307 385/385/385
f 384/384/384 383/383/383 385/385/385
f 307/307/307 291/291/291 308/308/308
f 384/384/384 385/385/385 386/386/386
f 291/291/291 279/279/279 308/308/308
f 384/384/384 387/387/387 365/365/365
f 387/387/387 384/384/384 386/386/386
f 387/387/387 329/329/329 365/365/365
f 387/387/387 314/314/314 329/329/329
f 387/387/387 386/386/386 388/388/388
f 314/314/314 387/387/387 388/388/388
f 389/389/389 314/314/314 388/388/388
f 390/390/390 389/389/389 388/388/388
f 391/391/391 389/389/389 390/390/390
f 392/392/392 391/391/391 390/390/390
f 308/308/308 279/279/279 393/393/393
f 394/394/394 308/308/308 393/393/393
f 279/279/279 272/272/272 393/393/393
f 394/394/394 393/393/393 395/395/395
f 393/393/393 272/272/272 396/396/396
f 393/393/393 396/396/396 395/395/395
f 396/396/396 397/397/397 395/395/395
f 272/272/272 256/256/256 396/396/396
f 398/398/398 396/396/396 256/256/256
f 399/399/399 398/398/398 256/256/256
f 398/398/398 400/400/400 396/396/396
f 396/396/396 400/400/400 397/397/397
f 398/398/398 401/401/401 400/400/400
f 397/397/397 400/400/400 401/401/401
f 395/395/395 397/397/397 402/402/402
f 403/403/403 395/395/395 402/402/402
f 403/403/403 402/402/402 404/404/404
f 405/405/405 403/403/403 404/404/404
f 406/406/406 403/403/403 405/405/405
f 407/407/407 406/406/406 405/405/405
f 408/408/408 407/407/407 405/405/405
f 409/409/409 408/408/408 405/405/405
f 409/409/409 405/405/405 404/404/404
f 287/287/287 408/408/408 409/409/409
f 283/283/283 287/287/287 409/409/409
f 283/283/283 409/409/409 410/410/410
f 410/410/410 409/409/409 404/404/404
f 276/276/276 283/283/283 410/410/410
f 411/411/411 276/276/276 410/410/410
f 276/276/276 411/411/411 221/221/221
f 411/411/411 412/412/412 221/221/221
f 413/413/413 221/221/221 412/412/412
f 413/413/413 220/220/220 221/221/221
f 414/414/414 411/411/411 410/410/410
f 414/414/414 410/410/410 404/404/404
f 412/412/412 411/411/411 414/414/414
f 415/415/415 414/414/414 404/404/404
f 415/415/415 404/404/404 402/402/402
f 416/416/416 412/412/412 414/414/414
f 416/416/416 414/414/414 415/415/415
f 417/417/417 415/415/415 402/402/402
f 397/397/397 417/417/417 402/402/402
f 418/418/418 416/416/416 415/415/415
f 418/418/418 415/415/415 417/417/417
f 397/397/397 419/419/419 417/417/417
f 419/419/419 418/418/418 417/417/417
f 420/420/420 416/416/416 418/418/418
f 420/420/420 412/412/412 416/416/416
f 421/421/421 420/420/420 418/418/418
f 421/421/421 418/418/418 419/419/419
f 420/420/420 422/422/422 412/412/412
f 423/423/423 421/421/421 419/419/419
f 422/422/422 424/424/424 412/412/412
f 397/397/397 425/425/425 419/419/419
f 425/425/425 423/423/423 419/419/419
f 425/425/425 426/426/426 423/423/423
f 426/426/426 425/425/425 427/427/427
f 425/425/425 397/397/397 401/401/401
f 425/425/425 401/401/401 427/427/427
f 428/428/428 427/427/427 401/401/401
f 424/424/424 429/429/429 412/412/412
f 413/413/413 412/412/412 429/429/429
f 424/424/424 430/430/430 429/429/429
f 429/429/429 431/431/431 413/413/413
f 430/430/430 431/431/431 429/429/429
f 431/431/431 220/220/220 413/413/413
f 430/430/430 432/432/432 431/431/431
f 431/431/431 433/433/433 220/220/220
f 432/432/432 433/433/433 431/431/431
f 433/433/433 434/434/434 220/220/220
f 432/432/432 435/435/435 433/433/433
f 433/433/433 436/436/436 434/434/434
f 435/435/435 436/436/436 433/433/433
f 436/436/436 437/437/437 434/434/434
f 435/435/435 438/438/438 436/436/436
f 436/436/436 439/439/439 437/437/437
f 438/438/438 439/439/439 436/436/436
f 439/439/439 440/440/440 437/437/437
f 440/440/440 439/439/439 441/441/441
f 439/439/439 438/438/438 442/442/442
f 439/439/439 442/442/442 441/441/441
f 438/438/438 203/203/203 442/442/442
f 441/441/441 442/442/442 206/206/206
f 442/442/442 203/203/203 202/202/202
f 442/442/442 202/202/202 206/206/206
f 445/445/445 444/444/444 443/443/443
f 446/446/446 445/445/445 443/443/443
f 446/446/446 443/443/443 447/447/447
f 448/448/448 446/446/446 447/447/447
f 446/446/446 449/449/449 445/445/445
f 449/449/449 446/446/446 448/448/448
f 449/449/449 450/450/450 445/445/445
f 451/451/451 449/449/449 448/448/448
f 449/449/449 452/452/452 450/450/450
f 452/452/452 449/449/449 451/451/451
f 452/452/452 453/453/453 450/450/450
f 454/454/454 452/452/452 451/451/451
f 457/457/457 456/456/456 455/455/455
f 458/458/458 457/457/457 455/455/455
f 459/459/459 457/457/457 458/458/458
f 458/458/458 455/455/455 460/460/460
f 461/461/461 459/459/459 458/458/458
f 462/462/462 459/459/459 461/461/461
f 463/463/463 462/462/462 461/461/461
f 464/464/464 458/458/458 460/460/460
f 461/461/461 458/458/458 464/464/464
f 463/463/463 461/461/461 465/465/465
f 466/466/466 463/463/463 465/465/465
f 467/467/467 466/466/466 465/465/465
f 468/468/468 467/467/467 465/465/465
f 465/465/465 461/461/461 469/469/469
f 468/468/468 465/465/465 469/469/469
f 469/469/469 461/461/461 464/464/464
f 470/470/470 468/468/468 469/469/469
f 470/470/470 469/469/469 464/464/464
f 471/471/471 470/470/470 464/464/464
f 471/471/471 464/464/464 460/460/460
f 472/472/472 471/471/471 460/460/460
f 473/473/473 471/471/471 472/472/472
f 474/474/474 473/473/473 472/472/472
f 473/473/473 475/475/475 471/471/471
f 475/475/475 476/476/476 471/471/471
f 477/477/477 473/473/473 474/474/474
f 478/478/478 477/477/477 474/474/474
f 477/477/477 479/479/479 473/473/473
f 479/479/479 475/475/475 473/473/473
f 480/480/480 477/477/477 478/478/478
f 479/479/479 477/477/477 480/480/480
f 481/481/481 480/480/480 478/478/478
f 475/475/475 482/482/482 476/476/476
f 482/482/482 483/483/483 476/476/476
f 479/479/479 484/484/484 475/475/475
f 484/484/484 482/482/482 475/475/475
f 482/482/482 485/485/485 483/483/483
f 485/485/485 467/467/467 483/483/483
f 486/486/486 485/485/485 482/482/482
f 484/484/484 486/486/486 482/482/482
f 487/487/487 480/480/480 481/481/481
f 488/488/488 487/487/487 481/481/481
f 489/489/489 487/487/487 488/488/488
f 490/490/490 489/489/489 488/488/488
f 489/489/489 490/490/490 491/491/491
f 492/492/492 479/479/479 480/480/480
f 484/484/484 479/479/479 492/492/492
f 492/492/492 480/480/480 487/487/487
f 486/486/486 484/484/484 493/493/493
f 493/493/493 484/484/484 492/492/492
f 494/494/494 486/486/486 493/493/493
f 495/495/495 492/492/492 487/487/487
f 493/493/493 492/492/492 495/495/495
f 495/495/495 487/487/487 489/489/489
f 494/494/494 493/493/493 496/496/496
f 496/496/496 493/493/493 495/495/495
f 497/497/497 494/494/494 496/496/496
f 496/496/496 495/495/495 498/498/498
f 498/498/498 495/495/495 489/489/489
f 497/497/497 496/496/496 499/499/499
f 499/499/499 496/496/496 498/498/498
f 500/500/500 497/497/497 499/499/499
f 499/499/499 501/501/501 500/500/500
f 502/502/502 499/499/499 498/498/498
f 502/502/502 498/498/498 489/489/489
f 501/501/501 499/499/499 502/502/502
f 503/503/503 502/502/502 489/489/489
f 503/503/503 489/489/489 491/491/491
f 503/503/503 491/491/491 504/504/504
f 505/505/505 503/503/503 504/504/504
f 505/505/505 506/506/506 503/503/503
f 506/506/506 502/502/502 503/503/503
f 501/501/501 502/502/502 506/506/506
f 507/507/507 501/501/501 506/506/506
f 510/510/510 509/509/509 508/508/508
f 511/511/511 510/510/510 508/508/508
f 512/512/512 510/510/510 511/511/511
f 511/511/511 508/508/508 513/513/513
f 514/514/514 512/512/512 511/511/511
f 515/515/515 511/511/511 513/513/513
f 514/514/514 511/511/511 515/515/515
f 515/515/515 513/513/513 516/516/516
f 517/517/517 514/514/514 515/515/515
f 518/518/518 515/515/515 516/516/516
f 517/517/517 515/515/515 518/518/518
f 518/518/518 516/516/516 519/519/519
f 520/520/520 517/517/517 518/518/518
f 521/521/521 518/518/518 519/519/519
f 520/520/520 518/518/518 521/521/521
f 522/522/522 520/520/520 521/521/521
f 521/521/521 519/519/519 523/523/523
f 522/522/522 521/521/521 524/524/524
f 524/524/524 521/521/521 523/523/523
f 525/525/525 522/522/522 524/524/524
f 525/525/525 524/524/524 526/526/526
f 527/527/527 524/524/524 523/523/523
f 524/524/524 527/527/527 526/526/526
f 528/528/528 527/527/527 523/523/523
f 526/526/526 527/527/527 529/529/529
f 530/530/530 527/527/527 528/528/528
f 527/527/527 530/530/530 529/529/529
f 531/531/531 530/530/530 528/528/528
f 529/529/529 530/530/530 532/532/532
f 533/533/533 530/530/530 531/531/531
f 530/530/530 533/533/533 532/532/532
f 532/532/532 533/533/533 534/534/534
f 535/535/535 533/533/533 531/531/531
f 533/533/533 536/536/536 534/534/534
f 536/536/536 533/533/533 535/535/535
f 537/537/537 536/536/536 535/535/535
f 540/540/540 539/539/539 538/538/538
f 541/541/541 540/540/540 538/538/538
f 541/541/541 538/538/538 542/542/542
f 543/543/543 540/540/540 541/541/541
f 544/544/544 541/541/541 542/542/542
f 542/542/542 545/545/545 544/544/544
f 545/545/545 546/546/546 544/544/544
f 547/547/547 543/543/543 541/541/541
f 547/547/547 541/541/541 544/544/544
f 548/548/548 543/543/543 547/547/547
f 549/549/549 548/548/548 547/547/547
f 550/550/550 547/547/547 544/544/544
f 544/544/544 546/546/546 550/550/550
f 549/549/549 547/547/547 551/551/551
f 552/552/552 549/549/549 551/551/551
f 551/551/551 553/553/553 552/552/552
f 554/554/554 553/553/553 551/551/551
f 555/555/555 553/553/553 554/554/554
f 555/555/555 554/554/554 556/556/556
f 546/546/546 557/557/557 550/550/550
f 554/554/554 558/558/558 556/556/556
f 546/546/546 559/559/559 557/557/557
f 559/559/559 560/560/560 557/557/557
f 559/559/559 561/561/561 560/560/560
f 561/561/561 562/562/562 560/560/560
f 556/556/556 558/558/558 563/563/563
f 564/564/564 558/558/558 562/562/562
f 558/558/558 564/564/564 563/563/563
f 564/564/564 562/562/562 565/565/565
f 564/564/564 566/566/566 563/563/563
f 565/565/565 566/566/566 564/564/564
f 567/567/567 556/556/556 563/563/563
f 567/567/567 568/568/568 556/556/556
f 568/568/568 569/569/569 556/556/556
f 568/568/568 570/570/570 569/569/569
f 570/570/570 571/571/571 569/569/569
f 570/570/570 572/572/572 571/571/571
f 572/572/572 573/573/573 571/571/571
f 572/572/572 574/574/574 573/573/573
f 575/575/575 567/567/567 563/563/563
f 574/574/574 576/576/576 573/573/573
f 575/575/575 563/563/563 577/577/577
f 563/563/563 566/566/566 577/577/577
f 578/578/578 575/575/575 577/577/577
f 578/578/578 577/577/577 579/579/579
f 566/566/566 580/580/580 577/577/577
f 577/577/577 580/580/580 579/579/579
f 566/566/566 565/565/565 580/580/580
f 579/579/579 580/580/580 565/565/565
f 574/574/574 581/581/581 576/576/576
f 581/581/581 582/582/582 576/576/576
f 583/583/583 581/581/581 574/574/574
f 583/583/583 584/584/584 581/581/581
f 584/584/584 585/585/585 581/581/581
f 584/584/584 586/586/586 585/585/585
f 586/586/586 587/587/587 585/585/585
f 588/588/588 583/583/583 574/574/574
f 589/589/589 583/583/583 588/588/588
f 588/588/588 574/574/574 590/590/590
f 591/591/591 589/589/589 588/588/588
f 592/592/592 588/588/588 590/590/590
f 591/591/591 588/588/588 592/592/592
f 592/592/592 590/590/590 593/593/593
f 594/594/594 591/591/591 592/592/592
f 595/595/595 592/592/592 593/593/593
f 594/594/594 592/592/592 595/595/595
f 595/595/595 593/593/593 596/596/596
f 545/545/545 594/594/594 595/595/595
f 597/597/597 595/595/595 596/596/596
f 545/545/545 595/595/595 597/597/597
f 598/598/598 597/597/597 596/596/596
f 599/599/599 598/598/598 596/596/596
f 600/600/600 545/545/545 597/597/597
f 600/600/600 546/546/546 545/545/545
f 601/601/601 600/600/600 597/597/597
f 600/600/600 601/601/601 546/546/546
f 598/598/598 601/601/601 597/597/597
f 602/602/602 598/598/598 599/599/599
f 603/603/603 602/602/602 599/599/599
f 601/601/601 604/604/604 546/546/546
f 546/546/546 604/604/604 559/559/559
f 605/605/605 601/601/601 598/598/598
f 602/602/602 605/605/605 598/598/598
f 601/601/601 605/605/605 604/604/604
f 602/602/602 603/603/603 606/606/606
f 605/605/605 602/602/602 606/606/606
f 603/603/603 578/578/578 606/606/606
f 559/559/559 604/604/604 607/607/607
f 607/607/607 561/561/561 559/559/559
f 605/605/605 608/608/608 604/604/604
f 604/604/604 608/608/608 607/607/607
f 578/578/578 609/609/609 606/606/606
f 609/609/609 578/578/578 579/579/579
f 610/610/610 605/605/605 606/606/606
f 608/608/608 605/605/605 610/610/610
f 609/609/609 611/611/611 606/606/606
f 610/610/610 606/606/606 611/611/611
f 612/612/612 607/607/607 608/608/608
f 613/613/613 608/608/608 610/610/610
f 613/613/613 612/612/612 608/608/608
f 614/614/614 612/612/612 613/613/613
f 607/607/607 612/612/612 615/615/615
f 607/607/607 615/615/615 561/561/561
f 614/614/614 615/615/615 612/612/612
f 610/610/610 616/616/616 613/613/613
f 616/616/616 610/610/610 611/611/611
f 617/617/617 614/614/614 613/613/613
f 616/616/616 617/617/617 613/613/613
f 611/611/611 609/609/609 618/618/618
f 616/616/616 611/611/611 619/619/619
f 619/619/619 611/611/611 618/618/618
f 616/616/616 620/620/620 617/617/617
f 620/620/620 616/616/616 619/619/619
f 617/617/617 621/621/621 614/614/614
f 620/620/620 621/621/621 617/617/617
f 622/622/622 620/620/620 619/619/619
f 619/619/619 618/618/618 622/622/622
f 618/618/618 609/609/609 623/623/623
f 609/609/609 579/579/579 623/623/623
f 624/624/624 621/621/621 620/620/620
f 624/624/624 620/620/620 622/622/622
f 625/625/625 618/618/618 623/623/623
f 618/618/618 625/625/625 622/622/622
f 623/623/623 579/579/579 626/626/626
f 625/625/625 623/623/623 626/626/626
f 621/621/621 627/627/627 614/614/614
f 627/627/627 621/621/621 624/624/624
f 624/624/624 622/622/622 628/628/628
f 628/628/628 622/622/622 625/625/625
f 626/626/626 579/579/579 629/629/629
f 579/579/579 565/565/565 629/629/629
f 627/627/627 630/630/630 614/614/614
f 614/614/614 630/630/630 631/631/631
f 615/615/615 614/614/614 631/631/631
f 615/615/615 631/631/631 632/632/632
f 615/615/615 632/632/632 561/561/561
f 633/633/633 624/624/624 628/628/628
f 634/634/634 627/627/627 624/624/624
f 634/634/634 624/624/624 633/633/633
f 635/635/635 630/630/630 627/627/627
f 636/636/636 631/631/631 630/630/630
f 635/635/635 636/636/636 630/630/630
f 637/637/637 635/635/635 627/627/627
f 637/637/637 627/627/627 634/634/634
f 636/636/636 635/635/635 638/638/638
f 635/635/635 637/637/637 638/638/638
f 638/638/638 637/637/637 639/639/639
f 640/640/640 636/636/636 638/638/638
f 639/639/639 637/637/637 641/641/641
f 642/642/642 636/636/636 640/640/640
f 636/636/636 642/642/642 631/631/631
f 643/643/643 642/642/642 640/640/640
f 642/642/642 644/644/644 631/631/631
f 631/631/631 644/644/644 632/632/632
f 645/645/645 642/642/642 643/643/643
f 642/642/642 645/645/645 644/644/644
f 646/646/646 645/645/645 643/643/643
f 646/646/646 647/647/647 645/645/645
f 647/647/647 648/648/648 645/645/645
f 647/647/647 649/649/649 648/648/648
f 645/645/645 650/650/650 644/644/644
f 645/645/645 648/648/648 650/650/650
f 632/632/632 644/644/644 651/651/651
f 644/644/644 650/650/650 651/651/651
f 649/649/649 652/652/652 648/648/648
f 649/649/649 653/653/653 652/652/652
f 648/648/648 654/654/654 650/650/650
f 650/650/650 654/654/654 651/651/651
f 648/648/648 652/652/652 654/654/654
f 632/632/632 651/651/651 655/655/655
f 561/561/561 632/632/632 655/655/655
f 653/653/653 656/656/656 652/652/652
f 653/653/653 657/657/657 656/656/656
f 654/654/654 658/658/658 651/651/651
f 651/651/651 658/658/658 655/655/655
f 652/652/652 659/659/659 654/654/654
f 652/652/652 656/656/656 659/659/659
f 654/654/654 659/659/659 658/658/658
f 561/561/561 655/655/655 660/660/660
f 562/562/562 561/561/561 660/660/660
f 658/658/658 661/661/661 655/655/655
f 655/655/655 661/661/661 660/660/660
f 659/659/659 662/662/662 658/658/658
f 658/658/658 662/662/662 661/661/661
f 656/656/656 663/663/663 659/659/659
f 659/659/659 663/663/663 662/662/662
f 657/657/657 664/664/664 656/656/656
f 656/656/656 664/664/664 663/663/663
f 657/657/657 665/665/665 664/664/664
f 657/657/657 666/666/666 665/665/665
f 666/666/666 667/667/667 665/665/665
f 664/664/664 668/668/668 663/663/663
f 664/664/664 665/665/665 668/668/668
f 665/665/665 667/667/667 669/669/669
f 665/665/665 669/669/669 668/668/668
f 667/667/667 670/670/670 669/669/669
f 663/663/663 671/671/671 662/662/662
f 663/663/663 668/668/668 671/671/671
f 662/662/662 672/672/672 661/661/661
f 662/662/662 671/671/671 672/672/672
f 668/668/668 669/669/669 673/673/673
f 668/668/668 673/673/673 671/671/671
f 669/669/669 670/670/670 674/674/674
f 669/669/669 674/674/674 673/673/673
f 670/670/670 675/675/675 674/674/674
f 674/674/674 675/675/675 676/676/676
f 673/673/673 674/674/674 676/676/676
f 675/675/675 677/677/677 676/676/676
f 671/671/671 673/673/673 678/678/678
f 671/671/671 678/678/678 672/672/672
f 673/673/673 676/676/676 678/678/678
f 661/661/661 672/672/672 679/679/679
f 661/661/661 679/679/679 660/660/660
f 676/676/676 677/677/677 680/680/680
f 678/678/678 676/676/676 681/681/681
f 676/676/676 680/680/680 681/681/681
f 678/678/678 682/682/682 672/672/672
f 682/682/682 678/678/678 681/681/681
f 672/672/672 683/683/683 679/679/679
f 672/672/672 682/682/682 683/683/683
f 682/682/682 681/681/681 684/684/684
f 681/681/681 680/680/680 684/684/684
f 677/677/677 685/685/685 680/680/680
f 677/677/677 686/686/686 685/685/685
f 683/683/683 682/682/682 687/687/687
f 687/687/687 682/682/682 684/684/684
f 679/679/679 683/683/683 688/688/688
f 688/688/688 683/683/683 687/687/687
f 680/680/680 685/685/685 689/689/689
f 680/680/680 689/689/689 684/684/684
f 686/686/686 690/690/690 685/685/685
f 685/685/685 691/691/691 689/689/689
f 685/685/685 690/690/690 691/691/691
f 690/690/690 686/686/686 692/692/692
f 686/686/686 693/693/693 692/692/692
f 693/693/693 694/694/694 692/692/692
f 691/691/691 690/690/690 695/695/695
f 690/690/690 692/692/692 695/695/695
f 694/694/694 696/696/696 692/692/692
f 692/692/692 696/696/696 695/695/695
f 694/694/694 697/697/697 696/696/696
f 689/689/689 691/691/691 698/698/698
f 691/691/691 695/695/695 698/698/698
f 684/684/684 689/689/689 699/699/699
f 689/689/689 698/698/698 699/699/699
f 697/697/697 700/700/700 696/696/696
f 700/700/700 697/697/697 701/701/701
f 702/702/702 700/700/700 701/701/701
f 702/702/702 701/701/701 703/703/703
f 704/704/704 702/702/702 703/703/703
f 704/704/704 703/703/703 705/705/705
f 706/706/706 705/705/705 703/703/703
f 707/707/707 705/705/705 706/706/706
f 707/707/707 706/706/706 708/708/708
f 709/709/709 707/707/707 708/708/708
f 709/709/709 708/708/708 710/710/710
f 696/696/696 700/700/700 711/711/711
f 711/711/711 700/700/700 712/712/712
f 696/696/696 711/711/711 695/695/695
f 713/713/713 711/711/711 712/712/712
f 695/695/695 711/711/711 713/713/713
f 698/698/698 695/695/695 713/713/713
f 713/713/713 712/712/712 714/714/714
f 698/698/698 713/713/713 715/715/715
f 715/715/715 713/713/713 714/714/714
f 699/699/699 698/698/698 715/715/715
f 715/715/715 714/714/714 716/716/716
f 699/699/699 715/715/715 716/716/716
f 714/714/714 717/717/717 716/716/716
f 718/718/718 699/699/699 716/716/716
f 684/684/684 699/699/699 718/718/718
f 687/687/687 684/684/684 718/718/718
f 716/716/716 717/717/717 719/719/719
f 718/718/718 716/716/716 719/719/719
f 717/717/717 720/720/720 719/719/719
f 687/687/687 718/718/718 721/721/721
f 721/721/721 718/718/718 719/719/719
f 688/688/688 687/687/687 721/721/721
f 719/719/719 720/720/720 722/722/722
f 721/721/721 719/719/719 722/722/722
f 720/720/720 709/709/709 722/722/722
f 688/688/688 721/721/721 723/723/723
f 723/723/723 721/721/721 722/722/722
f 722/722/722 709/709/709 724/724/724
f 723/723/723 722/722/722 724/724/724
f 725/725/725 688/688/688 723/723/723
f 725/725/725 679/679/679 688/688/688
f 725/725/725 723/723/723 726/726/726
f 726/726/726 723/723/723 724/724/724
f 727/727/727 679/679/679 725/725/725
f 727/727/727 725/725/725 726/726/726
f 660/660/660 679/679/679 727/727/727
f 660/660/660 727/727/727 728/728/728
f 562/562/562 660/660/660 728/728/728
f 562/562/562 728/728/728 565/565/565
f 727/727/727 726/726/726 729/729/729
f 728/728/728 727/727/727 729/729/729
f 565/565/565 728/728/728 730/730/730
f 728/728/728 729/729/729 730/730/730
f 565/565/565 730/730/730 629/629/629
f 729/729/729 726/726/726 731/731/731
f 726/726/726 724/724/724 731/731/731
f 730/730/730 729/729/729 732/732/732
f 729/729/729 731/731/731 732/732/732
f 629/629/629 730/730/730 733/733/733
f 730/730/730 732/732/732 733/733/733
f 629/629/629 733/733/733 734/734/734
f 629/629/629 734/734/734 626/626/626
f 731/731/731 724/724/724 735/735/735
f 732/732/732 731/731/731 736/736/736
f 731/731/731 735/735/735 736/736/736
f 737/737/737 732/732/732 736/736/736
f 732/732/732 737/737/737 733/733/733
f 724/724/724 738/738/738 735/735/735
f 724/724/724 709/709/709 738/738/738
f 738/738/738 709/709/709 710/710/710
f 738/738/738 710/710/710 739/739/739
f 735/735/735 738/738/738 739/739/739
f 735/735/735 739/739/739 740/740/740
f 736/736/736 735/735/735 740/740/740
f 736/736/736 740/740/740 737/737/737
f 741/741/741 737/737/737 740/740/740
f 733/733/733 737/737/737 742/742/742
f 742/742/742 737/737/737 741/741/741
f 733/733/733 742/742/742 743/743/743
f 734/734/734 733/733/733 743/743/743
f 734/734/734 743/743/743 744/744/744
f 742/742/742 741/741/741 745/745/745
f 742/742/742 745/745/745 743/743/743
f 743/743/743 745/745/745 744/744/744
f 741/741/741 746/746/746 745/745/745
f 745/745/745 746/746/746 744/744/744
f 746/746/746 641/641/641 744/744/744
f 734/734/734 744/744/744 747/747/747
f 734/734/734 747/747/747 626/626/626
f 747/747/747 748/748/748 626/626/626
f 625/625/625 626/626/626 748/748/748
f 749/749/749 625/625/625 748/748/748
f 749/749/749 628/628/628 625/625/625
f 750/750/750 628/628/628 749/749/749
f 750/750/750 633/633/633 628/628/628
f 749/749/749 748/748/748 751/751/751
f 751/751/751 750/750/750 749/749/749
f 641/641/641 752/752/752 744/744/744
f 744/744/744 753/753/753 747/747/747
f 752/752/752 753/753/753 744/744/744
f 641/641/641 754/754/754 752/752/752
f 641/641/641 637/637/637 754/754/754
f 754/754/754 637/637/637 634/634/634
f 754/754/754 755/755/755 752/752/752
f 754/754/754 634/634/634 755/755/755
f 752/752/752 756/756/756 753/753/753
f 755/755/755 756/756/756 752/752/752
f 747/747/747 753/753/753 757/757/757
f 756/756/756 757/757/757 753/753/753
f 748/748/748 747/747/747 758/758/758
f 758/758/758 747/747/747 757/757/757
f 748/748/748 759/759/759 751/751/751
f 759/759/759 748/748/748 758/758/758
f 634/634/634 760/760/760 755/755/755
f 755/755/755 760/760/760 761/761/761
f 760/760/760 634/634/634 633/633/633
f 760/760/760 633/633/633 761/761/761
f 756/756/756 755/755/755 762/762/762
f 762/762/762 755/755/755 761/761/761
f 756/756/756 763/763/763 757/757/757
f 756/756/756 762/762/762 763/763/763
f 757/757/757 764/764/764 758/758/758
f 763/763/763 764/764/764 757/757/757
f 763/763/763 762/762/762 765/765/765
f 763/763/763 765/765/765 764/764/764
f 758/758/758 764/764/764 766/766/766
f 758/758/758 766/766/766 759/759/759
f 633/633/633 767/767/767 761/761/761
f 633/633/633 750/750/750 767/767/767
f 762/762/762 768/768/768 765/765/765
f 762/762/762 761/761/761 768/768/768
f 765/765/765 769/769/769 764/764/764
f 764/764/764 769/769/769 766/766/766
f 767/767/767 750/750/750 770/770/770
f 770/770/770 750/750/750 751/751/751
f 771/771/771 751/751/751 759/759/759
f 771/771/771 770/770/770 751/751/751
f 767/767/767 770/770/770 772/772/772
f 772/772/772 770/770/770 771/771/771
f 761/761/761 767/767/767 773/773/773
f 773/773/773 767/767/767 772/772/772
f 771/771/771 759/759/759 774/774/774
f 766/766/766 774/774/774 759/759/759
f 761/761/761 775/775/775 768/768/768
f 775/775/775 761/761/761 773/773/773
f 776/776/776 772/772/772 771/771/771
f 776/776/776 771/771/771 774/774/774
f 769/769/769 777/777/777 766/766/766
f 777/777/777 778/778/778 766/766/766
f 766/766/766 778/778/778 774/774/774
f 779/779/779 777/777/777 769/769/769
f 778/778/778 780/780/780 774/774/774
f 774/774/774 780/780/780 776/776/776
f 765/765/765 779/779/779 769/769/769
f 780/780/780 781/781/781 776/776/776
f 776/776/776 781/781/781 772/772/772
f 782/782/782 779/779/779 765/765/765
f 781/781/781 783/783/783 772/772/772
f 768/768/768 782/782/782 765/765/765
f 772/772/772 783/783/783 773/773/773
f 784/784/784 782/782/782 768/768/768
f 783/783/783 785/785/785 773/773/773
f 775/775/775 784/784/784 768/768/768
f 773/773/773 785/785/785 775/775/775
f 785/785/785 784/784/784 775/775/775
f 788/788/788 787/787/787 786/786/786
f 789/789/789 788/788/788 786/786/786
f 789/789/789 786/786/786 790/790/790
f 791/791/791 789/789/789 790/790/790
f 794/794/794 793/793/793 792/792/792
f 795/795/795 793/793/793 794/794/794
f 796/796/796 795/795/795 794/794/794
f 795/795/795 796/796/796 797/797/797
f 796/796/796 798/798/798 797/797/797
f 801/801/801 800/800/800 799/799/799
f 802/802/802 801/801/801 799/799/799
f 805/805/805 804/804/804 803/803/803
f 806/806/806 805/805/805 803/803/803
f 806/806/806 803/803/803 807/807/807
f 803/803/803 808/808/808 807/807/807
f 810/810/810 809/809/809 243/243/243
f 144/144/144 810/810/810 243/243/243
f 811/811/811 810/810/810 144/144/144
f 811/811/811 144/144/144 146/146/146
f 194/194/194 810/810/810 811/811/811
f 811/811/811 146/146/146 194/194/194
f 195/195/195 812/812/812 194/194/194
f 194/194/194 812/812/812 813/813/813
f 814/814/814 812/812/812 195/195/195
f 815/815/815 814/814/814 195/195/195
f 815/815/815 816/816/816 814/814/814
f 816/816/816 817/817/817 814/814/814
f 816/816/816 818/818/818 817/817/817
f 818/818/818 819/819/819 817/817/817
f 819/819/819 818/818/818 820/820/820
f 818/818/818 821/821/821 820/820/820
f 820/820/820 821/821/821 822/822/822
f 821/821/821 823/823/823 822/822/822
f 822/822/822 823/823/823 428/428/428
f 824/824/824 822/822/822 428/428/428
f 824/824/824 428/428/428 401/401/401
f 824/824/824 401/401/401 825/825/825
f 825/825/825 826/826/826 824/824/824
f 826/826/826 827/827/827 824/824/824
f 828/828/828 827/827/827 826/826/826
f 826/826/826 825/825/825 829/829/829
f 830/830/830 829/829/829 825/825/825
f 829/829/829 830/830/830 831/831/831
f 832/832/832 828/828/828 826/826/826
f 832/832/832 826/826/826 829/829/829
f 833/833/833 828/828/828 832/832/832
f 834/834/834 829/829/829 831/831/831
f 834/834/834 832/832/832 829/829/829
f 835/835/835 833/833/833 832/832/832
f 835/835/835 832/832/832 834/834/834
f 836/836/836 834/834/834 831/831/831
f 836/836/836 835/835/835 834/834/834
f 837/837/837 836/836/836 831/831/831
f 836/836/836 837/837/837 838/838/838
f 833/833/833 835/835/835 839/839/839
f 840/840/840 833/833/833 839/839/839
f 835/835/835 836/836/836 841/841/841
f 841/841/841 836/836/836 838/838/838
f 839/839/839 835/835/835 841/841/841
f 842/842/842 841/841/841 838/838/838
f 839/839/839 841/841/841 842/842/842
f 843/843/843 842/842/842 838/838/838
f 842/842/842 843/843/843 813/813/813
f 840/840/840 839/839/839 844/844/844
f 844/844/844 839/839/839 842/842/842
f 813/813/813 844/844/844 842/842/842
f 845/845/845 840/840/840 844/844/844
f 844/844/844 813/813/813 812/812/812
f 845/845/845 844/844/844 812/812/812
f 848/848/848 847/847/847 846/846/846
f 849/849/849 848/848/848 846/846/846
f 852/852/852 851/851/851 850/850/850
f 851/851/851 853/853/853 850/850/850
f 853/853/853 854/854/854 850/850/850
f 854/854/854 855/855/855 850/850/850
f 855/855/855 856/856/856 850/850/850
f 856/856/856 857/857/857 850/850/850
f 858/858/858 856/856/856 855/855/855
f 859/859/859 858/858/858 855/855/855
f 862/862/862 861/861/861 860/860/860
f 861/861/861 863/863/863 860/860/860
f 860/860/860 863/863/863 864/864/864
f 865/865/865 860/860/860 864/864/864
f 865/865/865 866/866/866 860/860/860
f 866/866/866 867/867/867 860/860/860
f 866/866/866 868/868/868 867/867/867
f 860/860/860 867/867/867 869/869/869
f 870/870/870 860/860/860 869/869/869
f 871/871/871 870/870/870 869/869/869
f 871/871/871 869/869/869 872/872/872
f 869/869/869 867/867/867 872/872/872
f 873/873/873 871/871/871 872/872/872
f 874/874/874 873/873/873 872/872/872
f 868/868/868 875/875/875 867/867/867
f 867/867/867 875/875/875 872/872/872
f 872/872/872 875/875/875 874/874/874
f 875/875/875 868/868/868 876/876/876
f 875/875/875 876/876/876 874/874/874
f 879/879/879 878/878/878 877/877/877
f 880/880/880 879/879/879 877/877/877
f 883/883/883 882/882/882 881/881/881
f 884/884/884 883/883/883 881/881/881
f 887/887/887 886/886/886 885/885/885
f 886/886/886 888/888/888 885/885/885
f 889/889/889 888/888/888 886/886/886
f 892/892/892 891/891/891 890/890/890
f 893/893/893 892/892/892 890/890/890
f 893/893/893 890/890/890 894/894/894
f 895/895/895 893/893/893 894/894/894
f 895/895/895 894/894/894 896/896/896
f 897/897/897 895/895/895 896/896/896
f 897/897/897 896/896/896 898/898/898
f 899/899/899 897/897/897 898/898/898
f 899/899/899 898/898/898 900/900/900
f 901/901/901 899/899/899 900/900/900
f 901/901/901 900/900/900 902/902/902
f 903/903/903 901/901/901 902/902/902
f 903/903/903 902/902/902 904/904/904
f 905/905/905 903/903/903 904/904/904
f 905/905/905 904/904/904 906/906/906
f 907/907/907 905/905/905 906/906/906
f 900/900/900 898/898/898 908/908/908
f 898/898/898 909/909/909 908/908/908
f 909/909/909 898/898/898 910/910/910
f 898/898/898 911/911/911 910/910/910
f 910/910/910 911/911/911 912/912/912
f 911/911/911 913/913/913 912/912/912
f 916/916/916 915/915/915 914/914/914
f 917/917/917 916/916/916 914/914/914
f 920/920/920 919/919/919 918/918/918
f 921/921/921 920/920/920 918/918/918
f 924/924/924 923/923/923 922/922/922
f 925/925/925 924/924/924 922/922/922
f 928/928/928 927/927/927 926/926/926
f 929/929/929 928/928/928 926/926/926
f 929/929/929 926/926/926 930/930/930
f 926/926/926 931/931/931 930/930/930
f 934/934/934 933/933/933 932/932/932
f 932/932/932 933/933/933 935/935/935
f 933/933/933 936/936/936 935/935/935
f 939/939/939 938/938/938 937/937/937
f 940/940/940 939/939/939 937/937/937
f 943/943/943 942/942/942 941/941/941
f 942/942/942 944/944/944 941/941/941
f 942/942/942 945/945/945 944/944/944
f 941/941/941 944/944/944 946/946/946
f 945/945/945 947/947/947 944/944/944
f 944/944/944 948/948/948 946/946/946
f 944/944/944 947/947/947 948/948/948
f 946/946/946 948/948/948 949/949/949
f 947/947/947 950/950/950 948/948/948
f 948/948/948 951/951/951 949/949/949
f 948/948/948 950/950/950 951/951/951
f 949/949/949 951/951/951 952/952/952
f 950/950/950 953/953/953 951/951/951
f 951/951/951 954/954/954 952/952/952
f 951/951/951 953/953/953 954/954/954
f 952/952/952 954/954/954 955/955/955
f 953/953/953 956/956/956 954/954/954
f 954/954/954 957/957/957 955/955/955
f 954/954/954 956/956/956 957/957/957
f 956/956/956 958/958/958 957/957/957
f 955/955/955 957/957/957 959/959/959
f 957/957/957 958/958/958 960/960/960
f 957/957/957 960/960/960 959/959/959
f 958/958/958 961/961/961 960/960/960
f 960/960/960 961/961/961 962/962/962
f 960/960/960 963/963/963 959/959/959
f 963/963/963 960/960/960 962/962/962
f 963/963/963 964/964/964 959/959/959
f 963/963/963 962/962/962 965/965/965
f 963/963/963 966/966/966 964/964/964
f 966/966/966 963/963/963 965/965/965
f 966/966/966 967/967/967 964/964/964
f 966/966/966 965/965/965 968/968/968
f 966/966/966 969/969/969 967/967/967
f 969/969/969 966/966/966 968/968/968
f 969/969/969 968/968/968 970/970/970
f 969/969/969 971/971/971 967/967/967
f 972/972/972 969/969/969 970/970/970
f 969/969/969 972/972/972 971/971/971
f 972/972/972 973/973/973 971/971/971
f 976/976/976 975/975/975 974/974/974
f 975/975/975 977/977/977 974/974/974
f 977/977/977 975/975/975 978/978/978
f 975/975/975 979/979/979 978/978/978
f 977/977/977 978/978/978 980/980/980
f 980/980/980 981/981/981 977/977/977
f 981/981/981 982/982/982 977/977/977
f 974/974/974 977/977/977 982/982/982
f 982/982/982 983/983/983 974/974/974
f 983/983/983 984/984/984 974/974/974
f 987/987/987 986/986/986 985/985/985
f 988/988/988 987/987/987 985/985/985
f 988/988/988 985/985/985 989/989/989
f 990/990/990 988/988/988 989/989/989
f 993/993/993 992/992/992 991/991/991
f 993/993/993 991/991/991 994/994/994
f 991/991/991 995/995/995 994/994/994
f 994/994/994 996/996/996 993/993/993
f 996/996/996 997/997/997 993/993/993
f 997/997/997 996/996/996 998/998/998
f 998/998/998 996/996/996 999/999/999
f 994/994/994 995/995/995 1000/1000/1000
f 1000/1000/1000 995/995/995 1001/1001/1001
f 996/996/996 994/994/994 1002/1002/1002
f 1002/1002/1002 994/994/994 1000/1000/1000
f 996/996/996 1003/1003/1003 999/999/999
f 1003/1003/1003 996/996/996 1002/1002/1002
f 999/999/999 1003/1003/1003 1004/1004/1004
f 1002/1002/1002 1005/1005/1005 1003/1003/1003
f 1003/1003/1003 1005/1005/1005 1004/1004/1004
f 1001/1001/1001 1006/1006/1006 1000/1000/1000
f 1006/1006/1006 1001/1001/1001 1007/1007/1007
f 1002/1002/1002 1000/1000/1000 1008/1008/1008
f 1002/1002/1002 1008/1008/1008 1005/1005/1005
f 1006/1006/1006 1009/1009/1009 1000/1000/1000
f 1000/1000/1000 1009/1009/1009 1008/1008/1008
f 1010/1010/1010 1006/1006/1006 1007/1007/1007
f 1006/1006/1006 1010/1010/1010 1009/1009/1009
f 1004/1004/1004 1005/1005/1005 1011/1011/1011
f 1012/1012/1012 1004/1004/1004 1011/1011/1011
f 1012/1012/1012 1011/1011/1011 1013/1013/1013
f 1009/1009/1009 1014/1014/1014 1008/1008/1008
f 1010/1010/1010 1014/1014/1014 1009/1009/1009
f 1015/1015/1015 1010/1010/1010 1007/1007/1007
f 1016/1016/1016 1015/1015/1015 1007/1007/1007
f 1016/1016/1016 1017/1017/1017 1015/1015/1015
f 1018/1018/1018 1014/1014/1014 1010/1010/1010
f 1015/1015/1015 1018/1018/1018 1010/1010/1010
f 1005/1005/1005 1019/1019/1019 1011/1011/1011
f 1005/1005/1005 1008/1008/1008 1020/1020/1020
f 1020/1020/1020 1019/1019/1019 1005/1005/1005
f 1011/1011/1011 1019/1019/1019 1021/1021/1021
f 1011/1011/1011 1021/1021/1021 1013/1013/1013
f 1021/1021/1021 1019/1019/1019 1020/1020/1020
f 1021/1021/1021 1020/1020/1020 1022/1022/1022
f 1021/1021/1021 1023/1023/1023 1013/1013/1013
f 1008/1008/1008 1024/1024/1024 1020/1020/1020
f 1020/1020/1020 1024/1024/1024 1022/1022/1022
f 1008/1008/1008 1014/1014/1014 1024/1024/1024
f 1024/1024/1024 1025/1025/1025 1022/1022/1022
f 1026/1026/1026 1025/1025/1025 1024/1024/1024
f 1014/1014/1014 1026/1026/1026 1024/1024/1024
f 1026/1026/1026 1027/1027/1027 1025/1025/1025
f 1028/1028/1028 1026/1026/1026 1014/1014/1014
f 1026/1026/1026 1028/1028/1028 1027/1027/1027
f 1014/1014/1014 1018/1018/1018 1028/1028/1028
f 1028/1028/1028 1029/1029/1029 1027/1027/1027
f 1028/1028/1028 1018/1018/1018 1029/1029/1029
f 1029/1029/1029 1030/1030/1030 1027/1027/1027
f 1018/1018/1018 1031/1031/1031 1029/1029/1029
f 1018/1018/1018 1015/1015/1015 1031/1031/1031
f 1030/1030/1030 1029/1029/1029 1032/1032/1032
f 1030/1030/1030 1032/1032/1032 1033/1033/1033
f 1015/1015/1015 1034/1034/1034 1031/1031/1031
f 1017/1017/1017 1034/1034/1034 1015/1015/1015
f 1035/1035/1035 1029/1029/1029 1031/1031/1031
f 1029/1029/1029 1035/1035/1035 1032/1032/1032
f 1032/1032/1032 1035/1035/1035 1036/1036/1036
f 1032/1032/1032 1037/1037/1037 1033/1033/1033
f 1037/1037/1037 1032/1032/1032 1036/1036/1036
f 1033/1033/1033 1037/1037/1037 1038/1038/1038
f 1039/1039/1039 1031/1031/1031 1034/1034/1034
f 1035/1035/1035 1031/1031/1031 1039/1039/1039
f 1034/1034/1034 1017/1017/1017 1040/1040/1040
f 1039/1039/1039 1034/1034/1034 1040/1040/1040
f 1017/1017/1017 1041/1041/1041 1040/1040/1040
f 1035/1035/1035 1039/1039/1039 1042/1042/1042
f 1042/1042/1042 1039/1039/1039 1040/1040/1040
f 1036/1036/1036 1035/1035/1035 1042/1042/1042
f 1042/1042/1042 1043/1043/1043 1036/1036/1036
f 1040/1040/1040 1041/1041/1041 1044/1044/1044
f 1044/1044/1044 1042/1042/1042 1040/1040/1040
f 1043/1043/1043 1042/1042/1042 1044/1044/1044
f 1041/1041/1041 1045/1045/1045 1044/1044/1044
f 1044/1044/1044 1045/1045/1045 1046/1046/1046
f 1046/1046/1046 1043/1043/1043 1044/1044/1044
f 1045/1045/1045 1047/1047/1047 1046/1046/1046
f 1046/1046/1046 1047/1047/1047 1048/1048/1048
f 1046/1046/1046 1048/1048/1048 1043/1043/1043
f 1047/1047/1047 1049/1049/1049 1048/1048/1048
f 1048/1048/1048 1049/1049/1049 1050/1050/1050
f 1049/1049/1049 1051/1051/1051 1050/1050/1050
f 1051/1051/1051 1052/1052/1052 1050/1050/1050
f 1048/1048/1048 1053/1053/1053 1043/1043/1043
f 1048/1048/1048 1050/1050/1050 1053/1053/1053
f 1052/1052/1052 1054/1054/1054 1050/1050/1050
f 1052/1052/1052 1055/1055/1055 1054/1054/1054
f 1055/1055/1055 1056/1056/1056 1054/1054/1054
f 1054/1054/1054 1056/1056/1056 1057/1057/1057
f 1055/1055/1055 1058/1058/1058 1056/1056/1056
f 1058/1058/1058 1059/1059/1059 1056/1056/1056
f 1057/1057/1057 1056/1056/1056 1059/1059/1059
f 1058/1058/1058 1060/1060/1060 1059/1059/1059
f 1050/1050/1050 1054/1054/1054 1061/1061/1061
f 1061/1061/1061 1054/1054/1054 1057/1057/1057
f 1060/1060/1060 1062/1062/1062 1059/1059/1059
f 1060/1060/1060 1063/1063/1063 1062/1062/1062
f 1050/1050/1050 1064/1064/1064 1053/1053/1053
f 1064/1064/1064 1050/1050/1050 1061/1061/1061
f 1064/1064/1064 1065/1065/1065 1053/1053/1053
f 1065/1065/1065 1064/1064/1064 1061/1061/1061
f 1066/1066/1066 1057/1057/1057 1059/1059/1059
f 1066/1066/1066 1059/1059/1059 1062/1062/1062
f 1057/1057/1057 1066/1066/1066 1067/1067/1067
f 1068/1068/1068 1061/1061/1061 1057/1057/1057
f 1068/1068/1068 1065/1065/1065 1061/1061/1061
f 1065/1065/1065 1069/1069/1069 1053/1053/1053
f 1053/1053/1053 1069/1069/1069 1043/1043/1043
f 1070/1070/1070 1057/1057/1057 1067/1067/1067
f 1070/1070/1070 1068/1068/1068 1057/1057/1057
f 1068/1068/1068 1070/1070/1070 1071/1071/1071
f 1071/1071/1071 1070/1070/1070 1067/1067/1067
f 1065/1065/1065 1068/1068/1068 1072/1072/1072
f 1072/1072/1072 1068/1068/1068 1071/1071/1071
f 1069/1069/1069 1073/1073/1073 1043/1043/1043
f 1043/1043/1043 1073/1073/1073 1036/1036/1036
f 1073/1073/1073 1069/1069/1069 1074/1074/1074
f 1073/1073/1073 1074/1074/1074 1036/1036/1036
f 1069/1069/1069 1065/1065/1065 1075/1075/1075
f 1069/1069/1069 1075/1075/1075 1074/1074/1074
f 1076/1076/1076 1065/1065/1065 1072/1072/1072
f 1065/1065/1065 1076/1076/1076 1075/1075/1075
f 1074/1074/1074 1077/1077/1077 1036/1036/1036
f 1036/1036/1036 1077/1077/1077 1037/1037/1037
f 1074/1074/1074 1075/1075/1075 1078/1078/1078
f 1077/1077/1077 1074/1074/1074 1079/1079/1079
f 1074/1074/1074 1078/1078/1078 1079/1079/1079
f 1077/1077/1077 1080/1080/1080 1037/1037/1037
f 1077/1077/1077 1079/1079/1079 1080/1080/1080
f 1075/1075/1075 1076/1076/1076 1081/1081/1081
f 1075/1075/1075 1081/1081/1081 1078/1078/1078
f 1037/1037/1037 1080/1080/1080 1082/1082/1082
f 1037/1037/1037 1082/1082/1082 1038/1038/1038
f 1082/1082/1082 1083/1083/1083 1038/1038/1038
f 1082/1082/1082 1084/1084/1084 1083/1083/1083
f 1083/1083/1083 1084/1084/1084 1023/1023/1023
f 1082/1082/1082 1080/1080/1080 1085/1085/1085
f 1084/1084/1084 1082/1082/1082 1085/1085/1085
f 1079/1079/1079 1086/1086/1086 1080/1080/1080
f 1080/1080/1080 1086/1086/1086 1085/1085/1085
f 1079/1079/1079 1078/1078/1078 1087/1087/1087
f 1079/1079/1079 1087/1087/1087 1086/1086/1086
f 1023/1023/1023 1084/1084/1084 1088/1088/1088
f 1023/1023/1023 1088/1088/1088 1013/1013/1013
f 1084/1084/1084 1085/1085/1085 1089/1089/1089
f 1084/1084/1084 1089/1089/1089 1088/1088/1088
f 1013/1013/1013 1088/1088/1088 1090/1090/1090
f 1088/1088/1088 1089/1089/1089 1090/1090/1090
f 1091/1091/1091 1013/1013/1013 1090/1090/1090
f 1085/1085/1085 1086/1086/1086 1092/1092/1092
f 1085/1085/1085 1092/1092/1092 1089/1089/1089
f 1089/1089/1089 1093/1093/1093 1090/1090/1090
f 1089/1089/1089 1092/1092/1092 1093/1093/1093
f 1090/1090/1090 1094/1094/1094 1091/1091/1091
f 1094/1094/1094 1090/1090/1090 1093/1093/1093
f 1086/1086/1086 1095/1095/1095 1092/1092/1092
f 1087/1087/1087 1095/1095/1095 1086/1086/1086
f 1078/1078/1078 1096/1096/1096 1087/1087/1087
f 1078/1078/1078 1081/1081/1081 1096/1096/1096
f 1094/1094/1094 1097/1097/1097 1091/1091/1091
f 1097/1097/1097 1098/1098/1098 1091/1091/1091
f 1092/1092/1092 1099/1099/1099 1093/1093/1093
f 1092/1092/1092 1095/1095/1095 1099/1099/1099
f 1087/1087/1087 1100/1100/1100 1095/1095/1095
f 1087/1087/1087 1096/1096/1096 1100/1100/1100
f 1095/1095/1095 1101/1101/1101 1099/1099/1099
f 1100/1100/1100 1101/1101/1101 1095/1095/1095
f 1102/1102/1102 1093/1093/1093 1099/1099/1099
f 1102/1102/1102 1099/1099/1099 1101/1101/1101
f 1103/1103/1103 1094/1094/1094 1093/1093/1093
f 1102/1102/1102 1103/1103/1103 1093/1093/1093
f 1104/1104/1104 1102/1102/1102 1101/1101/1101
f 1104/1104/1104 1101/1101/1101 1100/1100/1100
f 1098/1098/1098 1097/1097/1097 1105/1105/1105
f 1106/1106/1106 1098/1098/1098 1105/1105/1105
f 1102/1102/1102 1107/1107/1107 1103/1103/1103
f 1102/1102/1102 1104/1104/1104 1107/1107/1107
f 1096/1096/1096 1108/1108/1108 1100/1100/1100
f 1109/1109/1109 1104/1104/1104 1100/1100/1100
f 1109/1109/1109 1100/1100/1100 1108/1108/1108
f 1104/1104/1104 1110/1110/1110 1107/1107/1107
f 1104/1104/1104 1109/1109/1109 1110/1110/1110
f 1096/1096/1096 1111/1111/1111 1108/1108/1108
f 1081/1081/1081 1111/1111/1111 1096/1096/1096
f 1081/1081/1081 1112/1112/1112 1111/1111/1111
f 1076/1076/1076 1112/1112/1112 1081/1081/1081
f 1112/1112/1112 1076/1076/1076 1113/1113/1113
f 1076/1076/1076 1072/1072/1072 1113/1113/1113
f 1112/1112/1112 1114/1114/1114 1111/1111/1111
f 1112/1112/1112 1113/1113/1113 1114/1114/1114
f 1111/1111/1111 1115/1115/1115 1108/1108/1108
f 1111/1111/1111 1114/1114/1114 1115/1115/1115
f 1116/1116/1116 1109/1109/1109 1108/1108/1108
f 1116/1116/1116 1108/1108/1108 1115/1115/1115
f 1113/1113/1113 1072/1072/1072 1117/1117/1117
f 1072/1072/1072 1071/1071/1071 1117/1117/1117
f 1118/1118/1118 1110/1110/1110 1109/1109/1109
f 1119/1119/1119 1109/1109/1109 1116/1116/1116
f 1119/1119/1119 1118/1118/1118 1109/1109/1109
f 1118/1118/1118 1120/1120/1120 1110/1110/1110
f 1120/1120/1120 1107/1107/1107 1110/1110/1110
f 1120/1120/1120 1121/1121/1121 1107/1107/1107
f 1121/1121/1121 1103/1103/1103 1107/1107/1107
f 1121/1121/1121 1122/1122/1122 1103/1103/1103
f 1122/1122/1122 1094/1094/1094 1103/1103/1103
f 1122/1122/1122 1123/1123/1123 1094/1094/1094
f 1123/1123/1123 1097/1097/1097 1094/1094/1094
f 1123/1123/1123 1124/1124/1124 1097/1097/1097
f 1124/1124/1124 1105/1105/1105 1097/1097/1097
f 1125/1125/1125 1120/1120/1120 1118/1118/1118
f 1126/1126/1126 1125/1125/1125 1118/1118/1118
f 1126/1126/1126 1118/1118/1118 1119/1119/1119
f 1125/1125/1125 1127/1127/1127 1120/1120/1120
f 1127/1127/1127 1121/1121/1121 1120/1120/1120
f 1127/1127/1127 1128/1128/1128 1121/1121/1121
f 1128/1128/1128 1122/1122/1122 1121/1121/1121
f 1128/1128/1128 1129/1129/1129 1122/1122/1122
f 1129/1129/1129 1123/1123/1123 1122/1122/1122
f 1129/1129/1129 1130/1130/1130 1123/1123/1123
f 1130/1130/1130 1124/1124/1124 1123/1123/1123
f 1131/1131/1131 1126/1126/1126 1119/1119/1119
f 1130/1130/1130 1132/1132/1132 1124/1124/1124
f 1131/1131/1131 1119/1119/1119 1133/1133/1133
f 1133/1133/1133 1119/1119/1119 1116/1116/1116
f 1134/1134/1134 1131/1131/1131 1133/1133/1133
f 1132/1132/1132 1135/1135/1135 1124/1124/1124
f 1124/1124/1124 1135/1135/1135 1105/1105/1105
f 1132/1132/1132 1136/1136/1136 1135/1135/1135
f 1133/1133/1133 1116/1116/1116 1137/1137/1137
f 1137/1137/1137 1116/1116/1116 1115/1115/1115
f 1134/1134/1134 1133/1133/1133 1138/1138/1138
f 1138/1138/1138 1133/1133/1133 1137/1137/1137
f 1139/1139/1139 1134/1134/1134 1138/1138/1138
f 1135/1135/1135 1140/1140/1140 1105/1105/1105
f 1140/1140/1140 1106/1106/1106 1105/1105/1105
f 1136/1136/1136 1141/1141/1141 1135/1135/1135
f 1135/1135/1135 1141/1141/1141 1140/1140/1140
f 1136/1136/1136 1142/1142/1142 1141/1141/1141
f 1106/1106/1106 1140/1140/1140 1143/1143/1143
f 1141/1141/1141 1143/1143/1143 1140/1140/1140
f 1106/1106/1106 1143/1143/1143 1144/1144/1144
f 1142/1142/1142 1145/1145/1145 1141/1141/1141
f 1141/1141/1141 1145/1145/1145 1143/1143/1143
f 1142/1142/1142 1146/1146/1146 1145/1145/1145
f 1139/1139/1139 1138/1138/1138 1147/1147/1147
f 1148/1148/1148 1139/1139/1139 1147/1147/1147
f 1149/1149/1149 1148/1148/1148 1147/1147/1147
f 1144/1144/1144 1143/1143/1143 1150/1150/1150
f 1150/1150/1150 1151/1151/1151 1144/1144/1144
f 1151/1151/1151 1150/1150/1150 1152/1152/1152
f 1143/1143/1143 1153/1153/1153 1150/1150/1150
f 1145/1145/1145 1153/1153/1153 1143/1143/1143
f 1150/1150/1150 1153/1153/1153 1152/1152/1152
f 1146/1146/1146 1154/1154/1154 1145/1145/1145
f 1145/1145/1145 1154/1154/1154 1153/1153/1153
f 1146/1146/1146 1155/1155/1155 1154/1154/1154
f 1147/1147/1147 1138/1138/1138 1156/1156/1156
f 1138/1138/1138 1137/1137/1137 1156/1156/1156
f 1157/1157/1157 1149/1149/1149 1147/1147/1147
f 1157/1157/1157 1147/1147/1147 1156/1156/1156
f 1158/1158/1158 1149/1149/1149 1157/1157/1157
f 1154/1154/1154 1159/1159/1159 1153/1153/1153
f 1153/1153/1153 1159/1159/1159 1152/1152/1152
f 1155/1155/1155 1160/1160/1160 1154/1154/1154
f 1154/1154/1154 1160/1160/1160 1159/1159/1159
f 1156/1156/1156 1137/1137/1137 1161/1161/1161
f 1137/1137/1137 1115/1115/1115 1161/1161/1161
f 1114/1114/1114 1161/1161/1161 1115/1115/1115
f 1162/1162/1162 1157/1157/1157 1156/1156/1156
f 1162/1162/1162 1156/1156/1156 1161/1161/1161
f 1163/1163/1163 1158/1158/1158 1157/1157/1157
f 1163/1163/1163 1157/1157/1157 1162/1162/1162
f 1164/1164/1164 1158/1158/1158 1163/1163/1163
f 1161/1161/1161 1114/1114/1114 1165/1165/1165
f 1165/1165/1165 1162/1162/1162 1161/1161/1161
f 1166/1166/1166 1163/1163/1163 1162/1162/1162
f 1166/1166/1166 1162/1162/1162 1165/1165/1165
f 1167/1167/1167 1164/1164/1164 1163/1163/1163
f 1167/1167/1167 1163/1163/1163 1166/1166/1166
f 1168/1168/1168 1164/1164/1164 1167/1167/1167
f 1114/1114/1114 1169/1169/1169 1165/1165/1165
f 1113/1113/1113 1169/1169/1169 1114/1114/1114
f 1170/1170/1170 1166/1166/1166 1165/1165/1165
f 1165/1165/1165 1169/1169/1169 1170/1170/1170
f 1169/1169/1169 1113/1113/1113 1171/1171/1171
f 1169/1169/1169 1171/1171/1171 1170/1170/1170
f 1113/1113/1113 1117/1117/1117 1171/1171/1171
f 1172/1172/1172 1167/1167/1167 1166/1166/1166
f 1172/1172/1172 1166/1166/1166 1170/1170/1170
f 1173/1173/1173 1168/1168/1168 1167/1167/1167
f 1173/1173/1173 1167/1167/1167 1172/1172/1172
f 1174/1174/1174 1168/1168/1168 1173/1173/1173
f 1175/1175/1175 1174/1174/1174 1173/1173/1173
f 1176/1176/1176 1174/1174/1174 1175/1175/1175
f 1170/1170/1170 1171/1171/1171 1177/1177/1177
f 1177/1177/1177 1172/1172/1172 1170/1170/1170
f 1117/1117/1117 1178/1178/1178 1171/1171/1171
f 1117/1117/1117 1071/1071/1071 1178/1178/1178
f 1179/1179/1179 1173/1173/1173 1172/1172/1172
f 1175/1175/1175 1173/1173/1173 1179/1179/1179
f 1180/1180/1180 1176/1176/1176 1175/1175/1175
f 1181/1181/1181 1176/1176/1176 1180/1180/1180
f 1172/1172/1172 1182/1182/1182 1179/1179/1179
f 1182/1182/1182 1172/1172/1172 1177/1177/1177
f 1183/1183/1183 1175/1175/1175 1179/1179/1179
f 1180/1180/1180 1175/1175/1175 1183/1183/1183
f 1179/1179/1179 1182/1182/1182 1183/1183/1183
f 1181/1181/1181 1180/1180/1180 1184/1184/1184
f 1184/1184/1184 1180/1180/1180 1183/1183/1183
f 1182/1182/1182 1185/1185/1185 1183/1183/1183
f 1183/1183/1183 1185/1185/1185 1184/1184/1184
f 1186/1186/1186 1181/1181/1181 1184/1184/1184
f 1187/1187/1187 1181/1181/1181 1186/1186/1186
f 1188/1188/1188 1182/1182/1182 1177/1177/1177
f 1185/1185/1185 1182/1182/1182 1188/1188/1188
f 1184/1184/1184 1185/1185/1185 1189/1189/1189
f 1186/1186/1186 1184/1184/1184 1189/1189/1189
f 1190/1190/1190 1185/1185/1185 1188/1188/1188
f 1189/1189/1189 1185/1185/1185 1190/1190/1190
f 1188/1188/1188 1177/1177/1177 1191/1191/1191
f 1188/1188/1188 1191/1191/1191 1190/1190/1190
f 1190/1190/1190 1192/1192/1192 1189/1189/1189
f 1191/1191/1191 1192/1192/1192 1190/1190/1190
f 1177/1177/1177 1193/1193/1193 1191/1191/1191
f 1171/1171/1171 1193/1193/1193 1177/1177/1177
f 1178/1178/1178 1193/1193/1193 1171/1171/1171
f 1191/1191/1191 1193/1193/1193 1194/1194/1194
f 1193/1193/1193 1178/1178/1178 1194/1194/1194
f 1194/1194/1194 1195/1195/1195 1191/1191/1191
f 1195/1195/1195 1192/1192/1192 1191/1191/1191
f 1194/1194/1194 1178/1178/1178 1196/1196/1196
f 1194/1194/1194 1196/1196/1196 1195/1195/1195
f 1178/1178/1178 1197/1197/1197 1196/1196/1196
f 1071/1071/1071 1197/1197/1197 1178/1178/1178
f 1197/1197/1197 1071/1071/1071 1067/1067/1067
f 1196/1196/1196 1197/1197/1197 1198/1198/1198
f 1196/1196/1196 1198/1198/1198 1195/1195/1195
f 1197/1197/1197 1067/1067/1067 1198/1198/1198
f 1192/1192/1192 1199/1199/1199 1189/1189/1189
f 1195/1195/1195 1200/1200/1200 1192/1192/1192
f 1200/1200/1200 1199/1199/1199 1192/1192/1192
f 1195/1195/1195 1198/1198/1198 1201/1201/1201
f 1200/1200/1200 1195/1195/1195 1201/1201/1201
f 1189/1189/1189 1199/1199/1199 1202/1202/1202
f 1202/1202/1202 1186/1186/1186 1189/1189/1189
f 1186/1186/1186 1202/1202/1202 1203/1203/1203
f 1187/1187/1187 1186/1186/1186 1203/1203/1203
f 1204/1204/1204 1198/1198/1198 1067/1067/1067
f 1198/1198/1198 1205/1205/1205 1201/1201/1201
f 1198/1198/1198 1204/1204/1204 1205/1205/1205
f 1206/1206/1206 1204/1204/1204 1067/1067/1067
f 1206/1206/1206 1067/1067/1067 1066/1066/1066
f 1207/1207/1207 1206/1206/1206 1066/1066/1066
f 1207/1207/1207 1066/1066/1066 1062/1062/1062
f 1208/1208/1208 1207/1207/1207 1062/1062/1062
f 1063/1063/1063 1208/1208/1208 1062/1062/1062
f 1209/1209/1209 1206/1206/1206 1207/1207/1207
f 1209/1209/1209 1207/1207/1207 1208/1208/1208
f 1208/1208/1208 1063/1063/1063 1210/1210/1210
f 1208/1208/1208 1210/1210/1210 1209/1209/1209
f 1063/1063/1063 1211/1211/1211 1210/1210/1210
f 1210/1210/1210 1211/1211/1211 1212/1212/1212
f 1206/1206/1206 1213/1213/1213 1204/1204/1204
f 1213/1213/1213 1206/1206/1206 1209/1209/1209
f 1210/1210/1210 1214/1214/1214 1209/1209/1209
f 1209/1209/1209 1214/1214/1214 1213/1213/1213
f 1215/1215/1215 1210/1210/1210 1212/1212/1212
f 1214/1214/1214 1210/1210/1210 1215/1215/1215
f 1213/1213/1213 1216/1216/1216 1204/1204/1204
f 1204/1204/1204 1216/1216/1216 1205/1205/1205
f 1217/1217/1217 1215/1215/1215 1212/1212/1212
f 1218/1218/1218 1217/1217/1217 1212/1212/1212
f 1217/1217/1217 1218/1218/1218 1219/1219/1219
f 1220/1220/1220 1219/1219/1219 1218/1218/1218
f 1215/1215/1215 1217/1217/1217 1221/1221/1221
f 1221/1221/1221 1217/1217/1217 1219/1219/1219
f 1222/1222/1222 1215/1215/1215 1221/1221/1221
f 1222/1222/1222 1214/1214/1214 1215/1215/1215
f 1220/1220/1220 1223/1223/1223 1219/1219/1219
f 1220/1220/1220 1224/1224/1224 1223/1223/1223
f 1225/1225/1225 1223/1223/1223 1224/1224/1224
f 1221/1221/1221 1219/1219/1219 1226/1226/1226
f 1222/1222/1222 1221/1221/1221 1226/1226/1226
f 1223/1223/1223 1227/1227/1227 1219/1219/1219
f 1223/1223/1223 1225/1225/1225 1227/1227/1227
f 1219/1219/1219 1227/1227/1227 1226/1226/1226
f 1224/1224/1224 1228/1228/1228 1225/1225/1225
f 1229/1229/1229 1228/1228/1228 1224/1224/1224
f 1230/1230/1230 1228/1228/1228 1229/1229/1229
f 1231/1231/1231 1230/1230/1230 1229/1229/1229
f 1228/1228/1228 1232/1232/1232 1225/1225/1225
f 1228/1228/1228 1230/1230/1230 1232/1232/1232
f 1233/1233/1233 1230/1230/1230 1231/1231/1231
f 1234/1234/1234 1233/1233/1233 1231/1231/1231
f 1235/1235/1235 1233/1233/1233 1234/1234/1234
f 1233/1233/1233 1235/1235/1235 1230/1230/1230
f 1236/1236/1236 1235/1235/1235 1234/1234/1234
f 1234/1234/1234 1237/1237/1237 1236/1236/1236
f 1232/1232/1232 1230/1230/1230 1238/1238/1238
f 1225/1225/1225 1232/1232/1232 1239/1239/1239
f 1239/1239/1239 1232/1232/1232 1238/1238/1238
f 1225/1225/1225 1239/1239/1239 1240/1240/1240
f 1240/1240/1240 1239/1239/1239 1238/1238/1238
f 1235/1235/1235 1241/1241/1241 1230/1230/1230
f 1238/1238/1238 1230/1230/1230 1241/1241/1241
f 1242/1242/1242 1225/1225/1225 1240/1240/1240
f 1225/1225/1225 1242/1242/1242 1227/1227/1227
f 1243/1243/1243 1227/1227/1227 1242/1242/1242
f 1226/1226/1226 1227/1227/1227 1243/1243/1243
f 1242/1242/1242 1240/1240/1240 1244/1244/1244
f 1243/1243/1243 1242/1242/1242 1244/1244/1244
f 1235/1235/1235 1236/1236/1236 1245/1245/1245
f 1241/1241/1241 1235/1235/1235 1246/1246/1246
f 1235/1235/1235 1245/1245/1245 1246/1246/1246
f 1238/1238/1238 1241/1241/1241 1247/1247/1247
f 1241/1241/1241 1246/1246/1246 1247/1247/1247
f 1240/1240/1240 1238/1238/1238 1248/1248/1248
f 1238/1238/1238 1247/1247/1247 1248/1248/1248
f 1244/1244/1244 1240/1240/1240 1249/1249/1249
f 1240/1240/1240 1248/1248/1248 1249/1249/1249
f 1243/1243/1243 1244/1244/1244 1250/1250/1250
f 1244/1244/1244 1249/1249/1249 1250/1250/1250
f 1236/1236/1236 1251/1251/1251 1245/1245/1245
f 1251/1251/1251 1236/1236/1236 1237/1237/1237
f 1237/1237/1237 1252/1252/1252 1251/1251/1251
f 1237/1237/1237 999/999/999 1252/1252/1252
f 1252/1252/1252 1253/1253/1253 1251/1251/1251
f 1152/1152/1152 1251/1251/1251 1253/1253/1253
f 1245/1245/1245 1251/1251/1251 1152/1152/1152
f 1254/1254/1254 1245/1245/1245 1152/1152/1152
f 1152/1152/1152 1159/1159/1159 1254/1254/1254
f 1245/1245/1245 1254/1254/1254 1255/1255/1255
f 1246/1246/1246 1245/1245/1245 1255/1255/1255
f 1159/1159/1159 1256/1256/1256 1254/1254/1254
f 1160/1160/1160 1256/1256/1256 1159/1159/1159
f 1256/1256/1256 1257/1257/1257 1254/1254/1254
f 1256/1256/1256 1160/1160/1160 1257/1257/1257
f 1257/1257/1257 1255/1255/1255 1254/1254/1254
f 1246/1246/1246 1255/1255/1255 1258/1258/1258
f 1247/1247/1247 1246/1246/1246 1258/1258/1258
f 1160/1160/1160 1259/1259/1259 1257/1257/1257
f 1160/1160/1160 1155/1155/1155 1259/1259/1259
f 1155/1155/1155 1260/1260/1260 1259/1259/1259
f 1257/1257/1257 1261/1261/1261 1255/1255/1255
f 1257/1257/1257 1259/1259/1259 1261/1261/1261
f 1261/1261/1261 1258/1258/1258 1255/1255/1255
f 1259/1259/1259 1260/1260/1260 1262/1262/1262
f 1259/1259/1259 1262/1262/1262 1261/1261/1261
f 1260/1260/1260 1263/1263/1263 1262/1262/1262
f 1247/1247/1247 1258/1258/1258 1264/1264/1264
f 1248/1248/1248 1247/1247/1247 1264/1264/1264
f 1261/1261/1261 1265/1265/1265 1258/1258/1258
f 1261/1261/1261 1262/1262/1262 1265/1265/1265
f 1265/1265/1265 1264/1264/1264 1258/1258/1258
f 1262/1262/1262 1263/1263/1263 1266/1266/1266
f 1262/1262/1262 1266/1266/1266 1265/1265/1265
f 1263/1263/1263 1267/1267/1267 1266/1266/1266
f 1248/1248/1248 1264/1264/1264 1268/1268/1268
f 1249/1249/1249 1248/1248/1248 1268/1268/1268
f 1265/1265/1265 1269/1269/1269 1264/1264/1264
f 1264/1264/1264 1269/1269/1269 1268/1268/1268
f 1265/1265/1265 1266/1266/1266 1270/1270/1270
f 1270/1270/1270 1269/1269/1269 1265/1265/1265
f 1266/1266/1266 1267/1267/1267 1271/1271/1271
f 1266/1266/1266 1271/1271/1271 1270/1270/1270
f 1267/1267/1267 1272/1272/1272 1271/1271/1271
f 1271/1271/1271 1272/1272/1272 1273/1273/1273
f 1270/1270/1270 1271/1271/1271 1274/1274/1274
f 1271/1271/1271 1273/1273/1273 1274/1274/1274
f 1269/1269/1269 1270/1270/1270 1274/1274/1274
f 1274/1274/1274 1273/1273/1273 1187/1187/1187
f 1187/1187/1187 1275/1275/1275 1274/1274/1274
f 1275/1275/1275 1269/1269/1269 1274/1274/1274
f 1275/1275/1275 1187/1187/1187 1203/1203/1203
f 1268/1268/1268 1269/1269/1269 1276/1276/1276
f 1269/1269/1269 1275/1275/1275 1276/1276/1276
f 1249/1249/1249 1268/1268/1268 1276/1276/1276
f 1275/1275/1275 1203/1203/1203 1276/1276/1276
f 1277/1277/1277 1249/1249/1249 1276/1276/1276
f 1277/1277/1277 1276/1276/1276 1203/1203/1203
f 1249/1249/1249 1277/1277/1277 1250/1250/1250
f 1278/1278/1278 1277/1277/1277 1203/1203/1203
f 1250/1250/1250 1277/1277/1277 1278/1278/1278
f 1278/1278/1278 1203/1203/1203 1202/1202/1202
f 1279/1279/1279 1250/1250/1250 1278/1278/1278
f 1279/1279/1279 1278/1278/1278 1280/1280/1280
f 1280/1280/1280 1278/1278/1278 1202/1202/1202
f 1199/1199/1199 1280/1280/1280 1202/1202/1202
f 1281/1281/1281 1280/1280/1280 1199/1199/1199
f 1281/1281/1281 1279/1279/1279 1280/1280/1280
f 1200/1200/1200 1281/1281/1281 1199/1199/1199
f 1282/1282/1282 1281/1281/1281 1200/1200/1200
f 1281/1281/1281 1282/1282/1282 1279/1279/1279
f 1283/1283/1283 1250/1250/1250 1279/1279/1279
f 1283/1283/1283 1243/1243/1243 1250/1250/1250
f 1283/1283/1283 1284/1284/1284 1243/1243/1243
f 1283/1283/1283 1279/1279/1279 1284/1284/1284
f 1226/1226/1226 1243/1243/1243 1284/1284/1284
f 1285/1285/1285 1226/1226/1226 1284/1284/1284
f 1222/1222/1222 1226/1226/1226 1285/1285/1285
f 1284/1284/1284 1279/1279/1279 1286/1286/1286
f 1285/1285/1285 1284/1284/1284 1286/1286/1286
f 1287/1287/1287 1282/1282/1282 1200/1200/1200
f 1201/1201/1201 1287/1287/1287 1200/1200/1200
f 1282/1282/1282 1288/1288/1288 1279/1279/1279
f 1286/1286/1286 1279/1279/1279 1288/1288/1288
f 1289/1289/1289 1222/1222/1222 1285/1285/1285
f 1290/1290/1290 1285/1285/1285 1286/1286/1286
f 1290/1290/1290 1289/1289/1289 1285/1285/1285
f 1289/1289/1289 1291/1291/1291 1222/1222/1222
f 1222/1222/1222 1291/1291/1291 1214/1214/1214
f 1214/1214/1214 1291/1291/1291 1292/1292/1292
f 1292/1292/1292 1291/1291/1291 1289/1289/1289
f 1214/1214/1214 1292/1292/1292 1213/1213/1213
f 1213/1213/1213 1292/1292/1292 1293/1293/1293
f 1292/1292/1292 1289/1289/1289 1293/1293/1293
f 1216/1216/1216 1213/1213/1213 1293/1293/1293
f 1216/1216/1216 1293/1293/1293 1294/1294/1294
f 1294/1294/1294 1293/1293/1293 1295/1295/1295
f 1293/1293/1293 1289/1289/1289 1295/1295/1295
f 1295/1295/1295 1289/1289/1289 1290/1290/1290
f 1294/1294/1294 1295/1295/1295 1290/1290/1290
f 1296/1296/1296 1290/1290/1290 1286/1286/1286
f 1296/1296/1296 1294/1294/1294 1290/1290/1290
f 1297/1297/1297 1296/1296/1296 1286/1286/1286
f 1288/1288/1288 1297/1297/1297 1286/1286/1286
f 1298/1298/1298 1296/1296/1296 1297/1297/1297
f 1296/1296/1296 1298/1298/1298 1294/1294/1294
f 1299/1299/1299 1216/1216/1216 1294/1294/1294
f 1216/1216/1216 1299/1299/1299 1205/1205/1205
f 1288/1288/1288 1300/1300/1300 1297/1297/1297
f 1300/1300/1300 1298/1298/1298 1297/1297/1297
f 1299/1299/1299 1301/1301/1301 1205/1205/1205
f 1205/1205/1205 1301/1301/1301 1201/1201/1201
f 1301/1301/1301 1302/1302/1302 1201/1201/1201
f 1287/1287/1287 1201/1201/1201 1302/1302/1302
f 1303/1303/1303 1301/1301/1301 1299/1299/1299
f 1301/1301/1301 1303/1303/1303 1302/1302/1302
f 1299/1299/1299 1294/1294/1294 1304/1304/1304
f 1304/1304/1304 1303/1303/1303 1299/1299/1299
f 1298/1298/1298 1305/1305/1305 1294/1294/1294
f 1294/1294/1294 1305/1305/1305 1304/1304/1304
f 1306/1306/1306 1287/1287/1287 1302/1302/1302
f 1306/1306/1306 1282/1282/1282 1287/1287/1287
f 1282/1282/1282 1307/1307/1307 1288/1288/1288
f 1307/1307/1307 1282/1282/1282 1306/1306/1306
f 1303/1303/1303 1308/1308/1308 1302/1302/1302
f 1308/1308/1308 1306/1306/1306 1302/1302/1302
f 1298/1298/1298 1309/1309/1309 1305/1305/1305
f 1309/1309/1309 1298/1298/1298 1300/1300/1300
f 1288/1288/1288 1310/1310/1310 1300/1300/1300
f 1307/1307/1307 1310/1310/1310 1288/1288/1288
f 1307/1307/1307 1311/1311/1311 1310/1310/1310
f 1312/1312/1312 1307/1307/1307 1306/1306/1306
f 1312/1312/1312 1306/1306/1306 1308/1308/1308
f 1311/1311/1311 1307/1307/1307 1312/1312/1312
f 1303/1303/1303 1313/1313/1313 1308/1308/1308
f 1313/1313/1313 1303/1303/1303 1304/1304/1304
f 1304/1304/1304 1305/1305/1305 1314/1314/1314
f 1309/1309/1309 1314/1314/1314 1305/1305/1305
f 1310/1310/1310 1315/1315/1315 1300/1300/1300
f 1315/1315/1315 1309/1309/1309 1300/1300/1300
f 1316/1316/1316 1312/1312/1312 1308/1308/1308
f 1313/1313/1313 1316/1316/1316 1308/1308/1308
f 1317/1317/1317 1304/1304/1304 1314/1314/1314
f 1317/1317/1317 1313/1313/1313 1304/1304/1304
f 1309/1309/1309 1318/1318/1318 1314/1314/1314
f 1317/1317/1317 1314/1314/1314 1318/1318/1318
f 1319/1319/1319 1313/1313/1313 1317/1317/1317
f 1319/1319/1319 1317/1317/1317 1318/1318/1318
f 1320/1320/1320 1318/1318/1318 1309/1309/1309
f 1309/1309/1309 1315/1315/1315 1320/1320/1320
f 1310/1310/1310 1321/1321/1321 1315/1315/1315
f 1311/1311/1311 1321/1321/1321 1310/1310/1310
f 1322/1322/1322 1315/1315/1315 1321/1321/1321
f 1315/1315/1315 1322/1322/1322 1320/1320/1320
f 1320/1320/1320 1322/1322/1322 1323/1323/1323
f 1318/1318/1318 1320/1320/1320 1324/1324/1324
f 1319/1319/1319 1318/1318/1318 1324/1324/1324
f 1320/1320/1320 1323/1323/1323 1324/1324/1324
f 1316/1316/1316 1313/1313/1313 1325/1325/1325
f 1319/1319/1319 1325/1325/1325 1313/1313/1313
f 1326/1326/1326 1321/1321/1321 1311/1311/1311
f 1326/1326/1326 1322/1322/1322 1321/1321/1321
f 1327/1327/1327 1319/1319/1319 1324/1324/1324
f 1328/1328/1328 1325/1325/1325 1319/1319/1319
f 1328/1328/1328 1319/1319/1319 1327/1327/1327
f 1329/1329/1329 1316/1316/1316 1325/1325/1325
f 1329/1329/1329 1325/1325/1325 1328/1328/1328
f 1316/1316/1316 1329/1329/1329 1330/1330/1330
f 1330/1330/1330 1312/1312/1312 1316/1316/1316
f 1330/1330/1330 1311/1311/1311 1312/1312/1312
f 1331/1331/1331 1329/1329/1329 1328/1328/1328
f 1330/1330/1330 1329/1329/1329 1331/1331/1331
f 1330/1330/1330 1332/1332/1332 1311/1311/1311
f 1331/1331/1331 1332/1332/1332 1330/1330/1330
f 1333/1333/1333 1326/1326/1326 1311/1311/1311
f 1332/1332/1332 1333/1333/1333 1311/1311/1311
f 1333/1333/1333 1334/1334/1334 1326/1326/1326
f 1334/1334/1334 1333/1333/1333 1332/1332/1332
f 1326/1326/1326 1335/1335/1335 1322/1322/1322
f 1334/1334/1334 1335/1335/1335 1326/1326/1326
f 1336/1336/1336 1334/1334/1334 1332/1332/1332
f 1336/1336/1336 1332/1332/1332 1331/1331/1331
f 1331/1331/1331 1328/1328/1328 1337/1337/1337
f 1337/1337/1337 1328/1328/1328 1327/1327/1327
f 1335/1335/1335 1338/1338/1338 1322/1322/1322
f 1322/1322/1322 1338/1338/1338 1323/1323/1323
f 1334/1334/1334 1339/1339/1339 1335/1335/1335
f 1339/1339/1339 1334/1334/1334 1336/1336/1336
f 1340/1340/1340 1336/1336/1336 1331/1331/1331
f 1340/1340/1340 1331/1331/1331 1337/1337/1337
f 1335/1335/1335 1341/1341/1341 1338/1338/1338
f 1339/1339/1339 1341/1341/1341 1335/1335/1335
f 1342/1342/1342 1339/1339/1339 1336/1336/1336
f 1342/1342/1342 1336/1336/1336 1340/1340/1340
f 1343/1343/1343 1339/1339/1339 1342/1342/1342
f 1339/1339/1339 1343/1343/1343 1341/1341/1341
f 1343/1343/1343 1344/1344/1344 1341/1341/1341
f 1341/1341/1341 1344/1344/1344 1345/1345/1345
f 1341/1341/1341 1345/1345/1345 1338/1338/1338
f 1338/1338/1338 1345/1345/1345 1323/1323/1323
f 1345/1345/1345 1346/1346/1346 1323/1323/1323
f 1347/1347/1347 1342/1342/1342 1340/1340/1340
f 1323/1323/1323 1346/1346/1346 1348/1348/1348
f 1347/1347/1347 1340/1340/1340 1349/1349/1349
f 1349/1349/1349 1350/1350/1350 1347/1347/1347
f 1340/1340/1340 1337/1337/1337 1349/1349/1349
f 1349/1349/1349 1337/1337/1337 1351/1351/1351
f 1352/1352/1352 1349/1349/1349 1351/1351/1351
f 1351/1351/1351 1337/1337/1337 1327/1327/1327
f 1352/1352/1352 1351/1351/1351 1353/1353/1353
f 1348/1348/1348 1354/1354/1354 1353/1353/1353
f 1323/1323/1323 1348/1348/1348 1355/1355/1355
f 1348/1348/1348 1353/1353/1353 1355/1355/1355
f 1351/1351/1351 1355/1355/1355 1353/1353/1353
f 1351/1351/1351 1327/1327/1327 1355/1355/1355
f 1323/1323/1323 1355/1355/1355 1324/1324/1324
f 1327/1327/1327 1324/1324/1324 1355/1355/1355
f 1358/1358/1358 1357/1357/1357 1356/1356/1356
f 1359/1359/1359 1358/1358/1358 1356/1356/1356
f 1360/1360/1360 1359/1359/1359 1356/1356/1356
f 1360/1360/1360 1361/1361/1361 1359/1359/1359
f 1361/1361/1361 1360/1360/1360 1362/1362/1362
f 1360/1360/1360 1363/1363/1363 1362/1362/1362
f 1364/1364/1364 1362/1362/1362 1363/1363/1363
f 1365/1365/1365 1364/1364/1364 1363/1363/1363
f 1364/1364/1364 1366/1366/1366 1362/1362/1362
f 1367/1367/1367 1364/1364/1364 1365/1365/1365
f 1364/1364/1364 1368/1368/1368 1366/1366/1366
f 1369/1369/1369 1364/1364/1364 1367/1367/1367
f 1368/1368/1368 1370/1370/1370 1366/1366/1366
f 1371/1371/1371 1369/1369/1369 1367/1367/1367
f 1368/1368/1368 1372/1372/1372 1370/1370/1370
f 1373/1373/1373 1369/1369/1369 1371/1371/1371
f 1372/1372/1372 1374/1374/1374 1370/1370/1370
f 1375/1375/1375 1373/1373/1373 1371/1371/1371
f 1372/1372/1372 1376/1376/1376 1374/1374/1374
f 1377/1377/1377 1373/1373/1373 1375/1375/1375
f 1376/1376/1376 1378/1378/1378 1374/1374/1374
f 1379/1379/1379 1377/1377/1377 1375/1375/1375
f 1380/1380/1380 1378/1378/1378 1376/1376/1376
f 1379/1379/1379 1381/1381/1381 1377/1377/1377
f 1378/1378/1378 1380/1380/1380 1382/1382/1382
f 1381/1381/1381 1379/1379/1379 1383/1383/1383
f 1380/1380/1380 1384/1384/1384 1382/1382/1382
f 1380/1380/1380 1385/1385/1385 1384/1384/1384
f 1384/1384/1384 1386/1386/1386 1382/1382/1382
f 1384/1384/1384 1385/1385/1385 1386/1386/1386
f 1385/1385/1385 1387/1387/1387 1386/1386/1386
f 1387/1387/1387 1388/1388/1388 1386/1386/1386
f 1388/1388/1388 1389/1389/1389 1386/1386/1386
f 1388/1388/1388 1390/1390/1390 1389/1389/1389
f 1390/1390/1390 1391/1391/1391 1389/1389/1389
f 1391/1391/1391 1390/1390/1390 1392/1392/1392
f 1393/1393/1393 1391/1391/1391 1392/1392/1392
f 1393/1393/1393 1392/1392/1392 1394/1394/1394
f 1392/1392/1392 1395/1395/1395 1394/1394/1394
f 1394/1394/1394 1395/1395/1395 1396/1396/1396
f 1395/1395/1395 1397/1397/1397 1396/1396/1396
f 1397/1397/1397 1398/1398/1398 1396/1396/1396
f 1398/1398/1398 1399/1399/1399 1396/1396/1396
f 1398/1398/1398 1400/1400/1400 1399/1399/1399
f 1400/1400/1400 1401/1401/1401 1399/1399/1399
f 1402/1402/1402 1401/1401/1401 1400/1400/1400
f 1403/1403/1403 1402/1402/1402 1400/1400/1400
f 1402/1402/1402 1403/1403/1403 1404/1404/1404
f 1403/1403/1403 1405/1405/1405 1404/1404/1404
f 1404/1404/1404 1405/1405/1405 1406/1406/1406
f 1405/1405/1405 1407/1407/1407 1406/1406/1406
f 1407/1407/1407 1408/1408/1408 1406/1406/1406
f 1408/1408/1408 1409/1409/1409 1406/1406/1406
f 1406/1406/1406 1409/1409/1409 1383/1383/1383
f 1408/1408/1408 1381/1381/1381 1409/1409/1409
f 1409/1409/1409 1381/1381/1381 1383/1383/1383
f 1412/1412/1412 1411/1411/1411 1410/1410/1410
f 1413/1413/1413 1412/1412/1412 1410/1410/1410
f 1413/1413/1413 1410/1410/1410 1414/1414/1414
f 1415/1415/1415 1412/1412/1412 1413/1413/1413
f 1416/1416/1416 1413/1413/1413 1414/1414/1414
f 1417/1417/1417 1416/1416/1416 1414/1414/1414
f 1414/1414/1414 1418/1418/1418 1417/1417/1417
f 1417/1417/1417 1418/1418/1418 1419/1419/1419
f 1420/1420/1420 1415/1415/1415 1413/1413/1413
f 1420/1420/1420 1413/1413/1413 1416/1416/1416
f 1421/1421/1421 1417/1417/1417 1419/1419/1419
f 1419/1419/1419 1422/1422/1422 1421/1421/1421
f 1419/1419/1419 1423/1423/1423 1422/1422/1422
f 1423/1423/1423 1424/1424/1424 1422/1422/1422
f 1423/1423/1423 1425/1425/1425 1424/1424/1424
f 1425/1425/1425 1426/1426/1426 1424/1424/1424
f 1425/1425/1425 1427/1427/1427 1426/1426/1426
f 1427/1427/1427 1428/1428/1428 1426/1426/1426
f 1427/1427/1427 1429/1429/1429 1428/1428/1428
f 1429/1429/1429 1430/1430/1430 1428/1428/1428
f 1428/1428/1428 1430/1430/1430 1426/1426/1426
f 1429/1429/1429 1431/1431/1431 1430/1430/1430
f 1426/1426/1426 1432/1432/1432 1424/1424/1424
f 1430/1430/1430 1432/1432/1432 1426/1426/1426
f 1431/1431/1431 1433/1433/1433 1430/1430/1430
f 1430/1430/1430 1433/1433/1433 1432/1432/1432
f 1431/1431/1431 1434/1434/1434 1433/1433/1433
f 1424/1424/1424 1435/1435/1435 1422/1422/1422
f 1432/1432/1432 1435/1435/1435 1424/1424/1424
f 1434/1434/1434 1436/1436/1436 1433/1433/1433
f 1434/1434/1434 1437/1437/1437 1436/1436/1436
f 1433/1433/1433 1438/1438/1438 1432/1432/1432
f 1432/1432/1432 1438/1438/1438 1435/1435/1435
f 1433/1433/1433 1436/1436/1436 1438/1438/1438
f 1435/1435/1435 1439/1439/1439 1422/1422/1422
f 1422/1422/1422 1439/1439/1439 1421/1421/1421
f 1438/1438/1438 1440/1440/1440 1435/1435/1435
f 1435/1435/1435 1440/1440/1440 1439/1439/1439
f 1436/1436/1436 1441/1441/1441 1438/1438/1438
f 1438/1438/1438 1441/1441/1441 1440/1440/1440
f 1437/1437/1437 1442/1442/1442 1436/1436/1436
f 1436/1436/1436 1442/1442/1442 1441/1441/1441
f 1442/1442/1442 1437/1437/1437 1443/1443/1443
f 1437/1437/1437 1444/1444/1444 1443/1443/1443
f 1443/1443/1443 1444/1444/1444 1445/1445/1445
f 1444/1444/1444 1446/1446/1446 1445/1445/1445
f 1445/1445/1445 1446/1446/1446 1447/1447/1447
f 1446/1446/1446 1448/1448/1448 1447/1447/1447
f 1447/1447/1447 1448/1448/1448 1449/1449/1449
f 1448/1448/1448 1450/1450/1450 1449/1449/1449
f 1449/1449/1449 1450/1450/1450 1451/1451/1451
f 1447/1447/1447 1449/1449/1449 1451/1451/1451
f 1450/1450/1450 1452/1452/1452 1451/1451/1451
f 1445/1445/1445 1447/1447/1447 1453/1453/1453
f 1453/1453/1453 1447/1447/1447 1451/1451/1451
f 1451/1451/1451 1452/1452/1452 1454/1454/1454
f 1453/1453/1453 1451/1451/1451 1454/1454/1454
f 1452/1452/1452 1455/1455/1455 1454/1454/1454
f 1443/1443/1443 1445/1445/1445 1456/1456/1456
f 1456/1456/1456 1445/1445/1445 1453/1453/1453
f 1442/1442/1442 1443/1443/1443 1457/1457/1457
f 1457/1457/1457 1443/1443/1443 1456/1456/1456
f 1454/1454/1454 1455/1455/1455 1458/1458/1458
f 1455/1455/1455 1459/1459/1459 1458/1458/1458
f 1460/1460/1460 1453/1453/1453 1454/1454/1454
f 1456/1456/1456 1453/1453/1453 1460/1460/1460
f 1460/1460/1460 1454/1454/1454 1458/1458/1458
f 1461/1461/1461 1456/1456/1456 1460/1460/1460
f 1457/1457/1457 1456/1456/1456 1461/1461/1461
f 1462/1462/1462 1442/1442/1442 1457/1457/1457
f 1442/1442/1442 1462/1462/1462 1441/1441/1441
f 1463/1463/1463 1460/1460/1460 1458/1458/1458
f 1461/1461/1461 1460/1460/1460 1463/1463/1463
f 1464/1464/1464 1458/1458/1458 1459/1459/1459
f 1463/1463/1463 1458/1458/1458 1464/1464/1464
f 1459/1459/1459 1465/1465/1465 1464/1464/1464
f 1459/1459/1459 1466/1466/1466 1465/1465/1465
f 1465/1465/1465 1466/1466/1466 1467/1467/1467
f 1468/1468/1468 1457/1457/1457 1461/1461/1461
f 1462/1462/1462 1457/1457/1457 1468/1468/1468
f 1441/1441/1441 1462/1462/1462 1469/1469/1469
f 1441/1441/1441 1469/1469/1469 1440/1440/1440
f 1470/1470/1470 1461/1461/1461 1463/1463/1463
f 1468/1468/1468 1461/1461/1461 1470/1470/1470
f 1471/1471/1471 1463/1463/1463 1464/1464/1464
f 1470/1470/1470 1463/1463/1463 1471/1471/1471
f 1472/1472/1472 1462/1462/1462 1468/1468/1468
f 1462/1462/1462 1472/1472/1472 1469/1469/1469
f 1440/1440/1440 1469/1469/1469 1473/1473/1473
f 1440/1440/1440 1473/1473/1473 1439/1439/1439
f 1474/1474/1474 1468/1468/1468 1470/1470/1470
f 1472/1472/1472 1468/1468/1468 1474/1474/1474
f 1469/1469/1469 1472/1472/1472 1475/1475/1475
f 1469/1469/1469 1475/1475/1475 1473/1473/1473
f 1439/1439/1439 1473/1473/1473 1476/1476/1476
f 1439/1439/1439 1476/1476/1476 1421/1421/1421
f 1471/1471/1471 1464/1464/1464 1477/1477/1477
f 1464/1464/1464 1465/1465/1465 1477/1477/1477
f 1478/1478/1478 1470/1470/1470 1471/1471/1471
f 1474/1474/1474 1470/1470/1470 1478/1478/1478
f 1479/1479/1479 1472/1472/1472 1474/1474/1474
f 1472/1472/1472 1479/1479/1479 1475/1475/1475
f 1473/1473/1473 1475/1475/1475 1480/1480/1480
f 1473/1473/1473 1480/1480/1480 1476/1476/1476
f 1421/1421/1421 1476/1476/1476 1481/1481/1481
f 1417/1417/1417 1421/1421/1421 1481/1481/1481
f 1482/1482/1482 1471/1471/1471 1477/1477/1477
f 1478/1478/1478 1471/1471/1471 1482/1482/1482
f 1483/1483/1483 1474/1474/1474 1478/1478/1478
f 1479/1479/1479 1474/1474/1474 1483/1483/1483
f 1475/1475/1475 1479/1479/1479 1484/1484/1484
f 1475/1475/1475 1484/1484/1484 1480/1480/1480
f 1476/1476/1476 1485/1485/1485 1481/1481/1481
f 1476/1476/1476 1480/1480/1480 1485/1485/1485
f 1486/1486/1486 1417/1417/1417 1481/1481/1481
f 1486/1486/1486 1481/1481/1481 1485/1485/1485
f 1480/1480/1480 1487/1487/1487 1485/1485/1485
f 1480/1480/1480 1484/1484/1484 1487/1487/1487
f 1479/1479/1479 1488/1488/1488 1484/1484/1484
f 1488/1488/1488 1479/1479/1479 1483/1483/1483
f 1483/1483/1483 1478/1478/1478 1489/1489/1489
f 1489/1489/1489 1478/1478/1478 1482/1482/1482
f 1490/1490/1490 1417/1417/1417 1486/1486/1486
f 1417/1417/1417 1490/1490/1490 1416/1416/1416
f 1491/1491/1491 1486/1486/1486 1485/1485/1485
f 1491/1491/1491 1485/1485/1485 1487/1487/1487
f 1484/1484/1484 1492/1492/1492 1487/1487/1487
f 1484/1484/1484 1488/1488/1488 1492/1492/1492
f 1488/1488/1488 1483/1483/1483 1493/1493/1493
f 1493/1493/1493 1483/1483/1483 1489/1489/1489
f 1494/1494/1494 1416/1416/1416 1490/1490/1490
f 1494/1494/1494 1420/1420/1420 1416/1416/1416
f 1495/1495/1495 1490/1490/1490 1486/1486/1486
f 1495/1495/1495 1486/1486/1486 1491/1491/1491
f 1496/1496/1496 1491/1491/1491 1487/1487/1487
f 1496/1496/1496 1487/1487/1487 1492/1492/1492
f 1488/1488/1488 1497/1497/1497 1492/1492/1492
f 1497/1497/1497 1488/1488/1488 1493/1493/1493
f 1498/1498/1498 1494/1494/1494 1490/1490/1490
f 1498/1498/1498 1490/1490/1490 1495/1495/1495
f 1499/1499/1499 1495/1495/1495 1491/1491/1491
f 1499/1499/1499 1491/1491/1491 1496/1496/1496
f 1500/1500/1500 1496/1496/1496 1492/1492/1492
f 1500/1500/1500 1492/1492/1492 1497/1497/1497
f 1501/1501/1501 1498/1498/1498 1495/1495/1495
f 1501/1501/1501 1495/1495/1495 1499/1499/1499
f 1502/1502/1502 1499/1499/1499 1496/1496/1496
f 1502/1502/1502 1496/1496/1496 1500/1500/1500
f 1503/1503/1503 1501/1501/1501 1499/1499/1499
f 1503/1503/1503 1499/1499/1499 1502/1502/1502
f 1493/1493/1493 1504/1504/1504 1497/1497/1497
f 1505/1505/1505 1500/1500/1500 1497/1497/1497
f 1504/1504/1504 1505/1505/1505 1497/1497/1497
f 1506/1506/1506 1502/1502/1502 1500/1500/1500
f 1506/1506/1506 1500/1500/1500 1505/1505/1505
f 1507/1507/1507 1503/1503/1503 1502/1502/1502
f 1507/1507/1507 1502/1502/1502 1506/1506/1506
f 1508/1508/1508 1504/1504/1504 1493/1493/1493
f 1489/1489/1489 1508/1508/1508 1493/1493/1493
f 1509/1509/1509 1508/1508/1508 1489/1489/1489
f 1482/1482/1482 1509/1509/1509 1489/1489/1489
f 1510/1510/1510 1509/1509/1509 1482/1482/1482
f 1477/1477/1477 1510/1510/1510 1482/1482/1482
f 1465/1465/1465 1510/1510/1510 1477/1477/1477
f 1511/1511/1511 1506/1506/1506 1505/1505/1505
f 1504/1504/1504 1512/1512/1512 1505/1505/1505
f 1512/1512/1512 1511/1511/1511 1505/1505/1505
f 1508/1508/1508 1513/1513/1513 1504/1504/1504
f 1513/1513/1513 1512/1512/1512 1504/1504/1504
f 1509/1509/1509 1514/1514/1514 1508/1508/1508
f 1514/1514/1514 1513/1513/1513 1508/1508/1508
f 1510/1510/1510 1515/1515/1515 1509/1509/1509
f 1515/1515/1515 1514/1514/1514 1509/1509/1509
f 1465/1465/1465 1516/1516/1516 1510/1510/1510
f 1516/1516/1516 1515/1515/1515 1510/1510/1510
f 1517/1517/1517 1506/1506/1506 1511/1511/1511
f 1517/1517/1517 1507/1507/1507 1506/1506/1506
f 1518/1518/1518 1516/1516/1516 1465/1465/1465
f 1467/1467/1467 1518/1518/1518 1465/1465/1465
f 1519/1519/1519 1518/1518/1518 1467/1467/1467
f 1520/1520/1520 1519/1519/1519 1467/1467/1467
f 1521/1521/1521 1519/1519/1519 1520/1520/1520
f 1522/1522/1522 1521/1521/1521 1520/1520/1520
f 1521/1521/1521 1523/1523/1523 1519/1519/1519
f 1519/1519/1519 1524/1524/1524 1518/1518/1518
f 1523/1523/1523 1524/1524/1524 1519/1519/1519
f 1518/1518/1518 1525/1525/1525 1516/1516/1516
f 1524/1524/1524 1525/1525/1525 1518/1518/1518
f 1516/1516/1516 1526/1526/1526 1515/1515/1515
f 1525/1525/1525 1526/1526/1526 1516/1516/1516
f 1526/1526/1526 1527/1527/1527 1515/1515/1515
f 1515/1515/1515 1527/1527/1527 1514/1514/1514
f 1527/1527/1527 1528/1528/1528 1514/1514/1514
f 1514/1514/1514 1528/1528/1528 1513/1513/1513
f 1528/1528/1528 1529/1529/1529 1513/1513/1513
f 1513/1513/1513 1529/1529/1529 1512/1512/1512
f 1529/1529/1529 1530/1530/1530 1512/1512/1512
f 1512/1512/1512 1530/1530/1530 1511/1511/1511
f 1530/1530/1530 1531/1531/1531 1511/1511/1511
f 1531/1531/1531 1517/1517/1517 1511/1511/1511
f 1524/1524/1524 1532/1532/1532 1525/1525/1525
f 1525/1525/1525 1533/1533/1533 1526/1526/1526
f 1532/1532/1532 1533/1533/1533 1525/1525/1525
f 1526/1526/1526 1534/1534/1534 1527/1527/1527
f 1533/1533/1533 1534/1534/1534 1526/1526/1526
f 1527/1527/1527 1535/1535/1535 1528/1528/1528
f 1534/1534/1534 1535/1535/1535 1527/1527/1527
f 1535/1535/1535 1536/1536/1536 1528/1528/1528
f 1528/1528/1528 1536/1536/1536 1529/1529/1529
f 1536/1536/1536 1535/1535/1535 1534/1534/1534
f 1529/1529/1529 1537/1537/1537 1530/1530/1530
f 1536/1536/1536 1537/1537/1537 1529/1529/1529
f 1538/1538/1538 1536/1536/1536 1534/1534/1534
f 1538/1538/1538 1534/1534/1534 1533/1533/1533
f 1537/1537/1537 1536/1536/1536 1538/1538/1538
f 1537/1537/1537 1539/1539/1539 1530/1530/1530
f 1530/1530/1530 1539/1539/1539 1531/1531/1531
f 1540/1540/1540 1538/1538/1538 1533/1533/1533
f 1540/1540/1540 1533/1533/1533 1532/1532/1532
f 1541/1541/1541 1537/1537/1537 1538/1538/1538
f 1539/1539/1539 1537/1537/1537 1541/1541/1541
f 1541/1541/1541 1538/1538/1538 1540/1540/1540
f 1539/1539/1539 1542/1542/1542 1531/1531/1531
f 1543/1543/1543 1539/1539/1539 1541/1541/1541
f 1542/1542/1542 1539/1539/1539 1543/1543/1543
f 1544/1544/1544 1541/1541/1541 1540/1540/1540
f 1543/1543/1543 1541/1541/1541 1544/1544/1544
f 1545/1545/1545 1540/1540/1540 1532/1532/1532
f 1544/1544/1544 1540/1540/1540 1545/1545/1545
f 1542/1542/1542 1546/1546/1546 1531/1531/1531
f 1546/1546/1546 1517/1517/1517 1531/1531/1531
f 1545/1545/1545 1532/1532/1532 1547/1547/1547
f 1547/1547/1547 1532/1532/1532 1524/1524/1524
f 1523/1523/1523 1547/1547/1547 1524/1524/1524
f 1548/1548/1548 1547/1547/1547 1523/1523/1523
f 1548/1548/1548 1545/1545/1545 1547/1547/1547
f 1549/1549/1549 1548/1548/1548 1523/1523/1523
f 1550/1550/1550 1544/1544/1544 1545/1545/1545
f 1550/1550/1550 1545/1545/1545 1548/1548/1548
f 1551/1551/1551 1548/1548/1548 1549/1549/1549
f 1551/1551/1551 1550/1550/1550 1548/1548/1548
f 1552/1552/1552 1551/1551/1551 1549/1549/1549
f 1553/1553/1553 1544/1544/1544 1550/1550/1550
f 1553/1553/1553 1543/1543/1543 1544/1544/1544
f 1554/1554/1554 1551/1551/1551 1552/1552/1552
f 1555/1555/1555 1554/1554/1554 1552/1552/1552
f 1556/1556/1556 1550/1550/1550 1551/1551/1551
f 1556/1556/1556 1553/1553/1553 1550/1550/1550
f 1554/1554/1554 1556/1556/1556 1551/1551/1551
f 1557/1557/1557 1543/1543/1543 1553/1553/1553
f 1557/1557/1557 1542/1542/1542 1543/1543/1543
f 1558/1558/1558 1554/1554/1554 1555/1555/1555
f 1559/1559/1559 1558/1558/1558 1555/1555/1555
f 1558/1558/1558 1559/1559/1559 1560/1560/1560
f 1561/1561/1561 1553/1553/1553 1556/1556/1556
f 1561/1561/1561 1557/1557/1557 1553/1553/1553
f 1562/1562/1562 1556/1556/1556 1554/1554/1554
f 1558/1558/1558 1562/1562/1562 1554/1554/1554
f 1562/1562/1562 1561/1561/1561 1556/1556/1556
f 1563/1563/1563 1558/1558/1558 1560/1560/1560
f 1562/1562/1562 1558/1558/1558 1563/1563/1563
f 1563/1563/1563 1560/1560/1560 1564/1564/1564
f 1542/1542/1542 1557/1557/1557 1565/1565/1565
f 1546/1546/1546 1542/1542/1542 1565/1565/1565
f 1557/1557/1557 1561/1561/1561 1566/1566/1566
f 1565/1565/1565 1557/1557/1557 1566/1566/1566
f 1561/1561/1561 1562/1562/1562 1567/1567/1567
f 1567/1567/1567 1562/1562/1562 1563/1563/1563
f 1566/1566/1566 1561/1561/1561 1567/1567/1567
f 1568/1568/1568 1563/1563/1563 1564/1564/1564
f 1567/1567/1567 1563/1563/1563 1568/1568/1568
f 1568/1568/1568 1564/1564/1564 1569/1569/1569
f 1566/1566/1566 1567/1567/1567 1570/1570/1570
f 1570/1570/1570 1567/1567/1567 1568/1568/1568
f 1571/1571/1571 1568/1568/1568 1569/1569/1569
f 1570/1570/1570 1568/1568/1568 1571/1571/1571
f 1571/1571/1571 1569/1569/1569 1415/1415/1415
f 1565/1565/1565 1566/1566/1566 1572/1572/1572
f 1572/1572/1572 1566/1566/1566 1570/1570/1570
f 1546/1546/1546 1565/1565/1565 1573/1573/1573
f 1573/1573/1573 1565/1565/1565 1572/1572/1572
f 1574/1574/1574 1571/1571/1571 1415/1415/1415
f 1574/1574/1574 1415/1415/1415 1420/1420/1420
f 1575/1575/1575 1570/1570/1570 1571/1571/1571
f 1572/1572/1572 1570/1570/1570 1575/1575/1575
f 1575/1575/1575 1571/1571/1571 1574/1574/1574
f 1576/1576/1576 1574/1574/1574 1420/1420/1420
f 1576/1576/1576 1575/1575/1575 1574/1574/1574
f 1576/1576/1576 1420/1420/1420 1494/1494/1494
f 1577/1577/1577 1572/1572/1572 1575/1575/1575
f 1577/1577/1577 1575/1575/1575 1576/1576/1576
f 1573/1573/1573 1572/1572/1572 1577/1577/1577
f 1578/1578/1578 1576/1576/1576 1494/1494/1494
f 1578/1578/1578 1577/1577/1577 1576/1576/1576
f 1578/1578/1578 1494/1494/1494 1498/1498/1498
f 1579/1579/1579 1546/1546/1546 1573/1573/1573
f 1546/1546/1546 1579/1579/1579 1517/1517/1517
f 1579/1579/1579 1507/1507/1507 1517/1517/1517
f 1580/1580/1580 1573/1573/1573 1577/1577/1577
f 1580/1580/1580 1577/1577/1577 1578/1578/1578
f 1579/1579/1579 1573/1573/1573 1580/1580/1580
f 1581/1581/1581 1578/1578/1578 1498/1498/1498
f 1581/1581/1581 1580/1580/1580 1578/1578/1578
f 1581/1581/1581 1498/1498/1498 1501/1501/1501
f 1579/1579/1579 1582/1582/1582 1507/1507/1507
f 1582/1582/1582 1579/1579/1579 1580/1580/1580
f 1582/1582/1582 1580/1580/1580 1581/1581/1581
f 1582/1582/1582 1503/1503/1503 1507/1507/1507
f 1583/1583/1583 1501/1501/1501 1503/1503/1503
f 1583/1583/1583 1581/1581/1581 1501/1501/1501
f 1582/1582/1582 1583/1583/1583 1503/1503/1503
f 1583/1583/1583 1582/1582/1582 1581/1581/1581
f 1586/1586/1586 1585/1585/1585 1584/1584/1584
f 1587/1587/1587 1586/1586/1586 1584/1584/1584
f 1588/1588/1588 1586/1586/1586 1587/1587/1587
f 1589/1589/1589 1588/1588/1588 1587/1587/1587
f 1588/1588/1588 1589/1589/1589 1590/1590/1590
f 1591/1591/1591 1588/1588/1588 1590/1590/1590
f 1592/1592/1592 1591/1591/1591 1590/1590/1590
f 1595/1595/1595 1594/1594/1594 1593/1593/1593
f 1596/1596/1596 1595/1595/1595 1593/1593/1593
f 1599/1599/1599 1598/1598/1598 1597/1597/1597
f 1600/1600/1600 1599/1599/1599 1597/1597/1597
f 1601/1601/1601 1600/1600/1600 1597/1597/1597
f 1602/1602/1602 1601/1601/1601 1597/1597/1597
f 1603/1603/1603 1601/1601/1601 1602/1602/1602
f 1602/1602/1602 1604/1604/1604 1603/1603/1603
f 1602/1602/1602 1605/1605/1605 1604/1604/1604
f 1606/1606/1606 1603/1603/1603 1604/1604/1604
f 1607/1607/1607 1606/1606/1606 1604/1604/1604
f 1608/1608/1608 1606/1606/1606 1607/1607/1607
f 1607/1607/1607 1609/1609/1609 1608/1608/1608
f 1609/1609/1609 1610/1610/1610 1608/1608/1608
f 1611/1611/1611 1608/1608/1608 1610/1610/1610
f 1612/1612/1612 1611/1611/1611 1610/1610/1610
f 1611/1611/1611 1612/1612/1612 1613/1613/1613
f 1612/1612/1612 1614/1614/1614 1613/1613/1613
f 1613/1613/1613 1614/1614/1614 1615/1615/1615
f 1614/1614/1614 1616/1616/1616 1615/1615/1615
f 1615/1615/1615 1617/1617/1617 1613/1613/1613
f 1618/1618/1618 1617/1617/1617 1615/1615/1615
f 1619/1619/1619 1618/1618/1618 1615/1615/1615
f 1618/1618/1618 1619/1619/1619 1620/1620/1620
f 1619/1619/1619 1621/1621/1621 1620/1620/1620
f 1620/1620/1620 1621/1621/1621 1622/1622/1622
f 1621/1621/1621 1623/1623/1623 1622/1622/1622
f 1622/1622/1622 1624/1624/1624 1620/1620/1620
f 1624/1624/1624 1622/1622/1622 1625/1625/1625
f 1622/1622/1622 1626/1626/1626 1625/1625/1625
f 1627/1627/1627 1625/1625/1625 1626/1626/1626
f 1628/1628/1628 1627/1627/1627 1626/1626/1626
f 1627/1627/1627 1628/1628/1628 1629/1629/1629
f 1630/1630/1630 1627/1627/1627 1629/1629/1629
f 1633/1633/1633 1632/1632/1632 1631/1631/1631
f 1634/1634/1634 1633/1633/1633 1631/1631/1631
f 1637/1637/1637 1636/1636/1636 1635/1635/1635
f 1638/1638/1638 1637/1637/1637 1635/1635/1635
f 1635/1635/1635 1639/1639/1639 1638/1638/1638
f 1639/1639/1639 1635/1635/1635 1640/1640/1640
f 1635/1635/1635 1641/1641/1641 1640/1640/1640
f 1642/1642/1642 1637/1637/1637 1638/1638/1638
f 1642/1642/1642 1643/1643/1643 1637/1637/1637
f 1638/1638/1638 1644/1644/1644 1642/1642/1642
f 1645/1645/1645 1642/1642/1642 1644/1644/1644
f 1646/1646/1646 1645/1645/1645 1644/1644/1644
f 1647/1647/1647 1645/1645/1645 1646/1646/1646
f 1647/1647/1647 1648/1648/1648 1645/1645/1645
f 1646/1646/1646 1649/1649/1649 1647/1647/1647
f 1650/1650/1650 1647/1647/1647 1649/1649/1649
f 1651/1651/1651 1650/1650/1650 1649/1649/1649
f 1650/1650/1650 1651/1651/1651 1652/1652/1652
f 1651/1651/1651 1653/1653/1653 1652/1652/1652
f 1652/1652/1652 1653/1653/1653 1654/1654/1654
f 1653/1653/1653 1655/1655/1655 1654/1654/1654
f 1656/1656/1656 1654/1654/1654 1655/1655/1655
f 1657/1657/1657 1656/1656/1656 1655/1655/1655
f 1660/1660/1660 1659/1659/1659 1658/1658/1658
f 1661/1661/1661 1660/1660/1660 1658/1658/1658
f 1662/1662/1662 1660/1660/1660 1661/1661/1661
f 1663/1663/1663 1662/1662/1662 1661/1661/1661
f 1666/1666/1666 1665/1665/1665 1664/1664/1664
f 1667/1667/1667 1666/1666/1666 1664/1664/1664
f 1670/1670/1670 1669/1669/1669 1668/1668/1668
f 1671/1671/1671 1670/1670/1670 1668/1668/1668
f 1674/1674/1674 1673/1673/1673 1672/1672/1672
f 1675/1675/1675 1674/1674/1674 1672/1672/1672
f 1678/1678/1678 1677/1677/1677 1676/1676/1676
f 1679/1679/1679 1678/1678/1678 1676/1676/1676
f 1682/1682/1682 1681/1681/1681 1680/1680/1680
f 1683/1683/1683 1682/1682/1682 1680/1680/1680
f 1686/1686/1686 1685/1685/1685 1684/1684/1684
f 1687/1687/1687 1686/1686/1686 1684/1684/1684
f 1688/1688/1688 1686/1686/1686 1687/1687/1687
f 1689/1689/1689 1688/1688/1688 1687/1687/1687
f 1692/1692/1692 1691/1691/1691 1690/1690/1690
f 1693/1693/1693 1692/1692/1692 1690/1690/1690
f 1692/1692/1692 1693/1693/1693 1694/1694/1694
f 1693/1693/1693 1695/1695/1695 1694/1694/1694
f 1694/1694/1694 1696/1696/1696 1692/1692/1692
f 1697/1697/1697 1696/1696/1696 1694/1694/1694
f 1698/1698/1698 1697/1697/1697 1694/1694/1694
f 1699/1699/1699 1697/1697/1697 1698/1698/1698
f 1700/1700/1700 1699/1699/1699 1698/1698/1698
f 1699/1699/1699 1700/1700/1700 1701/1701/1701
f 1700/1700/1700 1702/1702/1702 1701/1701/1701
f 1705/1705/1705 1704/1704/1704 1703/1703/1703
f 1706/1706/1706 1705/1705/1705 1703/1703/1703
f 1709/1709/1709 1708/1708/1708 1707/1707/1707
f 1708/1708/1708 1710/1710/1710 1707/1707/1707
f 1711/1711/1711 1707/1707/1707 1710/1710/1710
f 1712/1712/1712 1711/1711/1711 1710/1710/1710
f 1715/1715/1715 1714/1714/1714 1713/1713/1713
f 1716/1716/1716 1715/1715/1715 1713/1713/1713
f 1715/1715/1715 1716/1716/1716 1717/1717/1717
f 1716/1716/1716 1718/1718/1718 1717/1717/1717
f 1721/1721/1721 1720/1720/1720 1719/1719/1719
f 1722/1722/1722 1721/1721/1721 1719/1719/1719
f 1725/1725/1725 1724/1724/1724 1723/1723/1723
f 1726/1726/1726 1725/1725/1725 1723/1723/1723
f 1729/1729/1729 1728/1728/1728 1727/1727/1727
f 1730/1730/1730 1729/1729/1729 1727/1727/1727
f 1733/1733/1733 1732/1732/1732 1731/1731/1731
f 1732/1732/1732 1734/1734/1734 1731/1731/1731
f 1731/1731/1731 1734/1734/1734 1735/1735/1735
f 1734/1734/1734 1736/1736/1736 1735/1735/1735
f 1739/1739/1739 1738/1738/1738 1737/1737/1737
f 1740/1740/1740 1739/1739/1739 1737/1737/1737
f 1743/1743/1743 1742/1742/1742 1741/1741/1741
f 1744/1744/1744 1743/1743/1743 1741/1741/1741
f 1745/1745/1745 1743/1743/1743 1744/1744/1744
f 1746/1746/1746 1745/1745/1745 1744/1744/1744
f 1749/1749/1749 1748/1748/1748 1747/1747/1747
f 1750/1750/1750 1749/1749/1749 1747/1747/1747
f 1753/1753/1753 1752/1752/1752 1751/1751/1751
f 1754/1754/1754 1753/1753/1753 1751/1751/1751
f 1757/1757/1757 1756/1756/1756 1755/1755/1755
f 1758/1758/1758 1757/1757/1757 1755/1755/1755
f 1761/1761/1761 1760/1760/1760 1759/1759/1759
f 1762/1762/1762 1761/1761/1761 1759/1759/1759
f 1765/1765/1765 1764/1764/1764 1763/1763/1763
f 1766/1766/1766 1765/1765/1765 1763/1763/1763
f 1769/1769/1769 1768/1768/1768 1767/1767/1767
f 1768/1768/1768 1770/1770/1770 1767/1767/1767
f 1771/1771/1771 1767/1767/1767 1770/1770/1770
f 1768/1768/1768 1772/1772/1772 1770/1770/1770
f 1773/1773/1773 1770/1770/1770 1772/1772/1772
f 1771/1771/1771 1770/1770/1770 1774/1774/1774
f 1775/1775/1775 1774/1774/1774 1770/1770/1770
f 1775/1775/1775 1770/1770/1770 1776/1776/1776
f 1776/1776/1776 1770/1770/1770 1777/1777/1777
f 1778/1778/1778 1777/1777/1777 1770/1770/1770
f 1778/1778/1778 1770/1770/1770 1779/1779/1779
f 1780/1780/1780 1779/1779/1779 1770/1770/1770
f 1780/1780/1780 1770/1770/1770 1781/1781/1781
f 1782/1782/1782 1780/1780/1780 1781/1781/1781
f 1783/1783/1783 1781/1781/1781 1770/1770/1770
f 1783/1783/1783 1770/1770/1770 1784/1784/1784
f 1787/1787/1787 1786/1786/1786 1785/1785/1785
f 1788/1788/1788 1786/1786/1786 1787/1787/1787
f 1788/1788/1788 1789/1789/1789 1786/1786/1786
f 1790/1790/1790 1786/1786/1786 1789/1789/1789
f 1790/1790/1790 1791/1791/1791 1786/1786/1786
f 1792/1792/1792 1786/1786/1786 1791/1791/1791
f 1792/1792/1792 1793/1793/1793 1786/1786/1786
f 1793/1793/1793 1794/1794/1794 1786/1786/1786
f 1795/1795/1795 1786/1786/1786 1794/1794/1794
f 1795/1795/1795 1796/1796/1796 1786/1786/1786
f 1797/1797/1797 1786/1786/1786 1796/1796/1796
f 1797/1797/1797 1798/1798/1798 1786/1786/1786
f 1799/1799/1799 1786/1786/1786 1798/1798/1798
f 1800/1800/1800 1786/1786/1786 1799/1799/1799
f 1803/1803/1803 1802/1802/1802 1801/1801/1801
f 1802/1802/1802 1804/1804/1804 1801/1801/1801
f 1801/1801/1801 1804/1804/1804 1805/1805/1805
f 1804/1804/1804 1806/1806/1806 1805/1805/1805
f 1804/1804/1804 1807/1807/1807 1806/1806/1806
f 1805/1805/1805 1806/1806/1806 1808/1808/1808
f 1806/1806/1806 1807/1807/1807 1808/1808/1808
f 1807/1807/1807 1809/1809/1809 1808/1808/1808
f 1810/1810/1810 1805/1805/1805 1808/1808/1808
f 1810/1810/1810 1808/1808/1808 1811/1811/1811
f 1811/1811/1811 1812/1812/1812 1810/1810/1810
f 1811/1811/1811 1813/1813/1813 1812/1812/1812
f 1813/1813/1813 1814/1814/1814 1812/1812/1812
f 1817/1817/1817 1816/1816/1816 1815/1815/1815
f 1815/1815/1815 1818/1818/1818 1817/1817/1817
f 1815/1815/1815 1819/1819/1819 1818/1818/1818
f 1819/1819/1819 1820/1820/1820 1818/1818/1818
f 1821/1821/1821 1817/1817/1817 1818/1818/1818
f 1822/1822/1822 1817/1817/1817 1821/1821/1821
f 1820/1820/1820 1823/1823/1823 1818/1818/1818
f 1824/1824/1824 1821/1821/1821 1818/1818/1818
f 1818/1818/1818 1823/1823/1823 1824/1824/1824
f 1825/1825/1825 1822/1822/1822 1821/1821/1821
f 1826/1826/1826 1821/1821/1821 1824/1824/1824
f 1826/1826/1826 1825/1825/1825 1821/1821/1821
f 1825/1825/1825 1827/1827/1827 1822/1822/1822
f 1827/1827/1827 1828/1828/1828 1822/1822/1822
f 1829/1829/1829 1828/1828/1828 1827/1827/1827
f 1830/1830/1830 1829/1829/1829 1827/1827/1827
f 1831/1831/1831 1829/1829/1829 1830/1830/1830
f 1832/1832/1832 1827/1827/1827 1825/1825/1825
f 1833/1833/1833 1825/1825/1825 1826/1826/1826
f 1833/1833/1833 1832/1832/1832 1825/1825/1825
f 1832/1832/1832 1834/1834/1834 1827/1827/1827
f 1830/1830/1830 1827/1827/1827 1834/1834/1834
f 1835/1835/1835 1832/1832/1832 1833/1833/1833
f 1832/1832/1832 1835/1835/1835 1834/1834/1834
f 1833/1833/1833 1826/1826/1826 1836/1836/1836
f 1836/1836/1836 1835/1835/1835 1833/1833/1833
f 1837/1837/1837 1826/1826/1826 1824/1824/1824
f 1836/1836/1836 1826/1826/1826 1838/1838/1838
f 1838/1838/1838 1826/1826/1826 1837/1837/1837
f 1839/1839/1839 1837/1837/1837 1824/1824/1824
f 1823/1823/1823 1839/1839/1839 1824/1824/1824
f 1830/1830/1830 1834/1834/1834 1840/1840/1840
f 1840/1840/1840 1834/1834/1834 1841/1841/1841
f 1841/1841/1841 1834/1834/1834 1835/1835/1835
f 1842/1842/1842 1830/1830/1830 1840/1840/1840
f 1843/1843/1843 1840/1840/1840 1841/1841/1841
f 1842/1842/1842 1831/1831/1831 1830/1830/1830
f 1841/1841/1841 1844/1844/1844 1843/1843/1843
f 1844/1844/1844 1845/1845/1845 1843/1843/1843
f 1835/1835/1835 1846/1846/1846 1841/1841/1841
f 1846/1846/1846 1844/1844/1844 1841/1841/1841
f 1847/1847/1847 1846/1846/1846 1835/1835/1835
f 1836/1836/1836 1847/1847/1847 1835/1835/1835
f 1844/1844/1844 1846/1846/1846 1848/1848/1848
f 1846/1846/1846 1847/1847/1847 1848/1848/1848
f 1849/1849/1849 1844/1844/1844 1848/1848/1848
f 1845/1845/1845 1844/1844/1844 1849/1849/1849
f 1850/1850/1850 1845/1845/1845 1849/1849/1849
f 1845/1845/1845 1850/1850/1850 1851/1851/1851
f 1831/1831/1831 1842/1842/1842 1852/1852/1852
f 1852/1852/1852 1842/1842/1842 1853/1853/1853
f 1854/1854/1854 1847/1847/1847 1836/1836/1836
f 1838/1838/1838 1854/1854/1854 1836/1836/1836
f 1847/1847/1847 1855/1855/1855 1848/1848/1848
f 1855/1855/1855 1856/1856/1856 1848/1848/1848
f 1855/1855/1855 1847/1847/1847 1857/1857/1857
f 1855/1855/1855 1857/1857/1857 1856/1856/1856
f 1847/1847/1847 1854/1854/1854 1857/1857/1857
f 1857/1857/1857 1858/1858/1858 1856/1856/1856
f 1859/1859/1859 1854/1854/1854 1838/1838/1838
f 1857/1857/1857 1854/1854/1854 1859/1859/1859
f 1858/1858/1858 1857/1857/1857 1860/1860/1860
f 1860/1860/1860 1857/1857/1857 1859/1859/1859
f 1861/1861/1861 1858/1858/1858 1860/1860/1860
f 1861/1861/1861 1860/1860/1860 1862/1862/1862
f 1863/1863/1863 1859/1859/1859 1838/1838/1838
f 1863/1863/1863 1838/1838/1838 1837/1837/1837
f 1860/1860/1860 1864/1864/1864 1862/1862/1862
f 1862/1862/1862 1864/1864/1864 1865/1865/1865
f 1859/1859/1859 1866/1866/1866 1860/1860/1860
f 1866/1866/1866 1859/1859/1859 1863/1863/1863
f 1866/1866/1866 1864/1864/1864 1860/1860/1860
f 1837/1837/1837 1867/1867/1867 1863/1863/1863
f 1867/1867/1867 1866/1866/1866 1863/1863/1863
f 1837/1837/1837 1839/1839/1839 1867/1867/1867
f 1864/1864/1864 1868/1868/1868 1865/1865/1865
f 1864/1864/1864 1866/1866/1866 1868/1868/1868
f 1868/1868/1868 1851/1851/1851 1865/1865/1865
f 1869/1869/1869 1866/1866/1866 1867/1867/1867
f 1866/1866/1866 1869/1869/1869 1868/1868/1868
f 1870/1870/1870 1851/1851/1851 1868/1868/1868
f 1869/1869/1869 1870/1870/1870 1868/1868/1868
f 1870/1870/1870 1845/1845/1845 1851/1851/1851
f 1871/1871/1871 1869/1869/1869 1867/1867/1867
f 1871/1871/1871 1867/1867/1867 1839/1839/1839
f 1870/1870/1870 1869/1869/1869 1871/1871/1871
f 1845/1845/1845 1870/1870/1870 1872/1872/1872
f 1872/1872/1872 1870/1870/1870 1871/1871/1871
f 1873/1873/1873 1845/1845/1845 1872/1872/1872
f 1853/1853/1853 1873/1873/1873 1872/1872/1872
f 1874/1874/1874 1853/1853/1853 1872/1872/1872
f 1874/1874/1874 1872/1872/1872 1871/1871/1871
f 1874/1874/1874 1852/1852/1852 1853/1853/1853
f 1875/1875/1875 1871/1871/1871 1839/1839/1839
f 1871/1871/1871 1875/1875/1875 1874/1874/1874
f 1875/1875/1875 1852/1852/1852 1874/1874/1874
f 1875/1875/1875 1839/1839/1839 1823/1823/1823
f 1876/1876/1876 1852/1852/1852 1875/1875/1875
f 1876/1876/1876 1831/1831/1831 1852/1852/1852
f 1877/1877/1877 1875/1875/1875 1823/1823/1823
f 1877/1877/1877 1876/1876/1876 1875/1875/1875
f 1877/1877/1877 1823/1823/1823 1820/1820/1820
f 1820/1820/1820 1878/1878/1878 1877/1877/1877
f 1820/1820/1820 1879/1879/1879 1878/1878/1878
f 1877/1877/1877 1878/1878/1878 1880/1880/1880
f 1876/1876/1876 1877/1877/1877 1880/1880/1880
f 1831/1831/1831 1876/1876/1876 1881/1881/1881
f 1881/1881/1881 1882/1882/1882 1831/1831/1831
f 1876/1876/1876 1883/1883/1883 1881/1881/1881
f 1880/1880/1880 1883/1883/1883 1876/1876/1876
f 1880/1880/1880 1884/1884/1884 1883/1883/1883
f 1880/1880/1880 1885/1885/1885 1884/1884/1884
f 1888/1888/1888 1887/1887/1887 1886/1886/1886
f 1887/1887/1887 1889/1889/1889 1886/1886/1886
f 1886/1886/1886 1889/1889/1889 1890/1890/1890
f 1887/1887/1887 1891/1891/1891 1889/1889/1889
f 1889/1889/1889 1892/1892/1892 1890/1890/1890
f 1893/1893/1893 1890/1890/1890 1892/1892/1892
f 1894/1894/1894 1893/1893/1893 1892/1892/1892
f 1891/1891/1891 1895/1895/1895 1889/1889/1889
f 1889/1889/1889 1895/1895/1895 1892/1892/1892
f 1891/1891/1891 1896/1896/1896 1895/1895/1895
f 1896/1896/1896 1897/1897/1897 1895/1895/1895
f 1895/1895/1895 1898/1898/1898 1892/1892/1892
f 1894/1894/1894 1892/1892/1892 1898/1898/1898
f 1895/1895/1895 1897/1897/1897 1899/1899/1899
f 1897/1897/1897 1900/1900/1900 1899/1899/1899
f 1901/1901/1901 1899/1899/1899 1900/1900/1900
f 1901/1901/1901 1902/1902/1902 1899/1899/1899
f 1901/1901/1901 1903/1903/1903 1902/1902/1902
f 1902/1902/1902 1903/1903/1903 1904/1904/1904
f 1905/1905/1905 1894/1894/1894 1898/1898/1898
f 1906/1906/1906 1902/1902/1902 1904/1904/1904
f 1907/1907/1907 1894/1894/1894 1905/1905/1905
f 1908/1908/1908 1907/1907/1907 1905/1905/1905
f 1909/1909/1909 1907/1907/1907 1908/1908/1908
f 1910/1910/1910 1909/1909/1909 1908/1908/1908
f 1906/1906/1906 1904/1904/1904 1911/1911/1911
f 1906/1906/1906 1912/1912/1912 1910/1910/1910
f 1912/1912/1912 1906/1906/1906 1911/1911/1911
f 1910/1910/1910 1912/1912/1912 1913/1913/1913
f 1914/1914/1914 1912/1912/1912 1911/1911/1911
f 1914/1914/1914 1913/1913/1913 1912/1912/1912
f 1904/1904/1904 1915/1915/1915 1911/1911/1911
f 1916/1916/1916 1915/1915/1915 1904/1904/1904
f 1917/1917/1917 1916/1916/1916 1904/1904/1904
f 1918/1918/1918 1916/1916/1916 1917/1917/1917
f 1919/1919/1919 1918/1918/1918 1917/1917/1917
f 1920/1920/1920 1918/1918/1918 1919/1919/1919
f 1921/1921/1921 1920/1920/1920 1919/1919/1919
f 1922/1922/1922 1920/1920/1920 1921/1921/1921
f 1915/1915/1915 1923/1923/1923 1911/1911/1911
f 1924/1924/1924 1922/1922/1922 1921/1921/1921
f 1911/1911/1911 1923/1923/1923 1925/1925/1925
f 1914/1914/1914 1911/1911/1911 1925/1925/1925
f 1923/1923/1923 1926/1926/1926 1925/1925/1925
f 1925/1925/1925 1926/1926/1926 1927/1927/1927
f 1928/1928/1928 1914/1914/1914 1925/1925/1925
f 1928/1928/1928 1925/1925/1925 1927/1927/1927
f 1913/1913/1913 1914/1914/1914 1928/1928/1928
f 1928/1928/1928 1927/1927/1927 1913/1913/1913
f 1929/1929/1929 1922/1922/1922 1924/1924/1924
f 1930/1930/1930 1929/1929/1929 1924/1924/1924
f 1929/1929/1929 1931/1931/1931 1922/1922/1922
f 1932/1932/1932 1931/1931/1931 1929/1929/1929
f 1933/1933/1933 1932/1932/1932 1929/1929/1929
f 1934/1934/1934 1932/1932/1932 1933/1933/1933
f 1935/1935/1935 1934/1934/1934 1933/1933/1933
f 1931/1931/1931 1936/1936/1936 1922/1922/1922
f 1931/1931/1931 1937/1937/1937 1936/1936/1936
f 1922/1922/1922 1936/1936/1936 1938/1938/1938
f 1937/1937/1937 1939/1939/1939 1936/1936/1936
f 1936/1936/1936 1940/1940/1940 1938/1938/1938
f 1936/1936/1936 1939/1939/1939 1940/1940/1940
f 1938/1938/1938 1940/1940/1940 1941/1941/1941
f 1939/1939/1939 1942/1942/1942 1940/1940/1940
f 1940/1940/1940 1943/1943/1943 1941/1941/1941
f 1940/1940/1940 1942/1942/1942 1943/1943/1943
f 1941/1941/1941 1943/1943/1943 1944/1944/1944
f 1942/1942/1942 1893/1893/1893 1943/1943/1943
f 1943/1943/1943 1945/1945/1945 1944/1944/1944
f 1943/1943/1943 1893/1893/1893 1945/1945/1945
f 1945/1945/1945 1946/1946/1946 1944/1944/1944
f 1946/1946/1946 1947/1947/1947 1944/1944/1944
f 1893/1893/1893 1948/1948/1948 1945/1945/1945
f 1894/1894/1894 1948/1948/1948 1893/1893/1893
f 1948/1948/1948 1949/1949/1949 1945/1945/1945
f 1949/1949/1949 1948/1948/1948 1894/1894/1894
f 1949/1949/1949 1946/1946/1946 1945/1945/1945
f 1946/1946/1946 1950/1950/1950 1947/1947/1947
f 1950/1950/1950 1951/1951/1951 1947/1947/1947
f 1952/1952/1952 1949/1949/1949 1894/1894/1894
f 1952/1952/1952 1894/1894/1894 1907/1907/1907
f 1949/1949/1949 1953/1953/1953 1946/1946/1946
f 1953/1953/1953 1950/1950/1950 1946/1946/1946
f 1953/1953/1953 1949/1949/1949 1952/1952/1952
f 1951/1951/1951 1950/1950/1950 1954/1954/1954
f 1950/1950/1950 1953/1953/1953 1954/1954/1954
f 1926/1926/1926 1951/1951/1951 1954/1954/1954
f 1952/1952/1952 1907/1907/1907 1955/1955/1955
f 1909/1909/1909 1955/1955/1955 1907/1907/1907
f 1956/1956/1956 1953/1953/1953 1952/1952/1952
f 1956/1956/1956 1952/1952/1952 1955/1955/1955
f 1957/1957/1957 1926/1926/1926 1954/1954/1954
f 1926/1926/1926 1957/1957/1957 1927/1927/1927
f 1953/1953/1953 1958/1958/1958 1954/1954/1954
f 1953/1953/1953 1956/1956/1956 1958/1958/1958
f 1959/1959/1959 1957/1957/1957 1954/1954/1954
f 1954/1954/1954 1958/1958/1958 1959/1959/1959
f 1955/1955/1955 1960/1960/1960 1956/1956/1956
f 1956/1956/1956 1961/1961/1961 1958/1958/1958
f 1960/1960/1960 1961/1961/1961 1956/1956/1956
f 1960/1960/1960 1962/1962/1962 1961/1961/1961
f 1960/1960/1960 1955/1955/1955 1963/1963/1963
f 1963/1963/1963 1955/1955/1955 1909/1909/1909
f 1963/1963/1963 1962/1962/1962 1960/1960/1960
f 1964/1964/1964 1958/1958/1958 1961/1961/1961
f 1958/1958/1958 1964/1964/1964 1959/1959/1959
f 1962/1962/1962 1965/1965/1965 1961/1961/1961
f 1965/1965/1965 1964/1964/1964 1961/1961/1961
f 1957/1957/1957 1959/1959/1959 1966/1966/1966
f 1959/1959/1959 1964/1964/1964 1967/1967/1967
f 1959/1959/1959 1967/1967/1967 1966/1966/1966
f 1968/1968/1968 1964/1964/1964 1965/1965/1965
f 1964/1964/1964 1968/1968/1968 1967/1967/1967
f 1969/1969/1969 1965/1965/1965 1962/1962/1962
f 1969/1969/1969 1968/1968/1968 1965/1965/1965
f 1968/1968/1968 1970/1970/1970 1967/1967/1967
f 1966/1966/1966 1967/1967/1967 1970/1970/1970
f 1957/1957/1957 1966/1966/1966 1971/1971/1971
f 1927/1927/1927 1957/1957/1957 1971/1971/1971
f 1969/1969/1969 1972/1972/1972 1968/1968/1968
f 1968/1968/1968 1972/1972/1972 1970/1970/1970
f 1966/1966/1966 1973/1973/1973 1971/1971/1971
f 1973/1973/1973 1966/1966/1966 1970/1970/1970
f 1927/1927/1927 1971/1971/1971 1974/1974/1974
f 1971/1971/1971 1973/1973/1973 1974/1974/1974
f 1975/1975/1975 1969/1969/1969 1962/1962/1962
f 1969/1969/1969 1975/1975/1975 1972/1972/1972
f 1970/1970/1970 1972/1972/1972 1976/1976/1976
f 1970/1970/1970 1976/1976/1976 1973/1973/1973
f 1927/1927/1927 1974/1974/1974 1977/1977/1977
f 1913/1913/1913 1927/1927/1927 1977/1977/1977
f 1978/1978/1978 1975/1975/1975 1962/1962/1962
f 1978/1978/1978 1962/1962/1962 1979/1979/1979
f 1962/1962/1962 1963/1963/1963 1979/1979/1979
f 1979/1979/1979 1963/1963/1963 1980/1980/1980
f 1980/1980/1980 1963/1963/1963 1909/1909/1909
f 1972/1972/1972 1981/1981/1981 1976/1976/1976
f 1975/1975/1975 1982/1982/1982 1972/1972/1972
f 1972/1972/1972 1982/1982/1982 1981/1981/1981
f 1978/1978/1978 1983/1983/1983 1975/1975/1975
f 1979/1979/1979 1984/1984/1984 1978/1978/1978
f 1984/1984/1984 1983/1983/1983 1978/1978/1978
f 1983/1983/1983 1985/1985/1985 1975/1975/1975
f 1975/1975/1975 1985/1985/1985 1982/1982/1982
f 1983/1983/1983 1984/1984/1984 1986/1986/1986
f 1985/1985/1985 1983/1983/1983 1986/1986/1986
f 1985/1985/1985 1986/1986/1986 1987/1987/1987
f 1984/1984/1984 1988/1988/1988 1986/1986/1986
f 1985/1985/1985 1987/1987/1987 1989/1989/1989
f 1984/1984/1984 1990/1990/1990 1988/1988/1988
f 1990/1990/1990 1984/1984/1984 1979/1979/1979
f 1990/1990/1990 1991/1991/1991 1988/1988/1988
f 1992/1992/1992 1990/1990/1990 1979/1979/1979
f 1992/1992/1992 1979/1979/1979 1980/1980/1980
f 1990/1990/1990 1993/1993/1993 1991/1991/1991
f 1993/1993/1993 1990/1990/1990 1992/1992/1992
f 1993/1993/1993 1994/1994/1994 1991/1991/1991
f 1995/1995/1995 1994/1994/1994 1993/1993/1993
f 1996/1996/1996 1995/1995/1995 1993/1993/1993
f 1997/1997/1997 1995/1995/1995 1996/1996/1996
f 1998/1998/1998 1993/1993/1993 1992/1992/1992
f 1996/1996/1996 1993/1993/1993 1998/1998/1998
f 1992/1992/1992 1980/1980/1980 1999/1999/1999
f 1998/1998/1998 1992/1992/1992 1999/1999/1999
f 2000/2000/2000 1997/1997/1997 1996/1996/1996
f 2001/2001/2001 1997/1997/1997 2000/2000/2000
f 2002/2002/2002 1996/1996/1996 1998/1998/1998
f 2002/2002/2002 1998/1998/1998 1999/1999/1999
f 2000/2000/2000 1996/1996/1996 2002/2002/2002
f 1999/1999/1999 1980/1980/1980 2003/2003/2003
f 1980/1980/1980 1909/1909/1909 2003/2003/2003
f 2004/2004/2004 2001/2001/2001 2000/2000/2000
f 2005/2005/2005 2001/2001/2001 2004/2004/2004
f 2006/2006/2006 2002/2002/2002 1999/1999/1999
f 2006/2006/2006 1999/1999/1999 2003/2003/2003
f 2007/2007/2007 2000/2000/2000 2002/2002/2002
f 2004/2004/2004 2000/2000/2000 2007/2007/2007
f 2007/2007/2007 2002/2002/2002 2006/2006/2006
f 2003/2003/2003 1909/1909/1909 2008/2008/2008
f 1909/1909/1909 1910/1910/1910 2008/2008/2008
f 2009/2009/2009 2006/2006/2006 2003/2003/2003
f 2009/2009/2009 2003/2003/2003 2008/2008/2008
f 2010/2010/2010 2007/2007/2007 2006/2006/2006
f 2010/2010/2010 2006/2006/2006 2009/2009/2009
f 2011/2011/2011 2004/2004/2004 2007/2007/2007
f 2011/2011/2011 2007/2007/2007 2010/2010/2010
f 2012/2012/2012 2005/2005/2005 2004/2004/2004
f 2012/2012/2012 2004/2004/2004 2011/2011/2011
f 2013/2013/2013 2005/2005/2005 2012/2012/2012
f 2014/2014/2014 2005/2005/2005 2013/2013/2013
f 2015/2015/2015 2014/2014/2014 2013/2013/2013
f 2016/2016/2016 2012/2012/2012 2011/2011/2011
f 2013/2013/2013 2012/2012/2012 2016/2016/2016
f 2015/2015/2015 2013/2013/2013 2017/2017/2017
f 2017/2017/2017 2013/2013/2013 2016/2016/2016
f 2018/2018/2018 2015/2015/2015 2017/2017/2017
f 2019/2019/2019 2011/2011/2011 2010/2010/2010
f 2016/2016/2016 2011/2011/2011 2019/2019/2019
f 2020/2020/2020 2010/2010/2010 2009/2009/2009
f 2019/2019/2019 2010/2010/2010 2020/2020/2020
f 2017/2017/2017 2016/2016/2016 2021/2021/2021
f 2021/2021/2021 2016/2016/2016 2019/2019/2019
f 2018/2018/2018 2017/2017/2017 2022/2022/2022
f 2022/2022/2022 2017/2017/2017 2021/2021/2021
f 2023/2023/2023 2018/2018/2018 2022/2022/2022
f 2023/2023/2023 2022/2022/2022 2024/2024/2024
f 2022/2022/2022 2021/2021/2021 2024/2024/2024
f 2025/2025/2025 2023/2023/2023 2024/2024/2024
f 2021/2021/2021 2019/2019/2019 2026/2026/2026
f 2026/2026/2026 2019/2019/2019 2020/2020/2020
f 2024/2024/2024 2021/2021/2021 2026/2026/2026
f 2020/2020/2020 2009/2009/2009 2027/2027/2027
f 2027/2027/2027 2009/2009/2009 2008/2008/2008
f 2025/2025/2025 2024/2024/2024 2028/2028/2028
f 2024/2024/2024 2026/2026/2026 2029/2029/2029
f 2028/2028/2028 2024/2024/2024 2029/2029/2029
f 2030/2030/2030 2026/2026/2026 2020/2020/2020
f 2026/2026/2026 2030/2030/2030 2029/2029/2029
f 2031/2031/2031 2020/2020/2020 2027/2027/2027
f 2030/2030/2030 2020/2020/2020 2031/2031/2031
f 2029/2029/2029 2030/2030/2030 2032/2032/2032
f 2028/2028/2028 2029/2029/2029 2032/2032/2032
f 2033/2033/2033 2025/2025/2025 2028/2028/2028
f 2034/2034/2034 2025/2025/2025 2033/2033/2033
f 2030/2030/2030 2031/2031/2031 2035/2035/2035
f 2030/2030/2030 2035/2035/2035 2032/2032/2032
f 2031/2031/2031 2027/2027/2027 2036/2036/2036
f 2031/2031/2031 2036/2036/2036 2035/2035/2035
f 2033/2033/2033 2028/2028/2028 2037/2037/2037
f 2037/2037/2037 2028/2028/2028 2032/2032/2032
f 2038/2038/2038 2034/2034/2034 2033/2033/2033
f 2039/2039/2039 2033/2033/2033 2037/2037/2037
f 2038/2038/2038 2033/2033/2033 2039/2039/2039
f 2034/2034/2034 2038/2038/2038 2040/2040/2040
f 2041/2041/2041 2034/2034/2034 2040/2040/2040
f 2042/2042/2042 2041/2041/2041 2040/2040/2040
f 2038/2038/2038 2039/2039/2039 2043/2043/2043
f 2040/2040/2040 2038/2038/2038 2043/2043/2043
f 2044/2044/2044 2042/2042/2042 2040/2040/2040
f 2044/2044/2044 2040/2040/2040 2043/2043/2043
f 2045/2045/2045 2042/2042/2042 2044/2044/2044
f 2039/2039/2039 2037/2037/2037 2046/2046/2046
f 2043/2043/2043 2039/2039/2039 2046/2046/2046
f 2037/2037/2037 2032/2032/2032 2047/2047/2047
f 2046/2046/2046 2037/2037/2037 2047/2047/2047
f 2048/2048/2048 2045/2045/2045 2044/2044/2044
f 2045/2045/2045 2048/2048/2048 2049/2049/2049
f 2048/2048/2048 2050/2050/2050 2049/2049/2049
f 2049/2049/2049 2050/2050/2050 2051/2051/2051
f 2050/2050/2050 2052/2052/2052 2051/2051/2051
f 2051/2051/2051 2052/2052/2052 2053/2053/2053
f 2053/2053/2053 2054/2054/2054 2051/2051/2051
f 2053/2053/2053 2055/2055/2055 2054/2054/2054
f 2054/2054/2054 2055/2055/2055 2056/2056/2056
f 2055/2055/2055 2057/2057/2057 2056/2056/2056
f 2056/2056/2056 2057/2057/2057 2058/2058/2058
f 2048/2048/2048 2044/2044/2044 2059/2059/2059
f 2048/2048/2048 2059/2059/2059 2060/2060/2060
f 2059/2059/2059 2044/2044/2044 2043/2043/2043
f 2059/2059/2059 2061/2061/2061 2060/2060/2060
f 2059/2059/2059 2043/2043/2043 2061/2061/2061
f 2043/2043/2043 2046/2046/2046 2061/2061/2061
f 2060/2060/2060 2061/2061/2061 2062/2062/2062
f 2061/2061/2061 2046/2046/2046 2063/2063/2063
f 2061/2061/2061 2063/2063/2063 2062/2062/2062
f 2046/2046/2046 2047/2047/2047 2063/2063/2063
f 2062/2062/2062 2063/2063/2063 2064/2064/2064
f 2063/2063/2063 2047/2047/2047 2064/2064/2064
f 2065/2065/2065 2062/2062/2062 2064/2064/2064
f 2047/2047/2047 2066/2066/2066 2064/2064/2064
f 2047/2047/2047 2032/2032/2032 2066/2066/2066
f 2032/2032/2032 2035/2035/2035 2066/2066/2066
f 2065/2065/2065 2064/2064/2064 2067/2067/2067
f 2064/2064/2064 2066/2066/2066 2067/2067/2067
f 2068/2068/2068 2065/2065/2065 2067/2067/2067
f 2066/2066/2066 2035/2035/2035 2069/2069/2069
f 2066/2066/2066 2069/2069/2069 2067/2067/2067
f 2035/2035/2035 2036/2036/2036 2069/2069/2069
f 2068/2068/2068 2067/2067/2067 2070/2070/2070
f 2067/2067/2067 2069/2069/2069 2070/2070/2070
f 2057/2057/2057 2068/2068/2068 2070/2070/2070
f 2069/2069/2069 2036/2036/2036 2071/2071/2071
f 2069/2069/2069 2071/2071/2071 2070/2070/2070
f 2057/2057/2057 2070/2070/2070 2072/2072/2072
f 2070/2070/2070 2071/2071/2071 2072/2072/2072
f 2036/2036/2036 2073/2073/2073 2071/2071/2071
f 2027/2027/2027 2073/2073/2073 2036/2036/2036
f 2071/2071/2071 2073/2073/2073 2074/2074/2074
f 2071/2071/2071 2074/2074/2074 2072/2072/2072
f 2027/2027/2027 2075/2075/2075 2073/2073/2073
f 2073/2073/2073 2075/2075/2075 2074/2074/2074
f 2027/2027/2027 2008/2008/2008 2075/2075/2075
f 2075/2075/2075 2008/2008/2008 2076/2076/2076
f 2008/2008/2008 1910/1910/1910 2076/2076/2076
f 2076/2076/2076 1910/1910/1910 1913/1913/1913
f 2074/2074/2074 2075/2075/2075 2077/2077/2077
f 2075/2075/2075 2076/2076/2076 2077/2077/2077
f 2076/2076/2076 1913/1913/1913 2078/2078/2078
f 2077/2077/2077 2076/2076/2076 2078/2078/2078
f 2078/2078/2078 1913/1913/1913 1977/1977/1977
f 2074/2074/2074 2077/2077/2077 2079/2079/2079
f 2072/2072/2072 2074/2074/2074 2079/2079/2079
f 2077/2077/2077 2078/2078/2078 2080/2080/2080
f 2079/2079/2079 2077/2077/2077 2080/2080/2080
f 2078/2078/2078 1977/1977/1977 2081/2081/2081
f 2080/2080/2080 2078/2078/2078 2081/2081/2081
f 2081/2081/2081 1977/1977/1977 2082/2082/2082
f 2082/2082/2082 1977/1977/1977 1974/1974/1974
f 2072/2072/2072 2079/2079/2079 2083/2083/2083
f 2079/2079/2079 2080/2080/2080 2084/2084/2084
f 2083/2083/2083 2079/2079/2079 2084/2084/2084
f 2080/2080/2080 2085/2085/2085 2084/2084/2084
f 2085/2085/2085 2080/2080/2080 2081/2081/2081
f 2086/2086/2086 2072/2072/2072 2083/2083/2083
f 2057/2057/2057 2072/2072/2072 2086/2086/2086
f 2057/2057/2057 2086/2086/2086 2058/2058/2058
f 2058/2058/2058 2086/2086/2086 2087/2087/2087
f 2086/2086/2086 2083/2083/2083 2087/2087/2087
f 2087/2087/2087 2083/2083/2083 2088/2088/2088
f 2083/2083/2083 2084/2084/2084 2088/2088/2088
f 2088/2088/2088 2084/2084/2084 2085/2085/2085
f 2085/2085/2085 2089/2089/2089 2088/2088/2088
f 2085/2085/2085 2081/2081/2081 2090/2090/2090
f 2085/2085/2085 2090/2090/2090 2089/2089/2089
f 2090/2090/2090 2081/2081/2081 2091/2091/2091
f 2081/2081/2081 2082/2082/2082 2091/2091/2091
f 2091/2091/2091 2082/2082/2082 2092/2092/2092
f 2089/2089/2089 2090/2090/2090 2093/2093/2093
f 2093/2093/2093 2090/2090/2090 2091/2091/2091
f 2093/2093/2093 2091/2091/2091 2092/2092/2092
f 2094/2094/2094 2089/2089/2089 2093/2093/2093
f 2094/2094/2094 2093/2093/2093 2092/2092/2092
f 1989/1989/1989 2094/2094/2094 2092/2092/2092
f 2092/2092/2092 2082/2082/2082 2095/2095/2095
f 2095/2095/2095 2082/2082/2082 1974/1974/1974
f 2096/2096/2096 2095/2095/2095 1974/1974/1974
f 1974/1974/1974 1973/1973/1973 2096/2096/2096
f 1973/1973/1973 2097/2097/2097 2096/2096/2096
f 1976/1976/1976 2097/2097/2097 1973/1973/1973
f 1976/1976/1976 2098/2098/2098 2097/2097/2097
f 1981/1981/1981 2098/2098/2098 1976/1976/1976
f 2096/2096/2096 2097/2097/2097 2099/2099/2099
f 2098/2098/2098 2099/2099/2099 2097/2097/2097
f 2100/2100/2100 1989/1989/1989 2092/2092/2092
f 2101/2101/2101 2092/2092/2092 2095/2095/2095
f 2101/2101/2101 2100/2100/2100 2092/2092/2092
f 2102/2102/2102 1989/1989/1989 2100/2100/2100
f 1985/1985/1985 1989/1989/1989 2102/2102/2102
f 1985/1985/1985 2102/2102/2102 1982/1982/1982
f 2103/2103/2103 2102/2102/2102 2100/2100/2100
f 1982/1982/1982 2102/2102/2102 2103/2103/2103
f 2104/2104/2104 2100/2100/2100 2101/2101/2101
f 2104/2104/2104 2103/2103/2103 2100/2100/2100
f 2101/2101/2101 2095/2095/2095 2105/2105/2105
f 2105/2105/2105 2104/2104/2104 2101/2101/2101
f 2095/2095/2095 2096/2096/2096 2106/2106/2106
f 2095/2095/2095 2106/2106/2106 2105/2105/2105
f 2107/2107/2107 2096/2096/2096 2099/2099/2099
f 2096/2096/2096 2107/2107/2107 2106/2106/2106
f 2108/2108/2108 1982/1982/1982 2103/2103/2103
f 2108/2108/2108 2103/2103/2103 2109/2109/2109
f 1982/1982/1982 2108/2108/2108 1981/1981/1981
f 1981/1981/1981 2108/2108/2108 2109/2109/2109
f 2103/2103/2103 2104/2104/2104 2110/2110/2110
f 2103/2103/2103 2110/2110/2110 2109/2109/2109
f 2111/2111/2111 2104/2104/2104 2105/2105/2105
f 2110/2110/2110 2104/2104/2104 2111/2111/2111
f 2112/2112/2112 2105/2105/2105 2106/2106/2106
f 2112/2112/2112 2111/2111/2111 2105/2105/2105
f 2110/2110/2110 2111/2111/2111 2113/2113/2113
f 2113/2113/2113 2111/2111/2111 2112/2112/2112
f 2112/2112/2112 2106/2106/2106 2114/2114/2114
f 2114/2114/2114 2106/2106/2106 2107/2107/2107
f 2115/2115/2115 1981/1981/1981 2109/2109/2109
f 2098/2098/2098 1981/1981/1981 2115/2115/2115
f 2116/2116/2116 2110/2110/2110 2113/2113/2113
f 2109/2109/2109 2110/2110/2110 2116/2116/2116
f 2117/2117/2117 2113/2113/2113 2112/2112/2112
f 2117/2117/2117 2112/2112/2112 2114/2114/2114
f 2098/2098/2098 2115/2115/2115 2118/2118/2118
f 2098/2098/2098 2118/2118/2118 2099/2099/2099
f 2099/2099/2099 2119/2119/2119 2107/2107/2107
f 2118/2118/2118 2119/2119/2119 2099/2099/2099
f 2118/2118/2118 2115/2115/2115 2120/2120/2120
f 2118/2118/2118 2120/2120/2120 2119/2119/2119
f 2115/2115/2115 2109/2109/2109 2121/2121/2121
f 2115/2115/2115 2121/2121/2121 2120/2120/2120
f 2107/2107/2107 2119/2119/2119 2122/2122/2122
f 2122/2122/2122 2114/2114/2114 2107/2107/2107
f 2123/2123/2123 2109/2109/2109 2116/2116/2116
f 2109/2109/2109 2123/2123/2123 2121/2121/2121
f 2120/2120/2120 2124/2124/2124 2119/2119/2119
f 2119/2119/2119 2124/2124/2124 2122/2122/2122
f 2125/2125/2125 2117/2117/2117 2114/2114/2114
f 2126/2126/2126 2125/2125/2125 2114/2114/2114
f 2126/2126/2126 2114/2114/2114 2122/2122/2122
f 2125/2125/2125 2127/2127/2127 2117/2117/2117
f 2128/2128/2128 2126/2126/2126 2122/2122/2122
f 2128/2128/2128 2122/2122/2122 2124/2124/2124
f 2127/2127/2127 2113/2113/2113 2117/2117/2117
f 2129/2129/2129 2128/2128/2128 2124/2124/2124
f 2129/2129/2129 2124/2124/2124 2120/2120/2120
f 2127/2127/2127 2130/2130/2130 2113/2113/2113
f 2131/2131/2131 2129/2129/2129 2120/2120/2120
f 2130/2130/2130 2116/2116/2116 2113/2113/2113
f 2131/2131/2131 2120/2120/2120 2121/2121/2121
f 2130/2130/2130 2132/2132/2132 2116/2116/2116
f 2133/2133/2133 2131/2131/2131 2121/2121/2121
f 2132/2132/2132 2123/2123/2123 2116/2116/2116
f 2133/2133/2133 2121/2121/2121 2123/2123/2123
f 2132/2132/2132 2133/2133/2133 2123/2123/2123
f 2136/2136/2136 2135/2135/2135 2134/2134/2134
f 2135/2135/2135 2137/2137/2137 2134/2134/2134
f 2138/2138/2138 2134/2134/2134 2137/2137/2137
f 2141/2141/2141 2140/2140/2140 2139/2139/2139
f 2139/2139/2139 2140/2140/2140 2142/2142/2142
f 2140/2140/2140 2143/2143/2143 2142/2142/2142
f 2144/2144/2144 2142/2142/2142 2143/2143/2143
f 2147/2147/2147 2146/2146/2146 2145/2145/2145
f 2145/2145/2145 2146/2146/2146 2148/2148/2148
f 2149/2149/2149 2147/2147/2147 2145/2145/2145
f 2147/2147/2147 2149/2149/2149 2150/2150/2150
f 2151/2151/2151 2145/2145/2145 2148/2148/2148
f 2151/2151/2151 2148/2148/2148 2152/2152/2152
f 2149/2149/2149 2153/2153/2153 2150/2150/2150
f 2150/2150/2150 2153/2153/2153 2154/2154/2154
f 2145/2145/2145 2155/2155/2155 2149/2149/2149
f 2155/2155/2155 2156/2156/2156 2149/2149/2149
f 2149/2149/2149 2156/2156/2156 2153/2153/2153
f 2157/2157/2157 2155/2155/2155 2145/2145/2145
f 2151/2151/2151 2157/2157/2157 2145/2145/2145
f 2156/2156/2156 2158/2158/2158 2153/2153/2153
f 2159/2159/2159 2157/2157/2157 2151/2151/2151
f 2153/2153/2153 2158/2158/2158 2160/2160/2160
f 2153/2153/2153 2160/2160/2160 2154/2154/2154
f 2158/2158/2158 2161/2161/2161 2160/2160/2160
f 2162/2162/2162 2151/2151/2151 2152/2152/2152
f 2162/2162/2162 2159/2159/2159 2151/2151/2151
f 2163/2163/2163 2162/2162/2162 2152/2152/2152
f 2159/2159/2159 2162/2162/2162 2163/2163/2163
f 2164/2164/2164 2163/2163/2163 2152/2152/2152
f 2165/2165/2165 2159/2159/2159 2163/2163/2163
f 2166/2166/2166 2163/2163/2163 2164/2164/2164
f 2165/2165/2165 2163/2163/2163 2166/2166/2166
f 2167/2167/2167 2166/2166/2166 2164/2164/2164
f 2168/2168/2168 2165/2165/2165 2166/2166/2166
f 2167/2167/2167 2169/2169/2169 2166/2166/2166
f 2168/2168/2168 2166/2166/2166 2170/2170/2170
f 2169/2169/2169 2170/2170/2170 2166/2166/2166
f 2171/2171/2171 2168/2168/2168 2170/2170/2170
f 2170/2170/2170 2169/2169/2169 2172/2172/2172
f 2171/2171/2171 2170/2170/2170 2173/2173/2173
f 2173/2173/2173 2170/2170/2170 2172/2172/2172
f 2174/2174/2174 2171/2171/2171 2173/2173/2173
f 2173/2173/2173 2172/2172/2172 2175/2175/2175
f 2174/2174/2174 2173/2173/2173 2176/2176/2176
f 2176/2176/2176 2173/2173/2173 2175/2175/2175
f 2177/2177/2177 2174/2174/2174 2176/2176/2176
f 2175/2175/2175 2178/2178/2178 2176/2176/2176
f 2179/2179/2179 2178/2178/2178 2175/2175/2175
f 2177/2177/2177 2176/2176/2176 2180/2180/2180
f 2178/2178/2178 2180/2180/2180 2176/2176/2176
f 2181/2181/2181 2177/2177/2177 2180/2180/2180
f 2181/2181/2181 2180/2180/2180 2182/2182/2182
f 2182/2182/2182 2180/2180/2180 2178/2178/2178
f 2183/2183/2183 2181/2181/2181 2182/2182/2182
f 2184/2184/2184 2178/2178/2178 2179/2179/2179
f 2184/2184/2184 2182/2182/2182 2178/2178/2178
f 2185/2185/2185 2184/2184/2184 2179/2179/2179
f 2183/2183/2183 2182/2182/2182 2186/2186/2186
f 2186/2186/2186 2182/2182/2182 2184/2184/2184
f 2187/2187/2187 2183/2183/2183 2186/2186/2186
f 2188/2188/2188 2184/2184/2184 2185/2185/2185
f 2188/2188/2188 2186/2186/2186 2184/2184/2184
f 2187/2187/2187 2186/2186/2186 2189/2189/2189
f 2186/2186/2186 2188/2188/2188 2189/2189/2189
f 2190/2190/2190 2187/2187/2187 2189/2189/2189
f 2191/2191/2191 2188/2188/2188 2185/2185/2185
f 2185/2185/2185 2192/2192/2192 2191/2191/2191
f 2188/2188/2188 2193/2193/2193 2189/2189/2189
f 2188/2188/2188 2191/2191/2191 2193/2193/2193
f 2190/2190/2190 2189/2189/2189 2194/2194/2194
f 2195/2195/2195 2190/2190/2190 2194/2194/2194
f 2191/2191/2191 2192/2192/2192 2196/2196/2196
f 2197/2197/2197 2196/2196/2196 2192/2192/2192
f 2198/2198/2198 2191/2191/2191 2196/2196/2196
f 2191/2191/2191 2198/2198/2198 2193/2193/2193
f 2189/2189/2189 2193/2193/2193 2199/2199/2199
f 2194/2194/2194 2189/2189/2189 2199/2199/2199
f 2194/2194/2194 2199/2199/2199 2200/2200/2200
f 2195/2195/2195 2194/2194/2194 2201/2201/2201
f 2201/2201/2201 2194/2194/2194 2200/2200/2200
f 2202/2202/2202 2195/2195/2195 2201/2201/2201
f 2203/2203/2203 2202/2202/2202 2201/2201/2201
f 2199/2199/2199 2193/2193/2193 2204/2204/2204
f 2193/2193/2193 2198/2198/2198 2204/2204/2204
f 2200/2200/2200 2199/2199/2199 2204/2204/2204
f 2198/2198/2198 2196/2196/2196 2205/2205/2205
f 2205/2205/2205 2196/2196/2196 2197/2197/2197
f 2204/2204/2204 2198/2198/2198 2205/2205/2205
f 2206/2206/2206 2203/2203/2203 2201/2201/2201
f 2206/2206/2206 2201/2201/2201 2200/2200/2200
f 2207/2207/2207 2203/2203/2203 2206/2206/2206
f 2208/2208/2208 2207/2207/2207 2206/2206/2206
f 2209/2209/2209 2207/2207/2207 2208/2208/2208
f 2210/2210/2210 2205/2205/2205 2197/2197/2197
f 2211/2211/2211 2210/2210/2210 2197/2197/2197
f 2212/2212/2212 2204/2204/2204 2205/2205/2205
f 2212/2212/2212 2200/2200/2200 2204/2204/2204
f 2213/2213/2213 2206/2206/2206 2200/2200/2200
f 2208/2208/2208 2206/2206/2206 2213/2213/2213
f 2213/2213/2213 2200/2200/2200 2214/2214/2214
f 2200/2200/2200 2212/2212/2212 2214/2214/2214
f 2215/2215/2215 2212/2212/2212 2205/2205/2205
f 2215/2215/2215 2205/2205/2205 2210/2210/2210
f 2211/2211/2211 2216/2216/2216 2210/2210/2210
f 2217/2217/2217 2216/2216/2216 2211/2211/2211
f 2216/2216/2216 2217/2217/2217 2218/2218/2218
f 2216/2216/2216 2219/2219/2219 2210/2210/2210
f 2219/2219/2219 2215/2215/2215 2210/2210/2210
f 2216/2216/2216 2218/2218/2218 2220/2220/2220
f 2219/2219/2219 2216/2216/2216 2220/2220/2220
f 2215/2215/2215 2219/2219/2219 2220/2220/2220
f 2220/2220/2220 2218/2218/2218 2221/2221/2221
f 2212/2212/2212 2215/2215/2215 2222/2222/2222
f 2222/2222/2222 2215/2215/2215 2220/2220/2220
f 2222/2222/2222 2220/2220/2220 2221/2221/2221
f 2214/2214/2214 2212/2212/2212 2222/2222/2222
f 2223/2223/2223 2213/2213/2213 2214/2214/2214
f 2223/2223/2223 2208/2208/2208 2213/2213/2213
f 2224/2224/2224 2222/2222/2222 2221/2221/2221
f 2224/2224/2224 2221/2221/2221 2225/2225/2225
f 2226/2226/2226 2214/2214/2214 2222/2222/2222
f 2224/2224/2224 2226/2226/2226 2222/2222/2222
f 2226/2226/2226 2223/2223/2223 2214/2214/2214
f 2225/2225/2225 2227/2227/2227 2224/2224/2224
f 2227/2227/2227 2226/2226/2226 2224/2224/2224
f 2226/2226/2226 2227/2227/2227 2223/2223/2223
f 2225/2225/2225 2228/2228/2228 2227/2227/2227
f 2227/2227/2227 2229/2229/2229 2223/2223/2223
f 2223/2223/2223 2229/2229/2229 2208/2208/2208
f 2229/2229/2229 2227/2227/2227 2228/2228/2228
f 2229/2229/2229 2230/2230/2230 2208/2208/2208
f 2230/2230/2230 2209/2209/2209 2208/2208/2208
f 2231/2231/2231 2209/2209/2209 2230/2230/2230
f 2232/2232/2232 2229/2229/2229 2228/2228/2228
f 2230/2230/2230 2229/2229/2229 2232/2232/2232
f 2232/2232/2232 2228/2228/2228 2233/2233/2233
f 2234/2234/2234 2231/2231/2231 2230/2230/2230
f 2234/2234/2234 2230/2230/2230 2232/2232/2232
f 2235/2235/2235 2231/2231/2231 2234/2234/2234
f 2236/2236/2236 2232/2232/2232 2233/2233/2233
f 2234/2234/2234 2232/2232/2232 2236/2236/2236
f 2236/2236/2236 2233/2233/2233 2154/2154/2154
f 2236/2236/2236 2154/2154/2154 2160/2160/2160
f 2237/2237/2237 2235/2235/2235 2234/2234/2234
f 2237/2237/2237 2234/2234/2234 2236/2236/2236
f 2237/2237/2237 2236/2236/2236 2160/2160/2160
f 2161/2161/2161 2235/2235/2235 2237/2237/2237
f 2160/2160/2160 2161/2161/2161 2237/2237/2237
f 2240/2240/2240 2239/2239/2239 2238/2238/2238
f 2239/2239/2239 2241/2241/2241 2238/2238/2238
f 2242/2242/2242 2240/2240/2240 2238/2238/2238
f 2243/2243/2243 2240/2240/2240 2242/2242/2242
f 2241/2241/2241 2244/2244/2244 2238/2238/2238
f 2241/2241/2241 2245/2245/2245 2244/2244/2244
f 2246/2246/2246 2243/2243/2243 2242/2242/2242
f 2247/2247/2247 2243/2243/2243 2246/2246/2246
f 2245/2245/2245 2248/2248/2248 2244/2244/2244
f 2245/2245/2245 2249/2249/2249 2248/2248/2248
f 2250/2250/2250 2247/2247/2247 2246/2246/2246
f 2251/2251/2251 2247/2247/2247 2250/2250/2250
f 2252/2252/2252 2251/2251/2251 2250/2250/2250
f 2253/2253/2253 2251/2251/2251 2252/2252/2252
f 2254/2254/2254 2253/2253/2253 2252/2252/2252
f 2254/2254/2254 2252/2252/2252 2255/2255/2255
f 2253/2253/2253 2254/2254/2254 2256/2256/2256
f 2254/2254/2254 2257/2257/2257 2256/2256/2256
f 2257/2257/2257 2254/2254/2254 2255/2255/2255
f 2256/2256/2256 2257/2257/2257 2258/2258/2258
f 2259/2259/2259 2252/2252/2252 2250/2250/2250
f 2252/2252/2252 2259/2259/2259 2255/2255/2255
f 2250/2250/2250 2246/2246/2246 2260/2260/2260
f 2260/2260/2260 2259/2259/2259 2250/2250/2250
f 2257/2257/2257 2261/2261/2261 2258/2258/2258
f 2262/2262/2262 2258/2258/2258 2261/2261/2261
f 2259/2259/2259 2263/2263/2263 2255/2255/2255
f 2263/2263/2263 2259/2259/2259 2260/2260/2260
f 2246/2246/2246 2264/2264/2264 2260/2260/2260
f 2246/2246/2246 2242/2242/2242 2264/2264/2264
f 2242/2242/2242 2265/2265/2265 2264/2264/2264
f 2242/2242/2242 2238/2238/2238 2265/2265/2265
f 2238/2238/2238 2266/2266/2266 2265/2265/2265
f 2238/2238/2238 2244/2244/2244 2266/2266/2266
f 2244/2244/2244 2267/2267/2267 2266/2266/2266
f 2244/2244/2244 2248/2248/2248 2267/2267/2267
f 2248/2248/2248 2268/2268/2268 2267/2267/2267
f 2269/2269/2269 2260/2260/2260 2264/2264/2264
f 2269/2269/2269 2263/2263/2263 2260/2260/2260
f 2270/2270/2270 2269/2269/2269 2264/2264/2264
f 2269/2269/2269 2270/2270/2270 2271/2271/2271
f 2248/2248/2248 2272/2272/2272 2268/2268/2268
f 2272/2272/2272 2273/2273/2273 2268/2268/2268
f 2249/2249/2249 2272/2272/2272 2248/2248/2248
f 2272/2272/2272 2274/2274/2274 2273/2273/2273
f 2272/2272/2272 2249/2249/2249 2274/2274/2274
f 2274/2274/2274 2275/2275/2275 2273/2273/2273
f 2249/2249/2249 2276/2276/2276 2274/2274/2274
f 2274/2274/2274 2277/2277/2277 2275/2275/2275
f 2274/2274/2274 2276/2276/2276 2277/2277/2277
f 2277/2277/2277 2278/2278/2278 2275/2275/2275
f 2276/2276/2276 2279/2279/2279 2277/2277/2277
f 2277/2277/2277 2280/2280/2280 2278/2278/2278
f 2277/2277/2277 2279/2279/2279 2280/2280/2280
f 2279/2279/2279 2281/2281/2281 2280/2280/2280
f 2280/2280/2280 2282/2282/2282 2278/2278/2278
f 2281/2281/2281 2283/2283/2283 2280/2280/2280
f 2280/2280/2280 2284/2284/2284 2282/2282/2282
f 2283/2283/2283 2284/2284/2284 2280/2280/2280
f 2284/2284/2284 2285/2285/2285 2282/2282/2282
f 2283/2283/2283 2286/2286/2286 2284/2284/2284
f 2284/2284/2284 2287/2287/2287 2285/2285/2285
f 2286/2286/2286 2287/2287/2287 2284/2284/2284
f 2286/2286/2286 2288/2288/2288 2287/2287/2287
f 2287/2287/2287 2271/2271/2271 2285/2285/2285
f 2288/2288/2288 2289/2289/2289 2287/2287/2287
f 2287/2287/2287 2289/2289/2289 2271/2271/2271
f 2288/2288/2288 2290/2290/2290 2289/2289/2289
f 2289/2289/2289 2291/2291/2291 2271/2271/2271
f 2291/2291/2291 2269/2269/2269 2271/2271/2271
f 2263/2263/2263 2269/2269/2269 2291/2291/2291
f 2290/2290/2290 2292/2292/2292 2289/2289/2289
f 2290/2290/2290 2293/2293/2293 2292/2292/2292
f 2294/2294/2294 2291/2291/2291 2289/2289/2289
f 2294/2294/2294 2263/2263/2263 2291/2291/2291
f 2292/2292/2292 2294/2294/2294 2289/2289/2289
f 2293/2293/2293 2295/2295/2295 2292/2292/2292
f 2295/2295/2295 2293/2293/2293 2296/2296/2296
f 2297/2297/2297 2263/2263/2263 2294/2294/2294
f 2263/2263/2263 2297/2297/2297 2255/2255/2255
f 2298/2298/2298 2294/2294/2294 2292/2292/2292
f 2295/2295/2295 2298/2298/2298 2292/2292/2292
f 2298/2298/2298 2297/2297/2297 2294/2294/2294
f 2299/2299/2299 2295/2295/2295 2296/2296/2296
f 2298/2298/2298 2295/2295/2295 2299/2299/2299
f 2299/2299/2299 2296/2296/2296 2300/2300/2300
f 2297/2297/2297 2301/2301/2301 2255/2255/2255
f 2301/2301/2301 2297/2297/2297 2298/2298/2298
f 2302/2302/2302 2299/2299/2299 2300/2300/2300
f 2300/2300/2300 2262/2262/2262 2302/2302/2302
f 2303/2303/2303 2298/2298/2298 2299/2299/2299
f 2303/2303/2303 2301/2301/2301 2298/2298/2298
f 2301/2301/2301 2304/2304/2304 2255/2255/2255
f 2304/2304/2304 2257/2257/2257 2255/2255/2255
f 2304/2304/2304 2305/2305/2305 2257/2257/2257
f 2305/2305/2305 2261/2261/2261 2257/2257/2257
f 2306/2306/2306 2305/2305/2305 2304/2304/2304
f 2301/2301/2301 2306/2306/2306 2304/2304/2304
f 2306/2306/2306 2301/2301/2301 2303/2303/2303
f 2307/2307/2307 2306/2306/2306 2303/2303/2303
f 2307/2307/2307 2303/2303/2303 2299/2299/2299
f 2302/2302/2302 2307/2307/2307 2299/2299/2299
f 2308/2308/2308 2262/2262/2262 2261/2261/2261
f 2262/2262/2262 2308/2308/2308 2302/2302/2302
f 2302/2302/2302 2309/2309/2309 2307/2307/2307
f 2308/2308/2308 2309/2309/2309 2302/2302/2302
f 2261/2261/2261 2309/2309/2309 2308/2308/2308
f 2307/2307/2307 2309/2309/2309 2310/2310/2310
f 2311/2311/2311 2309/2309/2309 2261/2261/2261
f 2310/2310/2310 2309/2309/2309 2311/2311/2311
f 2314/2314/2314 2313/2313/2313 2312/2312/2312
f 2315/2315/2315 2314/2314/2314 2312/2312/2312
f 2313/2313/2313 2316/2316/2316 2312/2312/2312
f 2313/2313/2313 2317/2317/2317 2316/2316/2316
f 2318/2318/2318 2315/2315/2315 2312/2312/2312
f 2319/2319/2319 2315/2315/2315 2318/2318/2318
f 2318/2318/2318 2312/2312/2312 2320/2320/2320
f 2321/2321/2321 2319/2319/2319 2318/2318/2318
f 2322/2322/2322 2318/2318/2318 2320/2320/2320
f 2323/2323/2323 2319/2319/2319 2321/2321/2321
f 2317/2317/2317 2324/2324/2324 2316/2316/2316
f 2317/2317/2317 2325/2325/2325 2324/2324/2324
f 2324/2324/2324 2326/2326/2326 2316/2316/2316
f 2325/2325/2325 2327/2327/2327 2324/2324/2324
f 2325/2325/2325 2328/2328/2328 2327/2327/2327
f 2326/2326/2326 2329/2329/2329 2316/2316/2316
f 2320/2320/2320 2329/2329/2329 2330/2330/2330
f 2322/2322/2322 2320/2320/2320 2330/2330/2330
f 2329/2329/2329 2331/2331/2331 2330/2330/2330
f 2329/2329/2329 2326/2326/2326 2331/2331/2331
f 2326/2326/2326 2332/2332/2332 2331/2331/2331
f 2333/2333/2333 2322/2322/2322 2330/2330/2330
f 2326/2326/2326 2334/2334/2334 2332/2332/2332
f 2334/2334/2334 2335/2335/2335 2332/2332/2332
f 2336/2336/2336 2335/2335/2335 2334/2334/2334
f 2337/2337/2337 2322/2322/2322 2333/2333/2333
f 2328/2328/2328 2338/2338/2338 2327/2327/2327
f 2328/2328/2328 2339/2339/2339 2338/2338/2338
f 2340/2340/2340 2334/2334/2334 2327/2327/2327
f 2340/2340/2340 2336/2336/2336 2334/2334/2334
f 2338/2338/2338 2340/2340/2340 2327/2327/2327
f 2339/2339/2339 2341/2341/2341 2338/2338/2338
f 2339/2339/2339 2342/2342/2342 2341/2341/2341
f 2341/2341/2341 2343/2343/2343 2338/2338/2338
f 2343/2343/2343 2340/2340/2340 2338/2338/2338
f 2342/2342/2342 2344/2344/2344 2341/2341/2341
f 2344/2344/2344 2342/2342/2342 2345/2345/2345
f 2343/2343/2343 2346/2346/2346 2340/2340/2340
f 2346/2346/2346 2336/2336/2336 2340/2340/2340
f 2347/2347/2347 2344/2344/2344 2345/2345/2345
f 2347/2347/2347 2345/2345/2345 2348/2348/2348
f 2349/2349/2349 2346/2346/2346 2343/2343/2343
f 2350/2350/2350 2349/2349/2349 2343/2343/2343
f 2346/2346/2346 2351/2351/2351 2336/2336/2336
f 2349/2349/2349 2351/2351/2351 2346/2346/2346
f 2351/2351/2351 2352/2352/2352 2336/2336/2336
f 2336/2336/2336 2352/2352/2352 2353/2353/2353
f 2352/2352/2352 2354/2354/2354 2353/2353/2353
f 2353/2353/2353 2354/2354/2354 2355/2355/2355
f 2356/2356/2356 2353/2353/2353 2355/2355/2355
f 2356/2356/2356 2355/2355/2355 2357/2357/2357
f 2358/2358/2358 2356/2356/2356 2357/2357/2357
f 2358/2358/2358 2357/2357/2357 2359/2359/2359
f 2360/2360/2360 2358/2358/2358 2359/2359/2359
f 2333/2333/2333 2360/2360/2360 2359/2359/2359
f 2361/2361/2361 2333/2333/2333 2359/2359/2359
f 2362/2362/2362 2351/2351/2351 2349/2349/2349
f 2363/2363/2363 2333/2333/2333 2361/2361/2361
f 2364/2364/2364 2363/2363/2363 2361/2361/2361
f 2363/2363/2363 2337/2337/2337 2333/2333/2333
f 2365/2365/2365 2363/2363/2363 2364/2364/2364
f 2366/2366/2366 2365/2365/2365 2364/2364/2364
f 2365/2365/2365 2366/2366/2366 2367/2367/2367
f 2368/2368/2368 2337/2337/2337 2363/2363/2363
f 2365/2365/2365 2368/2368/2368 2363/2363/2363
f 2369/2369/2369 2365/2365/2365 2367/2367/2367
f 2368/2368/2368 2365/2365/2365 2369/2369/2369
f 2369/2369/2369 2367/2367/2367 2370/2370/2370
f 2368/2368/2368 2371/2371/2371 2337/2337/2337
f 2371/2371/2371 2321/2321/2321 2337/2337/2337
f 2371/2371/2371 2323/2323/2323 2321/2321/2321
f 2372/2372/2372 2369/2369/2369 2370/2370/2370
f 2372/2372/2372 2370/2370/2370 2373/2373/2373
f 2374/2374/2374 2368/2368/2368 2369/2369/2369
f 2371/2371/2371 2368/2368/2368 2374/2374/2374
f 2374/2374/2374 2369/2369/2369 2372/2372/2372
f 2323/2323/2323 2371/2371/2371 2375/2375/2375
f 2375/2375/2375 2371/2371/2371 2374/2374/2374
f 2376/2376/2376 2323/2323/2323 2375/2375/2375
f 2376/2376/2376 2375/2375/2375 2377/2377/2377
f 2378/2378/2378 2374/2374/2374 2372/2372/2372
f 2379/2379/2379 2376/2376/2376 2377/2377/2377
f 2380/2380/2380 2372/2372/2372 2373/2373/2373
f 2381/2381/2381 2380/2380/2380 2373/2373/2373
f 2382/2382/2382 2381/2381/2381 2373/2373/2373
f 2383/2383/2383 2381/2381/2381 2382/2382/2382
f 2384/2384/2384 2383/2383/2383 2382/2382/2382
f 2385/2385/2385 2383/2383/2383 2384/2384/2384
f 2386/2386/2386 2385/2385/2385 2384/2384/2384
f 2386/2386/2386 2387/2387/2387 2385/2385/2385
f 2387/2387/2387 2388/2388/2388 2385/2385/2385
f 2387/2387/2387 2389/2389/2389 2388/2388/2388
f 2389/2389/2389 2390/2390/2390 2388/2388/2388
f 2391/2391/2391 2390/2390/2390 2389/2389/2389
f 2392/2392/2392 2391/2391/2391 2389/2389/2389
f 2362/2362/2362 2392/2392/2392 2389/2389/2389
f 2362/2362/2362 2393/2393/2393 2392/2392/2392
f 2393/2393/2393 2362/2362/2362 2394/2394/2394
f 2394/2394/2394 2362/2362/2362 2349/2349/2349
f 2394/2394/2394 2349/2349/2349 2350/2350/2350
f 2395/2395/2395 2393/2393/2393 2394/2394/2394
f 2395/2395/2395 2394/2394/2394 2350/2350/2350
f 2393/2393/2393 2396/2396/2396 2392/2392/2392
f 2397/2397/2397 2395/2395/2395 2350/2350/2350
f 2398/2398/2398 2395/2395/2395 2397/2397/2397
f 2397/2397/2397 2350/2350/2350 2399/2399/2399
f 2400/2400/2400 2398/2398/2398 2397/2397/2397
f 2392/2392/2392 2396/2396/2396 2401/2401/2401
f 2392/2392/2392 2401/2401/2401 2402/2402/2402
f 2396/2396/2396 2403/2403/2403 2401/2401/2401
f 2402/2402/2402 2401/2401/2401 2404/2404/2404
f 2405/2405/2405 2397/2397/2397 2399/2399/2399
f 2400/2400/2400 2397/2397/2397 2405/2405/2405
f 2405/2405/2405 2399/2399/2399 2344/2344/2344
f 2406/2406/2406 2400/2400/2400 2405/2405/2405
f 2347/2347/2347 2405/2405/2405 2344/2344/2344
f 2406/2406/2406 2405/2405/2405 2347/2347/2347
f 2407/2407/2407 2406/2406/2406 2347/2347/2347
f 2407/2407/2407 2347/2347/2347 2348/2348/2348
f 2348/2348/2348 2408/2408/2408 2407/2407/2407
f 2408/2408/2408 2409/2409/2409 2407/2407/2407
f 2409/2409/2409 2408/2408/2408 2410/2410/2410
f 2408/2408/2408 2411/2411/2411 2410/2410/2410
f 2412/2412/2412 2410/2410/2410 2411/2411/2411
f 2413/2413/2413 2412/2412/2412 2411/2411/2411
f 2414/2414/2414 2410/2410/2410 2412/2412/2412
f 2415/2415/2415 2412/2412/2412 2413/2413/2413
f 2416/2416/2416 2415/2415/2415 2413/2413/2413
f 2417/2417/2417 2414/2414/2414 2412/2412/2412
f 2417/2417/2417 2412/2412/2412 2415/2415/2415
f 2418/2418/2418 2414/2414/2414 2417/2417/2417
f 2403/2403/2403 2418/2418/2418 2417/2417/2417
f 2419/2419/2419 2417/2417/2417 2415/2415/2415
f 2403/2403/2403 2417/2417/2417 2419/2419/2419
f 2401/2401/2401 2403/2403/2403 2419/2419/2419
f 2415/2415/2415 2416/2416/2416 2420/2420/2420
f 2416/2416/2416 2421/2421/2421 2420/2420/2420
f 2420/2420/2420 2421/2421/2421 2422/2422/2422
f 2421/2421/2421 2423/2423/2423 2422/2422/2422
f 2424/2424/2424 2420/2420/2420 2422/2422/2422
f 2401/2401/2401 2424/2424/2424 2404/2404/2404
f 2404/2404/2404 2424/2424/2424 2425/2425/2425
f 2425/2425/2425 2424/2424/2424 2422/2422/2422
f 2426/2426/2426 2404/2404/2404 2425/2425/2425
f 2422/2422/2422 2423/2423/2423 2427/2427/2427
f 2425/2425/2425 2422/2422/2422 2427/2427/2427
f 2423/2423/2423 2428/2428/2428 2427/2427/2427
f 2426/2426/2426 2425/2425/2425 2429/2429/2429
f 2429/2429/2429 2425/2425/2425 2427/2427/2427
f 2430/2430/2430 2426/2426/2426 2429/2429/2429
f 2430/2430/2430 2429/2429/2429 2431/2431/2431
f 2427/2427/2427 2428/2428/2428 2432/2432/2432
f 2429/2429/2429 2433/2433/2433 2431/2431/2431
f 2428/2428/2428 2434/2434/2434 2432/2432/2432
f 2431/2431/2431 2433/2433/2433 2435/2435/2435
f 2432/2432/2432 2434/2434/2434 2436/2436/2436
f 2433/2433/2433 2432/2432/2432 2436/2436/2436
f 2434/2434/2434 2437/2437/2437 2436/2436/2436
f 2433/2433/2433 2438/2438/2438 2435/2435/2435
f 2438/2438/2438 2433/2433/2433 2436/2436/2436
f 2436/2436/2436 2437/2437/2437 2439/2439/2439
f 2435/2435/2435 2438/2438/2438 2440/2440/2440
f 2437/2437/2437 2441/2441/2441 2439/2439/2439
f 2441/2441/2441 2379/2379/2379 2439/2439/2439
f 2379/2379/2379 2377/2377/2377 2439/2439/2439
f 2439/2439/2439 2377/2377/2377 2442/2442/2442
f 2438/2438/2438 2442/2442/2442 2440/2440/2440
f 2377/2377/2377 2378/2378/2378 2442/2442/2442
f 2442/2442/2442 2378/2378/2378 2440/2440/2440
f 2378/2378/2378 2372/2372/2372 2440/2440/2440
f 2445/2445/2445 2444/2444/2444 2443/2443/2443
f 2443/2443/2443 2444/2444/2444 2446/2446/2446
f 2447/2447/2447 2444/2444/2444 2445/2445/2445
f 2446/2446/2446 2444/2444/2444 2448/2448/2448
f 2449/2449/2449 2444/2444/2444 2447/2447/2447
f 2448/2448/2448 2444/2444/2444 2450/2450/2450
f 2451/2451/2451 2444/2444/2444 2449/2449/2449
f 2450/2450/2450 2444/2444/2444 2452/2452/2452
f 2453/2453/2453 2444/2444/2444 2451/2451/2451
f 2452/2452/2452 2444/2444/2444 2454/2454/2454
f 2455/2455/2455 2444/2444/2444 2453/2453/2453
f 2454/2454/2454 2444/2444/2444 2456/2456/2456
f 2457/2457/2457 2444/2444/2444 2455/2455/2455
f 2456/2456/2456 2444/2444/2444 2458/2458/2458
f 2459/2459/2459 2444/2444/2444 2457/2457/2457
f 2458/2458/2458 2444/2444/2444 2459/2459/2459
f 2462/2462/2462 2461/2461/2461 2460/2460/2460
f 2463/2463/2463 2462/2462/2462 2460/2460/2460
f 2463/2463/2463 2460/2460/2460 2464/2464/2464
f 2462/2462/2462 2465/2465/2465 2461/2461/2461
f 2465/2465/2465 2466/2466/2466 2461/2461/2461
f 2467/2467/2467 2463/2463/2463 2464/2464/2464
f 2467/2467/2467 2464/2464/2464 2468/2468/2468
f 2465/2465/2465 2469/2469/2469 2466/2466/2466
f 2469/2469/2469 2470/2470/2470 2466/2466/2466
f 2471/2471/2471 2467/2467/2467 2468/2468/2468
f 2471/2471/2471 2468/2468/2468 2472/2472/2472
f 2469/2469/2469 2473/2473/2473 2470/2470/2470
f 2473/2473/2473 2474/2474/2474 2470/2470/2470
f 2475/2475/2475 2471/2471/2471 2472/2472/2472
f 2475/2475/2475 2472/2472/2472 2476/2476/2476
f 2473/2473/2473 2477/2477/2477 2474/2474/2474
f 2477/2477/2477 2478/2478/2478 2474/2474/2474
f 2479/2479/2479 2475/2475/2475 2476/2476/2476
f 2479/2479/2479 2476/2476/2476 2480/2480/2480
f 2477/2477/2477 2481/2481/2481 2478/2478/2478
f 2481/2481/2481 2482/2482/2482 2478/2478/2478
f 2483/2483/2483 2479/2479/2479 2480/2480/2480
f 2483/2483/2483 2480/2480/2480 2484/2484/2484
f 2481/2481/2481 2485/2485/2485 2482/2482/2482
f 2485/2485/2485 2486/2486/2486 2482/2482/2482
f 2487/2487/2487 2483/2483/2483 2484/2484/2484
f 2487/2487/2487 2484/2484/2484 2488/2488/2488
f 2485/2485/2485 2489/2489/2489 2486/2486/2486
f 2489/2489/2489 2490/2490/2490 2486/2486/2486
f 2491/2491/2491 2488/2488/2488 2490/2490/2490
f 2491/2491/2491 2487/2487/2487 2488/2488/2488
f 2489/2489/2489 2491/2491/2491 2490/2490/2490
f 2481/2481/2481 2477/2477/2477 2492/2492/2492
f 2485/2485/2485 2481/2481/2481 2493/2493/2493
f 2493/2493/2493 2481/2481/2481 2492/2492/2492
f 2489/2489/2489 2485/2485/2485 2494/2494/2494
f 2494/2494/2494 2485/2485/2485 2493/2493/2493
f 2491/2491/2491 2489/2489/2489 2495/2495/2495
f 2495/2495/2495 2489/2489/2489 2494/2494/2494
f 2487/2487/2487 2491/2491/2491 2496/2496/2496
f 2496/2496/2496 2491/2491/2491 2495/2495/2495
f 2483/2483/2483 2487/2487/2487 2497/2497/2497
f 2497/2497/2497 2487/2487/2487 2496/2496/2496
f 2492/2492/2492 2477/2477/2477 2498/2498/2498
f 2477/2477/2477 2473/2473/2473 2498/2498/2498
f 2499/2499/2499 2483/2483/2483 2497/2497/2497
f 2479/2479/2479 2483/2483/2483 2499/2499/2499
f 2498/2498/2498 2473/2473/2473 2500/2500/2500
f 2473/2473/2473 2469/2469/2469 2500/2500/2500
f 2501/2501/2501 2479/2479/2479 2499/2499/2499
f 2475/2475/2475 2479/2479/2479 2501/2501/2501
f 2500/2500/2500 2469/2469/2469 2502/2502/2502
f 2469/2469/2469 2465/2465/2465 2502/2502/2502
f 2503/2503/2503 2475/2475/2475 2501/2501/2501
f 2471/2471/2471 2475/2475/2475 2503/2503/2503
f 2502/2502/2502 2465/2465/2465 2504/2504/2504
f 2465/2465/2465 2462/2462/2462 2504/2504/2504
f 2505/2505/2505 2471/2471/2471 2503/2503/2503
f 2467/2467/2467 2471/2471/2471 2505/2505/2505
f 2504/2504/2504 2462/2462/2462 2506/2506/2506
f 2462/2462/2462 2463/2463/2463 2506/2506/2506
f 2463/2463/2463 2467/2467/2467 2507/2507/2507
f 2507/2507/2507 2467/2467/2467 2505/2505/2505
f 2506/2506/2506 2463/2463/2463 2507/2507/2507
f 2500/2500/2500 2502/2502/2502 2508/2508/2508
f 2502/2502/2502 2504/2504/2504 2509/2509/2509
f 2508/2508/2508 2502/2502/2502 2509/2509/2509
f 2504/2504/2504 2506/2506/2506 2510/2510/2510
f 2509/2509/2509 2504/2504/2504 2510/2510/2510
f 2506/2506/2506 2507/2507/2507 2511/2511/2511
f 2510/2510/2510 2506/2506/2506 2511/2511/2511
f 2507/2507/2507 2505/2505/2505 2512/2512/2512
f 2511/2511/2511 2507/2507/2507 2512/2512/2512
f 2505/2505/2505 2503/2503/2503 2513/2513/2513
f 2512/2512/2512 2505/2505/2505 2513/2513/2513
f 2514/2514/2514 2500/2500/2500 2508/2508/2508
f 2498/2498/2498 2500/2500/2500 2514/2514/2514
f 2513/2513/2513 2503/2503/2503 2515/2515/2515
f 2503/2503/2503 2501/2501/2501 2515/2515/2515
f 2516/2516/2516 2498/2498/2498 2514/2514/2514
f 2492/2492/2492 2498/2498/2498 2516/2516/2516
f 2515/2515/2515 2501/2501/2501 2517/2517/2517
f 2501/2501/2501 2499/2499/2499 2517/2517/2517
f 2518/2518/2518 2492/2492/2492 2516/2516/2516
f 2493/2493/2493 2492/2492/2492 2518/2518/2518
f 2517/2517/2517 2499/2499/2499 2519/2519/2519
f 2499/2499/2499 2497/2497/2497 2519/2519/2519
f 2520/2520/2520 2493/2493/2493 2518/2518/2518
f 2494/2494/2494 2493/2493/2493 2520/2520/2520
f 2519/2519/2519 2497/2497/2497 2521/2521/2521
f 2497/2497/2497 2496/2496/2496 2521/2521/2521
f 2522/2522/2522 2494/2494/2494 2520/2520/2520
f 2495/2495/2495 2494/2494/2494 2522/2522/2522
f 2496/2496/2496 2495/2495/2495 2523/2523/2523
f 2521/2521/2521 2496/2496/2496 2523/2523/2523
f 2523/2523/2523 2495/2495/2495 2522/2522/2522
f 2524/2524/2524 2518/2518/2518 2516/2516/2516
f 2525/2525/2525 2524/2524/2524 2516/2516/2516
f 2524/2524/2524 2526/2526/2526 2518/2518/2518
f 2526/2526/2526 2520/2520/2520 2518/2518/2518
f 2525/2525/2525 2516/2516/2516 2514/2514/2514
f 2526/2526/2526 2527/2527/2527 2520/2520/2520
f 2527/2527/2527 2522/2522/2522 2520/2520/2520
f 2528/2528/2528 2525/2525/2525 2514/2514/2514
f 2527/2527/2527 2529/2529/2529 2522/2522/2522
f 2529/2529/2529 2523/2523/2523 2522/2522/2522
f 2528/2528/2528 2514/2514/2514 2508/2508/2508
f 2529/2529/2529 2530/2530/2530 2523/2523/2523
f 2530/2530/2530 2521/2521/2521 2523/2523/2523
f 2531/2531/2531 2528/2528/2528 2508/2508/2508
f 2530/2530/2530 2532/2532/2532 2521/2521/2521
f 2531/2531/2531 2508/2508/2508 2509/2509/2509
f 2532/2532/2532 2519/2519/2519 2521/2521/2521
f 2533/2533/2533 2531/2531/2531 2509/2509/2509
f 2532/2532/2532 2534/2534/2534 2519/2519/2519
f 2533/2533/2533 2509/2509/2509 2510/2510/2510
f 2534/2534/2534 2517/2517/2517 2519/2519/2519
f 2535/2535/2535 2533/2533/2533 2510/2510/2510
f 2534/2534/2534 2536/2536/2536 2517/2517/2517
f 2535/2535/2535 2510/2510/2510 2511/2511/2511
f 2536/2536/2536 2515/2515/2515 2517/2517/2517
f 2537/2537/2537 2535/2535/2535 2511/2511/2511
f 2536/2536/2536 2538/2538/2538 2515/2515/2515
f 2537/2537/2537 2511/2511/2511 2512/2512/2512
f 2538/2538/2538 2513/2513/2513 2515/2515/2515
f 2539/2539/2539 2537/2537/2537 2512/2512/2512
f 2539/2539/2539 2512/2512/2512 2513/2513/2513
f 2538/2538/2538 2539/2539/2539 2513/2513/2513
f 2542/2542/2542 2541/2541/2541 2540/2540/2540
f 2543/2543/2543 2542/2542/2542 2540/2540/2540
f 2540/2540/2540 2541/2541/2541 2544/2544/2544
f 2545/2545/2545 2542/2542/2542 2543/2543/2543
f 2541/2541/2541 2546/2546/2546 2544/2544/2544
f 2547/2547/2547 2545/2545/2545 2543/2543/2543
f 2544/2544/2544 2546/2546/2546 2548/2548/2548
f 2549/2549/2549 2545/2545/2545 2547/2547/2547
f 2546/2546/2546 2550/2550/2550 2548/2548/2548
f 2551/2551/2551 2549/2549/2549 2547/2547/2547
f 2548/2548/2548 2550/2550/2550 2552/2552/2552
f 2553/2553/2553 2549/2549/2549 2551/2551/2551
f 2550/2550/2550 2554/2554/2554 2552/2552/2552
f 2555/2555/2555 2553/2553/2553 2551/2551/2551
f 2552/2552/2552 2554/2554/2554 2556/2556/2556
f 2557/2557/2557 2553/2553/2553 2555/2555/2555
f 2554/2554/2554 2558/2558/2558 2556/2556/2556
f 2559/2559/2559 2557/2557/2557 2555/2555/2555
f 2556/2556/2556 2558/2558/2558 2560/2560/2560
f 2561/2561/2561 2557/2557/2557 2559/2559/2559
f 2558/2558/2558 2562/2562/2562 2560/2560/2560
f 2563/2563/2563 2561/2561/2561 2559/2559/2559
f 2560/2560/2560 2562/2562/2562 2564/2564/2564
f 2565/2565/2565 2561/2561/2561 2563/2563/2563
f 2562/2562/2562 2566/2566/2566 2564/2564/2564
f 2567/2567/2567 2565/2565/2565 2563/2563/2563
f 2564/2564/2564 2566/2566/2566 2568/2568/2568
f 2569/2569/2569 2565/2565/2565 2567/2567/2567
f 2566/2566/2566 2570/2570/2570 2568/2568/2568
f 2571/2571/2571 2569/2569/2569 2567/2567/2567
f 2568/2568/2568 2570/2570/2570 2571/2571/2571
f 2570/2570/2570 2569/2569/2569 2571/2571/2571
f 2574/2574/2574 2573/2573/2573 2572/2572/2572
f 2575/2575/2575 2574/2574/2574 2572/2572/2572
f 2576/2576/2576 2574/2574/2574 2575/2575/2575
f 2572/2572/2572 2573/2573/2573 2577/2577/2577
f 2573/2573/2573 2578/2578/2578 2577/2577/2577
f 2579/2579/2579 2576/2576/2576 2575/2575/2575
f 2580/2580/2580 2576/2576/2576 2579/2579/2579
f 2577/2577/2577 2578/2578/2578 2581/2581/2581
f 2578/2578/2578 2582/2582/2582 2581/2581/2581
f 2583/2583/2583 2580/2580/2580 2579/2579/2579
f 2584/2584/2584 2580/2580/2580 2583/2583/2583
f 2581/2581/2581 2582/2582/2582 2585/2585/2585
f 2582/2582/2582 2586/2586/2586 2585/2585/2585
f 2587/2587/2587 2584/2584/2584 2583/2583/2583
f 2588/2588/2588 2584/2584/2584 2587/2587/2587
f 2585/2585/2585 2586/2586/2586 2589/2589/2589
f 2586/2586/2586 2590/2590/2590 2589/2589/2589
f 2591/2591/2591 2588/2588/2588 2587/2587/2587
f 2592/2592/2592 2588/2588/2588 2591/2591/2591
f 2589/2589/2589 2590/2590/2590 2593/2593/2593
f 2590/2590/2590 2594/2594/2594 2593/2593/2593
f 2595/2595/2595 2592/2592/2592 2591/2591/2591
f 2596/2596/2596 2592/2592/2592 2595/2595/2595
f 2593/2593/2593 2594/2594/2594 2597/2597/2597
f 2594/2594/2594 2598/2598/2598 2597/2597/2597
f 2599/2599/2599 2596/2596/2596 2595/2595/2595
f 2600/2600/2600 2596/2596/2596 2599/2599/2599
f 2597/2597/2597 2598/2598/2598 2601/2601/2601
f 2598/2598/2598 2602/2602/2602 2601/2601/2601
f 2602/2602/2602 2600/2600/2600 2603/2603/2603
f 2603/2603/2603 2600/2600/2600 2599/2599/2599
f 2601/2601/2601 2602/2602/2602 2603/2603/2603
f 2589/2589/2589 2593/2593/2593 2604/2604/2604
f 2593/2593/2593 2597/2597/2597 2605/2605/2605
f 2604/2604/2604 2593/2593/2593 2605/2605/2605
f 2606/2606/2606 2604/2604/2604 2605/2605/2605
f 2607/2607/2607 2589/2589/2589 2604/2604/2604
f 2606/2606/2606 2607/2607/2607 2604/2604/2604
f 2585/2585/2585 2589/2589/2589 2607/2607/2607
f 2605/2605/2605 2597/2597/2597 2608/2608/2608
f 2597/2597/2597 2601/2601/2601 2608/2608/2608
f 2606/2606/2606 2605/2605/2605 2608/2608/2608
f 2609/2609/2609 2585/2585/2585 2607/2607/2607
f 2606/2606/2606 2609/2609/2609 2607/2607/2607
f 2581/2581/2581 2585/2585/2585 2609/2609/2609
f 2608/2608/2608 2601/2601/2601 2610/2610/2610
f 2601/2601/2601 2603/2603/2603 2610/2610/2610
f 2606/2606/2606 2608/2608/2608 2610/2610/2610
f 2611/2611/2611 2581/2581/2581 2609/2609/2609
f 2606/2606/2606 2611/2611/2611 2609/2609/2609
f 2577/2577/2577 2581/2581/2581 2611/2611/2611
f 2610/2610/2610 2603/2603/2603 2612/2612/2612
f 2606/2606/2606 2610/2610/2610 2612/2612/2612
f 2606/2606/2606 2613/2613/2613 2611/2611/2611
f 2613/2613/2613 2577/2577/2577 2611/2611/2611
f 2606/2606/2606 2612/2612/2612 2614/2614/2614
f 2603/2603/2603 2599/2599/2599 2612/2612/2612
f 2612/2612/2612 2599/2599/2599 2614/2614/2614
f 2572/2572/2572 2577/2577/2577 2613/2613/2613
f 2599/2599/2599 2595/2595/2595 2614/2614/2614
f 2615/2615/2615 2572/2572/2572 2613/2613/2613
f 2606/2606/2606 2615/2615/2615 2613/2613/2613
f 2575/2575/2575 2572/2572/2572 2615/2615/2615
f 2614/2614/2614 2595/2595/2595 2616/2616/2616
f 2606/2606/2606 2614/2614/2614 2616/2616/2616
f 2595/2595/2595 2591/2591/2591 2616/2616/2616
f 2617/2617/2617 2575/2575/2575 2615/2615/2615
f 2606/2606/2606 2617/2617/2617 2615/2615/2615
f 2579/2579/2579 2575/2575/2575 2617/2617/2617
f 2616/2616/2616 2591/2591/2591 2618/2618/2618
f 2606/2606/2606 2616/2616/2616 2618/2618/2618
f 2591/2591/2591 2587/2587/2587 2618/2618/2618
f 2619/2619/2619 2579/2579/2579 2617/2617/2617
f 2606/2606/2606 2619/2619/2619 2617/2617/2617
f 2583/2583/2583 2579/2579/2579 2619/2619/2619
f 2606/2606/2606 2618/2618/2618 2620/2620/2620
f 2618/2618/2618 2587/2587/2587 2620/2620/2620
f 2606/2606/2606 2620/2620/2620 2619/2619/2619
f 2587/2587/2587 2583/2583/2583 2620/2620/2620
f 2620/2620/2620 2583/2583/2583 2619/2619/2619
f 2623/2623/2623 2622/2622/2622 2621/2621/2621
f 2624/2624/2624 2623/2623/2623 2621/2621/2621
f 2621/2621/2621 2622/2622/2622 2625/2625/2625
f 2626/2626/2626 2623/2623/2623 2624/2624/2624
f 2627/2627/2627 2626/2626/2626 2624/2624/2624
f 2622/2622/2622 2628/2628/2628 2625/2625/2625
f 2625/2625/2625 2628/2628/2628 2629/2629/2629
f 2630/2630/2630 2626/2626/2626 2627/2627/2627
f 2631/2631/2631 2630/2630/2630 2627/2627/2627
f 2628/2628/2628 2632/2632/2632 2629/2629/2629
f 2629/2629/2629 2632/2632/2632 2633/2633/2633
f 2634/2634/2634 2630/2630/2630 2631/2631/2631
f 2635/2635/2635 2634/2634/2634 2631/2631/2631
f 2632/2632/2632 2636/2636/2636 2633/2633/2633
f 2633/2633/2633 2636/2636/2636 2637/2637/2637
f 2638/2638/2638 2634/2634/2634 2635/2635/2635
f 2639/2639/2639 2638/2638/2638 2635/2635/2635
f 2636/2636/2636 2640/2640/2640 2637/2637/2637
f 2637/2637/2637 2640/2640/2640 2641/2641/2641
f 2642/2642/2642 2638/2638/2638 2639/2639/2639
f 2643/2643/2643 2642/2642/2642 2639/2639/2639
f 2640/2640/2640 2644/2644/2644 2641/2641/2641
f 2641/2641/2641 2644/2644/2644 2645/2645/2645
f 2646/2646/2646 2642/2642/2642 2643/2643/2643
f 2647/2647/2647 2646/2646/2646 2643/2643/2643
f 2644/2644/2644 2648/2648/2648 2645/2645/2645
f 2645/2645/2645 2648/2648/2648 2649/2649/2649
f 2650/2650/2650 2646/2646/2646 2647/2647/2647
f 2651/2651/2651 2650/2650/2650 2647/2647/2647
f 2649/2649/2649 2652/2652/2652 2651/2651/2651
f 2648/2648/2648 2652/2652/2652 2649/2649/2649
f 2652/2652/2652 2650/2650/2650 2651/2651/2651
f 2642/2642/2642 2653/2653/2653 2638/2638/2638
f 2646/2646/2646 2654/2654/2654 2642/2642/2642
f 2654/2654/2654 2653/2653/2653 2642/2642/2642
f 2654/2654/2654 2655/2655/2655 2653/2653/2653
f 2653/2653/2653 2656/2656/2656 2638/2638/2638
f 2653/2653/2653 2655/2655/2655 2656/2656/2656
f 2638/2638/2638 2656/2656/2656 2634/2634/2634
f 2657/2657/2657 2654/2654/2654 2646/2646/2646
f 2650/2650/2650 2657/2657/2657 2646/2646/2646
f 2657/2657/2657 2655/2655/2655 2654/2654/2654
f 2656/2656/2656 2658/2658/2658 2634/2634/2634
f 2656/2656/2656 2655/2655/2655 2658/2658/2658
f 2634/2634/2634 2658/2658/2658 2630/2630/2630
f 2659/2659/2659 2657/2657/2657 2650/2650/2650
f 2652/2652/2652 2659/2659/2659 2650/2650/2650
f 2659/2659/2659 2655/2655/2655 2657/2657/2657
f 2658/2658/2658 2660/2660/2660 2630/2630/2630
f 2658/2658/2658 2655/2655/2655 2660/2660/2660
f 2630/2630/2630 2660/2660/2660 2626/2626/2626
f 2661/2661/2661 2659/2659/2659 2652/2652/2652
f 2661/2661/2661 2655/2655/2655 2659/2659/2659
f 2660/2660/2660 2655/2655/2655 2662/2662/2662
f 2660/2660/2660 2662/2662/2662 2626/2626/2626
f 2663/2663/2663 2655/2655/2655 2661/2661/2661
f 2648/2648/2648 2661/2661/2661 2652/2652/2652
f 2663/2663/2663 2661/2661/2661 2648/2648/2648
f 2626/2626/2626 2662/2662/2662 2623/2623/2623
f 2644/2644/2644 2663/2663/2663 2648/2648/2648
f 2662/2662/2662 2664/2664/2664 2623/2623/2623
f 2662/2662/2662 2655/2655/2655 2664/2664/2664
f 2623/2623/2623 2664/2664/2664 2622/2622/2622
f 2665/2665/2665 2663/2663/2663 2644/2644/2644
f 2665/2665/2665 2655/2655/2655 2663/2663/2663
f 2640/2640/2640 2665/2665/2665 2644/2644/2644
f 2664/2664/2664 2666/2666/2666 2622/2622/2622
f 2664/2664/2664 2655/2655/2655 2666/2666/2666
f 2622/2622/2622 2666/2666/2666 2628/2628/2628
f 2667/2667/2667 2665/2665/2665 2640/2640/2640
f 2667/2667/2667 2655/2655/2655 2665/2665/2665
f 2636/2636/2636 2667/2667/2667 2640/2640/2640
f 2666/2666/2666 2668/2668/2668 2628/2628/2628
f 2666/2666/2666 2655/2655/2655 2668/2668/2668
f 2628/2628/2628 2668/2668/2668 2632/2632/2632
f 2669/2669/2669 2667/2667/2667 2636/2636/2636
f 2669/2669/2669 2655/2655/2655 2667/2667/2667
f 2632/2632/2632 2669/2669/2669 2636/2636/2636
f 2668/2668/2668 2669/2669/2669 2632/2632/2632
f 2668/2668/2668 2655/2655/2655 2669/2669/2669
g 03_bodymesh_zombie08_1
f 2672/2672/2672 2671/2671/2671 2670/2670/2670
f 2671/2671/2671 2673/2673/2673 2670/2670/2670
f 2670/2670/2670 2673/2673/2673 2674/2674/2674
f 2671/2671/2671 2675/2675/2675 2673/2673/2673
f 2673/2673/2673 2676/2676/2676 2674/2674/2674
f 2675/2675/2675 2677/2677/2677 2673/2673/2673
f 2673/2673/2673 2677/2677/2677 2676/2676/2676
f 2675/2675/2675 2678/2678/2678 2677/2677/2677
f 2677/2677/2677 2679/2679/2679 2676/2676/2676
f 2678/2678/2678 2680/2680/2680 2677/2677/2677
f 2677/2677/2677 2680/2680/2680 2679/2679/2679
f 2680/2680/2680 2681/2681/2681 2679/2679/2679
f 2678/2678/2678 2682/2682/2682 2680/2680/2680
f 2680/2680/2680 2683/2683/2683 2681/2681/2681
f 2682/2682/2682 2683/2683/2683 2680/2680/2680
f 2683/2683/2683 2684/2684/2684 2681/2681/2681
f 2684/2684/2684 2683/2683/2683 2685/2685/2685
f 2683/2683/2683 2682/2682/2682 2686/2686/2686
f 2683/2683/2683 2686/2686/2686 2685/2685/2685
f 2682/2682/2682 2687/2687/2687 2686/2686/2686
f 2685/2685/2685 2686/2686/2686 2688/2688/2688
f 2686/2686/2686 2687/2687/2687 2689/2689/2689
f 2686/2686/2686 2689/2689/2689 2688/2688/2688
f 2687/2687/2687 2690/2690/2690 2689/2689/2689
f 2688/2688/2688 2689/2689/2689 2691/2691/2691
f 2689/2689/2689 2690/2690/2690 2692/2692/2692
f 2689/2689/2689 2692/2692/2692 2691/2691/2691
f 2691/2691/2691 2692/2692/2692 2693/2693/2693
f 2690/2690/2690 2694/2694/2694 2692/2692/2692
f 2692/2692/2692 2695/2695/2695 2693/2693/2693
f 2692/2692/2692 2694/2694/2694 2695/2695/2695
f 2694/2694/2694 2696/2696/2696 2695/2695/2695
