g 03_bodymesh_humanE02_Bottom
v 0.06351397 1.0510352 -0.07473933
v -0.0930311 1.0516322 -0.064759515
v -0.06351397 1.0510352 -0.07473933
v 0.0930311 1.0516322 -0.064759515
v -0.116988055 1.0518543 -0.05208403
v 0.06351397 1.0510352 -0.07473933
v 0.0930311 1.0516322 -0.064759515
v -0.0930311 1.0516322 -0.064759515
v 0.07049621 0.997183 0.13904536
v 0.050322987 0.9747188 0.16127664
v 0.04802026 0.99652034 0.14316313
v 0.08089238 0.97540325 0.15671167
v 0.10249882 0.99760425 0.12901999
v 0.052403133 0.93525934 0.18764897
v 0.11684318 0.9758383 0.1455975
v 0.13007918 0.9980816 0.110576324
v 0.08542963 0.9358338 0.18292065
v 0.05544409 0.8807165 0.21069793
v 0.14782614 0.9763313 0.12515074
v 0.15124781 0.9985235 0.08502482
v 0.123972535 0.93592435 0.17145132
v 0.09125394 0.88129103 0.20596962
v 0.058485046 0.82617366 0.23374692
v 0.17160636 0.9767876 0.09682419
v 0.16459784 0.99889976 0.05247531
v 0.15718941 0.9357642 0.15036178
v 0.097078234 0.8267482 0.2290186
v 0.061526 0.7716308 0.25679588
v 0.13283677 0.8813816 0.19450028
v 0.18660337 0.97717625 0.06073964
v 0.16874176 0.99914634 0.013760548
v 0.10290253 0.77220535 0.25206757
v 0.06456696 0.7170879 0.27984485
v 0.10872683 0.7176625 0.27511653
v 0.18268423 0.9353014 0.121152505
v 0.14170101 0.82683873 0.21754926
v 0.15056525 0.7722959 0.24059825
v 0.15942949 0.717753 0.2636472
v 0.18015762 0.8266785 0.19410905
v 0.19164172 0.7721357 0.2159827
v 0.16867352 0.8812213 0.1722354
v 0.14170101 0.82683873 0.21754926
v 0.18015762 0.8266785 0.19410905
v 0.19617915 0.8807586 0.1429193
v 0.19876254 0.93450713 0.08395012
v 0.20967408 0.82621574 0.16468611
v 0.19164172 0.7721357 0.2159827
v 0.223169 0.77167296 0.18645293
v 0.21352558 0.87996423 0.10518269
v 0.22828862 0.8254214 0.12641527
v 0.19125855 0.97789156 0.01489605
v 0.1638382 0.9988452 -0.024647646
v 0.20375338 0.9355693 0.017539471
v 0.18575002 0.97758055 -0.03206977
v 0.1516297 0.99872816 -0.055325195
v 0.21891005 0.880182 0.03955825
v 0.23406672 0.8247948 0.061577026
v 0.24305166 0.77087855 0.14764784
v 0.2492234 0.76940763 0.083595805
v 0.2578147 0.71633565 0.1688804
v 0.26438007 0.7140204 0.10561459
v 0.23666392 0.7171301 0.20821972
v 0.17203534 0.9774596 -0.066079065
v 0.1302762 0.9983632 -0.07582483
v 0.19784766 0.9352386 -0.038767595
v 0.21701464 0.8787166 -0.021400345
v 0.14804746 0.9770828 -0.08880507
v 0.102465875 0.9980004 -0.091717355
v 0.18314415 0.93511003 -0.07383624
v 0.21073553 0.8783859 -0.07646728
v 0.2302759 0.8218639 -0.06034016
v 0.116806164 0.97670805 -0.10642361
v 0.07053478 0.9981092 -0.10213877
v 0.15742671 0.9347093 -0.097270146
v 0.1951024 0.87825733 -0.11153594
v 0.2236234 0.8215332 -0.11416698
v 0.0809357 0.97682047 -0.11797686
v 0.03599424 0.99806553 -0.10851441
v 0.12393285 0.934311 -0.11543748
v 0.20706064 0.82140464 -0.14923564
v 0.23651126 0.7646805 -0.15186667
v 0.16775897 0.8778566 -0.13496986
v 0.21901888 0.7645519 -0.18693534
v 0.24939913 0.70782775 -0.18956639
v 0.23097712 0.7076992 -0.22463503
v 0.042133883 0.9767753 -0.12504493
v -0 0.9978055 -0.11201014
v 0.08547609 0.9344304 -0.1273506
v 0.13214748 0.8774583 -0.15313718
v 0.17809124 0.8210039 -0.17266954
v 0.1403621 0.8206055 -0.19083686
v 0.18842351 0.76415116 -0.21036923
v 0.0912593 0.8775777 -0.16505031
v 0.043876614 0.93438244 -0.13463883
v -0 0.97650677 -0.12892032
v 0.14857672 0.7637528 -0.22853655
v 0.19875577 0.70729846 -0.24806894
v 0.09704251 0.82072496 -0.20275001
v 0.15679134 0.7069001 -0.26623625
v 0.102825716 0.76387227 -0.24044971
v 0.108608924 0.70701957 -0.27814943
v 0.047029704 0.87752974 -0.17233855
v 0.05018279 0.820677 -0.21003823
v 0.05333588 0.7638243 -0.24773793
v 0.05648897 0.7069716 -0.28543764
v -0 0.9340969 -0.13863495
v -0 0.8772442 -0.17633466
v -0 0.8203914 -0.21403436
v -0 0.7635387 -0.25173408
v -0 0.706686 -0.28943378
v -0.05648897 0.7069716 -0.28543764
v -0.05333588 0.7638243 -0.24773793
v -0.108608924 0.70701957 -0.27814943
v -0.05018279 0.820677 -0.21003823
v -0.102825716 0.76387227 -0.24044971
v -0.15679134 0.7069001 -0.26623625
v -0.047029704 0.87752974 -0.17233855
v -0.09704251 0.82072496 -0.20275001
v -0.14857672 0.7637528 -0.22853655
v -0.19875577 0.70729846 -0.24806894
v -0.18842351 0.76415116 -0.21036923
v -0.1403621 0.8206055 -0.19083686
v -0.17809124 0.8210039 -0.17266954
v -0.043876614 0.93438244 -0.13463883
v -0.0912593 0.8775777 -0.16505031
v -0.13214748 0.8774583 -0.15313718
v -0.042133883 0.9767753 -0.12504493
v -0.03599424 0.99806553 -0.10851441
v -0.08547609 0.9344304 -0.1273506
v -0.0809357 0.97682047 -0.11797686
v -0.07053478 0.9981092 -0.10213877
v -0.16775897 0.8778566 -0.13496986
v -0.20706064 0.82140464 -0.14923564
v -0.12393285 0.934311 -0.11543748
v -0.116806164 0.97670805 -0.10642361
v -0.102465875 0.9980004 -0.091717355
v -0.15742671 0.9347093 -0.097270146
v -0.14804746 0.9770828 -0.08880507
v -0.1302762 0.9983632 -0.07582483
v -0.1951024 0.87825733 -0.11153594
v -0.17203534 0.9774596 -0.066079065
v -0.1516297 0.99872816 -0.055325195
v -0.18314415 0.93511003 -0.07383624
v -0.18575002 0.97758055 -0.03206977
v -0.1638382 0.9988452 -0.024647646
v -0.19784766 0.9352386 -0.038767595
v -0.21073553 0.8783859 -0.07646728
v -0.19125855 0.97789156 0.01489605
v -0.16874176 0.99914634 0.013760548
v -0.20375338 0.9355693 0.017539471
v -0.21701464 0.8787166 -0.021400345
v -0.2302759 0.8218639 -0.06034016
v -0.2236234 0.8215332 -0.11416698
v -0.23651126 0.7646805 -0.15186667
v -0.21901888 0.7645519 -0.18693534
v -0.24939913 0.70782775 -0.18956639
v -0.23097712 0.7076992 -0.22463503
v -0.18660337 0.97717625 0.06073964
v -0.16459784 0.99889976 0.05247531
v -0.19876254 0.93450713 0.08395012
v -0.17160636 0.9767876 0.09682419
v -0.15124781 0.9985235 0.08502482
v -0.21352558 0.87996423 0.10518269
v -0.21891005 0.880182 0.03955825
v -0.18268423 0.9353014 0.121152505
v -0.14782614 0.9763313 0.12515074
v -0.13007918 0.9980816 0.110576324
v -0.22828862 0.8254214 0.12641527
v -0.23406672 0.8247948 0.061577026
v -0.24305166 0.77087855 0.14764784
v -0.20967408 0.82621574 0.16468611
v -0.2492234 0.76940763 0.083595805
v -0.19617915 0.8807586 0.1429193
v -0.2578147 0.71633565 0.1688804
v -0.26438007 0.7140204 0.10561459
v -0.23666392 0.7171301 0.20821972
v -0.223169 0.77167296 0.18645293
v -0.19164172 0.7721357 0.2159827
v -0.18015762 0.8266785 0.19410905
v -0.16867352 0.8812213 0.1722354
v -0.14170101 0.82683873 0.21754926
v -0.13283677 0.8813816 0.19450028
v -0.15718941 0.9357642 0.15036178
v -0.123972535 0.93592435 0.17145132
v -0.11684318 0.9758383 0.1455975
v -0.10249882 0.99760425 0.12901999
v -0.08089238 0.97540325 0.15671167
v -0.07049621 0.997183 0.13904536
v -0.08542963 0.9358338 0.18292065
v -0.050322987 0.9747188 0.16127664
v -0.04802026 0.99652034 0.14316313
v -0.052403133 0.93525934 0.18764897
v -0.05544409 0.8807165 0.21069793
v -0.09125394 0.88129103 0.20596962
v -0.058485046 0.82617366 0.23374692
v -0.097078234 0.8267482 0.2290186
v -0.061526 0.7716308 0.25679588
v -0.14170101 0.82683873 0.21754926
v -0.10290253 0.77220535 0.25206757
v -0.06456696 0.7170879 0.27984485
v -0.10872683 0.7176625 0.27511653
v -0.15056525 0.7722959 0.24059825
v -0.15942949 0.717753 0.2636472
v -0.18015762 0.8266785 0.19410905
v -0.19164172 0.7721357 0.2159827
v -0.19164172 0.7721357 0.2159827
v -0.15942949 0.717753 0.2636472
v -0.20312582 0.7175928 0.23785634
v 0.36100677 0.67035306 -0.29330525
v 0.35543028 0.7065668 -0.32740027
v 0.13157913 1.0944272 0.12117581
v 0.13715558 1.0582137 0.15527077
v 0.35543028 0.7065668 -0.32740027
v 0.3724043 0.71110046 -0.32275173
v 0.14855306 1.0989612 0.12582418
v 0.13157913 1.0944272 0.12117581
v 0.3724043 0.71110046 -0.32275173
v 0.3779808 0.6748868 -0.28865665
v 0.1541296 1.0627474 0.15991923
v 0.14855306 1.0989612 0.12582418
v 0.3779808 0.6748868 -0.28865665
v 0.36100677 0.67035306 -0.29330525
v 0.13715558 1.0582137 0.15527077
v 0.1541296 1.0627474 0.15991923
v 0.35543028 0.7065668 -0.32740027
v 0.37341624 0.6745593 -0.35298085
v 0.38724968 0.67801297 -0.3489658
v 0.3724043 0.71110046 -0.32275173
v 0.14855306 1.0989612 0.12582418
v 0.1541296 1.0627474 0.15991923
v 0.13715558 1.0582137 0.15527077
v 0.13157913 1.0944272 0.12117581
v 0.37341624 0.6745593 -0.35298085
v 0.37726864 0.64954174 -0.32942697
v 0.39110205 0.6529955 -0.3254119
v 0.38724968 0.67801297 -0.3489658
v 0.36100677 0.67035306 -0.29330525
v 0.37726864 0.64954174 -0.32942697
v 0.37341624 0.6745593 -0.35298085
v 0.35543028 0.7065668 -0.32740027
v 0.3724043 0.71110046 -0.32275173
v 0.38724968 0.67801297 -0.3489658
v 0.39110205 0.6529955 -0.3254119
v 0.3779808 0.6748868 -0.28865665
v 0.3779808 0.6748868 -0.28865665
v 0.39110205 0.6529955 -0.3254119
v 0.37726864 0.64954174 -0.32942697
v 0.36100677 0.67035306 -0.29330525
v -0.19164172 0.7721357 0.2159827
v -0.20312582 0.7175928 0.23785634
v -0.23666392 0.7171301 0.20821972
v -0.061526 0.7716308 0.25679588
v -0 0.7165827 0.281184
v -0.06456696 0.7170879 0.27984485
v -0 0.77112556 0.25813502
v -0.058485046 0.82617366 0.23374692
v 0.061526 0.7716308 0.25679588
v 0.06456696 0.7170879 0.27984485
v 0.058485046 0.82617366 0.23374692
v -0 0.8256684 0.23508604
v -0.05544409 0.8807165 0.21069793
v 0.05544409 0.8807165 0.21069793
v -0 0.88021123 0.21203706
v -0.052403133 0.93525934 0.18764897
v 0.052403133 0.93525934 0.18764897
v -0 0.9347541 0.18898809
v -0.050322987 0.9747188 0.16127664
v 0.050322987 0.9747188 0.16127664
v -0 0.974203 0.16255873
v -0.04802026 0.99652034 0.14316313
v 0.04802026 0.99652034 0.14316313
v -0 0.9960209 0.14431961
v -0.22828862 0.8254214 0.12641527
v -0.20967408 0.82621574 0.16468611
v -0.223169 0.77167296 0.18645293
v -0.24305166 0.77087855 0.14764784
v 0.23666392 0.7171301 0.20821972
v 0.20312582 0.7175928 0.23785634
v 0.19164172 0.7721357 0.2159827
v 0.22828862 0.8254214 0.12641527
v 0.24305166 0.77087855 0.14764784
v 0.223169 0.77167296 0.18645293
v 0.20967408 0.82621574 0.16468611
v 0.19164172 0.7721357 0.2159827
v 0.20312582 0.7175928 0.23785634
v 0.15942949 0.717753 0.2636472
v -0.03225667 1.0507494 -0.08112023
v -0 1.0508645 -0.083868355
v 0.03225667 1.0507494 -0.08112023
v -0.06351397 1.0510352 -0.07473933
v 0.06351397 1.0510352 -0.07473933
v 0.0930311 1.0516322 -0.064759515
v 0.116988055 1.0518543 -0.05208403
v -0.116988055 1.0518543 -0.05208403
v -0.13249598 1.0523245 -0.039574195
v 0.13249598 1.0523245 -0.039574195
v 0.13249598 1.0523245 -0.039574195
v -0.14155778 1.0522394 -0.019190617
v -0.13249598 1.0523245 -0.039574195
v 0.14155778 1.0522394 -0.019190617
v -0.1461043 1.0523413 0.0100055095
v 0.1461043 1.0523413 0.0100055095
v -0.1461043 1.0523413 0.0100055095
v -0.14313887 1.0522879 0.039421543
v 0.14313887 1.0522879 0.039421543
v -0.13022698 1.0521195 0.06752871
v 0.14313887 1.0522879 0.039421543
v 0.13022698 1.0521195 0.06752871
v -0.13022698 1.0521195 0.06752871
v -0.11360095 1.0518711 0.08899097
v 0.11360095 1.0518711 0.08899097
v -0.091790356 1.0512418 0.102400325
v 0.091790356 1.0512418 0.102400325
v -0.06443061 1.0511805 0.110074304
v 0.06443061 1.0511805 0.110074304
v -0.03989761 1.0508205 0.11359679
v -0 1.0509336 0.113409586
v 0.03989761 1.0508205 0.11359679
v 0.14313887 1.0522879 0.039421543
v 0.16270381 1.0522869 0.04474266
v 0.14744316 1.0521173 0.077962734
v 0.13022698 1.0521195 0.06752871
v 0.12718017 1.051868 0.10411988
v 0.11360095 1.0518711 0.08899097
v 0.099883564 1.051238 0.12090212
v 0.091790356 1.0512418 0.102400325
v 0.0685702 1.0511764 0.12968504
v 0.06443061 1.0511805 0.110074304
v 0.041279435 1.0508163 0.1336035
v 0.03989761 1.0508205 0.11359679
v -0 1.0509294 0.13340981
v -0 1.0509336 0.113409586
v 0.1461043 1.0523413 0.0100055095
v 0.16270381 1.0522869 0.04474266
v 0.14313887 1.0522879 0.039421543
v 0.16626057 1.0523415 0.009461036
v 0.14155778 1.0522394 -0.019190617
v 0.16091126 1.0522406 -0.024890216
v 0.13249598 1.0523245 -0.039574195
v 0.14881039 1.0523272 -0.052109912
v 0.116988055 1.0518543 -0.05208403
v 0.12804501 1.0518577 -0.068860754
v 0.0930311 1.0516322 -0.064759515
v 0.100961685 1.051636 -0.08319038
v 0.116988055 1.0518543 -0.05208403
v 0.06351397 1.0510352 -0.07473933
v 0.100961685 1.051636 -0.08319038
v 0.0930311 1.0516322 -0.064759515
v 0.06873725 1.0510392 -0.09408553
v 0.03225667 1.0507494 -0.08112023
v 0.03511537 1.0507535 -0.10094913
v -0 1.0508645 -0.083868355
v -0 1.0508686 -0.10394081
v -0.03225667 1.0507494 -0.08112023
v -0.03511537 1.0507535 -0.10094913
v -0.06351397 1.0510352 -0.07473933
v -0.06873725 1.0510392 -0.09408553
v -0.0930311 1.0516322 -0.064759515
v -0.100961685 1.051636 -0.08319038
v -0.116988055 1.0518543 -0.05208403
v -0.12804501 1.0518577 -0.068860754
v -0.13249598 1.0523245 -0.039574195
v -0.14881039 1.0523272 -0.052109912
v -0.14155778 1.0522394 -0.019190617
v -0.16091126 1.0522406 -0.024890216
v -0.1461043 1.0523413 0.0100055095
v -0.16626057 1.0523415 0.009461036
v -0 1.0509336 0.113409586
v -0 1.0509294 0.13340981
v -0.041279435 1.0508163 0.1336035
v -0.03989761 1.0508205 0.11359679
v -0.0685702 1.0511764 0.12968504
v -0.06443061 1.0511805 0.110074304
v -0.099883564 1.051238 0.12090212
v -0.091790356 1.0512418 0.102400325
v -0.12718017 1.051868 0.10411988
v -0.11360095 1.0518711 0.08899097
v -0.14313887 1.0522879 0.039421543
v -0.16626057 1.0523415 0.009461036
v -0.1461043 1.0523413 0.0100055095
v -0.16270381 1.0522869 0.04474266
v -0.13022698 1.0521195 0.06752871
v -0.14744316 1.0521173 0.077962734
v -0.11360095 1.0518711 0.08899097
v -0.12718017 1.051868 0.10411988
v 0.2236234 0.8215332 -0.11416698
v 0.24353716 0.7650112 -0.09927998
v 0.23651126 0.7646805 -0.15186667
v 0.25679842 0.7081585 -0.1382198
v 0.17809124 0.8210039 -0.17266954
v 0.21901888 0.7645519 -0.18693534
v 0.18842351 0.76415116 -0.21036923
v 0.23097712 0.7076992 -0.22463503
v -0.18842351 0.76415116 -0.21036923
v -0.23097712 0.7076992 -0.22463503
v -0.21901888 0.7645519 -0.18693534
v -0.17809124 0.8210039 -0.17266954
v -0.2236234 0.8215332 -0.11416698
v -0.24353716 0.7650112 -0.09927998
v -0.23651126 0.7646805 -0.15186667
v -0.25679842 0.7081585 -0.1382198
v 0.153882 0.9772975 -0.018221835
v 0.16751635 0.8777777 0.006335542
v 0.15830876 0.97766083 0.014228745
v 0.15445285 0.97735536 0.04675833
v 0.1635319 0.8722396 -0.031222008
v 0.14897321 0.9128278 -0.05536099
v 0.14264119 0.9771206 -0.044213895
v 0.12263973 0.9767788 -0.061972596
v 0.12939876 0.9097934 -0.076881275
v 0.096556865 0.9763694 -0.075425245
v 0.15312058 0.86861354 -0.0650459
v 0.16079472 0.8165346 -0.07699837
v 0.13281395 0.86343896 -0.08862396
v 0.10666668 0.8628635 -0.10378324
v 0.066902086 0.97668046 -0.08389851
v 0.13818613 0.81403625 -0.102649026
v 0.07529046 0.86464125 -0.11199158
v 0.034502964 0.9767047 -0.08900919
v 0.11088816 0.8139346 -0.11760482
v 0.040676765 0.8666891 -0.11505962
v -0 0.97633356 -0.09199268
v 0.14031026 0.79058 -0.10921002
v 0.14267309 0.76654387 -0.11582317
v 0.07733842 0.81377614 -0.12608883
v 0.10944985 0.78409314 -0.123647764
v -0 0.86786586 -0.117326416
v 0.04197931 0.8121471 -0.1288102
v 0.07546518 0.78214157 -0.13065197
v 0.10779636 0.7542517 -0.12941235
v -0.040676765 0.8666891 -0.11505962
v -0.034502964 0.9767047 -0.08900919
v -0.07529046 0.86464125 -0.11199158
v -0.066902086 0.97668046 -0.08389851
v -0.10666668 0.8628635 -0.10378324
v -0.096556865 0.9763694 -0.075425245
v -0.12939876 0.9097934 -0.076881275
v -0.12263973 0.9767788 -0.061972596
v -0.14897321 0.9128278 -0.05536099
v -0.14264119 0.9771206 -0.044213895
v -0.153882 0.9772975 -0.018221835
v -0.04197931 0.8121471 -0.1288102
v -0.07733842 0.81377614 -0.12608883
v -0.11088816 0.8139346 -0.11760482
v -0 0.8137566 -0.13057663
v 0.04061988 0.77964437 -0.1330008
v 0.07325787 0.75050706 -0.13472705
v 0.054798417 0.69111776 -0.113191165
v 0.03905525 0.7471416 -0.13659231
v -0 0.7807375 -0.13415007
v -0.04061988 0.77964437 -0.1330008
v -0.07546518 0.78214157 -0.13065197
v -0.10944985 0.78409314 -0.123647764
v 0.083983354 0.6774117 -0.11316906
v -0.03905525 0.7471416 -0.13659231
v -0.07325787 0.75050706 -0.13472705
v -0.054798417 0.69111776 -0.113191165
v -0.10779636 0.7542517 -0.12941235
v -0.14267309 0.76654387 -0.11582317
v -0.14031026 0.79058 -0.10921002
v -0.16079472 0.8165346 -0.07699837
v -0.13818613 0.81403625 -0.102649026
v -0.13281395 0.86343896 -0.08862396
v -0.15312058 0.86861354 -0.0650459
v -0.1635319 0.8722396 -0.031222008
v -0.083983354 0.6774117 -0.11316906
v -0.16751635 0.8777777 0.006335542
v -0.15830876 0.97766083 0.014228745
v -0.15445285 0.97735536 0.04675833
v -0.17202415 0.8297077 -0.03811009
v -0.1763969 0.83572555 0.0016727111
v -0.16565125 0.87342256 0.043186758
v -0.17562802 0.8278846 0.037391916
v -0.1500056 0.9169994 0.07797567
v -0.14257485 0.9769137 0.073255375
v -0.1283486 0.9194264 0.09815656
v -0.12262967 0.9764093 0.09412256
v -0.096876 0.97596675 0.10959858
v -0.10657263 0.8773317 0.1180613
v -0.06689952 0.97543585 0.11807394
v -0.15411328 0.8745827 0.07937738
v -0.15700072 0.8461062 0.082344286
v -0.1692488 0.7876964 0.081468344
v -0.1334444 0.8748826 0.10234668
v -0.13906594 0.81483954 0.1046798
v -0.07456578 0.8835218 0.12647954
v -0.034502964 0.9746756 0.12149002
v -0.03914432 0.88690037 0.12899101
v -0 0.97399336 0.122717
v -0.076951094 0.8439302 0.13119237
v -0.18349598 0.7965117 0.039889764
v -0.18684655 0.7992316 -0.00079918694
v -0.10592668 0.8305349 0.11944714
v -0.106403306 0.76791996 0.12095297
v -0.079586424 0.8043386 0.13635558
v -0.03959576 0.85023075 0.13339922
v -0.13779813 0.77699405 0.10745645
v -0.19252308 0.7564247 0.041741207
v -0.18456717 0.79465187 -0.043565948
v -0.13478926 0.72524375 0.10323283
v -0 0.8877721 0.13054512
v -0.19552332 0.7599163 -0.0020169928
v -0.17010285 0.7822634 -0.08329116
v -0.1926473 0.7584797 -0.04671196
v -0.17679226 0.7460414 -0.08796539
v 0.03914432 0.88690037 0.12899101
v 0.034502964 0.9746756 0.12149002
v -0.13976371 0.72018903 -0.11372859
v 0.07456578 0.8835218 0.12647954
v 0.06689952 0.97543585 0.11807394
v 0.10657263 0.8773317 0.1180613
v 0.096876 0.97596675 0.10959858
v 0.076951094 0.8439302 0.13119237
v 0.03959576 0.85023075 0.13339922
v 0.1283486 0.9194264 0.09815656
v 0.12262967 0.9764093 0.09412256
v 0.14257485 0.9769137 0.073255375
v -0 0.84919983 0.13515759
v 0.1500056 0.9169994 0.07797567
v 0.16565125 0.87342256 0.043186758
v 0.15411328 0.8745827 0.07937738
v 0.1334444 0.8748826 0.10234668
v 0.15700072 0.8461062 0.082344286
v 0.17562802 0.8278846 0.037391916
v 0.1692488 0.7876964 0.081468344
v 0.13906594 0.81483954 0.1046798
v 0.1763969 0.83572555 0.0016727111
v 0.10592668 0.8305349 0.11944714
v 0.106403306 0.76791996 0.12095297
v 0.079586424 0.8043386 0.13635558
v 0.040117655 0.813782 0.13828695
v 0.18349598 0.7965117 0.039889764
v 0.17202415 0.8297077 -0.03811009
v 0.18684655 0.7992316 -0.00079918694
v 0.18456717 0.79465187 -0.043565948
v 0.19252308 0.7564247 0.041741207
v 0.071925536 0.7705237 0.12944084
v 0.17010285 0.7822634 -0.08329116
v 0.19552332 0.7599163 -0.0020169928
v 0.1926473 0.7584797 -0.04671196
v 0.17679226 0.7460414 -0.08796539
v 0.13976371 0.72018903 -0.11372859
v 0.18567196 0.6718948 -0.083751485
v 0.1430548 0.6557014 -0.10634407
v 0.20595378 0.6813941 -0.04429823
v 0.09406993 0.63558227 -0.09912087
v 0.14744887 0.5769451 -0.09613605
v 0.1906269 0.5843623 -0.07628224
v 0.09756184 0.57118917 -0.088120155
v 0.21070486 0.68197715 -0.0009131144
v 0.21498111 0.58829826 -0.039969042
v 0.20621839 0.68001145 0.04189584
v 0.058767308 0.6165007 -0.05782849
v 0.06609365 0.56429124 -0.05178648
v 0.05239429 0.6490417 -0.06463039
v 0.098309964 0.5064471 -0.08084144
v 0.14456841 0.5077279 -0.09071006
v 0.19121619 0.5092813 -0.07167148
v 0.0694293 0.5051284 -0.04703042
v 0.053257108 0.55998796 0.00046740143
v 0.04294728 0.605455 -0.0007833793
v 0.05934934 0.5038627 0.0012506515
v 0.09871456 0.45995042 -0.0774875
v 0.070406504 0.4599258 -0.04490576
v 0.060600124 0.4599099 0.0017057643
v 0.14497744 0.4599794 -0.087580904
v 0.0719111 0.4173444 -0.04433777
v 0.09731864 0.37909746 -0.07724529
v 0.066025525 0.5663647 0.051851038
v 0.058675695 0.6191183 0.05369317
v 0.06943198 0.5056291 0.04935932
v 0.19221723 0.45999727 -0.06960862
v 0.14547345 0.3791291 -0.087496705
v 0.21668378 0.5099961 -0.037409253
v 0.22140779 0.5889664 0.0002923114
v 0.21500908 0.58851933 0.040344775
v 0.22347447 0.50999135 0.001275134
v 0.2179943 0.45999548 -0.036562517
v 0.21669216 0.5099358 0.039863043
v 0.19022726 0.5858986 0.07633653
v 0.19120447 0.5091346 0.07383152
v 0.18562637 0.67050153 0.0793748
v 0.176374 0.7405738 0.07998443
v 0.21799976 0.4600022 0.040357575
v 0.22481103 0.45998296 0.0018632016
v 0.19216087 0.4599708 0.07326315
v 0.1448014 0.5078214 0.09252437
v 0.14396606 0.5817505 0.09610356
v 0.14269069 0.6583573 0.09925376
v 0.13478926 0.72524375 0.10323283
v 0.14525312 0.45993534 0.09086799
v 0.13779813 0.77699405 0.10745645
v 0.19265953 0.4170112 0.0716244
v 0.14577144 0.4166537 0.0884127
v 0.21866272 0.41738516 0.03945087
v 0.22538163 0.41737264 0.0012103003
v 0.21868014 0.41736728 -0.037025824
v 0.19549996 0.37909722 -0.07097312
v 0.08328414 0.6748347 0.10077715
v 0.09396881 0.6368615 0.09146082
v 0.06524286 0.7317267 0.12474365
v 0.096927166 0.5741362 0.08720484
v 0.09829666 0.50700533 0.08280662
v 0.098728076 0.4599441 0.0809225
v 0.099589825 0.41720968 0.07846789
v 0.07042924 0.45991978 0.048505306
v 0.052334893 0.65162164 0.056391828
v 0.071984366 0.4172362 0.046599977
v 0.062380314 0.41732627 0.0010522706
v 0.06902717 0.37910366 -0.045675535
v 0.059302658 0.37910688 -0.0012936856
v 0.0691493 0.37897137 0.04328427
v 0.059014887 0.3144113 -0.006689718
v 0.06877067 0.3143901 -0.0488091
v 0.09745554 0.3788844 0.07465973
v 0.06879822 0.3143082 0.035302762
v 0.14580078 0.37785026 0.08463543
v 0.0965884 0.314382 -0.07957424
v 0.08138538 0.2745889 -0.009105518
v 0.08850689 0.27458423 -0.04355038
v 0.088639885 0.2745143 0.025276132
v 0.10917314 0.27458066 -0.06895656
v 0.09665474 0.31422082 0.06567964
v 0.1096524 0.2744492 0.050030977
v 0.145156 0.31442443 -0.08932488
v 0.14498714 0.2746138 -0.07645852
v 0.14541285 0.3130708 0.07518388
v 0.14546217 0.2735922 0.05785877
v 0.19601478 0.31439868 -0.07396358
v 0.18239525 0.27459192 -0.06394659
v 0.19526204 0.37849927 0.06854349
v 0.1958161 0.3138514 0.06018951
v 0.18214908 0.2742019 0.04551231
v 0.22281586 0.37909865 0.03708221
v 0.22426683 0.3143951 0.030295504
v 0.20345756 0.27455792 0.021131748
v 0.2297956 0.37910986 -0.0011674629
v 0.23108551 0.31441846 -0.0066524735
v 0.20870477 0.27458772 -0.009077336
v 0.20360397 0.27458647 -0.039366886
v 0.22430024 0.31440106 -0.043713916
v 0.22288172 0.37908363 -0.039343473
v 0.054597907 0.6934402 0.10163445
v 0.028745819 0.7043653 0.1026536
v 0.03480258 0.730586 0.12720144
v 0.038908955 0.7690417 0.13826717
v -0 0.8124506 0.14006184
v -0 0.76819766 0.13976544
v -0.040117655 0.813782 0.13828695
v -0.038908955 0.7690417 0.13826717
v -0.071925536 0.7705237 0.12944084
v -0.03480258 0.730586 0.12720144
v -0 0.7307877 0.12918893
v -0 0.70607436 0.104776464
v -0.06524286 0.7317267 0.12474365
v -0.028745819 0.7043653 0.1026536
v -0 0.6739221 0.05965248
v -0.08328414 0.6748347 0.10077715
v -0.054597907 0.6934402 0.10163445
v 0.020100316 0.67263293 0.0579437
v -0 0.6507156 -0.0025675679
v -0.020100316 0.67263293 0.0579437
v 0.038434923 0.6663434 0.05713408
v 0.011215441 0.64983034 -0.0027854042
v 0.03541707 0.6310577 -0.0020724493
v 0.025562515 0.6440499 -0.0027505308
v 0.03848662 0.6637527 -0.06696724
v 0.020147586 0.6699917 -0.067558974
v 0.028820075 0.70033985 -0.11286529
v -0 0.6712382 -0.06827138
v -0 0.7019632 -0.113553874
v -0 0.74771845 -0.13706979
v -0.028820075 0.70033985 -0.11286529
v -0.020147586 0.6699917 -0.067558974
v -0.011215441 0.64983034 -0.0027854042
v -0.03848662 0.6637527 -0.06696724
v -0.038434923 0.6663434 0.05713408
v -0.05239429 0.6490417 -0.06463039
v -0.025562515 0.6440499 -0.0027505308
v -0.03541707 0.6310577 -0.0020724493
v -0.052334893 0.65162164 0.056391828
v -0.04294728 0.605455 -0.0007833793
v -0.058767308 0.6165007 -0.05782849
v -0.058675695 0.6191183 0.05369317
v -0.09406993 0.63558227 -0.09912087
v -0.053257108 0.55998796 0.00046740143
v -0.09396881 0.6368615 0.09146082
v -0.1430548 0.6557014 -0.10634407
v -0.06609365 0.56429124 -0.05178648
v -0.066025525 0.5663647 0.051851038
v -0.18567196 0.6718948 -0.083751485
v -0.09756184 0.57118917 -0.088120155
v -0.05934934 0.5038627 0.0012506515
v -0.20595378 0.6813941 -0.04429823
v -0.14744887 0.5769451 -0.09613605
v -0.0694293 0.5051284 -0.04703042
v -0.1906269 0.5843623 -0.07628224
v -0.098309964 0.5064471 -0.08084144
v -0.14456841 0.5077279 -0.09071006
v -0.06943198 0.5056291 0.04935932
v -0.060600124 0.4599099 0.0017057643
v -0.070406504 0.4599258 -0.04490576
v -0.09871456 0.45995042 -0.0774875
v -0.096927166 0.5741362 0.08720484
v -0.0719111 0.4173444 -0.04433777
v -0.14269069 0.6583573 0.09925376
v -0.176374 0.7405738 0.07998443
v -0.18562637 0.67050153 0.0793748
v -0.14396606 0.5817505 0.09610356
v -0.09829666 0.50700533 0.08280662
v -0.07042924 0.45991978 0.048505306
v -0.20621839 0.68001145 0.04189584
v -0.19022726 0.5858986 0.07633653
v -0.1448014 0.5078214 0.09252437
v -0.21070486 0.68197715 -0.0009131144
v -0.21500908 0.58851933 0.040344775
v -0.21498111 0.58829826 -0.039969042
v -0.062380314 0.41732627 0.0010522706
v -0.098728076 0.4599441 0.0809225
v -0.19120447 0.5091346 0.07383152
v -0.22140779 0.5889664 0.0002923114
v -0.19121619 0.5092813 -0.07167148
v -0.071984366 0.4172362 0.046599977
v -0.14525312 0.45993534 0.09086799
v -0.21669216 0.5099358 0.039863043
v -0.21668378 0.5099961 -0.037409253
v -0.14497744 0.4599794 -0.087580904
v -0.099589825 0.41720968 0.07846789
v -0.19216087 0.4599708 0.07326315
v -0.22347447 0.50999135 0.001275134
v -0.19221723 0.45999727 -0.06960862
v -0.09731864 0.37909746 -0.07724529
v -0.14577144 0.4166537 0.0884127
v -0.21799976 0.4600022 0.040357575
v -0.2179943 0.45999548 -0.036562517
v -0.14547345 0.3791291 -0.087496705
v -0.06902717 0.37910366 -0.045675535
v -0.19265953 0.4170112 0.0716244
v -0.22481103 0.45998296 0.0018632016
v -0.21866272 0.41738516 0.03945087
v -0.22538163 0.41737264 0.0012103003
v -0.21868014 0.41736728 -0.037025824
v -0.059302658 0.37910688 -0.0012936856
v -0.0691493 0.37897137 0.04328427
v -0.059014887 0.3144113 -0.006689718
v -0.09745554 0.3788844 0.07465973
v -0.19549996 0.37909722 -0.07097312
v -0.06877067 0.3143901 -0.0488091
v -0.06879822 0.3143082 0.035302762
v -0.14580078 0.37785026 0.08463543
v -0.0965884 0.314382 -0.07957424
v -0.08138538 0.2745889 -0.009105518
v -0.08850689 0.27458423 -0.04355038
v -0.088639885 0.2745143 0.025276132
v -0.10917314 0.27458066 -0.06895656
v -0.09665474 0.31422082 0.06567964
v -0.1096524 0.2744492 0.050030977
v -0.145156 0.31442443 -0.08932488
v -0.14498714 0.2746138 -0.07645852
v -0.14541285 0.3130708 0.07518388
v -0.14546217 0.2735922 0.05785877
v -0.19601478 0.31439868 -0.07396358
v -0.18239525 0.27459192 -0.06394659
v -0.19526204 0.37849927 0.06854349
v -0.1958161 0.3138514 0.06018951
v -0.18214908 0.2742019 0.04551231
v -0.22281586 0.37909865 0.03708221
v -0.22426683 0.3143951 0.030295504
v -0.20345756 0.27455792 0.021131748
v -0.2297956 0.37910986 -0.0011674629
v -0.23108551 0.31441846 -0.0066524735
v -0.20870477 0.27458772 -0.009077336
v -0.20360397 0.27458647 -0.039366886
v -0.22430024 0.31440106 -0.043713916
v -0.22288172 0.37908363 -0.039343473
v 0.08850689 0.27458423 -0.04355038
v 0.08138538 0.2745889 -0.009105518
v 0.0812682 0.27111635 -0.009896406
v 0.088639885 0.2745143 0.025276132
v 0.088434786 0.27111617 -0.05003824
v 0.084563226 0.22782138 -0.013103096
v 0.10917314 0.27458066 -0.06895656
v 0.08842191 0.27103344 0.030188572
v 0.1096524 0.2744492 0.050030977
v 0.10915983 0.27111328 -0.07974869
v 0.14498714 0.2746138 -0.07645852
v 0.10957385 0.27096024 0.059001625
v 0.14546217 0.2735922 0.05785877
v 0.09123342 0.22775868 0.02507438
v 0.14549044 0.26999605 0.068146996
v 0.18214908 0.2742019 0.04551231
v 0.091256894 0.22784223 -0.05126738
v 0.1449176 0.2711512 -0.088295825
v 0.18239525 0.27459192 -0.06394659
v 0.11175158 0.22769968 0.052323613
v 0.18211994 0.2706947 0.053723637
v 0.20345756 0.27455792 0.021131748
v 0.1109533 0.22784455 -0.07992314
v 0.18223286 0.2711254 -0.07373538
v 0.20360397 0.27458647 -0.039366886
v 0.14544706 0.2269213 0.061110105
v 0.20357943 0.2710729 0.025338223
v 0.20870477 0.27458772 -0.009077336
v 0.20359385 0.27111596 -0.045155905
v 0.14450844 0.22787799 -0.08726677
v 0.17928539 0.22753803 0.047257762
v 0.14489193 0.18002562 0.05601255
v 0.20878217 0.27111205 -0.009864504
v 0.17937377 0.22785212 -0.073507175
v 0.1450546 0.17834766 -0.08935835
v 0.19995952 0.22775069 0.020380946
v 0.19997752 0.22783084 -0.046597894
v 0.11109017 0.17892997 0.045899414
v 0.17800544 0.17960134 0.040896274
v 0.20504077 0.22780564 -0.013076536
v 0.17805316 0.17834564 -0.07416726
v 0.08823026 0.17818144 0.020355301
v 0.14459455 0.1534436 0.06047425
v 0.19930081 0.17852166 0.016255861
v 0.1966198 0.1783361 -0.0483864
v 0.10862063 0.15201882 0.046327543
v 0.17889515 0.15263332 0.0399282
v 0.20555009 0.17832854 -0.016864821
v 0.20063442 0.15259291 0.015789254
v 0.18592921 0.12794007 0.038687214
v 0.14422427 0.14281812 0.06875011
v 0.10469488 0.1292086 0.046058454
v 0.08624477 0.15224399 0.01976859
v 0.20653592 0.15238044 -0.017301837
v 0.20811161 0.12959327 0.014747756
v 0.14378655 0.13447025 0.09048813
v 0.0839371 0.17832485 -0.018903796
v 0.0916067 0.17834313 -0.052954745
v 0.08232093 0.15204749 -0.02068327
v 0.112363346 0.17835076 -0.078379236
v 0.08184203 0.12900425 0.019024543
v 0.08869875 0.12945604 -0.054474212
v 0.14401561 0.1294532 -0.09299417
v 0.079544544 0.12943794 -0.021139944
v 0.10935599 0.12945451 -0.08176856
v 0.17891295 0.1294557 -0.07741365
v 0.14255793 0.06424534 -0.10260717
v 0.103498764 0.06418716 -0.09360815
v 0.19859321 0.12945521 -0.050313294
v 0.18171859 0.06413018 -0.09365455
v 0.20883396 0.12945022 -0.018589644
v 0.08112076 0.06425119 -0.05888579
v 0.1422677 0.021336015 -0.10772684
v 0.20404312 0.06422449 -0.058895744
v 0.1007807 0.021265978 -0.0982144
v 0.1837657 0.021225328 -0.098240554
v 0.14223664 0.004870945 -0.10945602
v 0.21875452 0.064122334 0.015010164
v 0.21650214 0.06423308 -0.022818897
v 0.20741959 0.021333696 -0.061576974
v 0.21600436 0.06377282 0.041643567
v 0.22373414 0.02123894 0.016388047
v 0.18456471 0.0047579953 -0.09980832
v 0.22084543 0.0213492 -0.02351176
v 0.20868333 0.004878641 -0.06252407
v 0.14223087 0.004201773 -0.06277117
v 0.22036347 0.06239679 0.0757699
v 0.22577958 0.020754954 0.04446612
v 0.18728435 0.11653867 0.06869625
v 0.22515644 0.004783408 0.016776428
v 0.22231534 0.004891523 -0.023808274
v 0.14216502 0.0027808037 -0.023916632
v 0.22713524 0.0043239812 0.0453152
v 0.14258966 0.0030927819 0.017030932
v 0.14340912 0.0034041621 0.045350134
v 0.22769715 0.0032235668 0.081295274
v 0.22653274 0.019537717 0.07998945
v 0.14322181 0.12545863 0.12317788
v 0.19332096 0.104623474 0.12532191
v 0.2242082 0.057946723 0.12960859
v 0.099584356 0.116650365 0.068436705
v 0.06108167 0.0047922293 0.016774364
v 0.06012913 0.0044551115 0.045257002
v 0.14346695 0.0029516513 0.08088353
v 0.22967525 0.00031415437 0.13351947
v 0.2289602 0.015997687 0.13216642
v 0.06209161 0.0048438394 -0.0238094
v 0.07577659 0.004888536 -0.06252129
v 0.063539796 0.021307118 -0.023512598
v 0.09991929 0.00480401 -0.09978329
v 0.07706912 0.02134669 -0.06157312
v 0.06834193 0.064196244 -0.022820096
v 0.06243851 0.02125563 0.01638557
v 0.06726015 0.06408693 0.015021463
v 0.07069244 0.063898705 0.041564524
v 0.061388396 0.020895382 0.04439776
v 0.065802135 0.06243637 0.07573053
v 0.059259348 0.0032830522 0.08126419
v 0.092289574 0.10494391 0.12444407
v 0.06040839 0.019617707 0.07994153
v 0.14286797 0.0008546505 0.13278043
v 0.14262259 0.1109287 0.18186526
v 0.06119173 0.0582035 0.129211
v 0.05662041 0.0004715105 0.13335976
v 0.2312604 -0.001948256 0.18930101
v 0.19717363 0.09417562 0.18226607
v 0.08744416 0.09420125 0.18194272
v 0.05737322 0.016212622 0.1319296
v 0.1424407 -0.0014072943 0.18909216
v 0.22693656 0.052983448 0.1858633
v 0.14235573 0.09179507 0.24360289
v 0.058049176 0.053218648 0.18537395
v 0.054317374 -0.0019036726 0.18923
v 0.2311906 0.012564047 0.18886983
v 0.18357836 0.08228515 0.23855488
v 0.10086159 0.08230315 0.23840825
v 0.054472197 0.012633784 0.18874756
v 0.20546411 -0.0021593715 0.25857505
v 0.20095372 0.050499186 0.25204167
v 0.14216389 0.050368417 0.27032474
v 0.08331992 0.050499186 0.25204167
v 0.14216389 -0.0021593687 0.28044364
v 0.20546696 0.01189004 0.25857505
v 0.14216389 0.011890043 0.2810026
v 0.078862146 0.011890041 0.25857505
v 0.07886392 -0.0021593703 0.25857505
v 0.04802026 0.99652034 0.14316313
v -0 0.9960209 0.14431961
v -0 1.0509294 0.13340981
v -0.04802026 0.99652034 0.14316313
v 0.041279435 1.0508163 0.1336035
v -0.041279435 1.0508163 0.1336035
v 0.07049621 0.997183 0.13904536
v -0.07049621 0.997183 0.13904536
v 0.0685702 1.0511764 0.12968504
v -0.0685702 1.0511764 0.12968504
v 0.10249882 0.99760425 0.12901999
v -0.10249882 0.99760425 0.12901999
v 0.099883564 1.051238 0.12090212
v -0.099883564 1.051238 0.12090212
v 0.13007918 0.9980816 0.110576324
v -0.13007918 0.9980816 0.110576324
v 0.12718017 1.051868 0.10411988
v -0.12718017 1.051868 0.10411988
v 0.15124781 0.9985235 0.08502482
v -0.15124781 0.9985235 0.08502482
v 0.14744316 1.0521173 0.077962734
v -0.14744316 1.0521173 0.077962734
v 0.16459784 0.99889976 0.05247531
v -0.16459784 0.99889976 0.05247531
v 0.16270381 1.0522869 0.04474266
v -0.16270381 1.0522869 0.04474266
v 0.16874176 0.99914634 0.013760548
v 0.16626057 1.0523415 0.009461036
v 0.16091126 1.0522406 -0.024890216
v 0.1638382 0.9988452 -0.024647646
v 0.14881039 1.0523272 -0.052109912
v 0.1516297 0.99872816 -0.055325195
v 0.12804501 1.0518577 -0.068860754
v 0.1302762 0.9983632 -0.07582483
v 0.100961685 1.051636 -0.08319038
v 0.102465875 0.9980004 -0.091717355
v 0.06873725 1.0510392 -0.09408553
v 0.07053478 0.9981092 -0.10213877
v 0.03511537 1.0507535 -0.10094913
v 0.03599424 0.99806553 -0.10851441
v -0 1.0508686 -0.10394081
v -0 0.9978055 -0.11201014
v -0.03599424 0.99806553 -0.10851441
v -0.03511537 1.0507535 -0.10094913
v -0.07053478 0.9981092 -0.10213877
v -0.06873725 1.0510392 -0.09408553
v -0.102465875 0.9980004 -0.091717355
v -0.100961685 1.051636 -0.08319038
v -0.1302762 0.9983632 -0.07582483
v -0.12804501 1.0518577 -0.068860754
v -0.1516297 0.99872816 -0.055325195
v -0.14881039 1.0523272 -0.052109912
v -0.1638382 0.9988452 -0.024647646
v -0.16091126 1.0522406 -0.024890216
v -0.16874176 0.99914634 0.013760548
v -0.16626057 1.0523415 0.009461036
v -0.08850689 0.27458423 -0.04355038
v -0.0812682 0.27111635 -0.009896406
v -0.08138538 0.2745889 -0.009105518
v -0.088639885 0.2745143 0.025276132
v -0.088434786 0.27111617 -0.05003824
v -0.084563226 0.22782138 -0.013103096
v -0.10917314 0.27458066 -0.06895656
v -0.08842191 0.27103344 0.030188572
v -0.1096524 0.2744492 0.050030977
v -0.10915983 0.27111328 -0.07974869
v -0.14498714 0.2746138 -0.07645852
v -0.10957385 0.27096024 0.059001625
v -0.14546217 0.2735922 0.05785877
v -0.09123342 0.22775868 0.02507438
v -0.14549044 0.26999605 0.068146996
v -0.18214908 0.2742019 0.04551231
v -0.091256894 0.22784223 -0.05126738
v -0.1449176 0.2711512 -0.088295825
v -0.18239525 0.27459192 -0.06394659
v -0.11175158 0.22769968 0.052323613
v -0.18211994 0.2706947 0.053723637
v -0.20345756 0.27455792 0.021131748
v -0.1109533 0.22784455 -0.07992314
v -0.18223286 0.2711254 -0.07373538
v -0.20360397 0.27458647 -0.039366886
v -0.14544706 0.2269213 0.061110105
v -0.20357943 0.2710729 0.025338223
v -0.20870477 0.27458772 -0.009077336
v -0.20359385 0.27111596 -0.045155905
v -0.14450844 0.22787799 -0.08726677
v -0.17928539 0.22753803 0.047257762
v -0.14489193 0.18002562 0.05601255
v -0.20878217 0.27111205 -0.009864504
v -0.17937377 0.22785212 -0.073507175
v -0.1450546 0.17834766 -0.08935835
v -0.19995952 0.22775069 0.020380946
v -0.19997752 0.22783084 -0.046597894
v -0.11109017 0.17892997 0.045899414
v -0.17800544 0.17960134 0.040896274
v -0.20504077 0.22780564 -0.013076536
v -0.17805316 0.17834564 -0.07416726
v -0.08823026 0.17818144 0.020355301
v -0.14459455 0.1534436 0.06047425
v -0.19930081 0.17852166 0.016255861
v -0.1966198 0.1783361 -0.0483864
v -0.10862063 0.15201882 0.046327543
v -0.17889515 0.15263332 0.0399282
v -0.20555009 0.17832854 -0.016864821
v -0.20063442 0.15259291 0.015789254
v -0.18592921 0.12794007 0.038687214
v -0.14422427 0.14281812 0.06875011
v -0.10469488 0.1292086 0.046058454
v -0.08624477 0.15224399 0.01976859
v -0.20653592 0.15238044 -0.017301837
v -0.20811161 0.12959327 0.014747756
v -0.14378655 0.13447025 0.09048813
v -0.0839371 0.17832485 -0.018903796
v -0.0916067 0.17834313 -0.052954745
v -0.08232093 0.15204749 -0.02068327
v -0.112363346 0.17835076 -0.078379236
v -0.08184203 0.12900425 0.019024543
v -0.08869875 0.12945604 -0.054474212
v -0.14401561 0.1294532 -0.09299417
v -0.079544544 0.12943794 -0.021139944
v -0.10935599 0.12945451 -0.08176856
v -0.17891295 0.1294557 -0.07741365
v -0.14255793 0.06424534 -0.10260717
v -0.103498764 0.06418716 -0.09360815
v -0.19859321 0.12945521 -0.050313294
v -0.18171859 0.06413018 -0.09365455
v -0.20883396 0.12945022 -0.018589644
v -0.08112076 0.06425119 -0.05888579
v -0.1422677 0.021336015 -0.10772684
v -0.20404312 0.06422449 -0.058895744
v -0.1007807 0.021265978 -0.0982144
v -0.1837657 0.021225328 -0.098240554
v -0.14223664 0.004870945 -0.10945602
v -0.21875452 0.064122334 0.015010164
v -0.21650214 0.06423308 -0.022818897
v -0.20741959 0.021333696 -0.061576974
v -0.21600436 0.06377282 0.041643567
v -0.22373414 0.02123894 0.016388047
v -0.18456471 0.0047579953 -0.09980832
v -0.22084543 0.0213492 -0.02351176
v -0.20868333 0.004878641 -0.06252407
v -0.14223087 0.004201773 -0.06277117
v -0.22036347 0.06239679 0.0757699
v -0.22577958 0.020754954 0.04446612
v -0.18728435 0.11653867 0.06869625
v -0.22515644 0.004783408 0.016776428
v -0.22231534 0.004891523 -0.023808274
v -0.14216502 0.0027808037 -0.023916632
v -0.22713524 0.0043239812 0.0453152
v -0.14258966 0.0030927819 0.017030932
v -0.14340912 0.0034041621 0.045350134
v -0.22769715 0.0032235668 0.081295274
v -0.22653274 0.019537717 0.07998945
v -0.14322181 0.12545863 0.12317788
v -0.19332096 0.104623474 0.12532191
v -0.2242082 0.057946723 0.12960859
v -0.099584356 0.116650365 0.068436705
v -0.06108167 0.0047922293 0.016774364
v -0.06012913 0.0044551115 0.045257002
v -0.14346695 0.0029516513 0.08088353
v -0.22967525 0.00031415437 0.13351947
v -0.2289602 0.015997687 0.13216642
v -0.06209161 0.0048438394 -0.0238094
v -0.07577659 0.004888536 -0.06252129
v -0.063539796 0.021307118 -0.023512598
v -0.09991929 0.00480401 -0.09978329
v -0.07706912 0.02134669 -0.06157312
v -0.06834193 0.064196244 -0.022820096
v -0.06243851 0.02125563 0.01638557
v -0.06726015 0.06408693 0.015021463
v -0.07069244 0.063898705 0.041564524
v -0.061388396 0.020895382 0.04439776
v -0.065802135 0.06243637 0.07573053
v -0.059259348 0.0032830522 0.08126419
v -0.06040839 0.019617707 0.07994153
v -0.092289574 0.10494391 0.12444407
v -0.14286797 0.0008546505 0.13278043
v -0.06119173 0.0582035 0.129211
v -0.14262259 0.1109287 0.18186526
v -0.05662041 0.0004715105 0.13335976
v -0.2312604 -0.001948256 0.18930101
v -0.05737322 0.016212622 0.1319296
v -0.08744416 0.09420125 0.18194272
v -0.19717363 0.09417562 0.18226607
v -0.1424407 -0.0014072943 0.18909216
v -0.22693656 0.052983448 0.1858633
v -0.14235573 0.09179507 0.24360289
v -0.058049176 0.053218648 0.18537395
v -0.054317374 -0.0019036726 0.18923
v -0.2311906 0.012564047 0.18886983
v -0.18357836 0.08228515 0.23855488
v -0.10086159 0.08230315 0.23840825
v -0.054472197 0.012633784 0.18874756
v -0.20546411 -0.0021593715 0.25857505
v -0.20095372 0.050499186 0.25204167
v -0.14216389 0.050368417 0.27032474
v -0.08331992 0.050499186 0.25204167
v -0.14216389 -0.0021593687 0.28044364
v -0.20546696 0.01189004 0.25857505
v -0.14216389 0.011890043 0.2810026
v -0.078862146 0.011890041 0.25857505
v -0.07886392 -0.0021593703 0.25857505
vt 0.53234476 0.6549448
vt 0.5323448 0.6549447
vt 0.5323448 0.6549448
vt 0.5323448 0.6549448
vt 0.53234476 0.6549446
vt 0.53234476 0.6549448
vt 0.5323448 0.6549448
vt 0.5323448 0.6549447
vt 0.47329605 0.65358615
vt 0.47329605 0.65358615
vt 0.47329605 0.65358615
vt 0.47329605 0.65358627
vt 0.47329605 0.65358615
vt 0.47329605 0.65358615
vt 0.47329605 0.65358615
vt 0.47329605 0.65358603
vt 0.47329605 0.65358615
vt 0.47329605 0.6535861
vt 0.47329605 0.65358603
vt 0.47329605 0.65358615
vt 0.47329605 0.65358615
vt 0.47329605 0.6535861
vt 0.47329605 0.6535861
vt 0.47329605 0.65358627
vt 0.47329605 0.65358603
vt 0.47329605 0.65358603
vt 0.47329605 0.6535861
vt 0.47329605 0.65358615
vt 0.47329605 0.6535861
vt 0.47329605 0.65358603
vt 0.47329605 0.65358627
vt 0.47329605 0.65358615
vt 0.47329605 0.65358615
vt 0.47329605 0.65358615
vt 0.47329605 0.65358615
vt 0.47329605 0.6535861
vt 0.47329605 0.65358615
vt 0.47329605 0.65358615
vt 0.47329605 0.65358603
vt 0.47329608 0.65358603
vt 0.47329605 0.65358603
vt 0.47329605 0.6535861
vt 0.47329605 0.65358603
vt 0.47329605 0.6535861
vt 0.47329605 0.65358603
vt 0.47329605 0.6535861
vt 0.47329608 0.65358603
vt 0.47329605 0.65358615
vt 0.47329605 0.65358603
vt 0.47329605 0.65358603
vt 0.47329605 0.65358627
vt 0.47329605 0.65358603
vt 0.47329605 0.65358627
vt 0.47329605 0.65358615
vt 0.47329605 0.65358615
vt 0.47329605 0.65358627
vt 0.47329605 0.65358627
vt 0.47329608 0.65358603
vt 0.47329608 0.65358627
vt 0.47329608 0.653586
vt 0.47329608 0.6535863
vt 0.47329605 0.65358615
vt 0.47329605 0.65358615
vt 0.47329605 0.65358603
vt 0.47329605 0.65358603
vt 0.47329605 0.6535862
vt 0.47329605 0.65358615
vt 0.47329605 0.65358615
vt 0.47329605 0.65358615
vt 0.47329605 0.65358603
vt 0.47329605 0.65358627
vt 0.47329605 0.65358615
vt 0.47329605 0.65358615
vt 0.47329605 0.65358603
vt 0.47329605 0.65358615
vt 0.47329605 0.65358603
vt 0.47329605 0.65358615
vt 0.47329605 0.65358615
vt 0.47329605 0.65358615
vt 0.47329605 0.65358615
vt 0.47329608 0.65358603
vt 0.47329605 0.65358603
vt 0.47329605 0.65358615
vt 0.47329608 0.653586
vt 0.47329608 0.65358615
vt 0.47329605 0.65358603
vt 0.47329605 0.65358615
vt 0.47329605 0.65358615
vt 0.47329605 0.65358615
vt 0.47329605 0.65358603
vt 0.47329605 0.65358615
vt 0.47329608 0.65358603
vt 0.47329605 0.65358615
vt 0.47329605 0.65358615
vt 0.47329605 0.65358603
vt 0.47329605 0.65358615
vt 0.47329608 0.653586
vt 0.47329605 0.65358615
vt 0.47329608 0.65358615
vt 0.47329608 0.65358615
vt 0.47329608 0.65358615
vt 0.47329605 0.65358615
vt 0.47329605 0.65358615
vt 0.47329608 0.65358615
vt 0.47329608 0.65358615
vt 0.47329605 0.65358615
vt 0.47329605 0.65358615
vt 0.47329605 0.65358615
vt 0.47329608 0.65358615
vt 0.47329608 0.65358615
vt 0.47329608 0.65358615
vt 0.47329608 0.65358615
vt 0.47329608 0.65358615
vt 0.47329605 0.65358615
vt 0.47329608 0.65358615
vt 0.47329608 0.65358615
vt 0.47329605 0.65358615
vt 0.47329605 0.65358615
vt 0.47329605 0.65358615
vt 0.47329608 0.653586
vt 0.47329608 0.65358603
vt 0.47329605 0.65358615
vt 0.47329605 0.65358603
vt 0.47329605 0.65358615
vt 0.47329605 0.65358615
vt 0.47329605 0.65358615
vt 0.47329605 0.65358603
vt 0.47329605 0.65358615
vt 0.47329605 0.65358615
vt 0.47329605 0.65358615
vt 0.47329605 0.65358615
vt 0.47329605 0.65358603
vt 0.47329605 0.65358615
vt 0.47329605 0.65358615
vt 0.47329605 0.65358615
vt 0.47329605 0.65358615
vt 0.47329605 0.65358603
vt 0.47329605 0.65358615
vt 0.47329605 0.65358603
vt 0.47329605 0.65358615
vt 0.47329605 0.65358615
vt 0.47329605 0.65358615
vt 0.47329605 0.65358615
vt 0.47329605 0.65358615
vt 0.47329605 0.65358603
vt 0.47329605 0.65358603
vt 0.47329605 0.65358603
vt 0.47329605 0.65358627
vt 0.47329605 0.65358627
vt 0.47329605 0.65358627
vt 0.47329605 0.6535862
vt 0.47329605 0.65358627
vt 0.47329605 0.65358603
vt 0.47329608 0.65358603
vt 0.47329605 0.65358615
vt 0.47329608 0.653586
vt 0.47329608 0.65358615
vt 0.47329605 0.65358603
vt 0.47329605 0.65358603
vt 0.47329605 0.65358603
vt 0.47329605 0.65358627
vt 0.47329605 0.65358615
vt 0.47329605 0.65358603
vt 0.47329605 0.65358627
vt 0.47329605 0.65358615
vt 0.47329605 0.65358603
vt 0.47329605 0.65358603
vt 0.47329605 0.65358603
vt 0.47329605 0.65358627
vt 0.47329608 0.65358603
vt 0.47329605 0.6535861
vt 0.47329608 0.65358627
vt 0.47329605 0.6535861
vt 0.47329608 0.653586
vt 0.47329608 0.6535863
vt 0.47329605 0.65358615
vt 0.47329605 0.65358615
vt 0.47329608 0.65358603
vt 0.47329605 0.65358603
vt 0.47329605 0.65358603
vt 0.47329605 0.6535861
vt 0.47329605 0.6535861
vt 0.47329605 0.65358603
vt 0.47329605 0.65358615
vt 0.47329605 0.65358615
vt 0.47329605 0.65358615
vt 0.47329605 0.65358627
vt 0.47329605 0.65358615
vt 0.47329605 0.65358615
vt 0.47329605 0.65358615
vt 0.47329605 0.65358615
vt 0.47329605 0.65358615
vt 0.47329605 0.6535861
vt 0.47329605 0.6535861
vt 0.47329605 0.6535861
vt 0.47329605 0.6535861
vt 0.47329605 0.65358615
vt 0.47329605 0.6535861
vt 0.47329605 0.65358615
vt 0.47329605 0.65358615
vt 0.47329605 0.65358615
vt 0.47329605 0.65358615
vt 0.47329605 0.65358615
vt 0.47329605 0.65358603
vt 0.47329608 0.65358603
vt 0.47329608 0.65358603
vt 0.47329605 0.65358615
vt 0.47329608 0.653586
vt 0.2809903 0.58489704
vt 0.2809903 0.58489704
vt 0.2809903 0.58489704
vt 0.2809903 0.58489704
vt 0.2809903 0.58489704
vt 0.2809903 0.58489704
vt 0.2809903 0.58489704
vt 0.2809903 0.58489704
vt 0.2809903 0.58489704
vt 0.2809903 0.58489704
vt 0.2809903 0.58489704
vt 0.2809903 0.58489704
vt 0.2809903 0.58489704
vt 0.2809903 0.58489704
vt 0.2809903 0.58489704
vt 0.2809903 0.58489704
vt 0.23915699 0.58243626
vt 0.23915699 0.58243626
vt 0.23915699 0.58243626
vt 0.23915699 0.58243626
vt 0.2809903 0.58489704
vt 0.2809903 0.58489704
vt 0.2809903 0.58489704
vt 0.2809903 0.58489704
vt 0.23915699 0.58243626
vt 0.23915699 0.58243626
vt 0.23915699 0.58243626
vt 0.23915699 0.58243626
vt 0.23915699 0.58243626
vt 0.23915699 0.58243626
vt 0.23915699 0.58243626
vt 0.23915699 0.58243626
vt 0.23915699 0.58243626
vt 0.23915699 0.58243626
vt 0.23915699 0.58243626
vt 0.23915699 0.58243626
vt 0.23915699 0.58243626
vt 0.23915699 0.58243626
vt 0.23915699 0.58243626
vt 0.23915699 0.58243626
vt 0.47329608 0.65358603
vt 0.47329608 0.653586
vt 0.47329605 0.65358615
vt 0.40829033 0.5939366
vt 0.40829033 0.5939366
vt 0.40829033 0.5939366
vt 0.40829033 0.5939366
vt 0.40829033 0.59393656
vt 0.40829033 0.5939366
vt 0.40829033 0.5939366
vt 0.40829033 0.59393656
vt 0.40829033 0.59393656
vt 0.40829033 0.59393656
vt 0.40829033 0.59393656
vt 0.40829033 0.59393656
vt 0.40829033 0.5939366
vt 0.40829033 0.5939366
vt 0.40829033 0.5939366
vt 0.40829033 0.5939366
vt 0.40829033 0.5939366
vt 0.40829033 0.5939366
vt 0.40829033 0.5939366
vt 0.40829033 0.5939366
vt 0.40829033 0.5939366
vt 0.47329605 0.65358603
vt 0.47329605 0.6535861
vt 0.47329605 0.65358615
vt 0.47329608 0.65358603
vt 0.47329605 0.65358615
vt 0.47329608 0.653586
vt 0.47329608 0.65358603
vt 0.47329605 0.65358603
vt 0.47329608 0.65358603
vt 0.47329605 0.65358615
vt 0.47329605 0.6535861
vt 0.47329608 0.65358603
vt 0.47329608 0.653586
vt 0.47329605 0.65358615
vt 0.5323448 0.6549448
vt 0.5323448 0.6549446
vt 0.5323447 0.65494454
vt 0.5323448 0.6549448
vt 0.53234476 0.6549448
vt 0.5323448 0.6549448
vt 0.5323448 0.6549447
vt 0.53234476 0.6549446
vt 0.53234476 0.6549446
vt 0.5323449 0.65494454
vt 0.5323449 0.65494454
vt 0.5323448 0.65494466
vt 0.53234476 0.6549446
vt 0.5323448 0.65494466
vt 0.5323448 0.6549448
vt 0.5323448 0.65494466
vt 0.5323448 0.6549448
vt 0.53234476 0.6549446
vt 0.5323447 0.65494454
vt 0.53234476 0.6549447
vt 0.5323447 0.65494454
vt 0.5323447 0.6549445
vt 0.53234476 0.6549447
vt 0.5323448 0.6549446
vt 0.5323448 0.6549446
vt 0.5323448 0.65494466
vt 0.5323448 0.6549447
vt 0.5323448 0.65494466
vt 0.5323448 0.65494466
vt 0.53234476 0.6549446
vt 0.5323448 0.6549446
vt 0.5323448 0.6549446
vt 0.404384 0.59465533
vt 0.40438408 0.59465545
vt 0.40438408 0.59465545
vt 0.40438402 0.5946553
vt 0.40438408 0.59465545
vt 0.4043841 0.5946554
vt 0.40438408 0.59465545
vt 0.40438414 0.5946555
vt 0.40438408 0.59465545
vt 0.40438408 0.59465545
vt 0.40438408 0.59465545
vt 0.40438408 0.5946554
vt 0.40438408 0.59465545
vt 0.4043841 0.5946554
vt 0.4043841 0.59465545
vt 0.40438408 0.59465545
vt 0.404384 0.59465533
vt 0.40438408 0.59465545
vt 0.40438408 0.59465545
vt 0.40438408 0.59465545
vt 0.40438417 0.59465533
vt 0.40438408 0.59465545
vt 0.40438408 0.5946555
vt 0.40438408 0.59465545
vt 0.4043841 0.5946556
vt 0.40438408 0.59465545
vt 0.40438408 0.5946555
vt 0.40438405 0.5946556
vt 0.40438408 0.59465545
vt 0.4043841 0.5946556
vt 0.40438408 0.59465545
vt 0.40438402 0.59465533
vt 0.40438408 0.59465545
vt 0.40438408 0.5946554
vt 0.40438408 0.59465545
vt 0.40438408 0.5946556
vt 0.40438408 0.59465545
vt 0.40438408 0.5946556
vt 0.40438408 0.59465545
vt 0.4043841 0.5946555
vt 0.40438408 0.59465545
vt 0.40438405 0.5946554
vt 0.40438408 0.59465545
vt 0.40438405 0.5946554
vt 0.40438408 0.59465545
vt 0.4043841 0.59465545
vt 0.40438408 0.59465545
vt 0.40438414 0.5946556
vt 0.40438408 0.59465545
vt 0.4043841 0.5946554
vt 0.40438408 0.59465545
vt 0.40438408 0.59465545
vt 0.40438405 0.5946554
vt 0.40438408 0.59465545
vt 0.40438408 0.59465545
vt 0.40438408 0.59465545
vt 0.4043841 0.59465545
vt 0.40438408 0.59465545
vt 0.40438414 0.5946554
vt 0.40438405 0.5946554
vt 0.40438408 0.59465545
vt 0.40438414 0.5946556
vt 0.40438408 0.59465545
vt 0.40438405 0.5946555
vt 0.40438408 0.59465545
vt 0.40438414 0.5946554
vt 0.40438408 0.59465545
vt 0.47329605 0.65358603
vt 0.47329605 0.65358627
vt 0.47329608 0.65358603
vt 0.47329608 0.6535863
vt 0.47329605 0.65358603
vt 0.47329605 0.65358615
vt 0.47329608 0.65358603
vt 0.47329608 0.65358615
vt 0.47329608 0.65358603
vt 0.47329608 0.65358615
vt 0.47329605 0.65358615
vt 0.47329605 0.65358603
vt 0.47329605 0.65358603
vt 0.47329605 0.65358627
vt 0.47329608 0.65358603
vt 0.47329608 0.6535863
vt 0.20219773 0.6592903
vt 0.20219773 0.6592903
vt 0.20219773 0.6592903
vt 0.20219773 0.6592903
vt 0.20219773 0.6592903
vt 0.20219773 0.6592903
vt 0.20219773 0.6592903
vt 0.20219773 0.6592903
vt 0.20219773 0.6592903
vt 0.20219773 0.6592903
vt 0.20219773 0.6592903
vt 0.20219773 0.6592903
vt 0.20219773 0.6592903
vt 0.20219773 0.6592903
vt 0.20219773 0.6592903
vt 0.20219773 0.6592903
vt 0.20219773 0.6592903
vt 0.20219773 0.6592903
vt 0.20219773 0.6592903
vt 0.20219773 0.6592903
vt 0.20219773 0.6592903
vt 0.20219773 0.6592903
vt 0.20219773 0.6592903
vt 0.20219773 0.6592903
vt 0.20219773 0.6592903
vt 0.20219773 0.6592903
vt 0.20219773 0.6592903
vt 0.20219773 0.6592903
vt 0.20219773 0.6592903
vt 0.20219773 0.6592903
vt 0.20219773 0.6592903
vt 0.20219773 0.6592903
vt 0.20219773 0.6592903
vt 0.20219773 0.6592903
vt 0.20219773 0.6592903
vt 0.20219773 0.6592903
vt 0.20219773 0.6592903
vt 0.20219773 0.6592903
vt 0.20219773 0.6592903
vt 0.20219773 0.6592903
vt 0.20219773 0.6592903
vt 0.20219773 0.6592903
vt 0.20219773 0.6592903
vt 0.20219773 0.6592903
vt 0.20219773 0.6592903
vt 0.20219773 0.6592903
vt 0.20219773 0.6592903
vt 0.20219773 0.6592903
vt 0.20219773 0.6592903
vt 0.20219773 0.6592903
vt 0.20219773 0.6592903
vt 0.20219773 0.6592903
vt 0.20219773 0.6592903
vt 0.20219773 0.6592903
vt 0.20219773 0.6592903
vt 0.20219773 0.6592903
vt 0.20219773 0.6592903
vt 0.20219773 0.6592903
vt 0.20219773 0.6592903
vt 0.20219773 0.6592903
vt 0.20219773 0.6592903
vt 0.20219773 0.6592903
vt 0.20219773 0.6592903
vt 0.20219773 0.6592903
vt 0.20219773 0.6592903
vt 0.20219773 0.6592903
vt 0.20219773 0.6592903
vt 0.20219773 0.6592903
vt 0.20219773 0.6592903
vt 0.20219773 0.6592903
vt 0.20219773 0.6592903
vt 0.20219773 0.6592903
vt 0.20219773 0.6592903
vt 0.20219773 0.6592903
vt 0.20219773 0.6592903
vt 0.20219773 0.6592903
vt 0.20219773 0.6592903
vt 0.20219773 0.6592903
vt 0.20219773 0.6592903
vt 0.20219773 0.6592903
vt 0.20219773 0.6592903
vt 0.20219773 0.6592903
vt 0.20219773 0.6592903
vt 0.20219773 0.6592903
vt 0.20219773 0.6592903
vt 0.20219773 0.6592903
vt 0.20219773 0.6592903
vt 0.20219773 0.6592903
vt 0.20219773 0.6592903
vt 0.20219773 0.6592903
vt 0.20219773 0.6592903
vt 0.20219773 0.6592903
vt 0.20219773 0.6592903
vt 0.20219773 0.6592903
vt 0.20219773 0.6592903
vt 0.20219773 0.6592903
vt 0.20219773 0.6592903
vt 0.20219773 0.6592903
vt 0.20219773 0.6592903
vt 0.20219773 0.6592903
vt 0.20219773 0.6592903
vt 0.20219773 0.6592903
vt 0.20219773 0.6592903
vt 0.20219773 0.6592903
vt 0.20219773 0.6592903
vt 0.20219773 0.6592903
vt 0.20219773 0.6592903
vt 0.20219773 0.6592903
vt 0.20219773 0.6592903
vt 0.20219773 0.6592903
vt 0.20219773 0.6592903
vt 0.20219773 0.6592903
vt 0.20219773 0.6592903
vt 0.20219773 0.6592903
vt 0.20219773 0.6592903
vt 0.20219773 0.6592903
vt 0.20219773 0.6592903
vt 0.20219773 0.6592903
vt 0.20219773 0.6592903
vt 0.20219773 0.6592903
vt 0.20219773 0.6592903
vt 0.20219773 0.6592903
vt 0.20219773 0.6592903
vt 0.20219773 0.6592903
vt 0.20219773 0.6592903
vt 0.20219773 0.6592903
vt 0.20219773 0.6592903
vt 0.20219773 0.6592903
vt 0.20219773 0.6592903
vt 0.20219773 0.6592903
vt 0.20219773 0.6592903
vt 0.20219773 0.6592903
vt 0.20219773 0.6592903
vt 0.20219773 0.6592903
vt 0.20219773 0.6592903
vt 0.20219773 0.6592903
vt 0.20219773 0.6592903
vt 0.20219773 0.6592903
vt 0.20219773 0.6592903
vt 0.20219773 0.6592903
vt 0.20219773 0.6592903
vt 0.20219773 0.6592903
vt 0.20219773 0.6592903
vt 0.20219773 0.6592903
vt 0.20219773 0.6592903
vt 0.20219773 0.6592903
vt 0.20219773 0.6592903
vt 0.20219773 0.6592903
vt 0.20219773 0.6592903
vt 0.20219773 0.6592903
vt 0.20219773 0.6592903
vt 0.20219773 0.6592903
vt 0.20219773 0.6592903
vt 0.20219773 0.6592903
vt 0.20219773 0.6592903
vt 0.20219773 0.6592903
vt 0.20219773 0.6592903
vt 0.20219773 0.6592903
vt 0.20219773 0.6592903
vt 0.20219773 0.6592903
vt 0.20219773 0.6592903
vt 0.20219773 0.6592903
vt 0.20219773 0.6592903
vt 0.20219773 0.6592903
vt 0.20219773 0.6592903
vt 0.20219773 0.6592903
vt 0.20219773 0.6592903
vt 0.20219773 0.6592903
vt 0.20219773 0.6592903
vt 0.20219773 0.6592903
vt 0.20219773 0.6592903
vt 0.20219773 0.6592903
vt 0.20219773 0.6592903
vt 0.20219773 0.6592903
vt 0.20219773 0.6592903
vt 0.20219773 0.6592903
vt 0.20219773 0.6592903
vt 0.20219773 0.6592903
vt 0.20219773 0.6592903
vt 0.20219773 0.6592903
vt 0.20219773 0.6592903
vt 0.20219773 0.6592903
vt 0.20219773 0.6592903
vt 0.20219773 0.6592903
vt 0.20219773 0.6592903
vt 0.20219773 0.6592903
vt 0.20219773 0.6592903
vt 0.20219773 0.6592903
vt 0.20219773 0.6592903
vt 0.20219773 0.6592903
vt 0.20219773 0.6592903
vt 0.20219773 0.6592903
vt 0.20219773 0.6592903
vt 0.20219773 0.6592903
vt 0.20219773 0.6592903
vt 0.20219773 0.6592903
vt 0.20219773 0.6592903
vt 0.20219773 0.6592903
vt 0.20219773 0.6592903
vt 0.20219773 0.6592903
vt 0.20219773 0.6592903
vt 0.20219773 0.6592903
vt 0.20219773 0.6592903
vt 0.20219773 0.6592903
vt 0.20219773 0.6592903
vt 0.20219773 0.6592903
vt 0.20219773 0.6592903
vt 0.20219773 0.6592903
vt 0.20219773 0.6592903
vt 0.20219773 0.6592903
vt 0.20219773 0.6592903
vt 0.20219773 0.6592903
vt 0.20219773 0.6592903
vt 0.20219773 0.6592903
vt 0.20219773 0.6592903
vt 0.20219773 0.6592903
vt 0.20219773 0.6592903
vt 0.20219773 0.6592903
vt 0.20219773 0.6592903
vt 0.20219773 0.6592903
vt 0.20219773 0.6592902
vt 0.20219773 0.6592903
vt 0.20219773 0.6592903
vt 0.20219773 0.6592903
vt 0.20219773 0.6592903
vt 0.20219773 0.6592903
vt 0.20219773 0.65929043
vt 0.20219773 0.6592903
vt 0.20219773 0.6592903
vt 0.20219773 0.6592903
vt 0.20219773 0.6592903
vt 0.20219773 0.6592903
vt 0.20219773 0.6592903
vt 0.20219773 0.6592903
vt 0.20219773 0.65929043
vt 0.20219773 0.6592903
vt 0.20219773 0.6592903
vt 0.20219773 0.6592903
vt 0.20219773 0.6592903
vt 0.20219773 0.6592903
vt 0.20219773 0.6592903
vt 0.20219773 0.6592903
vt 0.20219773 0.6592903
vt 0.20219773 0.6592903
vt 0.20219773 0.6592903
vt 0.20219773 0.6592903
vt 0.20219773 0.6592903
vt 0.20219773 0.6592903
vt 0.20219773 0.6592903
vt 0.20219773 0.6592903
vt 0.20219773 0.6592903
vt 0.20219773 0.6592903
vt 0.20219773 0.6592903
vt 0.20219773 0.6592903
vt 0.20219773 0.6592903
vt 0.20219773 0.6592903
vt 0.20219773 0.6592903
vt 0.20219773 0.6592903
vt 0.20219773 0.6592903
vt 0.20219773 0.6592903
vt 0.20219773 0.6592903
vt 0.20219773 0.6592903
vt 0.20219773 0.6592903
vt 0.20219773 0.6592903
vt 0.20219773 0.6592903
vt 0.20219773 0.6592903
vt 0.20219773 0.6592903
vt 0.20219773 0.6592903
vt 0.20219773 0.6592903
vt 0.20219773 0.6592903
vt 0.20219773 0.6592903
vt 0.20219773 0.6592903
vt 0.20219773 0.6592903
vt 0.20219773 0.6592903
vt 0.20219773 0.6592903
vt 0.20219773 0.6592903
vt 0.20219773 0.6592903
vt 0.20219773 0.6592903
vt 0.20219773 0.6592903
vt 0.20219773 0.6592903
vt 0.20219773 0.6592903
vt 0.20219773 0.6592903
vt 0.20219773 0.6592903
vt 0.20219773 0.6592903
vt 0.20219773 0.6592903
vt 0.20219773 0.6592903
vt 0.20219773 0.6592903
vt 0.20219773 0.6592903
vt 0.20219773 0.6592903
vt 0.20219773 0.6592903
vt 0.20219773 0.6592903
vt 0.20219773 0.6592903
vt 0.20219773 0.6592903
vt 0.20219773 0.6592903
vt 0.20219773 0.6592903
vt 0.20219773 0.6592903
vt 0.20219773 0.6592903
vt 0.20219773 0.6592903
vt 0.20219773 0.6592903
vt 0.20219773 0.6592903
vt 0.20219773 0.6592903
vt 0.20219773 0.6592903
vt 0.20219773 0.6592903
vt 0.20219773 0.6592903
vt 0.20219773 0.6592903
vt 0.20219773 0.6592903
vt 0.20219773 0.6592903
vt 0.20219773 0.6592903
vt 0.20219773 0.6592903
vt 0.20219773 0.6592903
vt 0.20219773 0.6592903
vt 0.20219773 0.6592903
vt 0.20219773 0.6592903
vt 0.20219773 0.6592903
vt 0.20219773 0.6592903
vt 0.20219773 0.6592903
vt 0.20219773 0.6592903
vt 0.20219773 0.6592903
vt 0.20219773 0.6592903
vt 0.20219773 0.6592903
vt 0.20219773 0.6592903
vt 0.20219773 0.6592903
vt 0.20219773 0.6592903
vt 0.20219773 0.6592903
vt 0.20219773 0.6592903
vt 0.20219773 0.6592903
vt 0.20219773 0.6592903
vt 0.20219773 0.6592903
vt 0.20219773 0.6592903
vt 0.20219773 0.6592903
vt 0.20219773 0.6592903
vt 0.20219773 0.6592903
vt 0.20219773 0.6592903
vt 0.20219773 0.6592903
vt 0.20219773 0.6592903
vt 0.20219773 0.6592903
vt 0.20219773 0.6592903
vt 0.20219773 0.6592903
vt 0.20219773 0.6592903
vt 0.20219773 0.6592903
vt 0.20219773 0.6592903
vt 0.20219773 0.6592903
vt 0.20219773 0.6592903
vt 0.20219773 0.6592903
vt 0.20219773 0.6592903
vt 0.20219773 0.6592903
vt 0.20219773 0.6592903
vt 0.20219773 0.6592903
vt 0.20219773 0.6592903
vt 0.20219773 0.6592903
vt 0.20219773 0.6592903
vt 0.20219773 0.6592903
vt 0.20219773 0.6592903
vt 0.20219773 0.6592902
vt 0.20219773 0.6592903
vt 0.20219773 0.6592903
vt 0.20219773 0.6592903
vt 0.20219773 0.6592903
vt 0.20219773 0.6592903
vt 0.20219773 0.65929043
vt 0.20219773 0.6592903
vt 0.20219773 0.6592903
vt 0.20219773 0.6592903
vt 0.20219773 0.6592903
vt 0.20219773 0.6592903
vt 0.20219773 0.6592903
vt 0.20219773 0.6592903
vt 0.20219773 0.65929043
vt 0.20219773 0.6592903
vt 0.20219773 0.6592903
vt 0.20219773 0.6592903
vt 0.20219773 0.6592903
vt 0.20219773 0.6592903
vt 0.20219773 0.6592903
vt 0.09135871 0.96545404
vt 0.09135871 0.965454
vt 0.09135871 0.965454
vt 0.09135871 0.96545404
vt 0.09135871 0.965454
vt 0.09135871 0.965454
vt 0.09135871 0.9654539
vt 0.09135871 0.965454
vt 0.09135871 0.965454
vt 0.09135871 0.965454
vt 0.09135871 0.96545404
vt 0.09135871 0.965454
vt 0.09135871 0.9654541
vt 0.09135871 0.965454
vt 0.09135871 0.965454
vt 0.09135871 0.96545404
vt 0.09135871 0.965454
vt 0.09135871 0.965454
vt 0.09135871 0.96545404
vt 0.09135871 0.965454
vt 0.09135871 0.965454
vt 0.09135871 0.9654541
vt 0.09135871 0.965454
vt 0.09135871 0.965454
vt 0.09135871 0.965454
vt 0.09135871 0.965454
vt 0.09135871 0.965454
vt 0.09135871 0.965454
vt 0.09135871 0.965454
vt 0.09135871 0.965454
vt 0.09135871 0.965454
vt 0.09135871 0.965454
vt 0.09135871 0.965454
vt 0.09135871 0.965454
vt 0.09135871 0.965454
vt 0.09135871 0.965454
vt 0.09135871 0.965454
vt 0.09135871 0.965454
vt 0.09135871 0.965454
vt 0.09135871 0.965454
vt 0.09135871 0.965454
vt 0.09135871 0.965454
vt 0.09135871 0.965454
vt 0.09135871 0.965454
vt 0.09135871 0.965454
vt 0.09135871 0.965454
vt 0.09135871 0.965454
vt 0.09135871 0.965454
vt 0.09135871 0.965454
vt 0.09135871 0.965454
vt 0.09135871 0.965454
vt 0.09135871 0.965454
vt 0.09135871 0.965454
vt 0.09135871 0.965454
vt 0.09135871 0.965454
vt 0.09135871 0.965454
vt 0.09135871 0.965454
vt 0.09135871 0.965454
vt 0.09135871 0.965454
vt 0.09135871 0.965454
vt 0.09135871 0.965454
vt 0.09135871 0.965454
vt 0.09135871 0.965454
vt 0.09135871 0.965454
vt 0.09135871 0.965454
vt 0.09135871 0.965454
vt 0.09135871 0.965454
vt 0.09135871 0.965454
vt 0.09135871 0.965454
vt 0.09135871 0.965454
vt 0.09135871 0.965454
vt 0.09135871 0.965454
vt 0.09135871 0.965454
vt 0.09135871 0.965454
vt 0.09135871 0.965454
vt 0.09135871 0.965454
vt 0.09135871 0.965454
vt 0.09135871 0.965454
vt 0.09135871 0.965454
vt 0.09135871 0.965454
vt 0.09135871 0.965454
vt 0.09135871 0.965454
vt 0.09135871 0.965454
vt 0.09135871 0.965454
vt 0.09135871 0.965454
vt 0.09135871 0.965454
vt 0.09135871 0.965454
vt 0.09135871 0.965454
vt 0.09135871 0.965454
vt 0.09135871 0.965454
vt 0.09135871 0.965454
vt 0.09135871 0.965454
vt 0.09135871 0.965454
vt 0.09135871 0.965454
vt 0.09135871 0.965454
vt 0.09135871 0.965454
vt 0.09135871 0.965454
vt 0.09135871 0.965454
vt 0.09135871 0.965454
vt 0.09135871 0.965454
vt 0.09135871 0.965454
vt 0.09135871 0.965454
vt 0.09135871 0.965454
vt 0.09135871 0.965454
vt 0.09135871 0.965454
vt 0.09135871 0.965454
vt 0.09135871 0.965454
vt 0.09135871 0.965454
vt 0.09135871 0.965454
vt 0.09135871 0.965454
vt 0.09135871 0.965454
vt 0.09135871 0.965454
vt 0.09135871 0.965454
vt 0.09135871 0.965454
vt 0.09135871 0.965454
vt 0.09135871 0.965454
vt 0.09135871 0.965454
vt 0.09135871 0.965454
vt 0.09135871 0.965454
vt 0.09135871 0.965454
vt 0.09135871 0.965454
vt 0.09135871 0.965454
vt 0.09135871 0.965454
vt 0.09135871 0.965454
vt 0.09135871 0.965454
vt 0.09135871 0.965454
vt 0.09135871 0.965454
vt 0.09135871 0.965454
vt 0.09135871 0.965454
vt 0.09135871 0.965454
vt 0.09135871 0.965454
vt 0.09135871 0.965454
vt 0.09135871 0.965454
vt 0.09135871 0.965454
vt 0.09135871 0.965454
vt 0.09135871 0.965454
vt 0.09135871 0.965454
vt 0.09135871 0.965454
vt 0.09135871 0.965454
vt 0.09135871 0.965454
vt 0.09135871 0.965454
vt 0.09135871 0.965454
vt 0.09135871 0.965454
vt 0.09135871 0.965454
vt 0.09135871 0.965454
vt 0.09135871 0.965454
vt 0.40438408 0.59465545
vt 0.40438408 0.59465545
vt 0.40438408 0.59465545
vt 0.40438408 0.59465545
vt 0.40438408 0.59465545
vt 0.40438408 0.59465545
vt 0.40438408 0.59465545
vt 0.40438408 0.59465545
vt 0.40438408 0.59465545
vt 0.40438408 0.59465545
vt 0.40438408 0.59465545
vt 0.40438408 0.59465545
vt 0.40438408 0.59465545
vt 0.40438408 0.59465545
vt 0.40438408 0.59465533
vt 0.40438408 0.59465533
vt 0.40438408 0.59465545
vt 0.40438408 0.59465545
vt 0.40438408 0.59465545
vt 0.40438408 0.59465545
vt 0.40438408 0.59465545
vt 0.40438408 0.59465545
vt 0.40438408 0.59465533
vt 0.40438408 0.59465533
vt 0.40438408 0.59465545
vt 0.40438408 0.59465545
vt 0.40438408 0.5946556
vt 0.40438408 0.59465545
vt 0.40438408 0.59465545
vt 0.40438408 0.59465533
vt 0.40438408 0.59465545
vt 0.40438408 0.59465545
vt 0.40438408 0.59465545
vt 0.40438408 0.59465533
vt 0.40438408 0.59465545
vt 0.40438408 0.59465545
vt 0.40438408 0.59465545
vt 0.40438408 0.59465545
vt 0.40438408 0.59465545
vt 0.40438408 0.59465545
vt 0.40438408 0.59465545
vt 0.40438408 0.59465545
vt 0.40438408 0.59465545
vt 0.40438408 0.59465545
vt 0.40438408 0.59465545
vt 0.40438408 0.59465545
vt 0.40438408 0.59465545
vt 0.40438408 0.59465545
vt 0.40438408 0.59465533
vt 0.40438408 0.59465545
vt 0.40438408 0.59465545
vt 0.40438408 0.59465545
vt 0.40438408 0.59465533
vt 0.40438408 0.59465545
vt 0.40438408 0.5946556
vt 0.40438408 0.59465545
vt 0.09135871 0.96545404
vt 0.09135871 0.965454
vt 0.09135871 0.965454
vt 0.09135871 0.96545404
vt 0.09135871 0.965454
vt 0.09135871 0.965454
vt 0.09135871 0.9654539
vt 0.09135871 0.965454
vt 0.09135871 0.965454
vt 0.09135871 0.965454
vt 0.09135871 0.96545404
vt 0.09135871 0.965454
vt 0.09135871 0.9654541
vt 0.09135871 0.965454
vt 0.09135871 0.965454
vt 0.09135871 0.96545404
vt 0.09135871 0.965454
vt 0.09135871 0.965454
vt 0.09135871 0.96545404
vt 0.09135871 0.965454
vt 0.09135871 0.965454
vt 0.09135871 0.9654541
vt 0.09135871 0.965454
vt 0.09135871 0.965454
vt 0.09135871 0.965454
vt 0.09135871 0.965454
vt 0.09135871 0.965454
vt 0.09135871 0.965454
vt 0.09135871 0.965454
vt 0.09135871 0.965454
vt 0.09135871 0.965454
vt 0.09135871 0.965454
vt 0.09135871 0.965454
vt 0.09135871 0.965454
vt 0.09135871 0.965454
vt 0.09135871 0.965454
vt 0.09135871 0.965454
vt 0.09135871 0.965454
vt 0.09135871 0.965454
vt 0.09135871 0.965454
vt 0.09135871 0.965454
vt 0.09135871 0.965454
vt 0.09135871 0.965454
vt 0.09135871 0.965454
vt 0.09135871 0.965454
vt 0.09135871 0.965454
vt 0.09135871 0.965454
vt 0.09135871 0.965454
vt 0.09135871 0.965454
vt 0.09135871 0.965454
vt 0.09135871 0.965454
vt 0.09135871 0.965454
vt 0.09135871 0.965454
vt 0.09135871 0.965454
vt 0.09135871 0.965454
vt 0.09135871 0.965454
vt 0.09135871 0.965454
vt 0.09135871 0.965454
vt 0.09135871 0.965454
vt 0.09135871 0.965454
vt 0.09135871 0.965454
vt 0.09135871 0.965454
vt 0.09135871 0.965454
vt 0.09135871 0.965454
vt 0.09135871 0.965454
vt 0.09135871 0.965454
vt 0.09135871 0.965454
vt 0.09135871 0.965454
vt 0.09135871 0.965454
vt 0.09135871 0.965454
vt 0.09135871 0.965454
vt 0.09135871 0.965454
vt 0.09135871 0.965454
vt 0.09135871 0.965454
vt 0.09135871 0.965454
vt 0.09135871 0.965454
vt 0.09135871 0.965454
vt 0.09135871 0.965454
vt 0.09135871 0.965454
vt 0.09135871 0.965454
vt 0.09135871 0.965454
vt 0.09135871 0.965454
vt 0.09135871 0.965454
vt 0.09135871 0.965454
vt 0.09135871 0.965454
vt 0.09135871 0.965454
vt 0.09135871 0.965454
vt 0.09135871 0.965454
vt 0.09135871 0.965454
vt 0.09135871 0.965454
vt 0.09135871 0.965454
vt 0.09135871 0.965454
vt 0.09135871 0.965454
vt 0.09135871 0.965454
vt 0.09135871 0.965454
vt 0.09135871 0.965454
vt 0.09135871 0.965454
vt 0.09135871 0.965454
vt 0.09135871 0.965454
vt 0.09135871 0.965454
vt 0.09135871 0.965454
vt 0.09135871 0.965454
vt 0.09135871 0.965454
vt 0.09135871 0.965454
vt 0.09135871 0.965454
vt 0.09135871 0.965454
vt 0.09135871 0.965454
vt 0.09135871 0.965454
vt 0.09135871 0.965454
vt 0.09135871 0.965454
vt 0.09135871 0.965454
vt 0.09135871 0.965454
vt 0.09135871 0.965454
vt 0.09135871 0.965454
vt 0.09135871 0.965454
vt 0.09135871 0.965454
vt 0.09135871 0.965454
vt 0.09135871 0.965454
vt 0.09135871 0.965454
vt 0.09135871 0.965454
vt 0.09135871 0.965454
vt 0.09135871 0.965454
vt 0.09135871 0.965454
vt 0.09135871 0.965454
vt 0.09135871 0.965454
vt 0.09135871 0.965454
vt 0.09135871 0.965454
vt 0.09135871 0.965454
vt 0.09135871 0.965454
vt 0.09135871 0.965454
vt 0.09135871 0.965454
vt 0.09135871 0.965454
vt 0.09135871 0.965454
vt 0.09135871 0.965454
vt 0.09135871 0.965454
vt 0.09135871 0.965454
vt 0.09135871 0.965454
vt 0.09135871 0.965454
vt 0.09135871 0.965454
vt 0.09135871 0.965454
vt 0.09135871 0.965454
vt 0.09135871 0.965454
vt 0.09135871 0.965454
vt 0.09135871 0.965454
vt 0.09135871 0.965454
vt 0.09135871 0.965454
vn -0.00984242 0.99985087 0.014192141
vn 0.012766177 0.9999167 0.0019397568
vn 0.009842422 0.99985087 0.014192138
vn -0.012766175 0.9999167 0.0019397542
vn -0.017818522 0.9997527 -0.013303161
vn -0.00984242 0.99985087 0.014192141
vn -0.012766175 0.9999167 0.0019397542
vn 0.012766177 0.9999167 0.0019397568
vn 0.1908983 0.4400818 0.8774314
vn 0.057064697 0.60131866 0.79696894
vn 0.07894442 0.43551093 0.89671516
vn 0.1718122 0.6088897 0.77442485
vn 0.36942557 0.45670015 0.8092896
vn 0.06563091 0.479598 0.87503046
vn 0.32735813 0.6239544 0.70958966
vn 0.5816641 0.46598348 0.666728
vn 0.18275326 0.48017928 0.8579214
vn 0.06627631 0.39679945 0.91550946
vn 0.5234753 0.6223867 0.58190084
vn 0.7535935 0.46727818 0.46232885
vn 0.35867193 0.48794156 0.79578114
vn 0.17819911 0.4037353 0.89735323
vn 0.061718352 0.3966619 0.9158876
vn 0.68972176 0.5971058 0.40957117
vn 0.8652107 0.45032609 0.22049224
vn 0.57314074 0.4670179 0.67335284
vn 0.16637887 0.40324694 0.8998388
vn 0.057752248 0.39645234 0.91623694
vn 0.36456576 0.41808504 0.8320437
vn 0.81093216 0.54912525 0.20211513
vn 0.90205026 0.43150878 -0.0102686705
vn 0.15596548 0.40302014 0.90180355
vn 0.054264497 0.39630157 0.9165154
vn 0.1467935 0.4026148 0.90352255
vn 0.7636719 0.43091527 0.48074648
vn 0.35352856 0.4183632 0.83665395
vn 0.34377488 0.41855907 0.8406111
vn 0.33511114 0.41867387 0.8440455
vn 0.5653543 0.41018227 0.7156291
vn 0.55104923 0.41124964 0.7260981
vn 0.5807222 0.4088645 0.7039826
vn 0.35352856 0.4183632 0.83665395
vn 0.5653543 0.41018227 0.7156291
vn 0.7668543 0.39378792 0.5068192
vn 0.90346104 0.36646786 0.22239482
vn 0.7509755 0.39799815 0.5269092
vn 0.55104923 0.41124964 0.7260981
vn 0.73565686 0.40165305 0.5454209
vn 0.9159451 0.33541614 0.22031933
vn 0.91210365 0.3385405 0.23120856
vn 0.85305536 0.5217988 -0.004738667
vn 0.8639165 0.4475586 -0.23095337
vn 0.957142 0.2895823 -0.004622005
vn 0.83348787 0.5090835 -0.2147835
vn 0.7129716 0.48075783 -0.51043445
vn 0.9543682 0.287718 0.079997875
vn 0.9538182 0.28871512 0.082912534
vn 0.9083068 0.34147444 0.24160717
vn 0.9532514 0.28972203 0.08586468
vn 0.9045631 0.34423172 0.25153568
vn 0.95266634 0.29074523 0.08884812
vn 0.72087896 0.4049519 0.5624478
vn 0.7191874 0.5245714 -0.45562527
vn 0.4950682 0.44459638 -0.7464862
vn 0.9184766 0.31904474 -0.23369052
vn 0.949693 0.29446486 -0.10664672
vn 0.51826656 0.47678325 -0.7099842
vn 0.35193107 0.4410167 -0.82562023
vn 0.75160617 0.4223408 -0.5066719
vn 0.89536124 0.36414763 -0.25636858
vn 0.9470345 0.29964274 -0.115497984
vn 0.35440463 0.4622188 -0.812866
vn 0.22040705 0.4167893 -0.8818772
vn 0.5085048 0.42181298 -0.75066423
vn 0.69450396 0.5153135 -0.5021118
vn 0.88851565 0.37145156 -0.26937628
vn 0.2214583 0.44837877 -0.865975
vn 0.12409374 0.4043765 -0.9061349
vn 0.3476941 0.4159802 -0.84027934
vn 0.678245 0.5220131 -0.51719064
vn 0.8814731 0.37861502 -0.28223366
vn 0.4412395 0.5482039 -0.71047884
vn 0.66249794 0.5281102 -0.5312213
vn 0.8742372 0.3856395 -0.29494327
vn 0.64724976 0.5336574 -0.54431385
vn 0.12146537 0.43484616 -0.89227515
vn -0 0.44347113 -0.8962887
vn 0.21562955 0.40660232 -0.88779414
vn 0.30330825 0.5635252 -0.7684032
vn 0.42187032 0.55127096 -0.7198095
vn 0.2883292 0.56460726 -0.7733595
vn 0.40388155 0.5538577 -0.7280943
vn 0.18179838 0.5569394 -0.81041217
vn 0.11847208 0.39754367 -0.90990305
vn -0 0.4720862 -0.88155234
vn 0.2746933 0.56546617 -0.7776835
vn 0.3871596 0.55604285 -0.7354752
vn 0.17193414 0.55720985 -0.8123767
vn 0.262233 0.56615055 -0.7814777
vn 0.1632471 0.5573938 -0.81404084
vn 0.15500842 0.55754185 -0.8155485
vn 0.10056724 0.5541437 -0.82632375
vn 0.09441931 0.5542225 -0.82699597
vn 0.09005833 0.5542628 -0.8274552
vn 0.08466387 0.55430186 -0.82799846
vn -0 0.43627176 -0.89981496
vn -0.037788518 0.55518764 -0.8308662
vn -0.03774539 0.5550026 -0.8309918
vn -0.03770692 0.5548395 -0.83110243
vn -0.037685826 0.5547255 -0.83117956
vn -0.08542543 0.5546892 -0.82766074
vn -0.0900583 0.55426294 -0.82745516
vn -0.15964854 0.5557733 -0.81586045
vn -0.0952022 0.55485743 -0.8264804
vn -0.16770793 0.5555886 -0.814368
vn -0.26796377 0.5637374 -0.7812782
vn -0.10102635 0.5545408 -0.8260013
vn -0.176547 0.55540997 -0.81261975
vn -0.2803514 0.5630845 -0.7773924
vn -0.39355537 0.5727164 -0.7191037
vn -0.410133 0.57066953 -0.71142614
vn -0.29390302 0.562238 -0.77298737
vn -0.4279649 0.56821626 -0.7028345
vn -0.11838125 0.3975432 -0.909915
vn -0.18640627 0.55512416 -0.81061083
vn -0.3087882 0.5611695 -0.76794434
vn -0.12146175 0.43489322 -0.89225274
vn -0.12408674 0.4044989 -0.90608126
vn -0.2156155 0.4068133 -0.887701
vn -0.22135672 0.44838065 -0.86600006
vn -0.2204071 0.4167897 -0.881877
vn -0.44715568 0.5652965 -0.6931751
vn -0.6903742 0.51377845 -0.5093281
vn -0.34769925 0.4159417 -0.8402962
vn -0.35440487 0.46221915 -0.8128657
vn -0.351931 0.44101712 -0.82562006
vn -0.5085358 0.42168018 -0.75071776
vn -0.51826733 0.4767835 -0.7099834
vn -0.4950685 0.44459602 -0.7464862
vn -0.70617783 0.50709176 -0.49413654
vn -0.7191887 0.52456903 -0.455626
vn -0.71297187 0.4807578 -0.5104342
vn -0.7517654 0.42233825 -0.5064377
vn -0.8334881 0.5090833 -0.21478292
vn -0.86391634 0.44755852 -0.23095453
vn -0.91847104 0.31906238 -0.23368822
vn -0.89367574 0.37669533 -0.24381189
vn -0.85305816 0.5217943 -0.0047386014
vn -0.9020315 0.431548 -0.010272389
vn -0.9571277 0.28962922 -0.004632207
vn -0.94965935 0.2945946 -0.106588215
vn -0.94697374 0.29988837 -0.115358636
vn -0.88692915 0.38391674 -0.25683564
vn -0.8799865 0.39099663 -0.26971328
vn -0.6750696 0.5198599 -0.5234756
vn -0.8728415 0.3979442 -0.28246826
vn -0.6602694 0.52539897 -0.53665674
vn -0.8092147 0.5520888 0.20092165
vn -0.8652106 0.45032614 0.22049235
vn -0.9024424 0.36727265 0.22518548
vn -0.6902175 0.59701335 0.40887022
vn -0.7535934 0.4672786 0.4623287
vn -0.909795 0.34652725 0.22845538
vn -0.95442206 0.28750944 0.08010601
vn -0.76391673 0.430251 0.4809525
vn -0.5234753 0.6223865 0.58190084
vn -0.58166414 0.46598336 0.66672814
vn -0.905737 0.34980533 0.23932548
vn -0.9538719 0.28850657 0.08302059
vn -0.90172756 0.3528981 0.24970053
vn -0.7497382 0.3951886 0.53077155
vn -0.9532935 0.28955677 0.08595563
vn -0.7656963 0.39097506 0.5107326
vn -0.89777035 0.35581765 0.2596196
vn -0.9527213 0.29053083 0.08896143
vn -0.71957 0.40206915 0.5661797
vn -0.7343354 0.39889184 0.54921466
vn -0.5510491 0.41124973 0.7260981
vn -0.5653544 0.41018236 0.7156289
vn -0.58072233 0.40886456 0.7039824
vn -0.3471186 0.4113306 0.8428024
vn -0.358205 0.41104567 0.83829033
vn -0.57314074 0.4670179 0.67335284
vn -0.3579667 0.48796836 0.79608214
vn -0.327229 0.62464935 0.70903766
vn -0.3694256 0.45670035 0.8092895
vn -0.17205757 0.6088632 0.77439135
vn -0.19082469 0.439996 0.8774904
vn -0.18273951 0.47998893 0.85803086
vn -0.057113733 0.6013285 0.796958
vn -0.078898355 0.43579984 0.8965788
vn -0.06562161 0.4795538 0.8750554
vn -0.061901152 0.39259303 0.91762686
vn -0.18121292 0.3987426 0.8989807
vn -0.05734917 0.39241117 0.91800034
vn -0.16932423 0.39842603 0.9014355
vn -0.05338367 0.39224648 0.91830987
vn -0.3471186 0.4113306 0.8428024
vn -0.15896414 0.39804205 0.9034894
vn -0.049916357 0.39209786 0.91856825
vn -0.14981037 0.39772344 0.9051922
vn -0.33732256 0.41153216 0.8466727
vn -0.32863116 0.41167223 0.85001624
vn -0.5653544 0.41018236 0.7156289
vn -0.5510491 0.41124973 0.7260981
vn -0.5510491 0.41124973 0.7260981
vn -0.32863116 0.41167223 0.85001624
vn -0.53773916 0.41211033 0.73552823
vn -0.92890424 -0.31943104 -0.18735212
vn -0.92890424 -0.31943104 -0.18735212
vn -0.92890424 -0.31943104 -0.18735212
vn -0.92890424 -0.31943104 -0.18735212
vn -0.02003705 0.7513237 -0.6596296
vn -0.02003705 0.7513237 -0.6596296
vn -0.02003705 0.7513237 -0.6596296
vn -0.02003705 0.7513237 -0.6596296
vn 0.9289041 0.31943175 0.1873511
vn 0.9289041 0.31943175 0.1873511
vn 0.9289041 0.31943175 0.1873511
vn 0.9289041 0.31943175 0.1873511
vn 0.02003004 -0.7513255 0.65962774
vn 0.02003004 -0.7513255 0.65962774
vn 0.02003004 -0.7513255 0.65962774
vn 0.02003004 -0.7513255 0.65962774
vn 0.050943278 0.6374279 -0.7688241
vn 0.050943278 0.6374279 -0.7688241
vn 0.050943278 0.6374279 -0.7688241
vn 0.050943278 0.6374279 -0.7688241
vn -0.3567255 0.6106818 0.7069757
vn -0.3567255 0.6106818 0.7069757
vn -0.3567255 0.6106818 0.7069757
vn -0.3567255 0.6106818 0.7069757
vn 0.35754374 -0.61039966 -0.706806
vn 0.35754374 -0.61039966 -0.706806
vn 0.35754374 -0.61039966 -0.706806
vn 0.35754374 -0.61039966 -0.706806
vn -0.9146753 -0.34266514 -0.2143588
vn -0.9146753 -0.34266514 -0.2143588
vn -0.9146753 -0.34266514 -0.2143588
vn -0.9146753 -0.34266514 -0.2143588
vn 0.9417668 0.29572475 0.16006918
vn 0.9417668 0.29572475 0.16006918
vn 0.9417668 0.29572475 0.16006918
vn 0.9417668 0.29572475 0.16006918
vn 0.071937434 -0.8476347 0.52568084
vn 0.071937434 -0.8476347 0.52568084
vn 0.071937434 -0.8476347 0.52568084
vn 0.071937434 -0.8476347 0.52568084
vn -0.5510491 0.41124973 0.7260981
vn -0.53773916 0.41211033 0.73552823
vn -0.71957 0.40206915 0.5661797
vn -0.05338367 0.39224648 0.91830987
vn -0.004528381 0.39388764 0.9191475
vn -0.049916357 0.39209786 0.91856825
vn -0.004584836 0.39395925 0.9191165
vn -0.05734917 0.39241117 0.91800034
vn 0.057752248 0.39645234 0.91623694
vn 0.054264497 0.39630157 0.9165154
vn 0.061718352 0.3966619 0.9158876
vn -0.004586073 0.39398164 0.9191069
vn -0.061901152 0.39259303 0.91762686
vn 0.06627631 0.39679945 0.91550946
vn -0.0045874515 0.3940057 0.9190965
vn -0.06562161 0.4795538 0.8750554
vn 0.06563091 0.479598 0.87503046
vn 1.1214899E-05 0.48599976 0.873959
vn -0.057113733 0.6013285 0.796958
vn 0.057064697 0.60131866 0.79696894
vn -0 0.6077309 0.794143
vn -0.078898355 0.43579984 0.8965788
vn 0.07894442 0.43551093 0.89671516
vn 4.980796E-05 0.4360496 0.8999226
vn -0.905737 0.34980533 0.23932548
vn -0.7497382 0.3951886 0.53077155
vn -0.7343354 0.39889184 0.54921466
vn -0.90172756 0.3528981 0.24970053
vn 0.72087896 0.4049519 0.5624478
vn 0.53773934 0.41211042 0.735528
vn 0.55104923 0.41124964 0.7260981
vn 0.91210365 0.3385405 0.23120856
vn 0.9083068 0.34147444 0.24160717
vn 0.73565686 0.40165305 0.5454209
vn 0.7509755 0.39799815 0.5269092
vn 0.55104923 0.41124964 0.7260981
vn 0.53773934 0.41211042 0.735528
vn 0.33511114 0.41867387 0.8440455
vn -0.0033056894 0.99995446 0.008949924
vn -0 0.99999607 0.0028344828
vn 0.003305701 0.99995446 0.008949921
vn 0.009842422 0.99985087 0.014192138
vn -0.00984242 0.99985087 0.014192141
vn -0.012766175 0.9999167 0.0019397542
vn 0.017818524 0.9997527 -0.013303161
vn -0.017818522 0.9997527 -0.013303161
vn -0.042562988 0.9986399 0.030113896
vn 0.042562984 0.9986399 0.0301139
vn 0.042562984 0.9986399 0.0301139
vn -0.00049089966 0.999485 0.03208327
vn -0.042562988 0.9986399 0.030113896
vn 0.00048811358 0.999485 0.032083314
vn 0.014378926 0.9998834 -0.005135026
vn -0.014333856 0.9998841 -0.005118471
vn 0.014378926 0.9998834 -0.005135026
vn 0.009019734 0.9997571 -0.020109983
vn -0.009019736 0.9997571 -0.020109981
vn 0.0041068466 0.999785 -0.020324584
vn -0.009019736 0.9997571 -0.020109981
vn -0.004106851 0.999785 -0.020324582
vn 0.0041068466 0.999785 -0.020324584
vn -0.0054540965 0.9998975 -0.013239215
vn 0.0054540955 0.9998975 -0.013239215
vn -0.0081660515 0.9999386 -0.007499445
vn 0.008166048 0.9999386 -0.0074994485
vn -0.0044878847 0.99994385 -0.009604915
vn 0.004487874 0.99994385 -0.009604921
vn -0.0017105627 0.99987924 -0.015446605
vn -0 0.99979466 -0.0202653
vn 0.0017105537 0.99987924 -0.015446607
vn 0.0036011515 0.9996855 0.024816852
vn -0.010051352 0.99980336 -0.017098298
vn -0.007642151 0.9998596 -0.0149174975
vn -0.0021164017 0.99965036 0.026358059
vn -0.006285699 0.99997175 -0.0041378853
vn -0.020761617 0.9995752 0.020456793
vn -0.0018728323 0.9999975 -0.0012811926
vn -0.019831702 0.99973255 0.011897286
vn -0.003249246 0.99996054 -0.008276284
vn -0.0127455825 0.9998591 0.010929041
vn -0.0036881552 0.9998878 -0.014516274
vn -0.0073897177 0.99983335 0.016695619
vn -0 0.9997943 -0.020280974
vn -0 0.99978966 0.020512015
vn 0.013593253 0.9998926 0.00547791
vn -0.010051352 0.99980336 -0.017098298
vn 0.0036011515 0.9996855 0.024816852
vn -0.014671722 0.9998745 -0.0059861066
vn -0.007574728 0.9994904 -0.031008888
vn 0.00093366305 0.99949026 0.031912528
vn -0.056596912 0.99820197 -0.01973936
vn 0.035632294 0.9990651 0.024481801
vn -0.02815619 0.99958795 0.005578106
vn 0.0070158555 0.99973184 -0.022068666
vn 0.0007678545 0.999987 -0.0050430964
vn -0.024851115 0.9996871 -0.0028713616
vn -0.02815619 0.99958795 0.005578106
vn -0.0026723554 0.99984396 -0.017464526
vn -0.024851115 0.9996871 -0.0028713616
vn 0.0007678545 0.999987 -0.0050430964
vn -0.022779478 0.9996866 0.010377439
vn -0.0062050926 0.99993825 -0.009227495
vn 0.00075398304 0.99996555 0.008275473
vn -0 0.9999975 -0.002236914
vn -0 0.9999951 0.0031398605
vn 0.006205091 0.99993813 -0.009230301
vn -0.0007539807 0.99996555 0.0082726665
vn 0.002672361 0.99984384 -0.01746733
vn 0.02277949 0.9996867 0.010374629
vn -0.00076785934 0.999987 -0.0050431006
vn 0.024851114 0.9996871 -0.002871367
vn 0.028156184 0.99958795 0.005578109
vn -0.007015853 0.99973184 -0.02206867
vn 0.05659691 0.99820197 -0.019738462
vn -0.035632294 0.9990651 0.024482679
vn 0.0075779585 0.9994905 -0.031006431
vn -0.00093648117 0.99949014 0.031914096
vn -0.013637096 0.9998919 0.005498148
vn 0.014716752 0.99987364 -0.0060019265
vn -0 0.99978966 0.020512015
vn -0 0.9997943 -0.020280974
vn 0.003688155 0.9998878 -0.0145162735
vn 0.0073897205 0.99983335 0.016695619
vn 0.0032492352 0.99996054 -0.008276278
vn 0.012745585 0.9998591 0.010929039
vn 0.0018728317 0.9999975 -0.0012811925
vn 0.019831704 0.99973255 0.0118972855
vn 0.0062856963 0.99997175 -0.0041394257
vn 0.020761624 0.9995752 0.020455245
vn -0.0036011518 0.9996855 0.024818234
vn 0.014716752 0.99987364 -0.0060019265
vn -0.013637096 0.9998919 0.005498148
vn 0.010051344 0.99980336 -0.01709692
vn 0.0021164056 0.99965036 0.026357895
vn 0.007642134 0.9998596 -0.014917666
vn 0.020761624 0.9995752 0.020455245
vn 0.0062856963 0.99997175 -0.0041394257
vn 0.88851565 0.37145156 -0.26937628
vn 0.94409895 0.30523485 -0.12453425
vn 0.8814731 0.37861502 -0.28223366
vn 0.94093996 0.31091824 -0.13402128
vn 0.42187032 0.55127096 -0.7198095
vn 0.66249794 0.5281102 -0.5312213
vn 0.40388155 0.5538577 -0.7280943
vn 0.64724976 0.5336574 -0.54431385
vn -0.410133 0.57066953 -0.71142614
vn -0.6602694 0.52539897 -0.53665674
vn -0.6750696 0.5198599 -0.5234756
vn -0.4279649 0.56821626 -0.7028345
vn -0.88692915 0.38391674 -0.25683564
vn -0.94406486 0.30536443 -0.12447563
vn -0.8799865 0.39099663 -0.26971328
vn -0.9409266 0.31097692 -0.13397984
vn 0.96294636 0.08062619 -0.2573591
vn 0.98818356 0.15112305 -0.02559419
vn 0.99843353 0.0539843 -0.0147054605
vn 0.96579814 0.07862637 0.24708644
vn 0.9577403 0.17491525 -0.22833759
vn 0.83231235 0.17869303 -0.5247141
vn 0.80999494 0.14322771 -0.5686775
vn 0.5643157 0.19905871 -0.8012012
vn 0.59225416 0.2337167 -0.77111065
vn 0.36489695 0.24935104 -0.8970364
vn 0.83998716 0.21560694 -0.49793094
vn 0.79850286 0.28568035 -0.52988666
vn 0.5984582 0.2564425 -0.7590026
vn 0.36691773 0.26823348 -0.8907424
vn 0.20236018 0.2625676 -0.9434557
vn 0.587659 0.25478432 -0.76794654
vn 0.17973296 0.2584192 -0.9491657
vn 0.10623072 0.2543829 -0.9612515
vn 0.34335488 0.23386294 -0.9096238
vn 0.08358392 0.2429548 -0.9664298
vn -0 0.25408056 -0.96718305
vn 0.5595384 0.23728903 -0.79411
vn 0.4974174 0.097349875 -0.8620319
vn 0.15439361 0.20624574 -0.9662428
vn 0.28112674 0.18383765 -0.9418978
vn -0 0.23626544 -0.97168857
vn 0.05991104 0.1855247 -0.9808115
vn 0.123039685 0.13753566 -0.9828251
vn 0.20555922 -0.039958492 -0.9778285
vn -0.08358396 0.24295484 -0.9664298
vn -0.10623041 0.2543831 -0.9612515
vn -0.17973302 0.25841928 -0.9491657
vn -0.20236018 0.26256755 -0.9434557
vn -0.3669177 0.26823348 -0.8907424
vn -0.36489695 0.24935104 -0.8970364
vn -0.59225404 0.2337167 -0.77111065
vn -0.56431556 0.19905876 -0.80120134
vn -0.83231235 0.17869298 -0.52471423
vn -0.80999476 0.14322776 -0.56867754
vn -0.96294636 0.080626205 -0.25735915
vn -0.059911028 0.18552473 -0.9808115
vn -0.15439367 0.20624582 -0.9662428
vn -0.34335488 0.233863 -0.9096238
vn -0 0.18088856 -0.9835036
vn 0.043745242 0.11540944 -0.9923543
vn 0.060477402 -0.09855935 -0.99329174
vn -0.171325 -0.55406237 -0.8146549
vn 0.013734437 -0.16992986 -0.98536044
vn -0 0.10776169 -0.99417675
vn -0.04374526 0.115409434 -0.9923543
vn -0.123039715 0.1375357 -0.9828251
vn -0.28112674 0.18383762 -0.9418978
vn -0.15547022 -0.3631309 -0.9186757
vn -0.013734412 -0.1699299 -0.98536044
vn -0.060477383 -0.09855937 -0.99329174
vn 0.17132512 -0.5540626 -0.8146548
vn -0.20555918 -0.03995853 -0.9778285
vn -0.4974172 0.09734978 -0.86203194
vn -0.5595383 0.237289 -0.79411006
vn -0.7985029 0.28568035 -0.5298866
vn -0.587659 0.25478432 -0.76794654
vn -0.5984582 0.2564425 -0.75900257
vn -0.83998716 0.21560694 -0.49793094
vn -0.9577403 0.17491527 -0.22833759
vn 0.1554703 -0.36313096 -0.9186756
vn -0.98818356 0.15112302 -0.025594138
vn -0.9984334 0.053984288 -0.014705753
vn -0.96579814 0.07862639 0.24708652
vn -0.92848516 0.27744076 -0.24686407
vn -0.96886414 0.24615055 -0.026687875
vn -0.96996754 0.14137298 0.19793107
vn -0.9553007 0.21991968 0.19757515
vn -0.84390354 0.116137795 0.5237736
vn -0.8231151 0.12043742 0.55495614
vn -0.61797327 0.12638047 0.77597487
vn -0.6174862 0.1247129 0.7766322
vn -0.39542276 0.1387358 0.907961
vn -0.4042676 0.09237948 0.9099636
vn -0.18064243 0.14403102 0.97294575
vn -0.8559771 0.1177481 0.50342685
vn -0.8365581 0.13645338 0.53061384
vn -0.7946189 0.115536705 0.5960135
vn -0.6064384 0.10450152 0.78823346
vn -0.56061137 0.06961938 0.8251473
vn -0.19348913 0.1019817 0.9757877
vn -0.063383095 0.14312331 0.9876731
vn -0.06301918 0.105576195 0.9924124
vn -0 0.14460714 0.98948914
vn -0.23897861 0.10205828 0.9656465
vn -0.94422466 0.22914639 0.23649883
vn -0.96645844 0.25677386 -0.005029392
vn -0.43913916 0.057394758 0.89658386
vn -0.3380686 -0.117193006 0.9337962
vn -0.28087345 -0.0034721002 0.95973855
vn -0.060594805 0.12643658 0.99012226
vn -0.5309786 -0.014942583 0.84725344
vn -0.9473436 0.18007487 0.26478884
vn -0.9274056 0.28016078 -0.24784848
vn -0.342885 -0.0993073 0.93411344
vn -0 0.10385853 0.99459213
vn -0.9795552 0.20111884 0.0047696615
vn -0.78316003 0.24235244 -0.5726479
vn -0.9475471 0.1900435 -0.25697845
vn -0.7698085 0.092871994 -0.63148224
vn 0.06301913 0.10557616 0.9924124
vn 0.06338291 0.1431233 0.9876732
vn -0.38487953 -0.10353109 -0.9171418
vn 0.19348913 0.10198167 0.9757877
vn 0.1806423 0.14403102 0.97294575
vn 0.40426758 0.09237946 0.9099636
vn 0.39542294 0.13873579 0.907961
vn 0.23897858 0.10205828 0.9656466
vn 0.060594685 0.12643655 0.99012226
vn 0.61797345 0.1263805 0.7759748
vn 0.6174863 0.124712914 0.776632
vn 0.8231153 0.120437436 0.55495596
vn -0 0.1262163 0.9920027
vn 0.8439036 0.11613777 0.52377343
vn 0.96996754 0.14137301 0.19793098
vn 0.8559772 0.11774811 0.5034266
vn 0.6064385 0.104501545 0.7882333
vn 0.83655816 0.13645343 0.5306136
vn 0.9553007 0.2199197 0.19757506
vn 0.7946189 0.11553671 0.5960135
vn 0.56061137 0.069619395 0.8251473
vn 0.96886414 0.2461505 -0.026687883
vn 0.43913916 0.05739477 0.89658386
vn 0.3380686 -0.117193006 0.9337962
vn 0.2808735 -0.0034720832 0.95973855
vn 0.07309887 0.049425144 0.99609923
vn 0.94422466 0.22914642 0.23649889
vn 0.9284853 0.27744073 -0.24686405
vn 0.96645844 0.2567738 -0.005029336
vn 0.9274056 0.28016075 -0.24784851
vn 0.9473436 0.18007492 0.2647889
vn 0.18754378 -0.17567569 0.9664188
vn 0.78316003 0.24235243 -0.57264805
vn 0.9795552 0.20111884 0.0047696657
vn 0.9475471 0.1900435 -0.25697854
vn 0.7698085 0.092871994 -0.63148224
vn 0.38487965 -0.1035311 -0.9171418
vn 0.71729267 0.014219356 -0.6966269
vn 0.24397245 -0.11770451 -0.9626126
vn 0.9491582 0.110188335 -0.29488504
vn -0.38265434 -0.23544945 -0.8933864
vn 0.15927137 -0.09978649 -0.98217887
vn 0.6635551 -0.03063906 -0.74749976
vn -0.46533763 -0.13338087 -0.87502587
vn 0.98972625 0.14296933 0.00130688
vn 0.9352791 0.036481336 -0.35202572
vn 0.94206727 0.1227767 0.3121461
vn -0.8352077 -0.23841754 -0.49556544
vn -0.8704899 -0.13816899 -0.4723948
vn -0.685624 -0.5004008 -0.52869546
vn -0.50150096 -0.07914018 -0.8615298
vn 0.09609432 -0.07171652 -0.99278533
vn 0.6187849 -0.033349287 -0.7848522
vn -0.89151824 -0.067330986 -0.44795275
vn -0.9906365 -0.13643204 0.0050486485
vn -0.9754219 -0.22009924 0.01041121
vn -0.99830747 -0.05814318 0.001234632
vn -0.5152755 -0.034957953 -0.8563113
vn -0.8964993 -0.039592035 -0.44127253
vn -0.99937963 -0.03517086 0.0017945936
vn 0.0740237 -0.025925215 -0.9969195
vn -0.898724 0.021874133 -0.4379688
vn -0.50894916 0.029078558 -0.8603053
vn -0.8689899 -0.10829578 0.48283398
vn -0.83650726 -0.19449373 0.51227707
vn -0.8907699 -0.052531887 0.45140842
vn 0.5978173 0.00090250495 -0.801632
vn 0.058653437 0.021679495 -0.99804294
vn 0.92084724 0.0076713786 -0.38984802
vn 0.9980186 0.062919006 -0.00023226492
vn 0.9319412 0.046925694 0.35956013
vn 0.99970704 0.02420291 1.2566104E-05
vn 0.91564965 0.015676178 -0.40167147
vn 0.9194448 0.018592255 0.39277935
vn 0.64170355 0.00038939834 0.7669527
vn 0.6117032 -0.0073562246 0.7910531
vn 0.67769116 0.04982494 0.73365676
vn 0.7118459 0.09804513 0.6954586
vn 0.91258985 0.012463634 0.4086861
vn 0.99979645 0.020124216 0.0014690568
vn 0.5919344 -0.012178749 0.8058942
vn 0.092030816 -0.03801211 0.9950304
vn 0.11839191 -0.04395054 0.9919938
vn 0.19487418 -0.05009342 0.9795482
vn 0.34288514 -0.099307284 0.9341134
vn 0.07546772 -0.040050413 0.99634355
vn 0.5309786 -0.014942584 0.8472535
vn 0.57016057 -0.027120257 0.82108545
vn 0.06587179 -0.06803609 0.9955058
vn 0.90535223 0.030918336 0.42353436
vn 0.99800926 0.06300214 0.002891306
vn 0.91131467 0.06576413 -0.40642425
vn 0.5629435 0.04721028 -0.8251459
vn -0.22763662 -0.3533194 0.9073847
vn -0.40741122 -0.15508567 0.89998037
vn 0.14682178 -0.338101 0.92958647
vn -0.4764605 -0.0749079 0.875999
vn -0.5016715 -0.050762177 0.86356753
vn -0.5072365 -0.048160076 0.86046016
vn -0.49819422 -0.05833013 0.8651012
vn -0.8941205 -0.04015064 0.44602308
vn -0.70277214 -0.4586214 0.5438545
vn -0.8905924 -0.014810145 0.45456123
vn -0.9998616 0.016250294 0.0035556557
vn -0.88993055 0.05595685 -0.45265055
vn -0.99930835 0.03709694 0.0025708152
vn -0.8894905 -0.013387568 0.45675752
vn -0.9707371 -0.2401301 -0.0026511077
vn -0.87242043 -0.20813662 -0.44222358
vn -0.49978402 -0.08335859 0.8621295
vn -0.8612788 -0.26519662 0.43343925
vn 0.055943467 -0.110762574 0.99227107
vn -0.5027417 -0.16690606 -0.84817046
vn -0.98590636 -0.1669236 0.01119226
vn -0.9324174 -0.032034814 -0.35996047
vn -0.9274785 -0.08173239 0.36483365
vn -0.5090324 0.41819087 -0.7523313
vn -0.4914296 -0.2778409 0.8254098
vn -0.52805 0.32545573 0.7843735
vn 0.04959488 -0.13904886 -0.9890428
vn 0.053306133 0.5097055 -0.858696
vn 0.047030453 -0.27460495 0.96040624
vn 0.056817297 0.44158885 0.89541674
vn 0.54057086 -0.162804 -0.82539564
vn 0.545134 0.37826857 -0.74815893
vn 0.5526113 -0.063373215 0.8310263
vn 0.5293769 -0.27076662 0.80401844
vn 0.5651125 0.2907474 0.772084
vn 0.900283 0.014878868 0.43505096
vn 0.87142646 -0.25696313 0.41783464
vn 0.92911166 -0.10995983 0.3530728
vn 0.9978884 0.06491882 0.0020929328
vn 0.9720385 -0.23481454 -0.0017670766
vn 0.98043585 -0.19658972 0.009903704
vn 0.9349549 -0.0644426 -0.3488647
vn 0.8805941 -0.20400053 -0.42771226
vn 0.8986613 0.08384904 -0.4305545
vn -0.27526522 -0.614808 0.73908055
vn -0.07287304 -0.7207647 0.6893385
vn 0.04751025 -0.4571315 0.88812923
vn 0.10274112 -0.14988987 0.98335004
vn -0 0.062965825 0.99801564
vn -0 -0.14314786 0.9897013
vn -0.07309892 0.049425162 0.99609923
vn -0.10274115 -0.14988987 0.98335004
vn -0.18754381 -0.17567569 0.9664188
vn -0.04751024 -0.4571316 0.88812923
vn -0 -0.4960185 0.86831194
vn -0 -0.7542629 0.6565726
vn -0.1468218 -0.3381011 0.92958647
vn 0.0728731 -0.72076494 0.6893384
vn -0 -0.8783624 0.47799537
vn 0.22763662 -0.35331938 0.9073847
vn 0.27526522 -0.614808 0.73908055
vn -0.16148911 -0.8593148 0.48528272
vn -0 -0.9994887 0.031972043
vn 0.16148913 -0.85931474 0.4852828
vn -0.44404703 -0.7355152 0.51170266
vn -0.19292608 -0.9808451 0.026877422
vn -0.8915195 -0.45268238 0.016480463
vn -0.56478685 -0.82491064 0.023200396
vn -0.42455706 -0.7633093 -0.48693958
vn -0.17362298 -0.8751768 -0.45157588
vn -0.07916081 -0.6264586 -0.77542454
vn -0 -0.8976333 -0.44074282
vn -0 -0.65508676 -0.7555536
vn -0 -0.18272208 -0.9831646
vn 0.07916086 -0.6264586 -0.77542454
vn 0.17362297 -0.87517667 -0.451576
vn 0.19292608 -0.9808451 0.026877344
vn 0.42455712 -0.7633093 -0.48693958
vn 0.44404694 -0.7355151 0.51170284
vn 0.685624 -0.5004009 -0.5286953
vn 0.56478685 -0.82491064 0.023200406
vn 0.8915195 -0.45268235 0.016480621
vn 0.7027721 -0.4586213 0.5438547
vn 0.9754219 -0.22009921 0.010411105
vn 0.8352077 -0.23841752 -0.4955656
vn 0.83650726 -0.19449373 0.51227707
vn 0.38265434 -0.23544942 -0.8933864
vn 0.9906365 -0.13643202 0.0050485604
vn 0.40741122 -0.15508571 0.89998037
vn -0.24397239 -0.11770448 -0.9626126
vn 0.8704898 -0.13816896 -0.47239476
vn 0.8689899 -0.10829578 0.48283398
vn -0.7172926 0.014219364 -0.6966269
vn 0.46533763 -0.13338087 -0.87502587
vn 0.99830747 -0.058143195 0.0012346609
vn -0.9491582 0.110188365 -0.29488504
vn -0.15927134 -0.09978647 -0.98217887
vn 0.89151835 -0.06733101 -0.44795275
vn -0.663555 -0.030639058 -0.7474999
vn 0.50150096 -0.079140164 -0.8615298
vn -0.09609426 -0.0717165 -0.99278533
vn 0.8907698 -0.052531876 0.45140842
vn 0.99937963 -0.035170868 0.0017946472
vn 0.8964993 -0.03959204 -0.4412725
vn 0.51527554 -0.03495795 -0.8563113
vn 0.47646046 -0.074907884 0.875999
vn 0.898724 0.021874126 -0.4379688
vn -0.19487417 -0.05009342 0.9795482
vn -0.7118458 0.0980451 0.69545865
vn -0.67769116 0.049824912 0.73365676
vn -0.11839193 -0.043950543 0.9919938
vn 0.50167155 -0.05076216 0.8635675
vn 0.8941205 -0.040150613 0.44602314
vn -0.94206727 0.1227767 0.31214607
vn -0.6417036 0.0003893791 0.7669527
vn -0.09203078 -0.03801211 0.9950304
vn -0.98972625 0.14296937 0.00130688
vn -0.9319412 0.046925686 0.35956007
vn -0.9352791 0.036481373 -0.35202575
vn 0.9998616 0.016250312 0.003555685
vn 0.5072364 -0.048160065 0.8604602
vn -0.6117033 -0.0073562246 0.7910531
vn -0.9980186 0.06291908 -0.00023229868
vn -0.61878484 -0.033349294 -0.7848522
vn 0.8905924 -0.014810094 0.45456123
vn -0.075467676 -0.040050413 0.99634355
vn -0.9194448 0.01859229 0.39277932
vn -0.92084724 0.007671342 -0.3898481
vn -0.074023716 -0.025925217 -0.9969195
vn 0.49819416 -0.05833012 0.8651012
vn -0.5919344 -0.012178709 0.8058942
vn -0.99970704 0.024202919 1.2546853E-05
vn -0.5978173 0.0009025083 -0.801632
vn 0.5089491 0.029078573 -0.86030537
vn -0.06587176 -0.068036094 0.9955058
vn -0.91258985 0.012463677 0.4086861
vn -0.91564965 0.015676167 -0.40167147
vn -0.058653437 0.021679493 -0.99804294
vn 0.88993055 0.05595686 -0.45265067
vn -0.5701606 -0.027120214 0.82108545
vn -0.99979645 0.020124199 0.0014690472
vn -0.9053523 0.030918282 0.4235343
vn -0.99800926 0.06300214 0.0028913063
vn -0.91131467 0.06576423 -0.40642428
vn 0.99930835 0.03709694 0.0025708198
vn 0.8894905 -0.013387542 0.4567575
vn 0.9707371 -0.24013008 -0.0026511024
vn 0.49978408 -0.08335858 0.8621295
vn -0.5629436 0.047210258 -0.8251459
vn 0.87242043 -0.2081366 -0.44222358
vn 0.8612788 -0.26519662 0.43343925
vn -0.05594349 -0.11076257 0.99227107
vn 0.5027417 -0.16690609 -0.84817046
vn 0.98590624 -0.16692376 0.011192388
vn 0.9324175 -0.032034952 -0.35996026
vn 0.9274784 -0.081732586 0.36483374
vn 0.50903255 0.41819075 -0.75233126
vn 0.49142954 -0.2778409 0.82540995
vn 0.52804977 0.32545558 0.78437364
vn -0.0495948 -0.13904886 -0.9890428
vn -0.053306095 0.5097055 -0.858696
vn -0.04703052 -0.27460498 0.96040636
vn -0.056817338 0.44158915 0.89541656
vn -0.54057086 -0.16280404 -0.82539564
vn -0.545134 0.37826833 -0.74815917
vn -0.5526113 -0.0633732 0.8310262
vn -0.5293769 -0.27076662 0.80401844
vn -0.56511253 0.29074758 0.77208394
vn -0.90028286 0.014878789 0.43505096
vn -0.87142646 -0.25696322 0.41783464
vn -0.92911166 -0.10995991 0.353073
vn -0.9978884 0.06491879 0.0020929426
vn -0.9720385 -0.23481466 -0.0017670046
vn -0.98043585 -0.19658975 0.009903838
vn -0.9349549 -0.06444269 -0.34886473
vn -0.8805941 -0.20400064 -0.42771223
vn -0.8986613 0.08384904 -0.43055445
vn -0.9324174 -0.032034814 -0.35996047
vn -0.98590636 -0.1669236 0.01119226
vn -0.9980775 0.06140447 -0.008414181
vn -0.9274785 -0.08173239 0.36483365
vn -0.8418874 0.3735203 -0.38949752
vn -0.99956053 -0.02712695 -0.011946874
vn -0.5090324 0.41819087 -0.7523313
vn -0.8559565 0.2969125 0.42329833
vn -0.52805 0.32545573 0.7843735
vn -0.47499615 0.5036649 -0.7215957
vn 0.053306133 0.5097055 -0.858696
vn -0.47656083 0.43255875 0.76536447
vn 0.056817297 0.44158885 0.89541674
vn -0.91385007 -0.061479203 0.4013706
vn 0.05655787 0.44552815 0.89347965
vn 0.5651125 0.2907474 0.772084
vn -0.9184905 -0.023021638 -0.3947722
vn 0.060899742 0.5343499 -0.8430667
vn 0.545134 0.37826857 -0.74815893
vn -0.54687613 -0.117613465 0.8289111
vn 0.5242135 0.42247537 0.73940164
vn 0.92911166 -0.10995983 0.3530728
vn -0.5592887 -0.01621509 -0.8288144
vn 0.51453865 0.49496245 -0.70018727
vn 0.9349549 -0.0644426 -0.3488647
vn 0.06674498 -0.143791 0.9873547
vn 0.86579436 0.26466373 0.42468023
vn 0.98043585 -0.19658972 0.009903704
vn 0.8492691 0.34311342 -0.4012669
vn 0.06889266 -0.0047179437 -0.99761295
vn 0.5993993 -0.12863755 0.790046
vn 0.07411835 -0.018261703 0.9970822
vn 0.99969494 0.023815036 -0.006557298
vn 0.6098686 -0.02063813 -0.7922338
vn 0.06385069 0.04485818 -0.99695075
vn 0.9126474 -0.087155834 0.39934757
vn 0.91523737 -0.042673547 -0.40064907
vn -0.5568613 0.004216848 0.8305949
vn 0.6126601 -0.032136485 0.78969294
vn 0.99861073 -0.05182157 -0.00953921
vn 0.6255541 0.03059238 -0.7795808
vn -0.91793525 0.028873194 0.3956784
vn 0.078745805 0.20593654 0.97539186
vn 0.90599144 -0.010375491 0.42316887
vn 0.90439224 0.015444175 -0.42642263
vn -0.5922025 0.1458689 0.7924761
vn 0.63458675 0.13752493 0.7605172
vn 0.99919325 0.013110928 -0.037959218
vn 0.8936169 0.11854826 0.4328915
vn 0.7701795 0.41305938 0.48600966
vn 0.036623485 0.73796433 0.67384523
vn -0.75116915 0.43182585 0.49927083
vn -0.9143286 0.105423264 0.39101064
vn 0.99265164 0.09796916 -0.07102677
vn 0.93171793 0.21279454 0.29431313
vn 0.0060017495 0.96507406 0.2619083
vn -0.9979115 0.04487819 -0.04645902
vn -0.90624326 0.038868517 -0.42096618
vn -0.992097 0.09897777 -0.07711691
vn -0.56743956 0.03857981 -0.8225108
vn -0.9330549 0.20269656 0.29719135
vn -0.8916986 0.1195616 -0.43655318
vn 0.038733054 0.13470471 -0.99012846
vn -0.9804205 0.15702958 -0.11881674
vn -0.5749329 0.12864143 -0.8080246
vn 0.6212748 0.12180958 -0.7740671
vn 0.010514486 0.15207326 -0.98831326
vn -0.5681809 0.14727263 -0.8096179
vn 0.89322233 0.10390167 -0.4374454
vn 0.57580966 0.14775153 -0.8041223
vn 0.9792964 0.14661144 -0.13958399
vn -0.8896274 0.13224557 -0.4371203
vn -0.0007013342 0.111935236 -0.9937152
vn 0.8897012 0.12092122 -0.44023842
vn -0.5702665 0.115214065 -0.81334
vn 0.5699435 0.11007894 -0.814277
vn -0.0005456557 -0.617031 -0.78693867
vn 0.97966355 0.17809978 0.092411
vn 0.9752939 0.11841166 -0.18649551
vn 0.89399344 0.09568149 -0.43774498
vn 0.9520422 0.28809613 0.10303478
vn 0.9925768 0.11226067 -0.046786606
vn 0.4614653 -0.58858544 -0.66378987
vn 0.9749624 0.09643655 -0.20037034
vn 0.68689644 -0.6394585 -0.34534937
vn -7.168102E-05 -0.99988484 -0.0151798325
vn 0.9406617 0.33842742 -0.024948727
vn 0.9913119 0.1265501 -0.035857197
vn 0.6998637 0.70124984 0.13579227
vn 0.7425931 -0.6677241 -0.05196172
vn 0.7547445 -0.6363633 -0.15938166
vn -0 -0.9999522 -0.009785933
vn 0.7445293 -0.66640145 -0.03981345
vn -0.00030311683 -1 0.00018743906
vn -0.0003903682 -0.9999263 -0.012129118
vn 0.7304256 -0.6814272 -0.04621036
vn 0.9933108 0.10768284 -0.04169085
vn 0.0026636897 0.9802412 0.19778785
vn 0.63382417 0.7662823 0.10525393
vn 0.93855214 0.34489986 -0.0128053455
vn -0.7029233 0.70263726 0.1104526
vn -0.7420068 -0.6700569 -0.021204606
vn -0.7401851 -0.6717529 -0.029563123
vn -0.00058673334 -0.9993907 -0.034898743
vn 0.71748686 -0.6942061 -0.05736255
vn 0.99621385 0.077704646 -0.03898653
vn -0.76116496 -0.6323805 -0.14395429
vn -0.6867754 -0.6388126 -0.34678245
vn -0.9782516 0.100258924 -0.18158226
vn -0.46227464 -0.5875508 -0.66414326
vn -0.8924779 0.10267538 -0.4392505
vn -0.9763312 0.14259608 -0.16261594
vn -0.9938545 0.11021893 -0.010245048
vn -0.97504145 0.19258052 0.110485196
vn -0.95157593 0.29038954 0.10088237
vn -0.9925207 0.11962533 -0.024341576
vn -0.94078404 0.33573613 -0.046976186
vn -0.7287994 -0.6826256 -0.05360769
vn -0.6310814 0.76993245 0.094552904
vn -0.99384564 0.097165674 -0.053194772
vn -0.0005776599 -0.99902403 -0.04416705
vn 0.00095961423 0.9707954 0.23990688
vn -0.94155467 0.3358522 -0.026038243
vn -0.71819437 -0.69269025 -0.06615881
vn 0.7363686 -0.6679381 0.107795596
vn 0.59691244 0.7763135 0.20256604
vn -0.5979724 0.7769621 0.19687316
vn -0.99636155 0.06785868 -0.051564105
vn -0.0003188372 -0.9997166 -0.023800928
vn 0.9229004 0.3473036 0.16623831
vn 0.0003073079 0.79993826 0.60008216
vn -0.92746836 0.33992395 0.15573737
vn -0.7386737 -0.66703093 0.097113006
vn 0.9838991 0.07165794 0.16373053
vn 0.45687762 0.7144239 0.5299635
vn -0.45787588 0.7159944 0.52697396
vn -0.9863055 0.06640747 0.15096885
vn 0.54556817 -0.6280493 0.5548959
vn 0.6419467 0.3787339 0.6666822
vn -0.00033137886 0.37575397 0.9267195
vn -0.6467928 0.37699956 0.6629709
vn -7.1903625E-05 -0.64902395 0.760768
vn 0.6904857 0.09678421 0.7168418
vn 2.6184804E-05 0.1061274 0.9943526
vn -0.69593453 0.095814645 0.7116843
vn -0.55146414 -0.6260614 0.5513025
vn 0.07894442 0.43551093 0.89671516
vn 4.980796E-05 0.4360496 0.8999226
vn -0 0.16483596 0.98632103
vn -0.078898355 0.43579984 0.8965788
vn 0.074184574 0.16822778 0.9829527
vn -0.0741845 0.16822769 0.9829527
vn 0.1908983 0.4400818 0.8774314
vn -0.19082469 0.439996 0.8774904
vn 0.21089017 0.16547278 0.96340233
vn -0.21088986 0.16547273 0.96340245
vn 0.36942557 0.45670015 0.8092896
vn -0.3694256 0.45670035 0.8092895
vn 0.40183672 0.15189059 0.90302634
vn -0.4018368 0.15189056 0.90302634
vn 0.5816641 0.46598348 0.666728
vn -0.58166414 0.46598336 0.66672814
vn 0.65508664 0.13041683 0.744213
vn -0.6550869 0.13041684 0.74421287
vn 0.7535935 0.46727818 0.46232885
vn -0.7535934 0.4672786 0.4623287
vn 0.8459616 0.10185388 0.5234261
vn -0.8459616 0.101853855 0.52342606
vn 0.8652107 0.45032609 0.22049224
vn -0.8652106 0.45032614 0.22049235
vn 0.96328527 0.06392316 0.2607591
vn -0.96328527 0.0639231 0.2607592
vn 0.90205026 0.43150878 -0.0102686705
vn 0.9992673 0.033790633 -0.017974518
vn 0.9530617 0.047924485 -0.29895943
vn 0.8639165 0.4475586 -0.23095337
vn 0.7790652 0.10840917 -0.6174989
vn 0.7129716 0.48075783 -0.51043445
vn 0.5655831 0.1440286 -0.8120169
vn 0.4950682 0.44459638 -0.7464862
vn 0.40864077 0.14319293 -0.9013926
vn 0.35193107 0.4410167 -0.82562023
vn 0.25731242 0.13605718 -0.956702
vn 0.22040705 0.4167893 -0.8818772
vn 0.13446994 0.13925414 -0.98108417
vn 0.12409374 0.4043765 -0.9061349
vn -0 0.14423586 -0.9895433
vn -0 0.44347113 -0.8962887
vn -0.12408674 0.4044989 -0.90608126
vn -0.13446994 0.13925408 -0.98108417
vn -0.2204071 0.4167897 -0.881877
vn -0.25731224 0.13605703 -0.9567021
vn -0.351931 0.44101712 -0.82562006
vn -0.40864062 0.14319283 -0.9013926
vn -0.4950685 0.44459602 -0.7464862
vn -0.5655831 0.14402862 -0.8120169
vn -0.71297187 0.4807578 -0.5104342
vn -0.77906513 0.1084091 -0.61749893
vn -0.86391634 0.44755852 -0.23095453
vn -0.9530614 0.047927603 -0.29895973
vn -0.9020315 0.431548 -0.010272389
vn -0.9992692 0.033744145 -0.017954458
vn 0.9324175 -0.032034952 -0.35996026
vn 0.9980775 0.061404303 -0.008414087
vn 0.98590624 -0.16692376 0.011192388
vn 0.9274784 -0.081732586 0.36483374
vn 0.8418875 0.3735202 -0.38949722
vn 0.99956053 -0.027126951 -0.011946888
vn 0.50903255 0.41819075 -0.75233126
vn 0.8559563 0.29691237 0.42329863
vn 0.52804977 0.32545558 0.78437364
vn 0.47499615 0.5036647 -0.7215958
vn -0.053306095 0.5097055 -0.858696
vn 0.47656077 0.43255875 0.7653645
vn -0.056817338 0.44158915 0.89541656
vn 0.91385007 -0.061479177 0.40137058
vn -0.05655784 0.44552833 0.8934796
vn -0.56511253 0.29074758 0.77208394
vn 0.9184905 -0.023021651 -0.39477217
vn -0.060899734 0.53435 -0.8430667
vn -0.545134 0.37826833 -0.74815917
vn 0.54687613 -0.117613435 0.8289111
vn -0.5242136 0.42247558 0.7394014
vn -0.92911166 -0.10995991 0.353073
vn 0.5592887 -0.016215103 -0.8288144
vn -0.5145387 0.49496254 -0.70018715
vn -0.9349549 -0.06444269 -0.34886473
vn -0.06674492 -0.143791 0.9873547
vn -0.86579436 0.26466364 0.42468035
vn -0.98043585 -0.19658975 0.009903838
vn -0.8492691 0.34311324 -0.40126723
vn -0.06889263 -0.0047179353 -0.99761295
vn -0.59939927 -0.12863758 0.79004616
vn -0.07411831 -0.018261706 0.9970822
vn -0.99969494 0.02381502 -0.0065572546
vn -0.60986865 -0.02063814 -0.7922338
vn -0.063850656 0.04485816 -0.99695075
vn -0.9126474 -0.087155886 0.39934763
vn -0.91523737 -0.04267352 -0.40064907
vn 0.5568613 0.0042168535 0.8305948
vn -0.61266005 -0.03213648 0.78969294
vn -0.99861073 -0.051821545 -0.009539218
vn -0.6255541 0.030592347 -0.7795808
vn 0.91793525 0.028873201 0.39567834
vn -0.078745805 0.2059365 0.97539186
vn -0.90599144 -0.010375482 0.42316887
vn -0.90439224 0.015444169 -0.42642254
vn 0.59220254 0.14586896 0.79247606
vn -0.63458675 0.13752487 0.7605172
vn -0.99919325 0.01311096 -0.037959218
vn -0.8936169 0.118548244 0.43289158
vn -0.7701795 0.41305944 0.48600975
vn -0.036623508 0.7379644 0.6738451
vn 0.75116915 0.4318259 0.49927077
vn 0.9143286 0.10542327 0.39101055
vn -0.99265164 0.0979691 -0.07102677
vn -0.93171793 0.21279459 0.29431316
vn -0.006001739 0.9650742 0.26190826
vn 0.9979115 0.04487817 -0.04645901
vn 0.90624326 0.038868513 -0.42096615
vn 0.992097 0.09897776 -0.07711692
vn 0.5674396 0.03857981 -0.82251066
vn 0.9330549 0.20269658 0.29719135
vn 0.8916986 0.1195616 -0.43655312
vn -0.03873305 0.13470471 -0.99012846
vn 0.9804205 0.15702957 -0.11881675
vn 0.5749329 0.12864144 -0.80802447
vn -0.6212748 0.121809565 -0.7740671
vn -0.010514535 0.15207326 -0.98831326
vn 0.56818086 0.14727262 -0.80961794
vn -0.89322233 0.10390167 -0.4374454
vn -0.5758097 0.14775153 -0.8041223
vn -0.9792964 0.14661144 -0.13958398
vn 0.8896274 0.13224557 -0.43712032
vn 0.0007012855 0.111935265 -0.9937152
vn -0.8897012 0.1209212 -0.4402384
vn 0.5702664 0.11521405 -0.81334
vn -0.5699435 0.11007891 -0.814277
vn 0.0005456286 -0.6170309 -0.7869387
vn -0.97966355 0.17809983 0.092411004
vn -0.9752939 0.11841168 -0.18649551
vn -0.89399344 0.095681325 -0.43774498
vn -0.9520422 0.28809616 0.1030348
vn -0.9925768 0.11226065 -0.046786606
vn -0.4614653 -0.58858544 -0.6637898
vn -0.9749624 0.09643642 -0.20037031
vn -0.6868963 -0.63945854 -0.34534934
vn 7.168027E-05 -0.99988484 -0.015179832
vn -0.9406617 0.33842742 -0.024948716
vn -0.99131197 0.12655002 -0.035857204
vn -0.6998637 0.70124984 0.13579223
vn -0.74259305 -0.66772413 -0.051961716
vn -0.75474447 -0.6363634 -0.15938166
vn -0 -0.9999522 -0.009785935
vn -0.7445292 -0.6664017 -0.039813455
vn 0.0003031174 -1 0.00018743906
vn 0.00039036848 -0.9999263 -0.012129118
vn -0.73042554 -0.68142724 -0.04621035
vn -0.9933108 0.107682616 -0.041690856
vn -0.0026637001 0.9802412 0.19778784
vn -0.63382417 0.7662823 0.10525393
vn -0.93855214 0.3448999 -0.012805354
vn 0.7029233 0.70263726 0.11045255
vn 0.7420067 -0.67005694 -0.021204604
vn 0.740185 -0.671753 -0.029563121
vn 0.00058673415 -0.9993907 -0.034898747
vn -0.7174869 -0.6942061 -0.05736255
vn -0.99621385 0.07770464 -0.03898653
vn 0.7611649 -0.6323806 -0.14395429
vn 0.68677527 -0.6388128 -0.34678245
vn 0.9782516 0.100258835 -0.18158226
vn 0.4622746 -0.5875508 -0.6641432
vn 0.8924779 0.10267531 -0.4392505
vn 0.9763312 0.14259605 -0.16261593
vn 0.9938545 0.11021887 -0.010245053
vn 0.97504145 0.19258054 0.11048518
vn 0.95157593 0.29038954 0.100882344
vn 0.9925207 0.119625285 -0.024341581
vn 0.94078404 0.33573613 -0.046976183
vn 0.72879934 -0.68262565 -0.053607687
vn 0.99384564 0.097165644 -0.053194772
vn 0.63108134 0.7699325 0.094552875
vn 0.00057765987 -0.99902403 -0.044167046
vn 0.94155467 0.3358522 -0.02603823
vn -0.00095961423 0.9707954 0.23990689
vn 0.71819437 -0.6926903 -0.06615881
vn -0.7363686 -0.6679382 0.10779559
vn 0.99636155 0.067858666 -0.051564105
vn 0.59797233 0.7769621 0.19687316
vn -0.59691244 0.7763135 0.20256609
vn 0.00031883657 -0.9997166 -0.023800928
vn -0.9229004 0.3473036 0.1662383
vn -0.00030736893 0.7999382 0.6000822
vn 0.92746836 0.33992398 0.15573737
vn 0.7386736 -0.667031 0.09711301
vn -0.9838991 0.071657956 0.16373056
vn -0.45687768 0.7144239 0.52996355
vn 0.45787588 0.7159944 0.52697396
vn 0.9863055 0.066407435 0.15096883
vn -0.5455681 -0.6280494 0.5548958
vn -0.6419467 0.3787338 0.6666822
vn 0.0003312556 0.37575403 0.9267195
vn 0.64679277 0.3769996 0.6629709
vn 7.191399E-05 -0.64902395 0.760768
vn -0.6904857 0.09678413 0.7168418
vn -2.6242204E-05 0.1061274 0.9943526
vn 0.6959345 0.095814675 0.7116844
vn 0.55146414 -0.6260614 0.5513025
g 03_bodymesh_humanE02_Bottom_0
f 3/3/3 2/2/2 1/1/1
f 2/2/2 5/5/5 4/4/4
f 8/8/8 7/7/7 6/6/6
f 11/11/11 10/10/10 9/9/9
f 10/10/10 12/12/12 9/9/9
f 9/9/9 12/12/12 13/13/13
f 10/10/10 14/14/14 12/12/12
f 12/12/12 15/15/15 13/13/13
f 13/13/13 15/15/15 16/16/16
f 14/14/14 17/17/17 12/12/12
f 12/12/12 17/17/17 15/15/15
f 14/14/14 18/18/18 17/17/17
f 15/15/15 19/19/19 16/16/16
f 16/16/16 19/19/19 20/20/20
f 17/17/17 21/21/21 15/15/15
f 15/15/15 21/21/21 19/19/19
f 18/18/18 22/22/22 17/17/17
f 17/17/17 22/22/22 21/21/21
f 18/18/18 23/23/23 22/22/22
f 19/19/19 24/24/24 20/20/20
f 20/20/20 24/24/24 25/25/25
f 21/21/21 26/26/26 19/19/19
f 19/19/19 26/26/26 24/24/24
f 23/23/23 27/27/27 22/22/22
f 23/23/23 28/28/28 27/27/27
f 22/22/22 29/29/29 21/21/21
f 21/21/21 29/29/29 26/26/26
f 22/22/22 27/27/27 29/29/29
f 24/24/24 30/30/30 25/25/25
f 25/25/25 30/30/30 31/31/31
f 28/28/28 32/32/32 27/27/27
f 28/28/28 33/33/33 32/32/32
f 33/33/33 34/34/34 32/32/32
f 26/26/26 35/35/35 24/24/24
f 24/24/24 35/35/35 30/30/30
f 27/27/27 36/36/36 29/29/29
f 27/27/27 32/32/32 36/36/36
f 32/32/32 34/34/34 37/37/37
f 32/32/32 37/37/37 36/36/36
f 34/34/34 38/38/38 37/37/37
f 36/36/36 37/37/37 39/39/39
f 37/37/37 40/40/40 39/39/39
f 29/29/29 41/41/41 26/26/26
f 26/26/26 41/41/41 35/35/35
f 29/29/29 42/42/42 41/41/41
f 42/42/42 43/43/43 41/41/41
f 41/41/41 44/44/44 35/35/35
f 41/41/41 43/43/43 44/44/44
f 35/35/35 44/44/44 45/45/45
f 35/35/35 45/45/45 30/30/30
f 43/43/43 46/46/46 44/44/44
f 43/43/43 47/47/47 46/46/46
f 47/47/47 48/48/48 46/46/46
f 44/44/44 46/46/46 49/49/49
f 44/44/44 49/49/49 45/45/45
f 46/46/46 50/50/50 49/49/49
f 30/30/30 45/45/45 51/51/51
f 30/30/30 51/51/51 31/31/31
f 31/31/31 51/51/51 52/52/52
f 45/45/45 49/49/49 53/53/53
f 45/45/45 53/53/53 51/51/51
f 51/51/51 54/54/54 52/52/52
f 51/51/51 53/53/53 54/54/54
f 52/52/52 54/54/54 55/55/55
f 49/49/49 50/50/50 56/56/56
f 49/49/49 56/56/56 53/53/53
f 50/50/50 57/57/57 56/56/56
f 50/50/50 58/58/58 57/57/57
f 58/58/58 59/59/59 57/57/57
f 58/58/58 60/60/60 59/59/59
f 60/60/60 61/61/61 59/59/59
f 62/62/62 60/60/60 58/58/58
f 48/48/48 62/62/62 58/58/58
f 54/54/54 63/63/63 55/55/55
f 55/55/55 63/63/63 64/64/64
f 53/53/53 65/65/65 54/54/54
f 54/54/54 65/65/65 63/63/63
f 53/53/53 66/66/66 65/65/65
f 63/63/63 67/67/67 64/64/64
f 64/64/64 67/67/67 68/68/68
f 65/65/65 69/69/69 63/63/63
f 63/63/63 69/69/69 67/67/67
f 66/66/66 70/70/70 65/65/65
f 65/65/65 70/70/70 69/69/69
f 66/66/66 71/71/71 70/70/70
f 67/67/67 72/72/72 68/68/68
f 68/68/68 72/72/72 73/73/73
f 69/69/69 74/74/74 67/67/67
f 67/67/67 74/74/74 72/72/72
f 70/70/70 75/75/75 69/69/69
f 69/69/69 75/75/75 74/74/74
f 71/71/71 76/76/76 70/70/70
f 70/70/70 76/76/76 75/75/75
f 72/72/72 77/77/77 73/73/73
f 73/73/73 77/77/77 78/78/78
f 74/74/74 79/79/79 72/72/72
f 72/72/72 79/79/79 77/77/77
f 76/76/76 80/80/80 75/75/75
f 76/76/76 81/81/81 80/80/80
f 75/75/75 82/82/82 74/74/74
f 74/74/74 82/82/82 79/79/79
f 75/75/75 80/80/80 82/82/82
f 81/81/81 83/83/83 80/80/80
f 81/81/81 84/84/84 83/83/83
f 84/84/84 85/85/85 83/83/83
f 77/77/77 86/86/86 78/78/78
f 78/78/78 86/86/86 87/87/87
f 79/79/79 88/88/88 77/77/77
f 77/77/77 88/88/88 86/86/86
f 82/82/82 89/89/89 79/79/79
f 79/79/79 89/89/89 88/88/88
f 80/80/80 90/90/90 82/82/82
f 82/82/82 90/90/90 89/89/89
f 90/90/90 91/91/91 89/89/89
f 90/90/90 92/92/92 91/91/91
f 89/89/89 93/93/93 88/88/88
f 89/89/89 91/91/91 93/93/93
f 88/88/88 94/94/94 86/86/86
f 88/88/88 93/93/93 94/94/94
f 86/86/86 95/95/95 87/87/87
f 86/86/86 94/94/94 95/95/95
f 92/92/92 96/96/96 91/91/91
f 92/92/92 97/97/97 96/96/96
f 91/91/91 98/98/98 93/93/93
f 91/91/91 96/96/96 98/98/98
f 97/97/97 99/99/99 96/96/96
f 96/96/96 99/99/99 100/100/100
f 96/96/96 100/100/100 98/98/98
f 99/99/99 101/101/101 100/100/100
f 93/93/93 102/102/102 94/94/94
f 93/93/93 98/98/98 102/102/102
f 98/98/98 100/100/100 103/103/103
f 98/98/98 103/103/103 102/102/102
f 100/100/100 101/101/101 104/104/104
f 100/100/100 104/104/104 103/103/103
f 101/101/101 105/105/105 104/104/104
f 94/94/94 102/102/102 106/106/106
f 94/94/94 106/106/106 95/95/95
f 102/102/102 103/103/103 107/107/107
f 102/102/102 107/107/107 106/106/106
f 103/103/103 104/104/104 108/108/108
f 103/103/103 108/108/108 107/107/107
f 104/104/104 105/105/105 109/109/109
f 104/104/104 109/109/109 108/108/108
f 105/105/105 110/110/110 109/109/109
f 110/110/110 111/111/111 109/109/109
f 111/111/111 112/112/112 109/109/109
f 109/109/109 112/112/112 108/108/108
f 111/111/111 113/113/113 112/112/112
f 108/108/108 114/114/114 107/107/107
f 112/112/112 114/114/114 108/108/108
f 113/113/113 115/115/115 112/112/112
f 112/112/112 115/115/115 114/114/114
f 113/113/113 116/116/116 115/115/115
f 107/107/107 117/117/117 106/106/106
f 114/114/114 117/117/117 107/107/107
f 115/115/115 118/118/118 114/114/114
f 114/114/114 118/118/118 117/117/117
f 116/116/116 119/119/119 115/115/115
f 115/115/115 119/119/119 118/118/118
f 116/116/116 120/120/120 119/119/119
f 120/120/120 121/121/121 119/119/119
f 119/119/119 121/121/121 122/122/122
f 119/119/119 122/122/122 118/118/118
f 121/121/121 123/123/123 122/122/122
f 117/117/117 124/124/124 106/106/106
f 106/106/106 124/124/124 95/95/95
f 118/118/118 125/125/125 117/117/117
f 118/118/118 122/122/122 125/125/125
f 117/117/117 125/125/125 124/124/124
f 122/122/122 123/123/123 126/126/126
f 122/122/122 126/126/126 125/125/125
f 124/124/124 127/127/127 95/95/95
f 95/95/95 127/127/127 87/87/87
f 127/127/127 128/128/128 87/87/87
f 125/125/125 129/129/129 124/124/124
f 124/124/124 129/129/129 127/127/127
f 125/125/125 126/126/126 129/129/129
f 127/127/127 130/130/130 128/128/128
f 129/129/129 130/130/130 127/127/127
f 130/130/130 131/131/131 128/128/128
f 123/123/123 132/132/132 126/126/126
f 123/123/123 133/133/133 132/132/132
f 126/126/126 134/134/134 129/129/129
f 129/129/129 134/134/134 130/130/130
f 126/126/126 132/132/132 134/134/134
f 130/130/130 135/135/135 131/131/131
f 134/134/134 135/135/135 130/130/130
f 135/135/135 136/136/136 131/131/131
f 132/132/132 137/137/137 134/134/134
f 134/134/134 137/137/137 135/135/135
f 135/135/135 138/138/138 136/136/136
f 137/137/137 138/138/138 135/135/135
f 138/138/138 139/139/139 136/136/136
f 132/132/132 140/140/140 137/137/137
f 133/133/133 140/140/140 132/132/132
f 138/138/138 141/141/141 139/139/139
f 141/141/141 142/142/142 139/139/139
f 137/137/137 143/143/143 138/138/138
f 140/140/140 143/143/143 137/137/137
f 143/143/143 141/141/141 138/138/138
f 141/141/141 144/144/144 142/142/142
f 144/144/144 145/145/145 142/142/142
f 143/143/143 146/146/146 141/141/141
f 146/146/146 144/144/144 141/141/141
f 140/140/140 147/147/147 143/143/143
f 147/147/147 146/146/146 143/143/143
f 144/144/144 148/148/148 145/145/145
f 148/148/148 149/149/149 145/145/145
f 146/146/146 150/150/150 144/144/144
f 150/150/150 148/148/148 144/144/144
f 147/147/147 151/151/151 146/146/146
f 151/151/151 150/150/150 146/146/146
f 152/152/152 151/151/151 147/147/147
f 153/153/153 147/147/147 140/140/140
f 153/153/153 152/152/152 147/147/147
f 133/133/133 153/153/153 140/140/140
f 154/154/154 153/153/153 133/133/133
f 155/155/155 154/154/154 133/133/133
f 156/156/156 154/154/154 155/155/155
f 157/157/157 156/156/156 155/155/155
f 148/148/148 158/158/158 149/149/149
f 158/158/158 159/159/159 149/149/149
f 150/150/150 160/160/160 148/148/148
f 160/160/160 158/158/158 148/148/148
f 158/158/158 161/161/161 159/159/159
f 161/161/161 162/162/162 159/159/159
f 163/163/163 160/160/160 150/150/150
f 164/164/164 163/163/163 150/150/150
f 160/160/160 165/165/165 158/158/158
f 165/165/165 161/161/161 158/158/158
f 161/161/161 166/166/166 162/162/162
f 166/166/166 167/167/167 162/162/162
f 168/168/168 163/163/163 164/164/164
f 169/169/169 168/168/168 164/164/164
f 170/170/170 168/168/168 169/169/169
f 168/168/168 171/171/171 163/163/163
f 172/172/172 170/170/170 169/169/169
f 163/163/163 173/173/173 160/160/160
f 173/173/173 165/165/165 160/160/160
f 171/171/171 173/173/173 163/163/163
f 174/174/174 170/170/170 172/172/172
f 175/175/175 174/174/174 172/172/172
f 174/174/174 176/176/176 170/170/170
f 176/176/176 177/177/177 170/170/170
f 177/177/177 178/178/178 171/171/171
f 178/178/178 179/179/179 171/171/171
f 171/171/171 179/179/179 173/173/173
f 179/179/179 180/180/180 173/173/173
f 173/173/173 180/180/180 165/165/165
f 179/179/179 181/181/181 180/180/180
f 181/181/181 182/182/182 180/180/180
f 180/180/180 183/183/183 165/165/165
f 180/180/180 182/182/182 183/183/183
f 165/165/165 183/183/183 161/161/161
f 183/183/183 166/166/166 161/161/161
f 183/183/183 184/184/184 166/166/166
f 182/182/182 184/184/184 183/183/183
f 184/184/184 185/185/185 166/166/166
f 166/166/166 185/185/185 167/167/167
f 185/185/185 186/186/186 167/167/167
f 185/185/185 187/187/187 186/186/186
f 187/187/187 188/188/188 186/186/186
f 184/184/184 189/189/189 185/185/185
f 189/189/189 187/187/187 185/185/185
f 187/187/187 190/190/190 188/188/188
f 190/190/190 191/191/191 188/188/188
f 192/192/192 190/190/190 187/187/187
f 189/189/189 192/192/192 187/187/187
f 193/193/193 192/192/192 189/189/189
f 194/194/194 189/189/189 184/184/184
f 194/194/194 193/193/193 189/189/189
f 182/182/182 194/194/194 184/184/184
f 195/195/195 193/193/193 194/194/194
f 196/196/196 194/194/194 182/182/182
f 196/196/196 195/195/195 194/194/194
f 197/197/197 195/195/195 196/196/196
f 198/198/198 196/196/196 182/182/182
f 199/199/199 197/197/197 196/196/196
f 199/199/199 196/196/196 198/198/198
f 200/200/200 197/197/197 199/199/199
f 201/201/201 200/200/200 199/199/199
f 202/202/202 199/199/199 198/198/198
f 201/201/201 199/199/199 202/202/202
f 203/203/203 201/201/201 202/202/202
f 202/202/202 198/198/198 204/204/204
f 205/205/205 202/202/202 204/204/204
f 207/207/207 202/202/202 206/206/206
f 208/208/208 207/207/207 206/206/206
f 211/211/211 210/210/210 209/209/209
f 212/212/212 211/211/211 209/209/209
f 215/215/215 214/214/214 213/213/213
f 216/216/216 215/215/215 213/213/213
f 219/219/219 218/218/218 217/217/217
f 220/220/220 219/219/219 217/217/217
f 223/223/223 222/222/222 221/221/221
f 224/224/224 223/223/223 221/221/221
f 227/227/227 226/226/226 225/225/225
f 228/228/228 227/227/227 225/225/225
f 231/231/231 230/230/230 229/229/229
f 232/232/232 231/231/231 229/229/229
f 235/235/235 234/234/234 233/233/233
f 236/236/236 235/235/235 233/233/233
f 239/239/239 238/238/238 237/237/237
f 240/240/240 239/239/239 237/237/237
f 243/243/243 242/242/242 241/241/241
f 244/244/244 243/243/243 241/241/241
f 247/247/247 246/246/246 245/245/245
f 248/248/248 247/247/247 245/245/245
f 250/250/250 249/249/249 177/177/177
f 251/251/251 250/250/250 177/177/177
f 254/254/254 253/253/253 252/252/252
f 253/253/253 255/255/255 252/252/252
f 252/252/252 255/255/255 256/256/256
f 255/255/255 253/253/253 257/257/257
f 253/253/253 258/258/258 257/257/257
f 255/255/255 257/257/257 259/259/259
f 255/255/255 260/260/260 256/256/256
f 260/260/260 255/255/255 259/259/259
f 256/256/256 260/260/260 261/261/261
f 260/260/260 259/259/259 262/262/262
f 260/260/260 263/263/263 261/261/261
f 263/263/263 260/260/260 262/262/262
f 261/261/261 263/263/263 264/264/264
f 263/263/263 262/262/262 265/265/265
f 263/263/263 266/266/266 264/264/264
f 266/266/266 263/263/263 265/265/265
f 264/264/264 266/266/266 267/267/267
f 266/266/266 265/265/265 268/268/268
f 266/266/266 269/269/269 267/267/267
f 269/269/269 266/266/266 268/268/268
f 267/267/267 269/269/269 270/270/270
f 269/269/269 268/268/268 271/271/271
f 269/269/269 272/272/272 270/270/270
f 272/272/272 269/269/269 271/271/271
f 275/275/275 274/274/274 273/273/273
f 276/276/276 275/275/275 273/273/273
f 278/278/278 277/277/277 48/48/48
f 279/279/279 278/278/278 48/48/48
f 282/282/282 281/281/281 280/280/280
f 283/283/283 282/282/282 280/280/280
f 286/286/286 285/285/285 284/284/284
f 37/37/37 286/286/286 284/284/284
f 289/289/289 288/288/288 287/287/287
f 287/287/287 290/290/290 289/289/289
f 290/290/290 291/291/291 289/289/289
f 294/294/294 293/293/293 292/292/292
f 294/294/294 295/295/295 293/293/293
f 295/295/295 296/296/296 293/293/293
f 299/299/299 298/298/298 297/297/297
f 298/298/298 300/300/300 297/297/297
f 298/298/298 301/301/301 300/300/300
f 303/303/303 302/302/302 300/300/300
f 303/303/303 304/304/304 302/302/302
f 304/304/304 305/305/305 302/302/302
f 304/304/304 306/306/306 305/305/305
f 309/309/309 308/308/308 307/307/307
f 309/309/309 310/310/310 308/308/308
f 310/310/310 311/311/311 308/308/308
f 310/310/310 312/312/312 311/311/311
f 312/312/312 313/313/313 311/311/311
f 312/312/312 314/314/314 313/313/313
f 314/314/314 315/315/315 313/313/313
f 314/314/314 316/316/316 315/315/315
f 316/316/316 317/317/317 315/315/315
f 315/315/315 317/317/317 318/318/318
f 321/321/321 320/320/320 319/319/319
f 322/322/322 321/321/321 319/319/319
f 323/323/323 321/321/321 322/322/322
f 324/324/324 323/323/323 322/322/322
f 325/325/325 323/323/323 324/324/324
f 326/326/326 325/325/325 324/324/324
f 327/327/327 325/325/325 326/326/326
f 328/328/328 327/327/327 326/326/326
f 329/329/329 327/327/327 328/328/328
f 330/330/330 329/329/329 328/328/328
f 331/331/331 329/329/329 330/330/330
f 332/332/332 331/331/331 330/330/330
f 335/335/335 334/334/334 333/333/333
f 334/334/334 336/336/336 333/333/333
f 333/333/333 336/336/336 337/337/337
f 336/336/336 338/338/338 337/337/337
f 337/337/337 338/338/338 339/339/339
f 338/338/338 340/340/340 339/339/339
f 339/339/339 340/340/340 341/341/341
f 340/340/340 342/342/342 341/341/341
f 342/342/342 344/344/344 343/343/343
f 345/345/345 342/342/342 343/343/343
f 348/348/348 347/347/347 346/346/346
f 347/347/347 349/349/349 346/346/346
f 346/346/346 349/349/349 350/350/350
f 349/349/349 351/351/351 350/350/350
f 350/350/350 351/351/351 352/352/352
f 351/351/351 353/353/353 352/352/352
f 352/352/352 353/353/353 354/354/354
f 353/353/353 355/355/355 354/354/354
f 354/354/354 355/355/355 356/356/356
f 355/355/355 357/357/357 356/356/356
f 356/356/356 357/357/357 358/358/358
f 357/357/357 359/359/359 358/358/358
f 358/358/358 359/359/359 360/360/360
f 359/359/359 361/361/361 360/360/360
f 360/360/360 361/361/361 362/362/362
f 361/361/361 363/363/363 362/362/362
f 362/362/362 363/363/363 364/364/364
f 363/363/363 365/365/365 364/364/364
f 364/364/364 365/365/365 366/366/366
f 365/365/365 367/367/367 366/366/366
f 370/370/370 369/369/369 368/368/368
f 371/371/371 370/370/370 368/368/368
f 372/372/372 370/370/370 371/371/371
f 373/373/373 372/372/372 371/371/371
f 374/374/374 372/372/372 373/373/373
f 375/375/375 374/374/374 373/373/373
f 376/376/376 374/374/374 375/375/375
f 377/377/377 376/376/376 375/375/375
f 380/380/380 379/379/379 378/378/378
f 379/379/379 381/381/381 378/378/378
f 378/378/378 381/381/381 382/382/382
f 381/381/381 383/383/383 382/382/382
f 382/382/382 383/383/383 384/384/384
f 383/383/383 385/385/385 384/384/384
f 71/71/71 387/387/387 386/386/386
f 387/387/387 388/388/388 386/386/386
f 387/387/387 389/389/389 388/388/388
f 389/389/389 84/84/84 388/388/388
f 80/80/80 391/391/391 390/390/390
f 391/391/391 392/392/392 390/390/390
f 391/391/391 393/393/393 392/392/392
f 393/393/393 97/97/97 392/392/392
f 120/120/120 395/395/395 394/394/394
f 395/395/395 396/396/396 394/394/394
f 394/394/394 396/396/396 397/397/397
f 396/396/396 133/133/133 397/397/397
f 399/399/399 152/152/152 398/398/398
f 400/400/400 399/399/399 398/398/398
f 401/401/401 399/399/399 400/400/400
f 156/156/156 401/401/401 400/400/400
f 404/404/404 403/403/403 402/402/402
f 403/403/403 404/404/404 405/405/405
f 403/403/403 406/406/406 402/402/402
f 406/406/406 407/407/407 402/402/402
f 402/402/402 407/407/407 408/408/408
f 408/408/408 407/407/407 409/409/409
f 407/407/407 410/410/410 409/409/409
f 409/409/409 410/410/410 411/411/411
f 412/412/412 407/407/407 406/406/406
f 410/410/410 407/407/407 412/412/412
f 412/412/412 406/406/406 413/413/413
f 414/414/414 412/412/412 413/413/413
f 414/414/414 410/410/410 412/412/412
f 410/410/410 415/415/415 411/411/411
f 415/415/415 410/410/410 414/414/414
f 411/411/411 415/415/415 416/416/416
f 417/417/417 414/414/414 413/413/413
f 415/415/415 414/414/414 417/417/417
f 415/415/415 418/418/418 416/416/416
f 416/416/416 418/418/418 419/419/419
f 420/420/420 415/415/415 417/417/417
f 418/418/418 415/415/415 420/420/420
f 418/418/418 421/421/421 419/419/419
f 419/419/419 421/421/421 422/422/422
f 413/413/413 423/423/423 417/417/417
f 420/420/420 417/417/417 423/423/423
f 424/424/424 423/423/423 413/413/413
f 425/425/425 418/418/418 420/420/420
f 421/421/421 418/418/418 425/425/425
f 426/426/426 420/420/420 423/423/423
f 426/426/426 423/423/423 424/424/424
f 425/425/425 420/420/420 426/426/426
f 421/421/421 427/427/427 422/422/422
f 428/428/428 421/421/421 425/425/425
f 427/427/427 421/421/421 428/428/428
f 429/429/429 425/425/425 426/426/426
f 428/428/428 425/425/425 429/429/429
f 430/430/430 426/426/426 424/424/424
f 429/429/429 426/426/426 430/430/430
f 427/427/427 431/431/431 422/422/422
f 431/431/431 432/432/432 422/422/422
f 431/431/431 433/433/433 432/432/432
f 433/433/433 434/434/434 432/432/432
f 433/433/433 435/435/435 434/434/434
f 435/435/435 436/436/436 434/434/434
f 435/435/435 437/437/437 436/436/436
f 437/437/437 438/438/438 436/436/436
f 437/437/437 439/439/439 438/438/438
f 439/439/439 440/440/440 438/438/438
f 439/439/439 441/441/441 440/440/440
f 431/431/431 427/427/427 442/442/442
f 433/433/433 431/431/431 443/443/443
f 431/431/431 442/442/442 443/443/443
f 435/435/435 433/433/433 444/444/444
f 433/433/433 443/443/443 444/444/444
f 427/427/427 445/445/445 442/442/442
f 445/445/445 427/427/427 428/428/428
f 445/445/445 428/428/428 446/446/446
f 446/446/446 428/428/428 429/429/429
f 446/446/446 429/429/429 447/447/447
f 447/447/447 429/429/429 430/430/430
f 447/447/447 430/430/430 448/448/448
f 449/449/449 446/446/446 447/447/447
f 447/447/447 448/448/448 449/449/449
f 450/450/450 445/445/445 446/446/446
f 450/450/450 446/446/446 449/449/449
f 442/442/442 445/445/445 451/451/451
f 445/445/445 450/450/450 451/451/451
f 443/443/443 442/442/442 452/452/452
f 442/442/442 451/451/451 452/452/452
f 444/444/444 443/443/443 453/453/453
f 443/443/443 452/452/452 453/453/453
f 430/430/430 454/454/454 448/448/448
f 430/430/430 424/424/424 454/454/454
f 451/451/451 450/450/450 455/455/455
f 452/452/452 451/451/451 456/456/456
f 451/451/451 455/455/455 456/456/456
f 457/457/457 456/456/456 455/455/455
f 452/452/452 456/456/456 458/458/458
f 453/453/453 452/452/452 458/458/458
f 458/458/458 456/456/456 457/457/457
f 453/453/453 458/458/458 459/459/459
f 444/444/444 453/453/453 460/460/460
f 460/460/460 453/453/453 459/459/459
f 460/460/460 459/459/459 461/461/461
f 460/460/460 461/461/461 462/462/462
f 462/462/462 444/444/444 460/460/460
f 435/435/435 444/444/444 462/462/462
f 463/463/463 435/435/435 462/462/462
f 463/463/463 462/462/462 461/461/461
f 437/437/437 435/435/435 463/463/463
f 437/437/437 463/463/463 464/464/464
f 464/464/464 463/463/463 461/461/461
f 439/439/439 437/437/437 464/464/464
f 439/439/439 464/464/464 465/465/465
f 465/465/465 464/464/464 461/461/461
f 439/439/439 465/465/465 441/441/441
f 466/466/466 458/458/458 457/457/457
f 459/459/459 458/458/458 466/466/466
f 465/465/465 467/467/467 441/441/441
f 467/467/467 468/468/468 441/441/441
f 468/468/468 467/467/467 469/469/469
f 465/465/465 461/461/461 470/470/470
f 467/467/467 465/465/465 471/471/471
f 465/465/465 470/470/470 471/471/471
f 467/467/467 472/472/472 469/469/469
f 467/467/467 471/471/471 473/473/473
f 472/472/472 467/467/467 473/473/473
f 472/472/472 474/474/474 469/469/469
f 469/469/469 474/474/474 475/475/475
f 474/474/474 476/476/476 475/475/475
f 476/476/476 477/477/477 475/475/475
f 476/476/476 478/478/478 477/477/477
f 476/476/476 479/479/479 478/478/478
f 478/478/478 479/479/479 480/480/480
f 474/474/474 472/472/472 481/481/481
f 476/476/476 474/474/474 481/481/481
f 482/482/482 481/481/481 472/472/472
f 482/482/482 472/472/472 473/473/473
f 483/483/483 482/482/482 473/473/473
f 484/484/484 476/476/476 481/481/481
f 481/481/481 482/482/482 484/484/484
f 476/476/476 484/484/484 479/479/479
f 482/482/482 485/485/485 484/484/484
f 482/482/482 483/483/483 485/485/485
f 479/479/479 484/484/484 485/485/485
f 479/479/479 486/486/486 480/480/480
f 480/480/480 486/486/486 487/487/487
f 486/486/486 488/488/488 487/487/487
f 487/487/487 488/488/488 489/489/489
f 490/490/490 486/486/486 479/479/479
f 488/488/488 486/486/486 490/490/490
f 483/483/483 473/473/473 491/491/491
f 473/473/473 471/471/471 491/491/491
f 471/471/471 492/492/492 491/491/491
f 471/471/471 470/470/470 492/492/492
f 493/493/493 479/479/479 485/485/485
f 493/493/493 490/490/490 479/479/479
f 493/493/493 485/485/485 494/494/494
f 495/495/495 490/490/490 493/493/493
f 494/494/494 495/495/495 493/493/493
f 496/496/496 488/488/488 490/490/490
f 496/496/496 490/490/490 495/495/495
f 483/483/483 497/497/497 485/485/485
f 494/494/494 485/485/485 497/497/497
f 491/491/491 492/492/492 498/498/498
f 483/483/483 491/491/491 498/498/498
f 470/470/470 499/499/499 492/492/492
f 470/470/470 461/461/461 499/499/499
f 500/500/500 497/497/497 483/483/483
f 494/494/494 497/497/497 500/500/500
f 501/501/501 488/488/488 496/496/496
f 488/488/488 501/501/501 489/489/489
f 492/492/492 502/502/502 498/498/498
f 492/492/492 499/499/499 502/502/502
f 461/461/461 503/503/503 499/499/499
f 503/503/503 461/461/461 459/459/459
f 499/499/499 503/503/503 504/504/504
f 499/499/499 504/504/504 502/502/502
f 505/505/505 503/503/503 459/459/459
f 503/503/503 505/505/505 504/504/504
f 501/501/501 506/506/506 489/489/489
f 506/506/506 507/507/507 489/489/489
f 508/508/508 505/505/505 459/459/459
f 508/508/508 459/459/459 466/466/466
f 506/506/506 509/509/509 507/507/507
f 509/509/509 510/510/510 507/507/507
f 509/509/509 511/511/511 510/510/510
f 511/511/511 512/512/512 510/510/510
f 509/509/509 506/506/506 513/513/513
f 509/509/509 513/513/513 511/511/511
f 506/506/506 501/501/501 514/514/514
f 506/506/506 514/514/514 513/513/513
f 511/511/511 515/515/515 512/512/512
f 512/512/512 515/515/515 516/516/516
f 516/516/516 515/515/515 517/517/517
f 501/501/501 518/518/518 514/514/514
f 518/518/518 501/501/501 496/496/496
f 515/515/515 519/519/519 517/517/517
f 519/519/519 405/405/405 517/517/517
f 519/519/519 520/520/520 405/405/405
f 520/520/520 403/403/403 405/405/405
f 519/519/519 515/515/515 521/521/521
f 520/520/520 519/519/519 521/521/521
f 515/515/515 522/522/522 521/521/521
f 522/522/522 515/515/515 511/511/511
f 521/521/521 523/523/523 520/520/520
f 523/523/523 521/521/521 522/522/522
f 403/403/403 520/520/520 524/524/524
f 520/520/520 523/523/523 524/524/524
f 523/523/523 525/525/525 524/524/524
f 526/526/526 523/523/523 522/522/522
f 522/522/522 511/511/511 526/526/526
f 525/525/525 523/523/523 526/526/526
f 527/527/527 403/403/403 524/524/524
f 406/406/406 403/403/403 527/527/527
f 511/511/511 528/528/528 526/526/526
f 526/526/526 528/528/528 529/529/529
f 513/513/513 528/528/528 511/511/511
f 513/513/513 530/530/530 528/528/528
f 530/530/530 529/529/529 528/528/528
f 513/513/513 514/514/514 530/530/530
f 514/514/514 531/531/531 530/530/530
f 514/514/514 518/518/518 531/531/531
f 524/524/524 525/525/525 532/532/532
f 527/527/527 524/524/524 532/532/532
f 533/533/533 406/406/406 527/527/527
f 413/413/413 406/406/406 533/533/533
f 534/534/534 527/527/527 532/532/532
f 533/533/533 527/527/527 534/534/534
f 413/413/413 533/533/533 535/535/535
f 535/535/535 533/533/533 534/534/534
f 534/534/534 532/532/532 536/536/536
f 532/532/532 525/525/525 536/536/536
f 529/529/529 530/530/530 537/537/537
f 530/530/530 531/531/531 537/537/537
f 538/538/538 413/413/413 535/535/535
f 413/413/413 538/538/538 424/424/424
f 535/535/535 534/534/534 539/539/539
f 539/539/539 534/534/534 536/536/536
f 538/538/538 535/535/535 540/540/540
f 540/540/540 535/535/535 539/539/539
f 538/538/538 541/541/541 424/424/424
f 541/541/541 538/538/538 540/540/540
f 541/541/541 542/542/542 424/424/424
f 424/424/424 542/542/542 454/454/454
f 543/543/543 541/541/541 540/540/540
f 544/544/544 542/542/542 541/541/541
f 543/543/543 544/544/544 541/541/541
f 545/545/545 540/540/540 539/539/539
f 545/545/545 543/543/543 540/540/540
f 546/546/546 454/454/454 542/542/542
f 544/544/544 546/546/546 542/542/542
f 547/547/547 544/544/544 543/543/543
f 548/548/548 543/543/543 545/545/545
f 548/548/548 547/547/547 543/543/543
f 549/549/549 546/546/546 544/544/544
f 547/547/547 549/549/549 544/544/544
f 550/550/550 545/545/545 539/539/539
f 551/551/551 548/548/548 545/545/545
f 551/551/551 545/545/545 550/550/550
f 552/552/552 550/550/550 539/539/539
f 536/536/536 552/552/552 539/539/539
f 546/546/546 553/553/553 454/454/454
f 549/549/549 554/554/554 546/546/546
f 554/554/554 553/553/553 546/546/546
f 553/553/553 555/555/555 454/454/454
f 454/454/454 555/555/555 448/448/448
f 556/556/556 549/549/549 547/547/547
f 557/557/557 547/547/547 548/548/548
f 557/557/557 556/556/556 547/547/547
f 558/558/558 548/548/548 551/551/551
f 558/558/558 557/557/557 548/548/548
f 559/559/559 554/554/554 549/549/549
f 556/556/556 559/559/559 549/549/549
f 554/554/554 560/560/560 553/553/553
f 553/553/553 561/561/561 555/555/555
f 560/560/560 561/561/561 553/553/553
f 559/559/559 562/562/562 554/554/554
f 562/562/562 560/560/560 554/554/554
f 563/563/563 556/556/556 557/557/557
f 564/564/564 559/559/559 556/556/556
f 563/563/563 564/564/564 556/556/556
f 564/564/564 565/565/565 559/559/559
f 565/565/565 562/562/562 559/559/559
f 566/566/566 557/557/557 558/558/558
f 566/566/566 563/563/563 557/557/557
f 563/563/563 567/567/567 564/564/564
f 564/564/564 567/567/567 565/565/565
f 568/568/568 563/563/563 566/566/566
f 568/568/568 567/567/567 563/563/563
f 560/560/560 562/562/562 569/569/569
f 561/561/561 560/560/560 570/570/570
f 560/560/560 569/569/569 570/570/570
f 562/562/562 565/565/565 571/571/571
f 562/562/562 571/571/571 569/569/569
f 572/572/572 566/566/566 558/558/558
f 573/573/573 568/568/568 566/566/566
f 573/573/573 566/566/566 572/572/572
f 572/572/572 558/558/558 574/574/574
f 574/574/574 558/558/558 551/551/551
f 574/574/574 551/551/551 575/575/575
f 575/575/575 551/551/551 550/550/550
f 576/576/576 575/575/575 550/550/550
f 552/552/552 576/576/576 550/550/550
f 577/577/577 574/574/574 575/575/575
f 578/578/578 572/572/572 574/574/574
f 578/578/578 574/574/574 577/577/577
f 576/576/576 579/579/579 575/575/575
f 579/579/579 577/577/577 575/575/575
f 580/580/580 576/576/576 552/552/552
f 581/581/581 579/579/579 576/576/576
f 580/580/580 581/581/581 576/576/576
f 582/582/582 580/580/580 552/552/552
f 582/582/582 552/552/552 536/536/536
f 583/583/583 582/582/582 536/536/536
f 525/525/525 583/583/583 536/536/536
f 579/579/579 584/584/584 577/577/577
f 585/585/585 578/578/578 577/577/577
f 584/584/584 585/585/585 577/577/577
f 581/581/581 586/586/586 579/579/579
f 586/586/586 584/584/584 579/579/579
f 587/587/587 581/581/581 580/580/580
f 588/588/588 580/580/580 582/582/582
f 588/588/588 587/587/587 580/580/580
f 589/589/589 582/582/582 583/583/583
f 589/589/589 588/588/588 582/582/582
f 525/525/525 590/590/590 583/583/583
f 590/590/590 589/589/589 583/583/583
f 591/591/591 586/586/586 581/581/581
f 587/587/587 591/591/591 581/581/581
f 592/592/592 590/590/590 525/525/525
f 592/592/592 525/525/525 526/526/526
f 526/526/526 529/529/529 592/592/592
f 592/592/592 529/529/529 590/590/590
f 584/584/584 586/586/586 593/593/593
f 586/586/586 591/591/591 594/594/594
f 593/593/593 586/586/586 594/594/594
f 595/595/595 584/584/584 593/593/593
f 585/585/585 584/584/584 595/595/595
f 596/596/596 585/585/585 595/595/595
f 585/585/585 596/596/596 578/578/578
f 596/596/596 597/597/597 578/578/578
f 578/578/578 597/597/597 572/572/572
f 598/598/598 572/572/572 597/597/597
f 598/598/598 573/573/573 572/572/572
f 590/590/590 529/529/529 599/599/599
f 599/599/599 600/600/600 590/590/590
f 600/600/600 589/589/589 590/590/590
f 529/529/529 601/601/601 599/599/599
f 537/537/537 601/601/601 529/529/529
f 600/600/600 602/602/602 589/589/589
f 602/602/602 588/588/588 589/589/589
f 602/602/602 603/603/603 588/588/588
f 603/603/603 587/587/587 588/588/588
f 603/603/603 604/604/604 587/587/587
f 604/604/604 591/591/591 587/587/587
f 591/591/591 604/604/604 605/605/605
f 594/594/594 591/591/591 605/605/605
f 569/569/569 602/602/602 600/600/600
f 570/570/570 569/569/569 600/600/600
f 570/570/570 600/600/600 599/599/599
f 569/569/569 571/571/571 602/602/602
f 571/571/571 603/603/603 602/602/602
f 571/571/571 606/606/606 603/603/603
f 606/606/606 604/604/604 603/603/603
f 565/565/565 606/606/606 571/571/571
f 607/607/607 570/570/570 599/599/599
f 561/561/561 570/570/570 607/607/607
f 604/604/604 606/606/606 608/608/608
f 605/605/605 604/604/604 608/608/608
f 606/606/606 565/565/565 609/609/609
f 608/608/608 606/606/606 609/609/609
f 567/567/567 609/609/609 565/565/565
f 567/567/567 610/610/610 609/609/609
f 567/567/567 568/568/568 610/610/610
f 608/608/608 609/609/609 611/611/611
f 610/610/610 611/611/611 609/609/609
f 605/605/605 608/608/608 612/612/612
f 612/612/612 608/608/608 611/611/611
f 613/613/613 611/611/611 610/610/610
f 611/611/611 613/613/613 612/612/612
f 614/614/614 610/610/610 568/568/568
f 614/614/614 613/613/613 610/610/610
f 615/615/615 605/605/605 612/612/612
f 594/594/594 605/605/605 615/615/615
f 613/613/613 616/616/616 612/612/612
f 612/612/612 616/616/616 615/615/615
f 617/617/617 594/594/594 615/615/615
f 593/593/593 594/594/594 617/617/617
f 618/618/618 614/614/614 568/568/568
f 618/618/618 568/568/568 573/573/573
f 619/619/619 613/613/613 614/614/614
f 613/613/613 619/619/619 616/616/616
f 620/620/620 619/619/619 614/614/614
f 620/620/620 614/614/614 618/618/618
f 619/619/619 621/621/621 616/616/616
f 622/622/622 620/620/620 618/618/618
f 616/616/616 623/623/623 615/615/615
f 616/616/616 621/621/621 623/623/623
f 615/615/615 623/623/623 617/617/617
f 621/621/621 624/624/624 623/623/623
f 625/625/625 618/618/618 573/573/573
f 622/622/622 618/618/618 625/625/625
f 626/626/626 622/622/622 625/625/625
f 625/625/625 573/573/573 598/598/598
f 623/623/623 624/624/624 627/627/627
f 623/623/623 627/627/627 617/617/617
f 624/624/624 628/628/628 627/627/627
f 626/626/626 625/625/625 629/629/629
f 629/629/629 625/625/625 598/598/598
f 630/630/630 626/626/626 629/629/629
f 617/617/617 627/627/627 631/631/631
f 631/631/631 593/593/593 617/617/617
f 595/595/595 593/593/593 631/631/631
f 627/627/627 628/628/628 632/632/632
f 627/627/627 632/632/632 631/631/631
f 628/628/628 633/633/633 632/632/632
f 634/634/634 595/595/595 631/631/631
f 631/631/631 632/632/632 634/634/634
f 596/596/596 595/595/595 634/634/634
f 632/632/632 633/633/633 635/635/635
f 632/632/632 635/635/635 634/634/634
f 633/633/633 636/636/636 635/635/635
f 637/637/637 596/596/596 634/634/634
f 634/634/634 635/635/635 637/637/637
f 596/596/596 637/637/637 597/597/597
f 635/635/635 636/636/636 638/638/638
f 635/635/635 638/638/638 637/637/637
f 636/636/636 639/639/639 638/638/638
f 639/639/639 640/640/640 638/638/638
f 640/640/640 641/641/641 638/638/638
f 638/638/638 641/641/641 637/637/637
f 640/640/640 630/630/630 641/641/641
f 630/630/630 629/629/629 641/641/641
f 637/637/637 642/642/642 597/597/597
f 641/641/641 642/642/642 637/637/637
f 641/641/641 629/629/629 642/642/642
f 642/642/642 598/598/598 597/597/597
f 629/629/629 598/598/598 642/642/642
f 643/643/643 599/599/599 601/601/601
f 607/607/607 599/599/599 643/643/643
f 643/643/643 601/601/601 644/644/644
f 601/601/601 645/645/645 644/644/644
f 601/601/601 537/537/537 645/645/645
f 537/537/537 646/646/646 645/645/645
f 531/531/531 646/646/646 537/537/537
f 531/531/531 647/647/647 646/646/646
f 518/518/518 647/647/647 531/531/531
f 646/646/646 648/648/648 645/645/645
f 647/647/647 648/648/648 646/646/646
f 647/647/647 518/518/518 649/649/649
f 518/518/518 496/496/496 649/649/649
f 649/649/649 496/496/496 495/495/495
f 647/647/647 649/649/649 650/650/650
f 648/648/648 647/647/647 650/650/650
f 649/649/649 495/495/495 651/651/651
f 650/650/650 649/649/649 651/651/651
f 495/495/495 494/494/494 651/651/651
f 648/648/648 650/650/650 652/652/652
f 650/650/650 651/651/651 652/652/652
f 648/648/648 653/653/653 645/645/645
f 653/653/653 648/648/648 652/652/652
f 645/645/645 653/653/653 654/654/654
f 653/653/653 652/652/652 654/654/654
f 644/644/644 645/645/645 654/654/654
f 655/655/655 651/651/651 494/494/494
f 651/651/651 655/655/655 652/652/652
f 652/652/652 656/656/656 654/654/654
f 652/652/652 655/655/655 656/656/656
f 644/644/644 654/654/654 657/657/657
f 654/654/654 656/656/656 657/657/657
f 655/655/655 494/494/494 658/658/658
f 494/494/494 500/500/500 658/658/658
f 655/655/655 659/659/659 656/656/656
f 658/658/658 659/659/659 655/655/655
f 660/660/660 644/644/644 657/657/657
f 660/660/660 657/657/657 661/661/661
f 643/643/643 644/644/644 660/660/660
f 656/656/656 662/662/662 657/657/657
f 656/656/656 659/659/659 662/662/662
f 657/657/657 662/662/662 661/661/661
f 663/663/663 643/643/643 660/660/660
f 663/663/663 607/607/607 643/643/643
f 664/664/664 660/660/660 661/661/661
f 663/663/663 660/660/660 664/664/664
f 665/665/665 607/607/607 663/663/663
f 665/665/665 561/561/561 607/607/607
f 561/561/561 665/665/665 555/555/555
f 666/666/666 665/665/665 663/663/663
f 666/666/666 663/663/663 664/664/664
f 555/555/555 665/665/665 667/667/667
f 665/665/665 666/666/666 667/667/667
f 667/667/667 666/666/666 664/664/664
f 555/555/555 667/667/667 448/448/448
f 668/668/668 667/667/667 664/664/664
f 448/448/448 667/667/667 668/668/668
f 668/668/668 664/664/664 661/661/661
f 669/669/669 448/448/448 668/668/668
f 448/448/448 669/669/669 449/449/449
f 669/669/669 668/668/668 670/670/670
f 670/670/670 668/668/668 661/661/661
f 449/449/449 669/669/669 671/671/671
f 671/671/671 669/669/669 670/670/670
f 672/672/672 449/449/449 671/671/671
f 672/672/672 450/450/450 449/449/449
f 450/450/450 672/672/672 455/455/455
f 455/455/455 672/672/672 671/671/671
f 673/673/673 455/455/455 671/671/671
f 673/673/673 671/671/671 670/670/670
f 673/673/673 457/457/457 455/455/455
f 674/674/674 673/673/673 670/670/670
f 674/674/674 670/670/670 661/661/661
f 457/457/457 673/673/673 674/674/674
f 675/675/675 674/674/674 661/661/661
f 662/662/662 675/675/675 661/661/661
f 676/676/676 457/457/457 674/674/674
f 676/676/676 674/674/674 675/675/675
f 662/662/662 677/677/677 675/675/675
f 659/659/659 677/677/677 662/662/662
f 676/676/676 678/678/678 457/457/457
f 678/678/678 466/466/466 457/457/457
f 679/679/679 676/676/676 675/675/675
f 677/677/677 679/679/679 675/675/675
f 679/679/679 680/680/680 676/676/676
f 680/680/680 679/679/679 677/677/677
f 680/680/680 678/678/678 676/676/676
f 681/681/681 677/677/677 659/659/659
f 681/681/681 680/680/680 677/677/677
f 658/658/658 681/681/681 659/659/659
f 680/680/680 682/682/682 678/678/678
f 682/682/682 680/680/680 681/681/681
f 678/678/678 683/683/683 466/466/466
f 682/682/682 683/683/683 678/678/678
f 684/684/684 681/681/681 658/658/658
f 684/684/684 682/682/682 681/681/681
f 683/683/683 685/685/685 466/466/466
f 466/466/466 685/685/685 508/508/508
f 682/682/682 686/686/686 683/683/683
f 686/686/686 682/682/682 684/684/684
f 687/687/687 684/684/684 658/658/658
f 687/687/687 658/658/658 500/500/500
f 685/685/685 688/688/688 508/508/508
f 508/508/508 688/688/688 505/505/505
f 683/683/683 689/689/689 685/685/685
f 686/686/686 689/689/689 683/683/683
f 690/690/690 686/686/686 684/684/684
f 690/690/690 684/684/684 687/687/687
f 688/688/688 691/691/691 505/505/505
f 505/505/505 691/691/691 504/504/504
f 685/685/685 692/692/692 688/688/688
f 689/689/689 692/692/692 685/685/685
f 686/686/686 693/693/693 689/689/689
f 693/693/693 686/686/686 690/690/690
f 691/691/691 694/694/694 504/504/504
f 504/504/504 694/694/694 502/502/502
f 688/688/688 695/695/695 691/691/691
f 692/692/692 695/695/695 688/688/688
f 689/689/689 696/696/696 692/692/692
f 693/693/693 696/696/696 689/689/689
f 691/691/691 697/697/697 694/694/694
f 695/695/695 697/697/697 691/691/691
f 692/692/692 698/698/698 695/695/695
f 696/696/696 698/698/698 692/692/692
f 695/695/695 699/699/699 697/697/697
f 698/698/698 699/699/699 695/695/695
f 700/700/700 693/693/693 690/690/690
f 693/693/693 701/701/701 696/696/696
f 701/701/701 693/693/693 700/700/700
f 696/696/696 702/702/702 698/698/698
f 701/701/701 702/702/702 696/696/696
f 702/702/702 703/703/703 698/698/698
f 698/698/698 703/703/703 699/699/699
f 700/700/700 690/690/690 704/704/704
f 704/704/704 690/690/690 687/687/687
f 705/705/705 702/702/702 701/701/701
f 705/705/705 703/703/703 702/702/702
f 704/704/704 687/687/687 706/706/706
f 706/706/706 687/687/687 500/500/500
f 706/706/706 500/500/500 707/707/707
f 500/500/500 483/483/483 707/707/707
f 707/707/707 483/483/483 498/498/498
f 708/708/708 706/706/706 707/707/707
f 708/708/708 707/707/707 498/498/498
f 709/709/709 704/704/704 706/706/706
f 709/709/709 706/706/706 708/708/708
f 710/710/710 700/700/700 704/704/704
f 710/710/710 704/704/704 709/709/709
f 711/711/711 701/701/701 700/700/700
f 711/711/711 700/700/700 710/710/710
f 712/712/712 708/708/708 498/498/498
f 712/712/712 498/498/498 502/502/502
f 713/713/713 709/709/709 708/708/708
f 713/713/713 708/708/708 712/712/712
f 714/714/714 710/710/710 709/709/709
f 714/714/714 709/709/709 713/713/713
f 715/715/715 712/712/712 502/502/502
f 694/694/694 715/715/715 502/502/502
f 716/716/716 713/713/713 712/712/712
f 716/716/716 712/712/712 715/715/715
f 694/694/694 717/717/717 715/715/715
f 697/697/697 717/717/717 694/694/694
f 701/701/701 711/711/711 718/718/718
f 718/718/718 705/705/705 701/701/701
f 719/719/719 711/711/711 710/710/710
f 719/719/719 710/710/710 714/714/714
f 720/720/720 714/714/714 713/713/713
f 720/720/720 713/713/713 716/716/716
f 721/721/721 716/716/716 715/715/715
f 717/717/717 721/721/721 715/715/715
f 697/697/697 722/722/722 717/717/717
f 699/699/699 722/722/722 697/697/697
f 711/711/711 723/723/723 718/718/718
f 711/711/711 719/719/719 723/723/723
f 724/724/724 719/719/719 714/714/714
f 724/724/724 714/714/714 720/720/720
f 725/725/725 720/720/720 716/716/716
f 725/725/725 716/716/716 721/721/721
f 717/717/717 726/726/726 721/721/721
f 722/722/722 726/726/726 717/717/717
f 699/699/699 727/727/727 722/722/722
f 703/703/703 727/727/727 699/699/699
f 719/719/719 728/728/728 723/723/723
f 719/719/719 724/724/724 728/728/728
f 729/729/729 724/724/724 720/720/720
f 729/729/729 720/720/720 725/725/725
f 730/730/730 725/725/725 721/721/721
f 726/726/726 730/730/730 721/721/721
f 722/722/722 731/731/731 726/726/726
f 727/727/727 731/731/731 722/722/722
f 703/703/703 732/732/732 727/727/727
f 705/705/705 732/732/732 703/703/703
f 724/724/724 733/733/733 728/728/728
f 724/724/724 729/729/729 733/733/733
f 734/734/734 729/729/729 725/725/725
f 734/734/734 725/725/725 730/730/730
f 726/726/726 735/735/735 730/730/730
f 731/731/731 735/735/735 726/726/726
f 732/732/732 736/736/736 727/727/727
f 727/727/727 736/736/736 731/731/731
f 732/732/732 705/705/705 737/737/737
f 737/737/737 705/705/705 718/718/718
f 729/729/729 738/738/738 733/733/733
f 729/729/729 734/734/734 738/738/738
f 739/739/739 734/734/734 730/730/730
f 735/735/735 739/739/739 730/730/730
f 734/734/734 739/739/739 740/740/740
f 734/734/734 740/740/740 738/738/738
f 741/741/741 739/739/739 735/735/735
f 739/739/739 741/741/741 740/740/740
f 742/742/742 735/735/735 731/731/731
f 742/742/742 741/741/741 735/735/735
f 743/743/743 737/737/737 718/718/718
f 718/718/718 723/723/723 743/743/743
f 723/723/723 744/744/744 743/743/743
f 723/723/723 728/728/728 744/744/744
f 743/743/743 745/745/745 737/737/737
f 745/745/745 743/743/743 744/744/744
f 728/728/728 746/746/746 744/744/744
f 728/728/728 733/733/733 746/746/746
f 731/731/731 747/747/747 742/742/742
f 736/736/736 747/747/747 731/731/731
f 745/745/745 748/748/748 737/737/737
f 737/737/737 748/748/748 732/732/732
f 749/749/749 745/745/745 744/744/744
f 749/749/749 744/744/744 746/746/746
f 733/733/733 750/750/750 746/746/746
f 733/733/733 738/738/738 750/750/750
f 732/732/732 751/751/751 736/736/736
f 748/748/748 751/751/751 732/732/732
f 745/745/745 752/752/752 748/748/748
f 752/752/752 745/745/745 749/749/749
f 752/752/752 753/753/753 748/748/748
f 748/748/748 753/753/753 751/751/751
f 754/754/754 752/752/752 749/749/749
f 753/753/753 755/755/755 751/751/751
f 756/756/756 749/749/749 746/746/746
f 754/754/754 749/749/749 756/756/756
f 756/756/756 746/746/746 750/750/750
f 757/757/757 754/754/754 756/756/756
f 751/751/751 758/758/758 736/736/736
f 751/751/751 755/755/755 758/758/758
f 755/755/755 759/759/759 758/758/758
f 736/736/736 758/758/758 747/747/747
f 757/757/757 756/756/756 760/760/760
f 760/760/760 756/756/756 750/750/750
f 761/761/761 757/757/757 760/760/760
f 758/758/758 759/759/759 762/762/762
f 758/758/758 762/762/762 747/747/747
f 759/759/759 763/763/763 762/762/762
f 760/760/760 750/750/750 764/764/764
f 738/738/738 764/764/764 750/750/750
f 738/738/738 740/740/740 764/764/764
f 761/761/761 760/760/760 765/765/765
f 765/765/765 760/760/760 764/764/764
f 766/766/766 761/761/761 765/765/765
f 740/740/740 767/767/767 764/764/764
f 765/765/765 764/764/764 767/767/767
f 740/740/740 741/741/741 767/767/767
f 766/766/766 765/765/765 768/768/768
f 768/768/768 765/765/765 767/767/767
f 769/769/769 766/766/766 768/768/768
f 741/741/741 770/770/770 767/767/767
f 768/768/768 767/767/767 770/770/770
f 770/770/770 741/741/741 742/742/742
f 769/769/769 768/768/768 771/771/771
f 771/771/771 768/768/768 770/770/770
f 772/772/772 769/769/769 771/771/771
f 773/773/773 772/772/772 771/771/771
f 774/774/774 773/773/773 771/771/771
f 774/774/774 771/771/771 770/770/770
f 763/763/763 773/773/773 774/774/774
f 762/762/762 763/763/763 774/774/774
f 775/775/775 770/770/770 742/742/742
f 775/775/775 774/774/774 770/770/770
f 762/762/762 774/774/774 775/775/775
f 747/747/747 775/775/775 742/742/742
f 747/747/747 762/762/762 775/775/775
f 778/778/778 777/777/777 776/776/776
f 777/777/777 778/778/778 779/779/779
f 780/780/780 778/778/778 776/776/776
f 781/781/781 778/778/778 780/780/780
f 780/780/780 776/776/776 782/782/782
f 778/778/778 783/783/783 779/779/779
f 778/778/778 781/781/781 783/783/783
f 779/779/779 783/783/783 784/784/784
f 785/785/785 780/780/780 782/782/782
f 785/785/785 782/782/782 786/786/786
f 783/783/783 787/787/787 784/784/784
f 784/784/784 787/787/787 788/788/788
f 781/781/781 789/789/789 783/783/783
f 783/783/783 789/789/789 787/787/787
f 787/787/787 790/790/790 788/788/788
f 788/788/788 790/790/790 791/791/791
f 792/792/792 781/781/781 780/780/780
f 792/792/792 780/780/780 785/785/785
f 793/793/793 785/785/785 786/786/786
f 793/793/793 786/786/786 794/794/794
f 789/789/789 795/795/795 787/787/787
f 787/787/787 795/795/795 790/790/790
f 790/790/790 796/796/796 791/791/791
f 791/791/791 796/796/796 797/797/797
f 798/798/798 792/792/792 785/785/785
f 798/798/798 785/785/785 793/793/793
f 799/799/799 793/793/793 794/794/794
f 799/799/799 794/794/794 800/800/800
f 795/795/795 801/801/801 790/790/790
f 790/790/790 801/801/801 796/796/796
f 796/796/796 802/802/802 797/797/797
f 797/797/797 802/802/802 803/803/803
f 804/804/804 800/800/800 803/803/803
f 804/804/804 799/799/799 800/800/800
f 805/805/805 793/793/793 799/799/799
f 805/805/805 798/798/798 793/793/793
f 801/801/801 806/806/806 796/796/796
f 796/796/796 806/806/806 802/802/802
f 807/807/807 801/801/801 795/795/795
f 801/801/801 807/807/807 806/806/806
f 802/802/802 808/808/808 803/803/803
f 808/808/808 804/804/804 803/803/803
f 809/809/809 799/799/799 804/804/804
f 809/809/809 805/805/805 799/799/799
f 805/805/805 810/810/810 798/798/798
f 810/810/810 805/805/805 809/809/809
f 806/806/806 811/811/811 802/802/802
f 802/802/802 811/811/811 808/808/808
f 812/812/812 804/804/804 808/808/808
f 812/812/812 809/809/809 804/804/804
f 813/813/813 807/807/807 795/795/795
f 813/813/813 795/795/795 789/789/789
f 807/807/807 814/814/814 806/806/806
f 806/806/806 814/814/814 811/811/811
f 811/811/811 815/815/815 808/808/808
f 815/815/815 812/812/812 808/808/808
f 816/816/816 809/809/809 812/812/812
f 816/816/816 810/810/810 809/809/809
f 817/817/817 813/813/813 789/789/789
f 817/817/817 789/789/789 781/781/781
f 818/818/818 807/807/807 813/813/813
f 807/807/807 818/818/818 814/814/814
f 814/814/814 819/819/819 811/811/811
f 811/811/811 819/819/819 815/815/815
f 820/820/820 812/812/812 815/815/815
f 820/820/820 816/816/816 812/812/812
f 821/821/821 813/813/813 817/817/817
f 821/821/821 818/818/818 813/813/813
f 818/818/818 822/822/822 814/814/814
f 814/814/814 822/822/822 819/819/819
f 819/819/819 823/823/823 815/815/815
f 823/823/823 820/820/820 815/815/815
f 819/819/819 824/824/824 823/823/823
f 822/822/822 824/824/824 819/819/819
f 822/822/822 825/825/825 824/824/824
f 818/818/818 826/826/826 822/822/822
f 826/826/826 818/818/818 821/821/821
f 826/826/826 825/825/825 822/822/822
f 827/827/827 826/826/826 821/821/821
f 828/828/828 821/821/821 817/817/817
f 827/827/827 821/821/821 828/828/828
f 824/824/824 829/829/829 823/823/823
f 829/829/829 820/820/820 823/823/823
f 825/825/825 830/830/830 824/824/824
f 824/824/824 830/830/830 829/829/829
f 826/826/826 831/831/831 825/825/825
f 831/831/831 826/826/826 827/827/827
f 828/828/828 817/817/817 832/832/832
f 832/832/832 817/817/817 781/781/781
f 833/833/833 832/832/832 781/781/781
f 792/792/792 833/833/833 781/781/781
f 834/834/834 828/828/828 832/832/832
f 833/833/833 834/834/834 832/832/832
f 835/835/835 833/833/833 792/792/792
f 798/798/798 835/835/835 792/792/792
f 810/810/810 835/835/835 798/798/798
f 836/836/836 827/827/827 828/828/828
f 836/836/836 828/828/828 834/834/834
f 837/837/837 834/834/834 833/833/833
f 837/837/837 833/833/833 835/835/835
f 810/810/810 838/838/838 835/835/835
f 838/838/838 810/810/810 816/816/816
f 839/839/839 836/836/836 834/834/834
f 834/834/834 837/837/837 839/839/839
f 840/840/840 837/837/837 835/835/835
f 838/838/838 840/840/840 835/835/835
f 841/841/841 838/838/838 816/816/816
f 841/841/841 816/816/816 820/820/820
f 838/838/838 842/842/842 840/840/840
f 842/842/842 838/838/838 841/841/841
f 840/840/840 843/843/843 837/837/837
f 842/842/842 843/843/843 840/840/840
f 844/844/844 841/841/841 820/820/820
f 844/844/844 820/820/820 829/829/829
f 845/845/845 842/842/842 841/841/841
f 845/845/845 841/841/841 844/844/844
f 846/846/846 844/844/844 829/829/829
f 830/830/830 846/846/846 829/829/829
f 837/837/837 847/847/847 839/839/839
f 843/843/843 847/847/847 837/837/837
f 842/842/842 848/848/848 843/843/843
f 848/848/848 842/842/842 845/845/845
f 849/849/849 845/845/845 844/844/844
f 849/849/849 844/844/844 846/846/846
f 843/843/843 850/850/850 847/847/847
f 848/848/848 850/850/850 843/843/843
f 851/851/851 848/848/848 845/845/845
f 851/851/851 845/845/845 849/849/849
f 848/848/848 852/852/852 850/850/850
f 852/852/852 848/848/848 851/851/851
f 830/830/830 853/853/853 846/846/846
f 854/854/854 849/849/849 846/846/846
f 853/853/853 854/854/854 846/846/846
f 855/855/855 851/851/851 849/849/849
f 855/855/855 849/849/849 854/854/854
f 856/856/856 853/853/853 830/830/830
f 825/825/825 856/856/856 830/830/830
f 853/853/853 857/857/857 854/854/854
f 853/853/853 856/856/856 857/857/857
f 858/858/858 852/852/852 851/851/851
f 858/858/858 851/851/851 855/855/855
f 859/859/859 855/855/855 854/854/854
f 857/857/857 859/859/859 854/854/854
f 860/860/860 858/858/858 855/855/855
f 860/860/860 855/855/855 859/859/859
f 861/861/861 852/852/852 858/858/858
f 860/860/860 861/861/861 858/858/858
f 862/862/862 856/856/856 825/825/825
f 856/856/856 863/863/863 857/857/857
f 856/856/856 862/862/862 863/863/863
f 864/864/864 862/862/862 825/825/825
f 831/831/831 864/864/864 825/825/825
f 857/857/857 865/865/865 859/859/859
f 866/866/866 860/860/860 859/859/859
f 865/865/865 866/866/866 859/859/859
f 866/866/866 867/867/867 860/860/860
f 867/867/867 861/861/861 860/860/860
f 863/863/863 868/868/868 857/857/857
f 868/868/868 865/865/865 857/857/857
f 865/865/865 869/869/869 866/866/866
f 869/869/869 867/867/867 866/866/866
f 868/868/868 870/870/870 865/865/865
f 870/870/870 869/869/869 865/865/865
f 871/871/871 868/868/868 863/863/863
f 868/868/868 871/871/871 870/870/870
f 862/862/862 872/872/872 863/863/863
f 872/872/872 871/871/871 863/863/863
f 831/831/831 873/873/873 864/864/864
f 864/864/864 874/874/874 862/862/862
f 873/873/873 874/874/874 864/864/864
f 862/862/862 875/875/875 872/872/872
f 874/874/874 875/875/875 862/862/862
f 873/873/873 831/831/831 876/876/876
f 876/876/876 831/831/831 827/827/827
f 867/867/867 869/869/869 877/877/877
f 869/869/869 870/870/870 878/878/878
f 877/877/877 869/869/869 878/878/878
f 871/871/871 879/879/879 870/870/870
f 870/870/870 879/879/879 878/878/878
f 880/880/880 871/871/871 872/872/872
f 871/871/871 880/880/880 879/879/879
f 875/875/875 881/881/881 872/872/872
f 881/881/881 880/880/880 872/872/872
f 882/882/882 867/867/867 877/877/877
f 861/861/861 867/867/867 882/882/882
f 883/883/883 861/861/861 882/882/882
f 852/852/852 861/861/861 883/883/883
f 882/882/882 877/877/877 884/884/884
f 883/883/883 882/882/882 884/884/884
f 885/885/885 852/852/852 883/883/883
f 852/852/852 885/885/885 850/850/850
f 885/885/885 883/883/883 886/886/886
f 850/850/850 885/885/885 886/886/886
f 886/886/886 883/883/883 884/884/884
f 850/850/850 886/886/886 847/847/847
f 847/847/847 886/886/886 887/887/887
f 886/886/886 884/884/884 887/887/887
f 847/847/847 887/887/887 839/839/839
f 877/877/877 888/888/888 884/884/884
f 884/884/884 888/888/888 887/887/887
f 877/877/877 878/878/878 888/888/888
f 887/887/887 889/889/889 839/839/839
f 888/888/888 889/889/889 887/887/887
f 889/889/889 836/836/836 839/839/839
f 889/889/889 890/890/890 836/836/836
f 890/890/890 889/889/889 888/888/888
f 890/890/890 827/827/827 836/836/836
f 878/878/878 891/891/891 888/888/888
f 891/891/891 890/890/890 888/888/888
f 890/890/890 892/892/892 827/827/827
f 892/892/892 890/890/890 891/891/891
f 892/892/892 876/876/876 827/827/827
f 878/878/878 893/893/893 891/891/891
f 879/879/879 893/893/893 878/878/878
f 894/894/894 876/876/876 892/892/892
f 894/894/894 873/873/873 876/876/876
f 895/895/895 892/892/892 891/891/891
f 893/893/893 895/895/895 891/891/891
f 879/879/879 896/896/896 893/893/893
f 880/880/880 896/896/896 879/879/879
f 897/897/897 873/873/873 894/894/894
f 873/873/873 897/897/897 874/874/874
f 898/898/898 894/894/894 892/892/892
f 898/898/898 892/892/892 895/895/895
f 893/893/893 899/899/899 895/895/895
f 896/896/896 899/899/899 893/893/893
f 880/880/880 900/900/900 896/896/896
f 900/900/900 880/880/880 881/881/881
f 897/897/897 901/901/901 874/874/874
f 874/874/874 901/901/901 875/875/875
f 902/902/902 897/897/897 894/894/894
f 902/902/902 894/894/894 898/898/898
f 903/903/903 898/898/898 895/895/895
f 899/899/899 903/903/903 895/895/895
f 896/896/896 904/904/904 899/899/899
f 900/900/900 904/904/904 896/896/896
f 875/875/875 905/905/905 881/881/881
f 901/901/901 905/905/905 875/875/875
f 897/897/897 906/906/906 901/901/901
f 906/906/906 897/897/897 902/902/902
f 907/907/907 902/902/902 898/898/898
f 907/907/907 898/898/898 903/903/903
f 899/899/899 908/908/908 903/903/903
f 904/904/904 908/908/908 899/899/899
f 909/909/909 900/900/900 881/881/881
f 905/905/905 909/909/909 881/881/881
f 901/901/901 910/910/910 905/905/905
f 906/906/906 910/910/910 901/901/901
f 911/911/911 906/906/906 902/902/902
f 911/911/911 902/902/902 907/907/907
f 912/912/912 907/907/907 903/903/903
f 908/908/908 912/912/912 903/903/903
f 900/900/900 913/913/913 904/904/904
f 900/900/900 909/909/909 913/913/913
f 910/910/910 914/914/914 905/905/905
f 905/905/905 914/914/914 909/909/909
f 906/906/906 915/915/915 910/910/910
f 915/915/915 906/906/906 911/911/911
f 915/915/915 914/914/914 910/910/910
f 916/916/916 911/911/911 907/907/907
f 916/916/916 915/915/915 911/911/911
f 916/916/916 907/907/907 912/912/912
f 904/904/904 917/917/917 908/908/908
f 913/913/913 917/917/917 904/904/904
f 909/909/909 918/918/918 913/913/913
f 914/914/914 918/918/918 909/909/909
f 917/917/917 913/913/913 918/918/918
f 915/915/915 919/919/919 914/914/914
f 919/919/919 918/918/918 914/914/914
f 919/919/919 915/915/915 916/916/916
f 919/919/919 917/917/917 918/918/918
f 920/920/920 919/919/919 916/916/916
f 920/920/920 916/916/916 912/912/912
f 917/917/917 919/919/919 920/920/920
f 912/912/912 908/908/908 921/921/921
f 920/920/920 912/912/912 921/921/921
f 921/921/921 917/917/917 920/920/920
f 917/917/917 921/921/921 908/908/908
f 924/924/924 923/923/923 922/922/922
f 923/923/923 924/924/924 925/925/925
f 926/926/926 924/924/924 922/922/922
f 924/924/924 927/927/927 925/925/925
f 926/926/926 922/922/922 928/928/928
f 925/925/925 927/927/927 929/929/929
f 930/930/930 926/926/926 928/928/928
f 927/927/927 931/931/931 929/929/929
f 930/930/930 928/928/928 932/932/932
f 929/929/929 931/931/931 933/933/933
f 934/934/934 930/930/930 932/932/932
f 931/931/931 935/935/935 933/933/933
f 934/934/934 932/932/932 936/936/936
f 933/933/933 935/935/935 937/937/937
f 938/938/938 934/934/934 936/936/936
f 935/935/935 939/939/939 937/937/937
f 938/938/938 936/936/936 940/940/940
f 937/937/937 939/939/939 941/941/941
f 942/942/942 938/938/938 940/940/940
f 939/939/939 943/943/943 941/941/941
f 942/942/942 940/940/940 944/944/944
f 941/941/941 943/943/943 945/945/945
f 946/946/946 942/942/942 944/944/944
f 943/943/943 947/947/947 945/945/945
f 946/946/946 944/944/944 948/948/948
f 949/949/949 946/946/946 948/948/948
f 950/950/950 949/949/949 948/948/948
f 951/951/951 950/950/950 948/948/948
f 952/952/952 950/950/950 951/951/951
f 953/953/953 952/952/952 951/951/951
f 954/954/954 952/952/952 953/953/953
f 955/955/955 954/954/954 953/953/953
f 956/956/956 954/954/954 955/955/955
f 957/957/957 956/956/956 955/955/955
f 958/958/958 956/956/956 957/957/957
f 959/959/959 958/958/958 957/957/957
f 960/960/960 958/958/958 959/959/959
f 961/961/961 960/960/960 959/959/959
f 962/962/962 960/960/960 961/961/961
f 963/963/963 962/962/962 961/961/961
f 962/962/962 963/963/963 964/964/964
f 965/965/965 962/962/962 964/964/964
f 965/965/965 964/964/964 966/966/966
f 967/967/967 965/965/965 966/966/966
f 967/967/967 966/966/966 968/968/968
f 969/969/969 967/967/967 968/968/968
f 969/969/969 968/968/968 970/970/970
f 971/971/971 969/969/969 970/970/970
f 971/971/971 970/970/970 972/972/972
f 973/973/973 971/971/971 972/972/972
f 973/973/973 972/972/972 974/974/974
f 975/975/975 973/973/973 974/974/974
f 975/975/975 974/974/974 976/976/976
f 977/977/977 975/975/975 976/976/976
f 947/947/947 977/977/977 976/976/976
f 945/945/945 947/947/947 976/976/976
f 980/980/980 979/979/979 978/978/978
f 979/979/979 980/980/980 981/981/981
f 979/979/979 982/982/982 978/978/978
f 979/979/979 983/983/983 982/982/982
f 978/978/978 982/982/982 984/984/984
f 985/985/985 979/979/979 981/981/981
f 983/983/983 979/979/979 985/985/985
f 985/985/985 981/981/981 986/986/986
f 982/982/982 987/987/987 984/984/984
f 984/984/984 987/987/987 988/988/988
f 989/989/989 985/985/985 986/986/986
f 989/989/989 986/986/986 990/990/990
f 991/991/991 983/983/983 985/985/985
f 991/991/991 985/985/985 989/989/989
f 992/992/992 989/989/989 990/990/990
f 992/992/992 990/990/990 993/993/993
f 983/983/983 994/994/994 982/982/982
f 982/982/982 994/994/994 987/987/987
f 987/987/987 995/995/995 988/988/988
f 988/988/988 995/995/995 996/996/996
f 997/997/997 991/991/991 989/989/989
f 997/997/997 989/989/989 992/992/992
f 998/998/998 992/992/992 993/993/993
f 998/998/998 993/993/993 999/999/999
f 994/994/994 1000/1000/1000 987/987/987
f 987/987/987 1000/1000/1000 995/995/995
f 995/995/995 1001/1001/1001 996/996/996
f 996/996/996 1001/1001/1001 1002/1002/1002
f 1003/1003/1003 997/997/997 992/992/992
f 1003/1003/1003 992/992/992 998/998/998
f 1004/1004/1004 998/998/998 999/999/999
f 1004/1004/1004 999/999/999 1005/1005/1005
f 1002/1002/1002 1006/1006/1006 1005/1005/1005
f 1001/1001/1001 1006/1006/1006 1002/1002/1002
f 995/995/995 1007/1007/1007 1001/1001/1001
f 1000/1000/1000 1007/1007/1007 995/995/995
f 1008/1008/1008 1003/1003/1003 998/998/998
f 1008/1008/1008 998/998/998 1004/1004/1004
f 1003/1003/1003 1009/1009/1009 997/997/997
f 1009/1009/1009 1003/1003/1003 1008/1008/1008
f 1010/1010/1010 1004/1004/1004 1005/1005/1005
f 1006/1006/1006 1010/1010/1010 1005/1005/1005
f 1001/1001/1001 1011/1011/1011 1006/1006/1006
f 1007/1007/1007 1011/1011/1011 1001/1001/1001
f 1012/1012/1012 1007/1007/1007 1000/1000/1000
f 1007/1007/1007 1012/1012/1012 1011/1011/1011
f 1013/1013/1013 1008/1008/1008 1004/1004/1004
f 1013/1013/1013 1004/1004/1004 1010/1010/1010
f 1006/1006/1006 1014/1014/1014 1010/1010/1010
f 1011/1011/1011 1014/1014/1014 1006/1006/1006
f 1009/1009/1009 1015/1015/1015 997/997/997
f 997/997/997 1015/1015/1015 991/991/991
f 1016/1016/1016 1009/1009/1009 1008/1008/1008
f 1016/1016/1016 1008/1008/1008 1013/1013/1013
f 1017/1017/1017 1013/1013/1013 1010/1010/1010
f 1014/1014/1014 1017/1017/1017 1010/1010/1010
f 1011/1011/1011 1018/1018/1018 1014/1014/1014
f 1012/1012/1012 1018/1018/1018 1011/1011/1011
f 1015/1015/1015 1019/1019/1019 991/991/991
f 991/991/991 1019/1019/1019 983/983/983
f 1009/1009/1009 1020/1020/1020 1015/1015/1015
f 1020/1020/1020 1009/1009/1009 1016/1016/1016
f 1021/1021/1021 1016/1016/1016 1013/1013/1013
f 1021/1021/1021 1013/1013/1013 1017/1017/1017
f 1014/1014/1014 1022/1022/1022 1017/1017/1017
f 1018/1018/1018 1022/1022/1022 1014/1014/1014
f 1015/1015/1015 1023/1023/1023 1019/1019/1019
f 1020/1020/1020 1023/1023/1023 1015/1015/1015
f 1024/1024/1024 1020/1020/1020 1016/1016/1016
f 1024/1024/1024 1016/1016/1016 1021/1021/1021
f 1025/1025/1025 1021/1021/1021 1017/1017/1017
f 1022/1022/1022 1025/1025/1025 1017/1017/1017
f 1026/1026/1026 1021/1021/1021 1025/1025/1025
f 1026/1026/1026 1024/1024/1024 1021/1021/1021
f 1027/1027/1027 1024/1024/1024 1026/1026/1026
f 1028/1028/1028 1020/1020/1020 1024/1024/1024
f 1020/1020/1020 1028/1028/1028 1023/1023/1023
f 1027/1027/1027 1028/1028/1028 1024/1024/1024
f 1028/1028/1028 1029/1029/1029 1023/1023/1023
f 1023/1023/1023 1030/1030/1030 1019/1019/1019
f 1023/1023/1023 1029/1029/1029 1030/1030/1030
f 1031/1031/1031 1026/1026/1026 1025/1025/1025
f 1022/1022/1022 1031/1031/1031 1025/1025/1025
f 1032/1032/1032 1027/1027/1027 1026/1026/1026
f 1032/1032/1032 1026/1026/1026 1031/1031/1031
f 1033/1033/1033 1028/1028/1028 1027/1027/1027
f 1028/1028/1028 1033/1033/1033 1029/1029/1029
f 1019/1019/1019 1030/1030/1030 1034/1034/1034
f 1019/1019/1019 1034/1034/1034 983/983/983
f 1034/1034/1034 1035/1035/1035 983/983/983
f 1035/1035/1035 994/994/994 983/983/983
f 1030/1030/1030 1036/1036/1036 1034/1034/1034
f 1036/1036/1036 1035/1035/1035 1034/1034/1034
f 1035/1035/1035 1037/1037/1037 994/994/994
f 1037/1037/1037 1000/1000/1000 994/994/994
f 1037/1037/1037 1012/1012/1012 1000/1000/1000
f 1029/1029/1029 1038/1038/1038 1030/1030/1030
f 1030/1030/1030 1038/1038/1038 1036/1036/1036
f 1036/1036/1036 1039/1039/1039 1035/1035/1035
f 1035/1035/1035 1039/1039/1039 1037/1037/1037
f 1040/1040/1040 1012/1012/1012 1037/1037/1037
f 1012/1012/1012 1040/1040/1040 1018/1018/1018
f 1038/1038/1038 1041/1041/1041 1036/1036/1036
f 1039/1039/1039 1036/1036/1036 1041/1041/1041
f 1039/1039/1039 1042/1042/1042 1037/1037/1037
f 1042/1042/1042 1040/1040/1040 1037/1037/1037
f 1040/1040/1040 1043/1043/1043 1018/1018/1018
f 1018/1018/1018 1043/1043/1043 1022/1022/1022
f 1044/1044/1044 1040/1040/1040 1042/1042/1042
f 1040/1040/1040 1044/1044/1044 1043/1043/1043
f 1045/1045/1045 1042/1042/1042 1039/1039/1039
f 1045/1045/1045 1044/1044/1044 1042/1042/1042
f 1043/1043/1043 1046/1046/1046 1022/1022/1022
f 1022/1022/1022 1046/1046/1046 1031/1031/1031
f 1044/1044/1044 1047/1047/1047 1043/1043/1043
f 1043/1043/1043 1047/1047/1047 1046/1046/1046
f 1046/1046/1046 1048/1048/1048 1031/1031/1031
f 1048/1048/1048 1032/1032/1032 1031/1031/1031
f 1049/1049/1049 1039/1039/1039 1041/1041/1041
f 1049/1049/1049 1045/1045/1045 1039/1039/1039
f 1050/1050/1050 1044/1044/1044 1045/1045/1045
f 1044/1044/1044 1050/1050/1050 1047/1047/1047
f 1047/1047/1047 1051/1051/1051 1046/1046/1046
f 1046/1046/1046 1051/1051/1051 1048/1048/1048
f 1052/1052/1052 1045/1045/1045 1049/1049/1049
f 1052/1052/1052 1050/1050/1050 1045/1045/1045
f 1050/1050/1050 1053/1053/1053 1047/1047/1047
f 1047/1047/1047 1053/1053/1053 1051/1051/1051
f 1054/1054/1054 1050/1050/1050 1052/1052/1052
f 1050/1050/1050 1054/1054/1054 1053/1053/1053
f 1055/1055/1055 1032/1032/1032 1048/1048/1048
f 1051/1051/1051 1056/1056/1056 1048/1048/1048
f 1056/1056/1056 1055/1055/1055 1048/1048/1048
f 1053/1053/1053 1057/1057/1057 1051/1051/1051
f 1051/1051/1051 1057/1057/1057 1056/1056/1056
f 1055/1055/1055 1058/1058/1058 1032/1032/1032
f 1058/1058/1058 1027/1027/1027 1032/1032/1032
f 1059/1059/1059 1055/1055/1055 1056/1056/1056
f 1058/1058/1058 1055/1055/1055 1059/1059/1059
f 1054/1054/1054 1060/1060/1060 1053/1053/1053
f 1053/1053/1053 1060/1060/1060 1057/1057/1057
f 1057/1057/1057 1061/1061/1061 1056/1056/1056
f 1061/1061/1061 1059/1059/1059 1056/1056/1056
f 1060/1060/1060 1062/1062/1062 1057/1057/1057
f 1057/1057/1057 1062/1062/1062 1061/1061/1061
f 1054/1054/1054 1063/1063/1063 1060/1060/1060
f 1063/1063/1063 1062/1062/1062 1060/1060/1060
f 1058/1058/1058 1064/1064/1064 1027/1027/1027
f 1065/1065/1065 1058/1058/1058 1059/1059/1059
f 1064/1064/1064 1058/1058/1058 1065/1065/1065
f 1064/1064/1064 1066/1066/1066 1027/1027/1027
f 1066/1066/1066 1033/1033/1033 1027/1027/1027
f 1067/1067/1067 1059/1059/1059 1061/1061/1061
f 1062/1062/1062 1068/1068/1068 1061/1061/1061
f 1068/1068/1068 1067/1067/1067 1061/1061/1061
f 1069/1069/1069 1068/1068/1068 1062/1062/1062
f 1063/1063/1063 1069/1069/1069 1062/1062/1062
f 1070/1070/1070 1065/1065/1065 1059/1059/1059
f 1067/1067/1067 1070/1070/1070 1059/1059/1059
f 1071/1071/1071 1067/1067/1067 1068/1068/1068
f 1069/1069/1069 1071/1071/1071 1068/1068/1068
f 1072/1072/1072 1070/1070/1070 1067/1067/1067
f 1071/1071/1071 1072/1072/1072 1067/1067/1067
f 1070/1070/1070 1073/1073/1073 1065/1065/1065
f 1073/1073/1073 1070/1070/1070 1072/1072/1072
f 1074/1074/1074 1064/1064/1064 1065/1065/1065
f 1073/1073/1073 1074/1074/1074 1065/1065/1065
f 1075/1075/1075 1033/1033/1033 1066/1066/1066
f 1076/1076/1076 1066/1066/1066 1064/1064/1064
f 1076/1076/1076 1075/1075/1075 1066/1066/1066
f 1077/1077/1077 1064/1064/1064 1074/1074/1074
f 1077/1077/1077 1076/1076/1076 1064/1064/1064
f 1033/1033/1033 1075/1075/1075 1078/1078/1078
f 1033/1033/1033 1078/1078/1078 1029/1029/1029
f 1071/1071/1071 1069/1069/1069 1079/1079/1079
f 1072/1072/1072 1071/1071/1071 1080/1080/1080
f 1071/1071/1071 1079/1079/1079 1080/1080/1080
f 1081/1081/1081 1073/1073/1073 1072/1072/1072
f 1081/1081/1081 1072/1072/1072 1080/1080/1080
f 1073/1073/1073 1082/1082/1082 1074/1074/1074
f 1082/1082/1082 1073/1073/1073 1081/1081/1081
f 1083/1083/1083 1077/1077/1077 1074/1074/1074
f 1082/1082/1082 1083/1083/1083 1074/1074/1074
f 1069/1069/1069 1084/1084/1084 1079/1079/1079
f 1069/1069/1069 1063/1063/1063 1084/1084/1084
f 1063/1063/1063 1085/1085/1085 1084/1084/1084
f 1063/1063/1063 1054/1054/1054 1085/1085/1085
f 1079/1079/1079 1084/1084/1084 1086/1086/1086
f 1084/1084/1084 1085/1085/1085 1086/1086/1086
f 1054/1054/1054 1087/1087/1087 1085/1085/1085
f 1087/1087/1087 1054/1054/1054 1052/1052/1052
f 1085/1085/1085 1087/1087/1087 1088/1088/1088
f 1087/1087/1087 1052/1052/1052 1088/1088/1088
f 1085/1085/1085 1088/1088/1088 1086/1086/1086
f 1088/1088/1088 1052/1052/1052 1049/1049/1049
f 1088/1088/1088 1049/1049/1049 1089/1089/1089
f 1086/1086/1086 1088/1088/1088 1089/1089/1089
f 1089/1089/1089 1049/1049/1049 1041/1041/1041
f 1090/1090/1090 1079/1079/1079 1086/1086/1086
f 1090/1090/1090 1086/1086/1086 1089/1089/1089
f 1080/1080/1080 1079/1079/1079 1090/1090/1090
f 1091/1091/1091 1089/1089/1089 1041/1041/1041
f 1091/1091/1091 1090/1090/1090 1089/1089/1089
f 1038/1038/1038 1091/1091/1091 1041/1041/1041
f 1092/1092/1092 1091/1091/1091 1038/1038/1038
f 1091/1091/1091 1092/1092/1092 1090/1090/1090
f 1029/1029/1029 1092/1092/1092 1038/1038/1038
f 1093/1093/1093 1080/1080/1080 1090/1090/1090
f 1092/1092/1092 1093/1093/1093 1090/1090/1090
f 1094/1094/1094 1092/1092/1092 1029/1029/1029
f 1092/1092/1092 1094/1094/1094 1093/1093/1093
f 1078/1078/1078 1094/1094/1094 1029/1029/1029
f 1095/1095/1095 1080/1080/1080 1093/1093/1093
f 1095/1095/1095 1081/1081/1081 1080/1080/1080
f 1094/1094/1094 1096/1096/1096 1093/1093/1093
f 1096/1096/1096 1095/1095/1095 1093/1093/1093
f 1078/1078/1078 1097/1097/1097 1094/1094/1094
f 1075/1075/1075 1097/1097/1097 1078/1078/1078
f 1098/1098/1098 1081/1081/1081 1095/1095/1095
f 1098/1098/1098 1082/1082/1082 1081/1081/1081
f 1094/1094/1094 1099/1099/1099 1096/1096/1096
f 1097/1097/1097 1099/1099/1099 1094/1094/1094
f 1075/1075/1075 1100/1100/1100 1097/1097/1097
f 1100/1100/1100 1075/1075/1075 1076/1076/1076
f 1101/1101/1101 1095/1095/1095 1096/1096/1096
f 1101/1101/1101 1098/1098/1098 1095/1095/1095
f 1102/1102/1102 1082/1082/1082 1098/1098/1098
f 1082/1082/1082 1102/1102/1102 1083/1083/1083
f 1099/1099/1099 1103/1103/1103 1096/1096/1096
f 1103/1103/1103 1101/1101/1101 1096/1096/1096
f 1097/1097/1097 1104/1104/1104 1099/1099/1099
f 1100/1100/1100 1104/1104/1104 1097/1097/1097
f 1105/1105/1105 1100/1100/1100 1076/1076/1076
f 1105/1105/1105 1076/1076/1076 1077/1077/1077
f 1106/1106/1106 1098/1098/1098 1101/1101/1101
f 1106/1106/1106 1102/1102/1102 1098/1098/1098
f 1107/1107/1107 1077/1077/1077 1083/1083/1083
f 1107/1107/1107 1105/1105/1105 1077/1077/1077
f 1108/1108/1108 1100/1100/1100 1105/1105/1105
f 1100/1100/1100 1108/1108/1108 1104/1104/1104
f 1104/1104/1104 1109/1109/1109 1099/1099/1099
f 1099/1099/1099 1109/1109/1109 1103/1103/1103
f 1110/1110/1110 1101/1101/1101 1103/1103/1103
f 1110/1110/1110 1106/1106/1106 1101/1101/1101
f 1102/1102/1102 1111/1111/1111 1083/1083/1083
f 1111/1111/1111 1107/1107/1107 1083/1083/1083
f 1112/1112/1112 1105/1105/1105 1107/1107/1107
f 1112/1112/1112 1108/1108/1108 1105/1105/1105
f 1108/1108/1108 1113/1113/1113 1104/1104/1104
f 1104/1104/1104 1113/1113/1113 1109/1109/1109
f 1109/1109/1109 1114/1114/1114 1103/1103/1103
f 1114/1114/1114 1110/1110/1110 1103/1103/1103
f 1115/1115/1115 1102/1102/1102 1106/1106/1106
f 1111/1111/1111 1102/1102/1102 1115/1115/1115
f 1116/1116/1116 1112/1112/1112 1107/1107/1107
f 1116/1116/1116 1107/1107/1107 1111/1111/1111
f 1117/1117/1117 1108/1108/1108 1112/1112/1112
f 1108/1108/1108 1117/1117/1117 1113/1113/1113
f 1116/1116/1116 1117/1117/1117 1112/1112/1112
f 1113/1113/1113 1118/1118/1118 1109/1109/1109
f 1117/1117/1117 1118/1118/1118 1113/1113/1113
f 1109/1109/1109 1118/1118/1118 1114/1114/1114
f 1119/1119/1119 1106/1106/1106 1110/1110/1110
f 1119/1119/1119 1115/1115/1115 1106/1106/1106
f 1120/1120/1120 1111/1111/1111 1115/1115/1115
f 1120/1120/1120 1116/1116/1116 1111/1111/1111
f 1115/1115/1115 1119/1119/1119 1120/1120/1120
f 1121/1121/1121 1117/1117/1117 1116/1116/1116
f 1120/1120/1120 1121/1121/1121 1116/1116/1116
f 1117/1117/1117 1121/1121/1121 1118/1118/1118
f 1119/1119/1119 1121/1121/1121 1120/1120/1120
f 1121/1121/1121 1122/1122/1122 1118/1118/1118
f 1118/1118/1118 1122/1122/1122 1114/1114/1114
f 1121/1121/1121 1119/1119/1119 1122/1122/1122
f 1110/1110/1110 1114/1114/1114 1123/1123/1123
f 1114/1114/1114 1122/1122/1122 1123/1123/1123
f 1119/1119/1119 1123/1123/1123 1122/1122/1122
f 1123/1123/1123 1119/1119/1119 1110/1110/1110
