g Gun07
v -0.039647684 -0.018389441 0.18317121
v -0.89719766 -0.018564852 0.1732325
v -0.89719766 -0.017412938 0.13918814
v -0.041918263 -0.017570654 0.13025846
v -1.0519259 -0.06781844 0.18825758
v -1.0531969 -0.05137092 0.17512144
v -1.0519259 -0.039908446 0.18776488
v -1.0531969 -0.0680451 0.17541577
v -1.0531969 -0.08471935 0.17571011
v -1.0519259 -0.09572844 0.18875025
v -1.0519259 -0.023443954 0.17070866
v -1.0531969 -0.04355796 0.16702762
v -1.0531969 -0.051925305 0.15176027
v -1.0519259 -0.041076735 0.13853532
v -1.0519259 -0.041076735 0.13853532
v -1.0531969 -0.051925305 0.15176027
v -1.0531969 -0.06851589 0.14874645
v -1.0519259 -0.06881053 0.1320567
v -1.0519259 -0.09629839 0.13951012
v -1.0531969 -0.08498982 0.15234393
v -1.0519259 -0.039908446 0.18776488
v -1.0531969 -0.05137092 0.17512144
v -1.0531969 -0.04355796 0.16702762
v -1.0519259 -0.023443954 0.17070866
v -1.0083612 -0.06864808 0.14126153
v -1.00922 -0.059201088 0.13454604
v -1.0083612 -0.05335757 0.14099161
v -1.00922 -0.068763636 0.13471484
v -1.00922 -0.07832613 0.13488364
v -1.0083612 -0.08393852 0.14153145
v -1.0083612 -0.044964038 0.13229643
v -1.00922 -0.05521803 0.13041987
v -1.00922 -0.059483692 0.12263659
v -1.0083612 -0.053953093 0.11589458
v -1.0083612 -0.053953093 0.11589458
v -1.00922 -0.059483692 0.12263659
v -1.00922 -0.06900364 0.12111894
v -1.0083612 -0.06915384 0.112610556
v -1.0083612 -0.08422908 0.11642903
v -1.00922 -0.07846404 0.12297165
v -1.0083612 -0.05335757 0.14099161
v -1.00922 -0.059201088 0.13454604
v -1.00922 -0.05521803 0.13041987
v -1.0083612 -0.044964038 0.13229643
v -0.041918024 -0.028389256 0.109171405
v -0.89719766 -0.028143017 0.12311733
v -0.89719766 -0.038873095 0.107046485
v -0.041917786 -0.039207853 0.08808437
v -0.0082672695 -0.02840173 0.108464964
v -0.00953506 -0.017584855 0.12945443
v -0.041918263 -0.017570654 0.13025846
v -0.012109027 -0.018383808 0.18349037
v -0.039647684 -0.018389441 0.18317121
v -0.039136693 -0.023537206 0.19630574
v -0.89719766 -0.069380455 0.099769466
v -0.82270235 -0.069380514 0.09976947
v -0.82270235 -0.038873095 0.107046485
v -0.89719766 -0.099612035 0.108118676
v -0.82270235 -0.099612035 0.108118676
v -0.041917786 -0.09994679 0.08915657
v -0.041917726 -0.06971525 0.08080735
v -0.041918024 -0.11001443 0.110612296
v -0.89719766 -0.10976816 0.12455822
v 0.013281121 -0.018554585 0.17381622
v 0.010773673 -0.01766328 0.12501125
v -0.006999419 -0.039218605 0.087475486
v -0.006999419 -0.049844865 0.08345728
v -0.014449344 -0.06972599 0.08019847
v -0.006999419 -0.089479715 0.084156945
v 0.010943546 -0.050587505 0.081203036
v 0.010854735 -0.028472556 0.10445277
v -0.006999419 -0.09995757 0.088547684
v 0.010943546 -0.0888171 0.08187789
v 0.010935797 -0.039281815 0.08389429
v -0.0082672695 -0.1100269 0.109905854
v -0.00953506 -0.12009624 0.13126403
v -0.041918263 -0.120082036 0.13206804
v -0.012109027 -0.11739062 0.18523808
v -0.039647684 -0.11739625 0.18491894
v -0.039136693 -0.11178811 0.1978636
v 0.039761797 -0.03941896 0.076125704
v 0.039018884 -0.06992161 0.06911656
v 0.010956659 -0.06978895 0.07663226
v 0.04137218 -0.028654352 0.09415405
v 0.04298252 -0.01788975 0.11218239
v 0.04565707 -0.019048458 0.14583844
v 0.08088936 -0.02904614 0.0719598
v 0.07704742 -0.039819647 0.0534273
v 0.084731266 -0.01827263 0.09049228
v 0.09204616 -0.019358644 0.12826693
v 0.07549746 -0.07032243 0.04641095
v 0.09322627 -0.025348105 0.13400155
v 0.07704742 -0.10055861 0.0544995
v 0.046213537 -0.025035022 0.1517375
v 0.09568973 -0.0378504 0.14597188
v 0.039761797 -0.10015792 0.0771979
v 0.08088936 -0.11067131 0.07340068
v 0.0150004765 -0.023918126 0.17816491
v 0.047375157 -0.037531253 0.16405107
v 0.095615104 -0.06855587 0.14648521
v 0.041372195 -0.11027952 0.09559494
v 0.084731296 -0.120784014 0.09230187
v 0.010935797 -0.10002078 0.08496649
v 0.010854735 -0.11009773 0.10589366
v 0.042982534 -0.12040113 0.11399198
v 0.09204616 -0.11836546 0.13001464
v 0.010773673 -0.12017466 0.12682083
v 0.045657054 -0.11805528 0.14758615
v 0.09322627 -0.11217733 0.13553432
v 0.013281121 -0.11756139 0.17556395
v 0.046213523 -0.11186425 0.15327026
v 0.09568973 -0.09926035 0.14705594
v 0.0150004765 -0.11204771 0.17972063
v 0.047375157 -0.0989412 0.16513512
v -0.010442005 -0.111841746 0.19485702
v 0.047396854 -0.06823641 0.16458188
v 0.018589512 -0.100538574 0.18839721
v 0.018589512 -0.035113864 0.1872423
v 0.019537821 -0.067804515 0.1890485
v -0.006962345 -0.10025907 0.21493539
v -0.034655675 -0.100262545 0.21464248
v -0.010442005 -0.023589743 0.19329914
v -0.006962345 -0.03445651 0.2137738
v -0.0046772817 -0.067330495 0.21590085
v -0.034655675 -0.03446338 0.21348095
v -0.89719754 -0.10037074 0.2055206
v -0.89719766 -0.11194175 0.18818943
v -0.032391056 -0.06733564 0.21560957
v -0.89719766 -0.06749573 0.20653696
v -0.89719766 -0.03467715 0.20436093
v -0.89719766 -0.023725048 0.18663219
v 0.44684696 -0.005791429 0.07252061
v 0.44176555 0.0024766128 0.061997555
v 0.40709972 -0.0075900145 -0.02401192
v 0.38916063 -0.017728698 -0.07401018
v 0.45745373 -0.023049995 0.09448623
v 0.37122154 -0.027867427 -0.124008425
v 0.45748198 -0.06933521 0.10233796
v 0.3685714 -0.07344756 -0.13062298
v 0.45745373 -0.115868695 0.096124716
v 0.37122154 -0.11876585 -0.12240382
v 0.38916063 -0.12713356 -0.072078906
v 0.44684696 -0.13389178 0.07478192
v 0.40709972 -0.13550133 -0.021753956
v 0.44176555 -0.14252605 0.06455722
v -0.1894844 -0.007081157 0.10075199
v -0.12537484 -0.06933247 0.102490984
v -0.12537767 -0.0070822 0.10075201
v -0.1894844 -0.06933247 0.102490984
v -0.1894844 -0.13160639 0.10295018
v -0.12537767 -0.13160534 0.10295016
v -0.088437155 -0.0044982927 0.19890681
v -0.11297922 -0.0002684932 0.11217419
v -0.030841097 -0.0002833796 0.11133078
v -0.055380806 -0.004891918 0.1766083
v -0.082599744 -0.03044153 0.22587126
v -0.01714401 -3.651723E-05 0.12531528
v -0.05398111 -0.030593442 0.21726546
v -0.08260606 -0.06689448 0.24060105
v 0.004177644 -0.0048941234 0.17648342
v 0.018516779 0.0011741791 0.12142154
v -0.05398111 -0.06704647 0.23199098
v 0.00039274897 -0.030593472 0.21726543
v 0.047958925 0.00059575087 0.15214598
v 0.00039274897 -0.06704647 0.23199096
v 0.00039274897 -0.10399651 0.21856119
v 0.04935862 -0.03016847 0.180267
v -0.05398111 -0.10399651 0.21856122
v -0.082599744 -0.10384459 0.22716703
v -0.055380806 -0.131117 0.1788365
v -0.088437155 -0.13072339 0.201135
v 0.004177644 -0.13111919 0.17871162
v -0.030841097 -0.13802657 0.1137623
v -0.11297922 -0.13801166 0.11460572
v -0.01714401 -0.1377797 0.12774682
v 0.018516794 -0.13912709 0.12389821
v 0.047958925 -0.13746458 0.15458311
v 0.04935862 -0.10572705 0.18160082
v 0.060078397 -0.1400743 0.10489777
v 0.05993755 -0.10813095 0.021551555
v 0.07731439 -0.108361155 0.018393649
v 0.06972636 -0.13858967 0.10258899
v 0.08571483 -0.10859054 0.020944944
v 0.05785723 -0.13603294 0.14927529
v 0.05938615 -0.10573696 0.17477073
v 0.05852391 -0.06795467 0.18054248
v 0.08732338 -0.09976423 0.01431564
v 0.04849638 -0.06783413 0.18737061
v 0.08732338 -0.070914395 0.012876727
v 0.07892527 -0.09953016 0.011753802
v 0.05938615 -0.030399641 0.17344084
v 0.08732338 -0.042031754 0.013296518
v 0.07892527 -0.042356126 0.01074453
v 0.08571486 -0.03297699 0.019610168
v 0.07892527 -0.07095951 0.010321267
v 0.05505283 -0.07085273 0.016370408
v 0.05505283 -0.09944157 0.016234985
v 0.05505283 -0.04228649 0.015226054
v 0.013560309 -0.13130963 0.11861441
v 0.013560309 -0.0068249064 0.11641693
v 0.013560309 -0.06905595 0.11815557
v -0.010401056 -0.13130273 0.11953603
v -0.010401056 -0.0067992467 0.11733821
v -0.010401056 -0.06903968 0.11907701
v -0.02677165 -0.1316105 0.102452345
v -0.02677165 -0.0070946203 0.10025432
v -0.02677165 -0.06934126 0.10199323
v -0.1130002 -0.1316056 0.10291702
v -0.11300019 -0.0070831166 0.100718886
v -0.11299993 -0.06933306 0.10245785
v 0.08732338 -0.042031754 0.013296518
v 0.08571486 -0.03297699 0.019610168
v 0.07731436 -0.033296283 0.01706856
v 0.07892527 -0.042356126 0.01074453
v 0.05993755 -0.03341489 0.020232627
v 0.05505283 -0.04228649 0.015226054
v 0.018516779 0.0011741791 0.12142154
v 0.013560309 -0.0068249064 0.11641693
v -0.01714401 -3.651723E-05 0.12531528
v -0.010401056 -0.0067992467 0.11733821
v -0.030841097 -0.0002833796 0.11133078
v -0.02677165 -0.0070946203 0.10025432
v -0.11297922 -0.0002684932 0.11217419
v -0.11300019 -0.0070831166 0.100718886
v -0.12537767 -0.0070822 0.10075201
v -0.12536444 -0.00026890298 0.11215084
v -0.088437155 -0.0044982927 0.19890681
v -0.099866346 -0.0044299406 0.20277885
v -0.082599744 -0.03044153 0.22587126
v -0.09402083 -0.030373544 0.22972235
v -0.08260606 -0.06689448 0.24060105
v -0.09402071 -0.066826575 0.24444789
v -0.09402083 -0.10377661 0.23101811
v -0.082599744 -0.10384459 0.22716703
v -0.099866346 -0.13065499 0.20500703
v -0.088437155 -0.13072339 0.201135
v -0.12536444 -0.13801208 0.11458235
v -0.19287361 -0.0002854285 0.11121492
v -0.11297922 -0.13801166 0.11460572
v -0.1894844 -0.007081157 0.10075199
v -0.12537767 -0.13160534 0.10295016
v -0.19287361 -0.1380286 0.11364644
v -0.20326205 -0.007081157 0.10075199
v -0.20665126 -0.0002854285 0.11121492
v -0.23460786 -0.004372131 0.20605388
v -0.2483855 -0.004372131 0.20605388
v -0.24493451 -0.030303374 0.2336975
v -0.25871217 -0.030303374 0.2336975
v -0.20326205 -0.06933247 0.102490984
v -0.1894844 -0.06933247 0.102490984
v -0.24493451 -0.066756405 0.24842304
v -0.25871217 -0.066756405 0.24842304
v -0.25871217 -0.10370644 0.23499326
v -0.24493451 -0.10370644 0.23499326
v -0.2483855 -0.13059717 0.20828207
v -0.23460786 -0.13059717 0.20828207
v -0.20665126 -0.1380286 0.11364644
v -0.1894844 -0.13160639 0.10295018
v -0.20326205 -0.13160639 0.10295018
v -0.1130002 -0.1316056 0.10291702
v -0.12537484 -0.06933247 0.102490984
v -0.02677165 -0.1316105 0.102452345
v -0.11299993 -0.06933306 0.10245785
v -0.030841097 -0.13802657 0.1137623
v -0.010401056 -0.13130273 0.11953603
v -0.01714401 -0.1377797 0.12774682
v 0.013560309 -0.13130963 0.11861441
v 0.018516794 -0.13912709 0.12389821
v 0.05505283 -0.09944157 0.016234985
v 0.05993755 -0.10813095 0.021551555
v 0.07892527 -0.09953016 0.011753802
v 0.07731439 -0.108361155 0.018393649
v 0.08732338 -0.09976423 0.01431564
v 0.08571483 -0.10859054 0.020944944
v -0.20326205 -0.007081157 0.10075199
v -0.20665126 -0.0002854285 0.11121492
v -0.2483855 -0.004372131 0.20605388
v -0.25871217 -0.030303374 0.2336975
v -0.25871217 -0.066756405 0.24842304
v -0.20326205 -0.06933247 0.102490984
v -0.25871217 -0.10370644 0.23499326
v -0.2483855 -0.13059717 0.20828207
v -0.20326205 -0.13160639 0.10295018
v -0.20665126 -0.1380286 0.11364644
v -0.041918263 -0.017570654 0.13025846
v -0.89719766 -0.028143017 0.12311733
v -0.041918024 -0.028389256 0.109171405
v -0.89719766 -0.017412938 0.13918814
v -0.93293065 -0.028143017 0.12311733
v -0.93293065 -0.017412938 0.13918814
v -0.93293065 -0.038873095 0.107046485
v -0.89719766 -0.018564852 0.1732325
v -0.89719766 -0.038873095 0.107046485
v -0.93293065 -0.018564852 0.1732325
v -0.89719766 -0.03357403 0.08483129
v -0.93293065 -0.03357403 0.08483129
v -0.82270235 -0.038873095 0.107046485
v -0.82270235 -0.03357403 0.08483129
v -0.93293065 -0.06975728 0.07842253
v -0.89719766 -0.023725048 0.18663219
v -0.039647684 -0.018389441 0.18317121
v -0.039136693 -0.023537206 0.19630574
v -0.93293065 -0.023725048 0.18663219
v -0.89719766 -0.03467715 0.20436093
v -0.93293065 -0.03467715 0.20436093
v -0.89719766 -0.06749573 0.20653696
v -0.93293065 -0.06749573 0.20653696
v -0.9329305 -0.10037074 0.2055206
v -0.89719754 -0.10037074 0.2055206
v -0.93293065 -0.11194175 0.18818943
v -0.89719766 -0.11194175 0.18818943
v -0.93293065 -0.1175717 0.17498021
v -0.89719766 -0.1175717 0.17498021
v -0.93293065 -0.11992435 0.14099774
v -0.039647684 -0.11739625 0.18491894
v -0.039136693 -0.11178811 0.1978636
v -0.89719766 -0.11992435 0.14099774
v -0.93293065 -0.10976816 0.12455822
v -0.89719766 -0.10976816 0.12455822
v -0.041918263 -0.120082036 0.13206804
v -0.041918024 -0.11001443 0.110612296
v -0.93293065 -0.099612035 0.108118676
v -0.89719766 -0.099612035 0.108118676
v -0.89719766 -0.105691865 0.08610435
v -0.93293065 -0.105691865 0.08610435
v -0.82270235 -0.099612035 0.108118676
v -0.82270235 -0.105691865 0.08610435
v -0.89719766 -0.069770835 0.077654704
v -0.82270235 -0.069770895 0.077654704
v -0.93293065 -0.017412938 0.13918814
v -0.93293065 -0.018564852 0.1732325
v -0.93293065 -0.023725048 0.18663219
v -0.93293065 -0.028143017 0.12311733
v -0.93293065 -0.03467715 0.20436093
v -0.93293065 -0.038873095 0.107046485
v -0.93293065 -0.06749573 0.20653696
v -0.93293065 -0.069380455 0.099769466
v -0.93293065 -0.03357403 0.08483129
v -0.93293065 -0.06975728 0.07842253
v -0.93293065 -0.105691865 0.08610435
v -0.93293065 -0.099612035 0.108118676
v -0.9329305 -0.10037074 0.2055206
v -0.93293065 -0.10976816 0.12455822
v -0.93293065 -0.11194175 0.18818943
v -0.93293065 -0.1175717 0.17498021
v -0.93293065 -0.11992435 0.14099774
v -0.82270235 -0.038873095 0.107046485
v -0.82270235 -0.03357403 0.08483129
v -0.82270235 -0.069770895 0.077654704
v -0.82270235 -0.069380514 0.09976947
v -0.82270235 -0.099612035 0.108118676
v -0.82270235 -0.105691865 0.08610435
v -0.039647684 -0.11739625 0.18491894
v -0.041918263 -0.120082036 0.13206804
v -0.89719766 -0.11992435 0.14099774
v -0.89719766 -0.1175717 0.17498021
v -1.0519259 -0.11278466 0.17228575
v -1.0519259 -0.09629839 0.13951012
v -1.0531969 -0.08498982 0.15234393
v -1.0531969 -0.092813164 0.16789712
v -1.0519259 -0.09572844 0.18875025
v -1.0519259 -0.11278466 0.17228575
v -1.0531969 -0.092813164 0.16789712
v -1.0531969 -0.08471935 0.17571011
v -1.0083612 -0.09263371 0.13313793
v -1.0083612 -0.08422908 0.11642903
v -1.00922 -0.07846404 0.12297165
v -1.00922 -0.082452275 0.1309006
v -1.0083612 -0.08393852 0.14153145
v -1.0083612 -0.09263371 0.13313793
v -1.00922 -0.082452275 0.1309006
v -1.00922 -0.07832613 0.13488364
v -0.9265657 -0.039908446 0.18776488
v -0.9265657 -0.06781844 0.18825758
v -1.0519259 -0.06781844 0.18825758
v -0.9265657 -0.09572838 0.18875025
v -1.0519259 -0.039908446 0.18776488
v -1.0519259 -0.09572844 0.18875025
v -0.9265657 -0.023444014 0.17070867
v -0.9265657 -0.1127846 0.17228575
v -1.0519259 -0.023443954 0.17070866
v -1.0519259 -0.11278466 0.17228575
v -0.9265657 -0.041076675 0.13853532
v -0.9265657 -0.09629845 0.13951012
v -1.0519259 -0.041076735 0.13853532
v -1.0519259 -0.09629839 0.13951012
v -0.9265657 -0.06881053 0.1320567
v -1.0519259 -0.06881053 0.1320567
v -1.0531969 -0.0680451 0.17541577
v -1.0140173 -0.0680451 0.17541577
v -1.0140173 -0.05137092 0.17512144
v -1.0140173 -0.08471935 0.17571011
v -1.0531969 -0.05137092 0.17512144
v -1.0531969 -0.08471935 0.17571011
v -1.0140173 -0.04355796 0.16702762
v -1.0140173 -0.092813164 0.16789712
v -1.0531969 -0.04355796 0.16702762
v -1.0531969 -0.092813164 0.16789712
v -1.0140173 -0.051925305 0.15176027
v -1.0140173 -0.08498982 0.15234393
v -1.0531969 -0.051925305 0.15176027
v -1.0531969 -0.08498982 0.15234393
v -1.0140173 -0.06851589 0.14874645
v -1.0531969 -0.06851589 0.14874645
v -0.92365175 -0.05335757 0.14099161
v -0.92365175 -0.06864802 0.14126153
v -1.0083612 -0.06864808 0.14126153
v -0.92365175 -0.08393852 0.14153145
v -1.0083612 -0.05335757 0.14099161
v -1.0083612 -0.08393852 0.14153145
v -0.92365175 -0.044964038 0.13229643
v -0.92365175 -0.09263371 0.13313793
v -1.0083612 -0.044964038 0.13229643
v -1.0083612 -0.09263371 0.13313793
v -0.92365175 -0.053953152 0.11589458
v -0.92365175 -0.08422908 0.11642903
v -1.0083612 -0.053953093 0.11589458
v -1.0083612 -0.08422908 0.11642903
v -0.92365175 -0.06915378 0.11261055
v -1.0083612 -0.06915384 0.112610556
v -1.00922 -0.068763636 0.13471484
v -0.98274535 -0.068763606 0.13471484
v -0.98274535 -0.059201058 0.13454604
v -0.98274535 -0.07832616 0.13488364
v -1.00922 -0.059201088 0.13454604
v -1.00922 -0.07832613 0.13488364
v -0.98274535 -0.055218 0.13041987
v -0.98274535 -0.082452305 0.1309006
v -1.00922 -0.05521803 0.13041987
v -1.00922 -0.082452275 0.1309006
v -0.98274535 -0.059483662 0.12263659
v -0.98274535 -0.07846407 0.12297165
v -1.00922 -0.059483692 0.12263659
v -1.00922 -0.07846404 0.12297165
v -0.98274535 -0.06900361 0.12111894
v -1.00922 -0.06900364 0.12111894
v 0.088137165 -0.070959054 0.010346711
v 0.3580283 -0.07337477 -0.12649958
v 0.36067843 -0.027986813 -0.11988164
v 0.36067843 -0.118500866 -0.11828383
v 0.091283396 -0.04046334 0.016962457
v 0.10466279 -0.029289784 0.058157843
v 0.37861753 -0.0178481 -0.06988338
v 0.1180421 -0.018116212 0.09935323
v 0.39655662 -0.007709365 -0.019885132
v 0.43122244 0.0023572552 0.06612435
v 0.14011998 -0.019002622 0.14843526
v 0.43630385 -0.005910831 0.0766474
v 0.14257188 -0.024993034 0.1541162
v 0.44691062 -0.023169396 0.098613024
v 0.14768995 -0.0374973 0.16597448
v 0.44693887 -0.069262415 0.10646135
v 0.07704742 -0.039819647 0.0534273
v 0.08088936 -0.02904614 0.0719598
v 0.084731266 -0.01827263 0.09049228
v 0.09204616 -0.019358644 0.12826693
v 0.09322627 -0.025348105 0.13400155
v 0.07549746 -0.07032243 0.04641095
v 0.09568973 -0.0378504 0.14597188
v 0.14768995 -0.06820226 0.16651651
v 0.095615104 -0.06855587 0.14648521
v 0.09568973 -0.09926035 0.14705594
v 0.091283396 -0.10120231 0.018034657
v 0.07704742 -0.10055861 0.0544995
v 0.14768995 -0.09890725 0.16705854
v 0.44691062 -0.115603715 0.10024472
v 0.09322627 -0.11217733 0.13553432
v 0.10466279 -0.11091495 0.059598733
v 0.08088936 -0.11067131 0.07340068
v 0.37861753 -0.12686864 -0.067958884
v 0.14257188 -0.111822255 0.15564896
v 0.43630385 -0.13362679 0.07890192
v 0.09204616 -0.11836546 0.13001464
v 0.11804213 -0.1206276 0.10116283
v 0.39655662 -0.13523635 -0.017633963
v 0.084731296 -0.120784014 0.09230187
v 0.43122244 -0.14226113 0.068677224
v 0.14011998 -0.11800944 0.15018298
v 0.44691062 -0.023169396 0.098613024
v 0.45748198 -0.06933521 0.10233796
v 0.44693887 -0.069262415 0.10646135
v 0.44691062 -0.115603715 0.10024472
v 0.45745373 -0.023049995 0.09448623
v 0.45745373 -0.115868695 0.096124716
v 0.43630385 -0.005910831 0.0766474
v 0.43630385 -0.13362679 0.07890192
v 0.44684696 -0.005791429 0.07252061
v 0.44684696 -0.13389178 0.07478192
v 0.43122244 0.0023572552 0.06612435
v 0.43122244 -0.14226113 0.068677224
v 0.44176555 0.0024766128 0.061997555
v 0.44176555 -0.14252605 0.06455722
v 0.39655662 -0.007709365 -0.019885132
v 0.39655662 -0.13523635 -0.017633963
v 0.40709972 -0.0075900145 -0.02401192
v 0.40709972 -0.13550133 -0.021753956
v 0.37861753 -0.0178481 -0.06988338
v 0.37861753 -0.12686864 -0.067958884
v 0.38916063 -0.017728698 -0.07401018
v 0.38916063 -0.12713356 -0.072078906
v 0.36067843 -0.027986813 -0.11988164
v 0.36067843 -0.118500866 -0.11828383
v 0.37122154 -0.027867427 -0.124008425
v 0.37122154 -0.11876585 -0.12240382
v 0.3580283 -0.07337477 -0.12649958
v 0.3685714 -0.07344756 -0.13062298
v 0.36987638 -0.009527682 -0.08501735
v 0.3338827 -0.030819232 -0.05334596
v 0.33164108 -0.01601399 -0.0544856
v 0.34351468 -0.0030386925 -0.01815239
v 0.372118 -0.024332894 -0.08387772
v 0.34547925 -0.017834874 -0.016499452
v 0.38781726 -0.00027466443 -0.03815338
v 0.36268628 0.0022042014 -0.0047733304
v 0.38978183 -0.015070861 -0.03650043
v 0.3521589 -0.012505181 0.0017958044
v 0.39444602 0.0034717214 -0.019678231
v 0.39641058 -0.011324431 -0.018025296
v 0.4018662 0.005626492 -0.0012678774
v 0.35764349 0.0029679118 0.017328579
v 0.4038309 -0.009169705 0.00038505867
v 0.35960817 -0.011828271 0.018981514
v 0.41662872 0.0099133905 0.035359398
v 0.3724637 0.00431461 0.051519424
v 0.4185933 -0.0048828213 0.03701233
v 0.37442827 -0.010481565 0.053172372
v 0.33017015 -0.0038650278 -0.012128438
v 0.32136226 0.0015216863 0.013057198
v 0.33061934 0.0019829958 0.008951794
v 0.34413624 0.00214817 0.023002286
v 0.31470057 -0.004831926 -0.0051443456
v 0.3202748 -0.017942213 -0.045409318
v 0.3287474 0.0012251708 0.02947537
v 0.35874367 0.0025753174 0.056539595
v 0.34344006 0.00063530623 0.062139206
v 0.36070824 -0.012220835 0.05819254
v 0.34540474 -0.014160869 0.06379214
v 0.33071208 -0.013570967 0.031128306
v 0.3461008 -0.01264802 0.024655228
v 0.32332683 -0.013274466 0.014710134
v 0.3387586 -0.012862726 0.007798022
v 0.33213472 -0.018661203 -0.01047551
v 0.31666523 -0.019628093 -0.0034914096
v 0.32251644 -0.032747425 -0.044269692
v 0.30688125 -0.02021431 -0.03471426
v 0.3091229 -0.035019565 -0.033574615
v -0.24493451 -0.030303374 0.2336975
v -0.23460786 -0.004372131 0.20605388
v -0.16426046 -0.004372675 0.20602322
v -0.19287361 -0.0002854285 0.11121492
v -0.12536444 -0.00026890298 0.11215084
v -0.099866346 -0.0044299406 0.20277885
v -0.17459877 -0.030303374 0.2336975
v -0.09402083 -0.030373544 0.22972235
v -0.24493451 -0.066756405 0.24842304
v -0.17459877 -0.066756405 0.24842304
v -0.09402071 -0.066826575 0.24444789
v -0.09402083 -0.10377661 0.23101811
v -0.17459877 -0.10370644 0.23499326
v -0.24493451 -0.10370644 0.23499326
v -0.099866346 -0.13065499 0.20500703
v -0.16426046 -0.13059774 0.2082514
v -0.23460786 -0.13059717 0.20828207
v -0.12536444 -0.13801208 0.11458235
v -0.19287361 -0.1380286 0.11364644
v 0.060078412 0.0014501828 0.1023995
v 0.05993755 -0.03341489 0.020232627
v 0.07731436 -0.033296283 0.01706856
v 0.057857245 -0.001022367 0.14689201
v 0.06972636 -0.0001149983 0.10014456
v -0.2136137 -0.05056849 0.08797582
v -0.14579014 -0.070423074 0.040709186
v -0.21361364 -0.069582775 0.088311456
v -0.2136137 -0.08859707 0.08864712
v -0.1457902 -0.05140879 0.040373556
v -0.12528051 -0.052998703 0.053672113
v -0.17575778 -0.052401938 0.08747836
v -0.12528051 -0.070188895 0.053975563
v -0.17575778 -0.069592126 0.08778182
v -0.17575778 -0.08678232 0.088085264
v -0.12528051 -0.08737909 0.054279014
v -0.1457902 -0.089437366 0.04104486
v -0.083370015 -0.07097195 0.009616196
v -0.100179955 -0.071292475 -0.008541301
v -0.083370015 -0.053781763 0.009312746
v -0.083370015 -0.08816215 0.009919646
v -0.100180015 -0.052278183 -0.00887693
v -0.021257266 -0.07110383 0.0021451493
v -0.100180015 -0.09030677 -0.008205619
v -0.023487374 -0.07135272 -0.011954069
v -0.021257266 -0.053913645 0.0018416991
v -0.021257266 -0.08829402 0.0024485993
v -0.023487434 -0.052338425 -0.012289698
v -0.023487434 -0.090367034 -0.011618402
v 0.07027735 -0.07100492 0.007748433
v 0.08104493 -0.07123976 -0.00555513
v 0.07027735 -0.05381473 0.007444983
v 0.07027735 -0.088195115 0.0080518825
v 0.08104481 -0.052225478 -0.0058907596
v 0.08104481 -0.090254076 -0.005219456
v 0.095963135 -0.07079062 0.0198889
v 0.095963135 -0.05360042 0.019585451
v 0.095963135 -0.08798081 0.020192351
v 0.11037786 -0.051980734 0.007973609
v 0.11037786 -0.09000934 0.008644912
v 0.11037798 -0.070995025 0.008309238
v 0.36987638 -0.135718 -0.08278977
v 0.33164108 -0.12815809 -0.052505963
v 0.3338827 -0.11332194 -0.05188958
v 0.34351468 -0.13984297 -0.015737448
v 0.372118 -0.12088174 -0.082173385
v 0.34547925 -0.124997705 -0.014607748
v 0.38781726 -0.1433112 -0.035628412
v 0.36268628 -0.14461042 -0.0021816667
v 0.38978183 -0.12846592 -0.03449871
v 0.3521589 -0.12967837 0.003864209
v 0.39444602 -0.14640322 -0.01703255
v 0.39641058 -0.13155794 -0.015902866
v 0.4018662 -0.14790688 0.0014423857
v 0.35764349 -0.14459357 0.019933416
v 0.4038309 -0.13306156 0.00257207
v 0.35960817 -0.12974831 0.021063099
v 0.41662872 -0.15089838 0.038198125
v 0.3724637 -0.1447327 0.054150492
v 0.4185933 -0.13605306 0.039327823
v 0.37442827 -0.12988742 0.055280194
v 0.33017015 -0.13880455 -0.009746421
v 0.33061934 -0.14390492 0.0115270885
v 0.32136226 -0.14329907 0.015613657
v 0.34413624 -0.14357409 0.025574666
v 0.31470063 -0.1375918 -0.0028007962
v 0.32027477 -0.12591077 -0.043503396
v 0.3287474 -0.14242324 0.03201113
v 0.35874367 -0.14281733 0.05910615
v 0.34344006 -0.1406809 0.064633794
v 0.36070824 -0.12797207 0.06023585
v 0.34540474 -0.12583557 0.065763496
v 0.33071208 -0.12757798 0.033140816
v 0.3461008 -0.12872882 0.026704349
v 0.32332683 -0.12845373 0.016743341
v 0.3387586 -0.1291092 0.009850065
v 0.33213472 -0.12395929 -0.008616736
v 0.31666523 -0.12274652 -0.0016710968
v 0.32251644 -0.11107457 -0.042887013
v 0.30688125 -0.1232626 -0.0328952
v 0.30912286 -0.108426385 -0.0322788
v 0.010943546 -0.050587505 0.081203036
v -0.017228827 -0.07031687 0.04672583
v 0.010956659 -0.06978895 0.07663226
v 0.010943546 -0.0888171 0.08187789
v -0.019923672 -0.053546812 0.05051139
v -0.006999419 -0.049844865 0.08345728
v -0.019923672 -0.086942874 0.051100917
v -0.006999419 -0.089479715 0.084156945
v -0.026985988 -0.05364122 0.055279665
v -0.014449344 -0.06972599 0.08019847
v -0.054770574 -0.07061102 0.030062271
v -0.026985988 -0.08668023 0.055862896
v -0.051867113 -0.056249082 0.034381337
v -0.051867113 -0.08481158 0.03488554
v -0.031031117 -0.07014783 0.056302052
v -0.059979066 -0.0703879 0.042702135
v -0.055463485 -0.057176597 0.041887503
v -0.055463478 -0.08361975 0.042354286
v 0.00039274897 -0.030593472 0.21726543
v 0.052270904 -0.066318125 0.27325088
v 0.00039274897 -0.06704647 0.23199096
v 0.00039274897 -0.10399651 0.21856119
v 0.05256565 -0.04976149 0.26873583
v 0.04935862 -0.03016847 0.180267
v 0.05256565 -0.0830238 0.269323
v 0.04935862 -0.10572705 0.18160082
v 0.08233173 -0.049146745 0.24248768
v 0.04849638 -0.06783413 0.18737061
v 0.11527176 -0.06620501 0.27965915
v 0.08233173 -0.084564604 0.2431129
v 0.08496608 -0.0668521 0.24300145
v 0.11463989 -0.056762412 0.27780253
v 0.11463989 -0.07570727 0.27813697
v 0.121549025 -0.05657548 0.26236147
v 0.15272202 -0.06610373 0.28539652
v 0.121549025 -0.07643905 0.26271212
v 0.12260629 -0.06651409 0.26214933
v 0.33017015 -0.0038650278 -0.012128438
v 0.34351468 -0.0030386925 -0.01815239
v 0.33164108 -0.01601399 -0.0544856
v 0.3202748 -0.017942213 -0.045409318
v 0.33061934 0.0019829958 0.008951794
v 0.3338827 -0.030819232 -0.05334596
v 0.36268628 0.0022042014 -0.0047733304
v 0.32251644 -0.032747425 -0.044269692
v 0.34413624 0.00214817 0.023002286
v 0.34547925 -0.017834874 -0.016499452
v 0.35764349 0.0029679118 0.017328579
v 0.33213472 -0.018661203 -0.01047551
v 0.35874367 0.0025753174 0.056539595
v 0.3521589 -0.012505181 0.0017958044
v 0.3724637 0.00431461 0.051519424
v 0.3387586 -0.012862726 0.007798022
v 0.36070824 -0.012220835 0.05819254
v 0.35960817 -0.011828271 0.018981514
v 0.37442827 -0.010481565 0.053172372
v 0.3461008 -0.01264802 0.024655228
v 0.33017015 -0.13880455 -0.009746421
v 0.33164108 -0.12815809 -0.052505963
v 0.34351468 -0.13984297 -0.015737448
v 0.32027477 -0.12591077 -0.043503396
v 0.33061934 -0.14390492 0.0115270885
v 0.3338827 -0.11332194 -0.05188958
v 0.36268628 -0.14461042 -0.0021816667
v 0.32251644 -0.11107457 -0.042887013
v 0.34413624 -0.14357409 0.025574666
v 0.34547925 -0.124997705 -0.014607748
v 0.35764349 -0.14459357 0.019933416
v 0.33213472 -0.12395929 -0.008616736
v 0.35874367 -0.14281733 0.05910615
v 0.3521589 -0.12967837 0.003864209
v 0.3724637 -0.1447327 0.054150492
v 0.3387586 -0.1291092 0.009850065
v 0.36070824 -0.12797207 0.06023585
v 0.35960817 -0.12974831 0.021063099
v 0.37442827 -0.12988742 0.055280194
v 0.3461008 -0.12872882 0.026704349
v -0.6199737 -0.03881906 0.09585813
v -0.63729364 -0.069610074 0.08676329
v -0.6199737 -0.069610074 0.08676329
v -0.6199737 -0.06728578 0.21843226
v -0.6199737 -0.10006092 0.0969392
v -0.63729364 -0.03881906 0.09585813
v -0.6199737 -0.03364451 0.2158693
v -0.6199737 -0.025586393 0.11567717
v -0.63729364 -0.10006095 0.096939206
v -0.63729364 -0.06728578 0.21843226
v -0.6199737 -0.10099656 0.21705823
v -0.6199737 -0.11258584 0.11721294
v -0.63729364 -0.025586423 0.11567717
v -0.63729364 -0.03364451 0.2158693
v -0.63729364 -0.10099659 0.21705823
v -0.63729364 -0.020137994 0.19400565
v -0.6199737 -0.020138023 0.19400565
v -0.6372937 -0.11258584 0.11721294
v -0.63729364 -0.115266286 0.19568491
v -0.6199737 -0.012353785 0.13549623
v -0.63729364 -0.0123537555 0.13549621
v -0.6199737 -0.115266286 0.19568491
v -0.63729364 -0.013774277 0.17748074
v -0.6199737 -0.0137743065 0.17748074
v -0.63729364 -0.12220929 0.17939489
v -0.6199737 -0.12220926 0.17939489
v -0.6199737 -0.1251107 0.13748667
v -0.63729364 -0.1251107 0.13748667
v -0.3820266 -0.038987584 0.093143016
v -0.40014237 -0.06966589 0.08360332
v -0.3820266 -0.06966589 0.08360332
v -0.3820266 -0.06723479 0.22132234
v -0.3820266 -0.099988356 0.09421983
v -0.4001424 -0.038987584 0.093143016
v -0.3820266 -0.033575267 0.21866858
v -0.3820266 -0.025146939 0.11387273
v -0.40014237 -0.099988356 0.09421983
v -0.40014237 -0.06723479 0.22132234
v -0.3820266 -0.10096698 0.21985823
v -0.3820266 -0.113088764 0.115425125
v -0.40014237 -0.025146939 0.11387273
v -0.40014237 -0.033575237 0.21866858
v -0.40014237 -0.10096698 0.21985823
v -0.40014237 -0.019448144 0.19580032
v -0.3820266 -0.019448204 0.19580032
v -0.40014237 -0.113088764 0.115425125
v -0.4001424 -0.11589239 0.1975028
v -0.3820266 -0.011306293 0.13460243
v -0.40014237 -0.011306234 0.13460243
v -0.3820266 -0.11589239 0.1975028
v -0.40014237 -0.012792022 0.17851609
v -0.3820266 -0.012792052 0.17851609
v -0.40014237 -0.1231544 0.18046428
v -0.3820266 -0.1231544 0.18046428
v -0.3820266 -0.12618916 0.1366304
v -0.4001424 -0.12618916 0.1366304
vt 0.16513579 0.45614398
vt 0.16513579 0.45614398
vt 0.16513579 0.45614398
vt 0.16513579 0.45614398
vt 0.08991943 0.9653147
vt 0.08991943 0.9653147
vt 0.08991943 0.9653147
vt 0.08991943 0.9653147
vt 0.08991943 0.9653147
vt 0.08991943 0.9653147
vt 0.08991943 0.9653147
vt 0.08991943 0.9653147
vt 0.08991943 0.9653147
vt 0.08991943 0.9653147
vt 0.08991943 0.9653147
vt 0.08991943 0.9653147
vt 0.08991943 0.9653147
vt 0.08991943 0.9653147
vt 0.08991943 0.9653147
vt 0.08991943 0.9653147
vt 0.08991943 0.9653147
vt 0.08991943 0.9653147
vt 0.08991943 0.9653147
vt 0.08991943 0.9653147
vt 0.29169187 0.6454233
vt 0.29169187 0.6454233
vt 0.29169187 0.6454233
vt 0.29169187 0.6454233
vt 0.29169187 0.6454233
vt 0.29169187 0.6454233
vt 0.29169187 0.6454233
vt 0.29169187 0.6454233
vt 0.29169187 0.6454233
vt 0.29169187 0.6454233
vt 0.29169187 0.6454233
vt 0.29169187 0.6454233
vt 0.29169187 0.6454233
vt 0.29169187 0.6454233
vt 0.29169187 0.6454233
vt 0.29169187 0.6454233
vt 0.29169187 0.6454233
vt 0.29169187 0.6454233
vt 0.29169187 0.6454233
vt 0.29169187 0.6454233
vt 0.08855995 0.9608035
vt 0.08855995 0.9608035
vt 0.08855995 0.9608035
vt 0.08855995 0.9608035
vt 0.08855995 0.9608035
vt 0.08855995 0.9608035
vt 0.08855995 0.9608035
vt 0.08855995 0.9608035
vt 0.08855995 0.9608035
vt 0.08855995 0.9608035
vt 0.08855995 0.9608035
vt 0.08855995 0.9608035
vt 0.08855995 0.9608035
vt 0.08855995 0.9608035
vt 0.08855995 0.9608035
vt 0.08855995 0.9608035
vt 0.08855995 0.9608035
vt 0.08855995 0.9608035
vt 0.08855995 0.9608035
vt 0.08855995 0.9608035
vt 0.08855995 0.9608035
vt 0.08855995 0.9608035
vt 0.08855995 0.9608035
vt 0.08855995 0.9608035
vt 0.08855995 0.9608035
vt 0.08855995 0.9608035
vt 0.08855995 0.9608035
vt 0.08855995 0.9608035
vt 0.08855995 0.9608035
vt 0.08855995 0.9608035
vt 0.08855995 0.9608035
vt 0.08855995 0.9608035
vt 0.08855995 0.9608035
vt 0.08855995 0.9608035
vt 0.08855995 0.9608035
vt 0.08855995 0.9608035
vt 0.08855995 0.9608035
vt 0.08855995 0.9608035
vt 0.08855995 0.9608035
vt 0.08855995 0.9608035
vt 0.08855995 0.9608035
vt 0.08855995 0.9608035
vt 0.08855995 0.9608035
vt 0.08855995 0.9608035
vt 0.08855995 0.9608035
vt 0.08855995 0.9608035
vt 0.08855995 0.9608035
vt 0.08855995 0.9608035
vt 0.08855995 0.9608035
vt 0.08855995 0.9608035
vt 0.08855995 0.9608035
vt 0.08855995 0.9608035
vt 0.08855995 0.9608035
vt 0.08855995 0.9608035
vt 0.08855995 0.9608035
vt 0.08855995 0.9608035
vt 0.08855995 0.9608035
vt 0.08855995 0.9608035
vt 0.08855995 0.9608035
vt 0.08855995 0.9608035
vt 0.08855995 0.9608035
vt 0.08855995 0.9608035
vt 0.08855995 0.9608035
vt 0.08855995 0.9608035
vt 0.08855995 0.9608035
vt 0.08855995 0.9608035
vt 0.08855995 0.9608035
vt 0.08855995 0.9608035
vt 0.08855995 0.9608035
vt 0.08855995 0.9608035
vt 0.08855995 0.9608035
vt 0.08855995 0.9608035
vt 0.08855995 0.9608035
vt 0.08855995 0.9608035
vt 0.08855995 0.9608035
vt 0.08855995 0.9608035
vt 0.08855995 0.9608035
vt 0.08855995 0.9608035
vt 0.08855995 0.9608035
vt 0.08855995 0.9608035
vt 0.08855995 0.9608035
vt 0.08855995 0.9608035
vt 0.08855995 0.9608035
vt 0.08855995 0.9608035
vt 0.08855995 0.9608035
vt 0.08855995 0.9608035
vt 0.08855995 0.9608035
vt 0.08855995 0.9608035
vt 0.08855995 0.9608035
vt 0.08855995 0.9608035
vt 0.08855995 0.9608035
vt 0.08855995 0.9608035
vt 0.08855995 0.9608035
vt 0.08855995 0.9608035
vt 0.08855995 0.9608035
vt 0.08855995 0.9608035
vt 0.08855995 0.9608035
vt 0.08855995 0.9608035
vt 0.08855995 0.9608035
vt 0.08855995 0.9608035
vt 0.08855995 0.9608035
vt 0.16513579 0.45614398
vt 0.16513579 0.45614398
vt 0.16513579 0.45614398
vt 0.16513579 0.45614398
vt 0.16513579 0.45614398
vt 0.16513579 0.45614398
vt 0.16513579 0.45614398
vt 0.16513579 0.45614398
vt 0.16513579 0.45614398
vt 0.16513579 0.45614398
vt 0.16513579 0.45614398
vt 0.16513579 0.45614398
vt 0.16513579 0.45614398
vt 0.16513579 0.45614398
vt 0.16513579 0.45614398
vt 0.16513579 0.45614398
vt 0.16513579 0.45614398
vt 0.16513579 0.45614398
vt 0.16513579 0.45614398
vt 0.16513579 0.45614398
vt 0.16513579 0.45614398
vt 0.16513579 0.45614398
vt 0.16513579 0.45614398
vt 0.16513579 0.45614398
vt 0.16513579 0.45614398
vt 0.16513579 0.45614398
vt 0.16513579 0.45614398
vt 0.16513579 0.45614398
vt 0.16513579 0.45614398
vt 0.16513579 0.45614398
vt 0.16513579 0.45614398
vt 0.16513579 0.45614398
vt 0.16513579 0.45614398
vt 0.16513579 0.45614398
vt 0.16513579 0.45614398
vt 0.16513579 0.45614398
vt 0.16513579 0.45614398
vt 0.16513579 0.45614398
vt 0.16513579 0.45614398
vt 0.16513579 0.45614398
vt 0.16513579 0.45614398
vt 0.16513579 0.45614398
vt 0.16513579 0.45614398
vt 0.16513579 0.45614398
vt 0.16513579 0.45614398
vt 0.16513579 0.45614398
vt 0.16513579 0.45614398
vt 0.16513579 0.45614398
vt 0.16513579 0.45614398
vt 0.16513579 0.45614398
vt 0.16513579 0.45614398
vt 0.16513579 0.45614398
vt 0.16513579 0.45614398
vt 0.16513579 0.45614398
vt 0.16513579 0.45614398
vt 0.16513579 0.45614398
vt 0.16513579 0.45614398
vt 0.16513579 0.45614398
vt 0.16513579 0.45614398
vt 0.16513579 0.45614398
vt 0.16513579 0.45614398
vt 0.16513579 0.45614398
vt 0.16513579 0.45614398
vt 0.16513579 0.45614398
vt 0.16513579 0.45614398
vt 0.15414342 0.58508503
vt 0.15414342 0.58508503
vt 0.15414342 0.58508503
vt 0.15414342 0.58508503
vt 0.15414342 0.58508503
vt 0.15414342 0.58508503
vt 0.15414342 0.58508503
vt 0.15414342 0.58508503
vt 0.15414342 0.58508503
vt 0.15414342 0.58508503
vt 0.15414342 0.58508503
vt 0.15414342 0.58508503
vt 0.15414342 0.58508503
vt 0.15414342 0.58508503
vt 0.15414342 0.58508503
vt 0.15414342 0.58508503
vt 0.15414342 0.58508503
vt 0.15414342 0.58508503
vt 0.15414342 0.58508503
vt 0.15414342 0.58508503
vt 0.15414342 0.58508503
vt 0.15414342 0.58508503
vt 0.15414342 0.58508503
vt 0.15414342 0.58508503
vt 0.15414342 0.58508503
vt 0.15414342 0.58508503
vt 0.15414342 0.58508503
vt 0.15414342 0.58508503
vt 0.15414342 0.58508503
vt 0.15414342 0.58508503
vt 0.15414342 0.58508503
vt 0.15414342 0.58508503
vt 0.15414342 0.58508503
vt 0.15414342 0.58508503
vt 0.15414342 0.58508503
vt 0.15414342 0.58508503
vt 0.15414342 0.58508503
vt 0.15414342 0.58508503
vt 0.15414342 0.58508503
vt 0.15414342 0.58508503
vt 0.15414342 0.58508503
vt 0.15414342 0.58508503
vt 0.15414342 0.58508503
vt 0.15414342 0.58508503
vt 0.15414342 0.58508503
vt 0.15414342 0.58508503
vt 0.15414342 0.58508503
vt 0.15414342 0.58508503
vt 0.15414342 0.58508503
vt 0.15414342 0.58508503
vt 0.15414342 0.58508503
vt 0.15414342 0.58508503
vt 0.15414342 0.58508503
vt 0.15414342 0.58508503
vt 0.15414342 0.58508503
vt 0.15414342 0.58508503
vt 0.15414342 0.58508503
vt 0.15414342 0.58508503
vt 0.15414342 0.58508503
vt 0.15414342 0.58508503
vt 0.15414342 0.58508503
vt 0.15414342 0.58508503
vt 0.15414342 0.58508503
vt 0.15414342 0.58508503
vt 0.16513579 0.45614398
vt 0.16513579 0.45614398
vt 0.16513579 0.45614398
vt 0.16513579 0.45614398
vt 0.16513579 0.45614398
vt 0.16513579 0.45614398
vt 0.16513579 0.45614398
vt 0.16513579 0.45614398
vt 0.16513579 0.45614398
vt 0.16513579 0.45614398
vt 0.15414342 0.58508503
vt 0.15414342 0.58508503
vt 0.15414342 0.58508503
vt 0.15414342 0.58508503
vt 0.15414342 0.58508503
vt 0.15414342 0.58508503
vt 0.15414342 0.58508503
vt 0.15414342 0.58508503
vt 0.15414342 0.58508503
vt 0.15414342 0.58508503
vt 0.15414342 0.58508503
vt 0.15414342 0.58508503
vt 0.15414342 0.58508503
vt 0.15414342 0.58508503
vt 0.15414342 0.58508503
vt 0.15414342 0.58508503
vt 0.15414342 0.58508503
vt 0.15414342 0.58508503
vt 0.15414342 0.58508503
vt 0.15414342 0.58508503
vt 0.15414342 0.58508503
vt 0.15414342 0.58508503
vt 0.15414342 0.58508503
vt 0.15414342 0.58508503
vt 0.15414342 0.58508503
vt 0.15414342 0.58508503
vt 0.15414342 0.58508503
vt 0.15414342 0.58508503
vt 0.15414342 0.58508503
vt 0.15414342 0.58508503
vt 0.15414342 0.58508503
vt 0.15414342 0.58508503
vt 0.15414342 0.58508503
vt 0.15414342 0.58508503
vt 0.15414342 0.58508503
vt 0.15414342 0.58508503
vt 0.15414342 0.58508503
vt 0.15414342 0.58508503
vt 0.15414342 0.58508503
vt 0.15414342 0.58508503
vt 0.15414342 0.58508503
vt 0.15414342 0.58508503
vt 0.15414342 0.58508503
vt 0.15414342 0.58508503
vt 0.15414342 0.58508503
vt 0.09678616 0.980385
vt 0.09678616 0.980385
vt 0.09678616 0.980385
vt 0.09678616 0.980385
vt 0.09678616 0.980385
vt 0.09678616 0.980385
vt 0.09678616 0.980385
vt 0.09678616 0.980385
vt 0.09678616 0.980385
vt 0.09678616 0.980385
vt 0.09678616 0.980385
vt 0.09678616 0.980385
vt 0.09678616 0.980385
vt 0.09678616 0.980385
vt 0.09678616 0.980385
vt 0.09678616 0.980385
vt 0.09678616 0.980385
vt 0.1459172 0.5980576
vt 0.1459172 0.5980576
vt 0.1459172 0.5980576
vt 0.1459172 0.5980576
vt 0.1459172 0.5980576
vt 0.1459172 0.5980576
vt 0.16513579 0.45614398
vt 0.16513579 0.45614398
vt 0.16513579 0.45614398
vt 0.16513579 0.45614398
vt 0.08991943 0.9653147
vt 0.08991943 0.9653147
vt 0.08991943 0.9653147
vt 0.08991943 0.9653147
vt 0.08991943 0.9653147
vt 0.08991943 0.9653147
vt 0.08991943 0.9653147
vt 0.08991943 0.9653147
vt 0.29169187 0.6454233
vt 0.29169187 0.6454233
vt 0.29169187 0.6454233
vt 0.29169187 0.6454233
vt 0.29169187 0.6454233
vt 0.29169187 0.6454233
vt 0.29169187 0.6454233
vt 0.29169187 0.6454233
vt 0.08991943 0.9653147
vt 0.08991943 0.9653147
vt 0.08991943 0.9653147
vt 0.08991943 0.9653147
vt 0.08991943 0.9653147
vt 0.08991943 0.9653147
vt 0.08991943 0.9653147
vt 0.08991943 0.9653147
vt 0.08991943 0.9653147
vt 0.08991943 0.9653147
vt 0.08991943 0.9653147
vt 0.08991943 0.9653147
vt 0.08991943 0.9653147
vt 0.08991943 0.9653147
vt 0.08991943 0.9653147
vt 0.08991943 0.9653147
vt 0.08991943 0.9653147
vt 0.08991943 0.9653147
vt 0.08991943 0.9653147
vt 0.08991943 0.9653147
vt 0.08991943 0.9653147
vt 0.08991943 0.9653147
vt 0.08991943 0.9653147
vt 0.08991943 0.9653147
vt 0.08991943 0.9653147
vt 0.08991943 0.9653147
vt 0.08991943 0.9653147
vt 0.08991943 0.9653147
vt 0.08991943 0.9653147
vt 0.08991943 0.9653147
vt 0.08991943 0.9653147
vt 0.08991943 0.9653147
vt 0.29169187 0.6454233
vt 0.29169187 0.6454233
vt 0.29169187 0.6454233
vt 0.29169187 0.6454233
vt 0.29169187 0.6454233
vt 0.29169187 0.6454233
vt 0.29169187 0.6454233
vt 0.29169187 0.6454233
vt 0.29169187 0.6454233
vt 0.29169187 0.6454233
vt 0.29169187 0.6454233
vt 0.29169187 0.6454233
vt 0.29169187 0.6454233
vt 0.29169187 0.6454233
vt 0.29169187 0.6454233
vt 0.29169187 0.6454233
vt 0.29169187 0.6454233
vt 0.29169187 0.6454233
vt 0.29169187 0.6454233
vt 0.29169187 0.6454233
vt 0.29169187 0.6454233
vt 0.29169187 0.6454233
vt 0.29169187 0.6454233
vt 0.29169187 0.6454233
vt 0.29169187 0.6454233
vt 0.29169187 0.6454233
vt 0.29169187 0.6454233
vt 0.29169187 0.6454233
vt 0.29169187 0.6454233
vt 0.29169187 0.6454233
vt 0.29169187 0.6454233
vt 0.29169187 0.6454233
vt 0.16513579 0.45614398
vt 0.16513579 0.45614398
vt 0.16513579 0.45614398
vt 0.16513579 0.45614398
vt 0.16513579 0.45614398
vt 0.16513579 0.45614398
vt 0.16513579 0.45614398
vt 0.16513579 0.45614398
vt 0.16513579 0.45614398
vt 0.16513579 0.45614398
vt 0.16513579 0.45614398
vt 0.16513579 0.45614398
vt 0.16513579 0.45614398
vt 0.16513579 0.45614398
vt 0.16513579 0.45614398
vt 0.16513579 0.45614398
vt 0.16513579 0.45614398
vt 0.16513579 0.45614398
vt 0.16513579 0.45614398
vt 0.16513579 0.45614398
vt 0.16513579 0.45614398
vt 0.16513579 0.45614398
vt 0.16513579 0.45614398
vt 0.16513579 0.45614398
vt 0.16513579 0.45614398
vt 0.16513579 0.45614398
vt 0.16513579 0.45614398
vt 0.16513579 0.45614398
vt 0.16513579 0.45614398
vt 0.16513579 0.45614398
vt 0.16513579 0.45614398
vt 0.16513579 0.45614398
vt 0.16513579 0.45614398
vt 0.16513579 0.45614398
vt 0.16513579 0.45614398
vt 0.16513579 0.45614398
vt 0.16513579 0.45614398
vt 0.16513579 0.45614398
vt 0.16513579 0.45614398
vt 0.16513579 0.45614398
vt 0.16513579 0.45614398
vt 0.16513579 0.45614398
vt 0.08855995 0.9608035
vt 0.08855995 0.9608035
vt 0.08855995 0.9608035
vt 0.08855995 0.9608035
vt 0.08855995 0.9608035
vt 0.08855995 0.9608035
vt 0.08855995 0.9608035
vt 0.08855995 0.9608035
vt 0.08855995 0.9608035
vt 0.08855995 0.9608035
vt 0.08855995 0.9608035
vt 0.08855995 0.9608035
vt 0.08855995 0.9608035
vt 0.08855995 0.9608035
vt 0.08855995 0.9608035
vt 0.08855995 0.9608035
vt 0.08855995 0.9608035
vt 0.08855995 0.9608035
vt 0.08855995 0.9608035
vt 0.08855995 0.9608035
vt 0.08855995 0.9608035
vt 0.08855995 0.9608035
vt 0.08855995 0.9608035
vt 0.08855995 0.9608035
vt 0.08855995 0.9608035
vt 0.08855995 0.9608035
vt 0.08855995 0.9608035
vt 0.08855995 0.9608035
vt 0.08855995 0.9608035
vt 0.08855995 0.9608035
vt 0.08855995 0.9608035
vt 0.08855995 0.9608035
vt 0.08855995 0.9608035
vt 0.08855995 0.9608035
vt 0.08855995 0.9608035
vt 0.08855995 0.9608035
vt 0.08855995 0.9608035
vt 0.08855995 0.9608035
vt 0.08855995 0.9608035
vt 0.08855995 0.9608035
vt 0.08855995 0.9608035
vt 0.08855995 0.9608035
vt 0.08855995 0.9608035
vt 0.08855995 0.9608035
vt 0.08855995 0.9608035
vt 0.08855995 0.9608035
vt 0.08855995 0.9608035
vt 0.08855995 0.9608035
vt 0.08855995 0.9608035
vt 0.08855995 0.9608035
vt 0.08855995 0.9608035
vt 0.08855995 0.9608035
vt 0.08855995 0.9608035
vt 0.08855995 0.9608035
vt 0.08855995 0.9608035
vt 0.08855995 0.9608035
vt 0.08855995 0.9608035
vt 0.08855995 0.9608035
vt 0.08855995 0.9608035
vt 0.08855995 0.9608035
vt 0.08855995 0.9608035
vt 0.08855995 0.9608035
vt 0.08855995 0.9608035
vt 0.08855995 0.9608035
vt 0.08855995 0.9608035
vt 0.08855995 0.9608035
vt 0.08855995 0.9608035
vt 0.08855995 0.9608035
vt 0.15118402 0.5336538
vt 0.15118402 0.5336538
vt 0.15118402 0.5336538
vt 0.15118402 0.5336538
vt 0.15118402 0.5336538
vt 0.15118402 0.5336538
vt 0.15118402 0.5336538
vt 0.15118402 0.5336538
vt 0.15118402 0.5336538
vt 0.15118402 0.5336538
vt 0.15118402 0.5336538
vt 0.15118402 0.5336538
vt 0.15118402 0.5336538
vt 0.15118402 0.5336538
vt 0.15118402 0.5336538
vt 0.15118402 0.5336538
vt 0.15118402 0.5336538
vt 0.15118402 0.5336538
vt 0.15118402 0.5336538
vt 0.16513579 0.45614398
vt 0.16513579 0.45614398
vt 0.16513579 0.45614398
vt 0.16513579 0.45614398
vt 0.16513579 0.45614398
vt 0.102312945 0.956471
vt 0.102312945 0.956471
vt 0.102312945 0.956471
vt 0.102312945 0.956471
vt 0.102312945 0.956471
vt 0.102312945 0.956471
vt 0.102312945 0.956471
vt 0.102312945 0.956471
vt 0.102312945 0.956471
vt 0.102312945 0.956471
vt 0.102312945 0.956471
vt 0.102312945 0.956471
vt 0.102312945 0.956471
vt 0.102312945 0.956471
vt 0.102312945 0.956471
vt 0.102312945 0.956471
vt 0.102312945 0.956471
vt 0.102312945 0.956471
vt 0.102312945 0.956471
vt 0.102312945 0.956471
vt 0.102312945 0.956471
vt 0.102312945 0.956471
vt 0.102312945 0.956471
vt 0.102312945 0.956471
vt 0.102312945 0.956471
vt 0.102312945 0.956471
vt 0.102312945 0.956471
vt 0.102312945 0.956471
vt 0.102312945 0.956471
vt 0.102312945 0.956471
vt 0.102312945 0.956471
vt 0.102312945 0.956471
vt 0.102312945 0.956471
vt 0.102312945 0.956471
vt 0.102312945 0.956471
vt 0.102312945 0.956471
vt 0.08855995 0.9608035
vt 0.08855995 0.9608035
vt 0.08855995 0.9608035
vt 0.08855995 0.9608035
vt 0.08855995 0.9608035
vt 0.08855995 0.9608035
vt 0.08855995 0.9608035
vt 0.08855995 0.9608035
vt 0.08855995 0.9608035
vt 0.08855995 0.9608035
vt 0.08855995 0.9608035
vt 0.08855995 0.9608035
vt 0.08855995 0.9608035
vt 0.08855995 0.9608035
vt 0.08855995 0.9608035
vt 0.08855995 0.9608035
vt 0.08855995 0.9608035
vt 0.08855995 0.9608035
vt 0.08855995 0.9608035
vt 0.08855995 0.9608035
vt 0.08855995 0.9608035
vt 0.08855995 0.9608035
vt 0.08855995 0.9608035
vt 0.08855995 0.9608035
vt 0.08855995 0.9608035
vt 0.08855995 0.9608035
vt 0.08855995 0.9608035
vt 0.08855995 0.9608035
vt 0.08855995 0.9608035
vt 0.08855995 0.9608035
vt 0.08855995 0.9608035
vt 0.08855995 0.9608035
vt 0.08855995 0.9608035
vt 0.08855995 0.9608035
vt 0.08855995 0.9608035
vt 0.08855995 0.9608035
vt 0.08855995 0.9608035
vt 0.08855995 0.9608035
vt 0.08855995 0.9608035
vt 0.08855995 0.9608035
vt 0.16513579 0.45614398
vt 0.16513579 0.45614398
vt 0.16513579 0.45614398
vt 0.16513579 0.45614398
vt 0.16513579 0.45614398
vt 0.16513579 0.45614398
vt 0.16513579 0.45614398
vt 0.16513579 0.45614398
vt 0.16513579 0.45614398
vt 0.16513579 0.45614398
vt 0.16513579 0.45614398
vt 0.16513579 0.45614398
vt 0.16513579 0.45614398
vt 0.16513579 0.45614398
vt 0.16513579 0.45614398
vt 0.16513579 0.45614398
vt 0.16513579 0.45614398
vt 0.16513579 0.45614398
vt 0.09537696 0.9708091
vt 0.09537696 0.9708091
vt 0.09537696 0.9708091
vt 0.09537696 0.9708091
vt 0.09537696 0.9708091
vt 0.09537696 0.9708091
vt 0.09537696 0.9708091
vt 0.09537696 0.9708091
vt 0.09537696 0.9708091
vt 0.09537696 0.9708091
vt 0.09537696 0.9708091
vt 0.09537696 0.9708091
vt 0.09537696 0.9708091
vt 0.09537696 0.9708091
vt 0.09537696 0.9708091
vt 0.09537696 0.9708091
vt 0.09537696 0.9708091
vt 0.09537696 0.9708091
vt 0.09537696 0.9708091
vt 0.16513579 0.45614398
vt 0.16513579 0.45614398
vt 0.16513579 0.45614398
vt 0.16513579 0.45614398
vt 0.16513579 0.45614398
vt 0.16513579 0.45614398
vt 0.16513579 0.45614398
vt 0.16513579 0.45614398
vt 0.16513579 0.45614398
vt 0.16513579 0.45614398
vt 0.16513579 0.45614398
vt 0.16513579 0.45614398
vt 0.16513579 0.45614398
vt 0.16513579 0.45614398
vt 0.16513579 0.45614398
vt 0.16513579 0.45614398
vt 0.16513579 0.45614398
vt 0.16513579 0.45614398
vt 0.16513579 0.45614398
vt 0.16513579 0.45614398
vt 0.16513579 0.45614398
vt 0.16513579 0.45614398
vt 0.16513579 0.45614398
vt 0.16513579 0.45614398
vt 0.16513579 0.45614398
vt 0.16513579 0.45614398
vt 0.16513579 0.45614398
vt 0.16513579 0.45614398
vt 0.16513579 0.45614398
vt 0.16513579 0.45614398
vt 0.16513579 0.45614398
vt 0.16513579 0.45614398
vt 0.16513579 0.45614398
vt 0.16513579 0.45614398
vt 0.16513579 0.45614398
vt 0.16513579 0.45614398
vt 0.16513579 0.45614398
vt 0.16513579 0.45614398
vt 0.16513579 0.45614398
vt 0.16513579 0.45614398
vt 0.15414342 0.58508503
vt 0.15414342 0.58508503
vt 0.15414342 0.58508503
vt 0.15414342 0.58508503
vt 0.15414342 0.58508503
vt 0.15414342 0.58508503
vt 0.15414342 0.58508503
vt 0.15414342 0.58508503
vt 0.15414342 0.58508503
vt 0.15414342 0.58508503
vt 0.15414342 0.58508503
vt 0.15414342 0.58508503
vt 0.15414342 0.58508503
vt 0.15414342 0.58508503
vt 0.15414342 0.58508503
vt 0.15414342 0.58508503
vt 0.15414342 0.58508503
vt 0.15414342 0.58508503
vt 0.15414342 0.58508503
vt 0.15414342 0.58508503
vt 0.15414342 0.58508503
vt 0.15414342 0.58508503
vt 0.15414342 0.58508503
vt 0.15414342 0.58508503
vt 0.15414342 0.58508503
vt 0.15414342 0.58508503
vt 0.15414342 0.58508503
vt 0.15414342 0.58508503
vt 0.15414342 0.58508503
vt 0.15414342 0.58508503
vt 0.15414342 0.58508503
vt 0.15414342 0.58508503
vt 0.15414342 0.58508503
vt 0.15414342 0.58508503
vt 0.15414342 0.58508503
vt 0.15414342 0.58508503
vt 0.15414342 0.58508503
vt 0.15414342 0.58508503
vt 0.15414342 0.58508503
vt 0.15414342 0.58508503
vt 0.15414342 0.58508503
vt 0.15414342 0.58508503
vt 0.15414342 0.58508503
vt 0.15414342 0.58508503
vt 0.15414342 0.58508503
vt 0.15414342 0.58508503
vt 0.15414342 0.58508503
vt 0.15414342 0.58508503
vt 0.15414342 0.58508503
vt 0.15414342 0.58508503
vt 0.15414342 0.58508503
vt 0.15414342 0.58508503
vt 0.15414342 0.58508503
vt 0.15414342 0.58508503
vt 0.15414342 0.58508503
vt 0.15414342 0.58508503
vn 0.0039369194 0.9786144 0.20566589
vn -0.0010986823 0.9804519 0.19675568
vn -0.0016785241 0.965487 -0.2604459
vn -0.004181088 0.9714163 -0.23734543
vn -0.99513924 0.0017377863 0.09846278
vn -0.99513924 0.0017377863 0.09846278
vn -0.99513924 0.0017377863 0.09846278
vn -0.99513924 0.0017377863 0.09846278
vn -0.99513924 0.0017379815 0.09846251
vn -0.99513924 0.0017379815 0.09846251
vn -0.996808 0.070010595 -0.03836968
vn -0.996808 0.070010595 -0.03836968
vn -0.996808 0.070010595 -0.03836968
vn -0.996808 0.070010595 -0.03836968
vn -0.9967518 0.016867928 -0.07874966
vn -0.9967518 0.016867928 -0.07874966
vn -0.9967518 0.016867928 -0.07874966
vn -0.9967518 0.016867928 -0.07874966
vn -0.9967518 -0.019636918 -0.07810536
vn -0.9967518 -0.019636918 -0.07810536
vn -0.9972257 0.053555578 0.05169618
vn -0.9972257 0.053555578 0.05169618
vn -0.9972257 0.053555578 0.05169618
vn -0.9972257 0.053555578 0.05169618
vn -0.99150825 0.0022877112 0.1300241
vn -0.99150825 0.0022877112 0.1300241
vn -0.99150825 0.0022877112 0.1300241
vn -0.99150825 0.0022877112 0.1300241
vn -0.99150825 0.0022921504 0.13002382
vn -0.99150825 0.0022921504 0.13002382
vn -0.9944121 0.09257812 -0.050731715
vn -0.9944121 0.09257812 -0.050731715
vn -0.9944121 0.09257812 -0.050731715
vn -0.9944121 0.09257812 -0.050731715
vn -0.99428517 0.020352753 -0.104799256
vn -0.99428517 0.020352753 -0.104799256
vn -0.99428517 0.020352753 -0.104799256
vn -0.99428517 0.020352753 -0.104799256
vn -0.99428505 -0.024044618 -0.10401521
vn -0.99428505 -0.024044618 -0.10401521
vn -0.99514246 0.07082677 0.06837402
vn -0.99514246 0.07082677 0.06837402
vn -0.99514246 0.07082677 0.06837402
vn -0.99514246 0.07082677 0.06837402
vn -0.008606238 0.8773786 -0.4797215
vn -0.0039369836 0.848771 -0.52874607
vn -0.008331583 0.9869415 -0.16086362
vn -0.02429337 0.611729 -0.7906943
vn -0.051638696 0.8863117 -0.4602009
vn -0.020234197 0.9764297 -0.21488534
vn -0.004181088 0.9714163 -0.23734543
vn 0.08584973 0.9560968 0.28019422
vn 0.0039369194 0.9786144 0.20566589
vn 0.007782282 0.8907203 0.45448524
vn -0.9892763 -0.0025636037 -0.14603385
vn 0.7677143 0.0112921605 0.6406928
vn 0.5773545 0.42762926 0.6955537
vn -0.008331816 -0.99200493 -0.12592335
vn 0.5773579 -0.40281987 0.710207
vn -0.024293566 -0.6392627 -0.7686046
vn -0.034791186 -0.01760922 -0.99923944
vn -0.008606507 -0.8937645 -0.448454
vn -0.003936933 -0.8669187 -0.49843395
vn 0.24280885 0.9087631 0.3394014
vn -0.051668357 0.9742522 -0.21946082
vn -0.07165973 0.66205895 -0.746018
vn -0.23377672 0.658115 -0.7157046
vn -0.8858533 -0.008179173 -0.46389338
vn -0.23377942 -0.6829655 -0.6920298
vn -0.014893436 0.39589685 -0.91817427
vn -0.12583083 0.8737353 -0.46984372
vn -0.071660265 -0.6879751 -0.72218776
vn -0.014893557 -0.42806768 -0.9036239
vn -0.17215857 0.6188675 -0.76639706
vn -0.051637854 -0.90201443 -0.4286064
vn -0.020233871 -0.9834027 -0.18030423
vn -0.004181064 -0.979193 -0.20288843
vn 0.08585081 -0.94561017 0.31376895
vn 0.0039369552 -0.97074944 0.24006273
vn 0.0077823047 -0.8741207 0.48564634
vn -0.3161537 0.6035273 -0.73198473
vn -0.40226778 -0.016144423 -0.9153797
vn 0.28248453 -0.016907565 -0.9591229
vn -0.20194744 0.85863525 -0.4711293
vn -0.08871841 0.97047013 -0.22431381
vn 0.19291364 0.92379415 0.33073962
vn -0.2001166 0.9004484 -0.38619417
vn -0.5449864 0.65748125 -0.52029616
vn -0.08127305 0.96728045 -0.24033992
vn 0.00332661 0.94445205 0.32863244
vn -0.7942343 -0.010712274 -0.6075172
vn -0.023163622 0.6781234 0.73458284
vn -0.54497856 -0.67544746 -0.49675846
vn 0.39086485 0.6670675 0.6342284
vn -0.026459852 0.40004125 0.91611516
vn -0.31614947 -0.62900287 -0.71021473
vn -0.20011404 -0.9135296 -0.35414416
vn 0.4291972 0.7158373 0.5507873
vn 0.4884558 0.37324676 0.78873175
vn -0.0037538537 0.01764006 0.9998374
vn -0.20194484 -0.8747382 -0.4405126
vn -0.08127134 -0.97516453 -0.20603184
vn -0.17216003 -0.6455467 -0.7440634
vn -0.12582913 -0.88977647 -0.43870813
vn -0.088720046 -0.97778225 -0.18992254
vn 0.0033265608 -0.93226105 0.3617711
vn -0.051668175 -0.98139006 -0.18494338
vn 0.19291303 -0.91155297 0.36311963
vn -0.02316404 -0.6517671 0.7580653
vn 0.24280855 -0.8962187 0.3712627
vn 0.3908681 -0.6442747 0.65736777
vn -0.026459914 -0.3674479 0.92966765
vn 0.42919636 -0.69596773 0.5756902
vn 0.48846358 -0.34517482 0.8014099
vn 0.19089584 -0.8345093 0.5168684
vn 0.50507015 0.015229318 0.8629438
vn 0.6124368 -0.3995015 0.6821435
vn 0.61243534 0.42333633 0.66761464
vn 0.6895175 0.012756974 0.7241567
vn 0.3300341 -0.4430465 0.83353907
vn 0.0005493493 -0.4912404 0.8710239
vn 0.19090037 0.8522305 0.4870935
vn 0.33003876 0.47219902 0.8173754
vn 0.4045561 0.016113881 0.9143712
vn 0.00054934464 0.5216943 0.85313225
vn -0.004638891 -0.48397064 0.8750719
vn -0.0025941338 -0.87852633 0.47768685
vn -0.010528913 0.017639743 0.99978894
vn -0.0052492553 0.017639939 0.9998306
vn -0.004638953 0.51455754 0.85744333
vn -0.0025941783 0.89483887 0.44638178
vn 0.931158 0.010492053 -0.36446482
vn 0.931158 0.010492053 -0.36446482
vn 0.931158 0.010492053 -0.36446482
vn 0.931158 0.010492053 -0.36446482
vn 0.931158 0.010492053 -0.36446482
vn 0.931158 0.010492053 -0.36446482
vn 0.931158 0.010492053 -0.36446482
vn 0.931158 0.010492053 -0.36446482
vn 0.9311581 -0.023348955 -0.36386734
vn 0.9311581 -0.023348955 -0.36386734
vn 0.9311581 -0.023348955 -0.36386734
vn 0.9311581 -0.023348955 -0.36386734
vn 0.9311581 -0.023348955 -0.36386734
vn 0.9311581 -0.023348955 -0.36386734
vn 0.0012207632 0.46987173 -0.8827338
vn -0.0013123307 -0.017640166 -0.9998435
vn 0.00021363163 0.4777719 -0.87848383
vn -0 -0.017640183 -0.99984443
vn 0.0012207684 -0.5007592 -0.86558586
vn 0.00021363531 -0.5084825 -0.86107236
vn 0.15341799 0.91779184 0.36622557
vn 0.0053103333 0.97026503 -0.24198641
vn 0.11664365 0.9546651 -0.27387756
vn 0.054324392 0.95940536 0.2767492
vn 0.27793455 0.5729901 0.770996
vn 0.060915373 0.9848697 -0.16223752
vn 0.14984818 0.6332382 0.75931215
vn 0.30489 0.016785735 0.9522396
vn 0.11881213 0.9137516 0.3885123
vn -0.16434611 0.9562288 -0.24210912
vn 0.15057996 0.01742626 0.98844427
vn -0.0152288005 0.73577386 0.677056
vn 0.22685242 0.904022 0.36232907
vn -0.3649175 0.016419303 0.93089515
vn -0.01522882 -0.7114209 0.702601
vn 0.57623225 0.63183814 0.5183984
vn 0.14985017 -0.6060234 0.78120464
vn 0.27793702 -0.545406 0.79074866
vn 0.054323327 -0.9490407 0.31043646
vn 0.15342095 -0.9042895 0.3984001
vn 0.11881195 -0.8994672 0.42052656
vn 0.116644785 -0.96373856 -0.24000381
vn 0.0053103394 -0.97820115 -0.20759155
vn 0.06091625 -0.98998064 -0.127387
vn -0.16434376 -0.9641805 -0.20819926
vn 0.22684968 -0.89067405 0.39400363
vn 0.576229 -0.6131569 0.54036915
vn 0.01538161 -0.98979443 -0.14166951
vn -0.32521394 -0.7634715 -0.5579848
vn -0.0017090561 -0.78320545 -0.62176067
vn 0.7011394 -0.7127976 -0.017975586
vn 0.7171672 -0.6278379 -0.30247432
vn 0.6832617 -0.6540244 0.3246622
vn 0.79234064 -0.2606954 0.5515743
vn 0.81855416 0.010132358 0.5743399
vn 0.79128426 -0.28126955 -0.5429149
vn 0.99004143 0.0024720517 0.14075436
vn 0.84660727 -0.009369446 -0.5321357
vn 0.045077257 -0.32143104 -0.94585943
vn 0.7923346 0.27998143 0.5420482
vn 0.7912893 0.26192173 -0.5525017
vn 0.045076318 0.2878537 -0.95661294
vn 0.71717876 0.6167695 -0.32442275
vn 0.038728382 -0.017609358 -0.9990946
vn -0.6481931 -0.01342836 -0.76135755
vn -0.5893192 -0.29377457 -0.7525951
vn -0.5893275 0.26701325 -0.7624939
vn -0.45321274 -0.4668854 -0.75935256
vn -0.4532085 0.43978012 -0.77536803
vn -0.57245153 -0.014466174 -0.8198109
vn 0.26512134 -0.49838057 -0.8254257
vn 0.26511896 0.46892518 -0.84250885
vn 0.37385476 -0.016358053 -0.92734295
vn 0.3449248 -0.46916735 -0.81296295
vn 0.34489897 0.44018036 -0.8290271
vn 0.39098504 -0.016236363 -0.9202539
vn -0.003509722 -0.51104605 -0.8595461
vn -0.0035096982 0.48037094 -0.8770584
vn -0.0040285215 -0.017640041 -0.9998363
vn 0.7912893 0.26192173 -0.5525017
vn 0.71717876 0.6167695 -0.32442275
vn -0.0017090566 0.7607744 -0.64901423
vn 0.045076318 0.2878537 -0.95661294
vn -0.32521218 0.7432942 -0.58459455
vn -0.5893275 0.26701325 -0.7624939
vn -0.16434611 0.9562288 -0.24210912
vn -0.4532085 0.43978012 -0.77536803
vn 0.060915373 0.9848697 -0.16223752
vn 0.26511896 0.46892518 -0.84250885
vn 0.11664365 0.9546651 -0.27387756
vn 0.34489897 0.44018036 -0.8290271
vn 0.0053103333 0.97026503 -0.24198641
vn -0.0035096982 0.48037094 -0.8770584
vn 0.00021363163 0.4777719 -0.87848383
vn 0.00332657 0.96882534 -0.24772263
vn 0.15341799 0.91779184 0.36622557
vn 0.077184066 0.90991133 0.4075587
vn 0.27793455 0.5729901 0.770996
vn 0.16059239 0.5531922 0.817428
vn 0.30489 0.016785735 0.9522396
vn 0.18064426 0.017335013 0.9833957
vn 0.1605936 -0.5239892 0.83644783
vn 0.27793702 -0.545406 0.79074866
vn 0.077182114 -0.89496464 0.4394101
vn 0.15342095 -0.9042895 0.3984001
vn 0.00332653 -0.9769622 -0.21338622
vn 0.0006714142 0.96546304 -0.26053923
vn 0.0053103394 -0.97820115 -0.20759155
vn 0.0012207632 0.46987173 -0.8827338
vn 0.00021363531 -0.5084825 -0.86107236
vn 0.00067142677 -0.9740571 -0.22630133
vn -0.4706435 0.3365707 -0.81560713
vn -0.5747793 0.7207555 -0.38747936
vn -3.0519186E-05 0.9217405 0.3878073
vn -0.68795604 0.7166133 0.114811935
vn 3.0518662E-05 0.56520563 0.82495
vn -0.7809976 0.44937116 0.43371457
vn -0.55892974 -0.0146187255 -0.8290862
vn -0 -0.017640183 -0.99984443
vn -0 0.017640183 0.99984443
vn -0.7502392 0.011658112 0.6610638
vn -0.78099835 -0.43377605 0.44931057
vn 3.0519514E-05 -0.5357395 0.8443833
vn -0.6879661 -0.71210694 0.14002256
vn -3.0518946E-05 -0.90748096 0.4200933
vn -0.5747687 -0.73398757 -0.3618055
vn 0.0012207684 -0.5007592 -0.86558586
vn -0.47064137 -0.36516598 -0.8032125
vn -0.003509722 -0.51104605 -0.8595461
vn -0.0013123307 -0.017640166 -0.9998435
vn 0.3449248 -0.46916735 -0.81296295
vn -0.0040285215 -0.017640041 -0.9998363
vn 0.116644785 -0.96373856 -0.24000381
vn 0.26512134 -0.49838057 -0.8254257
vn 0.06091625 -0.98998064 -0.127387
vn -0.45321274 -0.4668854 -0.75935256
vn -0.16434376 -0.9641805 -0.20819926
vn -0.5893192 -0.29377457 -0.7525951
vn -0.32521394 -0.7634715 -0.5579848
vn 0.045077257 -0.32143104 -0.94585943
vn -0.0017090561 -0.78320545 -0.62176067
vn 0.79128426 -0.28126955 -0.5429149
vn 0.7171672 -0.6278379 -0.30247432
vn -0.4706435 0.3365707 -0.81560713
vn -0.5747793 0.7207555 -0.38747936
vn -0.68795604 0.7166133 0.114811935
vn -0.7809976 0.44937116 0.43371457
vn -0.7502392 0.011658112 0.6610638
vn -0.55892974 -0.0146187255 -0.8290862
vn -0.78099835 -0.43377605 0.44931057
vn -0.6879661 -0.71210694 0.14002256
vn -0.47064137 -0.36516598 -0.8032125
vn -0.5747687 -0.73398757 -0.3618055
vn -0.004181088 0.9714163 -0.23734543
vn -0.0039369836 0.848771 -0.52874607
vn -0.008606238 0.8773786 -0.4797215
vn -0.0016785241 0.965487 -0.2604459
vn -0.7070551 0.5881189 -0.39266932
vn -0.6442349 0.73557955 -0.20948543
vn -0.8090999 0.5784648 -0.10361337
vn -0.0010986823 0.9804519 0.19675568
vn -0.008331583 0.9869415 -0.16086362
vn -0.6715658 0.7260723 0.14771089
vn -0.003784357 0.8402799 -0.5421397
vn -0.5764352 0.68550867 -0.44474745
vn 0.5773545 0.42762926 0.6955537
vn 0.5753528 0.6883968 -0.44167754
vn -0.6706288 -0.013092735 -0.7416775
vn -0.0025941783 0.89483887 0.44638178
vn 0.0039369194 0.9786144 0.20566589
vn 0.007782282 0.8907203 0.45448524
vn -0.6868091 0.65113187 0.32298705
vn -0.004638953 0.51455754 0.85744333
vn -0.61710614 0.4057885 0.67417777
vn -0.0052492553 0.017639939 0.9998306
vn -0.69634974 0.012665342 0.7175908
vn -0.6171003 -0.38173544 0.6880882
vn -0.004638891 -0.48397064 0.8750719
vn -0.6868146 -0.639326 0.3457573
vn -0.0025941338 -0.87852633 0.47768685
vn -0.6715566 -0.7204187 0.1732301
vn -0.0010987032 -0.97290176 0.23121601
vn -0.64422405 -0.7425255 -0.18338825
vn 0.0039369552 -0.97074944 0.24006273
vn 0.0077823047 -0.8741207 0.48564634
vn -0.0016785497 -0.9740777 -0.22620746
vn -0.7070422 -0.6016283 -0.37166488
vn -0.003936933 -0.8669187 -0.49843395
vn -0.004181064 -0.979193 -0.20288843
vn -0.008606507 -0.8937645 -0.448454
vn -0.8091 -0.58176094 -0.08313486
vn -0.008331816 -0.99200493 -0.12592335
vn -0.0037843487 -0.8588946 -0.51213837
vn -0.5764406 -0.7007745 -0.42027545
vn 0.5773579 -0.40281987 0.710207
vn 0.5753485 -0.70355976 -0.4171063
vn -0.0053408095 -0.017639931 -0.9998301
vn 0.66241133 -0.013214656 -0.7490238
vn -0.6442349 0.73557955 -0.20948543
vn -0.6715658 0.7260723 0.14771089
vn -0.6868091 0.65113187 0.32298705
vn -0.7070551 0.5881189 -0.39266932
vn -0.61710614 0.4057885 0.67417777
vn -0.8090999 0.5784648 -0.10361337
vn -0.69634974 0.012665342 0.7175908
vn -1 0 0
vn -0.5764352 0.68550867 -0.44474745
vn -0.6706288 -0.013092735 -0.7416775
vn -0.5764406 -0.7007745 -0.42027545
vn -0.8091 -0.58176094 -0.08313486
vn -0.6171003 -0.38173544 0.6880882
vn -0.7070422 -0.6016283 -0.37166488
vn -0.6868146 -0.639326 0.3457573
vn -0.6715566 -0.7204187 0.1732301
vn -0.64422405 -0.7425255 -0.18338825
vn 0.5773545 0.42762926 0.6955537
vn 0.5753528 0.6883968 -0.44167754
vn 0.66241133 -0.013214656 -0.7490238
vn 0.7677143 0.0112921605 0.6406928
vn 0.5773579 -0.40281987 0.710207
vn 0.5753485 -0.70355976 -0.4171063
vn 0.0039369552 -0.97074944 0.24006273
vn -0.004181064 -0.979193 -0.20288843
vn -0.0016785497 -0.9740777 -0.22620746
vn -0.0010987032 -0.97290176 0.23121601
vn -0.9968078 -0.07132558 -0.035874948
vn -0.9968078 -0.07132558 -0.035874948
vn -0.9968078 -0.07132558 -0.035874948
vn -0.9968078 -0.07132558 -0.035874948
vn -0.9972258 -0.05169577 0.053554326
vn -0.9972258 -0.05169577 0.053554326
vn -0.9972258 -0.05169577 0.053554326
vn -0.9972258 -0.05169577 0.053554326
vn -0.9944119 -0.09431326 -0.04743317
vn -0.9944119 -0.09431326 -0.04743317
vn -0.9944119 -0.09431326 -0.04743317
vn -0.9944119 -0.09431326 -0.04743317
vn -0.9951422 -0.068373404 0.07083106
vn -0.9951422 -0.068373404 0.07083106
vn -0.9951422 -0.068373404 0.07083106
vn -0.9951422 -0.068373404 0.07083106
vn -0 0.39891917 0.9169861
vn -0 0.017640183 0.99984443
vn -0.67138255 0.013062035 0.7409958
vn -0 -0.366318 0.9304898
vn -0.6062031 0.3197803 0.7281884
vn -0.6062043 -0.29387006 0.73902416
vn -0 0.99114424 0.1327894
vn -0 -0.9858374 0.16770405
vn -0.5770504 0.80942094 0.108860746
vn -0.5770582 -0.80506766 0.1373672
vn -0 0.6047698 -0.7964003
vn -0 -0.6324796 -0.77457696
vn -0.60323805 0.48244393 -0.6350998
vn -0.6032357 -0.5045682 -0.61767113
vn -0 -0.017640183 -0.99984443
vn -0.6300737 -0.013703226 -0.7764144
vn -0.7411091 -0.011841631 -0.6712801
vn -0 -0.017640183 -0.99984443
vn -0 -0.39891917 -0.9169861
vn -0 0.366318 -0.9304898
vn -0.83439827 -0.22758259 -0.5019818
vn -0.8343966 0.20972839 -0.5097022
vn -0 -0.99114424 -0.1327894
vn -0 0.9858374 -0.16770405
vn -0.8896311 -0.45232326 -0.062930346
vn -0.8896305 0.44982037 -0.078861244
vn -0 -0.58474034 0.81122047
vn -0 0.6130063 0.790078
vn -0.84495336 -0.3127603 0.4338603
vn -0.8449528 0.3278976 0.42253745
vn -0 0.017640183 0.99984443
vn -0.78256935 0.010986856 0.62246644
vn -0 0.39891917 0.9169861
vn -0 0.017640183 0.99984443
vn -0.6595222 0.013245378 0.7515684
vn -0 -0.366318 0.9304898
vn -0.5983008 0.32292497 0.73331827
vn -0.5982902 -0.29685616 0.7442615
vn -0 0.99114424 0.1327894
vn -0 -0.9858374 0.16770405
vn -0.57116854 0.81349176 0.10953375
vn -0.57116354 -0.80912036 0.13819014
vn -0 0.59808415 -0.8014334
vn -0 -0.6260042 -0.77981967
vn -0.5946456 0.48111242 -0.6441486
vn -0.59464055 -0.5035401 -0.6267775
vn -0 -0.017640183 -0.99984443
vn -0.6242413 -0.013764193 -0.78111035
vn -0.751682 -0.011627723 -0.65942323
vn -0 -0.017640183 -0.99984443
vn -0 -0.39891917 -0.9169861
vn -0 0.366318 -0.9304898
vn -0.8435827 -0.22449961 -0.4878198
vn -0.84358734 0.20716584 -0.49542174
vn -0 -0.99114424 -0.1327894
vn -0 0.9858374 -0.16770405
vn -0.89634293 -0.4390158 -0.061923046
vn -0.8963371 0.4365714 -0.07736515
vn -0 -0.5759544 0.81748176
vn -0 0.6044392 0.79665124
vn -0.85593134 -0.29798594 0.42259437
vn -0.85593647 0.3127284 0.41179317
vn -0 0.017640183 0.99984443
vn -0.7861943 0.010895205 0.6178832
vn -0.73193234 -0.012024406 -0.68127114
vn -0.4112162 -0.01608364 -0.91139597
vn -0.30894765 0.68943274 -0.6551595
vn -0.3089476 -0.7121085 -0.6304386
vn -0.58913696 0.6108664 -0.52892315
vn -0.15747765 0.9585079 -0.23762035
vn -0.10260594 0.978724 -0.17768347
vn -0.056673203 0.99350536 -0.098666914
vn -0.08017443 0.98904175 -0.12396975
vn 0.05603293 0.9567104 0.28559703
vn -0.10876876 0.8893463 0.44410858
vn 0.15848675 0.7949974 0.5855434
vn -0.095309995 0.7090417 0.6986959
vn 0.24305744 0.49835324 0.83220625
vn -0.06732486 0.39992067 0.9140738
vn 0.28300327 0.01690756 0.95896995
vn -0.5449864 0.65748125 -0.52029616
vn -0.2001166 0.9004484 -0.38619417
vn -0.08127305 0.96728045 -0.24033992
vn 0.00332661 0.94445205 0.32863244
vn -0.023163622 0.6781234 0.73458284
vn -0.7942343 -0.010712274 -0.6075172
vn -0.026459852 0.40004125 0.91611516
vn -0.08056983 0.017578874 0.9965939
vn -0.0037538537 0.01764006 0.9998374
vn -0.026459914 -0.3674479 0.92966765
vn -0.58913714 -0.6291474 -0.5070413
vn -0.54497856 -0.67544746 -0.49675846
vn -0.06732435 -0.36741513 0.92761713
vn 0.2430547 -0.46865243 0.84928757
vn -0.02316404 -0.6517671 0.7580653
vn -0.15747938 -0.9663008 -0.20362449
vn -0.20011404 -0.9135296 -0.35414416
vn -0.10260464 -0.9843881 -0.14301172
vn -0.09531253 -0.68394285 0.7232826
vn 0.15848659 -0.7738467 0.61322373
vn 0.0033265608 -0.93226105 0.3617711
vn -0.056674626 -0.99636865 -0.06354151
vn -0.08017257 -0.99280316 -0.08896195
vn -0.08127134 -0.97516453 -0.20603184
vn 0.056033537 -0.94603896 0.31917143
vn -0.10877017 -0.8731217 0.47521335
vn 0.24305744 0.49835324 0.83220625
vn 0.89066905 0.007996001 0.45458183
vn 0.28300327 0.01690756 0.95896995
vn 0.2430547 -0.46865243 0.84928757
vn 0.83222556 0.41136703 0.37172276
vn 0.8322342 -0.39797333 0.3860097
vn 0.15848675 0.7949974 0.5855434
vn 0.15848659 -0.7738467 0.61322373
vn 0.8020427 0.5838615 0.12583037
vn 0.8020066 -0.5790964 0.14639924
vn 0.05603293 0.9567104 0.28559703
vn 0.056033537 -0.94603896 0.31917143
vn 0.65254277 0.7567677 -0.038607482
vn 0.65253067 -0.75766927 -0.011871963
vn -0.08017443 0.98904175 -0.12396975
vn -0.08017257 -0.99280316 -0.08896195
vn 0.59930456 0.720313 -0.34926116
vn 0.5993064 -0.73218715 -0.323626
vn -0.10260594 0.978724 -0.17768347
vn -0.10260464 -0.9843881 -0.14301172
vn 0.6031572 0.7019794 -0.3787167
vn 0.6032141 -0.7148537 -0.35371876
vn -0.30894765 0.68943274 -0.6551595
vn -0.3089476 -0.7121085 -0.6304386
vn 0.34590855 0.5591791 -0.7534361
vn 0.3459076 -0.5854243 -0.73323005
vn -0.4112162 -0.01608364 -0.91139597
vn 0.35502923 -0.016480338 -0.93470985
vn -0.13443841 -0.4980173 0.85668254
vn 0.2818726 0.8518436 0.44148642
vn 0.54903805 -0.51870215 0.65536654
vn 0.18668714 -0.9567526 0.2230968
vn -0.31679478 0.6058472 0.7297878
vn -0.1925473 0.95583916 -0.22202913
vn -0.5399188 -0.7505332 0.3810348
vn 0.09732601 -0.9876957 0.12241285
vn -0.7777815 0.6163045 0.12338907
vn -0.09866819 0.9874449 -0.12335812
vn -0.559293 -0.757423 0.33690032
vn -0.7439354 0.64447343 0.1766755
vn -0.5816954 -0.7547695 0.30323842
vn 0.07175032 -0.99717987 0.022004243
vn -0.7183273 0.6527723 0.24061233
vn -0.076846875 0.9968425 -0.019989954
vn -0.6690434 -0.68723285 -0.28300518
vn -0.1517397 -0.7688613 -0.6211501
vn -0.8101082 0.44955143 -0.37633526
vn -0.31468415 0.6330611 -0.70725346
vn 0.21689834 -0.9358643 0.27769214
vn 0.70945543 -0.68128604 -0.1803395
vn 0.09744871 -0.9877325 0.12201689
vn 0.059237614 -0.9981584 -0.013062184
vn 0.80821645 -0.58841527 -0.023530507
vn 0.55618364 -0.47719967 0.6803971
vn 0.6879335 -0.6542098 -0.3142563
vn -0.15851532 -0.7565032 -0.6344886
vn 0.38563788 -0.561183 -0.732364
vn -0.31083763 0.6481049 -0.6952265
vn 0.25391796 0.5931365 -0.7640123
vn 0.5997935 0.7541595 -0.26737857
vn -0.062197972 0.9979448 0.0154121565
vn 0.61646587 0.69801426 -0.36434323
vn -0.098666675 0.9875213 -0.122745864
vn -0.22153662 0.9349767 -0.27701998
vn 0.54239386 0.7112281 -0.44717276
vn 0.26224867 0.87680715 0.4030322
vn 0.8816594 -0.3191968 0.3475488
vn 0.5888997 0.8045792 0.07648126
vn 3.0518662E-05 0.56520563 0.82495
vn -3.0519186E-05 0.9217405 0.3878073
vn 0.011658347 0.91862893 0.3949494
vn 0.0006714142 0.96546304 -0.26053923
vn 0.00332657 0.96882534 -0.24772263
vn 0.077184066 0.90991133 0.4075587
vn 0.01922703 0.56222284 0.8267623
vn 0.16059239 0.5531922 0.817428
vn -0 0.017640183 0.99984443
vn 0.024506405 0.017639728 0.99954396
vn 0.18064426 0.017335013 0.9833957
vn 0.1605936 -0.5239892 0.83644783
vn 0.01922731 -0.532688 0.8460932
vn 3.0519514E-05 -0.5357395 0.8443833
vn 0.077182114 -0.89496464 0.4394101
vn 0.011658401 -0.90410596 0.42714918
vn -3.0518946E-05 -0.90748096 0.4200933
vn 0.00332653 -0.9769622 -0.21338622
vn 0.00067142677 -0.9740571 -0.22630133
vn 0.015381573 0.9841765 -0.17652187
vn -0.32521218 0.7432942 -0.58459455
vn -0.0017090566 0.7607744 -0.64901423
vn 0.68326336 0.6650739 0.3013769
vn 0.70114946 0.7117091 -0.04312371
vn 0.5349755 -0.35225555 0.7679305
vn 0.65783054 0.013275634 0.7530489
vn 0.5745327 0.014435803 0.8183543
vn 0.5349742 0.37914228 0.755019
vn 0.4289562 -0.7512457 0.501624
vn -0.4884349 -0.66593665 -0.5638793
vn -0.31941327 -0.8280452 -0.4607779
vn -0.6457647 -0.013459152 -0.7634178
vn -0.5565197 -0.01464927 -0.83070517
vn -0.319416 0.81126654 -0.4897142
vn -0.4884248 0.6456278 -0.5870315
vn 0.42895374 0.7684849 0.4747943
vn -0.45001248 -0.015748147 -0.89288336
vn 0.42064318 0.015991949 0.90708524
vn -0.28532025 -0.7677919 -0.57366186
vn -0.28532076 0.747071 -0.6003974
vn 0.31538627 -0.6431634 0.69776237
vn -0.029268019 -0.017640162 -0.9994159
vn 0.3153912 0.6673756 0.6746393
vn -0.008331747 0.017640108 0.9998097
vn -0.018708162 -0.6958643 -0.7179296
vn -0.01870802 0.67010117 -0.74203396
vn -0.0072025666 -0.7230339 0.690775
vn -0.0072023803 0.74697226 0.6648163
vn 0.24872817 -0.017090527 -0.9684225
vn -0.24872817 0.017090527 0.9684225
vn 0.17108935 -0.71777564 -0.67492706
vn 0.17108978 0.6935149 -0.6998323
vn -0.17322658 -0.69168556 0.70111597
vn -0.17322843 0.71598643 0.67628056
vn 0.42735758 -0.015930919 -0.9039423
vn 0.28441182 -0.75688523 -0.58841723
vn 0.2844138 0.73564875 -0.6147599
vn -0.3387684 -0.5969038 0.72728384
vn -0.33876663 0.62220144 0.7057638
vn -0.42735758 0.015930919 0.9039423
vn -0.134436 0.5279474 0.83856934
vn 0.5490384 0.54150015 0.6366587
vn 0.2818734 -0.835732 0.47127423
vn 0.18668427 0.9640319 0.18918683
vn -0.316791 -0.5797153 0.7507153
vn -0.19254321 -0.96308225 -0.18814848
vn -0.53991187 0.7635247 0.35429525
vn 0.09732431 0.99140173 0.08746674
vn -0.7777927 -0.6115523 0.14505978
vn -0.09866684 -0.9911851 -0.08841257
vn -0.55929595 0.7688412 0.30995357
vn -0.7439271 -0.63784367 0.19931851
vn -0.5816988 0.764998 0.27641374
vn 0.07175056 0.99733585 -0.013153761
vn -0.71833307 -0.64386594 0.26350376
vn -0.076846376 -0.99692756 0.015167851
vn -0.6690528 0.6768047 -0.30708915
vn -0.15174103 0.74646693 -0.64789027
vn -0.810101 -0.46257913 -0.3602178
vn -0.31468707 -0.6576353 -0.6844619
vn 0.21689864 0.94508237 0.24448784
vn 0.0974486 0.9914243 0.08707199
vn 0.7094495 0.67450505 -0.20426507
vn 0.059236757 0.9970758 -0.048280556
vn 0.8082132 0.58722264 -0.044283565
vn 0.55618733 0.5009165 0.66312766
vn 0.68793756 0.6427078 -0.33714768
vn -0.15851788 0.7336258 -0.6608065
vn 0.3856356 0.53499466 -0.7517087
vn -0.3108381 -0.6722466 -0.6719109
vn 0.25392276 -0.61973023 -0.742602
vn 0.5997882 -0.7631254 -0.24061112
vn -0.062197585 -0.9967788 0.05063091
vn 0.6164693 -0.71043974 -0.33947167
vn -0.098669164 -0.991239 -0.087804265
vn -0.22153853 -0.944171 -0.24384803
vn 0.5423848 -0.7265673 -0.42180395
vn 0.26225483 -0.8620257 0.43374434
vn 0.88165426 0.3312918 0.3360529
vn 0.5889013 -0.80137694 0.10483395
vn -0.014893436 0.39589685 -0.91817427
vn 0.5746984 -0.014435365 -0.818238
vn 0.28248453 -0.016907565 -0.9591229
vn -0.014893557 -0.42806768 -0.9036239
vn 0.35301515 0.7406696 -0.5716545
vn -0.23377672 0.658115 -0.7157046
vn 0.3530195 -0.76039433 -0.54514
vn -0.23377942 -0.6829655 -0.6920298
vn -0.4248589 0.82536346 0.37184694
vn -0.8858533 -0.008179173 -0.46389338
vn -0.38888156 -0.016236462 -0.9211446
vn -0.42485976 -0.81172293 0.40074944
vn -0.23139918 0.7044216 -0.6710027
vn -0.23139565 -0.7276664 -0.6457227
vn -0.6317233 0.01367274 0.7750734
vn -0.9440474 0.0057986295 0.32975894
vn -0.7086562 0.650395 0.27348268
vn -0.70865226 -0.64035064 0.29624838
vn -0.0152288005 0.73577386 0.677056
vn -0.3729769 0.016358368 0.92769647
vn -0.3649175 0.016419303 0.93089515
vn -0.01522882 -0.7114209 0.702601
vn -0.21400021 0.692052 0.68939686
vn 0.57623225 0.63183814 0.5183984
vn -0.21400407 -0.6672825 0.71339774
vn 0.576229 -0.6131569 0.54036915
vn 0.56747323 0.7606594 -0.31523237
vn 0.99004143 0.0024720517 0.14075436
vn -0.13162975 0.017487558 0.9911447
vn 0.567473 -0.7713104 -0.2881923
vn 0.66921765 -0.013092592 -0.74295115
vn 0.023774413 0.7556235 0.65457463
vn 0.023774434 -0.7320633 0.6808216
vn 0.47176695 0.71140426 -0.520903
vn 0.916882 0.0070193675 0.39909682
vn 0.47176325 -0.7293439 -0.4954765
vn 0.53954077 -0.0148321055 -0.8418288
vn 0.21689834 -0.9358643 0.27769214
vn 0.18668714 -0.9567526 0.2230968
vn 0.54903805 -0.51870215 0.65536654
vn 0.55618364 -0.47719967 0.6803971
vn 0.09744871 -0.9877325 0.12201689
vn 0.2818726 0.8518436 0.44148642
vn 0.09732601 -0.9876957 0.12241285
vn 0.26224867 0.87680715 0.4030322
vn 0.059237614 -0.9981584 -0.013062184
vn -0.1925473 0.95583916 -0.22202913
vn 0.07175032 -0.99717987 0.022004243
vn -0.22153662 0.9349767 -0.27701998
vn -0.15851532 -0.7565032 -0.6344886
vn -0.09866819 0.9874449 -0.12335812
vn -0.1517397 -0.7688613 -0.6211501
vn -0.098666675 0.9875213 -0.122745864
vn -0.31083763 0.6481049 -0.6952265
vn -0.076846875 0.9968425 -0.019989954
vn -0.31468415 0.6330611 -0.70725346
vn -0.062197972 0.9979448 0.0154121565
vn 0.21689864 0.94508237 0.24448784
vn 0.5490384 0.54150015 0.6366587
vn 0.18668427 0.9640319 0.18918683
vn 0.55618733 0.5009165 0.66312766
vn 0.0974486 0.9914243 0.08707199
vn 0.2818734 -0.835732 0.47127423
vn 0.09732431 0.99140173 0.08746674
vn 0.26225483 -0.8620257 0.43374434
vn 0.059236757 0.9970758 -0.048280556
vn -0.19254321 -0.96308225 -0.18814848
vn 0.07175056 0.99733585 -0.013153761
vn -0.22153853 -0.944171 -0.24384803
vn -0.15851788 0.7336258 -0.6608065
vn -0.09866684 -0.9911851 -0.08841257
vn -0.15174103 0.74646693 -0.64789027
vn -0.098669164 -0.991239 -0.087804265
vn -0.3108381 -0.6722466 -0.6719109
vn -0.076846376 -0.99692756 0.015167851
vn -0.31468707 -0.6576353 -0.6844619
vn -0.062197585 -0.9967788 0.05063091
vn 0.6378943 0.4566067 -0.6201623
vn -0.64536774 -0.01345915 -0.76375335
vn 0.64536774 -0.01345915 -0.76375335
vn 0.694209 0.012695781 0.71966153
vn 0.6378848 -0.4782076 -0.60367256
vn -0.6378943 0.4566067 -0.6201623
vn 0.6178659 0.40877727 0.6716717
vn 0.70710677 0.58808064 -0.39263362
vn -0.6378848 -0.4782076 -0.60367256
vn -0.694209 0.012695781 0.71966153
vn 0.6178654 -0.3848192 0.6856795
vn 0.70710665 -0.6015702 -0.37163612
vn -0.70710677 0.58808064 -0.39263362
vn -0.6178659 0.40877727 0.6716717
vn -0.6178654 -0.3848192 0.6856795
vn -0.6868091 0.65113187 0.32298705
vn 0.6868091 0.65113187 0.32298705
vn -0.70710665 -0.6015702 -0.37163612
vn -0.6868146 -0.639326 0.3457573
vn 0.6442349 0.73557955 -0.20948543
vn -0.6442349 0.73557955 -0.20948543
vn 0.6868146 -0.639326 0.3457573
vn -0.671549 0.7260872 0.14771393
vn 0.6715658 0.7260723 0.14771089
vn -0.6715566 -0.7204187 0.1732301
vn 0.67157334 -0.7204039 0.17322655
vn 0.64422405 -0.7425255 -0.18338825
vn -0.64422405 -0.7425255 -0.18338825
vn 0.6391326 0.4604123 -0.6160601
vn -0.6428327 -0.013520149 -0.7658874
vn 0.6428327 -0.013520149 -0.7658874
vn 0.6936339 0.012695869 0.7202159
vn 0.6391328 -0.48186743 -0.59942734
vn -0.6391326 0.4604123 -0.6160601
vn 0.61806816 0.4095938 0.67098796
vn 0.70710677 0.58808064 -0.39263362
vn -0.6391328 -0.48186743 -0.59942734
vn -0.6936339 0.012695869 0.7202159
vn 0.6180727 -0.3856393 0.68503165
vn 0.70710665 -0.6015702 -0.37163612
vn -0.70710677 0.58808064 -0.39263362
vn -0.61806816 0.4095938 0.67098796
vn -0.6180727 -0.3856393 0.68503165
vn -0.6868091 0.65113187 0.32298705
vn 0.6868091 0.65113187 0.32298705
vn -0.70710665 -0.6015702 -0.37163612
vn -0.6868146 -0.639326 0.3457573
vn 0.6442349 0.73557955 -0.20948543
vn -0.6442349 0.73557955 -0.20948543
vn 0.6868146 -0.639326 0.3457573
vn -0.671549 0.7260872 0.14771393
vn 0.6715658 0.7260723 0.14771089
vn -0.6715566 -0.7204187 0.1732301
vn 0.6715566 -0.7204187 0.1732301
vn 0.64422405 -0.7425255 -0.18338825
vn -0.64422405 -0.7425255 -0.18338825
g Gun07_0
f 3/3/3 2/2/2 1/1/1
f 4/4/4 3/3/3 1/1/1
f 7/7/7 6/6/6 5/5/5
f 6/6/6 8/8/8 5/5/5
f 8/8/8 9/9/9 5/5/5
f 9/9/9 10/10/10 5/5/5
f 13/13/13 12/12/12 11/11/11
f 14/14/14 13/13/13 11/11/11
f 17/17/17 16/16/16 15/15/15
f 18/18/18 17/17/17 15/15/15
f 17/17/17 18/18/18 19/19/19
f 20/20/20 17/17/17 19/19/19
f 23/23/23 22/22/22 21/21/21
f 24/24/24 23/23/23 21/21/21
f 27/27/27 26/26/26 25/25/25
f 26/26/26 28/28/28 25/25/25
f 28/28/28 29/29/29 25/25/25
f 29/29/29 30/30/30 25/25/25
f 33/33/33 32/32/32 31/31/31
f 34/34/34 33/33/33 31/31/31
f 37/37/37 36/36/36 35/35/35
f 38/38/38 37/37/37 35/35/35
f 37/37/37 38/38/38 39/39/39
f 40/40/40 37/37/37 39/39/39
f 43/43/43 42/42/42 41/41/41
f 44/44/44 43/43/43 41/41/41
f 47/47/47 46/46/46 45/45/45
f 48/48/48 47/47/47 45/45/45
f 48/48/48 45/45/45 49/49/49
f 49/49/49 45/45/45 50/50/50
f 45/45/45 51/51/51 50/50/50
f 50/50/50 51/51/51 52/52/52
f 51/51/51 53/53/53 52/52/52
f 53/53/53 54/54/54 52/52/52
f 55/55/55 47/47/47 48/48/48
f 55/55/55 56/56/56 47/47/47
f 56/56/56 57/57/57 47/47/47
f 56/56/56 55/55/55 58/58/58
f 59/59/59 56/56/56 58/58/58
f 58/58/58 55/55/55 60/60/60
f 61/61/61 55/55/55 48/48/48
f 55/55/55 61/61/61 60/60/60
f 58/58/58 60/60/60 62/62/62
f 63/63/63 58/58/58 62/62/62
f 50/50/50 52/52/52 64/64/64
f 65/65/65 50/50/50 64/64/64
f 49/49/49 50/50/50 65/65/65
f 66/66/66 48/48/48 49/49/49
f 67/67/67 61/61/61 48/48/48
f 67/67/67 48/48/48 66/66/66
f 68/68/68 61/61/61 67/67/67
f 61/61/61 68/68/68 69/69/69
f 61/61/61 69/69/69 60/60/60
f 70/70/70 67/67/67 66/66/66
f 66/66/66 49/49/49 71/71/71
f 71/71/71 49/49/49 65/65/65
f 60/60/60 69/69/69 72/72/72
f 69/69/69 73/73/73 72/72/72
f 74/74/74 70/70/70 66/66/66
f 74/74/74 66/66/66 71/71/71
f 60/60/60 72/72/72 75/75/75
f 62/62/62 60/60/60 75/75/75
f 62/62/62 75/75/75 76/76/76
f 77/77/77 62/62/62 76/76/76
f 77/77/77 76/76/76 78/78/78
f 79/79/79 77/77/77 78/78/78
f 80/80/80 79/79/79 78/78/78
f 70/70/70 74/74/74 81/81/81
f 81/81/81 82/82/82 70/70/70
f 70/70/70 82/82/82 83/83/83
f 82/82/82 73/73/73 83/83/83
f 84/84/84 81/81/81 74/74/74
f 71/71/71 84/84/84 74/74/74
f 85/85/85 84/84/84 71/71/71
f 65/65/65 85/85/85 71/71/71
f 86/86/86 85/85/85 65/65/65
f 64/64/64 86/86/86 65/65/65
f 81/81/81 84/84/84 87/87/87
f 88/88/88 81/81/81 87/87/87
f 82/82/82 81/81/81 88/88/88
f 87/87/87 84/84/84 89/89/89
f 84/84/84 85/85/85 89/89/89
f 89/89/89 85/85/85 90/90/90
f 85/85/85 86/86/86 90/90/90
f 91/91/91 82/82/82 88/88/88
f 90/90/90 86/86/86 92/92/92
f 82/82/82 91/91/91 93/93/93
f 86/86/86 94/94/94 92/92/92
f 94/94/94 86/86/86 64/64/64
f 92/92/92 94/94/94 95/95/95
f 96/96/96 82/82/82 93/93/93
f 96/96/96 93/93/93 97/97/97
f 82/82/82 96/96/96 73/73/73
f 98/98/98 94/94/94 64/64/64
f 64/64/64 52/52/52 98/98/98
f 94/94/94 99/99/99 95/95/95
f 99/99/99 94/94/94 98/98/98
f 95/95/95 99/99/99 100/100/100
f 101/101/101 96/96/96 97/97/97
f 101/101/101 97/97/97 102/102/102
f 103/103/103 73/73/73 96/96/96
f 96/96/96 101/101/101 103/103/103
f 73/73/73 103/103/103 72/72/72
f 72/72/72 103/103/103 104/104/104
f 101/101/101 104/104/104 103/103/103
f 75/75/75 72/72/72 104/104/104
f 105/105/105 101/101/101 102/102/102
f 101/101/101 105/105/105 104/104/104
f 105/105/105 102/102/102 106/106/106
f 75/75/75 104/104/104 107/107/107
f 105/105/105 107/107/107 104/104/104
f 76/76/76 75/75/75 107/107/107
f 108/108/108 105/105/105 106/106/106
f 105/105/105 108/108/108 107/107/107
f 108/108/108 106/106/106 109/109/109
f 76/76/76 107/107/107 110/110/110
f 108/108/108 110/110/110 107/107/107
f 78/78/78 76/76/76 110/110/110
f 111/111/111 108/108/108 109/109/109
f 108/108/108 111/111/111 110/110/110
f 111/111/111 109/109/109 112/112/112
f 78/78/78 110/110/110 113/113/113
f 111/111/111 113/113/113 110/110/110
f 114/114/114 111/111/111 112/112/112
f 111/111/111 114/114/114 113/113/113
f 114/114/114 112/112/112 100/100/100
f 115/115/115 78/78/78 113/113/113
f 115/115/115 80/80/80 78/78/78
f 116/116/116 114/114/114 100/100/100
f 99/99/99 116/116/116 100/100/100
f 114/114/114 117/117/117 113/113/113
f 115/115/115 113/113/113 117/117/117
f 114/114/114 116/116/116 117/117/117
f 116/116/116 99/99/99 118/118/118
f 118/118/118 99/99/99 98/98/98
f 116/116/116 119/119/119 117/117/117
f 119/119/119 116/116/116 118/118/118
f 120/120/120 115/115/115 117/117/117
f 117/117/117 119/119/119 120/120/120
f 121/121/121 80/80/80 115/115/115
f 120/120/120 121/121/121 115/115/115
f 98/98/98 122/122/122 118/118/118
f 52/52/52 122/122/122 98/98/98
f 54/54/54 122/122/122 52/52/52
f 119/119/119 118/118/118 123/123/123
f 122/122/122 123/123/123 118/118/118
f 119/119/119 124/124/124 120/120/120
f 124/124/124 119/119/119 123/123/123
f 120/120/120 124/124/124 121/121/121
f 125/125/125 123/123/123 122/122/122
f 54/54/54 125/125/125 122/122/122
f 124/124/124 123/123/123 125/125/125
f 121/121/121 126/126/126 80/80/80
f 126/126/126 127/127/127 80/80/80
f 124/124/124 128/128/128 121/121/121
f 121/121/121 128/128/128 126/126/126
f 128/128/128 124/124/124 125/125/125
f 128/128/128 129/129/129 126/126/126
f 129/129/129 128/128/128 130/130/130
f 128/128/128 125/125/125 130/130/130
f 130/130/130 125/125/125 54/54/54
f 131/131/131 130/130/130 54/54/54
f 134/134/134 133/133/133 132/132/132
f 135/135/135 134/134/134 132/132/132
f 135/135/135 132/132/132 136/136/136
f 137/137/137 135/135/135 136/136/136
f 137/137/137 136/136/136 138/138/138
f 138/138/138 139/139/139 137/137/137
f 139/139/139 138/138/138 140/140/140
f 141/141/141 139/139/139 140/140/140
f 142/142/142 141/141/141 140/140/140
f 142/142/142 140/140/140 143/143/143
f 144/144/144 142/142/142 143/143/143
f 143/143/143 145/145/145 144/144/144
f 148/148/148 147/147/147 146/146/146
f 147/147/147 149/149/149 146/146/146
f 149/149/149 147/147/147 150/150/150
f 147/147/147 151/151/151 150/150/150
f 154/154/154 153/153/153 152/152/152
f 155/155/155 154/154/154 152/152/152
f 155/155/155 152/152/152 156/156/156
f 157/157/157 154/154/154 155/155/155
f 158/158/158 155/155/155 156/156/156
f 156/156/156 159/159/159 158/158/158
f 157/157/157 155/155/155 160/160/160
f 160/160/160 155/155/155 158/158/158
f 161/161/161 157/157/157 160/160/160
f 159/159/159 162/162/162 158/158/158
f 163/163/163 160/160/160 158/158/158
f 158/158/158 162/162/162 163/163/163
f 161/161/161 160/160/160 164/164/164
f 164/164/164 160/160/160 163/163/163
f 162/162/162 165/165/165 163/163/163
f 165/165/165 162/162/162 166/166/166
f 167/167/167 164/164/164 163/163/163
f 162/162/162 159/159/159 168/168/168
f 162/162/162 168/168/168 166/166/166
f 159/159/159 169/169/169 168/168/168
f 170/170/170 168/168/168 169/169/169
f 171/171/171 170/170/170 169/169/169
f 172/172/172 166/166/166 168/168/168
f 170/170/170 172/172/172 168/168/168
f 173/173/173 170/170/170 171/171/171
f 174/174/174 173/173/173 171/171/171
f 173/173/173 175/175/175 170/170/170
f 170/170/170 175/175/175 172/172/172
f 175/175/175 176/176/176 172/172/172
f 172/172/172 177/177/177 166/166/166
f 172/172/172 176/176/176 177/177/177
f 177/177/177 178/178/178 166/166/166
f 176/176/176 179/179/179 177/177/177
f 176/176/176 180/180/180 179/179/179
f 180/180/180 181/181/181 179/179/179
f 182/182/182 179/179/179 181/181/181
f 183/183/183 182/182/182 181/181/181
f 182/182/182 184/184/184 179/179/179
f 184/184/184 177/177/177 179/179/179
f 184/184/184 182/182/182 183/183/183
f 184/184/184 185/185/185 177/177/177
f 183/183/183 185/185/185 184/184/184
f 185/185/185 178/178/178 177/177/177
f 185/185/185 186/186/186 178/178/178
f 183/183/183 187/187/187 185/185/185
f 187/187/187 186/186/186 185/185/185
f 186/186/186 188/188/188 178/178/178
f 188/188/188 186/186/186 167/167/167
f 187/187/187 189/189/189 186/186/186
f 189/189/189 187/187/187 190/190/190
f 186/186/186 191/191/191 167/167/167
f 167/167/167 191/191/191 164/164/164
f 186/186/186 189/189/189 192/192/192
f 192/192/192 191/191/191 186/186/186
f 192/192/192 189/189/189 193/193/193
f 192/192/192 194/194/194 191/191/191
f 195/195/195 189/189/189 190/190/190
f 189/189/189 195/195/195 193/193/193
f 196/196/196 195/195/195 190/190/190
f 195/195/195 196/196/196 193/193/193
f 197/197/197 196/196/196 190/190/190
f 196/196/196 198/198/198 193/193/193
f 196/196/196 197/197/197 199/199/199
f 198/198/198 196/196/196 200/200/200
f 201/201/201 196/196/196 199/199/199
f 196/196/196 201/201/201 200/200/200
f 201/201/201 199/199/199 202/202/202
f 200/200/200 201/201/201 203/203/203
f 204/204/204 201/201/201 202/202/202
f 201/201/201 204/204/204 203/203/203
f 204/204/204 202/202/202 205/205/205
f 203/203/203 204/204/204 206/206/206
f 207/207/207 204/204/204 205/205/205
f 204/204/204 207/207/207 206/206/206
f 207/207/207 205/205/205 208/208/208
f 206/206/206 207/207/207 209/209/209
f 210/210/210 207/207/207 208/208/208
f 207/207/207 210/210/210 209/209/209
f 213/213/213 212/212/212 211/211/211
f 214/214/214 213/213/213 211/211/211
f 215/215/215 213/213/213 214/214/214
f 216/216/216 215/215/215 214/214/214
f 217/217/217 215/215/215 216/216/216
f 218/218/218 217/217/217 216/216/216
f 219/219/219 217/217/217 218/218/218
f 220/220/220 219/219/219 218/218/218
f 221/221/221 219/219/219 220/220/220
f 222/222/222 221/221/221 220/220/220
f 223/223/223 221/221/221 222/222/222
f 224/224/224 223/223/223 222/222/222
f 223/223/223 224/224/224 225/225/225
f 226/226/226 223/223/223 225/225/225
f 227/227/227 223/223/223 226/226/226
f 228/228/228 227/227/227 226/226/226
f 229/229/229 227/227/227 228/228/228
f 230/230/230 229/229/229 228/228/228
f 231/231/231 229/229/229 230/230/230
f 232/232/232 231/231/231 230/230/230
f 231/231/231 232/232/232 233/233/233
f 234/234/234 231/231/231 233/233/233
f 234/234/234 233/233/233 235/235/235
f 236/236/236 234/234/234 235/235/235
f 236/236/236 235/235/235 237/237/237
f 238/238/238 226/226/226 225/225/225
f 239/239/239 236/236/236 237/237/237
f 240/240/240 238/238/238 225/225/225
f 239/239/239 237/237/237 241/241/241
f 237/237/237 242/242/242 241/241/241
f 240/240/240 243/243/243 238/238/238
f 243/243/243 244/244/244 238/238/238
f 238/238/238 244/244/244 245/245/245
f 244/244/244 246/246/246 245/245/245
f 245/245/245 246/246/246 247/247/247
f 246/246/246 248/248/248 247/247/247
f 249/249/249 243/243/243 240/240/240
f 250/250/250 249/249/249 240/240/240
f 247/247/247 248/248/248 251/251/251
f 248/248/248 252/252/252 251/251/251
f 252/252/252 253/253/253 251/251/251
f 253/253/253 254/254/254 251/251/251
f 253/253/253 255/255/255 254/254/254
f 255/255/255 256/256/256 254/254/254
f 255/255/255 257/257/257 256/256/256
f 249/249/249 250/250/250 258/258/258
f 257/257/257 242/242/242 256/256/256
f 259/259/259 249/249/249 258/258/258
f 257/257/257 259/259/259 242/242/242
f 259/259/259 258/258/258 242/242/242
f 242/242/242 258/258/258 241/241/241
f 260/260/260 239/239/239 241/241/241
f 260/260/260 241/241/241 261/261/261
f 239/239/239 260/260/260 262/262/262
f 263/263/263 260/260/260 261/261/261
f 224/224/224 263/263/263 261/261/261
f 225/225/225 224/224/224 261/261/261
f 264/264/264 239/239/239 262/262/262
f 264/264/264 262/262/262 265/265/265
f 266/266/266 264/264/264 265/265/265
f 266/266/266 265/265/265 267/267/267
f 268/268/268 266/266/266 267/267/267
f 268/268/268 267/267/267 269/269/269
f 270/270/270 268/268/268 269/269/269
f 270/270/270 269/269/269 271/271/271
f 272/272/272 270/270/270 271/271/271
f 272/272/272 271/271/271 273/273/273
f 274/274/274 272/272/272 273/273/273
f 277/277/277 276/276/276 275/275/275
f 278/278/278 277/277/277 275/275/275
f 279/279/279 278/278/278 275/275/275
f 275/275/275 280/280/280 279/279/279
f 281/281/281 279/279/279 280/280/280
f 282/282/282 281/281/281 280/280/280
f 282/282/282 280/280/280 283/283/283
f 283/283/283 284/284/284 282/282/282
f 287/287/287 286/286/286 285/285/285
f 286/286/286 288/288/288 285/285/285
f 286/286/286 289/289/289 288/288/288
f 289/289/289 290/290/290 288/288/288
f 291/291/291 289/289/289 286/286/286
f 288/288/288 290/290/290 292/292/292
f 293/293/293 291/291/291 286/286/286
f 290/290/290 294/294/294 292/292/292
f 293/293/293 295/295/295 291/291/291
f 295/295/295 296/296/296 291/291/291
f 293/293/293 297/297/297 295/295/295
f 297/297/297 298/298/298 295/295/295
f 299/299/299 296/296/296 295/295/295
f 292/292/292 294/294/294 300/300/300
f 292/292/292 300/300/300 301/301/301
f 300/300/300 302/302/302 301/301/301
f 294/294/294 303/303/303 300/300/300
f 300/300/300 303/303/303 304/304/304
f 303/303/303 305/305/305 304/304/304
f 304/304/304 305/305/305 306/306/306
f 305/305/305 307/307/307 306/306/306
f 307/307/307 308/308/308 306/306/306
f 308/308/308 309/309/309 306/306/306
f 308/308/308 310/310/310 309/309/309
f 310/310/310 311/311/311 309/309/309
f 310/310/310 312/312/312 311/311/311
f 312/312/312 313/313/313 311/311/311
f 312/312/312 314/314/314 313/313/313
f 311/311/311 313/313/313 315/315/315
f 316/316/316 311/311/311 315/315/315
f 314/314/314 317/317/317 313/313/313
f 314/314/314 318/318/318 317/317/317
f 318/318/318 319/319/319 317/317/317
f 317/317/317 319/319/319 320/320/320
f 319/319/319 321/321/321 320/320/320
f 318/318/318 322/322/322 319/319/319
f 322/322/322 323/323/323 319/319/319
f 324/324/324 323/323/323 322/322/322
f 325/325/325 324/324/324 322/322/322
f 326/326/326 323/323/323 324/324/324
f 325/325/325 299/299/299 324/324/324
f 327/327/327 326/326/326 324/324/324
f 299/299/299 328/328/328 324/324/324
f 327/327/327 324/324/324 328/328/328
f 328/328/328 299/299/299 295/295/295
f 329/329/329 327/327/327 328/328/328
f 295/295/295 298/298/298 328/328/328
f 298/298/298 329/329/329 328/328/328
f 332/332/332 331/331/331 330/330/330
f 332/332/332 330/330/330 333/333/333
f 334/334/334 332/332/332 333/333/333
f 334/334/334 333/333/333 335/335/335
f 336/336/336 334/334/334 335/335/335
f 335/335/335 337/337/337 336/336/336
f 335/335/335 338/338/338 337/337/337
f 338/338/338 339/339/339 337/337/337
f 339/339/339 340/340/340 337/337/337
f 340/340/340 341/341/341 337/337/337
f 336/336/336 337/337/337 341/341/341
f 342/342/342 336/336/336 341/341/341
f 342/342/342 341/341/341 343/343/343
f 344/344/344 342/342/342 343/343/343
f 345/345/345 344/344/344 343/343/343
f 343/343/343 346/346/346 345/345/345
f 349/349/349 348/348/348 347/347/347
f 350/350/350 349/349/349 347/347/347
f 349/349/349 350/350/350 351/351/351
f 352/352/352 349/349/349 351/351/351
f 355/355/355 354/354/354 353/353/353
f 356/356/356 355/355/355 353/353/353
f 359/359/359 358/358/358 357/357/357
f 360/360/360 359/359/359 357/357/357
f 363/363/363 362/362/362 361/361/361
f 364/364/364 363/363/363 361/361/361
f 367/367/367 366/366/366 365/365/365
f 368/368/368 367/367/367 365/365/365
f 371/371/371 370/370/370 369/369/369
f 372/372/372 371/371/371 369/369/369
f 375/375/375 374/374/374 373/373/373
f 374/374/374 375/375/375 376/376/376
f 377/377/377 375/375/375 373/373/373
f 375/375/375 378/378/378 376/376/376
f 377/377/377 373/373/373 379/379/379
f 376/376/376 378/378/378 380/380/380
f 381/381/381 377/377/377 379/379/379
f 378/378/378 382/382/382 380/380/380
f 381/381/381 379/379/379 383/383/383
f 380/380/380 382/382/382 384/384/384
f 385/385/385 381/381/381 383/383/383
f 382/382/382 386/386/386 384/384/384
f 385/385/385 383/383/383 387/387/387
f 384/384/384 386/386/386 387/387/387
f 388/388/388 385/385/385 387/387/387
f 386/386/386 388/388/388 387/387/387
f 391/391/391 390/390/390 389/389/389
f 390/390/390 392/392/392 389/389/389
f 393/393/393 391/391/391 389/389/389
f 392/392/392 394/394/394 389/389/389
f 395/395/395 391/391/391 393/393/393
f 392/392/392 396/396/396 394/394/394
f 397/397/397 395/395/395 393/393/393
f 396/396/396 398/398/398 394/394/394
f 399/399/399 395/395/395 397/397/397
f 396/396/396 400/400/400 398/398/398
f 401/401/401 399/399/399 397/397/397
f 400/400/400 402/402/402 398/398/398
f 403/403/403 399/399/399 401/401/401
f 400/400/400 403/403/403 402/402/402
f 404/404/404 403/403/403 401/401/401
f 403/403/403 404/404/404 402/402/402
f 407/407/407 406/406/406 405/405/405
f 406/406/406 407/407/407 408/408/408
f 409/409/409 407/407/407 405/405/405
f 407/407/407 410/410/410 408/408/408
f 409/409/409 405/405/405 411/411/411
f 408/408/408 410/410/410 412/412/412
f 413/413/413 409/409/409 411/411/411
f 410/410/410 414/414/414 412/412/412
f 413/413/413 411/411/411 415/415/415
f 412/412/412 414/414/414 416/416/416
f 417/417/417 413/413/413 415/415/415
f 414/414/414 418/418/418 416/416/416
f 417/417/417 415/415/415 419/419/419
f 416/416/416 418/418/418 419/419/419
f 420/420/420 417/417/417 419/419/419
f 418/418/418 420/420/420 419/419/419
f 423/423/423 422/422/422 421/421/421
f 422/422/422 424/424/424 421/421/421
f 425/425/425 423/423/423 421/421/421
f 424/424/424 426/426/426 421/421/421
f 427/427/427 423/423/423 425/425/425
f 424/424/424 428/428/428 426/426/426
f 429/429/429 427/427/427 425/425/425
f 428/428/428 430/430/430 426/426/426
f 431/431/431 427/427/427 429/429/429
f 428/428/428 432/432/432 430/430/430
f 433/433/433 431/431/431 429/429/429
f 432/432/432 434/434/434 430/430/430
f 435/435/435 431/431/431 433/433/433
f 432/432/432 435/435/435 434/434/434
f 436/436/436 435/435/435 433/433/433
f 435/435/435 436/436/436 434/434/434
f 439/439/439 438/438/438 437/437/437
f 438/438/438 440/440/440 437/437/437
f 441/441/441 439/439/439 437/437/437
f 441/441/441 442/442/442 439/439/439
f 442/442/442 443/443/443 439/439/439
f 442/442/442 444/444/444 443/443/443
f 444/444/444 445/445/445 443/443/443
f 446/446/446 445/445/445 444/444/444
f 447/447/447 446/446/446 444/444/444
f 448/448/448 446/446/446 447/447/447
f 449/449/449 448/448/448 447/447/447
f 450/450/450 448/448/448 449/449/449
f 451/451/451 450/450/450 449/449/449
f 452/452/452 450/450/450 451/451/451
f 442/442/442 441/441/441 453/453/453
f 454/454/454 442/442/442 453/453/453
f 444/444/444 442/442/442 454/454/454
f 455/455/455 444/444/444 454/454/454
f 447/447/447 444/444/444 455/455/455
f 456/456/456 447/447/447 455/455/455
f 449/449/449 447/447/447 456/456/456
f 457/457/457 449/449/449 456/456/456
f 451/451/451 449/449/449 457/457/457
f 453/453/453 441/441/441 458/458/458
f 459/459/459 451/451/451 457/457/457
f 441/441/441 437/437/437 458/458/458
f 460/460/460 451/451/451 459/459/459
f 460/460/460 452/452/452 451/451/451
f 461/461/461 460/460/460 459/459/459
f 460/460/460 461/461/461 462/462/462
f 437/437/437 463/463/463 458/458/458
f 463/463/463 464/464/464 458/458/458
f 440/440/440 463/463/463 437/437/437
f 452/452/452 460/460/460 465/465/465
f 465/465/465 460/460/460 462/462/462
f 466/466/466 452/452/452 465/465/465
f 465/465/465 462/462/462 467/467/467
f 463/463/463 468/468/468 464/464/464
f 468/468/468 463/463/463 440/440/440
f 468/468/468 469/469/469 464/464/464
f 470/470/470 468/468/468 440/440/440
f 466/466/466 465/465/465 471/471/471
f 471/471/471 465/465/465 467/467/467
f 472/472/472 466/466/466 471/471/471
f 471/471/471 467/467/467 473/473/473
f 468/468/468 474/474/474 469/469/469
f 474/474/474 468/468/468 470/470/470
f 475/475/475 474/474/474 470/470/470
f 474/474/474 476/476/476 469/469/469
f 475/475/475 477/477/477 474/474/474
f 472/472/472 471/471/471 478/478/478
f 478/478/478 471/471/471 473/473/473
f 478/478/478 473/473/473 476/476/476
f 474/474/474 478/478/478 476/476/476
f 477/477/477 478/478/478 474/474/474
f 477/477/477 472/472/472 478/478/478
f 481/481/481 480/480/480 479/479/479
f 480/480/480 481/481/481 482/482/482
f 480/480/480 483/483/483 479/479/479
f 484/484/484 480/480/480 482/482/482
f 479/479/479 483/483/483 485/485/485
f 484/484/484 482/482/482 486/486/486
f 483/483/483 487/487/487 485/485/485
f 488/488/488 484/484/484 486/486/486
f 485/485/485 487/487/487 489/489/489
f 488/488/488 486/486/486 490/490/490
f 487/487/487 491/491/491 489/489/489
f 492/492/492 488/488/488 490/490/490
f 489/489/489 491/491/491 493/493/493
f 492/492/492 490/490/490 494/494/494
f 491/491/491 495/495/495 493/493/493
f 496/496/496 492/492/492 494/494/494
f 493/493/493 495/495/495 497/497/497
f 496/496/496 494/494/494 498/498/498
f 495/495/495 499/499/499 497/497/497
f 500/500/500 496/496/496 498/498/498
f 497/497/497 499/499/499 501/501/501
f 500/500/500 498/498/498 502/502/502
f 499/499/499 503/503/503 501/501/501
f 504/504/504 500/500/500 502/502/502
f 501/501/501 503/503/503 505/505/505
f 504/504/504 502/502/502 505/505/505
f 503/503/503 506/506/506 505/505/505
f 506/506/506 504/504/504 505/505/505
f 509/509/509 508/508/508 507/507/507
f 510/510/510 509/509/509 507/507/507
f 508/508/508 511/511/511 507/507/507
f 508/508/508 512/512/512 511/511/511
f 513/513/513 510/510/510 507/507/507
f 507/507/507 511/511/511 513/513/513
f 514/514/514 510/510/510 513/513/513
f 512/512/512 515/515/515 511/511/511
f 511/511/511 515/515/515 513/513/513
f 512/512/512 516/516/516 515/515/515
f 517/517/517 514/514/514 513/513/513
f 513/513/513 515/515/515 517/517/517
f 516/516/516 518/518/518 515/515/515
f 515/515/515 518/518/518 517/517/517
f 517/517/517 519/519/519 514/514/514
f 517/517/517 518/518/518 519/519/519
f 519/519/519 520/520/520 514/514/514
f 521/521/521 518/518/518 516/516/516
f 518/518/518 521/521/521 519/519/519
f 522/522/522 521/521/521 516/516/516
f 519/519/519 523/523/523 520/520/520
f 519/519/519 521/521/521 523/523/523
f 523/523/523 524/524/524 520/520/520
f 525/525/525 521/521/521 522/522/522
f 521/521/521 525/525/525 523/523/523
f 523/523/523 525/525/525 524/524/524
f 526/526/526 525/525/525 522/522/522
f 525/525/525 526/526/526 524/524/524
f 529/529/529 528/528/528 527/527/527
f 529/529/529 530/530/530 528/528/528
f 528/528/528 531/531/531 527/527/527
f 527/527/527 531/531/531 532/532/532
f 530/530/530 533/533/533 528/528/528
f 530/530/530 534/534/534 533/533/533
f 534/534/534 535/535/535 533/533/533
f 534/534/534 536/536/536 535/535/535
f 535/535/535 537/537/537 533/533/533
f 536/536/536 537/537/537 535/535/535
f 537/537/537 538/538/538 533/533/533
f 537/537/537 536/536/536 538/538/538
f 533/533/533 538/538/538 528/528/528
f 536/536/536 539/539/539 538/538/538
f 538/538/538 540/540/540 528/528/528
f 538/538/538 539/539/539 540/540/540
f 528/528/528 540/540/540 531/531/531
f 539/539/539 541/541/541 540/540/540
f 540/540/540 541/541/541 542/542/542
f 543/543/543 540/540/540 542/542/542
f 540/540/540 543/543/543 531/531/531
f 543/543/543 542/542/542 544/544/544
f 531/531/531 543/543/543 545/545/545
f 531/531/531 545/545/545 532/532/532
f 546/546/546 544/544/544 532/532/532
f 546/546/546 543/543/543 544/544/544
f 545/545/545 546/546/546 532/532/532
f 543/543/543 546/546/546 545/545/545
f 549/549/549 548/548/548 547/547/547
f 550/550/550 548/548/548 549/549/549
f 551/551/551 550/550/550 549/549/549
f 552/552/552 551/551/551 549/549/549
f 553/553/553 549/549/549 547/547/547
f 552/552/552 549/549/549 553/553/553
f 554/554/554 552/552/552 553/553/553
f 547/547/547 555/555/555 553/553/553
f 553/553/553 556/556/556 554/554/554
f 555/555/555 556/556/556 553/553/553
f 556/556/556 557/557/557 554/554/554
f 557/557/557 556/556/556 558/558/558
f 556/556/556 555/555/555 559/559/559
f 556/556/556 559/559/559 558/558/558
f 555/555/555 560/560/560 559/559/559
f 561/561/561 558/558/558 559/559/559
f 562/562/562 559/559/559 560/560/560
f 562/562/562 561/561/561 559/559/559
f 563/563/563 562/562/562 560/560/560
f 564/564/564 561/561/561 562/562/562
f 563/563/563 565/565/565 562/562/562
f 565/565/565 564/564/564 562/562/562
f 567/567/567 161/161/161 566/566/566
f 566/566/566 161/161/161 164/164/164
f 568/568/568 567/567/567 566/566/566
f 164/164/164 569/569/569 566/566/566
f 191/191/191 569/569/569 164/164/164
f 566/566/566 570/570/570 568/568/568
f 569/569/569 570/570/570 566/566/566
f 570/570/570 569/569/569 191/191/191
f 570/570/570 194/194/194 568/568/568
f 194/194/194 570/570/570 191/191/191
f 573/573/573 572/572/572 571/571/571
f 572/572/572 573/573/573 574/574/574
f 572/572/572 575/575/575 571/571/571
f 575/575/575 576/576/576 571/571/571
f 576/576/576 577/577/577 571/571/571
f 576/576/576 578/578/578 577/577/577
f 578/578/578 579/579/579 577/577/577
f 579/579/579 578/578/578 580/580/580
f 580/580/580 581/581/581 574/574/574
f 578/578/578 581/581/581 580/580/580
f 582/582/582 572/572/572 574/574/574
f 581/581/581 582/582/582 574/574/574
f 583/583/583 578/578/578 576/576/576
f 578/578/578 583/583/583 581/581/581
f 572/572/572 584/584/584 575/575/575
f 584/584/584 572/572/572 582/582/582
f 585/585/585 576/576/576 575/575/575
f 585/585/585 583/583/583 576/576/576
f 583/583/583 586/586/586 581/581/581
f 581/581/581 586/586/586 582/582/582
f 584/584/584 587/587/587 575/575/575
f 587/587/587 585/585/585 575/575/575
f 588/588/588 583/583/583 585/585/585
f 583/583/583 588/588/588 586/586/586
f 589/589/589 584/584/584 582/582/582
f 586/586/586 589/589/589 582/582/582
f 584/584/584 590/590/590 587/587/587
f 590/590/590 584/584/584 589/589/589
f 591/591/591 585/585/585 587/587/587
f 591/591/591 588/588/588 585/585/585
f 586/586/586 592/592/592 589/589/589
f 588/588/588 592/592/592 586/586/586
f 590/590/590 593/593/593 587/587/587
f 593/593/593 591/591/591 587/587/587
f 594/594/594 590/590/590 589/589/589
f 592/592/592 594/594/594 589/589/589
f 595/595/595 588/588/588 591/591/591
f 588/588/588 595/595/595 592/592/592
f 590/590/590 596/596/596 593/593/593
f 596/596/596 590/590/590 594/594/594
f 597/597/597 591/591/591 593/593/593
f 597/597/597 595/595/595 591/591/591
f 592/592/592 598/598/598 594/594/594
f 595/595/595 598/598/598 592/592/592
f 596/596/596 599/599/599 593/593/593
f 599/599/599 597/597/597 593/593/593
f 600/600/600 596/596/596 594/594/594
f 598/598/598 600/600/600 594/594/594
f 601/601/601 595/595/595 597/597/597
f 595/595/595 601/601/601 598/598/598
f 602/602/602 601/601/601 597/597/597
f 602/602/602 597/597/597 599/599/599
f 601/601/601 603/603/603 598/598/598
f 598/598/598 603/603/603 600/600/600
f 604/604/604 602/602/602 599/599/599
f 603/603/603 605/605/605 600/600/600
f 606/606/606 604/604/604 599/599/599
f 596/596/596 606/606/606 599/599/599
f 606/606/606 596/596/596 600/600/600
f 605/605/605 606/606/606 600/600/600
f 609/609/609 608/608/608 607/607/607
f 608/608/608 610/610/610 607/607/607
f 611/611/611 609/609/609 607/607/607
f 612/612/612 609/609/609 611/611/611
f 610/610/610 613/613/613 607/607/607
f 611/611/611 607/607/607 613/613/613
f 610/610/610 614/614/614 613/613/613
f 615/615/615 612/612/612 611/611/611
f 615/615/615 611/611/611 613/613/613
f 616/616/616 612/612/612 615/615/615
f 614/614/614 617/617/617 613/613/613
f 615/615/615 613/613/613 617/617/617
f 618/618/618 616/616/616 615/615/615
f 618/618/618 615/615/615 617/617/617
f 619/619/619 617/617/617 614/614/614
f 618/618/618 617/617/617 619/619/619
f 620/620/620 619/619/619 614/614/614
f 618/618/618 621/621/621 616/616/616
f 621/621/621 618/618/618 619/619/619
f 621/621/621 622/622/622 616/616/616
f 623/623/623 619/619/619 620/620/620
f 621/621/621 619/619/619 623/623/623
f 624/624/624 623/623/623 620/620/620
f 621/621/621 625/625/625 622/622/622
f 625/625/625 621/621/621 623/623/623
f 625/625/625 623/623/623 624/624/624
f 625/625/625 626/626/626 622/622/622
f 626/626/626 625/625/625 624/624/624
f 629/629/629 628/628/628 627/627/627
f 630/630/630 628/628/628 629/629/629
f 631/631/631 629/629/629 627/627/627
f 631/631/631 627/627/627 632/632/632
f 633/633/633 630/630/630 629/629/629
f 634/634/634 630/630/630 633/633/633
f 635/635/635 634/634/634 633/633/633
f 636/636/636 634/634/634 635/635/635
f 637/637/637 635/635/635 633/633/633
f 637/637/637 636/636/636 635/635/635
f 638/638/638 637/637/637 633/633/633
f 636/636/636 637/637/637 638/638/638
f 638/638/638 633/633/633 629/629/629
f 639/639/639 636/636/636 638/638/638
f 640/640/640 638/638/638 629/629/629
f 639/639/639 638/638/638 640/640/640
f 640/640/640 629/629/629 631/631/631
f 641/641/641 639/639/639 640/640/640
f 641/641/641 640/640/640 642/642/642
f 640/640/640 643/643/643 642/642/642
f 643/643/643 640/640/640 631/631/631
f 642/642/642 643/643/643 644/644/644
f 643/643/643 631/631/631 645/645/645
f 645/645/645 631/631/631 632/632/632
f 644/644/644 646/646/646 632/632/632
f 643/643/643 646/646/646 644/644/644
f 646/646/646 645/645/645 632/632/632
f 646/646/646 643/643/643 645/645/645
f 649/649/649 648/648/648 647/647/647
f 648/648/648 649/649/649 650/650/650
f 648/648/648 651/651/651 647/647/647
f 647/647/647 651/651/651 652/652/652
f 653/653/653 648/648/648 650/650/650
f 653/653/653 650/650/650 654/654/654
f 651/651/651 655/655/655 652/652/652
f 652/652/652 655/655/655 656/656/656
f 648/648/648 657/657/657 651/651/651
f 657/657/657 648/648/648 653/653/653
f 658/658/658 653/653/653 654/654/654
f 658/658/658 654/654/654 656/656/656
f 651/651/651 659/659/659 655/655/655
f 657/657/657 659/659/659 651/651/651
f 660/660/660 657/657/657 653/653/653
f 660/660/660 653/653/653 658/658/658
f 655/655/655 661/661/661 656/656/656
f 661/661/661 658/658/658 656/656/656
f 657/657/657 662/662/662 659/659/659
f 662/662/662 657/657/657 660/660/660
f 659/659/659 663/663/663 655/655/655
f 655/655/655 663/663/663 661/661/661
f 662/662/662 663/663/663 659/659/659
f 663/663/663 662/662/662 661/661/661
f 664/664/664 658/658/658 661/661/661
f 664/664/664 660/660/660 658/658/658
f 662/662/662 664/664/664 661/661/661
f 664/664/664 662/662/662 660/660/660
f 667/667/667 666/666/666 665/665/665
f 666/666/666 667/667/667 668/668/668
f 666/666/666 669/669/669 665/665/665
f 665/665/665 669/669/669 670/670/670
f 671/671/671 666/666/666 668/668/668
f 671/671/671 668/668/668 672/672/672
f 669/669/669 673/673/673 670/670/670
f 670/670/670 673/673/673 674/674/674
f 666/666/666 675/675/675 669/669/669
f 675/675/675 666/666/666 671/671/671
f 676/676/676 672/672/672 674/674/674
f 676/676/676 671/671/671 672/672/672
f 673/673/673 677/677/677 674/674/674
f 677/677/677 676/676/676 674/674/674
f 669/669/669 678/678/678 673/673/673
f 675/675/675 678/678/678 669/669/669
f 679/679/679 675/675/675 671/671/671
f 679/679/679 671/671/671 676/676/676
f 678/678/678 680/680/680 673/673/673
f 673/673/673 680/680/680 677/677/677
f 675/675/675 681/681/681 678/678/678
f 681/681/681 675/675/675 679/679/679
f 678/678/678 681/681/681 680/680/680
f 682/682/682 679/679/679 676/676/676
f 682/682/682 676/676/676 677/677/677
f 681/681/681 679/679/679 682/682/682
f 680/680/680 683/683/683 677/677/677
f 683/683/683 682/682/682 677/677/677
f 680/680/680 681/681/681 683/683/683
f 681/681/681 682/682/682 683/683/683
f 686/686/686 685/685/685 684/684/684
f 687/687/687 686/686/686 684/684/684
f 684/684/684 685/685/685 688/688/688
f 689/689/689 686/686/686 687/687/687
f 685/685/685 690/690/690 688/688/688
f 691/691/691 689/689/689 687/687/687
f 692/692/692 688/688/688 690/690/690
f 693/693/693 689/689/689 691/691/691
f 694/694/694 692/692/692 690/690/690
f 695/695/695 693/693/693 691/691/691
f 696/696/696 692/692/692 694/694/694
f 697/697/697 693/693/693 695/695/695
f 698/698/698 696/696/696 694/694/694
f 699/699/699 697/697/697 695/695/695
f 700/700/700 696/696/696 698/698/698
f 697/697/697 699/699/699 701/701/701
f 702/702/702 700/700/700 698/698/698
f 699/699/699 703/703/703 701/701/701
f 703/703/703 700/700/700 702/702/702
f 701/701/701 703/703/703 702/702/702
f 706/706/706 705/705/705 704/704/704
f 705/705/705 707/707/707 704/704/704
f 706/706/706 704/704/704 708/708/708
f 705/705/705 709/709/709 707/707/707
f 710/710/710 706/706/706 708/708/708
f 709/709/709 711/711/711 707/707/707
f 708/708/708 712/712/712 710/710/710
f 709/709/709 713/713/713 711/711/711
f 712/712/712 714/714/714 710/710/710
f 713/713/713 715/715/715 711/711/711
f 712/712/712 716/716/716 714/714/714
f 713/713/713 717/717/717 715/715/715
f 716/716/716 718/718/718 714/714/714
f 717/717/717 719/719/719 715/715/715
f 716/716/716 720/720/720 718/718/718
f 719/719/719 717/717/717 721/721/721
f 720/720/720 722/722/722 718/718/718
f 723/723/723 719/719/719 721/721/721
f 723/723/723 721/721/721 722/722/722
f 720/720/720 723/723/723 722/722/722
f 726/726/726 725/725/725 724/724/724
f 727/727/727 726/726/726 724/724/724
f 725/725/725 726/726/726 728/728/728
f 728/728/728 726/726/726 727/727/727
f 725/725/725 729/729/729 724/724/724
f 724/724/724 730/730/730 727/727/727
f 724/724/724 729/729/729 731/731/731
f 724/724/724 731/731/731 730/730/730
f 732/732/732 725/725/725 728/728/728
f 729/729/729 725/725/725 733/733/733
f 733/733/733 725/725/725 732/732/732
f 728/728/728 727/727/727 734/734/734
f 732/732/732 728/728/728 735/735/735
f 735/735/735 728/728/728 734/734/734
f 729/729/729 736/736/736 731/731/731
f 733/733/733 737/737/737 729/729/729
f 737/737/737 736/736/736 729/729/729
f 737/737/737 733/733/733 727/727/727
f 730/730/730 737/737/737 727/727/727
f 733/733/733 738/738/738 727/727/727
f 738/738/738 733/733/733 732/732/732
f 738/738/738 734/734/734 727/727/727
f 739/739/739 737/737/737 730/730/730
f 737/737/737 739/739/739 736/736/736
f 731/731/731 740/740/740 730/730/730
f 740/740/740 739/739/739 730/730/730
f 738/738/738 732/732/732 741/741/741
f 741/741/741 732/732/732 735/735/735
f 738/738/738 742/742/742 734/734/734
f 742/742/742 738/738/738 741/741/741
f 731/731/731 736/736/736 743/743/743
f 731/731/731 743/743/743 740/740/740
f 739/739/739 744/744/744 736/736/736
f 736/736/736 744/744/744 743/743/743
f 742/742/742 745/745/745 734/734/734
f 735/735/735 734/734/734 745/745/745
f 746/746/746 739/739/739 740/740/740
f 739/739/739 746/746/746 744/744/744
f 743/743/743 744/744/744 747/747/747
f 743/743/743 747/747/747 740/740/740
f 747/747/747 746/746/746 740/740/740
f 744/744/744 746/746/746 747/747/747
f 742/742/742 748/748/748 745/745/745
f 748/748/748 742/742/742 741/741/741
f 735/735/735 745/745/745 749/749/749
f 748/748/748 749/749/749 745/745/745
f 741/741/741 735/735/735 750/750/750
f 749/749/749 750/750/750 735/735/735
f 748/748/748 751/751/751 749/749/749
f 741/741/741 751/751/751 748/748/748
f 751/751/751 750/750/750 749/749/749
f 751/751/751 741/741/741 750/750/750
f 754/754/754 753/753/753 752/752/752
f 755/755/755 754/754/754 752/752/752
f 753/753/753 754/754/754 756/756/756
f 756/756/756 754/754/754 755/755/755
f 753/753/753 757/757/757 752/752/752
f 752/752/752 758/758/758 755/755/755
f 752/752/752 757/757/757 759/759/759
f 752/752/752 759/759/759 758/758/758
f 760/760/760 753/753/753 756/756/756
f 757/757/757 753/753/753 761/761/761
f 761/761/761 753/753/753 760/760/760
f 756/756/756 755/755/755 762/762/762
f 760/760/760 756/756/756 763/763/763
f 763/763/763 756/756/756 762/762/762
f 757/757/757 764/764/764 759/759/759
f 761/761/761 765/765/765 757/757/757
f 765/765/765 764/764/764 757/757/757
f 765/765/765 761/761/761 755/755/755
f 758/758/758 765/765/765 755/755/755
f 761/761/761 766/766/766 755/755/755
f 766/766/766 761/761/761 760/760/760
f 766/766/766 762/762/762 755/755/755
f 767/767/767 765/765/765 758/758/758
f 765/765/765 767/767/767 764/764/764
f 759/759/759 768/768/768 758/758/758
f 768/768/768 767/767/767 758/758/758
f 766/766/766 760/760/760 769/769/769
f 769/769/769 760/760/760 763/763/763
f 766/766/766 770/770/770 762/762/762
f 770/770/770 766/766/766 769/769/769
f 759/759/759 764/764/764 771/771/771
f 759/759/759 771/771/771 768/768/768
f 767/767/767 772/772/772 764/764/764
f 764/764/764 772/772/772 771/771/771
f 770/770/770 773/773/773 762/762/762
f 763/763/763 762/762/762 773/773/773
f 774/774/774 767/767/767 768/768/768
f 767/767/767 774/774/774 772/772/772
f 771/771/771 772/772/772 775/775/775
f 771/771/771 775/775/775 768/768/768
f 775/775/775 774/774/774 768/768/768
f 772/772/772 774/774/774 775/775/775
f 770/770/770 776/776/776 773/773/773
f 776/776/776 770/770/770 769/769/769
f 763/763/763 773/773/773 777/777/777
f 776/776/776 777/777/777 773/773/773
f 769/769/769 763/763/763 778/778/778
f 777/777/777 778/778/778 763/763/763
f 776/776/776 779/779/779 777/777/777
f 769/769/769 779/779/779 776/776/776
f 779/779/779 778/778/778 777/777/777
f 779/779/779 769/769/769 778/778/778
