g Gun05
v -0.93334895 -0.021118786 0.117243625
v -0.93249726 -0.03623625 0.13210389
v -0.93218917 -0.044767346 0.115867056
v -0.9327168 -0.04200831 0.08392385
v -0.9327168 -0.04200831 0.08392385
v -0.93218917 -0.044767346 0.115867056
v -0.932057 -0.07238254 0.108901195
v -0.93256855 -0.07238248 0.07611093
v -0.9343378 -0.041672725 0.16936135
v -0.9331233 -0.044468123 0.16510071
v -0.9328053 -0.027705213 0.14834075
v -0.9339811 -0.022871396 0.15056339
v -0.9343378 -0.072382465 0.16936137
v -0.9331233 -0.072382525 0.16510072
v -0.9331233 -0.044468123 0.16510071
v -0.9343378 -0.041672725 0.16936135
v -1.0573956 -0.072382495 0.16274288
v -1.0584226 -0.055705685 0.14987728
v -1.0573956 -0.044468153 0.16274287
v -1.0584226 -0.07238247 0.14987728
v -1.0584226 -0.089059316 0.14987728
v -1.0573956 -0.10029684 0.16274288
v -1.0570776 -0.027705183 0.1459829
v -1.0582716 -0.04775109 0.14192408
v -1.0579793 -0.055847667 0.12651417
v -1.0564615 -0.044767376 0.11350922
v -1.0564615 -0.044767376 0.11350922
v -1.0579793 -0.055847667 0.12651417
v -1.0579166 -0.07238247 0.123208605
v -1.0563293 -0.07238251 0.106543355
v -1.0564615 -0.09999764 0.11350923
v -1.0579793 -0.08891734 0.12651417
v -1.0573956 -0.044468153 0.16274287
v -1.0584226 -0.055705685 0.14987728
v -1.0582716 -0.04775109 0.14192408
v -1.0570776 -0.027705183 0.1459829
v -0.93334895 -0.021118786 0.117243625
v -0.9327168 -0.04200831 0.08392385
v -0.01820384 -0.04200834 0.08217998
v -0.019017667 -0.021118874 0.12504384
v -0.9339811 -0.022871396 0.15056339
v 0.006295517 -0.021118874 0.12056198
v 0.007244706 -0.042008344 0.07908042
v -0.017691955 -0.02287142 0.17857465
v -0.9343378 -0.041672725 0.16936135
v 0.038741976 -0.021118877 0.10834444
v 0.03621292 -0.042008344 0.07185885
v 0.009053871 -0.022871422 0.17281991
v -0.012204558 -0.041672777 0.19655742
v -0.9343378 -0.072382465 0.16936137
v -0.012204558 -0.072382525 0.19655743
v 0.008538291 -0.072382525 0.19181708
v 0.008588046 -0.04167278 0.19178088
v 0.008588046 -0.04167278 0.19178088
v 0.04217851 -0.07238253 0.15992162
v 0.042156607 -0.041672785 0.15993243
v 0.09073144 -0.07238253 0.14274009
v 0.04077804 -0.022871427 0.14201945
v 0.0908055 -0.04167279 0.14277017
v 0.14241686 -0.072382554 0.16375875
v 0.0874922 -0.02287143 0.12532836
v 0.14241686 -0.041672785 0.16375874
v 0.4050128 -0.07238257 0.11216887
v 0.40498465 -0.03282052 0.11217188
v 0.13517472 -0.022871425 0.14640817
v 0.38832688 0.005346116 0.07097899
v 0.07760069 -0.021118881 0.08515936
v 0.073922485 -0.042008355 0.049868293
v 0.10277316 -0.021118881 0.07493088
v 0.33376426 -0.0028160664 -0.002105719
v 0.09380874 -0.04200834 0.044250093
v 0.32634234 -0.033520237 -0.09324266
v 0.090798765 -0.07238254 0.037038747
v 0.32026124 -0.0723826 -0.10788012
v 0.07251608 -0.07238254 0.042286623
v 0.03561327 -0.07238255 0.064299695
v 0.03621292 -0.042008344 0.07185885
v 0.0074135363 -0.07238253 0.07128288
v 0.007244706 -0.042008344 0.07908042
v -0.018055543 -0.07238253 0.07436706
v -0.01820384 -0.04200834 0.08217998
v -0.9327168 -0.04200831 0.08392385
v -0.93256855 -0.07238248 0.07611093
v 0.40498465 -0.03282052 0.11217188
v 0.42644012 -0.07238257 0.10795924
v 0.4050128 -0.07238257 0.11216887
v 0.42640936 -0.03209823 0.10796251
v 0.38832688 0.005346116 0.07097899
v 0.40898353 0.007648583 0.06482413
v 0.33376426 -0.0028160664 -0.002105719
v 0.35261256 -0.0013225838 -0.008391759
v 0.32634234 -0.033520237 -0.09324266
v 0.34531665 -0.03282756 -0.10446176
v 0.32026124 -0.0723826 -0.10788012
v 0.33898485 -0.07238261 -0.11970518
v -0.9339811 -0.022871396 0.15056339
v -0.9328053 -0.027705213 0.14834075
v -0.93249726 -0.03623625 0.13210389
v -0.93334895 -0.021118786 0.117243625
v 0.4357865 -0.07238257 0.093398176
v 0.42644012 -0.07238257 0.10795924
v 0.42640936 -0.03209823 0.10796251
v 0.4359653 -0.035841703 0.093325004
v 0.40898353 0.007648583 0.06482413
v 0.42309356 -0.006582265 0.06161338
v 0.42175764 -0.07238257 0.059787955
v 0.35261256 -0.0013225838 -0.008391759
v 0.36621755 -0.026792051 -0.011028068
v 0.36638916 -0.07238257 -0.007895866
v 0.34531665 -0.03282756 -0.10446176
v 0.35699546 -0.044982433 -0.10015975
v 0.3539477 -0.0723826 -0.11088396
v 0.33898485 -0.07238261 -0.11970518
v -1.0129471 -0.07238253 0.11657437
v -1.0136815 -0.0628185 0.11001153
v -1.0129471 -0.057089653 0.11657436
v -1.0136815 -0.07238254 0.11001154
v -1.0136815 -0.08194652 0.11001154
v -1.0129471 -0.087675355 0.11657437
v -1.012785 -0.048543956 0.10803022
v -1.0136046 -0.058763232 0.10595703
v -1.0134556 -0.06289086 0.098101124
v -1.012471 -0.057242185 0.09147527
v -1.012471 -0.057242185 0.09147527
v -1.0134556 -0.06289086 0.098101124
v -1.0134236 -0.07238254 0.096415974
v -1.0124035 -0.07238254 0.08792411
v -1.012471 -0.087522835 0.09147528
v -1.0134556 -0.08187416 0.09810113
v -1.0129471 -0.057089653 0.11657436
v -1.0136815 -0.0628185 0.11001153
v -1.0136046 -0.058763232 0.10595703
v -1.012785 -0.048543956 0.10803022
v -0.17492422 -0.018571367 0.14730953
v -0.15792796 -0.008113047 0.14726701
v -0.17491972 -0.024917861 0.14705029
v -0.15793243 -0.0017665534 0.14752626
v -0.09150964 -0.008023491 0.14842151
v -0.09151417 -0.0016769972 0.14868078
v -0.07471885 -0.024649194 0.14863442
v -0.07472335 -0.0183027 0.14889368
v -0.061404854 -0.024649194 0.14888704
v -0.09153776 -0.000707472 0.12417524
v -0.07459611 -0.017512286 0.12476451
v -0.15770468 -0.0006179163 0.122652
v -0.061409354 -0.0183027 0.14914629
v -0.15770021 -0.00696444 0.12239274
v -0.09153326 -0.007053966 0.12391598
v -0.17444077 -0.023590142 0.12180726
v -0.17444527 -0.017243618 0.12206652
v -0.07459161 -0.02385878 0.12450527
v -0.061349988 -0.017512286 0.12501584
v -0.061345547 -0.02385878 0.12475659
v -0.07459161 -0.02385878 0.12450527
v -0.07471885 -0.024649194 0.14863442
v -0.09150964 -0.008023491 0.14842151
v -0.09153326 -0.007053966 0.12391598
v -0.15792796 -0.008113047 0.14726701
v -0.15770021 -0.00696444 0.12239274
v -0.17491972 -0.024917861 0.14705029
v -0.17444077 -0.023590142 0.12180726
v -0.18772078 -0.023590142 0.1215553
v -0.18772528 -0.017243618 0.12181456
v -0.18819971 -0.024917861 0.14679833
v -0.18820421 -0.018571367 0.14705756
v -0.18710501 -0.016387334 0.1474562
v -0.2353961 -0.016387336 0.13352957
v -0.23166457 -0.016387338 0.120589964
v -0.18337333 -0.016387336 0.13451661
v -0.015314326 -0.016387336 0.13770522
v -0.06387022 -0.016387334 0.1497333
v -0.067093045 -0.016387336 0.13672282
v -0.018537328 -0.016387338 0.12469474
v -0.93334895 -0.12364616 0.11724363
v -0.9327168 -0.10275671 0.083923854
v -0.93218917 -0.09999766 0.11586706
v -0.93249726 -0.108528696 0.1321039
v -0.9327168 -0.10275671 0.083923854
v -0.93256855 -0.07238248 0.07611093
v -0.932057 -0.07238254 0.108901195
v -0.93218917 -0.09999766 0.11586706
v -0.9343378 -0.10309227 0.16936137
v -0.9339811 -0.12189367 0.1505634
v -0.9328053 -0.11705979 0.14834076
v -0.9331233 -0.10029681 0.16510072
v -0.9343378 -0.072382465 0.16936137
v -0.9343378 -0.10309227 0.16936137
v -0.9331233 -0.10029681 0.16510072
v -0.9331233 -0.072382525 0.16510072
v -1.0570776 -0.11705982 0.14598292
v -1.0564615 -0.09999764 0.11350923
v -1.0579793 -0.08891734 0.12651417
v -1.0582716 -0.09701397 0.14192408
v -1.0573956 -0.10029684 0.16274288
v -1.0570776 -0.11705982 0.14598292
v -1.0582716 -0.09701397 0.14192408
v -1.0584226 -0.089059316 0.14987728
v -0.93334895 -0.12364616 0.11724363
v -0.01820384 -0.10275677 0.082179986
v -0.9327168 -0.10275671 0.083923854
v -0.019017652 -0.12364622 0.12504385
v -0.9339811 -0.12189367 0.1505634
v 0.006295532 -0.12364622 0.120562
v 0.007244721 -0.10275677 0.079080425
v -0.01769197 -0.12189366 0.17857467
v -0.9343378 -0.10309227 0.16936137
v 0.038742006 -0.12364623 0.10834445
v 0.03621292 -0.10275677 0.07185886
v 0.009053856 -0.12189366 0.17281993
v -0.012204558 -0.1030923 0.19655743
v -0.9343378 -0.072382465 0.16936137
v -0.012204558 -0.072382525 0.19655743
v 0.008538291 -0.072382525 0.19181708
v 0.008588046 -0.1030923 0.1917809
v 0.008588046 -0.1030923 0.1917809
v 0.04217851 -0.07238253 0.15992162
v 0.042156607 -0.103092305 0.15993245
v 0.09073144 -0.07238253 0.14274009
v 0.04077804 -0.12189367 0.14201947
v 0.0908055 -0.103092305 0.14277019
v 0.14241686 -0.072382554 0.16375875
v 0.0874922 -0.12189367 0.12532838
v 0.14241686 -0.1030923 0.16375875
v 0.4050128 -0.07238257 0.11216887
v 0.40498453 -0.111944616 0.11217189
v 0.13517472 -0.12189367 0.14640819
v 0.38832688 -0.15011126 0.070979014
v 0.07760075 -0.12364623 0.08515938
v 0.073922485 -0.10275677 0.049868308
v 0.10277322 -0.12364623 0.0749309
v 0.33376414 -0.14194906 -0.0021056964
v 0.09380874 -0.10275677 0.044250093
v 0.32634234 -0.11124493 -0.09324267
v 0.090798765 -0.07238254 0.037038747
v 0.32026124 -0.0723826 -0.10788012
v 0.07251608 -0.07238254 0.042286623
v 0.03561327 -0.07238255 0.064299695
v 0.03621292 -0.10275677 0.07185886
v 0.0074135363 -0.07238253 0.07128288
v 0.007244721 -0.10275677 0.079080425
v -0.9327168 -0.10275671 0.083923854
v -0.01820384 -0.10275677 0.082179986
v -0.018055543 -0.07238253 0.07436706
v -0.93256855 -0.07238248 0.07611093
v 0.40498453 -0.111944616 0.11217189
v 0.4050128 -0.07238257 0.11216887
v 0.42644012 -0.07238257 0.10795924
v 0.42640936 -0.112666905 0.10796252
v 0.38832688 -0.15011126 0.070979014
v 0.40898353 -0.15241371 0.06482416
v 0.33376414 -0.14194906 -0.0021056964
v 0.35261256 -0.14344251 -0.008391736
v 0.32634234 -0.11124493 -0.09324267
v 0.34531665 -0.1119376 -0.10446175
v 0.32026124 -0.0723826 -0.10788012
v 0.33898485 -0.07238261 -0.11970518
v -0.9339811 -0.12189367 0.1505634
v -0.93334895 -0.12364616 0.11724363
v -0.93249726 -0.108528696 0.1321039
v -0.9328053 -0.11705979 0.14834076
v 0.4357865 -0.07238257 0.093398176
v 0.42640936 -0.112666905 0.10796252
v 0.42644012 -0.07238257 0.10795924
v 0.4359653 -0.108923435 0.09332501
v 0.40898353 -0.15241371 0.06482416
v 0.42309344 -0.13818286 0.061613396
v 0.42175764 -0.07238257 0.059787955
v 0.35261256 -0.14344251 -0.008391736
v 0.36621755 -0.1179731 -0.011028053
v 0.36638916 -0.07238257 -0.007895866
v 0.34531665 -0.1119376 -0.10446175
v 0.35699546 -0.09978272 -0.10015974
v 0.3539477 -0.0723826 -0.11088396
v 0.33898485 -0.07238261 -0.11970518
v -1.012785 -0.09622106 0.10803023
v -1.012471 -0.087522835 0.09147528
v -1.0134556 -0.08187416 0.09810113
v -1.0136046 -0.086001724 0.10595704
v -1.0129471 -0.087675355 0.11657437
v -1.012785 -0.09622106 0.10803023
v -1.0136046 -0.086001724 0.10595704
v -1.0136815 -0.08194652 0.11001154
v -0.17492422 -0.12619369 0.14730954
v -0.17491972 -0.1198472 0.1470503
v -0.15792796 -0.13665201 0.14726703
v -0.15793243 -0.1429985 0.1475263
v -0.09150964 -0.13674156 0.14842153
v -0.09151417 -0.14308809 0.1486808
v -0.07471885 -0.12011587 0.14863443
v -0.07472335 -0.12646239 0.1488937
v -0.061404854 -0.12011587 0.14888705
v -0.09153776 -0.14405763 0.12417525
v -0.07459611 -0.12725282 0.12476453
v -0.15770468 -0.14414716 0.122651994
v -0.061409354 -0.12646239 0.1491463
v -0.15770021 -0.13780063 0.122392744
v -0.09153326 -0.13771111 0.123916
v -0.17444077 -0.121174924 0.12180728
v -0.17444527 -0.12752146 0.12206654
v -0.07459161 -0.120906286 0.12450528
v -0.061349988 -0.12725282 0.12501585
v -0.061345547 -0.120906286 0.124756604
v -0.07459161 -0.120906286 0.12450528
v -0.07471885 -0.12011587 0.14863443
v -0.09150964 -0.13674156 0.14842153
v -0.09153326 -0.13771111 0.123916
v -0.15792796 -0.13665201 0.14726703
v -0.15770021 -0.13780063 0.122392744
v -0.17491972 -0.1198472 0.1470503
v -0.17444077 -0.121174924 0.12180728
v -0.18772078 -0.121174924 0.12155531
v -0.18772528 -0.12752146 0.12181458
v -0.18819971 -0.1198472 0.14679834
v -0.18820421 -0.12619369 0.14705758
v -0.18710501 -0.12837772 0.14745621
v -0.18337333 -0.12837774 0.13451663
v -0.23166457 -0.12837774 0.12058999
v -0.2353961 -0.12837774 0.13352959
v -0.015314326 -0.12837772 0.13770524
v -0.018537328 -0.12837774 0.124694765
v -0.067093045 -0.12837774 0.13672283
v -0.06387022 -0.12837772 0.14973332
v -0.9320578 -0.044468153 0.16512093
v -0.9320578 -0.072382495 0.16512094
v -1.0573956 -0.072382495 0.16274288
v -0.9320578 -0.10029678 0.16512094
v -1.0573956 -0.044468153 0.16274287
v -1.0573956 -0.10029684 0.16274288
v -0.9317398 -0.027705243 0.14836097
v -0.9317398 -0.11705976 0.14836098
v -1.0570776 -0.027705183 0.1459829
v -1.0570776 -0.11705982 0.14598292
v -0.9311237 -0.044767316 0.11588727
v -0.9311237 -0.09999769 0.11588728
v -1.0564615 -0.044767376 0.11350922
v -1.0564615 -0.09999764 0.11350923
v -0.93099153 -0.07238251 0.10892141
v -1.0563293 -0.07238251 0.106543355
v -1.0584226 -0.07238247 0.14987728
v -1.0192502 -0.07238247 0.1506205
v -1.0192502 -0.055705685 0.1506205
v -1.0192502 -0.089059316 0.1506205
v -1.0584226 -0.055705685 0.14987728
v -1.0584226 -0.089059316 0.14987728
v -1.0190992 -0.04775109 0.14266731
v -1.0190992 -0.09701397 0.14266731
v -1.0582716 -0.04775109 0.14192408
v -1.0582716 -0.09701397 0.14192408
v -1.0188069 -0.055847667 0.12725739
v -1.0188069 -0.08891734 0.12725739
v -1.0579793 -0.055847667 0.12651417
v -1.0579793 -0.08891734 0.12651417
v -1.0187441 -0.07238247 0.123951815
v -1.0579166 -0.07238247 0.123208605
v -0.9282527 -0.057089653 0.11818129
v -0.9282527 -0.07238247 0.118181296
v -1.0129471 -0.07238253 0.11657437
v -0.9282527 -0.087675355 0.118181296
v -1.0129471 -0.057089653 0.11657436
v -1.0129471 -0.087675355 0.11657437
v -0.9280906 -0.048543956 0.10963714
v -0.9280906 -0.09622106 0.10963715
v -1.012785 -0.048543956 0.10803022
v -1.012785 -0.09622106 0.10803023
v -0.92777646 -0.057242185 0.09308219
v -0.92777646 -0.087522835 0.0930822
v -1.012471 -0.057242185 0.09147527
v -1.012471 -0.087522835 0.09147528
v -0.9277091 -0.07238248 0.08953103
v -1.0124035 -0.07238254 0.08792411
v -1.0136815 -0.07238254 0.11001154
v -0.98721147 -0.07238251 0.11051376
v -0.98721147 -0.06281847 0.110513754
v -0.98721147 -0.08194655 0.11051376
v -1.0136815 -0.0628185 0.11001153
v -1.0136815 -0.08194652 0.11001154
v -0.9871345 -0.058763262 0.10645925
v -0.9871345 -0.086001754 0.10645926
v -1.0136046 -0.058763232 0.10595703
v -1.0136046 -0.086001724 0.10595704
v -0.9869855 -0.06289083 0.09860334
v -0.9869855 -0.08187419 0.098603345
v -1.0134556 -0.06289086 0.098101124
v -1.0134556 -0.08187416 0.09810113
v -0.9869535 -0.07238251 0.0969182
v -1.0134236 -0.07238254 0.096415974
v -0.15124576 -0.07238254 0.09110505
v -0.10686563 -0.0525592 0.029708238
v -0.14833093 -0.052559197 0.09895984
v -0.11779311 -0.052559197 0.09634639
v -0.086489365 -0.052559204 0.044065632
v -0.11779311 -0.07238254 0.0963464
v -0.11195314 -0.07238254 0.024854537
v -0.05575286 -0.052559197 -0.0048291218
v -0.10686564 -0.09220588 0.029708236
v -0.14833093 -0.09220588 0.09895985
v -0.11779311 -0.09220588 0.0963464
v -0.086489365 -0.09220589 0.04406564
v -0.086489365 -0.07238255 0.044065636
v -0.05575286 -0.09220588 -0.0048291152
v -0.060840398 -0.07238254 -0.009682814
v -0.04790236 -0.0525592 0.017992022
v -0.04790236 -0.09220589 0.017992035
v 0.04455036 -0.05255924 -0.005417777
v 0.04455036 -0.0922059 -0.0054177707
v -0.04790236 -0.07238255 0.017992023
v 0.046958894 -0.07238254 -0.011375109
v 0.027820557 -0.052559193 0.01754764
v 0.027820557 -0.09220589 0.017547645
v 0.07740235 -0.052559238 0.019350985
v 0.07740235 -0.09220589 0.01935099
v 0.027820557 -0.072382554 0.017547641
v 0.07981089 -0.072382554 0.013393646
v 0.056144565 -0.0525592 0.031544536
v 0.056144565 -0.09220588 0.031544536
v 0.111718714 -0.052559234 0.049279876
v 0.11412722 -0.07238255 0.04332253
v 0.111718714 -0.09220588 0.049279884
v 0.08205131 -0.052559204 0.054139048
v 0.08205131 -0.09220589 0.054139055
v 0.056144565 -0.07238254 0.03154454
v 0.08205131 -0.07238255 0.05413905
v -0.33016217 -0.07238252 0.22015643
v -0.3370207 -0.07238252 0.20787728
v -0.33696592 -0.050702583 0.20498973
v -0.33696592 -0.09406243 0.20498973
v -0.33010066 -0.041672748 0.21691427
v -0.361821 -0.024649994 0.1740913
v -0.33010066 -0.10309229 0.21691428
v -0.361821 -0.12011503 0.17409131
v -0.35747615 -0.016208485 0.18223213
v -0.41552013 -0.024650002 0.1293887
v -0.35747615 -0.12855653 0.18223214
v -0.41552013 -0.120115034 0.12938872
v -0.41560748 -0.016208492 0.13399325
v -0.4700837 -0.024649994 0.1720372
v -0.4767697 -0.016208485 0.17996876
v -0.49609292 -0.050702583 0.20197058
v -0.4154546 -0.016208498 0.102193825
v -0.30059323 -0.016208516 0.17466259
v -0.50544107 -0.041672748 0.21358751
v -0.49614772 -0.072382525 0.20485815
v -0.41560748 -0.12855655 0.13399327
v -0.4700837 -0.12011503 0.17203721
v -0.4767697 -0.12855653 0.17996877
v -0.4960929 -0.09406243 0.20197058
v -0.50544107 -0.10309226 0.21358752
v -0.4154546 -0.12855655 0.10219385
v -0.27068 -0.041672744 0.21804167
v -0.5333245 -0.016208516 0.17024694
v -0.5055026 -0.07238252 0.21682967
v -0.5333245 -0.12855653 0.17024696
v -0.30059323 -0.12855653 0.1746626
v -0.27068 -0.10309229 0.21804169
v -0.56486166 -0.041672748 0.21246012
v -0.56486166 -0.10309223 0.21246013
v -0.27074152 -0.07238252 0.22128382
v -0.27353784 -0.072382525 0.20547813
v -0.27348304 -0.09406243 0.2025905
v -0.27348304 -0.050702583 0.2025905
v -0.3025319 -0.12011503 0.16390954
v -0.3025319 -0.024650026 0.16390952
v -0.4153415 -0.12011504 0.096232384
v -0.52804327 -0.120115034 0.15963088
v -0.4153415 -0.024650007 0.096232384
v -0.52804327 -0.024649996 0.15963086
v -0.5585385 -0.09406243 0.1971821
v -0.5585385 -0.050702583 0.1971821
v -0.56492317 -0.07238249 0.21570228
v -0.5585933 -0.072382525 0.20006973
v -0.50148046 -0.07238255 0.06698359
v -0.4946219 -0.07238257 0.079262726
v -0.49467668 -0.05070263 0.08215032
v -0.49467668 -0.09406245 0.082150325
v -0.501542 -0.04167277 0.07022573
v -0.46982166 -0.024649974 0.11304872
v -0.501542 -0.10309228 0.07022574
v -0.46982166 -0.12011504 0.11304873
v -0.47413105 -0.009412466 0.10303704
v -0.4161225 -0.024649996 0.1577513
v -0.47413105 -0.13535261 0.103037044
v -0.4161225 -0.120115034 0.15775132
v -0.41599944 -0.008410057 0.15126526
v -0.3615589 -0.024650004 0.11510281
v -0.35483742 -0.009412436 0.10530043
v -0.33554968 -0.0507026 0.08516947
v -0.41615218 -0.0077337474 0.1830575
v -0.53101385 -0.009228525 0.110604614
v -0.32620156 -0.04167277 0.073552504
v -0.3354949 -0.07238254 0.08228188
v -0.41599944 -0.136355 0.15126526
v -0.3615589 -0.120115034 0.11510283
v -0.35483742 -0.13535261 0.105300434
v -0.33554968 -0.09406245 0.08516948
v -0.32620156 -0.10309231 0.07355251
v -0.41615218 -0.1370313 0.18305752
v -0.56096256 -0.04167277 0.06909832
v -0.29828262 -0.009228524 0.11502029
v -0.32614005 -0.07238254 0.07031036
v -0.29828262 -0.13553655 0.11502031
v -0.53101385 -0.13553655 0.11060464
v -0.56096256 -0.10309228 0.06909833
v -0.2667809 -0.04167277 0.0746799
v -0.2667809 -0.10309231 0.07467991
v -0.56090105 -0.07238254 0.06585618
v -0.55810475 -0.07238254 0.0816619
v -0.55815953 -0.09406245 0.084549494
v -0.55815953 -0.0507026 0.08454949
v -0.52911067 -0.120115034 0.12323049
v -0.52911067 -0.024650002 0.12323047
v -0.4163012 -0.12011503 0.19090766
v -0.30359942 -0.120115034 0.12750916
v -0.4163012 -0.02464999 0.19090764
v -0.30359942 -0.024650032 0.12750915
v -0.27310416 -0.09406245 0.08995793
v -0.27310416 -0.0507026 0.08995792
v -0.2667194 -0.07238253 0.07143776
v -0.27304938 -0.07238254 0.08707034
v -0.01820384 -0.10275677 0.082179986
v -0.023577971 -0.114099905 0.037928786
v -0.023429675 -0.08372567 0.030115856
v -0.010514785 -0.114099905 0.03708111
v -0.018055543 -0.07238253 0.07436706
v -0.010345969 -0.08372567 0.029283559
v 0.0074135363 -0.07238253 0.07128288
v 0.007244721 -0.10275677 0.079080425
v -0.023577971 -0.114099905 0.037928786
v -0.1825103 -0.013797006 0.15022649
v -0.178009 -0.0137970075 0.13461839
v -0.178009 -0.034759305 0.13461839
v -0.1825103 -0.0347593 0.15022649
v -0.181915 -0.03475931 0.11885077
v -0.19421244 -0.013797004 0.1614929
v -0.19421244 -0.0347593 0.1614929
v -0.20998009 -0.013797003 0.1653988
v -0.20998009 -0.0347593 0.1653988
v -0.22558805 -0.013797004 0.1608976
v -0.22558805 -0.0347593 0.1608976
v -0.23685458 -0.013797006 0.1491954
v -0.23685458 -0.0347593 0.1491954
v -0.2407604 -0.013797008 0.1334278
v -0.2407604 -0.034759305 0.1334278
v -0.2362593 -0.01379701 0.117819674
v -0.2362593 -0.03475931 0.11781968
v -0.22455697 -0.013797012 0.106553294
v -0.22455697 -0.03475931 0.10655327
v -0.2087895 -0.013797013 0.10264739
v -0.2087895 -0.034759313 0.10264738
v -0.19318137 -0.013797012 0.10714855
v -0.19318137 -0.03475931 0.10714856
v -0.181915 -0.01379701 0.11885079
v -0.18710501 -0.016387334 0.1474562
v -0.2353961 -0.016387336 0.13352957
v -0.18337333 -0.016387336 0.13451661
v -0.23166457 -0.016387338 0.120589964
v -0.009827986 -0.0137970075 0.1378093
v -0.013733983 -0.03475931 0.12204169
v -0.009827986 -0.034759305 0.1378093
v -0.013733983 -0.01379701 0.12204171
v -0.025000304 -0.03475931 0.110339485
v -0.0143292695 -0.013797005 0.15341741
v -0.06867355 -0.013797005 0.15238634
v -0.0143292695 -0.0347593 0.15341741
v -0.02603139 -0.013797003 0.16468382
v -0.02603139 -0.0347593 0.16468382
v -0.05740699 -0.013797003 0.16408853
v -0.041799054 -0.013797003 0.16858973
v -0.041799054 -0.0347593 0.16858973
v -0.05740699 -0.0347593 0.16408853
v -0.06867355 -0.0347593 0.15238634
v -0.025000304 -0.013797012 0.11033948
v -0.040608466 -0.03475931 0.105838306
v -0.07257937 -0.0137970075 0.13661872
v -0.07257937 -0.034759305 0.13661872
v -0.040608466 -0.013797012 0.10583831
v -0.056375906 -0.03475931 0.10974419
v -0.056375906 -0.013797012 0.10974421
v -0.068078265 -0.03475931 0.12101062
v -0.068078265 -0.01379701 0.12101061
v -0.06387022 -0.016387334 0.1497333
v -0.067093045 -0.016387336 0.13672282
v -0.015314326 -0.016387336 0.13770522
v -0.018537328 -0.016387338 0.12469474
v -0.1825103 -0.13096805 0.1502265
v -0.1825103 -0.11000576 0.1502265
v -0.178009 -0.11000576 0.1346184
v -0.178009 -0.13096806 0.1346184
v -0.181915 -0.11000576 0.118850775
v -0.19421244 -0.13096805 0.16149291
v -0.19421244 -0.11000575 0.16149291
v -0.20998009 -0.13096805 0.16539882
v -0.20998009 -0.11000575 0.16539882
v -0.22558805 -0.13096805 0.16089761
v -0.22558805 -0.11000575 0.16089761
v -0.23685458 -0.13096805 0.14919542
v -0.23685458 -0.11000576 0.14919542
v -0.2407604 -0.13096806 0.13342781
v -0.2407604 -0.11000576 0.13342781
v -0.2362593 -0.13096806 0.1178197
v -0.2362593 -0.11000576 0.11781969
v -0.22455697 -0.13096806 0.1065533
v -0.22455697 -0.110005766 0.10655328
v -0.2087895 -0.13096806 0.102647394
v -0.2087895 -0.110005766 0.10264739
v -0.19318137 -0.13096806 0.10714857
v -0.19318137 -0.110005766 0.107148565
v -0.181915 -0.13096806 0.11885081
v -0.18710501 -0.12837772 0.14745621
v -0.2353961 -0.12837774 0.13352959
v -0.18337333 -0.12837774 0.13451663
v -0.23166457 -0.12837774 0.12058999
v -0.009827986 -0.13096808 0.13780932
v -0.009827986 -0.11000579 0.13780932
v -0.013733983 -0.11000579 0.122041695
v -0.013733983 -0.1309681 0.12204173
v -0.025000304 -0.110005796 0.11033949
v -0.0143292695 -0.13096808 0.15341742
v -0.06867355 -0.13096805 0.15238635
v -0.0143292695 -0.11000579 0.15341742
v -0.02603139 -0.13096805 0.16468383
v -0.02603139 -0.11000578 0.16468383
v -0.05740699 -0.13096805 0.16408855
v -0.041799054 -0.13096805 0.16858974
v -0.041799054 -0.11000578 0.16858974
v -0.05740699 -0.11000578 0.16408855
v -0.06867355 -0.11000579 0.15238635
v -0.025000304 -0.13096806 0.1103395
v -0.040608466 -0.110005796 0.10583831
v -0.07257937 -0.13096806 0.13661873
v -0.07257937 -0.11000579 0.13661873
v -0.040608466 -0.13096806 0.10583832
v -0.056375906 -0.110005796 0.1097442
v -0.056375906 -0.13096806 0.10974422
v -0.068078265 -0.11000579 0.121010624
v -0.068078265 -0.13096806 0.12101063
v -0.06387022 -0.12837772 0.14973332
v -0.067093045 -0.12837774 0.13672283
v -0.015314326 -0.12837772 0.13770524
v -0.018537328 -0.12837774 0.124694765
v -0.011572003 -0.041672777 0.21244858
v -0.011572003 -0.07238252 0.2124486
v -0.9337053 -0.072382495 0.18525258
v 0.00917083 -0.07238252 0.20770827
v -0.011572003 -0.10309229 0.2124486
v -0.9337053 -0.04167269 0.18525256
v 0.0092206 -0.041672777 0.20767207
v -0.0131022185 -0.041675877 0.19686438
v -0.93523544 -0.041675825 0.16966832
v 0.007690385 -0.04167588 0.19208784
v 0.007640615 -0.072382525 0.19212402
v 0.0092206 -0.10309229 0.20767209
v 0.00769037 -0.1030892 0.19208786
v -0.0131022185 -0.1030892 0.1968644
v -0.0131022185 -0.072382525 0.1968644
v -0.93523544 -0.072382465 0.16966833
v -0.9921804 -0.072382495 0.16858791
v -0.93523544 -0.10308917 0.16966833
v -0.9921804 -0.041675795 0.1685879
v -0.99065024 -0.04167272 0.18417212
v -0.9337053 -0.1030923 0.18525258
v -0.99065024 -0.072382525 0.18417214
v -0.99065024 -0.10309227 0.18417214
v -0.9921804 -0.10308914 0.16858791
v -0.0015653372 -0.026970215 0.228889
v -0.045216918 -0.025917806 0.2266175
v -0.049450725 -0.028844425 0.2125337
v -0.004413262 -0.03461034 0.23060882
v -0.05324714 -0.03344617 0.22800733
v -0.005321726 -0.035069123 0.19116831
v -0.057928905 -0.037072103 0.21064709
v -0.0021143556 -0.04244701 0.23226671
v -0.045765862 -0.04139463 0.22999527
v -0.04999973 -0.04432122 0.2159114
v -0.008467644 -0.044620797 0.18407811
v -0.005870655 -0.050545912 0.19454607
v 0.018011257 -0.041369025 0.24048118
v 0.018073365 -0.033217046 0.24065267
v 0.018560246 -0.025892204 0.23710342
v 0.030107528 -0.03643708 0.19065619
v 0.031177014 -0.046200052 0.18328257
v 0.02955857 -0.051913872 0.19403395
v 0.03813681 -0.040291015 0.2486956
v 0.040560007 -0.031823758 0.2506965
v 0.03868583 -0.024814224 0.2453178
v 0.064234704 -0.031848527 0.21724239
v 0.069257975 -0.040429097 0.2159328
v 0.063685715 -0.04732535 0.22062011
v 0.07320553 -0.03546063 0.27654377
v 0.07968956 -0.025751268 0.28489983
v 0.07649809 -0.03645727 0.27252084
v 0.08338943 -0.026971318 0.2799202
v 0.07375455 -0.019983806 0.27316603
v 0.07704708 -0.020980477 0.26914313
v 0.0214217 -0.022358282 0.19727157
v -0.00434497 -0.02512319 0.20867816
v -0.010613754 -0.027740669 0.20174004
v 0.020915464 -0.027435375 0.19902825
v -0.007926568 -0.030538747 0.21175401
v 0.008999988 -0.028949844 0.1764788
v -0.015344515 -0.033735525 0.20304526
v 0.02335751 -0.032242667 0.19924866
v -0.002409041 -0.035007548 0.21065524
v -0.008677915 -0.037625056 0.20371711
v 0.005926147 -0.035534546 0.17321023
v 0.010935873 -0.03883423 0.17845586
v 0.037186325 -0.02975498 0.19814844
v 0.03660199 -0.024509354 0.19830132
v 0.035250574 -0.019870592 0.19617136
v 0.029272467 -0.027104424 0.16585383
v 0.028550178 -0.033507187 0.16119201
v 0.031208336 -0.036988813 0.16783091
v 0.05101508 -0.02726732 0.19704823
v 0.05228862 -0.021583332 0.19757439
v 0.0490793 -0.017382933 0.19507116
v 0.056164145 -0.020744102 0.17133246
v 0.05936888 -0.02590503 0.16903685
v 0.058099926 -0.03062849 0.17330956
v 0.07879242 -0.020642083 0.2029847
v 0.084133625 -0.013661157 0.20601474
v 0.079595506 -0.02114491 0.19969055
v 0.08491132 -0.014303875 0.20204668
v 0.07685661 -0.010757697 0.20100763
v 0.077659756 -0.011260551 0.19771348
v -0.0015653521 -0.11779485 0.22888902
v -0.049450725 -0.11592064 0.21253371
v -0.045216918 -0.11884723 0.22661752
v -0.004413262 -0.110154726 0.23060884
v -0.05324714 -0.111318894 0.22800735
v -0.005321726 -0.109695956 0.19116832
v -0.057928905 -0.107692964 0.2106471
v -0.0021143556 -0.102318026 0.23226672
v -0.045765862 -0.103370436 0.22999528
v -0.04999973 -0.10044382 0.21591142
v -0.008467644 -0.10014428 0.18407813
v -0.005870655 -0.09421916 0.19454607
v 0.018011242 -0.103396036 0.2404812
v 0.01807338 -0.111548014 0.24065268
v 0.018560246 -0.11887286 0.23710343
v 0.030107558 -0.108328 0.1906562
v 0.031176984 -0.09856503 0.18328257
v 0.02955857 -0.09285118 0.19403395
v 0.03813681 -0.104474045 0.24869561
v 0.040560007 -0.1129413 0.25069654
v 0.03868583 -0.11995084 0.24531782
v 0.064234704 -0.11291651 0.2172424
v 0.069257975 -0.10433597 0.21593282
v 0.063685715 -0.097439714 0.22062011
v 0.07320559 -0.10930443 0.2765438
v 0.07968956 -0.11901379 0.28489986
v 0.07649809 -0.10830778 0.27252087
v 0.08338943 -0.117793754 0.27992022
v 0.07375455 -0.12478122 0.27316606
v 0.07704708 -0.12378457 0.26914316
v 0.021421716 -0.122406796 0.19727159
v -0.0106137395 -0.11702441 0.20174006
v -0.00434497 -0.11964188 0.20867817
v 0.020915464 -0.11732967 0.19902827
v -0.007926583 -0.11422632 0.21175402
v 0.008999988 -0.11581521 0.17647882
v -0.015344501 -0.11102955 0.20304528
v 0.02335751 -0.11252241 0.19924867
v -0.002409026 -0.10975752 0.21065527
v -0.00867793 -0.10714002 0.20371713
v 0.005926162 -0.10923053 0.17321026
v 0.010935873 -0.10593085 0.17845587
v 0.037186325 -0.11501007 0.19814846
v 0.03660199 -0.120255694 0.19830133
v 0.035250574 -0.124894485 0.19617137
v 0.029272497 -0.11766066 0.16585384
v 0.028550178 -0.111257866 0.16119203
v 0.031208307 -0.10777627 0.16783091
v 0.05101511 -0.11749776 0.19704825
v 0.05228862 -0.123181745 0.1975744
v 0.0490793 -0.12738214 0.19507118
v 0.056164116 -0.12402098 0.17133248
v 0.05936885 -0.11886005 0.16903687
v 0.058099926 -0.11413659 0.17330958
v 0.07879242 -0.12412299 0.20298472
v 0.084133625 -0.13110392 0.20601475
v 0.079595506 -0.12362014 0.19969057
v 0.08491132 -0.1304612 0.20204669
v 0.07685661 -0.13400738 0.20100765
v 0.077659756 -0.13350455 0.1977135
vt 0.061723158 0.650705
vt 0.061548017 0.6509072
vt 0.0618167 0.6509835
vt 0.062124334 0.650749
vt 0.062124334 0.650749
vt 0.0618167 0.6509835
vt 0.062147304 0.651216
vt 0.06245444 0.6508808
vt 0.06108978 0.65069854
vt 0.061087944 0.6507536
vt 0.06136584 0.65074563
vt 0.061363176 0.6506831
vt 0.060760077 0.6507967
vt 0.060774777 0.6508464
vt 0.061087944 0.6507536
vt 0.06108978 0.65069854
vt 0.14596412 0.6983912
vt 0.14596412 0.6983912
vt 0.14596412 0.6983912
vt 0.14596412 0.6983912
vt 0.14596412 0.6983912
vt 0.14596412 0.6983912
vt 0.14596412 0.6983912
vt 0.14596412 0.6983912
vt 0.14596412 0.6983912
vt 0.14596412 0.6983912
vt 0.14596412 0.6983912
vt 0.14596412 0.6983912
vt 0.14596412 0.6983912
vt 0.14596412 0.6983912
vt 0.14596412 0.6983912
vt 0.14596412 0.6983912
vt 0.14596412 0.6983912
vt 0.14596412 0.6983912
vt 0.14596412 0.6983912
vt 0.14596412 0.6983912
vt 0.061723158 0.650705
vt 0.062124334 0.650749
vt 0.062755786 0.6409123
vt 0.062179297 0.6409286
vt 0.061363176 0.6506831
vt 0.062211998 0.6407037
vt 0.062780425 0.6406998
vt 0.061682984 0.64096487
vt 0.06108978 0.65069854
vt 0.062281575 0.64047813
vt 0.06281703 0.6405319
vt 0.06172453 0.6407244
vt 0.0613762 0.64096403
vt 0.060760077 0.6507967
vt 0.06101389 0.64090425
vt 0.06104946 0.64065313
vt 0.06141378 0.6407163
vt 0.06141378 0.64071625
vt 0.061149277 0.6403117
vt 0.061517768 0.64038026
vt 0.061241064 0.6399977
vt 0.06183269 0.6404288
vt 0.06161387 0.6400698
vt 0.061378576 0.6395272
vt 0.061944313 0.6401237
vt 0.061757218 0.6396066
vt 0.061816238 0.6358791
vt 0.06221571 0.63624007
vt 0.062096544 0.6397077
vt 0.06268828 0.6364587
vt 0.062391095 0.6401231
vt 0.062894985 0.6401744
vt 0.06249044 0.63980114
vt 0.063220486 0.6367241
vt 0.06294944 0.6399246
vt 0.064097896 0.6368308
vt 0.06331752 0.6400476
vt 0.0646415 0.636806
vt 0.06326023 0.64026505
vt 0.063170984 0.6406038
vt 0.06281703 0.64053196
vt 0.06313288 0.6407484
vt 0.062780425 0.6406998
vt 0.063106835 0.6409541
vt 0.06275579 0.64091235
vt 0.062124334 0.650749
vt 0.06245444 0.6508808
vt 0.15326467 0.69652927
vt 0.15290092 0.6958706
vt 0.1528652 0.6961683
vt 0.1533021 0.6962546
vt 0.15373725 0.6967479
vt 0.15378554 0.6964828
vt 0.15426946 0.6970133
vt 0.15432903 0.6967623
vt 0.15514687 0.69712
vt 0.15524058 0.6968675
vt 0.15569046 0.6970952
vt 0.1557985 0.6968307
vt 0.061363176 0.6506831
vt 0.06136584 0.65074563
vt 0.061548017 0.6509072
vt 0.061723158 0.650705
vt 0.15314044 0.69445777
vt 0.15290092 0.6946402
vt 0.1533021 0.69502425
vt 0.1534141 0.6948828
vt 0.15378554 0.6952524
vt 0.15377748 0.6950745
vt 0.15377456 0.69422716
vt 0.15432903 0.69553196
vt 0.15447055 0.69519335
vt 0.15472472 0.6945741
vt 0.15524058 0.69563717
vt 0.155292 0.6954568
vt 0.15568012 0.6953569
vt 0.1557985 0.69560033
vt 0.08198376 0.60365105
vt 0.08198376 0.60365105
vt 0.08198376 0.60365105
vt 0.08198376 0.60365105
vt 0.08198376 0.60365105
vt 0.08198376 0.60365105
vt 0.08198376 0.60365105
vt 0.08198376 0.60365105
vt 0.08198376 0.60365105
vt 0.08198376 0.60365105
vt 0.08198376 0.60365105
vt 0.08198376 0.60365105
vt 0.08198376 0.60365105
vt 0.08198376 0.60365105
vt 0.08198376 0.60365105
vt 0.08198376 0.60365105
vt 0.08198376 0.60365105
vt 0.08198376 0.60365105
vt 0.08198376 0.60365105
vt 0.08198376 0.60365105
vt 0.030359255 0.60417724
vt 0.030465858 0.6009378
vt 0.030359255 0.60417724
vt 0.030465858 0.6009378
vt 0.030572457 0.5976984
vt 0.030572457 0.5976984
vt 0.030679064 0.594459
vt 0.030679064 0.594459
vt 0.030679064 0.594459
vt 0.03102333 0.5976815
vt 0.031175377 0.59442276
vt 0.030871281 0.6009403
vt 0.030679064 0.594459
vt 0.030871281 0.6009403
vt 0.03102333 0.5976815
vt 0.030719237 0.6041991
vt 0.030719237 0.6041991
vt 0.031175377 0.59442276
vt 0.031175377 0.59442276
vt 0.031175377 0.59442276
vt 0.031175377 0.59442276
vt 0.030679064 0.594459
vt 0.030572457 0.5976984
vt 0.03102333 0.5976815
vt 0.030465858 0.6009378
vt 0.030871281 0.6009403
vt 0.030359255 0.60417724
vt 0.030719237 0.6041991
vt 0.030719237 0.6041991
vt 0.030719237 0.6041991
vt 0.030359255 0.60417724
vt 0.030359255 0.60417724
vt 0.02564004 0.5887106
vt 0.02564004 0.5887106
vt 0.02564004 0.5887106
vt 0.02564004 0.5887106
vt 0.02564004 0.5887106
vt 0.02564004 0.5887106
vt 0.02564004 0.5887106
vt 0.02564004 0.5887106
vt 0.061723158 0.650705
vt 0.062124334 0.650749
vt 0.0618167 0.6509835
vt 0.061548017 0.6509072
vt 0.062124334 0.650749
vt 0.06245444 0.6508808
vt 0.062147304 0.651216
vt 0.0618167 0.6509835
vt 0.06108978 0.65069854
vt 0.061363176 0.6506831
vt 0.06136584 0.65074563
vt 0.061087944 0.6507536
vt 0.060760077 0.6507967
vt 0.06108978 0.65069854
vt 0.061087944 0.6507536
vt 0.060774777 0.6508464
vt 0.14596412 0.6983912
vt 0.14596412 0.6983912
vt 0.14596412 0.6983912
vt 0.14596412 0.6983912
vt 0.14596412 0.6983912
vt 0.14596412 0.6983912
vt 0.14596412 0.6983912
vt 0.14596412 0.6983912
vt 0.061723158 0.650705
vt 0.062755786 0.6409123
vt 0.062124334 0.650749
vt 0.062179297 0.6409286
vt 0.061363176 0.6506831
vt 0.062211998 0.6407037
vt 0.062780425 0.6406998
vt 0.061682984 0.64096487
vt 0.06108978 0.65069854
vt 0.062281575 0.64047813
vt 0.06281703 0.6405319
vt 0.06172453 0.6407244
vt 0.0613762 0.64096403
vt 0.060760077 0.6507967
vt 0.06101389 0.64090425
vt 0.06104946 0.64065313
vt 0.06141378 0.6407163
vt 0.06141378 0.64071625
vt 0.061149277 0.6403117
vt 0.061517768 0.64038026
vt 0.061241064 0.6399977
vt 0.06183269 0.6404288
vt 0.06161387 0.6400698
vt 0.061378576 0.6395272
vt 0.061944313 0.6401237
vt 0.061757218 0.6396066
vt 0.061816238 0.6358791
vt 0.06221571 0.63624007
vt 0.062096544 0.6397077
vt 0.06268828 0.6364587
vt 0.062391095 0.6401231
vt 0.062894985 0.6401744
vt 0.06249044 0.63980114
vt 0.063220486 0.6367241
vt 0.06294944 0.6399246
vt 0.064097896 0.6368308
vt 0.06331752 0.6400476
vt 0.0646415 0.636806
vt 0.06326023 0.64026505
vt 0.063170984 0.6406038
vt 0.06281703 0.64053196
vt 0.06313288 0.6407484
vt 0.062780425 0.6406998
vt 0.062124334 0.650749
vt 0.06275579 0.64091235
vt 0.063106835 0.6409541
vt 0.06245444 0.6508808
vt 0.15326467 0.69652927
vt 0.1528652 0.6961683
vt 0.15290092 0.6958706
vt 0.1533021 0.6962546
vt 0.15373725 0.6967479
vt 0.15378554 0.6964828
vt 0.15426946 0.6970133
vt 0.15432903 0.6967623
vt 0.15514687 0.69712
vt 0.15524058 0.6968675
vt 0.15569046 0.6970952
vt 0.1557985 0.6968307
vt 0.061363176 0.6506831
vt 0.061723158 0.650705
vt 0.061548017 0.6509072
vt 0.06136584 0.65074563
vt 0.15314044 0.69445777
vt 0.1533021 0.69502425
vt 0.15290092 0.6946402
vt 0.1534141 0.6948828
vt 0.15378554 0.6952524
vt 0.15377748 0.6950745
vt 0.15377456 0.69422716
vt 0.15432903 0.69553196
vt 0.15447055 0.69519335
vt 0.15472472 0.6945741
vt 0.15524058 0.69563717
vt 0.155292 0.6954568
vt 0.15568012 0.6953569
vt 0.1557985 0.69560033
vt 0.08198376 0.60365105
vt 0.08198376 0.60365105
vt 0.08198376 0.60365105
vt 0.08198376 0.60365105
vt 0.08198376 0.60365105
vt 0.08198376 0.60365105
vt 0.08198376 0.60365105
vt 0.08198376 0.60365105
vt 0.030359255 0.60417724
vt 0.030359255 0.60417724
vt 0.030465858 0.6009378
vt 0.030465858 0.6009378
vt 0.030572457 0.5976984
vt 0.030572457 0.5976984
vt 0.030679064 0.594459
vt 0.030679064 0.594459
vt 0.030679064 0.594459
vt 0.03102333 0.5976815
vt 0.031175377 0.59442276
vt 0.030871281 0.6009403
vt 0.030679064 0.594459
vt 0.030871281 0.6009403
vt 0.03102333 0.5976815
vt 0.030719237 0.6041991
vt 0.030719237 0.6041991
vt 0.031175377 0.59442276
vt 0.031175377 0.59442276
vt 0.031175377 0.59442276
vt 0.031175377 0.59442276
vt 0.030679064 0.594459
vt 0.030572457 0.5976984
vt 0.03102333 0.5976815
vt 0.030465858 0.6009378
vt 0.030871281 0.6009403
vt 0.030359255 0.60417724
vt 0.030719237 0.6041991
vt 0.030719237 0.6041991
vt 0.030719237 0.6041991
vt 0.030359255 0.60417724
vt 0.030359255 0.60417724
vt 0.02564004 0.5887106
vt 0.02564004 0.5887106
vt 0.02564004 0.5887106
vt 0.02564004 0.5887106
vt 0.02564004 0.5887106
vt 0.02564004 0.5887106
vt 0.02564004 0.5887106
vt 0.02564004 0.5887106
vt 0.14596412 0.6983912
vt 0.14596412 0.6983912
vt 0.14596412 0.6983912
vt 0.14596412 0.6983912
vt 0.14596412 0.6983912
vt 0.14596412 0.6983912
vt 0.14596412 0.6983912
vt 0.14596412 0.6983912
vt 0.14596412 0.6983912
vt 0.14596412 0.6983912
vt 0.14596412 0.6983912
vt 0.14596412 0.6983912
vt 0.14596412 0.6983912
vt 0.14596412 0.6983912
vt 0.14596412 0.6983912
vt 0.14596412 0.6983912
vt 0.14596412 0.6983912
vt 0.14596412 0.6983912
vt 0.14596412 0.6983912
vt 0.14596412 0.6983912
vt 0.14596412 0.6983912
vt 0.14596412 0.6983912
vt 0.14596412 0.6983912
vt 0.14596412 0.6983912
vt 0.14596412 0.6983912
vt 0.14596412 0.6983912
vt 0.14596412 0.6983912
vt 0.14596412 0.6983912
vt 0.14596412 0.6983912
vt 0.14596412 0.6983912
vt 0.14596412 0.6983912
vt 0.14596412 0.6983912
vt 0.08198376 0.60365105
vt 0.08198376 0.60365105
vt 0.08198376 0.60365105
vt 0.08198376 0.60365105
vt 0.08198376 0.60365105
vt 0.08198376 0.60365105
vt 0.08198376 0.60365105
vt 0.08198376 0.60365105
vt 0.08198376 0.60365105
vt 0.08198376 0.60365105
vt 0.08198376 0.60365105
vt 0.08198376 0.60365105
vt 0.08198376 0.60365105
vt 0.08198376 0.60365105
vt 0.08198376 0.60365105
vt 0.08198376 0.60365105
vt 0.08198376 0.60365105
vt 0.08198376 0.60365105
vt 0.08198376 0.60365105
vt 0.08198376 0.60365105
vt 0.08198376 0.60365105
vt 0.08198376 0.60365105
vt 0.08198376 0.60365105
vt 0.08198376 0.60365105
vt 0.08198376 0.60365105
vt 0.08198376 0.60365105
vt 0.08198376 0.60365105
vt 0.08198376 0.60365105
vt 0.08198376 0.60365105
vt 0.08198376 0.60365105
vt 0.08198376 0.60365105
vt 0.08198376 0.60365105
vt 0.14596412 0.6983912
vt 0.14596412 0.6983912
vt 0.14596412 0.6983912
vt 0.14596412 0.6983912
vt 0.14596412 0.6983912
vt 0.14596412 0.6983912
vt 0.14596412 0.6983912
vt 0.14596412 0.6983912
vt 0.14596412 0.6983912
vt 0.14596412 0.6983912
vt 0.14596412 0.6983912
vt 0.14596412 0.6983912
vt 0.14596412 0.6983912
vt 0.14596412 0.6983912
vt 0.14596412 0.6983912
vt 0.14596412 0.6983912
vt 0.14596412 0.6983912
vt 0.14596412 0.6983912
vt 0.14596412 0.6983912
vt 0.14596412 0.6983912
vt 0.14596412 0.6983912
vt 0.14596412 0.6983912
vt 0.14596412 0.6983912
vt 0.14596412 0.6983912
vt 0.14596412 0.6983912
vt 0.14596412 0.6983912
vt 0.14596412 0.6983912
vt 0.14596412 0.6983912
vt 0.14596412 0.6983912
vt 0.14596412 0.6983912
vt 0.14596412 0.6983912
vt 0.14596412 0.6983912
vt 0.14596412 0.6983912
vt 0.14596412 0.6983912
vt 0.14596412 0.6983912
vt 0.14596412 0.6983912
vt 0.1509055 0.6961709
vt 0.1509055 0.6961709
vt 0.1509055 0.6961709
vt 0.1509055 0.6961709
vt 0.1509055 0.6961709
vt 0.1509055 0.6961709
vt 0.1509055 0.6961709
vt 0.1509055 0.6961709
vt 0.1509055 0.6961709
vt 0.1509055 0.6961709
vt 0.1509055 0.6961709
vt 0.1509055 0.6961709
vt 0.1509055 0.6961709
vt 0.1509055 0.6961709
vt 0.1509055 0.6961709
vt 0.1509055 0.6961709
vt 0.1509055 0.6961709
vt 0.1509055 0.6961709
vt 0.1509055 0.6961709
vt 0.1509055 0.6961709
vt 0.1509055 0.6961709
vt 0.1509055 0.6961709
vt 0.1509055 0.6961709
vt 0.1509055 0.6961709
vt 0.1509055 0.6961709
vt 0.1509055 0.6961709
vt 0.1509055 0.6961709
vt 0.1509055 0.6961709
vt 0.1509055 0.6961709
vt 0.1509055 0.6961709
vt 0.1509055 0.6961709
vt 0.1509055 0.6961709
vt 0.1509055 0.6961709
vt 0.1509055 0.6961709
vt 0.1509055 0.6961709
vt 0.1509055 0.6961709
vt 0.1509055 0.6961709
vt 0.1509055 0.6961709
vt 0.1509055 0.6961709
vt 0.1509055 0.6961709
vt 0.1509055 0.6961709
vt 0.1509055 0.6961709
vt 0.1509055 0.6961709
vt 0.1509055 0.6961709
vt 0.1509055 0.6961709
vt 0.1509055 0.6961709
vt 0.1509055 0.6961709
vt 0.1509055 0.6961709
vt 0.1509055 0.6961709
vt 0.1509055 0.6961709
vt 0.1509055 0.6961709
vt 0.1509055 0.6961709
vt 0.1509055 0.6961709
vt 0.1509055 0.6961709
vt 0.1509055 0.6961709
vt 0.1509055 0.6961709
vt 0.1509055 0.6961709
vt 0.1509055 0.6961709
vt 0.1509055 0.6961709
vt 0.1509055 0.6961709
vt 0.1509055 0.6961709
vt 0.1509055 0.6961709
vt 0.1509055 0.6961709
vt 0.1509055 0.6961709
vt 0.1509055 0.6961709
vt 0.1509055 0.6961709
vt 0.1509055 0.6961709
vt 0.1509055 0.6961709
vt 0.1509055 0.6961709
vt 0.1509055 0.6961709
vt 0.1509055 0.6961709
vt 0.1509055 0.6961709
vt 0.1509055 0.6961709
vt 0.1509055 0.6961709
vt 0.1509055 0.6961709
vt 0.1509055 0.6961709
vt 0.1509055 0.6961709
vt 0.1509055 0.6961709
vt 0.1509055 0.6961709
vt 0.1509055 0.6961709
vt 0.1509055 0.6961709
vt 0.1509055 0.6961709
vt 0.1509055 0.6961709
vt 0.1509055 0.6961709
vt 0.1509055 0.6961709
vt 0.1509055 0.6961709
vt 0.1509055 0.6961709
vt 0.1509055 0.6961709
vt 0.1509055 0.6961709
vt 0.1509055 0.6961709
vt 0.1509055 0.6961709
vt 0.1509055 0.6961709
vt 0.1509055 0.6961709
vt 0.1509055 0.6961709
vt 0.1509055 0.6961709
vt 0.1509055 0.6961709
vt 0.14396164 0.69751036
vt 0.14396164 0.69751036
vt 0.14431268 0.6975521
vt 0.14398625 0.6972978
vt 0.14431268 0.6975521
vt 0.14433873 0.6973464
vt 0.14433873 0.6973464
vt 0.14398625 0.6972978
vt 0.14396162 0.6975103
vt 0.09074828 0.591811
vt 0.09074828 0.591811
vt 0.09074828 0.591811
vt 0.09074828 0.591811
vt 0.09074828 0.591811
vt 0.09074828 0.591811
vt 0.09074828 0.591811
vt 0.09074828 0.591811
vt 0.09074828 0.591811
vt 0.09074828 0.591811
vt 0.09074828 0.591811
vt 0.09074828 0.591811
vt 0.09074828 0.591811
vt 0.09074828 0.591811
vt 0.09074828 0.591811
vt 0.09074828 0.591811
vt 0.09074828 0.591811
vt 0.09074828 0.591811
vt 0.09074828 0.591811
vt 0.09074828 0.591811
vt 0.09074828 0.591811
vt 0.09074828 0.591811
vt 0.09074828 0.591811
vt 0.09074828 0.591811
vt 0.09074828 0.591811
vt 0.09074828 0.591811
vt 0.09074828 0.591811
vt 0.09074828 0.591811
vt 0.09074828 0.591811
vt 0.09074828 0.591811
vt 0.09074828 0.591811
vt 0.09074828 0.591811
vt 0.09074828 0.591811
vt 0.09074828 0.591811
vt 0.09074828 0.591811
vt 0.09074828 0.591811
vt 0.09074828 0.591811
vt 0.09074828 0.591811
vt 0.09074828 0.591811
vt 0.09074828 0.591811
vt 0.09074828 0.591811
vt 0.09074828 0.591811
vt 0.09074828 0.591811
vt 0.09074828 0.591811
vt 0.09074828 0.591811
vt 0.09074828 0.591811
vt 0.09074828 0.591811
vt 0.09074828 0.591811
vt 0.09074828 0.591811
vt 0.09074828 0.591811
vt 0.09074828 0.591811
vt 0.09074828 0.591811
vt 0.09074828 0.591811
vt 0.09074828 0.591811
vt 0.09074828 0.591811
vt 0.09074828 0.591811
vt 0.09074828 0.591811
vt 0.09074828 0.591811
vt 0.09074828 0.591811
vt 0.09074828 0.591811
vt 0.09074828 0.591811
vt 0.09074828 0.591811
vt 0.09074828 0.591811
vt 0.09074828 0.591811
vt 0.09074828 0.591811
vt 0.09074828 0.591811
vt 0.09074828 0.591811
vt 0.09074828 0.591811
vt 0.09074828 0.591811
vt 0.09074828 0.591811
vt 0.09074828 0.591811
vt 0.09074828 0.591811
vt 0.09074828 0.591811
vt 0.09074828 0.591811
vt 0.09074828 0.591811
vt 0.09074828 0.591811
vt 0.09074828 0.591811
vt 0.09074828 0.591811
vt 0.09074828 0.591811
vt 0.09074828 0.591811
vt 0.09074828 0.591811
vt 0.09074828 0.591811
vt 0.09074828 0.591811
vt 0.09074828 0.591811
vt 0.09074828 0.591811
vt 0.09074828 0.591811
vt 0.09074828 0.591811
vt 0.09074828 0.591811
vt 0.09074828 0.591811
vt 0.09074828 0.591811
vt 0.09074828 0.591811
vt 0.09074828 0.591811
vt 0.09074828 0.591811
vt 0.09074828 0.591811
vt 0.09074828 0.591811
vt 0.09074828 0.591811
vt 0.09074828 0.591811
vt 0.09074828 0.591811
vt 0.09074828 0.591811
vt 0.09074828 0.591811
vt 0.09074828 0.591811
vt 0.09074828 0.591811
vt 0.09074828 0.591811
vt 0.09074828 0.591811
vt 0.09074828 0.591811
vt 0.09074828 0.591811
vt 0.09074828 0.591811
vt 0.09074828 0.591811
vt 0.09074828 0.591811
vt 0.09074828 0.591811
vt 0.09074828 0.591811
vt 0.09074828 0.591811
vt 0.1509055 0.6961709
vt 0.1509055 0.6961709
vt 0.1509055 0.6961709
vt 0.1509055 0.6961709
vt 0.1509055 0.6961709
vt 0.1509055 0.6961709
vt 0.1509055 0.6961709
vt 0.1509055 0.6961709
vt 0.1509055 0.6961709
vt 0.1509055 0.6961709
vt 0.1509055 0.6961709
vt 0.1509055 0.6961709
vt 0.1509055 0.6961709
vt 0.1509055 0.6961709
vt 0.1509055 0.6961709
vt 0.1509055 0.6961709
vt 0.1509055 0.6961709
vt 0.1509055 0.6961709
vt 0.1509055 0.6961709
vt 0.1509055 0.6961709
vt 0.1509055 0.6961709
vt 0.1509055 0.6961709
vt 0.1509055 0.6961709
vt 0.1509055 0.6961709
vt 0.031557523 0.66172
vt 0.031557523 0.66172
vt 0.031557523 0.66172
vt 0.031557523 0.66172
vt 0.031557523 0.66172
vt 0.031557523 0.66172
vt 0.031557523 0.66172
vt 0.031557523 0.66172
vt 0.031557523 0.66172
vt 0.031557523 0.66172
vt 0.031557523 0.66172
vt 0.031557523 0.66172
vt 0.031557523 0.66172
vt 0.031557523 0.66172
vt 0.031557523 0.66172
vt 0.031557523 0.66172
vt 0.031557523 0.66172
vt 0.031557523 0.66172
vt 0.031557523 0.66172
vt 0.031557523 0.66172
vt 0.031557523 0.66172
vt 0.031557523 0.66172
vt 0.031557523 0.66172
vt 0.031557523 0.66172
vt 0.031557523 0.66172
vt 0.031557523 0.66172
vt 0.031557523 0.66172
vt 0.031557523 0.66172
vt 0.031557523 0.66172
vt 0.031557523 0.66172
vt 0.031557523 0.66172
vt 0.031557523 0.66172
vt 0.031557523 0.66172
vt 0.031557523 0.66172
vt 0.031557523 0.66172
vt 0.031557523 0.66172
vt 0.031557523 0.66172
vt 0.031557523 0.66172
vt 0.031557523 0.66172
vt 0.031557523 0.66172
vt 0.031557523 0.66172
vt 0.031557523 0.66172
vt 0.031557523 0.66172
vt 0.031557523 0.66172
vt 0.031557523 0.66172
vt 0.031557523 0.66172
vt 0.031557523 0.66172
vt 0.031557523 0.66172
vt 0.031557523 0.66172
vt 0.031557523 0.66172
vt 0.031557523 0.66172
vt 0.031557523 0.66172
vt 0.031557523 0.66172
vt 0.031557523 0.66172
vt 0.031557523 0.66172
vt 0.031557523 0.66172
vt 0.031557523 0.66172
vt 0.031557523 0.66172
vt 0.031557523 0.66172
vt 0.031557523 0.66172
vt 0.031557523 0.66172
vt 0.031557523 0.66172
vt 0.031557523 0.66172
vt 0.031557523 0.66172
vt 0.031557523 0.66172
vt 0.031557523 0.66172
vt 0.031557523 0.66172
vt 0.031557523 0.66172
vt 0.031557523 0.66172
vt 0.031557523 0.66172
vt 0.031557523 0.66172
vt 0.031557523 0.66172
vt 0.031557523 0.66172
vt 0.031557523 0.66172
vt 0.031557523 0.66172
vt 0.031557523 0.66172
vt 0.031557523 0.66172
vt 0.031557523 0.66172
vt 0.031557523 0.66172
vt 0.031557523 0.66172
vt 0.031557523 0.66172
vt 0.031557523 0.66172
vt 0.031557523 0.66172
vt 0.031557523 0.66172
vt 0.031557523 0.66172
vt 0.031557523 0.66172
vt 0.031557523 0.66172
vt 0.031557523 0.66172
vt 0.031557523 0.66172
vt 0.031557523 0.66172
vt 0.031557523 0.66172
vt 0.031557523 0.66172
vt 0.031557523 0.66172
vt 0.031557523 0.66172
vt 0.031557523 0.66172
vt 0.031557523 0.66172
vt 0.031557523 0.66172
vt 0.031557523 0.66172
vt 0.031557523 0.66172
vt 0.031557523 0.66172
vt 0.031557523 0.66172
vt 0.031557523 0.66172
vt 0.031557523 0.66172
vt 0.031557523 0.66172
vt 0.031557523 0.66172
vt 0.031557523 0.66172
vt 0.031557523 0.66172
vt 0.031557523 0.66172
vt 0.031557523 0.66172
vt 0.031557523 0.66172
vt 0.031557523 0.66172
vt 0.031557523 0.66172
vt 0.031557523 0.66172
vt 0.031557523 0.66172
vt 0.031557523 0.66172
vt 0.031557523 0.66172
vt 0.031557523 0.66172
vt 0.031557523 0.66172
vt 0.031557523 0.66172
vt 0.031557523 0.66172
vn -0.99871445 -0.049592197 0.010491481
vn -0.99871445 -0.049592197 0.010491481
vn -0.99871445 -0.049592197 0.010491481
vn -0.99871445 -0.049592197 0.010491481
vn -0.99983823 -0.008828226 0.015673805
vn -0.99983823 -0.008828226 0.015673805
vn -0.99983823 -0.008828226 0.015673805
vn -0.99983823 -0.008828226 0.015673805
vn -0.9721658 -0.1561784 -0.17464823
vn -0.9721658 -0.1561784 -0.17464823
vn -0.9721658 -0.1561784 -0.17464823
vn -0.9721658 -0.1561784 -0.17464823
vn -0.9616916 0 -0.27413353
vn -0.9616916 0 -0.27413353
vn -0.9616916 0 -0.27413353
vn -0.9616916 0 -0.27413353
vn -0.9968291 0 0.0795713
vn -0.9968291 0 0.0795713
vn -0.9968291 0 0.0795713
vn -0.9968291 0 0.0795713
vn -0.9968292 0 0.079571106
vn -0.9968292 0 0.079571106
vn -0.99592555 0.0706637 -0.056025725
vn -0.99592555 0.0706637 -0.056025725
vn -0.99592555 0.0706637 -0.056025725
vn -0.99592555 0.0706637 -0.056025725
vn -0.9950848 0.01824657 -0.097329885
vn -0.9950848 0.01824657 -0.097329885
vn -0.9950848 0.01824657 -0.097329885
vn -0.9950848 0.01824657 -0.097329885
vn -0.9950848 -0.018251752 -0.0973299
vn -0.9950848 -0.018251752 -0.0973299
vn -0.9980458 0.052619554 0.033699986
vn -0.9980458 0.052619554 0.033699986
vn -0.9980458 0.052619554 0.033699986
vn -0.9980458 0.052619554 0.033699986
vn -0.6610547 0.72938806 -0.17606762
vn -0.6429274 0.46829388 -0.6060901
vn -0.0503872 0.62866503 -0.7760422
vn -0.013153661 0.978315 -0.20670474
vn -0.6891808 0.67068624 0.27424404
vn -0.039095204 0.97872293 -0.20142727
vn -0.15531169 0.6243597 -0.7655411
vn 0.03494474 0.9048704 0.42425048
vn -0.71036196 0.26478347 0.65213156
vn -0.08499615 0.9746327 -0.2070427
vn -0.3123345 0.60882956 -0.72922814
vn 0.25926033 0.87147486 0.41631198
vn 0.09351006 0.36988968 0.9243579
vn -0.8069587 0 0.59060794
vn 0.09772078 0 0.99521387
vn 0.47216043 0 0.8815126
vn 0.4260507 0.343099 0.8371164
vn 0.4260507 0.343099 0.8371164
vn 0.521998 0 0.8529467
vn 0.5082416 0.35164595 0.78615236
vn -0.022736657 0 0.9997415
vn 0.19391783 0.91969055 0.34141624
vn -0.045137905 0.38341275 0.92247343
vn -0.09595258 0 0.99538594
vn 0.002655181 0.94023925 0.3405041
vn -0.079716444 0.35262012 0.932365
vn 0.19275789 0 0.9812463
vn 0.16519718 0.40717918 0.8982845
vn -0.11612502 0.8707393 0.4778369
vn 0.0043947264 0.9378773 0.3469392
vn -0.1256186 0.9615806 -0.24409564
vn -0.329668 0.57012844 -0.7525109
vn -0.12757039 0.9678565 -0.2167476
vn -0.1542763 0.97308517 -0.17118414
vn -0.3130632 0.64565855 -0.6965031
vn -0.37935016 0.69638073 -0.60921866
vn -0.40285107 0 -0.9152655
vn -0.526549 0 -0.85014474
vn -0.39021438 0 -0.92072403
vn -0.38490576 0 -0.92295593
vn -0.3123345 0.60882956 -0.72922814
vn 0.08179146 0.26176322 -0.9616601
vn -0.15531169 0.6243597 -0.7655411
vn -0.3271372 0.3594267 -0.87395287
vn -0.0503872 0.62866503 -0.7760422
vn -0.6429274 0.46829388 -0.6060901
vn -0.65974605 0 -0.7514885
vn 0.16519718 0.40717918 0.8982845
vn 0.56070036 0 0.8280188
vn 0.19275789 0 0.9812463
vn 0.525207 0.3995284 0.7513552
vn 0.0043947264 0.9378773 0.3469392
vn 0.42741704 0.9025961 0.051332768
vn -0.1542763 0.97308517 -0.17118414
vn 0.2503502 0.91573304 -0.3142577
vn -0.37935016 0.69638073 -0.60921866
vn 0.19730404 0.68496394 -0.70135254
vn -0.526549 0 -0.85014474
vn -0.03854564 0 -0.9992568
vn -0.99456525 -0.10401133 -0.0046423743
vn -0.99456525 -0.10401133 -0.0046423743
vn -0.99456525 -0.10401133 -0.0046423743
vn -0.99456525 -0.10401133 -0.0046423743
vn 0.9958418 0 0.09109984
vn 0.56070036 0 0.8280188
vn 0.525207 0.3995284 0.7513552
vn 0.9649563 0.22922976 0.12772289
vn 0.42741704 0.9025961 0.051332768
vn 0.86428666 0.421141 -0.27504334
vn 0.8596076 0 -0.51095474
vn 0.2503502 0.91573304 -0.3142577
vn 0.8612695 0.28400743 -0.4213723
vn 0.91997015 0 -0.39198834
vn 0.19730404 0.68496394 -0.70135254
vn 0.8635141 0.25895658 -0.4327642
vn 0.79210186 0 -0.610389
vn -0.03854564 0 -0.9992568
vn -0.9937962 0 0.1112163
vn -0.9937962 0 0.1112163
vn -0.9937962 0 0.1112163
vn -0.9937962 0 0.1112163
vn -0.9937962 0 0.11121601
vn -0.9937962 0 0.11121601
vn -0.99330294 0.093450345 -0.06794323
vn -0.99330294 0.093450345 -0.06794323
vn -0.99330294 0.093450345 -0.06794323
vn -0.99330294 0.093450345 -0.06794323
vn -0.99212486 0.022195244 -0.12327103
vn -0.99212486 0.022195244 -0.12327103
vn -0.99212486 0.022195244 -0.12327103
vn -0.99212486 0.022195244 -0.12327103
vn -0.992125 -0.022187304 -0.12327112
vn -0.992125 -0.022187304 -0.12327112
vn -0.9962831 0.069616474 0.05072886
vn -0.9962831 0.069616474 0.05072886
vn -0.9962831 0.069616474 0.05072886
vn -0.9962831 0.069616474 0.05072886
vn -0.21470156 0.51336104 0.83088124
vn 0.23744126 -0.58524084 0.7753159
vn 0.28889883 -0.7424205 0.6044412
vn -0.3004663 0.6937124 0.65458614
vn -0.2601779 -0.57925826 0.77250713
vn 0.2838861 0.69515777 0.66042733
vn -0.30701903 -0.73742557 0.6016169
vn 0.19263998 0.52216053 0.8308057
vn 0.57239413 -0.5969624 0.5621396
vn 0.30971128 0.7379296 -0.59961545
vn 0.2705877 0.5777686 -0.7700427
vn -0.28678933 0.7420754 -0.605868
vn 0.57073957 0.5552053 0.60498214
vn 0.23002398 -0.5133652 -0.8267679
vn -0.17719491 -0.5215134 -0.8346411
vn 0.30470148 -0.68982047 -0.65673786
vn -0.22712423 0.5861832 -0.7776914
vn -0.28041425 -0.6991434 -0.6576978
vn 0.5830745 0.5990057 -0.5488317
vn 0.5830375 -0.556669 -0.591766
vn -0.28041425 -0.6991434 -0.6576978
vn -0.30701903 -0.73742557 0.6016169
vn -0.2601779 -0.57925826 0.77250713
vn -0.17719491 -0.5215134 -0.8346411
vn 0.23744126 -0.58524084 0.7753159
vn 0.23002398 -0.5133652 -0.8267679
vn 0.28889883 -0.7424205 0.6044412
vn 0.30470148 -0.68982047 -0.65673786
vn -0.5664349 -0.54946625 -0.6141973
vn -0.5661661 0.6040102 -0.5609168
vn -0.5870911 -0.60396796 0.5390239
vn -0.58928937 0.54949266 0.59228015
vn -0.026582252 0.8748643 -0.48363826
vn 0.28004587 0.8748686 -0.39519548
vn 0.026582252 0.8748643 0.48363826
vn -0.28004587 0.8748686 0.39519548
vn -0.26063842 0.87719774 -0.40322652
vn 0.042269614 0.87719375 -0.47827232
vn 0.26063842 0.87719774 0.40322652
vn -0.042269614 0.87719375 0.47827232
vn -0.9987147 0.049587414 0.010491417
vn -0.9987147 0.049587414 0.010491417
vn -0.9987147 0.049587414 0.010491417
vn -0.9987147 0.049587414 0.010491417
vn -0.99983823 0.00882823 0.015673818
vn -0.99983823 0.00882823 0.015673818
vn -0.99983823 0.00882823 0.015673818
vn -0.99983823 0.00882823 0.015673818
vn -0.97216606 0.15617734 -0.1746479
vn -0.97216606 0.15617734 -0.1746479
vn -0.97216606 0.15617734 -0.1746479
vn -0.97216606 0.15617734 -0.1746479
vn -0.96169215 0 -0.27413183
vn -0.96169215 0 -0.27413183
vn -0.96169215 0 -0.27413183
vn -0.96169215 0 -0.27413183
vn -0.9959258 -0.07066169 -0.056025892
vn -0.9959258 -0.07066169 -0.056025892
vn -0.9959258 -0.07066169 -0.056025892
vn -0.9959258 -0.07066169 -0.056025892
vn -0.9980458 -0.05262103 0.03370013
vn -0.9980458 -0.05262103 0.03370013
vn -0.9980458 -0.05262103 0.03370013
vn -0.9980458 -0.05262103 0.03370013
vn -0.6610547 -0.72938806 -0.17606762
vn -0.29246455 -0.84864473 -0.4407569
vn -0.6429274 -0.46829388 -0.6060901
vn -0.013153661 -0.978315 -0.20670474
vn -0.6891808 -0.67068624 0.27424404
vn -0.039095204 -0.97872293 -0.20142727
vn 0.13855891 -0.8192372 -0.5564636
vn 0.03494474 -0.9048704 0.42425048
vn -0.71036196 -0.26478347 0.65213156
vn -0.08499615 -0.9746327 -0.2070427
vn -0.3123345 -0.60882956 -0.72922814
vn 0.25925705 -0.87146384 0.41633722
vn 0.09351006 -0.36988968 0.9243579
vn -0.8069587 0 0.59060794
vn 0.09772078 0 0.99521387
vn 0.47216043 0 0.8815126
vn 0.4260507 -0.343099 0.8371164
vn 0.4260507 -0.343099 0.8371164
vn 0.521998 0 0.8529467
vn 0.5082416 -0.35164595 0.78615236
vn -0.022736657 0 0.9997415
vn 0.19391783 -0.91969055 0.34141624
vn -0.045137905 -0.38341275 0.92247343
vn -0.09595258 0 0.99538594
vn 0.002655181 -0.94023925 0.3405041
vn -0.079716444 -0.35262012 0.932365
vn 0.19275789 0 0.9812463
vn 0.16519718 -0.40717918 0.8982845
vn -0.11612502 -0.8707393 0.4778369
vn 0.0043947264 -0.9378773 0.3469392
vn -0.1256186 -0.9615806 -0.24409564
vn -0.329668 -0.57012844 -0.7525109
vn -0.12757039 -0.9678565 -0.2167476
vn -0.1542763 -0.97308517 -0.17118414
vn -0.3130632 -0.64565855 -0.6965031
vn -0.3793572 -0.69639367 -0.60919946
vn -0.40285107 0 -0.9152655
vn -0.526549 0 -0.85014474
vn -0.39021438 0 -0.92072403
vn -0.38490576 0 -0.92295593
vn -0.3123345 -0.60882956 -0.72922814
vn 0.08179146 0.26176322 -0.9616601
vn 0.13855891 -0.8192372 -0.5564636
vn -0.6429274 -0.46829388 -0.6060901
vn -0.29246455 -0.84864473 -0.4407569
vn -0.3271372 0.3594267 -0.87395287
vn -0.65974605 0 -0.7514885
vn 0.16519718 -0.40717918 0.8982845
vn 0.19275789 0 0.9812463
vn 0.56070036 0 0.8280188
vn 0.525207 -0.3995284 0.7513552
vn 0.0043947264 -0.9378773 0.3469392
vn 0.42741704 -0.9025961 0.051332768
vn -0.1542763 -0.97308517 -0.17118414
vn 0.2503502 -0.91573304 -0.3142577
vn -0.3793572 -0.69639367 -0.60919946
vn 0.19730404 -0.68496394 -0.70135254
vn -0.526549 0 -0.85014474
vn -0.03854564 0 -0.9992568
vn -0.994565 0.10401415 -0.004642053
vn -0.994565 0.10401415 -0.004642053
vn -0.994565 0.10401415 -0.004642053
vn -0.994565 0.10401415 -0.004642053
vn 0.9958418 0 0.09109984
vn 0.525207 -0.3995284 0.7513552
vn 0.56070036 0 0.8280188
vn 0.9649563 -0.22922976 0.12772289
vn 0.42741704 -0.9025961 0.051332768
vn 0.86427945 -0.42113748 -0.27507153
vn 0.8596076 0 -0.51095474
vn 0.2503502 -0.91573304 -0.3142577
vn 0.8612695 -0.28400743 -0.4213723
vn 0.91997015 0 -0.39198834
vn 0.19730404 -0.68496394 -0.70135254
vn 0.8635141 -0.25895658 -0.4327642
vn 0.79210186 0 -0.610389
vn -0.03854564 0 -0.9992568
vn -0.99330306 -0.09345019 -0.06794293
vn -0.99330306 -0.09345019 -0.06794293
vn -0.99330306 -0.09345019 -0.06794293
vn -0.99330306 -0.09345019 -0.06794293
vn -0.99628323 -0.06961643 0.050728496
vn -0.99628323 -0.06961643 0.050728496
vn -0.99628323 -0.06961643 0.050728496
vn -0.99628323 -0.06961643 0.050728496
vn -0.21470156 -0.51336104 0.83088124
vn 0.28889883 0.7424205 0.6044412
vn 0.23744126 0.58524084 0.7753159
vn -0.3004663 -0.6937124 0.65458614
vn -0.2601779 0.57925826 0.77250713
vn 0.2838861 -0.69515777 0.66042733
vn -0.30701903 0.73742557 0.6016169
vn 0.19263998 -0.52216053 0.8308057
vn 0.57239413 0.5969624 0.5621396
vn 0.30971128 -0.7379296 -0.59961545
vn 0.2705877 -0.5777686 -0.7700427
vn -0.28679582 -0.7420617 -0.60588175
vn 0.57073957 -0.5552053 0.60498214
vn 0.23002398 0.5133652 -0.8267679
vn -0.17719491 0.5215134 -0.8346411
vn 0.30470148 0.68982047 -0.65673786
vn -0.22712423 -0.5861832 -0.7776914
vn -0.28041425 0.6991434 -0.6576978
vn 0.5830745 -0.5990057 -0.5488317
vn 0.5830375 0.556669 -0.591766
vn -0.28041425 0.6991434 -0.6576978
vn -0.30701903 0.73742557 0.6016169
vn -0.2601779 0.57925826 0.77250713
vn -0.17719491 0.5215134 -0.8346411
vn 0.23744126 0.58524084 0.7753159
vn 0.23002398 0.5133652 -0.8267679
vn 0.28889883 0.7424205 0.6044412
vn 0.30470148 0.68982047 -0.65673786
vn -0.5664349 0.54946625 -0.6141973
vn -0.5661661 -0.6040102 -0.5609168
vn -0.5870911 0.60396796 0.5390239
vn -0.58928937 -0.54949266 0.59228015
vn -0.026582252 -0.8748643 -0.48363826
vn -0.28004587 -0.8748686 0.39519548
vn 0.026582252 -0.8748643 0.48363826
vn 0.28004587 -0.8748686 -0.39519548
vn -0.26063842 -0.87719774 -0.40322652
vn -0.042269614 -0.87719375 0.47827232
vn 0.26063842 -0.87719774 0.40322652
vn 0.042269614 -0.87719375 -0.47827232
vn -0.017517863 0.38267678 0.92371625
vn -0.018952059 0 0.9998204
vn -0.6853266 0 0.7282358
vn -0.017517863 -0.38267678 0.92371625
vn -0.6200249 0.306869 0.72208065
vn -0.6200249 -0.306869 0.72208065
vn -0.002838301 0.98864436 0.15024684
vn -0.002838301 -0.98864436 0.15024684
vn -0.5792787 0.8073767 0.112156846
vn -0.5792787 -0.8073767 0.112156846
vn 0.014893382 0.6187163 -0.7854733
vn 0.014893382 -0.6187163 -0.7854733
vn -0.5912431 0.4935825 -0.63781494
vn -0.5912546 -0.4935921 -0.6377969
vn 0.018952059 0 -0.9998204
vn -0.6152371 0 -0.7883422
vn -0.7282358 0 -0.6853266
vn 0.018952059 0 -0.9998204
vn 0.017517863 -0.38267678 -0.92371625
vn 0.017517863 0.38267678 -0.92371625
vn -0.8246384 -0.21870315 -0.5216708
vn -0.8246384 0.21870315 -0.5216708
vn 0.002838301 -0.98864436 -0.15024684
vn 0.002838301 0.98864436 -0.15024684
vn -0.8881125 -0.45116726 -0.08777359
vn -0.8881125 0.45116726 -0.08777359
vn -0.015168258 -0.59897834 0.80062157
vn -0.015168258 0.59897834 0.80062157
vn -0.85292006 -0.32039055 0.41216177
vn -0.85292006 0.32039055 0.41216177
vn -0.018952059 0 0.9998204
vn -0.794221 0 0.60762906
vn -0.017517863 0.38267678 0.92371625
vn -0.018952059 0 0.9998204
vn -0.67368084 0 0.73902243
vn -0.017517863 -0.38267678 0.92371625
vn -0.6121883 0.30995485 0.72742945
vn -0.6121883 -0.30995485 0.72742945
vn -0.002838301 0.98864436 0.15024684
vn -0.002838301 -0.98864436 0.15024684
vn -0.5734308 0.8114217 0.113013685
vn -0.5734308 -0.8114217 0.113013685
vn 0.014985167 0.61213344 -0.7906126
vn 0.014985167 -0.61213344 -0.7906126
vn -0.5824861 0.49239397 -0.6467287
vn -0.5824861 -0.49239397 -0.6467287
vn 0.018952059 0 -0.9998204
vn -0.60928595 0 -0.79295063
vn -0.73902243 0 -0.67368084
vn 0.018952059 0 -0.9998204
vn 0.017517863 -0.38267678 -0.92371625
vn 0.017517863 0.38267678 -0.92371625
vn -0.83409554 -0.2158638 -0.5076294
vn -0.83411765 0.21586162 -0.50759375
vn 0.002838301 -0.98864436 -0.15024684
vn 0.002838301 0.98864436 -0.15024684
vn -0.89485776 -0.43786106 -0.086644426
vn -0.89485776 0.43786106 -0.086644426
vn -0.015289968 -0.5902965 0.8070417
vn -0.015289968 0.5902965 0.8070417
vn -0.86370015 -0.30540806 0.4009339
vn -0.86370015 0.30540806 0.4009339
vn -0.018952059 0 0.9998204
vn -0.79776776 0 0.60296476
vn -0.8590133 0 -0.51195323
vn -0.4561728 0.7787929 -0.43056706
vn -0.5804064 0.737212 -0.34590003
vn 0.49919897 0.8133003 0.2989029
vn 0.47255328 0.7593081 0.4473753
vn 0.85796654 0 0.5137056
vn -0.7269031 0 -0.68674
vn -0.17472553 0.75768316 -0.6287983
vn -0.4561728 -0.7787929 -0.43056706
vn -0.5804064 -0.737212 -0.34590003
vn 0.49919897 -0.8133003 0.2989029
vn 0.47255328 -0.7593081 0.4473753
vn 0.72619087 0 0.6874932
vn -0.17472553 -0.75768316 -0.6287983
vn -0.3249945 0 -0.9457159
vn 0.18549904 0.77855885 0.59953
vn 0.18549904 -0.77855885 0.59953
vn 0.2032874 0.7489985 -0.6306152
vn 0.2032874 -0.7489985 -0.6306152
vn 0.29554382 0 0.9553292
vn 0.31492737 0 -0.9491158
vn -0.14523898 0.7628175 0.63009125
vn -0.14524236 -0.7628048 0.6301059
vn 0.38020507 0.79855883 -0.46663475
vn 0.38020507 -0.79855883 -0.46663475
vn -0.22462101 0 0.97444624
vn 0.62847286 0 -0.7778316
vn -0.3748016 0.7372736 0.5620956
vn -0.3748016 -0.7372736 0.5620956
vn 0.4807665 0.68188703 -0.5512655
vn 0.65728945 0 -0.7536382
vn 0.4807665 -0.68188703 -0.5512655
vn -0.37489444 0.8213863 0.42985898
vn -0.37489444 -0.8213863 0.42985898
vn -0.55477065 0 0.83200336
vn -0.65728945 0 0.7536382
vn -0.5056404 0 0.86274433
vn -0.87899196 0 0.4768366
vn -0.8535404 -0.028688382 0.5202363
vn -0.8535404 0.028688382 0.5202363
vn -0.3913476 0.41121557 0.8232551
vn -0.6852383 -0.2937128 0.6664692
vn -0.3913476 -0.41121557 0.8232551
vn -0.6852383 0.2937128 0.6664692
vn -0.4912948 0.6752633 0.5501354
vn -0.00985771 -0.43914118 0.898364
vn -0.4912948 -0.6752633 0.5501354
vn -0.00985771 0.43914118 0.898364
vn -0.0071719587 0.7546426 0.6560969
vn 0.6503276 -0.22474128 0.7256483
vn 0.43279377 0.70740616 0.55880785
vn 0.78069204 0.025361812 0.62440103
vn 0.002014255 0.8556005 -0.51763296
vn 0.49954596 0.8617228 -0.08881224
vn 0.32514748 0.42552388 0.8445167
vn 0.79626745 0 0.60494477
vn -0.0071719587 -0.7546426 0.6560969
vn 0.6503276 0.22474128 0.7256483
vn 0.43279377 -0.70740616 0.55880785
vn 0.78069204 -0.025361812 0.62440103
vn 0.32514748 -0.42552388 0.8445167
vn 0.002014255 -0.8556005 -0.51763296
vn 0.7071983 0.4782104 0.5207546
vn -0.54195815 0.8270981 -0.14896372
vn 0.42402956 0 0.9056483
vn -0.54195815 -0.8270981 -0.14896372
vn 0.49954596 -0.8617228 -0.08881224
vn 0.7071983 -0.4782104 0.5207546
vn -0.7662906 0.45727786 0.4513265
vn -0.7662906 -0.45727786 0.4513265
vn 0.73352677 0 0.6796605
vn 0.9854196 0 -0.17014197
vn 0.94140196 -0.17341132 -0.28929356
vn 0.94140196 0.17341132 -0.28929356
vn 0.597439 -0.5427185 -0.59035856
vn 0.597439 0.5427185 -0.59035856
vn 0.0038148928 -0.6519194 -0.7582786
vn -0.5694386 -0.46994397 -0.67445713
vn 0.0038148928 0.6519194 -0.7582786
vn -0.5694386 0.46994397 -0.67445713
vn -0.8891002 -0.08938916 -0.44889903
vn -0.8891002 0.08938916 -0.44889903
vn -0.8078338 0 0.5894104
vn -0.9296194 0 -0.36852112
vn 0.5056404 0 -0.86274433
vn 0.87897915 0 -0.47686014
vn 0.8541493 -0.032930546 -0.51898414
vn 0.8541493 0.032930546 -0.51898414
vn 0.3954309 0.3494392 -0.8494272
vn 0.7085958 -0.23084757 -0.6667844
vn 0.3954309 -0.3494392 -0.8494272
vn 0.7085958 0.23084757 -0.6667844
vn 0.45812866 0.6636472 -0.5913464
vn 0.015320652 -0.35603732 -0.93434614
vn 0.45812866 -0.6636472 -0.5913464
vn 0.015320652 0.35603732 -0.93434614
vn 0.010315643 0.7800823 -0.6255918
vn -0.6693688 -0.18183099 -0.7203352
vn -0.4112464 0.6844849 -0.60196096
vn -0.7840678 0.009186268 -0.6206072
vn -0.0067446437 0.8000185 0.5999375
vn -0.5274318 0.8469061 0.067569375
vn -0.33027717 0.36256635 -0.8714715
vn -0.7962822 0 -0.6049254
vn 0.010315643 -0.7800823 -0.6255918
vn -0.6693688 0.18183099 -0.7203352
vn -0.4112464 -0.6844849 -0.60196096
vn -0.7840678 -0.009186268 -0.6206072
vn -0.33027717 -0.36256635 -0.8714715
vn -0.0067446437 -0.8000185 0.5999375
vn -0.72760653 0.4385293 -0.5275231
vn 0.55538005 0.82370085 0.114323206
vn -0.42402956 0 -0.9056483
vn 0.55538005 -0.82370085 0.114323206
vn -0.5274318 -0.8469061 0.067569375
vn -0.72760653 -0.4385293 -0.5275231
vn 0.7821191 0.42089224 -0.45949915
vn 0.7821191 -0.42089224 -0.45949915
vn -0.73352677 0 -0.6796605
vn -0.9854196 0 0.17014197
vn -0.9427801 -0.14777577 0.29887813
vn -0.9427801 0.14777577 0.29887813
vn -0.6573254 -0.40642595 0.634619
vn -0.6573254 0.40642595 0.634619
vn -0.010529141 -0.49200085 0.8705311
vn 0.62133646 -0.34138563 0.70526373
vn -0.010529141 0.49200085 0.8705311
vn 0.62133646 0.34138563 0.70526373
vn 0.8886597 -0.081211746 0.45131874
vn 0.8886597 0.081211746 0.45131874
vn 0.8078338 0 -0.5894104
vn 0.92960894 0 0.36854753
vn -0.29246455 -0.84864473 -0.4407569
vn -0.622556 -0.6926885 -0.36415207
vn -0.6337873 0.4203987 -0.6492909
vn 0.43334776 -0.74296904 -0.51010454
vn -0.3271372 0.3594267 -0.87395287
vn 0.42012766 0.41164333 -0.80872893
vn 0.08179146 0.26176322 -0.9616601
vn 0.13855891 -0.8192372 -0.5564636
vn -0.622556 -0.6926885 -0.36415207
vn 0.6279121 0.7255751 0.28154415
vn 0.68141246 0.7255744 0.09601485
vn 0.9998204 0 0.018952059
vn 0.85639495 0 0.5163212
vn 0.8753524 0 -0.48348555
vn 0.3660758 0.65322936 0.66278183
vn 0.48348555 0 0.8753524
vn -0.014343941 0.6532292 0.7570244
vn -0.018952059 0 0.9998204
vn -0.39095238 0.6532354 0.64841336
vn -0.5163212 0 0.85639495
vn -0.66278183 0.65322936 0.3660758
vn -0.8753524 0 0.48348555
vn -0.68141246 0.7255744 -0.09601485
vn -0.9998204 0 -0.018952059
vn -0.6279121 0.7255751 -0.28154415
vn -0.85639495 0 -0.5163212
vn -0.3660758 0.65322936 -0.66278183
vn -0.48348555 0 -0.8753524
vn 0.014343941 0.6532292 -0.7570244
vn 0.018952059 0 -0.9998204
vn 0.39095238 0.6532354 -0.64841336
vn 0.5163212 0 -0.85639495
vn 0.66278183 0.65322936 -0.3660758
vn -0.026582252 0.8748643 -0.48363826
vn 0.28004587 0.8748686 -0.39519548
vn -0.28004587 0.8748686 0.39519548
vn 0.026582252 0.8748643 0.48363826
vn 0.6859113 0.7244871 -0.068148606
vn 0.8753524 0 -0.48348555
vn 0.9998204 0 0.018952059
vn 0.63840145 0.7244962 -0.25990182
vn 0.5163212 0 -0.85639495
vn 0.64841336 0.6532354 0.39095238
vn -0.63840145 0.7244962 0.25990182
vn 0.85639495 0 0.5163212
vn 0.3660758 0.65322936 0.66278183
vn 0.48348555 0 0.8753524
vn -0.39095238 0.6532354 0.64841336
vn -0.014343941 0.6532292 0.7570244
vn -0.018952059 0 0.9998204
vn -0.5163212 0 0.85639495
vn -0.8753524 0 0.48348555
vn 0.39095238 0.6532354 -0.64841336
vn 0.018952059 0 -0.9998204
vn -0.6858951 0.72450227 0.06815003
vn -0.9998204 0 -0.018952059
vn 0.014343941 0.6532292 -0.7570244
vn -0.48348555 0 -0.8753524
vn -0.3660758 0.65322936 -0.66278183
vn -0.85639495 0 -0.5163212
vn -0.64841336 0.6532354 -0.39095238
vn 0.042269614 0.87719375 -0.47827232
vn 0.26063842 0.87719774 0.40322652
vn -0.26063842 0.87719774 -0.40322652
vn -0.042269614 0.87719375 0.47827232
vn 0.6279121 -0.7255751 0.28154415
vn 0.85639495 0 0.5163212
vn 0.9998204 0 0.018952059
vn 0.68141246 -0.7255744 0.09601485
vn 0.8753524 0 -0.48348555
vn 0.3660758 -0.65322936 0.66278183
vn 0.48348555 0 0.8753524
vn -0.014343941 -0.6532292 0.7570244
vn -0.018952059 0 0.9998204
vn -0.39095238 -0.6532354 0.64841336
vn -0.5163212 0 0.85639495
vn -0.66278183 -0.65322936 0.3660758
vn -0.8753524 0 0.48348555
vn -0.68141246 -0.7255744 -0.09601485
vn -0.9998204 0 -0.018952059
vn -0.6279121 -0.7255751 -0.28154415
vn -0.85639495 0 -0.5163212
vn -0.3660758 -0.65322936 -0.66278183
vn -0.48348555 0 -0.8753524
vn 0.014343941 -0.6532292 -0.7570244
vn 0.018952059 0 -0.9998204
vn 0.39095238 -0.6532354 -0.64841336
vn 0.5163212 0 -0.85639495
vn 0.66278183 -0.65322936 -0.3660758
vn -0.026582252 -0.8748643 -0.48363826
vn 0.28004587 -0.8748686 -0.39519548
vn -0.28004587 -0.8748686 0.39519548
vn 0.026582252 -0.8748643 0.48363826
vn 0.6859113 -0.7244871 -0.068148606
vn 0.9998204 0 0.018952059
vn 0.8753524 0 -0.48348555
vn 0.6384064 -0.72450185 -0.25987333
vn 0.5163212 0 -0.85639495
vn 0.64841336 -0.6532354 0.39095238
vn -0.63840145 -0.7244962 0.25990182
vn 0.85639495 0 0.5163212
vn 0.3660758 -0.65322936 0.66278183
vn 0.48348555 0 0.8753524
vn -0.39095238 -0.6532354 0.64841336
vn -0.014343941 -0.6532292 0.7570244
vn -0.018952059 0 0.9998204
vn -0.5163212 0 0.85639495
vn -0.8753524 0 0.48348555
vn 0.39095238 -0.6532354 -0.64841336
vn 0.018952059 0 -0.9998204
vn -0.6858951 -0.72450227 0.06815003
vn -0.9998204 0 -0.018952059
vn 0.014343941 -0.6532292 -0.7570244
vn -0.48348555 0 -0.8753524
vn -0.3660758 -0.65322936 -0.66278183
vn -0.85639495 0 -0.5163212
vn -0.64841336 -0.6532354 -0.39095238
vn 0.042269614 -0.87719375 -0.47827232
vn 0.26063842 -0.87719774 0.40322652
vn -0.26063842 -0.87719774 -0.40322652
vn -0.042269614 -0.87719375 0.47827232
vn 0.07165903 0.6796926 0.7299882
vn 0.09772078 0 0.99521387
vn -0.024201471 0 0.99970704
vn 0.8111707 0 0.58480954
vn 0.07165903 -0.6796926 0.7299882
vn -0.017090986 0.7083604 0.7056441
vn 0.65915334 0.5841677 0.4735662
vn -0.066073895 0.736762 -0.672916
vn 0.017152015 0.70585734 -0.70814633
vn 0.4800723 0.57019645 -0.6666382
vn 0.58392274 0 -0.8118092
vn 0.65915334 -0.5841677 0.4735662
vn 0.4800723 -0.57019645 -0.6666382
vn -0.066073895 -0.736762 -0.672916
vn -0.09772078 0 -0.99521387
vn 0.024201471 0 -0.99970704
vn -0.7344512 0 -0.6786615
vn 0.017152015 -0.70585734 -0.70814633
vn -0.6027318 0.5713882 -0.5569829
vn -0.5510323 0.5838104 0.5962624
vn -0.017090986 -0.7083604 0.7056441
vn -0.6786615 0 0.7344512
vn -0.5510323 -0.5838104 0.5962624
vn -0.6027318 -0.5713882 -0.5569829
vn -0.13226955 0.89918256 0.41710377
vn -0.24259563 0.8417143 0.482353
vn -0.38573298 0.8510297 -0.35631242
vn -0.18955347 0.21576928 0.95786905
vn -0.7502169 0.16635881 0.6399214
vn -0.06973554 0.81665355 -0.5728996
vn -0.9256689 -0.0490744 -0.37513837
vn -0.18659565 -0.6328199 0.7514793
vn -0.29179502 -0.5460513 0.7852921
vn -0.44756716 -0.89391357 0.024537606
vn -0.2662466 -0.19644992 -0.9436738
vn -0.1332175 -0.97421205 -0.1821097
vn -0.27339065 -0.63354725 0.72379243
vn -0.39534366 0.20920804 0.89439106
vn -0.21912874 0.89418566 0.39040318
vn 0.1958112 0.7872733 -0.5846868
vn 0.31215164 -0.21305537 -0.9258341
vn 0.13343136 -0.97042936 -0.20115419
vn -0.32869467 -0.6456393 0.6892821
vn -0.5596393 0.19560058 0.8053225
vn -0.24546672 0.9225373 0.2977768
vn 0.4612728 0.77498347 -0.4320045
vn 0.86130345 -0.13730438 -0.4891869
vn 0.4012957 -0.91374195 -0.06354077
vn -0.16932157 -0.69849724 0.6952927
vn 0.19523081 0.20255539 0.9596126
vn 0.4607418 -0.8663362 0.19281757
vn 0.94178784 0.03924752 0.33390912
vn -0.11118039 0.93421435 0.33894303
vn 0.52126795 0.8345475 -0.1783542
vn -0.044435896 0.89482176 0.4442064
vn -0.10562742 0.8275928 0.55130124
vn -0.60888684 0.78199124 -0.13321593
vn 0.23359059 0.23447563 0.94364005
vn -0.3987352 0.104223564 0.91112447
vn -0.42178088 0.7758693 -0.4691778
vn -0.98108023 -0.17606707 0.08051048
vn 0.25144738 -0.6161209 0.7464377
vn 0.16245602 -0.5410826 0.82512885
vn -0.2717768 -0.93893474 0.21104287
vn -0.63318455 -0.26908895 -0.7257192
vn -0.07587091 -0.9903503 -0.11597323
vn 0.16233096 -0.6284183 0.760749
vn 0.023835432 0.20057166 0.979389
vn -0.1326367 0.87828314 0.4593758
vn -0.18823966 0.7778924 -0.5995408
vn -0.11106017 -0.21571127 -0.9701208
vn 0.1511625 -0.9556229 -0.2528531
vn 0.09946331 -0.64857155 0.75462705
vn -0.1597383 0.16343114 0.97353685
vn -0.20099966 0.8990965 0.38887602
vn 0.1166141 0.80427414 -0.58270425
vn 0.56085145 -0.05536184 -0.82606333
vn 0.44268608 -0.8612312 -0.2496194
vn 0.24995328 -0.6817102 0.68760043
vn 0.5766595 0.26740888 0.77198213
vn 0.604061 -0.7955672 -0.04672447
vn 0.97814286 0.1663911 -0.12470177
vn -0.06518813 0.9285646 0.36540145
vn 0.2757065 0.88193125 -0.3823391
vn -0.13226955 -0.89918256 0.41710377
vn -0.38573298 -0.8510297 -0.35631242
vn -0.24259563 -0.8417143 0.482353
vn -0.18955347 -0.21576928 0.95786905
vn -0.7502169 -0.16635881 0.6399214
vn -0.06973554 -0.81665355 -0.5728996
vn -0.9256689 0.0490744 -0.37513837
vn -0.18659565 0.6328199 0.7514793
vn -0.29179502 0.5460513 0.7852921
vn -0.44756716 0.89391357 0.024537606
vn -0.2662466 0.19644992 -0.9436738
vn -0.1332175 0.97421205 -0.1821097
vn -0.27339065 0.63354725 0.72379243
vn -0.39534366 -0.20920804 0.89439106
vn -0.21912874 -0.89418566 0.39040318
vn 0.1958112 -0.7872733 -0.5846868
vn 0.31215164 0.21305537 -0.9258341
vn 0.13343054 0.97042334 -0.20118345
vn -0.32869467 0.6456393 0.6892821
vn -0.5596393 -0.19560058 0.8053225
vn -0.24546672 -0.9225373 0.2977768
vn 0.4612728 -0.77498347 -0.4320045
vn 0.86130345 0.13730438 -0.4891869
vn 0.4012957 0.91374195 -0.06354077
vn -0.1692883 0.6985165 0.69528145
vn 0.19523081 -0.20255539 0.9596126
vn 0.4607418 0.8663362 0.19281757
vn 0.94177824 -0.03924712 0.3339362
vn -0.11118039 -0.93421435 0.33894303
vn 0.52126795 -0.8345475 -0.1783542
vn -0.044466354 -0.8948206 0.4442058
vn -0.60888684 -0.78199124 -0.13321593
vn -0.10562742 -0.8275928 0.55130124
vn 0.23356175 -0.23447733 0.94364685
vn -0.3987352 -0.104223564 0.91112447
vn -0.42178088 -0.7758693 -0.4691778
vn -0.98108023 0.17606707 0.08051048
vn 0.25144738 0.6161209 0.7464377
vn 0.16245192 0.54106903 0.82513857
vn -0.2717768 0.93893474 0.21104287
vn -0.63318455 0.26908895 -0.7257192
vn -0.07587091 0.9903503 -0.11597323
vn 0.16233096 0.6284183 0.760749
vn 0.023835432 -0.20057166 0.979389
vn -0.1326367 -0.87828314 0.4593758
vn -0.18823966 -0.7778924 -0.5995408
vn -0.11106017 0.21571127 -0.9701208
vn 0.1511625 0.9556229 -0.2528531
vn 0.09946331 0.64857155 0.75462705
vn -0.15970854 -0.16343193 0.9735415
vn -0.20099966 -0.8990965 0.38887602
vn 0.1166141 -0.80427414 -0.58270425
vn 0.56085145 0.05536184 -0.82606333
vn 0.44268608 0.8612312 -0.2496194
vn 0.24995328 0.6817102 0.68760043
vn 0.5766595 -0.26740888 0.77198213
vn 0.604061 0.7955672 -0.04672447
vn 0.97814286 -0.1663911 -0.12470177
vn -0.06518813 -0.9285646 0.36540145
vn 0.2757065 -0.88193125 -0.3823391
g Gun05_0
f 3/3/3 2/2/2 1/1/1
f 4/4/4 3/3/3 1/1/1
f 7/7/7 6/6/6 5/5/5
f 8/8/8 7/7/7 5/5/5
f 11/11/11 10/10/10 9/9/9
f 12/12/12 11/11/11 9/9/9
f 15/15/15 14/14/14 13/13/13
f 16/16/16 15/15/15 13/13/13
f 19/19/19 18/18/18 17/17/17
f 18/18/18 20/20/20 17/17/17
f 20/20/20 21/21/21 17/17/17
f 21/21/21 22/22/22 17/17/17
f 25/25/25 24/24/24 23/23/23
f 26/26/26 25/25/25 23/23/23
f 29/29/29 28/28/28 27/27/27
f 30/30/30 29/29/29 27/27/27
f 29/29/29 30/30/30 31/31/31
f 32/32/32 29/29/29 31/31/31
f 35/35/35 34/34/34 33/33/33
f 36/36/36 35/35/35 33/33/33
f 39/39/39 38/38/38 37/37/37
f 40/40/40 39/39/39 37/37/37
f 40/40/40 37/37/37 41/41/41
f 39/39/39 40/40/40 42/42/42
f 43/43/43 39/39/39 42/42/42
f 44/44/44 40/40/40 41/41/41
f 41/41/41 45/45/45 44/44/44
f 42/42/42 46/46/46 43/43/43
f 46/46/46 47/47/47 43/43/43
f 42/42/42 40/40/40 48/48/48
f 40/40/40 44/44/44 48/48/48
f 45/45/45 49/49/49 44/44/44
f 45/45/45 50/50/50 49/49/49
f 50/50/50 51/51/51 49/49/49
f 49/49/49 51/51/51 52/52/52
f 44/44/44 49/49/49 53/53/53
f 48/48/48 44/44/44 53/53/53
f 54/54/54 49/49/49 52/52/52
f 52/52/52 55/55/55 54/54/54
f 55/55/55 56/56/56 54/54/54
f 53/53/53 56/56/56 48/48/48
f 56/56/56 55/55/55 57/57/57
f 48/48/48 58/58/58 42/42/42
f 56/56/56 58/58/58 48/48/48
f 58/58/58 46/46/46 42/42/42
f 59/59/59 56/56/56 57/57/57
f 58/58/58 56/56/56 59/59/59
f 57/57/57 60/60/60 59/59/59
f 46/46/46 58/58/58 61/61/61
f 61/61/61 58/58/58 59/59/59
f 60/60/60 62/62/62 59/59/59
f 59/59/59 62/62/62 61/61/61
f 60/60/60 63/63/63 62/62/62
f 63/63/63 64/64/64 62/62/62
f 62/62/62 64/64/64 65/65/65
f 62/62/62 65/65/65 61/61/61
f 64/64/64 66/66/66 65/65/65
f 67/67/67 46/46/46 61/61/61
f 61/61/61 65/65/65 67/67/67
f 47/47/47 46/46/46 67/67/67
f 68/68/68 47/47/47 67/67/67
f 65/65/65 66/66/66 69/69/69
f 65/65/65 69/69/69 67/67/67
f 67/67/67 69/69/69 68/68/68
f 66/66/66 70/70/70 69/69/69
f 69/69/69 70/70/70 71/71/71
f 69/69/69 71/71/71 68/68/68
f 70/70/70 72/72/72 71/71/71
f 71/71/71 72/72/72 73/73/73
f 72/72/72 74/74/74 73/73/73
f 71/71/71 73/73/73 75/75/75
f 68/68/68 71/71/71 75/75/75
f 75/75/75 76/76/76 68/68/68
f 76/76/76 77/77/77 68/68/68
f 77/77/77 76/76/76 78/78/78
f 79/79/79 77/77/77 78/78/78
f 78/78/78 80/80/80 79/79/79
f 80/80/80 81/81/81 79/79/79
f 81/81/81 80/80/80 82/82/82
f 80/80/80 83/83/83 82/82/82
f 86/86/86 85/85/85 84/84/84
f 85/85/85 87/87/87 84/84/84
f 84/84/84 87/87/87 88/88/88
f 87/87/87 89/89/89 88/88/88
f 88/88/88 89/89/89 90/90/90
f 89/89/89 91/91/91 90/90/90
f 90/90/90 91/91/91 92/92/92
f 91/91/91 93/93/93 92/92/92
f 92/92/92 93/93/93 94/94/94
f 93/93/93 95/95/95 94/94/94
f 98/98/98 97/97/97 96/96/96
f 99/99/99 98/98/98 96/96/96
f 102/102/102 101/101/101 100/100/100
f 103/103/103 102/102/102 100/100/100
f 104/104/104 102/102/102 103/103/103
f 103/103/103 100/100/100 105/105/105
f 105/105/105 104/104/104 103/103/103
f 100/100/100 106/106/106 105/105/105
f 107/107/107 104/104/104 105/105/105
f 105/105/105 106/106/106 108/108/108
f 108/108/108 107/107/107 105/105/105
f 106/106/106 109/109/109 108/108/108
f 110/110/110 107/107/107 108/108/108
f 108/108/108 109/109/109 111/111/111
f 111/111/111 110/110/110 108/108/108
f 109/109/109 112/112/112 111/111/111
f 113/113/113 110/110/110 111/111/111
f 112/112/112 113/113/113 111/111/111
f 116/116/116 115/115/115 114/114/114
f 115/115/115 117/117/117 114/114/114
f 117/117/117 118/118/118 114/114/114
f 118/118/118 119/119/119 114/114/114
f 122/122/122 121/121/121 120/120/120
f 123/123/123 122/122/122 120/120/120
f 126/126/126 125/125/125 124/124/124
f 127/127/127 126/126/126 124/124/124
f 126/126/126 127/127/127 128/128/128
f 129/129/129 126/126/126 128/128/128
f 132/132/132 131/131/131 130/130/130
f 133/133/133 132/132/132 130/130/130
f 136/136/136 135/135/135 134/134/134
f 135/135/135 137/137/137 134/134/134
f 135/135/135 138/138/138 137/137/137
f 138/138/138 139/139/139 137/137/137
f 138/138/138 140/140/140 139/139/139
f 140/140/140 141/141/141 139/139/139
f 140/140/140 142/142/142 141/141/141
f 139/139/139 143/143/143 137/137/137
f 141/141/141 144/144/144 139/139/139
f 144/144/144 143/143/143 139/139/139
f 137/137/137 145/145/145 134/134/134
f 143/143/143 145/145/145 137/137/137
f 142/142/142 146/146/146 141/141/141
f 141/141/141 146/146/146 144/144/144
f 147/147/147 145/145/145 143/143/143
f 148/148/148 147/147/147 143/143/143
f 148/148/148 143/143/143 144/144/144
f 147/147/147 149/149/149 145/145/145
f 149/149/149 150/150/150 145/145/145
f 145/145/145 150/150/150 134/134/134
f 151/151/151 148/148/148 144/144/144
f 151/151/151 144/144/144 152/152/152
f 146/146/146 152/152/152 144/144/144
f 153/153/153 151/151/151 152/152/152
f 153/153/153 152/152/152 146/146/146
f 142/142/142 153/153/153 146/146/146
f 153/153/153 142/142/142 154/154/154
f 142/142/142 155/155/155 154/154/154
f 154/154/154 155/155/155 156/156/156
f 157/157/157 154/154/154 156/156/156
f 157/157/157 156/156/156 158/158/158
f 159/159/159 157/157/157 158/158/158
f 159/159/159 158/158/158 160/160/160
f 161/161/161 159/159/159 160/160/160
f 162/162/162 161/161/161 160/160/160
f 161/161/161 162/162/162 150/150/150
f 162/162/162 163/163/163 150/150/150
f 150/150/150 163/163/163 134/134/134
f 164/164/164 162/162/162 160/160/160
f 162/162/162 164/164/164 163/163/163
f 163/163/163 165/165/165 134/134/134
f 160/160/160 134/134/134 165/165/165
f 164/164/164 165/165/165 163/163/163
f 164/164/164 160/160/160 165/165/165
f 168/168/168 167/167/167 166/166/166
f 169/169/169 168/168/168 166/166/166
f 172/172/172 171/171/171 170/170/170
f 173/173/173 172/172/172 170/170/170
f 176/176/176 175/175/175 174/174/174
f 177/177/177 176/176/176 174/174/174
f 180/180/180 179/179/179 178/178/178
f 181/181/181 180/180/180 178/178/178
f 184/184/184 183/183/183 182/182/182
f 185/185/185 184/184/184 182/182/182
f 188/188/188 187/187/187 186/186/186
f 189/189/189 188/188/188 186/186/186
f 192/192/192 191/191/191 190/190/190
f 193/193/193 192/192/192 190/190/190
f 196/196/196 195/195/195 194/194/194
f 197/197/197 196/196/196 194/194/194
f 200/200/200 199/199/199 198/198/198
f 199/199/199 201/201/201 198/198/198
f 198/198/198 201/201/201 202/202/202
f 201/201/201 199/199/199 203/203/203
f 199/199/199 204/204/204 203/203/203
f 201/201/201 205/205/205 202/202/202
f 206/206/206 202/202/202 205/205/205
f 207/207/207 203/203/203 204/204/204
f 208/208/208 207/207/207 204/204/204
f 201/201/201 203/203/203 209/209/209
f 205/205/205 201/201/201 209/209/209
f 210/210/210 206/206/206 205/205/205
f 211/211/211 206/206/206 210/210/210
f 212/212/212 211/211/211 210/210/210
f 212/212/212 210/210/210 213/213/213
f 210/210/210 205/205/205 214/214/214
f 205/205/205 209/209/209 214/214/214
f 210/210/210 215/215/215 213/213/213
f 216/216/216 213/213/213 215/215/215
f 217/217/217 216/216/216 215/215/215
f 217/217/217 214/214/214 209/209/209
f 216/216/216 217/217/217 218/218/218
f 219/219/219 209/209/209 203/203/203
f 219/219/219 217/217/217 209/209/209
f 207/207/207 219/219/219 203/203/203
f 217/217/217 220/220/220 218/218/218
f 217/217/217 219/219/219 220/220/220
f 221/221/221 218/218/218 220/220/220
f 219/219/219 207/207/207 222/222/222
f 219/219/219 222/222/222 220/220/220
f 223/223/223 221/221/221 220/220/220
f 223/223/223 220/220/220 222/222/222
f 224/224/224 221/221/221 223/223/223
f 225/225/225 224/224/224 223/223/223
f 225/225/225 223/223/223 226/226/226
f 226/226/226 223/223/223 222/222/222
f 227/227/227 225/225/225 226/226/226
f 207/207/207 228/228/228 222/222/222
f 226/226/226 222/222/222 228/228/228
f 207/207/207 208/208/208 228/228/228
f 208/208/208 229/229/229 228/228/228
f 227/227/227 226/226/226 230/230/230
f 230/230/230 226/226/226 228/228/228
f 230/230/230 228/228/228 229/229/229
f 231/231/231 227/227/227 230/230/230
f 231/231/231 230/230/230 232/232/232
f 232/232/232 230/230/230 229/229/229
f 233/233/233 231/231/231 232/232/232
f 233/233/233 232/232/232 234/234/234
f 235/235/235 233/233/233 234/234/234
f 234/234/234 232/232/232 236/236/236
f 232/232/232 229/229/229 236/236/236
f 237/237/237 236/236/236 229/229/229
f 238/238/238 237/237/237 229/229/229
f 237/237/237 238/238/238 239/239/239
f 238/238/238 240/240/240 239/239/239
f 243/243/243 242/242/242 241/241/241
f 244/244/244 243/243/243 241/241/241
f 247/247/247 246/246/246 245/245/245
f 248/248/248 247/247/247 245/245/245
f 248/248/248 245/245/245 249/249/249
f 250/250/250 248/248/248 249/249/249
f 250/250/250 249/249/249 251/251/251
f 252/252/252 250/250/250 251/251/251
f 252/252/252 251/251/251 253/253/253
f 254/254/254 252/252/252 253/253/253
f 254/254/254 253/253/253 255/255/255
f 256/256/256 254/254/254 255/255/255
f 259/259/259 258/258/258 257/257/257
f 260/260/260 259/259/259 257/257/257
f 263/263/263 262/262/262 261/261/261
f 262/262/262 264/264/264 261/261/261
f 262/262/262 265/265/265 264/264/264
f 261/261/261 264/264/264 266/266/266
f 265/265/265 266/266/266 264/264/264
f 267/267/267 261/261/261 266/266/266
f 265/265/265 268/268/268 266/266/266
f 267/267/267 266/266/266 269/269/269
f 268/268/268 269/269/269 266/266/266
f 270/270/270 267/267/267 269/269/269
f 268/268/268 271/271/271 269/269/269
f 270/270/270 269/269/269 272/272/272
f 271/271/271 272/272/272 269/269/269
f 273/273/273 270/270/270 272/272/272
f 271/271/271 274/274/274 272/272/272
f 274/274/274 273/273/273 272/272/272
f 277/277/277 276/276/276 275/275/275
f 278/278/278 277/277/277 275/275/275
f 281/281/281 280/280/280 279/279/279
f 282/282/282 281/281/281 279/279/279
f 285/285/285 284/284/284 283/283/283
f 286/286/286 285/285/285 283/283/283
f 287/287/287 285/285/285 286/286/286
f 288/288/288 287/287/287 286/286/286
f 289/289/289 287/287/287 288/288/288
f 290/290/290 289/289/289 288/288/288
f 291/291/291 289/289/289 290/290/290
f 292/292/292 288/288/288 286/286/286
f 293/293/293 290/290/290 288/288/288
f 292/292/292 293/293/293 288/288/288
f 294/294/294 286/286/286 283/283/283
f 294/294/294 292/292/292 286/286/286
f 295/295/295 291/291/291 290/290/290
f 295/295/295 290/290/290 293/293/293
f 294/294/294 296/296/296 292/292/292
f 296/296/296 297/297/297 292/292/292
f 292/292/292 297/297/297 293/293/293
f 298/298/298 296/296/296 294/294/294
f 299/299/299 298/298/298 294/294/294
f 299/299/299 294/294/294 283/283/283
f 297/297/297 300/300/300 293/293/293
f 293/293/293 300/300/300 301/301/301
f 301/301/301 295/295/295 293/293/293
f 300/300/300 302/302/302 301/301/301
f 301/301/301 302/302/302 295/295/295
f 302/302/302 291/291/291 295/295/295
f 291/291/291 302/302/302 303/303/303
f 304/304/304 291/291/291 303/303/303
f 304/304/304 303/303/303 305/305/305
f 303/303/303 306/306/306 305/305/305
f 305/305/305 306/306/306 307/307/307
f 306/306/306 308/308/308 307/307/307
f 307/307/307 308/308/308 309/309/309
f 308/308/308 310/310/310 309/309/309
f 311/311/311 310/310/310 299/299/299
f 310/310/310 311/311/311 309/309/309
f 312/312/312 311/311/311 299/299/299
f 312/312/312 299/299/299 283/283/283
f 311/311/311 313/313/313 309/309/309
f 313/313/313 311/311/311 312/312/312
f 314/314/314 312/312/312 283/283/283
f 283/283/283 309/309/309 314/314/314
f 314/314/314 313/313/313 312/312/312
f 309/309/309 313/313/313 314/314/314
f 317/317/317 316/316/316 315/315/315
f 318/318/318 317/317/317 315/315/315
f 321/321/321 320/320/320 319/319/319
f 322/322/322 321/321/321 319/319/319
f 325/325/325 324/324/324 323/323/323
f 324/324/324 325/325/325 326/326/326
f 327/327/327 325/325/325 323/323/323
f 325/325/325 328/328/328 326/326/326
f 327/327/327 323/323/323 329/329/329
f 326/326/326 328/328/328 330/330/330
f 331/331/331 327/327/327 329/329/329
f 328/328/328 332/332/332 330/330/330
f 331/331/331 329/329/329 333/333/333
f 330/330/330 332/332/332 334/334/334
f 335/335/335 331/331/331 333/333/333
f 332/332/332 336/336/336 334/334/334
f 335/335/335 333/333/333 337/337/337
f 334/334/334 336/336/336 337/337/337
f 338/338/338 335/335/335 337/337/337
f 336/336/336 338/338/338 337/337/337
f 341/341/341 340/340/340 339/339/339
f 340/340/340 342/342/342 339/339/339
f 343/343/343 341/341/341 339/339/339
f 342/342/342 344/344/344 339/339/339
f 345/345/345 341/341/341 343/343/343
f 342/342/342 346/346/346 344/344/344
f 347/347/347 345/345/345 343/343/343
f 346/346/346 348/348/348 344/344/344
f 349/349/349 345/345/345 347/347/347
f 346/346/346 350/350/350 348/348/348
f 351/351/351 349/349/349 347/347/347
f 350/350/350 352/352/352 348/348/348
f 353/353/353 349/349/349 351/351/351
f 350/350/350 353/353/353 352/352/352
f 354/354/354 353/353/353 351/351/351
f 353/353/353 354/354/354 352/352/352
f 357/357/357 356/356/356 355/355/355
f 356/356/356 357/357/357 358/358/358
f 359/359/359 357/357/357 355/355/355
f 357/357/357 360/360/360 358/358/358
f 359/359/359 355/355/355 361/361/361
f 358/358/358 360/360/360 362/362/362
f 363/363/363 359/359/359 361/361/361
f 360/360/360 364/364/364 362/362/362
f 363/363/363 361/361/361 365/365/365
f 362/362/362 364/364/364 366/366/366
f 367/367/367 363/363/363 365/365/365
f 364/364/364 368/368/368 366/366/366
f 367/367/367 365/365/365 369/369/369
f 366/366/366 368/368/368 369/369/369
f 370/370/370 367/367/367 369/369/369
f 368/368/368 370/370/370 369/369/369
f 373/373/373 372/372/372 371/371/371
f 372/372/372 374/374/374 371/371/371
f 375/375/375 373/373/373 371/371/371
f 374/374/374 376/376/376 371/371/371
f 377/377/377 373/373/373 375/375/375
f 374/374/374 378/378/378 376/376/376
f 379/379/379 377/377/377 375/375/375
f 378/378/378 380/380/380 376/376/376
f 381/381/381 377/377/377 379/379/379
f 378/378/378 382/382/382 380/380/380
f 383/383/383 381/381/381 379/379/379
f 382/382/382 384/384/384 380/380/380
f 385/385/385 381/381/381 383/383/383
f 382/382/382 385/385/385 384/384/384
f 386/386/386 385/385/385 383/383/383
f 385/385/385 386/386/386 384/384/384
f 389/389/389 388/388/388 387/387/387
f 389/389/389 390/390/390 388/388/388
f 390/390/390 391/391/391 388/388/388
f 390/390/390 392/392/392 391/391/391
f 388/388/388 393/393/393 387/387/387
f 388/388/388 391/391/391 394/394/394
f 388/388/388 394/394/394 393/393/393
f 393/393/393 395/395/395 387/387/387
f 395/395/395 396/396/396 387/387/387
f 397/397/397 396/396/396 395/395/395
f 392/392/392 397/397/397 398/398/398
f 398/398/398 397/397/397 395/395/395
f 392/392/392 399/399/399 391/391/391
f 399/399/399 392/392/392 398/398/398
f 400/400/400 395/395/395 393/393/393
f 398/398/398 395/395/395 400/400/400
f 394/394/394 401/401/401 393/393/393
f 401/401/401 400/400/400 393/393/393
f 391/391/391 402/402/402 394/394/394
f 391/391/391 399/399/399 402/402/402
f 403/403/403 398/398/398 400/400/400
f 399/399/399 398/398/398 403/403/403
f 394/394/394 404/404/404 401/401/401
f 394/394/394 402/402/402 404/404/404
f 405/405/405 400/400/400 401/401/401
f 403/403/403 400/400/400 405/405/405
f 399/399/399 406/406/406 402/402/402
f 406/406/406 399/399/399 403/403/403
f 404/404/404 407/407/407 401/401/401
f 407/407/407 405/405/405 401/401/401
f 402/402/402 408/408/408 404/404/404
f 402/402/402 406/406/406 408/408/408
f 409/409/409 403/403/403 405/405/405
f 406/406/406 403/403/403 409/409/409
f 404/404/404 410/410/410 407/407/407
f 404/404/404 408/408/408 410/410/410
f 411/411/411 405/405/405 407/407/407
f 409/409/409 405/405/405 411/411/411
f 406/406/406 412/412/412 408/408/408
f 412/412/412 406/406/406 409/409/409
f 410/410/410 413/413/413 407/407/407
f 413/413/413 411/411/411 407/407/407
f 408/408/408 414/414/414 410/410/410
f 408/408/408 412/412/412 414/414/414
f 415/415/415 409/409/409 411/411/411
f 412/412/412 409/409/409 415/415/415
f 410/410/410 416/416/416 413/413/413
f 410/410/410 414/414/414 416/416/416
f 416/416/416 417/417/417 413/413/413
f 417/417/417 418/418/418 413/413/413
f 418/418/418 411/411/411 413/413/413
f 415/415/415 411/411/411 418/418/418
f 414/414/414 419/419/419 416/416/416
f 420/420/420 415/415/415 418/418/418
f 412/412/412 421/421/421 414/414/414
f 414/414/414 421/421/421 419/419/419
f 421/421/421 412/412/412 415/415/415
f 421/421/421 415/415/415 420/420/420
f 421/421/421 422/422/422 419/419/419
f 422/422/422 421/421/421 420/420/420
f 425/425/425 424/424/424 423/423/423
f 424/424/424 426/426/426 423/423/423
f 427/427/427 425/425/425 423/423/423
f 428/428/428 425/425/425 427/427/427
f 426/426/426 429/429/429 423/423/423
f 426/426/426 430/430/430 429/429/429
f 431/431/431 428/428/428 427/427/427
f 432/432/432 428/428/428 431/431/431
f 430/430/430 433/433/433 429/429/429
f 430/430/430 434/434/434 433/433/433
f 435/435/435 432/432/432 431/431/431
f 436/436/436 432/432/432 435/435/435
f 437/437/437 436/436/436 435/435/435
f 438/438/438 436/436/436 437/437/437
f 439/439/439 435/435/435 431/431/431
f 435/435/435 439/439/439 437/437/437
f 440/440/440 431/431/431 427/427/427
f 440/440/440 439/439/439 431/431/431
f 441/441/441 438/438/438 437/437/437
f 442/442/442 438/438/438 441/441/441
f 434/434/434 443/443/443 433/433/433
f 434/434/434 444/444/444 443/443/443
f 444/444/444 445/445/445 443/443/443
f 444/444/444 446/446/446 445/445/445
f 446/446/446 442/442/442 447/447/447
f 446/446/446 447/447/447 445/445/445
f 443/443/443 448/448/448 433/433/433
f 448/448/448 443/443/443 445/445/445
f 449/449/449 440/440/440 427/427/427
f 427/427/427 423/423/423 449/449/449
f 437/437/437 450/450/450 441/441/441
f 439/439/439 450/450/450 437/437/437
f 451/451/451 442/442/442 441/441/441
f 442/442/442 451/451/451 447/447/447
f 452/452/452 445/445/445 447/447/447
f 452/452/452 448/448/448 445/445/445
f 448/448/448 453/453/453 433/433/433
f 433/433/433 453/453/453 429/429/429
f 423/423/423 429/429/429 454/454/454
f 453/453/453 454/454/454 429/429/429
f 450/450/450 455/455/455 441/441/441
f 451/451/451 441/441/441 455/455/455
f 447/447/447 451/451/451 456/456/456
f 456/456/456 452/452/452 447/447/447
f 457/457/457 423/423/423 454/454/454
f 423/423/423 457/457/457 449/449/449
f 458/458/458 457/457/457 454/454/454
f 457/457/457 458/458/458 449/449/449
f 459/459/459 458/458/458 454/454/454
f 459/459/459 454/454/454 453/453/453
f 458/458/458 460/460/460 449/449/449
f 461/461/461 459/459/459 453/453/453
f 449/449/449 460/460/460 440/440/440
f 461/461/461 453/453/453 448/448/448
f 460/460/460 462/462/462 440/440/440
f 463/463/463 461/461/461 448/448/448
f 463/463/463 448/448/448 452/452/452
f 440/440/440 462/462/462 439/439/439
f 464/464/464 463/463/463 452/452/452
f 462/462/462 465/465/465 439/439/439
f 439/439/439 465/465/465 450/450/450
f 465/465/465 466/466/466 450/450/450
f 464/464/464 452/452/452 456/456/456
f 450/450/450 466/466/466 455/455/455
f 467/467/467 464/464/464 456/456/456
f 466/466/466 468/468/468 455/455/455
f 467/467/467 456/456/456 469/469/469
f 455/455/455 468/468/468 469/469/469
f 451/451/451 469/469/469 456/456/456
f 469/469/469 451/451/451 455/455/455
f 470/470/470 467/467/467 469/469/469
f 468/468/468 470/470/470 469/469/469
f 473/473/473 472/472/472 471/471/471
f 472/472/472 474/474/474 471/471/471
f 475/475/475 473/473/473 471/471/471
f 476/476/476 473/473/473 475/475/475
f 474/474/474 477/477/477 471/471/471
f 474/474/474 478/478/478 477/477/477
f 479/479/479 476/476/476 475/475/475
f 480/480/480 476/476/476 479/479/479
f 478/478/478 481/481/481 477/477/477
f 478/478/478 482/482/482 481/481/481
f 483/483/483 480/480/480 479/479/479
f 484/484/484 480/480/480 483/483/483
f 485/485/485 484/484/484 483/483/483
f 486/486/486 484/484/484 485/485/485
f 487/487/487 483/483/483 479/479/479
f 483/483/483 487/487/487 485/485/485
f 488/488/488 479/479/479 475/475/475
f 488/488/488 487/487/487 479/479/479
f 489/489/489 486/486/486 485/485/485
f 490/490/490 486/486/486 489/489/489
f 482/482/482 491/491/491 481/481/481
f 482/482/482 492/492/492 491/491/491
f 492/492/492 493/493/493 491/491/491
f 492/492/492 494/494/494 493/493/493
f 494/494/494 490/490/490 495/495/495
f 494/494/494 495/495/495 493/493/493
f 491/491/491 496/496/496 481/481/481
f 496/496/496 491/491/491 493/493/493
f 497/497/497 488/488/488 475/475/475
f 475/475/475 471/471/471 497/497/497
f 485/485/485 498/498/498 489/489/489
f 487/487/487 498/498/498 485/485/485
f 499/499/499 490/490/490 489/489/489
f 490/490/490 499/499/499 495/495/495
f 500/500/500 493/493/493 495/495/495
f 500/500/500 496/496/496 493/493/493
f 496/496/496 501/501/501 481/481/481
f 481/481/481 501/501/501 477/477/477
f 471/471/471 477/477/477 502/502/502
f 501/501/501 502/502/502 477/477/477
f 498/498/498 503/503/503 489/489/489
f 499/499/499 489/489/489 503/503/503
f 495/495/495 499/499/499 504/504/504
f 504/504/504 500/500/500 495/495/495
f 505/505/505 471/471/471 502/502/502
f 471/471/471 505/505/505 497/497/497
f 506/506/506 505/505/505 502/502/502
f 505/505/505 506/506/506 497/497/497
f 507/507/507 506/506/506 502/502/502
f 507/507/507 502/502/502 501/501/501
f 506/506/506 508/508/508 497/497/497
f 509/509/509 507/507/507 501/501/501
f 497/497/497 508/508/508 488/488/488
f 509/509/509 501/501/501 496/496/496
f 508/508/508 510/510/510 488/488/488
f 511/511/511 509/509/509 496/496/496
f 511/511/511 496/496/496 500/500/500
f 488/488/488 510/510/510 487/487/487
f 512/512/512 511/511/511 500/500/500
f 510/510/510 513/513/513 487/487/487
f 487/487/487 513/513/513 498/498/498
f 513/513/513 514/514/514 498/498/498
f 512/512/512 500/500/500 504/504/504
f 498/498/498 514/514/514 503/503/503
f 515/515/515 512/512/512 504/504/504
f 514/514/514 516/516/516 503/503/503
f 515/515/515 504/504/504 517/517/517
f 503/503/503 516/516/516 517/517/517
f 499/499/499 517/517/517 504/504/504
f 517/517/517 499/499/499 503/503/503
f 518/518/518 515/515/515 517/517/517
f 516/516/516 518/518/518 517/517/517
f 521/521/521 520/520/520 519/519/519
f 520/520/520 521/521/521 522/522/522
f 523/523/523 521/521/521 519/519/519
f 524/524/524 521/521/521 523/523/523
f 521/521/521 524/524/524 522/522/522
f 525/525/525 524/524/524 523/523/523
f 522/522/522 524/524/524 525/525/525
f 526/526/526 522/522/522 525/525/525
f 519/519/519 527/527/527 526/526/526
f 527/527/527 522/522/522 526/526/526
f 530/530/530 529/529/529 528/528/528
f 531/531/531 530/530/530 528/528/528
f 530/530/530 532/532/532 529/529/529
f 531/531/531 528/528/528 533/533/533
f 534/534/534 531/531/531 533/533/533
f 534/534/534 533/533/533 535/535/535
f 536/536/536 534/534/534 535/535/535
f 537/537/537 535/535/535 533/533/533
f 536/536/536 535/535/535 537/537/537
f 537/537/537 533/533/533 528/528/528
f 538/538/538 536/536/536 537/537/537
f 538/538/538 537/537/537 539/539/539
f 539/539/539 537/537/537 528/528/528
f 540/540/540 538/538/538 539/539/539
f 540/540/540 539/539/539 541/541/541
f 528/528/528 541/541/541 539/539/539
f 542/542/542 540/540/540 541/541/541
f 542/542/542 541/541/541 543/543/543
f 544/544/544 542/542/542 543/543/543
f 544/544/544 543/543/543 545/545/545
f 546/546/546 544/544/544 545/545/545
f 546/546/546 545/545/545 547/547/547
f 548/548/548 546/546/546 547/547/547
f 549/549/549 547/547/547 545/545/545
f 548/548/548 547/547/547 549/549/549
f 545/545/545 543/543/543 549/549/549
f 550/550/550 548/548/548 549/549/549
f 550/550/550 549/549/549 551/551/551
f 543/543/543 551/551/551 549/549/549
f 532/532/532 550/550/550 551/551/551
f 532/532/532 551/551/551 529/529/529
f 543/543/543 529/529/529 551/551/551
f 528/528/528 552/552/552 541/541/541
f 552/552/552 553/553/553 541/541/541
f 541/541/541 553/553/553 543/543/543
f 554/554/554 552/552/552 528/528/528
f 529/529/529 554/554/554 528/528/528
f 553/553/553 555/555/555 543/543/543
f 555/555/555 554/554/554 529/529/529
f 543/543/543 555/555/555 529/529/529
f 558/558/558 557/557/557 556/556/556
f 557/557/557 559/559/559 556/556/556
f 557/557/557 560/560/560 559/559/559
f 558/558/558 556/556/556 561/561/561
f 561/561/561 556/556/556 562/562/562
f 563/563/563 558/558/558 561/561/561
f 563/563/563 561/561/561 564/564/564
f 565/565/565 563/563/563 564/564/564
f 566/566/566 564/564/564 561/561/561
f 562/562/562 566/566/566 561/561/561
f 565/565/565 564/564/564 567/567/567
f 566/566/566 567/567/567 564/564/564
f 568/568/568 565/565/565 567/567/567
f 568/568/568 567/567/567 566/566/566
f 569/569/569 568/568/568 566/566/566
f 569/569/569 566/566/566 562/562/562
f 570/570/570 569/569/569 562/562/562
f 560/560/560 571/571/571 559/559/559
f 560/560/560 572/572/572 571/571/571
f 570/570/570 562/562/562 573/573/573
f 574/574/574 570/570/570 573/573/573
f 572/572/572 575/575/575 571/571/571
f 572/572/572 576/576/576 575/575/575
f 576/576/576 577/577/577 575/575/575
f 571/571/571 575/575/575 577/577/577
f 576/576/576 578/578/578 577/577/577
f 578/578/578 574/574/574 579/579/579
f 578/578/578 579/579/579 577/577/577
f 577/577/577 579/579/579 571/571/571
f 579/579/579 559/559/559 571/571/571
f 574/574/574 573/573/573 579/579/579
f 579/579/579 573/573/573 559/559/559
f 562/562/562 580/580/580 573/573/573
f 580/580/580 581/581/581 573/573/573
f 573/573/573 581/581/581 559/559/559
f 582/582/582 580/580/580 562/562/562
f 581/581/581 583/583/583 559/559/559
f 556/556/556 582/582/582 562/562/562
f 559/559/559 583/583/583 556/556/556
f 583/583/583 582/582/582 556/556/556
f 586/586/586 585/585/585 584/584/584
f 587/587/587 586/586/586 584/584/584
f 588/588/588 586/586/586 587/587/587
f 584/584/584 585/585/585 589/589/589
f 585/585/585 590/590/590 589/589/589
f 589/589/589 590/590/590 591/591/591
f 590/590/590 592/592/592 591/591/591
f 589/589/589 591/591/591 593/593/593
f 591/591/591 592/592/592 593/593/593
f 584/584/584 589/589/589 593/593/593
f 592/592/592 594/594/594 593/593/593
f 593/593/593 594/594/594 595/595/595
f 584/584/584 593/593/593 595/595/595
f 594/594/594 596/596/596 595/595/595
f 595/595/595 596/596/596 597/597/597
f 595/595/595 597/597/597 584/584/584
f 596/596/596 598/598/598 597/597/597
f 597/597/597 598/598/598 599/599/599
f 598/598/598 600/600/600 599/599/599
f 599/599/599 600/600/600 601/601/601
f 600/600/600 602/602/602 601/601/601
f 601/601/601 602/602/602 603/603/603
f 602/602/602 604/604/604 603/603/603
f 601/601/601 603/603/603 605/605/605
f 603/603/603 604/604/604 605/605/605
f 605/605/605 599/599/599 601/601/601
f 604/604/604 606/606/606 605/605/605
f 605/605/605 606/606/606 607/607/607
f 605/605/605 607/607/607 599/599/599
f 606/606/606 588/588/588 607/607/607
f 607/607/607 588/588/588 587/587/587
f 607/607/607 587/587/587 599/599/599
f 608/608/608 584/584/584 597/597/597
f 609/609/609 608/608/608 597/597/597
f 609/609/609 597/597/597 599/599/599
f 608/608/608 610/610/610 584/584/584
f 610/610/610 587/587/587 584/584/584
f 611/611/611 609/609/609 599/599/599
f 611/611/611 599/599/599 587/587/587
f 610/610/610 611/611/611 587/587/587
f 614/614/614 613/613/613 612/612/612
f 615/615/615 614/614/614 612/612/612
f 616/616/616 614/614/614 615/615/615
f 612/612/612 613/613/613 617/617/617
f 618/618/618 612/612/612 617/617/617
f 613/613/613 619/619/619 617/617/617
f 617/617/617 619/619/619 620/620/620
f 619/619/619 621/621/621 620/620/620
f 617/617/617 620/620/620 622/622/622
f 617/617/617 622/622/622 618/618/618
f 620/620/620 621/621/621 623/623/623
f 620/620/620 623/623/623 622/622/622
f 621/621/621 624/624/624 623/623/623
f 623/623/623 624/624/624 622/622/622
f 624/624/624 625/625/625 622/622/622
f 622/622/622 625/625/625 618/618/618
f 625/625/625 626/626/626 618/618/618
f 627/627/627 616/616/616 615/615/615
f 628/628/628 616/616/616 627/627/627
f 618/618/618 626/626/626 629/629/629
f 626/626/626 630/630/630 629/629/629
f 631/631/631 628/628/628 627/627/627
f 632/632/632 628/628/628 631/631/631
f 633/633/633 632/632/632 631/631/631
f 633/633/633 631/631/631 627/627/627
f 634/634/634 632/632/632 633/633/633
f 630/630/630 634/634/634 635/635/635
f 635/635/635 634/634/634 633/633/633
f 627/627/627 635/635/635 633/633/633
f 627/627/627 615/615/615 635/635/635
f 629/629/629 630/630/630 635/635/635
f 615/615/615 629/629/629 635/635/635
f 636/636/636 618/618/618 629/629/629
f 637/637/637 636/636/636 629/629/629
f 637/637/637 629/629/629 615/615/615
f 636/636/636 638/638/638 618/618/618
f 639/639/639 637/637/637 615/615/615
f 638/638/638 612/612/612 618/618/618
f 639/639/639 615/615/615 612/612/612
f 638/638/638 639/639/639 612/612/612
f 642/642/642 641/641/641 640/640/640
f 640/640/640 641/641/641 643/643/643
f 641/641/641 642/642/642 644/644/644
f 641/641/641 644/644/644 643/643/643
f 645/645/645 642/642/642 640/640/640
f 646/646/646 640/640/640 643/643/643
f 647/647/647 640/640/640 646/646/646
f 648/648/648 645/645/645 640/640/640
f 647/647/647 648/648/648 640/640/640
f 649/649/649 646/646/646 643/643/643
f 649/649/649 647/647/647 646/646/646
f 650/650/650 649/649/649 643/643/643
f 647/647/647 649/649/649 650/650/650
f 644/644/644 651/651/651 643/643/643
f 651/651/651 652/652/652 643/643/643
f 652/652/652 650/650/650 643/643/643
f 653/653/653 652/652/652 651/651/651
f 652/652/652 653/653/653 650/650/650
f 644/644/644 653/653/653 651/651/651
f 654/654/654 647/647/647 650/650/650
f 653/653/653 654/654/654 650/650/650
f 654/654/654 655/655/655 647/647/647
f 655/655/655 654/654/654 653/653/653
f 655/655/655 648/648/648 647/647/647
f 655/655/655 656/656/656 648/648/648
f 657/657/657 655/655/655 653/653/653
f 657/657/657 653/653/653 644/644/644
f 656/656/656 655/655/655 657/657/657
f 648/648/648 658/658/658 645/645/645
f 656/656/656 658/658/658 648/648/648
f 658/658/658 659/659/659 645/645/645
f 658/658/658 656/656/656 659/659/659
f 645/645/645 659/659/659 642/642/642
f 660/660/660 657/657/657 644/644/644
f 642/642/642 660/660/660 644/644/644
f 659/659/659 661/661/661 642/642/642
f 656/656/656 661/661/661 659/659/659
f 661/661/661 662/662/662 642/642/642
f 662/662/662 660/660/660 642/642/642
f 661/661/661 656/656/656 662/662/662
f 663/663/663 657/657/657 660/660/660
f 662/662/662 663/663/663 660/660/660
f 656/656/656 663/663/663 662/662/662
f 663/663/663 656/656/656 657/657/657
f 666/666/666 665/665/665 664/664/664
f 667/667/667 664/664/664 665/665/665
f 668/668/668 665/665/665 666/666/666
f 668/668/668 667/667/667 665/665/665
f 669/669/669 666/666/666 664/664/664
f 670/670/670 668/668/668 666/666/666
f 670/670/670 666/666/666 669/669/669
f 671/671/671 667/667/667 668/668/668
f 672/672/672 668/668/668 670/670/670
f 672/672/672 671/671/671 668/668/668
f 673/673/673 672/672/672 670/670/670
f 672/672/672 673/673/673 671/671/671
f 673/673/673 670/670/670 674/674/674
f 674/674/674 670/670/670 669/669/669
f 673/673/673 675/675/675 671/671/671
f 675/675/675 673/673/673 674/674/674
f 671/671/671 676/676/676 667/667/667
f 671/671/671 675/675/675 676/676/676
f 667/667/667 677/677/677 664/664/664
f 676/676/676 677/677/677 667/667/667
f 669/669/669 664/664/664 678/678/678
f 677/677/677 678/678/678 664/664/664
f 674/674/674 669/669/669 679/679/679
f 679/679/679 669/669/669 678/678/678
f 675/675/675 674/674/674 680/680/680
f 680/680/680 674/674/674 679/679/679
f 675/675/675 681/681/681 676/676/676
f 681/681/681 675/675/675 680/680/680
f 676/676/676 682/682/682 677/677/677
f 677/677/677 683/683/683 678/678/678
f 682/682/682 683/683/683 677/677/677
f 679/679/679 678/678/678 684/684/684
f 683/683/683 684/684/684 678/678/678
f 680/680/680 679/679/679 685/685/685
f 685/685/685 679/679/679 684/684/684
f 681/681/681 680/680/680 686/686/686
f 686/686/686 680/680/680 685/685/685
f 676/676/676 681/681/681 687/687/687
f 687/687/687 682/682/682 676/676/676
f 687/687/687 681/681/681 686/686/686
f 682/682/682 688/688/688 683/683/683
f 683/683/683 689/689/689 684/684/684
f 688/688/688 689/689/689 683/683/683
f 690/690/690 688/688/688 682/682/682
f 687/687/687 690/690/690 682/682/682
f 688/688/688 690/690/690 689/689/689
f 690/690/690 687/687/687 691/691/691
f 687/687/687 686/686/686 691/691/691
f 690/690/690 691/691/691 689/689/689
f 689/689/689 692/692/692 684/684/684
f 685/685/685 684/684/684 692/692/692
f 689/689/689 691/691/691 692/692/692
f 686/686/686 685/685/685 693/693/693
f 693/693/693 685/685/685 692/692/692
f 691/691/691 693/693/693 692/692/692
f 691/691/691 686/686/686 693/693/693
f 696/696/696 695/695/695 694/694/694
f 697/697/697 694/694/694 695/695/695
f 698/698/698 695/695/695 696/696/696
f 698/698/698 697/697/697 695/695/695
f 699/699/699 696/696/696 694/694/694
f 700/700/700 698/698/698 696/696/696
f 700/700/700 696/696/696 699/699/699
f 701/701/701 697/697/697 698/698/698
f 702/702/702 698/698/698 700/700/700
f 702/702/702 701/701/701 698/698/698
f 703/703/703 702/702/702 700/700/700
f 702/702/702 703/703/703 701/701/701
f 703/703/703 700/700/700 704/704/704
f 704/704/704 700/700/700 699/699/699
f 703/703/703 705/705/705 701/701/701
f 705/705/705 703/703/703 704/704/704
f 701/701/701 706/706/706 697/697/697
f 701/701/701 705/705/705 706/706/706
f 697/697/697 707/707/707 694/694/694
f 706/706/706 707/707/707 697/697/697
f 699/699/699 694/694/694 708/708/708
f 707/707/707 708/708/708 694/694/694
f 704/704/704 699/699/699 709/709/709
f 709/709/709 699/699/699 708/708/708
f 705/705/705 704/704/704 710/710/710
f 710/710/710 704/704/704 709/709/709
f 705/705/705 711/711/711 706/706/706
f 711/711/711 705/705/705 710/710/710
f 706/706/706 712/712/712 707/707/707
f 707/707/707 713/713/713 708/708/708
f 712/712/712 713/713/713 707/707/707
f 709/709/709 708/708/708 714/714/714
f 713/713/713 714/714/714 708/708/708
f 710/710/710 709/709/709 715/715/715
f 715/715/715 709/709/709 714/714/714
f 711/711/711 710/710/710 716/716/716
f 716/716/716 710/710/710 715/715/715
f 706/706/706 711/711/711 717/717/717
f 717/717/717 712/712/712 706/706/706
f 717/717/717 711/711/711 716/716/716
f 712/712/712 718/718/718 713/713/713
f 713/713/713 719/719/719 714/714/714
f 718/718/718 719/719/719 713/713/713
f 720/720/720 718/718/718 712/712/712
f 712/712/712 717/717/717 720/720/720
f 718/718/718 720/720/720 719/719/719
f 720/720/720 717/717/717 721/721/721
f 717/717/717 716/716/716 721/721/721
f 720/720/720 721/721/721 719/719/719
f 719/719/719 722/722/722 714/714/714
f 715/715/715 714/714/714 722/722/722
f 719/719/719 721/721/721 722/722/722
f 716/716/716 715/715/715 723/723/723
f 723/723/723 715/715/715 722/722/722
f 721/721/721 723/723/723 722/722/722
f 721/721/721 716/716/716 723/723/723
f 726/726/726 725/725/725 724/724/724
f 724/724/724 727/727/727 726/726/726
f 726/726/726 728/728/728 725/725/725
f 727/727/727 728/728/728 726/726/726
f 725/725/725 729/729/729 724/724/724
f 728/728/728 730/730/730 725/725/725
f 725/725/725 730/730/730 729/729/729
f 727/727/727 731/731/731 728/728/728
f 728/728/728 732/732/732 730/730/730
f 731/731/731 732/732/732 728/728/728
f 732/732/732 733/733/733 730/730/730
f 733/733/733 732/732/732 731/731/731
f 730/730/730 733/733/733 734/734/734
f 730/730/730 734/734/734 729/729/729
f 735/735/735 733/733/733 731/731/731
f 733/733/733 735/735/735 734/734/734
f 736/736/736 731/731/731 727/727/727
f 735/735/735 731/731/731 736/736/736
f 737/737/737 727/727/727 724/724/724
f 737/737/737 736/736/736 727/727/727
f 724/724/724 729/729/729 738/738/738
f 738/738/738 737/737/737 724/724/724
f 729/729/729 734/734/734 739/739/739
f 729/729/729 739/739/739 738/738/738
f 734/734/734 735/735/735 740/740/740
f 734/734/734 740/740/740 739/739/739
f 741/741/741 735/735/735 736/736/736
f 735/735/735 741/741/741 740/740/740
f 742/742/742 736/736/736 737/737/737
f 743/743/743 737/737/737 738/738/738
f 743/743/743 742/742/742 737/737/737
f 738/738/738 739/739/739 744/744/744
f 744/744/744 743/743/743 738/738/738
f 739/739/739 740/740/740 745/745/745
f 739/739/739 745/745/745 744/744/744
f 740/740/740 741/741/741 746/746/746
f 740/740/740 746/746/746 745/745/745
f 747/747/747 741/741/741 736/736/736
f 736/736/736 742/742/742 747/747/747
f 741/741/741 747/747/747 746/746/746
f 748/748/748 742/742/742 743/743/743
f 749/749/749 743/743/743 744/744/744
f 749/749/749 748/748/748 743/743/743
f 742/742/742 748/748/748 750/750/750
f 742/742/742 750/750/750 747/747/747
f 750/750/750 748/748/748 749/749/749
f 747/747/747 750/750/750 751/751/751
f 746/746/746 747/747/747 751/751/751
f 751/751/751 750/750/750 749/749/749
f 752/752/752 749/749/749 744/744/744
f 744/744/744 745/745/745 752/752/752
f 751/751/751 749/749/749 752/752/752
f 746/746/746 751/751/751 753/753/753
f 745/745/745 746/746/746 753/753/753
f 745/745/745 753/753/753 752/752/752
f 753/753/753 751/751/751 752/752/752
f 756/756/756 755/755/755 754/754/754
f 754/754/754 757/757/757 756/756/756
f 756/756/756 758/758/758 755/755/755
f 757/757/757 758/758/758 756/756/756
f 755/755/755 759/759/759 754/754/754
f 758/758/758 760/760/760 755/755/755
f 755/755/755 760/760/760 759/759/759
f 757/757/757 761/761/761 758/758/758
f 758/758/758 762/762/762 760/760/760
f 761/761/761 762/762/762 758/758/758
f 762/762/762 763/763/763 760/760/760
f 763/763/763 762/762/762 761/761/761
f 760/760/760 763/763/763 764/764/764
f 760/760/760 764/764/764 759/759/759
f 765/765/765 763/763/763 761/761/761
f 763/763/763 765/765/765 764/764/764
f 766/766/766 761/761/761 757/757/757
f 765/765/765 761/761/761 766/766/766
f 767/767/767 757/757/757 754/754/754
f 767/767/767 766/766/766 757/757/757
f 754/754/754 759/759/759 768/768/768
f 768/768/768 767/767/767 754/754/754
f 759/759/759 764/764/764 769/769/769
f 759/759/759 769/769/769 768/768/768
f 764/764/764 765/765/765 770/770/770
f 764/764/764 770/770/770 769/769/769
f 771/771/771 765/765/765 766/766/766
f 765/765/765 771/771/771 770/770/770
f 772/772/772 766/766/766 767/767/767
f 773/773/773 767/767/767 768/768/768
f 773/773/773 772/772/772 767/767/767
f 768/768/768 769/769/769 774/774/774
f 774/774/774 773/773/773 768/768/768
f 769/769/769 770/770/770 775/775/775
f 769/769/769 775/775/775 774/774/774
f 770/770/770 771/771/771 776/776/776
f 770/770/770 776/776/776 775/775/775
f 777/777/777 771/771/771 766/766/766
f 766/766/766 772/772/772 777/777/777
f 771/771/771 777/777/777 776/776/776
f 778/778/778 772/772/772 773/773/773
f 779/779/779 773/773/773 774/774/774
f 779/779/779 778/778/778 773/773/773
f 772/772/772 778/778/778 780/780/780
f 780/780/780 777/777/777 772/772/772
f 780/780/780 778/778/778 779/779/779
f 777/777/777 780/780/780 781/781/781
f 776/776/776 777/777/777 781/781/781
f 781/781/781 780/780/780 779/779/779
f 782/782/782 779/779/779 774/774/774
f 774/774/774 775/775/775 782/782/782
f 781/781/781 779/779/779 782/782/782
f 776/776/776 781/781/781 783/783/783
f 775/775/775 776/776/776 783/783/783
f 775/775/775 783/783/783 782/782/782
f 783/783/783 781/781/781 782/782/782
